# Blender 5.1.2
# www.blender.org
mtllib WE6_middle_bogie_LOD1.mtl
o JacobsBogieLOD1Export
g WE6_middle_bogie_LOD1
v 1.199999 0.897571 -1.182404
v 1.199999 0.897571 -1.992405
v 1.199999 0.897571 -0.932405
v 0.850000 0.897571 1.992408
v -0.850002 0.897571 -2.175686
v 1.199997 0.897571 1.992408
v 1.199997 0.897571 0.932407
v 0.850000 0.897571 0.932407
v 0.850000 0.897571 -2.175687
v 1.199997 0.897571 1.742408
v 1.199997 0.897571 1.182408
v 0.850000 0.897571 1.742408
v 0.850000 0.897571 1.182408
v 1.117998 0.897571 2.002310
v 1.087999 0.897571 2.002310
v 0.962000 0.897571 2.002310
v 0.931999 0.897571 2.002310
v 1.117998 0.897571 2.155643
v 1.087999 0.897571 2.155643
v 0.962000 0.897571 2.155647
v 0.931999 0.897571 2.155643
v 0.870000 0.897571 1.992408
v 1.179999 0.897571 1.992408
v 1.179999 0.897571 0.932407
v 0.870000 0.897571 0.932407
v 1.179999 0.897571 0.942407
v 0.870000 0.897571 0.942407
v 0.870000 0.897571 1.982408
v 1.179999 0.897571 1.982408
v -0.850004 0.897571 0.932406
v -1.200002 0.897571 0.932406
v -1.200002 0.897571 1.992406
v -0.850004 0.897571 1.992406
v -1.200002 0.897571 1.182405
v -1.200002 0.897571 1.742405
v -0.850004 0.897571 1.182405
v -0.850004 0.897571 1.742406
v -1.118002 0.897571 2.155634
v -1.088003 0.897571 2.155635
v -0.962004 0.897571 2.155635
v -0.932003 0.897571 2.155634
v -1.118002 0.897571 2.002301
v -1.088003 0.897571 2.002301
v -0.962004 0.897571 2.002297
v -0.932003 0.897571 2.002301
v -0.870004 0.897571 0.932406
v -1.180003 0.897571 0.932406
v -1.180003 0.897571 1.992406
v -0.870004 0.897571 1.992406
v -1.180003 0.897571 1.982406
v -0.870004 0.897571 1.982406
v -0.870004 0.897571 0.942406
v -1.180003 0.897571 0.942406
v -1.200000 0.897571 -1.182407
v -1.200000 0.897571 -1.742407
v 0.850000 1.225000 2.175683
v -0.850002 1.225000 2.175684
v 0.850000 1.225000 -2.175686
v -0.850002 1.225000 -2.175686
v 0.850000 1.225001 -0.074990
v -0.850002 0.279690 0.074988
v -0.850002 0.279690 -0.074992
v 0.850000 0.279690 0.074988
v 0.850000 0.279690 -0.074992
v 0.700000 0.149690 0.074988
v 0.700000 0.149690 -0.074992
v 0.700000 0.299690 0.074988
v 0.700000 0.299690 -0.074992
v -0.700002 0.299690 -0.074992
v -0.700002 0.149690 -0.074992
v -0.700002 0.149690 0.074988
v -0.700002 0.299690 0.074988
v -0.700002 0.897571 0.074988
v -0.700002 0.897571 -0.074992
v 0.700000 0.897571 0.074988
v 0.700000 0.897571 -0.074992
v -0.075001 0.299690 -0.074996
v 0.074999 0.299690 -0.074996
v -0.075001 0.299690 0.074984
v 0.074999 0.299690 0.074984
v -0.075001 0.897571 0.074984
v 0.074999 0.897571 0.074984
v -0.075001 0.897571 -0.074996
v 0.074999 0.897571 -0.074996
v 0.224999 0.299690 -0.074996
v 0.224999 0.299690 0.074984
v 0.549999 0.897571 0.074984
v 0.549999 0.897571 -0.074996
v -0.225001 0.299690 -0.074994
v -0.225001 0.299690 0.074986
v -0.550001 0.897571 0.074986
v -0.550001 0.897571 -0.074994
v 0.541632 0.299690 -0.274309
v 0.541632 0.299690 0.274314
v -0.541634 0.299690 -0.274309
v -0.541634 0.299690 0.274314
v -0.700002 0.149690 -0.115685
v 0.700000 0.149690 -0.115685
v 0.700000 0.149690 0.114313
v -0.700002 0.149690 0.114313
v 0.541632 0.269690 -0.274309
v -0.541634 0.269690 -0.274309
v 0.541632 0.269690 0.274314
v -0.541634 0.269690 0.274314
v -0.700002 0.269690 -0.115685
v 0.700000 0.269690 0.114313
v 0.700000 0.269690 -0.115685
v -0.700002 0.269690 0.114313
v -0.850002 0.897571 -0.074992
v -0.850002 0.897571 0.074988
v 0.850000 0.897571 0.074988
v 0.850000 0.897571 -0.074992
v -0.700002 0.299690 -0.115686
v -0.700002 0.299690 0.114314
v 0.700000 0.299690 -0.115686
v 0.700000 0.299690 0.114314
v -0.850003 0.897571 2.175683
v 0.850000 0.897571 2.175684
v 1.199997 0.897571 2.195930
v 0.870245 0.897571 2.525682
v 1.188761 0.897571 2.281276
v 1.155819 0.897571 2.360806
v 1.103415 0.897571 2.429100
v 1.035121 0.897571 2.481503
v 0.955591 0.897571 2.514446
v 0.870245 1.225000 2.525682
v 1.199997 1.225000 2.195930
v 0.955591 1.225000 2.514446
v 1.035121 1.225000 2.481503
v 1.103415 1.225000 2.429100
v 1.155819 1.225000 2.360806
v 1.188761 1.225000 2.281276
v 0.869055 0.917571 2.525682
v 1.199997 0.917571 2.194739
v 0.954709 0.917571 2.514405
v 1.034526 0.917571 2.481344
v 1.103066 0.917571 2.428751
v 1.155659 0.917571 2.360211
v 1.188721 0.917571 2.280394
v 1.199997 1.205000 2.194739
v 0.869055 1.205000 2.525682
v 1.188721 1.205000 2.280394
v 1.155659 1.205000 2.360211
v 1.103066 1.205000 2.428751
v 1.034526 1.205000 2.481344
v 0.954709 1.205000 2.514405
v 1.189997 0.917571 2.183617
v 0.857932 0.917571 2.515682
v 1.178683 0.917571 2.269562
v 1.145509 0.917571 2.349649
v 1.092738 0.917571 2.418422
v 1.023965 0.917571 2.471194
v 0.943877 0.917571 2.504367
v 1.189997 1.205000 2.183617
v 0.857932 1.205000 2.515682
v 1.178683 1.205000 2.269562
v 1.145509 1.205000 2.349649
v 1.092738 1.205000 2.418422
v 1.023965 1.205000 2.471194
v 0.943877 1.205000 2.504367
v -1.200001 1.225000 2.195930
v -0.870249 1.225000 2.525682
v -1.188765 1.225000 2.281276
v -1.155823 1.225000 2.360806
v -1.103419 1.225000 2.429100
v -1.035125 1.225000 2.481503
v -0.955595 1.225000 2.514446
v -0.870249 1.225000 -2.525686
v -1.200001 1.225000 -2.195933
v -0.955595 1.225000 -2.514450
v -1.035125 1.225000 -2.481507
v -1.103419 1.225000 -2.429104
v -1.155823 1.225000 -2.360810
v -1.188765 1.225000 -2.281280
v 1.199997 1.225000 -2.195933
v 0.870245 1.225000 -2.525686
v 1.188761 1.225000 -2.281280
v 1.155819 1.225000 -2.360810
v 1.103415 1.225000 -2.429104
v 1.035121 1.225000 -2.481507
v 0.955591 1.225000 -2.514450
v 0.870245 0.897571 -2.525686
v 1.199997 0.897571 -2.195933
v 0.955591 0.897571 -2.514450
v 1.035121 0.897571 -2.481507
v 1.103415 0.897571 -2.429104
v 1.155819 0.897571 -2.360810
v 1.188761 0.897571 -2.281280
v -1.200001 0.897571 -2.195933
v -0.870249 0.897571 -2.525686
v -1.188765 0.897571 -2.281280
v -1.155823 0.897571 -2.360810
v -1.103419 0.897571 -2.429104
v -1.035125 0.897571 -2.481507
v -0.955595 0.897571 -2.514450
v -0.870249 0.897571 2.525682
v -1.200001 0.897571 2.195930
v -0.955595 0.897571 2.514446
v -1.035125 0.897571 2.481503
v -1.103419 0.897571 2.429100
v -1.155823 0.897571 2.360806
v -1.188765 0.897571 2.281276
v -1.200001 0.917571 2.194739
v -0.869059 0.917571 2.525682
v -1.188725 0.917571 2.280394
v -1.155663 0.917571 2.360211
v -1.103070 0.917571 2.428751
v -1.034530 0.917571 2.481344
v -0.954713 0.917571 2.514405
v -1.200001 1.205000 2.194739
v -0.869059 1.205000 2.525682
v -1.188725 1.205000 2.280394
v -1.155663 1.205000 2.360211
v -1.103070 1.205000 2.428751
v -1.034530 1.205000 2.481344
v -0.954713 1.205000 2.514405
v -0.869059 0.917571 -2.525691
v -1.200001 0.917571 -2.194743
v -0.954713 0.917571 -2.514409
v -1.034530 0.917571 -2.481348
v -1.103070 0.917571 -2.428755
v -1.155663 0.917571 -2.360214
v -1.188725 0.917571 -2.280397
v -0.869059 1.205000 -2.525686
v -1.200001 1.205000 -2.194743
v -0.954713 1.205000 -2.514409
v -1.034530 1.205000 -2.481348
v -1.103070 1.205000 -2.428755
v -1.155663 1.205000 -2.360214
v -1.188725 1.205000 -2.280397
v 1.199997 0.917571 -2.194743
v 0.869055 0.917571 -2.525686
v 1.188721 0.917571 -2.280397
v 1.155659 0.917571 -2.360214
v 1.103066 0.917571 -2.428755
v 1.034526 0.917571 -2.481348
v 0.954709 0.917571 -2.514409
v 0.869055 1.205000 -2.525686
v 1.199997 1.205000 -2.194743
v 0.954709 1.205000 -2.514409
v 1.034526 1.205000 -2.481348
v 1.103066 1.205000 -2.428755
v 1.155659 1.205000 -2.360214
v 1.188721 1.205000 -2.280397
v -0.857936 0.917571 2.515682
v -1.190001 0.917571 2.183617
v -0.943881 0.917571 2.504367
v -1.023969 0.917571 2.471194
v -1.092741 0.917571 2.418422
v -1.145513 0.917571 2.349649
v -1.178686 0.917571 2.269562
v -0.857936 1.205000 2.515682
v -1.190001 1.205000 2.183617
v -0.943881 1.205000 2.504367
v -1.023969 1.205000 2.471194
v -1.092741 1.205000 2.418422
v -1.145513 1.205000 2.349649
v -1.178686 1.205000 2.269562
v -1.190001 0.917571 -2.183620
v -0.857936 0.917571 -2.515686
v -1.178686 0.917571 -2.269566
v -1.145513 0.917571 -2.349653
v -1.092741 0.917571 -2.418426
v -1.023969 0.917571 -2.471198
v -0.943881 0.917571 -2.504371
v -1.190001 1.205000 -2.183620
v -0.857936 1.205000 -2.515686
v -1.178686 1.205000 -2.269566
v -1.145513 1.205000 -2.349653
v -1.092741 1.205000 -2.418426
v -1.023969 1.205000 -2.471198
v -0.943881 1.205000 -2.504371
v 0.857932 0.917571 -2.515686
v 1.189997 0.917571 -2.183620
v 0.943877 0.917571 -2.504371
v 1.023965 0.917571 -2.471198
v 1.092738 0.917571 -2.418426
v 1.145509 0.917571 -2.349653
v 1.178683 0.917571 -2.269566
v 1.189997 1.205000 -2.183620
v 0.857932 1.205000 -2.515686
v 1.178683 1.205000 -2.269566
v 1.145509 1.205000 -2.349653
v 1.092738 1.205000 -2.418426
v 1.023965 1.205000 -2.471198
v 0.943877 1.205000 -2.504371
v 0.710558 0.897572 2.175683
v 0.789019 0.897572 2.175683
v 0.789019 0.897572 2.187053
v -0.710560 0.897572 -2.187053
v -0.789021 0.897572 -2.175683
v -0.710560 0.897572 -2.175683
v 0.744841 0.897572 2.187054
v 0.754735 0.897572 2.187054
v 0.744841 0.897572 2.287054
v 0.754735 0.897572 2.287054
v -0.789065 0.897572 2.175683
v -0.710604 0.897572 2.175683
v -0.754782 0.897572 2.187054
v -0.744888 0.897572 2.187054
v -0.754782 0.897572 2.287054
v -0.744888 0.897572 2.287054
v -0.850002 0.897571 -1.992406
v -1.200000 0.897571 -1.992406
v -1.200000 0.897571 -0.932406
v -0.850002 0.897571 -0.932407
v -0.850002 0.897571 -1.742407
v -0.850002 0.897571 -1.182407
v -1.118000 0.897571 -2.002309
v -1.088001 0.897571 -2.002309
v -0.962002 0.897571 -2.002309
v -0.932002 0.897571 -2.002309
v -1.118000 0.897571 -2.155642
v -1.088001 0.897571 -2.155643
v -0.962002 0.897571 -2.155646
v -0.932002 0.897571 -2.155642
v -0.870002 0.897571 -1.992406
v -1.180001 0.897571 -1.992406
v -1.180001 0.897571 -0.932406
v -0.870002 0.897571 -0.932406
v -1.180001 0.897571 -0.942406
v -0.870002 0.897571 -0.942406
v -0.870002 0.897571 -1.982406
v -1.180001 0.897571 -1.982406
v 0.850001 0.897571 -0.932405
v 1.199999 0.897571 -1.742404
v 0.850001 0.897571 -1.992405
v 0.850001 0.897571 -1.182404
v 0.850001 0.897571 -1.742405
v 1.117999 0.897571 -2.155633
v 1.088000 0.897571 -2.155634
v 0.962001 0.897571 -2.155634
v 0.932001 0.897571 -2.155633
v 1.117999 0.897571 -2.002300
v 1.088001 0.897571 -2.002300
v 0.962001 0.897571 -2.002296
v 0.932001 0.897571 -2.002300
v 0.870001 0.897571 -0.932405
v 1.180001 0.897571 -0.932405
v 1.180000 0.897571 -1.992405
v 0.870001 0.897571 -1.992405
v 1.180000 0.897571 -1.982405
v 0.870001 0.897571 -1.982405
v 0.870001 0.897571 -0.942405
v 1.180001 0.897571 -0.942405
v -0.789021 0.897572 -2.187053
v -0.710603 0.897572 2.187054
v -0.789065 0.897572 2.187054
v 0.710558 0.897572 2.187054
v -0.744843 0.897572 -2.187053
v -0.754737 0.897572 -2.187053
v -0.744843 0.897572 -2.287053
v -0.754737 0.897572 -2.287053
v 0.789062 0.897572 -2.175683
v 0.710602 0.897572 -2.175683
v 0.789062 0.897572 -2.187053
v 0.710601 0.897572 -2.187053
v 0.754779 0.897572 -2.187053
v 0.744885 0.897572 -2.187053
v 0.754779 0.897572 -2.287053
v 0.744885 0.897572 -2.287053
v -0.850002 1.225001 0.074989
v 0.850000 1.225001 0.074989
v -0.850002 1.225001 -0.074990
v 1.179999 0.770001 -1.692405
v 1.179999 0.350000 -1.692405
v 0.870001 0.350000 -1.232405
v 0.870001 0.770001 -1.232405
v 0.870001 0.770001 -1.692405
v 0.870001 0.350000 -1.692405
v 1.179999 0.350000 -1.232405
v 1.179999 0.770001 -1.232405
v 1.229999 0.770001 -1.692405
v 1.229999 0.350000 -1.692405
v 1.229999 0.350000 -1.232405
v 1.229999 0.770001 -1.232405
v 0.820001 0.350000 -1.232405
v 0.820001 0.770001 -1.232405
v 0.820001 0.770001 -1.692405
v 0.820001 0.350000 -1.692405
v 1.229999 0.396667 -1.232405
v 1.229999 0.723334 -1.232405
v 1.179999 0.396667 -1.232405
v 1.179999 0.723334 -1.232405
v 1.229999 0.436667 -1.192405
v 1.229999 0.683334 -1.192405
v 1.179999 0.436667 -1.192405
v 1.179999 0.683334 -1.192405
v 1.179999 0.723334 -1.692405
v 1.179999 0.396667 -1.692405
v 1.229999 0.723334 -1.692405
v 1.229999 0.396667 -1.692405
v 1.179999 0.683334 -1.732405
v 1.179999 0.436667 -1.732405
v 1.229999 0.683334 -1.732405
v 1.229999 0.436667 -1.732405
v 0.870001 0.723334 -1.692405
v 0.870001 0.396667 -1.692405
v 0.870001 0.396667 -1.232405
v 0.870001 0.723334 -1.232405
v 0.820001 0.396667 -1.232405
v 0.820001 0.723334 -1.232405
v 0.820001 0.723334 -1.692405
v 0.820001 0.396667 -1.692405
v 0.870001 0.436667 -1.192405
v 0.870001 0.683334 -1.192405
v 0.820001 0.436667 -1.192405
v 0.820001 0.683334 -1.192405
v 0.870001 0.683334 -1.732405
v 0.870001 0.436667 -1.732405
v 0.820001 0.683334 -1.732405
v 0.820001 0.436667 -1.732405
v 1.117999 0.350000 -1.539072
v 1.088000 0.350000 -1.539072
v 0.962001 0.350000 -1.539072
v 0.932001 0.350000 -1.539072
v 1.117999 0.350000 -1.385738
v 1.088001 0.350000 -1.385738
v 0.962001 0.350000 -1.385734
v 0.932001 0.350000 -1.385738
v 1.230000 0.560000 -1.662405
v 1.230000 0.520982 -1.658562
v 1.230000 0.483463 -1.647181
v 1.230000 0.448886 -1.628699
v 1.230000 0.418579 -1.603826
v 1.230000 0.393706 -1.573519
v 1.230000 0.375224 -1.538941
v 1.230000 0.363843 -1.501423
v 1.230000 0.360000 -1.462405
v 1.230000 0.363843 -1.423387
v 1.230000 0.375224 -1.385868
v 1.230000 0.393706 -1.351291
v 1.230000 0.418579 -1.320983
v 1.230000 0.448886 -1.296111
v 1.230000 0.483463 -1.277629
v 1.230000 0.520982 -1.266248
v 1.230000 0.560000 -1.262405
v 1.230000 0.599018 -1.266248
v 1.230000 0.636537 -1.277629
v 1.230000 0.671114 -1.296111
v 1.230000 0.701421 -1.320983
v 1.230000 0.726294 -1.351291
v 1.230000 0.744776 -1.385868
v 1.230000 0.756157 -1.423387
v 1.230000 0.760000 -1.462405
v 1.230000 0.756157 -1.501423
v 1.230000 0.744776 -1.538941
v 1.230000 0.726294 -1.573519
v 1.230000 0.701421 -1.603826
v 1.230000 0.671114 -1.628699
v 1.230000 0.636537 -1.647181
v 1.230000 0.599018 -1.658562
v -1.179999 0.770001 -1.692405
v -1.179999 0.350000 -1.692405
v -0.870001 0.350000 -1.232405
v -0.870001 0.770001 -1.232405
v -0.870001 0.770001 -1.692405
v -0.870001 0.350000 -1.692405
v -1.179999 0.350000 -1.232405
v -1.179999 0.770001 -1.232405
v -1.229999 0.770001 -1.692405
v -1.229999 0.350000 -1.692405
v -1.229999 0.350000 -1.232405
v -1.229999 0.770001 -1.232405
v -0.820001 0.350000 -1.232405
v -0.820001 0.770001 -1.232405
v -0.820001 0.770001 -1.692405
v -0.820001 0.350000 -1.692405
v -1.229999 0.396667 -1.232405
v -1.229999 0.723334 -1.232405
v -1.179999 0.396667 -1.232405
v -1.179999 0.723334 -1.232405
v -1.229999 0.436667 -1.192405
v -1.229999 0.683334 -1.192405
v -1.179999 0.436667 -1.192405
v -1.179999 0.683334 -1.192405
v -1.179999 0.723334 -1.692405
v -1.179999 0.396667 -1.692405
v -1.229999 0.723334 -1.692405
v -1.229999 0.396667 -1.692405
v -1.179999 0.683334 -1.732405
v -1.179999 0.436667 -1.732405
v -1.229999 0.683334 -1.732405
v -1.229999 0.436667 -1.732405
v -0.870001 0.723334 -1.692405
v -0.870001 0.396667 -1.692405
v -0.870001 0.396667 -1.232405
v -0.870001 0.723334 -1.232405
v -0.820001 0.396667 -1.232405
v -0.820001 0.723334 -1.232405
v -0.820001 0.723334 -1.692405
v -0.820001 0.396667 -1.692405
v -0.870001 0.436667 -1.192405
v -0.870001 0.683334 -1.192405
v -0.820001 0.436667 -1.192405
v -0.820001 0.683334 -1.192405
v -0.870001 0.683334 -1.732405
v -0.870001 0.436667 -1.732405
v -0.820001 0.683334 -1.732405
v -0.820001 0.436667 -1.732405
v -1.117999 0.350000 -1.539072
v -1.088000 0.350000 -1.539072
v -0.962001 0.350000 -1.539072
v -0.932001 0.350000 -1.539072
v -1.117999 0.350000 -1.385738
v -1.088001 0.350000 -1.385738
v -0.962001 0.350000 -1.385734
v -0.932001 0.350000 -1.385738
v -1.230000 0.560000 -1.662405
v -1.230000 0.520982 -1.658562
v -1.230000 0.483463 -1.647181
v -1.230000 0.448886 -1.628699
v -1.230000 0.418579 -1.603826
v -1.230000 0.393706 -1.573519
v -1.230000 0.375224 -1.538941
v -1.230000 0.363843 -1.501423
v -1.230000 0.360000 -1.462405
v -1.230000 0.363843 -1.423387
v -1.230000 0.375224 -1.385868
v -1.230000 0.393706 -1.351291
v -1.230000 0.418579 -1.320983
v -1.230000 0.448886 -1.296111
v -1.230000 0.483463 -1.277629
v -1.230000 0.520982 -1.266248
v -1.230000 0.560000 -1.262405
v -1.230000 0.599018 -1.266248
v -1.230000 0.636537 -1.277629
v -1.230000 0.671114 -1.296111
v -1.230000 0.701421 -1.320983
v -1.230000 0.726294 -1.351291
v -1.230000 0.744776 -1.385868
v -1.230000 0.756157 -1.423387
v -1.230000 0.760000 -1.462405
v -1.230000 0.756157 -1.501423
v -1.230000 0.744776 -1.538941
v -1.230000 0.726294 -1.573519
v -1.230000 0.701421 -1.603826
v -1.230000 0.671114 -1.628699
v -1.230000 0.636537 -1.647181
v -1.230000 0.599018 -1.658562
v 1.179999 0.770001 1.692405
v 1.179999 0.350000 1.692405
v 0.870001 0.350000 1.232405
v 0.870001 0.770001 1.232405
v 0.870001 0.770001 1.692405
v 0.870001 0.350000 1.692405
v 1.179999 0.350000 1.232405
v 1.179999 0.770001 1.232405
v 1.229999 0.770001 1.692405
v 1.229999 0.350000 1.692405
v 1.229999 0.350000 1.232405
v 1.229999 0.770001 1.232405
v 0.820001 0.350000 1.232405
v 0.820001 0.770001 1.232405
v 0.820001 0.770001 1.692405
v 0.820001 0.350000 1.692405
v 1.229999 0.396667 1.232405
v 1.229999 0.723334 1.232405
v 1.179999 0.396667 1.232405
v 1.179999 0.723334 1.232405
v 1.229999 0.436667 1.192405
v 1.229999 0.683334 1.192405
v 1.179999 0.436667 1.192405
v 1.179999 0.683334 1.192405
v 1.179999 0.723334 1.692405
v 1.179999 0.396667 1.692405
v 1.229999 0.723334 1.692405
v 1.229999 0.396667 1.692405
v 1.179999 0.683334 1.732405
v 1.179999 0.436667 1.732405
v 1.229999 0.683334 1.732405
v 1.229999 0.436667 1.732405
v 0.870001 0.723334 1.692405
v 0.870001 0.396667 1.692405
v 0.870001 0.396667 1.232405
v 0.870001 0.723334 1.232405
v 0.820001 0.396667 1.232405
v 0.820001 0.723334 1.232405
v 0.820001 0.723334 1.692405
v 0.820001 0.396667 1.692405
v 0.870001 0.436667 1.192405
v 0.870001 0.683334 1.192405
v 0.820001 0.436667 1.192405
v 0.820001 0.683334 1.192405
v 0.870001 0.683334 1.732405
v 0.870001 0.436667 1.732405
v 0.820001 0.683334 1.732405
v 0.820001 0.436667 1.732405
v 1.117999 0.350000 1.539072
v 1.088000 0.350000 1.539072
v 0.962001 0.350000 1.539072
v 0.932001 0.350000 1.539072
v 1.117999 0.350000 1.385738
v 1.088001 0.350000 1.385738
v 0.962001 0.350000 1.385734
v 0.932001 0.350000 1.385738
v 1.230000 0.560000 1.662405
v 1.230000 0.520982 1.658562
v 1.230000 0.483463 1.647181
v 1.230000 0.448886 1.628699
v 1.230000 0.418579 1.603826
v 1.230000 0.393706 1.573519
v 1.230000 0.375224 1.538941
v 1.230000 0.363843 1.501423
v 1.230000 0.360000 1.462405
v 1.230000 0.363843 1.423387
v 1.230000 0.375224 1.385868
v 1.230000 0.393706 1.351291
v 1.230000 0.418579 1.320983
v 1.230000 0.448886 1.296111
v 1.230000 0.483463 1.277629
v 1.230000 0.520982 1.266248
v 1.230000 0.560000 1.262405
v 1.230000 0.599018 1.266248
v 1.230000 0.636537 1.277629
v 1.230000 0.671114 1.296111
v 1.230000 0.701421 1.320983
v 1.230000 0.726294 1.351291
v 1.230000 0.744776 1.385868
v 1.230000 0.756157 1.423387
v 1.230000 0.760000 1.462405
v 1.230000 0.756157 1.501423
v 1.230000 0.744776 1.538941
v 1.230000 0.726294 1.573519
v 1.230000 0.701421 1.603826
v 1.230000 0.671114 1.628699
v 1.230000 0.636537 1.647181
v 1.230000 0.599018 1.658562
v -1.179999 0.770001 1.692405
v -1.179999 0.350000 1.692405
v -0.870001 0.350000 1.232405
v -0.870001 0.770001 1.232405
v -0.870001 0.770001 1.692405
v -0.870001 0.350000 1.692405
v -1.179999 0.350000 1.232405
v -1.179999 0.770001 1.232405
v -1.229999 0.770001 1.692405
v -1.229999 0.350000 1.692405
v -1.229999 0.350000 1.232405
v -1.229999 0.770001 1.232405
v -0.820001 0.350000 1.232405
v -0.820001 0.770001 1.232405
v -0.820001 0.770001 1.692405
v -0.820001 0.350000 1.692405
v -1.229999 0.396667 1.232405
v -1.229999 0.723334 1.232405
v -1.179999 0.396667 1.232405
v -1.179999 0.723334 1.232405
v -1.229999 0.436667 1.192405
v -1.229999 0.683334 1.192405
v -1.179999 0.436667 1.192405
v -1.179999 0.683334 1.192405
v -1.179999 0.723334 1.692405
v -1.179999 0.396667 1.692405
v -1.229999 0.723334 1.692405
v -1.229999 0.396667 1.692405
v -1.179999 0.683334 1.732405
v -1.179999 0.436667 1.732405
v -1.229999 0.683334 1.732405
v -1.229999 0.436667 1.732405
v -0.870001 0.723334 1.692405
v -0.870001 0.396667 1.692405
v -0.870001 0.396667 1.232405
v -0.870001 0.723334 1.232405
v -0.820001 0.396667 1.232405
v -0.820001 0.723334 1.232405
v -0.820001 0.723334 1.692405
v -0.820001 0.396667 1.692405
v -0.870001 0.436667 1.192405
v -0.870001 0.683334 1.192405
v -0.820001 0.436667 1.192405
v -0.820001 0.683334 1.192405
v -0.870001 0.683334 1.732405
v -0.870001 0.436667 1.732405
v -0.820001 0.683334 1.732405
v -0.820001 0.436667 1.732405
v -1.117999 0.350000 1.539072
v -1.088000 0.350000 1.539072
v -0.962001 0.350000 1.539072
v -0.932001 0.350000 1.539072
v -1.117999 0.350000 1.385738
v -1.088001 0.350000 1.385738
v -0.962001 0.350000 1.385734
v -0.932001 0.350000 1.385738
v -1.230000 0.560000 1.662405
v -1.230000 0.520982 1.658562
v -1.230000 0.483463 1.647181
v -1.230000 0.448886 1.628699
v -1.230000 0.418579 1.603826
v -1.230000 0.393706 1.573519
v -1.230000 0.375224 1.538941
v -1.230000 0.363843 1.501423
v -1.230000 0.360000 1.462405
v -1.230000 0.363843 1.423387
v -1.230000 0.375224 1.385868
v -1.230000 0.393706 1.351291
v -1.230000 0.418579 1.320983
v -1.230000 0.448886 1.296111
v -1.230000 0.483463 1.277629
v -1.230000 0.520982 1.266248
v -1.230000 0.560000 1.262405
v -1.230000 0.599018 1.266248
v -1.230000 0.636537 1.277629
v -1.230000 0.671114 1.296111
v -1.230000 0.701421 1.320983
v -1.230000 0.726294 1.351291
v -1.230000 0.744776 1.385868
v -1.230000 0.756157 1.423387
v -1.230000 0.760000 1.462405
v -1.230000 0.756157 1.501423
v -1.230000 0.744776 1.538941
v -1.230000 0.726294 1.573519
v -1.230000 0.701421 1.603826
v -1.230000 0.671114 1.628699
v -1.230000 0.636537 1.647181
v -1.230000 0.599018 1.658562
v 1.230000 0.543822 -1.662618
v 1.240000 0.576178 -1.662618
v 1.240000 0.498328 -1.653568
v 1.230000 0.483463 -1.647181
v 1.230000 0.435317 -1.619888
v 1.240000 0.429871 -1.615418
v 1.230000 0.393706 -1.573519
v 1.240000 0.393706 -1.573519
v 1.230000 0.368836 -1.524074
v 1.240000 0.366791 -1.517332
v 1.230000 0.359787 -1.446226
v 1.240000 0.360478 -1.439215
v 1.230000 0.381219 -1.370840
v 1.240000 0.384540 -1.364627
v 1.230000 0.429869 -1.309393
v 1.240000 0.418579 -1.320983
v 1.240000 0.468435 -1.283624
v 1.230000 0.498328 -1.271242
v 1.240000 0.543821 -1.262193
v 1.230000 0.576179 -1.262193
v 1.240000 0.621671 -1.271242
v 1.230000 0.651565 -1.283624
v 1.240000 0.690131 -1.309393
v 1.230000 0.701421 -1.320983
v 1.230000 0.735460 -1.364627
v 1.240000 0.738781 -1.370840
v 1.230000 0.759522 -1.439215
v 1.240000 0.760212 -1.446226
v 1.230000 0.753209 -1.517333
v 1.240000 0.751164 -1.524074
v 1.230000 0.726294 -1.573519
v 1.240000 0.713014 -1.592533
v 1.230000 0.690129 -1.615418
v 1.240000 0.651565 -1.641186
v 1.230000 0.621672 -1.653568
v 1.246053 0.525698 -1.626465
v 1.241309 0.575910 -1.630961
v 1.244821 0.495858 -1.617259
v 1.241309 0.452063 -1.592843
v 1.241144 0.410320 -1.541706
v 1.241309 0.391443 -1.478312
v 1.241265 0.394379 -1.431008
v 1.245299 0.405732 -1.396883
v 1.245675 0.420561 -1.369404
v 1.241309 0.453130 -1.331091
v 1.245675 0.495991 -1.307502
v 1.245299 0.525832 -1.298319
v 1.241264 0.558482 -1.293841
v 1.245299 0.594168 -1.298319
v 1.245675 0.624009 -1.307502
v 1.241309 0.667936 -1.331966
v 1.240981 0.699296 -1.367206
v 1.240939 0.719610 -1.406370
v 1.246052 0.724060 -1.428103
v 1.245180 0.727619 -1.461111
v 1.245668 0.724949 -1.492288
v 1.241309 0.708989 -1.542822
v 1.245674 0.678416 -1.581021
v 1.240856 0.663440 -1.596738
v 1.240981 0.626194 -1.617597
v 1.240008 0.510314 -1.626186
v 1.240008 0.409057 -1.381726
v 1.240008 0.510317 -1.298623
v 1.240008 0.609683 -1.298623
v 1.240008 0.730855 -1.476214
v 1.248021 0.579443 -1.629664
v 1.248001 0.466849 -1.601815
v 1.248088 0.430528 -1.570121
v 1.247792 0.399520 -1.513435
v 1.248286 0.392238 -1.447704
v 1.247792 0.451446 -1.333665
v 1.248001 0.560000 -1.294738
v 1.247792 0.665081 -1.330815
v 1.248020 0.707087 -1.380435
v 1.248021 0.709872 -1.539164
v 1.248020 0.641970 -1.609492
v 1.268018 0.515112 -1.601533
v 1.268018 0.571770 -1.608121
v 1.267820 0.465750 -1.574172
v 1.268077 0.430583 -1.530465
v 1.268001 0.417230 -1.490804
v 1.267819 0.414706 -1.446134
v 1.268077 0.431509 -1.392614
v 1.268001 0.457069 -1.359474
v 1.268018 0.493360 -1.332287
v 1.268001 0.531601 -1.319635
v 1.267820 0.576271 -1.317111
v 1.268077 0.629791 -1.333914
v 1.268248 0.674009 -1.370872
v 1.267819 0.700461 -1.421836
v 1.268248 0.705341 -1.478301
v 1.268018 0.687700 -1.533568
v 1.267820 0.651235 -1.576646
v 1.268001 0.615706 -1.596891
v 1.399998 0.531601 -1.605174
v 1.399795 0.576212 -1.607706
v 1.400075 0.491834 -1.591769
v 1.399795 0.448200 -1.556616
v 1.399998 0.425514 -1.518111
v 1.400017 0.414787 -1.479284
v 1.399998 0.417230 -1.434006
v 1.400017 0.429883 -1.395765
v 1.399998 0.457069 -1.359474
v 1.399795 0.489414 -1.334371
v 1.400271 0.544169 -1.317056
v 1.399796 0.600619 -1.321958
v 1.400271 0.651586 -1.348437
v 1.400075 0.688551 -1.392719
v 1.400075 0.705434 -1.447214
v 1.400075 0.700176 -1.504026
v 1.399795 0.674209 -1.553681
v 1.400271 0.630244 -1.590633
v 1.420000 0.523423 -1.582976
v 1.420007 0.572386 -1.588207
v 1.420007 0.479806 -1.560121
v 1.420002 0.447686 -1.519927
v 1.420005 0.434226 -1.472569
v 1.420001 0.439906 -1.423662
v 1.420025 0.470339 -1.372738
v 1.420004 0.523303 -1.341434
v 1.420012 0.587904 -1.338344
v 1.420004 0.639930 -1.365010
v 1.420022 0.676225 -1.410842
v 1.420005 0.685774 -1.472569
v 1.420001 0.672315 -1.519928
v 1.420017 0.633251 -1.566340
v -1.230000 0.543822 1.662618
v -1.240000 0.576178 1.662618
v -1.240000 0.498328 1.653568
v -1.230000 0.483463 1.647181
v -1.230000 0.435317 1.619888
v -1.240000 0.429871 1.615418
v -1.230000 0.393706 1.573519
v -1.240000 0.381219 1.553971
v -1.230000 0.368837 1.524076
v -1.240000 0.359788 1.478584
v -1.230000 0.359788 1.446226
v -1.240000 0.368837 1.400733
v -1.230000 0.381219 1.370839
v -1.240000 0.393706 1.351291
v -1.230000 0.429872 1.309391
v -1.240000 0.435318 1.304922
v -1.230000 0.498329 1.271242
v -1.240000 0.483463 1.277629
v -1.240000 0.543821 1.262193
v -1.230000 0.576179 1.262193
v -1.240000 0.621672 1.271242
v -1.230000 0.636537 1.277629
v -1.230000 0.684683 1.304922
v -1.240000 0.671114 1.296111
v -1.240000 0.717483 1.337722
v -1.230000 0.726294 1.351291
v -1.230000 0.751163 1.400733
v -1.240000 0.744776 1.385868
v -1.240000 0.760213 1.446226
v -1.230000 0.760213 1.478584
v -1.240000 0.751164 1.524077
v -1.230000 0.744776 1.538942
v -1.230000 0.717483 1.587088
v -1.240000 0.713014 1.592534
v -1.230000 0.671114 1.628699
v -1.240000 0.651566 1.641186
v -1.230000 0.621672 1.653568
v -1.240981 0.528819 1.628218
v -1.241309 0.575905 1.630962
v -1.245180 0.494659 1.616770
v -1.240855 0.475478 1.609379
v -1.241309 0.428688 1.569277
v -1.240981 0.404808 1.528600
v -1.241309 0.391443 1.478312
v -1.241265 0.394379 1.431009
v -1.245300 0.405733 1.396883
v -1.245675 0.420561 1.369404
v -1.241309 0.453130 1.331091
v -1.245675 0.495991 1.307502
v -1.245299 0.525832 1.298319
v -1.241264 0.558483 1.293841
v -1.245299 0.594168 1.298319
v -1.245675 0.624009 1.307502
v -1.241309 0.667937 1.331966
v -1.245675 0.699439 1.369405
v -1.245300 0.714268 1.396883
v -1.241265 0.725029 1.428031
v -1.245180 0.727619 1.461111
v -1.245668 0.724949 1.492288
v -1.241309 0.708989 1.542822
v -1.241265 0.680265 1.580525
v -1.246053 0.651754 1.602668
v -1.244821 0.624143 1.617259
v -1.240008 0.409057 1.381726
v -1.240008 0.510317 1.298623
v -1.240008 0.609684 1.298623
v -1.240006 0.710944 1.381725
v -1.240008 0.730855 1.476213
v -1.240008 0.640678 1.613349
v -1.248001 0.527290 1.626850
v -1.248021 0.579439 1.629665
v -1.248001 0.466849 1.601815
v -1.248088 0.430528 1.570121
v -1.248001 0.405096 1.526568
v -1.247792 0.392647 1.481143
v -1.248001 0.395555 1.429695
v -1.247792 0.451446 1.333665
v -1.248001 0.560000 1.294738
v -1.247792 0.665081 1.330815
v -1.248001 0.724445 1.429695
v -1.248001 0.714904 1.526568
v -1.248021 0.692018 1.566926
v -1.268017 0.515112 1.601533
v -1.268017 0.571770 1.608121
v -1.267819 0.465751 1.574172
v -1.268000 0.438966 1.543278
v -1.268076 0.419792 1.503909
v -1.268000 0.414433 1.462405
v -1.267819 0.420672 1.418103
v -1.268076 0.447596 1.368884
v -1.268000 0.479128 1.341371
v -1.268017 0.520025 1.321786
v -1.267819 0.576277 1.317112
v -1.268247 0.630303 1.334210
v -1.268017 0.674614 1.371657
v -1.267818 0.700461 1.421836
v -1.268000 0.705567 1.462405
v -1.268017 0.699131 1.507287
v -1.268000 0.681034 1.543278
v -1.267819 0.651234 1.576647
v -1.268000 0.615706 1.596891
v -1.400271 0.518997 1.602746
v -1.400017 0.576872 1.607618
v -1.399795 0.468725 1.576615
v -1.399998 0.438966 1.543278
v -1.400017 0.420870 1.507287
v -1.400017 0.414285 1.450628
v -1.400017 0.429883 1.395765
v -1.399998 0.457069 1.359474
v -1.400018 0.488838 1.334705
v -1.400271 0.544165 1.317057
v -1.399796 0.600618 1.321958
v -1.400271 0.651586 1.348437
v -1.400075 0.688551 1.392719
v -1.400075 0.705434 1.447214
v -1.400075 0.700177 1.504026
v -1.399796 0.674211 1.553679
v -1.400017 0.631161 1.590106
v -1.420000 0.523423 1.582978
v -1.420005 0.570164 1.588179
v -1.420007 0.479806 1.560121
v -1.420002 0.447686 1.519927
v -1.420005 0.434226 1.472571
v -1.420001 0.439906 1.423662
v -1.420032 0.472365 1.370294
v -1.420002 0.525494 1.341027
v -1.420004 0.572351 1.337018
v -1.420012 0.627994 1.354950
v -1.420022 0.676225 1.410842
v -1.420005 0.685774 1.472571
v -1.420001 0.672315 1.519928
v -1.420022 0.630854 1.568451
v -1.230001 0.583195 -1.262885
v -1.240001 0.536805 -1.262885
v -1.230001 0.505070 -1.269197
v -1.240001 0.483463 -1.277630
v -1.230001 0.435313 -1.304927
v -1.240001 0.429867 -1.309397
v -1.230001 0.384540 -1.364628
v -1.240001 0.381219 -1.370842
v -1.230001 0.363843 -1.423388
v -1.240001 0.363843 -1.423388
v -1.230001 0.359787 -1.478585
v -1.240001 0.360478 -1.485596
v -1.230001 0.381220 -1.553974
v -1.240001 0.384541 -1.560187
v -1.230001 0.429869 -1.615419
v -1.240001 0.435315 -1.619888
v -1.230001 0.498327 -1.653569
v -1.240001 0.505068 -1.655614
v -1.230001 0.560000 -1.662407
v -1.240001 0.560000 -1.662407
v -1.230001 0.614932 -1.655614
v -1.240001 0.621673 -1.653569
v -1.230001 0.684685 -1.619888
v -1.240001 0.690130 -1.615419
v -1.230001 0.735459 -1.560187
v -1.240001 0.738780 -1.553974
v -1.230001 0.759522 -1.485596
v -1.240001 0.760212 -1.478585
v -1.230001 0.756157 -1.423388
v -1.240001 0.756157 -1.423388
v -1.230001 0.738781 -1.370842
v -1.240001 0.735460 -1.364629
v -1.230001 0.690133 -1.309397
v -1.240001 0.684687 -1.304927
v -1.230001 0.636537 -1.277630
v -1.240001 0.614930 -1.269197
v -1.241310 0.542720 -1.293985
v -1.245180 0.494660 -1.308042
v -1.240726 0.475597 -1.315264
v -1.241265 0.441881 -1.342140
v -1.241310 0.410361 -1.383206
v -1.241145 0.391366 -1.446421
v -1.245669 0.396171 -1.497922
v -1.245300 0.405732 -1.527929
v -1.241145 0.429454 -1.570345
v -1.241310 0.480797 -1.612044
v -1.241265 0.525626 -1.627436
v -1.246053 0.561636 -1.630006
v -1.244822 0.592699 -1.626800
v -1.241145 0.640397 -1.611501
v -1.241310 0.691312 -1.569279
v -1.240820 0.719696 -1.518420
v -1.245669 0.723829 -1.497921
v -1.241145 0.728513 -1.445188
v -1.241310 0.708988 -1.381988
v -1.241145 0.666979 -1.331074
v -1.244821 0.624142 -1.307553
v -1.240736 0.604527 -1.298689
v -1.240010 0.396219 -1.512089
v -1.240009 0.576775 -1.632735
v -1.248001 0.527290 -1.297962
v -1.248021 0.579439 -1.295147
v -1.248001 0.466849 -1.322997
v -1.248088 0.430529 -1.354689
v -1.247792 0.399519 -1.411376
v -1.248001 0.392333 -1.462407
v -1.248088 0.429093 -1.568375
v -1.247792 0.478641 -1.609847
v -1.248001 0.527290 -1.626852
v -1.248001 0.624163 -1.617310
v -1.247792 0.665084 -1.593994
v -1.248021 0.707088 -1.544375
v -1.248001 0.727667 -1.462407
v -1.247792 0.721785 -1.415676
v -1.248020 0.692017 -1.357883
v -1.248001 0.653151 -1.322997
v -1.268010 0.548223 -1.316696
v -1.268018 0.481226 -1.337922
v -1.268007 0.432300 -1.391244
v -1.268042 0.412756 -1.458744
v -1.268020 0.435516 -1.541179
v -1.268009 0.490964 -1.591566
v -1.268042 0.563665 -1.609649
v -1.268018 0.644865 -1.582822
v -1.268007 0.690116 -1.529048
v -1.268042 0.707243 -1.458744
v -1.268006 0.687701 -1.391243
v -1.268009 0.652600 -1.349573
v -1.268007 0.604881 -1.323277
v 1.230001 0.543821 1.262194
v 1.240001 0.536810 1.262884
v 1.230001 0.483463 1.277630
v 1.240001 0.483463 1.277630
v 1.230001 0.435314 1.304927
v 1.240001 0.429868 1.309396
v 1.230001 0.393706 1.351292
v 1.240001 0.393706 1.351292
v 1.230001 0.368836 1.400737
v 1.240001 0.366791 1.407479
v 1.230001 0.359788 1.478585
v 1.240001 0.360478 1.485596
v 1.230001 0.381220 1.553974
v 1.240001 0.384541 1.560187
v 1.230001 0.429870 1.615419
v 1.240001 0.435316 1.619888
v 1.230001 0.498327 1.653569
v 1.240001 0.505068 1.655614
v 1.230001 0.560000 1.662407
v 1.240001 0.560000 1.662407
v 1.230001 0.614932 1.655614
v 1.240001 0.621673 1.653569
v 1.230001 0.684685 1.619888
v 1.240001 0.690131 1.615419
v 1.230001 0.735459 1.560187
v 1.240001 0.738780 1.553974
v 1.230001 0.759522 1.485596
v 1.240001 0.760213 1.478585
v 1.230001 0.753209 1.407478
v 1.240001 0.751164 1.400737
v 1.230001 0.726294 1.351292
v 1.240001 0.726294 1.351292
v 1.230001 0.690132 1.309396
v 1.240001 0.684687 1.304927
v 1.230001 0.621673 1.271243
v 1.240001 0.614932 1.269198
v 1.241310 0.542720 1.293985
v 1.245180 0.494660 1.308042
v 1.240726 0.475597 1.315264
v 1.241265 0.441881 1.342140
v 1.241310 0.410361 1.383206
v 1.241145 0.391366 1.446421
v 1.245669 0.396171 1.497921
v 1.245300 0.405732 1.527928
v 1.240982 0.418741 1.554669
v 1.241310 0.453128 1.593719
v 1.245675 0.495991 1.617310
v 1.245300 0.525832 1.626492
v 1.240982 0.558235 1.631116
v 1.245300 0.594168 1.626492
v 1.245675 0.624009 1.617309
v 1.240981 0.652263 1.603664
v 1.241310 0.691312 1.569279
v 1.240820 0.719696 1.518420
v 1.245668 0.723829 1.497921
v 1.241145 0.728513 1.445188
v 1.241310 0.708988 1.381988
v 1.240982 0.680545 1.344359
v 1.246053 0.651754 1.322144
v 1.244821 0.624143 1.307553
v 1.240982 0.594646 1.297283
v 1.240010 0.396219 1.512088
v 1.240010 0.510317 1.626186
v 1.240010 0.609683 1.626187
v 1.240010 0.640682 1.311467
v 1.248001 0.527290 1.297962
v 1.248021 0.579439 1.295147
v 1.248001 0.466849 1.322997
v 1.248088 0.430529 1.354689
v 1.247792 0.399520 1.411376
v 1.248001 0.392333 1.462407
v 1.248001 0.420590 1.555557
v 1.247792 0.451443 1.591144
v 1.248001 0.560000 1.630073
v 1.247792 0.665084 1.593994
v 1.248021 0.707088 1.544374
v 1.248001 0.727667 1.462407
v 1.247792 0.721785 1.415676
v 1.248020 0.692017 1.357883
v 1.268010 0.548223 1.316696
v 1.268018 0.481226 1.337922
v 1.268039 0.423503 1.405869
v 1.268016 0.415902 1.491068
v 1.268010 0.445387 1.553147
v 1.268009 0.490962 1.591564
v 1.268009 0.545692 1.607669
v 1.268005 0.599975 1.603026
v 1.268013 0.652903 1.575614
v 1.268007 0.690116 1.529049
v 1.268042 0.707244 1.458744
v 1.268006 0.687701 1.391243
v 1.268009 0.652600 1.349573
v 1.268007 0.604881 1.323277
v 0.649724 0.850421 -0.094355
v 0.649723 0.850421 -0.354355
v 0.657336 0.812153 -0.094355
v 0.657336 0.812153 -0.354355
v 0.679013 0.779710 -0.094355
v 0.679013 0.779710 -0.354355
v 0.711456 0.758033 -0.094355
v 0.711455 0.758033 -0.354355
v 0.749724 0.750421 -0.094355
v 0.749723 0.750421 -0.354355
v 0.787992 0.758033 -0.094355
v 0.787992 0.758033 -0.354355
v 0.820435 0.779710 -0.094355
v 0.820434 0.779710 -0.354355
v 0.842112 0.812153 -0.094355
v 0.842111 0.812153 -0.354355
v 0.849724 0.850421 -0.094355
v 0.849723 0.850421 -0.354355
v 0.842112 0.888689 -0.094355
v 0.842111 0.888689 -0.354355
v 0.820435 0.921132 -0.094355
v 0.820434 0.921132 -0.354355
v 0.787992 0.942809 -0.094355
v 0.787992 0.942809 -0.354355
v 0.749724 0.950421 -0.094355
v 0.749723 0.950421 -0.354355
v 0.711456 0.942809 -0.094355
v 0.711455 0.942809 -0.354355
v 0.679013 0.921132 -0.094355
v 0.679013 0.921132 -0.354355
v 0.657336 0.888689 -0.094355
v 0.657336 0.888689 -0.354355
v 0.639752 0.850421 -0.074355
v 0.648123 0.808337 -0.074355
v 0.671962 0.772659 -0.074355
v 0.707640 0.748820 -0.074355
v 0.749724 0.740449 -0.074355
v 0.791808 0.748820 -0.074355
v 0.827486 0.772659 -0.074355
v 0.859710 0.850419 -0.074355
v 0.827486 0.928183 -0.074355
v 0.791808 0.952021 -0.074355
v 0.749724 0.960393 -0.074355
v 0.707640 0.952021 -0.074355
v 0.671962 0.928183 -0.074355
v 0.648123 0.892505 -0.074355
v 0.657336 0.812153 -0.374355
v 0.649723 0.850421 -0.374355
v 0.679013 0.779710 -0.374355
v 0.711455 0.758033 -0.374355
v 0.749723 0.750421 -0.374355
v 0.787992 0.758033 -0.374355
v 0.820434 0.779710 -0.374355
v 0.842111 0.812153 -0.374355
v 0.849723 0.850421 -0.374355
v 0.842111 0.888689 -0.374355
v 0.820434 0.921132 -0.374355
v 0.787992 0.942809 -0.374355
v 0.749723 0.950421 -0.374355
v 0.711455 0.942809 -0.374355
v 0.679013 0.921132 -0.374355
v 0.657335 0.888689 -0.374355
v 0.639752 0.850421 -0.094355
v 0.648123 0.808337 -0.094355
v 0.648123 0.808337 -0.354355
v 0.639752 0.850421 -0.354355
v 0.671962 0.772659 -0.094355
v 0.671962 0.772659 -0.354355
v 0.707640 0.748820 -0.094355
v 0.707639 0.748820 -0.354355
v 0.749724 0.740449 -0.094355
v 0.749723 0.740449 -0.354355
v 0.791808 0.748820 -0.094355
v 0.791808 0.748820 -0.354355
v 0.827486 0.772659 -0.094355
v 0.827485 0.772659 -0.354355
v 0.859710 0.850423 -0.094355
v 0.859709 0.850423 -0.354355
v 0.827486 0.928183 -0.094355
v 0.827485 0.928183 -0.354355
v 0.791808 0.952021 -0.094355
v 0.791808 0.952021 -0.354355
v 0.749724 0.960393 -0.094355
v 0.749723 0.960393 -0.354355
v 0.707640 0.952021 -0.094355
v 0.707639 0.952021 -0.354355
v 0.671962 0.928183 -0.094355
v 0.671962 0.928183 -0.354355
v 0.648123 0.892505 -0.094355
v 0.648123 0.892505 -0.354355
v 0.648123 0.808337 -0.374355
v 0.639752 0.850421 -0.374355
v 0.671962 0.772659 -0.374355
v 0.707639 0.748820 -0.374355
v 0.749723 0.740449 -0.374355
v 0.791808 0.748820 -0.374355
v 0.827485 0.772659 -0.374355
v 0.859709 0.850423 -0.374355
v 0.827485 0.928183 -0.374355
v 0.791808 0.952021 -0.374355
v 0.749723 0.960393 -0.374355
v 0.707639 0.952021 -0.374355
v 0.671962 0.928183 -0.374355
v 0.648122 0.892505 -0.374355
v 0.702674 0.842829 -0.462540
v 0.721815 0.811775 -0.462521
v 0.759089 0.803341 -0.462551
v 0.790294 0.825398 -0.462526
v 0.796097 0.861411 -0.462540
v 0.774747 0.890994 -0.462521
v 0.740480 0.896881 -0.462533
v 0.711079 0.878327 -0.462526
v 0.851325 0.892504 -0.074355
v 0.851325 0.808334 -0.074355
v 0.851324 0.892504 -0.374355
v 0.851324 0.808334 -0.374355
v 0.851325 0.892504 -0.094355
v 0.851325 0.808334 -0.094355
v 0.851324 0.892504 -0.354355
v 0.851324 0.808334 -0.354355
v -0.849726 0.850421 -0.094355
v -0.849726 0.850421 -0.354355
v -0.842114 0.812153 -0.094355
v -0.842114 0.812153 -0.354355
v -0.820437 0.779710 -0.094355
v -0.820437 0.779710 -0.354355
v -0.787994 0.758033 -0.094355
v -0.787995 0.758033 -0.354355
v -0.749726 0.750421 -0.094355
v -0.749726 0.750421 -0.354355
v -0.711458 0.758033 -0.094355
v -0.711458 0.758033 -0.354355
v -0.679015 0.779710 -0.094355
v -0.679016 0.779710 -0.354355
v -0.657338 0.812153 -0.094355
v -0.657339 0.812153 -0.354355
v -0.649726 0.850421 -0.094355
v -0.649727 0.850421 -0.354355
v -0.657338 0.888689 -0.094355
v -0.657339 0.888689 -0.354355
v -0.679015 0.921132 -0.094355
v -0.679016 0.921132 -0.354355
v -0.711458 0.942809 -0.094355
v -0.711458 0.942809 -0.354355
v -0.749726 0.950421 -0.094355
v -0.749727 0.950421 -0.354355
v -0.787994 0.942809 -0.094355
v -0.787995 0.942809 -0.354355
v -0.820437 0.921132 -0.094355
v -0.820437 0.921132 -0.354355
v -0.842114 0.888689 -0.094355
v -0.842114 0.888689 -0.354355
v -0.859698 0.850421 -0.074355
v -0.851327 0.808337 -0.074355
v -0.827488 0.772659 -0.074355
v -0.791810 0.748820 -0.074355
v -0.749726 0.740449 -0.074355
v -0.707642 0.748820 -0.074355
v -0.671964 0.772659 -0.074355
v -0.639740 0.850419 -0.074355
v -0.671964 0.928183 -0.074355
v -0.707642 0.952021 -0.074355
v -0.749726 0.960393 -0.074355
v -0.791810 0.952021 -0.074355
v -0.827488 0.928183 -0.074355
v -0.851327 0.892505 -0.074355
v -0.842114 0.812153 -0.374355
v -0.849727 0.850421 -0.374355
v -0.820437 0.779710 -0.374355
v -0.787995 0.758033 -0.374355
v -0.749727 0.750421 -0.374355
v -0.711458 0.758033 -0.374355
v -0.679016 0.779710 -0.374355
v -0.657339 0.812153 -0.374355
v -0.649727 0.850421 -0.374355
v -0.657339 0.888689 -0.374355
v -0.679016 0.921132 -0.374355
v -0.711458 0.942809 -0.374355
v -0.749727 0.950421 -0.374355
v -0.787995 0.942809 -0.374355
v -0.820437 0.921132 -0.374355
v -0.842115 0.888689 -0.374355
v -0.859698 0.850421 -0.094355
v -0.851327 0.808337 -0.094355
v -0.851327 0.808337 -0.354355
v -0.859698 0.850421 -0.354355
v -0.827488 0.772659 -0.094355
v -0.827488 0.772659 -0.354355
v -0.791810 0.748820 -0.094355
v -0.791811 0.748820 -0.354355
v -0.749726 0.740449 -0.094355
v -0.749727 0.740449 -0.354355
v -0.707642 0.748820 -0.094355
v -0.707642 0.748820 -0.354355
v -0.671964 0.772659 -0.094355
v -0.671965 0.772659 -0.354355
v -0.639740 0.850423 -0.094355
v -0.639741 0.850423 -0.354355
v -0.671964 0.928183 -0.094355
v -0.671965 0.928183 -0.354355
v -0.707642 0.952021 -0.094355
v -0.707642 0.952021 -0.354355
v -0.749726 0.960393 -0.094355
v -0.749727 0.960393 -0.354355
v -0.791810 0.952021 -0.094355
v -0.791811 0.952021 -0.354355
v -0.827488 0.928183 -0.094355
v -0.827488 0.928183 -0.354355
v -0.851327 0.892505 -0.094355
v -0.851327 0.892505 -0.354355
v -0.851327 0.808337 -0.374355
v -0.859698 0.850421 -0.374355
v -0.827488 0.772659 -0.374355
v -0.791811 0.748820 -0.374355
v -0.749727 0.740449 -0.374355
v -0.707642 0.748820 -0.374355
v -0.671965 0.772659 -0.374355
v -0.639741 0.850423 -0.374355
v -0.671965 0.928183 -0.374355
v -0.707642 0.952021 -0.374355
v -0.749727 0.960393 -0.374355
v -0.791811 0.952021 -0.374355
v -0.827488 0.928183 -0.374355
v -0.851328 0.892505 -0.374355
v -0.796776 0.842832 -0.462540
v -0.777635 0.811775 -0.462521
v -0.749727 0.803502 -0.462496
v -0.721821 0.811776 -0.462526
v -0.702677 0.842831 -0.462540
v -0.711081 0.878329 -0.462521
v -0.731771 0.893769 -0.462496
v -0.758970 0.896881 -0.462533
v -0.788369 0.878329 -0.462526
v -0.648125 0.892504 -0.074355
v -0.648125 0.808334 -0.074355
v -0.648126 0.892504 -0.374355
v -0.648126 0.808334 -0.374355
v -0.648125 0.892504 -0.094355
v -0.648125 0.808334 -0.094355
v -0.648126 0.892504 -0.354355
v -0.648125 0.808334 -0.354355
v -0.649727 0.850421 0.094355
v -0.649726 0.850421 0.354355
v -0.657339 0.812153 0.094355
v -0.657338 0.812153 0.354355
v -0.679016 0.779710 0.094355
v -0.679015 0.779710 0.354355
v -0.711458 0.758033 0.094355
v -0.711458 0.758033 0.354355
v -0.749727 0.750421 0.094355
v -0.749726 0.750421 0.354355
v -0.787995 0.758033 0.094355
v -0.787994 0.758033 0.354355
v -0.820437 0.779710 0.094355
v -0.820437 0.779710 0.354355
v -0.842115 0.812153 0.094355
v -0.842114 0.812153 0.354355
v -0.849727 0.850421 0.094355
v -0.849726 0.850421 0.354355
v -0.842115 0.888689 0.094355
v -0.842114 0.888689 0.354355
v -0.820437 0.921132 0.094355
v -0.820437 0.921132 0.354355
v -0.787995 0.942809 0.094355
v -0.787994 0.942809 0.354355
v -0.749727 0.950421 0.094355
v -0.749726 0.950421 0.354355
v -0.711458 0.942809 0.094355
v -0.711458 0.942809 0.354355
v -0.679016 0.921132 0.094355
v -0.679015 0.921132 0.354355
v -0.657339 0.888689 0.094355
v -0.657338 0.888689 0.354355
v -0.639755 0.850421 0.074355
v -0.648126 0.808337 0.074355
v -0.671965 0.772659 0.074355
v -0.707642 0.748820 0.074355
v -0.749727 0.740449 0.074355
v -0.791811 0.748820 0.074355
v -0.827488 0.772659 0.074355
v -0.859713 0.850419 0.074355
v -0.827488 0.928183 0.074355
v -0.791811 0.952021 0.074355
v -0.749727 0.960393 0.074355
v -0.707642 0.952021 0.074355
v -0.671965 0.928183 0.074355
v -0.648126 0.892505 0.074355
v -0.657338 0.812153 0.374355
v -0.649726 0.850421 0.374355
v -0.679015 0.779710 0.374355
v -0.711457 0.758033 0.374355
v -0.749726 0.750421 0.374355
v -0.787994 0.758033 0.374355
v -0.820437 0.779710 0.374355
v -0.842114 0.812153 0.374355
v -0.849726 0.850421 0.374355
v -0.842114 0.888689 0.374355
v -0.820437 0.921132 0.374355
v -0.787994 0.942809 0.374355
v -0.749726 0.950421 0.374355
v -0.711458 0.942809 0.374355
v -0.679015 0.921132 0.374355
v -0.657338 0.888689 0.374355
v -0.639755 0.850421 0.094355
v -0.648126 0.808337 0.094355
v -0.648125 0.808337 0.354355
v -0.639754 0.850421 0.354355
v -0.671965 0.772659 0.094355
v -0.671964 0.772659 0.354355
v -0.707642 0.748820 0.094355
v -0.707641 0.748820 0.354355
v -0.749726 0.740449 0.094355
v -0.749726 0.740449 0.354355
v -0.791811 0.748820 0.094355
v -0.791810 0.748820 0.354355
v -0.827488 0.772659 0.094355
v -0.827488 0.772659 0.354355
v -0.859712 0.850423 0.094355
v -0.859712 0.850423 0.354355
v -0.827488 0.928183 0.094355
v -0.827488 0.928183 0.354355
v -0.791811 0.952021 0.094355
v -0.791810 0.952021 0.354355
v -0.749726 0.960393 0.094355
v -0.749726 0.960393 0.354355
v -0.707642 0.952021 0.094355
v -0.707642 0.952021 0.354355
v -0.671965 0.928183 0.094355
v -0.671964 0.928183 0.354355
v -0.648126 0.892505 0.094355
v -0.648125 0.892505 0.354355
v -0.648125 0.808337 0.374355
v -0.639754 0.850421 0.374355
v -0.671964 0.772659 0.374355
v -0.707641 0.748820 0.374355
v -0.749726 0.740449 0.374355
v -0.791810 0.748820 0.374355
v -0.827487 0.772659 0.374355
v -0.859712 0.850423 0.374355
v -0.827487 0.928183 0.374355
v -0.791810 0.952021 0.374355
v -0.749726 0.960393 0.374355
v -0.707641 0.952021 0.374355
v -0.671964 0.928183 0.374355
v -0.648125 0.892505 0.374355
v -0.702676 0.842831 0.462540
v -0.721819 0.811774 0.462521
v -0.749726 0.803502 0.462496
v -0.777633 0.811777 0.462525
v -0.796775 0.842832 0.462540
v -0.788370 0.878331 0.462521
v -0.758969 0.896881 0.462533
v -0.731770 0.893769 0.462496
v -0.711082 0.878328 0.462525
v -0.851328 0.892504 0.074355
v -0.851328 0.808334 0.074355
v -0.851327 0.892504 0.374355
v -0.851327 0.808334 0.374355
v -0.851328 0.892504 0.094355
v -0.851328 0.808334 0.094355
v -0.851327 0.892504 0.354355
v -0.851327 0.808334 0.354355
v 0.849723 0.850421 0.094355
v 0.849724 0.850421 0.354355
v 0.842111 0.812153 0.094355
v 0.842112 0.812153 0.354355
v 0.820434 0.779710 0.094355
v 0.820435 0.779710 0.354355
v 0.787992 0.758033 0.094355
v 0.787992 0.758033 0.354355
v 0.749723 0.750421 0.094355
v 0.749724 0.750421 0.354355
v 0.711455 0.758033 0.094355
v 0.711456 0.758033 0.354355
v 0.679013 0.779710 0.094355
v 0.679013 0.779710 0.354355
v 0.657335 0.812153 0.094355
v 0.657336 0.812153 0.354355
v 0.649723 0.850421 0.094355
v 0.649724 0.850421 0.354355
v 0.657335 0.888689 0.094355
v 0.657336 0.888689 0.354355
v 0.679013 0.921132 0.094355
v 0.679013 0.921132 0.354355
v 0.711455 0.942809 0.094355
v 0.711456 0.942809 0.354355
v 0.749723 0.950421 0.094355
v 0.749724 0.950421 0.354355
v 0.787992 0.942809 0.094355
v 0.787992 0.942809 0.354355
v 0.820434 0.921132 0.094355
v 0.820435 0.921132 0.354355
v 0.842111 0.888689 0.094355
v 0.842112 0.888689 0.354355
v 0.859695 0.850421 0.074355
v 0.851324 0.808337 0.074355
v 0.827485 0.772659 0.074355
v 0.791808 0.748820 0.074355
v 0.749723 0.740449 0.074355
v 0.707639 0.748820 0.074355
v 0.671962 0.772659 0.074355
v 0.639737 0.850419 0.074355
v 0.671962 0.928183 0.074355
v 0.707639 0.952021 0.074355
v 0.749723 0.960393 0.074355
v 0.791808 0.952021 0.074355
v 0.827485 0.928183 0.074355
v 0.851324 0.892505 0.074355
v 0.842112 0.812153 0.374355
v 0.849724 0.850421 0.374355
v 0.820435 0.779710 0.374355
v 0.787992 0.758033 0.374355
v 0.749724 0.750421 0.374355
v 0.711456 0.758033 0.374355
v 0.679013 0.779710 0.374355
v 0.657336 0.812153 0.374355
v 0.649724 0.850421 0.374355
v 0.657336 0.888689 0.374355
v 0.679013 0.921132 0.374355
v 0.711456 0.942809 0.374355
v 0.749724 0.950421 0.374355
v 0.787992 0.942809 0.374355
v 0.820435 0.921132 0.374355
v 0.842112 0.888689 0.374355
v 0.859695 0.850421 0.094355
v 0.851324 0.808337 0.094355
v 0.851325 0.808337 0.354355
v 0.859696 0.850421 0.354355
v 0.827485 0.772659 0.094355
v 0.827486 0.772659 0.354355
v 0.791808 0.748820 0.094355
v 0.791808 0.748820 0.354355
v 0.749723 0.740449 0.094355
v 0.749724 0.740449 0.354355
v 0.707639 0.748820 0.094355
v 0.707640 0.748820 0.354355
v 0.671962 0.772659 0.094355
v 0.671962 0.772659 0.354355
v 0.639738 0.850423 0.094355
v 0.639738 0.850423 0.354355
v 0.671962 0.928183 0.094355
v 0.671962 0.928183 0.354355
v 0.707639 0.952021 0.094355
v 0.707640 0.952021 0.354355
v 0.749723 0.960393 0.094355
v 0.749724 0.960393 0.354355
v 0.791808 0.952021 0.094355
v 0.791808 0.952021 0.354355
v 0.827485 0.928183 0.094355
v 0.827486 0.928183 0.354355
v 0.851324 0.892505 0.094355
v 0.851325 0.892505 0.354355
v 0.851325 0.808337 0.374355
v 0.859696 0.850421 0.374355
v 0.827486 0.772659 0.374355
v 0.791808 0.748820 0.374355
v 0.749724 0.740449 0.374355
v 0.707640 0.748820 0.374355
v 0.671962 0.772659 0.374355
v 0.639738 0.850423 0.374355
v 0.671962 0.928183 0.374355
v 0.707640 0.952021 0.374355
v 0.749724 0.960393 0.374355
v 0.791808 0.952021 0.374355
v 0.827486 0.928183 0.374355
v 0.851325 0.892505 0.374355
v 0.796774 0.842831 0.462540
v 0.777632 0.811774 0.462521
v 0.749724 0.803502 0.462496
v 0.721817 0.811777 0.462525
v 0.702675 0.842832 0.462540
v 0.711080 0.878331 0.462521
v 0.740481 0.896881 0.462533
v 0.767680 0.893769 0.462496
v 0.788368 0.878328 0.462525
v 0.648122 0.892504 0.074355
v 0.648122 0.808334 0.074355
v 0.648123 0.892504 0.374355
v 0.648123 0.808334 0.374355
v 0.648122 0.892504 0.094355
v 0.648122 0.808334 0.094355
v 0.648123 0.892504 0.354355
v 0.648123 0.808334 0.354355
v 0.490000 0.600000 1.874315
v 0.660000 0.600000 1.874315
v 0.490000 0.187500 1.474315
v 0.490000 0.201130 1.577842
v 0.490000 0.241090 1.674315
v 0.490000 0.304657 1.757158
v 0.490000 0.387500 1.820725
v 0.490000 0.483972 1.860685
v 0.490000 1.012500 1.474315
v 0.490000 0.716028 1.860685
v 0.490000 0.812500 1.820725
v 0.490000 0.895343 1.757158
v 0.490000 0.958910 1.674315
v 0.490000 0.998870 1.577842
v 0.660000 0.187500 1.474315
v 0.660000 0.483972 1.860685
v 0.660000 0.387500 1.820725
v 0.660000 0.304657 1.757158
v 0.660000 0.241090 1.674315
v 0.660000 0.201130 1.577842
v 0.660000 1.012500 1.474315
v 0.660000 0.998870 1.577842
v 0.660000 0.958910 1.674315
v 0.660000 0.895343 1.757158
v 0.660000 0.812500 1.820725
v 0.660000 0.716028 1.860685
v 0.490000 0.581776 0.624638
v 0.490000 0.364158 0.761762
v 0.490000 0.496582 0.647874
v 0.490000 0.413695 0.701070
v 0.490000 0.839893 0.768029
v 0.490000 0.792247 0.706568
v 0.490000 0.711194 0.651461
v 0.490000 0.641508 0.628664
v 0.660000 0.375878 0.742512
v 0.660000 0.600000 0.624316
v 0.660000 0.445566 0.676327
v 0.660000 0.534384 0.633759
v 0.660000 0.818740 0.735195
v 0.660000 0.665616 0.633759
v 0.660000 0.750787 0.674216
v 0.490000 0.190067 1.285555
v 0.490000 0.304346 0.870357
v 0.490000 0.251852 1.000319
v 0.490000 0.208621 1.165118
v 0.490000 1.011005 1.299071
v 0.490000 0.983496 1.124815
v 0.490000 0.917110 0.916521
v 0.660000 0.188995 1.299069
v 0.660000 0.216505 1.124812
v 0.660000 0.282890 0.916520
v 0.660000 1.009933 1.285555
v 0.660000 0.895654 0.870357
v 0.660000 0.948148 1.000318
v 0.660000 0.991379 1.165118
v -0.660002 0.600000 1.874315
v -0.490002 0.600000 1.874315
v -0.660002 0.187500 1.474315
v -0.660002 0.201130 1.577842
v -0.660002 0.241090 1.674315
v -0.660002 0.304657 1.757158
v -0.660002 0.387500 1.820725
v -0.660002 0.483972 1.860685
v -0.660002 1.012500 1.474315
v -0.660002 0.716028 1.860685
v -0.660002 0.812500 1.820725
v -0.660002 0.895343 1.757158
v -0.660002 0.958910 1.674315
v -0.660002 0.998870 1.577842
v -0.490002 0.187500 1.474315
v -0.490002 0.483972 1.860685
v -0.490002 0.387500 1.820725
v -0.490002 0.304657 1.757158
v -0.490002 0.241090 1.674315
v -0.490002 0.201130 1.577842
v -0.490002 1.012500 1.474315
v -0.490002 0.998870 1.577842
v -0.490002 0.958910 1.674315
v -0.490002 0.895343 1.757158
v -0.490002 0.812500 1.820725
v -0.490002 0.716028 1.860685
v -0.660002 0.581776 0.624638
v -0.660002 0.364158 0.761762
v -0.660002 0.496582 0.647874
v -0.660002 0.413694 0.701070
v -0.660002 0.839893 0.768029
v -0.660002 0.792247 0.706568
v -0.660002 0.711194 0.651461
v -0.660002 0.641508 0.628664
v -0.490002 0.375878 0.742512
v -0.490002 0.600000 0.624316
v -0.490002 0.445566 0.676327
v -0.490002 0.534384 0.633759
v -0.490002 0.818740 0.735195
v -0.490002 0.665616 0.633759
v -0.490002 0.750787 0.674216
v -0.660002 0.190067 1.285555
v -0.660002 0.304346 0.870357
v -0.660002 0.251852 1.000319
v -0.660002 0.208621 1.165118
v -0.660002 1.011005 1.299071
v -0.660002 0.983496 1.124815
v -0.660002 0.917110 0.916521
v -0.490002 0.188995 1.299069
v -0.490002 0.216505 1.124812
v -0.490002 0.282890 0.916520
v -0.490002 1.009933 1.285555
v -0.490002 0.895654 0.870357
v -0.490002 0.948148 1.000318
v -0.490002 0.991379 1.165118
v -0.490003 0.600000 -1.874314
v -0.660003 0.600000 -1.874314
v -0.490003 0.187500 -1.474314
v -0.490003 0.201130 -1.577842
v -0.490003 0.241090 -1.674314
v -0.490003 0.304657 -1.757157
v -0.490003 0.387500 -1.820724
v -0.490003 0.483972 -1.860684
v -0.490003 1.012500 -1.474314
v -0.490003 0.716028 -1.860684
v -0.490003 0.812500 -1.820724
v -0.490003 0.895343 -1.757157
v -0.490003 0.958910 -1.674314
v -0.490003 0.998870 -1.577841
v -0.660003 0.187500 -1.474314
v -0.660003 0.483972 -1.860684
v -0.660003 0.387500 -1.820724
v -0.660003 0.304657 -1.757157
v -0.660003 0.241090 -1.674314
v -0.660003 0.201130 -1.577842
v -0.660003 1.012500 -1.474314
v -0.660003 0.998870 -1.577842
v -0.660003 0.958910 -1.674314
v -0.660003 0.895343 -1.757157
v -0.660003 0.812500 -1.820724
v -0.660003 0.716028 -1.860684
v -0.490003 0.581781 -0.624637
v -0.490003 0.364161 -0.761758
v -0.490003 0.496583 -0.647873
v -0.490003 0.413695 -0.701068
v -0.490003 0.839893 -0.768028
v -0.490003 0.792246 -0.706567
v -0.490003 0.711194 -0.651460
v -0.490003 0.641508 -0.628663
v -0.660003 0.375878 -0.742511
v -0.660003 0.600000 -0.624315
v -0.660003 0.445566 -0.676326
v -0.660003 0.534384 -0.633758
v -0.660003 0.818740 -0.735195
v -0.660003 0.665616 -0.633758
v -0.660003 0.750787 -0.674215
v -0.490003 0.190067 -1.285554
v -0.490003 0.304346 -0.870356
v -0.490003 0.251853 -1.000314
v -0.490003 0.208621 -1.165117
v -0.490003 1.011005 -1.299070
v -0.490003 0.983496 -1.124814
v -0.490003 0.917110 -0.916520
v -0.660003 0.188995 -1.299068
v -0.660003 0.216504 -1.124815
v -0.660003 0.282889 -0.916520
v -0.660003 1.009933 -1.285555
v -0.660003 0.895654 -0.870356
v -0.660003 0.948147 -1.000314
v -0.660003 0.991379 -1.165117
v 0.659999 0.600000 -1.874314
v 0.489999 0.600000 -1.874314
v 0.660000 0.187500 -1.474314
v 0.659999 0.201130 -1.577842
v 0.659999 0.241090 -1.674314
v 0.659999 0.304657 -1.757157
v 0.659999 0.387500 -1.820724
v 0.659999 0.483972 -1.860684
v 0.660000 1.012500 -1.474314
v 0.659999 0.716028 -1.860684
v 0.659999 0.812500 -1.820724
v 0.659999 0.895343 -1.757157
v 0.659999 0.958910 -1.674314
v 0.659999 0.998870 -1.577841
v 0.490000 0.187500 -1.474314
v 0.489999 0.483972 -1.860684
v 0.489999 0.387500 -1.820724
v 0.489999 0.304657 -1.757157
v 0.489999 0.241090 -1.674314
v 0.490000 0.201130 -1.577842
v 0.490000 1.012500 -1.474314
v 0.490000 0.998870 -1.577842
v 0.489999 0.958910 -1.674314
v 0.489999 0.895343 -1.757157
v 0.489999 0.812500 -1.820724
v 0.489999 0.716028 -1.860684
v 0.660000 0.581781 -0.624637
v 0.660000 0.364161 -0.761758
v 0.660000 0.496583 -0.647873
v 0.660000 0.413695 -0.701068
v 0.660000 0.839893 -0.768028
v 0.660000 0.792246 -0.706567
v 0.660000 0.711194 -0.651460
v 0.660000 0.641508 -0.628663
v 0.490000 0.375878 -0.742511
v 0.490000 0.600000 -0.624315
v 0.490000 0.445566 -0.676326
v 0.490000 0.534384 -0.633758
v 0.490000 0.818740 -0.735195
v 0.490000 0.665616 -0.633758
v 0.490000 0.750787 -0.674215
v 0.660000 0.190067 -1.285554
v 0.660000 0.304346 -0.870356
v 0.660000 0.251853 -1.000314
v 0.660000 0.208621 -1.165117
v 0.660000 1.011005 -1.299070
v 0.660000 0.983496 -1.124814
v 0.660000 0.917110 -0.916520
v 0.490000 0.188995 -1.299068
v 0.490000 0.216504 -1.124815
v 0.490000 0.282889 -0.916520
v 0.490000 1.009933 -1.285555
v 0.490000 0.895654 -0.870356
v 0.490000 0.948147 -1.000314
v 0.490000 0.991379 -1.165117
v -1.118002 0.240000 1.539072
v -0.932003 0.240000 1.539072
v -1.118002 0.240000 1.385739
v -0.932003 0.240000 1.385739
v -1.108003 0.240000 1.539073
v -0.942004 0.240000 1.539073
v -1.108003 0.240000 1.385740
v -0.942004 0.240000 1.385735
v -1.108003 0.137500 1.539073
v -0.942004 0.137500 1.539073
v -1.108003 0.136667 1.385739
v -0.942004 0.138333 1.385735
v -1.108017 0.240000 0.755739
v -0.942019 0.240000 0.755735
v -0.942004 0.240000 2.169073
v -1.108003 0.240000 2.169073
v -1.108017 0.220000 0.755739
v -0.942019 0.220000 0.755735
v -1.108013 0.210000 0.947739
v -1.108013 0.220000 0.947739
v -0.942014 0.210000 0.947735
v -0.942014 0.220000 0.947735
v -1.108012 0.200000 1.002489
v -1.108012 0.210000 1.002489
v -0.942013 0.200000 1.002485
v -0.942013 0.210000 1.002485
v -1.108010 0.190000 1.057239
v -1.108010 0.200000 1.057239
v -0.942012 0.190000 1.057235
v -0.942012 0.200000 1.057235
v -1.108009 0.180000 1.111989
v -1.108009 0.190000 1.111989
v -0.942010 0.180000 1.111985
v -0.942010 0.190000 1.111985
v -1.108008 0.170000 1.166739
v -1.108008 0.180000 1.166739
v -0.942009 0.170000 1.166735
v -0.942009 0.180000 1.166735
v -1.108007 0.160000 1.221489
v -1.108007 0.170000 1.221489
v -0.942008 0.160000 1.221485
v -0.942008 0.170000 1.221485
v -1.108005 0.150000 1.276239
v -1.108005 0.160000 1.276239
v -0.942006 0.150000 1.276235
v -0.942006 0.160000 1.276235
v -1.108004 0.140000 1.330989
v -0.942005 0.140000 1.330985
v -1.108004 0.150000 1.330989
v -0.942005 0.150000 1.330985
v -1.108003 0.220000 2.169073
v -0.942004 0.220000 2.169073
v -1.108003 0.210000 1.977072
v -0.942004 0.220000 1.977072
v -0.942004 0.210000 1.977072
v -1.108003 0.200000 1.922323
v -0.942004 0.210000 1.922323
v -0.942004 0.200000 1.922323
v -1.108003 0.200000 1.867573
v -1.108003 0.190000 1.867573
v -0.942004 0.200000 1.867573
v -0.942004 0.190000 1.867573
v -1.108003 0.190000 1.812823
v -1.108003 0.180000 1.812823
v -0.942004 0.190000 1.812823
v -0.942004 0.180000 1.812823
v -1.108003 0.180000 1.758072
v -1.108003 0.170000 1.758072
v -0.942004 0.180000 1.758072
v -0.942004 0.170000 1.758072
v -1.108003 0.170000 1.703323
v -1.108003 0.160000 1.703323
v -0.942004 0.170000 1.703323
v -0.942004 0.160000 1.703323
v -1.108003 0.160000 1.648573
v -1.108003 0.150000 1.648573
v -0.942004 0.160000 1.648573
v -0.942004 0.150000 1.648573
v -1.108003 0.140000 1.593822
v -0.942004 0.140000 1.593822
v -0.942004 0.150000 1.593822
v -1.108003 0.150000 1.593822
v -1.108003 0.220000 1.977072
v -1.108003 0.210000 1.922323
v -1.113003 0.105000 1.539073
v -0.942004 0.105000 1.539073
v -0.932003 0.105000 1.539072
v -1.118002 0.105000 1.385739
v -1.108003 0.105000 1.385739
v -0.942004 0.105000 1.385735
v -0.932003 0.105000 1.385739
v 1.118002 0.240000 1.539072
v 0.932003 0.240000 1.539072
v 1.118002 0.240000 1.385739
v 0.932003 0.240000 1.385739
v 1.108003 0.240000 1.539073
v 0.942004 0.240000 1.539073
v 1.108003 0.240000 1.385740
v 0.942004 0.240000 1.385735
v 1.108003 0.137500 1.539073
v 0.942004 0.137500 1.539073
v 1.108003 0.136667 1.385739
v 0.942004 0.138333 1.385735
v 1.108017 0.240000 0.755739
v 0.942019 0.240000 0.755735
v 0.942004 0.240000 2.169073
v 1.108003 0.240000 2.169073
v 1.108017 0.220000 0.755739
v 0.942019 0.220000 0.755735
v 1.108013 0.210000 0.947739
v 1.108013 0.220000 0.947739
v 0.942014 0.215000 0.947735
v 1.108012 0.200000 1.002489
v 1.108012 0.210000 1.002489
v 0.942013 0.200000 1.002485
v 0.942013 0.210000 1.002485
v 1.108010 0.190000 1.057239
v 1.108010 0.200000 1.057239
v 0.942012 0.190000 1.057235
v 0.942012 0.200000 1.057235
v 1.108009 0.180000 1.111989
v 1.108009 0.190000 1.111989
v 0.942010 0.180000 1.111985
v 0.942010 0.190000 1.111985
v 1.108008 0.170000 1.166739
v 1.108008 0.180000 1.166739
v 0.942009 0.170000 1.166735
v 0.942009 0.180000 1.166735
v 1.108007 0.160000 1.221489
v 1.108007 0.170000 1.221489
v 0.942008 0.160000 1.221485
v 0.942008 0.170000 1.221485
v 1.108005 0.150000 1.276239
v 1.108005 0.160000 1.276239
v 0.942006 0.150000 1.276235
v 0.942006 0.160000 1.276235
v 1.108004 0.140000 1.330989
v 0.942005 0.140000 1.330985
v 1.108004 0.150000 1.330989
v 0.942005 0.150000 1.330985
v 1.108003 0.220000 2.169073
v 0.942004 0.220000 2.169073
v 1.108003 0.210000 1.977072
v 0.942004 0.220000 1.977072
v 0.942004 0.210000 1.977072
v 1.108003 0.200000 1.922323
v 0.942004 0.210000 1.922323
v 0.942004 0.200000 1.922323
v 1.108003 0.200000 1.867573
v 1.108003 0.190000 1.867573
v 0.942004 0.200000 1.867573
v 0.942004 0.190000 1.867573
v 1.108003 0.190000 1.812823
v 1.108003 0.180000 1.812823
v 0.942004 0.190000 1.812823
v 0.942004 0.180000 1.812823
v 1.108003 0.180000 1.758072
v 1.108003 0.170000 1.758072
v 0.942004 0.180000 1.758072
v 0.942004 0.170000 1.758072
v 1.108003 0.170000 1.703323
v 1.108003 0.160000 1.703323
v 0.942004 0.170000 1.703323
v 0.942004 0.160000 1.703323
v 1.108003 0.160000 1.648573
v 1.108003 0.150000 1.648573
v 0.942004 0.160000 1.648573
v 0.942004 0.150000 1.648573
v 1.108003 0.140000 1.593822
v 0.942004 0.140000 1.593822
v 0.942004 0.150000 1.593822
v 1.108003 0.150000 1.593822
v 1.108003 0.220000 1.977072
v 1.108003 0.210000 1.922323
v 1.113003 0.105000 1.539073
v 0.942004 0.105000 1.539073
v 0.932003 0.105000 1.539072
v 1.118002 0.105000 1.385739
v 1.108003 0.105000 1.385739
v 0.942004 0.105000 1.385735
v 0.932003 0.105000 1.385739
v -1.118002 0.240000 -1.539072
v -0.932003 0.240000 -1.539072
v -1.118002 0.240000 -1.385739
v -0.932003 0.240000 -1.385739
v -1.108003 0.240000 -1.539073
v -0.942004 0.240000 -1.539073
v -1.108003 0.240000 -1.385740
v -0.942004 0.240000 -1.385735
v -1.108003 0.137500 -1.539073
v -0.942004 0.137500 -1.539073
v -1.108003 0.136667 -1.385739
v -0.942004 0.138333 -1.385735
v -1.108017 0.240000 -0.755739
v -0.942019 0.240000 -0.755735
v -0.942004 0.240000 -2.169073
v -1.108003 0.240000 -2.169073
v -1.108017 0.220000 -0.755739
v -0.942019 0.220000 -0.755735
v -1.108013 0.210000 -0.947739
v -1.108013 0.220000 -0.947739
v -0.942014 0.210000 -0.947735
v -0.942014 0.220000 -0.947735
v -1.108012 0.200000 -1.002489
v -1.108012 0.210000 -1.002489
v -0.942013 0.200000 -1.002485
v -0.942013 0.210000 -1.002485
v -1.108010 0.190000 -1.057239
v -1.108010 0.200000 -1.057239
v -0.942012 0.190000 -1.057235
v -0.942012 0.200000 -1.057235
v -1.108009 0.180000 -1.111989
v -1.108009 0.190000 -1.111989
v -0.942010 0.180000 -1.111985
v -0.942010 0.190000 -1.111985
v -1.108008 0.170000 -1.166739
v -1.108008 0.180000 -1.166739
v -0.942009 0.170000 -1.166735
v -0.942009 0.180000 -1.166735
v -1.108007 0.160000 -1.221489
v -1.108007 0.170000 -1.221489
v -0.942008 0.160000 -1.221485
v -0.942008 0.170000 -1.221485
v -1.108005 0.150000 -1.276239
v -1.108005 0.160000 -1.276239
v -0.942006 0.150000 -1.276235
v -0.942006 0.160000 -1.276235
v -1.108004 0.140000 -1.330989
v -0.942005 0.140000 -1.330985
v -1.108004 0.150000 -1.330989
v -0.942005 0.150000 -1.330985
v -1.108003 0.220000 -2.169073
v -0.942004 0.220000 -2.169073
v -1.108003 0.210000 -1.977072
v -0.942004 0.220000 -1.977072
v -0.942004 0.210000 -1.977072
v -1.108003 0.200000 -1.922323
v -0.942004 0.210000 -1.922323
v -0.942004 0.200000 -1.922323
v -1.108003 0.200000 -1.867573
v -1.108003 0.190000 -1.867573
v -0.942004 0.200000 -1.867573
v -0.942004 0.190000 -1.867573
v -1.108003 0.190000 -1.812823
v -1.108003 0.180000 -1.812823
v -0.942004 0.190000 -1.812823
v -0.942004 0.180000 -1.812823
v -1.108003 0.180000 -1.758072
v -1.108003 0.170000 -1.758072
v -0.942004 0.180000 -1.758072
v -0.942004 0.170000 -1.758072
v -1.108003 0.170000 -1.703323
v -1.108003 0.160000 -1.703323
v -0.942004 0.170000 -1.703323
v -0.942004 0.160000 -1.703323
v -1.108003 0.160000 -1.648573
v -1.108003 0.150000 -1.648573
v -0.942004 0.160000 -1.648573
v -0.942004 0.150000 -1.648573
v -1.108003 0.140000 -1.593822
v -0.942004 0.140000 -1.593822
v -0.942004 0.150000 -1.593822
v -1.108003 0.150000 -1.593822
v -1.108003 0.220000 -1.977072
v -1.108003 0.210000 -1.922323
v -1.113003 0.105000 -1.539073
v -0.942004 0.105000 -1.539073
v -0.932003 0.105000 -1.539072
v -1.118002 0.105000 -1.385739
v -1.108003 0.105000 -1.385739
v -0.942004 0.105000 -1.385735
v -0.932003 0.105000 -1.385739
v 1.118002 0.240000 -1.539072
v 0.932003 0.240000 -1.539072
v 1.118002 0.240000 -1.385739
v 0.932003 0.240000 -1.385739
v 1.108003 0.240000 -1.539073
v 0.942004 0.240000 -1.539073
v 1.108003 0.240000 -1.385740
v 0.942004 0.240000 -1.385735
v 1.108003 0.137500 -1.539073
v 0.942004 0.137500 -1.539073
v 1.108003 0.136667 -1.385739
v 0.942004 0.138333 -1.385735
v 1.108017 0.240000 -0.755739
v 0.942019 0.240000 -0.755735
v 0.942004 0.240000 -2.169073
v 1.108003 0.240000 -2.169073
v 1.108017 0.220000 -0.755739
v 0.942019 0.220000 -0.755735
v 1.108013 0.210000 -0.947739
v 1.108013 0.220000 -0.947739
v 0.942014 0.210000 -0.947735
v 0.942014 0.220000 -0.947735
v 1.108012 0.200000 -1.002489
v 1.108012 0.210000 -1.002489
v 0.942013 0.200000 -1.002485
v 0.942013 0.210000 -1.002485
v 1.108010 0.190000 -1.057239
v 1.108010 0.200000 -1.057239
v 0.942012 0.190000 -1.057235
v 0.942012 0.200000 -1.057235
v 1.108009 0.180000 -1.111989
v 1.108009 0.190000 -1.111989
v 0.942010 0.180000 -1.111985
v 0.942010 0.190000 -1.111985
v 1.108008 0.170000 -1.166739
v 1.108008 0.180000 -1.166739
v 0.942009 0.170000 -1.166735
v 0.942009 0.180000 -1.166735
v 1.108007 0.160000 -1.221489
v 1.108007 0.170000 -1.221489
v 0.942008 0.160000 -1.221485
v 0.942008 0.170000 -1.221485
v 1.108005 0.150000 -1.276239
v 1.108005 0.160000 -1.276239
v 0.942006 0.150000 -1.276235
v 0.942006 0.160000 -1.276235
v 1.108004 0.140000 -1.330989
v 0.942005 0.140000 -1.330985
v 1.108004 0.150000 -1.330989
v 0.942005 0.150000 -1.330985
v 1.108003 0.220000 -2.169073
v 0.942004 0.220000 -2.169073
v 1.108003 0.210000 -1.977072
v 0.942004 0.220000 -1.977072
v 0.942004 0.210000 -1.977072
v 1.108003 0.200000 -1.922323
v 0.942004 0.210000 -1.922323
v 0.942004 0.200000 -1.922323
v 1.108003 0.200000 -1.867573
v 1.108003 0.190000 -1.867573
v 0.942004 0.200000 -1.867573
v 0.942004 0.190000 -1.867573
v 1.108003 0.190000 -1.812823
v 1.108003 0.180000 -1.812823
v 0.942004 0.190000 -1.812823
v 0.942004 0.180000 -1.812823
v 1.108003 0.180000 -1.758072
v 1.108003 0.170000 -1.758072
v 0.942004 0.180000 -1.758072
v 0.942004 0.170000 -1.758072
v 1.108003 0.170000 -1.703323
v 1.108003 0.160000 -1.703323
v 0.942004 0.170000 -1.703323
v 0.942004 0.160000 -1.703323
v 1.108003 0.160000 -1.648573
v 1.108003 0.150000 -1.648573
v 0.942004 0.160000 -1.648573
v 0.942004 0.150000 -1.648573
v 1.108003 0.140000 -1.593822
v 0.942004 0.140000 -1.593822
v 0.942004 0.150000 -1.593822
v 1.108003 0.150000 -1.593822
v 1.108003 0.220000 -1.977072
v 1.108003 0.210000 -1.922323
v 1.113003 0.105000 -1.539073
v 0.942004 0.105000 -1.539073
v 0.932003 0.105000 -1.539072
v 1.118002 0.105000 -1.385739
v 1.108003 0.105000 -1.385739
v 0.942004 0.105000 -1.385735
v 0.932003 0.105000 -1.385739
v 1.036330 0.767808 2.008741
v 1.041407 0.787808 2.009751
v 1.082674 0.767808 2.037325
v 1.085550 0.787808 2.041629
v 1.094999 0.767808 2.078975
v 1.094999 0.787808 2.078975
v 1.085549 0.767808 2.116323
v 1.082674 0.787808 2.120627
v 1.051787 0.767808 2.143647
v 1.051787 0.787808 2.143647
v 1.013667 0.767808 2.149209
v 1.008589 0.787808 2.148199
v 0.975501 0.767808 2.128473
v 0.975501 0.787808 2.128473
v 0.955775 0.767808 2.095385
v 0.954765 0.787808 2.090307
v 0.960327 0.767808 2.052187
v 0.960327 0.787808 2.052187
v 0.983348 0.767808 2.021301
v 0.987652 0.787808 2.018425
v 1.036330 0.215000 2.008741
v 1.041407 0.257223 2.009751
v 1.082674 0.215000 2.037325
v 1.085550 0.257223 2.041629
v 1.094999 0.215000 2.078975
v 1.094999 0.257223 2.078975
v 1.085549 0.215000 2.116323
v 1.082674 0.257223 2.120627
v 1.051787 0.215000 2.143647
v 1.051787 0.257223 2.143647
v 1.013667 0.215000 2.149209
v 1.008589 0.257223 2.148199
v 0.975501 0.215000 2.128473
v 0.975501 0.257223 2.128473
v 0.955775 0.215000 2.095385
v 0.954765 0.257223 2.090307
v 0.960327 0.215000 2.052187
v 0.960327 0.257223 2.052187
v 0.983348 0.215000 2.021301
v 0.987652 0.257223 2.018425
v 1.024999 0.770000 2.048978
v 1.046212 0.770000 2.057765
v 1.054999 0.770000 2.078978
v 1.046212 0.770000 2.100191
v 1.024999 0.770000 2.108978
v 1.003786 0.770000 2.100191
v 0.994999 0.770000 2.078978
v 1.003786 0.770000 2.057765
v 1.024634 0.172373 2.049884
v 1.044726 0.171309 2.058398
v 1.054093 0.172373 2.078613
v 1.045522 0.171069 2.098573
v 1.025364 0.172373 2.108072
v 1.005272 0.171309 2.099558
v 0.995905 0.172373 2.079343
v 1.004476 0.171069 2.059383
v 1.023613 0.187197 2.030869
v 1.025494 0.215001 2.029550
v 1.066841 0.188652 2.053818
v 1.068053 0.215001 2.054692
v 1.067438 0.187534 2.102018
v 1.067558 0.215001 2.104121
v 1.025867 0.188652 2.127794
v 1.024504 0.215001 2.128407
v 0.987678 0.185001 2.100525
v 0.982423 0.189420 2.104095
v 0.981944 0.215001 2.103263
v 0.982288 0.188652 2.055323
v 0.982439 0.215001 2.053836
v 1.046461 0.185423 2.041810
v 1.067823 0.185264 2.078978
v 1.046430 0.185325 2.116096
v 1.003539 0.185423 2.116148
v 0.982078 0.185423 2.078978
v 1.003567 0.185325 2.041860
v -1.013670 0.767808 2.008741
v -1.008593 0.787808 2.009751
v -0.967326 0.767808 2.037325
v -0.964450 0.787808 2.041630
v -0.955001 0.767808 2.078975
v -0.955001 0.787808 2.078975
v -0.964451 0.767808 2.116323
v -0.967327 0.787808 2.120627
v -0.998213 0.767808 2.143647
v -0.998213 0.787808 2.143647
v -1.036334 0.767808 2.149209
v -1.041411 0.787808 2.148199
v -1.074499 0.767808 2.128473
v -1.074499 0.787808 2.128473
v -1.094225 0.767808 2.095385
v -1.095235 0.787808 2.090308
v -1.089673 0.767808 2.052187
v -1.089673 0.787808 2.052187
v -1.066652 0.767808 2.021301
v -1.062348 0.787808 2.018425
v -1.013670 0.215000 2.008741
v -1.008593 0.257223 2.009751
v -0.967326 0.215000 2.037325
v -0.964450 0.257223 2.041630
v -0.955001 0.215000 2.078975
v -0.955001 0.257223 2.078975
v -0.964451 0.215000 2.116323
v -0.967327 0.257223 2.120627
v -0.998213 0.215000 2.143647
v -0.998213 0.257223 2.143647
v -1.036334 0.215000 2.149209
v -1.041411 0.257223 2.148199
v -1.074499 0.215000 2.128473
v -1.074499 0.257223 2.128473
v -1.094225 0.215000 2.095385
v -1.095235 0.257223 2.090308
v -1.089673 0.215000 2.052187
v -1.089673 0.257223 2.052187
v -1.066652 0.215000 2.021301
v -1.062348 0.257223 2.018425
v -1.025001 0.770000 2.048978
v -1.003788 0.770000 2.057765
v -0.995001 0.770000 2.078978
v -1.003788 0.770000 2.100191
v -1.025001 0.770000 2.108978
v -1.046214 0.770000 2.100191
v -1.055001 0.770000 2.078978
v -1.046214 0.770000 2.057765
v -1.025366 0.172373 2.049884
v -1.005274 0.171309 2.058398
v -0.995907 0.172373 2.078613
v -1.004478 0.171069 2.098573
v -1.024637 0.172373 2.108072
v -1.044728 0.171309 2.099558
v -1.054095 0.172373 2.079343
v -1.045524 0.171069 2.059383
v -1.026387 0.187197 2.030869
v -1.024506 0.215001 2.029550
v -0.983159 0.188652 2.053818
v -0.981947 0.215001 2.054692
v -0.982562 0.187534 2.102018
v -0.982442 0.215001 2.104121
v -1.024133 0.188652 2.127794
v -1.025496 0.215001 2.128407
v -1.062322 0.185001 2.100525
v -1.067576 0.189419 2.104096
v -1.068055 0.215001 2.103264
v -1.067711 0.188652 2.055322
v -1.067560 0.215001 2.053835
v -1.003539 0.185423 2.041809
v -0.982177 0.185264 2.078978
v -1.003569 0.185325 2.116096
v -1.046461 0.185423 2.116148
v -1.067921 0.185423 2.078978
v -1.046433 0.185325 2.041860
v -1.025001 0.767808 -2.008974
v -1.025001 0.787808 -2.008974
v -1.062348 0.767808 -2.018424
v -1.066653 0.787808 -2.021300
v -1.094225 0.767808 -2.062564
v -1.089673 0.787808 -2.052186
v -1.094225 0.787808 -2.095384
v -1.089673 0.767808 -2.105762
v -1.066652 0.767808 -2.136650
v -1.062348 0.787808 -2.139526
v -1.013669 0.767808 -2.149208
v -1.008592 0.787808 -2.148198
v -0.967327 0.767808 -2.120626
v -0.975504 0.787808 -2.128472
v -0.954767 0.787808 -2.090304
v -0.954767 0.767808 -2.067644
v -0.960330 0.787808 -2.052186
v -0.983350 0.767808 -2.021300
v -0.987654 0.787808 -2.018424
v -1.025001 0.215000 -2.008974
v -1.025001 0.257223 -2.008974
v -1.062348 0.215000 -2.018424
v -1.066653 0.257223 -2.021300
v -1.094225 0.215000 -2.062564
v -1.089673 0.257223 -2.052186
v -1.094225 0.257223 -2.095384
v -1.089673 0.215000 -2.105762
v -1.066652 0.215000 -2.136650
v -1.062348 0.257223 -2.139526
v -1.013669 0.215000 -2.149208
v -1.008592 0.257223 -2.148198
v -0.967327 0.215000 -2.120626
v -0.975504 0.257223 -2.128472
v -0.954767 0.257223 -2.090304
v -0.954767 0.215000 -2.067644
v -0.960330 0.257223 -2.052186
v -0.983350 0.215000 -2.021300
v -0.987654 0.257223 -2.018424
v -1.025001 0.770000 -2.048977
v -1.046215 0.770000 -2.057764
v -1.055001 0.770000 -2.078977
v -1.046215 0.770000 -2.100190
v -1.025001 0.770000 -2.108977
v -1.003788 0.770000 -2.100190
v -0.995001 0.770000 -2.078977
v -1.003788 0.770000 -2.057764
v -1.024636 0.172373 -2.049883
v -1.044729 0.171309 -2.058398
v -1.054095 0.172373 -2.078613
v -1.045525 0.171069 -2.098572
v -1.025366 0.172373 -2.108071
v -1.005274 0.171308 -2.099557
v -0.995907 0.172373 -2.079342
v -1.004478 0.171069 -2.059382
v -1.023615 0.187197 -2.030868
v -1.025496 0.215001 -2.029549
v -1.066844 0.188652 -2.053817
v -1.068056 0.215001 -2.054691
v -1.067441 0.187533 -2.102016
v -1.067561 0.215001 -2.104120
v -1.025870 0.188652 -2.127794
v -1.024507 0.215001 -2.128406
v -0.987681 0.185001 -2.100524
v -0.982426 0.189419 -2.104095
v -0.981947 0.215001 -2.103263
v -0.982291 0.188652 -2.055321
v -0.982442 0.215001 -2.053834
v -1.046464 0.185423 -2.041808
v -1.067826 0.185264 -2.078978
v -1.046433 0.185325 -2.116096
v -1.003540 0.185423 -2.116147
v -0.982081 0.185423 -2.078978
v -1.003569 0.185325 -2.041860
v 1.024999 0.767808 -2.008974
v 1.036328 0.787808 -2.008740
v 0.987652 0.767808 -2.018424
v 0.983347 0.787808 -2.021300
v 0.955775 0.767808 -2.062564
v 0.960327 0.787808 -2.052186
v 0.955775 0.787808 -2.095384
v 0.960327 0.767808 -2.105762
v 0.983348 0.767808 -2.136650
v 0.987652 0.787808 -2.139526
v 1.036331 0.767808 -2.149208
v 1.041408 0.787808 -2.148198
v 1.082673 0.767808 -2.120626
v 1.074496 0.787808 -2.128472
v 1.095233 0.787808 -2.090304
v 1.095233 0.767808 -2.067644
v 1.082674 0.787808 -2.037323
v 1.066650 0.767808 -2.021300
v 1.024999 0.215000 -2.008974
v 1.036328 0.257223 -2.008740
v 0.987652 0.215000 -2.018424
v 0.983347 0.257223 -2.021300
v 0.955775 0.215000 -2.062564
v 0.960327 0.257223 -2.052186
v 0.955775 0.257223 -2.095384
v 0.960327 0.215000 -2.105762
v 0.983348 0.215000 -2.136650
v 0.987652 0.257223 -2.139526
v 1.036331 0.215000 -2.149208
v 1.041408 0.257223 -2.148198
v 1.082673 0.215000 -2.120626
v 1.074496 0.257223 -2.128472
v 1.095233 0.257223 -2.090304
v 1.095233 0.215000 -2.067644
v 1.082674 0.257223 -2.037323
v 1.066650 0.215000 -2.021300
v 1.024999 0.770000 -2.048977
v 1.003785 0.770000 -2.057764
v 0.994999 0.770000 -2.078977
v 1.003785 0.770000 -2.100190
v 1.024999 0.770000 -2.108977
v 1.046212 0.770000 -2.100190
v 1.054999 0.770000 -2.078977
v 1.046212 0.770000 -2.057764
v 1.025364 0.172373 -2.049883
v 1.005271 0.171309 -2.058398
v 0.995905 0.172373 -2.078613
v 1.004475 0.171069 -2.098572
v 1.024635 0.172373 -2.108071
v 1.044726 0.171308 -2.099557
v 1.054093 0.172373 -2.079342
v 1.045522 0.171069 -2.059382
v 1.026385 0.187197 -2.030868
v 1.024504 0.215001 -2.029549
v 0.983157 0.188652 -2.053817
v 0.981945 0.215001 -2.054691
v 0.982559 0.187533 -2.102016
v 0.982439 0.215001 -2.104120
v 1.024130 0.188652 -2.127794
v 1.025494 0.215001 -2.128406
v 1.062319 0.185001 -2.100524
v 1.067574 0.189419 -2.104095
v 1.068053 0.215001 -2.103263
v 1.067709 0.188652 -2.055321
v 1.067558 0.215001 -2.053834
v 1.003537 0.185423 -2.041808
v 0.982174 0.185264 -2.078978
v 1.003567 0.185325 -2.116096
v 1.046460 0.185423 -2.116147
v 1.067919 0.185423 -2.078978
v 1.046431 0.185325 -2.041860
v 1.008590 0.767808 0.776159
v 1.041410 0.787808 0.776159
v 1.051788 0.767808 0.780711
v 1.082675 0.767808 0.803732
v 1.085551 0.787808 0.808036
v 1.095000 0.767808 0.845383
v 1.095000 0.787808 0.845383
v 1.085551 0.767808 0.882729
v 1.082675 0.787808 0.887033
v 1.041408 0.767808 0.914607
v 1.036330 0.787808 0.915617
v 0.987653 0.767808 0.905934
v 0.983349 0.787808 0.903058
v 0.960328 0.767808 0.872171
v 0.960328 0.787808 0.872171
v 0.954766 0.767808 0.834050
v 0.955776 0.787808 0.828973
v 0.975502 0.767808 0.795885
v 0.987653 0.787808 0.784831
v 1.008590 0.215000 0.776159
v 1.041410 0.257223 0.776159
v 1.051788 0.215000 0.780711
v 1.082675 0.215000 0.803732
v 1.085551 0.257223 0.808036
v 1.095000 0.215000 0.845383
v 1.095000 0.257223 0.845383
v 1.085551 0.215000 0.882729
v 1.082675 0.257223 0.887033
v 1.041408 0.215000 0.914607
v 1.036330 0.257223 0.915617
v 0.987653 0.215000 0.905934
v 0.983349 0.257223 0.903058
v 0.960328 0.215000 0.872171
v 0.960328 0.257223 0.872171
v 0.954766 0.215000 0.834050
v 0.955776 0.257223 0.828973
v 0.975502 0.215000 0.795885
v 0.987653 0.257223 0.784831
v 1.025000 0.770000 0.815386
v 1.046213 0.770000 0.824172
v 1.055000 0.770000 0.845386
v 1.046213 0.770000 0.866599
v 1.025000 0.770000 0.875386
v 1.003787 0.770000 0.866599
v 0.995000 0.770000 0.845386
v 1.003787 0.770000 0.824172
v 1.024636 0.172373 0.816292
v 1.044727 0.171309 0.824805
v 1.054094 0.172373 0.845021
v 1.045523 0.171069 0.864981
v 1.025365 0.172373 0.874480
v 1.005273 0.171309 0.865966
v 0.995906 0.172373 0.845751
v 1.004477 0.171069 0.825791
v 1.023613 0.187197 0.797276
v 1.025495 0.215001 0.795957
v 1.066842 0.188652 0.820226
v 1.068053 0.215001 0.821100
v 1.067439 0.187534 0.868426
v 1.067559 0.215001 0.870529
v 1.025868 0.188652 0.894202
v 1.024505 0.215001 0.894815
v 0.987680 0.185001 0.866932
v 0.982425 0.189419 0.870504
v 0.981946 0.215001 0.869672
v 0.982290 0.188652 0.821730
v 0.982441 0.215001 0.820243
v 1.046458 0.185423 0.808214
v 1.067824 0.185264 0.845385
v 1.046429 0.185325 0.882505
v 1.003542 0.185423 0.882556
v 0.982080 0.185423 0.845385
v 1.003571 0.185325 0.808266
v -1.000531 0.767808 0.775149
v -0.995454 0.787808 0.776159
v -0.954189 0.767808 0.803731
v -0.951313 0.787808 0.808035
v -0.941863 0.767808 0.845383
v -0.941863 0.787808 0.845383
v -0.951312 0.767808 0.882729
v -0.954188 0.787808 0.887033
v -0.995457 0.767808 0.914607
v -1.000534 0.787808 0.915617
v -1.049210 0.767808 0.905934
v -1.053514 0.787808 0.903058
v -1.081087 0.767808 0.861793
v -1.076535 0.787808 0.872171
v -1.081087 0.787808 0.828973
v -1.072415 0.767808 0.808036
v -1.049210 0.787808 0.784831
v -1.038651 0.767808 0.780711
v -1.000531 0.215000 0.775149
v -0.995454 0.257223 0.776159
v -0.954189 0.215000 0.803731
v -0.951313 0.257223 0.808035
v -0.941863 0.215000 0.845383
v -0.941863 0.257223 0.845383
v -0.951312 0.215000 0.882729
v -0.954188 0.257223 0.887033
v -0.995457 0.215000 0.914607
v -1.000534 0.257223 0.915617
v -1.049210 0.215000 0.905934
v -1.053514 0.257223 0.903058
v -1.081087 0.215000 0.861793
v -1.076535 0.257223 0.872171
v -1.081087 0.257223 0.828974
v -1.072415 0.215000 0.808036
v -1.049210 0.257223 0.784831
v -1.038651 0.215000 0.780711
v -1.011863 0.770000 0.815386
v -0.990650 0.770000 0.824172
v -0.981863 0.770000 0.845386
v -0.990650 0.770000 0.866599
v -1.011863 0.770000 0.875386
v -1.033077 0.770000 0.866599
v -1.041863 0.770000 0.845386
v -1.033077 0.770000 0.824172
v -1.012227 0.172373 0.816292
v -0.992136 0.171309 0.824805
v -0.982769 0.172373 0.845021
v -0.991340 0.171069 0.864980
v -1.011498 0.172373 0.874480
v -1.031591 0.171309 0.865966
v -1.040957 0.172373 0.845750
v -1.032387 0.171069 0.825791
v -1.013250 0.187197 0.797276
v -1.011368 0.215001 0.795957
v -0.970021 0.188652 0.820226
v -0.968809 0.215001 0.821100
v -0.969424 0.187534 0.868426
v -0.969304 0.215001 0.870529
v -1.010995 0.188652 0.894202
v -1.012358 0.215001 0.894815
v -1.049184 0.185001 0.866932
v -1.054439 0.189419 0.870504
v -1.054918 0.215001 0.869672
v -1.054574 0.188652 0.821730
v -1.054423 0.215001 0.820243
v -0.990405 0.185423 0.808214
v -0.969039 0.185264 0.845385
v -0.990434 0.185325 0.882505
v -1.033321 0.185423 0.882557
v -1.054784 0.185423 0.845385
v -1.033291 0.185325 0.808265
v -1.036332 0.767808 -0.775148
v -1.041410 0.787808 -0.776158
v -1.074498 0.767808 -0.795884
v -1.074498 0.787808 -0.795884
v -1.094224 0.767808 -0.828973
v -1.095234 0.787808 -0.834050
v -1.089672 0.767808 -0.872170
v -1.089672 0.787808 -0.872170
v -1.066652 0.767808 -0.903057
v -1.062347 0.787808 -0.905933
v -1.013670 0.767808 -0.915616
v -1.008592 0.787808 -0.914606
v -0.967325 0.767808 -0.887032
v -0.964449 0.787808 -0.882728
v -0.955000 0.767808 -0.845382
v -0.955000 0.787808 -0.845382
v -0.964449 0.767808 -0.808035
v -0.967325 0.787808 -0.803731
v -0.998212 0.767808 -0.780710
v -0.998212 0.787808 -0.780710
v -1.036332 0.215000 -0.775148
v -1.041410 0.257223 -0.776158
v -1.074498 0.215000 -0.795884
v -1.074498 0.257223 -0.795884
v -1.094224 0.215000 -0.828973
v -1.095234 0.257223 -0.834050
v -1.089672 0.215000 -0.872170
v -1.089672 0.257223 -0.872170
v -1.066652 0.215000 -0.903057
v -1.062347 0.257223 -0.905933
v -1.013670 0.215000 -0.915616
v -1.008592 0.257223 -0.914606
v -0.967325 0.215000 -0.887032
v -0.964449 0.257223 -0.882728
v -0.955000 0.215000 -0.845382
v -0.955000 0.257223 -0.845382
v -0.964449 0.215000 -0.808035
v -0.967325 0.257223 -0.803731
v -0.998212 0.215000 -0.780710
v -0.998212 0.257223 -0.780710
v -1.025000 0.770000 -0.815385
v -1.046213 0.770000 -0.824171
v -1.055000 0.770000 -0.845385
v -1.046213 0.770000 -0.866598
v -1.025000 0.770000 -0.875385
v -1.003787 0.770000 -0.866598
v -0.995000 0.770000 -0.845385
v -1.003787 0.770000 -0.824171
v -1.024636 0.172373 -0.816291
v -1.044727 0.171309 -0.824804
v -1.054094 0.172373 -0.845021
v -1.045524 0.171069 -0.864979
v -1.025365 0.172373 -0.874479
v -1.005273 0.171309 -0.865965
v -0.995906 0.172373 -0.845750
v -1.004477 0.171069 -0.825790
v -1.023613 0.187197 -0.797275
v -1.025495 0.215001 -0.795956
v -1.066842 0.188652 -0.820225
v -1.068053 0.215001 -0.821099
v -1.067439 0.187534 -0.868425
v -1.067559 0.215001 -0.870528
v -1.025868 0.188652 -0.894201
v -1.024505 0.215001 -0.894814
v -0.987680 0.185001 -0.866932
v -0.982425 0.189419 -0.870503
v -0.981946 0.215001 -0.869671
v -0.982290 0.188652 -0.821729
v -0.982441 0.215001 -0.820242
v -1.046458 0.185423 -0.808213
v -1.067824 0.185264 -0.845384
v -1.046428 0.185325 -0.882505
v -1.003543 0.185423 -0.882556
v -0.982080 0.185423 -0.845384
v -1.003571 0.185325 -0.808265
v 1.028273 0.767808 -0.776158
v 1.023196 0.787808 -0.775148
v 0.985075 0.767808 -0.780710
v 0.985075 0.787808 -0.780710
v 0.954188 0.767808 -0.803731
v 0.951312 0.787808 -0.808035
v 0.941863 0.767808 -0.845382
v 0.941863 0.787808 -0.845382
v 0.951312 0.767808 -0.882728
v 0.954188 0.787808 -0.887032
v 0.995456 0.767808 -0.914606
v 1.000533 0.787808 -0.915616
v 1.049210 0.767808 -0.905933
v 1.053514 0.787808 -0.903057
v 1.076535 0.767808 -0.872170
v 1.076535 0.787808 -0.872170
v 1.082097 0.767808 -0.834050
v 1.081087 0.787808 -0.828973
v 1.061361 0.767808 -0.795884
v 1.061361 0.787808 -0.795884
v 1.028273 0.215000 -0.776158
v 1.023196 0.257223 -0.775148
v 0.985075 0.215000 -0.780710
v 0.985075 0.257223 -0.780710
v 0.954188 0.215000 -0.803731
v 0.951312 0.257223 -0.808035
v 0.941863 0.215000 -0.845382
v 0.941863 0.257223 -0.845382
v 0.951312 0.215000 -0.882728
v 0.954188 0.257223 -0.887032
v 0.995456 0.215000 -0.914606
v 1.000533 0.257223 -0.915616
v 1.049210 0.215000 -0.905933
v 1.053514 0.257223 -0.903057
v 1.076535 0.215000 -0.872170
v 1.076535 0.257223 -0.872170
v 1.082097 0.215000 -0.834050
v 1.081087 0.257223 -0.828973
v 1.061361 0.215000 -0.795884
v 1.061361 0.257223 -0.795884
v 1.011863 0.770000 -0.815385
v 0.990650 0.770000 -0.824171
v 0.981863 0.770000 -0.845385
v 0.990650 0.770000 -0.866598
v 1.011863 0.770000 -0.875385
v 1.033076 0.770000 -0.866598
v 1.041863 0.770000 -0.845385
v 1.033076 0.770000 -0.824171
v 1.012227 0.172373 -0.816291
v 0.992136 0.171309 -0.824804
v 0.982769 0.172373 -0.845020
v 0.991340 0.171069 -0.864980
v 1.011498 0.172373 -0.874479
v 1.031590 0.171309 -0.865965
v 1.040957 0.172373 -0.845749
v 1.032387 0.171069 -0.825790
v 1.013250 0.187197 -0.797275
v 1.011368 0.215001 -0.795956
v 0.970021 0.188652 -0.820225
v 0.968809 0.215001 -0.821099
v 0.969424 0.187534 -0.868425
v 0.969304 0.215001 -0.870528
v 1.010995 0.188652 -0.894201
v 1.012358 0.215001 -0.894814
v 1.049183 0.185001 -0.866932
v 1.054438 0.189419 -0.870503
v 1.054917 0.215001 -0.869671
v 1.054573 0.188652 -0.821729
v 1.054422 0.215001 -0.820242
v 0.990405 0.185423 -0.808213
v 0.969039 0.185264 -0.845384
v 0.990434 0.185325 -0.882504
v 1.033321 0.185423 -0.882556
v 1.054783 0.185423 -0.845384
v 1.033292 0.185325 -0.808265
v -1.200000 0.897568 -1.183445
v -1.200000 0.897571 -1.742407
v -0.850002 0.295000 -1.892407
v -0.850002 0.897571 -1.992406
v -1.200000 0.295000 -1.892407
v -1.200000 0.897571 -1.992406
v -1.200000 0.897571 -0.932406
v -0.850002 0.897571 -0.932407
v -1.200000 0.295000 -1.032407
v -0.850002 0.295000 -1.032407
v -1.180000 0.770001 -1.232407
v -1.180000 0.350000 -1.232407
v -0.870002 0.350000 -1.692407
v -0.870002 0.770001 -1.692407
v -0.870002 0.770001 -1.232407
v -0.870002 0.350000 -1.232407
v -1.180000 0.350000 -1.692407
v -1.180000 0.770001 -1.692407
v -1.200000 0.295000 -1.742407
v -1.180000 0.295000 -1.692407
v -1.180000 0.295000 -1.742407
v -1.180000 0.396667 -1.692407
v -1.180000 0.723334 -1.692407
v -1.180000 0.436667 -1.732407
v -1.180000 0.683334 -1.732407
v -1.200000 0.295000 -1.129407
v -1.180000 0.295000 -1.232407
v -1.180000 0.295000 -1.129407
v -1.180000 0.723334 -1.232407
v -1.180000 0.396667 -1.232407
v -1.180000 0.683334 -1.192407
v -1.180000 0.436667 -1.192407
v -0.850002 0.897571 -1.742407
v -0.850002 0.295000 -1.742407
v -0.850002 0.295000 -1.129407
v -0.850002 0.897567 -1.184902
v -0.870002 0.295000 -1.742407
v -0.870002 0.295000 -1.692407
v -0.870002 0.295000 -1.129407
v -0.870002 0.295000 -1.232407
v -1.180000 0.833786 -1.692407
v -1.180000 0.833786 -1.232407
v -0.870002 0.833786 -1.692407
v -0.870002 0.833786 -1.232407
v -0.870002 0.833786 -1.742407
v -0.870002 0.833786 -1.182407
v -1.180000 0.833786 -1.182407
v -1.180000 0.833786 -1.742407
v -1.180001 0.295000 -1.892407
v -0.870002 0.295000 -1.892407
v -0.870002 0.897571 -1.992406
v -1.180001 0.897571 -1.992406
v -1.180001 0.897571 -0.932406
v -0.870002 0.897571 -0.932406
v -0.870002 0.295000 -1.037407
v -1.180001 0.295000 -1.032407
v -1.180001 0.897571 -0.942406
v -0.870002 0.897571 -0.942406
v -1.180001 0.295000 -1.042407
v -1.180001 0.295000 -1.882407
v -0.870002 0.295000 -1.882407
v -0.870002 0.897571 -1.982406
v -1.180001 0.897571 -1.982406
v 1.200000 0.897569 -1.183653
v 1.200000 0.897571 -1.742407
v 0.850002 0.295000 -1.892407
v 0.850002 0.897571 -1.992406
v 1.200000 0.295000 -1.892407
v 1.200000 0.897571 -1.992406
v 1.200000 0.897571 -0.932406
v 0.850002 0.897571 -0.932407
v 1.200000 0.295000 -1.032407
v 0.850002 0.295000 -1.032407
v 1.180000 0.770001 -1.232407
v 1.180000 0.350000 -1.232407
v 0.870002 0.350000 -1.692407
v 0.870002 0.770001 -1.692407
v 0.870002 0.770001 -1.232407
v 0.870002 0.350000 -1.232407
v 1.180000 0.350000 -1.692407
v 1.180000 0.770001 -1.692407
v 1.200000 0.295000 -1.742407
v 1.180000 0.295000 -1.692407
v 1.180000 0.295000 -1.742407
v 1.180000 0.396667 -1.692407
v 1.180000 0.723334 -1.692407
v 1.180000 0.436667 -1.732407
v 1.180000 0.683334 -1.732407
v 1.200000 0.295000 -1.129407
v 1.180000 0.295000 -1.232407
v 1.180000 0.295000 -1.129407
v 1.180000 0.723334 -1.232407
v 1.180000 0.396667 -1.232407
v 1.180000 0.683334 -1.192407
v 1.180000 0.436667 -1.192407
v 0.850002 0.897571 -1.742407
v 0.850002 0.295000 -1.742407
v 0.850002 0.295000 -1.129407
v 0.850002 0.897567 -1.184902
v 0.870002 0.295000 -1.742407
v 0.870002 0.295000 -1.692407
v 0.870002 0.295000 -1.129407
v 0.870002 0.295000 -1.232407
v 1.180000 0.833786 -1.692407
v 1.180000 0.833786 -1.232407
v 0.870002 0.833786 -1.692407
v 0.870002 0.833786 -1.232407
v 0.870002 0.833786 -1.742407
v 0.870002 0.833786 -1.182407
v 1.180000 0.833786 -1.182407
v 1.180000 0.833786 -1.742407
v 1.180001 0.295000 -1.892407
v 0.870002 0.295000 -1.892407
v 0.870002 0.897571 -1.992406
v 1.180001 0.897571 -1.992406
v 1.180001 0.897571 -0.932406
v 0.870002 0.897571 -0.932406
v 0.870002 0.295000 -1.032407
v 1.180001 0.295000 -1.032407
v 1.180001 0.897571 -0.942406
v 0.870002 0.897571 -0.942406
v 0.870002 0.295000 -1.042407
v 1.180001 0.295000 -1.042407
v 1.180001 0.295000 -1.882407
v 0.870002 0.295000 -1.882407
v 0.870002 0.897571 -1.982406
v 1.180001 0.897571 -1.982406
v -1.200000 0.897569 1.183653
v -1.200000 0.897571 1.742407
v -0.850002 0.295000 1.892407
v -0.850002 0.897571 1.992406
v -1.200000 0.295000 1.892407
v -1.200000 0.897571 1.992406
v -1.200000 0.897571 0.932406
v -0.850002 0.897571 0.932407
v -1.200000 0.295000 1.032407
v -0.850002 0.295000 1.032407
v -1.180000 0.770001 1.232407
v -1.180000 0.350000 1.232407
v -0.870002 0.350000 1.692407
v -0.870002 0.770001 1.692407
v -0.870002 0.770001 1.232407
v -0.870002 0.350000 1.232407
v -1.180000 0.350000 1.692407
v -1.180000 0.770001 1.692407
v -1.200000 0.295000 1.742407
v -1.180000 0.295000 1.692407
v -1.180000 0.295000 1.742407
v -1.180000 0.396667 1.692407
v -1.180000 0.723334 1.692407
v -1.180000 0.436667 1.732407
v -1.180000 0.683334 1.732407
v -1.200000 0.295000 1.129407
v -1.180000 0.295000 1.232407
v -1.180000 0.295000 1.129407
v -1.180000 0.723334 1.232407
v -1.180000 0.396667 1.232407
v -1.180000 0.683334 1.192407
v -1.180000 0.436667 1.192407
v -0.850002 0.897571 1.742407
v -0.850002 0.295000 1.742407
v -0.850002 0.295000 1.129407
v -0.850002 0.897567 1.184902
v -0.870002 0.295000 1.742407
v -0.870002 0.295000 1.692407
v -0.870002 0.295000 1.129407
v -0.870002 0.295000 1.232407
v -1.180000 0.833786 1.692407
v -1.180000 0.833786 1.232407
v -0.870002 0.833786 1.692407
v -0.870002 0.833786 1.232407
v -0.870002 0.833786 1.742407
v -0.870002 0.833786 1.182407
v -1.180000 0.833786 1.182407
v -1.180000 0.833786 1.742407
v -1.180001 0.295000 1.892407
v -0.870002 0.295000 1.892407
v -0.870002 0.897571 1.992406
v -1.180001 0.897571 1.992406
v -1.180001 0.897571 0.932406
v -0.870002 0.897571 0.932406
v -0.870002 0.295000 1.032407
v -1.180001 0.295000 1.032407
v -1.180001 0.897571 0.942406
v -0.870002 0.897571 0.942406
v -0.870002 0.295000 1.042407
v -1.180001 0.295000 1.042407
v -1.180001 0.295000 1.882407
v -0.870002 0.295000 1.882407
v -0.870002 0.897571 1.982406
v -1.180001 0.897571 1.982406
v 1.200000 0.897569 1.183445
v 1.200000 0.897571 1.742407
v 0.850002 0.295000 1.892407
v 0.850002 0.897571 1.992406
v 1.200000 0.295000 1.892407
v 1.200000 0.897571 1.992406
v 1.200000 0.897571 0.932406
v 0.850002 0.897571 0.932407
v 1.200000 0.295000 1.032407
v 0.850002 0.295000 1.032407
v 1.180000 0.770001 1.232407
v 1.180000 0.350000 1.232407
v 0.870002 0.350000 1.692407
v 0.870002 0.770001 1.692407
v 0.870002 0.770001 1.232407
v 0.870002 0.350000 1.232407
v 1.180000 0.350000 1.692407
v 1.180000 0.770001 1.692407
v 1.200000 0.295000 1.742407
v 1.180000 0.295000 1.692407
v 1.180000 0.295000 1.742407
v 1.180000 0.396667 1.692407
v 1.180000 0.723334 1.692407
v 1.180000 0.436667 1.732407
v 1.180000 0.683334 1.732407
v 1.200000 0.295000 1.129407
v 1.180000 0.295000 1.232407
v 1.180000 0.295000 1.129407
v 1.180000 0.723334 1.232407
v 1.180000 0.396667 1.232407
v 1.180000 0.683334 1.192407
v 1.180000 0.436667 1.192407
v 0.850002 0.897571 1.742407
v 0.850002 0.295000 1.742407
v 0.850002 0.295000 1.129407
v 0.850002 0.897567 1.184902
v 0.870002 0.295000 1.742407
v 0.870002 0.295000 1.692407
v 0.870002 0.295000 1.129407
v 0.870002 0.295000 1.232407
v 1.180000 0.833786 1.692407
v 1.180000 0.833786 1.232407
v 0.870002 0.833786 1.692407
v 0.870002 0.833786 1.232407
v 0.870002 0.833786 1.742407
v 0.870002 0.833786 1.182407
v 1.180000 0.833786 1.182407
v 1.180000 0.833786 1.742407
v 1.180001 0.295000 1.892407
v 0.870002 0.295000 1.892407
v 0.870002 0.897571 1.992406
v 1.180001 0.897571 1.992406
v 1.180001 0.897571 0.932406
v 0.870002 0.897571 0.932406
v 0.870002 0.295000 1.037407
v 1.180001 0.295000 1.032407
v 1.180001 0.897571 0.942406
v 0.870002 0.897571 0.942406
v 1.180001 0.295000 1.042407
v 1.180001 0.295000 1.882407
v 0.870002 0.295000 1.882407
v 0.870002 0.897571 1.982406
v 1.180001 0.897571 1.982406
v 1.117998 0.897571 2.002310
v 1.087999 0.897571 2.002310
v 0.962000 0.897571 2.002310
v 0.931999 0.897571 2.002310
v 1.117998 0.897571 2.155643
v 1.087999 0.897571 2.155643
v 0.962000 0.897571 2.155647
v 0.931999 0.897571 2.155643
v 1.117998 0.797571 2.002310
v 1.087999 0.797571 2.002310
v 0.962000 0.797571 2.002310
v 0.931999 0.797571 2.002310
v 1.117998 0.797571 2.155643
v 1.087999 0.797571 2.155643
v 0.962000 0.797571 2.155647
v 0.931999 0.797571 2.155643
v 1.117998 0.787571 2.002310
v 0.931999 0.787571 2.002310
v 1.117998 0.787571 2.155643
v 0.931999 0.787571 2.155643
v 1.087999 0.822614 2.044225
v 1.087999 0.822614 2.113728
v 0.931999 0.813785 2.105477
v 0.962000 0.822614 2.113732
v 1.117998 0.813785 2.105477
v 0.962000 0.822614 2.044225
v 0.931999 0.813784 2.052478
v 1.117998 0.813784 2.052478
v 0.992000 0.797571 2.155646
v 1.057999 0.797571 2.155644
v 0.991999 0.797571 2.002310
v 1.057999 0.797571 2.002310
v 0.962000 0.879770 2.107437
v 0.962000 0.888673 2.080484
v 0.962000 0.880753 2.051285
v 1.087999 0.880552 2.051785
v 1.087999 0.888673 2.077471
v 1.087999 0.881363 2.105471
v 0.992000 0.888673 2.077473
v 0.992000 0.881363 2.105473
v 1.058012 0.879775 2.107431
v 1.057959 0.888672 2.080482
v 0.992000 0.880552 2.051786
v 1.058523 0.880732 2.051265
v 1.117998 0.806640 2.078977
v 0.931999 0.806640 2.078977
v 0.962000 0.806221 2.078979
v 1.087999 0.806221 2.078977
v 0.924999 0.838525 2.053894
v 0.924999 0.818970 2.067735
v 0.924999 0.820945 2.092314
v 0.924999 0.841218 2.105084
v 0.924999 0.863170 2.093851
v 0.924999 0.867655 2.074931
v 0.924999 0.857448 2.058379
v 1.124442 0.846831 2.054350
v 1.124609 0.828189 2.058644
v 1.124442 0.817944 2.074716
v 1.124566 0.822213 2.093363
v 1.122023 0.832802 2.102564
v 1.124442 0.848059 2.103360
v 1.124723 0.860180 2.095879
v 1.124442 0.867198 2.083238
v 1.124566 0.862929 2.064590
v 1.118005 0.846618 2.053894
v 1.119992 0.838525 2.053894
v 1.118005 0.827695 2.058379
v 1.119992 0.857448 2.058379
v 1.119992 0.818970 2.067735
v 1.118005 0.817487 2.074931
v 1.119992 0.820945 2.092314
v 1.118005 0.821972 2.093851
v 1.118005 0.843925 2.105084
v 1.119992 0.846618 2.104061
v 1.119992 0.863170 2.093851
v 1.118005 0.864197 2.092314
v 1.119992 0.867655 2.074931
v 1.118005 0.866173 2.067735
v 1.118010 0.851304 2.046190
v 1.119992 0.826901 2.046505
v 1.118010 0.825564 2.049617
v 1.118034 0.809037 2.072308
v 1.118039 0.814142 2.097972
v 1.118010 0.833838 2.111763
v 1.119992 0.858244 2.111448
v 1.118010 0.859582 2.108335
v 1.118039 0.876106 2.085646
v 1.118010 0.871929 2.061967
v 1.119992 0.866321 2.055228
v -1.117998 0.897571 2.002310
v -1.087999 0.897571 2.002310
v -0.962000 0.897571 2.002310
v -0.931999 0.897571 2.002310
v -1.117998 0.897571 2.155643
v -1.087999 0.897571 2.155643
v -0.962000 0.897571 2.155647
v -0.931999 0.897571 2.155643
v -1.117998 0.797571 2.002310
v -1.087999 0.797571 2.002310
v -0.962000 0.797571 2.002310
v -0.931999 0.797571 2.002310
v -1.117998 0.797571 2.155643
v -1.087999 0.797571 2.155643
v -0.962000 0.797571 2.155647
v -0.931999 0.797571 2.155643
v -1.117998 0.787571 2.002310
v -0.931999 0.787571 2.002310
v -1.117998 0.787571 2.155643
v -0.931999 0.787571 2.155643
v -1.087999 0.822614 2.044225
v -1.087999 0.822614 2.113728
v -0.931999 0.813785 2.105477
v -0.962000 0.822614 2.113732
v -1.117998 0.813785 2.105477
v -0.962000 0.822614 2.044225
v -0.931999 0.813784 2.052478
v -1.117998 0.813784 2.052477
v -0.992000 0.797571 2.155646
v -1.057999 0.797571 2.155644
v -0.991999 0.797571 2.002310
v -1.057999 0.797571 2.002310
v -0.962000 0.879770 2.107437
v -0.962000 0.888673 2.080484
v -0.962000 0.880753 2.051285
v -1.087999 0.880552 2.051785
v -1.087999 0.888673 2.077471
v -1.087999 0.881363 2.105471
v -0.992000 0.888673 2.077473
v -0.992000 0.881363 2.105473
v -1.057999 0.879770 2.107435
v -1.057946 0.888673 2.080470
v -0.992000 0.880552 2.051786
v -1.058520 0.880735 2.051268
v -1.117998 0.806640 2.078977
v -0.931999 0.806640 2.078977
v -0.962000 0.806221 2.078979
v -1.087999 0.806221 2.078977
v -0.924999 0.848431 2.054254
v -0.924999 0.829232 2.057352
v -0.924999 0.817848 2.073117
v -0.924999 0.823154 2.096480
v -0.924999 0.846618 2.104061
v -0.924999 0.863170 2.093851
v -0.924999 0.867209 2.070236
v -1.124610 0.846779 2.054430
v -1.121746 0.830778 2.056161
v -1.124442 0.821449 2.065616
v -1.124680 0.818146 2.079458
v -1.124442 0.822144 2.093377
v -1.122430 0.832854 2.102436
v -1.124609 0.848077 2.103266
v -1.124442 0.863693 2.092337
v -1.124680 0.866997 2.078496
v -1.124442 0.862998 2.064576
v -1.118005 0.846617 2.053894
v -1.119992 0.848431 2.054254
v -1.118005 0.827695 2.058379
v -1.119992 0.817848 2.073117
v -1.118005 0.817488 2.074931
v -1.119992 0.820945 2.092314
v -1.118005 0.825068 2.098395
v -1.119992 0.846618 2.104061
v -1.118005 0.848431 2.103700
v -1.119992 0.863170 2.093851
v -1.118005 0.864197 2.092314
v -1.119992 0.867209 2.070236
v -1.118005 0.866173 2.067735
v -1.118010 0.851304 2.046190
v -1.119992 0.826901 2.046505
v -1.118010 0.825564 2.049617
v -1.118039 0.809037 2.072308
v -1.118010 0.813213 2.095987
v -1.119992 0.830690 2.113018
v -1.118010 0.833838 2.111763
v -1.118034 0.861567 2.107406
v -1.118010 0.875359 2.087707
v -1.119992 0.875043 2.063308
v -1.118010 0.871929 2.061967
v 1.117998 0.897571 -2.002310
v 1.087999 0.897571 -2.002310
v 0.962000 0.897571 -2.002310
v 0.931999 0.897571 -2.002310
v 1.117998 0.897571 -2.155643
v 1.087999 0.897571 -2.155643
v 0.962000 0.897571 -2.155647
v 0.931999 0.897571 -2.155643
v 1.117998 0.797571 -2.002310
v 1.087999 0.797571 -2.002310
v 0.962000 0.797571 -2.002310
v 0.931999 0.797571 -2.002310
v 1.117998 0.797571 -2.155643
v 1.087999 0.797571 -2.155643
v 0.962000 0.797571 -2.155647
v 0.931999 0.797571 -2.155643
v 1.117998 0.787571 -2.002310
v 0.931999 0.787571 -2.002310
v 1.117998 0.787571 -2.155643
v 0.931999 0.787571 -2.155643
v 1.087999 0.822613 -2.044225
v 1.087999 0.822613 -2.113728
v 0.931999 0.813785 -2.105477
v 0.962000 0.822613 -2.113732
v 1.117998 0.813785 -2.105477
v 0.962000 0.822613 -2.044225
v 0.931999 0.813784 -2.052478
v 1.117998 0.813784 -2.052477
v 0.992000 0.797571 -2.155646
v 1.057999 0.797571 -2.155644
v 0.991999 0.797571 -2.002310
v 1.057999 0.797571 -2.002310
v 0.962000 0.879770 -2.107437
v 0.962000 0.888672 -2.080484
v 0.962000 0.880753 -2.051285
v 1.087999 0.880552 -2.051785
v 1.087999 0.888672 -2.077471
v 1.087999 0.881363 -2.105471
v 0.992000 0.888672 -2.077473
v 0.992000 0.881363 -2.105473
v 1.057999 0.879770 -2.107435
v 1.057946 0.888672 -2.080470
v 0.992000 0.880552 -2.051786
v 1.058520 0.880735 -2.051268
v 1.117998 0.806640 -2.078977
v 0.931999 0.806640 -2.078977
v 0.962000 0.806221 -2.078979
v 1.087999 0.806221 -2.078977
v 0.924999 0.848430 -2.054254
v 0.924999 0.829231 -2.057352
v 0.924999 0.817848 -2.073117
v 0.924999 0.823153 -2.096480
v 0.924999 0.846618 -2.104061
v 0.924999 0.863170 -2.093851
v 0.924999 0.867209 -2.070236
v 1.124610 0.846778 -2.054430
v 1.121746 0.830777 -2.056161
v 1.124442 0.821449 -2.065616
v 1.124680 0.818145 -2.079458
v 1.124442 0.822144 -2.093377
v 1.122430 0.832854 -2.102436
v 1.124609 0.848076 -2.103266
v 1.124442 0.863693 -2.092337
v 1.124680 0.866996 -2.078496
v 1.124442 0.862998 -2.064576
v 1.118005 0.846617 -2.053894
v 1.119992 0.848430 -2.054254
v 1.118005 0.827694 -2.058379
v 1.119992 0.817848 -2.073117
v 1.118005 0.817487 -2.074931
v 1.119992 0.820945 -2.092314
v 1.118005 0.825068 -2.098395
v 1.119992 0.846618 -2.104061
v 1.118005 0.848431 -2.103700
v 1.119992 0.863170 -2.093851
v 1.118005 0.864197 -2.092314
v 1.119992 0.867209 -2.070236
v 1.118005 0.866172 -2.067735
v 1.118010 0.851304 -2.046190
v 1.119992 0.826901 -2.046505
v 1.118010 0.825563 -2.049617
v 1.118039 0.809036 -2.072308
v 1.118010 0.813213 -2.095987
v 1.119992 0.830690 -2.113018
v 1.118010 0.833838 -2.111763
v 1.118034 0.861567 -2.107406
v 1.118010 0.875358 -2.087707
v 1.119992 0.875043 -2.063308
v 1.118010 0.871929 -2.061967
v -1.117998 0.897571 -2.002310
v -1.087999 0.897571 -2.002310
v -0.962000 0.897571 -2.002310
v -0.931999 0.897571 -2.002310
v -1.117998 0.897571 -2.155643
v -1.087999 0.897571 -2.155643
v -0.962000 0.897571 -2.155647
v -0.931999 0.897571 -2.155643
v -1.117998 0.797571 -2.002310
v -1.087999 0.797571 -2.002310
v -0.962000 0.797571 -2.002310
v -0.931999 0.797571 -2.002310
v -1.117998 0.797571 -2.155643
v -1.087999 0.797571 -2.155643
v -0.962000 0.797571 -2.155647
v -0.931999 0.797571 -2.155643
v -1.117998 0.787571 -2.002310
v -0.931999 0.787571 -2.002310
v -1.117998 0.787571 -2.155643
v -0.931999 0.787571 -2.155643
v -1.087999 0.822613 -2.044225
v -1.087999 0.822613 -2.113728
v -0.931999 0.813785 -2.105477
v -0.962000 0.822613 -2.113732
v -1.117998 0.813785 -2.105477
v -0.962000 0.822613 -2.044225
v -0.931999 0.813784 -2.052478
v -1.117998 0.813784 -2.052478
v -0.992000 0.797571 -2.155646
v -1.057999 0.797571 -2.155644
v -0.991999 0.797571 -2.002310
v -1.057999 0.797571 -2.002310
v -0.962000 0.879770 -2.107437
v -0.962000 0.888672 -2.080484
v -0.962000 0.880753 -2.051285
v -1.087999 0.880552 -2.051785
v -1.087999 0.888672 -2.077471
v -1.087999 0.881363 -2.105471
v -0.992000 0.888672 -2.077473
v -0.992000 0.881363 -2.105473
v -1.058012 0.879775 -2.107431
v -1.057959 0.888672 -2.080482
v -0.992000 0.880552 -2.051786
v -1.058523 0.880732 -2.051265
v -1.117998 0.806640 -2.078977
v -0.931999 0.806640 -2.078977
v -0.962000 0.806221 -2.078979
v -1.087999 0.806221 -2.078977
v -0.924999 0.838524 -2.053894
v -0.924999 0.818969 -2.067735
v -0.924999 0.820945 -2.092314
v -0.924999 0.841217 -2.105084
v -0.924999 0.863170 -2.093851
v -0.924999 0.867655 -2.074931
v -0.924999 0.857447 -2.058379
v -1.124442 0.846830 -2.054350
v -1.124609 0.828188 -2.058644
v -1.124442 0.817944 -2.074716
v -1.124566 0.822213 -2.093363
v -1.122023 0.832801 -2.102564
v -1.124442 0.848059 -2.103360
v -1.124723 0.860180 -2.095879
v -1.124442 0.867198 -2.083238
v -1.124566 0.862929 -2.064590
v -1.118005 0.846617 -2.053894
v -1.119992 0.838524 -2.053894
v -1.118005 0.827694 -2.058379
v -1.119992 0.857447 -2.058379
v -1.119992 0.818969 -2.067735
v -1.118005 0.817487 -2.074931
v -1.119992 0.820945 -2.092314
v -1.118005 0.821972 -2.093851
v -1.118005 0.843924 -2.105084
v -1.119992 0.846618 -2.104061
v -1.119992 0.863170 -2.093851
v -1.118005 0.864197 -2.092314
v -1.119992 0.867655 -2.074931
v -1.118005 0.866172 -2.067735
v -1.118010 0.851304 -2.046190
v -1.119992 0.826901 -2.046505
v -1.118010 0.825563 -2.049617
v -1.118034 0.809036 -2.072308
v -1.118039 0.814142 -2.097972
v -1.118010 0.833838 -2.111763
v -1.119992 0.858244 -2.111448
v -1.118010 0.859582 -2.108335
v -1.118039 0.876105 -2.085646
v -1.118010 0.871928 -2.061967
v -1.119992 0.866321 -2.055228
v 1.117998 0.897571 0.769176
v 1.087999 0.897571 0.769176
v 0.962000 0.897571 0.769176
v 0.931999 0.897571 0.769176
v 1.117998 0.897571 0.922509
v 1.087999 0.897571 0.922510
v 0.962000 0.897571 0.922513
v 0.931999 0.897571 0.922509
v 1.117998 0.797571 0.769176
v 1.087999 0.797571 0.769176
v 0.962000 0.797571 0.769176
v 0.931999 0.797571 0.769176
v 1.117998 0.797571 0.922509
v 1.087999 0.797571 0.922510
v 0.962000 0.797571 0.922513
v 0.931999 0.797571 0.922509
v 1.117998 0.787571 0.769176
v 0.931999 0.787571 0.769176
v 1.117998 0.787571 0.922509
v 0.931999 0.787571 0.922509
v 1.087999 0.822614 0.811092
v 1.087999 0.822614 0.880594
v 0.931999 0.813785 0.872343
v 0.962000 0.822614 0.880598
v 1.117998 0.813785 0.872343
v 0.962000 0.822614 0.811092
v 0.931999 0.813784 0.819343
v 1.117998 0.813784 0.819343
v 0.992000 0.797571 0.922512
v 1.057999 0.797571 0.922511
v 0.991999 0.797571 0.769176
v 1.057999 0.797571 0.769176
v 0.962000 0.879770 0.874303
v 0.962000 0.888673 0.847350
v 0.962000 0.880753 0.818150
v 1.087999 0.880552 0.818651
v 1.087999 0.888673 0.844338
v 1.087999 0.881363 0.872337
v 0.992000 0.888673 0.844339
v 0.992000 0.881363 0.872339
v 1.058012 0.879775 0.874296
v 1.057959 0.888672 0.847348
v 0.992000 0.880552 0.818652
v 1.058523 0.880732 0.818131
v 1.117998 0.806640 0.845842
v 0.931999 0.806640 0.845842
v 0.962000 0.806221 0.845845
v 1.087999 0.806221 0.845842
v 0.924999 0.838525 0.820759
v 0.924999 0.821973 0.830966
v 0.924999 0.817487 0.849889
v 0.924999 0.827695 0.866441
v 0.924999 0.846617 0.870927
v 0.924999 0.863169 0.860719
v 0.924999 0.867655 0.841797
v 0.924999 0.857448 0.825245
v 1.124442 0.846832 0.821216
v 1.124160 0.832886 0.823122
v 1.124609 0.821503 0.832560
v 1.124442 0.818188 0.851330
v 1.124566 0.829268 0.866925
v 1.124442 0.848059 0.870226
v 1.124723 0.860180 0.862745
v 1.124442 0.867198 0.850104
v 1.124566 0.862929 0.831456
v 1.118005 0.846618 0.820759
v 1.119992 0.838525 0.820759
v 1.118005 0.827695 0.825245
v 1.119992 0.857448 0.825245
v 1.119992 0.821973 0.830966
v 1.118005 0.817487 0.841797
v 1.119992 0.817487 0.849889
v 1.118005 0.821973 0.860719
v 1.119992 0.827695 0.866441
v 1.118005 0.843924 0.871950
v 1.119992 0.846617 0.870927
v 1.119992 0.863169 0.860719
v 1.118005 0.867209 0.854584
v 1.119992 0.867655 0.841797
v 1.118005 0.863169 0.830966
v 1.118010 0.851301 0.813055
v 1.119992 0.854451 0.811801
v 1.118010 0.825562 0.816485
v 1.119992 0.808528 0.833965
v 1.118010 0.809784 0.837113
v 1.118039 0.814142 0.864838
v 1.118010 0.833838 0.878629
v 1.119992 0.858244 0.878314
v 1.118010 0.859582 0.875201
v 1.118039 0.876106 0.852512
v 1.118010 0.871928 0.828832
v -1.117998 0.897571 0.769176
v -1.087999 0.897571 0.769176
v -0.962000 0.897571 0.769176
v -0.931999 0.897571 0.769176
v -1.117998 0.897571 0.922509
v -1.087999 0.897571 0.922510
v -0.962000 0.897571 0.922513
v -0.931999 0.897571 0.922509
v -1.117998 0.797571 0.769176
v -1.087999 0.797571 0.769176
v -0.962000 0.797571 0.769176
v -0.931999 0.797571 0.769176
v -1.117998 0.797571 0.922509
v -1.087999 0.797571 0.922510
v -0.962000 0.797571 0.922513
v -0.931999 0.797571 0.922509
v -1.117998 0.787571 0.769176
v -0.931999 0.787571 0.769176
v -1.117998 0.787571 0.922509
v -0.931999 0.787571 0.922509
v -1.087999 0.822614 0.811092
v -1.087999 0.822614 0.880594
v -0.931999 0.813785 0.872343
v -0.962000 0.822614 0.880598
v -1.117998 0.813785 0.872343
v -0.962000 0.822614 0.811092
v -0.931999 0.813784 0.819343
v -1.117998 0.813784 0.819343
v -0.992000 0.797571 0.922512
v -1.057999 0.797571 0.922511
v -0.991999 0.797571 0.769176
v -1.057999 0.797571 0.769176
v -0.962000 0.879770 0.874303
v -0.962000 0.888673 0.847350
v -0.962000 0.880753 0.818150
v -1.087999 0.880552 0.818651
v -1.087999 0.888673 0.844338
v -1.087999 0.881363 0.872337
v -0.992000 0.888673 0.844339
v -0.992000 0.881363 0.872339
v -1.057999 0.879770 0.874301
v -1.057946 0.888673 0.847336
v -0.992000 0.880552 0.818652
v -1.058520 0.880735 0.818133
v -1.117998 0.806640 0.845842
v -0.931999 0.806640 0.845842
v -0.962000 0.806221 0.845845
v -1.087999 0.806221 0.845842
v -0.924999 0.838525 0.820759
v -0.924999 0.821973 0.830966
v -0.924999 0.817487 0.849889
v -0.924999 0.827695 0.866441
v -0.924999 0.846617 0.870927
v -0.924999 0.863169 0.860719
v -0.924999 0.867655 0.841797
v -0.924999 0.857448 0.825245
v -1.124609 0.837066 0.821553
v -1.124442 0.821449 0.832482
v -1.124566 0.818257 0.851343
v -1.124442 0.829209 0.866965
v -1.124723 0.843071 0.870246
v -1.124442 0.856973 0.866270
v -1.124566 0.867139 0.850065
v -1.124442 0.862998 0.831441
v -1.121486 0.855463 0.823264
v -1.118005 0.841218 0.819736
v -1.119992 0.838525 0.820759
v -1.119992 0.821973 0.830966
v -1.118005 0.820946 0.832504
v -1.119992 0.817487 0.849889
v -1.118005 0.818970 0.857085
v -1.119992 0.827695 0.866441
v -1.118005 0.838525 0.870927
v -1.119992 0.846617 0.870927
v -1.118005 0.857448 0.866441
v -1.119992 0.863169 0.860719
v -1.118005 0.867655 0.849889
v -1.119992 0.867655 0.841797
v -1.118005 0.863169 0.830966
v -1.118034 0.849240 0.812308
v -1.118010 0.825562 0.816485
v -1.119992 0.808528 0.833965
v -1.118010 0.809784 0.837113
v -1.118010 0.813213 0.862852
v -1.119992 0.830691 0.879884
v -1.118010 0.833838 0.878629
v -1.118034 0.861567 0.874272
v -1.118010 0.875359 0.854572
v -1.119992 0.875043 0.830172
v -1.118010 0.871928 0.828832
v -1.117998 0.897571 -0.769180
v -1.087999 0.897571 -0.769179
v -0.962000 0.897571 -0.769179
v -0.932000 0.897571 -0.769180
v -1.117998 0.897571 -0.922513
v -1.087999 0.897571 -0.922513
v -0.962000 0.897571 -0.922517
v -0.932000 0.897571 -0.922513
v -1.117998 0.797571 -0.769180
v -1.087999 0.797571 -0.769179
v -0.962000 0.797571 -0.769179
v -0.932000 0.797571 -0.769180
v -1.117998 0.797571 -0.922513
v -1.087999 0.797571 -0.922513
v -0.962000 0.797571 -0.922517
v -0.932000 0.797571 -0.922513
v -1.117998 0.787571 -0.769180
v -0.932000 0.787571 -0.769180
v -1.117998 0.787571 -0.922513
v -0.932000 0.787571 -0.922513
v -1.087999 0.822613 -0.811095
v -1.087999 0.822613 -0.880598
v -0.932000 0.813784 -0.872346
v -0.962000 0.822613 -0.880601
v -1.117998 0.813784 -0.872346
v -0.962000 0.822613 -0.811095
v -0.932000 0.813784 -0.819348
v -1.117998 0.813784 -0.819348
v -0.992000 0.797571 -0.922516
v -1.057999 0.797571 -0.922514
v -0.991999 0.797571 -0.769179
v -1.057999 0.797571 -0.769179
v -0.962000 0.879770 -0.874307
v -0.962000 0.888673 -0.847353
v -0.962000 0.880753 -0.818155
v -1.087999 0.880552 -0.818655
v -1.087999 0.888672 -0.844341
v -1.087999 0.881363 -0.872341
v -0.992000 0.888673 -0.844343
v -0.992000 0.881363 -0.872343
v -1.058012 0.879775 -0.874300
v -1.057959 0.888672 -0.847352
v -0.992000 0.880552 -0.818656
v -1.058523 0.880731 -0.818134
v -1.117998 0.806640 -0.845847
v -0.932000 0.806640 -0.845847
v -0.962000 0.806221 -0.845849
v -1.087999 0.806221 -0.845847
v -0.924999 0.848434 -0.821124
v -0.924999 0.825068 -0.826428
v -0.924999 0.817487 -0.849894
v -0.924999 0.827694 -0.866444
v -0.924999 0.851309 -0.870485
v -0.924999 0.867294 -0.851707
v -0.924999 0.864197 -0.832509
v -1.124442 0.846833 -0.821219
v -1.124609 0.828189 -0.825512
v -1.124442 0.817944 -0.841585
v -1.124566 0.822212 -0.860233
v -1.124442 0.838313 -0.870475
v -1.124609 0.856954 -0.866180
v -1.121532 0.867073 -0.853733
v -1.124442 0.866954 -0.840358
v -1.124680 0.859503 -0.828235
v -1.118005 0.836708 -0.821124
v -1.119992 0.848434 -0.821124
v -1.119992 0.825068 -0.826428
v -1.118005 0.860074 -0.826428
v -1.118005 0.820945 -0.832509
v -1.119992 0.817487 -0.849894
v -1.118005 0.817848 -0.851707
v -1.119992 0.827694 -0.866444
v -1.118005 0.833833 -0.870485
v -1.119992 0.851309 -0.870485
v -1.118005 0.857448 -0.866444
v -1.118005 0.867655 -0.849894
v -1.119992 0.864197 -0.832509
v -1.118010 0.851303 -0.813060
v -1.119992 0.826900 -0.813375
v -1.118010 0.825562 -0.816488
v -1.118034 0.809036 -0.839178
v -1.118010 0.813213 -0.862857
v -1.119992 0.830690 -0.879888
v -1.118010 0.833838 -0.878633
v -1.118034 0.861567 -0.874276
v -1.118010 0.875359 -0.854577
v -1.119992 0.875042 -0.830175
v -1.118010 0.871928 -0.828835
v 1.117997 0.897571 -0.769180
v 1.087998 0.897571 -0.769180
v 0.961999 0.897571 -0.769180
v 0.931999 0.897571 -0.769180
v 1.117997 0.897571 -0.922513
v 1.087998 0.897571 -0.922514
v 0.961999 0.897571 -0.922518
v 0.931999 0.897571 -0.922513
v 1.117997 0.797571 -0.769180
v 1.087998 0.797571 -0.769180
v 0.961999 0.797571 -0.769180
v 0.931999 0.797571 -0.769180
v 1.117997 0.797571 -0.922513
v 1.087998 0.797571 -0.922514
v 0.961999 0.797571 -0.922518
v 0.931999 0.797571 -0.922513
v 1.117997 0.787571 -0.769180
v 0.931999 0.787571 -0.769180
v 1.117997 0.787571 -0.922513
v 0.931999 0.787571 -0.922513
v 1.087998 0.822613 -0.811096
v 1.087998 0.822613 -0.880598
v 0.931999 0.813785 -0.872347
v 0.961999 0.822613 -0.880602
v 1.117997 0.813785 -0.872347
v 0.961999 0.822613 -0.811096
v 0.931999 0.813784 -0.819348
v 1.117997 0.813784 -0.819348
v 0.992000 0.797571 -0.922517
v 1.057998 0.797571 -0.922515
v 0.991998 0.797571 -0.769180
v 1.057998 0.797571 -0.769180
v 0.961999 0.879770 -0.874307
v 0.961999 0.888673 -0.847354
v 0.961999 0.880752 -0.818154
v 1.087998 0.880552 -0.818655
v 1.087998 0.888672 -0.844342
v 1.087998 0.881363 -0.872341
v 0.991999 0.888673 -0.844343
v 0.991999 0.881363 -0.872343
v 1.057998 0.879770 -0.874305
v 1.057945 0.888673 -0.847340
v 0.991999 0.880552 -0.818656
v 1.058520 0.880735 -0.818138
v 1.117997 0.806640 -0.845847
v 0.931999 0.806640 -0.845847
v 0.961999 0.806221 -0.845849
v 1.087998 0.806221 -0.845847
v 0.924998 0.843924 -0.819740
v 0.924998 0.821973 -0.830971
v 0.924998 0.817487 -0.849894
v 0.924998 0.827694 -0.866445
v 0.924998 0.846617 -0.870931
v 0.924998 0.863169 -0.860723
v 0.924998 0.867209 -0.837106
v 1.124608 0.846780 -0.821299
v 1.122430 0.832854 -0.822388
v 1.124441 0.821449 -0.832485
v 1.124565 0.818257 -0.851348
v 1.124441 0.829209 -0.866969
v 1.124722 0.843071 -0.870251
v 1.124441 0.856973 -0.866274
v 1.124565 0.867139 -0.850069
v 1.124441 0.862998 -0.831445
v 1.118005 0.851312 -0.821209
v 1.119992 0.853813 -0.822246
v 1.118005 0.827695 -0.825249
v 1.119992 0.821973 -0.830971
v 1.118005 0.817487 -0.841801
v 1.119992 0.817487 -0.849894
v 1.118005 0.821973 -0.860724
v 1.119992 0.827694 -0.866445
v 1.118005 0.843924 -0.871954
v 1.119992 0.846617 -0.870931
v 1.119992 0.863169 -0.860723
v 1.118005 0.864196 -0.859186
v 1.119992 0.867655 -0.841801
v 1.118005 0.867294 -0.839987
v 1.118034 0.849240 -0.812313
v 1.118010 0.825561 -0.816489
v 1.119992 0.808528 -0.833969
v 1.118010 0.809783 -0.837117
v 1.118010 0.813213 -0.862857
v 1.119992 0.830692 -0.879890
v 1.118010 0.833841 -0.878635
v 1.118034 0.861568 -0.874275
v 1.118010 0.875359 -0.854577
v 1.119992 0.875043 -0.830176
v 1.118010 0.871928 -0.828836
v 1.117998 0.350000 1.385741
v 1.087999 0.350000 1.385741
v 0.962000 0.350000 1.385741
v 0.931999 0.350000 1.385741
v 1.117998 0.350000 1.539075
v 1.087999 0.350000 1.539075
v 0.962000 0.350000 1.539079
v 0.931999 0.350000 1.539075
v 1.117998 0.250000 1.385741
v 1.087999 0.250000 1.385741
v 0.962000 0.250000 1.385741
v 0.931999 0.250000 1.385741
v 1.117998 0.250000 1.539075
v 1.087999 0.250000 1.539075
v 0.962000 0.250000 1.539079
v 0.931999 0.250000 1.539075
v 1.117998 0.240000 1.385741
v 0.931999 0.240000 1.385741
v 1.117998 0.240000 1.539075
v 0.931999 0.240000 1.539075
v 1.087999 0.275043 1.427657
v 1.087999 0.275043 1.497159
v 0.931999 0.266213 1.488907
v 0.962000 0.275043 1.497163
v 1.117998 0.266213 1.488907
v 0.962000 0.275043 1.427657
v 0.931999 0.266214 1.435908
v 1.117998 0.266214 1.435908
v 0.992000 0.250000 1.539078
v 1.057999 0.250000 1.539076
v 0.991999 0.250000 1.385741
v 1.057999 0.250000 1.385741
v 0.962000 0.332199 1.490868
v 0.962000 0.341102 1.463915
v 0.962000 0.333182 1.434715
v 1.087999 0.332982 1.435217
v 1.087999 0.341102 1.460904
v 1.087999 0.333792 1.488903
v 0.992000 0.341102 1.460905
v 0.992000 0.333792 1.488904
v 1.058012 0.332204 1.490863
v 1.057959 0.341101 1.463913
v 0.992000 0.332981 1.435217
v 1.058523 0.333161 1.434696
v 1.117998 0.259069 1.462409
v 0.931999 0.259069 1.462409
v 0.962000 0.258650 1.462410
v 1.087999 0.258650 1.462408
v 0.924999 0.300861 1.437685
v 0.924999 0.281665 1.440782
v 0.924999 0.270277 1.456547
v 0.924999 0.275583 1.479911
v 0.924999 0.299046 1.487492
v 0.924999 0.318602 1.473650
v 0.924999 0.316626 1.449071
v 1.124442 0.289511 1.438025
v 1.124610 0.273931 1.449127
v 1.124442 0.270617 1.467896
v 1.124566 0.281698 1.483490
v 1.124442 0.300488 1.486791
v 1.124723 0.312609 1.479311
v 1.124442 0.319627 1.466669
v 1.124566 0.315358 1.448022
v 1.124160 0.304218 1.439493
v 1.118005 0.293646 1.436301
v 1.119992 0.300861 1.437685
v 1.119992 0.281665 1.440782
v 1.118005 0.273374 1.449073
v 1.119992 0.270277 1.456547
v 1.118005 0.270277 1.468269
v 1.119992 0.275583 1.479911
v 1.118005 0.281663 1.484034
v 1.119992 0.299046 1.487492
v 1.118005 0.300860 1.487131
v 1.119992 0.318602 1.473650
v 1.118005 0.319638 1.471149
v 1.119992 0.316626 1.449071
v 1.118005 0.315599 1.447534
v 1.118010 0.303732 1.429621
v 1.119992 0.279329 1.429937
v 1.118010 0.277991 1.433050
v 1.118010 0.262214 1.453675
v 1.119992 0.262529 1.478081
v 1.118010 0.265642 1.479419
v 1.118010 0.286271 1.495196
v 1.119992 0.295000 1.495995
v 1.118034 0.313999 1.490836
v 1.118010 0.327788 1.471137
v 1.119992 0.327472 1.446737
v 1.118010 0.324357 1.445397
v -1.117998 0.350000 1.385741
v -1.087999 0.350000 1.385741
v -0.962000 0.350000 1.385741
v -0.931999 0.350000 1.385741
v -1.117998 0.350000 1.539075
v -1.087999 0.350000 1.539075
v -0.962000 0.350000 1.539079
v -0.931999 0.350000 1.539075
v -1.117998 0.250000 1.385741
v -1.087999 0.250000 1.385741
v -0.962000 0.250000 1.385741
v -0.931999 0.250000 1.385741
v -1.117998 0.250000 1.539075
v -1.087999 0.250000 1.539075
v -0.962000 0.250000 1.539079
v -0.931999 0.250000 1.539075
v -1.117998 0.240000 1.385741
v -0.931999 0.240000 1.385741
v -1.117998 0.240000 1.539075
v -0.931999 0.240000 1.539075
v -1.087999 0.275043 1.427657
v -1.087999 0.275043 1.497159
v -0.931999 0.266213 1.488907
v -0.962000 0.275043 1.497163
v -1.117998 0.266213 1.488907
v -0.962000 0.275043 1.427657
v -0.931999 0.266214 1.435908
v -1.117998 0.266214 1.435908
v -0.992000 0.250000 1.539078
v -1.057999 0.250000 1.539076
v -0.991999 0.250000 1.385741
v -1.057999 0.250000 1.385741
v -0.962000 0.332199 1.490868
v -0.962000 0.341102 1.463915
v -0.962000 0.333182 1.434715
v -1.087999 0.332982 1.435217
v -1.087999 0.341102 1.460904
v -1.087999 0.333792 1.488903
v -0.992000 0.341102 1.460905
v -0.992000 0.333792 1.488904
v -1.057999 0.332198 1.490867
v -1.057946 0.341102 1.463901
v -0.992000 0.332981 1.435217
v -1.058520 0.333164 1.434699
v -1.117998 0.259069 1.462409
v -0.931999 0.259069 1.462409
v -0.962000 0.258650 1.462410
v -1.087999 0.258650 1.462408
v -0.924999 0.300861 1.437685
v -0.924999 0.281665 1.440782
v -0.924999 0.268893 1.461054
v -0.924999 0.280126 1.483007
v -0.924999 0.299046 1.487492
v -0.924999 0.318602 1.473650
v -0.924999 0.316626 1.449071
v -1.124609 0.299210 1.437861
v -1.124442 0.280601 1.441980
v -1.122023 0.271413 1.452639
v -1.124566 0.270686 1.467909
v -1.124442 0.281640 1.483530
v -1.124723 0.295500 1.486811
v -1.124442 0.309402 1.482835
v -1.124566 0.319568 1.466630
v -1.124442 0.315427 1.448008
v -1.118005 0.293646 1.436301
v -1.119992 0.300861 1.437685
v -1.119992 0.281665 1.440782
v -1.118005 0.273374 1.449073
v -1.119992 0.269917 1.466455
v -1.118005 0.270277 1.468269
v -1.119992 0.280126 1.483007
v -1.118005 0.281663 1.484034
v -1.119992 0.299046 1.487492
v -1.118005 0.300860 1.487131
v -1.119992 0.318602 1.473650
v -1.118005 0.319638 1.471149
v -1.119992 0.316626 1.449071
v -1.118005 0.315599 1.447533
v -1.118010 0.303732 1.429621
v -1.119992 0.279329 1.429937
v -1.118010 0.277991 1.433050
v -1.118010 0.262214 1.453675
v -1.119992 0.262529 1.478081
v -1.118010 0.265642 1.479419
v -1.118010 0.286271 1.495196
v -1.119992 0.295000 1.495995
v -1.118034 0.313999 1.490836
v -1.118010 0.327788 1.471137
v -1.119992 0.327472 1.446737
v -1.118010 0.324357 1.445397
v -1.117999 0.350000 -1.385740
v -1.088000 0.350000 -1.385740
v -0.962001 0.350000 -1.385740
v -0.932000 0.350000 -1.385740
v -1.117999 0.350000 -1.539074
v -1.087999 0.350000 -1.539074
v -0.962001 0.350000 -1.539078
v -0.932000 0.350000 -1.539074
v -1.117999 0.250000 -1.385740
v -1.088000 0.250000 -1.385740
v -0.962001 0.250000 -1.385740
v -0.932000 0.250000 -1.385740
v -1.117999 0.250000 -1.539074
v -1.087999 0.250000 -1.539074
v -0.962001 0.250000 -1.539078
v -0.932000 0.250000 -1.539074
v -1.117999 0.240000 -1.385740
v -0.932000 0.240000 -1.385740
v -1.117999 0.240000 -1.539074
v -0.932000 0.240000 -1.539074
v -1.088000 0.275042 -1.427656
v -1.087999 0.275042 -1.497158
v -0.932000 0.266213 -1.488907
v -0.962001 0.275042 -1.497162
v -1.117999 0.266213 -1.488907
v -0.962001 0.275042 -1.427656
v -0.932000 0.266213 -1.435907
v -1.117999 0.266213 -1.435907
v -0.992001 0.250000 -1.539077
v -1.057999 0.250000 -1.539075
v -0.992000 0.250000 -1.385740
v -1.057999 0.250000 -1.385740
v -0.962001 0.332199 -1.490867
v -0.962001 0.341102 -1.463914
v -0.962001 0.333182 -1.434716
v -1.088000 0.332981 -1.435216
v -1.088000 0.341101 -1.460902
v -1.088000 0.333792 -1.488902
v -0.992001 0.341101 -1.460904
v -0.992001 0.333792 -1.488904
v -1.058012 0.332203 -1.490862
v -1.057959 0.341101 -1.463912
v -0.992000 0.332981 -1.435216
v -1.058524 0.333161 -1.434695
v -1.117999 0.259069 -1.462408
v -0.932000 0.259069 -1.462408
v -0.962001 0.258650 -1.462409
v -1.088000 0.258650 -1.462407
v -0.924999 0.300861 -1.437684
v -0.924999 0.277497 -1.442989
v -0.925000 0.269916 -1.466454
v -0.925000 0.283757 -1.486008
v -0.925000 0.308339 -1.484032
v -0.925000 0.319723 -1.468267
v -0.925000 0.316626 -1.449070
v -1.124443 0.289511 -1.438024
v -1.124610 0.273931 -1.449125
v -1.124443 0.270617 -1.467894
v -1.124567 0.281696 -1.483489
v -1.124443 0.300488 -1.486790
v -1.124724 0.312609 -1.479310
v -1.124443 0.319627 -1.466668
v -1.124567 0.315358 -1.448021
v -1.124161 0.304218 -1.439492
v -1.118006 0.289139 -1.437684
v -1.119993 0.300861 -1.437684
v -1.119993 0.277497 -1.442989
v -1.118006 0.312503 -1.442989
v -1.118006 0.273374 -1.449070
v -1.119993 0.269916 -1.466454
v -1.118006 0.270277 -1.468267
v -1.119993 0.283757 -1.486008
v -1.118006 0.281660 -1.484032
v -1.118006 0.306242 -1.486008
v -1.119993 0.308339 -1.484032
v -1.119993 0.319723 -1.468267
v -1.118006 0.320084 -1.466454
v -1.119993 0.316626 -1.449070
v -1.118011 0.303732 -1.429621
v -1.119993 0.279329 -1.429936
v -1.118011 0.277991 -1.433049
v -1.118035 0.261465 -1.455737
v -1.118011 0.265643 -1.479418
v -1.119993 0.283120 -1.496449
v -1.118011 0.286270 -1.495195
v -1.118035 0.313998 -1.490835
v -1.118011 0.327788 -1.471136
v -1.119993 0.327472 -1.446736
v -1.118011 0.324357 -1.445396
v 1.117997 0.350000 -1.385741
v 1.087998 0.350000 -1.385741
v 0.961999 0.350000 -1.385741
v 0.931998 0.350000 -1.385741
v 1.117997 0.350000 -1.539075
v 1.087998 0.350000 -1.539075
v 0.961999 0.350000 -1.539079
v 0.931998 0.350000 -1.539075
v 1.117997 0.250000 -1.385741
v 1.087998 0.250000 -1.385741
v 0.961999 0.250000 -1.385741
v 0.931998 0.250000 -1.385741
v 1.117997 0.250000 -1.539075
v 1.087998 0.250000 -1.539075
v 0.961999 0.250000 -1.539079
v 0.931998 0.250000 -1.539075
v 1.117997 0.240000 -1.385741
v 0.931998 0.240000 -1.385741
v 1.117997 0.240000 -1.539075
v 0.931998 0.240000 -1.539075
v 1.087998 0.275042 -1.427657
v 1.087998 0.275042 -1.497159
v 0.931998 0.266213 -1.488907
v 0.961999 0.275042 -1.497163
v 1.117997 0.266213 -1.488907
v 0.961999 0.275042 -1.427657
v 0.931998 0.266213 -1.435908
v 1.117997 0.266213 -1.435908
v 0.991999 0.250000 -1.539078
v 1.057998 0.250000 -1.539076
v 0.991998 0.250000 -1.385741
v 1.057998 0.250000 -1.385741
v 0.961999 0.332199 -1.490868
v 0.961999 0.341102 -1.463915
v 0.961999 0.333181 -1.434715
v 1.087998 0.332981 -1.435217
v 1.087998 0.341101 -1.460904
v 1.087998 0.333792 -1.488903
v 0.991999 0.341101 -1.460905
v 0.991999 0.333792 -1.488904
v 1.057998 0.332198 -1.490867
v 1.057945 0.341102 -1.463901
v 0.991999 0.332981 -1.435217
v 1.058519 0.333164 -1.434699
v 1.117997 0.259069 -1.462409
v 0.931998 0.259069 -1.462409
v 0.961999 0.258650 -1.462410
v 1.087998 0.258650 -1.462408
v 0.924998 0.300860 -1.437685
v 0.924998 0.277497 -1.442991
v 0.924998 0.269916 -1.466454
v 0.924998 0.280123 -1.483006
v 0.924998 0.299046 -1.487492
v 0.924998 0.318601 -1.473650
v 0.924998 0.316626 -1.449071
v 1.124608 0.289494 -1.438118
v 1.124441 0.273877 -1.449048
v 1.124565 0.270686 -1.467909
v 1.124441 0.281638 -1.483530
v 1.124722 0.295500 -1.486812
v 1.124441 0.309402 -1.482835
v 1.124565 0.319568 -1.466630
v 1.124441 0.315427 -1.448007
v 1.124159 0.304218 -1.439493
v 1.118004 0.289139 -1.437685
v 1.119991 0.300860 -1.437685
v 1.119991 0.277497 -1.442991
v 1.118004 0.312503 -1.442991
v 1.118004 0.273374 -1.449071
v 1.119991 0.269916 -1.466454
v 1.118004 0.271398 -1.473650
v 1.119991 0.280123 -1.483006
v 1.118004 0.290954 -1.487492
v 1.119991 0.299046 -1.487492
v 1.118004 0.309877 -1.483006
v 1.119991 0.318601 -1.473650
v 1.118004 0.320084 -1.466455
v 1.119991 0.316626 -1.449071
v 1.118009 0.303732 -1.429621
v 1.119991 0.279329 -1.429937
v 1.118009 0.277991 -1.433050
v 1.118038 0.261465 -1.455738
v 1.118009 0.265643 -1.479419
v 1.119991 0.283120 -1.496450
v 1.118009 0.286270 -1.495196
v 1.118033 0.313998 -1.490836
v 1.118009 0.327788 -1.471137
v 1.119991 0.327472 -1.446737
v 1.118009 0.324357 -1.445397
v -1.199999 0.269998 -1.034486
v -1.199999 0.295000 -1.034486
v -1.199999 0.269998 -1.841320
v -1.199999 0.295000 -1.841320
v -1.155342 0.269998 -1.034486
v -1.155342 0.295000 -1.034486
v -1.155342 0.269998 -1.841320
v -1.155342 0.295000 -1.841320
v -0.894661 0.269998 -1.034486
v -0.894661 0.295000 -1.034486
v -0.894661 0.269998 -1.841320
v -0.894661 0.295000 -1.841320
v -0.850003 0.269998 -1.034486
v -0.850003 0.295000 -1.034486
v -0.850003 0.269998 -1.841320
v -0.850003 0.295000 -1.841320
v 0.850000 0.269998 -1.034486
v 0.850000 0.295000 -1.034486
v 0.850000 0.269998 -1.841320
v 0.850000 0.295000 -1.841320
v 0.894658 0.269998 -1.034486
v 0.894658 0.295000 -1.034486
v 0.894658 0.269998 -1.841320
v 0.894658 0.295000 -1.841320
v 1.155339 0.269998 -1.034486
v 1.155339 0.295000 -1.034486
v 1.155339 0.269998 -1.841320
v 1.155339 0.295000 -1.841320
v 1.199997 0.269998 -1.034486
v 1.199997 0.295000 -1.034486
v 1.199997 0.269998 -1.841320
v 1.199997 0.295000 -1.841320
v -1.199999 0.269999 1.863417
v -1.199999 0.295000 1.863417
v -1.199999 0.269999 1.056584
v -1.199999 0.295000 1.056584
v -1.155342 0.269999 1.863417
v -1.155342 0.295000 1.863417
v -1.155342 0.269999 1.056584
v -1.155342 0.295000 1.056584
v -0.894661 0.269999 1.863417
v -0.894661 0.295000 1.863417
v -0.894661 0.269999 1.056584
v -0.894661 0.295000 1.056584
v -0.850003 0.269999 1.863417
v -0.850003 0.295000 1.863417
v -0.850003 0.269999 1.056584
v -0.850003 0.295000 1.056584
v 0.850000 0.269999 1.863417
v 0.850000 0.295000 1.863417
v 0.850000 0.269999 1.056584
v 0.850000 0.295000 1.056584
v 0.894658 0.269999 1.863417
v 0.894658 0.295000 1.863417
v 0.894658 0.269999 1.056584
v 0.894658 0.295000 1.056584
v 1.155339 0.269998 1.863417
v 1.155339 0.295000 1.863417
v 1.155339 0.269998 1.056584
v 1.155339 0.295000 1.056584
v 1.199997 0.269998 1.863417
v 1.199997 0.295000 1.863417
v 1.199997 0.269998 1.056584
v 1.199997 0.295000 1.056584
v -0.450001 1.050000 0.144316
v 0.449999 1.050000 0.144316
v -0.450001 1.050000 1.174314
v -0.450001 0.250000 0.324315
v -0.450001 0.150000 0.424315
v 0.449999 1.050000 1.174314
v 0.449999 0.150000 0.424315
v 0.449999 0.250000 0.324315
v -0.450001 0.150000 1.224314
v 0.449999 0.150000 1.224314
v -0.200001 0.950000 1.274314
v 0.199999 0.950000 1.274314
v 0.199999 0.200000 1.274314
v -0.200001 0.200000 1.274314
v 0.199999 0.649999 1.574314
v 0.449999 0.649999 1.574314
v -0.200001 0.500001 1.574314
v -0.450001 0.500001 1.574314
v 0.449999 0.500001 1.574314
v -0.450001 0.649999 1.574314
v -0.200001 0.649999 1.574314
v 0.199999 0.500001 1.574314
v 0.449999 0.550000 1.596703
v 0.449999 0.600000 1.596703
v -0.450001 0.600000 1.596703
v -0.450001 0.550000 1.596703
v 0.199999 0.600000 1.596703
v 0.199999 0.550000 1.596703
v -0.200001 0.600000 1.596703
v -0.200001 0.550000 1.596703
v -0.450001 0.837293 0.094316
v 0.449999 0.837293 0.094316
v -0.450001 0.837293 0.274315
v -0.450001 0.787293 0.324315
v 0.449999 0.787293 0.324315
v 0.449999 0.837293 0.274315
v -0.450001 1.000000 0.094316
v 0.449999 1.000000 0.094316
v -0.470001 0.624267 0.473994
v 0.469999 0.624267 0.473994
v -0.470001 0.507495 0.487568
v 0.469999 0.541473 0.480078
v 0.469999 0.453332 0.511124
v -0.470001 0.409147 0.541762
v 0.469999 0.387868 0.562181
v -0.470001 0.350559 0.607642
v 0.469999 0.331829 0.636963
v -0.470001 0.322836 0.659508
v -0.470001 0.299681 0.750040
v 0.469999 0.299681 0.750040
v -0.470001 0.313253 0.866815
v 0.469999 0.305764 0.832841
v 0.469999 0.334684 0.916133
v -0.470001 0.350559 0.940985
v -0.470001 0.412974 1.010537
v 0.469999 0.387868 0.986445
v 0.469999 0.462650 1.042484
v -0.470001 0.517609 1.064127
v 0.469999 0.541473 1.068549
v -0.470001 0.634789 1.073596
v 0.469999 0.634789 1.073596
v -0.470001 0.746669 1.037502
v 0.469999 0.746669 1.037502
v -0.470001 0.836225 0.961338
v 0.469999 0.836225 0.961338
v -0.470001 0.889815 0.856702
v 0.469999 0.889815 0.856702
v -0.470001 0.899283 0.739524
v 0.469999 0.899283 0.739524
v -0.470001 0.863189 0.627644
v 0.469999 0.863189 0.627644
v -0.470001 0.812132 0.562181
v 0.469999 0.812132 0.562181
v -0.470001 0.737348 0.506143
v 0.469999 0.737348 0.506143
v -0.450001 0.565211 1.073596
v -0.450001 0.682391 1.064127
v -0.450001 0.404805 1.003833
v -0.450001 0.787026 1.010537
v -0.450001 0.485195 1.051477
v -0.450001 0.310185 0.856702
v -0.450001 0.350559 0.940985
v -0.450001 0.300717 0.739524
v -0.450001 0.334682 0.632497
v -0.450001 0.849441 0.940985
v -0.450001 0.886747 0.866814
v -0.450001 0.900319 0.750040
v -0.450001 0.868171 0.636963
v -0.450001 0.462652 0.506143
v -0.450001 0.746668 0.511124
v -0.450001 0.575734 0.473994
v -0.450001 0.658527 0.480078
v -0.450001 0.387868 0.562181
v -0.450001 0.812132 0.562181
v 0.449999 0.350559 0.940985
v 0.449999 0.310185 0.856702
v 0.449999 0.300717 0.739524
v 0.449999 0.336811 0.627644
v 0.449999 0.387868 0.562181
v 0.449999 0.462652 0.506143
v 0.449999 0.575734 0.473994
v 0.449999 0.658527 0.480078
v 0.449999 0.746668 0.511124
v 0.449999 0.565211 1.073596
v 0.449999 0.485195 1.051477
v 0.449999 0.682391 1.064127
v 0.449999 0.409150 1.006867
v 0.449999 0.787026 1.010537
v 0.449999 0.863188 0.920986
v 0.449999 0.899283 0.809104
v 0.449999 0.868171 0.636963
v 0.449999 0.812132 0.562181
v 0.449999 0.894236 0.715786
v -0.470001 0.592901 0.686435
v 0.469999 0.563964 0.693097
v 0.469999 0.607100 0.686435
v -0.470001 0.559809 0.695842
v -0.470001 0.532837 0.717197
v 0.469999 0.530876 0.719587
v -0.470001 0.516093 0.747246
v 0.469999 0.512451 0.759154
v -0.470001 0.512451 0.789473
v 0.469999 0.516092 0.801381
v -0.470001 0.530876 0.829040
v 0.469999 0.532837 0.831430
v -0.470001 0.563964 0.855530
v 0.469999 0.559808 0.852785
v 0.469999 0.592901 0.862192
v -0.470001 0.607100 0.862192
v 0.469999 0.636036 0.855530
v -0.470001 0.647509 0.849397
v 0.469999 0.669124 0.829040
v -0.470001 0.677013 0.817234
v 0.469999 0.684805 0.798422
v -0.470001 0.687576 0.784493
v 0.469999 0.687576 0.764134
v -0.470001 0.684805 0.750205
v 0.469999 0.677013 0.731393
v -0.470001 0.669124 0.719587
v 0.469999 0.647509 0.699230
v -0.470001 0.636036 0.693097
v -0.490773 0.607099 0.686435
v -0.490773 0.563965 0.693097
v 0.490770 0.592901 0.686435
v 0.490770 0.552491 0.699230
v -0.490773 0.530876 0.719587
v 0.490770 0.522987 0.731393
v -0.490773 0.512451 0.759154
v 0.490770 0.512424 0.764134
v -0.490773 0.516092 0.801381
v 0.490770 0.515195 0.798422
v -0.490773 0.532837 0.831430
v 0.490770 0.530876 0.829040
v -0.490773 0.559808 0.852785
v 0.490770 0.563964 0.855530
v -0.490773 0.592901 0.862192
v 0.490770 0.607100 0.862192
v -0.490773 0.636036 0.855530
v 0.490770 0.640192 0.852785
v -0.490773 0.669125 0.829040
v 0.490770 0.667163 0.831430
v -0.490773 0.684805 0.798422
v 0.490770 0.683908 0.801381
v -0.490773 0.687576 0.764134
v 0.490770 0.687549 0.759154
v -0.490773 0.677013 0.731393
v 0.490770 0.669124 0.719587
v -0.490773 0.647510 0.699230
v 0.490770 0.636035 0.693097
v -0.450001 0.950000 1.274310
v 0.449999 1.050000 -0.144315
v -0.450001 1.050000 -0.144315
v 0.449999 1.050000 -1.174313
v 0.449999 0.250000 -0.324315
v 0.449999 0.150000 -0.424315
v -0.450001 1.050000 -1.174312
v -0.450001 0.150000 -0.424314
v -0.450001 0.250000 -0.324314
v 0.449998 0.150000 -1.224313
v -0.450001 0.150000 -1.224313
v 0.199998 0.950000 -1.274313
v -0.200002 0.950000 -1.274313
v -0.200002 0.200000 -1.274313
v 0.199999 0.200000 -1.274313
v -0.200002 0.649999 -1.574313
v -0.450002 0.649999 -1.574312
v 0.199998 0.500001 -1.574313
v 0.449998 0.500001 -1.574313
v -0.450002 0.500001 -1.574312
v 0.449998 0.649999 -1.574313
v 0.199998 0.649999 -1.574313
v -0.200002 0.500001 -1.574313
v -0.450002 0.550000 -1.596702
v -0.450002 0.600000 -1.596702
v 0.449998 0.600000 -1.596702
v 0.449998 0.550000 -1.596702
v -0.200002 0.600000 -1.596702
v -0.200002 0.550000 -1.596702
v 0.199998 0.600000 -1.596702
v 0.199998 0.550000 -1.596702
v 0.449999 0.837293 -0.094315
v -0.450001 0.837293 -0.094315
v 0.449999 0.837293 -0.274315
v 0.449999 0.787293 -0.324315
v -0.450001 0.787293 -0.324314
v -0.450001 0.837293 -0.274314
v 0.449999 1.000000 -0.094315
v -0.450001 1.000000 -0.094315
v 0.469999 0.565211 -0.475030
v -0.470001 0.624265 -0.473993
v -0.470001 0.507492 -0.487568
v 0.469999 0.485195 -0.497149
v 0.469999 0.409149 -0.541760
v -0.470001 0.433329 -0.524871
v -0.470001 0.363777 -0.587285
v 0.469999 0.350559 -0.607642
v 0.469999 0.310186 -0.691922
v -0.470001 0.310186 -0.691921
v 0.469999 0.300717 -0.809102
v -0.470001 0.300717 -0.809101
v 0.469999 0.336811 -0.920982
v -0.470001 0.334682 -0.916128
v 0.469999 0.412974 -1.010537
v -0.470001 0.387868 -0.986444
v -0.470001 0.462650 -1.042483
v 0.469999 0.517609 -1.064126
v -0.470001 0.541473 -1.068548
v 0.469999 0.600000 -1.074313
v -0.470001 0.634789 -1.073595
v 0.469999 0.692504 -1.061058
v -0.470001 0.746669 -1.037501
v 0.469999 0.766671 -1.023754
v 0.469999 0.836223 -0.961340
v -0.470001 0.836223 -0.961339
v 0.469999 0.889814 -0.856704
v -0.470001 0.889814 -0.856703
v 0.469999 0.899283 -0.739524
v -0.470001 0.899283 -0.739523
v 0.469999 0.863189 -0.627644
v -0.470001 0.863189 -0.627643
v 0.469999 0.812132 -0.562181
v -0.470001 0.787027 -0.538089
v 0.469999 0.737349 -0.506142
v -0.470001 0.714805 -0.497148
v 0.469999 0.658527 -0.480077
v 0.449999 0.600000 -1.074313
v 0.449999 0.507496 -1.061058
v 0.449999 0.682391 -1.064126
v 0.449999 0.404805 -1.003833
v 0.449999 0.766671 -1.023754
v 0.449999 0.331829 -0.911662
v 0.449999 0.300717 -0.739524
v 0.449999 0.334682 -0.632497
v 0.449999 0.305764 -0.832840
v 0.449999 0.829519 -0.969509
v 0.449999 0.899283 -0.809102
v 0.449999 0.877164 -0.889118
v 0.449999 0.894236 -0.715786
v 0.449999 0.868171 -0.636964
v 0.449999 0.462650 -0.506142
v 0.449999 0.746669 -0.511124
v 0.449999 0.634789 -0.475030
v 0.449999 0.541473 -0.480077
v 0.449999 0.387868 -0.562181
v 0.449999 0.812132 -0.562181
v -0.450001 0.350559 -0.940983
v -0.450001 0.310186 -0.856703
v -0.450001 0.300717 -0.739523
v -0.450001 0.336811 -0.627643
v -0.450001 0.412973 -0.538089
v -0.450001 0.485195 -0.497148
v -0.450001 0.575735 -0.473993
v -0.450001 0.692508 -0.487568
v -0.450001 0.565211 -1.073595
v -0.450001 0.485195 -1.051476
v -0.450001 0.682391 -1.064126
v -0.450001 0.409149 -1.006866
v -0.450001 0.787027 -1.010535
v -0.450001 0.863189 -0.920981
v -0.450001 0.899283 -0.809101
v -0.450001 0.868171 -0.636963
v -0.450001 0.795196 -0.544793
v -0.450001 0.894236 -0.715785
v 0.469999 0.592900 -0.686434
v -0.470001 0.589816 -0.686737
v 0.469999 0.559813 -0.695839
v -0.470001 0.557080 -0.697299
v 0.469999 0.527375 -0.723125
v -0.470001 0.530876 -0.719586
v -0.470001 0.515195 -0.750205
v 0.469999 0.512424 -0.764135
v -0.470001 0.512424 -0.784491
v 0.469999 0.515195 -0.798421
v -0.470001 0.527375 -0.825500
v 0.469999 0.530876 -0.829039
v 0.469999 0.557080 -0.851326
v -0.470001 0.559813 -0.852786
v 0.469999 0.589816 -0.861888
v -0.470001 0.592901 -0.862191
v 0.469999 0.631948 -0.857222
v -0.470001 0.627072 -0.858219
v -0.470001 0.657121 -0.841471
v 0.469999 0.672627 -0.825498
v -0.470001 0.682909 -0.806261
v 0.469999 0.687576 -0.784492
v -0.470001 0.687576 -0.764133
v 0.469999 0.682909 -0.742365
v -0.470001 0.677013 -0.731392
v 0.469999 0.657121 -0.707154
v -0.470001 0.654726 -0.705188
v 0.469999 0.627072 -0.690407
v -0.470001 0.624106 -0.689506
v 0.490770 0.607099 -0.686434
v 0.490770 0.572928 -0.690406
v -0.490773 0.575894 -0.689506
v -0.490773 0.610184 -0.686737
v 0.490770 0.542879 -0.707154
v -0.490773 0.545274 -0.705188
v 0.490770 0.517091 -0.742364
v -0.490773 0.522987 -0.731392
v -0.490773 0.512424 -0.764133
v 0.490770 0.512424 -0.784492
v -0.490773 0.517091 -0.806261
v 0.490770 0.522987 -0.817233
v 0.490770 0.545274 -0.843437
v -0.490773 0.542879 -0.841471
v 0.490770 0.575894 -0.859119
v -0.490773 0.572928 -0.858219
v 0.490770 0.610184 -0.861888
v -0.490773 0.607099 -0.862191
v 0.490770 0.642920 -0.851326
v -0.490773 0.640187 -0.852786
v 0.490770 0.675082 -0.821824
v -0.490773 0.672625 -0.825500
v 0.490770 0.688825 -0.772103
v -0.490773 0.687576 -0.784491
v -0.490773 0.684805 -0.750204
v 0.490770 0.672625 -0.723125
v -0.490773 0.669124 -0.719586
v 0.490770 0.640187 -0.695839
v -0.490773 0.642920 -0.697299
v 0.449998 0.950000 -1.274309
v 0.362528 0.817290 0.119592
v 0.367605 0.837290 0.120602
v 0.408870 0.817290 0.148174
v 0.411746 0.837290 0.152478
v 0.421430 0.817290 0.201155
v 0.421196 0.837290 0.189826
v 0.408870 0.837290 0.231477
v 0.392847 0.817290 0.247500
v 0.362525 0.837290 0.260060
v 0.351196 0.817290 0.259826
v 0.313848 0.817290 0.250376
v 0.309544 0.837290 0.247500
v 0.281972 0.817290 0.206235
v 0.280962 0.837290 0.201158
v 0.286524 0.817290 0.163038
v 0.293520 0.837290 0.148175
v 0.309545 0.817290 0.132150
v 0.324408 0.837290 0.125154
v 0.362528 0.264481 0.119592
v 0.367605 0.306704 0.120602
v 0.408870 0.264481 0.148174
v 0.411746 0.306704 0.152478
v 0.421430 0.264481 0.201155
v 0.421196 0.306704 0.189826
v 0.408870 0.306704 0.231477
v 0.392847 0.264481 0.247500
v 0.362525 0.306704 0.260060
v 0.351196 0.264481 0.259826
v 0.313848 0.264481 0.250376
v 0.309544 0.306704 0.247500
v 0.281972 0.264481 0.206235
v 0.280962 0.306704 0.201158
v 0.286524 0.264481 0.163038
v 0.293520 0.306704 0.148175
v 0.309545 0.264481 0.132150
v 0.324408 0.306704 0.125154
v 0.351196 0.819481 0.159828
v 0.372409 0.819481 0.168615
v 0.381196 0.819481 0.189828
v 0.372409 0.819481 0.211042
v 0.351196 0.819481 0.219828
v 0.329982 0.819481 0.211042
v 0.321196 0.819481 0.189828
v 0.329982 0.819481 0.168615
v 0.350831 0.221854 0.160734
v 0.370923 0.220790 0.169248
v 0.380290 0.221854 0.189463
v 0.371719 0.220550 0.209423
v 0.351560 0.221854 0.218922
v 0.331469 0.220790 0.210409
v 0.322102 0.221854 0.190192
v 0.330672 0.220550 0.170234
v 0.349809 0.236679 0.141719
v 0.351691 0.264482 0.140399
v 0.393038 0.238134 0.164668
v 0.394250 0.264482 0.165542
v 0.393635 0.237015 0.212867
v 0.393755 0.264482 0.214971
v 0.352064 0.238134 0.238644
v 0.350700 0.264482 0.239257
v 0.313875 0.234482 0.211375
v 0.308620 0.238901 0.214946
v 0.308141 0.264482 0.214114
v 0.308485 0.238134 0.166172
v 0.308636 0.264482 0.164685
v 0.372654 0.234904 0.152657
v 0.394020 0.234745 0.189829
v 0.372625 0.234806 0.226948
v 0.329737 0.234904 0.227000
v 0.308275 0.234904 0.189829
v 0.329767 0.234806 0.152708
v 0.129194 0.817290 0.119592
v 0.134272 0.837290 0.120602
v 0.175538 0.817290 0.148175
v 0.178414 0.837290 0.152479
v 0.188096 0.817290 0.201158
v 0.187086 0.837290 0.206235
v 0.159514 0.817290 0.247500
v 0.167360 0.837290 0.239323
v 0.129192 0.837290 0.260060
v 0.106532 0.817290 0.260060
v 0.076211 0.837290 0.247501
v 0.060188 0.817290 0.231477
v 0.047628 0.837290 0.201155
v 0.047862 0.817290 0.189826
v 0.057311 0.817290 0.152479
v 0.060187 0.837290 0.148175
v 0.091074 0.817290 0.125154
v 0.091074 0.837290 0.125154
v 0.129194 0.264481 0.119592
v 0.134272 0.306704 0.120602
v 0.175538 0.264481 0.148175
v 0.178414 0.306704 0.152479
v 0.188096 0.264481 0.201158
v 0.187086 0.306704 0.206235
v 0.159514 0.264481 0.247500
v 0.167360 0.306704 0.239323
v 0.129192 0.306704 0.260060
v 0.106532 0.264481 0.260060
v 0.076211 0.306704 0.247501
v 0.060188 0.264481 0.231477
v 0.047628 0.306704 0.201155
v 0.047862 0.264481 0.189826
v 0.057311 0.264481 0.152479
v 0.060187 0.306704 0.148175
v 0.091074 0.264481 0.125154
v 0.091074 0.306704 0.125154
v 0.117862 0.819481 0.159828
v 0.139075 0.819481 0.168615
v 0.147862 0.819481 0.189828
v 0.139075 0.819481 0.211042
v 0.117862 0.819481 0.219828
v 0.096649 0.819481 0.211042
v 0.087862 0.819481 0.189828
v 0.096649 0.819481 0.168615
v 0.117497 0.221854 0.160734
v 0.137589 0.220790 0.169248
v 0.146956 0.221854 0.189463
v 0.138385 0.220550 0.209423
v 0.118226 0.221854 0.218922
v 0.098135 0.220790 0.210409
v 0.088768 0.221854 0.190193
v 0.097339 0.220550 0.170234
v 0.116475 0.236679 0.141719
v 0.118357 0.264482 0.140399
v 0.159704 0.238133 0.164668
v 0.160916 0.264482 0.165542
v 0.160301 0.237015 0.212867
v 0.160421 0.264482 0.214971
v 0.118731 0.238134 0.238644
v 0.117367 0.264482 0.239257
v 0.080542 0.234482 0.211375
v 0.075287 0.238901 0.214946
v 0.074808 0.264482 0.214114
v 0.075152 0.238134 0.166172
v 0.075303 0.264482 0.164685
v 0.139319 0.234904 0.152657
v 0.160686 0.234745 0.189829
v 0.139290 0.234806 0.226949
v 0.096404 0.234904 0.227000
v 0.074942 0.234904 0.189829
v 0.096434 0.234806 0.152708
v -0.131881 0.817290 0.120602
v -0.126803 0.837290 0.119592
v -0.088683 0.817290 0.125154
v -0.088683 0.837290 0.125154
v -0.057796 0.817290 0.148174
v -0.054920 0.837290 0.152479
v -0.045237 0.817290 0.201155
v -0.045471 0.837290 0.189826
v -0.057797 0.837290 0.231477
v -0.073820 0.817290 0.247501
v -0.104141 0.837290 0.260060
v -0.126801 0.817290 0.260060
v -0.157123 0.837290 0.247500
v -0.164969 0.817290 0.239323
v -0.184695 0.817290 0.206235
v -0.185705 0.837290 0.201158
v -0.176023 0.817290 0.152479
v -0.173147 0.837290 0.148175
v -0.131881 0.264481 0.120602
v -0.126803 0.306704 0.119592
v -0.088683 0.264481 0.125154
v -0.088683 0.306704 0.125154
v -0.057796 0.264481 0.148175
v -0.054920 0.306704 0.152479
v -0.045237 0.264481 0.201155
v -0.045471 0.306704 0.189826
v -0.057797 0.306704 0.231477
v -0.073820 0.264481 0.247501
v -0.104141 0.306704 0.260060
v -0.126801 0.264481 0.260060
v -0.157123 0.306704 0.247500
v -0.164969 0.264481 0.239323
v -0.184695 0.264481 0.206235
v -0.185705 0.306704 0.201158
v -0.176023 0.264481 0.152479
v -0.173147 0.306704 0.148175
v -0.115471 0.819481 0.159828
v -0.094258 0.819481 0.168615
v -0.085471 0.819481 0.189828
v -0.094258 0.819481 0.211042
v -0.115471 0.819481 0.219828
v -0.136684 0.819481 0.211042
v -0.145471 0.819481 0.189828
v -0.136684 0.819481 0.168615
v -0.115836 0.221854 0.160734
v -0.095744 0.220790 0.169248
v -0.086377 0.221854 0.189463
v -0.094948 0.220550 0.209423
v -0.115107 0.221854 0.218922
v -0.135198 0.220790 0.210409
v -0.144565 0.221854 0.190193
v -0.135994 0.220550 0.170234
v -0.116858 0.236679 0.141719
v -0.114976 0.264482 0.140399
v -0.073629 0.238134 0.164668
v -0.072417 0.264482 0.165542
v -0.073032 0.237015 0.212867
v -0.072912 0.264482 0.214971
v -0.114602 0.238134 0.238644
v -0.115966 0.264482 0.239257
v -0.152792 0.234482 0.211375
v -0.158046 0.238901 0.214946
v -0.158525 0.264482 0.214114
v -0.158181 0.238133 0.166172
v -0.158030 0.264482 0.164685
v -0.094013 0.234904 0.152657
v -0.072647 0.234745 0.189829
v -0.094042 0.234806 0.226948
v -0.136929 0.234904 0.227000
v -0.158391 0.234904 0.189829
v -0.136898 0.234806 0.152708
v -0.337472 0.817290 0.119592
v -0.332395 0.837290 0.120602
v -0.291130 0.817290 0.148174
v -0.288254 0.837290 0.152478
v -0.278570 0.817290 0.201155
v -0.278804 0.837290 0.189826
v -0.291130 0.837290 0.231477
v -0.307153 0.817290 0.247500
v -0.337475 0.837290 0.260060
v -0.348804 0.817290 0.259826
v -0.386152 0.817290 0.250376
v -0.390456 0.837290 0.247500
v -0.418028 0.817290 0.206235
v -0.419038 0.837290 0.201158
v -0.413476 0.817290 0.163038
v -0.406480 0.837290 0.148175
v -0.390455 0.817290 0.132150
v -0.375592 0.837290 0.125154
v -0.337472 0.264481 0.119592
v -0.332395 0.306704 0.120602
v -0.291130 0.264481 0.148174
v -0.288254 0.306704 0.152478
v -0.278570 0.264481 0.201155
v -0.278804 0.306704 0.189826
v -0.291130 0.306704 0.231477
v -0.307153 0.264481 0.247500
v -0.337475 0.306704 0.260060
v -0.348804 0.264481 0.259826
v -0.386152 0.264481 0.250376
v -0.390456 0.306704 0.247500
v -0.418028 0.264481 0.206235
v -0.419038 0.306704 0.201158
v -0.413476 0.264481 0.163038
v -0.406480 0.306704 0.148175
v -0.390455 0.264481 0.132150
v -0.375592 0.306704 0.125154
v -0.348804 0.819481 0.159828
v -0.327591 0.819481 0.168615
v -0.318805 0.819481 0.189828
v -0.327591 0.819481 0.211042
v -0.348804 0.819481 0.219828
v -0.370018 0.819481 0.211042
v -0.378804 0.819481 0.189828
v -0.370018 0.819481 0.168615
v -0.349169 0.221854 0.160734
v -0.329077 0.220790 0.169248
v -0.319711 0.221854 0.189463
v -0.328281 0.220550 0.209424
v -0.348439 0.221854 0.218922
v -0.368532 0.220790 0.210409
v -0.377898 0.221854 0.190193
v -0.369328 0.220550 0.170233
v -0.350191 0.236679 0.141719
v -0.348310 0.264482 0.140399
v -0.306962 0.238134 0.164668
v -0.305750 0.264482 0.165542
v -0.306365 0.237015 0.212867
v -0.306245 0.264482 0.214971
v -0.347936 0.238134 0.238644
v -0.349299 0.264482 0.239257
v -0.386125 0.234482 0.211375
v -0.391380 0.238901 0.214946
v -0.391859 0.264482 0.214114
v -0.391515 0.238134 0.166172
v -0.391364 0.264482 0.164685
v -0.327346 0.234904 0.152657
v -0.305980 0.234745 0.189829
v -0.327375 0.234806 0.226948
v -0.370263 0.234904 0.227000
v -0.391725 0.234904 0.189829
v -0.370233 0.234806 0.152708
v -0.334788 0.817290 -0.120601
v -0.367608 0.837290 -0.120601
v -0.388543 0.817290 -0.129272
v -0.411751 0.837290 -0.152480
v -0.415870 0.817290 -0.163037
v -0.421432 0.817290 -0.201157
v -0.420422 0.837290 -0.206234
v -0.392850 0.817290 -0.247499
v -0.400696 0.837290 -0.239322
v -0.362528 0.837290 -0.260059
v -0.351198 0.817290 -0.259825
v -0.313852 0.817290 -0.250376
v -0.309548 0.837290 -0.247500
v -0.281974 0.817290 -0.206234
v -0.280964 0.837290 -0.201158
v -0.290645 0.817290 -0.152480
v -0.286526 0.837290 -0.163037
v -0.313853 0.837290 -0.129272
v -0.334788 0.264481 -0.120601
v -0.367608 0.306704 -0.120601
v -0.388543 0.264481 -0.129272
v -0.411751 0.306704 -0.152480
v -0.415870 0.264481 -0.163037
v -0.421432 0.264481 -0.201157
v -0.420422 0.306704 -0.206234
v -0.392850 0.264481 -0.247499
v -0.400696 0.306704 -0.239322
v -0.362528 0.306704 -0.260059
v -0.351198 0.264481 -0.259825
v -0.313852 0.264481 -0.250376
v -0.309548 0.306704 -0.247500
v -0.281974 0.264481 -0.206234
v -0.280964 0.306704 -0.201157
v -0.290645 0.264481 -0.152480
v -0.286526 0.306704 -0.163037
v -0.313853 0.306704 -0.129272
v -0.351198 0.819481 -0.159827
v -0.372411 0.819481 -0.168614
v -0.381198 0.819481 -0.189827
v -0.372411 0.819481 -0.211041
v -0.351198 0.819481 -0.219827
v -0.329985 0.819481 -0.211041
v -0.321198 0.819481 -0.189827
v -0.329985 0.819481 -0.168614
v -0.350833 0.221854 -0.160733
v -0.370925 0.220790 -0.169247
v -0.380292 0.221854 -0.189462
v -0.371721 0.220550 -0.209422
v -0.351562 0.221854 -0.218921
v -0.331471 0.220790 -0.210408
v -0.322104 0.221854 -0.190192
v -0.330675 0.220550 -0.170232
v -0.349811 0.236679 -0.141718
v -0.351693 0.264482 -0.140398
v -0.393040 0.238134 -0.164667
v -0.394252 0.264482 -0.165541
v -0.393637 0.237015 -0.212866
v -0.393757 0.264482 -0.214970
v -0.352067 0.238134 -0.238643
v -0.350703 0.264482 -0.239256
v -0.313878 0.234482 -0.211374
v -0.308623 0.238901 -0.214945
v -0.308144 0.264482 -0.214113
v -0.308488 0.238134 -0.166171
v -0.308639 0.264482 -0.164684
v -0.372656 0.234903 -0.152657
v -0.394022 0.234745 -0.189828
v -0.372627 0.234806 -0.226947
v -0.329740 0.234904 -0.226999
v -0.308278 0.234904 -0.189828
v -0.329769 0.234806 -0.152708
v -0.101455 0.817290 -0.120601
v -0.106533 0.837290 -0.119591
v -0.144653 0.817290 -0.125153
v -0.144653 0.837290 -0.125153
v -0.175540 0.817290 -0.148174
v -0.178416 0.837290 -0.152478
v -0.188099 0.817290 -0.201154
v -0.187865 0.837290 -0.189825
v -0.175539 0.837290 -0.231476
v -0.159515 0.817290 -0.247500
v -0.129195 0.837290 -0.260059
v -0.117865 0.817290 -0.259825
v -0.080518 0.817290 -0.250376
v -0.076214 0.837290 -0.247500
v -0.053193 0.817290 -0.216613
v -0.053193 0.837290 -0.216613
v -0.047631 0.817290 -0.178493
v -0.048641 0.837290 -0.173415
v -0.068367 0.817290 -0.140327
v -0.068367 0.837290 -0.140327
v -0.101455 0.264481 -0.120601
v -0.106533 0.306704 -0.119591
v -0.144653 0.264481 -0.125153
v -0.144653 0.306704 -0.125153
v -0.175540 0.264481 -0.148174
v -0.178416 0.306704 -0.152478
v -0.188099 0.264481 -0.201154
v -0.187865 0.306704 -0.189825
v -0.175539 0.306704 -0.231476
v -0.159515 0.264481 -0.247500
v -0.129195 0.306704 -0.260059
v -0.117865 0.264481 -0.259825
v -0.080518 0.264481 -0.250376
v -0.076214 0.306704 -0.247500
v -0.053193 0.264481 -0.216613
v -0.053193 0.306704 -0.216613
v -0.047631 0.264481 -0.178493
v -0.048641 0.306704 -0.173415
v -0.068367 0.264481 -0.140327
v -0.068367 0.306704 -0.140327
v -0.117865 0.819481 -0.159828
v -0.139078 0.819481 -0.168614
v -0.147865 0.819481 -0.189828
v -0.139078 0.819481 -0.211041
v -0.117865 0.819481 -0.219828
v -0.096651 0.819481 -0.211041
v -0.087865 0.819481 -0.189828
v -0.096651 0.819481 -0.168614
v -0.117500 0.221854 -0.160734
v -0.137592 0.220790 -0.169247
v -0.146959 0.221854 -0.189463
v -0.138388 0.220550 -0.209422
v -0.118230 0.221854 -0.218922
v -0.098137 0.220790 -0.210408
v -0.088771 0.221854 -0.190193
v -0.097341 0.220550 -0.170232
v -0.116478 0.236678 -0.141719
v -0.118360 0.264482 -0.140399
v -0.159707 0.238134 -0.164668
v -0.160919 0.264482 -0.165542
v -0.160304 0.237015 -0.212867
v -0.160424 0.264482 -0.214971
v -0.118733 0.238134 -0.238644
v -0.117370 0.264482 -0.239257
v -0.080544 0.234482 -0.211374
v -0.075289 0.238901 -0.214946
v -0.074810 0.264482 -0.214114
v -0.075154 0.238134 -0.166172
v -0.075305 0.264482 -0.164685
v -0.139323 0.234904 -0.152657
v -0.160689 0.234745 -0.189827
v -0.139294 0.234806 -0.226947
v -0.096408 0.234903 -0.226999
v -0.074944 0.234904 -0.189827
v -0.096437 0.234806 -0.152707
v 0.104137 0.817290 -0.119591
v 0.099059 0.837290 -0.120601
v 0.065971 0.817290 -0.140327
v 0.065971 0.837290 -0.140327
v 0.046245 0.817290 -0.173415
v 0.045235 0.837290 -0.178493
v 0.050797 0.817290 -0.216613
v 0.050797 0.837290 -0.216613
v 0.073818 0.817290 -0.247500
v 0.078122 0.837290 -0.250376
v 0.126798 0.817290 -0.260059
v 0.115469 0.837290 -0.259825
v 0.157120 0.837290 -0.247499
v 0.173144 0.817290 -0.231476
v 0.185703 0.837290 -0.201155
v 0.185469 0.817290 -0.189825
v 0.176020 0.817290 -0.152478
v 0.173144 0.837290 -0.148174
v 0.142257 0.817290 -0.125153
v 0.142257 0.837290 -0.125153
v 0.104137 0.264481 -0.119591
v 0.099059 0.306704 -0.120601
v 0.065971 0.264481 -0.140327
v 0.065971 0.306704 -0.140327
v 0.046245 0.264481 -0.173415
v 0.045235 0.306704 -0.178493
v 0.050797 0.264481 -0.216613
v 0.050797 0.306704 -0.216613
v 0.073818 0.264481 -0.247500
v 0.078122 0.306704 -0.250376
v 0.126798 0.264481 -0.260059
v 0.115469 0.306704 -0.259825
v 0.157120 0.306704 -0.247499
v 0.173144 0.264481 -0.231475
v 0.185703 0.306704 -0.201155
v 0.185469 0.264481 -0.189825
v 0.176020 0.264481 -0.152478
v 0.173144 0.306704 -0.148174
v 0.142257 0.264481 -0.125153
v 0.142257 0.306704 -0.125153
v 0.115469 0.819481 -0.159828
v 0.094255 0.819481 -0.168614
v 0.085469 0.819481 -0.189828
v 0.094255 0.819481 -0.211041
v 0.115469 0.819481 -0.219828
v 0.136682 0.819481 -0.211041
v 0.145469 0.819481 -0.189828
v 0.136682 0.819481 -0.168614
v 0.115833 0.221854 -0.160734
v 0.095742 0.220790 -0.169247
v 0.086375 0.221854 -0.189463
v 0.094945 0.220550 -0.209422
v 0.115105 0.221854 -0.218922
v 0.135196 0.220790 -0.210408
v 0.144563 0.221854 -0.190193
v 0.135992 0.220550 -0.170233
v 0.116856 0.236678 -0.141719
v 0.114974 0.264482 -0.140399
v 0.073627 0.238134 -0.164668
v 0.072414 0.264482 -0.165542
v 0.073029 0.237015 -0.212867
v 0.072909 0.264482 -0.214971
v 0.114601 0.238134 -0.238644
v 0.115964 0.264482 -0.239257
v 0.152789 0.234482 -0.211375
v 0.158044 0.238901 -0.214946
v 0.158523 0.264482 -0.214114
v 0.158179 0.238134 -0.166172
v 0.158028 0.264482 -0.164685
v 0.094009 0.234904 -0.152657
v 0.072644 0.234745 -0.189827
v 0.094039 0.234806 -0.226947
v 0.136926 0.234903 -0.226999
v 0.158389 0.234904 -0.189827
v 0.136898 0.234806 -0.152708
v 0.337470 0.817290 -0.119591
v 0.332392 0.837290 -0.120601
v 0.299304 0.817290 -0.140327
v 0.288250 0.837290 -0.152478
v 0.279578 0.817290 -0.173415
v 0.279578 0.837290 -0.206235
v 0.284130 0.817290 -0.216613
v 0.307151 0.817290 -0.247500
v 0.311455 0.837290 -0.250376
v 0.348802 0.817290 -0.259825
v 0.348802 0.837290 -0.259825
v 0.386147 0.817290 -0.250376
v 0.390451 0.837290 -0.247501
v 0.418026 0.817290 -0.206236
v 0.413474 0.837290 -0.216613
v 0.418026 0.837290 -0.173415
v 0.413474 0.817290 -0.163037
v 0.390451 0.817290 -0.132148
v 0.386147 0.837290 -0.129272
v 0.337470 0.264481 -0.119591
v 0.332392 0.306704 -0.120601
v 0.299304 0.264481 -0.140327
v 0.288250 0.306704 -0.152478
v 0.279578 0.264481 -0.173415
v 0.279578 0.306704 -0.206235
v 0.284130 0.264481 -0.216613
v 0.307151 0.264481 -0.247500
v 0.311455 0.306704 -0.250376
v 0.348802 0.264481 -0.259825
v 0.348802 0.306704 -0.259825
v 0.386147 0.264481 -0.250376
v 0.390451 0.306704 -0.247501
v 0.418026 0.264481 -0.206236
v 0.413474 0.306704 -0.216613
v 0.418026 0.306704 -0.173415
v 0.413474 0.264481 -0.163037
v 0.390451 0.264481 -0.132148
v 0.386147 0.306704 -0.129272
v 0.348802 0.819481 -0.159828
v 0.327589 0.819481 -0.168615
v 0.318802 0.819481 -0.189828
v 0.327589 0.819481 -0.211041
v 0.348802 0.819481 -0.219828
v 0.370015 0.819481 -0.211041
v 0.378802 0.819481 -0.189828
v 0.370015 0.819481 -0.168615
v 0.349167 0.221854 -0.160734
v 0.329075 0.220789 -0.169248
v 0.319708 0.221854 -0.189463
v 0.328279 0.220550 -0.209422
v 0.348437 0.221854 -0.218922
v 0.368529 0.220790 -0.210408
v 0.377896 0.221854 -0.190193
v 0.369325 0.220550 -0.170233
v 0.350189 0.236679 -0.141718
v 0.348307 0.264482 -0.140399
v 0.306961 0.238134 -0.164668
v 0.305748 0.264482 -0.165542
v 0.306363 0.237015 -0.212867
v 0.306243 0.264482 -0.214971
v 0.347934 0.238134 -0.238644
v 0.349297 0.264482 -0.239257
v 0.386122 0.234482 -0.211375
v 0.391377 0.238901 -0.214946
v 0.391856 0.264482 -0.214114
v 0.391512 0.238134 -0.166172
v 0.391361 0.264482 -0.164685
v 0.327341 0.234904 -0.152658
v 0.305978 0.234745 -0.189827
v 0.327373 0.234806 -0.226947
v 0.370261 0.234903 -0.226998
v 0.391722 0.234904 -0.189827
v 0.370234 0.234806 -0.152710
v 0.450870 0.269689 0.264312
v 0.450870 0.159999 0.114313
v 0.450870 0.269689 0.114313
v 0.488200 0.269689 0.264312
v 0.488200 0.159999 0.114313
v 0.488200 0.269689 0.114313
v 0.450870 0.159999 0.174312
v 0.450870 0.249999 0.264312
v 0.488200 0.249999 0.264312
v 0.488200 0.159999 0.174312
v 0.215870 0.269689 0.264312
v 0.215870 0.159999 0.114313
v 0.215870 0.269689 0.114313
v 0.253200 0.269689 0.264312
v 0.253200 0.159999 0.114313
v 0.253200 0.269689 0.114313
v 0.215870 0.159999 0.174312
v 0.215870 0.249999 0.264312
v 0.253200 0.249999 0.264312
v 0.253200 0.159999 0.174312
v -0.019130 0.269689 0.264312
v -0.019130 0.159999 0.114313
v -0.019130 0.269689 0.114313
v 0.018200 0.269689 0.264312
v 0.018200 0.159999 0.114313
v 0.018200 0.269689 0.114313
v -0.019130 0.159999 0.174312
v -0.019130 0.249999 0.264312
v 0.018200 0.249999 0.264312
v 0.018200 0.159999 0.174312
v -0.254130 0.269689 0.264312
v -0.254130 0.159999 0.114313
v -0.254130 0.269689 0.114313
v -0.216800 0.269689 0.264312
v -0.216800 0.159999 0.114313
v -0.216800 0.269689 0.114313
v -0.254130 0.159999 0.174312
v -0.254130 0.249999 0.264312
v -0.216800 0.249999 0.264312
v -0.216800 0.159999 0.174312
v -0.489130 0.269689 0.264312
v -0.489130 0.159999 0.114313
v -0.489130 0.269689 0.114313
v -0.451800 0.269689 0.264312
v -0.451800 0.159999 0.114313
v -0.451800 0.269689 0.114313
v -0.489130 0.159999 0.174312
v -0.489130 0.249999 0.264312
v -0.451800 0.249999 0.264312
v -0.451800 0.159999 0.174312
v -0.451800 0.269689 -0.265685
v -0.451800 0.159999 -0.115687
v -0.451800 0.269689 -0.115687
v -0.489130 0.269689 -0.265685
v -0.489130 0.159999 -0.115687
v -0.489130 0.269689 -0.115687
v -0.451800 0.159999 -0.175685
v -0.451800 0.249999 -0.265685
v -0.489130 0.249999 -0.265685
v -0.489130 0.159999 -0.175685
v -0.216800 0.269689 -0.265685
v -0.216800 0.159999 -0.115687
v -0.216800 0.269689 -0.115687
v -0.254130 0.269689 -0.265685
v -0.254130 0.159999 -0.115687
v -0.254130 0.269689 -0.115687
v -0.216800 0.159999 -0.175685
v -0.216800 0.249999 -0.265685
v -0.254130 0.249999 -0.265685
v -0.254130 0.159999 -0.175685
v 0.018200 0.269689 -0.265685
v 0.018200 0.159999 -0.115687
v 0.018200 0.269689 -0.115687
v -0.019130 0.269689 -0.265685
v -0.019130 0.159999 -0.115687
v -0.019130 0.269689 -0.115687
v 0.018200 0.159999 -0.175685
v 0.018200 0.249999 -0.265685
v -0.019130 0.249999 -0.265685
v -0.019130 0.159999 -0.175685
v 0.253200 0.269689 -0.265685
v 0.253200 0.159999 -0.115687
v 0.253200 0.269689 -0.115687
v 0.215870 0.269689 -0.265685
v 0.215870 0.159999 -0.115687
v 0.215870 0.269689 -0.115687
v 0.253200 0.159999 -0.175685
v 0.253200 0.249999 -0.265685
v 0.215870 0.249999 -0.265685
v 0.215870 0.159999 -0.175686
v 0.488200 0.269689 -0.265686
v 0.488200 0.159999 -0.115687
v 0.488200 0.269689 -0.115687
v 0.450870 0.269689 -0.265686
v 0.450870 0.159999 -0.115687
v 0.450870 0.269689 -0.115687
v 0.488200 0.159999 -0.175686
v 0.488200 0.249999 -0.265686
v 0.450870 0.249999 -0.265686
v 0.450870 0.159999 -0.175686
vn -0.0000 -1.0000 -0.0000
vn -0.0000 -0.0000 -1.0000
vn -0.7077 -0.0000 -0.7065
vn -0.0000 -0.0000 1.0000
vn -0.7830 0.6221 -0.0000
vn 1.0000 -0.0000 -0.0000
vn -1.0000 -0.0000 -0.0000
vn 0.7830 0.6221 -0.0000
vn 0.7830 -0.6221 -0.0000
vn -0.7830 -0.6221 -0.0000
vn -0.0000 1.0000 -0.0000
vn 0.7107 -0.0000 0.7035
vn 0.7077 -0.0000 -0.7065
vn -0.7107 -0.0000 0.7035
vn -0.6549 -0.7557 -0.0000
vn 0.6549 -0.7557 -0.0000
vn 0.9979 -0.0000 0.0654
vn 0.9659 -0.0000 0.2588
vn 0.8660 -0.0000 0.5000
vn 0.7071 -0.0000 0.7071
vn 0.5000 -0.0000 0.8660
vn 0.2588 -0.0000 0.9659
vn 0.0654 -0.0000 0.9979
vn 0.9914 0.0078 0.1305
vn 0.9667 0.0132 0.2554
vn 0.9649 0.0135 0.2622
vn 0.8667 0.0218 0.4983
vn 0.8649 0.0218 0.5014
vn 0.7069 0.0247 0.7069
vn 0.5014 0.0218 0.8649
vn 0.4983 0.0217 0.8667
vn 0.2622 0.0135 0.9649
vn 0.2554 0.0132 0.9667
vn 0.0679 0.0040 0.9977
vn 0.9977 -0.0040 0.0679
vn 0.9667 -0.0132 0.2554
vn 0.9980 -0.0037 0.0629
vn 0.9649 -0.0135 0.2622
vn 0.8667 -0.0218 0.4983
vn 0.8649 -0.0218 0.5014
vn 0.7069 -0.0247 0.7069
vn 0.5014 -0.0218 0.8649
vn 0.4983 -0.0217 0.8667
vn 0.2622 -0.0135 0.9649
vn 0.2554 -0.0132 0.9667
vn 0.0679 -0.0040 0.9977
vn 0.0629 -0.0037 0.9980
vn -0.0679 -0.0040 0.9977
vn -0.2554 -0.0132 0.9667
vn -0.0629 -0.0037 0.9980
vn -0.2622 -0.0135 0.9649
vn -0.4983 -0.0217 0.8667
vn -0.5014 -0.0218 0.8649
vn -0.7069 -0.0247 0.7069
vn -0.8649 -0.0218 0.5014
vn -0.8667 -0.0218 0.4983
vn -0.9649 -0.0135 0.2622
vn -0.9667 -0.0132 0.2554
vn -0.9977 -0.0040 0.0679
vn -0.9980 -0.0037 0.0629
vn -0.9977 -0.0040 -0.0679
vn -0.9667 -0.0132 -0.2554
vn -0.9980 -0.0037 -0.0629
vn -0.9649 -0.0135 -0.2622
vn -0.8667 -0.0218 -0.4983
vn -0.8649 -0.0219 -0.5014
vn -0.7069 -0.0247 -0.7069
vn -0.5014 -0.0218 -0.8649
vn -0.4983 -0.0217 -0.8667
vn -0.2622 -0.0135 -0.9649
vn -0.2554 -0.0132 -0.9667
vn -0.0679 -0.0040 -0.9977
vn -0.0629 -0.0037 -0.9980
vn -0.0654 -0.0000 0.9979
vn -0.2588 -0.0000 0.9659
vn -0.5000 -0.0000 0.8660
vn -0.7071 -0.0000 0.7071
vn -0.8660 -0.0000 0.5000
vn -0.9659 -0.0000 0.2588
vn -0.9979 -0.0000 0.0654
vn -0.9979 -0.0000 -0.0654
vn -0.9659 -0.0000 -0.2588
vn -0.8660 -0.0000 -0.5000
vn -0.7071 -0.0000 -0.7071
vn -0.5000 -0.0000 -0.8660
vn -0.2588 -0.0000 -0.9659
vn -0.0654 -0.0000 -0.9979
vn 0.0654 -0.0000 -0.9979
vn 0.2588 -0.0000 -0.9659
vn 0.5000 -0.0000 -0.8660
vn 0.7071 -0.0000 -0.7071
vn 0.8660 -0.0000 -0.5000
vn 0.9659 -0.0000 -0.2588
vn 0.9979 -0.0000 -0.0654
vn 0.0679 -0.0040 -0.9977
vn 0.2554 -0.0132 -0.9667
vn 0.0629 -0.0037 -0.9980
vn 0.2622 -0.0135 -0.9649
vn 0.4983 -0.0217 -0.8667
vn 0.5014 -0.0218 -0.8649
vn 0.7069 -0.0247 -0.7069
vn 0.8649 -0.0219 -0.5014
vn 0.8667 -0.0218 -0.4983
vn 0.9649 -0.0135 -0.2622
vn 0.9667 -0.0132 -0.2554
vn 0.9977 -0.0040 -0.0679
vn 0.9980 -0.0038 -0.0629
vn -0.9914 0.0078 -0.1305
vn -0.9667 0.0132 -0.2554
vn -0.9649 0.0135 -0.2622
vn -0.8667 0.0218 -0.4983
vn -0.8649 0.0219 -0.5014
vn -0.7069 0.0247 -0.7069
vn -0.5014 0.0218 -0.8649
vn -0.4983 0.0217 -0.8667
vn -0.2622 0.0135 -0.9649
vn -0.2554 0.0132 -0.9667
vn -0.0679 0.0038 -0.9977
vn -0.0679 0.0040 0.9977
vn -0.2554 0.0132 0.9667
vn -0.2622 0.0135 0.9649
vn -0.4983 0.0217 0.8667
vn -0.5014 0.0218 0.8649
vn -0.7069 0.0247 0.7069
vn -0.8649 0.0218 0.5014
vn -0.8667 0.0218 0.4983
vn -0.9649 0.0135 0.2622
vn -0.9667 0.0132 0.2554
vn -0.9914 0.0078 0.1305
vn 0.0679 0.0040 -0.9977
vn 0.2554 0.0132 -0.9667
vn 0.2622 0.0135 -0.9649
vn 0.4983 0.0217 -0.8667
vn 0.5014 0.0218 -0.8649
vn 0.7069 0.0247 -0.7069
vn 0.8649 0.0219 -0.5014
vn 0.8667 0.0218 -0.4983
vn 0.9649 0.0135 -0.2622
vn 0.9667 0.0132 -0.2554
vn 0.9914 0.0078 -0.1305
vn -0.0630 0.0035 -0.9980
vn 0.0629 0.0037 0.9980
vn -0.0000 -1.0000 0.0001
vn -0.0000 0.8272 0.5619
vn 1.0000 0.0002 -0.0000
vn -1.0000 0.0002 -0.0000
vn -1.0000 -0.0001 -0.0000
vn -0.0000 -1.0000 -0.0001
vn -0.9973 -0.0000 -0.0739
vn -0.0000 0.8769 0.4807
vn 0.5619 -0.7253 -0.3976
vn -0.0000 1.0000 0.0001
vn -0.0629 0.0037 0.9980
vn 0.0629 0.0037 -0.9980
vn -0.0000 -0.5496 0.8354
vn -0.0000 -1.0000 0.0072
vn 0.0001 0.0003 1.0000
vn -0.0000 -0.0000 -0.0000
vn 1.0000 0.0001 -0.0000
vn -1.0000 0.0001 -0.0000
vn -0.7071 0.7071 -0.0000
vn -0.0000 -0.7071 0.7071
vn -0.0000 0.7071 0.7071
vn -0.0000 -0.7071 -0.7071
vn -0.0000 0.7071 -0.7071
vn 1.0000 -0.0001 -0.0000
vn 0.9933 -0.1073 -0.0434
vn 0.9993 -0.0357 0.0072
vn 0.9994 -0.0199 -0.0281
vn -0.1678 -0.2929 -0.9413
vn 0.1006 -0.4491 -0.8878
vn -0.2430 -0.2403 -0.9398
vn 0.0567 -0.5721 -0.8182
vn -0.0297 -0.6734 -0.7386
vn -0.0061 -0.8308 -0.5565
vn 0.0061 -0.8321 -0.5547
vn 0.0297 -0.9401 -0.3395
vn -0.0431 -0.9759 -0.2137
vn 0.0374 -0.9989 0.0274
vn -0.0374 -0.9851 0.1680
vn 0.0374 -0.9124 0.4075
vn -0.0510 -0.8463 0.5303
vn 0.1678 -0.6308 0.7576
vn -0.3500 -0.4560 0.8183
vn -0.3500 -0.1082 0.9305
vn -0.3500 0.2562 0.9011
vn -0.1678 0.6308 0.7576
vn 0.1006 0.7547 0.6483
vn -0.2430 0.5817 0.7763
vn 0.0510 0.8463 0.5303
vn -0.0374 0.9124 0.4075
vn 0.0374 0.9851 0.1680
vn -0.0374 0.9989 0.0274
vn 0.0431 0.9759 -0.2137
vn -0.0161 0.9396 -0.3419
vn 0.1503 0.8521 -0.5014
vn -0.1655 0.7656 -0.6217
vn -0.2307 0.7366 -0.6358
vn -0.3500 0.4560 -0.8183
vn -0.3499 0.1082 -0.9305
vn 0.1704 0.6607 0.7311
vn 0.3463 0.7058 0.6181
vn 0.3844 0.6914 0.6117
vn 0.6747 -0.2653 -0.6888
vn 0.6155 -0.2554 -0.7456
vn 0.6998 -0.1518 -0.6980
vn 0.1118 -0.4907 -0.8641
vn -0.0603 -0.4824 -0.8739
vn 0.1252 -0.4907 -0.8623
vn 0.1072 -0.7514 0.6510
vn 0.1562 -0.5957 0.7878
vn 0.1094 -0.7511 0.6510
vn 0.5004 -0.1499 0.8527
vn 0.5771 -0.2123 0.7886
vn 0.6951 -0.2496 0.6742
vn 0.1454 -0.0175 0.9892
vn 0.1075 0.4919 0.8640
vn 0.1097 0.4919 0.8637
vn 0.3194 0.9347 0.1557
vn 0.5921 0.8051 -0.0351
vn -0.1711 0.9724 0.1588
vn 0.1080 0.9453 -0.3079
vn 0.1487 0.8506 -0.5044
vn 0.1112 0.9449 -0.3080
vn 0.7134 0.6973 -0.0700
vn 0.5373 0.8420 0.0487
vn -0.1161 0.8816 0.4574
vn -0.1555 -0.9859 0.0611
vn 0.1178 -0.6687 0.7341
vn 0.1044 0.9059 -0.4104
vn 0.6940 0.5163 -0.5018
vn 0.7141 0.3536 -0.6041
vn 0.4723 0.5613 -0.6796
vn 0.1286 0.0149 0.9916
vn -0.1153 -0.4766 -0.8715
vn -0.0895 0.4864 -0.8691
vn -0.0237 0.4652 -0.8849
vn 0.3101 0.3130 -0.8977
vn 0.1278 0.1515 -0.9802
vn 0.1638 0.0449 -0.9855
vn -0.3197 -0.7335 -0.5998
vn 0.1217 0.5963 0.7935
vn -0.3281 -0.9056 -0.2688
vn -0.0160 0.9937 -0.1106
vn 0.0149 0.9589 -0.2832
vn -0.0160 0.8743 -0.4850
vn 0.4971 -0.8176 0.2906
vn 0.7093 -0.6236 0.3287
vn 0.6906 -0.6053 0.3958
vn 0.7348 -0.4936 0.4653
vn 0.7300 -0.4431 0.5203
vn 0.7360 0.6025 -0.3087
vn 0.7415 0.5787 -0.3396
vn 0.7115 -0.3071 0.6320
vn 0.7409 0.0324 -0.6708
vn 0.7179 -0.2084 -0.6642
vn 0.7275 0.4508 -0.5173
vn 0.7143 -0.1532 0.6828
vn 0.7251 -0.0036 0.6886
vn 0.7285 0.1040 0.6771
vn 0.7343 -0.3554 -0.5783
vn 0.7525 -0.4202 -0.5070
vn 0.4984 0.1493 0.8540
vn 0.7457 -0.5164 -0.4209
vn 0.7347 0.0709 -0.6747
vn 0.7385 0.2410 -0.6297
vn 0.7254 0.3086 0.6152
vn 0.7023 0.2398 0.6702
vn 0.7341 0.4212 0.5326
vn 0.7337 -0.5982 -0.3222
vn 0.7302 -0.6524 -0.2027
vn 0.7387 -0.6703 0.0703
vn 0.7375 -0.6655 -0.1149
vn 0.7481 -0.6569 0.0940
vn 0.7381 0.5935 0.3209
vn 0.7359 0.5251 0.4275
vn 0.7268 0.6642 0.1747
vn 0.7186 -0.0672 0.6921
vn 0.7136 -0.2064 0.6695
vn 0.7060 0.1569 0.6906
vn -0.0022 -0.7032 0.7109
vn 0.0024 -0.4661 0.8847
vn 0.0025 -0.4582 0.8888
vn -0.0074 0.0695 -0.9976
vn 0.0067 -0.1871 -0.9823
vn -0.0140 -0.3038 -0.9526
vn 0.0153 0.7795 -0.6262
vn -0.0118 0.6373 -0.7705
vn 0.0107 -0.1139 0.9934
vn -0.0006 -0.1946 0.9809
vn -0.0123 0.1215 0.9925
vn 0.0120 -0.4790 -0.8777
vn -0.0153 -0.6439 -0.7649
vn 0.0138 0.4791 -0.8776
vn -0.0068 0.3724 -0.9281
vn 0.0069 0.1225 -0.9924
vn 0.0158 0.2789 0.9602
vn -0.0153 0.4788 0.8778
vn 0.0125 -0.7579 -0.6523
vn -0.0044 -0.8813 -0.4725
vn 0.0159 0.6268 0.7790
vn -0.0159 0.7796 0.6260
vn 0.0009 -0.9933 -0.1154
vn -0.0010 -0.9805 -0.1966
vn -0.0070 -0.9920 0.1261
vn 0.0156 0.8785 0.4775
vn -0.0158 0.9603 0.2786
vn -0.0025 -0.8886 0.4587
vn -0.0018 -0.8861 0.4635
vn 0.0156 0.9945 0.1039
vn 0.0018 -0.7123 0.7019
vn 1.0000 0.0001 -0.0001
vn 1.0000 -0.0000 0.0001
vn 0.6941 0.2203 0.6854
vn 0.7081 -0.3337 -0.6223
vn 0.7049 -0.4514 -0.5471
vn 0.7049 -0.5421 -0.4573
vn 0.7083 0.3183 -0.6301
vn 0.7145 0.0789 -0.6952
vn 0.7003 0.0907 -0.7081
vn 0.7122 -0.6264 -0.3169
vn 0.7185 0.4357 0.5422
vn 0.7152 0.4479 0.5365
vn 0.7106 -0.6981 -0.0878
vn 0.7153 -0.6965 -0.0563
vn 0.7068 0.6462 0.2880
vn 0.7051 0.6103 0.3610
vn 0.7048 -0.6987 0.1232
vn 0.7219 -0.6584 0.2131
vn 0.7164 0.6933 0.0781
vn 0.7196 -0.6123 0.3276
vn 0.7161 -0.4942 0.4929
vn 0.7122 0.7001 -0.0513
vn 0.7042 0.6808 -0.2016
vn 0.6837 -0.5188 0.5133
vn 0.7172 -0.3350 0.6111
vn 0.7104 0.6226 -0.3283
vn 0.7103 0.5487 -0.4408
vn 0.7045 -0.1244 -0.6987
vn 0.7185 -0.1967 -0.6671
vn -0.9984 -0.0502 0.0250
vn -0.9993 -0.0385 0.0031
vn -0.9994 -0.0200 0.0265
vn 0.1678 -0.2929 0.9413
vn -0.1006 -0.4491 0.8878
vn 0.2430 -0.2403 0.9398
vn -0.0567 -0.5721 0.8182
vn 0.0161 -0.6755 0.7372
vn -0.1503 -0.7893 0.5954
vn 0.1655 -0.8673 0.4694
vn 0.2307 -0.8693 0.4372
vn 0.3500 -0.9305 0.1082
vn 0.3500 -0.9011 -0.2562
vn 0.1503 -0.7893 -0.5954
vn -0.0161 -0.6754 -0.7372
vn -0.1655 -0.8674 -0.4694
vn 0.3500 -0.1082 -0.9305
vn 0.1820 0.2902 -0.9395
vn -0.1006 0.4491 -0.8878
vn 0.2430 0.2403 -0.9398
vn -0.1529 0.6314 -0.7602
vn 0.1529 0.7602 -0.6314
vn -0.1005 0.8667 -0.4887
vn -0.1820 0.9395 -0.2902
vn 0.3500 0.9305 -0.1082
vn 0.1678 0.9413 0.2929
vn -0.1006 0.8878 0.4491
vn 0.2430 0.9398 0.2403
vn -0.0567 0.8182 0.5721
vn 0.0161 0.7372 0.6755
vn -0.1504 0.5954 0.7893
vn 0.1655 0.4694 0.8673
vn 0.2307 0.4372 0.8692
vn 0.3499 0.1082 0.9305
vn -0.9998 0.0174 -0.0068
vn -0.9999 0.0075 -0.0083
vn -0.9999 0.0111 -0.0109
vn -0.1072 -0.7515 -0.6510
vn -0.1562 -0.5957 -0.7878
vn -0.1094 -0.7512 -0.6510
vn -0.4928 -0.1437 -0.8582
vn -0.5772 -0.2123 -0.7886
vn -0.6925 -0.2717 -0.6683
vn -0.1454 -0.0175 -0.9892
vn -0.1075 0.4919 -0.8640
vn -0.1563 0.6565 -0.7380
vn -0.1097 0.4919 -0.8637
vn -0.5081 0.8029 -0.3118
vn -0.5771 0.7320 -0.3620
vn -0.6951 0.6126 -0.3763
vn -0.1490 0.9655 -0.2134
vn -0.0984 0.9465 0.3074
vn 0.0755 0.9527 0.2944
vn -0.1112 0.9449 0.3080
vn -0.6807 0.2862 0.6744
vn -0.5680 0.3892 0.7251
vn -0.4931 0.5065 0.7073
vn -0.1212 0.2631 0.9571
vn -0.1596 0.0594 0.9854
vn -0.1250 0.2627 0.9567
vn -0.7227 0.6784 -0.1322
vn -0.7182 0.6957 0.0158
vn -0.5106 0.8590 -0.0370
vn -0.1547 -0.9861 0.0602
vn -0.1331 -0.9713 -0.1971
vn -0.1431 -0.9756 -0.1668
vn -0.1297 0.9745 -0.1833
vn -0.1177 -0.6687 -0.7341
vn 0.1400 0.9476 0.2872
vn -0.1476 -0.1974 0.9691
vn -0.1448 -0.1646 0.9757
vn 0.1623 0.7850 0.5979
vn -0.1286 0.0149 -0.9916
vn -0.6663 -0.2930 0.6857
vn -0.4315 -0.5298 0.7302
vn -0.3207 -0.4615 0.8271
vn -0.1171 -0.7444 0.6574
vn -0.1350 -0.7775 0.6142
vn -0.1066 0.1581 0.9817
vn -0.1177 0.5895 -0.7992
vn -0.1430 -0.9199 0.3651
vn -0.1512 -0.9034 0.4012
vn -0.1220 -0.9820 0.1440
vn -0.4983 -0.8085 -0.3131
vn -0.7212 -0.5504 -0.4206
vn -0.7024 -0.6105 -0.3660
vn -0.7006 0.7069 0.0968
vn -0.7272 0.6568 0.1995
vn -0.7260 -0.4381 -0.5300
vn -0.7414 0.5226 0.4209
vn -0.7384 0.5710 0.3586
vn -0.7297 -0.3571 -0.5831
vn -0.7159 -0.1938 -0.6708
vn -0.7350 -0.1347 0.6646
vn -0.7488 0.0444 0.6613
vn -0.7338 -0.2175 0.6436
vn -0.7193 0.4267 0.5483
vn -0.7308 -0.0067 -0.6825
vn -0.7312 0.0975 -0.6751
vn -0.7485 -0.4184 0.5144
vn -0.7110 0.2712 0.6488
vn -0.4983 0.1492 -0.8541
vn -0.7460 -0.5194 0.4168
vn -0.7320 0.0939 0.6748
vn -0.7251 0.3118 -0.6141
vn -0.7015 0.2397 -0.6711
vn -0.7320 0.4291 -0.5292
vn -0.7386 -0.6424 0.2043
vn -0.7507 -0.6004 0.2757
vn -0.7207 0.5538 -0.4171
vn -0.7365 -0.6728 0.0697
vn -0.7314 0.6466 -0.2168
vn -0.7302 -0.6688 -0.1399
vn -0.7452 -0.6667 -0.0112
vn -0.7285 -0.6438 -0.2340
vn -0.7047 -0.0744 -0.7056
vn -0.7107 -0.2041 -0.6733
vn -0.7109 0.0760 -0.6992
vn 0.0042 -0.7738 -0.6334
vn -0.0040 -0.4753 -0.8798
vn 0.0011 -0.5560 -0.8312
vn -0.0026 0.9527 0.3040
vn -0.0100 0.7836 0.6212
vn 0.0009 0.8311 0.5562
vn 0.0121 -0.2637 -0.9645
vn 0.0042 0.0670 0.9977
vn -0.0047 -0.2780 0.9606
vn 0.0042 -0.3064 0.9519
vn 0.0092 0.6286 0.7777
vn -0.0157 -0.1107 -0.9937
vn 0.0153 0.1112 -0.9937
vn -0.0036 -0.6136 0.7896
vn 0.0021 -0.6311 0.7757
vn -0.0139 0.4834 0.8753
vn 0.0068 0.3726 0.9280
vn -0.0082 0.1118 0.9937
vn -0.0156 0.2789 -0.9602
vn 0.0157 0.4824 -0.8758
vn -0.0018 -0.8277 0.5611
vn 0.0016 -0.8336 0.5524
vn -0.0022 -0.9575 0.2883
vn -0.0027 -0.9593 0.2825
vn -0.0156 0.6268 -0.7790
vn 0.0157 0.7826 -0.6223
vn -0.0105 -0.9971 -0.0759
vn 0.0010 -1.0000 0.0016
vn -0.0157 0.8784 -0.4776
vn 0.0120 0.9558 -0.2938
vn 0.0119 -0.9498 -0.3127
vn -0.0135 0.9948 -0.1010
vn 0.0064 0.9999 0.0114
vn -0.0130 -0.8951 -0.4457
vn -0.0065 0.9585 0.2849
vn -1.0000 0.0001 0.0001
vn -0.7102 -0.1991 0.6753
vn -0.7091 -0.4429 0.5487
vn -0.7003 -0.4366 0.5648
vn -0.7087 0.1977 -0.6773
vn -0.7105 0.0942 0.6974
vn -0.7023 0.3945 0.5925
vn -0.7116 0.0634 0.6998
vn -0.7056 -0.5796 0.4076
vn -0.7189 -0.6157 0.3226
vn -0.7072 -0.6764 0.2058
vn -0.7065 -0.7050 0.0619
vn -0.7157 0.4604 -0.5251
vn -0.7129 0.6391 -0.2886
vn -0.7051 0.6103 -0.3610
vn -0.7026 -0.7091 -0.0604
vn -0.7109 -0.6685 -0.2185
vn -0.7164 0.6933 -0.0781
vn -0.7177 -0.6173 -0.3223
vn -0.7145 -0.4860 -0.5032
vn -0.7122 0.7001 0.0513
vn -0.7042 0.6808 0.2016
vn -0.7113 0.6211 0.3290
vn -0.7128 0.5459 0.4403
vn -0.7174 -0.3302 -0.6134
vn -0.7152 -0.2093 0.6669
vn 0.9996 0.0276 0.0109
vn 0.9988 0.0480 0.0005
vn 1.0000 0.0092 -0.0010
vn 1.0000 0.0002 -0.0001
vn 0.9994 0.0281 0.0188
vn 0.9994 0.0195 0.0289
vn 0.9991 0.0206 0.0376
vn 0.9997 -0.0055 0.0238
vn 0.9996 -0.0213 0.0158
vn 0.9994 -0.0010 -0.0334
vn 0.9995 0.0238 -0.0213
vn 0.9999 0.0043 0.0121
vn 0.9957 0.0910 -0.0188
vn 0.9994 0.0196 -0.0282
vn 0.9990 0.0079 0.0436
vn 0.9999 -0.0073 0.0112
vn 0.9986 0.0243 -0.0477
vn 0.9991 -0.0017 -0.0413
vn 0.9985 -0.0234 0.0492
vn 0.9999 -0.0036 -0.0109
vn 0.9999 -0.0114 0.0056
vn 0.9987 -0.0435 0.0258
vn 0.9991 -0.0199 -0.0384
vn 0.9977 -0.0655 -0.0185
vn -0.1006 -0.7547 0.6483
vn 0.2430 -0.5817 0.7763
vn 0.3500 -0.2562 0.9011
vn 0.3500 0.1082 0.9305
vn 0.3500 0.4560 0.8183
vn 0.3500 0.5815 -0.7344
vn 0.3500 0.2562 -0.9011
vn 0.1483 -0.0743 -0.9862
vn 0.1445 -0.0747 -0.9867
vn 0.5754 -0.7335 0.3618
vn 0.3367 -0.9047 0.2612
vn 0.1248 -0.4881 0.8638
vn 0.1206 -0.4880 0.8645
vn 0.5755 0.2117 0.7899
vn 0.6890 0.7143 -0.1222
vn -0.2458 0.7429 -0.6227
vn -0.2671 0.7372 -0.6206
vn 0.5247 -0.8457 -0.0976
vn 0.4607 0.8420 0.2808
vn 0.3426 -0.9028 0.2599
vn 0.4032 -0.6011 -0.6900
vn 0.5165 -0.7524 -0.4089
vn 0.0003 -0.9240 -0.3824
vn 0.0010 -0.9811 0.1934
vn 1.0000 -0.0002 0.0005
vn 1.0000 0.0004 -0.0002
vn 1.0000 -0.0002 -0.0001
vn 1.0000 0.0006 0.0009
vn 1.0000 0.0011 -0.0011
vn 1.0000 0.0004 -0.0000
vn 1.0000 0.0004 0.0004
vn 0.7080 0.4102 -0.5749
vn 0.7062 -0.6585 -0.2600
vn -0.9972 0.0746 0.0051
vn -0.9999 0.0128 0.0019
vn -1.0000 0.0002 0.0001
vn -0.9996 -0.0176 -0.0233
vn -0.9959 0.0359 -0.0828
vn -0.9997 -0.0055 -0.0236
vn -0.9994 0.0055 0.0338
vn -0.9994 0.0258 0.0249
vn -0.9999 0.0056 -0.0122
vn -0.9954 0.0942 0.0186
vn -0.9987 0.0218 0.0456
vn -0.9990 0.0079 -0.0436
vn -0.9999 -0.0065 -0.0114
vn -0.9999 0.0055 0.0116
vn -0.9991 0.0120 0.0412
vn -0.9991 -0.0275 -0.0312
vn -0.9987 -0.0152 0.0485
vn -0.9999 -0.0124 -0.0053
vn -0.9994 -0.0144 0.0326
vn -0.9929 -0.1070 -0.0514
vn -0.9982 -0.0527 0.0297
vn -0.9991 -0.0412 0.0075
vn -0.3500 -0.9011 0.2562
vn -0.3500 -0.9305 -0.1082
vn -0.2307 -0.8693 -0.4372
vn -0.3500 0.1082 -0.9305
vn 0.1006 0.4886 -0.8667
vn 0.1006 0.8878 -0.4491
vn -0.2430 0.9398 -0.2403
vn -0.3500 0.9305 0.1082
vn -0.1247 0.7520 -0.6473
vn 0.1180 -0.3286 0.9371
vn 0.1345 -0.3297 0.9345
vn -0.5754 -0.7335 -0.3618
vn -0.1248 -0.4881 -0.8638
vn -0.1207 -0.4880 -0.8644
vn -0.5755 0.2117 -0.7899
vn -0.1205 0.7526 -0.6474
vn -0.6042 0.7960 0.0364
vn -0.3524 0.6102 0.7095
vn -0.3940 0.7996 0.4532
vn -0.3614 0.6090 0.7060
vn -0.7395 0.6211 0.2596
vn -0.7255 -0.5913 0.3523
vn -0.0005 -0.7079 -0.7063
vn -1.0000 -0.0002 0.0004
vn -1.0000 -0.0003 -0.0006
vn -1.0000 0.0004 0.0002
vn -1.0000 -0.0004 0.0002
vn -1.0000 -0.0001 -0.0003
vn -1.0000 0.0013 0.0014
vn -1.0000 0.0004 -0.0000
vn -1.0000 0.0004 -0.0004
vn -0.6971 0.3246 0.6393
vn -0.7099 0.3790 -0.5936
vn -0.6788 -0.5286 -0.5097
vn 0.3500 -0.0754 0.9337
vn 0.1503 -0.4300 0.8902
vn -0.0161 -0.5913 0.8063
vn -0.1655 -0.2911 0.9423
vn 0.0431 -0.6927 0.7199
vn -0.0431 -0.8412 0.5390
vn 0.0297 -0.9049 0.4247
vn 0.0061 -0.9806 0.1962
vn -0.0061 -0.9810 0.1940
vn -0.0297 -0.9985 -0.0461
vn 0.0431 -0.9834 -0.1760
vn -0.0374 -0.9124 -0.4075
vn 0.0374 -0.8458 -0.5322
vn -0.0374 -0.6870 -0.7257
vn 0.0374 -0.5777 -0.8154
vn -0.0431 -0.3645 -0.9302
vn 0.0297 -0.2400 -0.9703
vn 0.0061 -0.0011 -1.0000
vn -0.0061 0.0011 -1.0000
vn -0.0297 0.2400 -0.9703
vn 0.0431 0.3645 -0.9302
vn -0.0374 0.5777 -0.8154
vn 0.0374 0.6870 -0.7257
vn -0.0374 0.8458 -0.5322
vn 0.0374 0.9124 -0.4075
vn -0.0431 0.9834 -0.1760
vn 0.0297 0.9985 -0.0461
vn 0.0061 0.9810 0.1940
vn -0.0061 0.9806 0.1962
vn -0.0297 0.9049 0.4247
vn 0.0431 0.8412 0.5390
vn -0.0431 0.6927 0.7199
vn 0.0161 0.5913 0.8063
vn -0.1503 0.4300 0.8902
vn 0.1655 0.2911 0.9423
vn 0.2307 0.2592 0.9379
vn -0.7026 -0.6665 -0.2493
vn -0.5613 -0.7959 -0.2269
vn -0.5036 -0.8522 -0.1418
vn -0.0835 -0.8662 -0.4926
vn -0.1422 -0.7426 -0.6545
vn -0.0829 -0.8663 -0.4926
vn -0.6810 0.1277 -0.7211
vn -0.5681 0.0792 -0.8191
vn -0.4728 -0.0195 -0.8810
vn -0.1159 0.3114 -0.9432
vn 0.0494 0.3016 -0.9522
vn -0.1290 0.3118 -0.9413
vn 0.3182 0.9415 -0.1109
vn 0.1755 0.9792 -0.1020
vn 0.3283 0.9380 -0.1115
vn 0.2293 0.8490 -0.4760
vn 0.1255 0.9872 -0.0984
vn -0.1345 -0.7762 -0.6160
vn 0.3281 0.9023 0.2796
vn -0.1158 -0.5254 -0.8430
vn -0.1502 -0.4426 -0.8841
vn 0.3148 0.7326 0.6034
vn -0.1332 -0.1899 -0.9727
vn -0.1426 -0.2201 -0.9650
vn -0.6752 -0.2855 0.6802
vn -0.4192 -0.5363 0.7326
vn -0.3381 -0.4568 0.8228
vn -0.2757 -0.6070 0.7453
vn -0.3822 -0.5723 0.7255
vn -0.6679 0.2667 0.6949
vn -0.7245 0.1044 0.6814
vn -0.5102 0.2637 0.8186
vn 0.1020 0.2967 -0.9495
vn 0.1966 -0.7779 0.5969
vn 0.2249 0.0719 0.9717
vn 0.3281 0.6036 -0.7266
vn 0.3279 -0.9045 0.2726
vn -1.0000 -0.0000 0.0001
vn -0.7368 -0.5835 -0.3417
vn -0.7414 -0.5101 -0.4360
vn -0.7158 0.6978 -0.0256
vn -0.7425 0.6698 0.0025
vn -0.7526 0.6302 0.1909
vn -0.7417 0.5914 0.3164
vn -0.7539 -0.3140 -0.5770
vn -0.7362 -0.3374 -0.5867
vn -0.7423 0.5262 0.4149
vn -0.7478 0.4198 0.5144
vn -0.7526 -0.1359 -0.6443
vn -0.7299 0.0317 -0.6828
vn -0.7409 -0.1581 0.6528
vn -0.7392 -0.3494 0.5758
vn -0.7312 0.3606 0.5791
vn -0.7239 0.2221 0.6531
vn -0.7584 -0.5003 0.4177
vn -0.7587 0.2194 -0.6134
vn -0.7499 0.3825 -0.5398
vn -0.7321 0.4494 -0.5119
vn -0.7471 -0.5815 0.3221
vn -0.7516 -0.6282 0.2011
vn -0.7438 0.5821 -0.3284
vn -0.7483 0.5945 -0.2943
vn -0.7155 -0.6983 -0.0214
vn -0.7442 -0.6680 0.0003
vn -0.7375 0.6565 -0.1588
vn -0.0297 -0.1496 -0.9883
vn -0.0061 -0.3817 -0.9243
vn 0.0431 -0.0192 -0.9989
vn 0.0061 -0.3837 -0.9234
vn 0.0354 -0.5864 -0.8093
vn -0.0354 -0.6793 -0.7330
vn 0.0061 -0.8321 -0.5546
vn -0.0374 -0.8458 0.5322
vn 0.0374 -0.6870 0.7257
vn -0.0374 -0.5777 0.8154
vn 0.0431 -0.3645 0.9302
vn -0.0297 -0.2400 0.9703
vn -0.0061 -0.0011 1.0000
vn 0.0061 0.0011 1.0000
vn 0.0297 0.2400 0.9703
vn -0.0431 0.3645 0.9302
vn 0.0374 0.5777 0.8154
vn -0.0374 0.6870 0.7257
vn 0.0374 0.8458 0.5322
vn -0.0297 0.9401 -0.3395
vn -0.0061 0.8321 -0.5546
vn 0.0061 0.8308 -0.5565
vn 0.0297 0.6735 -0.7386
vn -0.0431 0.5709 -0.8199
vn 0.0374 0.3570 -0.9334
vn -0.0374 0.2217 -0.9744
vn 0.4965 -0.7851 0.3702
vn 0.5324 -0.8088 0.2496
vn 0.4644 -0.8736 0.1453
vn 0.1493 -0.8282 0.5402
vn 0.5099 -0.1510 0.8469
vn 0.5770 -0.2122 0.7887
vn 0.6966 -0.2465 0.6737
vn 0.1606 -0.0196 0.9868
vn 0.4996 0.3697 0.7834
vn 0.3160 0.4547 0.8327
vn 0.5411 0.2398 0.8060
vn -0.3182 0.9415 0.1109
vn -0.1755 0.9792 0.1020
vn -0.3283 0.9380 0.1115
vn 0.4939 0.3007 -0.8159
vn 0.5417 0.3830 -0.7483
vn 0.4995 0.5023 -0.7058
vn 0.3140 0.2755 -0.9086
vn -0.2293 0.8490 0.4760
vn -0.1255 0.9872 0.0984
vn 0.1397 -0.8065 0.5745
vn 0.1225 -0.6644 0.7372
vn 0.1568 -0.5917 0.7907
vn -0.3281 0.9023 -0.2796
vn -0.1426 0.7902 -0.5960
vn 0.1429 0.0167 0.9896
vn 0.6752 -0.2855 -0.6802
vn 0.4192 -0.5363 -0.7326
vn 0.3381 -0.4568 -0.8228
vn 0.2757 -0.6070 -0.7453
vn 0.3822 -0.5723 -0.7255
vn 0.7005 0.1134 -0.7045
vn -0.1966 -0.7779 -0.5969
vn -0.1658 0.0615 -0.9842
vn 0.6977 0.4227 0.5784
vn -0.1783 0.6511 0.7377
vn -0.3279 -0.9045 -0.2726
vn 1.0000 0.0001 0.0001
vn 0.7492 -0.5303 0.3967
vn 0.7509 -0.5742 0.3262
vn 0.7158 0.6978 0.0256
vn 0.7425 0.6698 -0.0025
vn 0.7526 0.6302 -0.1909
vn 0.7410 -0.4241 0.5207
vn 0.7417 0.5914 -0.3164
vn 0.7369 0.5253 -0.4256
vn 0.7265 0.4245 -0.5403
vn 0.7204 -0.3109 0.6199
vn 0.7330 -0.0882 0.6745
vn 0.7409 -0.1581 -0.6528
vn 0.7441 -0.3500 -0.5691
vn 0.7207 0.2311 -0.6536
vn 0.7293 0.0055 0.6841
vn 0.7182 0.2008 0.6662
vn 0.4862 0.1417 0.8623
vn 0.7754 -0.4864 -0.4027
vn 0.7387 0.4245 0.5237
vn 0.7442 -0.6155 -0.2595
vn 0.7286 -0.6584 -0.1886
vn 0.7395 0.5890 0.3259
vn 0.7472 0.5991 0.2876
vn 0.7601 -0.6496 -0.0140
vn 0.7313 -0.6667 0.1440
vn 0.7375 0.6565 0.1588
vn -0.2307 -0.2592 0.9379
vn -0.9995 0.0302 -0.0039
vn -0.9995 0.0290 -0.0134
vn -0.9996 0.0285 -0.0077
vn -0.9992 0.0337 0.0194
vn -0.9997 0.0062 0.0243
vn -0.9994 -0.0053 0.0348
vn -0.9998 0.0002 -0.0198
vn -0.9989 0.0264 -0.0395
vn -0.9978 0.0434 -0.0492
vn -1.0000 -0.0000 -0.0001
vn -0.9993 -0.0264 -0.0278
vn -0.9998 -0.0172 -0.0075
vn -0.9992 -0.0344 0.0183
vn -0.9991 0.0416 0.0058
vn -0.9991 0.0369 0.0191
vn -1.0000 -0.0023 -0.0053
vn -0.9981 0.0379 0.0485
vn -0.4592 -0.0803 -0.8847
vn -0.9986 -0.0201 -0.0499
vn -0.9982 -0.0188 -0.0576
vn -0.9997 0.0049 0.0260
vn -0.9988 -0.0427 -0.0256
vn -0.9991 -0.0034 0.0414
vn -0.9997 0.0154 0.0211
vn -0.9963 -0.0481 0.0706
vn -0.9992 -0.0399 0.0031
vn -0.9926 -0.0683 0.1006
vn -0.9991 -0.0370 0.0186
vn -0.3500 0.0754 0.9337
vn -0.5225 0.6496 -0.5523
vn 0.2452 -0.2903 0.9250
vn 0.2536 -0.2903 0.9227
vn 0.1285 -0.2879 0.9490
vn 0.0264 -0.9951 -0.0952
vn 0.2700 0.4455 0.8536
vn 0.2813 0.4432 0.8511
vn 0.1172 0.4702 0.8747
vn -0.4248 -0.8962 0.1280
vn 0.0953 -0.9903 -0.1008
vn -0.4646 0.8403 -0.2793
vn -0.4035 0.9076 0.1161
vn -0.5225 0.7588 0.3888
vn -0.4245 -0.0490 0.9041
vn 0.0938 -0.2865 0.9535
vn -0.4256 0.6043 0.6735
vn 0.0748 0.4750 0.8768
vn -0.4035 0.4545 -0.7941
vn -0.5179 -0.7516 0.4084
vn -1.0000 -0.0001 -0.0002
vn -1.0000 -0.0019 -0.0000
vn -1.0000 -0.0001 0.0013
vn -1.0000 -0.0001 -0.0001
vn -1.0000 0.0014 0.0001
vn -1.0000 -0.0001 0.0001
vn -0.7500 -0.0629 0.6584
vn 0.9995 0.0305 0.0036
vn 0.9995 0.0289 0.0134
vn 0.9996 0.0285 0.0077
vn 0.9993 0.0291 -0.0216
vn 0.9997 0.0112 -0.0203
vn 0.9993 -0.0063 -0.0358
vn 0.9999 0.0020 0.0105
vn 0.9989 0.0272 0.0372
vn 0.9977 0.0443 0.0519
vn 0.9998 -0.0037 0.0205
vn 0.9992 -0.0207 0.0330
vn 0.9998 -0.0173 0.0070
vn 0.9992 -0.0317 -0.0223
vn 0.9990 0.0448 -0.0081
vn 1.0000 0.0012 -0.0002
vn 0.9989 0.0431 -0.0183
vn 0.9970 -0.0116 0.0763
vn 0.9992 0.0230 -0.0314
vn 0.6832 0.0610 -0.7277
vn 0.9992 -0.0332 0.0200
vn 0.9991 -0.0215 0.0353
vn 0.9989 -0.0041 0.0472
vn 0.9995 0.0122 -0.0283
vn 0.9988 -0.0430 0.0231
vn 0.9991 -0.0053 -0.0410
vn 0.9996 0.0174 -0.0238
vn 0.9983 -0.0302 -0.0498
vn 0.9989 -0.0454 -0.0066
vn 0.9975 -0.0375 -0.0598
vn 0.9988 -0.0458 -0.0170
vn 0.5225 0.6496 0.5523
vn -0.2452 -0.2903 -0.9250
vn -0.2536 -0.2903 -0.9227
vn -0.1285 -0.2879 -0.9490
vn -0.0264 -0.9951 0.0952
vn 0.1246 -0.4881 0.8638
vn 0.1204 -0.4880 0.8645
vn 0.3546 0.6096 -0.7090
vn 0.4248 -0.8962 -0.1280
vn -0.0953 -0.9903 0.1008
vn 0.4645 0.8404 0.2793
vn 0.4035 0.9076 -0.1161
vn 0.5225 0.7588 -0.3888
vn 0.4245 -0.0490 -0.9041
vn -0.0938 -0.2865 -0.9535
vn 0.3638 0.6084 -0.7054
vn 0.5179 -0.7516 -0.4084
vn 1.0000 -0.0001 0.0002
vn 1.0000 -0.0002 -0.0000
vn 1.0000 -0.0019 -0.0000
vn 1.0000 -0.0003 -0.0004
vn 1.0000 0.0001 -0.0002
vn 1.0000 -0.0001 0.0001
vn 1.0000 0.0008 0.0003
vn 0.7500 -0.0629 -0.6584
vn -0.9239 -0.3827 -0.0000
vn -0.7071 -0.7071 -0.0000
vn 0.3827 -0.9239 -0.0000
vn 0.7071 -0.7071 -0.0000
vn 0.9239 -0.3827 -0.0000
vn 0.9239 0.3827 -0.0000
vn 0.7071 0.7071 -0.0000
vn 0.3827 0.9239 -0.0000
vn -0.3827 0.9239 -0.0000
vn -0.9239 0.3827 -0.0000
vn 0.9238 -0.3828 -0.0000
vn -0.3827 -0.9239 -0.0000
vn 0.9238 0.3828 -0.0000
vn -0.0002 -0.0002 -1.0000
vn -0.0003 0.0003 -1.0000
vn 0.0001 0.0003 -1.0000
vn -0.3202 -0.7937 -0.5173
vn 0.1627 -0.8178 -0.5521
vn -0.0088 -0.8570 -0.5152
vn 0.0065 0.8561 -0.5168
vn 0.4419 0.7105 -0.5477
vn -0.1636 0.8223 -0.5451
vn -0.3337 0.7884 -0.5168
vn 0.5995 -0.6107 -0.5173
vn 0.7088 -0.4417 -0.5499
vn -0.6801 0.4873 -0.5477
vn -0.6009 0.6111 -0.5152
vn -0.7940 0.3211 -0.5162
vn 0.8564 -0.0072 -0.5162
vn 0.8131 0.1929 -0.5492
vn -0.8570 0.0072 -0.5152
vn -0.8251 -0.1329 -0.5492
vn -0.7885 -0.3344 -0.5162
vn -0.4859 -0.6793 -0.5500
vn -0.6111 -0.6009 -0.5152
vn 0.6107 0.6005 -0.5162
vn 0.3213 0.7945 -0.5152
vn 0.0012 0.0001 -1.0000
vn 0.0003 -0.0001 -1.0000
vn 0.0002 -0.0008 -1.0000
vn -0.0012 -0.0002 -1.0000
vn -0.0004 0.0017 -1.0000
vn 0.3361 -0.7884 -0.5152
vn 0.7945 -0.3213 -0.5152
vn 0.7891 0.3346 -0.5152
vn 0.3298 0.7880 -0.5199
vn 0.7001 0.4710 -0.5367
vn 0.3211 0.7882 -0.5249
vn -0.0000 0.0004 -1.0000
vn -0.0003 -0.0003 -1.0000
vn 0.0002 -0.0004 -1.0000
vn -0.3251 -0.7954 -0.5115
vn -0.0000 -0.8442 -0.5360
vn -0.0000 -0.8566 -0.5159
vn 0.0034 0.8589 -0.5121
vn -0.1867 0.8198 -0.5413
vn 0.3251 -0.7954 -0.5115
vn 0.5091 -0.6663 -0.5449
vn 0.7885 -0.3344 -0.5162
vn 0.8250 -0.1329 -0.5492
vn 0.7940 0.3211 -0.5162
vn -0.5091 -0.6663 -0.5449
vn 0.6009 0.6111 -0.5152
vn 0.0002 -0.0000 -1.0000
vn 0.0018 0.0041 -1.0000
vn 0.0002 -0.0001 -1.0000
vn -0.0012 0.0003 -1.0000
vn -0.0001 -0.0033 -1.0000
vn 0.6111 -0.6009 -0.5152
vn 0.8570 0.0072 -0.5152
vn -0.3337 0.7884 0.5168
vn -0.6801 0.4873 0.5477
vn -0.1867 0.8198 0.5413
vn -0.9238 -0.3828 -0.0000
vn -0.9238 0.3828 -0.0000
vn 0.0002 -0.0001 1.0000
vn 0.0003 -0.0003 1.0000
vn -0.0002 -0.0004 1.0000
vn 0.3251 -0.7954 0.5115
vn -0.0000 -0.8442 0.5360
vn -0.0000 -0.8566 0.5159
vn -0.3251 -0.7954 0.5115
vn -0.5091 -0.6663 0.5449
vn 0.0034 0.8589 0.5121
vn 0.3212 0.7882 0.5249
vn 0.3298 0.7880 0.5199
vn 0.7001 0.4710 0.5367
vn 0.6009 0.6111 0.5152
vn -0.7885 -0.3344 0.5162
vn -0.8250 -0.1329 0.5492
vn 0.7940 0.3211 0.5162
vn 0.8570 0.0072 0.5152
vn 0.8251 -0.1329 0.5492
vn 0.7885 -0.3344 0.5162
vn -0.7940 0.3211 0.5162
vn 0.5091 -0.6663 0.5449
vn 0.6111 -0.6009 0.5152
vn -0.6009 0.6111 0.5152
vn -0.0000 0.0004 1.0000
vn 0.0019 0.0044 1.0000
vn 0.0001 -0.0000 1.0000
vn -0.0012 0.0001 1.0000
vn 0.0012 0.0003 1.0000
vn 0.0001 -0.0033 1.0000
vn -0.6111 -0.6009 0.5152
vn -0.8570 0.0072 0.5152
vn -0.9238 -0.3829 -0.0000
vn -0.8251 -0.1329 0.5492
vn -0.0000 -0.9981 0.0611
vn -0.0000 -0.9659 0.2588
vn -0.0013 -0.9982 0.0599
vn -0.0000 -0.8660 0.5000
vn -0.0000 -0.5000 0.8660
vn -0.0000 -0.2521 0.9677
vn 0.0013 0.9982 0.0599
vn -0.0000 0.9659 0.2588
vn -0.0000 0.8660 0.5000
vn -0.0000 0.5000 0.8660
vn -0.0000 0.2521 0.9677
vn -0.0123 -0.6665 -0.7454
vn 0.0148 -0.5665 -0.8240
vn 0.0126 -0.7969 -0.6040
vn -0.0139 -0.4066 -0.9135
vn 0.0112 -0.2882 -0.9575
vn -0.0117 -0.0956 -0.9954
vn 0.0093 0.0013 -1.0000
vn 0.0118 0.7802 -0.6254
vn -0.0134 0.6846 -0.7288
vn -0.0094 0.8437 -0.5367
vn 0.0138 0.5542 -0.8323
vn -0.0113 0.4396 -0.8981
vn 0.0109 0.2857 -0.9583
vn -0.0099 0.1885 -0.9820
vn -0.0017 0.9962 -0.0876
vn -0.0060 0.9739 -0.2267
vn -0.0015 0.9968 -0.0801
vn 0.0010 0.9494 -0.3140
vn -0.0101 0.9223 -0.3864
vn 0.0064 0.8995 -0.4370
vn 0.0017 -0.9962 -0.0876
vn 0.0060 -0.9739 -0.2267
vn 0.0015 -0.9968 -0.0801
vn -0.0010 -0.9494 -0.3140
vn 0.0114 -0.9205 -0.3907
vn 0.0006 -0.9001 -0.4356
vn -0.0000 0.9981 0.0611
vn -0.0052 -0.8329 -0.5534
vn 0.0009 0.9807 -0.1956
vn -0.0009 -0.9807 -0.1956
vn 0.0148 -0.5665 -0.8239
vn -0.0000 -0.9981 -0.0611
vn -0.0000 -0.9659 -0.2588
vn 0.0013 -0.9982 -0.0599
vn -0.0000 -0.8660 -0.5000
vn -0.0000 -0.5000 -0.8660
vn -0.0000 -0.2521 -0.9677
vn -0.0013 0.9982 -0.0599
vn -0.0000 0.9659 -0.2588
vn -0.0000 0.8660 -0.5000
vn -0.0000 0.5000 -0.8660
vn -0.0000 0.2521 -0.9677
vn 0.0123 -0.6665 0.7454
vn -0.0148 -0.5665 0.8239
vn -0.0126 -0.7969 0.6040
vn 0.0139 -0.4066 0.9135
vn -0.0112 -0.2882 0.9575
vn 0.0117 -0.0956 0.9954
vn -0.0093 0.0013 1.0000
vn -0.0118 0.7802 0.6254
vn 0.0134 0.6846 0.7288
vn 0.0094 0.8437 0.5367
vn -0.0138 0.5542 0.8323
vn 0.0113 0.4396 0.8981
vn -0.0109 0.2857 0.9583
vn 0.0099 0.1885 0.9820
vn 0.0017 0.9962 0.0876
vn 0.0060 0.9739 0.2267
vn 0.0015 0.9968 0.0801
vn -0.0010 0.9494 0.3140
vn 0.0101 0.9223 0.3864
vn -0.0064 0.8995 0.4370
vn -0.0017 -0.9962 0.0876
vn -0.0060 -0.9739 0.2267
vn -0.0015 -0.9968 0.0801
vn 0.0010 -0.9494 0.3140
vn -0.0114 -0.9205 0.3907
vn -0.0006 -0.9001 0.4356
vn -0.0000 0.9981 -0.0611
vn 0.0052 -0.8329 0.5534
vn -0.0009 0.9807 0.1956
vn 0.0009 -0.9807 0.1956
vn -0.9997 -0.0170 0.0150
vn -0.9996 -0.0200 0.0176
vn 0.0004 -0.0000 -1.0000
vn 0.0060 -0.9998 -0.0210
vn 0.0080 -0.9985 -0.0546
vn -0.0000 -0.9995 -0.0304
vn 0.0026 -0.9997 0.0227
vn -0.0000 -0.9990 0.0456
vn -0.0000 -0.9997 0.0255
vn 0.9908 -0.1324 0.0281
vn 0.9998 -0.0204 0.0043
vn 0.0074 -0.9995 -0.0303
vn -0.0000 -0.0001 -1.0000
vn 0.0001 -0.0000 -1.0000
vn -0.0004 -0.0000 -1.0000
vn -0.0001 -0.0000 1.0000
vn -0.0002 -0.0000 1.0000
vn -0.0060 -0.9998 -0.0210
vn -0.0080 -0.9985 -0.0546
vn -0.0074 -0.9995 -0.0303
vn 0.0164 -0.9998 -0.0142
vn 0.0137 -0.9998 -0.0118
vn -0.0061 -0.9998 -0.0185
vn -0.0239 -0.9971 -0.0725
vn -0.0300 -0.9954 -0.0909
vn -0.0026 -0.9997 0.0227
vn -0.9998 -0.0204 0.0043
vn -0.9908 -0.1324 0.0281
vn -0.0001 -0.0000 -1.0000
vn 0.0004 -0.0000 1.0000
vn 0.0060 -0.9998 0.0210
vn 0.0080 -0.9985 0.0546
vn 0.0074 -0.9995 0.0303
vn -0.0000 -0.9990 -0.0456
vn 0.0026 -0.9997 -0.0227
vn -0.0000 -0.9997 -0.0255
vn 0.9998 -0.0204 -0.0043
vn 0.9908 -0.1324 -0.0281
vn 0.9997 -0.0170 -0.0150
vn 0.9996 -0.0200 -0.0176
vn -0.0004 -0.0000 1.0000
vn -0.0060 -0.9998 0.0210
vn -0.0080 -0.9985 0.0546
vn -0.0000 -0.9995 0.0304
vn -0.0026 -0.9997 -0.0227
vn -0.9908 -0.1324 -0.0281
vn -0.9998 -0.0204 -0.0043
vn -0.0074 -0.9995 0.0303
vn -0.0000 -0.0001 1.0000
vn -0.9988 -0.0370 0.0326
vn 0.2646 0.9273 0.2646
vn 0.2646 0.9274 0.2646
vn 0.9879 -0.1520 0.0322
vn 0.9988 -0.0370 0.0326
vn 0.7071 0.0001 0.7071
vn 0.0301 -0.9992 -0.0260
vn -0.2646 0.9274 0.2646
vn -0.2646 0.9273 0.2646
vn 0.2406 0.8430 0.4811
vn 0.2406 0.8429 0.4812
vn -0.9879 -0.1520 0.0322
vn -0.9988 -0.0370 -0.0326
vn -0.7071 0.0001 -0.7071
vn 0.2646 0.9274 -0.2646
vn 0.2646 0.9273 -0.2646
vn -0.2406 0.8430 -0.4811
vn -0.2406 0.8429 -0.4812
vn 0.9879 -0.1520 -0.0322
vn 0.9988 -0.0370 -0.0326
vn -0.2646 0.9273 -0.2646
vn -0.2646 0.9274 -0.2646
vn -0.9879 -0.1520 -0.0322
vn 0.5373 -0.0518 -0.8418
vn 0.5721 0.0518 -0.8186
vn 0.5228 -0.0899 -0.8477
vn 0.9603 -0.0564 -0.2732
vn 0.9999 -0.0121 -0.0061
vn 0.9561 -0.0766 -0.2829
vn 0.9999 0.0121 0.0061
vn 0.9603 0.0564 0.2732
vn 0.6199 -0.0564 0.7827
vn 0.3882 -0.0121 0.9215
vn 0.6273 -0.0766 0.7750
vn 0.3770 0.0121 0.9261
vn 0.1151 0.0564 0.9918
vn -0.4859 -0.0564 0.8722
vn -0.7028 -0.0121 0.7113
vn -0.4760 -0.0766 0.8761
vn -0.7113 0.0121 0.7028
vn -0.8722 0.0564 0.4859
vn -0.9918 -0.0564 -0.1151
vn -0.9261 -0.0121 -0.3770
vn -0.9916 -0.0766 -0.1045
vn -0.9215 0.0121 -0.3883
vn -0.7827 0.0564 -0.6199
vn -0.2153 -0.0518 -0.9752
vn -0.1743 0.0518 -0.9833
vn -0.2297 -0.0899 -0.9691
vn 0.5506 -0.0070 -0.8347
vn 0.5605 0.0069 -0.8281
vn 0.5245 -0.0427 -0.8504
vn 0.9641 -0.0184 -0.2648
vn 0.9999 -0.0100 -0.0105
vn 0.9583 -0.0364 -0.2836
vn 0.9999 0.0100 0.0106
vn 0.9641 0.0185 0.2648
vn 0.6136 -0.0184 0.7894
vn 0.3924 -0.0100 0.9197
vn 0.6287 -0.0364 0.7768
vn 0.3729 0.0100 0.9278
vn 0.1243 0.0185 0.9921
vn -0.4945 -0.0184 0.8690
vn -0.6996 -0.0100 0.7145
vn -0.4771 -0.0364 0.8781
vn -0.7145 0.0100 0.6996
vn -0.8690 0.0184 0.4945
vn -0.9921 -0.0184 -0.1243
vn -0.9278 -0.0100 -0.3729
vn -0.9938 -0.0364 -0.1047
vn -0.9197 0.0100 -0.3924
vn -0.7894 0.0185 -0.6136
vn -0.2009 -0.0069 -0.9796
vn -0.1893 0.0070 -0.9819
vn -0.2305 -0.0427 -0.9721
vn 0.0228 -0.9995 0.0211
vn -0.0270 -0.9992 0.0286
vn -0.0228 -0.9995 -0.0211
vn 0.3829 -0.0019 -0.9238
vn 0.3899 -0.0016 -0.9208
vn 0.3901 -0.0016 -0.9208
vn -0.3837 -0.0012 -0.9234
vn -0.4251 -0.0029 -0.9051
vn -0.4261 -0.0029 -0.9047
vn 0.9235 -0.0012 -0.3836
vn 0.9078 -0.0027 -0.4194
vn 0.9074 -0.0027 -0.4203
vn 0.9238 -0.0021 0.3830
vn 0.9190 -0.0016 0.3942
vn 0.9189 -0.0016 0.3945
vn 0.3837 -0.0012 0.9234
vn 0.4251 -0.0029 0.9051
vn 0.4261 -0.0029 0.9047
vn -0.3829 -0.0019 0.9238
vn -0.3899 -0.0016 0.9209
vn -0.3901 -0.0016 0.9208
vn -0.9235 -0.0012 0.3836
vn -0.9078 -0.0027 0.4194
vn -0.9074 -0.0027 0.4203
vn -0.9238 -0.0021 -0.3830
vn -0.9190 -0.0016 -0.3942
vn -0.9189 -0.0016 -0.3945
vn 0.0649 -0.9978 -0.0103
vn -0.0041 -1.0000 0.0021
vn -0.0236 -0.9983 -0.0526
vn 0.4720 -0.0301 -0.8811
vn 0.5082 0.0042 -0.8612
vn 0.4855 -0.0181 -0.8740
vn -0.5109 -0.0202 -0.8594
vn -0.4879 -0.0014 -0.8729
vn -0.4967 -0.0034 -0.8679
vn 0.9997 -0.0204 -0.0132
vn 0.9999 -0.0013 0.0122
vn 1.0000 -0.0074 0.0004
vn 0.5237 -0.0282 0.8514
vn 0.4924 0.0029 0.8704
vn 0.5130 -0.0189 0.8582
vn -0.4828 -0.0162 0.8756
vn -0.5043 0.0089 0.8635
vn -0.4864 -0.0173 0.8736
vn -1.0000 -0.0060 0.0023
vn -0.9999 0.0042 -0.0095
vn -1.0000 -0.0028 -0.0021
vn 0.5831 0.0899 -0.8074
vn 0.9561 0.0766 0.2829
vn 0.1045 0.0766 0.9916
vn -0.8761 0.0766 0.4760
vn -0.7750 0.0766 -0.6273
vn -0.1586 0.0899 -0.9832
vn 0.5849 0.0427 -0.8100
vn 0.9583 0.0364 0.2836
vn 0.1047 0.0364 0.9938
vn -0.8781 0.0364 0.4771
vn -0.7768 0.0364 -0.6287
vn -0.1591 0.0427 -0.9863
vn 0.0027 -0.9915 -0.1304
vn 0.0270 -0.9992 -0.0287
vn 0.1310 -0.9913 -0.0085
vn -0.0027 -0.9915 0.1304
vn -0.1310 -0.9913 0.0085
vn 0.3827 -0.0019 -0.9239
vn -0.3827 -0.0012 -0.9239
vn 0.9239 -0.0012 -0.3827
vn 0.9239 -0.0021 0.3827
vn 0.3827 -0.0012 0.9239
vn -0.3827 -0.0019 0.9239
vn -0.9239 -0.0012 0.3827
vn -0.9239 -0.0021 -0.3827
vn -0.3963 -0.8142 0.4243
vn -0.4920 -0.8205 0.2911
vn -0.4997 -0.8200 0.2793
vn -0.5820 -0.8018 0.1356
vn -0.0454 -0.9987 0.0218
vn 0.2342 -0.9622 -0.1387
vn 0.0278 -0.9974 0.0669
vn -0.0019 -0.9627 0.2705
vn -0.0022 -0.9974 0.0716
vn -0.0651 -0.9973 -0.0351
vn -0.2350 -0.9628 -0.1335
vn 0.0210 -0.9980 -0.0594
vn 0.1697 -0.9805 0.0994
vn 0.4263 -0.0716 -0.9018
vn 0.5086 0.0052 -0.8610
vn -0.5390 -0.0444 -0.8411
vn -0.4913 -0.0081 -0.8710
vn 0.9980 -0.0444 -0.0449
vn 0.9999 -0.0051 0.0100
vn 0.5603 -0.0657 0.8257
vn 0.4913 0.0052 0.8710
vn -0.4570 -0.0443 0.8884
vn -0.5086 0.0185 0.8608
vn -0.9997 -0.0182 0.0166
vn -0.9999 0.0052 -0.0100
vn -0.9215 0.0121 -0.3882
vn -0.8690 0.0185 0.4945
vn -0.9921 -0.0185 -0.1243
vn -0.7894 0.0184 -0.6136
vn 0.3899 -0.0016 -0.9209
vn -1.0000 -0.0059 0.0023
vn -0.4921 -0.8204 0.2911
vn -0.4997 -0.8199 0.2793
vn -0.5821 -0.8018 0.1356
vn 0.4262 -0.0716 -0.9018
vn -0.5391 -0.0444 -0.8411
vn -0.0061 0.0121 0.9999
vn -0.2732 0.0564 0.9603
vn 0.0061 -0.0121 0.9999
vn -0.8049 -0.0978 0.5852
vn -0.7998 -0.1134 0.5894
vn -0.8074 -0.0899 0.5831
vn -0.9957 -0.0792 -0.0483
vn -0.9801 -0.1695 -0.1033
vn -0.9957 0.0792 0.0483
vn -0.7998 0.1134 -0.5894
vn -0.8050 0.0978 -0.5852
vn -0.7954 0.1266 -0.5928
vn 0.5197 -0.0978 -0.8487
vn 0.5134 -0.1134 -0.8506
vn 0.9448 -0.1575 -0.2874
vn 0.9414 -0.2529 -0.2232
vn 0.9091 0.0551 -0.4129
vn 0.8970 -0.0363 0.4406
vn 0.7981 0.0116 0.6024
vn 0.9555 0.0400 0.2921
vn 0.2732 -0.0564 0.9603
vn 0.2829 -0.0766 0.9561
vn -0.0105 0.0100 0.9999
vn -0.2648 0.0184 0.9641
vn 0.0106 -0.0100 0.9999
vn -0.8060 -0.0501 0.5898
vn -0.8056 -0.0509 0.5903
vn -0.8100 -0.0427 0.5849
vn -1.0000 0.0004 0.0005
vn -0.9912 -0.0812 -0.1045
vn -1.0000 -0.0004 -0.0005
vn -0.8056 0.0509 -0.5903
vn -0.8060 0.0501 -0.5898
vn -0.8003 0.0603 -0.5965
vn -0.2009 -0.0070 -0.9796
vn -0.1893 0.0069 -0.9819
vn -0.2304 -0.0427 -0.9722
vn 0.5189 -0.0501 -0.8534
vn 0.5183 -0.0509 -0.8537
vn 0.9839 0.0064 -0.1786
vn 0.9839 -0.0556 0.1700
vn 0.9341 -0.0219 -0.3564
vn 0.9087 0.0118 0.4173
vn 0.8152 -0.0211 0.5788
vn 0.2648 -0.0184 0.9641
vn 0.2836 -0.0364 0.9583
vn 0.0270 -0.9992 -0.0286
vn -0.9238 -0.0021 -0.3829
vn -0.9189 -0.0016 -0.3944
vn -0.0649 -0.9978 0.0103
vn 0.0041 -1.0000 -0.0021
vn 0.0236 -0.9983 0.0526
vn -0.4720 -0.0301 0.8811
vn -0.5082 0.0042 0.8612
vn -0.4855 -0.0181 0.8740
vn 0.5110 -0.0202 0.8594
vn 0.4879 -0.0014 0.8729
vn 0.4967 -0.0034 0.8679
vn -0.9997 -0.0204 0.0132
vn -0.9999 -0.0013 -0.0122
vn -1.0000 -0.0074 -0.0004
vn -0.5237 -0.0282 -0.8514
vn -0.4924 0.0029 -0.8704
vn -0.5129 -0.0189 -0.8582
vn 0.4828 -0.0162 -0.8756
vn 0.5043 0.0090 -0.8635
vn 0.4864 -0.0173 -0.8736
vn 1.0000 -0.0059 -0.0023
vn 0.9999 0.0042 0.0095
vn 1.0000 -0.0028 0.0021
vn -0.2829 0.0766 0.9561
vn -0.7953 -0.1266 0.5928
vn -0.9801 0.1695 0.1033
vn -0.8074 0.0899 -0.5831
vn 0.5080 -0.1266 -0.8520
vn 0.8660 0.1695 -0.4705
vn 0.9765 0.1615 0.1425
vn 0.7750 0.0766 0.6273
vn -0.2836 0.0364 0.9583
vn -0.8003 -0.0603 0.5965
vn -0.9912 0.0812 0.1045
vn -0.8100 0.0427 -0.5849
vn 0.5111 -0.0603 -0.8574
vn 0.8758 0.0812 -0.4758
vn 0.7768 0.0364 0.6287
vn -0.0270 -0.9992 0.0287
vn 0.0027 -0.9915 -0.1303
vn 0.3963 -0.8142 -0.4243
vn 0.4922 -0.8203 -0.2912
vn 0.4997 -0.8200 -0.2792
vn 0.5820 -0.8018 -0.1356
vn 0.0454 -0.9987 -0.0218
vn -0.2342 -0.9622 0.1387
vn -0.0278 -0.9974 -0.0669
vn 0.0019 -0.9627 -0.2705
vn 0.0022 -0.9974 -0.0716
vn 0.0651 -0.9973 0.0351
vn 0.2350 -0.9628 0.1335
vn -0.0210 -0.9980 0.0594
vn -0.1697 -0.9805 -0.0994
vn -0.4262 -0.0716 0.9018
vn -0.5086 0.0052 0.8610
vn 0.5391 -0.0444 0.8411
vn 0.4913 -0.0081 0.8710
vn -0.9980 -0.0444 0.0449
vn -0.9999 -0.0051 -0.0100
vn -0.5603 -0.0657 -0.8257
vn -0.4913 0.0052 -0.8710
vn 0.4569 -0.0443 -0.8884
vn 0.5086 0.0185 -0.8608
vn 0.9997 -0.0182 -0.0166
vn 0.9999 0.0052 0.0100
vn -0.2385 0.1134 0.9645
vn -0.2327 0.0978 0.9676
vn -0.2433 0.1266 0.9617
vn -0.7999 0.1134 -0.5894
vn 0.8235 -0.2529 0.5079
vn 0.3509 -0.0550 0.9348
vn 0.2797 -0.1695 0.9450
vn 0.4648 0.1575 0.8713
vn -0.2371 0.0509 0.9701
vn -0.2365 0.0501 0.9703
vn -0.2448 0.0603 0.9677
vn 0.9384 -0.0320 -0.3441
vn 0.9657 -0.1229 -0.2289
vn 0.9174 -0.0128 0.3978
vn 0.8447 -0.1229 0.5210
vn 0.9300 0.0128 0.3674
vn 0.4085 0.0219 0.9125
vn 0.2828 -0.0812 0.9557
vn 0.4202 0.0320 0.9069
vn -0.4855 -0.0181 0.8741
vn -0.5238 -0.0282 -0.8514
vn -0.5129 -0.0188 -0.8582
vn -0.2297 0.0899 0.9691
vn 0.9414 0.2528 0.2232
vn 0.5079 0.2528 0.8235
vn -0.2305 0.0427 0.9721
vn 0.9657 0.1229 0.2289
vn 0.5210 0.1229 0.8447
vn 0.3963 -0.8142 -0.4242
vn 0.0336 -0.0551 -0.9979
vn 0.1033 -0.1695 -0.9801
vn -0.0960 0.1575 -0.9828
vn 0.5894 0.1134 -0.7998
vn 0.5852 0.0978 -0.8049
vn 0.5928 0.1266 -0.7953
vn 0.5721 -0.0518 0.8186
vn 0.5373 0.0518 0.8418
vn 0.5831 -0.0899 0.8074
vn -0.1743 -0.0518 0.9833
vn -0.2153 0.0518 0.9752
vn -0.1586 -0.0899 0.9832
vn -0.7827 -0.0564 0.6199
vn -0.9215 -0.0121 0.3882
vn -0.7750 -0.0766 0.6273
vn -0.9261 0.0121 0.3770
vn -0.9917 0.0564 0.1151
vn -0.8620 -0.0116 -0.5068
vn -0.7503 0.0363 -0.6601
vn -0.8761 -0.0766 -0.4760
vn -0.6355 -0.0400 -0.7710
vn -0.5054 -0.1615 -0.8477
vn -0.0282 0.0219 -0.9994
vn 0.1045 -0.0812 -0.9912
vn -0.2115 -0.0064 -0.9774
vn 0.5903 0.0509 -0.8056
vn 0.5898 0.0501 -0.8060
vn 0.5965 0.0603 -0.8003
vn 0.9999 -0.0100 -0.0106
vn 0.9999 0.0100 0.0105
vn 0.9641 0.0184 0.2648
vn 0.5605 -0.0069 0.8281
vn 0.5506 0.0070 0.8347
vn 0.5849 -0.0427 0.8100
vn -0.1893 -0.0070 0.9819
vn -0.2009 0.0069 0.9796
vn -0.1591 -0.0427 0.9863
vn -0.7894 -0.0184 0.6136
vn -0.9197 -0.0100 0.3924
vn -0.7768 -0.0364 0.6287
vn -0.9278 0.0100 0.3729
vn -0.9921 0.0185 0.1243
vn -0.8467 0.0211 -0.5317
vn -0.7333 -0.0118 -0.6799
vn -0.8781 -0.0364 -0.4771
vn -0.5336 0.0556 -0.8439
vn 0.3828 -0.0019 -0.9238
vn -0.3837 -0.0012 -0.9235
vn -0.4251 -0.0029 -0.9052
vn -0.3899 -0.0016 0.9208
vn -0.5110 -0.0202 -0.8594
vn 0.5228 0.0899 0.8477
vn -0.9916 0.0766 0.1045
vn -0.1541 0.2529 -0.9552
vn 0.5245 0.0427 0.8504
vn -0.2304 0.0427 0.9721
vn -0.9938 0.0364 0.1047
vn -0.3962 -0.8143 0.4242
vn -0.4922 -0.8204 0.2912
vn -0.4996 -0.8200 0.2792
vn -0.0019 -0.9627 0.2706
vn 0.5602 -0.0657 0.8257
vn 0.5720 -0.0518 0.8186
vn -0.1587 -0.0899 0.9832
vn -0.9828 -0.1575 -0.0960
vn -0.9552 -0.2529 -0.1541
vn -0.9979 0.0551 0.0336
vn -0.6819 -0.0551 -0.7294
vn -0.6200 -0.1695 -0.7661
vn -0.7629 0.1575 -0.6271
vn -0.1488 0.1134 -0.9823
vn -0.1554 0.0978 -0.9830
vn -0.1432 0.1266 -0.9816
vn 0.5506 -0.0069 -0.8347
vn 0.5605 0.0069 -0.8282
vn 0.5604 -0.0069 0.8282
vn 0.5506 0.0069 0.8347
vn -0.1893 -0.0069 0.9819
vn -0.1592 -0.0427 0.9863
vn -0.9986 -0.0320 -0.0412
vn -0.9798 -0.1229 -0.1581
vn -0.9994 -0.0219 -0.0282
vn -0.7266 0.0219 -0.6867
vn -0.6270 -0.0812 -0.7748
vn -0.7352 0.0320 -0.6770
vn -0.1522 0.0509 -0.9870
vn -0.1528 0.0501 -0.9870
vn -0.1441 0.0603 -0.9877
vn -0.9191 -0.0016 -0.3941
vn 0.5129 -0.0189 0.8582
vn -0.4863 -0.0173 0.8736
vn -0.7844 0.2529 -0.5664
vn -0.8046 0.1229 -0.5810
vn -0.0027 -0.9915 0.1303
vn -0.3826 -0.0012 -0.9239
vn -0.9239 -0.0021 -0.3826
vn -0.3960 -0.8142 0.4245
vn -0.9917 -0.0564 -0.1151
vn 0.3883 -0.0121 0.9215
vn 0.1151 0.0564 0.9917
vn -0.4945 -0.0185 0.8690
vn -0.3828 -0.0019 0.9238
vn 0.3837 -0.0012 0.9235
vn 0.4251 -0.0029 0.9052
vn 0.9190 -0.0016 0.3941
vn 0.9189 -0.0016 0.3944
vn 0.5043 0.0089 -0.8635
vn -0.1587 0.0899 -0.9832
vn -0.1592 0.0427 -0.9863
vn 0.3962 -0.8142 -0.4243
vn 0.4996 -0.8200 -0.2793
vn -0.2342 -0.9623 0.1387
vn 0.0019 -0.9627 -0.2706
vn -0.5602 -0.0657 -0.8257
vn 0.4570 -0.0443 -0.8884
vn -0.1151 -0.0564 0.9917
vn -0.3770 -0.0121 0.9261
vn -0.1045 -0.0766 0.9916
vn -0.3882 0.0121 0.9215
vn -0.6199 0.0564 0.7827
vn -0.9603 -0.0564 0.2732
vn -0.9999 -0.0121 0.0061
vn -0.9561 -0.0766 0.2829
vn -0.9999 0.0121 -0.0061
vn -0.9603 0.0564 -0.2732
vn -0.5721 -0.0518 -0.8186
vn -0.5373 0.0518 -0.8418
vn -0.5831 -0.0899 -0.8074
vn 0.1743 -0.0518 -0.9833
vn 0.2153 0.0518 -0.9752
vn 0.1587 -0.0899 -0.9832
vn 0.7827 -0.0564 -0.6199
vn 0.9215 -0.0121 -0.3882
vn 0.7750 -0.0766 -0.6273
vn 0.9261 0.0121 -0.3770
vn 0.9917 0.0564 -0.1151
vn 0.8722 -0.0564 0.4859
vn 0.7113 -0.0121 0.7028
vn 0.8761 -0.0766 0.4760
vn 0.7028 0.0121 0.7113
vn 0.4859 0.0564 0.8722
vn -0.1243 -0.0185 0.9921
vn -0.3729 -0.0100 0.9278
vn -0.1047 -0.0364 0.9938
vn -0.3924 0.0100 0.9197
vn -0.6136 0.0184 0.7894
vn -0.9641 -0.0185 0.2648
vn -0.9999 -0.0100 0.0106
vn -0.9583 -0.0364 0.2836
vn -0.9999 0.0100 -0.0105
vn -0.9641 0.0184 -0.2648
vn -0.5605 -0.0069 -0.8281
vn -0.5506 0.0070 -0.8347
vn -0.5849 -0.0427 -0.8100
vn 0.1893 -0.0070 -0.9819
vn 0.2009 0.0069 -0.9796
vn 0.1591 -0.0427 -0.9863
vn 0.7894 -0.0184 -0.6136
vn 0.9197 -0.0100 -0.3924
vn 0.7768 -0.0364 -0.6287
vn 0.9278 0.0100 -0.3729
vn 0.9921 0.0185 -0.1243
vn 0.8690 -0.0185 0.4945
vn 0.7145 -0.0100 0.6996
vn 0.8781 -0.0364 0.4771
vn 0.6996 0.0100 0.7145
vn 0.4945 0.0184 0.8690
vn 0.9238 -0.0021 0.3829
vn -0.5130 -0.0189 -0.8582
vn 1.0000 -0.0060 -0.0023
vn -0.6273 0.0766 0.7750
vn -0.9561 0.0766 -0.2829
vn -0.5228 0.0899 -0.8477
vn 0.2297 0.0899 -0.9691
vn 0.9916 0.0766 -0.1045
vn 0.4760 0.0766 0.8761
vn -0.6287 0.0364 0.7768
vn -0.9583 0.0364 -0.2836
vn -0.5245 0.0427 -0.8504
vn 0.2305 0.0427 -0.9721
vn 0.9938 0.0364 -0.1047
vn 0.4771 0.0364 0.8781
vn 0.4997 -0.8200 -0.2793
vn -0.0000 -0.1637 -0.9865
vn -0.0000 -0.1637 0.9865
vn 0.0001 -0.1637 0.9865
vn -0.0048 -0.1613 0.9869
vn -0.0112 -0.1581 0.9874
vn -0.0159 -0.1557 0.9877
vn 0.1653 -0.0959 -0.9816
vn 0.0040 -0.0918 -0.9958
vn 0.1848 -0.0962 -0.9781
vn -0.0055 -0.0977 -0.9952
vn -0.1357 -0.0593 -0.9890
vn -0.0000 -0.0979 -0.9952
vn -0.0456 -0.0330 -0.9984
vn -0.0042 -0.0378 -0.9993
vn -0.0037 -0.0356 -0.9994
vn -0.0001 -0.1637 0.9865
vn -0.0040 -0.0918 -0.9958
vn -0.0295 -0.0494 -0.9983
vn -0.1151 -0.0748 -0.9905
vn 0.0053 -0.0977 -0.9952
vn 0.1305 -0.0609 -0.9896
vn 0.0493 -0.0350 -0.9982
vn 0.0036 -0.0380 -0.9993
vn 0.0001 -0.1637 -0.9865
vn 0.0040 -0.0918 0.9958
vn 0.0295 -0.0494 0.9983
vn 0.1151 -0.0748 0.9905
vn -0.0053 -0.0977 0.9952
vn -0.1305 -0.0609 0.9896
vn -0.0493 -0.0350 0.9982
vn -0.0036 -0.0380 0.9993
vn -0.0001 -0.1637 -0.9865
vn 0.0048 -0.1613 -0.9869
vn 0.0112 -0.1581 -0.9874
vn 0.0159 -0.1557 -0.9877
vn -0.1653 -0.0959 0.9816
vn -0.0040 -0.0918 0.9958
vn -0.1848 -0.0962 0.9781
vn 0.0055 -0.0977 0.9952
vn 0.1357 -0.0593 0.9890
vn -0.0000 -0.0979 0.9952
vn 0.0456 -0.0330 0.9984
vn 0.0042 -0.0378 0.9993
vn 0.0037 -0.0356 0.9994
vn -0.2392 -0.1667 0.9566
vn -0.0000 -0.0917 -0.9958
vn -0.0000 -0.0195 -0.9998
vn -0.0000 -0.0917 0.9958
vn -0.0000 -0.0195 0.9998
vn 0.2392 -0.1667 -0.9566
vn -0.0782 -0.9318 0.3545
vn -0.0725 -0.9344 0.3488
vn 0.0135 -0.9654 0.2603
vn -0.0000 -0.4881 -0.8728
vn -0.0001 -0.6094 -0.7929
vn 0.0181 -0.4935 0.8696
vn 0.0699 -0.5080 0.8585
vn 0.0845 -0.5119 0.8549
vn 0.0782 -0.9318 -0.3545
vn 0.0725 -0.9344 -0.3488
vn -0.0135 -0.9654 -0.2603
vn -0.0782 -0.9318 -0.3545
vn -0.0725 -0.9344 -0.3488
vn -0.1472 -0.8946 -0.4220
vn 0.0782 -0.9318 0.3545
vn 0.0725 -0.9344 0.3488
vn 0.1471 -0.8946 0.4220
vn -0.0012 0.9594 0.2820
vn -0.0030 0.9588 0.2840
vn -0.0298 0.9492 0.3134
vn -0.0078 0.9594 -0.2819
vn -0.0089 0.9597 -0.2808
vn -0.0263 0.9645 -0.2626
vn -0.0012 0.9594 0.2821
vn -0.0145 0.9995 0.0290
vn -0.0299 0.9491 0.3135
vn 0.0082 0.9995 -0.0321
vn -0.0087 0.9599 -0.2803
vn 0.0235 0.5121 0.8586
vn 0.0056 0.5074 0.8617
vn 0.0289 0.5135 0.8576
vn 0.0144 0.5112 -0.8594
vn 0.0034 0.5083 -0.8612
vn -0.0000 0.5074 -0.8617
vn 0.0034 0.5082 -0.8612
vn 0.0148 0.5111 -0.8594
vn 0.0183 0.5120 -0.8588
vn -0.0000 0.5059 0.8626
vn -0.9993 -0.0353 -0.0097
vn -0.9991 -0.0423 -0.0068
vn -0.9991 -0.0411 -0.0086
vn -0.0001 -0.4881 0.8728
vn -0.0001 -0.6094 0.7929
vn -0.0181 -0.4935 -0.8696
vn -0.0699 -0.5080 -0.8585
vn -0.0845 -0.5119 -0.8549
vn 1.0000 0.0038 0.0050
vn 0.9971 -0.0313 0.0698
vn 1.0000 -0.0035 -0.0048
vn -0.3140 0.2190 -0.9238
vn -0.4131 -0.5261 -0.7434
vn -0.3349 -0.9392 0.0755
vn 0.0082 -0.6548 0.7558
vn -0.0355 0.5247 0.8505
vn -0.0333 0.5253 0.8503
vn -0.0360 0.5246 0.8506
vn -0.3140 0.9238 0.2190
vn -0.2938 0.8136 -0.5017
vn 0.0118 0.5976 -0.8017
vn -0.0112 0.5846 -0.8113
vn -0.0130 0.8511 -0.5249
vn 0.0098 0.9959 0.0897
vn -0.0022 0.9757 0.2189
vn -0.0033 0.9730 0.2306
vn 0.0031 0.5269 0.8499
vn -0.0056 0.4617 0.8870
vn -0.0064 0.4555 0.8902
vn 0.0056 -0.4617 0.8870
vn -0.0031 -0.5269 0.8499
vn -0.0039 -0.5330 0.8461
vn 0.0022 -0.9757 0.2189
vn -0.0098 -0.9959 0.0898
vn -0.0106 -0.9967 0.0801
vn 0.0112 -0.5846 -0.8113
vn -0.0118 -0.5976 -0.8017
vn -0.0119 -0.1892 -0.9819
vn 0.0119 0.1892 -0.9819
vn 0.9727 -0.2261 0.0520
vn 0.9711 -0.2322 0.0560
vn 0.9788 -0.2050 -0.0036
vn -0.7004 0.4336 -0.5669
vn -0.3539 0.7563 0.5503
vn -0.8265 0.0743 0.5581
vn -0.3539 -0.7562 -0.5504
vn -0.8264 -0.0743 -0.5581
vn -0.0000 0.0001 1.0000
vn -0.0000 -0.0006 1.0000
vn -0.0001 -0.0011 1.0000
vn 0.9800 0.1991 -0.0011
vn 0.9945 0.0906 -0.0520
vn 0.9790 0.2019 0.0269
vn 0.1472 -0.8946 0.4220
vn -0.0000 -0.4881 0.8728
vn 0.0001 -0.6094 0.7929
vn 0.1472 -0.8946 -0.4220
vn -0.1471 -0.8946 0.4220
vn 0.0031 0.9588 0.2841
vn 0.0013 0.9594 0.2820
vn 0.0299 0.9491 0.3134
vn 0.0088 0.9597 -0.2808
vn 0.0077 0.9594 -0.2819
vn 0.0262 0.9645 -0.2627
vn 0.0145 0.9995 0.0290
vn 0.0012 0.9594 0.2821
vn 0.0299 0.9491 0.3135
vn 0.0087 0.9599 -0.2803
vn -0.0082 0.9995 -0.0321
vn -0.0235 0.5121 0.8586
vn -0.0056 0.5074 0.8617
vn -0.0144 0.5112 -0.8594
vn -0.0034 0.5083 -0.8612
vn -0.0178 0.5120 -0.8588
vn -0.0034 0.5082 -0.8612
vn -0.0148 0.5111 -0.8594
vn -0.0000 0.5073 -0.8618
vn -0.0289 0.5135 0.8576
vn 1.0000 0.0014 0.0024
vn 0.0700 -0.5080 0.8585
vn 0.0183 -0.4935 0.8696
vn 0.0001 -0.4881 0.8728
vn -0.9982 -0.0192 0.0575
vn -1.0000 0.0060 -0.0001
vn -0.9972 -0.0277 -0.0692
vn 0.0007 -0.1074 -0.9942
vn 0.4069 -0.7056 -0.5801
vn -0.1265 -0.9587 0.2549
vn 0.1064 -0.9789 0.1744
vn 0.1510 -0.9759 0.1574
vn 0.0080 -0.6466 0.7628
vn -0.1757 0.5592 0.8102
vn -0.0102 0.5315 0.8470
vn 0.0194 0.5249 0.8510
vn 0.2360 0.9512 0.1988
vn 0.0910 0.9805 0.1743
vn 0.0585 0.9840 0.1683
vn 0.3349 0.6107 -0.7175
vn 0.0056 0.6428 -0.7660
vn -0.0031 0.5836 -0.8121
vn 0.0064 0.6481 -0.7615
vn 0.0031 0.9869 0.1615
vn -0.0056 0.9962 0.0871
vn 0.0039 0.9857 0.1686
vn 0.0029 0.5289 0.8487
vn -0.0029 0.5817 0.8134
vn 0.0033 0.5250 0.8511
vn 0.0056 -0.3008 0.9537
vn -0.0031 -0.2284 0.9736
vn 0.0064 -0.3074 0.9516
vn 0.0031 -0.9736 0.2284
vn -0.0056 -0.9537 0.3008
vn 0.0039 -0.9752 0.2214
vn 0.0029 -0.8134 -0.5816
vn -0.0029 -0.8487 -0.5288
vn 0.0033 -0.8107 -0.5854
vn 0.0029 -0.1639 -0.9865
vn -0.0029 -0.2262 -0.9741
vn 0.0033 -0.1593 -0.9872
vn -0.9738 -0.2270 -0.0119
vn -0.9768 -0.0523 0.2075
vn -0.8116 -0.5312 0.2432
vn 0.3851 0.5607 -0.7330
vn 0.8265 0.5580 -0.0744
vn 0.3538 0.1455 0.9239
vn 0.8264 -0.3421 0.4473
vn 0.3537 -0.7563 -0.5503
vn 0.8264 -0.0743 -0.5581
vn 0.0001 -0.0011 1.0000
vn -0.1472 -0.8946 0.4220
vn 0.1471 -0.8946 -0.4220
vn -0.0031 0.9588 -0.2841
vn -0.0013 0.9594 -0.2820
vn -0.0299 0.9491 -0.3134
vn -0.0088 0.9597 0.2808
vn -0.0077 0.9594 0.2819
vn -0.0262 0.9645 0.2627
vn -0.0145 0.9995 -0.0290
vn -0.0012 0.9594 -0.2821
vn -0.0299 0.9491 -0.3135
vn -0.0087 0.9599 0.2803
vn 0.0082 0.9995 0.0321
vn 0.0235 0.5121 -0.8586
vn 0.0056 0.5074 -0.8617
vn -0.0000 0.5059 -0.8626
vn 0.0144 0.5112 0.8594
vn 0.0034 0.5083 0.8612
vn 0.0178 0.5120 0.8588
vn 0.0034 0.5082 0.8612
vn 0.0148 0.5111 0.8594
vn -0.0000 0.5073 0.8618
vn 0.0289 0.5135 -0.8576
vn -1.0000 0.0014 -0.0024
vn -0.0700 -0.5080 -0.8585
vn -0.0183 -0.4935 -0.8696
vn -0.0001 -0.4881 -0.8728
vn 0.9982 -0.0192 -0.0575
vn 1.0000 0.0060 0.0001
vn 0.9972 -0.0277 0.0692
vn -0.0007 -0.1074 0.9942
vn -0.4069 -0.7056 0.5801
vn 0.1265 -0.9587 -0.2549
vn -0.1064 -0.9789 -0.1744
vn -0.1510 -0.9759 -0.1574
vn -0.0080 -0.6466 -0.7628
vn 0.1757 0.5592 -0.8102
vn 0.0102 0.5315 -0.8470
vn -0.0194 0.5249 -0.8510
vn -0.2360 0.9512 -0.1988
vn -0.0910 0.9805 -0.1743
vn -0.0585 0.9840 -0.1683
vn -0.3349 0.6107 0.7175
vn -0.0056 0.6428 0.7660
vn 0.0031 0.5836 0.8121
vn -0.0064 0.6481 0.7615
vn -0.0031 0.9869 -0.1615
vn 0.0056 0.9962 -0.0871
vn -0.0039 0.9857 -0.1686
vn -0.0029 0.5289 -0.8487
vn 0.0029 0.5817 -0.8134
vn -0.0033 0.5250 -0.8511
vn -0.0056 -0.3008 -0.9537
vn 0.0031 -0.2284 -0.9736
vn -0.0064 -0.3074 -0.9516
vn -0.0031 -0.9736 -0.2284
vn 0.0056 -0.9537 -0.3008
vn -0.0039 -0.9752 -0.2214
vn -0.0029 -0.8134 0.5816
vn 0.0029 -0.8487 0.5288
vn -0.0033 -0.8107 0.5854
vn -0.0029 -0.1639 0.9865
vn 0.0029 -0.2262 0.9741
vn -0.0033 -0.1593 0.9872
vn 0.9738 -0.2270 0.0119
vn 0.9768 -0.0523 -0.2075
vn 0.8116 -0.5312 -0.2432
vn -0.3851 0.5607 0.7330
vn -0.8265 0.5580 0.0744
vn -0.3538 0.1455 -0.9239
vn -0.8264 -0.3421 -0.4473
vn -0.3537 -0.7563 0.5503
vn -0.8264 -0.0743 0.5581
vn -0.0001 -0.0011 -1.0000
vn -0.0000 0.0001 -1.0000
vn -0.1471 -0.8946 -0.4220
vn 0.0012 0.9594 -0.2820
vn 0.0030 0.9588 -0.2840
vn 0.0298 0.9492 -0.3134
vn 0.0078 0.9594 0.2819
vn 0.0089 0.9597 0.2808
vn 0.0263 0.9645 0.2626
vn 0.0012 0.9594 -0.2821
vn 0.0145 0.9995 -0.0290
vn 0.0299 0.9491 -0.3135
vn -0.0082 0.9995 0.0321
vn 0.0087 0.9599 0.2803
vn -0.0235 0.5121 -0.8586
vn -0.0056 0.5074 -0.8617
vn -0.0289 0.5135 -0.8576
vn -0.0144 0.5112 0.8594
vn -0.0034 0.5083 0.8612
vn -0.0000 0.5074 0.8617
vn -0.0034 0.5082 0.8612
vn -0.0148 0.5111 0.8594
vn -0.0183 0.5120 0.8588
vn 0.9993 -0.0353 0.0097
vn 0.9991 -0.0423 0.0068
vn 0.9991 -0.0411 0.0086
vn 0.0001 -0.4881 -0.8728
vn 0.0001 -0.6094 -0.7929
vn -1.0000 0.0038 -0.0050
vn -0.9971 -0.0313 -0.0698
vn -1.0000 -0.0035 0.0048
vn 0.3140 0.2190 0.9238
vn 0.4131 -0.5261 0.7434
vn 0.3349 -0.9392 -0.0755
vn -0.0082 -0.6548 -0.7558
vn 0.0355 0.5247 -0.8505
vn 0.0333 0.5253 -0.8503
vn 0.0360 0.5246 -0.8506
vn 0.3140 0.9238 -0.2190
vn 0.2938 0.8136 0.5017
vn -0.0118 0.5976 0.8017
vn 0.0112 0.5846 0.8113
vn 0.0130 0.8511 0.5249
vn -0.0098 0.9959 -0.0897
vn 0.0022 0.9757 -0.2189
vn 0.0033 0.9730 -0.2306
vn -0.0031 0.5269 -0.8499
vn 0.0056 0.4617 -0.8870
vn 0.0064 0.4555 -0.8902
vn -0.0056 -0.4617 -0.8870
vn 0.0031 -0.5269 -0.8499
vn 0.0039 -0.5330 -0.8461
vn -0.0022 -0.9757 -0.2189
vn 0.0098 -0.9959 -0.0898
vn 0.0106 -0.9967 -0.0801
vn -0.0112 -0.5846 0.8113
vn 0.0118 -0.5976 0.8017
vn 0.0119 -0.1892 0.9819
vn -0.0119 0.1892 0.9819
vn -0.9727 -0.2261 -0.0520
vn -0.9711 -0.2322 -0.0560
vn -0.9788 -0.2050 0.0036
vn 0.7004 0.4336 0.5669
vn 0.3539 0.7563 -0.5503
vn 0.8265 0.0743 -0.5581
vn 0.3539 -0.7562 0.5504
vn 0.8264 -0.0743 0.5581
vn -0.0000 -0.0006 -1.0000
vn 0.0001 -0.0011 -1.0000
vn -0.9800 0.1991 0.0011
vn -0.9945 0.0906 0.0520
vn -0.9790 0.2019 -0.0269
vn 0.0845 -0.5119 -0.8549
vn 0.0480 -0.6285 -0.7763
vn 0.0467 -0.6283 -0.7766
vn 0.0135 -0.9654 -0.2603
vn -0.0135 -0.9654 0.2603
vn 0.0253 0.9673 0.2525
vn 0.0112 0.9534 -0.3014
vn 0.0114 0.9534 -0.3014
vn 0.0178 0.5120 -0.8588
vn -1.0000 0.0063 -0.0000
vn -0.9999 -0.0052 -0.0092
vn -0.0846 -0.5119 0.8549
vn -0.0481 -0.6285 0.7763
vn -0.0468 -0.6282 0.7766
vn 0.9960 -0.0280 0.0847
vn 0.8867 -0.1631 0.4327
vn 0.9998 0.0045 -0.0193
vn 1.0000 0.0071 -0.0069
vn 0.9993 0.0368 -0.0018
vn 0.9998 -0.0197 -0.0021
vn 0.4549 -0.1960 -0.8687
vn 0.5396 -0.7125 -0.4485
vn 0.2143 -0.9524 0.2166
vn 0.1803 -0.0797 0.9804
vn -0.0323 0.5255 0.8502
vn 0.3296 0.8286 0.4526
vn 0.4548 0.8688 -0.1959
vn 0.4531 0.4760 -0.7538
vn 0.0106 0.9967 0.0801
vn 0.0039 0.5330 0.8461
vn 0.0064 -0.4555 0.8902
vn 0.0033 -0.9730 0.2306
vn 0.0130 -0.8511 -0.5249
vn 0.9495 0.1683 -0.2649
vn 0.9747 0.1198 -0.1885
vn 0.9982 0.0552 -0.0255
vn 0.9902 -0.0789 0.1148
vn 0.3172 -0.2899 0.9030
vn 0.9723 -0.2239 0.0663
vn 0.9987 -0.0188 -0.0465
vn 0.9817 -0.1855 -0.0443
vn -0.0001 -0.0019 1.0000
vn 0.9423 0.0723 -0.3268
vn 0.9093 0.4096 -0.0734
vn 0.9886 0.1454 0.0392
vn -0.0845 -0.5119 0.8549
vn -0.0480 -0.6285 0.7763
vn -0.0467 -0.6283 0.7766
vn -0.0252 0.9673 0.2525
vn -0.0112 0.9534 -0.3014
vn -0.0114 0.9534 -0.3014
vn -0.0183 0.5120 -0.8588
vn 1.0000 0.0063 -0.0000
vn 0.9998 -0.0137 -0.0159
vn 0.0846 -0.5119 0.8549
vn -0.8697 -0.2042 -0.4494
vn -0.9947 -0.0470 -0.0916
vn -0.9967 -0.0344 0.0733
vn -0.9119 -0.1514 0.3815
vn -1.0000 -0.0059 -0.0000
vn -0.9993 0.0274 0.0237
vn -0.9994 0.0256 -0.0245
vn -0.3585 -0.9066 -0.2225
vn -0.1885 -0.9430 0.2741
vn -0.1939 -0.0811 0.9777
vn -0.2062 0.5625 0.8006
vn 0.3343 0.9180 0.2133
vn -0.4785 0.8417 -0.2500
vn -0.2172 0.5193 -0.8265
vn -0.0039 0.5777 -0.8162
vn -0.0064 0.9968 0.0801
vn -0.0033 0.5855 0.8107
vn -0.0039 -0.2214 0.9752
vn -0.0064 -0.9516 0.3074
vn -0.0033 -0.8512 -0.5249
vn -0.0033 -0.2307 -0.9730
vn -0.9760 -0.2167 -0.0231
vn -0.9855 -0.0930 -0.1417
vn -0.9864 -0.0639 -0.1517
vn -0.9902 -0.1371 0.0254
vn -0.9792 0.1008 0.1762
vn -0.9727 -0.1183 0.1999
vn 0.0001 -0.0019 1.0000
vn -0.0000 -0.0007 1.0000
vn -0.9805 0.1293 0.1483
vn -0.9903 0.1145 0.0790
vn -0.9990 0.0443 -0.0112
vn -0.9729 0.0762 -0.2183
vn -0.9997 0.0089 -0.0243
vn -0.9171 0.3615 0.1677
vn 0.0252 0.9673 -0.2525
vn 0.0112 0.9534 0.3014
vn 0.0114 0.9534 0.3014
vn 0.0183 0.5120 0.8588
vn -0.9998 -0.0137 0.0159
vn -0.0846 -0.5119 -0.8549
vn 0.8697 -0.2042 0.4494
vn 0.9947 -0.0470 0.0916
vn 0.9967 -0.0344 -0.0733
vn 0.9119 -0.1514 -0.3815
vn 1.0000 -0.0059 -0.0000
vn 0.9993 0.0274 -0.0237
vn 0.9994 0.0256 0.0245
vn 0.3585 -0.9066 0.2225
vn 0.1885 -0.9430 -0.2741
vn 0.1939 -0.0811 -0.9777
vn 0.2062 0.5625 -0.8006
vn -0.3343 0.9180 -0.2133
vn 0.4785 0.8417 0.2500
vn 0.2172 0.5193 0.8265
vn 0.0039 0.5777 0.8162
vn 0.0064 0.9968 -0.0801
vn 0.0033 0.5855 -0.8107
vn 0.0039 -0.2214 -0.9752
vn 0.0064 -0.9516 -0.3074
vn 0.0033 -0.8512 0.5249
vn 0.0033 -0.2307 0.9730
vn 0.9760 -0.2167 0.0231
vn 0.9855 -0.0930 0.1417
vn 0.9864 -0.0639 0.1517
vn 0.9902 -0.1371 -0.0254
vn 0.9792 0.1008 -0.1762
vn 0.9727 -0.1183 -0.1999
vn -0.0001 -0.0019 -1.0000
vn -0.0000 -0.0007 -1.0000
vn 0.9805 0.1293 -0.1483
vn 0.9903 0.1145 -0.0790
vn 0.9990 0.0443 0.0112
vn 0.9729 0.0762 0.2183
vn 0.9997 0.0089 0.0243
vn 0.9171 0.3615 -0.1677
vn -0.0253 0.9673 -0.2525
vn -0.0112 0.9534 0.3014
vn -0.0114 0.9534 0.3014
vn -0.0178 0.5120 0.8588
vn 0.9999 -0.0052 0.0092
vn 0.0846 -0.5119 -0.8549
vn 0.0481 -0.6285 -0.7763
vn 0.0468 -0.6282 -0.7766
vn -0.9960 -0.0280 -0.0847
vn -0.8867 -0.1631 -0.4327
vn -0.9998 0.0045 0.0193
vn -1.0000 0.0071 0.0069
vn -0.9993 0.0368 0.0018
vn -0.9998 -0.0197 0.0021
vn -0.4549 -0.1960 0.8687
vn -0.5396 -0.7125 0.4485
vn -0.2143 -0.9524 -0.2166
vn -0.1803 -0.0797 -0.9804
vn 0.0323 0.5255 -0.8502
vn -0.3296 0.8286 -0.4526
vn -0.4548 0.8688 0.1959
vn -0.4531 0.4760 0.7538
vn -0.0106 0.9967 -0.0801
vn -0.0039 0.5330 -0.8461
vn -0.0064 -0.4555 -0.8902
vn -0.0033 -0.9730 -0.2306
vn -0.0130 -0.8511 0.5249
vn -0.9495 0.1683 0.2649
vn -0.9747 0.1198 0.1885
vn -0.9982 0.0552 0.0255
vn -0.9902 -0.0789 -0.1148
vn -0.3172 -0.2899 -0.9030
vn -0.9723 -0.2239 -0.0663
vn -0.9987 -0.0188 0.0465
vn -0.9817 -0.1855 0.0443
vn 0.0001 -0.0019 -1.0000
vn -0.9423 0.0723 0.3268
vn -0.9093 0.4096 0.0734
vn -0.9886 0.1454 -0.0392
vn -0.0000 -0.6094 -0.7929
vn 0.0182 -0.4935 0.8696
vn 1.0000 0.0048 0.0045
vn 1.0000 -0.0065 0.0075
vn 0.9999 -0.0076 -0.0115
vn -0.3141 0.2190 -0.9238
vn -0.1683 -0.5322 -0.8297
vn 0.1303 -0.6111 -0.7808
vn -0.2220 -0.5118 -0.8299
vn 0.0101 -0.9747 -0.2232
vn 0.1757 -0.9683 -0.1775
vn -0.0195 -0.9728 -0.2306
vn -0.0026 -0.8468 0.5320
vn 0.1818 -0.8073 0.5614
vn -0.0360 -0.8506 0.5246
vn 0.0065 -0.2231 0.9748
vn 0.1754 -0.1771 0.9684
vn -0.0236 -0.2306 0.9728
vn -0.0355 0.5247 0.8506
vn -0.0332 0.5252 0.8503
vn -0.2937 0.8136 -0.5017
vn 0.0119 0.8281 -0.5605
vn -0.0098 0.5854 -0.8107
vn -0.0112 0.9870 -0.1603
vn 0.0118 0.9895 -0.1443
vn -0.0130 0.9730 0.2306
vn 0.0123 0.5933 0.8049
vn 0.0038 0.5319 0.8468
vn 0.0028 0.5249 0.8512
vn 0.0116 -0.4419 0.8970
vn -0.0084 -0.2307 0.9730
vn -0.0067 -0.2490 0.9685
vn 0.0085 -0.9683 0.2498
vn -0.0097 -0.8511 0.5249
vn -0.0098 -0.9872 0.1592
vn 0.0098 -0.9872 -0.1592
vn -0.0098 -0.8106 -0.5855
vn 0.0098 -0.5855 -0.8106
vn -0.0098 -0.1592 -0.9872
vn 0.0098 0.1592 -0.9872
vn 0.9886 -0.1305 0.0751
vn 0.9805 -0.1480 0.1290
vn 0.9989 -0.0416 -0.0198
vn -0.8266 0.3419 -0.4471
vn -0.3538 0.7563 0.5503
vn -0.8264 0.0743 0.5581
vn -0.3537 -0.9239 0.1456
vn -0.8265 -0.4472 -0.3420
vn -0.3853 -0.1219 -0.9147
vn 0.9149 0.3791 -0.1388
vn 0.9990 0.0234 -0.0393
vn 0.9805 0.1959 0.0134
vn -1.0000 0.0002 0.0066
vn -1.0000 0.0086 -0.0007
vn -1.0000 -0.0017 -0.0048
vn -0.1758 -0.5591 -0.8102
vn -0.0102 -0.5314 -0.8470
vn 0.0194 -0.5248 -0.8510
vn -0.1817 -0.9679 -0.1738
vn 0.0027 -0.9749 -0.2226
vn 0.0360 -0.9724 -0.2305
vn -0.1755 -0.8100 0.5595
vn -0.0065 -0.8471 0.5315
vn 0.0236 -0.8509 0.5248
vn 0.0332 -0.2299 0.9727
vn 0.0355 -0.2304 0.9725
vn 0.0360 -0.2305 0.9724
vn 0.3141 0.4983 0.8081
vn 0.2938 0.9301 0.2205
vn 0.4379 0.7344 -0.5185
vn 0.0097 0.8511 -0.5249
vn -0.0085 0.9683 -0.2498
vn 0.0098 0.9872 -0.1592
vn -0.0098 0.9872 0.1592
vn 0.0098 0.8106 0.5855
vn -0.0098 0.5855 0.8106
vn 0.0098 0.1592 0.9872
vn -0.0119 -0.1892 0.9819
vn 0.0112 -0.5846 0.8113
vn -0.0118 -0.5976 0.8017
vn 0.0130 -0.8511 0.5249
vn 0.0022 -0.9757 -0.2189
vn -0.0098 -0.9959 -0.0898
vn 0.0033 -0.9730 -0.2307
vn -0.0029 -0.5255 -0.8508
vn -0.0038 -0.5324 -0.8465
vn -0.0028 -0.5249 -0.8512
vn 0.0084 0.2307 -0.9730
vn -0.0116 0.4419 -0.8970
vn 0.0067 0.2490 -0.9685
vn -0.9990 -0.0392 -0.0234
vn -0.9989 -0.0198 0.0417
vn 0.3535 0.5505 -0.7563
vn 0.8264 -0.3421 0.4472
vn 0.3856 -0.9146 0.1219
vn 0.8265 -0.4472 -0.3420
vn 0.0111 0.9534 -0.3014
vn 0.0288 0.5135 0.8576
vn 0.9958 -0.0318 -0.0858
vn 0.9998 -0.0031 -0.0218
vn 1.0000 0.0056 -0.0066
vn 0.9993 -0.0000 0.0376
vn 0.9998 -0.0191 0.0056
vn 0.3453 -0.1339 -0.9289
vn 0.1985 -0.6209 -0.7583
vn 0.2063 -0.9639 -0.1684
vn 0.2144 -0.7971 0.5646
vn 0.2062 -0.1680 0.9640
vn -0.0322 0.5254 0.8502
vn 0.3296 0.8285 0.4526
vn 0.0130 0.5978 0.8015
vn 0.0129 -0.4554 0.8902
vn 0.9148 -0.1700 0.3665
vn 0.9991 0.0096 0.0421
vn 0.9729 -0.1005 -0.2083
vn 0.9902 0.1371 -0.0254
vn -0.0467 -0.6282 0.7766
vn -0.8542 0.1900 -0.4839
vn -0.9998 -0.0174 -0.0095
vn -1.0000 -0.0099 0.0007
vn -0.9993 -0.0266 0.0266
vn -0.9993 0.0273 0.0248
vn -0.9999 0.0099 -0.0089
vn -0.2064 0.1253 -0.9704
vn -0.2063 -0.5625 -0.8006
vn -0.2143 -0.9628 -0.1643
vn -0.2062 -0.8004 0.5628
vn 0.0322 -0.2296 0.9727
vn -0.3296 0.2658 0.9060
vn -0.4548 0.7528 0.4758
vn -0.4530 0.8696 -0.1964
vn -0.0129 0.4554 -0.8902
vn -0.0106 -0.9967 -0.0801
vn -0.0039 -0.5329 -0.8461
vn -0.9729 -0.2083 0.1005
vn -0.9885 0.0753 0.1308
vn -0.9948 0.1007 -0.0119
vn -0.9532 -0.0032 -0.3024
vn -0.9903 -0.0252 -0.1368
vn -0.9010 -0.1600 -0.4032
vn -0.9145 0.3670 0.1703
vn -0.9437 0.1286 -0.3047
vn -0.9998 0.0181 0.0115
vn 0.0079 0.9594 0.2819
vn -0.0035 0.5082 0.8612
vn 0.9991 -0.0411 0.0084
vn -0.9969 0.0717 -0.0308
vn -1.0000 -0.0050 -0.0035
vn -1.0000 -0.0046 0.0041
vn 0.0569 -0.2214 0.9735
vn 0.0449 -0.2238 0.9736
vn 0.0587 -0.2210 0.9735
vn 0.4302 -0.8590 0.2775
vn 0.2938 -0.8136 -0.5018
vn 0.4403 -0.1515 -0.8850
vn 0.2693 0.7136 -0.6467
vn 0.3983 0.9124 0.0947
vn 0.1064 0.5689 0.8155
vn -0.1266 0.4976 0.8581
vn 0.1511 0.5788 0.8014
vn -0.0118 0.2453 0.9694
vn 0.0133 0.1999 0.9797
vn 0.0130 0.5854 0.8106
vn -0.0098 0.9545 0.2982
vn 0.0022 0.9852 0.1712
vn 0.0033 0.9872 0.1593
vn -0.0022 0.8447 -0.5352
vn 0.0098 0.7677 -0.6408
vn 0.0106 0.7614 -0.6482
vn -0.0130 0.1432 -0.9896
vn 0.0130 -0.1432 -0.9896
vn 0.0153 -0.1687 -0.9856
vn -0.0098 -0.7677 -0.6408
vn 0.0022 -0.8447 -0.5352
vn 0.0033 -0.8511 -0.5249
vn -0.0022 -0.9852 0.1712
vn 0.0098 -0.9545 0.2982
vn 0.0106 -0.9515 0.3074
vn -0.0133 -0.1999 0.9797
vn 0.0118 -0.2453 0.9694
vn -0.9179 -0.3729 -0.1357
vn -0.9990 -0.0253 -0.0375
vn -0.9812 -0.1927 0.0141
vn 0.3852 0.5606 0.7330
vn 0.8265 0.5580 0.0744
vn 0.3539 0.1455 -0.9239
vn 0.8264 -0.3421 -0.4472
vn -1.0000 0.0014 -0.0025
vn -0.0701 -0.5080 -0.8585
vn -0.0183 -0.4935 -0.8695
vn 1.0000 -0.0000 -0.0066
vn 1.0000 0.0099 -0.0002
vn 0.9980 -0.0240 0.0593
vn -0.2530 -0.0360 0.9668
vn 0.1817 -0.9679 0.1738
vn -0.0027 -0.9749 0.2226
vn -0.0361 -0.9724 0.2305
vn 0.1755 -0.8100 -0.5595
vn 0.0064 -0.8471 -0.5315
vn -0.0237 -0.8509 -0.5248
vn -0.0333 -0.2299 -0.9727
vn -0.0356 -0.2304 -0.9724
vn -0.0361 -0.2305 -0.9724
vn -0.3142 0.4983 -0.8081
vn -0.2939 0.9301 -0.2205
vn -0.4404 0.7328 0.5187
vn -0.0168 0.5978 0.8015
vn 0.0069 0.7478 0.6639
vn -0.0147 0.6121 0.7907
vn -0.0038 0.9858 -0.1680
vn -0.0029 0.9871 -0.1600
vn 0.0029 0.5255 -0.8508
vn 0.0038 0.5324 -0.8465
vn 0.0028 0.5249 -0.8512
vn -0.0084 -0.2307 -0.9730
vn 0.0116 -0.4419 -0.8970
vn -0.0067 -0.2490 -0.9685
vn -0.0097 -0.8511 -0.5249
vn 0.0085 -0.9683 -0.2498
vn -0.0098 -0.9872 -0.1592
vn 0.0098 -0.9872 0.1592
vn -0.0085 -0.9683 0.2498
vn -0.0129 -0.4554 0.8902
vn 0.0119 -0.1919 0.9813
vn -0.0109 -0.4347 0.9005
vn 0.9977 -0.0226 -0.0639
vn 0.9989 -0.0198 -0.0417
vn -0.3535 0.5505 0.7563
vn -0.3539 0.1456 -0.9239
vn -0.8265 -0.3420 -0.4472
vn -0.3856 -0.9146 -0.1219
vn -0.8264 -0.4472 0.3420
vn -0.0111 0.9534 0.3014
vn -0.0288 0.5135 -0.8576
vn 0.0468 -0.6283 -0.7766
vn -0.9941 0.1030 -0.0334
vn -0.8559 0.4841 -0.1819
vn -0.9994 0.0008 0.0354
vn -1.0000 0.0048 0.0038
vn -0.9998 -0.0045 -0.0193
vn 0.0413 -0.2245 0.9736
vn -0.4220 -0.7665 0.4842
vn -0.4548 -0.8688 -0.1958
vn -0.4530 -0.4760 -0.7538
vn -0.5403 0.1843 -0.8211
vn -0.3585 0.7985 0.4837
vn -0.1886 0.4730 0.8606
vn -0.0106 0.9515 0.3074
vn -0.0033 0.8511 -0.5249
vn -0.0153 0.1687 -0.9856
vn -0.0106 -0.7614 -0.6482
vn -0.0033 -0.9872 0.1593
vn -0.0130 -0.5855 0.8106
vn -0.9787 0.0910 -0.1843
vn -0.9903 -0.1368 -0.0251
vn -0.9990 -0.0157 0.0429
vn -0.9729 0.0762 0.2183
vn -0.9973 0.0037 0.0734
vn -0.9903 0.1145 -0.0790
vn -0.9728 0.1103 -0.2038
vn -0.9740 0.1134 -0.1962
vn -0.2734 0.9165 -0.2922
vn -0.9995 -0.0063 0.0293
vn -0.9974 -0.0151 0.0703
vn -0.9998 -0.0138 0.0160
vn 0.9108 -0.1718 0.3754
vn 0.9978 -0.0325 0.0586
vn 1.0000 -0.0087 0.0003
vn 0.9993 -0.0266 -0.0266
vn 0.9993 0.0273 -0.0248
vn 0.9998 0.0169 0.0104
vn 0.1813 -0.6338 0.7519
vn 0.2143 -0.9628 0.1643
vn 0.2062 -0.8004 -0.5628
vn -0.0323 -0.2296 -0.9727
vn 0.3296 0.2658 -0.9059
vn 0.4549 0.7528 -0.4758
vn 0.4531 0.8696 0.1964
vn 0.5403 0.4503 0.7108
vn 0.0093 0.7615 0.6481
vn -0.0028 0.9872 -0.1593
vn 0.0039 0.5329 -0.8461
vn 0.0129 -0.4554 -0.8902
vn 0.0097 -0.8511 0.5249
vn 0.0140 -0.1686 0.9856
vn 0.9729 -0.2083 -0.1005
vn 0.9885 0.0753 -0.1308
vn 0.9632 0.0585 -0.2625
vn -0.0000 -0.0008 -1.0000
vn 0.9990 0.0444 0.0087
vn 0.9832 -0.0122 0.1819
vn 0.9903 -0.0251 0.1368
vn 0.9877 -0.0337 0.1527
vn 0.9266 0.0818 -0.3670
vn -0.9027 -0.1078 0.4165
vn 0.9145 0.3670 -0.1703
vn 0.9829 0.0323 0.1813
vn -0.0298 0.9491 0.3134
vn 0.0035 0.5082 -0.8612
vn -0.0000 -0.6094 0.7929
vn 1.0000 -0.0041 -0.0034
vn -0.3140 -0.1512 -0.9373
vn -0.2867 -0.7766 -0.5609
vn -0.4402 -0.8756 0.1988
vn -0.3165 -0.2916 0.9027
vn -0.0900 0.5702 0.8165
vn -0.2293 0.5340 0.8138
vn -0.0586 0.5767 0.8148
vn -0.3349 0.9392 -0.0755
vn -0.0384 0.5881 -0.8079
vn -0.1106 0.5999 -0.7924
vn -0.0236 0.5853 -0.8105
vn 0.0098 0.4641 -0.8857
vn -0.0022 0.5757 -0.8177
vn -0.0033 0.5855 -0.8107
vn 0.0031 0.9869 -0.1615
vn -0.0056 0.9962 -0.0871
vn -0.0064 0.9968 -0.0801
vn 0.0056 0.6428 0.7660
vn -0.0031 0.5836 0.8121
vn -0.0039 0.5777 0.8162
vn 0.0022 -0.1712 0.9852
vn -0.0098 -0.2982 0.9545
vn -0.0106 -0.3074 0.9515
vn 0.0112 -0.9732 0.2296
vn -0.0118 -0.9694 0.2454
vn -0.0119 -0.9795 -0.2009
vn 0.0119 -0.8347 -0.5505
vn -0.0112 -0.5258 -0.8505
vn 0.0118 -0.5120 -0.8589
vn -0.0130 -0.1592 -0.9872
vn -0.3853 0.5607 -0.7329
vn -0.8265 0.5580 -0.0744
vn -0.7359 0.1058 0.6688
vn -0.3856 -0.5605 0.7329
vn -0.8265 -0.5581 0.0743
vn -0.3857 -0.7328 -0.5606
vn 0.0183 -0.4935 0.8695
vn -1.0000 -0.0000 0.0066
vn -1.0000 0.0099 0.0002
vn -1.0000 0.0002 -0.0053
vn -0.1758 -0.2065 -0.9625
vn -0.0102 -0.1668 -0.9859
vn 0.0194 -0.1592 -0.9871
vn 0.0048 -0.7569 -0.6535
vn -0.1754 -0.8100 0.5596
vn -0.0065 -0.8470 0.5315
vn 0.0331 -0.2299 0.9727
vn 0.0354 -0.2304 0.9725
vn 0.0359 -0.2305 0.9724
vn 0.4402 0.5187 0.7329
vn 0.3165 0.9455 -0.0760
vn -0.1841 0.5303 -0.8276
vn 0.0019 0.5786 -0.8156
vn 0.0359 0.5851 -0.8102
vn 0.0022 0.5757 -0.8177
vn -0.0098 0.4641 -0.8857
vn 0.0029 -0.2261 0.9741
vn -0.0029 -0.1638 0.9865
vn 0.0033 -0.2306 0.9730
vn 0.0098 -0.8857 0.4641
vn -0.0022 -0.8177 0.5757
vn 0.0106 -0.8902 0.4555
vn 0.0118 -0.8589 -0.5120
vn -0.0133 -0.8341 -0.5514
vn 0.0133 -0.5514 -0.8341
vn -0.0118 -0.5120 -0.8589
vn 0.0130 -0.1592 -0.9872
vn 0.3853 0.5607 -0.7330
vn 0.7358 0.1058 0.6688
vn 0.3856 -0.5605 0.7329
vn 0.8265 -0.5581 0.0743
vn 0.3856 -0.7328 -0.5606
vn 0.8264 -0.0743 -0.5582
vn -0.0468 -0.6283 0.7766
vn 0.9998 0.0036 -0.0219
vn 0.9962 0.0274 -0.0831
vn 0.9998 0.0086 -0.0151
vn 0.3270 0.1001 -0.9397
vn 0.4549 -0.5135 -0.7276
vn 0.4526 -0.8788 -0.1511
vn 0.5405 -0.6878 0.4844
vn -0.3231 0.5024 0.8020
vn 0.4781 0.7724 0.4182
vn 0.2143 0.9525 -0.2166
vn -0.1475 0.6046 -0.7827
vn 0.0106 0.4555 -0.8902
vn 0.0039 0.9857 -0.1686
vn 0.0064 0.6481 0.7615
vn 0.0033 -0.1593 0.9872
vn 0.0130 -0.8106 0.5854
vn 0.9950 -0.0142 0.0986
vn 0.8712 -0.2372 0.4299
vn 0.9986 -0.0501 0.0145
vn 0.9729 -0.2183 -0.0762
vn 0.9988 -0.0170 -0.0456
vn 1.0000 -0.0003 -0.0000
vn 0.9729 0.0762 -0.2183
vn 0.9993 0.0120 -0.0345
vn 0.9903 0.1145 0.0790
vn 0.9864 0.1132 0.1196
vn 1.0000 0.0003 -0.0000
vn 0.9786 0.1414 0.1494
vn 0.4577 0.8444 0.2783
vn -0.9966 -0.0756 -0.0337
vn -0.8876 -0.4287 -0.1682
vn -0.9974 -0.0687 -0.0237
vn -0.9998 0.0169 -0.0104
vn -0.2063 -0.2133 -0.9550
vn -0.1896 -0.9788 -0.0781
vn -0.2061 -0.8004 0.5629
vn 0.0321 -0.2296 0.9727
vn -0.3296 0.2658 0.9059
vn -0.5406 0.7108 0.4501
vn -0.2061 0.9549 -0.2137
vn -0.2170 0.5194 -0.8265
vn -0.0106 0.4555 -0.8902
vn -0.0033 -0.8107 0.5855
vn -0.0130 -0.9872 -0.1592
vn -0.9871 0.1566 -0.0337
vn -0.9957 0.0906 -0.0195
vn -0.9970 0.0592 -0.0503
vn -0.9729 -0.2183 -0.0762
vn -0.9984 0.0168 0.0537
vn -0.8712 -0.2372 0.4299
vn -0.9960 -0.0032 0.0892
vn -0.9958 0.0735 0.0544
vn -0.0026 -0.9442 -0.3294
vn -0.9748 0.1885 0.1198
vn -0.9495 0.2648 0.1683
vn -0.9993 0.0120 -0.0345
vn -0.9875 0.1026 0.1194
vn -0.9855 0.0980 0.1385
vn -0.4577 0.8444 0.2783
vn 0.0298 0.9491 -0.3134
vn 0.9993 -0.0354 0.0097
vn 0.9991 -0.0424 0.0068
vn 0.9991 -0.0412 0.0084
vn -1.0000 0.0048 -0.0045
vn -1.0000 -0.0065 -0.0075
vn -1.0000 -0.0041 0.0034
vn 0.4402 -0.1988 0.8756
vn 0.3102 -0.9046 0.2923
vn 0.0574 -0.8148 -0.5770
vn 0.0502 -0.8142 -0.5783
vn 0.0585 -0.8148 -0.5767
vn 0.4301 0.0723 -0.8999
vn 0.1017 0.8159 -0.5692
vn -0.1270 0.8577 -0.4982
vn 0.1458 0.8021 -0.5791
vn 0.0026 0.9859 0.1675
vn -0.1817 0.9607 0.2098
vn 0.0359 0.9866 0.1592
vn 0.0384 0.5881 0.8079
vn 0.1105 0.5999 0.7924
vn 0.0236 0.5853 0.8105
vn -0.0118 0.2454 0.9694
vn -0.0038 0.8159 -0.5782
vn -0.0029 0.8112 -0.5848
vn -0.0028 0.8107 -0.5854
vn -0.0078 -0.0673 -0.9977
vn 0.0093 0.0801 -0.9967
vn 0.0078 0.0673 -0.9977
vn 0.0029 -0.8112 -0.5848
vn 0.0038 -0.8159 -0.5782
vn 0.0039 -0.8162 -0.5777
vn 0.0118 -0.2454 0.9694
vn -0.9204 -0.3675 -0.1337
vn -0.9990 -0.0245 -0.0372
vn 0.3853 0.5606 0.7330
vn 0.3535 0.1456 -0.9240
vn 0.8265 -0.3420 -0.4471
vn 0.3538 -0.7562 0.5504
vn 1.0000 0.0002 -0.0066
vn 1.0000 0.0086 0.0007
vn 0.9999 0.0028 0.0135
vn -0.4132 -0.2017 0.8880
vn -0.3349 -0.8966 0.2897
vn 0.1754 -0.8100 -0.5595
vn -0.0355 -0.2304 -0.9724
vn -0.0360 -0.2305 -0.9724
vn -0.4403 0.5187 -0.7328
vn -0.3166 0.9455 0.0760
vn -0.1120 0.5971 0.7943
vn -0.0489 0.5874 0.8078
vn -0.0361 0.5851 0.8102
vn -0.0133 0.1998 0.9797
vn 0.0118 0.2454 0.9694
vn -0.0130 0.5854 0.8106
vn -0.0090 0.9951 0.0983
vn 0.0090 0.9570 0.2900
vn -0.0106 0.9967 0.0801
vn -0.0118 0.5976 -0.8017
vn 0.0112 0.5846 -0.8113
vn -0.0119 0.1892 -0.9819
vn 0.0119 -0.1892 -0.9819
vn -0.0112 -0.5846 -0.8113
vn 0.0118 -0.5976 -0.8017
vn -0.0130 -0.8511 -0.5249
vn -0.0090 -0.9570 0.2900
vn 0.0090 -0.9951 0.0983
vn -0.0106 -0.9515 0.3074
vn -0.0118 -0.2454 0.9694
vn 0.0133 -0.1998 0.9797
vn 0.9833 -0.1814 0.0162
vn 0.9991 -0.0230 -0.0367
vn 0.9185 -0.3725 -0.1328
vn -0.3853 0.5606 0.7330
vn -0.3535 0.1456 -0.9240
vn -0.3538 -0.7562 0.5504
vn -0.8264 -0.0743 0.5582
vn -0.9998 0.0037 0.0219
vn -0.9962 0.0273 0.0831
vn -0.9998 0.0085 0.0151
vn -0.9993 -0.0000 -0.0375
vn -0.9998 -0.0191 -0.0056
vn -0.3269 0.1001 0.9397
vn -0.5403 -0.4844 0.6881
vn -0.2063 -0.9639 0.1684
vn 0.0480 -0.8141 -0.5788
vn -0.4225 -0.1541 -0.8932
vn -0.3595 0.4840 -0.7978
vn -0.1887 0.8604 -0.4734
vn -0.2143 0.9525 0.2166
vn 0.1473 0.6047 0.7827
vn -0.0039 0.8162 -0.5777
vn -0.0093 -0.0801 -0.9967
vn 0.0028 -0.8107 -0.5854
vn -0.0130 -0.5854 0.8106
vn -0.9993 0.0122 0.0350
vn -0.9806 0.1267 -0.1495
vn -0.9737 0.1525 -0.1694
vn -0.7900 0.5744 -0.2142
vn -0.7552 0.6167 -0.2220
vn 0.9998 0.0132 0.0176
vn 0.9958 0.0381 0.0831
vn 0.9998 -0.0174 0.0095
vn 1.0000 -0.0099 -0.0007
vn 0.3288 0.0977 0.9393
vn 0.5395 -0.4867 0.6871
vn 0.2142 -0.9629 0.1644
vn 0.5406 0.7108 -0.4501
vn 0.2061 0.9549 0.2137
vn -0.1430 0.6009 0.7864
vn 0.0106 0.9515 0.3074
vn 0.0130 0.8511 -0.5249
vn 0.0106 -0.9967 0.0801
vn 0.0130 -0.5854 0.8106
vn 0.9888 0.0763 -0.1281
vn 0.9948 -0.1004 0.0183
vn 0.9991 -0.0167 0.0397
vn 0.9993 0.0120 0.0345
vn 0.9729 0.0762 0.2184
vn 0.9849 0.0968 -0.1436
vn 0.9855 0.0981 -0.1385
vn 0.4576 0.8445 -0.2783
vn -0.0000 -0.5673 0.8235
vn -0.0000 0.2090 0.9779
vn -0.0000 0.5673 0.8235
vn -0.0000 -0.2090 0.9779
vn 0.0603 0.0835 -0.9947
vn -0.2105 -0.0868 -0.9737
vn -0.2698 -0.1112 -0.9565
vn -0.0964 -0.2438 -0.9650
vn 0.0052 -0.4254 -0.9050
vn 0.0733 -0.0887 -0.9934
vn -0.2595 -0.4661 -0.8458
vn -0.2128 -0.4851 -0.8482
vn 0.0784 -0.6176 -0.7826
vn -0.0186 -0.5133 -0.8580
vn -0.0061 -0.7061 -0.7081
vn 0.0061 -0.7081 -0.7061
vn 0.0138 -0.8627 -0.5055
vn 0.0480 -0.8094 -0.5852
vn -0.0356 -0.7265 -0.6862
vn -0.0186 -0.8842 -0.4668
vn 0.0860 -0.9399 -0.3305
vn -0.0226 -0.9109 -0.4119
vn 0.0178 -0.9878 -0.1545
vn -0.0018 -0.9902 -0.1397
vn 0.0226 -0.9992 -0.0320
vn -0.0313 -0.9986 -0.0437
vn 0.0793 -0.9559 0.2828
vn -0.0226 -0.9738 0.2263
vn 0.0138 -0.9448 0.3274
vn -0.0867 -0.8862 0.4551
vn 0.0356 -0.8147 0.5787
vn 0.0061 -0.8323 0.5544
vn -0.0061 -0.8306 0.5568
vn -0.0356 -0.7265 0.6862
vn -0.0186 -0.6709 0.7414
vn 0.0052 -0.5937 0.8046
vn -0.0928 -0.4655 0.8802
vn 0.0633 -0.3209 0.9450
vn 0.0867 -0.6192 0.7804
vn -0.0964 -0.4274 0.8989
vn 0.0603 -0.2760 0.9593
vn 0.0898 -0.0974 0.9912
vn -0.2106 -0.1049 0.9719
vn -0.2698 -0.0776 0.9598
vn -0.2247 0.0646 0.9723
vn -0.2698 0.0776 0.9598
vn -0.2698 0.2956 0.9164
vn -0.2698 0.4390 0.8570
vn -0.2698 0.6238 0.7335
vn -0.2247 0.6418 0.7332
vn 0.0763 0.7722 0.6308
vn -0.2698 0.7335 0.6238
vn -0.0313 0.9393 0.3418
vn 0.0178 0.9718 0.2353
vn -0.2698 0.9164 0.2956
vn -0.0178 0.9990 -0.0412
vn 0.0178 0.9878 -0.1545
vn -0.0763 0.9921 -0.1000
vn 0.0621 0.9643 -0.2573
vn 0.2247 0.9723 0.0646
vn 0.0362 0.9095 -0.4140
vn -0.0226 0.9109 -0.4119
vn 0.0138 0.8627 -0.5055
vn -0.0138 0.8627 -0.5055
vn -0.0061 0.7081 -0.7061
vn 0.0061 0.7081 -0.7061
vn -0.0061 0.7061 -0.7081
vn 0.0061 0.7061 -0.7081
vn 0.0186 0.5133 -0.8580
vn -0.0186 0.5133 -0.8580
vn 0.0052 0.4254 -0.9050
vn -0.0052 0.4254 -0.9050
vn 0.0964 0.2438 -0.9650
vn -0.0964 0.2438 -0.9650
vn -0.0733 0.0887 -0.9934
vn -0.0096 -0.9540 0.2996
vn 0.0096 -0.7792 0.6267
vn 0.0033 -0.7512 0.6601
vn 0.0033 0.9662 0.2578
vn 0.0036 0.9859 -0.1671
vn -0.0194 0.9961 -0.0864
vn 0.0103 0.9606 -0.2776
vn -0.0103 0.9937 -0.1112
vn 0.0103 0.9937 0.1112
vn 0.0036 -0.4088 0.9126
vn 0.0204 -0.7834 0.6212
vn 0.0048 0.8743 -0.4853
vn -0.0194 -0.4815 0.8762
vn -0.0045 0.7720 -0.6356
vn -0.0184 0.8698 -0.4931
vn -0.0036 0.0880 -0.9961
vn 0.0036 -0.0880 -0.9961
vn -0.0028 -0.3855 -0.9227
vn 0.0194 -0.4815 -0.8762
vn -0.0036 -0.4088 -0.9126
vn -0.0048 -0.0822 -0.9966
vn 0.0036 0.7794 -0.6266
vn -0.0028 0.5530 -0.8332
vn 0.0048 -0.0822 0.9966
vn 0.0028 0.3855 -0.9227
vn 0.0036 0.0880 0.9961
vn -0.0033 -0.7512 -0.6601
vn -0.0048 0.0822 0.9966
vn -0.0036 0.4088 0.9126
vn 0.0028 -0.5530 -0.8332
vn -0.0036 -0.7794 -0.6266
vn 0.0028 0.5530 0.8332
vn -0.0028 0.3855 0.9227
vn 0.0064 -0.9446 -0.3281
vn -0.0204 -0.7834 -0.6212
vn -0.0048 -0.8743 -0.4853
vn -0.0036 -0.9859 -0.1671
vn -0.0033 0.7512 0.6601
vn -0.0096 0.7792 0.6267
vn 0.0184 0.8698 0.4931
vn 0.0045 0.7720 0.6356
vn -0.0080 -0.9858 0.1675
vn 0.0080 -0.9858 -0.1675
vn 0.0096 0.9540 0.2996
vn -0.0033 -0.9662 0.2578
vn -0.0103 0.9606 0.2776
vn -0.0064 -0.9446 0.3281
vn 0.2698 -0.2633 -0.9262
vn -0.0632 -0.9895 0.1303
vn -0.0621 -0.2573 0.9643
vn 0.2698 0.0776 0.9598
vn 0.2698 0.2956 0.9164
vn 0.2698 0.4389 0.8570
vn 0.2698 0.6238 0.7335
vn -0.0621 0.8638 0.4999
vn 0.2698 0.8571 0.4389
vn 0.2698 0.9598 0.0776
vn 0.0194 0.4815 0.8762
vn 0.0194 -0.9961 -0.0864
vn -0.0000 -0.5673 -0.8235
vn -0.0000 0.2090 -0.9779
vn -0.0000 0.5673 -0.8235
vn -0.0000 -0.2090 -0.9779
vn 0.0898 -0.2889 0.9531
vn -0.0621 -0.4405 0.8956
vn -0.2247 -0.1263 0.9662
vn -0.0981 -0.0997 0.9902
vn 0.0928 -0.4655 0.8802
vn -0.0633 -0.3209 0.9450
vn -0.0898 -0.6320 0.7697
vn -0.0867 -0.6192 0.7804
vn 0.2247 -0.7332 0.6418
vn 0.2698 -0.7335 0.6238
vn -0.0356 -0.8148 0.5787
vn 0.0356 -0.7265 0.6862
vn 0.0784 -0.8880 0.4531
vn -0.2128 -0.9265 0.3103
vn 0.2698 -0.9164 0.2956
vn 0.2698 -0.9598 0.0776
vn 0.2247 -0.9723 0.0646
vn -0.0763 -0.9921 -0.1000
vn 0.2698 -0.9598 -0.0776
vn 0.0313 -0.9058 -0.4225
vn -0.0178 -0.8535 -0.5208
vn 0.0784 -0.8880 -0.4531
vn -0.0356 -0.8148 -0.5787
vn -0.2128 -0.9265 -0.3103
vn 0.0356 -0.7265 -0.6862
vn 0.0178 -0.6773 -0.7355
vn -0.0178 -0.5892 -0.8078
vn 0.0928 -0.4655 -0.8802
vn -0.0633 -0.3209 -0.9450
vn -0.0867 -0.6192 -0.7804
vn 0.0226 -0.3529 -0.9354
vn -0.0138 -0.2526 -0.9675
vn -0.0898 -0.0974 -0.9912
vn -0.0061 -0.0014 -1.0000
vn 0.0061 0.0014 -1.0000
vn 0.2247 0.0646 -0.9723
vn 0.2698 0.0776 -0.9598
vn 0.0186 0.2437 -0.9697
vn -0.0186 0.3361 -0.9416
vn 0.2698 0.4390 -0.8570
vn -0.0061 0.5544 -0.8323
vn 0.0061 0.5568 -0.8307
vn 0.0186 0.7413 -0.6709
vn -0.0052 0.8046 -0.5937
vn 0.2698 0.7335 -0.6238
vn 0.0964 0.8989 -0.4274
vn -0.0603 0.9593 -0.2760
vn 0.2698 0.9164 -0.2956
vn 0.1754 0.9803 -0.0910
vn -0.0763 0.9921 0.1000
vn 0.0763 0.9921 0.1000
vn -0.0621 0.9643 0.2573
vn -0.2247 0.9723 -0.0646
vn -0.0313 0.9058 0.4225
vn 0.0362 0.9095 0.4140
vn -0.0138 0.8627 0.5055
vn 0.0178 0.8535 0.5208
vn -0.0178 0.6773 0.7355
vn -0.0061 0.7081 0.7061
vn 0.0061 0.7061 0.7081
vn 0.0138 0.5055 0.8627
vn -0.0362 0.4140 0.9095
vn 0.0313 0.5911 0.8060
vn -0.0763 0.2916 0.9535
vn 0.0846 0.1023 0.9911
vn -0.0621 0.2573 0.9643
vn 0.2247 0.1263 0.9662
vn 0.2698 0.1112 0.9565
vn -0.0136 0.9355 -0.3531
vn -0.0014 0.9929 -0.1189
vn 0.0178 0.9945 0.1037
vn 0.0398 0.9367 0.3478
vn 0.0088 0.9996 0.0252
vn 0.0025 0.9877 -0.1563
vn -0.0103 -0.4830 -0.8756
vn 0.0103 -0.6241 -0.7813
vn -0.0103 -0.7813 -0.6241
vn 0.0103 0.8756 0.4830
vn -0.0135 -0.8133 -0.5817
vn -0.0014 -0.6505 -0.7595
vn 0.0178 -0.4663 -0.8845
vn -0.0014 0.6505 0.7595
vn -0.0057 0.8176 0.5757
vn -0.0178 -0.1037 -0.9944
vn 0.0103 -0.2776 -0.9607
vn -0.0178 -0.4663 0.8845
vn 0.0103 -0.3029 0.9530
vn -0.0103 -0.0848 0.9963
vn -0.0103 0.7813 0.6241
vn 0.0103 0.6241 0.7813
vn -0.0103 -0.3029 -0.9530
vn 0.0103 -0.0848 -0.9963
vn 0.0103 -0.1112 0.9937
vn -0.0103 -0.2776 0.9607
vn 0.0103 -0.4830 0.8756
vn -0.0103 0.3029 0.9530
vn 0.0178 0.4663 0.8845
vn -0.0135 0.3700 -0.9289
vn -0.0084 0.1100 -0.9939
vn 0.0136 -0.8133 0.5817
vn 0.0014 -0.6505 0.7595
vn -0.0103 0.4830 0.8756
vn 0.0103 0.2776 0.9607
vn -0.0103 0.0848 -0.9963
vn 0.0103 0.3029 -0.9530
vn -0.0103 -0.6241 0.7813
vn 0.0103 -0.7813 0.6241
vn 0.0103 0.0848 0.9963
vn -0.0103 0.1112 0.9937
vn -0.0178 0.4663 -0.8845
vn 0.0014 0.6505 -0.7595
vn -0.0103 -0.8756 0.4830
vn 0.0103 -0.9606 0.2776
vn -0.0174 0.8061 -0.5915
vn -0.0085 0.5307 -0.8475
vn -0.0014 -0.9929 0.1189
vn -0.0136 -0.9355 0.3531
vn 0.0135 0.8133 -0.5817
vn -0.0178 -0.9945 0.1037
vn 0.0014 -0.9929 -0.1189
vn -0.0103 -0.9606 -0.2776
vn 0.0178 -0.9945 -0.1037
vn 0.0174 0.8550 -0.5184
vn 0.0136 -0.9355 -0.3531
vn 0.0103 -0.8756 -0.4830
vn -0.2698 -0.1112 0.9565
vn 0.0621 -0.2573 0.9643
vn 0.0621 -0.4999 0.8638
vn -0.2698 -0.8570 0.4390
vn -0.2595 -0.9205 0.2921
vn -0.2698 -0.9598 0.0776
vn 0.0621 -0.9643 -0.2573
vn -0.2595 -0.9205 -0.2921
vn 0.0621 -0.2573 -0.9643
vn -0.2698 0.2956 -0.9164
vn -0.2698 0.6238 -0.7335
vn -0.2698 0.8570 -0.4390
vn -0.2698 0.9598 -0.0776
vn 0.0621 0.9643 0.2573
vn 0.0621 0.4405 0.8956
vn 0.9676 -0.0978 -0.2327
vn 0.9645 -0.1134 -0.2385
vn 0.9691 -0.0899 -0.2297
vn 0.8713 -0.1575 0.4648
vn 0.9348 0.0551 0.3509
vn 0.3509 -0.0551 0.9348
vn -0.8186 -0.0518 0.5721
vn -0.8418 0.0518 0.5373
vn -0.9903 -0.0116 -0.1384
vn -0.9458 0.0363 -0.3227
vn -0.8297 0.0084 -0.5582
vn -0.5582 -0.0084 -0.8297
vn -0.3227 -0.0363 -0.9458
vn -0.1384 0.0116 -0.9903
vn 0.9703 -0.0501 -0.2365
vn 0.9701 -0.0509 -0.2371
vn 0.9721 -0.0427 -0.2305
vn 0.9069 -0.0320 0.4202
vn 0.9125 -0.0219 0.4085
vn -0.8282 -0.0069 0.5605
vn -0.8347 0.0069 0.5506
vn -0.9857 0.0211 -0.1672
vn -0.9376 -0.0118 -0.3475
vn -0.8336 0.0382 -0.5510
vn -0.5510 -0.0382 -0.8336
vn -0.3475 0.0118 -0.9376
vn -0.1672 -0.0211 -0.9857
vn -0.9235 -0.0012 0.3835
vn -0.9190 -0.0016 -0.3941
vn 0.4720 -0.0302 -0.8811
vn 0.4855 -0.0182 -0.8741
vn 0.5238 -0.0282 0.8514
vn 0.5129 -0.0188 0.8582
vn -0.5043 0.0090 0.8635
vn 0.9752 -0.0518 -0.2153
vn 0.9833 0.0518 -0.1743
vn 0.8487 -0.0978 0.5197
vn 0.8506 -0.1134 0.5134
vn 0.8477 -0.0899 0.5228
vn 0.2874 -0.1575 0.9448
vn 0.2232 -0.2529 0.9414
vn 0.4129 0.0551 0.9091
vn -0.5079 -0.2529 0.8235
vn -0.9348 -0.0551 0.3509
vn -0.9450 -0.1695 0.2797
vn -0.8713 0.1575 0.4648
vn -0.9645 0.1134 -0.2385
vn -0.9676 0.0978 -0.2327
vn -0.9617 0.1266 -0.2433
vn -0.6199 -0.0564 -0.7827
vn -0.3882 -0.0121 -0.9215
vn -0.6273 -0.0766 -0.7750
vn -0.3770 0.0121 -0.9261
vn -0.1151 0.0564 -0.9917
vn 0.9796 -0.0070 -0.2009
vn 0.9819 0.0069 -0.1893
vn 0.9722 -0.0427 -0.2304
vn 0.8534 -0.0501 0.5189
vn 0.8537 -0.0509 0.5183
vn 0.8504 -0.0427 0.5245
vn 0.3441 -0.0320 0.9384
vn 0.2289 -0.1229 0.9657
vn 0.3564 -0.0219 0.9341
vn -0.3978 -0.0128 0.9174
vn -0.5210 -0.1229 0.8447
vn -0.3674 0.0128 0.9300
vn -0.9125 0.0219 0.4085
vn -0.9557 -0.0812 0.2828
vn -0.9069 0.0320 0.4202
vn -0.9701 0.0509 -0.2371
vn -0.9703 0.0501 -0.2365
vn -0.9677 0.0603 -0.2448
vn -0.6136 -0.0184 -0.7894
vn -0.3924 -0.0100 -0.9197
vn -0.6287 -0.0364 -0.7768
vn -0.3729 0.0100 -0.9278
vn -0.1243 0.0184 -0.9921
vn 0.1151 -0.0564 -0.9917
vn 0.3770 -0.0121 -0.9261
vn 0.1045 -0.0766 -0.9916
vn 0.3882 0.0121 -0.9215
vn 0.6199 0.0564 -0.7827
vn -0.4129 -0.0551 0.9091
vn -0.4705 -0.1695 0.8660
vn -0.2874 0.1575 0.9448
vn -0.8506 0.1134 0.5134
vn -0.8487 0.0978 0.5197
vn -0.8520 0.1266 0.5080
vn -0.9833 -0.0518 -0.1743
vn -0.9752 0.0518 -0.2153
vn -0.9832 -0.0899 -0.1586
vn 0.1243 -0.0184 -0.9921
vn 0.3729 -0.0100 -0.9278
vn 0.1047 -0.0364 -0.9938
vn 0.3924 0.0100 -0.9197
vn 0.6136 0.0184 -0.7894
vn 0.3674 -0.0128 0.9300
vn 0.3978 0.0128 0.9174
vn -0.3564 0.0219 0.9341
vn -0.4758 -0.0812 0.8758
vn -0.3441 0.0320 0.9384
vn -0.8537 0.0509 0.5183
vn -0.8534 0.0501 0.5189
vn -0.8574 0.0603 0.5111
vn -0.9819 -0.0069 -0.1893
vn -0.9796 0.0070 -0.2009
vn -0.9863 -0.0427 -0.1591
vn -0.5605 -0.0070 -0.8282
vn -0.5506 0.0069 -0.8347
vn 0.9191 -0.0016 0.3941
vn 0.9617 -0.1266 -0.2433
vn 0.9450 0.1695 0.2797
vn -0.8477 0.0899 0.5228
vn -0.1045 0.0766 -0.9916
vn 0.9677 -0.0603 -0.2448
vn 0.9557 0.0812 0.2828
vn -0.8504 0.0427 0.5245
vn -0.1047 0.0364 -0.9938
vn -0.3826 -0.0019 0.9239
vn -0.9239 -0.0012 0.3826
vn -0.4921 -0.8204 0.2912
vn -0.5821 -0.8017 0.1356
vn -0.0454 -0.9987 0.0219
vn -0.4569 -0.0443 0.8884
vn 0.9832 0.0899 -0.1586
vn 0.8520 -0.1266 0.5080
vn 0.4705 0.1695 0.8660
vn -0.2232 0.2529 0.9414
vn -0.8235 0.2529 0.5079
vn -0.9691 0.0899 -0.2297
vn 0.9863 0.0427 -0.1591
vn 0.8574 -0.0603 0.5111
vn 0.4758 0.0812 0.8758
vn -0.2289 0.1229 0.9657
vn -0.8447 0.1229 0.5210
vn -0.9721 0.0427 -0.2305
vn 0.6273 0.0766 -0.7750
vn 0.5079 0.2529 0.8235
vn 0.6287 0.0364 -0.7768
vn -0.9722 0.0427 -0.2304
vn -0.3964 -0.8141 0.4244
vn -0.4998 -0.8199 0.2793
vn -0.5822 -0.8017 0.1356
vn 0.9239 -0.0021 0.3826
vn -0.1541 -0.2528 0.9552
vn -0.7294 -0.0551 0.6819
vn -0.7661 -0.1695 0.6200
vn -0.6271 0.1575 0.7628
vn -0.9823 0.1134 0.1488
vn -0.9830 0.0978 0.1554
vn -0.9816 0.1266 0.1432
vn -0.8487 -0.0978 -0.5197
vn -0.8506 -0.1134 -0.5134
vn -0.8477 -0.0899 -0.5228
vn -0.3365 -0.0792 -0.9384
vn -0.2797 -0.1695 -0.9450
vn -0.4256 0.0792 -0.9014
vn 0.2385 0.1134 -0.9645
vn 0.2327 0.0978 -0.9676
vn 0.2433 0.1266 -0.9617
vn 0.8186 -0.0518 -0.5721
vn 0.8418 0.0518 -0.5374
vn 0.8074 -0.0899 -0.5831
vn 0.9830 -0.0978 0.1553
vn 0.9823 -0.1134 0.1488
vn 0.9832 -0.0899 0.1586
vn 0.6271 -0.1575 0.7628
vn 0.5664 -0.2529 0.7844
vn 0.7294 0.0551 0.6819
vn -0.0165 -0.0128 0.9998
vn -0.1580 -0.1229 0.9798
vn 0.0165 0.0128 0.9998
vn -0.6867 0.0219 0.7266
vn -0.7747 -0.0812 0.6270
vn -0.6770 0.0320 0.7352
vn -0.9870 0.0509 0.1522
vn -0.9870 0.0501 0.1528
vn -0.9877 0.0603 0.1441
vn -0.8534 -0.0501 -0.5189
vn -0.8537 -0.0509 -0.5183
vn -0.8504 -0.0427 -0.5245
vn -0.3831 0.0004 -0.9237
vn -0.2828 -0.0812 -0.9557
vn -0.3822 -0.0004 -0.9241
vn 0.2371 0.0509 -0.9701
vn 0.2365 0.0501 -0.9703
vn 0.2448 0.0603 -0.9677
vn 0.8281 -0.0069 -0.5605
vn 0.8347 0.0070 -0.5507
vn 0.8100 -0.0427 -0.5849
vn 0.9870 -0.0501 0.1528
vn 0.9870 -0.0509 0.1522
vn 0.9863 -0.0427 0.1591
vn 0.6770 -0.0320 0.7352
vn 0.5810 -0.1229 0.8046
vn 0.6867 -0.0219 0.7266
vn -0.4855 -0.0182 0.8741
vn -0.9676 -0.0978 0.2327
vn -0.9645 -0.1134 0.2385
vn -0.9691 -0.0899 0.2297
vn -0.8713 -0.1575 -0.4648
vn -0.8235 -0.2529 -0.5079
vn -0.9348 0.0551 -0.3509
vn -0.3509 -0.0551 -0.9348
vn -0.4648 0.1575 -0.8713
vn -0.1243 -0.0184 0.9921
vn -0.9703 -0.0501 0.2365
vn -0.9701 -0.0509 0.2371
vn -0.9721 -0.0427 0.2305
vn -0.9069 -0.0320 -0.4202
vn -0.8447 -0.1229 -0.5210
vn -0.9125 -0.0219 -0.4085
vn -0.4085 0.0219 -0.9125
vn -0.4202 0.0320 -0.9069
vn 0.9921 0.0184 -0.1243
vn 0.8690 -0.0184 0.4945
vn 0.5109 -0.0202 0.8594
vn 0.4863 -0.0174 -0.8736
vn -0.2327 -0.0978 -0.9676
vn -0.2385 -0.1134 -0.9645
vn 0.4648 -0.1575 -0.8713
vn 0.5079 -0.2529 -0.8235
vn 0.3509 0.0551 -0.9348
vn 0.9348 -0.0551 -0.3509
vn 0.9450 -0.1695 -0.2797
vn 0.8713 0.1575 -0.4648
vn 0.9645 0.1134 0.2385
vn 0.9676 0.0978 0.2327
vn 0.9617 0.1266 0.2433
vn -0.2365 -0.0501 -0.9703
vn -0.2371 -0.0509 -0.9701
vn 0.4202 -0.0320 -0.9069
vn 0.5210 -0.1229 -0.8447
vn 0.4085 -0.0219 -0.9125
vn 0.9125 0.0219 -0.4085
vn 0.9557 -0.0812 -0.2828
vn 0.9069 0.0320 -0.4202
vn 0.9701 0.0509 0.2371
vn 0.9703 0.0501 0.2365
vn 0.9677 0.0603 0.2448
vn 0.1243 0.0184 0.9921
vn -0.5068 -0.0116 0.8620
vn -0.6601 0.0363 0.7503
vn -0.7710 -0.0400 0.6355
vn -0.8477 -0.1615 0.5054
vn -0.9979 -0.0551 -0.0336
vn -0.9828 0.1575 0.0960
vn -0.8049 0.0978 -0.5852
vn -0.7953 0.1266 -0.5928
vn -0.2732 -0.0564 -0.9603
vn -0.0061 -0.0121 -0.9999
vn -0.2829 -0.0766 -0.9561
vn 0.0061 0.0121 -0.9999
vn 0.2732 0.0564 -0.9603
vn 0.8049 -0.0977 -0.5853
vn 0.7998 -0.1134 -0.5894
vn 0.9957 -0.0792 0.0483
vn 0.9801 -0.1695 0.1033
vn 0.9957 0.0792 -0.0483
vn 0.7998 0.1134 0.5894
vn 0.8049 0.0978 0.5853
vn 0.7953 0.1266 0.5928
vn 0.2152 -0.0518 0.9752
vn 0.1743 0.0518 0.9833
vn 0.2297 -0.0899 0.9691
vn -0.5317 0.0211 0.8467
vn -0.6799 -0.0118 0.7333
vn -0.8439 0.0556 0.5336
vn -0.9774 -0.0064 0.2115
vn -0.9994 0.0219 0.0282
vn -0.2648 -0.0185 -0.9641
vn -0.0106 -0.0100 -0.9999
vn -0.2836 -0.0364 -0.9583
vn 0.0105 0.0100 -0.9999
vn 0.2648 0.0184 -0.9641
vn 0.8060 -0.0501 -0.5898
vn 0.8055 -0.0509 -0.5904
vn 0.8099 -0.0427 -0.5850
vn 1.0000 0.0004 -0.0005
vn 0.9912 -0.0812 0.1044
vn 1.0000 -0.0004 0.0005
vn 0.8055 0.0509 0.5903
vn 0.8060 0.0501 0.5898
vn 0.8003 0.0603 0.5965
vn 0.2009 -0.0069 0.9796
vn 0.1893 0.0069 0.9819
vn 0.2304 -0.0427 0.9722
vn -0.5664 0.2528 0.7844
vn -0.9832 0.0899 0.1586
vn -0.8520 -0.1266 -0.5080
vn -0.4705 0.1695 -0.8660
vn 0.8477 0.0899 -0.5228
vn 0.9816 -0.1266 0.1432
vn 0.7661 0.1695 0.6200
vn 0.1541 0.2528 0.9552
vn -0.5810 0.1229 0.8046
vn -0.9863 0.0427 0.1591
vn -0.8574 -0.0603 -0.5111
vn -0.4758 0.0812 -0.8758
vn 0.8503 0.0427 -0.5245
vn 0.9877 -0.0603 0.1441
vn 0.7747 0.0812 0.6270
vn 0.1580 0.1229 0.9798
vn 0.4921 -0.8204 -0.2912
vn 0.4997 -0.8199 -0.2793
vn 0.5821 -0.8017 -0.1356
vn 0.0454 -0.9987 -0.0219
vn 0.5390 -0.0444 0.8411
vn -0.9617 -0.1266 0.2433
vn -0.9450 0.1695 -0.2797
vn -0.5079 0.2529 -0.8235
vn -0.9677 -0.0603 0.2448
vn -0.9557 0.0812 -0.2828
vn -0.5210 0.1229 -0.8447
vn 0.3826 -0.0012 0.9239
vn 0.5085 0.0185 -0.8608
vn -0.2433 -0.1266 -0.9617
vn 0.2797 0.1695 -0.9450
vn 0.8235 0.2529 -0.5079
vn 0.9691 0.0899 0.2297
vn -0.2448 -0.0603 -0.9677
vn 0.2828 0.0812 -0.9557
vn 0.8447 0.1229 -0.5210
vn 0.9721 0.0427 0.2305
vn -0.9980 -0.0444 0.0450
vn -0.9552 0.2529 0.1541
vn 0.2829 0.0766 -0.9561
vn 0.7953 -0.1266 -0.5928
vn 0.9801 0.1695 -0.1033
vn 0.8074 0.0899 0.5831
vn 0.1586 0.0899 0.9832
vn 0.2836 0.0364 -0.9583
vn 0.8003 -0.0603 -0.5965
vn 0.9912 0.0812 -0.1045
vn 0.8100 0.0427 0.5849
vn 0.1591 0.0427 0.9863
vn -0.2343 -0.9622 0.1387
vt 0.423007 0.575621
vt 0.369896 0.608895
vt 0.369865 0.575688
vt 0.264786 0.842415
vt 0.264786 0.856649
vt 0.131921 0.856649
vt 0.264786 0.860511
vt 0.131921 0.871899
vt 0.131921 0.860511
vt 0.637921 0.002344
vt 0.740727 0.005191
vt 0.637921 0.005191
vt 0.755757 0.020245
vt 0.742742 0.003180
vt 0.757772 0.018234
vt 0.740727 0.057258
vt 0.637921 0.060105
vt 0.637921 0.057258
vt 0.708200 0.133672
vt 0.693964 0.076931
vt 0.708200 0.076931
vt 0.879218 0.379536
vt 0.893451 0.424615
vt 0.879218 0.424615
vt 0.862973 0.711627
vt 0.877206 0.666548
vt 0.877207 0.711627
vt 0.879218 0.497084
vt 0.893451 0.497084
vt 0.893451 0.379536
vt 0.879218 0.322795
vt 0.893451 0.322795
vt 0.862973 0.768368
vt 0.877207 0.768368
vt 0.862973 0.594079
vt 0.877207 0.594079
vt 0.150197 0.765505
vt 0.206938 0.779739
vt 0.150197 0.779739
vt 0.279407 0.765506
vt 0.279407 0.779739
vt 0.893451 0.502704
vt 0.879218 0.575173
vt 0.879217 0.502704
vt 0.893451 0.631914
vt 0.893451 0.575173
vt 0.708200 0.266795
vt 0.693964 0.210054
vt 0.708200 0.210054
vt 0.696442 0.024107
vt 0.710678 0.024107
vt 0.710678 0.038341
vt 0.755757 0.024107
vt 0.131921 0.838683
vt 0.264786 0.827295
vt 0.264786 0.838683
vt 0.622891 0.042073
vt 0.635898 0.059261
vt 0.620868 0.044076
vt 0.622891 0.020245
vt 0.635906 0.003180
vt 0.755757 0.042073
vt 0.742751 0.059261
vt 0.781750 0.178980
vt 0.264786 0.871899
vt 0.146951 0.886953
vt 0.146951 0.812110
vt 0.249757 0.812110
vt 0.606180 0.075033
vt 0.620413 0.056195
vt 0.620413 0.075033
vt 0.795984 0.056195
vt 0.781750 0.075033
vt 0.781750 0.056195
vt 0.606180 0.133672
vt 0.795984 0.075033
vt 0.781750 0.133672
vt 0.769993 0.038341
vt 0.758604 0.042073
vt 0.758604 0.020245
vt 0.769993 0.020245
vt 0.608656 0.024107
vt 0.620044 0.020245
vt 0.622891 0.038341
vt 0.620044 0.042073
vt 0.608656 0.042073
vt 0.536207 0.145459
vt 0.503028 0.092295
vt 0.536247 0.092317
vt 0.527174 0.027121
vt 0.513698 0.053077
vt 0.510845 0.053073
vt 0.464928 0.545383
vt 0.473167 0.572644
vt 0.464942 0.572658
vt 0.473153 0.545387
vt 0.481378 0.572623
vt 0.481363 0.545400
vt 0.489577 0.572607
vt 0.489563 0.545407
vt 0.497770 0.572594
vt 0.497756 0.545412
vt 0.505964 0.572584
vt 0.505950 0.545413
vt 0.514141 0.572551
vt 0.466030 0.575535
vt 0.473886 0.573809
vt 0.473937 0.575639
vt 0.481742 0.573921
vt 0.481766 0.575738
vt 0.489579 0.573950
vt 0.489583 0.575764
vt 0.497393 0.575707
vt 0.497411 0.573892
vt 0.505210 0.575584
vt 0.505253 0.573752
vt 0.513147 0.575443
vt 0.466008 0.542505
vt 0.473870 0.544221
vt 0.465915 0.544379
vt 0.473919 0.542391
vt 0.481726 0.544101
vt 0.481749 0.542284
vt 0.489564 0.544064
vt 0.497375 0.542298
vt 0.497395 0.544114
vt 0.505193 0.542414
vt 0.505237 0.544246
vt 0.513130 0.542546
vt 0.513208 0.544392
vt 0.462227 0.583329
vt 0.446728 0.575585
vt 0.488205 0.584659
vt 0.528540 0.447673
vt 0.525695 0.447672
vt 0.534418 0.446730
vt 0.022193 0.591356
vt 0.053107 0.598305
vt 0.053106 0.601152
vt 0.569274 0.002175
vt 0.567579 0.010068
vt 0.567428 0.002098
vt 0.569411 0.010112
vt 0.567714 0.017910
vt 0.569530 0.017929
vt 0.567768 0.025742
vt 0.569553 0.033556
vt 0.567735 0.033579
vt 0.569450 0.041386
vt 0.567619 0.041435
vt 0.569340 0.049296
vt 0.567466 0.049391
vt 0.569363 0.466025
vt 0.567642 0.473885
vt 0.567489 0.465930
vt 0.569473 0.473934
vt 0.567758 0.481741
vt 0.569576 0.481764
vt 0.567791 0.489578
vt 0.569553 0.497391
vt 0.567737 0.497410
vt 0.569434 0.505208
vt 0.567602 0.505252
vt 0.569297 0.513145
vt 0.567451 0.513222
vt 0.566382 0.001180
vt 0.539241 0.009357
vt 0.539269 0.001180
vt 0.566411 0.009357
vt 0.539235 0.017550
vt 0.566417 0.017550
vt 0.539226 0.025743
vt 0.566426 0.025743
vt 0.539214 0.033943
vt 0.566437 0.033943
vt 0.539197 0.042153
vt 0.566454 0.042153
vt 0.539188 0.050378
vt 0.566485 0.464941
vt 0.539220 0.473167
vt 0.539211 0.464942
vt 0.566477 0.473167
vt 0.539237 0.481377
vt 0.566460 0.481377
vt 0.539248 0.489577
vt 0.566449 0.489577
vt 0.539257 0.497770
vt 0.566440 0.497770
vt 0.539263 0.505964
vt 0.566434 0.505964
vt 0.539291 0.514141
vt 0.001163 0.545681
vt 0.009354 0.572819
vt 0.001177 0.572795
vt 0.009340 0.545649
vt 0.017547 0.572821
vt 0.017533 0.545638
vt 0.025741 0.572826
vt 0.025727 0.545625
vt 0.033941 0.572833
vt 0.033926 0.545609
vt 0.042151 0.572845
vt 0.042137 0.545588
vt 0.050376 0.572850
vt 0.002157 0.542789
vt 0.010051 0.544480
vt 0.002081 0.544635
vt 0.010094 0.542648
vt 0.017893 0.544340
vt 0.017911 0.542525
vt 0.025725 0.544283
vt 0.033538 0.542494
vt 0.033562 0.544311
vt 0.041368 0.542593
vt 0.041418 0.544423
vt 0.049277 0.542698
vt 0.049374 0.544572
vt 0.536336 0.466025
vt 0.538055 0.473885
vt 0.536224 0.473934
vt 0.537938 0.481741
vt 0.536121 0.481764
vt 0.537906 0.489578
vt 0.536091 0.489581
vt 0.536144 0.497391
vt 0.537959 0.497410
vt 0.536263 0.505208
vt 0.538095 0.505252
vt 0.536399 0.513145
vt 0.536377 0.002175
vt 0.538073 0.010068
vt 0.536241 0.010112
vt 0.537937 0.017910
vt 0.536121 0.017929
vt 0.537883 0.025742
vt 0.536068 0.025739
vt 0.536098 0.033556
vt 0.537916 0.033579
vt 0.536202 0.041385
vt 0.538032 0.041435
vt 0.536310 0.049292
vt 0.002174 0.575686
vt 0.010066 0.573987
vt 0.010111 0.575819
vt 0.017908 0.574118
vt 0.017928 0.575934
vt 0.025740 0.574168
vt 0.025739 0.575983
vt 0.033555 0.575949
vt 0.033578 0.574131
vt 0.041385 0.575841
vt 0.041434 0.574011
vt 0.049295 0.575726
vt 0.822180 0.300525
vt 0.824078 0.135458
vt 0.824078 0.300412
vt 0.843990 0.320533
vt 0.842092 0.485600
vt 0.842092 0.320646
vt 0.812916 0.320646
vt 0.811018 0.485713
vt 0.811018 0.320533
vt 0.853254 0.300412
vt 0.855152 0.135345
vt 0.855152 0.300525
vt 0.566462 0.050378
vt 0.825027 0.299356
vt 0.852305 0.136514
vt 0.852305 0.299356
vt 0.841143 0.321702
vt 0.813865 0.484544
vt 0.813865 0.321702
vt 0.050362 0.545575
vt 0.069540 0.607035
vt 0.067653 0.598308
vt 0.067653 0.586357
vt 0.620413 0.164746
vt 0.634649 0.133672
vt 0.648885 0.133672
vt 0.447700 0.598174
vt 0.446774 0.606911
vt 0.446729 0.577481
vt 0.746727 0.322455
vt 0.777801 0.470562
vt 0.777801 0.478008
vt 0.504942 0.069516
vt 0.513679 0.067636
vt 0.525643 0.067650
vt 0.092313 0.575729
vt 0.145456 0.608933
vt 0.092316 0.608936
vt 0.510908 0.462228
vt 0.503118 0.446744
vt 0.510899 0.447680
vt 0.536294 0.369868
vt 0.503103 0.423021
vt 0.503079 0.369882
vt 0.504877 0.169180
vt 0.534391 0.346141
vt 0.504969 0.346161
vt 0.169177 0.607031
vt 0.169181 0.577608
vt 0.346150 0.577618
vt 0.513744 0.447679
vt 0.525707 0.462215
vt 0.513754 0.462225
vt 0.919443 0.298603
vt 0.888368 0.150496
vt 0.888368 0.143050
vt 0.169180 0.575707
vt 0.049389 0.573854
vt 0.346148 0.575728
vt 0.536179 0.169176
vt 0.538207 0.465930
vt 0.169179 0.608931
vt 0.051199 0.640003
vt 0.264791 0.640036
vt 0.423046 0.608839
vt 0.472058 0.464153
vt 0.471942 0.264814
vt 0.471962 0.051147
vt 0.503000 0.145445
vt 0.502986 0.169176
vt 0.788371 0.473816
vt 0.778880 0.470562
vt 0.778880 0.335688
vt 0.887289 0.150496
vt 0.887289 0.285370
vt 0.877799 0.288623
vt 0.825027 0.136514
vt 0.853254 0.135458
vt 0.002096 0.573840
vt 0.841143 0.484544
vt 0.538184 0.049390
vt 0.812916 0.485600
vt 0.131921 0.842415
vt 0.740727 0.002344
vt 0.740727 0.060105
vt 0.693964 0.133672
vt 0.862973 0.666548
vt 0.206938 0.765505
vt 0.879218 0.631914
vt 0.693964 0.266795
vt 0.682206 0.024107
vt 0.667971 0.024107
vt 0.622891 0.024107
vt 0.667971 0.038341
vt 0.682206 0.038341
vt 0.696442 0.038341
vt 0.755757 0.038341
vt 0.131921 0.827295
vt 0.620876 0.018234
vt 0.757781 0.044076
vt 0.634649 0.281031
vt 0.620413 0.268694
vt 0.620413 0.210054
vt 0.620413 0.178980
vt 0.781750 0.210054
vt 0.781750 0.268694
vt 0.767515 0.281031
vt 0.767515 0.266795
vt 0.767515 0.210054
vt 0.722435 0.266795
vt 0.634649 0.266795
vt 0.679728 0.266795
vt 0.634649 0.210054
vt 0.753279 0.210054
vt 0.648885 0.210054
vt 0.249757 0.886953
vt 0.606180 0.056195
vt 0.620413 0.133672
vt 0.795984 0.133672
vt 0.769993 0.042073
vt 0.769993 0.024107
vt 0.608656 0.020245
vt 0.608656 0.038341
vt 0.503056 0.051159
vt 0.505035 0.017908
vt 0.513142 0.018989
vt 0.520693 0.022132
vt 0.532142 0.033618
vt 0.535259 0.041180
vt 0.536270 0.068595
vt 0.534375 0.068595
vt 0.528492 0.067649
vt 0.528518 0.053100
vt 0.504942 0.068567
vt 0.503043 0.068563
vt 0.510830 0.067633
vt 0.525665 0.053095
vt 0.514126 0.545437
vt 0.465930 0.573661
vt 0.513223 0.573597
vt 0.489565 0.542250
vt 0.493197 0.591136
vt 0.496344 0.598685
vt 0.497429 0.606791
vt 0.464181 0.608788
vt 0.446777 0.608811
vt 0.447705 0.601023
vt 0.462264 0.601001
vt 0.462259 0.598148
vt 0.462234 0.586181
vt 0.474142 0.576582
vt 0.481705 0.579694
vt 0.447678 0.583362
vt 0.535278 0.474123
vt 0.532160 0.481672
vt 0.527195 0.488156
vt 0.520720 0.493134
vt 0.513177 0.496267
vt 0.505081 0.497340
vt 0.503129 0.464135
vt 0.528554 0.462213
vt 0.536313 0.446730
vt 0.505017 0.445795
vt 0.534419 0.445782
vt 0.505016 0.446744
vt 0.068593 0.608934
vt 0.051201 0.608932
vt 0.017995 0.606997
vt 0.019065 0.598900
vt 0.027168 0.584878
vt 0.033650 0.579909
vt 0.041197 0.576787
vt 0.068590 0.575739
vt 0.068591 0.577633
vt 0.067652 0.583512
vt 0.053112 0.583505
vt 0.067653 0.601154
vt 0.068592 0.607036
vt 0.053111 0.586352
vt 0.569583 0.025739
vt 0.569606 0.489581
vt 0.566405 0.514141
vt 0.025721 0.542468
vt 0.538245 0.513222
vt 0.538223 0.002098
vt 0.822180 0.135345
vt 0.843990 0.485713
vt 0.069539 0.577632
vt 0.767515 0.062695
vt 0.781750 0.164746
vt 0.634649 0.062695
vt 0.767515 0.076931
vt 0.722435 0.076931
vt 0.767515 0.133672
vt 0.634649 0.076931
vt 0.753279 0.133672
vt 0.679728 0.076931
vt 0.447680 0.586211
vt 0.445824 0.606913
vt 0.445779 0.577481
vt 0.777802 0.483791
vt 0.746727 0.483791
vt 0.777801 0.322455
vt 0.777801 0.328242
vt 0.777801 0.335688
vt 0.534375 0.069545
vt 0.145453 0.575717
vt 0.536310 0.423007
vt 0.503068 0.346160
vt 0.503013 0.264792
vt 0.502999 0.250559
vt 0.504876 0.168232
vt 0.534289 0.168226
vt 0.534289 0.169175
vt 0.536292 0.346141
vt 0.534392 0.347091
vt 0.504969 0.347110
vt 0.264782 0.608951
vt 0.250548 0.608945
vt 0.168228 0.607031
vt 0.168232 0.577608
vt 0.346160 0.607031
vt 0.346166 0.608921
vt 0.347099 0.577617
vt 0.347109 0.607030
vt 0.888368 0.137266
vt 0.919443 0.137266
vt 0.888368 0.298603
vt 0.888368 0.292816
vt 0.888368 0.285370
vt 0.250542 0.640016
vt 0.464209 0.639882
vt 0.471914 0.250566
vt 0.778880 0.478008
vt 0.778880 0.474754
vt 0.788371 0.474754
vt 0.778880 0.328242
vt 0.788370 0.331496
vt 0.778880 0.331496
vt 0.778880 0.332435
vt 0.788370 0.332435
vt 0.778880 0.473816
vt 0.887289 0.143050
vt 0.887289 0.146303
vt 0.877799 0.146303
vt 0.877799 0.289562
vt 0.887289 0.289562
vt 0.887289 0.292816
vt 0.877799 0.147242
vt 0.887289 0.147242
vt 0.887289 0.288623
vt 0.406868 0.012884
vt 0.445386 0.070040
vt 0.406868 0.070040
vt 0.303739 0.012884
vt 0.334554 0.031936
vt 0.311443 0.031936
vt 0.342257 0.012884
vt 0.348470 0.012884
vt 0.348470 0.070040
vt 0.396916 0.075010
vt 0.402715 0.081223
vt 0.396916 0.081223
vt 0.402715 0.001701
vt 0.396916 0.007914
vt 0.396916 0.001701
vt 0.346411 0.075010
vt 0.352210 0.081223
vt 0.346411 0.081223
vt 0.352210 0.075010
vt 0.359238 0.081223
vt 0.359238 0.075010
vt 0.389887 0.081223
vt 0.389887 0.075010
vt 0.352210 0.001701
vt 0.346411 0.007914
vt 0.346411 0.001701
vt 0.359238 0.007914
vt 0.352210 0.007914
vt 0.389887 0.001701
vt 0.359238 0.001701
vt 0.057044 0.002177
vt 0.063257 0.007976
vt 0.057044 0.007976
vt 0.016530 0.002177
vt 0.022742 0.007976
vt 0.016530 0.007976
vt 0.016530 0.052682
vt 0.022742 0.058480
vt 0.016530 0.058480
vt 0.011560 0.010034
vt 0.016530 0.045653
vt 0.011560 0.050623
vt 0.057045 0.052682
vt 0.063257 0.058480
vt 0.057045 0.058480
vt 0.063257 0.045653
vt 0.063257 0.052682
vt 0.057045 0.015004
vt 0.057045 0.045653
vt 0.068227 0.050623
vt 0.063257 0.015004
vt 0.068227 0.010034
vt 0.016530 0.015004
vt 0.022742 0.045653
vt 0.022742 0.052682
vt 0.330826 0.050988
vt 0.315170 0.031936
vt 0.330826 0.031936
vt 0.398936 0.046310
vt 0.399413 0.041462
vt 0.400656 0.070040
vt 0.350190 0.036614
vt 0.349712 0.041462
vt 0.445386 0.012884
vt 0.311443 0.050988
vt 0.303739 0.070040
vt 0.315170 0.050989
vt 0.334554 0.050988
vt 0.397522 0.050972
vt 0.395225 0.055268
vt 0.451599 0.012884
vt 0.451599 0.070040
vt 0.400656 0.012884
vt 0.342257 0.070040
vt 0.297527 0.070040
vt 0.297527 0.012884
vt 0.402715 0.075010
vt 0.402715 0.007914
vt 0.389887 0.007914
vt 0.063257 0.002177
vt 0.022742 0.002177
vt 0.022742 0.015004
vt 0.394857 0.070040
vt 0.365053 0.064421
vt 0.369715 0.065835
vt 0.374563 0.066313
vt 0.379411 0.065835
vt 0.388369 0.020800
vt 0.394857 0.012884
vt 0.392135 0.023890
vt 0.384073 0.064421
vt 0.395225 0.027656
vt 0.397522 0.031952
vt 0.388369 0.062125
vt 0.392135 0.059034
vt 0.398936 0.036614
vt 0.354268 0.012884
vt 0.384073 0.018503
vt 0.379411 0.017089
vt 0.374563 0.016612
vt 0.369715 0.017089
vt 0.354268 0.070040
vt 0.360757 0.062125
vt 0.365053 0.018503
vt 0.356991 0.059034
vt 0.360757 0.020800
vt 0.356991 0.023890
vt 0.353900 0.055268
vt 0.351604 0.050972
vt 0.353900 0.027656
vt 0.351604 0.031952
vt 0.350190 0.046310
vt 0.047211 0.376125
vt 0.035791 0.379079
vt 0.054708 0.372973
vt 0.062362 0.375986
vt 0.061535 0.374160
vt 0.066880 0.378330
vt 0.055647 0.372080
vt 0.061352 0.374062
vt 0.048885 0.371582
vt 0.048885 0.372641
vt 0.042834 0.373125
vt 0.048678 0.371602
vt 0.042549 0.374388
vt 0.035570 0.377803
vt 0.030649 0.384904
vt 0.031343 0.385999
vt 0.028822 0.393348
vt 0.030359 0.398200
vt 0.030364 0.401849
vt 0.033641 0.405743
vt 0.035042 0.409113
vt 0.039560 0.411457
vt 0.042144 0.414033
vt 0.047215 0.414470
vt 0.048678 0.415841
vt 0.054915 0.415509
vt 0.048885 0.415861
vt 0.055440 0.414324
vt 0.062951 0.412337
vt 0.062983 0.411042
vt 0.069162 0.406332
vt 0.068696 0.405123
vt 0.072210 0.400276
vt 0.071709 0.397469
vt 0.073101 0.394094
vt 0.072270 0.400077
vt 0.071563 0.389243
vt 0.071558 0.385594
vt 0.068281 0.381700
vt 0.332193 0.310808
vt 0.329250 0.316391
vt 0.329214 0.314768
vt 0.345244 0.352329
vt 0.343275 0.352323
vt 0.341840 0.350911
vt 0.350928 0.353725
vt 0.358465 0.304620
vt 0.353547 0.302944
vt 0.360243 0.304679
vt 0.345500 0.303535
vt 0.347055 0.302665
vt 0.348784 0.303143
vt 0.342160 0.304027
vt 0.336416 0.307549
vt 0.337467 0.306068
vt 0.327122 0.321389
vt 0.325700 0.326209
vt 0.327350 0.318839
vt 0.326376 0.328309
vt 0.326787 0.333893
vt 0.329819 0.326817
vt 0.326433 0.324799
vt 0.366959 0.309571
vt 0.365410 0.309136
vt 0.364455 0.307410
vt 0.353886 0.303688
vt 0.327367 0.333170
vt 0.328996 0.338567
vt 0.331921 0.342690
vt 0.329669 0.340936
vt 0.342392 0.304681
vt 0.348913 0.352785
vt 0.332636 0.344883
vt 0.337010 0.347732
vt 0.337024 0.348686
vt 0.354273 0.352987
vt 0.358451 0.353247
vt 0.333025 0.310941
vt 0.361345 0.351638
vt 0.365532 0.350690
vt 0.391818 0.736786
vt 0.389053 0.750766
vt 0.385669 0.736786
vt 0.361456 0.305962
vt 0.358534 0.308144
vt 0.354627 0.306781
vt 0.330606 0.332944
vt 0.350146 0.306347
vt 0.339437 0.345436
vt 0.345058 0.348348
vt 0.333017 0.338544
vt 0.346153 0.306718
vt 0.341905 0.308156
vt 0.351225 0.349636
vt 0.339245 0.305758
vt 0.335648 0.342160
vt 0.337135 0.311184
vt 0.357495 0.349224
vt 0.366614 0.349257
vt 0.361998 0.347870
vt 0.364857 0.346391
vt 0.333248 0.315584
vt 0.330735 0.320951
vt 0.419345 0.750766
vt 0.422208 0.753748
vt 0.414360 0.753748
vt 0.429763 0.736786
vt 0.425430 0.750766
vt 0.424958 0.736786
vt 0.370556 0.736786
vt 0.366295 0.750766
vt 0.364512 0.736786
vt 0.383118 0.750766
vt 0.379689 0.736786
vt 0.420696 0.736786
vt 0.415956 0.736786
vt 0.361853 0.750766
vt 0.358532 0.736786
vt 0.377032 0.750766
vt 0.375362 0.736786
vt 0.371028 0.750766
vt 0.413342 0.750766
vt 0.410014 0.736786
vt 0.355918 0.750766
vt 0.352590 0.736786
vt 0.407255 0.750766
vt 0.403907 0.736786
vt 0.346922 0.750766
vt 0.348161 0.736786
vt 0.345139 0.736786
vt 0.401142 0.750766
vt 0.397822 0.736786
vt 0.440134 0.736786
vt 0.434568 0.750766
vt 0.434193 0.736786
vt 0.395098 0.750766
vt 0.429763 0.750766
vt 0.245797 0.088001
vt 0.262064 0.095183
vt 0.254987 0.112704
vt 0.358739 0.753748
vt 0.370828 0.753748
vt 0.352460 0.753748
vt 0.407095 0.753748
vt 0.346415 0.753748
vt 0.399969 0.753748
vt 0.438830 0.750766
vt 0.441645 0.753748
vt 0.437084 0.753748
vt 0.429839 0.753748
vt 0.392219 0.753748
vt 0.386174 0.753748
vt 0.364783 0.753748
vt 0.045714 0.376423
vt 0.038939 0.376401
vt 0.046483 0.373119
vt 0.042834 0.373125
vt 0.033226 0.382320
vt 0.030649 0.384904
vt 0.030691 0.387573
vt 0.028822 0.393349
vt 0.029881 0.394095
vt 0.040387 0.413283
vt 0.046276 0.415363
vt 0.040571 0.413381
vt 0.051334 0.414802
vt 0.053037 0.415861
vt 0.059089 0.414318
vt 0.053244 0.415841
vt 0.066352 0.409640
vt 0.068696 0.405123
vt 0.070523 0.404295
vt 0.072602 0.398407
vt 0.070621 0.404112
vt 0.071709 0.397468
vt 0.073101 0.391645
vt 0.073080 0.391439
vt 0.054471 0.411366
vt 0.057110 0.413992
vt 0.358465 0.304620
vt 0.360243 0.304679
vt 0.345500 0.303535
vt 0.348784 0.303143
vt 0.332193 0.310808
vt 0.328112 0.318083
vt 0.328248 0.316241
vt 0.329651 0.315021
vt 0.326618 0.321264
vt 0.325700 0.326209
vt 0.332964 0.344588
vt 0.331317 0.343572
vt 0.330839 0.341653
vt 0.337025 0.348686
vt 0.327321 0.321438
vt 0.329858 0.325137
vt 0.364047 0.307956
vt 0.364455 0.307410
vt 0.327010 0.331772
vt 0.341930 0.350713
vt 0.341599 0.351444
vt 0.328431 0.336523
vt 0.328551 0.338787
vt 0.345255 0.352290
vt 0.347525 0.353382
vt 0.354273 0.352987
vt 0.354696 0.353739
vt 0.337011 0.347732
vt 0.359843 0.352161
vt 0.360056 0.352945
vt 0.364744 0.350219
vt 0.361456 0.305962
vt 0.355889 0.307159
vt 0.329998 0.329949
vt 0.330926 0.334163
vt 0.351823 0.306360
vt 0.347312 0.306562
vt 0.333017 0.338544
vt 0.341904 0.308156
vt 0.351225 0.349636
vt 0.337089 0.311223
vt 0.360585 0.348364
vt 0.333192 0.315669
vt 0.364411 0.312162
vt 0.360930 0.309439
vt 0.419345 0.750766
vt 0.421973 0.753748
vt 0.416162 0.753748
vt 0.431170 0.736786
vt 0.425501 0.750766
vt 0.426741 0.736786
vt 0.388691 0.736786
vt 0.383119 0.750766
vt 0.384429 0.736786
vt 0.421935 0.736786
vt 0.370556 0.736786
vt 0.364943 0.750766
vt 0.379689 0.736786
vt 0.415956 0.736786
vt 0.358940 0.750766
vt 0.358532 0.736786
vt 0.377144 0.750766
vt 0.371099 0.750766
vt 0.413342 0.750766
vt 0.409952 0.736786
vt 0.354206 0.750766
vt 0.354206 0.736786
vt 0.349943 0.750766
vt 0.349568 0.736786
vt 0.407255 0.750766
vt 0.403802 0.736786
vt 0.345139 0.750766
vt 0.441852 0.736786
vt 0.440612 0.750766
vt 0.437113 0.736786
vt 0.395098 0.750766
vt 0.393496 0.736786
vt 0.389053 0.750766
vt 0.241842 0.090115
vt 0.254987 0.112704
vt 0.358739 0.753748
vt 0.378447 0.753748
vt 0.370594 0.753748
vt 0.352460 0.753748
vt 0.346415 0.753748
vt 0.399970 0.753748
vt 0.429487 0.753748
vt 0.392219 0.753748
vt 0.386174 0.753748
vt 0.057846 0.410342
vt 0.063457 0.406667
vt 0.052733 0.411712
vt 0.047684 0.411412
vt 0.029881 0.391645
vt 0.040967 0.408680
vt 0.067673 0.400387
vt 0.068951 0.393722
vt 0.036987 0.405189
vt 0.034340 0.400606
vt 0.068260 0.388474
vt 0.065788 0.383529
vt 0.032971 0.393959
vt 0.060956 0.378763
vt 0.034341 0.386837
vt 0.036987 0.382254
vt 0.054238 0.376031
vt 0.040769 0.378896
vt 0.363199 0.311109
vt 0.351183 0.750766
vt 0.441852 0.750766
vt 0.249919 0.113712
vt 0.243444 0.111892
vt 0.238776 0.107631
vt 0.236884 0.102822
vt 0.237456 0.096332
vt 0.240553 0.091104
vt 0.252502 0.087480
vt 0.258258 0.090317
vt 0.263162 0.100234
vt 0.262244 0.105320
vt 0.259283 0.109833
vt 0.378675 0.753748
vt 0.059483 0.409664
vt 0.063457 0.406667
vt 0.044812 0.413992
vt 0.047684 0.411412
vt 0.030691 0.399870
vt 0.068951 0.395493
vt 0.068605 0.390212
vt 0.065787 0.383529
vt 0.062429 0.379748
vt 0.034341 0.386837
vt 0.057846 0.377101
vt 0.050723 0.375731
vt 0.040769 0.378896
vt 0.366502 0.310081
vt 0.355810 0.349560
vt 0.250153 0.113712
vt 0.243726 0.112033
vt 0.238776 0.107631
vt 0.236884 0.102822
vt 0.237456 0.096332
vt 0.247334 0.087480
vt 0.252272 0.087434
vt 0.258007 0.090101
vt 0.263162 0.100234
vt 0.262244 0.105320
vt 0.259283 0.109833
vt 0.408899 0.753748
vt 0.060154 0.249568
vt 0.057113 0.252618
vt 0.062920 0.244236
vt 0.057162 0.255767
vt 0.054955 0.262584
vt 0.056205 0.263465
vt 0.056776 0.272616
vt 0.058268 0.272952
vt 0.060720 0.279578
vt 0.061760 0.278884
vt 0.066202 0.284505
vt 0.060876 0.279767
vt 0.067629 0.283955
vt 0.075556 0.288565
vt 0.076663 0.287511
vt 0.085751 0.288737
vt 0.086370 0.287339
vt 0.095235 0.284994
vt 0.095273 0.283466
vt 0.101294 0.279768
vt 0.100410 0.278884
vt 0.105057 0.273429
vt 0.101449 0.279578
vt 0.104239 0.272138
vt 0.107214 0.263464
vt 0.105964 0.262584
vt 0.105394 0.253432
vt 0.103902 0.253096
vt 0.099872 0.244859
vt 0.098366 0.245120
vt 0.093564 0.239937
vt 0.092870 0.240976
vt 0.086615 0.237483
vt 0.093348 0.239821
vt 0.085507 0.238537
vt 0.076420 0.237311
vt 0.075800 0.238709
vt 0.068822 0.239821
vt 0.066897 0.242582
vt 0.068606 0.239937
vt 0.010833 0.209694
vt 0.010729 0.207329
vt 0.012328 0.205560
vt 0.009264 0.216460
vt 0.017112 0.238416
vt 0.015190 0.237142
vt 0.014696 0.234837
vt 0.021720 0.243414
vt 0.039320 0.249287
vt 0.045863 0.249338
vt 0.036261 0.249597
vt 0.029207 0.247645
vt 0.032858 0.247934
vt 0.043425 0.248870
vt 0.010219 0.216063
vt 0.049083 0.247639
vt 0.053681 0.246691
vt 0.010844 0.224503
vt 0.010086 0.225279
vt 0.056213 0.244263
vt 0.060394 0.242065
vt 0.012881 0.230928
vt 0.012055 0.231302
vt 0.069086 0.222847
vt 0.068713 0.218978
vt 0.069665 0.220283
vt 0.067621 0.213475
vt 0.068924 0.215005
vt 0.063908 0.237499
vt 0.066292 0.232489
vt 0.065756 0.235605
vt 0.020382 0.241204
vt 0.066850 0.209199
vt 0.068588 0.228483
vt 0.025275 0.244726
vt 0.064531 0.206654
vt 0.062559 0.202651
vt 0.373962 0.058190
vt 0.353855 0.041669
vt 0.370444 0.022467
vt 0.014496 0.214080
vt 0.043477 0.244963
vt 0.051765 0.242652
vt 0.014732 0.223946
vt 0.057223 0.238959
vt 0.018607 0.232927
vt 0.068250 0.226655
vt 0.065097 0.219689
vt 0.061085 0.240295
vt 0.061453 0.234004
vt 0.026343 0.240752
vt 0.063205 0.211503
vt 0.034478 0.244463
vt 0.014611 0.201799
vt 0.017120 0.205561
vt 0.060154 0.249568
vt 0.056007 0.255289
vt 0.059604 0.248141
vt 0.054955 0.262584
vt 0.055936 0.255523
vt 0.056205 0.263465
vt 0.055936 0.270525
vt 0.057162 0.270281
vt 0.059115 0.277174
vt 0.056007 0.270759
vt 0.060643 0.277213
vt 0.091491 0.239052
vt 0.090199 0.239870
vt 0.083779 0.236919
vt 0.083535 0.238145
vt 0.076420 0.237311
vt 0.083535 0.236895
vt 0.075799 0.238709
vt 0.066935 0.241054
vt 0.066897 0.242582
vt 0.010833 0.209694
vt 0.010730 0.207329
vt 0.009384 0.213926
vt 0.012557 0.231074
vt 0.010982 0.229340
vt 0.011084 0.226984
vt 0.014114 0.235205
vt 0.020180 0.241429
vt 0.023186 0.244583
vt 0.018036 0.240517
vt 0.045863 0.249338
vt 0.036261 0.249597
vt 0.063202 0.239501
vt 0.061255 0.240458
vt 0.066414 0.234351
vt 0.029207 0.247645
vt 0.032858 0.247934
vt 0.010334 0.214048
vt 0.010238 0.220236
vt 0.009379 0.220902
vt 0.058696 0.243636
vt 0.014912 0.234701
vt 0.068588 0.228482
vt 0.025275 0.244726
vt 0.062559 0.202651
vt 0.367914 0.058070
vt 0.354575 0.035149
vt 0.014157 0.216100
vt 0.043477 0.244963
vt 0.014731 0.223945
vt 0.017326 0.230976
vt 0.021454 0.236759
vt 0.017160 0.238375
vt 0.027452 0.241578
vt 0.062235 0.209811
vt 0.034478 0.244463
vt 0.060844 0.201932
vt 0.058388 0.204399
vt 0.016414 0.207308
vt 0.098739 0.251228
vt 0.101965 0.266882
vt 0.101854 0.258607
vt 0.092641 0.245209
vt 0.084952 0.242145
vt 0.098739 0.274820
vt 0.076663 0.242256
vt 0.094620 0.279516
vt 0.089469 0.282533
vt 0.069289 0.245370
vt 0.081370 0.284256
vt 0.063275 0.251461
vt 0.072960 0.282640
vt 0.060261 0.258882
vt 0.066276 0.278242
vt 0.059853 0.265115
vt 0.061576 0.271408
vt 0.013763 0.201339
vt 0.378987 0.023765
vt 0.384792 0.027794
vt 0.388492 0.033443
vt 0.389870 0.040052
vt 0.387800 0.048442
vt 0.382088 0.055251
vt 0.363692 0.056411
vt 0.356705 0.050433
vt 0.356142 0.031520
vt 0.361967 0.025138
vt 0.064266 0.227865
vt 0.059299 0.205447
vt 0.098739 0.251228
vt 0.102317 0.265115
vt 0.101854 0.258607
vt 0.092641 0.245209
vt 0.100701 0.271149
vt 0.097577 0.276559
vt 0.078994 0.241792
vt 0.092881 0.280678
vt 0.072960 0.243408
vt 0.085502 0.283793
vt 0.067550 0.246532
vt 0.078994 0.284256
vt 0.063275 0.251461
vt 0.072960 0.282640
vt 0.066276 0.278242
vt 0.013763 0.201339
vt 0.387800 0.048442
vt 0.382088 0.055251
vt 0.375294 0.058133
vt 0.361701 0.055429
vt 0.356705 0.050433
vt 0.353939 0.043590
vt 0.360392 0.026499
vt 0.065594 0.463412
vt 0.070159 0.493835
vt 0.065594 0.493835
vt 0.070159 0.463412
vt 0.074725 0.493835
vt 0.015373 0.463412
vt 0.010808 0.493835
vt 0.010808 0.463412
vt 0.019939 0.493835
vt 0.015373 0.493835
vt 0.019939 0.463412
vt 0.024504 0.493835
vt 0.024504 0.463412
vt 0.029070 0.493835
vt 0.029070 0.463412
vt 0.033635 0.493835
vt 0.033635 0.463412
vt 0.038201 0.493835
vt 0.038201 0.463412
vt 0.042766 0.493835
vt 0.042766 0.463412
vt 0.047332 0.493835
vt 0.047332 0.463412
vt 0.051897 0.493835
vt 0.051897 0.463412
vt 0.056463 0.493835
vt 0.032866 0.302147
vt 0.037660 0.301003
vt 0.037432 0.302147
vt 0.056463 0.463412
vt 0.061028 0.493835
vt 0.061028 0.463412
vt 0.032570 0.288553
vt 0.042681 0.273422
vt 0.057811 0.283532
vt 0.926075 0.117346
vt 0.924929 0.122138
vt 0.924929 0.117118
vt 0.082620 0.302148
vt 0.077827 0.301003
vt 0.082847 0.301003
vt 0.926073 0.102282
vt 0.924929 0.107075
vt 0.924929 0.102055
vt 0.921444 0.127387
vt 0.922589 0.132180
vt 0.921444 0.131952
vt 0.926073 0.097261
vt 0.924929 0.097034
vt 0.921444 0.167098
vt 0.922589 0.162305
vt 0.922589 0.167325
vt 0.037887 0.302147
vt 0.042680 0.301003
vt 0.042453 0.302147
vt 0.926073 0.092241
vt 0.924929 0.092013
vt 0.002742 0.302147
vt 0.007535 0.301003
vt 0.007307 0.302147
vt 0.926073 0.087220
vt 0.924929 0.086992
vt 0.922589 0.122138
vt 0.921443 0.117346
vt 0.922589 0.117118
vt 0.926073 0.167098
vt 0.924929 0.162305
vt 0.926073 0.162532
vt 0.047701 0.301003
vt 0.052494 0.302149
vt 0.047928 0.302148
vt 0.926073 0.162077
vt 0.924929 0.157284
vt 0.926073 0.157511
vt 0.921444 0.162077
vt 0.922589 0.157284
vt 0.007763 0.302147
vt 0.012556 0.301003
vt 0.012328 0.302147
vt 0.922589 0.112096
vt 0.921443 0.116889
vt 0.921444 0.112324
vt 0.924929 0.112096
vt 0.921444 0.107303
vt 0.922589 0.107075
vt 0.082847 0.298663
vt 0.027618 0.301003
vt 0.032639 0.298663
vt 0.032639 0.301003
vt 0.012556 0.298663
vt 0.062764 0.301003
vt 0.067785 0.298663
vt 0.067785 0.301003
vt 0.042680 0.298663
vt 0.017577 0.298663
vt 0.017577 0.301003
vt 0.072806 0.301003
vt 0.077827 0.298663
vt 0.022597 0.301003
vt 0.027618 0.298663
vt 0.002514 0.301003
vt 0.007535 0.298663
vt 0.037660 0.298663
vt 0.072806 0.298663
vt 0.022597 0.298663
vt 0.922589 0.152263
vt 0.924929 0.147242
vt 0.924929 0.152263
vt 0.922589 0.086992
vt 0.922589 0.092013
vt 0.922589 0.137201
vt 0.924929 0.142221
vt 0.922589 0.142221
vt 0.922589 0.102055
vt 0.922589 0.127159
vt 0.924929 0.132180
vt 0.922589 0.097034
vt 0.922589 0.147242
vt 0.924929 0.167325
vt 0.924929 0.137201
vt 0.921444 0.087220
vt 0.921444 0.091785
vt 0.926073 0.107303
vt 0.926073 0.111868
vt 0.921444 0.136973
vt 0.926075 0.116889
vt 0.077599 0.302148
vt 0.926073 0.122366
vt 0.924929 0.127159
vt 0.027846 0.302147
vt 0.032411 0.302147
vt 0.921444 0.092241
vt 0.921444 0.096806
vt 0.926073 0.131952
vt 0.926073 0.127387
vt 0.921444 0.141994
vt 0.926073 0.136973
vt 0.926073 0.132408
vt 0.072578 0.302148
vt 0.926073 0.141994
vt 0.926073 0.137428
vt 0.022825 0.302147
vt 0.027390 0.302147
vt 0.921444 0.097261
vt 0.921444 0.101827
vt 0.926073 0.147015
vt 0.926073 0.142449
vt 0.921444 0.147015
vt 0.926073 0.152035
vt 0.926073 0.147470
vt 0.067557 0.302147
vt 0.926073 0.157056
vt 0.926073 0.152491
vt 0.017804 0.302147
vt 0.022370 0.302147
vt 0.921444 0.102282
vt 0.921444 0.106848
vt 0.921444 0.152035
vt 0.047474 0.302147
vt 0.042908 0.302147
vt 0.012783 0.302147
vt 0.017349 0.302147
vt 0.921444 0.157056
vt 0.057744 0.301003
vt 0.062537 0.302147
vt 0.057971 0.302148
vt 0.231501 0.055670
vt 0.229178 0.063650
vt 0.220949 0.058817
vt 0.224587 0.079331
vt 0.225705 0.066416
vt 0.228999 0.078157
vt 0.241849 0.048037
vt 0.228715 0.052719
vt 0.239644 0.044040
vt 0.236683 0.073311
vt 0.227668 0.048721
vt 0.236683 0.040564
vt 0.233086 0.037753
vt 0.241849 0.065838
vt 0.231155 0.059898
vt 0.228999 0.035719
vt 0.223907 0.046759
vt 0.224587 0.034544
vt 0.220538 0.046305
vt 0.220029 0.034277
vt 0.243669 0.056938
vt 0.220029 0.079598
vt 0.221404 0.067519
vt 0.052722 0.298663
vt 0.052722 0.301003
vt 0.047701 0.298663
vt 0.062764 0.298663
vt 0.052951 0.302149
vt 0.921444 0.122366
vt 0.006242 0.463412
vt 0.001677 0.493835
vt 0.001677 0.463412
vt 0.006242 0.493835
vt 0.074725 0.463412
vt 0.057811 0.288553
vt 0.055890 0.293191
vt 0.052341 0.296743
vt 0.038042 0.296741
vt 0.034492 0.293191
vt 0.032570 0.283532
vt 0.034492 0.278893
vt 0.038042 0.275343
vt 0.047701 0.273422
vt 0.052340 0.275343
vt 0.055890 0.278893
vt 0.926073 0.121911
vt 0.078054 0.302148
vt 0.926073 0.106848
vt 0.926073 0.101827
vt 0.921444 0.162532
vt 0.926073 0.096806
vt 0.926073 0.091785
vt 0.921444 0.121911
vt 0.243209 0.052395
vt 0.921444 0.157511
vt 0.921444 0.111868
vt 0.002514 0.298663
vt 0.921444 0.132408
vt 0.926073 0.112324
vt 0.073033 0.302148
vt 0.926073 0.126932
vt 0.921444 0.137428
vt 0.068013 0.302147
vt 0.921444 0.142449
vt 0.062992 0.302147
vt 0.921444 0.147470
vt 0.921444 0.152491
vt 0.221519 0.054732
vt 0.224809 0.052246
vt 0.223614 0.062204
vt 0.233086 0.076123
vt 0.239644 0.069836
vt 0.243209 0.061480
vt 0.057744 0.298663
vt 0.057516 0.302148
vt 0.921444 0.126932
vt 0.231542 0.057802
vt 0.231414 0.054806
vt 0.227668 0.065155
vt 0.220949 0.058817
vt 0.224746 0.066894
vt 0.228715 0.052719
vt 0.227668 0.048721
vt 0.230357 0.061874
vt 0.223907 0.046759
vt 0.221404 0.067519
vt 0.231013 0.054886
vt 0.221519 0.054732
vt 0.224810 0.052246
vt 0.222670 0.061696
vt 0.231542 0.057801
vt 0.231095 0.053784
vt 0.227668 0.065155
vt 0.220949 0.058817
vt 0.229741 0.050886
vt 0.227668 0.048721
vt 0.230357 0.061874
vt 0.223907 0.046759
vt 0.221405 0.067519
vt 0.224809 0.052246
vt 0.227772 0.052212
vt 0.221519 0.054732
vt 0.231095 0.053784
vt 0.220949 0.058817
vt 0.227668 0.048721
vt 0.230357 0.061874
vt 0.223907 0.046759
vt 0.221405 0.067519
vt 0.224809 0.052246
vt 0.221519 0.054732
vt 0.264728 0.016106
vt 0.251107 0.039347
vt 0.244473 0.026906
vt 0.271362 0.028547
vt 0.257741 0.051789
vt 0.277996 0.040989
vt 0.264375 0.064230
vt 0.284630 0.053430
vt 0.271009 0.076672
vt 0.291264 0.065872
vt 0.277642 0.089114
vt 0.297898 0.078313
vt 0.285064 0.103033
vt 0.345911 0.168360
vt 0.319022 0.166719
vt 0.339277 0.155919
vt 0.332643 0.143477
vt 0.312388 0.154277
vt 0.326009 0.131036
vt 0.305754 0.141836
vt 0.319375 0.118594
vt 0.299120 0.129394
vt 0.312742 0.106152
vt 0.292486 0.116953
vt 0.305320 0.092233
vt 0.404025 0.326139
vt 0.421726 0.310548
vt 0.427834 0.322003
vt 0.397766 0.314399
vt 0.415467 0.298809
vt 0.392152 0.303872
vt 0.411254 0.290909
vt 0.395250 0.260894
vt 0.377459 0.276315
vt 0.372520 0.267054
vt 0.401049 0.271770
vt 0.383688 0.287998
vt 0.407042 0.283008
vt 0.388347 0.296736
vt 0.279650 0.296110
vt 0.306565 0.158735
vt 0.349444 0.251708
vt 0.398203 0.232898
vt 0.425117 0.095523
vt 0.467997 0.188496
vt 0.358369 0.190588
vt 0.344156 0.222709
vt 0.336411 0.200227
vt 0.376470 0.225672
vt 0.361886 0.247109
vt 0.347996 0.221059
vt 0.385373 0.242369
vt 0.444348 0.401762
vt 0.454257 0.371559
vt 0.465464 0.392577
vt 0.425783 0.366945
vt 0.440367 0.345508
vt 0.416880 0.350248
vt 0.256787 0.001212
vt 0.236532 0.012012
vt 0.357905 0.190855
vt 0.325656 0.179160
vt 0.409003 0.335475
vt 0.341848 0.296206
vt 0.335177 0.303487
vt 0.328236 0.307564
vt 0.265317 0.283776
vt 0.249518 0.267071
vt 0.239817 0.253801
vt 0.227359 0.231573
vt 0.222405 0.218372
vt 0.221038 0.204339
vt 0.223349 0.190430
vt 0.229181 0.177593
vt 0.238136 0.166703
vt 0.251095 0.157707
vt 0.265785 0.151960
vt 0.279819 0.150592
vt 0.293728 0.152903
vt 0.317455 0.167691
vt 0.349831 0.274271
vt 0.347970 0.284550
vt 0.316677 0.310180
vt 0.303493 0.309097
vt 0.293730 0.305155
vt 0.383869 0.220564
vt 0.368071 0.203859
vt 0.340958 0.155159
vt 0.339590 0.141126
vt 0.341901 0.127217
vt 0.347733 0.114380
vt 0.356689 0.103490
vt 0.369648 0.094495
vt 0.384338 0.088747
vt 0.398371 0.087380
vt 0.412280 0.089691
vt 0.436007 0.104479
vt 0.444208 0.115948
vt 0.467843 0.215052
vt 0.463958 0.227313
vt 0.456108 0.237961
vt 0.449060 0.243430
vt 0.440592 0.246234
vt 0.427942 0.246871
vt 0.416114 0.243777
vt 0.454964 0.137014
vt 0.462709 0.159496
vt 0.365645 0.205371
vt 0.436608 0.387247
vt 0.421726 0.310548
vt 0.463958 0.227313
vt 0.416114 0.243777
vt 0.404025 0.326139
vt 0.397766 0.314399
vt 0.415467 0.298809
vt 0.392152 0.303872
vt 0.395250 0.260894
vt 0.377459 0.276315
vt 0.372520 0.267054
vt 0.401049 0.271770
vt 0.383688 0.287998
vt 0.407042 0.283008
vt 0.349444 0.251708
vt 0.467997 0.188496
vt 0.358369 0.190588
vt 0.344156 0.222709
vt 0.336411 0.200227
vt 0.376470 0.225672
vt 0.361886 0.247109
vt 0.347996 0.221059
vt 0.444348 0.401762
vt 0.454257 0.371559
vt 0.465464 0.392577
vt 0.425783 0.366945
vt 0.440367 0.345508
vt 0.357905 0.190855
vt 0.409003 0.335474
vt 0.341848 0.296206
vt 0.328237 0.307564
vt 0.265317 0.283777
vt 0.239817 0.253801
vt 0.349831 0.274271
vt 0.347970 0.284550
vt 0.316677 0.310180
vt 0.303493 0.309097
vt 0.293731 0.305155
vt 0.383869 0.220564
vt 0.467843 0.215052
vt 0.463958 0.227313
vt 0.440592 0.246234
vt 0.427942 0.246871
vt 0.416114 0.243777
vt 0.462708 0.159496
vt 0.059143 0.131420
vt 0.079253 0.108581
vt 0.079252 0.131421
vt 0.022500 0.131419
vt 0.017534 0.132909
vt 0.002391 0.131419
vt 0.017659 0.107089
vt 0.022500 0.108579
vt 0.002391 0.107089
vt 0.070316 0.074469
vt 0.073296 0.058159
vt 0.079253 0.107091
vt 0.079255 0.010269
vt 0.103982 0.013249
vt 0.079255 0.013248
vt 0.008351 0.058157
vt 0.009840 0.066312
vt 0.103979 0.132911
vt 0.079249 0.226753
vt 0.079252 0.132910
vt 0.103979 0.107092
vt 0.028460 0.061099
vt 0.053186 0.069255
vt 0.028460 0.069255
vt 0.028458 0.207835
vt 0.053185 0.209324
vt 0.028458 0.209324
vt 0.028458 0.198190
vt 0.053185 0.199679
vt 0.028458 0.199679
vt 0.028458 0.188545
vt 0.053185 0.190034
vt 0.028458 0.190034
vt 0.028458 0.178900
vt 0.053185 0.180390
vt 0.028458 0.180390
vt 0.028458 0.169255
vt 0.053185 0.170745
vt 0.028458 0.170745
vt 0.028458 0.159610
vt 0.053185 0.161100
vt 0.028458 0.161100
vt 0.028458 0.149965
vt 0.053185 0.151455
vt 0.028458 0.151455
vt 0.028458 0.140320
vt 0.053185 0.141810
vt 0.028458 0.141810
vt 0.028458 0.131917
vt 0.053185 0.140320
vt 0.103975 0.229733
vt 0.079249 0.229732
vt 0.028458 0.237924
vt 0.053185 0.237924
vt 0.053185 0.207835
vt 0.053185 0.198190
vt 0.053185 0.188545
vt 0.053185 0.178900
vt 0.053185 0.169255
vt 0.053185 0.159610
vt 0.053185 0.149965
vt 0.002391 0.132908
vt 0.011327 0.165530
vt 0.008348 0.181841
vt 0.071803 0.173687
vt 0.070314 0.165531
vt 0.053187 0.030676
vt 0.028461 0.032165
vt 0.028461 0.030675
vt 0.053187 0.041810
vt 0.028460 0.049965
vt 0.028460 0.041810
vt 0.053187 0.040321
vt 0.028460 0.040320
vt 0.053187 0.049965
vt 0.028460 0.051454
vt 0.053187 0.059610
vt 0.028460 0.059610
vt 0.028459 0.090034
vt 0.053186 0.098190
vt 0.028459 0.098190
vt 0.028460 0.070744
vt 0.028459 0.088545
vt 0.053186 0.080390
vt 0.053186 0.088545
vt 0.053186 0.078900
vt 0.028459 0.080389
vt 0.028459 0.078900
vt 0.053186 0.070745
vt 0.053187 0.051455
vt 0.028459 0.099679
vt 0.028459 0.108207
vt 0.053186 0.099680
vt 0.053185 0.108207
vt 0.053188 0.002076
vt 0.057654 0.131420
vt 0.053185 0.131668
vt 0.023990 0.108579
vt 0.002391 0.108579
vt 0.063860 0.132910
vt 0.059143 0.132910
vt 0.022500 0.107090
vt 0.012819 0.082623
vt 0.028458 0.208580
vt 0.012817 0.157375
vt 0.073292 0.181842
vt 0.028461 0.002075
vt 0.023989 0.131420
vt 0.058399 0.108580
vt 0.022500 0.132909
vt 0.063984 0.107091
vt 0.064357 0.098935
vt 0.065847 0.098936
vt 0.065847 0.090780
vt 0.067337 0.090780
vt 0.076276 0.013248
vt 0.074785 0.050003
vt 0.074786 0.041848
vt 0.076275 0.041848
vt 0.067337 0.082625
vt 0.068826 0.082625
vt 0.068827 0.074469
vt 0.070316 0.066314
vt 0.071806 0.066314
vt 0.071806 0.058159
vt 0.073296 0.050003
vt 0.103982 0.010270
vt 0.011329 0.074468
vt 0.012819 0.074468
vt 0.014308 0.082623
vt 0.014308 0.090779
vt 0.015798 0.090779
vt 0.015798 0.098934
vt 0.017287 0.098934
vt 0.002393 0.013247
vt 0.005373 0.013247
vt 0.005372 0.041846
vt 0.006861 0.041846
vt 0.006861 0.050002
vt 0.011330 0.066312
vt 0.008351 0.050002
vt 0.009840 0.058157
vt 0.103975 0.226754
vt 0.053187 0.061100
vt 0.017286 0.141064
vt 0.015797 0.141064
vt 0.015796 0.149220
vt 0.014307 0.149220
vt 0.005368 0.226752
vt 0.002388 0.226751
vt 0.006858 0.189996
vt 0.006858 0.198152
vt 0.005368 0.198152
vt 0.014307 0.157375
vt 0.012817 0.165530
vt 0.011327 0.173686
vt 0.009838 0.173686
vt 0.009837 0.181841
vt 0.008348 0.189996
vt 0.076270 0.226753
vt 0.076271 0.198153
vt 0.074781 0.198153
vt 0.074781 0.189998
vt 0.064356 0.141065
vt 0.067335 0.149221
vt 0.065845 0.149221
vt 0.065846 0.141065
vt 0.073292 0.189998
vt 0.071803 0.181842
vt 0.070313 0.173687
vt 0.068824 0.165531
vt 0.068824 0.157376
vt 0.067335 0.157376
vt 0.053187 0.032165
vt 0.053186 0.090035
vt 0.006113 0.198152
vt 0.277246 0.520125
vt 0.282459 0.517044
vt 0.278693 0.521971
vt 0.281012 0.515199
vt 0.285461 0.513116
vt 0.283658 0.511737
vt 0.288107 0.509655
vt 0.286660 0.507809
vt 0.291110 0.505727
vt 0.289306 0.504348
vt 0.293756 0.502265
vt 0.292309 0.500419
vt 0.296759 0.498337
vt 0.294955 0.496958
vt 0.299405 0.494876
vt 0.268594 0.531443
vt 0.272281 0.530359
vt 0.270398 0.532822
vt 0.270477 0.528980
vt 0.274927 0.526897
vt 0.273957 0.500716
vt 0.284211 0.506913
vt 0.273480 0.525052
vt 0.294213 0.511948
vt 0.297082 0.523580
vt 0.288992 0.526688
vt 0.246388 0.290300
vt 0.239171 0.291849
vt 0.242937 0.286922
vt 0.242622 0.295227
vt 0.236169 0.295777
vt 0.239977 0.298688
vt 0.233523 0.299239
vt 0.236974 0.302616
vt 0.230520 0.303167
vt 0.234328 0.306078
vt 0.227874 0.306628
vt 0.231325 0.310006
vt 0.224871 0.310556
vt 0.228679 0.313467
vt 0.222225 0.314018
vt 0.255040 0.278982
vt 0.249349 0.278535
vt 0.251232 0.276072
vt 0.253157 0.281446
vt 0.246703 0.281996
vt 0.249678 0.309709
vt 0.239424 0.303512
vt 0.250154 0.285374
vt 0.227417 0.296946
vt 0.224548 0.285313
vt 0.232638 0.282205
vt 0.766968 0.503987
vt 0.762866 0.505274
vt 0.761289 0.501466
vt 0.834971 0.496065
vt 0.766996 0.498765
vt 0.767122 0.496121
vt 0.834971 0.493459
vt 0.766968 0.493561
vt 0.834971 0.498672
vt 0.767122 0.501334
vt 0.834971 0.501278
vt 0.834971 0.503885
vt 0.767122 0.506547
vt 0.834971 0.506491
vt 0.766996 0.509191
vt 0.834971 0.509098
vt 0.767122 0.511648
vt 0.834971 0.490852
vt 0.767122 0.490908
vt 0.933293 0.039621
vt 0.933651 0.030079
vt 0.939193 0.033746
vt 0.935708 0.049042
vt 0.937008 0.041933
vt 0.938471 0.045685
vt 0.931578 0.052753
vt 0.938317 0.050701
vt 0.935685 0.053627
vt 0.926300 0.051031
vt 0.929281 0.041889
vt 0.934560 0.043609
vt 0.929330 0.038834
vt 0.922469 0.044314
vt 0.924973 0.041180
vt 0.925151 0.045599
vt 0.924043 0.052874
vt 0.922359 0.048769
vt 0.931805 0.055711
vt 0.927825 0.055101
vt 0.297958 0.493030
vt 0.269930 0.512399
vt 0.268594 0.507731
vt 0.270154 0.503736
vt 0.278244 0.500629
vt 0.282489 0.502986
vt 0.274805 0.515843
vt 0.297306 0.514918
vt 0.298642 0.519586
vt 0.284117 0.523244
vt 0.293280 0.526601
vt 0.225676 0.317395
vt 0.253704 0.298026
vt 0.255040 0.302694
vt 0.253480 0.306689
vt 0.245391 0.309796
vt 0.241145 0.307440
vt 0.248829 0.294582
vt 0.224324 0.293976
vt 0.222988 0.289307
vt 0.237513 0.285649
vt 0.228350 0.282293
vt 0.762866 0.499889
vt 0.761289 0.503697
vt 0.834971 0.511704
vt 0.922426 0.051474
vt 0.925295 0.054733
vt 0.937724 0.038443
vt 0.929994 0.035795
vt 0.929962 0.033328
vt 0.931375 0.031479
vt 0.936137 0.030439
vt 0.938309 0.031650
vt 0.939278 0.036470
vt 0.288107 0.509655
vt 0.299405 0.494876
vt 0.274927 0.526897
vt 0.242622 0.295227
vt 0.233523 0.299239
vt 0.236974 0.302616
vt 0.231325 0.310006
vt 0.222225 0.314018
vt 0.250154 0.285374
vt 0.224548 0.285313
vt 0.766968 0.503987
vt 0.767122 0.496121
vt 0.766968 0.493561
vt 0.933293 0.039621
vt 0.939193 0.033746
vt 0.937008 0.041933
vt 0.938471 0.045685
vt 0.931579 0.052752
vt 0.938318 0.050701
vt 0.926299 0.051031
vt 0.929330 0.038834
vt 0.922469 0.044314
vt 0.924973 0.041181
vt 0.925151 0.045599
vt 0.924043 0.052873
vt 0.922359 0.048769
vt 0.931805 0.055711
vt 0.927825 0.055101
vt 0.297958 0.493030
vt 0.278244 0.500629
vt 0.284117 0.523244
vt 0.225676 0.317395
vt 0.253704 0.298026
vt 0.245391 0.309796
vt 0.248829 0.294582
vt 0.937724 0.038443
vt 0.929994 0.035795
vt 0.931375 0.031479
vt 0.936137 0.030439
vt 0.276126 0.521590
vt 0.280576 0.519508
vt 0.277930 0.522969
vt 0.279129 0.517662
vt 0.284341 0.514581
vt 0.284778 0.510272
vt 0.287344 0.510653
vt 0.289990 0.507192
vt 0.288543 0.505346
vt 0.293756 0.502265
vt 0.292309 0.500419
vt 0.297522 0.497339
vt 0.297958 0.493030
vt 0.300525 0.493411
vt 0.274927 0.526897
vt 0.271161 0.531824
vt 0.283119 0.504073
vt 0.273480 0.525052
vt 0.292431 0.511474
vt 0.298319 0.520800
vt 0.288992 0.526688
vt 0.247508 0.288835
vt 0.241054 0.289386
vt 0.243700 0.285924
vt 0.244505 0.292764
vt 0.237289 0.294312
vt 0.238857 0.300153
vt 0.234286 0.298240
vt 0.231640 0.301702
vt 0.235091 0.305079
vt 0.227874 0.306628
vt 0.231325 0.310006
vt 0.224108 0.311554
vt 0.225676 0.317396
vt 0.221105 0.315483
vt 0.246703 0.281996
vt 0.250469 0.277070
vt 0.240515 0.306353
vt 0.250154 0.285374
vt 0.229199 0.297420
vt 0.223311 0.288093
vt 0.232638 0.282205
vt 0.766996 0.498765
vt 0.766968 0.493561
vt 0.767122 0.501334
vt 0.766996 0.509191
vt 0.767122 0.511648
vt 0.767122 0.490908
vt 0.933292 0.039621
vt 0.939193 0.033746
vt 0.935708 0.049042
vt 0.937008 0.041933
vt 0.938471 0.045685
vt 0.938317 0.050701
vt 0.935685 0.053627
vt 0.926300 0.051031
vt 0.929282 0.041889
vt 0.922469 0.044314
vt 0.924973 0.041181
vt 0.924043 0.052873
vt 0.922359 0.048769
vt 0.931806 0.055711
vt 0.927825 0.055101
vt 0.281775 0.514201
vt 0.269930 0.512399
vt 0.270154 0.503737
vt 0.273023 0.515369
vt 0.278244 0.500629
vt 0.284747 0.524331
vt 0.283025 0.520404
vt 0.288144 0.511561
vt 0.297306 0.514918
vt 0.294875 0.525675
vt 0.241859 0.296225
vt 0.253704 0.298026
vt 0.253480 0.306689
vt 0.250611 0.295056
vt 0.245391 0.309796
vt 0.236883 0.284562
vt 0.238604 0.288490
vt 0.233486 0.297332
vt 0.224324 0.293976
vt 0.226755 0.283218
vt 0.937724 0.038443
vt 0.929994 0.035795
vt 0.931375 0.031479
vt 0.936137 0.030439
vt 0.275363 0.522588
vt 0.284341 0.514581
vt 0.284778 0.510272
vt 0.293756 0.502265
vt 0.292309 0.500419
vt 0.271597 0.527515
vt 0.274927 0.526897
vt 0.271161 0.531824
vt 0.248271 0.287837
vt 0.241054 0.289386
vt 0.237289 0.294312
vt 0.238857 0.300153
vt 0.227874 0.306628
vt 0.231325 0.310006
vt 0.224108 0.311554
vt 0.252037 0.282911
vt 0.246703 0.281996
vt 0.250469 0.277070
vt 0.240515 0.306353
vt 0.232638 0.282205
vt 0.766996 0.498765
vt 0.939193 0.033746
vt 0.937008 0.041933
vt 0.938471 0.045685
vt 0.938318 0.050701
vt 0.935685 0.053627
vt 0.926299 0.051031
vt 0.929282 0.041889
vt 0.929330 0.038834
vt 0.922469 0.044314
vt 0.924973 0.041181
vt 0.925151 0.045599
vt 0.924043 0.052873
vt 0.922359 0.048769
vt 0.931806 0.055711
vt 0.927825 0.055101
vt 0.272025 0.514606
vt 0.268838 0.509559
vt 0.294875 0.525675
vt 0.251609 0.295819
vt 0.254796 0.300866
vt 0.226755 0.283218
vt 0.937724 0.038443
vt 0.929994 0.035795
vt 0.931375 0.031479
vt 0.936137 0.030439
vt 0.277246 0.520125
vt 0.279813 0.520506
vt 0.276810 0.524434
vt 0.282459 0.517045
vt 0.281012 0.515199
vt 0.288107 0.509655
vt 0.286660 0.507809
vt 0.291873 0.504728
vt 0.290426 0.502883
vt 0.295639 0.499802
vt 0.294192 0.497956
vt 0.298642 0.495874
vt 0.296838 0.494495
vt 0.269714 0.529978
vt 0.274164 0.527895
vt 0.271161 0.531824
vt 0.275202 0.500550
vt 0.284211 0.506913
vt 0.273480 0.525051
vt 0.295211 0.512711
vt 0.297845 0.522582
vt 0.286212 0.525451
vt 0.246388 0.290300
vt 0.241817 0.288388
vt 0.244820 0.284459
vt 0.239171 0.291849
vt 0.242622 0.295227
vt 0.233523 0.299238
vt 0.236974 0.302616
vt 0.229757 0.304165
vt 0.233208 0.307543
vt 0.225991 0.309091
vt 0.229442 0.312469
vt 0.222988 0.313020
vt 0.226796 0.315930
vt 0.253920 0.280448
vt 0.247466 0.280998
vt 0.250469 0.277070
vt 0.248433 0.309875
vt 0.239424 0.303512
vt 0.250154 0.285374
vt 0.226419 0.296183
vt 0.223785 0.286311
vt 0.235418 0.283442
vt 0.766968 0.503987
vt 0.767122 0.496121
vt 0.766968 0.493561
vt 0.767122 0.511648
vt 0.933293 0.039621
vt 0.939193 0.033747
vt 0.935708 0.049042
vt 0.937008 0.041933
vt 0.938471 0.045686
vt 0.931579 0.052752
vt 0.938318 0.050700
vt 0.935685 0.053627
vt 0.926300 0.051031
vt 0.929330 0.038834
vt 0.922469 0.044314
vt 0.924973 0.041181
vt 0.922359 0.048769
vt 0.927825 0.055101
vt 0.298721 0.492032
vt 0.268917 0.506517
vt 0.271274 0.502271
vt 0.274805 0.515843
vt 0.269930 0.512399
vt 0.281024 0.501866
vt 0.294875 0.525676
vt 0.290206 0.527011
vt 0.283192 0.521649
vt 0.298398 0.517758
vt 0.224913 0.318394
vt 0.254717 0.303908
vt 0.252360 0.308154
vt 0.248829 0.294582
vt 0.253704 0.298026
vt 0.242610 0.308559
vt 0.226755 0.283218
vt 0.231424 0.281882
vt 0.238438 0.287245
vt 0.223232 0.291135
vt 0.937724 0.038443
vt 0.929994 0.035795
vt 0.931375 0.031479
vt 0.936137 0.030439
vt 0.277246 0.520125
vt 0.282459 0.517045
vt 0.278693 0.521971
vt 0.281012 0.515199
vt 0.288107 0.509655
vt 0.286660 0.507809
vt 0.291873 0.504728
vt 0.290426 0.502883
vt 0.294192 0.497956
vt 0.299405 0.494876
vt 0.273044 0.529361
vt 0.284211 0.506913
vt 0.276047 0.525432
vt 0.295211 0.512711
vt 0.287210 0.526214
vt 0.246388 0.290300
vt 0.239171 0.291849
vt 0.242937 0.286923
vt 0.242622 0.295227
vt 0.233523 0.299239
vt 0.236974 0.302616
vt 0.229757 0.304165
vt 0.233208 0.307543
vt 0.229442 0.312469
vt 0.253920 0.280448
vt 0.248586 0.279533
vt 0.248433 0.309875
vt 0.239424 0.303512
vt 0.245583 0.283461
vt 0.226419 0.296183
vt 0.224548 0.285313
vt 0.234420 0.282679
vt 0.766968 0.503987
vt 0.767122 0.506547
vt 0.767122 0.490908
vt 0.933293 0.039621
vt 0.939193 0.033747
vt 0.937008 0.041933
vt 0.931579 0.052753
vt 0.938317 0.050700
vt 0.935686 0.053627
vt 0.926299 0.051031
vt 0.922469 0.044314
vt 0.924973 0.041181
vt 0.925151 0.045599
vt 0.924043 0.052873
vt 0.922359 0.048769
vt 0.931806 0.055711
vt 0.927825 0.055101
vt 0.268917 0.506517
vt 0.274805 0.515843
vt 0.269930 0.512399
vt 0.281024 0.501866
vt 0.284117 0.523244
vt 0.298398 0.517758
vt 0.292034 0.526767
vt 0.248829 0.294582
vt 0.242610 0.308559
vt 0.237513 0.285649
vt 0.229596 0.282126
vt 0.929994 0.035795
vt 0.931375 0.031479
vt 0.936137 0.030439
vt 0.277246 0.520125
vt 0.281696 0.518043
vt 0.278693 0.521971
vt 0.279892 0.516664
vt 0.284341 0.514581
vt 0.282895 0.512736
vt 0.285541 0.509274
vt 0.289990 0.507192
vt 0.288543 0.505346
vt 0.293756 0.502265
vt 0.292309 0.500420
vt 0.297522 0.497339
vt 0.296075 0.495493
vt 0.273044 0.529360
vt 0.272361 0.501641
vt 0.283119 0.504073
vt 0.279093 0.515756
vt 0.271597 0.527515
vt 0.274243 0.524053
vt 0.298319 0.520800
vt 0.246388 0.290300
vt 0.239934 0.290851
vt 0.242937 0.286923
vt 0.243742 0.293762
vt 0.237289 0.294312
vt 0.240740 0.297690
vt 0.238094 0.301151
vt 0.231640 0.301702
vt 0.235091 0.305079
vt 0.227874 0.306628
vt 0.231325 0.310006
vt 0.224108 0.311555
vt 0.227559 0.314932
vt 0.248586 0.279533
vt 0.251273 0.308784
vt 0.240515 0.306353
vt 0.244542 0.294670
vt 0.252037 0.282911
vt 0.249391 0.286372
vt 0.229199 0.297420
vt 0.223311 0.288093
vt 0.766968 0.493561
vt 0.933293 0.039621
vt 0.939194 0.033747
vt 0.937009 0.041933
vt 0.938471 0.045686
vt 0.938317 0.050700
vt 0.935686 0.053627
vt 0.926300 0.051031
vt 0.929282 0.041889
vt 0.929331 0.038834
vt 0.924973 0.041181
vt 0.922359 0.048769
vt 0.931806 0.055711
vt 0.927825 0.055101
vt 0.274805 0.515843
vt 0.270560 0.513486
vt 0.284455 0.508741
vt 0.269391 0.504735
vt 0.278244 0.500629
vt 0.284117 0.523244
vt 0.282781 0.518576
vt 0.295962 0.525045
vt 0.292034 0.526767
vt 0.297306 0.514918
vt 0.248829 0.294582
vt 0.253074 0.296939
vt 0.254796 0.300866
vt 0.239180 0.301684
vt 0.254243 0.305691
vt 0.245390 0.309796
vt 0.237513 0.285649
vt 0.238848 0.290318
vt 0.225668 0.283848
vt 0.229596 0.282126
vt 0.224324 0.293976
vt 0.937724 0.038443
vt 0.929994 0.035795
vt 0.931375 0.031479
vt 0.936137 0.030439
vt 0.275363 0.522588
vt 0.276810 0.524434
vt 0.278009 0.519127
vt 0.288107 0.509655
vt 0.286660 0.507809
vt 0.291873 0.504728
vt 0.271161 0.531824
vt 0.272360 0.526517
vt 0.248271 0.287837
vt 0.245625 0.291298
vt 0.239171 0.291849
vt 0.242622 0.295227
vt 0.236974 0.302616
vt 0.229757 0.304165
vt 0.229442 0.312469
vt 0.250469 0.277070
vt 0.239424 0.303512
vt 0.251274 0.283909
vt 0.226419 0.296183
vt 0.766968 0.503987
vt 0.939194 0.033747
vt 0.935708 0.049042
vt 0.937009 0.041933
vt 0.938471 0.045686
vt 0.935685 0.053627
vt 0.926300 0.051031
vt 0.922359 0.048769
vt 0.927825 0.055101
vt 0.276019 0.516166
vt 0.272025 0.514606
vt 0.269005 0.510804
vt 0.294875 0.525676
vt 0.247615 0.294259
vt 0.251609 0.295819
vt 0.254629 0.299621
vt 0.242610 0.308559
vt 0.226755 0.283218
vt 0.339973 0.726883
vt 0.306870 0.650459
vt 0.339947 0.644959
vt 0.300415 0.668877
vt 0.257997 0.667258
vt 0.299012 0.660438
vt 0.282166 0.460069
vt 0.321867 0.475093
vt 0.280813 0.468516
vt 0.346939 0.405923
vt 0.328489 0.476153
vt 0.335590 0.423349
vt 0.342629 0.644958
vt 0.342655 0.726882
vt 0.362840 0.490586
vt 0.365062 0.408648
vt 0.365522 0.490571
vt 0.423865 0.659301
vt 0.409410 0.730155
vt 0.422616 0.650422
vt 0.320771 0.774944
vt 0.306674 0.735139
vt 0.313951 0.733929
vt 0.442241 0.410403
vt 0.451775 0.465923
vt 0.446614 0.475490
vt 0.412057 0.730594
vt 0.429083 0.668837
vt 0.419878 0.724412
vt 0.335609 0.359550
vt 0.336316 0.401771
vt 0.329033 0.400604
vt 0.279752 0.475138
vt 0.320807 0.481714
vt 0.256897 0.660642
vt 0.305627 0.659338
vt 0.317481 0.730623
vt 0.307614 0.679464
vt 0.409746 0.490322
vt 0.411968 0.408384
vt 0.412428 0.490307
vt 0.386880 0.726869
vt 0.389536 0.644943
vt 0.389562 0.726868
vt 0.385531 0.645164
vt 0.386854 0.644944
vt 0.408421 0.490110
vt 0.366384 0.408421
vt 0.408623 0.408293
vt 0.366844 0.490344
vt 0.349957 0.403956
vt 0.356534 0.362902
vt 0.368718 0.364853
vt 0.343978 0.727102
vt 0.385556 0.727089
vt 0.343953 0.645177
vt 0.320567 0.732829
vt 0.339090 0.729749
vt 0.327387 0.773844
vt 0.445475 0.484632
vt 0.427377 0.405471
vt 0.329731 0.485282
vt 0.349533 0.406605
vt 0.362379 0.408663
vt 0.320127 0.730183
vt 0.299155 0.644943
vt 0.297912 0.653822
vt 0.322102 0.490586
vt 0.275750 0.483161
vt 0.330357 0.456016
vt 0.313041 0.712100
vt 0.409285 0.408399
vt 0.407961 0.408187
vt 0.361479 0.405802
vt 0.424790 0.406182
vt 0.329731 0.485282
vt 0.322102 0.490586
vt 0.259400 0.675697
vt 0.323221 0.466645
vt 0.332131 0.411022
vt 0.333298 0.403738
vt 0.324211 0.460465
vt 0.331141 0.417203
vt 0.313494 0.776154
vt 0.440992 0.403133
vt 0.453223 0.474355
vt 0.418673 0.731689
vt 0.430481 0.660397
vt 0.342893 0.360717
vt 0.310865 0.731723
vt 0.309655 0.724446
vt 0.308629 0.718272
vt 0.301442 0.675052
vt 0.362804 0.406014
vt 0.356958 0.360253
vt 0.369804 0.362311
vt 0.347673 0.773190
vt 0.327827 0.776490
vt 0.345910 0.770764
vt 0.347233 0.770544
vt 0.340413 0.729529
vt 0.252848 0.652643
vt 0.368056 0.364747
vt 0.369380 0.364959
vt 0.323211 0.080000
vt 0.323211 0.087243
vt 0.322114 0.093827
vt 0.340038 0.093827
vt 0.323211 0.094925
vt 0.323211 0.093827
vt 0.274762 0.136867
vt 0.263505 0.136692
vt 0.277733 0.131636
vt 0.323211 0.073415
vt 0.340038 0.072318
vt 0.340038 0.073416
vt 0.281261 0.012807
vt 0.285609 0.013796
vt 0.282746 0.015422
vt 0.289531 0.027370
vt 0.287749 0.017564
vt 0.292394 0.025745
vt 0.275961 0.003475
vt 0.283469 0.010029
vt 0.340038 0.087243
vt 0.279110 0.135878
vt 0.276248 0.134252
vt 0.284231 0.018038
vt 0.276972 0.139645
vt 0.412482 0.371498
vt 0.409190 0.374340
vt 0.409190 0.371222
vt 0.412482 0.374670
vt 0.409235 0.377657
vt 0.418936 0.271922
vt 0.422229 0.269080
vt 0.422229 0.272199
vt 0.418936 0.268750
vt 0.422229 0.265767
vt 0.418936 0.282655
vt 0.418937 0.255175
vt 0.422229 0.255175
vt 0.412482 0.377629
vt 0.412482 0.388245
vt 0.412482 0.360765
vt 0.409190 0.360765
vt 0.409060 0.277329
vt 0.278824 0.001849
vt 0.290983 0.010069
vt 0.269463 0.146200
vt 0.272326 0.147826
vt 0.283032 0.122303
vt 0.281249 0.132110
vt 0.284485 0.139605
vt 0.289153 0.147826
vt 0.278312 0.027616
vt 0.323211 0.076708
vt 0.340038 0.090535
vt 0.323211 0.090535
vt 0.925590 0.079611
vt 0.928299 0.079611
vt 0.932581 0.079611
vt 0.922372 0.398245
vt 0.926455 0.397844
vt 0.926480 0.401595
vt 0.924612 0.402397
vt 0.925704 0.402682
vt 0.923293 0.402605
vt 0.927573 0.400439
vt 0.927255 0.399714
vt 0.926890 0.397578
vt 0.925131 0.396805
vt 0.923546 0.397281
vt 0.921721 0.398435
vt 0.923480 0.396785
vt 0.921929 0.399754
vt 0.921643 0.400845
vt 0.922728 0.401623
vt 0.340038 0.094925
vt 0.323211 0.115336
vt 0.931211 0.058430
vt 0.930440 0.079611
vt 0.928502 0.058430
vt 0.925859 0.058430
vt 0.923150 0.058430
vt 0.922947 0.079611
vt 0.921443 0.058430
vt 0.921443 0.079611
vt 0.935996 0.058430
vt 0.937365 0.079611
vt 0.934722 0.079611
vt 0.933854 0.058430
vt 0.924339 0.388227
vt 0.923844 0.387251
vt 0.926739 0.387263
vt 0.927323 0.393816
vt 0.928725 0.392437
vt 0.926523 0.394383
vt 0.921980 0.391636
vt 0.923813 0.394239
vt 0.921644 0.391998
vt 0.921826 0.389065
vt 0.928572 0.389866
vt 0.928907 0.389505
vt 0.340039 0.080000
vt 0.340039 0.076708
vt 0.341136 0.093827
vt 0.925174 0.393442
vt 0.322114 0.073415
vt 0.274762 0.136867
vt 0.284231 0.018038
vt 0.409190 0.374341
vt 0.412482 0.371498
vt 0.409190 0.371222
vt 0.409235 0.377657
vt 0.418936 0.268750
vt 0.422229 0.282656
vt 0.432105 0.277329
vt 0.418936 0.265791
vt 0.412482 0.377629
vt 0.422359 0.382919
vt 0.409190 0.388245
vt 0.399313 0.366091
vt 0.295651 0.001849
vt 0.285895 0.123929
vt 0.926159 0.079611
vt 0.927400 0.083874
vt 0.931445 0.084133
vt 0.923548 0.397291
vt 0.921967 0.400261
vt 0.924616 0.402384
vt 0.926461 0.402025
vt 0.924491 0.402883
vt 0.927741 0.399835
vt 0.927066 0.400728
vt 0.927219 0.399216
vt 0.925131 0.396851
vt 0.926461 0.397837
vt 0.921951 0.401263
vt 0.922113 0.398754
vt 0.922733 0.401641
vt 0.933652 0.079611
vt 0.931211 0.058430
vt 0.930917 0.079611
vt 0.926361 0.058430
vt 0.923718 0.058430
vt 0.923424 0.079611
vt 0.937934 0.079611
vt 0.935793 0.079611
vt 0.926739 0.387263
vt 0.922320 0.389047
vt 0.928725 0.392437
vt 0.926161 0.394047
vt 0.926523 0.394383
vt 0.923589 0.394201
vt 0.921775 0.392183
vt 0.924029 0.387120
vt 0.271813 0.122059
vt 0.323211 0.072318
vt 0.432105 0.260502
vt 0.422359 0.366091
vt 0.409060 0.260502
vt 0.399310 0.382918
vt 0.270003 0.012983
vt 0.931996 0.083238
vt 0.930110 0.084837
vt 0.927640 0.084276
vt 0.340039 0.115336
vt 0.938136 0.058430
vt 0.922994 0.389227
vt 0.922585 0.390650
vt 0.926837 0.388653
vt 0.341136 0.073416
vt 0.927966 0.390853
vt 0.923301 0.392583
vt 0.927107 0.392726
vt 0.929572 0.084992
vt 0.938137 0.058430
vt 0.926399 0.388304
vt 0.927800 0.389815
vt 0.927723 0.391875
vt 0.925629 0.393327
vt 0.274762 0.136867
vt 0.277733 0.131636
vt 0.281261 0.012807
vt 0.285609 0.013796
vt 0.282746 0.015422
vt 0.287749 0.017564
vt 0.284231 0.018038
vt 0.412482 0.371498
vt 0.409190 0.371222
vt 0.412482 0.374670
vt 0.409235 0.377657
vt 0.418936 0.271922
vt 0.422229 0.272199
vt 0.422229 0.265767
vt 0.412482 0.377629
vt 0.281249 0.132110
vt 0.927024 0.083425
vt 0.928299 0.079611
vt 0.932581 0.079611
vt 0.925582 0.397267
vt 0.927057 0.400723
vt 0.924612 0.402397
vt 0.925704 0.402682
vt 0.923293 0.402605
vt 0.926106 0.402015
vt 0.927463 0.401033
vt 0.927540 0.398622
vt 0.927044 0.398687
vt 0.925891 0.396863
vt 0.923546 0.397281
vt 0.921721 0.398435
vt 0.921929 0.399754
vt 0.922728 0.401623
vt 0.931714 0.058430
vt 0.929095 0.058430
vt 0.925884 0.058430
vt 0.924017 0.079611
vt 0.923150 0.058430
vt 0.921877 0.079611
vt 0.938570 0.079611
vt 0.936863 0.079611
vt 0.934722 0.079611
vt 0.933854 0.058430
vt 0.925377 0.388061
vt 0.923844 0.387251
vt 0.926980 0.387795
vt 0.928232 0.392456
vt 0.928725 0.392437
vt 0.926523 0.394383
vt 0.923813 0.394239
vt 0.921644 0.391998
vt 0.921826 0.389065
vt 0.926962 0.387302
vt 0.928907 0.389505
vt 0.281261 0.012807
vt 0.412482 0.371498
vt 0.409190 0.371222
vt 0.412482 0.374670
vt 0.418936 0.265791
vt 0.928535 0.084826
vt 0.924076 0.397112
vt 0.921937 0.399766
vt 0.925640 0.402175
vt 0.927037 0.398690
vt 0.925586 0.397260
vt 0.922691 0.397870
vt 0.923597 0.402530
vt 0.929572 0.058430
vt 0.927432 0.058430
vt 0.925291 0.058430
vt 0.922648 0.058430
vt 0.921876 0.079611
vt 0.937066 0.058430
vt 0.934448 0.058430
vt 0.922320 0.389047
vt 0.925377 0.388061
vt 0.928764 0.392214
vt 0.926161 0.394047
vt 0.926523 0.394383
vt 0.921775 0.392183
vt 0.924029 0.387120
vt 0.930594 0.084749
vt 0.928535 0.084826
vt 0.923444 0.388777
vt 0.922585 0.390650
vt 0.927250 0.388920
vt 0.923301 0.392583
vt 0.938570 0.058430
vt 0.274762 0.136867
vt 0.281261 0.012807
vt 0.285609 0.013796
vt 0.282746 0.015422
vt 0.287749 0.017564
vt 0.283469 0.010029
vt 0.284231 0.018038
vt 0.412482 0.371498
vt 0.409190 0.374340
vt 0.409190 0.371222
vt 0.409235 0.377657
vt 0.422229 0.269080
vt 0.418936 0.268750
vt 0.422229 0.265767
vt 0.412482 0.377629
vt 0.927024 0.083425
vt 0.929370 0.079611
vt 0.933651 0.079611
vt 0.922704 0.397872
vt 0.926456 0.397844
vt 0.926480 0.401596
vt 0.924612 0.402397
vt 0.927076 0.401527
vt 0.924490 0.402883
vt 0.927255 0.399714
vt 0.927540 0.398622
vt 0.925891 0.396863
vt 0.924572 0.397071
vt 0.922982 0.397127
vt 0.921641 0.399444
vt 0.922139 0.400780
vt 0.922293 0.401889
vt 0.923100 0.401957
vt 0.932282 0.058430
vt 0.931511 0.079611
vt 0.929572 0.058430
vt 0.927432 0.058430
vt 0.926660 0.079611
vt 0.924789 0.058430
vt 0.924017 0.079611
vt 0.922079 0.058430
vt 0.921877 0.079611
vt 0.937066 0.058430
vt 0.936295 0.079611
vt 0.934925 0.058430
vt 0.925377 0.388061
vt 0.928725 0.392437
vt 0.926523 0.394383
vt 0.923589 0.394201
vt 0.921826 0.389065
vt 0.928572 0.389866
vt 0.928907 0.389505
vt 0.274762 0.136867
vt 0.281261 0.012807
vt 0.285609 0.013796
vt 0.283469 0.010029
vt 0.409190 0.374341
vt 0.409235 0.377657
vt 0.934129 0.079611
vt 0.924076 0.397112
vt 0.921937 0.399766
vt 0.924615 0.402384
vt 0.926249 0.402154
vt 0.923887 0.402715
vt 0.927066 0.400728
vt 0.927037 0.398689
vt 0.923480 0.396785
vt 0.925586 0.397260
vt 0.922691 0.397870
vt 0.921643 0.400845
vt 0.922733 0.401641
vt 0.933377 0.058430
vt 0.930917 0.079611
vt 0.928502 0.058430
vt 0.923150 0.058430
vt 0.926980 0.387795
vt 0.922319 0.389047
vt 0.928764 0.392214
vt 0.923589 0.394201
vt 0.921775 0.392183
vt 0.921826 0.389065
vt 0.924029 0.387120
vt 0.931032 0.084400
vt 0.928535 0.084826
vt 0.923444 0.388777
vt 0.922688 0.391132
vt 0.927521 0.389410
vt 0.927723 0.391876
vt 0.924152 0.393199
vt 0.926212 0.393276
vt 0.927024 0.083425
vt 0.930643 0.058430
vt 0.923444 0.388777
vt 0.927966 0.390216
vt 0.927374 0.392312
vt 0.925174 0.393442
vt 0.274762 0.136867
vt 0.277733 0.131636
vt 0.281261 0.012807
vt 0.282746 0.015422
vt 0.287749 0.017564
vt 0.283469 0.010029
vt 0.284231 0.018038
vt 0.409190 0.371222
vt 0.412482 0.374670
vt 0.409235 0.377657
vt 0.412482 0.377629
vt 0.281249 0.132110
vt 0.927373 0.083863
vt 0.928801 0.079611
vt 0.933652 0.079611
vt 0.922372 0.398245
vt 0.925582 0.397267
vt 0.927057 0.400723
vt 0.925638 0.402186
vt 0.926747 0.402032
vt 0.924491 0.402883
vt 0.927741 0.399835
vt 0.927044 0.398687
vt 0.926384 0.397249
vt 0.923546 0.397281
vt 0.921611 0.399029
vt 0.922728 0.401623
vt 0.931713 0.058430
vt 0.926361 0.058430
vt 0.924220 0.058430
vt 0.923449 0.079611
vt 0.937066 0.058430
vt 0.937934 0.079611
vt 0.935792 0.079611
vt 0.934423 0.058430
vt 0.926523 0.394383
vt 0.921661 0.390032
vt 0.921775 0.392183
vt 0.921826 0.389065
vt 0.924390 0.387456
vt 0.924028 0.387120
vt 0.926962 0.387302
vt 0.928571 0.389866
vt 0.928907 0.389505
vt 0.409190 0.374341
vt 0.409190 0.371221
vt 0.929091 0.084889
vt 0.931445 0.084133
vt 0.921937 0.399766
vt 0.924615 0.402384
vt 0.927521 0.400273
vt 0.926489 0.401603
vt 0.925891 0.396863
vt 0.927037 0.398689
vt 0.927540 0.398622
vt 0.925586 0.397260
vt 0.922691 0.397870
vt 0.922733 0.401641
vt 0.931713 0.058430
vt 0.924018 0.079611
vt 0.921877 0.079611
vt 0.938166 0.079611
vt 0.924029 0.387120
vt 0.926962 0.387302
vt 0.928572 0.389866
vt 0.928907 0.389505
vt 0.929572 0.084992
vt 0.924049 0.402418
vt 0.923934 0.388506
vt 0.927800 0.389815
vt 0.926399 0.388304
vt 0.923715 0.392850
vt 0.927723 0.391875
vt 0.926212 0.393276
vt 0.927024 0.083425
vt 0.926800 0.388470
vt 0.923444 0.388777
vt 0.925377 0.388061
vt 0.926212 0.393276
vt 0.281261 0.012807
vt 0.282746 0.015422
vt 0.283469 0.010029
vt 0.276248 0.134252
vt 0.284231 0.018038
vt 0.276971 0.139645
vt 0.418936 0.271922
vt 0.281249 0.132110
vt 0.926935 0.082941
vt 0.929370 0.079611
vt 0.933652 0.079611
vt 0.927057 0.400723
vt 0.925638 0.402186
vt 0.927076 0.401526
vt 0.927540 0.398622
vt 0.927044 0.398687
vt 0.925297 0.396752
vt 0.922437 0.397435
vt 0.921443 0.399633
vt 0.932282 0.058430
vt 0.926929 0.058430
vt 0.927229 0.079611
vt 0.924520 0.079611
vt 0.922079 0.058430
vt 0.937066 0.058430
vt 0.936295 0.079611
vt 0.934925 0.058430
vt 0.922319 0.389047
vt 0.926739 0.387263
vt 0.928725 0.392437
vt 0.926523 0.394383
vt 0.921775 0.392183
vt 0.921826 0.389065
vt 0.924028 0.387120
vt 0.409235 0.377657
vt 0.928535 0.084826
vt 0.931032 0.084400
vt 0.925640 0.402175
vt 0.927076 0.401526
vt 0.927066 0.400728
vt 0.927037 0.398689
vt 0.925586 0.397260
vt 0.922691 0.397870
vt 0.922733 0.401641
vt 0.932282 0.058430
vt 0.922648 0.058430
vt 0.924028 0.387120
vt 0.931031 0.084400
vt 0.928535 0.084826
vt 0.924049 0.402418
vt 0.924220 0.058430
vt 0.927521 0.389410
vt 0.923177 0.389190
vt 0.922751 0.391688
vt 0.927723 0.391875
vt 0.924152 0.393199
vt 0.927024 0.083425
vt 0.924049 0.402418
vt 0.923444 0.388777
vt 0.927521 0.389410
vt 0.851683 0.538163
vt 0.742739 0.534787
vt 0.851683 0.534787
vt 0.742739 0.538163
vt 0.736709 0.534787
vt 0.742739 0.525381
vt 0.851683 0.528757
vt 0.742739 0.528757
vt 0.857713 0.538163
vt 0.857713 0.534787
vt 0.851683 0.544193
vt 0.742739 0.544193
vt 0.736709 0.538163
vt 0.851683 0.525381
vt 0.109644 0.112684
vt 0.217674 0.095709
vt 0.217674 0.112684
vt 0.217674 0.208711
vt 0.139652 0.217198
vt 0.109644 0.208711
vt 0.896700 0.035435
vt 0.894357 0.092505
vt 0.883969 0.099092
vt 0.109644 0.268124
vt 0.833043 0.099092
vt 0.799092 0.065141
vt 0.862750 0.001484
vt 0.139652 0.280702
vt 0.109644 0.287278
vt 0.109644 0.280702
vt 0.217674 0.287278
vt 0.187665 0.280702
vt 0.217674 0.280702
vt 0.187665 0.217198
vt 0.217674 0.268124
vt 0.187665 0.268124
vt 0.187665 0.338203
vt 0.217674 0.355179
vt 0.271689 0.304478
vt 0.283692 0.307165
vt 0.801436 0.008071
vt 0.811824 0.001484
vt 0.001614 0.349177
vt 0.049627 0.304478
vt 0.061630 0.307165
vt 0.217674 0.274700
vt 0.187665 0.274700
vt 0.139652 0.274700
vt 0.139652 0.268124
vt 0.109644 0.274700
vt 0.217674 0.022728
vt 0.109644 0.031216
vt 0.109644 0.022728
vt 0.109644 0.095709
vt 0.217674 0.001122
vt 0.109644 0.487300
vt 0.217674 0.506831
vt 0.109644 0.506831
vt 0.084112 0.463208
vt 0.109644 0.478813
vt 0.103642 0.484814
vt 0.217674 0.478813
vt 0.243206 0.463208
vt 0.223675 0.484814
vt 0.774705 0.870343
vt 0.800907 0.872285
vt 0.799345 0.877192
vt 0.845566 0.878591
vt 0.819978 0.875729
vt 0.843081 0.864828
vt 0.030166 0.428655
vt 0.039295 0.435096
vt 0.013617 0.457207
vt 0.081092 0.428655
vt 0.087533 0.419526
vt 0.274570 0.438918
vt 0.313700 0.457207
vt 0.249207 0.457207
vt 0.236087 0.399048
vt 0.816098 0.913228
vt 0.810364 0.916194
vt 0.802116 0.912981
vt 0.765967 0.874427
vt 0.765700 0.863910
vt 0.768368 0.878591
vt 0.795682 0.913526
vt 0.789819 0.907753
vt 0.762997 0.863656
vt 0.759963 0.853778
vt 0.757967 0.855112
vt 0.751902 0.846515
vt 0.759664 0.853414
vt 0.781893 0.900801
vt 0.785187 0.907490
vt 0.777936 0.899200
vt 0.777971 0.894931
vt 0.749513 0.847807
vt 0.738213 0.840578
vt 0.772350 0.886038
vt 0.774458 0.884326
vt 0.736500 0.842685
vt 0.723294 0.840330
vt 0.772103 0.871119
vt 0.716416 0.844848
vt 0.712237 0.843981
vt 0.775753 0.860063
vt 0.777971 0.860981
vt 0.707286 0.850120
vt 0.711822 0.844202
vt 0.782243 0.851367
vt 0.784838 0.852167
vt 0.699982 0.858574
vt 0.696377 0.859648
vt 0.703093 0.850919
vt 0.791421 0.844202
vt 0.796601 0.844605
vt 0.692752 0.869874
vt 0.696155 0.860063
vt 0.801647 0.840578
vt 0.810364 0.842120
vt 0.694294 0.878591
vt 0.692505 0.884794
vt 0.816567 0.840330
vt 0.824029 0.845090
vt 0.697265 0.892256
vt 0.697986 0.898672
vt 0.830445 0.845811
vt 0.835518 0.853065
vt 0.705239 0.903746
vt 0.708360 0.909397
vt 0.844813 0.862738
vt 0.717003 0.911308
vt 0.722048 0.915335
vt 0.109644 0.355179
vt 0.051485 0.367590
vt 0.032404 0.375892
vt 0.025688 0.383186
vt 0.847966 0.877323
vt 0.730765 0.913793
vt 0.733660 0.916194
vt 0.744178 0.913526
vt 0.734129 0.916148
vt 0.325704 0.445203
vt 0.288023 0.435096
vt 0.297152 0.428655
vt 0.845299 0.892003
vt 0.842595 0.892256
vt 0.001614 0.445203
vt 0.020027 0.407336
vt 0.744431 0.910822
vt 0.754309 0.907789
vt 0.325704 0.349177
vt 0.301630 0.383186
vt 0.294423 0.375490
vt 0.839561 0.902135
vt 0.837565 0.900801
vt 0.752975 0.905793
vt 0.761572 0.899727
vt 0.754673 0.907490
vt 0.307291 0.407336
vt 0.831500 0.909397
vt 0.829112 0.908105
vt 0.760280 0.897339
vt 0.766808 0.889328
vt 0.275833 0.367590
vt 0.821101 0.914634
vt 0.765402 0.884326
vt 0.766945 0.888878
vt 0.246226 0.428655
vt 0.254236 0.434498
vt 0.091355 0.406074
vt 0.052748 0.438918
vt 0.078110 0.457207
vt 0.083563 0.324470
vt 0.088425 0.324778
vt 0.087814 0.327223
vt 0.105304 0.312446
vt 0.100819 0.308756
vt 0.103299 0.307795
vt 0.726290 0.887716
vt 0.730317 0.888443
vt 0.724151 0.869340
vt 0.734316 0.887573
vt 0.721309 0.872285
vt 0.818552 0.883628
vt 0.820051 0.879820
vt 0.804596 0.868898
vt 0.740017 0.874689
vt 0.805887 0.887716
vt 0.809915 0.888443
vt 0.738340 0.884361
vt 0.695671 0.867503
vt 0.719809 0.876093
vt 0.802446 0.885503
vt 0.737415 0.870410
vt 0.814862 0.887015
vt 0.814409 0.868655
vt 0.809544 0.867470
vt 0.740452 0.879820
vt 0.720245 0.881224
vt 0.722847 0.885503
vt 0.818345 0.871976
vt 0.727903 0.867708
vt 0.726601 0.842120
vt 0.101226 0.321141
vt 0.085064 0.322444
vt 0.083552 0.310027
vt 0.060861 0.393320
vt 0.052238 0.403456
vt 0.039888 0.392949
vt 0.045579 0.405197
vt 0.048146 0.403383
vt 0.050560 0.406114
vt 0.062652 0.389203
vt 0.057920 0.385851
vt 0.059421 0.383825
vt 0.099666 0.304265
vt 0.093374 0.325544
vt 0.092796 0.328140
vt 0.041327 0.402444
vt 0.044393 0.401750
vt 0.087471 0.303240
vt 0.086939 0.306338
vt 0.082520 0.307136
vt 0.039479 0.386078
vt 0.041316 0.388001
vt 0.037607 0.390784
vt 0.096795 0.305544
vt 0.093676 0.302313
vt 0.097749 0.327081
vt 0.038097 0.397066
vt 0.041073 0.397815
vt 0.063141 0.395485
vt 0.043009 0.382445
vt 0.098281 0.323983
vt 0.102700 0.323185
vt 0.079843 0.312810
vt 0.060464 0.401159
vt 0.059433 0.398268
vt 0.091845 0.304777
vt 0.047660 0.380441
vt 0.044703 0.384312
vt 0.082124 0.314975
vt 0.080332 0.319092
vt 0.102858 0.317388
vt 0.105377 0.317511
vt 0.055513 0.405055
vt 0.056045 0.401957
vt 0.053926 0.380742
vt 0.049609 0.382751
vt 0.102931 0.313297
vt 0.054558 0.383517
vt 0.139652 0.338204
vt 0.109644 0.338204
vt 0.896700 0.086360
vt 0.890113 0.096748
vt 0.139652 0.287278
vt 0.187665 0.287278
vt 0.265687 0.307165
vt 0.277690 0.304478
vt 0.799092 0.014216
vt 0.805680 0.003828
vt 0.097640 0.343176
vt 0.043626 0.307165
vt 0.055629 0.304478
vt 0.217674 0.031216
vt 0.109644 0.001122
vt 0.217674 0.487300
vt 0.084112 0.484814
vt 0.243206 0.484814
vt 0.024024 0.420085
vt 0.062654 0.438510
vt 0.073081 0.434498
vt 0.785551 0.907789
vt 0.775975 0.859648
vt 0.791836 0.843981
vt 0.839263 0.853414
vt 0.089739 0.392183
vt 0.065424 0.368714
vt 0.085570 0.383186
vt 0.077873 0.375088
vt 0.839561 0.853778
vt 0.041848 0.369923
vt 0.021151 0.393397
vt 0.302995 0.420644
vt 0.306167 0.393397
vt 0.285469 0.369923
vt 0.839263 0.902498
vt 0.261893 0.368714
vt 0.240383 0.385739
vt 0.249445 0.375088
vt 0.264663 0.438510
vt 0.236371 0.410217
vt 0.239785 0.419526
vt 0.820651 0.914770
vt 0.800112 0.882141
vt 0.732907 0.867921
vt 0.082851 0.319002
vt 0.060134 0.389293
vt 0.776863 0.863656
vt 0.799408 0.876093
vt 0.819978 0.875729
vt 0.843081 0.864828
vt 0.039295 0.435096
vt 0.274570 0.438918
vt 0.236087 0.399048
vt 0.765155 0.870342
vt 0.766945 0.867035
vt 0.768368 0.878591
vt 0.809095 0.913793
vt 0.795682 0.913526
vt 0.799276 0.912416
vt 0.762276 0.857240
vt 0.766808 0.866585
vt 0.789819 0.907753
vt 0.755022 0.852167
vt 0.776378 0.891084
vt 0.743259 0.844605
vt 0.738213 0.840578
vt 0.773893 0.877322
vt 0.729496 0.842120
vt 0.723293 0.840330
vt 0.774160 0.863910
vt 0.716417 0.844848
vt 0.784838 0.852167
vt 0.699982 0.858574
vt 0.703093 0.850919
vt 0.794511 0.842873
vt 0.796601 0.844605
vt 0.692752 0.869875
vt 0.805731 0.839765
vt 0.806200 0.842120
vt 0.694294 0.878591
vt 0.692505 0.884794
vt 0.816567 0.840330
vt 0.817342 0.842932
vt 0.697265 0.892256
vt 0.827623 0.843981
vt 0.826704 0.846198
vt 0.836319 0.850470
vt 0.835518 0.853065
vt 0.705239 0.903746
vt 0.708360 0.909398
vt 0.082929 0.379967
vt 0.075635 0.373251
vt 0.843483 0.859648
vt 0.717003 0.911308
vt 0.722049 0.915335
vt 0.055629 0.367182
vt 0.032404 0.375892
vt 0.023725 0.386858
vt 0.847108 0.869875
vt 0.744178 0.913526
vt 0.020027 0.407336
vt 0.744431 0.910822
vt 0.756720 0.905442
vt 0.294423 0.375490
vt 0.307291 0.407336
vt 0.831500 0.909397
vt 0.829112 0.908105
vt 0.755920 0.902848
vt 0.765215 0.893175
vt 0.275833 0.367590
vt 0.817811 0.915335
vt 0.820182 0.912416
vt 0.765402 0.884325
vt 0.091231 0.399048
vt 0.059773 0.438794
vt 0.105419 0.313700
vt 0.102369 0.311319
vt 0.103299 0.307795
vt 0.725451 0.887257
vt 0.730317 0.888443
vt 0.724997 0.868898
vt 0.721309 0.872285
vt 0.803749 0.869340
vt 0.740617 0.877770
vt 0.817276 0.885240
vt 0.819765 0.880732
vt 0.805888 0.887716
vt 0.809915 0.888443
vt 0.737677 0.885240
vt 0.807501 0.867708
vt 0.739748 0.873772
vt 0.761889 0.860981
vt 0.812505 0.867921
vt 0.801846 0.884759
vt 0.761889 0.894931
vt 0.739890 0.881798
vt 0.737415 0.870410
vt 0.813914 0.887573
vt 0.719882 0.880184
vt 0.733972 0.868197
vt 0.799481 0.880184
vt 0.721515 0.883937
vt 0.729945 0.867470
vt 0.817613 0.871155
vt 0.101226 0.321141
vt 0.085808 0.323044
vt 0.085326 0.307614
vt 0.060696 0.391271
vt 0.049098 0.403468
vt 0.044472 0.404596
vt 0.050560 0.406114
vt 0.062295 0.387996
vt 0.059196 0.387463
vt 0.059421 0.383825
vt 0.100156 0.307877
vt 0.099666 0.304265
vt 0.086709 0.326622
vt 0.090382 0.325409
vt 0.092796 0.328140
vt 0.039685 0.400500
vt 0.043572 0.401017
vt 0.063354 0.392948
vt 0.039479 0.386078
vt 0.040757 0.388950
vt 0.037607 0.390784
vt 0.096795 0.305544
vt 0.094960 0.302394
vt 0.094474 0.325482
vt 0.085244 0.304472
vt 0.081715 0.308104
vt 0.037680 0.395849
vt 0.040615 0.396976
vt 0.061836 0.399036
vt 0.060623 0.395363
vt 0.044123 0.381860
vt 0.043090 0.385588
vt 0.092796 0.304674
vt 0.089896 0.302467
vt 0.098281 0.323983
vt 0.101919 0.324207
vt 0.082993 0.310976
vt 0.079843 0.312810
vt 0.088769 0.305401
vt 0.104673 0.319956
vt 0.082124 0.314975
vt 0.079916 0.317875
vt 0.056625 0.404409
vt 0.058990 0.399115
vt 0.050188 0.380155
vt 0.047598 0.383099
vt 0.102943 0.316436
vt 0.082851 0.319002
vt 0.081921 0.322526
vt 0.055169 0.381072
vt 0.052602 0.382886
vt 0.055036 0.402428
vt 0.056355 0.384519
vt 0.048604 0.438510
vt 0.024024 0.420085
vt 0.073081 0.434498
vt 0.090947 0.410217
vt 0.806200 0.916194
vt 0.805731 0.916148
vt 0.771492 0.874427
vt 0.771538 0.873959
vt 0.806200 0.839719
vt 0.828038 0.844202
vt 0.088898 0.389412
vt 0.065424 0.368714
vt 0.843705 0.860063
vt 0.044619 0.369083
vt 0.020311 0.396167
vt 0.847966 0.881486
vt 0.302995 0.420644
vt 0.285469 0.436461
vt 0.293933 0.431296
vt 0.847920 0.881954
vt 0.306167 0.393397
vt 0.240382 0.385740
vt 0.249445 0.375088
vt 0.260678 0.437301
vt 0.239785 0.419526
vt 0.248464 0.430492
vt 0.282459 0.517045
vt 0.286224 0.512118
vt 0.286660 0.507809
vt 0.289990 0.507192
vt 0.290426 0.502883
vt 0.292993 0.503263
vt 0.295639 0.499802
vt 0.294192 0.497956
vt 0.299405 0.494876
vt 0.274927 0.526897
vt 0.275202 0.500550
vt 0.284211 0.506913
vt 0.292431 0.511474
vt 0.297082 0.523580
vt 0.288992 0.526688
vt 0.242937 0.286923
vt 0.242622 0.295227
vt 0.235406 0.296775
vt 0.236974 0.302616
vt 0.231640 0.301702
vt 0.233208 0.307543
vt 0.228637 0.305630
vt 0.225991 0.309091
vt 0.229442 0.312469
vt 0.222225 0.314018
vt 0.246703 0.281996
vt 0.248433 0.309875
vt 0.239424 0.303512
vt 0.229199 0.297420
vt 0.224548 0.285313
vt 0.232638 0.282205
vt 0.766996 0.498765
vt 0.939194 0.033747
vt 0.935708 0.049042
vt 0.937009 0.041933
vt 0.938471 0.045686
vt 0.938317 0.050701
vt 0.935686 0.053627
vt 0.934560 0.043609
vt 0.929331 0.038834
vt 0.922469 0.044314
vt 0.924973 0.041181
vt 0.922359 0.048769
vt 0.931805 0.055711
vt 0.278693 0.521971
vt 0.281012 0.515199
vt 0.286224 0.512118
vt 0.284778 0.510272
vt 0.297522 0.497339
vt 0.275202 0.500550
vt 0.284044 0.505668
vt 0.271597 0.527515
vt 0.292431 0.511474
vt 0.298319 0.520800
vt 0.239171 0.291849
vt 0.242937 0.286923
vt 0.242622 0.295227
vt 0.235406 0.296775
vt 0.238857 0.300153
vt 0.231640 0.301702
vt 0.233208 0.307543
vt 0.227874 0.306628
vt 0.224108 0.311554
vt 0.225676 0.317396
vt 0.248586 0.279533
vt 0.248433 0.309875
vt 0.239590 0.304757
vt 0.229199 0.297420
vt 0.223311 0.288093
vt 0.767122 0.496121
vt 0.767122 0.511648
vt 0.933293 0.039621
vt 0.939194 0.033747
vt 0.935708 0.049042
vt 0.937009 0.041933
vt 0.938471 0.045686
vt 0.938317 0.050701
vt 0.935686 0.053627
vt 0.926300 0.051031
vt 0.929331 0.038834
vt 0.922469 0.044314
vt 0.924973 0.041181
vt 0.924043 0.052873
vt 0.922359 0.048769
vt 0.931805 0.055711
vt 0.927825 0.055101
vt 0.275363 0.522588
vt 0.289990 0.507192
vt 0.293756 0.502265
vt 0.273044 0.529361
vt 0.292431 0.511474
vt 0.244820 0.284459
vt 0.239171 0.291849
vt 0.235406 0.296775
vt 0.231640 0.301702
vt 0.227874 0.306628
vt 0.248586 0.279533
vt 0.229199 0.297420
vt 0.224548 0.285313
vt 0.235418 0.283442
vt 0.933292 0.039621
vt 0.939194 0.033747
vt 0.935708 0.049042
vt 0.938471 0.045686
vt 0.938317 0.050701
vt 0.935686 0.053627
vt 0.929282 0.041889
vt 0.934560 0.043609
vt 0.929331 0.038834
vt 0.924973 0.041181
vt 0.922359 0.048769
vt 0.931805 0.055711
vt 0.927825 0.055101
vt 0.277246 0.520125
vt 0.282459 0.517045
vt 0.289990 0.507192
vt 0.292431 0.511474
vt 0.239171 0.291849
vt 0.235406 0.296775
vt 0.236974 0.302616
vt 0.231640 0.301702
vt 0.246703 0.281996
vt 0.239424 0.303512
vt 0.229199 0.297420
vt 0.232638 0.282205
vt 0.767122 0.506548
vt 0.935708 0.049042
vt 0.938471 0.045686
vt 0.935686 0.053627
vt 0.934560 0.043609
vt 0.922469 0.044314
vt 0.924973 0.041181
vt 0.924043 0.052873
vt 0.922359 0.048769
vt 0.297958 0.493030
vt 0.274805 0.515843
vt 0.270154 0.503736
vt 0.281024 0.501866
vt 0.296676 0.513831
vt 0.298398 0.517758
vt 0.225676 0.317395
vt 0.254796 0.300866
vt 0.253480 0.306689
vt 0.242610 0.308560
vt 0.224954 0.295063
vt 0.223232 0.291135
vt 0.237513 0.285649
vt 0.937724 0.038443
vt 0.929994 0.035795
vt 0.931375 0.031479
vt 0.936137 0.030439
vt 0.287423 0.506811
vt 0.270154 0.503737
vt 0.292034 0.526767
vt 0.236211 0.303614
vt 0.242610 0.308559
vt 0.229596 0.282126
vt 0.237513 0.285649
vt 0.224324 0.293976
vt 0.937724 0.038443
vt 0.929994 0.035795
vt 0.931375 0.031479
vt 0.936137 0.030439
vt 0.268838 0.509559
vt 0.297306 0.514918
vt 0.292034 0.526767
vt 0.225676 0.317395
vt 0.251609 0.295819
vt 0.254796 0.300866
vt 0.242610 0.308559
vt 0.224324 0.293976
vt 0.229596 0.282126
vt 0.937724 0.038443
vt 0.929994 0.035795
vt 0.931375 0.031479
vt 0.936137 0.030439
vt 0.297958 0.493030
vt 0.270154 0.503736
vt 0.254796 0.300866
vt 0.223232 0.291135
vt 0.937724 0.038443
vt 0.929994 0.035795
vt 0.931375 0.031479
vt 0.280576 0.519508
vt 0.276810 0.524434
vt 0.281012 0.515199
vt 0.283578 0.515579
vt 0.286224 0.512118
vt 0.290426 0.502883
vt 0.295639 0.499802
vt 0.294192 0.497956
vt 0.273044 0.529361
vt 0.275202 0.500550
vt 0.273480 0.525051
vt 0.286212 0.525451
vt 0.246388 0.290300
vt 0.241054 0.289386
vt 0.244820 0.284459
vt 0.242622 0.295227
vt 0.238052 0.293314
vt 0.225991 0.309091
vt 0.229442 0.312469
vt 0.248586 0.279533
vt 0.248433 0.309875
vt 0.250154 0.285374
vt 0.224548 0.285313
vt 0.235418 0.283442
vt 0.933293 0.039621
vt 0.939194 0.033747
vt 0.937009 0.041933
vt 0.938471 0.045686
vt 0.938317 0.050701
vt 0.926300 0.051031
vt 0.929281 0.041889
vt 0.922469 0.044314
vt 0.924973 0.041181
vt 0.286224 0.512118
vt 0.275202 0.500550
vt 0.239171 0.291849
vt 0.235406 0.296775
vt 0.225991 0.309091
vt 0.229442 0.312469
vt 0.250469 0.277070
vt 0.248433 0.309875
vt 0.239424 0.303512
vt 0.933292 0.039621
vt 0.939194 0.033747
vt 0.937009 0.041933
vt 0.938471 0.045686
vt 0.938317 0.050701
vt 0.935686 0.053627
vt 0.929331 0.038834
vt 0.922469 0.044314
vt 0.924973 0.041181
vt 0.924043 0.052873
vt 0.931806 0.055711
vt 0.927825 0.055101
vt 0.278693 0.521971
vt 0.282895 0.512736
vt 0.288543 0.505346
vt 0.293756 0.502265
vt 0.294192 0.497956
vt 0.297522 0.497339
vt 0.297958 0.493030
vt 0.271597 0.527515
vt 0.298319 0.520800
vt 0.237289 0.294312
vt 0.240740 0.297690
vt 0.231640 0.301702
vt 0.227874 0.306628
vt 0.224108 0.311554
vt 0.225676 0.317396
vt 0.248433 0.309875
vt 0.229199 0.297420
vt 0.223311 0.288093
vt 0.766996 0.509191
vt 0.933293 0.039621
vt 0.939194 0.033747
vt 0.935708 0.049042
vt 0.938471 0.045685
vt 0.938317 0.050701
vt 0.935685 0.053627
vt 0.929331 0.038834
vt 0.922469 0.044314
vt 0.924973 0.041181
vt 0.925151 0.045599
vt 0.924043 0.052873
vt 0.922359 0.048769
vt 0.931805 0.055711
vt 0.927825 0.055101
vt 0.281012 0.515199
vt 0.284778 0.510272
vt 0.291189 0.501885
vt 0.295639 0.499802
vt 0.294192 0.497956
vt 0.299405 0.494876
vt 0.269714 0.529978
vt 0.274927 0.526897
vt 0.275202 0.500550
vt 0.273480 0.525051
vt 0.297082 0.523580
vt 0.288992 0.526688
vt 0.246388 0.290300
vt 0.242622 0.295227
vt 0.238857 0.300153
vt 0.231640 0.301702
vt 0.232445 0.308541
vt 0.225991 0.309091
vt 0.229442 0.312469
vt 0.222225 0.314018
vt 0.253920 0.280448
vt 0.246703 0.281996
vt 0.248433 0.309875
vt 0.229199 0.297420
vt 0.224548 0.285313
vt 0.232638 0.282205
vt 0.767122 0.496121
vt 0.935708 0.049042
vt 0.937009 0.041933
vt 0.938471 0.045685
vt 0.938317 0.050701
vt 0.935685 0.053627
vt 0.934560 0.043609
vt 0.924973 0.041181
vt 0.924043 0.052873
vt 0.922359 0.048769
vt 0.931805 0.055711
vt 0.927825 0.055101
vt 0.269930 0.512399
vt 0.274805 0.515843
vt 0.281024 0.501866
vt 0.298398 0.517758
vt 0.283026 0.520404
vt 0.292035 0.526767
vt 0.253704 0.298026
vt 0.248829 0.294582
vt 0.242610 0.308559
vt 0.223232 0.291135
vt 0.238604 0.288490
vt 0.229595 0.282126
vt 0.937724 0.038443
vt 0.936137 0.030439
vt 0.242610 0.308559
vt 0.223232 0.291135
vt 0.937724 0.038443
vt 0.929994 0.035795
vt 0.936137 0.030439
vt 0.270154 0.503737
vt 0.280026 0.501103
vt 0.297306 0.514918
vt 0.253480 0.306689
vt 0.243608 0.309322
vt 0.237513 0.285649
vt 0.229596 0.282126
vt 0.224324 0.293976
vt 0.937724 0.038443
vt 0.929994 0.035795
vt 0.931375 0.031479
vt 0.936137 0.030439
vt 0.268917 0.506517
vt 0.298398 0.517758
vt 0.254717 0.303908
vt 0.253704 0.298026
vt 0.223232 0.291135
vt 0.937724 0.038443
vt 0.929994 0.035795
vt 0.358710 0.334659
vt 0.350122 0.318942
vt 0.362275 0.331095
vt 0.364439 0.340388
vt 0.368003 0.336823
vt 0.370376 0.316284
vt 0.370376 0.331095
vt 0.344678 0.320626
vt 0.346558 0.322506
vt 0.343899 0.342760
vt 0.350122 0.316284
vt 0.348242 0.317062
vt 0.358710 0.342760
vt 0.343899 0.322506
s 1
usemtl Bogie.002
f 10/1/1 13/2/1 11/3/1
f 71/4/1 70/5/1 66/6/1
f 97/7/2 107/8/2 98/9/2
f 101/10/2 95/11/2 93/12/2
f 113/13/3 102/14/3 105/15/3
f 96/16/4 103/17/4 94/18/4
f 82/19/4 79/20/4 80/21/4
f 82/22/1 88/23/1 87/24/1
f 81/25/1 92/26/1 83/27/1
f 80/28/5 88/23/5 78/29/5
f 84/30/6 80/31/6 78/32/6
f 79/33/7 83/27/7 77/34/7
f 92/26/8 79/35/8 77/36/8
f 67/37/7 76/38/7 68/39/7
f 76/38/9 86/40/9 85/41/9
f 90/42/10 74/43/10 89/44/10
f 72/45/6 74/43/6 73/46/6
f 78/47/2 83/48/2 84/49/2
f 77/50/11 95/11/11 89/51/11
f 90/52/11 69/53/11 96/16/11
f 99/54/4 108/55/4 100/56/4
f 116/57/12 103/58/12 106/59/12
f 115/60/13 101/61/13 93/12/13
f 114/62/14 104/63/14 96/16/14
f 60/64/2 84/49/2 83/48/2
f 105/65/1 101/66/1 107/8/1
f 108/55/1 103/67/1 104/68/1
f 62/69/15 71/70/15 61/71/15
f 66/72/16 63/73/16 65/74/16
f 61/71/7 109/75/7 62/69/7
f 64/76/6 111/77/6 63/73/6
f 71/78/7 108/79/7 114/62/7
f 69/53/7 105/80/7 97/81/7
f 66/82/6 107/83/6 115/60/6
f 67/84/6 106/85/6 99/86/6
f 34/87/1 37/88/1 35/89/1
f 200/90/1 40/91/1 41/92/1
f 154/93/17 149/94/18 147/95/17
f 156/96/18 150/97/19 149/94/18
f 157/98/19 151/99/20 150/97/19
f 158/100/20 152/101/21 151/99/20
f 159/102/21 153/103/22 152/101/21
f 160/104/22 148/105/23 153/103/22
f 119/106/24 139/107/25 121/108/26
f 121/108/26 138/109/27 122/110/28
f 122/110/28 137/111/29 123/112/29
f 137/111/29 124/113/30 123/112/29
f 136/114/31 125/115/32 124/113/30
f 135/116/33 120/117/34 125/115/32
f 127/118/35 142/119/36 140/120/37
f 132/121/38 143/122/39 142/119/36
f 131/123/40 144/124/41 143/122/39
f 144/124/41 129/125/42 145/126/43
f 145/126/43 128/127/44 146/128/45
f 146/128/45 126/129/46 141/130/47
f 18/131/1 6/132/1 123/133/1
f 309/134/1 310/135/1 318/136/1
f 185/137/1 332/138/1 333/139/1
f 162/140/48 216/141/49 211/142/50
f 167/143/51 215/144/52 216/141/49
f 166/145/53 214/146/54 215/144/52
f 214/146/54 164/147/55 213/148/56
f 213/148/56 163/149/57 212/150/58
f 212/150/58 161/151/59 210/152/60
f 169/153/61 230/154/62 225/155/63
f 174/156/64 229/157/65 230/154/62
f 173/158/66 228/159/67 229/157/65
f 228/159/67 171/160/68 227/161/69
f 227/161/69 170/162/70 226/163/71
f 226/163/71 168/164/72 224/165/73
f 138/109/11 149/94/11 150/97/11
f 252/166/74 247/167/75 245/168/74
f 254/169/75 248/170/76 247/167/75
f 255/171/76 249/172/77 248/170/76
f 256/173/77 250/174/78 249/172/77
f 257/175/78 251/176/79 250/174/78
f 258/177/79 246/178/80 251/176/79
f 266/179/81 261/180/82 259/181/81
f 268/182/82 262/183/83 261/180/82
f 269/184/83 263/185/84 262/183/83
f 270/186/84 264/187/85 263/185/84
f 271/188/85 265/189/86 264/187/85
f 272/190/86 260/191/87 265/189/86
f 281/192/88 275/193/89 273/194/88
f 286/195/89 276/196/90 275/193/89
f 285/197/90 277/198/91 276/196/90
f 284/199/91 278/200/92 277/198/91
f 283/201/92 279/202/93 278/200/92
f 282/203/93 274/204/94 279/202/93
f 176/205/95 240/206/96 238/207/97
f 181/208/98 241/209/99 240/206/96
f 180/210/100 242/211/101 241/209/99
f 242/211/101 178/212/102 243/213/103
f 243/213/103 177/214/104 244/215/105
f 244/215/105 175/216/106 239/217/107
f 189/218/108 223/219/109 191/220/110
f 191/220/110 222/221/111 192/222/112
f 192/222/112 221/223/113 193/224/113
f 221/223/113 194/225/114 193/224/113
f 220/226/115 195/227/116 194/225/114
f 219/228/117 190/229/118 195/227/116
f 196/230/119 209/231/120 198/232/121
f 198/232/121 208/233/122 199/234/123
f 199/234/123 207/235/124 200/236/124
f 207/235/124 201/237/125 200/236/124
f 206/238/126 202/239/127 201/237/125
f 205/240/128 197/241/129 202/239/127
f 182/242/130 237/243/131 184/244/132
f 184/244/132 236/245/133 185/246/134
f 185/246/134 235/247/135 186/248/135
f 235/247/135 187/249/136 186/248/135
f 234/250/137 188/251/138 187/249/136
f 233/252/139 183/253/140 188/251/138
f 126/254/46 211/255/50 141/256/47
f 161/151/59 225/155/63 210/152/60
f 168/257/72 238/258/97 224/259/73
f 239/217/107 127/118/35 140/120/37
f 217/260/141 182/261/130 190/262/118
f 133/263/142 196/264/119 120/265/34
f 266/179/81 246/178/80 253/266/80
f 155/267/23 245/268/74 148/269/23
f 267/270/87 273/271/88 260/272/87
f 147/95/17 280/273/94 154/93/17
f 343/274/1 336/275/1 335/276/1
f 362/277/4 73/278/4 91/279/4
f 276/196/11 277/198/11 235/247/11
f 271/188/143 228/159/1 226/163/1
f 266/179/1 210/152/1 225/155/1
f 16/280/1 22/281/1 23/282/1
f 59/283/4 355/284/4 354/285/4
f 51/286/1 44/287/1 43/288/1
f 326/289/1 328/290/1 329/291/1
f 316/292/1 303/293/1 312/294/1
f 54/295/1 307/296/1 308/297/1
f 46/298/1 319/299/1 320/300/1
f 338/301/1 339/302/1 24/303/1
f 311/304/143 314/305/144 315/306/1
f 56/307/2 298/308/2 297/309/2
f 3/310/145 231/311/145 7/312/145
f 31/313/146 34/87/146 218/314/147
f 328/290/7 325/315/7 58/316/7
f 363/317/7 13/2/7 12/318/7
f 307/296/6 59/319/6 364/320/6
f 57/321/6 36/322/6 30/323/6
f 361/324/1 357/325/1 290/326/1
f 347/327/1 349/328/1 295/329/1
f 252/330/1 141/256/1 211/255/1
f 204/331/11 148/269/11 245/268/11
f 232/332/11 275/193/11 237/243/11
f 255/171/148 216/141/1 214/146/1
f 280/273/1 239/217/1 140/120/1
f 281/333/1 224/259/1 238/258/1
f 218/314/11 203/334/11 246/178/11
f 217/260/11 273/271/11 232/335/11
f 10/1/1 12/318/1 13/2/1
f 65/336/1 99/54/1 100/56/1
f 65/336/1 100/56/1 71/4/1
f 97/7/1 98/9/1 66/6/1
f 66/6/1 65/336/1 71/4/1
f 70/5/1 97/7/1 66/6/1
f 97/7/2 105/65/2 107/8/2
f 101/10/2 102/337/2 95/11/2
f 113/13/3 95/11/3 102/14/3
f 96/16/4 104/338/4 103/17/4
f 82/19/4 81/339/4 79/20/4
f 82/22/1 84/30/1 88/23/1
f 81/25/1 91/340/1 92/26/1
f 80/28/5 87/24/5 88/23/5
f 84/30/6 82/22/6 80/31/6
f 79/33/7 81/25/7 83/27/7
f 92/26/8 91/340/8 79/35/8
f 67/37/7 75/341/7 76/38/7
f 76/38/9 75/341/9 86/40/9
f 90/42/10 73/46/10 74/43/10
f 72/45/6 69/342/6 74/43/6
f 78/47/2 77/343/2 83/48/2
f 77/50/11 93/12/11 95/11/11
f 93/12/11 77/50/11 78/344/11
f 93/12/11 78/344/11 85/345/11
f 68/346/11 115/60/11 93/12/11
f 94/18/11 116/57/11 67/84/11
f 67/84/11 68/346/11 93/12/11
f 93/12/11 85/345/11 86/347/11
f 86/347/11 80/348/11 79/349/11
f 90/52/11 89/51/11 95/11/11
f 86/347/11 79/349/11 90/52/11
f 67/84/11 93/12/11 86/347/11
f 96/16/11 94/18/11 67/84/11
f 72/350/11 114/62/11 96/16/11
f 95/11/11 113/13/11 69/53/11
f 69/53/11 72/350/11 96/16/11
f 96/16/11 67/84/11 86/347/11
f 90/52/11 95/11/11 69/53/11
f 96/16/11 86/347/11 90/52/11
f 99/54/4 106/351/4 108/55/4
f 116/57/12 94/18/12 103/58/12
f 115/60/13 107/352/13 101/61/13
f 114/62/14 108/353/14 104/63/14
f 70/354/2 62/355/2 109/356/2
f 109/356/2 364/357/2 60/64/2
f 60/64/149 112/358/149 64/359/149
f 64/359/2 66/360/2 68/361/2
f 76/362/2 85/363/2 78/47/2
f 64/359/2 68/361/2 76/362/2
f 69/364/2 70/354/2 109/356/2
f 77/343/2 89/365/2 74/366/2
f 74/366/2 69/364/2 109/356/2
f 60/64/2 64/359/2 76/362/2
f 76/362/2 78/47/2 88/367/2
f 60/64/2 76/362/2 88/367/2
f 74/366/2 109/356/2 60/64/2
f 92/368/2 77/343/2 74/366/2
f 92/368/2 74/366/2 60/64/2
f 60/64/2 88/367/2 84/49/2
f 83/48/2 92/368/2 60/64/2
f 105/65/1 102/369/1 101/66/1
f 108/55/1 106/351/1 103/67/1
f 62/69/15 70/370/15 71/70/15
f 66/72/16 64/76/16 63/73/16
f 61/71/7 110/371/7 109/75/7
f 64/76/6 112/372/6 111/77/6
f 114/62/7 72/350/7 71/78/7
f 71/78/7 100/373/7 108/79/7
f 97/81/7 70/374/7 69/53/7
f 69/53/7 113/13/7 105/80/7
f 115/60/6 68/346/6 66/82/6
f 66/82/6 98/375/6 107/83/6
f 99/86/6 65/376/6 67/84/6
f 67/84/6 116/57/6 106/85/6
f 34/87/1 36/322/1 37/88/1
f 117/377/1 196/378/1 198/379/1
f 198/379/1 199/380/1 200/90/1
f 200/90/1 201/381/1 202/382/1
f 202/382/1 197/241/1 32/383/1
f 32/383/1 48/384/1 42/385/1
f 32/383/1 42/385/1 38/386/1
f 200/90/1 202/382/1 32/383/1
f 117/377/1 198/379/1 200/90/1
f 49/387/1 33/388/1 117/377/1
f 41/92/1 45/389/1 49/387/1
f 41/92/1 49/387/1 117/377/1
f 200/90/1 32/383/1 38/386/1
f 200/90/1 38/386/1 39/390/1
f 41/92/1 117/377/1 200/90/1
f 200/90/1 39/390/1 40/91/1
f 154/93/17 156/96/18 149/94/18
f 156/96/18 157/98/19 150/97/19
f 157/98/19 158/100/20 151/99/20
f 158/100/20 159/102/21 152/101/21
f 159/102/21 160/104/22 153/103/22
f 160/104/22 155/391/23 148/105/23
f 119/106/24 134/392/24 139/107/25
f 121/108/26 139/107/25 138/109/27
f 122/110/28 138/109/27 137/111/29
f 137/111/29 136/114/31 124/113/30
f 136/114/31 135/116/33 125/115/32
f 135/116/33 133/393/142 120/117/34
f 127/118/35 132/121/38 142/119/36
f 132/121/38 131/123/40 143/122/39
f 131/123/40 130/394/41 144/124/41
f 144/124/41 130/394/41 129/125/42
f 145/126/43 129/125/42 128/127/44
f 146/128/45 128/127/44 126/129/46
f 124/395/1 125/396/1 120/397/1
f 120/397/1 118/398/1 4/399/1
f 4/399/1 17/400/1 21/401/1
f 20/402/1 19/403/1 18/131/1
f 120/397/1 4/399/1 21/401/1
f 120/397/1 21/401/1 20/402/1
f 123/133/1 124/395/1 120/397/1
f 121/404/1 122/405/1 123/133/1
f 6/132/1 119/106/1 121/404/1
f 14/406/1 23/282/1 6/132/1
f 120/397/1 20/402/1 18/131/1
f 18/131/1 14/406/1 6/132/1
f 6/132/1 121/404/1 123/133/1
f 123/133/1 120/397/1 18/131/1
f 191/407/1 192/408/1 193/409/1
f 193/409/1 194/410/1 195/411/1
f 195/411/1 190/412/1 5/413/1
f 5/413/1 316/292/1 315/306/1
f 315/306/150 314/305/151 313/414/150
f 5/413/1 315/306/1 313/414/1
f 193/409/1 195/411/1 5/413/1
f 189/218/1 191/407/1 193/409/1
f 318/136/1 304/415/1 189/218/1
f 323/416/1 324/417/1 318/136/1
f 312/294/1 303/293/1 317/418/1
f 317/418/1 323/416/1 318/136/1
f 318/136/1 189/218/1 193/409/1
f 193/409/1 5/413/1 313/414/1
f 318/136/1 193/409/1 313/414/1
f 312/294/1 317/418/1 318/136/1
f 311/304/143 312/294/1 318/136/1
f 318/136/1 313/414/1 309/134/1
f 310/135/1 311/304/143 318/136/1
f 327/419/1 9/420/1 182/421/1
f 182/421/1 184/422/1 185/137/1
f 185/137/1 186/423/1 187/424/1
f 187/424/1 188/425/1 183/253/1
f 183/253/1 2/426/1 340/427/1
f 340/427/1 334/428/1 330/429/1
f 183/253/1 340/427/1 330/429/1
f 185/137/1 187/424/1 183/253/1
f 327/419/1 182/421/1 185/137/1
f 337/430/1 341/431/1 327/419/1
f 333/139/1 337/430/1 327/419/1
f 185/137/1 183/253/1 330/429/1
f 185/137/1 330/429/1 331/432/1
f 333/139/1 327/419/1 185/137/1
f 185/137/1 331/432/1 332/138/1
f 162/140/48 167/143/51 216/141/49
f 167/143/51 166/145/53 215/144/52
f 166/145/53 165/433/54 214/146/54
f 214/146/54 165/433/54 164/147/55
f 213/148/56 164/147/55 163/149/57
f 212/150/58 163/149/57 161/151/59
f 169/153/61 174/156/64 230/154/62
f 174/156/64 173/158/66 229/157/65
f 173/158/66 172/434/67 228/159/67
f 228/159/67 172/434/67 171/160/68
f 227/161/69 171/160/68 170/162/70
f 226/163/71 170/162/70 168/164/72
f 153/103/152 148/105/11 133/393/11
f 133/393/11 135/116/11 136/114/11
f 136/114/11 137/111/11 138/109/11
f 138/109/11 139/107/11 134/392/11
f 231/311/11 233/252/11 234/250/11
f 234/250/11 278/200/11 279/202/11
f 231/311/11 234/250/11 279/202/11
f 153/103/152 133/393/11 136/114/11
f 152/101/11 153/103/152 136/114/11
f 231/311/11 279/202/11 274/204/11
f 231/311/11 274/204/11 147/95/11
f 151/99/11 152/101/11 136/114/11
f 151/99/11 136/114/11 138/109/11
f 134/392/11 231/311/11 147/95/11
f 134/392/11 147/95/11 149/94/11
f 150/97/11 151/99/11 138/109/11
f 138/109/11 134/392/11 149/94/11
f 252/166/74 254/169/75 247/167/75
f 254/169/75 255/171/76 248/170/76
f 255/171/76 256/173/77 249/172/77
f 256/173/77 257/175/78 250/174/78
f 257/175/78 258/177/79 251/176/79
f 258/177/79 253/266/80 246/178/80
f 266/179/81 268/182/82 261/180/82
f 268/182/82 269/184/83 262/183/83
f 269/184/83 270/186/84 263/185/84
f 270/186/84 271/188/85 264/187/85
f 271/188/85 272/190/86 265/189/86
f 272/190/86 267/435/87 260/191/87
f 281/192/88 286/195/89 275/193/89
f 286/195/89 285/197/90 276/196/90
f 285/197/90 284/199/91 277/198/91
f 284/199/91 283/201/92 278/200/92
f 283/201/92 282/203/93 279/202/93
f 282/203/93 280/273/94 274/204/94
f 176/205/95 181/208/98 240/206/96
f 181/208/98 180/210/100 241/209/99
f 180/210/100 179/436/101 242/211/101
f 242/211/101 179/436/101 178/212/102
f 243/213/103 178/212/102 177/214/104
f 244/215/105 177/214/104 175/216/106
f 189/218/108 218/314/108 223/219/109
f 191/220/110 223/219/109 222/221/111
f 192/222/112 222/221/111 221/223/113
f 221/223/113 220/226/115 194/225/114
f 220/226/115 219/228/117 195/227/116
f 219/228/117 217/437/141 190/229/118
f 196/230/119 204/438/153 209/231/120
f 198/232/121 209/231/120 208/233/122
f 199/234/123 208/233/122 207/235/124
f 207/235/124 206/238/126 201/237/125
f 206/238/126 205/240/128 202/239/127
f 205/240/128 203/334/129 197/241/129
f 182/242/130 232/332/154 237/243/131
f 184/244/132 237/243/131 236/245/133
f 185/246/134 236/245/133 235/247/135
f 235/247/135 234/250/137 187/249/136
f 234/250/137 233/252/139 188/251/138
f 233/252/139 231/311/140 183/253/140
f 126/254/46 162/439/48 211/255/50
f 161/151/59 169/153/61 225/155/63
f 168/257/72 176/440/95 238/258/97
f 239/217/107 175/216/106 127/118/35
f 217/260/141 232/335/154 182/261/130
f 133/263/142 204/331/153 196/264/119
f 266/179/81 259/181/81 246/178/80
f 155/267/23 252/330/74 245/268/74
f 267/270/87 281/333/88 273/271/88
f 147/95/17 274/204/94 280/273/94
f 335/276/1 334/428/1 340/427/1
f 340/427/1 342/441/1 343/274/1
f 343/274/1 341/431/1 337/430/1
f 336/275/1 332/138/1 331/432/1
f 343/274/1 337/430/1 336/275/1
f 335/276/1 340/427/1 343/274/1
f 336/275/1 331/432/1 335/276/1
f 65/442/4 63/73/4 111/77/4
f 111/77/4 363/443/4 362/277/4
f 110/371/4 61/71/4 71/444/4
f 67/445/4 65/442/4 111/77/4
f 80/21/4 86/446/4 75/447/4
f 75/447/4 67/445/4 111/77/4
f 362/277/4 110/371/4 71/444/4
f 362/277/4 71/444/4 72/448/4
f 75/447/4 111/77/4 362/277/4
f 87/449/4 80/21/4 75/447/4
f 81/339/155 82/19/155 87/449/155
f 90/450/4 79/20/4 91/279/4
f 81/339/156 87/449/156 75/447/156
f 73/278/4 90/450/4 91/279/4
f 81/339/4 75/447/4 362/277/4
f 91/279/4 81/339/4 362/277/4
f 362/277/4 72/448/4 73/278/4
f 235/247/11 236/245/11 237/243/11
f 237/243/11 275/193/11 276/196/11
f 277/198/11 278/200/11 234/250/11
f 235/247/11 237/243/11 276/196/11
f 277/198/11 234/250/11 235/247/11
f 226/163/1 224/165/1 267/435/1
f 226/163/1 267/435/1 272/190/1
f 228/159/1 227/161/1 226/163/1
f 269/184/1 229/157/1 228/159/1
f 270/186/1 269/184/1 228/159/1
f 226/163/1 272/190/1 271/188/143
f 271/188/143 270/186/1 228/159/1
f 225/155/1 230/154/1 229/157/1
f 229/157/1 269/184/1 268/182/1
f 225/155/1 229/157/1 268/182/1
f 258/177/1 212/150/1 210/152/1
f 253/266/1 258/177/1 210/152/1
f 225/155/1 268/182/1 266/179/1
f 266/179/1 253/266/1 210/152/1
f 15/451/1 19/403/1 20/402/1
f 16/280/1 17/400/1 4/399/1
f 15/451/1 20/402/1 16/280/1
f 23/282/1 14/406/1 15/451/1
f 28/452/1 29/453/1 23/282/1
f 16/280/1 4/399/1 22/281/1
f 22/281/1 28/452/1 23/282/1
f 23/282/1 15/451/1 16/280/1
f 9/454/4 58/455/4 59/283/4
f 59/283/4 5/456/4 291/457/4
f 59/283/4 291/457/4 292/458/4
f 354/285/157 9/454/157 59/283/157
f 59/283/4 292/458/4 355/284/4
f 43/288/1 42/385/1 48/384/1
f 48/384/1 50/459/1 51/286/1
f 51/286/1 49/387/1 45/389/1
f 44/287/1 40/91/1 39/390/1
f 51/286/1 45/389/1 44/287/1
f 43/288/1 48/384/1 51/286/1
f 44/287/1 39/390/1 43/288/1
f 326/289/1 1/460/1 328/290/1
f 316/292/1 5/413/1 303/293/1
f 54/295/1 55/461/1 307/296/1
f 306/462/158 109/463/158 110/464/158
f 110/464/1 30/323/1 46/298/1
f 46/298/1 52/465/1 53/466/1
f 47/467/1 31/313/1 305/468/1
f 46/298/1 53/466/1 47/467/1
f 306/462/1 110/464/1 46/298/1
f 321/469/1 322/470/1 320/300/1
f 320/300/1 306/462/1 46/298/1
f 46/298/1 47/467/1 305/468/1
f 319/299/1 321/469/1 320/300/1
f 46/298/1 305/468/1 319/299/1
f 111/471/1 112/472/1 325/315/1
f 338/301/1 344/473/1 345/474/1
f 111/471/1 325/315/1 338/301/1
f 25/475/1 8/476/1 111/471/1
f 26/477/1 27/478/1 25/475/1
f 3/310/1 7/312/1 24/303/1
f 24/303/1 26/477/1 25/475/1
f 25/475/1 111/471/1 338/301/1
f 338/301/1 345/474/1 339/302/1
f 339/302/1 3/310/1 24/303/1
f 24/303/1 25/475/1 338/301/1
f 311/304/143 310/135/1 314/305/144
f 117/479/2 57/480/2 56/307/2
f 56/307/2 118/481/2 288/482/2
f 56/307/2 288/482/2 287/483/2
f 297/309/2 117/479/2 56/307/2
f 56/307/2 287/483/2 298/308/2
f 2/426/6 183/253/6 231/311/6
f 231/311/6 134/392/6 119/106/6
f 119/106/158 6/132/158 10/1/158
f 231/311/6 119/106/6 10/1/145
f 326/289/159 2/426/159 231/311/159
f 1/460/159 326/289/159 231/311/159
f 231/311/6 10/1/6 11/3/6
f 231/311/6 11/3/6 7/312/159
f 3/310/145 1/460/159 231/311/145
f 218/314/7 189/218/7 304/415/7
f 218/314/7 304/415/7 55/461/7
f 197/241/7 203/334/7 218/314/160
f 35/89/161 32/383/161 197/241/161
f 35/89/147 197/241/7 218/314/160
f 218/314/147 55/461/7 54/295/147
f 218/314/147 54/295/147 305/468/147
f 34/87/7 35/89/147 218/314/160
f 218/314/147 305/468/147 31/313/146
f 325/315/7 112/472/7 60/484/7
f 58/316/7 9/420/7 327/419/7
f 58/316/7 327/419/7 329/291/7
f 325/315/7 60/484/7 58/316/7
f 58/316/7 329/291/7 328/290/7
f 118/398/7 56/485/7 363/317/7
f 363/317/7 111/471/7 8/476/7
f 4/399/7 118/398/7 363/317/7
f 12/318/7 4/399/7 363/317/7
f 363/317/7 8/476/7 13/2/7
f 364/320/6 109/463/6 306/462/6
f 364/320/6 306/462/6 308/297/6
f 303/293/6 5/413/6 59/319/6
f 364/320/6 308/297/6 307/296/6
f 307/296/6 303/293/6 59/319/6
f 30/323/6 110/464/6 362/486/6
f 57/321/6 117/377/6 33/388/6
f 57/321/6 33/388/6 37/88/6
f 30/323/6 362/486/6 57/321/6
f 57/321/6 37/88/6 36/322/6
f 291/457/1 5/456/1 190/262/1
f 182/261/1 9/454/1 354/285/1
f 356/487/1 358/488/1 360/489/1
f 182/261/1 354/285/1 356/487/1
f 346/490/1 291/457/1 190/262/1
f 353/491/1 351/492/1 346/490/1
f 290/326/1 350/493/1 352/494/1
f 353/491/1 346/490/1 190/262/1
f 352/494/1 353/491/1 190/262/1
f 182/261/1 356/487/1 360/489/1
f 361/324/1 359/495/1 357/325/1
f 182/261/1 360/489/1 361/324/1
f 352/494/1 190/262/1 182/261/1
f 355/284/1 292/458/1 290/326/1
f 290/326/1 352/494/1 182/261/1
f 290/326/1 182/261/1 361/324/1
f 357/325/1 355/284/1 290/326/1
f 196/264/1 117/479/1 297/309/1
f 348/496/1 299/497/1 301/498/1
f 196/264/1 297/309/1 348/496/1
f 288/482/1 118/481/1 120/265/1
f 296/499/1 294/500/1 289/501/1
f 289/501/1 288/482/1 120/265/1
f 196/264/1 348/496/1 301/498/1
f 302/502/1 300/503/1 347/327/1
f 196/264/1 301/498/1 302/502/1
f 296/499/1 289/501/1 120/265/1
f 349/328/1 293/504/1 295/329/1
f 295/329/1 296/499/1 120/265/1
f 120/265/1 196/264/1 302/502/1
f 347/327/1 298/308/1 287/483/1
f 120/265/1 302/502/1 347/327/1
f 295/329/1 120/265/1 347/327/1
f 347/327/1 287/483/1 349/328/1
f 252/330/1 155/267/1 141/256/1
f 204/331/11 133/263/11 148/269/11
f 232/332/11 273/194/11 275/193/11
f 214/146/1 213/148/1 212/150/1
f 212/150/1 258/177/1 257/175/1
f 214/146/1 212/150/1 257/175/1
f 216/141/1 215/144/1 214/146/1
f 252/166/1 211/142/1 216/141/1
f 254/169/1 252/166/1 216/141/1
f 214/146/1 257/175/1 256/173/1
f 255/171/148 254/169/1 216/141/1
f 214/146/1 256/173/1 255/171/148
f 146/128/1 141/130/1 155/391/1
f 146/128/1 155/391/1 160/104/1
f 144/124/1 145/126/1 146/128/1
f 142/119/1 143/122/1 144/124/1
f 243/213/1 244/215/1 239/217/1
f 241/209/1 242/211/1 243/213/1
f 238/207/1 240/206/1 241/209/1
f 286/195/1 281/192/1 238/207/1
f 286/195/1 238/207/1 241/209/1
f 146/128/1 160/104/1 159/102/1
f 144/124/1 146/128/1 159/102/1
f 285/197/1 286/195/1 241/209/1
f 284/199/1 285/197/1 241/209/1
f 144/124/1 159/102/1 158/100/1
f 144/124/1 158/100/1 157/98/1
f 284/199/1 241/209/1 243/213/1
f 283/201/1 284/199/1 243/213/1
f 142/119/1 144/124/1 157/98/1
f 142/119/1 157/98/1 156/96/1
f 282/203/1 283/201/1 243/213/1
f 282/203/1 243/213/1 239/217/1
f 140/120/1 142/119/1 156/96/1
f 140/120/1 156/96/1 154/93/1
f 280/273/1 282/203/1 239/217/1
f 140/120/1 154/93/1 280/273/1
f 281/333/1 267/270/1 224/259/1
f 265/189/11 260/191/11 217/437/11
f 217/437/11 219/228/11 220/226/11
f 220/226/11 221/223/11 222/221/11
f 222/221/11 223/219/11 218/314/11
f 203/334/11 205/240/11 206/238/11
f 206/238/11 207/235/11 208/233/11
f 208/233/11 209/231/11 204/438/11
f 204/438/11 245/168/11 247/167/11
f 208/233/11 204/438/11 247/167/11
f 265/189/11 217/437/11 220/226/11
f 264/187/11 265/189/11 220/226/11
f 208/233/11 247/167/11 248/170/11
f 208/233/11 248/170/11 249/172/11
f 263/185/11 264/187/11 220/226/11
f 263/185/11 220/226/11 222/221/11
f 206/238/11 208/233/11 249/172/11
f 206/238/11 249/172/11 250/174/11
f 262/183/11 263/185/11 222/221/11
f 261/180/11 262/183/11 222/221/11
f 206/238/11 250/174/11 251/176/11
f 203/334/11 206/238/11 251/176/11
f 261/180/11 222/221/11 218/314/11
f 259/181/11 261/180/11 218/314/11
f 203/334/11 251/176/11 246/178/11
f 246/178/11 259/181/11 218/314/11
f 217/260/11 260/272/11 273/271/11
f 365/505/11 368/506/11 372/507/11
f 370/508/1 413/509/1 416/510/1
f 366/511/1 374/512/1 375/513/1
f 382/514/4 372/515/4 384/516/4
f 365/517/2 391/518/2 389/519/2
f 375/520/4 383/521/4 371/522/4
f 381/523/162 387/524/162 383/521/162
f 385/525/4 388/526/4 387/524/4
f 384/516/163 386/527/163 382/514/163
f 390/528/2 374/529/2 366/530/2
f 390/528/164 396/531/164 392/532/164
f 393/533/2 396/531/2 394/534/2
f 391/518/165 393/533/165 389/519/165
f 377/535/4 399/536/4 401/537/4
f 370/538/2 404/539/2 398/540/2
f 397/541/2 379/542/2 369/543/2
f 398/544/6 409/545/6 397/546/6
f 402/547/4 368/548/4 378/549/4
f 402/547/163 406/550/163 400/551/163
f 407/552/4 406/550/4 408/553/4
f 399/536/162 407/552/162 401/537/162
f 400/554/6 405/555/6 399/556/6
f 410/557/2 411/558/2 409/545/2
f 403/559/165 409/545/165 411/558/165
f 404/539/164 410/557/164 398/540/164
f 418/560/1 415/561/1 414/562/1
f 444/563/6 445/564/159 376/565/6
f 428/566/6 429/567/166 374/512/6
f 460/507/11 456/506/11 457/568/11
f 508/569/1 455/570/1 507/571/1
f 463/513/1 454/511/1 505/572/1
f 460/515/4 470/514/4 472/516/4
f 479/518/2 453/517/2 477/519/2
f 471/521/4 463/520/4 459/522/4
f 475/524/162 469/523/162 471/521/162
f 476/526/4 473/525/4 475/524/4
f 474/527/163 472/516/163 470/514/163
f 462/529/2 478/528/2 454/530/2
f 484/531/164 478/528/164 480/532/164
f 484/531/2 481/533/2 482/534/2
f 481/533/165 479/518/165 477/519/165
f 487/536/4 465/535/4 489/537/4
f 492/539/2 458/538/2 486/540/2
f 467/542/2 485/541/2 457/543/2
f 497/545/7 486/544/7 485/546/7
f 456/548/4 490/547/4 466/549/4
f 494/550/163 490/547/163 488/551/163
f 494/550/4 495/552/4 496/553/4
f 495/552/162 487/536/162 489/537/162
f 493/555/7 488/554/7 487/556/7
f 499/558/2 498/557/2 497/545/2
f 491/559/165 497/545/165 485/541/165
f 498/557/164 492/539/164 486/540/164
f 503/561/1 506/560/1 502/562/1
f 464/565/7 531/573/7 530/574/7
f 462/512/7 517/567/147 516/566/7
f 548/507/11 544/506/11 545/568/11
f 596/569/1 543/570/1 595/571/1
f 551/513/1 542/511/1 593/572/1
f 548/515/2 558/514/2 560/516/2
f 567/518/4 541/517/4 565/519/4
f 559/521/2 551/520/2 547/522/2
f 563/524/164 557/523/164 559/521/164
f 564/526/2 561/525/2 563/524/2
f 562/527/165 560/516/165 558/514/165
f 550/529/4 566/528/4 542/530/4
f 572/531/162 566/528/162 568/532/162
f 572/531/4 569/533/4 570/534/4
f 569/533/163 567/518/163 565/519/163
f 575/536/2 553/535/2 577/537/2
f 580/539/4 546/538/4 574/540/4
f 555/542/4 573/541/4 545/543/4
f 585/545/6 574/544/6 573/546/6
f 544/548/2 578/547/2 554/549/2
f 582/550/165 578/547/165 576/551/165
f 582/550/2 583/552/2 584/553/2
f 583/552/164 575/536/164 577/537/164
f 581/555/6 576/554/6 575/556/6
f 587/558/4 586/557/4 585/545/4
f 579/559/163 585/545/163 573/541/163
f 586/557/162 580/539/162 574/540/162
f 591/561/1 594/560/1 590/562/1
f 552/565/6 619/573/6 618/574/6
f 550/512/6 605/567/166 604/566/6
f 629/505/11 632/506/11 636/507/11
f 634/508/1 677/509/1 680/510/1
f 630/511/1 638/512/1 639/513/1
f 646/514/2 636/515/2 648/516/2
f 629/517/4 655/518/4 653/519/4
f 639/520/2 647/521/2 635/522/2
f 645/523/164 651/524/164 647/521/164
f 649/525/2 652/526/2 651/524/2
f 648/516/165 650/527/165 646/514/165
f 654/528/4 638/529/4 630/530/4
f 654/528/162 660/531/162 656/532/162
f 657/533/4 660/531/4 658/534/4
f 655/518/163 657/533/163 653/519/163
f 641/535/2 663/536/2 665/537/2
f 634/538/4 668/539/4 662/540/4
f 661/541/4 643/542/4 633/543/4
f 662/544/7 673/545/7 661/546/7
f 666/547/2 632/548/2 642/549/2
f 666/547/165 670/550/165 664/551/165
f 671/552/2 670/550/2 672/553/2
f 663/536/164 671/552/164 665/537/164
f 664/554/7 669/555/7 663/556/7
f 674/557/4 675/558/4 673/545/4
f 667/559/163 673/545/163 675/558/163
f 668/539/162 674/557/162 662/540/162
f 682/560/1 679/561/1 678/562/1
f 708/563/7 709/564/160 640/565/7
f 692/566/7 693/567/147 638/512/7
f 369/568/11 379/575/11 378/576/11
f 369/568/11 378/576/11 368/506/11
f 376/565/11 373/577/11 365/505/11
f 365/505/11 369/568/11 368/506/11
f 372/507/11 376/565/11 365/505/11
f 419/571/1 418/560/1 417/572/1
f 417/572/1 371/578/1 367/570/1
f 367/570/1 377/579/1 380/580/1
f 367/570/1 380/580/1 370/508/1
f 419/571/1 417/572/1 367/570/1
f 420/569/1 419/571/1 367/570/1
f 370/508/1 366/511/1 413/509/1
f 413/509/11 414/562/11 415/561/11
f 416/510/1 420/569/1 367/570/1
f 413/509/1 415/561/1 416/510/1
f 416/510/1 367/570/1 370/508/1
f 375/513/1 371/578/1 417/572/1
f 417/572/1 413/509/1 366/511/1
f 375/513/1 417/572/1 366/511/1
f 382/514/4 376/581/4 372/515/4
f 365/517/2 373/582/2 391/518/2
f 375/520/4 381/523/4 383/521/4
f 381/523/162 385/525/162 387/524/162
f 385/525/4 386/527/4 388/526/4
f 384/516/163 388/526/163 386/527/163
f 390/528/2 392/532/2 374/529/2
f 390/528/164 394/534/164 396/531/164
f 393/533/2 395/583/2 396/531/2
f 391/518/165 395/583/165 393/533/165
f 377/535/4 367/584/4 399/536/4
f 370/538/2 380/585/2 404/539/2
f 397/541/2 403/559/2 379/542/2
f 398/544/6 410/557/6 409/545/6
f 402/547/4 400/551/4 368/548/4
f 402/547/163 408/553/163 406/550/163
f 407/552/4 405/555/4 406/550/4
f 399/536/162 405/555/162 407/552/162
f 400/554/6 406/550/6 405/555/6
f 410/557/2 412/586/2 411/558/2
f 403/559/165 397/541/165 409/545/165
f 404/539/164 412/586/164 410/557/164
f 418/560/1 419/571/1 415/561/1
f 382/587/6 386/527/6 385/525/6
f 385/525/6 435/588/6 436/589/6
f 385/525/6 436/589/6 437/590/6
f 382/587/6 385/525/6 437/590/6
f 382/587/6 437/590/6 438/591/6
f 450/592/6 391/593/6 373/577/6
f 449/594/6 450/592/6 373/577/6
f 376/565/6 382/587/6 438/591/6
f 376/565/6 438/591/6 439/595/6
f 448/596/6 449/594/6 373/577/6
f 447/597/6 448/596/6 373/577/6
f 376/565/6 439/595/6 440/598/6
f 376/565/6 440/598/6 441/599/6
f 446/600/6 447/597/6 373/577/6
f 445/564/159 446/600/6 373/577/6
f 376/565/6 441/599/6 442/574/6
f 376/565/6 442/574/6 443/573/6
f 445/564/159 373/577/6 376/565/6
f 376/565/6 443/573/6 444/563/6
f 392/601/6 396/531/6 395/583/6
f 395/583/6 391/593/6 450/592/6
f 395/583/6 450/592/6 451/602/6
f 395/583/6 451/602/6 452/603/6
f 395/583/6 452/603/6 421/604/6
f 392/601/6 395/583/6 421/604/6
f 392/601/6 421/604/6 422/605/6
f 435/588/6 385/525/6 381/606/6
f 434/607/6 435/588/6 381/606/6
f 374/512/6 392/601/6 422/605/6
f 374/512/6 422/605/6 423/608/6
f 434/607/6 381/606/6 375/513/6
f 433/609/6 434/607/6 375/513/6
f 374/512/6 423/608/6 424/610/6
f 374/512/6 424/610/6 425/611/6
f 432/612/6 433/609/6 375/513/6
f 431/613/6 432/612/6 375/513/6
f 374/512/6 425/611/6 426/614/6
f 374/512/6 426/614/6 427/615/6
f 430/616/6 431/613/6 375/513/6
f 429/567/166 430/616/6 375/513/6
f 374/512/6 427/615/6 428/566/6
f 429/567/166 375/513/6 374/512/6
f 453/505/11 461/577/11 464/565/11
f 453/505/11 464/565/11 460/507/11
f 466/576/11 467/575/11 457/568/11
f 457/568/11 453/505/11 460/507/11
f 456/506/11 466/576/11 457/568/11
f 504/510/11 503/561/11 502/562/11
f 504/510/1 502/562/1 501/509/1
f 504/510/1 501/509/1 454/511/1
f 458/508/1 468/580/1 465/579/1
f 504/510/1 454/511/1 458/508/1
f 508/569/1 504/510/1 458/508/1
f 458/508/1 465/579/1 455/570/1
f 455/570/1 459/578/1 505/572/1
f 505/572/1 506/560/1 507/571/1
f 508/569/1 458/508/1 455/570/1
f 455/570/1 505/572/1 507/571/1
f 505/572/1 459/578/1 463/513/1
f 463/513/1 462/512/1 454/511/1
f 454/511/1 501/509/1 505/572/1
f 460/515/4 464/581/4 470/514/4
f 479/518/2 461/582/2 453/517/2
f 471/521/4 469/523/4 463/520/4
f 475/524/162 473/525/162 469/523/162
f 476/526/4 474/527/4 473/525/4
f 474/527/163 476/526/163 472/516/163
f 462/529/2 480/532/2 478/528/2
f 484/531/164 482/534/164 478/528/164
f 484/531/2 483/583/2 481/533/2
f 481/533/165 483/583/165 479/518/165
f 487/536/4 455/584/4 465/535/4
f 492/539/2 468/585/2 458/538/2
f 467/542/2 491/559/2 485/541/2
f 497/545/7 498/557/7 486/544/7
f 456/548/4 488/551/4 490/547/4
f 494/550/163 496/553/163 490/547/163
f 494/550/4 493/555/4 495/552/4
f 495/552/162 493/555/162 487/536/162
f 493/555/7 494/550/7 488/554/7
f 499/558/2 500/586/2 498/557/2
f 491/559/165 499/558/165 497/545/165
f 498/557/164 500/586/164 492/539/164
f 503/561/1 507/571/1 506/560/1
f 461/577/7 479/593/7 538/592/7
f 461/577/7 538/592/7 537/594/7
f 473/525/7 474/527/7 470/587/7
f 524/589/7 523/588/7 473/525/7
f 525/590/7 524/589/7 473/525/7
f 525/590/7 473/525/7 470/587/7
f 526/591/7 525/590/7 470/587/7
f 461/577/7 537/594/7 536/596/7
f 461/577/7 536/596/7 535/597/7
f 526/591/7 470/587/7 464/565/7
f 527/595/7 526/591/7 464/565/7
f 461/577/7 535/597/7 534/600/7
f 461/577/7 534/600/7 533/564/160
f 528/598/7 527/595/7 464/565/7
f 529/599/7 528/598/7 464/565/7
f 464/565/7 461/577/7 533/564/160
f 464/565/7 533/564/160 532/563/7
f 530/574/7 529/599/7 464/565/7
f 464/565/7 532/563/7 531/573/7
f 469/606/7 473/525/7 523/588/7
f 469/606/7 523/588/7 522/607/7
f 483/583/7 484/531/7 480/601/7
f 538/592/7 479/593/7 483/583/7
f 539/602/7 538/592/7 483/583/7
f 540/603/7 539/602/7 483/583/7
f 509/604/7 540/603/7 483/583/7
f 509/604/7 483/583/7 480/601/7
f 510/605/7 509/604/7 480/601/7
f 463/513/7 469/606/7 522/607/7
f 463/513/7 522/607/7 521/609/7
f 510/605/7 480/601/7 462/512/7
f 511/608/7 510/605/7 462/512/7
f 463/513/7 521/609/7 520/612/7
f 463/513/7 520/612/7 519/613/7
f 512/610/7 511/608/7 462/512/7
f 513/611/7 512/610/7 462/512/7
f 463/513/7 519/613/7 518/616/7
f 463/513/7 518/616/7 517/567/147
f 514/614/7 513/611/7 462/512/7
f 515/615/7 514/614/7 462/512/7
f 462/512/7 463/513/7 517/567/147
f 516/566/7 515/615/7 462/512/7
f 541/505/11 549/577/11 552/565/11
f 541/505/11 552/565/11 548/507/11
f 554/576/11 555/575/11 545/568/11
f 545/568/11 541/505/11 548/507/11
f 544/506/11 554/576/11 545/568/11
f 592/510/11 591/561/11 590/562/11
f 592/510/1 590/562/1 589/509/1
f 592/510/1 589/509/1 542/511/1
f 546/508/1 556/580/1 553/579/1
f 592/510/1 542/511/1 546/508/1
f 596/569/1 592/510/1 546/508/1
f 546/508/1 553/579/1 543/570/1
f 543/570/1 547/578/1 593/572/1
f 593/572/1 594/560/1 595/571/1
f 596/569/1 546/508/1 543/570/1
f 543/570/1 593/572/1 595/571/1
f 593/572/1 547/578/1 551/513/1
f 551/513/1 550/512/1 542/511/1
f 542/511/1 589/509/1 593/572/1
f 548/515/2 552/581/2 558/514/2
f 567/518/4 549/582/4 541/517/4
f 559/521/2 557/523/2 551/520/2
f 563/524/164 561/525/164 557/523/164
f 564/526/2 562/527/2 561/525/2
f 562/527/165 564/526/165 560/516/165
f 550/529/4 568/532/4 566/528/4
f 572/531/162 570/534/162 566/528/162
f 572/531/4 571/583/4 569/533/4
f 569/533/163 571/583/163 567/518/163
f 575/536/2 543/584/2 553/535/2
f 580/539/4 556/585/4 546/538/4
f 555/542/4 579/559/4 573/541/4
f 585/545/6 586/557/6 574/544/6
f 544/548/2 576/551/2 578/547/2
f 582/550/165 584/553/165 578/547/165
f 582/550/2 581/555/2 583/552/2
f 583/552/164 581/555/164 575/536/164
f 581/555/6 582/550/6 576/554/6
f 587/558/4 588/586/4 586/557/4
f 579/559/163 587/558/163 585/545/163
f 586/557/162 588/586/162 580/539/162
f 591/561/1 595/571/1 594/560/1
f 549/577/6 567/593/6 626/592/6
f 549/577/6 626/592/6 625/594/6
f 561/525/6 562/527/6 558/587/6
f 612/589/6 611/588/6 561/525/6
f 613/590/6 612/589/6 561/525/6
f 613/590/6 561/525/6 558/587/6
f 614/591/6 613/590/6 558/587/6
f 549/577/6 625/594/6 624/596/6
f 549/577/6 624/596/6 623/597/6
f 614/591/6 558/587/6 552/565/6
f 615/595/6 614/591/6 552/565/6
f 549/577/6 623/597/6 622/600/6
f 549/577/6 622/600/6 621/564/159
f 616/598/6 615/595/6 552/565/6
f 617/599/6 616/598/6 552/565/6
f 552/565/6 549/577/6 621/564/159
f 552/565/6 621/564/159 620/563/6
f 618/574/6 617/599/6 552/565/6
f 552/565/6 620/563/6 619/573/6
f 557/606/6 561/525/6 611/588/6
f 557/606/6 611/588/6 610/607/6
f 571/583/6 572/531/6 568/601/6
f 626/592/6 567/593/6 571/583/6
f 627/602/6 626/592/6 571/583/6
f 628/603/6 627/602/6 571/583/6
f 597/604/6 628/603/6 571/583/6
f 597/604/6 571/583/6 568/601/6
f 598/605/6 597/604/6 568/601/6
f 551/513/6 557/606/6 610/607/6
f 551/513/6 610/607/6 609/609/6
f 598/605/6 568/601/6 550/512/6
f 599/608/6 598/605/6 550/512/6
f 551/513/6 609/609/6 608/612/6
f 551/513/6 608/612/6 607/613/6
f 600/610/6 599/608/6 550/512/6
f 601/611/6 600/610/6 550/512/6
f 551/513/6 607/613/6 606/616/6
f 551/513/6 606/616/6 605/567/166
f 602/614/6 601/611/6 550/512/6
f 603/615/6 602/614/6 550/512/6
f 550/512/6 551/513/6 605/567/166
f 604/566/6 603/615/6 550/512/6
f 633/568/11 643/575/11 642/576/11
f 633/568/11 642/576/11 632/506/11
f 640/565/11 637/577/11 629/505/11
f 629/505/11 633/568/11 632/506/11
f 636/507/11 640/565/11 629/505/11
f 683/571/1 682/560/1 681/572/1
f 681/572/1 635/578/1 631/570/1
f 631/570/1 641/579/1 644/580/1
f 631/570/1 644/580/1 634/508/1
f 683/571/1 681/572/1 631/570/1
f 684/569/1 683/571/1 631/570/1
f 634/508/1 630/511/1 677/509/1
f 677/509/11 678/562/11 679/561/11
f 680/510/1 684/569/1 631/570/1
f 677/509/1 679/561/1 680/510/1
f 680/510/1 631/570/1 634/508/1
f 639/513/1 635/578/1 681/572/1
f 681/572/1 677/509/1 630/511/1
f 639/513/1 681/572/1 630/511/1
f 646/514/2 640/581/2 636/515/2
f 629/517/4 637/582/4 655/518/4
f 639/520/2 645/523/2 647/521/2
f 645/523/164 649/525/164 651/524/164
f 649/525/2 650/527/2 652/526/2
f 648/516/165 652/526/165 650/527/165
f 654/528/4 656/532/4 638/529/4
f 654/528/162 658/534/162 660/531/162
f 657/533/4 659/583/4 660/531/4
f 655/518/163 659/583/163 657/533/163
f 641/535/2 631/584/2 663/536/2
f 634/538/4 644/585/4 668/539/4
f 661/541/4 667/559/4 643/542/4
f 662/544/7 674/557/7 673/545/7
f 666/547/2 664/551/2 632/548/2
f 666/547/165 672/553/165 670/550/165
f 671/552/2 669/555/2 670/550/2
f 663/536/164 669/555/164 671/552/164
f 664/554/7 670/550/7 669/555/7
f 674/557/4 676/586/4 675/558/4
f 667/559/163 661/541/163 673/545/163
f 668/539/162 676/586/162 674/557/162
f 682/560/1 683/571/1 679/561/1
f 646/587/7 650/527/7 649/525/7
f 649/525/7 699/588/7 700/589/7
f 649/525/7 700/589/7 701/590/7
f 646/587/7 649/525/7 701/590/7
f 646/587/7 701/590/7 702/591/7
f 714/592/7 655/593/7 637/577/7
f 713/594/7 714/592/7 637/577/7
f 640/565/7 646/587/7 702/591/7
f 640/565/7 702/591/7 703/595/7
f 712/596/7 713/594/7 637/577/7
f 711/597/7 712/596/7 637/577/7
f 640/565/7 703/595/7 704/598/7
f 640/565/7 704/598/7 705/599/7
f 710/600/7 711/597/7 637/577/7
f 709/564/160 710/600/7 637/577/7
f 640/565/7 705/599/7 706/574/7
f 640/565/7 706/574/7 707/573/7
f 709/564/160 637/577/7 640/565/7
f 640/565/7 707/573/7 708/563/7
f 656/601/7 660/531/7 659/583/7
f 659/583/7 655/593/7 714/592/7
f 659/583/7 714/592/7 715/602/7
f 659/583/7 715/602/7 716/603/7
f 659/583/7 716/603/7 685/604/7
f 656/601/7 659/583/7 685/604/7
f 656/601/7 685/604/7 686/605/7
f 699/588/7 649/525/7 645/606/7
f 698/607/7 699/588/7 645/606/7
f 638/512/7 656/601/7 686/605/7
f 638/512/7 686/605/7 687/608/7
f 698/607/7 645/606/7 639/513/7
f 697/609/7 698/607/7 639/513/7
f 638/512/7 687/608/7 688/610/7
f 638/512/7 688/610/7 689/611/7
f 696/612/7 697/609/7 639/513/7
f 695/613/7 696/612/7 639/513/7
f 638/512/7 689/611/7 690/614/7
f 638/512/7 690/614/7 691/615/7
f 694/616/7 695/613/7 639/513/7
f 693/567/147 694/616/7 639/513/7
f 638/512/7 691/615/7 692/566/7
f 693/567/147 639/513/7 638/512/7
f 756/617/167 728/618/168 722/619/169
f 719/620/170 720/621/171 717/622/172
f 719/620/170 721/623/173 720/624/171
f 722/619/174 723/625/175 721/623/173
f 724/626/176 725/627/177 723/628/175
f 726/629/178 727/630/179 725/627/177
f 728/618/180 729/631/181 727/630/179
f 730/632/182 731/633/183 729/631/181
f 733/634/184 734/635/184 731/633/184
f 735/636/185 736/637/185 734/635/185
f 737/638/186 738/639/186 736/637/186
f 739/640/187 740/641/188 738/639/189
f 739/640/187 741/642/190 740/643/188
f 742/644/191 743/645/192 741/642/190
f 744/646/193 745/647/194 743/645/192
f 746/648/195 747/649/196 745/647/194
f 748/650/197 749/651/198 747/652/196
f 750/653/199 751/654/199 749/651/199
f 718/655/200 717/622/200 751/654/200
f 767/656/201 790/657/202 768/658/203
f 754/659/204 777/660/205 752/661/206
f 754/659/207 755/662/208 777/660/209
f 760/663/210 761/664/211 778/665/212
f 763/666/213 779/667/214 762/668/215
f 763/666/213 764/669/216 779/667/214
f 766/670/217 767/656/201 780/671/218
f 770/672/219 781/673/220 769/674/221
f 772/675/222 773/676/223 781/673/224
f 770/672/219 807/677/225 771/678/226
f 768/658/227 790/657/227 769/674/227
f 757/679/228 786/680/228 758/681/228
f 760/663/210 787/682/229 761/664/211
f 772/675/222 791/683/230 773/676/223
f 774/684/231 792/685/232 775/686/233
f 763/666/213 788/687/234 764/669/216
f 754/659/207 783/688/235 755/662/208
f 775/686/236 792/685/237 776/689/238
f 776/689/238 782/690/239 753/691/240
f 755/662/241 784/692/241 756/693/241
f 766/670/217 789/694/242 767/656/201
f 756/693/243 785/695/243 757/696/243
f 807/697/244 826/698/245 808/699/246
f 759/700/247 799/701/248 760/663/249
f 760/663/249 800/702/250 787/682/251
f 791/683/252 807/677/225 808/703/253
f 787/682/251 800/702/250 801/704/254
f 752/661/206 794/705/255 793/706/256
f 774/684/231 808/703/253 809/707/257
f 763/666/213 801/704/254 802/708/258
f 752/661/206 793/706/256 754/659/204
f 788/687/259 802/708/258 803/709/260
f 783/688/261 793/706/256 795/710/262
f 788/687/259 803/709/260 765/711/263
f 783/688/261 795/710/262 784/692/264
f 782/690/265 810/712/266 794/705/255
f 765/711/263 804/713/267 766/670/268
f 766/670/268 804/713/267 789/694/269
f 784/692/264 796/714/270 785/695/271
f 786/715/272 797/716/273 798/717/274
f 790/657/275 805/718/276 806/719/277
f 786/680/272 799/701/248 759/700/247
f 821/720/278 836/721/279 837/722/280
f 800/723/281 820/724/282 801/725/283
f 794/726/284 811/727/285 793/728/286
f 808/699/246 827/729/287 809/730/288
f 801/725/283 821/720/289 802/731/290
f 802/731/290 821/720/289 803/732/291
f 793/728/286 813/733/292 795/734/293
f 809/730/288 828/735/294 810/736/295
f 810/736/295 812/737/296 794/726/284
f 803/732/291 822/738/297 804/739/298
f 795/734/293 814/740/299 796/741/300
f 804/739/298 823/742/301 805/743/302
f 796/741/300 816/744/303 797/745/304
f 797/745/304 816/744/303 798/746/305
f 805/743/302 824/747/306 806/748/307
f 798/749/305 818/750/308 799/751/309
f 806/748/307 825/752/310 807/697/244
f 799/751/309 819/753/311 800/723/281
f 837/754/6 834/755/312 829/756/313
f 821/720/278 837/722/280 822/738/314
f 813/733/315 831/757/316 814/740/317
f 828/735/318 830/758/319 812/737/320
f 814/740/317 831/757/316 832/759/321
f 823/742/322 837/722/280 838/760/323
f 816/744/324 832/759/321 833/761/325
f 823/742/322 839/762/326 824/747/327
f 817/763/328 833/764/325 834/765/329
f 824/747/327 839/762/326 825/752/330
f 818/750/331 834/765/329 835/766/332
f 825/752/330 840/767/333 826/698/334
f 819/753/335 835/766/332 820/724/336
f 826/698/334 841/768/337 827/729/338
f 811/727/339 830/758/319 829/769/340
f 811/727/339 829/769/340 813/733/315
f 885/770/341 852/771/342 848/619/343
f 845/620/344 846/621/345 843/622/346
f 845/620/344 847/623/347 846/624/345
f 848/619/348 849/625/349 847/623/347
f 850/772/350 851/773/351 849/628/349
f 852/771/352 853/630/352 851/773/352
f 854/774/353 855/775/353 853/630/353
f 856/776/354 857/777/355 855/775/356
f 858/778/173 859/635/170 857/777/355
f 861/636/357 862/637/357 859/635/357
f 863/638/358 864/779/359 862/637/360
f 863/638/358 865/780/361 864/781/359
f 867/782/362 868/783/363 865/780/361
f 867/782/362 869/784/364 868/785/363
f 871/646/365 872/786/365 869/784/365
f 873/787/366 874/788/367 872/786/368
f 873/787/366 875/789/369 874/790/367
f 876/791/370 877/792/371 875/789/369
f 878/653/372 879/654/373 877/793/371
f 844/655/374 843/622/374 879/654/374
f 867/782/375 909/794/376 870/795/377
f 889/796/378 890/664/379 906/797/380
f 892/798/381 907/667/382 891/799/383
f 892/798/381 893/669/384 907/667/382
f 895/670/385 896/800/386 908/671/387
f 898/801/388 909/802/389 897/803/390
f 898/801/388 899/804/391 909/802/389
f 901/675/392 902/676/393 910/805/394
f 905/806/395 911/807/396 904/808/397
f 905/806/398 881/809/399 911/807/400
f 922/810/401 939/811/402 900/678/403
f 886/679/404 918/812/405 887/813/406
f 898/801/388 922/810/407 899/804/391
f 889/796/378 919/682/408 890/664/379
f 901/675/392 923/814/409 902/676/393
f 881/809/399 912/815/410 880/816/411
f 902/676/412 924/817/412 903/818/412
f 892/798/381 920/687/413 893/669/384
f 882/819/414 914/688/415 883/820/416
f 883/820/416 915/821/417 884/822/418
f 905/806/398 913/823/419 881/809/399
f 895/670/385 921/694/420 896/800/386
f 884/822/418 916/824/421 885/825/422
f 885/825/422 917/826/423 886/696/404
f 888/827/424 932/828/425 889/796/426
f 901/675/427 939/811/402 940/829/428
f 889/796/426 932/828/425 919/682/429
f 924/817/430 940/829/428 941/830/431
f 891/799/383 933/831/432 934/832/433
f 912/815/434 926/705/435 925/706/436
f 924/817/430 941/830/431 942/833/437
f 912/815/434 925/706/436 882/819/414
f 920/687/438 934/832/433 935/834/439
f 914/688/415 925/706/436 927/835/440
f 904/808/397 943/712/441 905/806/395
f 920/687/438 935/834/439 894/711/442
f 914/688/415 927/835/440 915/821/443
f 913/823/444 943/712/441 926/705/435
f 894/711/442 936/836/445 895/670/446
f 895/670/446 936/836/445 921/694/447
f 915/821/443 929/837/448 916/824/449
f 921/694/447 936/836/445 937/838/450
f 916/824/449 929/837/448 917/826/451
f 898/801/388 937/838/450 938/719/452
f 918/812/453 930/839/454 931/840/455
f 918/812/453 931/840/455 888/827/424
f 953/841/456 968/842/457 969/843/458
f 932/844/459 952/845/460 933/846/461
f 940/847/462 959/848/463 941/849/464
f 933/846/461 952/845/460 934/850/465
f 926/851/466 944/852/467 925/728/468
f 941/849/464 959/848/463 942/853/469
f 934/850/465 953/841/470 935/854/471
f 925/728/468 946/855/472 927/856/473
f 942/853/469 960/857/474 943/736/475
f 943/736/475 945/858/476 926/851/466
f 935/854/471 954/859/477 936/860/478
f 927/856/473 947/861/479 928/862/480
f 928/862/480 948/863/481 929/864/482
f 936/860/478 955/865/483 937/866/484
f 929/864/482 949/867/485 930/746/486
f 937/866/484 956/747/487 938/748/488
f 930/868/486 949/869/485 931/870/489
f 938/748/488 957/871/490 939/872/491
f 931/870/489 950/750/492 932/844/459
f 939/872/491 958/873/493 940/847/462
f 970/874/147 966/755/494 961/875/7
f 944/852/495 963/876/496 946/855/497
f 953/841/456 969/843/458 954/859/498
f 945/858/499 974/877/500 962/878/501
f 947/861/502 963/876/496 964/879/503
f 948/863/504 964/879/503 965/880/505
f 955/865/506 971/881/507 956/747/508
f 949/869/509 965/764/505 966/765/510
f 956/747/508 971/881/507 957/871/511
f 950/750/512 966/765/510 967/882/513
f 957/871/511 972/883/514 958/873/515
f 958/873/515 973/884/516 959/848/517
f 952/845/518 967/882/513 968/842/457
f 944/852/495 962/878/501 961/769/519
f 742/644/520 769/885/521 781/886/522
f 746/648/523 744/646/6 742/644/520
f 726/629/6 724/626/6 722/619/169
f 768/887/524 742/644/520 739/640/525
f 767/888/526 768/887/524 739/640/525
f 739/640/525 737/638/6 735/636/527
f 735/636/527 733/634/6 732/889/528
f 732/889/528 730/632/6 728/618/168
f 728/618/168 726/629/6 722/619/169
f 722/619/169 719/620/6 718/655/529
f 718/655/529 750/653/6 748/650/530
f 746/648/523 742/644/520 781/886/522
f 780/890/531 767/888/526 739/640/525
f 748/650/530 746/648/523 781/886/522
f 748/650/530 781/886/522 773/891/532
f 780/890/531 739/640/525 735/636/527
f 748/650/530 773/891/532 775/892/533
f 764/893/534 780/890/531 735/636/527
f 779/894/535 764/893/534 735/636/527
f 748/650/530 775/892/533 776/895/536
f 779/894/535 735/636/527 732/889/528
f 718/655/529 748/650/530 776/895/536
f 718/655/529 776/895/536 753/896/537
f 761/897/538 779/894/535 732/889/528
f 718/655/529 753/896/537 777/898/539
f 778/899/540 761/897/538 732/889/528
f 722/619/169 718/655/529 777/898/539
f 778/899/540 732/889/528 728/618/168
f 758/900/541 778/899/540 728/618/168
f 722/619/169 777/898/539 755/901/542
f 757/902/543 758/900/541 728/618/168
f 722/619/169 755/901/542 756/617/167
f 756/617/167 757/902/543 728/618/168
f 718/655/357 719/620/357 717/622/357
f 719/620/170 722/619/174 721/623/173
f 722/619/174 724/626/176 723/625/175
f 724/626/176 726/629/178 725/627/177
f 726/629/178 728/618/180 727/630/179
f 728/618/180 730/632/182 729/631/181
f 730/632/182 732/889/544 731/633/183
f 732/889/544 733/634/545 731/633/183
f 733/634/546 735/636/546 734/635/546
f 735/636/547 737/638/547 736/637/547
f 737/638/548 739/640/548 738/639/548
f 739/640/187 742/644/191 741/642/190
f 742/644/191 744/646/193 743/645/192
f 744/646/193 746/648/195 745/647/194
f 746/648/195 748/650/197 747/649/196
f 748/650/549 750/653/549 749/651/549
f 750/653/550 718/655/550 751/654/550
f 767/656/201 789/694/242 790/657/202
f 742/644/520 768/887/524 769/885/521
f 752/661/551 777/660/552 753/691/240
f 759/700/247 778/665/553 758/681/554
f 759/700/247 760/663/249 778/665/553
f 762/668/555 779/667/556 761/664/211
f 765/711/263 780/671/557 764/669/216
f 765/711/263 766/670/268 780/671/557
f 770/672/219 771/678/226 781/673/220
f 771/678/226 772/675/558 781/673/220
f 774/684/559 775/686/560 773/676/223
f 770/672/219 806/719/277 807/677/225
f 757/696/561 785/695/561 786/715/561
f 769/674/562 790/657/562 770/672/562
f 758/681/554 786/680/563 759/700/247
f 761/664/211 787/682/229 762/668/555
f 753/691/240 782/690/239 752/661/551
f 773/676/223 791/683/230 774/684/559
f 764/669/216 788/687/234 765/711/263
f 755/662/564 783/688/564 784/692/564
f 776/689/238 792/685/237 782/690/239
f 756/693/565 784/692/565 785/695/565
f 772/675/558 771/678/226 807/677/225
f 760/663/249 799/701/248 800/702/250
f 791/683/252 772/675/558 807/677/225
f 762/668/215 787/682/251 801/704/254
f 752/661/206 782/690/265 794/705/255
f 774/684/231 791/683/252 808/703/253
f 763/666/213 762/668/215 801/704/254
f 792/685/232 774/684/231 809/707/257
f 788/687/259 763/666/213 802/708/258
f 783/688/261 754/659/204 793/706/256
f 792/685/232 809/707/257 810/712/266
f 782/690/265 792/685/232 810/712/266
f 765/711/263 803/709/260 804/713/267
f 784/692/264 795/710/262 796/714/270
f 789/694/269 804/713/267 805/718/276
f 785/695/271 796/714/270 797/716/273
f 790/657/275 789/694/269 805/718/276
f 786/715/272 785/695/271 797/716/273
f 770/672/219 790/657/275 806/719/277
f 786/680/272 798/903/274 799/701/248
f 800/723/281 819/753/311 820/724/282
f 808/699/246 826/698/245 827/729/287
f 794/726/284 812/737/296 811/727/285
f 801/725/283 820/724/282 821/720/289
f 793/728/286 811/727/285 813/733/292
f 809/730/288 827/729/287 828/735/294
f 803/732/291 821/720/289 822/738/297
f 795/734/293 813/733/292 814/740/299
f 810/736/295 828/735/294 812/737/296
f 804/739/298 822/738/297 823/742/301
f 796/741/300 814/740/299 815/904/566
f 796/741/300 815/904/566 816/744/303
f 805/743/302 823/742/301 824/747/306
f 798/749/305 816/905/303 817/763/567
f 806/748/307 824/747/306 825/752/310
f 798/749/305 817/763/567 818/750/308
f 807/697/244 825/752/310 826/698/245
f 799/751/309 818/750/308 819/753/311
f 829/756/313 830/906/166 842/907/568
f 841/908/6 840/909/569 839/910/570
f 839/910/570 838/911/571 837/754/6
f 836/912/6 835/913/572 834/755/312
f 834/755/312 833/914/573 832/915/159
f 832/915/159 831/916/574 829/756/313
f 829/756/313 842/907/568 841/908/6
f 841/908/6 839/910/570 837/754/6
f 837/754/6 836/912/6 834/755/312
f 834/755/312 832/915/159 829/756/313
f 829/756/313 841/908/6 837/754/6
f 813/733/315 829/769/340 831/757/316
f 828/735/318 842/917/575 830/758/319
f 823/742/322 822/738/314 837/722/280
f 815/904/576 814/740/317 832/759/321
f 816/744/324 815/904/576 832/759/321
f 823/742/322 838/760/323 839/762/326
f 817/763/328 816/905/324 833/764/325
f 818/750/331 817/763/328 834/765/329
f 825/752/330 839/762/326 840/767/333
f 819/753/335 818/750/331 835/766/332
f 826/698/334 840/767/333 841/768/337
f 820/724/336 835/766/332 836/721/279
f 811/727/339 812/737/320 830/758/319
f 827/729/338 841/768/337 842/917/575
f 821/720/278 820/724/336 836/721/279
f 828/735/318 827/729/338 842/917/575
f 870/795/377 909/794/376 899/918/577
f 870/795/377 899/918/577 910/919/578
f 873/787/579 871/646/7 870/795/377
f 858/778/580 856/776/7 854/774/7
f 867/782/375 866/920/7 863/638/7
f 896/921/581 909/794/376 867/782/375
f 867/782/375 863/638/7 861/636/582
f 861/636/582 860/922/7 858/778/580
f 858/778/580 854/774/7 852/771/342
f 852/771/342 850/772/7 848/619/343
f 848/619/343 845/620/7 844/655/583
f 844/655/583 878/653/7 876/791/584
f 873/787/579 870/795/377 910/919/578
f 908/890/585 896/921/581 867/782/375
f 876/791/584 873/787/579 910/919/578
f 876/791/584 910/919/578 902/891/586
f 908/890/585 867/782/375 861/636/582
f 876/791/584 902/891/586 903/923/587
f 893/893/588 908/890/585 861/636/582
f 907/894/589 893/893/588 861/636/582
f 876/791/584 903/923/587 911/924/590
f 907/894/589 861/636/582 858/778/580
f 844/655/583 876/791/584 911/924/590
f 844/655/583 911/924/590 881/925/591
f 890/897/592 907/894/589 858/778/580
f 844/655/583 881/925/591 880/926/593
f 906/927/594 890/897/592 858/778/580
f 848/619/343 844/655/583 880/926/593
f 848/619/343 880/926/593 883/928/595
f 906/927/594 858/778/580 852/771/342
f 887/900/596 906/927/594 852/771/342
f 848/619/343 883/928/595 884/929/597
f 886/930/598 887/900/596 852/771/342
f 885/770/341 886/930/598 852/771/342
f 848/619/343 884/929/597 885/770/341
f 844/655/185 845/620/185 843/622/185
f 845/620/344 848/619/348 847/623/347
f 848/619/348 850/772/350 849/625/349
f 850/772/599 852/771/599 851/773/599
f 852/771/600 854/774/600 853/630/600
f 854/774/601 856/776/354 855/775/356
f 856/776/354 858/778/173 857/777/355
f 858/778/173 860/922/171 859/635/170
f 860/922/171 861/636/172 859/635/170
f 861/636/602 863/638/602 862/637/602
f 863/638/358 866/920/603 865/780/361
f 866/920/603 867/782/362 865/780/361
f 867/782/362 870/795/604 869/784/364
f 870/795/604 871/646/605 869/784/364
f 871/646/606 873/787/606 872/786/606
f 873/787/366 876/791/370 875/789/369
f 876/791/370 878/653/372 877/792/371
f 878/653/186 844/655/186 879/654/186
f 896/800/386 921/694/420 897/803/607
f 882/819/608 883/820/609 880/816/411
f 888/827/424 906/797/610 887/813/406
f 888/827/424 889/796/426 906/797/610
f 891/799/611 907/667/612 890/664/379
f 894/711/442 908/671/613 893/669/384
f 894/711/442 895/670/446 908/671/613
f 897/803/607 909/802/614 896/800/386
f 899/804/391 900/678/403 910/805/615
f 900/678/403 901/675/427 910/805/615
f 904/808/397 911/807/396 903/818/616
f 922/810/401 938/719/452 939/811/402
f 886/679/404 917/931/423 918/812/405
f 887/813/406 918/812/405 888/827/424
f 899/804/391 922/810/407 900/678/403
f 902/676/617 923/814/617 924/817/617
f 890/664/379 919/682/408 891/799/611
f 881/809/399 913/823/419 912/815/410
f 880/816/411 912/815/410 882/819/608
f 903/818/616 924/817/618 904/808/397
f 893/669/384 920/687/413 894/711/442
f 883/820/416 914/688/415 915/821/417
f 884/822/418 915/821/417 916/824/421
f 885/825/422 916/824/421 917/826/423
f 888/827/424 931/840/455 932/828/425
f 901/675/427 900/678/403 939/811/402
f 923/814/619 901/675/427 940/829/428
f 919/682/429 932/828/425 933/831/432
f 924/817/430 923/814/619 940/829/428
f 891/799/383 919/682/429 933/831/432
f 912/815/434 913/823/444 926/705/435
f 892/798/381 891/799/383 934/832/433
f 904/808/397 924/817/430 942/833/437
f 920/687/438 892/798/381 934/832/433
f 914/688/415 882/819/414 925/706/436
f 904/808/397 942/833/437 943/712/441
f 913/823/444 905/806/395 943/712/441
f 894/711/442 935/834/439 936/836/445
f 915/821/443 927/835/440 928/932/620
f 915/821/443 928/932/620 929/837/448
f 897/803/390 921/694/447 937/838/450
f 917/826/451 929/837/448 930/717/454
f 898/801/388 897/803/390 937/838/450
f 918/812/453 917/931/451 930/839/454
f 922/810/401 898/801/388 938/719/452
f 932/844/459 951/753/621 952/845/460
f 940/847/462 958/873/493 959/848/463
f 926/851/466 945/858/476 944/852/467
f 934/850/465 952/845/460 953/841/470
f 942/853/469 959/848/463 960/857/474
f 925/728/468 944/852/467 946/855/472
f 935/854/471 953/841/470 954/859/477
f 943/736/475 960/857/474 945/858/476
f 927/856/473 946/855/472 947/861/479
f 936/860/478 954/859/477 955/865/483
f 928/862/480 947/861/479 948/863/481
f 937/866/484 955/865/483 956/747/487
f 929/864/482 948/863/481 949/867/485
f 938/748/488 956/747/487 957/871/490
f 931/870/489 949/869/485 950/750/492
f 939/872/491 957/871/490 958/873/493
f 932/844/459 950/750/492 951/753/621
f 961/875/7 962/933/622 974/934/623
f 973/935/7 972/936/624 971/937/625
f 970/874/147 969/938/626 968/939/494
f 968/939/494 967/940/627 966/755/494
f 966/755/494 965/941/628 964/942/160
f 964/942/160 963/943/629 961/875/7
f 961/875/7 974/934/623 973/935/7
f 973/935/7 971/937/625 970/874/147
f 970/874/147 968/939/494 966/755/494
f 966/755/494 964/942/160 961/875/7
f 961/875/7 973/935/7 970/874/147
f 944/852/495 961/769/519 963/876/496
f 945/858/499 960/857/630 974/877/500
f 954/859/498 969/843/458 970/944/631
f 947/861/502 946/855/497 963/876/496
f 955/865/506 954/859/498 970/944/631
f 948/863/504 947/861/502 964/879/503
f 955/865/506 970/944/631 971/881/507
f 949/867/509 948/863/504 965/880/505
f 950/750/512 949/869/509 966/765/510
f 957/871/511 971/881/507 972/883/514
f 951/753/632 950/750/512 967/882/513
f 958/873/515 972/883/514 973/884/516
f 952/845/518 951/753/632 967/882/513
f 944/852/495 945/858/499 962/878/501
f 959/848/517 973/884/516 974/877/500
f 953/841/456 952/845/518 968/842/457
f 960/857/630 959/848/517 974/877/500
f 976/945/633 977/946/633 975/947/633
f 978/948/634 979/949/635 977/946/636
f 980/950/637 981/951/638 979/949/635
f 982/952/639 983/953/640 981/951/638
f 984/954/641 985/955/642 983/956/640
f 986/957/643 987/958/644 985/955/642
f 988/959/645 989/960/646 987/958/644
f 990/961/647 991/962/648 989/960/646
f 992/963/649 993/964/650 991/962/648
f 994/965/651 995/966/652 993/967/650
f 996/968/653 997/969/654 995/966/652
f 998/970/655 999/971/656 997/969/654
f 1000/972/657 1001/973/658 999/971/656
f 1002/974/659 1003/975/660 1001/973/658
f 1004/976/661 1005/977/662 1003/978/660
f 1006/979/663 1007/980/664 1005/977/662
f 1008/981/665 1009/982/666 1007/980/664
f 1010/983/667 975/947/668 1009/984/666
f 1018/985/669 1033/986/670 1017/987/671
f 1018/985/672 1019/988/673 1033/986/674
f 1023/989/675 1034/990/676 1022/991/677
f 1023/989/678 1024/992/679 1034/990/680
f 1027/993/681 1028/994/682 1026/995/683
f 1025/996/684 1046/997/684 1026/995/684
f 1027/993/681 1047/998/685 1028/994/682
f 1018/985/672 1041/999/686 1019/988/673
f 1028/994/687 1048/1000/687 1029/1001/687
f 1019/988/673 1042/1002/688 1020/1003/689
f 1029/1001/690 1049/1004/690 1030/1005/690
f 1020/1003/689 1043/1006/691 1021/1007/692
f 1012/1008/693 1037/1009/694 1013/1010/695
f 1013/1010/695 1038/1011/696 1014/1012/697
f 1031/1013/698 1036/1014/699 1032/1015/700
f 1023/989/678 1044/1016/701 1024/992/679
f 1014/1012/702 1038/1011/702 1015/1017/702
f 1032/1015/703 1036/1014/703 1011/1018/703
f 1024/992/704 1045/1019/704 1025/996/704
f 1015/1017/705 1039/1020/705 1016/1021/705
f 1058/1022/706 1055/1023/160 1052/1024/7
f 1018/985/669 1055/1025/707 1041/999/708
f 1047/998/709 1060/1026/710 1048/1000/711
f 1048/1000/711 1060/1026/710 1061/1027/712
f 1041/999/708 1056/1028/713 1042/1002/714
f 1049/1004/715 1061/1027/712 1062/1029/716
f 1043/1006/717 1056/1028/713 1057/1030/718
f 1035/1031/719 1052/1032/720 1012/1008/693
f 1050/1033/721 1063/1034/722 1031/1013/698
f 1022/991/677 1057/1030/718 1023/989/675
f 1037/1009/694 1052/1032/720 1038/1011/723
f 1044/1016/724 1057/1030/718 1058/1035/725
f 1044/1016/724 1058/1035/725 1045/1019/726
f 1038/1011/723 1053/1036/727 1039/1020/728
f 1046/997/729 1058/1035/725 1059/1037/730
f 1040/1038/731 1054/1039/732 1017/987/671
f 1027/993/733 1059/1037/730 1060/1026/710
f 1017/987/671 1055/1025/707 1018/985/669
f 1065/1040/734 1066/1041/735 1064/1042/736
f 1067/948/737 1068/1043/738 1066/1044/735
f 1069/1045/739 1070/1046/175 1068/1043/738
f 1071/1047/740 1072/1048/177 1070/1049/175
f 1073/1050/178 1074/955/179 1072/1048/177
f 1075/957/180 1076/958/181 1074/955/179
f 1077/959/741 1078/960/742 1076/958/181
f 1079/961/743 1080/962/744 1078/960/742
f 1081/963/745 1082/964/746 1080/962/744
f 1083/965/747 1084/966/748 1082/967/746
f 1085/968/749 1086/969/750 1084/966/748
f 1087/970/751 1088/971/752 1086/969/750
f 1089/972/191 1090/973/192 1088/971/752
f 1091/974/193 1092/1051/194 1090/973/192
f 1093/1052/753 1094/1053/754 1092/1051/194
f 1095/1054/755 1096/1055/756 1094/1056/754
f 1097/1057/757 1098/1058/758 1096/1055/756
f 1099/1059/759 1064/1042/736 1098/1058/758
f 1107/1060/760 1125/1061/761 1106/987/762
f 1107/1060/760 1108/1062/763 1125/1061/761
f 1111/1063/764 1126/1064/765 1110/1065/766
f 1111/1063/764 1112/1066/767 1126/1064/765
f 1114/1067/768 1115/1068/769 1127/1069/770
f 1118/993/771 1119/1070/772 1117/1071/773
f 1123/1013/774 1128/1072/775 1122/1073/776
f 1123/1013/774 1124/1074/777 1128/1072/775
f 1116/1075/778 1139/1076/778 1117/1071/778
f 1118/993/771 1140/998/779 1119/1070/772
f 1107/1060/760 1135/1077/780 1108/1062/763
f 1108/1062/763 1136/1078/781 1109/1079/782
f 1119/1070/783 1141/1000/783 1120/1001/783
f 1120/1001/784 1142/1004/784 1121/1080/784
f 1111/1063/764 1137/1081/785 1112/1066/767
f 1101/1008/786 1131/1009/787 1102/1010/788
f 1102/1010/788 1132/1011/789 1103/1012/790
f 1123/1013/774 1130/1014/791 1124/1074/777
f 1103/1012/792 1132/1011/792 1104/1017/792
f 1124/1074/793 1130/1014/793 1100/1082/793
f 1114/1067/768 1138/1083/794 1115/1068/769
f 1115/1068/795 1138/1083/795 1116/1075/795
f 1104/1017/796 1133/1020/796 1105/1084/796
f 1150/1085/6 1146/1086/797 1144/1024/159
f 1107/1060/760 1147/1087/798 1135/1077/799
f 1140/998/800 1153/1088/801 1141/1000/802
f 1135/1077/799 1147/1087/798 1136/1078/803
f 1141/1000/802 1153/1088/801 1154/1027/804
f 1142/1004/805 1154/1027/804 1155/1029/806
f 1111/1063/764 1148/1089/807 1149/1090/808
f 1129/1031/809 1144/1032/810 1101/1008/786
f 1122/1073/776 1156/1034/811 1123/1013/774
f 1137/1081/812 1150/1091/813 1113/1092/814
f 1131/1009/787 1144/1032/810 1132/1011/815
f 1113/1092/814 1150/1091/813 1114/1067/768
f 1114/1067/768 1151/1093/816 1138/1083/794
f 1132/1011/815 1145/1094/817 1133/1020/818
f 1139/1076/819 1151/1093/816 1152/1095/820
f 1134/1096/821 1145/1094/817 1146/1097/822
f 1134/1038/821 1146/1098/822 1106/987/762
f 1118/993/823 1152/1095/820 1153/1088/801
f 1106/987/762 1146/1098/822 1107/1060/760
f 976/945/824 978/948/634 977/946/636
f 978/948/634 980/950/637 979/949/635
f 980/950/637 982/952/639 981/951/638
f 982/952/639 984/954/641 983/953/640
f 984/954/641 986/957/643 985/955/642
f 986/957/643 988/959/645 987/958/644
f 988/959/645 990/961/647 989/960/646
f 990/961/647 992/963/649 991/962/648
f 992/963/649 994/965/651 993/964/650
f 994/965/651 996/968/653 995/966/652
f 996/968/653 998/970/655 997/969/654
f 998/970/655 1000/972/657 999/971/656
f 1000/972/657 1002/974/659 1001/973/658
f 1002/974/659 1004/976/661 1003/975/660
f 1004/976/661 1006/979/663 1005/977/662
f 1006/979/663 1008/981/665 1007/980/664
f 1008/981/665 1010/983/667 1009/982/666
f 1002/974/825 1000/972/826 1026/1099/827
f 1006/979/828 1004/976/7 1002/974/825
f 1010/983/829 1008/981/7 1006/979/828
f 980/950/7 978/948/7 976/945/830
f 996/968/831 994/965/7 992/963/7
f 1024/1100/832 1025/1101/833 1000/972/826
f 1000/972/826 998/970/7 996/968/831
f 996/968/831 992/963/7 990/961/834
f 990/961/835 988/959/7 986/957/836
f 986/957/836 984/954/7 982/952/837
f 982/952/837 980/950/7 976/945/830
f 1002/974/825 1026/1099/827 1028/1102/838
f 1024/1100/832 1000/972/826 996/968/831
f 1006/979/828 1002/974/825 1028/1102/838
f 1006/979/828 1028/1102/838 1029/1103/839
f 1034/1104/840 1024/1100/832 996/968/831
f 1006/979/828 1029/1103/839 1030/1105/841
f 1034/1104/840 996/968/831 990/961/834
f 1021/1106/842 1034/1104/842 990/961/842
f 1010/983/829 1006/979/828 1030/1105/841
f 1020/1107/843 1021/1106/844 990/961/835
f 1010/983/829 1030/1105/841 1032/1108/845
f 1019/1109/846 1020/1107/843 990/961/835
f 976/945/830 1010/983/829 1032/1108/845
f 976/945/830 1032/1108/845 1011/1110/847
f 1019/1109/846 990/961/835 986/957/836
f 1033/1111/848 1019/1109/846 986/957/836
f 976/945/830 1011/1110/847 1013/1112/849
f 1016/1113/850 1033/1111/848 986/957/836
f 982/952/837 976/945/830 1013/1112/849
f 1016/1113/850 986/957/836 982/952/837
f 982/952/837 1013/1112/849 1014/1114/851
f 982/952/837 1014/1114/851 1015/1115/852
f 1015/1115/852 1016/1113/850 982/952/837
f 1010/983/853 976/945/853 975/947/853
f 1025/996/854 1045/1019/854 1046/997/854
f 1000/972/826 1025/1101/833 1026/1099/827
f 1012/1008/855 1013/1010/856 1011/1018/857
f 1017/987/671 1033/986/670 1016/1116/858
f 1022/991/677 1034/990/676 1021/1007/692
f 1031/1013/859 1032/1015/860 1030/1005/861
f 1047/998/709 1027/993/733 1060/1026/710
f 1016/1021/862 1039/1020/862 1040/1096/862
f 1016/1116/858 1040/1038/863 1017/987/671
f 1026/995/864 1046/997/864 1027/993/864
f 1028/994/865 1047/998/865 1048/1000/865
f 1019/988/673 1041/999/686 1042/1002/688
f 1029/1001/866 1048/1000/866 1049/1004/866
f 1011/1018/867 1036/1014/867 1035/1031/867
f 1020/1003/689 1042/1002/688 1043/1006/691
f 1011/1018/857 1035/1031/868 1012/1008/855
f 1030/1005/869 1049/1004/869 1050/1033/869
f 1021/1007/692 1043/1006/691 1022/991/677
f 1030/1005/861 1050/1033/870 1031/1013/859
f 1013/1010/695 1037/1009/694 1038/1011/696
f 1024/992/871 1044/1016/871 1045/1019/871
f 1015/1017/872 1038/1011/872 1039/1020/872
f 1052/1024/7 1051/1117/494 1063/1118/494
f 1063/1118/494 1062/1119/873 1061/1120/147
f 1061/1120/147 1060/1121/874 1059/1122/7
f 1058/1022/706 1057/1123/875 1056/1124/876
f 1055/1023/160 1054/1125/877 1053/1126/878
f 1052/1024/7 1063/1118/494 1061/1120/147
f 1061/1120/147 1059/1122/7 1058/1022/706
f 1058/1022/706 1056/1124/876 1055/1023/160
f 1055/1023/160 1053/1126/878 1052/1024/7
f 1052/1024/7 1061/1120/147 1058/1022/706
f 1041/999/708 1055/1025/707 1056/1028/713
f 1049/1004/715 1048/1000/711 1061/1027/712
f 1035/1031/719 1036/1014/699 1051/1127/879
f 1043/1006/717 1042/1002/714 1056/1028/713
f 1035/1031/719 1051/1127/879 1052/1032/720
f 1050/1033/721 1049/1004/715 1062/1029/716
f 1022/991/677 1043/1006/717 1057/1030/718
f 1037/1009/694 1012/1008/693 1052/1032/720
f 1050/1033/721 1062/1029/716 1063/1034/722
f 1036/1014/699 1031/1013/698 1063/1034/722
f 1044/1016/724 1023/989/675 1057/1030/718
f 1038/1011/723 1052/1032/720 1053/1036/727
f 1036/1014/699 1063/1034/722 1051/1127/879
f 1039/1020/728 1053/1036/727 1054/1128/732
f 1046/997/729 1045/1019/726 1058/1035/725
f 1040/1096/731 1039/1020/728 1054/1128/732
f 1027/993/733 1046/997/729 1059/1037/730
f 1017/987/671 1054/1039/732 1055/1025/707
f 1065/1040/734 1067/948/737 1066/1041/735
f 1067/948/737 1069/1045/739 1068/1043/738
f 1069/1045/739 1071/1047/740 1070/1046/175
f 1071/1047/740 1073/1050/178 1072/1048/177
f 1073/1050/178 1075/957/180 1074/955/179
f 1075/957/180 1077/959/741 1076/958/181
f 1077/959/741 1079/961/743 1078/960/742
f 1079/961/743 1081/963/745 1080/962/744
f 1081/963/745 1083/965/747 1082/964/746
f 1083/965/747 1085/968/749 1084/966/748
f 1085/968/749 1087/970/751 1086/969/750
f 1087/970/751 1089/972/191 1088/971/752
f 1089/972/191 1091/974/193 1090/973/192
f 1091/974/193 1093/1052/753 1092/1051/194
f 1093/1052/753 1095/1054/755 1094/1053/754
f 1095/1054/755 1097/1057/757 1096/1055/756
f 1097/1057/757 1099/1059/759 1098/1058/758
f 1091/974/880 1089/972/881 1117/1129/882
f 1095/1054/883 1093/1052/6 1091/974/880
f 1099/1059/884 1097/1057/6 1095/1054/883
f 1069/1045/6 1067/948/6 1065/1040/885
f 1085/968/886 1083/965/6 1081/963/6
f 1115/1130/887 1116/1131/888 1089/972/881
f 1089/972/881 1087/970/6 1085/968/886
f 1085/968/886 1081/963/6 1079/961/889
f 1079/961/890 1077/959/6 1075/957/891
f 1075/957/891 1073/1050/6 1071/1047/892
f 1071/1047/892 1069/1045/6 1065/1040/885
f 1091/974/880 1117/1129/882 1119/1132/893
f 1115/1130/887 1089/972/881 1085/968/886
f 1127/1133/894 1115/1130/887 1085/968/886
f 1095/1054/883 1091/974/880 1119/1132/893
f 1095/1054/883 1119/1132/893 1120/1103/895
f 1112/1134/896 1127/1133/894 1085/968/886
f 1095/1054/883 1120/1103/895 1121/1135/897
f 1112/1134/896 1085/968/886 1079/961/889
f 1126/1136/898 1112/1134/898 1079/961/898
f 1099/1059/884 1095/1054/883 1121/1135/897
f 1099/1059/884 1121/1135/897 1128/1137/899
f 1109/1138/900 1126/1136/901 1079/961/890
f 1099/1059/884 1128/1137/899 1124/1139/902
f 1108/1140/903 1109/1138/900 1079/961/890
f 1065/1040/885 1099/1059/884 1124/1139/902
f 1065/1040/885 1124/1139/902 1100/1141/904
f 1108/1140/903 1079/961/890 1075/957/891
f 1125/1142/905 1108/1140/903 1075/957/891
f 1065/1040/885 1100/1141/904 1102/1112/906
f 1105/1143/907 1125/1142/905 1075/957/891
f 1071/1047/892 1065/1040/885 1102/1112/906
f 1105/1143/907 1075/957/891 1071/1047/892
f 1071/1047/892 1102/1112/906 1103/1114/908
f 1071/1047/892 1103/1114/908 1104/1115/909
f 1104/1115/909 1105/1143/907 1071/1047/892
f 1099/1059/759 1065/1040/734 1064/1042/736
f 1116/1075/910 1138/1083/910 1139/1076/910
f 1089/972/881 1116/1131/888 1117/1129/882
f 1101/1008/911 1102/1010/912 1100/1082/913
f 1106/987/762 1125/1061/761 1105/1144/914
f 1110/1065/915 1126/1064/916 1109/1079/782
f 1113/1092/814 1127/1069/770 1112/1066/767
f 1113/1092/814 1114/1067/768 1127/1069/770
f 1122/1073/776 1128/1072/775 1121/1080/917
f 1140/998/800 1118/993/823 1153/1088/801
f 1105/1084/918 1133/1020/918 1134/1096/918
f 1105/1144/914 1134/1038/919 1106/987/762
f 1117/1071/920 1139/1076/920 1118/993/920
f 1119/1070/921 1140/998/921 1141/1000/921
f 1108/1062/763 1135/1077/780 1136/1078/781
f 1120/1001/922 1141/1000/922 1142/1004/922
f 1109/1079/782 1136/1078/781 1110/1065/915
f 1100/1082/923 1130/1014/923 1129/1031/923
f 1100/1082/913 1129/1031/924 1101/1008/911
f 1121/1080/917 1142/1004/925 1122/1073/776
f 1112/1066/767 1137/1081/785 1113/1092/814
f 1102/1010/788 1131/1009/787 1132/1011/789
f 1104/1017/926 1132/1011/926 1133/1020/926
f 1144/1024/159 1143/1117/312 1156/1118/312
f 1156/1118/312 1155/1119/927 1154/1120/928
f 1154/1120/928 1153/1145/929 1152/1146/928
f 1152/1146/928 1151/1147/930 1150/1085/6
f 1150/1085/6 1149/1148/931 1148/1149/6
f 1148/1149/6 1147/1150/932 1146/1086/797
f 1144/1024/159 1156/1118/312 1154/1120/928
f 1154/1120/928 1152/1146/928 1150/1085/6
f 1150/1085/6 1148/1149/6 1146/1086/797
f 1146/1086/797 1145/1151/933 1144/1024/159
f 1144/1024/159 1154/1120/928 1150/1085/6
f 1107/1060/760 1146/1098/822 1147/1087/798
f 1136/1078/803 1147/1087/798 1148/1089/807
f 1142/1004/805 1141/1000/802 1154/1027/804
f 1110/1065/766 1136/1078/803 1148/1089/807
f 1129/1031/809 1130/1014/791 1143/1127/934
f 1111/1063/764 1110/1065/766 1148/1089/807
f 1129/1031/809 1143/1127/934 1144/1032/810
f 1122/1073/776 1142/1004/805 1155/1029/806
f 1137/1081/812 1111/1063/764 1149/1090/808
f 1131/1009/787 1101/1008/786 1144/1032/810
f 1122/1073/776 1155/1029/806 1156/1034/811
f 1137/1081/812 1149/1090/808 1150/1091/813
f 1130/1014/791 1123/1013/774 1156/1034/811
f 1132/1011/815 1144/1032/810 1145/1094/817
f 1130/1014/791 1156/1034/811 1143/1127/934
f 1114/1067/768 1150/1091/813 1151/1093/816
f 1139/1076/819 1138/1083/794 1151/1093/816
f 1134/1096/821 1133/1020/818 1145/1094/817
f 1118/993/823 1139/1076/819 1152/1095/820
f 1158/1152/7 1159/1153/935 1157/1154/7
f 1160/1155/935 1161/1156/936 1159/1153/935
f 1168/1157/937 1165/1158/1 1166/1159/1
f 1168/1157/937 1169/1160/938 1167/1161/937
f 1170/1162/938 1171/1163/939 1169/1160/938
f 1172/1164/939 1173/1165/6 1171/1163/939
f 1174/1166/6 1175/1167/940 1173/1165/6
f 1176/1168/940 1177/1169/941 1175/1167/940
f 1178/1170/941 1179/1171/942 1177/1169/941
f 1180/1172/942 1181/1173/11 1179/1171/942
f 1182/1174/11 1183/1175/943 1181/1173/11
f 1184/1176/943 1185/1177/161 1183/1175/943
f 1181/1178/2 1237/1179/2 1179/1180/2
f 1186/1181/161 1187/1182/944 1185/1177/161
f 1188/1183/944 1157/1154/7 1187/1182/944
f 1200/1184/4 1190/1185/4 1194/1186/4
f 1211/1187/2 1271/1188/2 1254/1189/2
f 1161/1190/2 1225/1191/2 1223/1192/2
f 1208/1193/2 1253/1194/2 1252/1195/2
f 1178/1196/4 1238/1197/4 1180/1198/4
f 1207/1199/2 1252/1195/2 1251/1200/2
f 1162/1201/4 1221/1202/4 1224/1203/4
f 1179/1204/2 1235/1205/2 1177/1206/2
f 1206/1207/2 1251/1200/2 1250/1208/2
f 1161/1209/2 1220/1210/2 1159/1211/2
f 1205/1212/2 1250/1208/2 1249/1213/2
f 1275/1214/4 1174/1215/4 1234/1216/4
f 1205/1217/2 1247/1218/2 1203/1219/2
f 1273/1220/2 1173/1221/2 1175/1222/2
f 1203/1223/2 1248/1224/2 1204/1225/2
f 1160/1226/4 1222/1227/4 1221/1202/4
f 1159/1228/2 1219/1229/2 1157/1230/2
f 1276/1231/4 1174/1232/4 1172/1233/4
f 1272/1234/945 1234/1216/6 1276/1231/945
f 1276/1231/4 1170/1235/4 1232/1236/4
f 1225/1191/946 1191/1237/936 1223/1192/936
f 1241/1238/943 1199/1239/11 1239/1240/11
f 1220/1210/935 1189/1241/7 1219/1229/7
f 1231/1242/938 1194/1243/937 1229/1244/937
f 1237/1179/942 1197/1245/941 1235/1205/941
f 1219/1229/7 1202/1246/944 1245/1247/944
f 1227/1248/1 1192/1249/946 1225/1191/946
f 1243/1250/161 1200/1251/943 1241/1238/943
f 1223/1252/936 1190/1253/935 1220/1210/935
f 1239/1240/11 1198/1254/942 1237/1179/942
f 1229/1244/937 1193/1255/1 1227/1248/1
f 1245/1247/944 1201/1256/161 1243/1250/161
f 1246/1257/944 1259/1258/161 1260/1259/944
f 1224/1260/936 1250/1208/946 1226/1261/946
f 1222/1227/7 1247/1218/935 1221/1202/935
f 1240/1262/11 1258/1263/943 1242/1264/943
f 1230/1265/937 1253/1194/938 1232/1236/938
f 1236/1266/941 1256/1267/942 1238/1197/942
f 1222/1227/7 1260/1259/944 1248/1224/7
f 1226/1261/946 1251/1200/1 1228/1268/1
f 1242/1264/943 1259/1258/161 1244/1269/161
f 1221/1202/935 1249/1270/936 1224/1203/936
f 1238/1197/942 1257/1271/11 1240/1262/11
f 1228/1268/1 1252/1195/937 1230/1265/937
f 1162/1272/4 1226/1261/4 1164/1273/4
f 1272/1234/2 1209/1274/2 1210/1275/2
f 1182/1276/4 1238/1197/4 1240/1262/4
f 1272/1234/2 1211/1277/2 1254/1189/2
f 1163/1278/2 1227/1248/2 1225/1191/2
f 1212/1279/2 1255/1280/2 1271/1188/2
f 1183/1281/2 1239/1240/2 1181/1282/2
f 1164/1283/4 1228/1268/4 1166/1284/4
f 1214/1285/2 1255/1280/2 1213/1286/2
f 1184/1287/4 1240/1262/4 1242/1264/4
f 1215/1288/2 1256/1267/2 1214/1289/2
f 1165/1290/2 1229/1244/2 1227/1248/2
f 1216/1291/2 1257/1271/2 1215/1292/2
f 1185/1293/2 1241/1238/2 1183/1294/2
f 1166/1295/4 1230/1265/4 1168/1296/4
f 1217/1297/2 1258/1263/2 1216/1298/2
f 1186/1299/4 1242/1264/4 1244/1269/4
f 1218/1300/2 1259/1258/2 1217/1301/2
f 1167/1302/2 1231/1242/2 1229/1244/2
f 1204/1303/2 1260/1259/2 1218/1304/2
f 1187/1305/2 1243/1250/2 1185/1306/2
f 1168/1307/4 1232/1236/4 1170/1308/4
f 1188/1309/4 1244/1269/4 1246/1257/4
f 1235/1205/2 1175/1310/2 1177/1311/2
f 1157/1312/2 1245/1247/2 1187/1313/2
f 1271/1188/947 1234/1216/6 1254/1189/6
f 1158/1314/4 1246/1257/4 1222/1227/4
f 1274/1315/2 1169/1316/2 1171/1317/2
f 1266/1318/948 1264/1319/949 1262/1320/950
f 1206/1321/951 1263/1322/952 1207/1323/953
f 1215/1324/954 1266/1318/955 1267/1325/956
f 1215/1324/954 1267/1325/956 1216/1326/957
f 1209/1327/958 1263/1322/952 1264/1319/959
f 1216/1326/957 1268/1328/960 1217/1329/961
f 1217/1329/961 1268/1328/960 1218/1330/962
f 1211/1331/963 1264/1319/959 1265/1332/964
f 1204/1333/965 1261/1334/966 1203/1335/967
f 1218/1330/962 1261/1334/966 1204/1333/965
f 1203/1335/967 1262/1336/968 1205/1337/969
f 1213/1338/970 1265/1332/964 1266/1318/955
f 1205/1339/969 1262/1340/968 1206/1321/951
f 1196/1341/6 1274/1315/945 1233/1342/6
f 1233/1342/6 1269/1343/947 1196/1341/6
f 1197/1245/941 1273/1220/947 1235/1205/941
f 1274/1315/945 1195/1344/938 1231/1242/938
f 1236/1266/941 1271/1188/947 1255/1280/941
f 1274/1315/2 1173/1345/2 1233/1342/2
f 1236/1266/4 1176/1346/4 1275/1214/4
f 1272/1234/945 1232/1236/938 1253/1194/938
f 1164/1347/946 1161/1348/936 1162/1349/936
f 1166/1159/1 1163/1350/946 1164/1347/946
f 1158/1152/7 1160/1155/935 1159/1153/935
f 1160/1155/935 1162/1351/936 1161/1156/936
f 1168/1157/937 1167/1161/937 1165/1158/1
f 1168/1157/937 1170/1162/938 1169/1160/938
f 1170/1162/938 1172/1164/939 1171/1163/939
f 1172/1164/939 1174/1166/6 1173/1165/6
f 1174/1166/6 1176/1168/940 1175/1167/940
f 1176/1168/940 1178/1170/941 1177/1169/941
f 1178/1170/941 1180/1172/942 1179/1171/942
f 1180/1172/942 1182/1174/11 1181/1173/11
f 1182/1174/11 1184/1176/943 1183/1175/943
f 1184/1176/943 1186/1181/161 1185/1177/161
f 1181/1178/2 1239/1240/2 1237/1179/2
f 1186/1181/161 1188/1183/944 1187/1182/944
f 1188/1183/944 1158/1152/7 1157/1154/7
f 1194/1186/4 1195/1352/4 1270/1353/4
f 1270/1353/4 1196/1354/4 1269/1343/4
f 1269/1343/4 1197/1245/4 1198/1355/4
f 1198/1355/4 1199/1356/4 1200/1184/4
f 1200/1184/4 1201/1357/4 1202/1358/4
f 1202/1358/4 1189/1359/4 1190/1185/4
f 1190/1185/4 1191/1360/4 1192/1361/4
f 1192/1361/4 1193/1362/4 1194/1186/4
f 1194/1186/4 1270/1353/4 1269/1343/4
f 1269/1343/4 1198/1355/4 1200/1184/4
f 1200/1184/4 1202/1358/4 1190/1185/4
f 1190/1185/4 1192/1361/4 1194/1186/4
f 1194/1186/4 1269/1343/4 1200/1184/4
f 1211/1187/2 1212/1363/2 1271/1188/2
f 1161/1190/2 1163/1364/2 1225/1191/2
f 1208/1193/2 1209/1365/2 1253/1194/2
f 1178/1196/4 1236/1266/4 1238/1197/4
f 1207/1199/2 1208/1366/2 1252/1195/2
f 1162/1201/4 1160/1367/4 1221/1202/4
f 1179/1204/2 1237/1179/2 1235/1205/2
f 1206/1207/2 1207/1368/2 1251/1200/2
f 1161/1209/2 1223/1252/2 1220/1210/2
f 1205/1212/2 1206/1369/2 1250/1208/2
f 1275/1214/4 1176/1370/4 1174/1215/4
f 1214/1371/971 1213/1338/970 1266/1318/955
f 1205/1217/2 1249/1270/2 1247/1218/2
f 1273/1220/2 1233/1342/2 1173/1221/2
f 1203/1223/2 1247/1218/2 1248/1224/2
f 1160/1226/4 1158/1372/4 1222/1227/4
f 1159/1228/2 1220/1210/2 1219/1229/2
f 1276/1231/4 1234/1216/4 1174/1232/4
f 1272/1234/945 1254/1189/6 1234/1216/6
f 1276/1231/4 1172/1373/4 1170/1235/4
f 1225/1191/946 1192/1249/946 1191/1237/936
f 1241/1238/943 1200/1251/943 1199/1239/11
f 1220/1210/935 1190/1253/935 1189/1241/7
f 1231/1242/938 1195/1344/938 1194/1243/937
f 1237/1179/942 1198/1254/942 1197/1245/941
f 1219/1229/7 1189/1241/7 1202/1246/944
f 1227/1248/1 1193/1255/1 1192/1249/946
f 1243/1250/161 1201/1256/161 1200/1251/943
f 1223/1252/936 1191/1374/936 1190/1253/935
f 1239/1240/11 1199/1239/11 1198/1254/942
f 1229/1244/937 1194/1243/937 1193/1255/1
f 1245/1247/944 1202/1246/944 1201/1256/161
f 1246/1257/944 1244/1269/161 1259/1258/161
f 1224/1260/936 1249/1213/936 1250/1208/946
f 1222/1227/7 1248/1224/7 1247/1218/935
f 1240/1262/11 1257/1271/11 1258/1263/943
f 1230/1265/937 1252/1195/937 1253/1194/938
f 1236/1266/941 1255/1280/941 1256/1267/942
f 1222/1227/7 1246/1257/944 1260/1259/944
f 1226/1261/946 1250/1208/946 1251/1200/1
f 1242/1264/943 1258/1263/943 1259/1258/161
f 1221/1202/935 1247/1218/935 1249/1270/936
f 1238/1197/942 1256/1267/942 1257/1271/11
f 1228/1268/1 1251/1200/1 1252/1195/937
f 1162/1272/4 1224/1260/4 1226/1261/4
f 1272/1234/2 1253/1194/2 1209/1274/2
f 1182/1276/4 1180/1375/4 1238/1197/4
f 1272/1234/2 1210/1376/2 1211/1277/2
f 1163/1278/2 1165/1377/2 1227/1248/2
f 1212/1279/2 1213/1378/2 1255/1280/2
f 1183/1281/2 1241/1238/2 1239/1240/2
f 1164/1283/4 1226/1261/4 1228/1268/4
f 1214/1285/2 1256/1267/2 1255/1280/2
f 1184/1287/4 1182/1379/4 1240/1262/4
f 1215/1288/2 1257/1271/2 1256/1267/2
f 1165/1290/2 1167/1380/2 1229/1244/2
f 1216/1291/2 1258/1263/2 1257/1271/2
f 1185/1293/2 1243/1250/2 1241/1238/2
f 1166/1295/4 1228/1268/4 1230/1265/4
f 1217/1297/2 1259/1258/2 1258/1263/2
f 1186/1299/4 1184/1381/4 1242/1264/4
f 1218/1300/2 1260/1259/2 1259/1258/2
f 1167/1302/2 1169/1382/2 1231/1242/2
f 1204/1303/2 1248/1224/2 1260/1259/2
f 1187/1305/2 1245/1247/2 1243/1250/2
f 1168/1307/4 1230/1265/4 1232/1236/4
f 1188/1309/4 1186/1383/4 1244/1269/4
f 1235/1205/2 1273/1220/2 1175/1310/2
f 1157/1312/2 1219/1229/2 1245/1247/2
f 1271/1188/947 1275/1214/947 1234/1216/6
f 1158/1314/4 1188/1384/4 1246/1257/4
f 1274/1315/2 1231/1242/2 1169/1316/2
f 1262/1320/950 1261/1385/972 1268/1386/973
f 1268/1386/973 1267/1325/974 1266/1318/948
f 1266/1318/948 1265/1332/975 1264/1319/949
f 1264/1319/949 1263/1387/976 1262/1320/950
f 1262/1320/950 1268/1386/973 1266/1318/948
f 1206/1321/951 1262/1340/968 1263/1322/952
f 1215/1324/954 1214/1371/971 1266/1318/955
f 1208/1388/977 1207/1323/953 1263/1322/952
f 1209/1327/958 1208/1388/977 1263/1322/952
f 1216/1326/957 1267/1325/956 1268/1328/960
f 1210/1389/978 1209/1327/958 1264/1319/959
f 1211/1331/963 1210/1389/978 1264/1319/959
f 1218/1330/962 1268/1328/960 1261/1334/966
f 1212/1390/979 1211/1331/963 1265/1332/964
f 1203/1335/967 1261/1334/966 1262/1336/968
f 1213/1338/970 1212/1390/979 1265/1332/964
f 1196/1341/6 1270/1391/945 1274/1315/945
f 1233/1342/6 1273/1220/947 1269/1343/947
f 1197/1245/941 1269/1343/947 1273/1220/947
f 1274/1315/945 1270/1391/945 1195/1344/938
f 1236/1266/941 1275/1214/947 1271/1188/947
f 1274/1315/2 1171/1392/2 1173/1345/2
f 1236/1266/4 1178/1393/4 1176/1346/4
f 1272/1234/945 1276/1231/945 1232/1236/938
f 1164/1347/946 1163/1350/946 1161/1348/936
f 1166/1159/1 1165/1158/1 1163/1350/946
f 1278/1152/7 1279/1153/935 1277/1154/7
f 1280/1155/935 1281/1156/936 1279/1153/935
f 1288/1157/937 1285/1158/1 1286/1159/1
f 1288/1157/937 1289/1160/938 1287/1161/937
f 1290/1162/938 1291/1163/939 1289/1160/938
f 1292/1164/939 1293/1165/6 1291/1163/939
f 1294/1166/6 1295/1167/940 1293/1165/6
f 1296/1168/940 1297/1169/941 1295/1167/940
f 1298/1170/941 1299/1171/942 1297/1169/941
f 1300/1172/942 1301/1173/11 1299/1171/942
f 1302/1174/11 1303/1175/943 1301/1173/11
f 1304/1176/943 1305/1177/161 1303/1175/943
f 1301/1178/2 1357/1179/2 1299/1180/2
f 1306/1181/161 1307/1182/944 1305/1177/161
f 1308/1183/944 1277/1154/7 1307/1182/944
f 1320/1184/4 1310/1185/4 1314/1186/4
f 1331/1187/2 1392/1188/2 1374/1189/2
f 1281/1190/2 1345/1191/2 1343/1192/2
f 1328/1193/2 1373/1194/2 1372/1195/2
f 1298/1196/4 1358/1197/4 1300/1198/4
f 1327/1199/2 1372/1195/2 1371/1200/2
f 1282/1201/4 1341/1202/4 1344/1203/4
f 1299/1204/2 1355/1205/2 1297/1206/2
f 1326/1207/2 1371/1200/2 1370/1208/2
f 1281/1209/2 1340/1210/2 1279/1211/2
f 1325/1212/2 1370/1208/2 1369/1213/2
f 1396/1214/4 1294/1215/4 1354/1216/4
f 1334/1371/980 1386/1394/981 1387/1395/982
f 1325/1217/2 1367/1218/2 1323/1219/2
f 1394/1220/2 1293/1221/2 1295/1222/2
f 1323/1223/2 1368/1224/2 1324/1225/2
f 1280/1226/4 1342/1227/4 1341/1202/4
f 1279/1228/2 1339/1229/2 1277/1230/2
f 1397/1231/4 1294/1232/4 1292/1233/4
f 1393/1234/945 1354/1216/6 1397/1231/945
f 1397/1231/4 1290/1235/4 1352/1236/4
f 1345/1191/946 1311/1237/936 1343/1192/936
f 1361/1238/943 1319/1239/11 1359/1240/11
f 1340/1210/935 1309/1241/7 1339/1229/7
f 1351/1242/938 1314/1243/937 1349/1244/937
f 1357/1179/942 1317/1245/941 1355/1205/941
f 1339/1229/7 1322/1246/944 1365/1247/944
f 1347/1248/1 1312/1249/946 1345/1191/946
f 1363/1250/161 1320/1251/943 1361/1238/943
f 1343/1252/936 1310/1253/935 1340/1210/935
f 1359/1240/11 1318/1254/942 1357/1179/942
f 1349/1244/937 1313/1255/1 1347/1248/1
f 1365/1247/944 1321/1256/161 1363/1250/161
f 1366/1257/944 1379/1258/161 1380/1259/944
f 1344/1260/936 1370/1208/946 1346/1261/946
f 1342/1227/7 1367/1218/935 1341/1202/935
f 1360/1262/11 1378/1263/943 1362/1264/943
f 1350/1265/937 1373/1194/938 1352/1236/938
f 1356/1266/941 1376/1267/942 1358/1197/942
f 1342/1227/7 1380/1259/944 1368/1224/7
f 1346/1261/946 1371/1200/1 1348/1268/1
f 1362/1264/943 1379/1258/161 1364/1269/161
f 1341/1202/935 1369/1270/936 1344/1203/936
f 1358/1197/942 1377/1271/11 1360/1262/11
f 1348/1268/1 1372/1195/937 1350/1265/937
f 1282/1272/4 1346/1261/4 1284/1273/4
f 1393/1234/2 1329/1274/2 1330/1275/2
f 1302/1276/4 1358/1197/4 1360/1262/4
f 1393/1234/2 1331/1277/2 1374/1189/2
f 1283/1278/2 1347/1248/2 1345/1191/2
f 1332/1279/2 1375/1280/2 1392/1188/2
f 1303/1281/2 1359/1240/2 1301/1282/2
f 1284/1283/4 1348/1268/4 1286/1284/4
f 1334/1285/2 1375/1280/2 1333/1286/2
f 1304/1287/4 1360/1262/4 1362/1264/4
f 1335/1288/2 1376/1267/2 1334/1289/2
f 1285/1290/2 1349/1244/2 1347/1248/2
f 1336/1291/2 1377/1271/2 1335/1292/2
f 1305/1293/2 1361/1238/2 1303/1294/2
f 1286/1295/4 1350/1265/4 1288/1296/4
f 1337/1297/2 1378/1263/2 1336/1298/2
f 1306/1299/4 1362/1264/4 1364/1269/4
f 1338/1300/2 1379/1258/2 1337/1301/2
f 1287/1302/2 1351/1242/2 1349/1244/2
f 1324/1303/2 1380/1259/2 1338/1304/2
f 1307/1305/2 1363/1250/2 1305/1306/2
f 1288/1307/4 1352/1236/4 1290/1308/4
f 1308/1309/4 1364/1269/4 1366/1257/4
f 1355/1205/2 1295/1310/2 1297/1311/2
f 1277/1312/2 1365/1247/2 1307/1313/2
f 1392/1188/947 1354/1216/6 1374/1189/6
f 1278/1314/4 1366/1257/4 1342/1227/4
f 1395/1315/2 1289/1316/2 1291/1317/2
f 1386/1394/983 1384/1396/984 1382/1397/985
f 1326/1321/986 1383/1398/987 1327/1323/988
f 1335/1324/989 1387/1395/982 1388/1399/990
f 1328/1388/991 1383/1398/987 1384/1396/992
f 1335/1324/989 1388/1399/990 1336/1326/957
f 1336/1326/957 1389/1400/960 1337/1329/961
f 1330/1389/993 1384/1396/992 1385/1401/994
f 1337/1329/961 1389/1400/960 1338/1330/962
f 1324/1333/965 1381/1402/966 1323/1335/967
f 1338/1330/962 1381/1402/966 1324/1333/965
f 1332/1390/995 1385/1401/994 1386/1394/981
f 1323/1335/967 1382/1336/996 1325/1337/969
f 1325/1339/969 1382/1403/996 1326/1321/986
f 1316/1341/6 1395/1315/945 1353/1342/6
f 1353/1342/6 1390/1343/947 1316/1341/6
f 1317/1245/941 1394/1220/947 1355/1205/941
f 1395/1315/945 1315/1344/938 1351/1242/938
f 1356/1266/941 1392/1188/947 1375/1280/941
f 1395/1315/2 1293/1345/2 1353/1342/2
f 1356/1266/4 1296/1346/4 1396/1214/4
f 1393/1234/945 1352/1236/938 1373/1194/938
f 1284/1347/946 1281/1348/936 1282/1349/936
f 1286/1159/1 1283/1350/946 1284/1347/946
f 1278/1152/7 1280/1155/935 1279/1153/935
f 1280/1155/935 1282/1351/936 1281/1156/936
f 1288/1157/937 1287/1161/937 1285/1158/1
f 1288/1157/937 1290/1162/938 1289/1160/938
f 1290/1162/938 1292/1164/939 1291/1163/939
f 1292/1164/939 1294/1166/6 1293/1165/6
f 1294/1166/6 1296/1168/940 1295/1167/940
f 1296/1168/940 1298/1170/941 1297/1169/941
f 1298/1170/941 1300/1172/942 1299/1171/942
f 1300/1172/942 1302/1174/11 1301/1173/11
f 1302/1174/11 1304/1176/943 1303/1175/943
f 1304/1176/943 1306/1181/161 1305/1177/161
f 1301/1178/2 1359/1240/2 1357/1179/2
f 1306/1181/161 1308/1183/944 1307/1182/944
f 1308/1183/944 1278/1152/7 1277/1154/7
f 1314/1186/4 1315/1352/4 1391/1353/4
f 1391/1353/4 1316/1354/4 1390/1343/4
f 1390/1343/4 1317/1245/4 1318/1355/4
f 1318/1355/4 1319/1356/4 1320/1184/4
f 1320/1184/4 1321/1357/4 1322/1358/4
f 1322/1358/4 1309/1359/4 1310/1185/4
f 1310/1185/4 1311/1360/4 1312/1361/4
f 1312/1361/4 1313/1362/4 1314/1186/4
f 1314/1186/4 1391/1353/4 1390/1343/4
f 1390/1343/4 1318/1355/4 1320/1184/4
f 1320/1184/4 1322/1358/4 1310/1185/4
f 1310/1185/4 1312/1361/4 1314/1186/4
f 1314/1186/4 1390/1343/4 1320/1184/4
f 1331/1187/2 1332/1363/2 1392/1188/2
f 1281/1190/2 1283/1364/2 1345/1191/2
f 1328/1193/2 1329/1365/2 1373/1194/2
f 1298/1196/4 1356/1266/4 1358/1197/4
f 1327/1199/2 1328/1366/2 1372/1195/2
f 1282/1201/4 1280/1367/4 1341/1202/4
f 1299/1204/2 1357/1179/2 1355/1205/2
f 1326/1207/2 1327/1368/2 1371/1200/2
f 1281/1209/2 1343/1252/2 1340/1210/2
f 1325/1212/2 1326/1369/2 1370/1208/2
f 1396/1214/4 1296/1370/4 1294/1215/4
f 1334/1371/980 1333/1338/997 1386/1394/981
f 1325/1217/2 1369/1270/2 1367/1218/2
f 1394/1220/2 1353/1342/2 1293/1221/2
f 1323/1223/2 1367/1218/2 1368/1224/2
f 1280/1226/4 1278/1372/4 1342/1227/4
f 1279/1228/2 1340/1210/2 1339/1229/2
f 1397/1231/4 1354/1216/4 1294/1232/4
f 1393/1234/945 1374/1189/6 1354/1216/6
f 1397/1231/4 1292/1373/4 1290/1235/4
f 1345/1191/946 1312/1249/946 1311/1237/936
f 1361/1238/943 1320/1251/943 1319/1239/11
f 1340/1210/935 1310/1253/935 1309/1241/7
f 1351/1242/938 1315/1344/938 1314/1243/937
f 1357/1179/942 1318/1254/942 1317/1245/941
f 1339/1229/7 1309/1241/7 1322/1246/944
f 1347/1248/1 1313/1255/1 1312/1249/946
f 1363/1250/161 1321/1256/161 1320/1251/943
f 1343/1252/936 1311/1374/936 1310/1253/935
f 1359/1240/11 1319/1239/11 1318/1254/942
f 1349/1244/937 1314/1243/937 1313/1255/1
f 1365/1247/944 1322/1246/944 1321/1256/161
f 1366/1257/944 1364/1269/161 1379/1258/161
f 1344/1260/936 1369/1213/936 1370/1208/946
f 1342/1227/7 1368/1224/7 1367/1218/935
f 1360/1262/11 1377/1271/11 1378/1263/943
f 1350/1265/937 1372/1195/937 1373/1194/938
f 1356/1266/941 1375/1280/941 1376/1267/942
f 1342/1227/7 1366/1257/944 1380/1259/944
f 1346/1261/946 1370/1208/946 1371/1200/1
f 1362/1264/943 1378/1263/943 1379/1258/161
f 1341/1202/935 1367/1218/935 1369/1270/936
f 1358/1197/942 1376/1267/942 1377/1271/11
f 1348/1268/1 1371/1200/1 1372/1195/937
f 1282/1272/4 1344/1260/4 1346/1261/4
f 1393/1234/2 1373/1194/2 1329/1274/2
f 1302/1276/4 1300/1375/4 1358/1197/4
f 1393/1234/2 1330/1376/2 1331/1277/2
f 1283/1278/2 1285/1377/2 1347/1248/2
f 1332/1279/2 1333/1378/2 1375/1280/2
f 1303/1281/2 1361/1238/2 1359/1240/2
f 1284/1283/4 1346/1261/4 1348/1268/4
f 1334/1285/2 1376/1267/2 1375/1280/2
f 1304/1287/4 1302/1379/4 1360/1262/4
f 1335/1288/2 1377/1271/2 1376/1267/2
f 1285/1290/2 1287/1380/2 1349/1244/2
f 1336/1291/2 1378/1263/2 1377/1271/2
f 1305/1293/2 1363/1250/2 1361/1238/2
f 1286/1295/4 1348/1268/4 1350/1265/4
f 1337/1297/2 1379/1258/2 1378/1263/2
f 1306/1299/4 1304/1381/4 1362/1264/4
f 1338/1300/2 1380/1259/2 1379/1258/2
f 1287/1302/2 1289/1382/2 1351/1242/2
f 1324/1303/2 1368/1224/2 1380/1259/2
f 1307/1305/2 1365/1247/2 1363/1250/2
f 1288/1307/4 1350/1265/4 1352/1236/4
f 1308/1309/4 1306/1383/4 1364/1269/4
f 1355/1205/2 1394/1220/2 1295/1310/2
f 1277/1312/2 1339/1229/2 1365/1247/2
f 1392/1188/947 1396/1214/947 1354/1216/6
f 1278/1314/4 1308/1384/4 1366/1257/4
f 1395/1315/2 1351/1242/2 1289/1316/2
f 1388/1399/998 1387/1404/999 1386/1394/983
f 1382/1397/985 1381/1405/972 1389/1406/1000
f 1389/1406/1000 1388/1399/998 1386/1394/983
f 1386/1394/983 1385/1401/1001 1384/1396/984
f 1384/1396/984 1383/1407/1002 1382/1397/985
f 1382/1397/985 1389/1406/1000 1386/1394/983
f 1326/1321/986 1382/1403/996 1383/1398/987
f 1335/1324/989 1334/1371/980 1387/1395/982
f 1328/1388/991 1327/1323/988 1383/1398/987
f 1329/1327/1003 1328/1388/991 1384/1396/992
f 1336/1326/957 1388/1399/990 1389/1400/960
f 1330/1389/993 1329/1327/1003 1384/1396/992
f 1331/1331/1004 1330/1389/993 1385/1401/994
f 1338/1330/962 1389/1400/960 1381/1402/966
f 1332/1390/995 1331/1331/1004 1385/1401/994
f 1323/1335/967 1381/1402/966 1382/1336/996
f 1333/1338/997 1332/1390/995 1386/1394/981
f 1316/1341/6 1391/1391/945 1395/1315/945
f 1353/1342/6 1394/1220/947 1390/1343/947
f 1317/1245/941 1390/1343/947 1394/1220/947
f 1395/1315/945 1391/1391/945 1315/1344/938
f 1356/1266/941 1396/1214/947 1392/1188/947
f 1395/1315/2 1291/1392/2 1293/1345/2
f 1356/1266/4 1298/1393/4 1296/1346/4
f 1393/1234/945 1397/1231/945 1352/1236/938
f 1284/1347/946 1283/1350/946 1281/1348/936
f 1286/1159/1 1285/1158/1 1283/1350/946
f 1399/1152/6 1400/1153/939 1398/1154/6
f 1401/1155/939 1402/1156/938 1400/1153/939
f 1409/1157/946 1406/1158/1 1407/1159/1
f 1409/1157/946 1410/1160/936 1408/1161/946
f 1411/1162/936 1412/1163/935 1410/1160/936
f 1413/1164/935 1414/1165/7 1412/1163/935
f 1415/1166/7 1416/1167/944 1414/1165/7
f 1417/1168/944 1418/1169/161 1416/1167/944
f 1419/1170/161 1420/1171/943 1418/1169/161
f 1421/1172/943 1422/1173/11 1420/1171/943
f 1423/1174/11 1424/1175/942 1422/1173/11
f 1425/1176/942 1426/1177/941 1424/1175/942
f 1422/1178/4 1478/1179/4 1420/1180/4
f 1427/1181/941 1428/1182/940 1426/1177/941
f 1429/1183/940 1398/1154/6 1428/1182/940
f 1441/1184/2 1431/1185/2 1435/1186/2
f 1452/1187/4 1513/1188/4 1495/1189/4
f 1402/1190/4 1466/1191/4 1464/1192/4
f 1449/1193/4 1494/1194/4 1493/1195/4
f 1419/1196/2 1479/1197/2 1421/1198/2
f 1448/1199/4 1493/1195/4 1492/1200/4
f 1403/1201/2 1462/1202/2 1465/1203/2
f 1420/1204/4 1476/1205/4 1418/1206/4
f 1447/1207/4 1492/1200/4 1491/1208/4
f 1402/1209/4 1461/1210/4 1400/1211/4
f 1446/1212/4 1491/1208/4 1490/1213/4
f 1517/1214/2 1415/1215/2 1475/1216/2
f 1455/1371/1005 1507/1408/1006 1508/1409/1007
f 1446/1217/4 1488/1218/4 1444/1219/4
f 1515/1220/4 1414/1221/4 1416/1222/4
f 1444/1223/4 1489/1224/4 1445/1225/4
f 1401/1226/2 1463/1227/2 1462/1202/2
f 1400/1228/4 1460/1229/4 1398/1230/4
f 1518/1231/2 1415/1232/2 1413/1233/2
f 1514/1234/1008 1475/1216/7 1518/1231/1008
f 1518/1231/2 1411/1235/2 1473/1236/2
f 1466/1191/937 1432/1237/938 1464/1192/938
f 1482/1238/942 1440/1239/11 1480/1240/11
f 1461/1210/939 1430/1241/6 1460/1229/6
f 1472/1242/936 1435/1243/946 1470/1244/946
f 1478/1179/943 1438/1245/161 1476/1205/161
f 1460/1229/6 1443/1246/940 1486/1247/940
f 1468/1248/1 1433/1249/937 1466/1191/937
f 1484/1250/941 1441/1251/942 1482/1238/942
f 1464/1252/938 1431/1253/939 1461/1210/939
f 1480/1240/11 1439/1254/943 1478/1179/943
f 1470/1244/946 1434/1255/1 1468/1248/1
f 1486/1247/940 1442/1256/941 1484/1250/941
f 1487/1257/940 1500/1258/941 1501/1259/940
f 1465/1260/938 1491/1208/937 1467/1261/937
f 1463/1227/6 1488/1218/939 1462/1202/939
f 1481/1262/11 1499/1263/942 1483/1264/942
f 1471/1265/946 1494/1194/936 1473/1236/936
f 1477/1266/161 1497/1267/943 1479/1197/943
f 1463/1227/6 1501/1259/940 1489/1224/6
f 1467/1261/937 1492/1200/1 1469/1268/1
f 1483/1264/942 1500/1258/941 1485/1269/941
f 1462/1202/939 1490/1270/938 1465/1203/938
f 1479/1197/943 1498/1271/11 1481/1262/11
f 1469/1268/1 1493/1195/946 1471/1265/946
f 1403/1272/2 1467/1261/2 1405/1273/2
f 1514/1234/4 1450/1274/4 1451/1275/4
f 1423/1276/2 1479/1197/2 1481/1262/2
f 1514/1234/4 1452/1277/4 1495/1189/4
f 1404/1278/4 1468/1248/4 1466/1191/4
f 1453/1279/4 1496/1280/4 1513/1188/4
f 1424/1281/4 1480/1240/4 1422/1282/4
f 1405/1283/2 1469/1268/2 1407/1284/2
f 1455/1285/4 1496/1280/4 1454/1286/4
f 1425/1287/2 1481/1262/2 1483/1264/2
f 1456/1288/4 1497/1267/4 1455/1289/4
f 1406/1290/4 1470/1244/4 1468/1248/4
f 1457/1291/4 1498/1271/4 1456/1292/4
f 1426/1293/4 1482/1238/4 1424/1294/4
f 1407/1295/2 1471/1265/2 1409/1296/2
f 1458/1297/4 1499/1263/4 1457/1298/4
f 1427/1299/2 1483/1264/2 1485/1269/2
f 1459/1300/4 1500/1258/4 1458/1301/4
f 1408/1302/4 1472/1242/4 1470/1244/4
f 1445/1303/4 1501/1259/4 1459/1304/4
f 1428/1305/4 1484/1250/4 1426/1306/4
f 1409/1307/2 1473/1236/2 1411/1308/2
f 1429/1309/2 1485/1269/2 1487/1257/2
f 1476/1205/4 1416/1310/4 1418/1311/4
f 1398/1312/4 1486/1247/4 1428/1313/4
f 1513/1188/1009 1475/1216/7 1495/1189/7
f 1399/1314/2 1487/1257/2 1463/1227/2
f 1516/1315/4 1410/1316/4 1412/1317/4
f 1507/1408/1010 1505/1410/1011 1503/1411/1012
f 1447/1321/1013 1504/1398/1014 1448/1323/1015
f 1449/1388/1016 1504/1398/1014 1505/1410/1017
f 1456/1324/1018 1509/1412/1019 1457/1326/1020
f 1457/1326/1020 1510/1413/1021 1458/1329/1022
f 1451/1389/1023 1505/1410/1017 1506/1414/1024
f 1458/1329/1022 1510/1413/1021 1459/1330/1025
f 1445/1333/1026 1502/1415/1027 1444/1335/1028
f 1459/1330/1025 1502/1415/1027 1445/1333/1026
f 1453/1390/1029 1506/1414/1024 1507/1408/1006
f 1444/1335/1028 1503/1336/1030 1446/1337/1031
f 1446/1339/1031 1503/1416/1030 1447/1321/1013
f 1437/1341/7 1516/1315/1008 1474/1342/7
f 1474/1342/7 1511/1343/1009 1437/1341/7
f 1438/1245/161 1515/1220/1009 1476/1205/161
f 1516/1315/1008 1436/1344/936 1472/1242/936
f 1477/1266/161 1513/1188/1009 1496/1280/161
f 1516/1315/4 1414/1345/4 1474/1342/4
f 1477/1266/2 1417/1346/2 1517/1214/2
f 1514/1234/1008 1473/1236/936 1494/1194/936
f 1405/1347/937 1402/1348/938 1403/1349/938
f 1407/1159/1 1404/1350/937 1405/1347/937
f 1399/1152/6 1401/1155/939 1400/1153/939
f 1401/1155/939 1403/1351/938 1402/1156/938
f 1409/1157/946 1408/1161/946 1406/1158/1
f 1409/1157/946 1411/1162/936 1410/1160/936
f 1411/1162/936 1413/1164/935 1412/1163/935
f 1413/1164/935 1415/1166/7 1414/1165/7
f 1415/1166/7 1417/1168/944 1416/1167/944
f 1417/1168/944 1419/1170/161 1418/1169/161
f 1419/1170/161 1421/1172/943 1420/1171/943
f 1421/1172/943 1423/1174/11 1422/1173/11
f 1423/1174/11 1425/1176/942 1424/1175/942
f 1425/1176/942 1427/1181/941 1426/1177/941
f 1422/1178/4 1480/1240/4 1478/1179/4
f 1427/1181/941 1429/1183/940 1428/1182/940
f 1429/1183/940 1399/1152/6 1398/1154/6
f 1435/1186/2 1436/1352/2 1512/1353/2
f 1512/1353/2 1437/1354/2 1511/1343/2
f 1511/1343/2 1438/1245/2 1439/1355/2
f 1439/1355/2 1440/1356/2 1441/1184/2
f 1441/1184/2 1442/1357/2 1443/1358/2
f 1443/1358/2 1430/1359/2 1431/1185/2
f 1431/1185/2 1432/1360/2 1433/1361/2
f 1433/1361/2 1434/1362/2 1435/1186/2
f 1435/1186/2 1512/1353/2 1511/1343/2
f 1511/1343/2 1439/1355/2 1441/1184/2
f 1441/1184/2 1443/1358/2 1431/1185/2
f 1431/1185/2 1433/1361/2 1435/1186/2
f 1435/1186/2 1511/1343/2 1441/1184/2
f 1452/1187/4 1453/1363/4 1513/1188/4
f 1402/1190/4 1404/1364/4 1466/1191/4
f 1449/1193/4 1450/1365/4 1494/1194/4
f 1419/1196/2 1477/1266/2 1479/1197/2
f 1448/1199/4 1449/1366/4 1493/1195/4
f 1403/1201/2 1401/1367/2 1462/1202/2
f 1420/1204/4 1478/1179/4 1476/1205/4
f 1447/1207/4 1448/1368/4 1492/1200/4
f 1402/1209/4 1464/1252/4 1461/1210/4
f 1446/1212/4 1447/1369/4 1491/1208/4
f 1517/1214/2 1417/1370/2 1415/1215/2
f 1455/1371/1005 1454/1338/1032 1507/1408/1006
f 1446/1217/4 1490/1270/4 1488/1218/4
f 1515/1220/4 1474/1342/4 1414/1221/4
f 1444/1223/4 1488/1218/4 1489/1224/4
f 1401/1226/2 1399/1372/2 1463/1227/2
f 1400/1228/4 1461/1210/4 1460/1229/4
f 1518/1231/2 1475/1216/2 1415/1232/2
f 1514/1234/1008 1495/1189/7 1475/1216/7
f 1518/1231/2 1413/1373/2 1411/1235/2
f 1466/1191/937 1433/1249/937 1432/1237/938
f 1482/1238/942 1441/1251/942 1440/1239/11
f 1461/1210/939 1431/1253/939 1430/1241/6
f 1472/1242/936 1436/1344/936 1435/1243/946
f 1478/1179/943 1439/1254/943 1438/1245/161
f 1460/1229/6 1430/1241/6 1443/1246/940
f 1468/1248/1 1434/1255/1 1433/1249/937
f 1484/1250/941 1442/1256/941 1441/1251/942
f 1464/1252/938 1432/1374/938 1431/1253/939
f 1480/1240/11 1440/1239/11 1439/1254/943
f 1470/1244/946 1435/1243/946 1434/1255/1
f 1486/1247/940 1443/1246/940 1442/1256/941
f 1487/1257/940 1485/1269/941 1500/1258/941
f 1465/1260/938 1490/1213/938 1491/1208/937
f 1463/1227/6 1489/1224/6 1488/1218/939
f 1481/1262/11 1498/1271/11 1499/1263/942
f 1471/1265/946 1493/1195/946 1494/1194/936
f 1477/1266/161 1496/1280/161 1497/1267/943
f 1463/1227/6 1487/1257/940 1501/1259/940
f 1467/1261/937 1491/1208/937 1492/1200/1
f 1483/1264/942 1499/1263/942 1500/1258/941
f 1462/1202/939 1488/1218/939 1490/1270/938
f 1479/1197/943 1497/1267/943 1498/1271/11
f 1469/1268/1 1492/1200/1 1493/1195/946
f 1403/1272/2 1465/1260/2 1467/1261/2
f 1514/1234/4 1494/1194/4 1450/1274/4
f 1423/1276/2 1421/1375/2 1479/1197/2
f 1514/1234/4 1451/1376/4 1452/1277/4
f 1404/1278/4 1406/1377/4 1468/1248/4
f 1453/1279/4 1454/1378/4 1496/1280/4
f 1424/1281/4 1482/1238/4 1480/1240/4
f 1405/1283/2 1467/1261/2 1469/1268/2
f 1455/1285/4 1497/1267/4 1496/1280/4
f 1425/1287/2 1423/1379/2 1481/1262/2
f 1456/1288/4 1498/1271/4 1497/1267/4
f 1406/1290/4 1408/1380/4 1470/1244/4
f 1457/1291/4 1499/1263/4 1498/1271/4
f 1426/1293/4 1484/1250/4 1482/1238/4
f 1407/1295/2 1469/1268/2 1471/1265/2
f 1458/1297/4 1500/1258/4 1499/1263/4
f 1427/1299/2 1425/1381/2 1483/1264/2
f 1459/1300/4 1501/1259/4 1500/1258/4
f 1408/1302/4 1410/1382/4 1472/1242/4
f 1445/1303/4 1489/1224/4 1501/1259/4
f 1428/1305/4 1486/1247/4 1484/1250/4
f 1409/1307/2 1471/1265/2 1473/1236/2
f 1429/1309/2 1427/1383/2 1485/1269/2
f 1476/1205/4 1515/1220/4 1416/1310/4
f 1398/1312/4 1460/1229/4 1486/1247/4
f 1513/1188/1009 1517/1214/1009 1475/1216/7
f 1399/1314/2 1429/1384/2 1487/1257/2
f 1516/1315/4 1472/1242/4 1410/1316/4
f 1510/1417/1033 1509/1418/1034 1508/1409/1035
f 1503/1411/1012 1502/1419/1036 1510/1417/1033
f 1510/1417/1033 1508/1409/1035 1507/1408/1010
f 1507/1408/1010 1506/1414/1037 1505/1410/1011
f 1505/1410/1011 1504/1407/1038 1503/1411/1012
f 1503/1411/1012 1510/1417/1033 1507/1408/1010
f 1447/1321/1013 1503/1416/1030 1504/1398/1014
f 1456/1324/1018 1455/1371/1005 1508/1409/1007
f 1449/1388/1016 1448/1323/1015 1504/1398/1014
f 1456/1324/1018 1508/1409/1007 1509/1412/1019
f 1450/1327/1039 1449/1388/1016 1505/1410/1017
f 1457/1326/1020 1509/1412/1019 1510/1413/1021
f 1451/1389/1023 1450/1327/1039 1505/1410/1017
f 1452/1331/1040 1451/1389/1023 1506/1414/1024
f 1459/1330/1025 1510/1413/1021 1502/1415/1027
f 1453/1390/1029 1452/1331/1040 1506/1414/1024
f 1444/1335/1028 1502/1415/1027 1503/1336/1030
f 1454/1338/1032 1453/1390/1029 1507/1408/1006
f 1437/1341/7 1512/1391/1041 1516/1315/1008
f 1474/1342/7 1515/1220/1009 1511/1343/1009
f 1438/1245/161 1511/1343/1009 1515/1220/1009
f 1516/1315/1008 1512/1391/1041 1436/1344/936
f 1477/1266/161 1517/1214/1009 1513/1188/1009
f 1516/1315/4 1412/1392/4 1414/1345/4
f 1477/1266/2 1419/1393/2 1417/1346/2
f 1514/1234/1008 1518/1231/1008 1473/1236/936
f 1405/1347/937 1404/1350/937 1402/1348/938
f 1407/1159/1 1406/1158/1 1404/1350/937
f 1520/1152/6 1521/1153/939 1519/1154/6
f 1522/1155/939 1523/1156/938 1521/1153/939
f 1530/1157/946 1527/1158/1 1528/1159/1
f 1530/1157/946 1531/1160/936 1529/1161/946
f 1532/1162/936 1533/1163/935 1531/1160/936
f 1534/1164/935 1535/1165/7 1533/1163/935
f 1536/1166/7 1537/1167/944 1535/1165/7
f 1538/1168/944 1539/1169/161 1537/1167/944
f 1540/1170/161 1541/1171/943 1539/1169/161
f 1542/1172/943 1543/1173/11 1541/1171/943
f 1544/1174/11 1545/1175/942 1543/1173/11
f 1546/1176/942 1547/1177/941 1545/1175/942
f 1543/1178/4 1599/1179/4 1541/1180/4
f 1548/1181/941 1549/1182/940 1547/1177/941
f 1550/1183/940 1519/1154/6 1549/1182/940
f 1562/1184/2 1552/1185/2 1556/1186/2
f 1573/1187/4 1634/1188/4 1616/1189/4
f 1523/1190/4 1587/1191/4 1585/1192/4
f 1570/1193/4 1615/1194/4 1614/1195/4
f 1540/1196/2 1600/1197/2 1542/1198/2
f 1569/1199/4 1614/1195/4 1613/1200/4
f 1524/1201/2 1583/1202/2 1586/1203/2
f 1541/1204/4 1597/1205/4 1539/1206/4
f 1568/1207/4 1613/1200/4 1612/1208/4
f 1523/1209/4 1582/1210/4 1521/1211/4
f 1567/1212/4 1612/1208/4 1611/1213/4
f 1638/1214/2 1536/1215/2 1596/1216/2
f 1576/1371/1005 1628/1408/1006 1629/1420/1007
f 1567/1217/4 1609/1218/4 1565/1219/4
f 1636/1220/4 1535/1221/4 1537/1222/4
f 1565/1223/4 1610/1224/4 1566/1225/4
f 1522/1226/2 1584/1227/2 1583/1202/2
f 1521/1228/4 1581/1229/4 1519/1230/4
f 1639/1231/2 1536/1232/2 1534/1233/2
f 1635/1234/1008 1596/1216/7 1639/1231/1008
f 1639/1231/2 1532/1235/2 1594/1236/2
f 1587/1191/937 1553/1237/938 1585/1192/938
f 1603/1238/942 1561/1239/11 1601/1240/11
f 1582/1210/939 1551/1241/6 1581/1229/6
f 1593/1242/936 1556/1243/946 1591/1244/946
f 1599/1179/943 1559/1245/161 1597/1205/161
f 1581/1229/6 1564/1246/940 1607/1247/940
f 1589/1248/1 1554/1249/937 1587/1191/937
f 1605/1250/941 1562/1251/942 1603/1238/942
f 1585/1252/938 1552/1253/939 1582/1210/939
f 1601/1240/11 1560/1254/943 1599/1179/943
f 1591/1244/946 1555/1255/1 1589/1248/1
f 1607/1247/940 1563/1256/941 1605/1250/941
f 1608/1257/940 1621/1258/941 1622/1259/940
f 1586/1260/938 1612/1208/937 1588/1261/937
f 1584/1227/6 1609/1218/939 1583/1202/939
f 1602/1262/11 1620/1263/942 1604/1264/942
f 1592/1265/946 1615/1194/936 1594/1236/936
f 1598/1266/161 1618/1267/943 1600/1197/943
f 1584/1227/6 1622/1259/940 1610/1224/6
f 1588/1261/937 1613/1200/1 1590/1268/1
f 1604/1264/942 1621/1258/941 1606/1269/941
f 1583/1202/939 1611/1270/938 1586/1203/938
f 1600/1197/943 1619/1271/11 1602/1262/11
f 1590/1268/1 1614/1195/946 1592/1265/946
f 1524/1272/2 1588/1261/2 1526/1273/2
f 1635/1234/4 1571/1274/4 1572/1275/4
f 1544/1276/2 1600/1197/2 1602/1262/2
f 1635/1234/4 1573/1277/4 1616/1189/4
f 1525/1278/4 1589/1248/4 1587/1191/4
f 1574/1279/4 1617/1280/4 1634/1188/4
f 1545/1281/4 1601/1240/4 1543/1282/4
f 1526/1283/2 1590/1268/2 1528/1284/2
f 1576/1285/4 1617/1280/4 1575/1286/4
f 1546/1287/2 1602/1262/2 1604/1264/2
f 1577/1288/4 1618/1267/4 1576/1289/4
f 1527/1290/4 1591/1244/4 1589/1248/4
f 1578/1291/4 1619/1271/4 1577/1292/4
f 1547/1293/4 1603/1238/4 1545/1294/4
f 1528/1295/2 1592/1265/2 1530/1296/2
f 1579/1297/4 1620/1263/4 1578/1298/4
f 1548/1299/2 1604/1264/2 1606/1269/2
f 1580/1300/4 1621/1258/4 1579/1301/4
f 1529/1302/4 1593/1242/4 1591/1244/4
f 1566/1303/4 1622/1259/4 1580/1304/4
f 1549/1305/4 1605/1250/4 1547/1306/4
f 1530/1307/2 1594/1236/2 1532/1308/2
f 1550/1309/2 1606/1269/2 1608/1257/2
f 1597/1205/4 1537/1310/4 1539/1311/4
f 1519/1312/4 1607/1247/4 1549/1313/4
f 1634/1188/1009 1596/1216/7 1616/1189/7
f 1520/1314/2 1608/1257/2 1584/1227/2
f 1637/1315/4 1531/1316/4 1533/1317/4
f 1628/1408/1010 1626/1410/1011 1624/1421/1012
f 1568/1321/1013 1625/1398/1014 1569/1323/1015
f 1570/1388/1016 1625/1398/1014 1626/1410/1017
f 1577/1324/1018 1630/1412/1019 1578/1326/1020
f 1578/1326/1020 1631/1422/1021 1579/1329/1022
f 1572/1389/1023 1626/1410/1017 1627/1423/1042
f 1579/1329/1022 1631/1422/1021 1580/1330/1025
f 1566/1333/1026 1623/1424/1027 1565/1335/1028
f 1580/1330/1025 1623/1424/1027 1566/1333/1026
f 1574/1390/1029 1627/1423/1042 1628/1408/1006
f 1565/1335/1028 1624/1336/1030 1567/1337/1031
f 1567/1339/1031 1624/1425/1030 1568/1321/1013
f 1558/1341/7 1637/1315/1008 1595/1342/7
f 1595/1342/7 1632/1343/1009 1558/1341/7
f 1559/1245/161 1636/1220/1009 1597/1205/161
f 1637/1315/1008 1557/1344/936 1593/1242/936
f 1598/1266/161 1634/1188/1009 1617/1280/161
f 1637/1315/4 1535/1345/4 1595/1342/4
f 1598/1266/2 1538/1346/2 1638/1214/2
f 1635/1234/1008 1594/1236/936 1615/1194/936
f 1526/1347/937 1523/1348/938 1524/1349/938
f 1528/1159/1 1525/1350/937 1526/1347/937
f 1520/1152/6 1522/1155/939 1521/1153/939
f 1522/1155/939 1524/1351/938 1523/1156/938
f 1530/1157/946 1529/1161/946 1527/1158/1
f 1530/1157/946 1532/1162/936 1531/1160/936
f 1532/1162/936 1534/1164/935 1533/1163/935
f 1534/1164/935 1536/1166/7 1535/1165/7
f 1536/1166/7 1538/1168/944 1537/1167/944
f 1538/1168/944 1540/1170/161 1539/1169/161
f 1540/1170/161 1542/1172/943 1541/1171/943
f 1542/1172/943 1544/1174/11 1543/1173/11
f 1544/1174/11 1546/1176/942 1545/1175/942
f 1546/1176/942 1548/1181/941 1547/1177/941
f 1543/1178/4 1601/1240/4 1599/1179/4
f 1548/1181/941 1550/1183/940 1549/1182/940
f 1550/1183/940 1520/1152/6 1519/1154/6
f 1556/1186/2 1557/1352/2 1633/1353/2
f 1633/1353/2 1558/1354/2 1632/1343/2
f 1632/1343/2 1559/1245/2 1560/1355/2
f 1560/1355/2 1561/1356/2 1562/1184/2
f 1562/1184/2 1563/1357/2 1564/1358/2
f 1564/1358/2 1551/1359/2 1552/1185/2
f 1552/1185/2 1553/1360/2 1554/1361/2
f 1554/1361/2 1555/1362/2 1556/1186/2
f 1556/1186/2 1633/1353/2 1632/1343/2
f 1632/1343/2 1560/1355/2 1562/1184/2
f 1562/1184/2 1564/1358/2 1552/1185/2
f 1552/1185/2 1554/1361/2 1556/1186/2
f 1556/1186/2 1632/1343/2 1562/1184/2
f 1573/1187/4 1574/1363/4 1634/1188/4
f 1523/1190/4 1525/1364/4 1587/1191/4
f 1570/1193/4 1571/1365/4 1615/1194/4
f 1540/1196/2 1598/1266/2 1600/1197/2
f 1569/1199/4 1570/1366/4 1614/1195/4
f 1524/1201/2 1522/1367/2 1583/1202/2
f 1541/1204/4 1599/1179/4 1597/1205/4
f 1568/1207/4 1569/1368/4 1613/1200/4
f 1523/1209/4 1585/1252/4 1582/1210/4
f 1567/1212/4 1568/1369/4 1612/1208/4
f 1638/1214/2 1538/1370/2 1536/1215/2
f 1576/1371/1005 1575/1338/1032 1628/1408/1006
f 1567/1217/4 1611/1270/4 1609/1218/4
f 1636/1220/4 1595/1342/4 1535/1221/4
f 1565/1223/4 1609/1218/4 1610/1224/4
f 1522/1226/2 1520/1372/2 1584/1227/2
f 1521/1228/4 1582/1210/4 1581/1229/4
f 1639/1231/2 1596/1216/2 1536/1232/2
f 1635/1234/1008 1616/1189/7 1596/1216/7
f 1639/1231/2 1534/1373/2 1532/1235/2
f 1587/1191/937 1554/1249/937 1553/1237/938
f 1603/1238/942 1562/1251/942 1561/1239/11
f 1582/1210/939 1552/1253/939 1551/1241/6
f 1593/1242/936 1557/1344/936 1556/1243/946
f 1599/1179/943 1560/1254/943 1559/1245/161
f 1581/1229/6 1551/1241/6 1564/1246/940
f 1589/1248/1 1555/1255/1 1554/1249/937
f 1605/1250/941 1563/1256/941 1562/1251/942
f 1585/1252/938 1553/1374/938 1552/1253/939
f 1601/1240/11 1561/1239/11 1560/1254/943
f 1591/1244/946 1556/1243/946 1555/1255/1
f 1607/1247/940 1564/1246/940 1563/1256/941
f 1608/1257/940 1606/1269/941 1621/1258/941
f 1586/1260/938 1611/1213/938 1612/1208/937
f 1584/1227/6 1610/1224/6 1609/1218/939
f 1602/1262/11 1619/1271/11 1620/1263/942
f 1592/1265/946 1614/1195/946 1615/1194/936
f 1598/1266/161 1617/1280/161 1618/1267/943
f 1584/1227/6 1608/1257/940 1622/1259/940
f 1588/1261/937 1612/1208/937 1613/1200/1
f 1604/1264/942 1620/1263/942 1621/1258/941
f 1583/1202/939 1609/1218/939 1611/1270/938
f 1600/1197/943 1618/1267/943 1619/1271/11
f 1590/1268/1 1613/1200/1 1614/1195/946
f 1524/1272/2 1586/1260/2 1588/1261/2
f 1635/1234/4 1615/1194/4 1571/1274/4
f 1544/1276/2 1542/1375/2 1600/1197/2
f 1635/1234/4 1572/1376/4 1573/1277/4
f 1525/1278/4 1527/1377/4 1589/1248/4
f 1574/1279/4 1575/1378/4 1617/1280/4
f 1545/1281/4 1603/1238/4 1601/1240/4
f 1526/1283/2 1588/1261/2 1590/1268/2
f 1576/1285/4 1618/1267/4 1617/1280/4
f 1546/1287/2 1544/1379/2 1602/1262/2
f 1577/1288/4 1619/1271/4 1618/1267/4
f 1527/1290/4 1529/1380/4 1591/1244/4
f 1578/1291/4 1620/1263/4 1619/1271/4
f 1547/1293/4 1605/1250/4 1603/1238/4
f 1528/1295/2 1590/1268/2 1592/1265/2
f 1579/1297/4 1621/1258/4 1620/1263/4
f 1548/1299/2 1546/1381/2 1604/1264/2
f 1580/1300/4 1622/1259/4 1621/1258/4
f 1529/1302/4 1531/1382/4 1593/1242/4
f 1566/1303/4 1610/1224/4 1622/1259/4
f 1549/1305/4 1607/1247/4 1605/1250/4
f 1530/1307/2 1592/1265/2 1594/1236/2
f 1550/1309/2 1548/1383/2 1606/1269/2
f 1597/1205/4 1636/1220/4 1537/1310/4
f 1519/1312/4 1581/1229/4 1607/1247/4
f 1634/1188/1009 1638/1214/1009 1596/1216/7
f 1520/1314/2 1550/1384/2 1608/1257/2
f 1637/1315/4 1593/1242/4 1531/1316/4
f 1631/1426/1033 1630/1418/1034 1629/1420/1035
f 1624/1421/1012 1623/1427/1036 1631/1426/1033
f 1631/1426/1033 1629/1420/1035 1628/1408/1010
f 1628/1408/1010 1627/1423/1037 1626/1410/1011
f 1626/1410/1011 1625/1407/1038 1624/1421/1012
f 1624/1421/1012 1631/1426/1033 1628/1408/1010
f 1568/1321/1013 1624/1425/1030 1625/1398/1014
f 1577/1324/1018 1576/1371/1005 1629/1420/1007
f 1570/1388/1016 1569/1323/1015 1625/1398/1014
f 1577/1324/1018 1629/1420/1007 1630/1412/1019
f 1571/1327/1039 1570/1388/1016 1626/1410/1017
f 1578/1326/1020 1630/1412/1019 1631/1422/1021
f 1572/1389/1023 1571/1327/1039 1626/1410/1017
f 1573/1331/1040 1572/1389/1023 1627/1423/1042
f 1580/1330/1025 1631/1422/1021 1623/1424/1027
f 1574/1390/1029 1573/1331/1040 1627/1423/1042
f 1565/1335/1028 1623/1424/1027 1624/1336/1030
f 1575/1338/1032 1574/1390/1029 1628/1408/1006
f 1558/1341/7 1633/1391/1041 1637/1315/1008
f 1595/1342/7 1636/1220/1009 1632/1343/1009
f 1559/1245/161 1632/1343/1009 1636/1220/1009
f 1637/1315/1008 1633/1391/1041 1557/1344/936
f 1598/1266/161 1638/1214/1009 1634/1188/1009
f 1637/1315/4 1533/1392/4 1535/1345/4
f 1598/1266/2 1540/1393/2 1538/1346/2
f 1635/1234/1008 1639/1231/1008 1594/1236/936
f 1526/1347/937 1525/1350/937 1523/1348/938
f 1528/1159/1 1527/1158/1 1525/1350/937
f 1654/1428/1043 1643/1429/1044 1642/1430/1045
f 1659/1431/1044 1644/1432/1046 1643/1429/1044
f 1658/1433/1046 1645/1434/162 1644/1432/1046
f 1657/1435/162 1646/1436/1047 1645/1434/162
f 1656/1437/1047 1647/1438/1048 1646/1436/1047
f 1655/1439/1048 1640/1440/4 1647/1438/1048
f 1660/1441/1049 1653/1442/1050 1661/1443/1050
f 1653/1442/1050 1662/1444/1051 1661/1443/1050
f 1652/1445/1051 1663/1446/163 1662/1444/1051
f 1651/1447/163 1664/1448/1052 1663/1446/163
f 1650/1449/1052 1665/1450/1053 1664/1448/1052
f 1649/1451/1053 1641/1452/4 1665/1450/1053
f 1669/1453/1054 1676/1454/1055 1674/1455/1056
f 1668/1456/1057 1677/1457/1058 1676/1454/1055
f 1666/1458/1059 1675/1459/1060 1677/1457/1058
f 1678/1460/1061 1671/1461/1062 1670/1462/1063
f 1680/1463/1064 1672/1464/1065 1671/1461/1062
f 1679/1465/1066 1673/1466/1067 1672/1464/1065
f 1673/1466/1067 1675/1459/1060 1666/1458/1059
f 1682/1467/7 1652/1468/7 1687/1469/7
f 1692/1470/6 1658/1471/6 1690/1472/6
f 1691/1473/1068 1686/1474/1069 1685/1475/1070
f 1693/1476/1071 1687/1477/1072 1686/1478/1069
f 1692/1479/1073 1670/1462/1063 1687/1477/1072
f 1681/1480/1074 1689/1481/1075 1688/1482/1076
f 1683/1483/1077 1690/1484/1078 1689/1481/1075
f 1682/1485/1079 1674/1455/1056 1690/1484/1078
f 1688/1486/1076 1642/1430/1045 1681/1487/1074
f 1685/1475/1070 1660/1441/1049 1691/1488/1068
f 1654/1428/1043 1659/1431/1044 1643/1429/1044
f 1659/1431/1044 1658/1433/1046 1644/1432/1046
f 1658/1433/1046 1657/1435/162 1645/1434/162
f 1657/1435/162 1656/1437/1047 1646/1436/1047
f 1656/1437/1047 1655/1439/1048 1647/1438/1048
f 1655/1439/1048 1641/1452/4 1640/1440/4
f 1660/1441/1049 1648/1489/1080 1653/1442/1050
f 1653/1442/1050 1652/1445/1051 1662/1444/1051
f 1652/1445/1051 1651/1447/163 1663/1446/163
f 1651/1447/163 1650/1449/1052 1664/1448/1052
f 1650/1449/1052 1649/1451/1053 1665/1450/1053
f 1649/1451/1053 1640/1440/4 1641/1452/4
f 1667/1490/1081 1669/1453/1054 1674/1455/1056
f 1669/1453/1054 1668/1456/1057 1676/1454/1055
f 1668/1456/1057 1666/1458/1059 1677/1457/1058
f 1678/1460/1061 1680/1463/1064 1671/1461/1062
f 1672/1464/1065 1680/1463/1064 1679/1465/1066
f 1673/1466/1067 1679/1465/1066 1675/1459/1060
f 1672/1491/7 1673/1492/7 1666/1493/7
f 1683/1494/7 1684/1495/7 1681/1496/7
f 1642/1497/7 1643/1498/7 1644/1499/7
f 1644/1499/7 1645/1500/7 1646/1501/7
f 1646/1501/7 1647/1502/7 1640/1503/7
f 1640/1503/7 1649/1504/7 1650/1505/7
f 1650/1505/7 1651/1506/7 1652/1468/7
f 1652/1468/7 1653/1507/7 1648/1489/7
f 1687/1469/7 1670/1508/7 1671/1509/7
f 1671/1509/7 1672/1491/7 1666/1493/7
f 1666/1493/7 1668/1510/7 1669/1511/7
f 1669/1511/7 1667/1512/7 1682/1467/7
f 1682/1467/7 1683/1494/7 1681/1496/7
f 1681/1496/7 1642/1497/7 1644/1499/7
f 1644/1499/7 1646/1501/7 1640/1503/7
f 1640/1503/7 1650/1505/7 1652/1468/7
f 1652/1468/7 1648/1489/7 1685/1475/7
f 1685/1475/7 1686/1474/7 1687/1469/7
f 1687/1469/7 1671/1509/7 1666/1493/7
f 1666/1493/7 1669/1511/7 1682/1467/7
f 1682/1467/7 1681/1496/7 1644/1499/7
f 1644/1499/7 1640/1503/7 1652/1468/7
f 1652/1468/7 1685/1475/7 1687/1469/7
f 1687/1469/7 1666/1493/7 1682/1467/7
f 1682/1467/7 1644/1499/7 1652/1468/7
f 1693/1513/6 1694/1514/6 1691/1473/6
f 1660/1441/6 1661/1515/6 1662/1516/6
f 1662/1516/6 1663/1517/6 1664/1518/6
f 1664/1518/6 1665/1519/6 1641/1520/6
f 1641/1520/6 1655/1521/6 1656/1522/6
f 1656/1522/6 1657/1523/6 1658/1471/6
f 1658/1471/6 1659/1524/6 1654/1525/6
f 1690/1472/6 1674/1526/6 1676/1527/6
f 1676/1527/6 1677/1528/6 1675/1529/6
f 1675/1529/6 1679/1530/6 1680/1531/6
f 1680/1531/6 1678/1532/6 1692/1470/6
f 1692/1470/6 1693/1513/6 1691/1473/6
f 1691/1473/6 1660/1441/6 1662/1516/6
f 1662/1516/6 1664/1518/6 1641/1520/6
f 1641/1520/6 1656/1522/6 1658/1471/6
f 1658/1471/6 1654/1525/6 1688/1533/6
f 1688/1533/6 1689/1534/6 1690/1472/6
f 1690/1472/6 1676/1527/6 1675/1529/6
f 1675/1529/6 1680/1531/6 1692/1470/6
f 1692/1470/6 1691/1473/6 1662/1516/6
f 1662/1516/6 1641/1520/6 1658/1471/6
f 1658/1471/6 1688/1533/6 1690/1472/6
f 1690/1472/6 1675/1529/6 1692/1470/6
f 1692/1470/6 1662/1516/6 1658/1471/6
f 1691/1473/1068 1694/1535/1082 1686/1474/1069
f 1694/1535/1082 1693/1476/1071 1686/1478/1069
f 1693/1476/1071 1692/1479/1073 1687/1477/1072
f 1692/1479/1073 1678/1460/1061 1670/1462/1063
f 1681/1480/1074 1684/1536/1083 1689/1481/1075
f 1684/1536/1083 1683/1483/1077 1689/1481/1075
f 1683/1483/1077 1682/1485/1079 1690/1484/1078
f 1682/1485/1079 1667/1490/1081 1674/1455/1056
f 1688/1486/1076 1654/1428/1043 1642/1430/1045
f 1685/1475/1070 1648/1489/1080 1660/1441/1049
f 1709/1428/1043 1698/1429/1044 1697/1430/1045
f 1714/1431/1044 1699/1432/1046 1698/1429/1044
f 1713/1433/1046 1700/1434/162 1699/1432/1046
f 1712/1435/162 1701/1436/1047 1700/1434/162
f 1711/1437/1047 1702/1438/1048 1701/1436/1047
f 1710/1439/1048 1695/1440/4 1702/1438/1048
f 1715/1441/1049 1708/1442/1050 1716/1443/1050
f 1708/1442/1050 1717/1444/1051 1716/1443/1050
f 1707/1445/1051 1718/1446/163 1717/1444/1051
f 1706/1447/163 1719/1448/1052 1718/1446/163
f 1705/1449/1052 1720/1450/1053 1719/1448/1052
f 1704/1451/1053 1696/1452/4 1720/1450/1053
f 1724/1453/1054 1731/1537/1084 1729/1455/1056
f 1723/1456/1057 1732/1457/1058 1731/1537/1084
f 1721/1458/1059 1730/1459/1060 1732/1457/1058
f 1733/1460/1061 1726/1461/1062 1725/1462/1063
f 1735/1463/1064 1727/1464/1065 1726/1461/1062
f 1734/1465/1066 1728/1466/1067 1727/1464/1065
f 1728/1466/1067 1730/1459/1060 1721/1458/1059
f 1737/1467/7 1707/1468/7 1742/1469/7
f 1747/1470/6 1713/1471/6 1745/1472/6
f 1746/1473/1068 1741/1474/1069 1740/1475/1070
f 1748/1476/1071 1742/1477/1072 1741/1478/1069
f 1747/1479/1073 1725/1462/1063 1742/1477/1072
f 1736/1480/1074 1744/1481/1075 1743/1482/1076
f 1738/1483/1077 1745/1484/1078 1744/1481/1075
f 1737/1485/1079 1729/1455/1056 1745/1484/1078
f 1743/1486/1076 1697/1430/1045 1736/1487/1074
f 1740/1475/1070 1715/1441/1049 1746/1488/1068
f 1709/1428/1043 1714/1431/1044 1698/1429/1044
f 1714/1431/1044 1713/1433/1046 1699/1432/1046
f 1713/1433/1046 1712/1435/162 1700/1434/162
f 1712/1435/162 1711/1437/1047 1701/1436/1047
f 1711/1437/1047 1710/1439/1048 1702/1438/1048
f 1710/1439/1048 1696/1452/4 1695/1440/4
f 1715/1441/1049 1703/1489/1080 1708/1442/1050
f 1708/1442/1050 1707/1445/1051 1717/1444/1051
f 1707/1445/1051 1706/1447/163 1718/1446/163
f 1706/1447/163 1705/1449/1052 1719/1448/1052
f 1705/1449/1052 1704/1451/1053 1720/1450/1053
f 1704/1451/1053 1695/1440/4 1696/1452/4
f 1722/1490/1081 1724/1453/1054 1729/1455/1056
f 1724/1453/1054 1723/1456/1057 1731/1537/1084
f 1723/1456/1057 1721/1458/1059 1732/1457/1058
f 1733/1460/1061 1735/1463/1064 1726/1461/1062
f 1727/1464/1065 1735/1463/1064 1734/1465/1066
f 1728/1466/1067 1734/1465/1066 1730/1459/1060
f 1727/1491/7 1728/1492/7 1721/1493/7
f 1738/1494/7 1739/1495/7 1736/1496/7
f 1697/1497/7 1698/1498/7 1699/1499/7
f 1699/1499/7 1700/1500/7 1701/1501/7
f 1701/1501/7 1702/1502/7 1695/1503/7
f 1695/1503/7 1704/1504/7 1705/1505/7
f 1705/1505/7 1706/1506/7 1707/1468/7
f 1707/1468/7 1708/1507/7 1703/1489/7
f 1742/1469/7 1725/1508/7 1726/1509/7
f 1726/1509/7 1727/1491/7 1721/1493/7
f 1721/1493/7 1723/1510/7 1724/1511/7
f 1724/1511/7 1722/1512/7 1737/1467/7
f 1737/1467/7 1738/1494/7 1736/1496/7
f 1736/1496/7 1697/1497/7 1699/1499/7
f 1699/1499/7 1701/1501/7 1695/1503/7
f 1695/1503/7 1705/1505/7 1707/1468/7
f 1707/1468/7 1703/1489/7 1740/1475/7
f 1740/1475/7 1741/1474/7 1742/1469/7
f 1742/1469/7 1726/1509/7 1721/1493/7
f 1721/1493/7 1724/1511/7 1737/1467/7
f 1737/1467/7 1736/1496/7 1699/1499/7
f 1699/1499/7 1695/1503/7 1707/1468/7
f 1707/1468/7 1740/1475/7 1742/1469/7
f 1742/1469/7 1721/1493/7 1737/1467/7
f 1737/1467/7 1699/1499/7 1707/1468/7
f 1748/1513/6 1749/1514/6 1746/1473/6
f 1715/1441/6 1716/1515/6 1717/1516/6
f 1717/1516/6 1718/1517/6 1719/1518/6
f 1719/1518/6 1720/1519/6 1696/1520/6
f 1696/1520/6 1710/1521/6 1711/1522/6
f 1711/1522/6 1712/1523/6 1713/1471/6
f 1713/1471/6 1714/1524/6 1709/1525/6
f 1745/1472/6 1729/1526/6 1731/1538/6
f 1731/1538/6 1732/1528/6 1730/1529/6
f 1730/1529/6 1734/1530/6 1735/1531/6
f 1735/1531/6 1733/1539/6 1747/1470/6
f 1747/1470/6 1748/1513/6 1746/1473/6
f 1746/1473/6 1715/1441/6 1717/1516/6
f 1717/1516/6 1719/1518/6 1696/1520/6
f 1696/1520/6 1711/1522/6 1713/1471/6
f 1713/1471/6 1709/1525/6 1743/1533/6
f 1743/1533/6 1744/1534/6 1745/1472/6
f 1745/1472/6 1731/1538/6 1730/1529/6
f 1730/1529/6 1735/1531/6 1747/1470/6
f 1747/1470/6 1746/1473/6 1717/1516/6
f 1717/1516/6 1696/1520/6 1713/1471/6
f 1713/1471/6 1743/1533/6 1745/1472/6
f 1745/1472/6 1730/1529/6 1747/1470/6
f 1747/1470/6 1717/1516/6 1713/1471/6
f 1746/1473/1068 1749/1535/1082 1741/1474/1069
f 1749/1535/1082 1748/1476/1071 1741/1478/1069
f 1748/1476/1071 1747/1479/1073 1742/1477/1072
f 1747/1479/1073 1733/1460/1061 1725/1462/1063
f 1736/1480/1074 1739/1536/1083 1744/1481/1075
f 1739/1536/1083 1738/1483/1077 1744/1481/1075
f 1738/1483/1077 1737/1485/1079 1745/1484/1078
f 1737/1485/1079 1722/1490/1081 1729/1455/1056
f 1743/1486/1076 1709/1428/1043 1697/1430/1045
f 1740/1475/1070 1703/1489/1080 1715/1441/1049
f 1764/1428/1085 1753/1429/1086 1752/1430/1087
f 1769/1431/1086 1754/1432/1088 1753/1429/1086
f 1768/1433/1088 1755/1434/164 1754/1432/1088
f 1767/1435/164 1756/1436/1089 1755/1434/164
f 1766/1437/1089 1757/1438/1090 1756/1436/1089
f 1765/1439/1090 1750/1440/2 1757/1438/1090
f 1770/1441/1091 1763/1442/1092 1771/1443/1092
f 1763/1442/1092 1772/1444/1093 1771/1443/1092
f 1762/1445/1093 1773/1446/165 1772/1444/1093
f 1761/1447/165 1774/1448/1094 1773/1446/165
f 1760/1449/1094 1775/1450/1095 1774/1448/1094
f 1759/1451/1095 1751/1452/2 1775/1450/1095
f 1779/1540/1096 1786/1537/1097 1784/1455/1098
f 1778/1541/1099 1787/1542/1100 1786/1537/1097
f 1776/1543/1101 1785/1459/1102 1787/1542/1100
f 1788/1544/1103 1781/1545/1104 1780/1546/1105
f 1790/1547/1106 1782/1548/1107 1781/1545/1104
f 1789/1549/1108 1783/1466/1109 1782/1548/1107
f 1783/1466/1109 1785/1459/1102 1776/1543/1101
f 1792/1467/6 1762/1468/6 1797/1550/6
f 1802/1470/7 1768/1471/7 1800/1551/7
f 1801/1552/1110 1796/1553/1111 1795/1554/1112
f 1803/1555/1113 1797/1556/1114 1796/1557/1111
f 1802/1479/1115 1780/1546/1105 1797/1556/1114
f 1791/1558/1116 1799/1559/1117 1798/1560/1118
f 1793/1561/1119 1800/1562/1120 1799/1559/1117
f 1792/1485/1121 1784/1455/1098 1800/1562/1120
f 1798/1486/1118 1752/1430/1087 1791/1487/1116
f 1795/1554/1112 1770/1441/1091 1801/1563/1110
f 1764/1428/1085 1769/1431/1086 1753/1429/1086
f 1769/1431/1086 1768/1433/1088 1754/1432/1088
f 1768/1433/1088 1767/1435/164 1755/1434/164
f 1767/1435/164 1766/1437/1089 1756/1436/1089
f 1766/1437/1089 1765/1439/1090 1757/1438/1090
f 1765/1439/1090 1751/1452/2 1750/1440/2
f 1770/1441/1091 1758/1489/1122 1763/1442/1092
f 1763/1442/1092 1762/1445/1093 1772/1444/1093
f 1762/1445/1093 1761/1447/165 1773/1446/165
f 1761/1447/165 1760/1449/1094 1774/1448/1094
f 1760/1449/1094 1759/1451/1095 1775/1450/1095
f 1759/1451/1095 1750/1440/2 1751/1452/2
f 1777/1564/1123 1779/1540/1096 1784/1455/1098
f 1779/1540/1096 1778/1541/1099 1786/1537/1097
f 1778/1541/1099 1776/1543/1101 1787/1542/1100
f 1788/1544/1103 1790/1547/1106 1781/1545/1104
f 1782/1548/1107 1790/1547/1106 1789/1549/1108
f 1783/1466/1109 1789/1549/1108 1785/1459/1102
f 1782/1565/6 1783/1492/6 1776/1566/6
f 1793/1567/6 1794/1495/6 1791/1568/6
f 1752/1497/6 1753/1498/6 1754/1499/6
f 1754/1499/6 1755/1500/6 1756/1501/6
f 1756/1501/6 1757/1502/6 1750/1503/6
f 1750/1503/6 1759/1504/6 1760/1505/6
f 1760/1505/6 1761/1506/6 1762/1468/6
f 1762/1468/6 1763/1507/6 1758/1489/6
f 1797/1550/6 1780/1569/6 1781/1570/6
f 1781/1570/6 1782/1565/6 1776/1566/6
f 1776/1566/6 1778/1571/6 1779/1572/6
f 1779/1572/6 1777/1573/6 1792/1467/6
f 1792/1467/6 1793/1567/6 1791/1568/6
f 1791/1568/6 1752/1497/6 1754/1499/6
f 1754/1499/6 1756/1501/6 1750/1503/6
f 1750/1503/6 1760/1505/6 1762/1468/6
f 1762/1468/6 1758/1489/6 1795/1554/6
f 1795/1554/6 1796/1553/6 1797/1550/6
f 1797/1550/6 1781/1570/6 1776/1566/6
f 1776/1566/6 1779/1572/6 1792/1467/6
f 1792/1467/6 1791/1568/6 1754/1499/6
f 1754/1499/6 1750/1503/6 1762/1468/6
f 1762/1468/6 1795/1554/6 1797/1550/6
f 1797/1550/6 1776/1566/6 1792/1467/6
f 1792/1467/6 1754/1499/6 1762/1468/6
f 1803/1574/7 1804/1514/7 1801/1552/7
f 1770/1441/7 1771/1515/7 1772/1516/7
f 1772/1516/7 1773/1517/7 1774/1518/7
f 1774/1518/7 1775/1519/7 1751/1520/7
f 1751/1520/7 1765/1521/7 1766/1522/7
f 1766/1522/7 1767/1523/7 1768/1471/7
f 1768/1471/7 1769/1524/7 1764/1525/7
f 1800/1551/7 1784/1575/7 1786/1576/7
f 1786/1576/7 1787/1528/7 1785/1529/7
f 1785/1529/7 1789/1577/7 1790/1578/7
f 1790/1578/7 1788/1579/7 1802/1470/7
f 1802/1470/7 1803/1574/7 1801/1552/7
f 1801/1552/7 1770/1441/7 1772/1516/7
f 1772/1516/7 1774/1518/7 1751/1520/7
f 1751/1520/7 1766/1522/7 1768/1471/7
f 1768/1471/7 1764/1525/7 1798/1533/7
f 1798/1533/7 1799/1580/7 1800/1551/7
f 1800/1551/7 1786/1576/7 1785/1529/7
f 1785/1529/7 1790/1578/7 1802/1470/7
f 1802/1470/7 1801/1552/7 1772/1516/7
f 1772/1516/7 1751/1520/7 1768/1471/7
f 1768/1471/7 1798/1533/7 1800/1551/7
f 1800/1551/7 1785/1529/7 1802/1470/7
f 1802/1470/7 1772/1516/7 1768/1471/7
f 1801/1552/1110 1804/1535/1124 1796/1553/1111
f 1804/1535/1124 1803/1555/1113 1796/1557/1111
f 1803/1555/1113 1802/1479/1115 1797/1556/1114
f 1802/1479/1115 1788/1544/1103 1780/1546/1105
f 1791/1558/1116 1794/1536/1125 1799/1559/1117
f 1794/1536/1125 1793/1561/1119 1799/1559/1117
f 1793/1561/1119 1792/1485/1121 1800/1562/1120
f 1792/1485/1121 1777/1564/1123 1784/1455/1098
f 1798/1486/1118 1764/1428/1085 1752/1430/1087
f 1795/1554/1112 1758/1489/1122 1770/1441/1091
f 1819/1428/1085 1808/1429/1086 1807/1430/1087
f 1824/1431/1086 1809/1432/1088 1808/1429/1086
f 1823/1433/1088 1810/1434/164 1809/1432/1088
f 1822/1435/164 1811/1436/1089 1810/1434/164
f 1821/1437/1089 1812/1438/1090 1811/1436/1089
f 1820/1439/1090 1805/1440/2 1812/1438/1090
f 1825/1441/1091 1818/1442/1092 1826/1443/1092
f 1818/1442/1092 1827/1444/1093 1826/1443/1092
f 1817/1445/1093 1828/1446/165 1827/1444/1093
f 1816/1447/165 1829/1448/1094 1828/1446/165
f 1815/1449/1094 1830/1450/1095 1829/1448/1094
f 1814/1451/1095 1806/1452/2 1830/1450/1095
f 1834/1540/1096 1841/1537/1097 1839/1455/1098
f 1833/1541/1099 1842/1542/1100 1841/1537/1097
f 1831/1543/1101 1840/1459/1102 1842/1542/1100
f 1843/1544/1103 1836/1545/1104 1835/1546/1105
f 1845/1547/1106 1837/1548/1107 1836/1545/1104
f 1844/1549/1108 1838/1466/1109 1837/1548/1107
f 1838/1466/1109 1840/1459/1102 1831/1543/1101
f 1847/1467/6 1817/1468/6 1852/1550/6
f 1857/1470/7 1823/1471/7 1855/1551/7
f 1856/1552/1110 1851/1553/1111 1850/1554/1112
f 1858/1555/1113 1852/1556/1114 1851/1557/1111
f 1857/1479/1115 1835/1546/1105 1852/1556/1114
f 1846/1558/1116 1854/1559/1117 1853/1560/1118
f 1848/1561/1119 1855/1562/1120 1854/1559/1117
f 1847/1485/1121 1839/1455/1098 1855/1562/1120
f 1853/1486/1118 1807/1430/1087 1846/1487/1116
f 1850/1554/1112 1825/1441/1091 1856/1563/1110
f 1819/1428/1085 1824/1431/1086 1808/1429/1086
f 1824/1431/1086 1823/1433/1088 1809/1432/1088
f 1823/1433/1088 1822/1435/164 1810/1434/164
f 1822/1435/164 1821/1437/1089 1811/1436/1089
f 1821/1437/1089 1820/1439/1090 1812/1438/1090
f 1820/1439/1090 1806/1452/2 1805/1440/2
f 1825/1441/1091 1813/1489/1122 1818/1442/1092
f 1818/1442/1092 1817/1445/1093 1827/1444/1093
f 1817/1445/1093 1816/1447/165 1828/1446/165
f 1816/1447/165 1815/1449/1094 1829/1448/1094
f 1815/1449/1094 1814/1451/1095 1830/1450/1095
f 1814/1451/1095 1805/1440/2 1806/1452/2
f 1832/1564/1123 1834/1540/1096 1839/1455/1098
f 1834/1540/1096 1833/1541/1099 1841/1537/1097
f 1833/1541/1099 1831/1543/1101 1842/1542/1100
f 1843/1544/1103 1845/1547/1106 1836/1545/1104
f 1837/1548/1107 1845/1547/1106 1844/1549/1108
f 1838/1466/1109 1844/1549/1108 1840/1459/1102
f 1837/1565/6 1838/1492/6 1831/1566/6
f 1848/1567/6 1849/1495/6 1846/1568/6
f 1807/1497/6 1808/1498/6 1809/1499/6
f 1809/1499/6 1810/1500/6 1811/1501/6
f 1811/1501/6 1812/1502/6 1805/1503/6
f 1805/1503/6 1814/1504/6 1815/1505/6
f 1815/1505/6 1816/1506/6 1817/1468/6
f 1817/1468/6 1818/1507/6 1813/1489/6
f 1852/1550/6 1835/1569/6 1836/1570/6
f 1836/1570/6 1837/1565/6 1831/1566/6
f 1831/1566/6 1833/1571/6 1834/1572/6
f 1834/1572/6 1832/1573/6 1847/1467/6
f 1847/1467/6 1848/1567/6 1846/1568/6
f 1846/1568/6 1807/1497/6 1809/1499/6
f 1809/1499/6 1811/1501/6 1805/1503/6
f 1805/1503/6 1815/1505/6 1817/1468/6
f 1817/1468/6 1813/1489/6 1850/1554/6
f 1850/1554/6 1851/1553/6 1852/1550/6
f 1852/1550/6 1836/1570/6 1831/1566/6
f 1831/1566/6 1834/1572/6 1847/1467/6
f 1847/1467/6 1846/1568/6 1809/1499/6
f 1809/1499/6 1805/1503/6 1817/1468/6
f 1817/1468/6 1850/1554/6 1852/1550/6
f 1852/1550/6 1831/1566/6 1847/1467/6
f 1847/1467/6 1809/1499/6 1817/1468/6
f 1858/1574/7 1859/1514/7 1856/1552/7
f 1825/1441/7 1826/1515/7 1827/1516/7
f 1827/1516/7 1828/1517/7 1829/1518/7
f 1829/1518/7 1830/1519/7 1806/1520/7
f 1806/1520/7 1820/1521/7 1821/1522/7
f 1821/1522/7 1822/1523/7 1823/1471/7
f 1823/1471/7 1824/1524/7 1819/1525/7
f 1855/1551/7 1839/1575/7 1841/1576/7
f 1841/1576/7 1842/1528/7 1840/1529/7
f 1840/1529/7 1844/1577/7 1845/1578/7
f 1845/1578/7 1843/1579/7 1857/1470/7
f 1857/1470/7 1858/1574/7 1856/1552/7
f 1856/1552/7 1825/1441/7 1827/1516/7
f 1827/1516/7 1829/1518/7 1806/1520/7
f 1806/1520/7 1821/1522/7 1823/1471/7
f 1823/1471/7 1819/1525/7 1853/1533/7
f 1853/1533/7 1854/1580/7 1855/1551/7
f 1855/1551/7 1841/1576/7 1840/1529/7
f 1840/1529/7 1845/1578/7 1857/1470/7
f 1857/1470/7 1856/1552/7 1827/1516/7
f 1827/1516/7 1806/1520/7 1823/1471/7
f 1823/1471/7 1853/1533/7 1855/1551/7
f 1855/1551/7 1840/1529/7 1857/1470/7
f 1857/1470/7 1827/1516/7 1823/1471/7
f 1856/1552/1110 1859/1535/1124 1851/1553/1111
f 1859/1535/1124 1858/1555/1113 1851/1557/1111
f 1858/1555/1113 1857/1479/1115 1852/1556/1114
f 1857/1479/1115 1843/1544/1103 1835/1546/1105
f 1846/1558/1116 1849/1536/1125 1854/1559/1117
f 1849/1536/1125 1848/1561/1119 1854/1559/1117
f 1848/1561/1119 1847/1485/1121 1855/1562/1120
f 1847/1485/1121 1832/1564/1123 1839/1455/1098
f 1853/1486/1118 1819/1428/1085 1807/1430/1087
f 1850/1554/1112 1813/1489/1122 1825/1441/1091
f 1947/1581/1126 1860/1582/1127 1862/1583/7
f 1950/1584/1128 1871/1585/1128 1863/1586/1128
f 1869/1587/1035 1946/1588/1035 1865/1589/1035
f 1926/1590/7 1918/1591/7 1864/1592/7
f 1910/1593/4 1874/1594/4 1875/1595/4
f 1865/1589/6 1920/1596/6 1924/1597/6
f 1867/1598/11 1872/1599/11 1866/1600/11
f 1864/1592/11 1874/1594/11 1865/1601/11
f 1925/1602/1 1926/1603/1 1928/1604/1
f 1880/1605/2 1879/1606/2 1881/1607/2
f 1884/1608/2 1883/1609/2 1885/1610/2
f 1888/1611/2 1887/1612/2 1889/1613/2
f 1892/1614/2 1891/1615/2 1893/1616/2
f 1896/1617/2 1895/1618/2 1897/1619/2
f 1900/1620/2 1899/1621/2 1901/1622/2
f 1904/1623/2 1903/1624/2 1905/1625/2
f 1907/1626/2 1908/1627/2 1909/1628/2
f 1871/1629/1129 1906/1630/1130 1907/1626/1131
f 1872/1599/2 1877/1631/2 1876/1632/2
f 1877/1633/1 1879/1606/1 1876/1634/1
f 1878/1635/1 1885/1610/1 1883/1609/1
f 1884/1608/1 1887/1612/1 1882/1636/1
f 1886/1637/1 1893/1616/1 1891/1615/1
f 1892/1614/1 1895/1618/1 1890/1638/1
f 1894/1639/1 1901/1622/1 1899/1621/1
f 1900/1620/1 1903/1624/1 1898/1640/1
f 1902/1641/1 1909/1628/1 1908/1627/1
f 1867/1642/6 1897/1643/6 1889/1644/6
f 1866/1600/7 1891/1645/7 1895/1646/7
f 1942/1647/4 1914/1648/4 1913/1649/4
f 1915/1650/1 1920/1651/1 1917/1652/1
f 1943/1653/4 1917/1652/4 1916/1654/4
f 1918/1655/4 1921/1656/4 1920/1651/4
f 1922/1657/4 1925/1602/4 1924/1658/4
f 1937/1659/1 1941/1660/1 1940/1661/1
f 1926/1603/4 1929/1662/4 1928/1604/4
f 1936/1663/1 1931/1664/1 1934/1665/1
f 1930/1666/4 1933/1667/4 1932/1668/4
f 1932/1668/1 1927/1669/1 1930/1666/1
f 1934/1665/4 1937/1659/4 1936/1663/4
f 1919/1670/1 1924/1658/1 1921/1656/1
f 1941/1660/4 1939/1671/4 1940/1661/4
f 1869/1672/1132 1938/1673/1133 1868/1674/1134
f 1913/1649/1 1910/1675/1 1942/1647/1
f 1914/1648/1 1943/1653/1 1916/1654/1
f 1868/1674/1135 1948/1676/1136 1870/1677/6
f 1869/1672/1132 1870/1677/1137 1871/1629/1129
f 1945/1678/1 1950/1584/1 1946/1588/1
f 1871/1629/7 1945/1678/7 1869/1672/7
f 1946/1588/6 1863/1586/6 1861/1679/6
f 1947/1581/2 1870/1680/1138 1948/1681/2
f 1870/1680/1138 1862/1583/1139 1866/1600/1139
f 1951/1582/6 2037/1581/6 1953/1583/6
f 1962/1585/1140 2040/1584/1140 1954/1586/1140
f 1952/1679/1141 2035/1682/1141 1960/1587/1142
f 1955/1592/6 2008/1591/6 2016/1590/6
f 1965/1594/4 2000/1593/4 1966/1595/4
f 2010/1596/7 1956/1589/7 2022/1683/7
f 1963/1599/11 1958/1598/11 1957/1600/11
f 1965/1594/11 1955/1592/11 1956/1601/11
f 2016/1603/1 2015/1602/1 2018/1604/1
f 1973/1609/2 1974/1608/2 1975/1610/2
f 1977/1612/2 1978/1611/2 1979/1613/2
f 1981/1615/2 1982/1614/2 1983/1616/2
f 1985/1618/2 1986/1617/2 1987/1619/2
f 1989/1621/2 1990/1620/2 1991/1622/2
f 1993/1624/2 1994/1623/2 1995/1625/2
f 1998/1627/2 1997/1626/2 1999/1628/2
f 1962/1629/1143 1996/1630/1144 1961/1677/1145
f 1968/1631/2 1963/1599/2 1967/1632/2
f 1970/1606/1146 1968/1633/1147 1967/1634/1
f 1969/1635/1148 1975/1610/1149 1971/1684/1150
f 1977/1612/1 1974/1608/1 1972/1636/1
f 1976/1637/1 1983/1616/1 1978/1611/1
f 1985/1618/1 1982/1614/1 1980/1638/1
f 1984/1639/1 1991/1622/1 1986/1617/1
f 1993/1624/1 1990/1620/1 1988/1640/1
f 1992/1641/1 1999/1628/1 1994/1623/1
f 1958/1642/7 1987/1643/7 1991/1685/7
f 1957/1600/6 1985/1646/6 1977/1686/6
f 2004/1648/4 2032/1647/4 2003/1649/4
f 2010/1651/1 2005/1650/1 2007/1652/1
f 2007/1652/4 2033/1653/4 2006/1654/4
f 2011/1656/4 2008/1655/4 2010/1651/4
f 2015/1602/4 2012/1657/4 2014/1658/4
f 2031/1660/1 2027/1659/1 2030/1661/1
f 2019/1662/4 2016/1603/4 2018/1604/4
f 2021/1664/1 2026/1663/1 2024/1665/1
f 2023/1667/4 2020/1666/4 2022/1668/4
f 2017/1669/1 2022/1668/1 2020/1666/1
f 2027/1659/4 2024/1665/4 2026/1663/4
f 2014/1658/1 2009/1670/1 2011/1656/1
f 2029/1671/4 2031/1660/4 2030/1661/4
f 2028/1673/1133 1960/1672/1151 1959/1674/1134
f 2003/1649/1 2000/1675/1 2001/1687/1
f 2033/1653/1 2004/1648/1 2006/1654/1
f 2038/1676/1152 1959/1674/1153 1961/1677/7
f 1961/1677/1145 1960/1672/1151 1962/1629/1143
f 2035/1678/1 2040/1584/1 2039/1688/1
f 2035/1678/6 1962/1629/6 1960/1672/6
f 1954/1586/7 2036/1588/7 1952/1679/7
f 1962/1585/1140 1954/1586/1140 1958/1642/1140
f 2037/1581/2 1961/1680/2 1953/1583/1154
f 1953/1583/1154 1961/1680/2 1957/1600/1154
f 2041/1582/7 2128/1581/7 2043/1583/7
f 2052/1585/1155 2131/1584/1155 2044/1586/1155
f 2042/1679/1139 2126/1682/1139 2050/1587/998
f 2045/1592/7 2099/1591/7 2107/1590/7
f 2055/1594/2 2091/1593/2 2056/1595/2
f 2101/1596/6 2046/1589/6 2113/1683/6
f 2053/1599/11 2048/1598/11 2047/1600/11
f 2055/1594/11 2045/1592/11 2046/1601/11
f 2107/1603/1 2106/1602/1 2109/1604/1
f 2060/1606/4 2061/1605/4 2062/1607/4
f 2064/1609/4 2065/1608/4 2066/1610/4
f 2068/1612/4 2069/1611/4 2070/1613/4
f 2072/1615/4 2073/1614/4 2074/1616/4
f 2076/1618/4 2077/1617/4 2078/1619/4
f 2080/1621/4 2081/1620/4 2082/1622/4
f 2084/1624/4 2085/1623/4 2086/1625/4
f 2089/1627/4 2088/1626/4 2090/1628/4
f 2052/1629/1156 2087/1630/1157 2051/1677/1158
f 2058/1631/4 2053/1599/4 2057/1632/4
f 2060/1606/1 2058/1633/1 2057/1634/1
f 2059/1635/1 2066/1610/1 2061/1605/1
f 2068/1612/1 2065/1608/1 2063/1636/1
f 2067/1637/1 2074/1616/1 2069/1611/1
f 2076/1618/1 2073/1614/1 2071/1638/1
f 2075/1639/1 2082/1622/1 2077/1617/1
f 2084/1624/1 2081/1620/1 2079/1640/1
f 2083/1641/1 2090/1628/1 2085/1623/1
f 2048/1642/6 2078/1643/6 2082/1685/6
f 2047/1600/7 2076/1646/7 2068/1686/7
f 2095/1648/2 2123/1647/2 2094/1649/2
f 2101/1651/1 2096/1650/1 2098/1652/1
f 2098/1652/2 2124/1653/2 2097/1654/2
f 2102/1656/2 2099/1655/2 2101/1651/2
f 2106/1602/2 2103/1657/2 2105/1658/2
f 2122/1660/1 2118/1659/1 2121/1661/1
f 2110/1662/2 2107/1603/2 2109/1604/2
f 2112/1664/1 2117/1663/1 2115/1665/1
f 2114/1667/2 2111/1666/2 2113/1668/2
f 2108/1669/1 2113/1668/1 2111/1666/1
f 2118/1659/2 2115/1665/2 2117/1663/2
f 2105/1658/1 2100/1670/1 2102/1656/1
f 2120/1671/2 2122/1660/2 2121/1661/2
f 2119/1673/1159 2050/1672/1160 2049/1674/1161
f 2094/1649/1 2091/1675/1 2092/1687/1
f 2124/1653/1 2095/1648/1 2097/1654/1
f 2129/1676/1162 2049/1674/1163 2051/1677/6
f 2051/1677/1158 2050/1672/1160 2052/1629/1156
f 2126/1678/1 2131/1584/1 2130/1688/1
f 2126/1678/7 2052/1629/7 2050/1672/7
f 2044/1586/6 2127/1588/6 2042/1679/6
f 2052/1585/1155 2044/1586/1155 2048/1642/1155
f 2128/1581/4 2051/1680/4 2043/1583/1035
f 2043/1583/1035 2051/1680/4 2047/1600/1035
f 2219/1581/1164 2132/1582/1165 2134/1583/6
f 2222/1584/1166 2143/1585/1166 2135/1586/1166
f 2141/1587/1154 2218/1588/1154 2137/1589/1154
f 2198/1590/6 2190/1591/6 2136/1592/6
f 2182/1593/2 2146/1594/2 2147/1595/2
f 2137/1589/7 2192/1596/7 2196/1597/7
f 2139/1598/11 2144/1599/11 2138/1600/11
f 2136/1592/11 2146/1594/11 2137/1601/11
f 2197/1602/1 2198/1603/1 2200/1604/1
f 2152/1605/4 2151/1606/4 2153/1607/4
f 2156/1608/4 2155/1609/4 2157/1610/4
f 2160/1611/4 2159/1612/4 2161/1613/4
f 2164/1614/4 2163/1615/4 2165/1616/4
f 2168/1617/4 2167/1618/4 2169/1619/4
f 2172/1620/4 2171/1621/4 2173/1622/4
f 2176/1623/4 2175/1624/4 2177/1625/4
f 2179/1626/4 2180/1627/4 2181/1628/4
f 2143/1629/1167 2178/1630/1168 2179/1626/1169
f 2144/1599/4 2149/1631/4 2148/1632/4
f 2149/1633/1 2151/1606/1 2148/1634/1
f 2150/1635/1 2157/1610/1 2155/1609/1
f 2156/1608/1 2159/1612/1 2154/1636/1
f 2158/1637/1 2165/1616/1 2163/1615/1
f 2164/1614/1 2167/1618/1 2162/1638/1
f 2166/1639/1 2173/1622/1 2171/1621/1
f 2172/1620/1 2175/1624/1 2170/1640/1
f 2174/1641/1 2181/1628/1 2180/1627/1
f 2139/1642/7 2169/1643/7 2161/1644/7
f 2138/1600/6 2163/1645/6 2167/1646/6
f 2214/1647/2 2186/1648/2 2185/1649/2
f 2187/1650/1 2192/1651/1 2189/1652/1
f 2215/1653/2 2189/1652/2 2188/1654/2
f 2190/1655/2 2193/1656/2 2192/1651/2
f 2194/1657/2 2197/1602/2 2196/1658/2
f 2209/1659/1 2213/1660/1 2212/1661/1
f 2198/1603/2 2201/1662/2 2200/1604/2
f 2208/1663/1 2203/1664/1 2206/1665/1
f 2202/1666/2 2205/1667/2 2204/1668/2
f 2204/1668/1 2199/1669/1 2202/1666/1
f 2206/1665/2 2209/1659/2 2208/1663/2
f 2191/1670/1 2196/1658/1 2193/1656/1
f 2213/1660/2 2211/1671/2 2212/1661/2
f 2141/1672/1170 2210/1673/1159 2140/1674/1161
f 2185/1649/1 2182/1675/1 2214/1647/1
f 2186/1648/1 2215/1653/1 2188/1654/1
f 2140/1674/1171 2220/1676/1172 2142/1677/7
f 2141/1672/1170 2142/1677/1173 2143/1629/1167
f 2217/1678/1 2222/1584/1 2218/1588/1
f 2143/1629/6 2217/1678/6 2141/1672/6
f 2218/1588/7 2135/1586/7 2133/1679/7
f 2219/1581/4 2142/1680/1174 2220/1681/4
f 2142/1680/1174 2134/1583/1141 2138/1600/1141
f 1947/1581/1126 1944/1689/1175 1860/1582/1127
f 1950/1584/1128 1949/1690/1128 1871/1585/1128
f 1869/1587/1035 1945/1682/1035 1946/1588/1035
f 1946/1588/1035 1861/1679/1035 1865/1589/1035
f 1864/1592/7 1868/1691/7 1938/1692/7
f 1941/1693/7 1935/1694/7 1934/1695/7
f 1864/1592/7 1938/1692/7 1941/1693/7
f 1910/1696/7 1875/1595/7 1864/1592/7
f 1943/1697/7 1912/1698/7 1942/1699/7
f 1942/1699/7 1910/1696/7 1864/1592/7
f 1864/1592/7 1941/1693/7 1934/1695/7
f 1934/1695/7 1931/1700/7 1930/1701/7
f 1930/1701/7 1927/1702/7 1926/1590/7
f 1926/1590/7 1923/1703/7 1922/1704/7
f 1922/1704/7 1919/1705/7 1918/1591/7
f 1918/1591/7 1915/1706/7 1943/1697/7
f 1943/1697/7 1942/1699/7 1864/1592/7
f 1864/1592/7 1934/1695/7 1930/1701/7
f 1926/1590/7 1922/1704/7 1918/1591/7
f 1864/1592/7 1930/1701/7 1926/1590/7
f 1918/1591/7 1943/1697/7 1864/1592/7
f 1910/1593/4 1911/1707/4 1874/1594/4
f 1928/1708/6 1929/1709/6 1932/1683/6
f 1932/1683/6 1933/1710/6 1936/1711/6
f 1936/1711/6 1937/1712/6 1940/1713/6
f 1940/1713/6 1939/1714/6 1869/1587/6
f 1865/1589/6 1874/1715/6 1911/1716/6
f 1913/1717/6 1914/1718/6 1916/1719/6
f 1865/1589/6 1911/1716/6 1913/1717/6
f 1940/1713/6 1869/1587/6 1865/1589/6
f 1932/1683/6 1936/1711/6 1940/1713/6
f 1924/1597/6 1925/1720/6 1928/1708/6
f 1932/1683/6 1940/1713/6 1865/1589/6
f 1928/1708/6 1932/1683/6 1865/1589/6
f 1865/1589/6 1913/1717/6 1916/1719/6
f 1916/1719/6 1917/1721/6 1920/1596/6
f 1920/1596/6 1921/1722/6 1924/1597/6
f 1924/1597/6 1928/1708/6 1865/1589/6
f 1865/1589/6 1916/1719/6 1920/1596/6
f 1867/1598/11 1873/1723/11 1872/1599/11
f 1864/1592/11 1875/1595/11 1874/1594/11
f 1925/1602/1 1923/1724/1 1926/1603/1
f 1880/1605/2 1878/1635/2 1879/1606/2
f 1884/1608/2 1882/1636/2 1883/1609/2
f 1888/1611/2 1886/1637/2 1887/1612/2
f 1892/1614/2 1890/1638/2 1891/1615/2
f 1896/1617/2 1894/1639/2 1895/1618/2
f 1900/1620/2 1898/1640/2 1899/1621/2
f 1904/1623/2 1902/1641/2 1903/1624/2
f 1907/1626/2 1906/1630/2 1908/1627/2
f 1871/1629/1129 1870/1677/1137 1906/1630/1130
f 1872/1599/2 1873/1723/2 1877/1631/2
f 1877/1633/1 1881/1607/1 1879/1606/1
f 1878/1635/1 1880/1605/1 1885/1610/1
f 1884/1608/1 1889/1613/1 1887/1612/1
f 1886/1637/1 1888/1611/1 1893/1616/1
f 1892/1614/1 1897/1619/1 1895/1618/1
f 1894/1639/1 1896/1617/1 1901/1622/1
f 1900/1620/1 1905/1625/1 1903/1624/1
f 1902/1641/1 1904/1623/1 1909/1628/1
f 1867/1642/6 1871/1585/6 1907/1725/6
f 1909/1726/6 1904/1727/6 1905/1728/6
f 1867/1642/6 1907/1725/6 1909/1726/6
f 1877/1729/6 1873/1730/6 1867/1642/6
f 1885/1731/6 1880/1732/6 1881/1733/159
f 1881/1733/159 1877/1729/6 1867/1642/6
f 1867/1642/6 1909/1726/6 1905/1728/6
f 1905/1728/6 1900/1734/6 1901/1685/6
f 1901/1685/6 1896/1735/6 1897/1643/6
f 1897/1643/6 1892/1736/6 1893/1737/6
f 1893/1737/6 1888/1738/6 1889/1644/6
f 1889/1644/6 1884/1739/6 1885/1731/6
f 1885/1731/6 1881/1733/159 1867/1642/6
f 1867/1642/6 1905/1728/6 1901/1685/6
f 1897/1643/1176 1893/1737/1176 1889/1644/1177
f 1867/1642/6 1901/1685/6 1897/1643/6
f 1889/1644/6 1885/1731/6 1867/1642/6
f 1866/1600/7 1872/1599/7 1876/1740/7
f 1879/1741/7 1878/1742/7 1883/1743/7
f 1866/1600/7 1876/1740/7 1879/1741/7
f 1906/1744/7 1870/1680/7 1866/1600/7
f 1903/1745/7 1902/1746/7 1908/1747/7
f 1908/1747/7 1906/1744/7 1866/1600/7
f 1866/1600/7 1879/1741/7 1883/1743/7
f 1883/1743/7 1882/1748/7 1887/1686/7
f 1887/1686/7 1886/1749/7 1891/1645/7
f 1891/1645/7 1890/1750/7 1895/1646/7
f 1895/1646/7 1894/1751/7 1899/1752/7
f 1899/1752/7 1898/1753/7 1903/1745/7
f 1903/1745/7 1908/1747/7 1866/1600/7
f 1866/1600/7 1883/1743/7 1887/1686/7
f 1899/1752/7 1903/1745/7 1866/1600/7
f 1866/1600/7 1887/1686/7 1891/1645/7
f 1895/1646/7 1899/1752/7 1866/1600/7
f 1942/1647/4 1912/1754/4 1914/1648/4
f 1915/1650/1 1918/1655/1 1920/1651/1
f 1943/1653/4 1915/1650/4 1917/1652/4
f 1918/1655/4 1919/1670/4 1921/1656/4
f 1922/1657/4 1923/1724/4 1925/1602/4
f 1937/1659/1 1935/1755/1 1941/1660/1
f 1926/1603/4 1927/1669/4 1929/1662/4
f 1936/1663/1 1933/1667/1 1931/1664/1
f 1930/1666/4 1931/1664/4 1933/1667/4
f 1932/1668/1 1929/1662/1 1927/1669/1
f 1934/1665/4 1935/1755/4 1937/1659/4
f 1919/1670/1 1922/1657/1 1924/1658/1
f 1941/1660/4 1938/1673/4 1939/1671/4
f 1869/1672/1132 1939/1671/1133 1938/1673/1133
f 1913/1649/1 1911/1687/1 1910/1675/1
f 1914/1648/1 1912/1754/1 1943/1653/1
f 1868/1674/1135 1944/1689/1178 1948/1676/1136
f 1869/1672/1132 1868/1674/1134 1870/1677/1137
f 1947/1581/1 1948/1676/1 1944/1689/1
f 1945/1678/1 1949/1688/1 1950/1584/1
f 1871/1629/7 1949/1688/7 1945/1678/7
f 1946/1588/6 1950/1584/6 1863/1586/6
f 1864/1592/1141 1860/1582/1141 1944/1689/1141
f 1868/1691/1141 1864/1592/1141 1944/1689/1141
f 1871/1585/1128 1867/1642/1128 1863/1586/1128
f 1947/1581/2 1862/1583/1139 1870/1680/1138
f 1951/1582/1179 2034/1689/1179 2037/1581/1179
f 1962/1585/1140 2039/1690/1140 2040/1584/1140
f 1960/1587/1142 1956/1589/1141 1952/1679/1141
f 1952/1679/1141 2036/1588/1141 2035/1682/1141
f 2028/1692/6 1959/1691/6 1955/1592/6
f 1955/1592/6 1966/1595/6 2000/1696/6
f 2032/1699/6 2002/1698/6 2033/1697/6
f 1955/1592/6 2000/1696/6 2032/1699/6
f 2031/1693/6 2028/1692/6 1955/1592/6
f 2024/1695/6 2025/1694/6 2031/1693/6
f 2020/1701/6 2021/1700/6 2024/1695/6
f 2016/1590/6 2017/1702/6 2020/1701/6
f 2012/1704/6 2013/1703/6 2016/1590/6
f 2008/1591/6 2009/1705/6 2012/1704/6
f 2033/1697/6 2005/1706/6 2008/1591/6
f 1955/1592/6 2032/1699/6 2033/1697/6
f 2024/1695/6 2031/1693/6 1955/1592/6
f 2020/1701/6 2024/1695/6 1955/1592/6
f 1955/1592/6 2033/1697/6 2008/1591/6
f 2008/1591/6 2012/1704/6 2016/1590/6
f 2016/1590/6 2020/1701/6 1955/1592/6
f 1965/1594/4 2001/1707/4 2000/1593/4
f 2018/1708/7 2015/1720/7 2014/1597/7
f 2014/1597/7 2011/1722/7 2010/1596/160
f 2010/1596/7 2007/1721/7 2006/1719/7
f 2006/1719/7 2004/1718/7 2003/1717/7
f 2003/1717/7 2001/1716/7 1965/1715/7
f 1956/1589/7 1960/1587/7 2029/1714/7
f 2030/1713/7 2027/1712/7 2026/1711/7
f 1956/1589/7 2029/1714/7 2030/1713/7
f 2003/1717/7 1965/1715/7 1956/1589/7
f 2006/1719/7 2003/1717/7 1956/1589/7
f 1956/1589/7 2030/1713/7 2026/1711/7
f 2026/1711/7 2023/1710/7 2022/1683/7
f 2022/1683/7 2019/1709/7 2018/1708/7
f 2018/1708/7 2014/1597/7 2010/1596/160
f 2010/1596/7 2006/1719/7 1956/1589/7
f 1956/1589/7 2026/1711/7 2022/1683/7
f 2022/1683/20 2018/1708/20 2010/1596/1180
f 1963/1599/11 1964/1723/11 1958/1598/11
f 1965/1594/11 1966/1595/11 1955/1592/11
f 2016/1603/1 2013/1724/1 2015/1602/1
f 1970/1606/2 1969/1635/2 1971/1684/2
f 1973/1609/2 1972/1636/2 1974/1608/2
f 1977/1612/2 1976/1637/2 1978/1611/2
f 1981/1615/2 1980/1638/2 1982/1614/2
f 1985/1618/2 1984/1639/2 1986/1617/2
f 1989/1621/2 1988/1640/2 1990/1620/2
f 1993/1624/2 1992/1641/2 1994/1623/2
f 1998/1627/2 1996/1630/2 1997/1626/2
f 1962/1629/1143 1997/1626/1131 1996/1630/1144
f 1968/1631/2 1964/1723/2 1963/1599/2
f 1970/1606/1146 1971/1684/1181 1968/1633/1147
f 1969/1635/1148 1973/1609/1 1975/1610/1149
f 1977/1612/1 1979/1613/1 1974/1608/1
f 1976/1637/1 1981/1615/1 1983/1616/1
f 1985/1618/1 1987/1619/1 1982/1614/1
f 1984/1639/1 1989/1621/1 1991/1622/1
f 1993/1624/1 1995/1625/1 1990/1620/1
f 1992/1641/1 1998/1627/1 1999/1628/1
f 1958/1642/7 1964/1730/7 1968/1729/7
f 1958/1642/7 1968/1729/7 1971/1756/7
f 1997/1725/7 1962/1585/7 1958/1642/7
f 1995/1728/7 1994/1727/7 1999/1726/7
f 1999/1726/7 1997/1725/7 1958/1642/7
f 1958/1642/7 1971/1756/7 1975/1731/7
f 1975/1731/7 1974/1739/7 1979/1644/7
f 1979/1644/7 1978/1738/7 1983/1737/7
f 1983/1737/7 1982/1736/7 1987/1643/7
f 1987/1643/7 1986/1735/7 1991/1685/7
f 1991/1685/7 1990/1734/7 1995/1728/7
f 1995/1728/7 1999/1726/7 1958/1642/7
f 1958/1642/7 1975/1731/7 1979/1644/7
f 1979/1644/1182 1983/1737/1183 1987/1643/1182
f 1991/1685/7 1995/1728/7 1958/1642/7
f 1958/1642/7 1979/1644/7 1987/1643/7
f 1957/1600/6 1961/1680/6 1996/1744/6
f 1998/1747/6 1992/1746/6 1993/1745/6
f 1957/1600/6 1996/1744/6 1998/1747/6
f 1967/1740/6 1963/1599/6 1957/1600/6
f 1973/1743/6 1969/1742/6 1970/1741/6
f 1970/1741/6 1967/1740/6 1957/1600/6
f 1957/1600/6 1998/1747/6 1993/1745/6
f 1993/1745/6 1988/1753/6 1989/1752/6
f 1989/1752/6 1984/1751/6 1985/1646/6
f 1985/1646/6 1980/1750/6 1981/1645/6
f 1981/1645/6 1976/1749/6 1977/1686/6
f 1977/1686/6 1972/1748/6 1973/1743/6
f 1973/1743/6 1970/1741/6 1957/1600/6
f 1957/1600/6 1993/1745/6 1989/1752/6
f 1985/1646/1184 1981/1645/1185 1977/1686/1185
f 1957/1600/6 1989/1752/6 1985/1646/6
f 1977/1686/6 1973/1743/6 1957/1600/6
f 2004/1648/4 2002/1754/4 2032/1647/4
f 2010/1651/1 2008/1655/1 2005/1650/1
f 2007/1652/4 2005/1650/4 2033/1653/4
f 2011/1656/4 2009/1670/4 2008/1655/4
f 2015/1602/4 2013/1724/4 2012/1657/4
f 2031/1660/1 2025/1755/1 2027/1659/1
f 2019/1662/4 2017/1669/4 2016/1603/4
f 2021/1664/1 2023/1667/1 2026/1663/1
f 2023/1667/4 2021/1664/4 2020/1666/4
f 2017/1669/1 2019/1662/1 2022/1668/1
f 2027/1659/4 2025/1755/4 2024/1665/4
f 2014/1658/1 2012/1657/1 2009/1670/1
f 2029/1671/4 2028/1673/4 2031/1660/4
f 2028/1673/1133 2029/1671/1133 1960/1672/1151
f 2003/1649/1 2032/1647/1 2000/1675/1
f 2033/1653/1 2002/1754/1 2004/1648/1
f 2038/1676/1152 2034/1689/1186 1959/1674/1153
f 1961/1677/1145 1959/1674/1134 1960/1672/1151
f 2034/1689/1 2038/1676/1 2037/1581/1
f 2035/1678/1 2036/1588/1 2040/1584/1
f 2035/1678/6 2039/1688/6 1962/1629/6
f 1954/1586/7 2040/1584/7 2036/1588/7
f 2034/1689/1035 1951/1582/1035 1955/1592/1035
f 2034/1689/1035 1955/1592/1035 1959/1691/1035
f 2037/1581/2 2038/1681/2 1961/1680/2
f 2041/1582/1187 2125/1689/1187 2128/1581/1187
f 2052/1585/1155 2130/1690/1155 2131/1584/1155
f 2050/1587/998 2046/1589/1139 2042/1679/1139
f 2042/1679/1139 2127/1588/1139 2126/1682/1139
f 2119/1692/7 2049/1691/7 2045/1592/7
f 2045/1592/7 2056/1595/7 2091/1696/7
f 2123/1699/7 2093/1698/7 2124/1697/7
f 2045/1592/7 2091/1696/7 2123/1699/7
f 2122/1693/7 2119/1692/7 2045/1592/7
f 2115/1695/7 2116/1694/7 2122/1693/7
f 2111/1701/7 2112/1700/7 2115/1695/7
f 2107/1590/7 2108/1702/7 2111/1701/7
f 2103/1704/7 2104/1703/7 2107/1590/7
f 2099/1591/7 2100/1705/7 2103/1704/7
f 2124/1697/7 2096/1706/7 2099/1591/7
f 2045/1592/7 2123/1699/7 2124/1697/7
f 2115/1695/7 2122/1693/7 2045/1592/7
f 2111/1701/7 2115/1695/7 2045/1592/7
f 2045/1592/7 2124/1697/7 2099/1591/7
f 2099/1591/7 2103/1704/7 2107/1590/7
f 2107/1590/7 2111/1701/7 2045/1592/7
f 2055/1594/2 2092/1707/2 2091/1593/2
f 2109/1708/6 2106/1720/6 2105/1597/6
f 2105/1597/6 2102/1722/6 2101/1596/159
f 2101/1596/6 2098/1721/6 2097/1719/6
f 2097/1719/6 2095/1718/6 2094/1717/6
f 2094/1717/6 2092/1716/6 2055/1715/6
f 2046/1589/6 2050/1587/6 2120/1714/6
f 2121/1713/6 2118/1712/6 2117/1711/6
f 2046/1589/6 2120/1714/6 2121/1713/6
f 2094/1717/6 2055/1715/6 2046/1589/6
f 2097/1719/6 2094/1717/6 2046/1589/6
f 2046/1589/6 2121/1713/6 2117/1711/6
f 2117/1711/6 2114/1710/6 2113/1683/6
f 2113/1683/6 2110/1709/6 2109/1708/6
f 2109/1708/6 2105/1597/6 2101/1596/159
f 2101/1596/6 2097/1719/6 2046/1589/6
f 2046/1589/6 2117/1711/6 2113/1683/6
f 2113/1683/84 2109/1708/84 2101/1596/1188
f 2053/1599/11 2054/1723/11 2048/1598/11
f 2055/1594/11 2056/1595/11 2045/1592/11
f 2107/1603/1 2104/1724/1 2106/1602/1
f 2060/1606/4 2059/1635/4 2061/1605/4
f 2064/1609/4 2063/1636/4 2065/1608/4
f 2068/1612/4 2067/1637/4 2069/1611/4
f 2072/1615/4 2071/1638/4 2073/1614/4
f 2076/1618/4 2075/1639/4 2077/1617/4
f 2080/1621/4 2079/1640/4 2081/1620/4
f 2084/1624/4 2083/1641/4 2085/1623/4
f 2089/1627/4 2087/1630/4 2088/1626/4
f 2052/1629/1156 2088/1626/1169 2087/1630/1157
f 2058/1631/4 2054/1723/4 2053/1599/4
f 2060/1606/1 2062/1607/1 2058/1633/1
f 2059/1635/1 2064/1609/1 2066/1610/1
f 2068/1612/1 2070/1613/1 2065/1608/1
f 2067/1637/1 2072/1615/1 2074/1616/1
f 2076/1618/1 2078/1619/1 2073/1614/1
f 2075/1639/1 2080/1621/1 2082/1622/1
f 2084/1624/1 2086/1625/1 2081/1620/1
f 2083/1641/1 2089/1627/1 2090/1628/1
f 2048/1642/6 2054/1730/6 2058/1729/6
f 2062/1733/6 2061/1732/6 2066/1731/6
f 2048/1642/6 2058/1729/6 2062/1733/6
f 2088/1725/6 2052/1585/6 2048/1642/6
f 2086/1728/6 2085/1727/6 2090/1726/6
f 2090/1726/6 2088/1725/6 2048/1642/6
f 2048/1642/6 2062/1733/6 2066/1731/6
f 2066/1731/6 2065/1739/6 2070/1644/6
f 2070/1644/6 2069/1738/6 2074/1737/6
f 2074/1737/6 2073/1736/6 2078/1643/6
f 2078/1643/6 2077/1735/6 2082/1685/6
f 2082/1685/6 2081/1734/6 2086/1728/6
f 2086/1728/6 2090/1726/6 2048/1642/6
f 2048/1642/6 2066/1731/6 2070/1644/6
f 2070/1644/1189 2074/1737/1190 2078/1643/1189
f 2082/1685/6 2086/1728/6 2048/1642/6
f 2048/1642/6 2070/1644/6 2078/1643/6
f 2047/1600/7 2051/1680/7 2087/1744/7
f 2089/1747/7 2083/1746/7 2084/1745/7
f 2047/1600/7 2087/1744/7 2089/1747/7
f 2057/1740/7 2053/1599/7 2047/1600/7
f 2064/1743/7 2059/1742/7 2060/1741/7
f 2060/1741/7 2057/1740/7 2047/1600/7
f 2047/1600/7 2089/1747/7 2084/1745/7
f 2084/1745/7 2079/1753/7 2080/1752/7
f 2080/1752/7 2075/1751/7 2076/1646/7
f 2076/1646/7 2071/1750/7 2072/1645/7
f 2072/1645/7 2067/1749/7 2068/1686/7
f 2068/1686/7 2063/1748/7 2064/1743/7
f 2064/1743/7 2060/1741/7 2047/1600/7
f 2047/1600/7 2084/1745/7 2080/1752/7
f 2076/1646/1191 2072/1645/1192 2068/1686/1192
f 2047/1600/7 2080/1752/7 2076/1646/7
f 2068/1686/7 2064/1743/7 2047/1600/7
f 2095/1648/2 2093/1754/2 2123/1647/2
f 2101/1651/1 2099/1655/1 2096/1650/1
f 2098/1652/2 2096/1650/2 2124/1653/2
f 2102/1656/2 2100/1670/2 2099/1655/2
f 2106/1602/2 2104/1724/2 2103/1657/2
f 2122/1660/1 2116/1755/1 2118/1659/1
f 2110/1662/2 2108/1669/2 2107/1603/2
f 2112/1664/1 2114/1667/1 2117/1663/1
f 2114/1667/2 2112/1664/2 2111/1666/2
f 2108/1669/1 2110/1662/1 2113/1668/1
f 2118/1659/2 2116/1755/2 2115/1665/2
f 2105/1658/1 2103/1657/1 2100/1670/1
f 2120/1671/2 2119/1673/2 2122/1660/2
f 2119/1673/1159 2120/1671/1159 2050/1672/1160
f 2094/1649/1 2123/1647/1 2091/1675/1
f 2124/1653/1 2093/1754/1 2095/1648/1
f 2129/1676/1162 2125/1689/1193 2049/1674/1163
f 2051/1677/1158 2049/1674/1161 2050/1672/1160
f 2125/1689/1 2129/1676/1 2128/1581/1
f 2126/1678/1 2127/1588/1 2131/1584/1
f 2126/1678/7 2130/1688/7 2052/1629/7
f 2044/1586/6 2131/1584/6 2127/1588/6
f 2125/1689/1154 2041/1582/1154 2045/1592/1154
f 2125/1689/1154 2045/1592/1154 2049/1691/1154
f 2128/1581/4 2129/1681/4 2051/1680/4
f 2219/1581/1164 2216/1689/1194 2132/1582/1165
f 2222/1584/1166 2221/1690/1166 2143/1585/1166
f 2141/1587/1154 2217/1682/1154 2218/1588/1154
f 2218/1588/1154 2133/1679/1154 2137/1589/1154
f 2136/1592/6 2140/1691/6 2210/1692/6
f 2213/1693/6 2207/1694/6 2206/1695/6
f 2136/1592/6 2210/1692/6 2213/1693/6
f 2182/1696/6 2147/1595/6 2136/1592/6
f 2215/1697/6 2184/1698/6 2214/1699/6
f 2214/1699/6 2182/1696/6 2136/1592/6
f 2136/1592/6 2213/1693/6 2206/1695/6
f 2206/1695/6 2203/1700/6 2202/1701/6
f 2202/1701/6 2199/1702/6 2198/1590/6
f 2198/1590/6 2195/1703/6 2194/1704/6
f 2194/1704/6 2191/1705/6 2190/1591/6
f 2190/1591/6 2187/1706/6 2215/1697/6
f 2215/1697/6 2214/1699/6 2136/1592/6
f 2136/1592/6 2206/1695/6 2202/1701/6
f 2198/1590/6 2194/1704/6 2190/1591/6
f 2136/1592/6 2202/1701/6 2198/1590/6
f 2190/1591/6 2215/1697/6 2136/1592/6
f 2182/1593/2 2183/1707/2 2146/1594/2
f 2200/1708/7 2201/1709/7 2204/1683/7
f 2204/1683/7 2205/1710/7 2208/1711/7
f 2208/1711/7 2209/1712/7 2212/1713/7
f 2212/1713/7 2211/1714/7 2141/1587/7
f 2137/1589/7 2146/1715/7 2183/1716/7
f 2185/1717/7 2186/1718/7 2188/1719/7
f 2137/1589/7 2183/1716/7 2185/1717/7
f 2212/1713/7 2141/1587/7 2137/1589/7
f 2204/1683/7 2208/1711/7 2212/1713/7
f 2196/1597/7 2197/1720/7 2200/1708/7
f 2204/1683/7 2212/1713/7 2137/1589/7
f 2200/1708/7 2204/1683/7 2137/1589/7
f 2137/1589/7 2185/1717/7 2188/1719/7
f 2188/1719/7 2189/1721/7 2192/1596/7
f 2192/1596/7 2193/1722/7 2196/1597/7
f 2196/1597/7 2200/1708/7 2137/1589/7
f 2137/1589/7 2188/1719/7 2192/1596/7
f 2139/1598/11 2145/1723/11 2144/1599/11
f 2136/1592/11 2147/1595/11 2146/1594/11
f 2197/1602/1 2195/1724/1 2198/1603/1
f 2152/1605/4 2150/1635/4 2151/1606/4
f 2156/1608/4 2154/1636/4 2155/1609/4
f 2160/1611/4 2158/1637/4 2159/1612/4
f 2164/1614/4 2162/1638/4 2163/1615/4
f 2168/1617/4 2166/1639/4 2167/1618/4
f 2172/1620/4 2170/1640/4 2171/1621/4
f 2176/1623/4 2174/1641/4 2175/1624/4
f 2179/1626/4 2178/1630/4 2180/1627/4
f 2143/1629/1167 2142/1677/1173 2178/1630/1168
f 2144/1599/4 2145/1723/4 2149/1631/4
f 2149/1633/1 2153/1607/1 2151/1606/1
f 2150/1635/1 2152/1605/1 2157/1610/1
f 2156/1608/1 2161/1613/1 2159/1612/1
f 2158/1637/1 2160/1611/1 2165/1616/1
f 2164/1614/1 2169/1619/1 2167/1618/1
f 2166/1639/1 2168/1617/1 2173/1622/1
f 2172/1620/1 2177/1625/1 2175/1624/1
f 2174/1641/1 2176/1623/1 2181/1628/1
f 2139/1642/7 2143/1585/7 2179/1725/7
f 2181/1726/7 2176/1727/7 2177/1728/7
f 2139/1642/7 2179/1725/7 2181/1726/7
f 2149/1729/7 2145/1730/7 2139/1642/7
f 2157/1731/7 2152/1732/7 2153/1733/160
f 2153/1733/160 2149/1729/7 2139/1642/7
f 2139/1642/7 2181/1726/7 2177/1728/7
f 2177/1728/7 2172/1734/7 2173/1685/7
f 2173/1685/7 2168/1735/7 2169/1643/7
f 2169/1643/7 2164/1736/7 2165/1737/7
f 2165/1737/7 2160/1738/7 2161/1644/7
f 2161/1644/7 2156/1739/7 2157/1731/7
f 2157/1731/7 2153/1733/160 2139/1642/7
f 2139/1642/7 2177/1728/7 2173/1685/7
f 2169/1643/1195 2165/1737/1195 2161/1644/1196
f 2139/1642/7 2173/1685/7 2169/1643/7
f 2161/1644/7 2157/1731/7 2139/1642/7
f 2138/1600/6 2144/1599/6 2148/1740/6
f 2151/1741/6 2150/1742/6 2155/1743/6
f 2138/1600/6 2148/1740/6 2151/1741/6
f 2178/1744/6 2142/1680/6 2138/1600/6
f 2175/1745/6 2174/1746/6 2180/1747/6
f 2180/1747/6 2178/1744/6 2138/1600/6
f 2138/1600/6 2151/1741/6 2155/1743/6
f 2155/1743/6 2154/1748/6 2159/1686/6
f 2159/1686/6 2158/1749/6 2163/1645/6
f 2163/1645/6 2162/1750/6 2167/1646/6
f 2167/1646/6 2166/1751/6 2171/1752/6
f 2171/1752/6 2170/1753/6 2175/1745/6
f 2175/1745/6 2180/1747/6 2138/1600/6
f 2138/1600/6 2155/1743/6 2159/1686/6
f 2171/1752/6 2175/1745/6 2138/1600/6
f 2138/1600/6 2159/1686/6 2163/1645/6
f 2167/1646/6 2171/1752/6 2138/1600/6
f 2214/1647/2 2184/1754/2 2186/1648/2
f 2187/1650/1 2190/1655/1 2192/1651/1
f 2215/1653/2 2187/1650/2 2189/1652/2
f 2190/1655/2 2191/1670/2 2193/1656/2
f 2194/1657/2 2195/1724/2 2197/1602/2
f 2209/1659/1 2207/1755/1 2213/1660/1
f 2198/1603/2 2199/1669/2 2201/1662/2
f 2208/1663/1 2205/1667/1 2203/1664/1
f 2202/1666/2 2203/1664/2 2205/1667/2
f 2204/1668/1 2201/1662/1 2199/1669/1
f 2206/1665/2 2207/1755/2 2209/1659/2
f 2191/1670/1 2194/1657/1 2196/1658/1
f 2213/1660/2 2210/1673/2 2211/1671/2
f 2141/1672/1170 2211/1671/1159 2210/1673/1159
f 2185/1649/1 2183/1687/1 2182/1675/1
f 2186/1648/1 2184/1754/1 2215/1653/1
f 2140/1674/1171 2216/1689/1197 2220/1676/1172
f 2141/1672/1170 2140/1674/1161 2142/1677/1173
f 2219/1581/1 2220/1676/1 2216/1689/1
f 2217/1678/1 2221/1688/1 2222/1584/1
f 2143/1629/6 2221/1688/6 2217/1678/6
f 2218/1588/7 2222/1584/7 2135/1586/7
f 2136/1592/1139 2132/1582/1139 2216/1689/1139
f 2140/1691/1139 2136/1592/1139 2216/1689/1139
f 2143/1585/1166 2139/1642/1166 2135/1586/1166
f 2219/1581/4 2134/1583/1141 2142/1680/1174
f 2224/1757/1198 2225/1758/1199 2223/1759/1200
f 2226/1760/1201 2227/1761/1202 2225/1758/1203
f 2228/1762/1204 2229/1763/1205 2227/1761/1202
f 2230/1764/1206 2231/1765/1207 2229/1763/1208
f 2232/1766/1209 2233/1767/1210 2231/1765/1207
f 2234/1768/1211 2235/1769/1212 2233/1767/1213
f 2236/1770/1214 2237/1771/1215 2235/1769/1212
f 2238/1772/1216 2239/1773/1217 2237/1774/1218
f 2240/1775/1219 2241/1776/1220 2239/1773/1217
f 2236/1777/11 2230/1778/11 2226/1760/11
f 2242/1779/1221 2223/1759/1222 2241/1776/1223
f 2231/1780/1 2237/1781/1 2241/1782/1
f 2244/1783/1224 2245/1784/1225 2243/1785/1226
f 2246/1786/1227 2247/1787/1228 2245/1784/1229
f 2248/1788/1230 2249/1789/1231 2247/1787/1228
f 2250/1790/1232 2251/1791/1233 2249/1789/1234
f 2252/1792/1235 2253/1793/1236 2251/1791/1233
f 2254/1794/1237 2255/1795/1238 2253/1793/1239
f 2256/1796/1240 2257/1797/1241 2255/1795/1238
f 2258/1798/1242 2259/1799/1243 2257/1800/1244
f 2260/1801/1245 2261/1802/1246 2259/1799/1243
f 2256/1803/11 2250/1804/11 2246/1786/11
f 2262/1805/1247 2243/1785/1248 2261/1802/1249
f 2251/1806/1 2257/1807/1 2261/1808/1
f 2274/1809/1250 2276/1810/1251 2278/1811/1252
f 2263/1812/1253 2272/1813/1254 2271/1814/1255
f 2270/1815/1256 2271/1814/1257 2278/1816/1258
f 2264/1817/1259 2273/1818/1260 2272/1813/1261
f 2265/1819/1262 2274/1809/1263 2273/1818/1264
f 2266/1820/1265 2275/1821/1266 2274/1809/1267
f 2267/1822/1268 2276/1823/1269 2275/1821/1270
f 2268/1824/1271 2277/1825/1272 2276/1823/1273
f 2269/1826/1274 2278/1816/1275 2277/1827/1276
f 2293/1828/1277 2287/1829/1278 2297/1830/1279
f 2280/1831/1280 2281/1832/1281 2292/1833/1282
f 2291/1834/1283 2279/1835/1284 2297/1836/1285
f 2280/1831/11 2289/1837/11 2284/1838/11
f 2282/1839/1286 2283/1840/1287 2293/1828/1288
f 2284/1838/1289 2285/1841/1290 2294/1842/1291
f 2286/1843/1292 2288/1844/1293 2295/1845/1294
f 2289/1837/1295 2290/1846/1296 2296/1847/1297
f 2224/1757/1198 2226/1760/1298 2225/1758/1199
f 2226/1760/1201 2228/1762/1204 2227/1761/1202
f 2228/1762/1204 2230/1764/1299 2229/1763/1205
f 2230/1764/1206 2232/1766/1209 2231/1765/1207
f 2232/1766/1209 2234/1768/1300 2233/1767/1210
f 2234/1768/1211 2236/1770/1214 2235/1769/1212
f 2236/1770/1214 2238/1848/1301 2237/1771/1215
f 2238/1772/1216 2240/1775/1219 2239/1773/1217
f 2240/1775/1219 2242/1779/1302 2241/1776/1220
f 2242/1849/11 2240/1850/11 2238/1851/11
f 2234/1852/11 2232/1853/11 2230/1778/11
f 2226/1760/11 2224/1854/11 2242/1849/11
f 2242/1849/11 2238/1851/11 2236/1777/11
f 2236/1777/11 2234/1852/11 2230/1778/11
f 2230/1778/11 2228/1762/11 2226/1760/11
f 2226/1760/11 2242/1849/11 2236/1777/11
f 2242/1779/1221 2224/1757/1303 2223/1759/1222
f 2225/1758/1 2227/1761/1 2229/1763/1
f 2233/1855/1 2235/1856/1 2237/1781/1
f 2241/1782/1 2223/1857/1 2225/1758/1
f 2225/1758/1 2229/1763/1 2231/1780/1
f 2231/1780/1 2233/1855/1 2237/1781/1
f 2237/1781/1 2239/1858/1 2241/1782/1
f 2241/1782/1 2225/1758/1 2231/1780/1
f 2244/1783/1224 2246/1786/1304 2245/1784/1225
f 2246/1786/1227 2248/1788/1230 2247/1787/1228
f 2248/1788/1230 2250/1790/1305 2249/1789/1231
f 2250/1790/1232 2252/1792/1235 2251/1791/1233
f 2252/1792/1235 2254/1794/1306 2253/1793/1236
f 2254/1794/1237 2256/1796/1240 2255/1795/1238
f 2256/1796/1240 2258/1859/1307 2257/1797/1241
f 2258/1798/1242 2260/1801/1245 2259/1799/1243
f 2260/1801/1245 2262/1805/1308 2261/1802/1246
f 2262/1860/11 2260/1861/11 2258/1862/11
f 2254/1863/11 2252/1864/11 2250/1804/11
f 2246/1786/11 2244/1865/11 2262/1860/11
f 2262/1860/11 2258/1862/11 2256/1803/11
f 2256/1803/11 2254/1863/11 2250/1804/11
f 2250/1804/11 2248/1788/11 2246/1786/11
f 2246/1786/11 2262/1860/11 2256/1803/11
f 2262/1805/1247 2244/1783/1309 2243/1785/1248
f 2245/1784/1 2247/1787/1 2249/1789/1
f 2253/1866/1 2255/1867/1 2257/1807/1
f 2261/1808/1 2243/1868/1 2245/1784/1
f 2245/1784/1 2249/1789/1 2251/1806/1
f 2251/1806/1 2253/1866/1 2257/1807/1
f 2257/1807/1 2259/1869/1 2261/1808/1
f 2261/1808/1 2245/1784/1 2251/1806/1
f 2278/1811/1252 2271/1870/1310 2272/1813/1311
f 2272/1813/1311 2273/1818/1312 2274/1809/1250
f 2274/1809/1250 2275/1821/1313 2276/1810/1251
f 2276/1810/1251 2277/1871/1314 2278/1811/1252
f 2278/1811/1252 2272/1813/1311 2274/1809/1250
f 2263/1812/1253 2264/1817/1315 2272/1813/1254
f 2270/1815/1256 2263/1812/1316 2271/1814/1257
f 2264/1817/1259 2265/1819/1317 2273/1818/1260
f 2265/1819/1262 2266/1820/1318 2274/1809/1263
f 2266/1820/1265 2267/1822/1319 2275/1821/1266
f 2267/1822/1268 2268/1824/1320 2276/1823/1269
f 2268/1824/1271 2269/1872/1321 2277/1825/1272
f 2269/1826/1274 2270/1815/1322 2278/1816/1275
f 2295/1845/1323 2288/1844/1324 2287/1873/1325
f 2287/1874/1325 2288/1844/1324 2296/1847/1326
f 2292/1875/1327 2281/1832/1328 2293/1828/1277
f 2294/1876/1329 2285/1877/1330 2295/1878/1331
f 2296/1879/1332 2290/1880/1333 2297/1830/1279
f 2279/1881/1334 2292/1875/1327 2293/1828/1277
f 2293/1828/1277 2283/1840/1335 2294/1876/1329
f 2294/1876/1329 2295/1878/1331 2287/1829/1278
f 2287/1829/1278 2296/1879/1332 2297/1830/1279
f 2297/1830/1279 2279/1881/1334 2293/1828/1277
f 2293/1828/1277 2294/1876/1329 2287/1829/1278
f 2292/1833/1282 2279/1835/1336 2280/1831/1280
f 2280/1831/1280 2282/1839/1337 2281/1832/1281
f 2297/1836/1285 2290/1846/1338 2291/1834/1283
f 2291/1834/1283 2280/1831/1339 2279/1835/1284
f 2284/1838/11 2282/1839/11 2280/1831/11
f 2280/1831/11 2291/1834/11 2289/1837/11
f 2289/1837/11 2286/1843/11 2284/1838/11
f 2293/1828/1288 2281/1832/1340 2282/1839/1286
f 2282/1839/1286 2284/1838/1341 2283/1840/1287
f 2294/1842/1291 2283/1840/1342 2284/1838/1289
f 2284/1838/1289 2286/1843/1343 2285/1841/1290
f 2295/1845/1294 2285/1841/1344 2286/1843/1292
f 2286/1843/1292 2289/1837/1345 2288/1844/1293
f 2296/1847/1297 2288/1844/1346 2289/1837/1295
f 2289/1837/1295 2291/1834/1347 2290/1846/1296
f 2299/1757/1198 2300/1758/1199 2298/1759/1200
f 2301/1760/1201 2302/1761/1202 2300/1758/1203
f 2303/1762/1204 2304/1882/1205 2302/1761/1202
f 2305/1764/1206 2306/1765/1207 2304/1882/1208
f 2307/1766/1209 2308/1767/1210 2306/1765/1207
f 2309/1768/1211 2310/1769/1212 2308/1767/1213
f 2311/1770/1214 2312/1883/1215 2310/1769/1212
f 2313/1772/1216 2314/1773/1217 2312/1774/1218
f 2315/1775/1348 2316/1884/1220 2314/1773/1217
f 2311/1777/11 2305/1778/11 2301/1760/11
f 2317/1779/1221 2298/1759/1222 2316/1884/1223
f 2306/1780/1 2312/1781/1 2316/1782/1
f 2319/1783/1224 2320/1784/1225 2318/1785/1226
f 2321/1885/1227 2322/1787/1228 2320/1784/1229
f 2323/1788/1230 2324/1886/1231 2322/1787/1228
f 2325/1887/1232 2326/1791/1233 2324/1886/1234
f 2327/1792/1235 2328/1793/1236 2326/1791/1233
f 2329/1888/1237 2330/1795/1238 2328/1793/1239
f 2331/1796/1240 2332/1889/1349 2330/1795/1238
f 2333/1798/1350 2334/1799/1243 2332/1800/1244
f 2335/1801/1245 2336/1802/1351 2334/1799/1243
f 2331/1803/11 2325/1804/11 2321/1885/11
f 2337/1890/1247 2318/1785/1248 2336/1802/1249
f 2326/1806/1 2332/1891/1 2336/1808/1
f 2349/1892/1250 2351/1810/1251 2353/1811/1252
f 2338/1812/1253 2347/1813/1352 2346/1893/1255
f 2345/1815/1256 2346/1893/1257 2353/1894/1258
f 2339/1817/1259 2348/1818/1260 2347/1813/1261
f 2340/1819/1262 2349/1892/1263 2348/1818/1264
f 2341/1820/1265 2350/1821/1266 2349/1892/1267
f 2342/1822/1268 2351/1823/1269 2350/1821/1270
f 2343/1824/1271 2352/1825/1272 2351/1823/1273
f 2344/1826/1274 2353/1894/1275 2352/1827/1276
f 2368/1895/1277 2362/1829/1278 2372/1896/1279
f 2355/1831/1280 2356/1897/1281 2367/1898/1282
f 2366/1899/1283 2354/1900/1284 2372/1836/1285
f 2355/1831/11 2364/1901/11 2359/1838/11
f 2357/1839/1286 2358/1902/1287 2368/1895/1288
f 2359/1838/1289 2360/1903/1290 2369/1904/1291
f 2361/1905/1292 2363/1906/1293 2370/1907/1294
f 2364/1901/1353 2365/1908/1296 2371/1909/1297
f 2299/1757/1198 2301/1760/1298 2300/1758/1199
f 2301/1760/1201 2303/1762/1204 2302/1761/1202
f 2303/1762/1204 2305/1764/1299 2304/1882/1205
f 2305/1764/1206 2307/1766/1209 2306/1765/1207
f 2307/1766/1209 2309/1768/1300 2308/1767/1210
f 2309/1768/1211 2311/1770/1214 2310/1769/1212
f 2311/1770/1214 2313/1910/1301 2312/1883/1215
f 2313/1772/1216 2315/1775/1348 2314/1773/1217
f 2315/1775/1348 2317/1779/1302 2316/1884/1220
f 2317/1849/11 2315/1850/11 2313/1851/11
f 2309/1911/11 2307/1853/11 2305/1778/11
f 2301/1760/11 2299/1854/11 2317/1849/11
f 2317/1849/11 2313/1851/11 2311/1777/11
f 2311/1777/11 2309/1911/11 2305/1778/11
f 2305/1778/11 2303/1762/11 2301/1760/11
f 2301/1760/11 2317/1849/11 2311/1777/11
f 2317/1779/1221 2299/1757/1303 2298/1759/1222
f 2300/1758/1 2302/1761/1 2304/1882/1
f 2308/1855/1 2310/1856/1 2312/1781/1
f 2316/1782/1 2298/1912/1 2300/1758/1
f 2300/1758/1 2304/1882/1 2306/1780/1
f 2306/1780/1 2308/1855/1 2312/1781/1
f 2312/1781/1 2314/1858/1 2316/1782/1
f 2316/1782/1 2300/1758/1 2306/1780/1
f 2319/1783/1224 2321/1885/1304 2320/1784/1225
f 2321/1885/1227 2323/1788/1230 2322/1787/1228
f 2323/1788/1230 2325/1887/1305 2324/1886/1231
f 2325/1887/1232 2327/1792/1235 2326/1791/1233
f 2327/1792/1235 2329/1888/1306 2328/1793/1236
f 2329/1888/1237 2331/1796/1240 2330/1795/1238
f 2331/1796/1240 2333/1913/1307 2332/1889/1349
f 2333/1798/1350 2335/1801/1245 2334/1799/1243
f 2335/1801/1245 2337/1890/1308 2336/1802/1351
f 2337/1914/11 2335/1861/11 2333/1862/11
f 2329/1915/11 2327/1864/11 2325/1804/11
f 2321/1885/11 2319/1916/11 2337/1914/11
f 2337/1914/11 2333/1862/11 2331/1803/11
f 2331/1803/11 2329/1915/11 2325/1804/11
f 2325/1804/11 2323/1788/11 2321/1885/11
f 2321/1885/11 2337/1914/11 2331/1803/11
f 2337/1890/1247 2319/1783/1309 2318/1785/1248
f 2320/1784/1 2322/1787/1 2324/1886/1
f 2328/1866/1 2330/1867/1 2332/1891/1
f 2336/1808/1 2318/1868/1 2320/1784/1
f 2320/1784/1 2324/1886/1 2326/1806/1
f 2326/1806/1 2328/1866/1 2332/1891/1
f 2332/1891/1 2334/1869/1 2336/1808/1
f 2336/1808/1 2320/1784/1 2326/1806/1
f 2353/1811/1252 2346/1870/1310 2347/1813/1311
f 2347/1813/1311 2348/1818/1312 2349/1892/1250
f 2349/1892/1250 2350/1821/1313 2351/1810/1251
f 2351/1810/1251 2352/1871/1314 2353/1811/1252
f 2353/1811/1252 2347/1813/1311 2349/1892/1250
f 2338/1812/1253 2339/1817/1315 2347/1813/1352
f 2345/1815/1256 2338/1812/1316 2346/1893/1257
f 2339/1817/1259 2340/1819/1317 2348/1818/1260
f 2340/1819/1262 2341/1820/1318 2349/1892/1263
f 2341/1820/1265 2342/1822/1319 2350/1821/1266
f 2342/1822/1268 2343/1824/1320 2351/1823/1269
f 2343/1824/1271 2344/1872/1321 2352/1825/1272
f 2344/1826/1274 2345/1815/1322 2353/1894/1275
f 2370/1907/1323 2363/1906/1354 2362/1873/1355
f 2362/1874/1355 2363/1906/1354 2371/1909/1356
f 2367/1917/1327 2356/1897/1328 2368/1895/1277
f 2369/1918/1329 2360/1877/1330 2370/1919/1331
f 2371/1920/1332 2365/1880/1333 2372/1896/1279
f 2354/1881/1334 2367/1917/1327 2368/1895/1277
f 2368/1895/1277 2358/1902/1335 2369/1918/1329
f 2369/1918/1329 2370/1919/1331 2362/1829/1278
f 2362/1829/1278 2371/1920/1332 2372/1896/1279
f 2372/1896/1279 2354/1881/1334 2368/1895/1277
f 2368/1895/1277 2369/1918/1329 2362/1829/1278
f 2367/1898/1282 2354/1900/1357 2355/1831/1280
f 2355/1831/1280 2357/1839/1337 2356/1897/1281
f 2372/1836/1285 2365/1908/1358 2366/1899/1283
f 2366/1899/1283 2355/1831/1339 2354/1900/1284
f 2359/1838/11 2357/1839/11 2355/1831/11
f 2355/1831/11 2366/1899/11 2364/1901/11
f 2364/1901/11 2361/1905/11 2359/1838/11
f 2368/1895/1288 2356/1897/1340 2357/1839/1286
f 2357/1839/1286 2359/1838/1341 2358/1902/1287
f 2369/1904/1291 2358/1902/1342 2359/1838/1289
f 2359/1838/1289 2361/1905/1343 2360/1903/1290
f 2370/1907/1294 2360/1903/1344 2361/1905/1292
f 2361/1905/1292 2364/1901/1345 2363/1906/1293
f 2371/1909/1297 2363/1906/1346 2364/1901/1353
f 2364/1901/1353 2366/1899/1347 2365/1908/1296
f 2374/1921/1359 2375/1922/1360 2373/1923/1361
f 2376/1924/1362 2377/1925/1363 2375/1922/1364
f 2379/1926/1365 2380/1927/1366 2377/1925/1367
f 2379/1926/1368 2381/1928/1369 2380/1927/1370
f 2382/1929/1221 2383/1930/1222 2381/1928/1223
f 2384/1931/1371 2385/1932/1372 2383/1930/1200
f 2387/1933/1373 2388/1934/1374 2385/1932/1375
f 2389/1775/1376 2390/1935/1377 2388/1936/1378
f 2386/1777/11 2382/1937/11 2376/1924/11
f 2391/1938/1379 2373/1923/1361 2390/1935/1380
f 2381/1939/1 2385/1940/1 2390/1941/1
f 2393/1942/1381 2394/1943/1382 2392/1944/1383
f 2395/1945/1384 2396/1946/1385 2394/1943/1386
f 2398/1947/1387 2399/1948/1388 2396/1946/1389
f 2398/1947/1390 2400/1949/1391 2399/1948/1392
f 2401/1950/1393 2402/1951/1394 2400/1949/1395
f 2403/1952/1396 2404/1953/1397 2402/1951/1226
f 2406/1954/1398 2407/1955/1399 2404/1953/1400
f 2408/1801/1401 2409/1956/1402 2407/1957/1399
f 2405/1803/11 2401/1958/11 2395/1945/11
f 2410/1959/1403 2392/1944/1383 2409/1956/1404
f 2400/1960/1 2404/1961/1 2409/1962/1
f 2422/1809/1252 2424/1810/1405 2426/1811/1250
f 2411/1812/1268 2420/1963/1269 2419/1893/1270
f 2418/1815/1265 2419/1893/1266 2426/1964/1267
f 2412/1817/1271 2421/1965/1272 2420/1963/1273
f 2413/1819/1406 2422/1809/1275 2421/1965/1407
f 2414/1820/1256 2423/1821/1257 2422/1809/1258
f 2415/1822/1253 2424/1966/1352 2423/1821/1255
f 2416/1824/1259 2425/1967/1260 2424/1966/1261
f 2417/1826/1262 2426/1964/1263 2425/1968/1264
f 2441/1969/1408 2435/1829/1409 2445/1970/1410
f 2428/1971/1411 2429/1972/1412 2440/1973/1413
f 2439/1899/1414 2427/1974/1415 2445/1975/1416
f 2428/1971/11 2437/1976/11 2432/1977/11
f 2430/1839/1417 2431/1902/1418 2441/1969/1419
f 2432/1977/1420 2433/1978/1421 2442/1979/1422
f 2434/1905/1423 2436/1980/1424 2443/1981/1425
f 2437/1976/1426 2438/1982/1427 2444/1983/1428
f 2374/1921/1359 2376/1924/1429 2375/1922/1360
f 2376/1924/1362 2378/1984/1430 2377/1925/1363
f 2378/1984/1431 2379/1926/1365 2377/1925/1367
f 2379/1926/1368 2382/1929/1432 2381/1928/1369
f 2382/1929/1221 2384/1931/1303 2383/1930/1222
f 2384/1931/1371 2386/1770/1433 2385/1932/1372
f 2386/1770/1434 2387/1933/1373 2385/1932/1375
f 2387/1772/1435 2389/1775/1376 2388/1936/1378
f 2389/1775/1376 2391/1938/1436 2390/1935/1377
f 2391/1985/11 2389/1850/11 2387/1986/11
f 2379/1926/11 2378/1984/11 2376/1924/11
f 2376/1924/11 2374/1987/11 2391/1985/11
f 2391/1985/11 2387/1986/11 2386/1777/11
f 2386/1777/11 2384/1988/11 2382/1937/11
f 2382/1937/11 2379/1926/11 2376/1924/11
f 2376/1924/11 2391/1985/11 2386/1777/11
f 2391/1938/1379 2374/1921/1359 2373/1923/1361
f 2390/1941/1 2373/1989/1 2375/1990/1
f 2390/1941/1 2375/1990/1 2377/1925/1
f 2377/1925/1 2380/1991/1 2381/1939/1
f 2381/1939/1 2383/1992/1 2385/1940/1
f 2385/1940/1 2388/1993/1 2390/1941/1
f 2390/1941/1 2377/1925/1 2381/1939/1
f 2393/1942/1381 2395/1945/1437 2394/1943/1382
f 2395/1945/1384 2397/1994/1438 2396/1946/1385
f 2397/1994/1439 2398/1947/1387 2396/1946/1389
f 2398/1947/1390 2401/1950/1440 2400/1949/1391
f 2401/1950/1393 2403/1952/1309 2402/1951/1394
f 2403/1952/1396 2405/1796/1441 2404/1953/1397
f 2405/1796/1442 2406/1954/1398 2404/1953/1400
f 2406/1798/1398 2408/1801/1401 2407/1957/1399
f 2408/1801/1401 2410/1959/1443 2409/1956/1402
f 2410/1995/11 2408/1861/11 2406/1996/11
f 2398/1947/11 2397/1994/11 2395/1945/11
f 2395/1945/11 2393/1997/11 2410/1995/11
f 2410/1995/11 2406/1996/11 2405/1803/11
f 2405/1803/11 2403/1998/11 2401/1958/11
f 2401/1958/11 2398/1947/11 2395/1945/11
f 2395/1945/11 2410/1995/11 2405/1803/11
f 2410/1959/1403 2393/1942/1381 2392/1944/1383
f 2409/1962/1 2392/1999/1 2394/2000/1
f 2409/1962/1 2394/2000/1 2396/1946/1
f 2396/1946/1 2399/2001/1 2400/1960/1
f 2400/1960/1 2402/2002/1 2404/1961/1
f 2404/1961/1 2407/2003/1 2409/1962/1
f 2409/1962/1 2396/1946/1 2400/1960/1
f 2426/1811/1250 2419/1870/1313 2420/1963/1444
f 2420/1963/1444 2421/1965/1314 2422/1809/1252
f 2422/1809/1252 2423/1821/1445 2424/1810/1405
f 2424/1810/1405 2425/1871/1312 2426/1811/1250
f 2426/1811/1250 2420/1963/1444 2422/1809/1252
f 2411/1812/1268 2412/1817/1320 2420/1963/1269
f 2418/1815/1265 2411/1812/1319 2419/1893/1266
f 2412/1817/1271 2413/1819/1321 2421/1965/1272
f 2413/1819/1406 2414/1820/1322 2422/1809/1275
f 2414/1820/1256 2415/1822/1316 2423/1821/1257
f 2415/1822/1253 2416/1824/1315 2424/1966/1352
f 2416/1824/1259 2417/1872/1317 2425/1967/1260
f 2417/1826/1262 2418/1815/1318 2426/1964/1263
f 2443/1981/1446 2436/1980/1447 2435/1873/1448
f 2435/1874/1448 2436/1980/1447 2444/1983/1449
f 2440/2004/1450 2429/1972/1451 2441/1969/1408
f 2442/2005/1452 2433/1877/1453 2443/2006/1454
f 2444/2007/1455 2438/1880/1456 2445/1970/1410
f 2427/1881/1457 2440/2004/1450 2441/1969/1408
f 2441/1969/1408 2431/1902/1458 2442/2005/1452
f 2442/2005/1452 2443/2006/1454 2435/1829/1409
f 2435/1829/1409 2444/2007/1455 2445/1970/1410
f 2445/1970/1410 2427/1881/1457 2441/1969/1408
f 2441/1969/1408 2442/2005/1452 2435/1829/1409
f 2440/1973/1413 2427/1974/1459 2428/1971/1411
f 2428/1971/1411 2430/1839/1460 2429/1972/1412
f 2445/1975/1416 2438/1982/1461 2439/1899/1414
f 2439/1899/1414 2428/1971/1462 2427/1974/1415
f 2432/1977/11 2430/1839/11 2428/1971/11
f 2428/1971/11 2439/1899/11 2437/1976/11
f 2437/1976/11 2434/1905/11 2432/1977/11
f 2441/1969/1419 2429/1972/1463 2430/1839/1417
f 2430/1839/1417 2432/1977/1464 2431/1902/1418
f 2442/1979/1422 2431/1902/1465 2432/1977/1420
f 2432/1977/1420 2434/1905/1466 2433/1978/1421
f 2443/1981/1425 2433/1978/1467 2434/1905/1423
f 2434/1905/1423 2437/1976/1468 2436/1980/1424
f 2444/1983/1428 2436/1980/1469 2437/1976/1426
f 2437/1976/1426 2439/1899/1470 2438/1982/1427
f 2447/2008/1471 2448/1922/1472 2446/1923/1473
f 2449/1924/1362 2450/2009/1363 2448/1922/1364
f 2452/2010/1365 2453/1927/1366 2450/2009/1367
f 2452/2010/1474 2454/1928/1369 2453/1927/1370
f 2455/1929/1221 2456/2011/1222 2454/1928/1223
f 2457/2012/1371 2458/1932/1372 2456/2011/1200
f 2460/1933/1373 2461/1934/1374 2458/1932/1375
f 2462/2013/1475 2463/2014/1475 2461/2015/1475
f 2459/1777/11 2455/1937/11 2449/1924/11
f 2447/2008/1476 2446/1923/1477 2463/2014/1478
f 2454/1939/1 2458/1940/1 2463/1941/1
f 2465/2016/1479 2466/2017/1480 2464/1944/1481
f 2467/1945/1384 2468/2018/1385 2466/2017/1386
f 2470/2019/1387 2471/1948/1388 2468/2018/1389
f 2470/2019/1390 2472/1949/1391 2471/1948/1392
f 2473/1950/1393 2474/2020/1394 2472/1949/1395
f 2475/2021/1396 2476/2022/1397 2474/2020/1226
f 2478/1954/1482 2479/1955/1483 2476/2022/1400
f 2480/2023/1484 2481/2024/1485 2479/2025/1486
f 2477/1803/11 2473/2026/11 2467/1945/11
f 2465/2016/1487 2464/1944/1488 2481/2024/1489
f 2472/1960/1 2476/1961/1 2481/2027/1
f 2493/1809/1252 2495/1810/1405 2497/1811/1250
f 2482/1812/1268 2491/2028/1269 2490/1893/1270
f 2489/1815/1265 2490/1893/1266 2497/1964/1267
f 2483/1817/1271 2492/1965/1272 2491/2028/1273
f 2484/1819/1406 2493/1809/1275 2492/1965/1407
f 2485/1820/1256 2494/1821/1257 2493/1809/1258
f 2486/1822/1253 2495/1823/1352 2494/1821/1255
f 2487/1824/1259 2496/1967/1260 2495/1823/1261
f 2488/1826/1262 2497/1964/1263 2496/1968/1264
f 2512/1969/1408 2506/1829/1409 2516/2029/1410
f 2499/1831/1411 2500/2030/1412 2511/2031/1490
f 2510/1899/1414 2498/2032/1415 2516/2033/1416
f 2499/1831/11 2508/2034/11 2503/2035/11
f 2501/1839/1417 2502/2036/1418 2512/1969/1419
f 2503/2035/1491 2504/2037/1421 2513/2038/1492
f 2505/2039/1423 2507/2040/1424 2514/2041/1425
f 2508/2034/1426 2509/2042/1427 2515/2043/1428
f 2447/2008/1471 2449/1924/1493 2448/1922/1472
f 2449/1924/1362 2451/1984/1430 2450/2009/1363
f 2451/1984/1431 2452/2010/1365 2450/2009/1367
f 2452/2010/1474 2455/1929/1432 2454/1928/1369
f 2455/1929/1221 2457/2012/1303 2456/2011/1222
f 2457/2012/1371 2459/1770/1433 2458/1932/1372
f 2459/1770/1434 2460/1933/1373 2458/1932/1375
f 2460/1772/1494 2462/2013/1494 2461/2015/1494
f 2452/2010/11 2451/1984/11 2449/1924/11
f 2449/1924/11 2447/2044/11 2462/2045/11
f 2462/2045/11 2460/1986/11 2459/1777/11
f 2459/1777/11 2457/1988/11 2455/1937/11
f 2455/1937/11 2452/2010/11 2449/1924/11
f 2449/1924/11 2462/2045/11 2459/1777/11
f 2462/2013/1495 2447/2008/1476 2463/2014/1478
f 2463/1941/1 2446/1989/1 2448/1990/1
f 2463/1941/1 2448/1990/1 2450/2009/1
f 2450/2009/1 2453/1991/1 2454/1939/1
f 2454/1939/1 2456/1992/1 2458/1940/1
f 2458/1940/1 2461/2046/1 2463/1941/1
f 2463/1941/1 2450/2009/1 2454/1939/1
f 2465/2016/1479 2467/1945/1496 2466/2017/1480
f 2467/1945/1384 2469/1994/1438 2468/2018/1385
f 2469/1994/1439 2470/2019/1387 2468/2018/1389
f 2470/2019/1390 2473/1950/1440 2472/1949/1391
f 2473/1950/1393 2475/2021/1309 2474/2020/1394
f 2475/2021/1396 2477/1796/1441 2476/2022/1397
f 2477/1796/1442 2478/1954/1482 2476/2022/1400
f 2478/1798/1497 2480/2023/1484 2479/2025/1486
f 2470/2019/11 2469/1994/11 2467/1945/11
f 2467/1945/11 2465/2047/11 2480/2048/11
f 2480/2048/11 2478/1996/11 2477/1803/11
f 2477/1803/11 2475/1998/11 2473/2026/11
f 2473/2026/11 2470/2019/11 2467/1945/11
f 2467/1945/11 2480/2048/11 2477/1803/11
f 2480/2023/1498 2465/2016/1487 2481/2024/1489
f 2481/2027/1 2464/1999/1 2466/2000/1
f 2481/2027/1 2466/2000/1 2468/2018/1
f 2468/2018/1 2471/2001/1 2472/1960/1
f 2472/1960/1 2474/2002/1 2476/1961/1
f 2476/1961/1 2479/2049/1 2481/2027/1
f 2481/2027/1 2468/2018/1 2472/1960/1
f 2497/1811/1250 2490/1870/1313 2491/2028/1444
f 2491/2028/1444 2492/1965/1314 2493/1809/1252
f 2493/1809/1252 2494/1821/1445 2495/1810/1405
f 2495/1810/1405 2496/1871/1312 2497/1811/1250
f 2497/1811/1250 2491/2028/1444 2493/1809/1252
f 2482/1812/1268 2483/1817/1320 2491/2028/1269
f 2489/1815/1265 2482/1812/1319 2490/1893/1266
f 2483/1817/1271 2484/1819/1321 2492/1965/1272
f 2484/1819/1406 2485/1820/1322 2493/1809/1275
f 2485/1820/1256 2486/1822/1316 2494/1821/1257
f 2486/1822/1253 2487/1824/1315 2495/1823/1352
f 2487/1824/1259 2488/1872/1317 2496/1967/1260
f 2488/1826/1262 2489/1815/1318 2497/1964/1263
f 2514/2041/1499 2507/2040/1447 2506/1873/1448
f 2506/1874/1448 2507/2040/1447 2515/2043/1449
f 2511/2050/1450 2500/2030/1451 2512/1969/1408
f 2513/2051/1452 2504/1877/1453 2514/2052/1454
f 2515/2053/1455 2509/1880/1456 2516/2029/1410
f 2498/1881/1457 2511/2050/1450 2512/1969/1408
f 2512/1969/1408 2502/2036/1458 2513/2051/1452
f 2513/2051/1452 2514/2052/1454 2506/1829/1409
f 2506/1829/1409 2515/2053/1455 2516/2029/1410
f 2516/2029/1410 2498/1881/1457 2512/1969/1408
f 2512/1969/1408 2513/2051/1452 2506/1829/1409
f 2511/2031/1490 2498/2032/1459 2499/1831/1411
f 2499/1831/1411 2501/1839/1460 2500/2030/1412
f 2516/2033/1416 2509/2042/1461 2510/1899/1414
f 2510/1899/1414 2499/1831/1462 2498/2032/1415
f 2503/2035/11 2501/1839/11 2499/1831/11
f 2499/1831/11 2510/1899/11 2508/2034/11
f 2508/2034/11 2505/2039/11 2503/2035/11
f 2512/1969/1419 2500/2030/1463 2501/1839/1417
f 2501/1839/1417 2503/2035/1464 2502/2036/1418
f 2513/2038/1492 2502/2036/1465 2503/2035/1491
f 2503/2035/1491 2505/2039/1466 2504/2037/1421
f 2514/2041/1425 2504/2037/1467 2505/2039/1423
f 2505/2039/1423 2508/2034/1468 2507/2040/1424
f 2515/2043/1428 2507/2040/1469 2508/2034/1426
f 2508/2034/1426 2510/1899/1470 2509/2042/1427
f 2518/2054/1500 2519/2055/1501 2517/2056/1502
f 2518/2054/1503 2520/2057/1504 2519/2055/1505
f 2521/2058/1201 2522/1761/1202 2520/2057/1203
f 2523/1762/1204 2524/2059/1205 2522/1761/1202
f 2525/2060/1506 2526/2061/1507 2524/2059/1508
f 2527/2062/1509 2528/2063/1510 2526/2061/1511
f 2529/2064/1512 2530/2065/1513 2528/2063/1514
f 2531/2066/1515 2532/1934/1516 2530/2065/1513
f 2533/2067/1517 2534/2068/1518 2532/2069/1519
f 2529/2070/11 2525/2071/11 2521/2058/11
f 2535/2072/1520 2517/2056/1521 2534/2068/1518
f 2526/2073/1 2530/2074/1 2517/2075/1
f 2537/2076/1522 2538/2077/1523 2536/2078/1524
f 2537/2076/1525 2539/2079/1526 2538/2077/1527
f 2540/2080/1227 2541/1787/1528 2539/2079/1229
f 2542/1788/1529 2543/2081/1530 2541/1787/1528
f 2544/2082/1531 2545/2083/1532 2543/2081/1533
f 2546/2084/1534 2547/2085/1535 2545/2083/1536
f 2548/2086/1537 2549/2087/1538 2547/2085/1539
f 2550/2088/1540 2551/1955/1541 2549/2087/1538
f 2552/2089/1542 2553/2090/1543 2551/2091/1544
f 2548/2092/11 2544/2093/11 2540/2080/11
f 2554/2094/1545 2536/2078/1524 2553/2090/1543
f 2545/2095/1 2549/2096/1 2536/2097/1
f 2566/2098/1250 2568/1810/1251 2570/1811/1252
f 2555/1812/1546 2564/1963/1352 2563/2099/1255
f 2562/1815/1547 2563/2099/1548 2570/2100/1258
f 2556/1817/1259 2565/1965/1260 2564/1963/1261
f 2557/1819/1262 2566/2098/1263 2565/1965/1264
f 2558/1820/1265 2567/1821/1266 2566/2098/1267
f 2559/1822/1268 2568/1966/1549 2567/1821/1270
f 2560/1824/1271 2569/2101/1272 2568/1966/1273
f 2561/1826/1274 2570/2100/1275 2569/1827/1276
f 2585/2102/1277 2579/1829/1278 2589/2103/1279
f 2572/2104/1280 2573/2105/1281 2584/2106/1282
f 2583/2107/1550 2571/2108/1284 2589/2109/1285
f 2572/2104/11 2581/2110/11 2576/1838/11
f 2574/1839/1286 2575/2111/1287 2585/2102/1288
f 2576/1838/1289 2577/2112/1290 2586/2113/1291
f 2578/1905/1292 2580/1906/1293 2587/2114/1294
f 2581/2110/1295 2582/1982/1296 2588/2115/1297
f 2518/2054/1503 2521/2058/1298 2520/2057/1504
f 2521/2058/1201 2523/1762/1204 2522/1761/1202
f 2523/1762/1204 2525/2060/1299 2524/2059/1205
f 2525/2060/1506 2527/2062/1551 2526/2061/1507
f 2527/2062/1509 2529/2064/1493 2528/2063/1510
f 2529/2064/1512 2531/2066/1515 2530/2065/1513
f 2531/2066/1515 2533/2116/1552 2532/1934/1516
f 2533/2067/1517 2535/2072/1520 2534/2068/1518
f 2533/2117/11 2531/2118/11 2529/2070/11
f 2521/2058/11 2518/2119/11 2535/2120/11
f 2535/2120/11 2533/2117/11 2529/2070/11
f 2529/2070/11 2527/2121/11 2525/2071/11
f 2525/2071/11 2523/1762/11 2521/2058/11
f 2521/2058/11 2535/2120/11 2529/2070/11
f 2535/2072/1553 2518/2054/1500 2517/2056/1502
f 2520/2057/1 2522/1761/1 2524/2059/1
f 2532/2122/1 2534/2123/1 2517/2075/1
f 2517/2075/1 2519/2124/1 2520/2057/1
f 2520/2057/1 2524/2059/1 2526/2073/1
f 2526/2073/1 2528/2125/1 2530/2074/1
f 2530/2074/1 2532/2122/1 2517/2075/1
f 2517/2075/1 2520/2057/1 2526/2073/1
f 2537/2076/1525 2540/2080/1304 2539/2079/1526
f 2540/2080/1227 2542/1788/1529 2541/1787/1528
f 2542/1788/1529 2544/2082/1305 2543/2081/1530
f 2544/2082/1531 2546/2084/1554 2545/2083/1532
f 2546/2084/1534 2548/2086/1555 2547/2085/1535
f 2548/2086/1537 2550/2088/1540 2549/2087/1538
f 2550/2088/1540 2552/2126/1556 2551/1955/1541
f 2552/2089/1542 2554/2094/1545 2553/2090/1543
f 2552/2127/11 2550/2128/11 2548/2092/11
f 2540/2080/11 2537/2129/11 2554/2130/11
f 2554/2130/11 2552/2127/11 2548/2092/11
f 2548/2092/11 2546/2131/11 2544/2093/11
f 2544/2093/11 2542/1788/11 2540/2080/11
f 2540/2080/11 2554/2130/11 2548/2092/11
f 2554/2094/1545 2537/2076/1522 2536/2078/1524
f 2539/2079/1 2541/1787/1 2543/2081/1
f 2551/2132/1 2553/2133/1 2536/2097/1
f 2536/2097/1 2538/2134/1 2539/2079/1
f 2539/2079/1 2543/2081/1 2545/2095/1
f 2545/2095/1 2547/2135/1 2549/2096/1
f 2549/2096/1 2551/2132/1 2536/2097/1
f 2536/2097/1 2539/2079/1 2545/2095/1
f 2570/1811/1252 2563/1870/1445 2564/1963/1405
f 2564/1963/1405 2565/1965/1312 2566/2098/1250
f 2566/2098/1250 2567/1821/1313 2568/1810/1251
f 2568/1810/1251 2569/1871/1314 2570/1811/1252
f 2570/1811/1252 2564/1963/1405 2566/2098/1250
f 2555/1812/1546 2556/1817/1315 2564/1963/1352
f 2562/1815/1547 2555/1812/1316 2563/2099/1548
f 2556/1817/1259 2557/1819/1317 2565/1965/1260
f 2557/1819/1262 2558/1820/1318 2566/2098/1263
f 2558/1820/1265 2559/1822/1319 2567/1821/1266
f 2559/1822/1268 2560/1824/1320 2568/1966/1549
f 2560/1824/1271 2561/1872/1321 2569/2101/1272
f 2561/1826/1274 2562/1815/1322 2570/2100/1275
f 2587/2114/1557 2580/1906/1558 2579/1873/1559
f 2579/1874/1559 2580/1906/1558 2588/2115/1326
f 2584/2136/1327 2573/2105/1328 2585/2102/1277
f 2586/2137/1329 2577/1877/1560 2587/2138/1331
f 2588/2139/1332 2582/1880/1333 2589/2103/1279
f 2571/1881/1334 2584/2136/1327 2585/2102/1277
f 2585/2102/1277 2575/2111/1335 2586/2137/1329
f 2586/2137/1329 2587/2138/1331 2579/1829/1278
f 2579/1829/1278 2588/2139/1332 2589/2103/1279
f 2589/2103/1279 2571/1881/1334 2585/2102/1277
f 2585/2102/1277 2586/2137/1329 2579/1829/1278
f 2584/2106/1282 2571/2108/1357 2572/2104/1280
f 2572/2104/1280 2574/1839/1337 2573/2105/1281
f 2589/2109/1285 2582/1982/1358 2583/2107/1550
f 2583/2107/1550 2572/2104/1339 2571/2108/1284
f 2576/1838/11 2574/1839/11 2572/2104/11
f 2572/2104/11 2583/2107/11 2581/2110/11
f 2581/2110/11 2578/1905/11 2576/1838/11
f 2585/2102/1288 2573/2105/1340 2574/1839/1286
f 2574/1839/1286 2576/1838/1341 2575/2111/1287
f 2586/2113/1291 2575/2111/1561 2576/1838/1289
f 2576/1838/1289 2578/1905/1343 2577/2112/1290
f 2587/2114/1294 2577/2112/1344 2578/1905/1292
f 2578/1905/1292 2581/2110/1345 2580/1906/1293
f 2588/2115/1297 2580/1906/1346 2581/2110/1295
f 2581/2110/1295 2583/2107/1347 2582/1982/1296
f 2591/2140/1198 2592/2141/1199 2590/2142/1200
f 2593/2143/1201 2594/1761/1202 2592/2141/1203
f 2595/1762/1204 2596/2144/1205 2594/1761/1202
f 2597/2145/1562 2598/2146/1507 2596/2144/1508
f 2599/2147/1509 2600/2063/1510 2598/2146/1563
f 2601/2148/1362 2602/2149/1363 2600/2063/1364
f 2604/2067/1564 2605/2150/1565 2602/1774/1566
f 2601/2070/11 2597/2151/11 2593/2143/11
f 2606/2072/1567 2607/2152/1568 2605/2150/1569
f 2606/2072/1570 2590/2142/1571 2607/2152/1572
f 2598/2153/1 2602/1781/1 2607/2154/1
f 2609/2155/1573 2610/2156/1574 2608/2157/1226
f 2611/2158/1227 2612/1787/1528 2610/2156/1229
f 2613/1788/1529 2614/2159/1530 2612/1787/1528
f 2615/2160/1575 2616/2161/1576 2614/2159/1533
f 2617/2162/1577 2618/2085/1535 2616/2161/1578
f 2619/2163/1384 2620/1889/1385 2618/2085/1386
f 2622/2164/1579 2623/2165/1580 2620/1800/1581
f 2619/2166/11 2615/2167/11 2611/2158/11
f 2624/2094/1582 2625/2168/1583 2623/2165/1584
f 2624/2094/1585 2608/2157/1586 2625/2168/1587
f 2616/2169/1 2620/2170/1 2625/2171/1
f 2637/2172/1250 2639/1810/1251 2641/1811/1252
f 2626/1812/1546 2635/1963/1352 2634/2099/1255
f 2633/1815/1547 2634/2099/1548 2641/1964/1258
f 2627/1817/1259 2636/1818/1260 2635/1963/1261
f 2628/1819/1262 2637/2172/1263 2636/1818/1264
f 2629/1820/1265 2638/2173/1266 2637/2172/1267
f 2630/1822/1268 2639/1966/1269 2638/2173/1270
f 2631/1824/1271 2640/1825/1272 2639/1966/1273
f 2632/1826/1406 2641/1964/1588 2640/2174/1407
f 2656/2175/1277 2650/1829/1278 2660/2176/1279
f 2643/2104/1280 2644/2177/1281 2655/2106/1282
f 2654/2178/1283 2642/2179/1284 2660/2180/1285
f 2643/2104/11 2652/2181/11 2647/1838/11
f 2645/1839/1286 2646/1840/1287 2656/2175/1288
f 2647/1838/1289 2648/2182/1290 2657/2183/1589
f 2649/2184/1292 2651/2185/1293 2658/2186/1590
f 2652/2181/1353 2653/2187/1296 2659/2188/1297
f 2591/2140/1198 2593/2143/1298 2592/2141/1199
f 2593/2143/1201 2595/1762/1204 2594/1761/1202
f 2595/1762/1204 2597/2145/1299 2596/2144/1205
f 2597/2145/1562 2599/2147/1551 2598/2146/1507
f 2599/2147/1509 2601/2148/1493 2600/2063/1510
f 2601/2148/1362 2603/2066/1430 2602/2149/1363
f 2603/2066/1431 2604/2116/1564 2602/2149/1566
f 2604/2067/1591 2606/2072/1567 2605/2150/1569
f 2604/2189/11 2603/2118/11 2601/2070/11
f 2593/2143/11 2591/2190/11 2606/2191/11
f 2606/2191/11 2604/2189/11 2601/2070/11
f 2601/2070/11 2599/2192/11 2597/2151/11
f 2597/2151/11 2595/1762/11 2593/2143/11
f 2593/2143/11 2606/2191/11 2601/2070/11
f 2606/2072/1570 2591/2140/1303 2590/2142/1571
f 2592/2141/1 2594/1761/1 2596/2144/1
f 2607/2154/1 2590/2193/1 2592/2141/1
f 2592/2141/1 2596/2144/1 2598/2153/1
f 2598/2153/1 2600/2194/1 2602/1781/1
f 2602/1781/1 2605/2195/1 2607/2154/1
f 2607/2154/1 2592/2141/1 2598/2153/1
f 2609/2155/1573 2611/2158/1304 2610/2156/1574
f 2611/2158/1227 2613/1788/1529 2612/1787/1528
f 2613/1788/1529 2615/2160/1305 2614/2159/1530
f 2615/2160/1575 2617/2162/1554 2616/2161/1576
f 2617/2162/1577 2619/2163/1496 2618/2085/1535
f 2619/2163/1384 2621/2088/1438 2620/1889/1385
f 2621/2088/1439 2622/2126/1579 2620/1889/1581
f 2622/2164/1592 2624/2094/1582 2623/2165/1584
f 2622/2127/11 2621/2128/11 2619/2166/11
f 2611/2158/11 2609/2196/11 2624/2130/11
f 2624/2130/11 2622/2127/11 2619/2166/11
f 2619/2166/11 2617/2197/11 2615/2167/11
f 2615/2167/11 2613/1788/11 2611/2158/11
f 2611/2158/11 2624/2130/11 2619/2166/11
f 2624/2094/1585 2609/2155/1309 2608/2157/1586
f 2610/2156/1 2612/1787/1 2614/2159/1
f 2625/2171/1 2608/2198/1 2610/2156/1
f 2610/2156/1 2614/2159/1 2616/2169/1
f 2616/2169/1 2618/2135/1 2620/2170/1
f 2620/2170/1 2623/2199/1 2625/2171/1
f 2625/2171/1 2610/2156/1 2616/2169/1
f 2641/1811/1252 2634/1870/1445 2635/1963/1405
f 2635/1963/1405 2636/1818/1312 2637/2172/1250
f 2637/2172/1250 2638/2173/1593 2639/1810/1251
f 2639/1810/1251 2640/1871/1314 2641/1811/1252
f 2641/1811/1252 2635/1963/1405 2637/2172/1250
f 2626/1812/1546 2627/1817/1315 2635/1963/1352
f 2633/1815/1547 2626/1812/1594 2634/2099/1548
f 2627/1817/1259 2628/1819/1317 2636/1818/1260
f 2628/1819/1262 2629/1820/1318 2637/2172/1263
f 2629/1820/1265 2630/1822/1319 2638/2173/1266
f 2630/1822/1268 2631/1824/1320 2639/1966/1269
f 2631/1824/1271 2632/1872/1321 2640/1825/1272
f 2632/1826/1406 2633/1815/1595 2641/1964/1588
f 2658/2186/1596 2651/2185/1324 2650/1873/1559
f 2650/1874/1559 2651/2185/1324 2659/2188/1326
f 2655/2136/1327 2644/2177/1328 2656/2175/1277
f 2657/2200/1329 2648/1877/1560 2658/2201/1331
f 2659/2202/1332 2653/1880/1333 2660/2176/1279
f 2642/1881/1334 2655/2136/1327 2656/2175/1277
f 2656/2175/1277 2646/1840/1335 2657/2200/1329
f 2657/2200/1329 2658/2201/1331 2650/1829/1278
f 2650/1829/1278 2659/2202/1332 2660/2176/1279
f 2660/2176/1279 2642/1881/1334 2656/2175/1277
f 2656/2175/1277 2657/2200/1329 2650/1829/1278
f 2655/2106/1282 2642/2179/1357 2643/2104/1280
f 2643/2104/1280 2645/1839/1337 2644/2177/1281
f 2660/2180/1285 2653/2187/1358 2654/2178/1283
f 2654/2178/1283 2643/2104/1339 2642/2179/1284
f 2647/1838/11 2645/1839/11 2643/2104/11
f 2643/2104/11 2654/2178/11 2652/2181/11
f 2652/2181/11 2649/2184/11 2647/1838/11
f 2656/2175/1288 2644/2177/1340 2645/1839/1286
f 2645/1839/1286 2647/1838/1341 2646/1840/1287
f 2657/2183/1589 2646/1840/1561 2647/1838/1289
f 2647/1838/1289 2649/2184/1343 2648/2182/1290
f 2658/2186/1590 2648/2182/1344 2649/2184/1292
f 2649/2184/1292 2652/2181/1345 2651/2185/1293
f 2659/2188/1297 2651/2185/1346 2652/2181/1353
f 2652/2181/1353 2654/2178/1347 2653/2187/1296
f 2662/2203/1211 2663/2204/1212 2661/2205/1213
f 2664/2206/1214 2665/2207/1215 2663/2204/1212
f 2666/2208/1597 2667/1927/1217 2665/2207/1218
f 2668/2209/1348 2669/2210/1220 2667/1927/1217
f 2670/2211/1221 2671/2212/1222 2669/2210/1223
f 2672/2213/1198 2673/2214/1199 2671/2212/1200
f 2674/2215/1201 2675/1934/1202 2673/2214/1203
f 2676/1772/1204 2677/2216/1205 2675/1774/1202
f 2674/2217/11 2670/2218/11 2664/2219/11
f 2678/2220/1206 2679/2152/1598 2677/2216/1208
f 2680/2221/1209 2661/2205/1599 2679/2152/1598
f 2669/1939/1 2673/2222/1 2679/2154/1
f 2682/2223/1600 2683/2224/1238 2681/2225/1239
f 2684/2226/1240 2685/2227/1349 2683/2224/1238
f 2686/2228/1242 2687/1948/1243 2685/2227/1244
f 2688/2229/1245 2689/2230/1351 2687/1948/1243
f 2690/2231/1247 2691/2232/1248 2689/2230/1249
f 2692/2233/1224 2693/2234/1225 2691/2232/1226
f 2694/2235/1227 2695/1955/1528 2693/2234/1229
f 2696/1798/1230 2697/2236/1231 2695/1800/1528
f 2694/2237/11 2690/2238/11 2684/2239/11
f 2698/2240/1232 2699/2168/1233 2697/2236/1234
f 2700/2241/1235 2681/2225/1236 2699/2168/1233
f 2689/2242/1 2693/2243/1 2699/2171/1
f 2712/2098/1252 2714/1810/1311 2716/1811/1250
f 2701/1812/1601 2710/1963/1269 2709/2099/1270
f 2708/1815/1602 2709/2099/1603 2716/2244/1267
f 2702/1817/1271 2711/1965/1272 2710/1963/1273
f 2703/1819/1274 2712/2098/1275 2711/1965/1276
f 2704/1820/1256 2713/2173/1257 2712/2098/1258
f 2705/1822/1253 2714/1966/1254 2713/2173/1255
f 2706/1824/1259 2715/1967/1260 2714/1966/1261
f 2707/1826/1262 2716/2244/1604 2715/1968/1605
f 2731/2245/1408 2725/1829/1409 2735/2246/1410
f 2718/2104/1411 2719/2247/1412 2730/2248/1413
f 2729/1899/1414 2717/2249/1415 2735/2250/1416
f 2718/2104/11 2727/2251/11 2722/2252/11
f 2720/1839/1417 2721/2253/1418 2731/2245/1419
f 2722/2252/1420 2723/2182/1421 2732/2254/1422
f 2724/1905/1423 2726/1906/1606 2733/2255/1425
f 2727/2251/1426 2728/2256/1427 2734/2257/1428
f 2662/2203/1211 2664/2206/1214 2663/2204/1212
f 2664/2206/1214 2666/2208/1301 2665/2207/1215
f 2666/2208/1597 2668/2209/1348 2667/1927/1217
f 2668/2209/1348 2670/2211/1302 2669/2210/1220
f 2670/2211/1221 2672/2213/1607 2671/2212/1222
f 2672/2213/1198 2674/2215/1298 2673/2214/1199
f 2674/2215/1201 2676/2116/1204 2675/1934/1202
f 2676/1772/1204 2678/2220/1299 2677/2216/1205
f 2662/2258/11 2680/2259/11 2678/2045/11
f 2670/2218/11 2668/2260/11 2666/2208/11
f 2664/2219/11 2662/2258/11 2678/2045/11
f 2678/2045/11 2676/2261/11 2674/2217/11
f 2674/2217/11 2672/2262/11 2670/2218/11
f 2670/2218/11 2666/2208/11 2664/2219/11
f 2664/2219/11 2678/2045/11 2674/2217/11
f 2678/2220/1206 2680/2221/1209 2679/2152/1598
f 2680/2221/1209 2662/2203/1300 2661/2205/1599
f 2661/2263/1 2663/2264/1 2665/2207/1
f 2673/2222/1 2675/2265/1 2677/2266/1
f 2679/2154/1 2661/2263/1 2665/2207/1
f 2665/2207/1 2667/1991/1 2669/1939/1
f 2669/1939/1 2671/2267/1 2673/2222/1
f 2673/2222/1 2677/2266/1 2679/2154/1
f 2679/2154/1 2665/2207/1 2669/1939/1
f 2682/2223/1600 2684/2226/1240 2683/2224/1238
f 2684/2226/1240 2686/2228/1307 2685/2227/1349
f 2686/2228/1242 2688/2229/1245 2687/1948/1243
f 2688/2229/1245 2690/2231/1308 2689/2230/1351
f 2690/2231/1247 2692/2233/1608 2691/2232/1248
f 2692/2233/1224 2694/2235/1304 2693/2234/1225
f 2694/2235/1227 2696/2126/1230 2695/1955/1528
f 2696/1798/1230 2698/2240/1305 2697/2236/1231
f 2682/2268/11 2700/2269/11 2698/2270/11
f 2690/2238/11 2688/2271/11 2686/2228/11
f 2684/2239/11 2682/2268/11 2698/2270/11
f 2698/2270/11 2696/2272/11 2694/2237/11
f 2694/2237/11 2692/2273/11 2690/2238/11
f 2690/2238/11 2686/2228/11 2684/2239/11
f 2684/2239/11 2698/2270/11 2694/2237/11
f 2698/2240/1232 2700/2241/1235 2699/2168/1233
f 2700/2241/1235 2682/2223/1306 2681/2225/1236
f 2681/2274/1 2683/2275/1 2685/2227/1
f 2693/2243/1 2695/2276/1 2697/2277/1
f 2699/2171/1 2681/2274/1 2685/2227/1
f 2685/2227/1 2687/2001/1 2689/2242/1
f 2689/2242/1 2691/2278/1 2693/2243/1
f 2693/2243/1 2697/2277/1 2699/2171/1
f 2699/2171/1 2685/2227/1 2689/2242/1
f 2716/1811/1250 2709/1870/1593 2710/1963/1251
f 2710/1963/1251 2711/1965/1314 2712/2098/1252
f 2712/2098/1252 2713/2173/1310 2714/1810/1311
f 2714/1810/1311 2715/1871/1312 2716/1811/1250
f 2716/1811/1250 2710/1963/1251 2712/2098/1252
f 2701/1812/1601 2702/1817/1320 2710/1963/1269
f 2708/1815/1602 2701/1812/1319 2709/2099/1603
f 2702/1817/1271 2703/1819/1321 2711/1965/1272
f 2703/1819/1274 2704/1820/1322 2712/2098/1275
f 2704/1820/1256 2705/1822/1316 2713/2173/1257
f 2705/1822/1253 2706/1824/1315 2714/1966/1254
f 2706/1824/1259 2707/1872/1317 2715/1967/1260
f 2707/1826/1262 2708/1815/1318 2716/2244/1604
f 2733/2255/1609 2726/1906/1447 2725/1873/1610
f 2725/1874/1610 2726/1906/1447 2734/2257/1449
f 2730/2279/1450 2719/2247/1611 2731/2245/1408
f 2732/2280/1452 2723/1877/1612 2733/2281/1454
f 2734/2282/1455 2728/1880/1456 2735/2246/1410
f 2717/1881/1457 2730/2279/1450 2731/2245/1408
f 2731/2245/1408 2721/2253/1458 2732/2280/1452
f 2732/2280/1452 2733/2281/1454 2725/1829/1409
f 2725/1829/1409 2734/2282/1455 2735/2246/1410
f 2735/2246/1410 2717/1881/1457 2731/2245/1408
f 2731/2245/1408 2732/2280/1452 2725/1829/1409
f 2730/2248/1413 2717/2249/1459 2718/2104/1411
f 2718/2104/1411 2720/1839/1460 2719/2247/1412
f 2735/2250/1416 2728/2256/1461 2729/1899/1414
f 2729/1899/1414 2718/2104/1462 2717/2249/1415
f 2722/2252/11 2720/1839/11 2718/2104/11
f 2718/2104/11 2729/1899/11 2727/2251/11
f 2727/2251/11 2724/1905/11 2722/2252/11
f 2731/2245/1419 2719/2247/1463 2720/1839/1417
f 2720/1839/1417 2722/2252/1464 2721/2253/1418
f 2732/2254/1422 2721/2253/1613 2722/2252/1420
f 2722/2252/1420 2724/1905/1466 2723/2182/1421
f 2733/2255/1425 2723/2182/1614 2724/1905/1423
f 2724/1905/1423 2727/2251/1468 2726/1906/1606
f 2734/2257/1428 2726/1906/1469 2727/2251/1426
f 2727/2251/1426 2729/1899/1470 2728/2256/1427
f 2737/2283/1615 2738/2055/1616 2736/2284/1617
f 2739/2285/1618 2740/2057/1619 2738/2055/1616
f 2741/2058/1620 2742/1761/1621 2740/2057/1622
f 2743/1762/1623 2744/2286/1624 2742/1761/1621
f 2745/2287/1625 2746/2288/1626 2744/2286/1627
f 2747/2062/1628 2748/2063/1629 2746/2288/1630
f 2749/2148/1631 2750/2065/1632 2748/2063/1633
f 2751/2066/1634 2752/1934/1635 2750/2065/1632
f 2753/2067/1636 2754/2068/1637 2752/2289/1638
f 2749/2070/11 2745/2071/11 2741/2058/11
f 2755/2290/1639 2736/2284/1640 2754/2068/1637
f 2746/2073/1 2750/2074/1 2736/2075/1
f 2757/2291/1641 2758/2077/1642 2756/2078/1643
f 2759/2292/1644 2760/2293/1645 2758/2077/1642
f 2761/2294/1646 2762/1787/1647 2760/2293/1648
f 2763/1788/1649 2764/2081/1650 2762/1787/1647
f 2765/2295/1651 2766/2296/1652 2764/2081/1653
f 2767/2084/1654 2768/2085/1655 2766/2296/1656
f 2769/2297/1657 2770/2087/1658 2768/2085/1659
f 2771/2088/1660 2772/1955/1661 2770/2087/1658
f 2773/2164/1662 2774/2090/1663 2772/2298/1664
f 2769/2166/11 2765/2299/11 2761/2294/11
f 2775/2300/1665 2756/2078/1666 2774/2090/1663
f 2766/2301/1 2770/2096/1 2756/2097/1
f 2787/2302/1252 2789/1810/1311 2791/1811/1250
f 2776/1812/1601 2785/1963/1269 2784/2099/1270
f 2783/1815/1602 2784/2099/1603 2791/2244/1267
f 2777/1817/1271 2786/1818/1272 2785/1963/1273
f 2778/1819/1274 2787/2302/1275 2786/1818/1276
f 2779/1820/1256 2788/2173/1257 2787/2302/1258
f 2780/1822/1253 2789/1966/1254 2788/2173/1255
f 2781/1824/1259 2790/1825/1260 2789/1966/1261
f 2782/1826/1667 2791/2244/1263 2790/1827/1264
f 2806/2102/1408 2800/1829/1409 2810/2303/1410
f 2793/2304/1411 2794/2305/1412 2805/2306/1413
f 2804/1899/1414 2792/2179/1415 2810/2307/1416
f 2793/2304/11 2802/2308/11 2797/2252/11
f 2795/1839/1417 2796/2111/1418 2806/2102/1419
f 2797/2252/1420 2798/2037/1421 2807/2183/1668
f 2799/2184/1423 2801/1980/1606 2808/2309/1425
f 2802/2308/1669 2803/2042/1427 2809/2310/1428
f 2737/2283/1615 2739/2285/1618 2738/2055/1616
f 2739/2285/1618 2741/2058/1670 2740/2057/1619
f 2741/2058/1620 2743/1762/1623 2742/1761/1621
f 2743/1762/1623 2745/2287/1671 2744/2286/1624
f 2745/2287/1625 2747/2062/1672 2746/2288/1626
f 2747/2062/1628 2749/2148/1673 2748/2063/1629
f 2749/2148/1631 2751/2066/1634 2750/2065/1632
f 2751/2066/1634 2753/2116/1674 2752/1934/1635
f 2753/2067/1636 2755/2290/1639 2754/2068/1637
f 2741/2058/11 2739/2311/11 2737/2312/11
f 2753/2189/11 2751/2118/11 2749/2070/11
f 2741/2058/11 2737/2312/11 2755/2313/11
f 2755/2313/11 2753/2189/11 2749/2070/11
f 2749/2070/11 2747/2121/11 2745/2071/11
f 2745/2071/11 2743/1762/11 2741/2058/11
f 2741/2058/11 2755/2313/11 2749/2070/11
f 2755/2290/1639 2737/2283/1675 2736/2284/1640
f 2740/2057/1 2742/1761/1 2744/2286/1
f 2752/2314/1 2754/2123/1 2736/2075/1
f 2736/2075/1 2738/2124/1 2740/2057/1
f 2740/2057/1 2744/2286/1 2746/2073/1
f 2746/2073/1 2748/2194/1 2750/2074/1
f 2750/2074/1 2752/2314/1 2736/2075/1
f 2736/2075/1 2740/2057/1 2746/2073/1
f 2757/2291/1641 2759/2292/1644 2758/2077/1642
f 2759/2292/1644 2761/2294/1676 2760/2293/1645
f 2761/2294/1646 2763/1788/1649 2762/1787/1647
f 2763/1788/1649 2765/2295/1677 2764/2081/1650
f 2765/2295/1651 2767/2084/1678 2766/2296/1652
f 2767/2084/1654 2769/2297/1679 2768/2085/1655
f 2769/2297/1657 2771/2088/1660 2770/2087/1658
f 2771/2088/1660 2773/2126/1680 2772/1955/1661
f 2773/2164/1662 2775/2300/1665 2774/2090/1663
f 2761/2294/11 2759/2315/11 2757/2316/11
f 2773/2127/11 2771/2128/11 2769/2166/11
f 2761/2294/11 2757/2316/11 2775/2317/11
f 2775/2317/11 2773/2127/11 2769/2166/11
f 2769/2166/11 2767/2318/11 2765/2299/11
f 2765/2299/11 2763/1788/11 2761/2294/11
f 2761/2294/11 2775/2317/11 2769/2166/11
f 2775/2300/1665 2757/2291/1681 2756/2078/1666
f 2760/2293/1 2762/1787/1 2764/2081/1
f 2772/2319/1 2774/2133/1 2756/2097/1
f 2756/2097/1 2758/2134/1 2760/2293/1
f 2760/2293/1 2764/2081/1 2766/2301/1
f 2766/2301/1 2768/2135/1 2770/2096/1
f 2770/2096/1 2772/2319/1 2756/2097/1
f 2756/2097/1 2760/2293/1 2766/2301/1
f 2791/1811/1250 2784/1870/1313 2785/1963/1251
f 2785/1963/1251 2786/1818/1314 2787/2302/1252
f 2787/2302/1252 2788/2173/1310 2789/1810/1311
f 2789/1810/1311 2790/1871/1312 2791/1811/1250
f 2791/1811/1250 2785/1963/1251 2787/2302/1252
f 2776/1812/1601 2777/1817/1320 2785/1963/1269
f 2783/1815/1602 2776/1812/1319 2784/2099/1603
f 2777/1817/1271 2778/1819/1321 2786/1818/1272
f 2778/1819/1274 2779/1820/1322 2787/2302/1275
f 2779/1820/1256 2780/1822/1316 2788/2173/1257
f 2780/1822/1253 2781/1824/1315 2789/1966/1254
f 2781/1824/1259 2782/1872/1317 2790/1825/1260
f 2782/1826/1667 2783/1815/1318 2791/2244/1263
f 2808/2309/1446 2801/1980/1447 2800/1873/1682
f 2800/1874/1682 2801/1980/1447 2809/2310/1449
f 2805/2136/1450 2794/2305/1451 2806/2102/1408
f 2807/2200/1452 2798/1877/1612 2808/2201/1454
f 2809/2282/1455 2803/1880/1456 2810/2303/1410
f 2792/1881/1457 2805/2136/1450 2806/2102/1408
f 2806/2102/1408 2796/2111/1458 2807/2200/1452
f 2807/2200/1452 2808/2201/1454 2800/1829/1409
f 2800/1829/1409 2809/2282/1455 2810/2303/1410
f 2810/2303/1410 2792/1881/1457 2806/2102/1408
f 2806/2102/1408 2807/2200/1452 2800/1829/1409
f 2805/2306/1413 2792/2179/1459 2793/2304/1411
f 2793/2304/1411 2795/1839/1460 2794/2305/1412
f 2810/2307/1416 2803/2042/1461 2804/1899/1414
f 2804/1899/1414 2793/2304/1462 2792/2179/1415
f 2797/2252/11 2795/1839/11 2793/2304/11
f 2793/2304/11 2804/1899/11 2802/2308/11
f 2802/2308/11 2799/2184/11 2797/2252/11
f 2806/2102/1419 2794/2305/1463 2795/1839/1417
f 2795/1839/1417 2797/2252/1464 2796/2111/1418
f 2807/2183/1668 2796/2111/1613 2797/2252/1420
f 2797/2252/1420 2799/2184/1466 2798/2037/1421
f 2808/2309/1425 2798/2037/1614 2799/2184/1423
f 2799/2184/1423 2802/2308/1468 2801/1980/1606
f 2809/2310/1428 2801/1980/1469 2802/2308/1669
f 2802/2308/1669 2804/1899/1470 2803/2042/1427
f 2815/2320/7 2812/2321/7 2816/2322/7
f 2828/2323/4 2853/2324/4 2851/2325/4
f 2825/2326/2 2852/2327/2 2854/2328/2
f 2838/2329/7 2857/2330/7 2842/2331/7
f 2815/2320/1683 2862/2332/1683 2859/2333/1683
f 2817/2334/1684 2866/2335/1684 2863/2336/1684
f 2855/2337/4 2844/2338/4 2843/2339/4
f 2848/2340/4 2827/2341/4 2830/2342/4
f 2826/2343/6 2825/2344/6 2856/2345/6
f 2847/2346/6 2824/2347/6 2823/2348/6
f 2826/2349/2 2837/2350/2 2822/2351/2
f 2856/2352/11 2852/2327/11 2857/2353/11
f 2855/2354/11 2851/2325/11 2853/2324/11
f 2858/2355/7 2831/2356/7 2835/2357/7
f 2864/2358/1685 2820/2359/1685 2818/2360/1685
f 2860/2361/1683 2814/2362/1683 2813/2363/1683
f 2860/2361/7 2872/2364/7 2861/2365/7
f 2868/2366/1686 2869/2367/1687 2865/2368/1688
f 2866/2335/6 2867/2369/6 2863/2336/6
f 2838/2370/1 2849/2371/1 2865/2372/1
f 2870/2373/1683 2872/2364/1683 2871/2374/1683
f 2859/2333/6 2873/2375/6 2870/2373/6
f 2831/2376/1 2870/2377/1 2847/2378/1
f 2846/2379/1689 2849/2380/1690 2856/2345/1691
f 2811/2381/7 2836/2382/7 2819/2383/7
f 2843/2339/6 2813/2363/6 2814/2362/6
f 2858/2355/4 2829/2384/4 2831/2356/4
f 2855/2354/4 2812/2385/4 2858/2386/4
f 2836/2382/1692 2857/2330/1693 2838/2329/1694
f 2811/2387/1695 2846/2388/1696 2856/2352/1697
f 2875/2321/6 2878/2320/6 2879/2322/6
f 2916/2324/4 2891/2323/4 2914/2325/4
f 2915/2327/2 2888/2326/2 2917/2328/2
f 2904/2389/6 2920/2330/6 2901/2329/6
f 2925/2332/1683 2878/2320/1683 2922/2333/1683
f 2929/2335/1684 2880/2334/1684 2926/2336/1684
f 2918/2337/4 2907/2338/4 2910/2346/4
f 2890/2341/4 2911/2340/4 2893/2342/4
f 2900/2350/2 2889/2349/2 2885/2351/2
f 2915/2327/11 2919/2352/11 2920/2353/11
f 2918/2354/11 2914/2325/11 2921/2386/11
f 2897/2390/6 2894/2356/6 2921/2355/6
f 2883/2359/1684 2927/2358/1698 2881/2360/1698
f 2928/2391/6 2931/2366/6 2927/2358/6
f 2877/2362/1683 2923/2361/1683 2876/2363/1683
f 2936/2364/6 2923/2361/6 2924/2365/6
f 2932/2392/1684 2930/2369/1684 2931/2366/1684
f 2930/2369/7 2929/2335/7 2926/2336/7
f 2933/2393/1 2912/2371/1 2901/2370/1
f 2936/2364/1683 2934/2373/1683 2935/2374/1683
f 2922/2333/7 2937/2375/7 2925/2332/7
f 2910/2378/1 2934/2377/1 2894/2376/1
f 2912/2380/1699 2909/2379/1700 2919/2345/1701
f 2909/2379/7 2908/2394/7 2883/2359/7
f 2876/2363/7 2906/2339/7 2877/2362/7
f 2892/2384/4 2921/2355/4 2894/2356/4
f 2875/2385/4 2918/2354/4 2921/2386/4
f 2899/2382/1702 2920/2330/1703 2874/2395/1704
f 2919/2352/1701 2909/2388/1700 2874/2396/1705
f 2939/2321/7 2942/2320/7 2943/2322/7
f 2980/2324/2 2955/2323/2 2978/2325/2
f 2979/2327/4 2952/2326/4 2981/2328/4
f 2968/2389/7 2984/2330/7 2965/2329/7
f 2989/2332/1684 2942/2320/1684 2986/2333/1684
f 2993/2335/1683 2944/2334/1683 2990/2336/1683
f 2982/2337/2 2971/2338/2 2974/2346/2
f 2954/2341/2 2975/2340/2 2957/2342/2
f 2964/2350/4 2953/2349/4 2949/2351/4
f 2979/2327/11 2983/2352/11 2984/2353/11
f 2982/2354/11 2978/2325/11 2985/2386/11
f 2961/2390/7 2958/2356/7 2985/2355/7
f 2947/2359/1683 2991/2358/1706 2945/2360/1706
f 2992/2391/7 2995/2366/7 2991/2358/7
f 2941/2362/1684 2987/2361/1684 2940/2363/1684
f 3000/2364/7 2987/2361/7 2988/2365/7
f 2996/2392/1683 2994/2369/1683 2995/2366/1683
f 2994/2369/6 2993/2335/6 2990/2336/6
f 2997/2393/1 2976/2371/1 2965/2370/1
f 3000/2364/1684 2998/2373/1684 2999/2374/1684
f 2986/2333/6 3001/2375/6 2989/2332/6
f 2974/2378/1 2998/2377/1 2958/2376/1
f 2976/2380/1707 2973/2379/1708 2983/2345/1709
f 2973/2379/6 2972/2394/6 2947/2359/6
f 2940/2363/6 2970/2339/6 2941/2362/6
f 2956/2384/2 2985/2355/2 2958/2356/2
f 2939/2385/2 2982/2354/2 2985/2386/2
f 2963/2382/1710 2984/2330/1711 2938/2395/1712
f 2983/2352/1709 2973/2388/1708 2938/2396/1713
f 3006/2320/6 3003/2321/6 3007/2322/6
f 3019/2323/2 3044/2324/2 3042/2325/2
f 3016/2326/4 3043/2327/4 3045/2328/4
f 3029/2329/6 3048/2330/6 3033/2331/6
f 3006/2320/1684 3053/2332/1684 3050/2333/1684
f 3008/2334/1683 3057/2335/1683 3054/2336/1683
f 3046/2337/2 3035/2338/2 3034/2339/2
f 3039/2340/2 3018/2341/2 3021/2342/2
f 3017/2343/7 3016/2344/7 3047/2345/7
f 3038/2346/7 3015/2347/7 3014/2348/7
f 3017/2349/4 3028/2350/4 3013/2351/4
f 3047/2352/11 3043/2327/11 3048/2353/11
f 3046/2354/11 3042/2325/11 3044/2324/11
f 3049/2355/6 3022/2356/6 3026/2357/6
f 3055/2358/1714 3011/2359/1714 3009/2360/1714
f 3051/2361/1684 3005/2362/1684 3004/2363/1684
f 3051/2361/6 3063/2364/6 3052/2365/6
f 3059/2366/1715 3060/2367/1716 3056/2368/1717
f 3057/2335/7 3058/2369/7 3054/2336/7
f 3029/2370/1 3040/2371/1 3056/2372/1
f 3061/2373/1684 3063/2364/1684 3062/2374/1684
f 3050/2333/7 3064/2375/7 3061/2373/7
f 3022/2376/1 3061/2377/1 3038/2378/1
f 3037/2379/1718 3040/2380/1719 3047/2345/1720
f 3002/2381/6 3027/2382/6 3010/2383/6
f 3034/2339/7 3004/2363/7 3005/2362/7
f 3049/2355/2 3020/2384/2 3022/2356/2
f 3046/2354/2 3003/2385/2 3049/2386/2
f 3027/2382/1721 3048/2330/1722 3029/2329/1723
f 3002/2387/1724 3037/2388/1725 3047/2352/1726
f 2815/2320/7 2829/2384/7 2812/2321/7
f 2828/2323/4 2824/2397/4 2853/2324/4
f 2825/2326/2 2821/2398/2 2852/2327/2
f 2822/2399/7 2837/2400/7 2838/2329/7
f 2857/2330/7 2852/2327/7 2821/2398/7
f 2821/2398/7 2839/2401/7 2841/2389/7
f 2842/2331/7 2840/2402/7 2822/2399/7
f 2857/2330/7 2821/2398/7 2841/2389/7
f 2842/2331/7 2822/2399/7 2838/2329/7
f 2857/2330/7 2841/2389/7 2842/2331/7
f 2815/2320/1683 2816/2322/1683 2862/2332/1683
f 2817/2334/1684 2819/2383/1684 2866/2335/1684
f 2855/2337/4 2847/2346/4 2844/2338/4
f 2848/2340/4 2823/2403/4 2827/2341/4
f 2856/2345/6 2849/2380/6 2850/2404/6
f 2856/2345/6 2850/2404/6 2826/2343/6
f 2825/2344/6 2854/2405/6 2856/2345/6
f 2823/2348/6 2848/2406/6 2847/2346/6
f 2847/2346/6 2855/2337/6 2853/2407/6
f 2847/2346/6 2853/2407/6 2824/2347/6
f 2826/2349/2 2850/2408/2 2837/2350/2
f 2856/2352/11 2854/2328/11 2852/2327/11
f 2855/2354/11 2858/2386/11 2851/2325/11
f 2828/2323/7 2851/2325/7 2858/2355/7
f 2831/2356/7 2830/2409/7 2827/2410/7
f 2827/2410/7 2832/2411/7 2834/2390/7
f 2835/2357/7 2833/2412/7 2828/2323/7
f 2831/2356/7 2827/2410/7 2834/2390/7
f 2835/2357/7 2828/2323/7 2858/2355/7
f 2831/2356/7 2834/2390/7 2835/2357/7
f 2864/2358/1727 2865/2368/1727 2820/2359/1727
f 2865/2368/7 2864/2358/7 2868/2366/7
f 2860/2361/1683 2861/2365/1683 2814/2362/1683
f 2860/2361/7 2871/2374/7 2872/2364/7
f 2868/2366/1686 2867/2369/1684 2869/2367/1687
f 2866/2335/6 2869/2367/6 2867/2369/6
f 2869/2393/1 2866/2413/1 2819/2383/1
f 2819/2383/1 2836/2382/1 2838/2370/1
f 2838/2370/1 2837/2350/1 2850/2408/1
f 2849/2371/1 2845/2414/1 2820/2415/1
f 2838/2370/1 2850/2408/1 2849/2371/1
f 2869/2393/1 2819/2383/1 2838/2370/1
f 2865/2372/1 2869/2393/1 2838/2370/1
f 2849/2371/1 2820/2415/1 2865/2372/1
f 2870/2373/1683 2873/2375/1683 2872/2364/1683
f 2859/2333/6 2862/2332/6 2873/2375/6
f 2847/2378/1 2848/2340/1 2830/2342/1
f 2831/2376/1 2829/2384/1 2815/2320/1
f 2847/2378/1 2830/2342/1 2831/2376/1
f 2813/2416/1 2844/2417/1 2847/2378/1
f 2871/2418/1 2860/2419/1 2813/2416/1
f 2815/2320/1 2859/2420/1 2870/2377/1
f 2871/2418/1 2813/2416/1 2847/2378/1
f 2831/2376/1 2815/2320/1 2870/2377/1
f 2870/2377/1 2871/2418/1 2847/2378/1
f 2846/2379/1689 2845/2394/1728 2849/2380/1690
f 2846/2379/6 2818/2360/6 2820/2359/6
f 2820/2359/6 2845/2394/6 2846/2379/6
f 2819/2383/7 2817/2334/7 2811/2381/7
f 2843/2339/6 2844/2338/6 2813/2363/6
f 2858/2355/4 2812/2321/4 2829/2384/4
f 2855/2354/4 2843/2421/4 2812/2385/4
f 2836/2382/1692 2811/2381/1695 2857/2330/1693
f 2856/2352/1697 2857/2353/1693 2811/2387/1695
f 2875/2321/6 2892/2384/6 2878/2320/6
f 2916/2324/4 2887/2397/4 2891/2323/4
f 2915/2327/2 2884/2398/2 2888/2326/2
f 2901/2329/6 2900/2400/6 2885/2399/6
f 2885/2399/6 2903/2402/6 2905/2331/6
f 2904/2389/6 2902/2401/6 2884/2398/6
f 2901/2329/6 2885/2399/6 2905/2331/6
f 2904/2389/6 2884/2398/6 2915/2327/6
f 2901/2329/6 2905/2331/6 2904/2389/6
f 2904/2389/6 2915/2327/6 2920/2330/6
f 2925/2332/1683 2879/2322/1683 2878/2320/1683
f 2929/2335/1684 2882/2383/1684 2880/2334/1684
f 2918/2337/4 2906/2339/4 2907/2338/4
f 2890/2341/4 2886/2403/4 2911/2340/4
f 2913/2404/7 2912/2380/7 2919/2345/7
f 2919/2345/7 2917/2405/7 2888/2344/7
f 2889/2343/7 2913/2404/7 2919/2345/7
f 2919/2345/7 2888/2344/7 2889/2343/7
f 2910/2346/7 2911/2406/7 2886/2348/7
f 2916/2407/7 2918/2337/7 2910/2346/7
f 2887/2347/7 2916/2407/7 2910/2346/7
f 2910/2346/7 2886/2348/7 2887/2347/7
f 2900/2350/2 2913/2408/2 2889/2349/2
f 2915/2327/11 2917/2328/11 2919/2352/11
f 2918/2354/11 2916/2324/11 2914/2325/11
f 2921/2355/6 2914/2325/6 2891/2323/6
f 2891/2323/6 2896/2412/6 2898/2357/6
f 2897/2390/6 2895/2411/6 2890/2410/6
f 2921/2355/6 2891/2323/6 2898/2357/6
f 2897/2390/6 2890/2410/6 2893/2409/6
f 2921/2355/6 2898/2357/6 2897/2390/6
f 2897/2390/6 2893/2409/6 2894/2356/6
f 2883/2359/1684 2928/2391/1684 2927/2358/1698
f 2928/2391/6 2932/2392/6 2931/2366/6
f 2877/2362/1683 2924/2365/1683 2923/2361/1683
f 2936/2364/6 2935/2374/6 2923/2361/6
f 2932/2392/1684 2933/2367/1684 2930/2369/1684
f 2930/2369/7 2933/2367/7 2929/2335/7
f 2932/2422/1 2928/2423/1 2883/2415/1
f 2883/2415/1 2908/2414/1 2912/2371/1
f 2912/2371/1 2913/2408/1 2900/2350/1
f 2901/2370/1 2899/2382/1 2882/2383/1
f 2912/2371/1 2900/2350/1 2901/2370/1
f 2932/2422/1 2883/2415/1 2912/2371/1
f 2882/2383/1 2929/2413/1 2933/2393/1
f 2933/2393/1 2932/2422/1 2912/2371/1
f 2901/2370/1 2882/2383/1 2933/2393/1
f 2936/2364/1683 2937/2375/1683 2934/2373/1683
f 2922/2333/7 2934/2373/7 2937/2375/7
f 2893/2342/1 2911/2340/1 2910/2378/1
f 2910/2378/1 2907/2417/1 2876/2416/1
f 2876/2416/1 2923/2419/1 2935/2418/1
f 2934/2377/1 2922/2420/1 2878/2320/1
f 2910/2378/1 2876/2416/1 2935/2418/1
f 2934/2377/1 2878/2320/1 2892/2384/1
f 2910/2378/1 2935/2418/1 2934/2377/1
f 2894/2376/1 2893/2342/1 2910/2378/1
f 2934/2377/1 2892/2384/1 2894/2376/1
f 2912/2380/1699 2908/2394/1728 2909/2379/1700
f 2883/2359/7 2881/2360/7 2909/2379/7
f 2874/2395/6 2880/2334/6 2882/2383/6
f 2882/2383/6 2899/2382/6 2874/2395/6
f 2876/2363/7 2907/2338/7 2906/2339/7
f 2892/2384/4 2875/2321/4 2921/2355/4
f 2875/2385/4 2906/2421/4 2918/2354/4
f 2899/2382/1702 2901/2329/1694 2920/2330/1703
f 2874/2396/1704 2920/2353/1703 2919/2352/1729
f 2939/2321/7 2956/2384/7 2942/2320/7
f 2980/2324/2 2951/2397/2 2955/2323/2
f 2979/2327/4 2948/2398/4 2952/2326/4
f 2965/2329/7 2964/2400/7 2949/2399/7
f 2949/2399/7 2967/2402/7 2969/2331/7
f 2968/2389/7 2966/2401/7 2948/2398/7
f 2965/2329/7 2949/2399/7 2969/2331/7
f 2968/2389/7 2948/2398/7 2979/2327/7
f 2965/2329/7 2969/2331/7 2968/2389/7
f 2968/2389/7 2979/2327/7 2984/2330/7
f 2989/2332/1684 2943/2322/1684 2942/2320/1684
f 2993/2335/1683 2946/2383/1683 2944/2334/1683
f 2982/2337/2 2970/2339/2 2971/2338/2
f 2954/2341/2 2950/2403/2 2975/2340/2
f 2977/2404/6 2976/2380/6 2983/2345/6
f 2983/2345/6 2981/2405/6 2952/2344/6
f 2953/2343/6 2977/2404/6 2983/2345/6
f 2983/2345/6 2952/2344/6 2953/2343/6
f 2974/2346/6 2975/2406/6 2950/2348/6
f 2980/2407/6 2982/2337/6 2974/2346/6
f 2951/2347/6 2980/2407/6 2974/2346/6
f 2974/2346/6 2950/2348/6 2951/2347/6
f 2964/2350/4 2977/2408/4 2953/2349/4
f 2979/2327/11 2981/2328/11 2983/2352/11
f 2982/2354/11 2980/2324/11 2978/2325/11
f 2985/2355/7 2978/2325/7 2955/2323/7
f 2955/2323/7 2960/2412/7 2962/2357/7
f 2961/2390/7 2959/2411/7 2954/2410/7
f 2985/2355/7 2955/2323/7 2962/2357/7
f 2961/2390/7 2954/2410/7 2957/2409/7
f 2985/2355/7 2962/2357/7 2961/2390/7
f 2961/2390/7 2957/2409/7 2958/2356/7
f 2947/2359/1683 2992/2391/1683 2991/2358/1706
f 2992/2391/7 2996/2392/7 2995/2366/7
f 2941/2362/1684 2988/2365/1684 2987/2361/1684
f 3000/2364/7 2999/2374/7 2987/2361/7
f 2996/2392/1683 2997/2367/1683 2994/2369/1683
f 2994/2369/6 2997/2367/6 2993/2335/6
f 2996/2422/1 2992/2423/1 2947/2415/1
f 2947/2415/1 2972/2414/1 2976/2371/1
f 2976/2371/1 2977/2408/1 2964/2350/1
f 2965/2370/1 2963/2382/1 2946/2383/1
f 2976/2371/1 2964/2350/1 2965/2370/1
f 2996/2422/1 2947/2415/1 2976/2371/1
f 2946/2383/1 2993/2413/1 2997/2393/1
f 2997/2393/1 2996/2422/1 2976/2371/1
f 2965/2370/1 2946/2383/1 2997/2393/1
f 3000/2364/1684 3001/2375/1684 2998/2373/1684
f 2986/2333/6 2998/2373/6 3001/2375/6
f 2957/2342/1 2975/2340/1 2974/2378/1
f 2974/2378/1 2971/2417/1 2940/2416/1
f 2940/2416/1 2987/2419/1 2999/2418/1
f 2998/2377/1 2986/2420/1 2942/2320/1
f 2974/2378/1 2940/2416/1 2999/2418/1
f 2998/2377/1 2942/2320/1 2956/2384/1
f 2974/2378/1 2999/2418/1 2998/2377/1
f 2958/2376/1 2957/2342/1 2974/2378/1
f 2998/2377/1 2956/2384/1 2958/2376/1
f 2976/2380/1707 2972/2394/1730 2973/2379/1708
f 2947/2359/6 2945/2360/6 2973/2379/6
f 2938/2395/7 2944/2334/7 2946/2383/7
f 2946/2383/7 2963/2382/7 2938/2395/7
f 2940/2363/6 2971/2338/6 2970/2339/6
f 2956/2384/2 2939/2321/2 2985/2355/2
f 2939/2385/2 2970/2421/2 2982/2354/2
f 2963/2382/1710 2965/2329/1723 2984/2330/1711
f 2938/2396/1712 2984/2353/1711 2983/2352/1731
f 3006/2320/6 3020/2384/6 3003/2321/6
f 3019/2323/2 3015/2397/2 3044/2324/2
f 3016/2326/4 3012/2398/4 3043/2327/4
f 3013/2399/6 3028/2400/6 3029/2329/6
f 3048/2330/6 3043/2327/6 3012/2398/6
f 3012/2398/6 3030/2401/6 3032/2389/6
f 3033/2331/6 3031/2402/6 3013/2399/6
f 3048/2330/6 3012/2398/6 3032/2389/6
f 3033/2331/6 3013/2399/6 3029/2329/6
f 3048/2330/6 3032/2389/6 3033/2331/6
f 3006/2320/1684 3007/2322/1684 3053/2332/1684
f 3008/2334/1683 3010/2383/1683 3057/2335/1683
f 3046/2337/2 3038/2346/2 3035/2338/2
f 3039/2340/2 3014/2403/2 3018/2341/2
f 3047/2345/7 3040/2380/7 3041/2404/7
f 3047/2345/7 3041/2404/7 3017/2343/7
f 3016/2344/7 3045/2405/7 3047/2345/7
f 3014/2348/7 3039/2406/7 3038/2346/7
f 3038/2346/7 3046/2337/7 3044/2407/7
f 3038/2346/7 3044/2407/7 3015/2347/7
f 3017/2349/4 3041/2408/4 3028/2350/4
f 3047/2352/11 3045/2328/11 3043/2327/11
f 3046/2354/11 3049/2386/11 3042/2325/11
f 3019/2323/6 3042/2325/6 3049/2355/6
f 3022/2356/6 3021/2409/6 3018/2410/6
f 3018/2410/6 3023/2411/6 3025/2390/6
f 3026/2357/6 3024/2412/6 3019/2323/6
f 3022/2356/6 3018/2410/6 3025/2390/6
f 3026/2357/6 3019/2323/6 3049/2355/6
f 3022/2356/6 3025/2390/6 3026/2357/6
f 3055/2358/1732 3056/2368/1732 3011/2359/1732
f 3056/2368/6 3055/2358/6 3059/2366/6
f 3051/2361/1684 3052/2365/1684 3005/2362/1684
f 3051/2361/6 3062/2374/6 3063/2364/6
f 3059/2366/1715 3058/2369/1683 3060/2367/1716
f 3057/2335/7 3060/2367/7 3058/2369/7
f 3060/2393/1 3057/2413/1 3010/2383/1
f 3010/2383/1 3027/2382/1 3029/2370/1
f 3029/2370/1 3028/2350/1 3041/2408/1
f 3040/2371/1 3036/2414/1 3011/2415/1
f 3029/2370/1 3041/2408/1 3040/2371/1
f 3060/2393/1 3010/2383/1 3029/2370/1
f 3056/2372/1 3060/2393/1 3029/2370/1
f 3040/2371/1 3011/2415/1 3056/2372/1
f 3061/2373/1684 3064/2375/1684 3063/2364/1684
f 3050/2333/7 3053/2332/7 3064/2375/7
f 3038/2378/1 3039/2340/1 3021/2342/1
f 3022/2376/1 3020/2384/1 3006/2320/1
f 3038/2378/1 3021/2342/1 3022/2376/1
f 3004/2416/1 3035/2417/1 3038/2378/1
f 3062/2418/1 3051/2419/1 3004/2416/1
f 3006/2320/1 3050/2420/1 3061/2377/1
f 3062/2418/1 3004/2416/1 3038/2378/1
f 3022/2376/1 3006/2320/1 3061/2377/1
f 3061/2377/1 3062/2418/1 3038/2378/1
f 3037/2379/1718 3036/2394/1730 3040/2380/1719
f 3037/2379/7 3009/2360/7 3011/2359/7
f 3011/2359/7 3036/2394/7 3037/2379/7
f 3010/2383/6 3008/2334/6 3002/2381/6
f 3034/2339/7 3035/2338/7 3004/2363/7
f 3049/2355/2 3003/2321/2 3020/2384/2
f 3046/2354/2 3034/2421/2 3003/2385/2
f 3027/2382/1721 3002/2381/1724 3048/2330/1722
f 3047/2352/1726 3048/2353/1722 3002/2387/1724
f 3095/2424/2 3096/2425/2 3081/2426/2
f 3077/2427/6 3081/2428/6 3073/2429/6
f 3087/2430/7 3072/2431/7 3091/2432/7
f 3076/2433/7 3084/2434/7 3080/2435/7
f 3089/2436/1733 3112/2437/1734 3109/2438/1735
f 3065/2439/1736 3085/2440/1737 3066/2441/1736
f 3069/2442/1738 3086/2443/1739 3089/2436/1740
f 3095/2424/11 3094/2444/11 3096/2425/11
f 3091/2432/1741 3111/2445/1742 3110/2446/1743
f 3092/2447/1744 3112/2437/1745 3085/2440/1746
f 3087/2430/1747 3111/2445/1748 3088/2448/1749
f 3102/2449/1750 3106/2450/1751 3105/2451/1752
f 3101/2452/1753 3108/2453/1754 3106/2450/1755
f 3104/2454/1756 3098/2455/1757 3097/2456/1758
f 3103/2457/1759 3099/2458/1760 3098/2455/1757
f 3097/2456/1761 3093/2459/1762 3104/2454/1763
f 3097/2456/7 3098/2455/7 3099/2458/7
f 3099/2458/1764 3095/2460/1765 3075/2461/1766
f 3100/2462/6 3101/2452/6 3102/2449/6
f 3074/2463/1767 3108/2453/1768 3100/2462/1769
f 3078/2464/1762 3105/2451/1761 3094/2465/1770
f 3103/2457/6 3104/2454/6 3093/2466/6
f 3105/2451/1771 3106/2450/1772 3108/2453/1773
f 3070/2467/7 3085/2468/7 3086/2443/7
f 3072/2469/1774 3088/2448/1775 3071/2470/1774
f 3068/2471/1776 3090/2472/1777 3091/2432/1778
f 3071/2470/6 3090/2473/6 3067/2474/6
f 3092/2447/6 3065/2475/6 3089/2436/6
f 3080/2435/11 3075/2476/11 3076/2433/11
f 3078/2477/11 3073/2429/11 3074/2478/11
f 3116/2479/7 3117/2480/7 3119/2481/7
f 3126/2482/1779 3123/2483/1780 3121/2484/1781
f 3120/2485/1782 3130/2486/1782 3132/2487/1782
f 3121/2484/1783 3133/2488/1783 3130/2486/1783
f 3122/2489/1784 3135/2490/1784 3133/2488/1784
f 3123/2483/1785 3124/2491/1785 3135/2490/1785
f 3125/2492/1786 3139/2493/1787 3138/2494/1788
f 3127/2495/1789 3141/2496/1789 3139/2493/1789
f 3128/2497/1790 3132/2487/1790 3141/2496/1790
f 3083/2498/1 3082/2499/1 3081/2428/1
f 3142/2500/1791 3119/2481/1792 3118/2501/1793
f 3140/2502/1794 3118/2501/1795 3117/2480/1796
f 3137/2503/1797 3117/2480/1798 3116/2479/1799
f 3136/2504/1800 3116/2479/1801 3115/2505/1802
f 3134/2506/1803 3115/2505/1804 3114/2507/1805
f 3131/2508/1806 3114/2509/1807 3113/2510/1808
f 3129/2511/1809 3113/2510/1808 3119/2481/1792
f 3135/2512/1810 3147/2513/1811 3146/2514/1812
f 3153/2515/1813 3143/2516/1813 3152/2517/1813
f 3149/2518/1814 3151/2519/1814 3150/2520/1814
f 3149/2518/1815 3150/2520/1815 3148/2521/1815
f 3144/2522/1816 3146/2514/1816 3145/2523/1816
f 3144/2522/1817 3145/2523/1817 3143/2516/1817
f 3093/2524/1818 3079/2525/1819 3083/2526/1820
f 3141/2527/1821 3153/2515/1822 3151/2519/1823
f 3171/2528/2 3185/2425/2 3184/2424/2
f 3170/2428/7 3166/2427/7 3162/2429/7
f 3161/2431/6 3176/2529/6 3199/2446/6
f 3173/2434/6 3165/2433/6 3169/2435/6
f 3178/2436/1747 3201/2437/1748 3175/2443/1824
f 3174/2440/1777 3154/2439/1776 3155/2441/1736
f 3158/2442/1825 3175/2443/1826 3159/2467/1825
f 3183/2444/11 3184/2424/11 3185/2425/11
f 3180/2432/1744 3200/2445/1745 3179/2472/1746
f 3201/2437/1742 3181/2530/1741 3174/2440/1827
f 3200/2445/1734 3176/2529/1733 3177/2448/1828
f 3195/2531/1829 3191/2532/1830 3194/2533/1831
f 3197/2534/1832 3190/2452/1833 3195/2531/1834
f 3187/2455/1835 3193/2454/1836 3186/2456/1837
f 3188/2458/1838 3192/2535/1839 3187/2455/1835
f 3186/2456/1840 3182/2459/1841 3168/2536/1770
f 3187/2455/6 3186/2456/6 3168/2537/6
f 3188/2458/1842 3184/2460/1843 3196/2538/1844
f 3190/2452/7 3189/2539/7 3163/2540/7
f 3163/2463/1845 3197/2534/1846 3185/2541/1847
f 3167/2464/1841 3194/2533/1840 3191/2532/1848
f 3193/2454/7 3192/2535/7 3196/2538/7
f 3195/2531/1849 3194/2533/1849 3183/2542/1849
f 3159/2467/6 3174/2468/6 3155/2543/6
f 3177/2448/1850 3161/2469/1851 3160/2470/1852
f 3157/2471/1736 3179/2472/1737 3156/2544/1736
f 3179/2473/7 3160/2470/7 3156/2474/7
f 3154/2475/7 3181/2530/7 3198/2438/7
f 3164/2476/11 3169/2435/11 3165/2433/11
f 3162/2429/11 3167/2477/11 3163/2478/11
f 3206/2545/6 3205/2546/6 3203/2547/6
f 3215/2548/1853 3217/2549/1854 3209/2550/1855
f 3210/2551/1856 3209/2550/1856 3220/2552/1856
f 3222/2553/1857 3211/2554/1857 3210/2551/1857
f 3224/2490/1858 3212/2555/1859 3222/2553/1860
f 3214/2556/1861 3213/2557/1861 3224/2490/1861
f 3228/2493/1862 3215/2548/1863 3226/2494/1864
f 3230/2558/1865 3216/2559/1866 3228/2493/1867
f 3220/2552/1868 3218/2560/1868 3230/2558/1868
f 3171/2499/1 3172/2498/1 3170/2428/1
f 3202/2561/1869 3231/2562/1870 3208/2563/1871
f 3208/2563/1872 3229/2502/1873 3207/2480/1874
f 3207/2480/1875 3227/2564/1876 3206/2545/1877
f 3206/2545/1878 3225/2565/1879 3205/2566/1880
f 3205/2566/1881 3223/2506/1882 3204/2507/1883
f 3204/2567/1884 3221/2508/1885 3203/2568/1886
f 3203/2568/1887 3219/2511/1888 3202/2561/1889
f 3235/2569/1890 3237/2570/1891 3224/2512/1892
f 3232/2571/1893 3241/2572/1893 3242/2573/1893
f 3242/2573/1894 3241/2572/1894 3240/2574/1894
f 3239/2575/1895 3237/2570/1895 3238/2521/1895
f 3238/2521/1896 3237/2570/1896 3236/2576/1896
f 3235/2569/1897 3233/2522/1897 3234/2523/1897
f 3234/2523/1898 3233/2522/1898 3232/2571/1898
f 3172/2526/1899 3182/2524/1818 3183/2444/1818
f 3260/2528/4 3274/2425/4 3273/2424/4
f 3259/2428/6 3255/2427/6 3251/2429/6
f 3250/2431/7 3265/2529/7 3288/2446/7
f 3262/2434/7 3254/2433/7 3258/2435/7
f 3267/2436/1744 3290/2437/1745 3264/2443/1746
f 3263/2440/1739 3243/2439/1738 3244/2441/1825
f 3247/2442/1736 3264/2443/1737 3248/2467/1736
f 3272/2444/11 3273/2424/11 3274/2425/11
f 3269/2432/1747 3289/2445/1748 3268/2472/1824
f 3290/2437/1734 3270/2530/1733 3263/2440/1900
f 3289/2445/1742 3265/2529/1741 3266/2448/1901
f 3284/2531/1902 3280/2532/1903 3283/2533/1904
f 3286/2534/1905 3279/2452/1906 3284/2531/1907
f 3276/2455/1908 3282/2454/1909 3275/2456/1910
f 3277/2458/1911 3281/2535/1912 3276/2455/1908
f 3275/2456/1913 3271/2459/1914 3257/2536/1915
f 3276/2455/7 3275/2456/7 3257/2537/7
f 3277/2458/1916 3273/2460/1917 3285/2538/1918
f 3279/2452/6 3278/2539/6 3252/2540/6
f 3252/2463/1919 3286/2534/1920 3274/2541/1921
f 3256/2464/1914 3283/2533/1913 3280/2532/1922
f 3282/2454/6 3281/2535/6 3285/2538/6
f 3284/2531/1923 3283/2533/1923 3272/2542/1923
f 3248/2467/7 3263/2468/7 3244/2543/7
f 3266/2448/1924 3250/2469/1925 3249/2470/1926
f 3246/2471/1825 3268/2472/1826 3245/2544/1825
f 3268/2473/6 3249/2470/6 3245/2474/6
f 3243/2475/6 3270/2530/6 3287/2438/6
f 3253/2476/11 3258/2435/11 3254/2433/11
f 3251/2429/11 3256/2477/11 3252/2478/11
f 3295/2545/7 3294/2546/7 3292/2547/7
f 3304/2548/1927 3306/2549/1928 3298/2550/1929
f 3299/2551/1930 3298/2550/1930 3309/2552/1930
f 3311/2553/1931 3300/2554/1931 3299/2551/1931
f 3313/2490/1932 3301/2555/1933 3311/2553/1934
f 3303/2556/1935 3302/2557/1935 3313/2490/1935
f 3317/2493/1936 3304/2548/1937 3315/2494/1938
f 3319/2558/1939 3305/2559/1940 3317/2493/1941
f 3309/2552/1942 3307/2560/1942 3319/2558/1942
f 3260/2499/1 3261/2498/1 3259/2428/1
f 3291/2561/1943 3320/2562/1944 3297/2563/1945
f 3297/2563/1946 3318/2502/1947 3296/2480/1948
f 3296/2480/1949 3316/2564/1950 3295/2545/1951
f 3295/2545/1952 3314/2565/1953 3294/2566/1954
f 3294/2566/1955 3312/2506/1956 3293/2507/1957
f 3293/2567/1958 3310/2508/1959 3292/2568/1960
f 3292/2568/1961 3308/2511/1962 3291/2561/1963
f 3324/2569/1964 3326/2570/1965 3313/2512/1966
f 3321/2571/1967 3330/2572/1967 3331/2573/1967
f 3331/2573/1968 3330/2572/1968 3329/2574/1968
f 3328/2575/1969 3326/2570/1969 3327/2521/1969
f 3327/2521/1970 3326/2570/1970 3325/2576/1970
f 3324/2569/1971 3322/2522/1971 3323/2523/1971
f 3323/2523/1972 3322/2522/1972 3321/2571/1972
f 3261/2526/1973 3271/2524/1974 3272/2444/1974
f 3362/2424/4 3363/2425/4 3348/2426/4
f 3344/2427/7 3348/2428/7 3340/2429/7
f 3354/2430/6 3339/2431/6 3358/2432/6
f 3343/2433/6 3351/2434/6 3347/2435/6
f 3356/2436/1741 3379/2437/1742 3376/2438/1743
f 3332/2439/1825 3352/2440/1826 3333/2441/1825
f 3336/2442/1776 3353/2443/1777 3356/2436/1778
f 3362/2424/11 3361/2444/11 3363/2425/11
f 3358/2432/1733 3378/2445/1734 3377/2446/1735
f 3359/2447/1747 3379/2437/1748 3352/2440/1824
f 3354/2430/1744 3378/2445/1745 3355/2448/1975
f 3369/2449/1976 3373/2450/1977 3372/2451/1978
f 3368/2452/1979 3375/2453/1980 3373/2450/1981
f 3371/2454/1982 3365/2455/1983 3364/2456/1984
f 3370/2457/1985 3366/2458/1986 3365/2455/1983
f 3364/2456/1987 3360/2459/1988 3371/2454/1989
f 3364/2456/6 3365/2455/6 3366/2458/6
f 3366/2458/1990 3362/2460/1991 3342/2461/1992
f 3367/2462/7 3368/2452/7 3369/2449/7
f 3341/2463/1993 3375/2453/1994 3367/2462/1995
f 3345/2464/1988 3372/2451/1987 3361/2465/1915
f 3370/2457/7 3371/2454/7 3360/2466/7
f 3372/2451/1996 3373/2450/1997 3375/2453/1998
f 3337/2467/6 3352/2468/6 3353/2443/6
f 3339/2469/1999 3355/2448/2000 3338/2470/1999
f 3335/2471/1738 3357/2472/1739 3358/2432/1740
f 3338/2470/7 3357/2473/7 3334/2474/7
f 3359/2447/7 3332/2475/7 3356/2436/7
f 3347/2435/11 3342/2476/11 3343/2433/11
f 3345/2477/11 3340/2429/11 3341/2478/11
f 3383/2479/6 3384/2480/6 3386/2481/6
f 3393/2482/2001 3390/2483/2002 3388/2484/2003
f 3387/2485/2004 3397/2486/2004 3399/2487/2004
f 3388/2484/2005 3400/2488/2005 3397/2486/2005
f 3389/2489/2006 3402/2490/2006 3400/2488/2006
f 3390/2483/2007 3391/2491/2007 3402/2490/2007
f 3392/2492/2008 3406/2493/2009 3405/2494/2010
f 3394/2495/2011 3408/2496/2011 3406/2493/2011
f 3395/2497/2012 3399/2487/2012 3408/2496/2012
f 3350/2498/1 3349/2499/1 3348/2428/1
f 3409/2500/2013 3386/2481/2014 3385/2501/2015
f 3407/2502/2016 3385/2501/2017 3384/2480/2018
f 3404/2503/2019 3384/2480/2020 3383/2479/2021
f 3403/2504/2022 3383/2479/2023 3382/2505/2024
f 3401/2506/2025 3382/2505/2026 3381/2507/2027
f 3398/2508/2028 3381/2509/2029 3380/2510/2030
f 3396/2511/2031 3380/2510/2030 3386/2481/2014
f 3402/2512/2032 3414/2513/2033 3413/2514/2034
f 3420/2515/2035 3410/2516/2035 3419/2517/2035
f 3416/2518/2036 3418/2519/2036 3417/2520/2036
f 3416/2518/2037 3417/2520/2037 3415/2521/2037
f 3411/2522/2038 3413/2514/2038 3412/2523/2038
f 3411/2522/2039 3412/2523/2039 3410/2516/2039
f 3360/2524/1974 3346/2525/2040 3350/2526/2041
f 3408/2527/2042 3420/2515/2043 3418/2519/2044
f 3074/2478/2 3073/2429/2 3081/2426/2
f 3081/2426/2 3082/2528/2 3076/2433/2
f 3081/2426/2 3076/2433/2 3075/2476/2
f 3096/2425/2 3074/2478/2 3081/2426/2
f 3081/2426/2 3075/2476/2 3095/2424/2
f 3077/2427/6 3083/2498/6 3081/2428/6
f 3072/2431/7 3068/2577/7 3091/2432/7
f 3091/2432/7 3110/2446/7 3087/2430/7
f 3076/2433/7 3082/2578/7 3084/2434/7
f 3089/2436/1733 3086/2443/1900 3112/2437/1734
f 3065/2439/2045 3092/2447/2046 3085/2440/2047
f 3069/2442/1738 3070/2467/1825 3086/2443/1739
f 3095/2424/11 3093/2524/11 3094/2444/11
f 3091/2432/1741 3090/2472/1827 3111/2445/1742
f 3092/2447/1744 3109/2438/2048 3112/2437/1745
f 3087/2430/1747 3110/2446/2049 3111/2445/1748
f 3102/2449/1750 3101/2452/2050 3106/2450/1751
f 3101/2452/1753 3100/2462/2051 3108/2453/1754
f 3104/2454/1756 3103/2457/1759 3098/2455/1757
f 3103/2457/1759 3107/2538/2052 3099/2458/1760
f 3097/2456/1761 3079/2536/1770 3093/2459/1762
f 3099/2458/7 3075/2579/7 3079/2537/7
f 3099/2458/7 3079/2537/7 3097/2456/7
f 3099/2458/1764 3107/2538/2053 3095/2460/1765
f 3102/2449/6 3078/2580/6 3074/2540/6
f 3102/2449/6 3074/2540/6 3100/2462/6
f 3074/2463/1767 3096/2541/1847 3108/2453/1768
f 3078/2464/1762 3102/2449/1763 3105/2451/1761
f 3093/2466/6 3095/2581/6 3107/2538/6
f 3093/2466/6 3107/2538/6 3103/2457/6
f 3108/2453/2054 3096/2582/2054 3094/2542/2054
f 3108/2453/2055 3094/2542/2055 3105/2451/2055
f 3070/2467/7 3066/2543/7 3085/2468/7
f 3072/2469/2056 3087/2430/2057 3088/2448/2058
f 3068/2471/1776 3067/2544/1736 3090/2472/1777
f 3071/2470/6 3088/2448/6 3090/2473/6
f 3065/2475/6 3069/2583/6 3089/2436/6
f 3089/2436/6 3109/2438/6 3092/2447/6
f 3080/2435/11 3079/2525/11 3075/2476/11
f 3078/2477/11 3077/2427/11 3073/2429/11
f 3119/2481/7 3113/2584/7 3114/2585/7
f 3114/2585/7 3115/2586/7 3116/2479/7
f 3117/2480/7 3118/2501/7 3119/2481/7
f 3119/2481/7 3114/2585/7 3116/2479/7
f 3125/2492/2059 3124/2491/2060 3123/2483/1780
f 3121/2484/1781 3120/2485/2061 3128/2497/2062
f 3128/2497/2062 3127/2495/2063 3126/2482/1779
f 3126/2482/1779 3125/2492/2059 3123/2483/1780
f 3123/2483/1780 3122/2489/2064 3121/2484/1781
f 3121/2484/1781 3128/2497/2062 3126/2482/1779
f 3120/2485/2065 3121/2484/2065 3130/2486/2065
f 3121/2484/2066 3122/2489/2066 3133/2488/2066
f 3122/2489/2067 3123/2483/2067 3135/2490/2067
f 3124/2491/2068 3125/2492/2068 3138/2494/2068
f 3125/2492/1786 3126/2482/2069 3139/2493/1787
f 3126/2482/2070 3127/2495/2070 3139/2493/2070
f 3127/2495/2071 3128/2497/2071 3141/2496/2071
f 3128/2497/2072 3120/2485/2072 3132/2487/2072
f 3083/2498/1 3084/2587/1 3082/2499/1
f 3142/2500/1791 3129/2511/1809 3119/2481/1792
f 3140/2502/1794 3142/2500/2073 3118/2501/1795
f 3137/2503/1797 3140/2502/2074 3117/2480/1798
f 3136/2504/1800 3137/2503/2075 3116/2479/1801
f 3134/2506/1803 3136/2504/2076 3115/2505/1804
f 3131/2508/1806 3134/2588/2077 3114/2509/1807
f 3129/2511/1809 3131/2508/1806 3113/2510/1808
f 3124/2589/2078 3138/2590/2079 3149/2518/2080
f 3149/2518/2081 3148/2521/2081 3147/2513/2081
f 3124/2589/2082 3149/2518/2082 3147/2513/2082
f 3135/2512/1810 3124/2589/2083 3147/2513/1811
f 3146/2514/1812 3144/2522/2084 3133/2591/2085
f 3146/2514/1812 3133/2591/2085 3135/2512/1810
f 3083/2526/1820 3077/2427/4 3078/2477/1818
f 3083/2526/1820 3078/2477/1818 3094/2444/1818
f 3080/2435/2086 3084/2592/4 3083/2526/1820
f 3079/2525/1819 3080/2435/2086 3083/2526/1820
f 3083/2526/1820 3094/2444/1818 3093/2524/1818
f 3130/2593/6 3133/2591/2085 3144/2522/2084
f 3144/2522/2084 3143/2516/2087 3153/2515/1822
f 3153/2515/1822 3152/2517/2088 3151/2519/1823
f 3149/2518/2080 3138/2590/2079 3139/2594/2089
f 3130/2593/6 3144/2522/2084 3153/2515/1822
f 3132/2595/6 3130/2593/6 3153/2515/1822
f 3151/2519/1823 3149/2518/2080 3139/2594/2089
f 3151/2519/1823 3139/2594/2089 3141/2527/1821
f 3141/2527/1821 3132/2595/6 3153/2515/1822
f 3164/2476/2 3165/2433/2 3171/2528/2
f 3171/2528/2 3170/2426/2 3162/2429/2
f 3171/2528/2 3162/2429/2 3163/2478/2
f 3184/2424/2 3164/2476/2 3171/2528/2
f 3171/2528/2 3163/2478/2 3185/2425/2
f 3170/2428/7 3172/2498/7 3166/2427/7
f 3180/2432/6 3157/2577/6 3161/2431/6
f 3199/2446/6 3180/2432/6 3161/2431/6
f 3173/2434/6 3171/2578/6 3165/2433/6
f 3178/2436/1747 3198/2438/2049 3201/2437/1748
f 3174/2440/1777 3181/2530/1778 3154/2439/1776
f 3158/2442/2090 3178/2436/2091 3175/2443/2092
f 3183/2444/11 3182/2524/11 3184/2424/11
f 3180/2432/1744 3199/2446/2048 3200/2445/1745
f 3201/2437/1742 3198/2438/1743 3181/2530/1741
f 3200/2445/1734 3199/2446/1735 3176/2529/1733
f 3195/2531/1829 3190/2452/2093 3191/2532/1830
f 3197/2534/1832 3189/2539/2094 3190/2452/1833
f 3187/2455/1835 3192/2535/1839 3193/2454/1836
f 3188/2458/1838 3196/2538/2095 3192/2535/1839
f 3186/2456/1840 3193/2454/1848 3182/2459/1841
f 3168/2537/6 3164/2579/6 3188/2458/6
f 3168/2537/6 3188/2458/6 3187/2455/6
f 3188/2458/1842 3164/2461/1766 3184/2460/1843
f 3163/2540/7 3167/2580/7 3191/2532/7
f 3163/2540/7 3191/2532/7 3190/2452/7
f 3163/2463/1845 3189/2539/2096 3197/2534/1846
f 3167/2464/1841 3183/2465/1770 3194/2533/1840
f 3196/2538/7 3184/2581/7 3182/2466/7
f 3196/2538/7 3182/2466/7 3193/2454/7
f 3183/2542/2097 3185/2582/2097 3197/2534/2097
f 3183/2542/2098 3197/2534/2098 3195/2531/2098
f 3159/2467/6 3175/2443/6 3174/2468/6
f 3177/2448/1850 3176/2529/2099 3161/2469/1851
f 3157/2471/2045 3180/2432/2046 3179/2472/2047
f 3179/2473/7 3177/2448/7 3160/2470/7
f 3178/2436/7 3158/2583/7 3154/2475/7
f 3198/2438/7 3178/2436/7 3154/2475/7
f 3164/2476/11 3168/2525/11 3169/2435/11
f 3162/2429/11 3166/2427/11 3167/2477/11
f 3203/2547/6 3202/2561/6 3208/2563/6
f 3208/2563/6 3207/2480/6 3206/2545/6
f 3205/2546/6 3204/2596/6 3203/2547/6
f 3203/2547/6 3208/2563/6 3206/2545/6
f 3209/2550/1855 3210/2551/2100 3211/2554/2101
f 3213/2557/2102 3214/2556/2103 3215/2548/1853
f 3209/2550/1855 3211/2554/2101 3212/2555/2104
f 3212/2555/2104 3213/2557/2102 3215/2548/1853
f 3215/2548/1853 3216/2559/2105 3217/2549/1854
f 3217/2549/1854 3218/2560/2106 3209/2550/1855
f 3209/2550/1855 3212/2555/2104 3215/2548/1853
f 3222/2553/2107 3212/2555/2107 3211/2554/2107
f 3224/2490/1858 3213/2557/2108 3212/2555/1859
f 3226/2494/2109 3215/2548/2109 3214/2556/2109
f 3228/2493/1862 3216/2559/2110 3215/2548/1863
f 3230/2558/1865 3217/2549/2111 3216/2559/1866
f 3230/2558/2112 3218/2560/2112 3217/2549/2112
f 3220/2552/2113 3209/2550/2113 3218/2560/2113
f 3171/2499/1 3173/2587/1 3172/2498/1
f 3202/2561/1869 3219/2511/2114 3231/2562/1870
f 3208/2563/1872 3231/2562/2115 3229/2502/1873
f 3207/2480/1875 3229/2502/2116 3227/2564/1876
f 3206/2545/1878 3227/2564/2117 3225/2565/1879
f 3205/2566/1881 3225/2565/2118 3223/2506/1882
f 3204/2567/1884 3223/2597/2119 3221/2508/1885
f 3203/2568/1887 3221/2508/2120 3219/2511/1888
f 3222/2598/2121 3210/2599/2122 3233/2522/2123
f 3235/2569/2124 3236/2576/2124 3237/2570/2124
f 3237/2570/1891 3226/2590/2125 3214/2589/2126
f 3237/2570/1891 3214/2589/2126 3224/2512/1892
f 3222/2598/2121 3233/2522/2123 3235/2569/1890
f 3224/2512/1892 3222/2598/2121 3235/2569/1890
f 3167/2477/1818 3166/2427/4 3172/2526/1899
f 3172/2526/1899 3173/2592/4 3169/2435/2127
f 3172/2526/1899 3169/2435/2127 3168/2525/2128
f 3183/2444/1818 3167/2477/1818 3172/2526/1899
f 3172/2526/1899 3168/2525/2128 3182/2524/1818
f 3239/2575/2129 3240/2574/2130 3241/2572/2131
f 3241/2572/2131 3232/2571/2132 3233/2522/2123
f 3233/2522/2123 3210/2599/2122 3220/2600/2133
f 3226/2590/2125 3237/2570/1891 3239/2575/2129
f 3228/2594/2134 3226/2590/2125 3239/2575/2129
f 3228/2594/2134 3239/2575/2129 3241/2572/2131
f 3241/2572/2131 3233/2522/2123 3220/2600/2133
f 3241/2572/2131 3220/2600/2133 3230/2601/7
f 3230/2601/7 3228/2594/2134 3241/2572/2131
f 3253/2476/4 3254/2433/4 3260/2528/4
f 3260/2528/4 3259/2426/4 3251/2429/4
f 3260/2528/4 3251/2429/4 3252/2478/4
f 3273/2424/4 3253/2476/4 3260/2528/4
f 3260/2528/4 3252/2478/4 3274/2425/4
f 3259/2428/6 3261/2498/6 3255/2427/6
f 3269/2432/7 3246/2577/7 3250/2431/7
f 3288/2446/7 3269/2432/7 3250/2431/7
f 3262/2434/7 3260/2578/7 3254/2433/7
f 3267/2436/1744 3287/2438/2048 3290/2437/1745
f 3263/2440/1739 3270/2530/1740 3243/2439/1738
f 3247/2442/2045 3267/2436/2046 3264/2443/2047
f 3272/2444/11 3271/2524/11 3273/2424/11
f 3269/2432/1747 3288/2446/2049 3289/2445/1748
f 3290/2437/1734 3287/2438/1735 3270/2530/1733
f 3289/2445/1742 3288/2446/1743 3265/2529/1741
f 3284/2531/1902 3279/2452/2135 3280/2532/1903
f 3286/2534/1905 3278/2539/2136 3279/2452/1906
f 3276/2455/1908 3281/2535/1912 3282/2454/1909
f 3277/2458/1911 3285/2538/2137 3281/2535/1912
f 3275/2456/1913 3282/2454/1922 3271/2459/1914
f 3257/2537/7 3253/2579/7 3277/2458/7
f 3257/2537/7 3277/2458/7 3276/2455/7
f 3277/2458/1916 3253/2461/1992 3273/2460/1917
f 3252/2540/6 3256/2580/6 3280/2532/6
f 3252/2540/6 3280/2532/6 3279/2452/6
f 3252/2463/1919 3278/2539/2138 3286/2534/1920
f 3256/2464/1914 3272/2465/1915 3283/2533/1913
f 3285/2538/6 3273/2581/6 3271/2466/6
f 3285/2538/6 3271/2466/6 3282/2454/6
f 3272/2542/2054 3274/2582/2054 3286/2534/2054
f 3272/2542/2139 3286/2534/2139 3284/2531/2139
f 3248/2467/7 3264/2443/7 3263/2468/7
f 3266/2448/1924 3265/2529/2140 3250/2469/1925
f 3246/2471/2090 3269/2432/2091 3268/2472/2092
f 3268/2473/6 3266/2448/6 3249/2470/6
f 3267/2436/6 3247/2583/6 3243/2475/6
f 3287/2438/6 3267/2436/6 3243/2475/6
f 3253/2476/11 3257/2525/11 3258/2435/11
f 3251/2429/11 3255/2427/11 3256/2477/11
f 3292/2547/7 3291/2561/7 3297/2563/7
f 3297/2563/7 3296/2480/7 3295/2545/7
f 3294/2546/7 3293/2596/7 3292/2547/7
f 3292/2547/7 3297/2563/7 3295/2545/7
f 3298/2550/1929 3299/2551/2141 3300/2554/2142
f 3302/2557/2143 3303/2556/2144 3304/2548/1927
f 3298/2550/1929 3300/2554/2142 3301/2555/2145
f 3301/2555/2145 3302/2557/2143 3304/2548/1927
f 3304/2548/1927 3305/2559/2146 3306/2549/1928
f 3306/2549/1928 3307/2560/2147 3298/2550/1929
f 3298/2550/1929 3301/2555/2145 3304/2548/1927
f 3311/2553/2148 3301/2555/2148 3300/2554/2148
f 3313/2490/1932 3302/2557/2149 3301/2555/1933
f 3315/2494/2150 3304/2548/2150 3303/2556/2150
f 3317/2493/1936 3305/2559/2151 3304/2548/1937
f 3319/2558/1939 3306/2549/2152 3305/2559/1940
f 3319/2558/2153 3307/2560/2153 3306/2549/2153
f 3309/2552/2154 3298/2550/2154 3307/2560/2154
f 3260/2499/1 3262/2587/1 3261/2498/1
f 3291/2561/1943 3308/2511/2155 3320/2562/1944
f 3297/2563/1946 3320/2562/2156 3318/2502/1947
f 3296/2480/1949 3318/2502/2157 3316/2564/1950
f 3295/2545/1952 3316/2564/2158 3314/2565/1953
f 3294/2566/1955 3314/2565/2159 3312/2506/1956
f 3293/2567/1958 3312/2597/2160 3310/2508/1959
f 3292/2568/1961 3310/2508/2161 3308/2511/1962
f 3311/2598/2162 3299/2599/2163 3322/2522/2164
f 3324/2569/2165 3325/2576/2165 3326/2570/2165
f 3326/2570/1965 3315/2590/2166 3303/2589/2167
f 3326/2570/1965 3303/2589/2167 3313/2512/1966
f 3311/2598/2162 3322/2522/2164 3324/2569/1964
f 3313/2512/1966 3311/2598/2162 3324/2569/1964
f 3256/2477/1974 3255/2427/2 3261/2526/1973
f 3261/2526/1973 3262/2592/2 3258/2435/2168
f 3261/2526/1973 3258/2435/2168 3257/2525/2169
f 3272/2444/1974 3256/2477/1974 3261/2526/1973
f 3261/2526/1973 3257/2525/2169 3271/2524/1974
f 3328/2575/2170 3329/2574/2171 3330/2572/2172
f 3330/2572/2172 3321/2571/2173 3322/2522/2164
f 3322/2522/2164 3299/2599/2163 3309/2600/2174
f 3315/2590/2166 3326/2570/1965 3328/2575/2170
f 3317/2594/2175 3315/2590/2166 3328/2575/2170
f 3317/2594/2175 3328/2575/2170 3330/2572/2172
f 3330/2572/2172 3322/2522/2164 3309/2600/2174
f 3330/2572/2172 3309/2600/2174 3319/2601/6
f 3319/2601/6 3317/2594/2175 3330/2572/2172
f 3341/2478/4 3340/2429/4 3348/2426/4
f 3348/2426/4 3349/2528/4 3343/2433/4
f 3348/2426/4 3343/2433/4 3342/2476/4
f 3363/2425/4 3341/2478/4 3348/2426/4
f 3348/2426/4 3342/2476/4 3362/2424/4
f 3344/2427/7 3350/2498/7 3348/2428/7
f 3339/2431/6 3335/2577/6 3358/2432/6
f 3358/2432/6 3377/2446/6 3354/2430/6
f 3343/2433/6 3349/2578/6 3351/2434/6
f 3356/2436/1741 3353/2443/1827 3379/2437/1742
f 3332/2439/2090 3359/2447/2091 3352/2440/2092
f 3336/2442/1776 3337/2467/1736 3353/2443/1777
f 3362/2424/11 3360/2524/11 3361/2444/11
f 3358/2432/1733 3357/2472/1900 3378/2445/1734
f 3359/2447/1747 3376/2438/2049 3379/2437/1748
f 3354/2430/1744 3377/2446/2048 3378/2445/1745
f 3369/2449/1976 3368/2452/2176 3373/2450/1977
f 3368/2452/1979 3367/2462/2177 3375/2453/1980
f 3371/2454/1982 3370/2457/1985 3365/2455/1983
f 3370/2457/1985 3374/2538/2178 3366/2458/1986
f 3364/2456/1987 3346/2536/1915 3360/2459/1988
f 3366/2458/6 3342/2579/6 3346/2537/6
f 3366/2458/6 3346/2537/6 3364/2456/6
f 3366/2458/1990 3374/2538/2179 3362/2460/1991
f 3369/2449/7 3345/2580/7 3341/2540/7
f 3369/2449/7 3341/2540/7 3367/2462/7
f 3341/2463/1993 3363/2541/1921 3375/2453/1994
f 3345/2464/1988 3369/2449/1989 3372/2451/1987
f 3360/2466/7 3362/2581/7 3374/2538/7
f 3360/2466/7 3374/2538/7 3370/2457/7
f 3375/2453/2097 3363/2582/2097 3361/2542/2097
f 3375/2453/2180 3361/2542/2180 3372/2451/2180
f 3337/2467/6 3333/2543/6 3352/2468/6
f 3339/2469/2181 3354/2430/2182 3355/2448/2183
f 3335/2471/1738 3334/2544/1825 3357/2472/1739
f 3338/2470/7 3355/2448/7 3357/2473/7
f 3332/2475/7 3336/2583/7 3356/2436/7
f 3356/2436/7 3376/2438/7 3359/2447/7
f 3347/2435/11 3346/2525/11 3342/2476/11
f 3345/2477/11 3344/2427/11 3340/2429/11
f 3386/2481/6 3380/2584/6 3381/2585/6
f 3381/2585/6 3382/2586/6 3383/2479/6
f 3384/2480/6 3385/2501/6 3386/2481/6
f 3386/2481/6 3381/2585/6 3383/2479/6
f 3392/2492/2184 3391/2491/2185 3390/2483/2002
f 3388/2484/2003 3387/2485/2186 3395/2497/2187
f 3395/2497/2187 3394/2495/2188 3393/2482/2001
f 3393/2482/2001 3392/2492/2184 3390/2483/2002
f 3390/2483/2002 3389/2489/2189 3388/2484/2003
f 3388/2484/2003 3395/2497/2187 3393/2482/2001
f 3387/2485/2190 3388/2484/2190 3397/2486/2190
f 3388/2484/2191 3389/2489/2191 3400/2488/2191
f 3389/2489/2192 3390/2483/2192 3402/2490/2192
f 3391/2491/2193 3392/2492/2193 3405/2494/2193
f 3392/2492/2008 3393/2482/2194 3406/2493/2009
f 3393/2482/2195 3394/2495/2195 3406/2493/2195
f 3394/2495/2196 3395/2497/2196 3408/2496/2196
f 3395/2497/2197 3387/2485/2197 3399/2487/2197
f 3350/2498/1 3351/2587/1 3349/2499/1
f 3409/2500/2013 3396/2511/2031 3386/2481/2014
f 3407/2502/2016 3409/2500/2198 3385/2501/2017
f 3404/2503/2019 3407/2502/2199 3384/2480/2020
f 3403/2504/2022 3404/2503/2200 3383/2479/2023
f 3401/2506/2025 3403/2504/2201 3382/2505/2026
f 3398/2508/2028 3401/2588/2202 3381/2509/2029
f 3396/2511/2031 3398/2508/2028 3380/2510/2030
f 3391/2589/2203 3405/2590/2204 3416/2518/2205
f 3416/2518/2206 3415/2521/2206 3414/2513/2206
f 3391/2589/2207 3416/2518/2207 3414/2513/2207
f 3402/2512/2032 3391/2589/2208 3414/2513/2033
f 3413/2514/2034 3411/2522/2209 3400/2591/2210
f 3413/2514/2034 3400/2591/2210 3402/2512/2032
f 3350/2526/2041 3344/2427/2 3345/2477/1974
f 3350/2526/2041 3345/2477/1974 3361/2444/1974
f 3347/2435/2211 3351/2592/2 3350/2526/2041
f 3346/2525/2040 3347/2435/2211 3350/2526/2041
f 3350/2526/2041 3361/2444/1974 3360/2524/1974
f 3397/2593/7 3400/2591/2210 3411/2522/2209
f 3411/2522/2209 3410/2516/2212 3420/2515/2043
f 3420/2515/2043 3419/2517/2213 3418/2519/2044
f 3416/2518/2205 3405/2590/2204 3406/2594/2214
f 3397/2593/7 3411/2522/2209 3420/2515/2043
f 3399/2595/7 3397/2593/7 3420/2515/2043
f 3418/2519/2044 3416/2518/2205 3406/2594/2214
f 3418/2519/2044 3406/2594/2214 3408/2527/2042
f 3408/2527/2042 3399/2595/7 3420/2515/2043
f 3451/2424/2 3452/2425/2 3437/2426/2
f 3433/2427/6 3437/2428/6 3429/2429/6
f 3443/2602/7 3428/2431/7 3447/2603/7
f 3432/2433/7 3440/2434/7 3436/2435/7
f 3445/2604/1733 3468/2605/1734 3465/2606/1735
f 3421/2439/1736 3441/2607/2215 3422/2441/1736
f 3425/2442/2216 3442/2443/1739 3445/2604/1740
f 3451/2424/11 3450/2444/11 3452/2425/11
f 3447/2603/1741 3467/2445/1742 3466/2446/1743
f 3448/2608/1744 3468/2605/1745 3441/2607/1746
f 3443/2602/1747 3467/2445/1748 3444/2448/1824
f 3458/2609/1750 3462/2450/1751 3461/2610/1752
f 3457/2611/1753 3464/2612/1754 3462/2450/1755
f 3460/2613/1756 3454/2455/1757 3453/2614/1758
f 3459/2457/1759 3455/2615/1760 3454/2455/1757
f 3453/2614/1761 3449/2459/1762 3460/2613/1763
f 3453/2614/7 3454/2455/7 3455/2615/7
f 3455/2615/1764 3451/2460/1765 3431/2461/1766
f 3456/2616/6 3457/2611/6 3458/2609/6
f 3430/2463/1767 3464/2612/1768 3456/2616/1769
f 3434/2464/1762 3461/2610/1761 3450/2465/1770
f 3459/2457/6 3460/2613/6 3449/2466/6
f 3461/2610/1771 3462/2450/1772 3464/2612/1773
f 3426/2467/7 3441/2468/7 3442/2443/7
f 3428/2469/1774 3444/2448/1775 3427/2470/1774
f 3424/2471/1776 3446/2617/1777 3447/2603/1778
f 3427/2470/6 3446/2473/6 3423/2474/6
f 3448/2608/6 3421/2475/6 3445/2604/6
f 3436/2435/11 3431/2476/11 3432/2433/11
f 3434/2477/11 3429/2429/11 3430/2478/11
f 3472/2618/7 3474/2619/7 3476/2620/7
f 3483/2482/2217 3481/2621/2218 3479/2622/2219
f 3477/2623/2220 3487/2624/2220 3489/2625/2220
f 3478/2626/2221 3490/2627/2222 3487/2624/2223
f 3479/2622/2224 3492/2628/2225 3490/2627/2226
f 3480/2629/2227 3494/2630/2228 3492/2628/2229
f 3481/2621/2230 3496/2494/2231 3494/2630/2232
f 3482/2631/2233 3497/2632/2234 3496/2494/1788
f 3484/2633/1789 3499/2496/1789 3497/2632/1789
f 3485/2634/2235 3489/2625/2235 3499/2496/2235
f 3439/2498/1 3438/2499/1 3437/2428/1
f 3500/2635/2236 3476/2620/2237 3475/2501/2238
f 3498/2636/2239 3475/2501/2238 3474/2619/2240
f 3495/2637/2241 3474/2619/2242 3473/2545/2243
f 3495/2637/2244 3473/2545/2245 3472/2638/2246
f 3493/2639/2247 3472/2638/2248 3471/2640/2249
f 3491/2588/2250 3471/2641/2249 3470/2642/2251
f 3488/2508/2252 3470/2642/2251 3469/2643/2253
f 3486/2644/2254 3469/2643/2253 3476/2620/2237
f 3492/2645/2255 3506/2646/2256 3504/2647/2257
f 3502/2648/2258 3501/2649/2258 3511/2650/2258
f 3508/2518/2259 3510/2651/2259 3509/2652/2259
f 3508/2518/2260 3509/2652/2260 3507/2653/2260
f 3504/2647/2261 3506/2646/2261 3505/2654/2261
f 3504/2647/2262 3505/2654/2262 3503/2655/2262
f 3502/2648/2263 3503/2655/2263 3501/2649/2263
f 3449/2524/1818 3435/2525/1819 3439/2526/1820
f 3499/2527/2264 3502/2648/2265 3510/2651/2266
f 3529/2528/2 3543/2425/2 3542/2424/2
f 3528/2428/7 3524/2427/7 3520/2429/7
f 3519/2431/6 3534/2602/6 3557/2446/6
f 3531/2434/6 3523/2433/6 3527/2435/6
f 3536/2656/1747 3559/2605/1748 3533/2443/1824
f 3532/2607/1777 3512/2439/1776 3513/2441/1736
f 3516/2442/1825 3533/2443/1826 3517/2467/1825
f 3541/2444/11 3542/2424/11 3543/2425/11
f 3538/2603/1744 3558/2445/1745 3537/2617/1746
f 3559/2605/1742 3539/2608/1741 3532/2607/1827
f 3558/2445/1734 3534/2602/1733 3535/2448/1900
f 3553/2531/1829 3549/2657/1830 3552/2658/1831
f 3555/2534/1832 3548/2659/1833 3553/2531/1834
f 3545/2455/1835 3551/2613/1836 3544/2614/1837
f 3546/2615/1838 3550/2457/1839 3545/2455/1835
f 3544/2614/1840 3540/2459/1841 3526/2536/1770
f 3545/2455/6 3544/2614/6 3526/2537/6
f 3546/2615/1842 3542/2460/1843 3554/2660/1844
f 3548/2659/7 3547/2616/7 3521/2540/7
f 3521/2463/1845 3555/2534/1846 3543/2541/1847
f 3525/2464/1841 3552/2658/1840 3549/2657/1848
f 3551/2613/7 3550/2457/7 3554/2660/7
f 3553/2531/1849 3552/2658/1849 3541/2542/1849
f 3517/2467/6 3532/2468/6 3513/2543/6
f 3535/2448/1850 3519/2469/1851 3518/2470/1852
f 3515/2471/1736 3537/2617/1737 3514/2544/1736
f 3537/2473/7 3518/2470/7 3514/2474/7
f 3512/2475/7 3539/2608/7 3556/2606/7
f 3522/2476/11 3527/2435/11 3523/2433/11
f 3520/2429/11 3525/2477/11 3521/2478/11
f 3564/2545/6 3562/2661/6 3560/2584/6
f 3572/2662/2267 3574/2663/2268 3568/2664/2269
f 3579/2627/2270 3568/2664/2271 3578/2486/2272
f 3581/2628/2273 3569/2554/2274 3579/2627/2275
f 3583/2630/2276 3570/2665/2277 3581/2628/2278
f 3585/2494/2279 3571/2666/2280 3583/2630/2281
f 3587/2632/2282 3573/2667/2282 3585/2494/2282
f 3589/2496/2283 3574/2663/2283 3587/2632/2283
f 3576/2668/2284 3575/2560/2284 3589/2496/2284
f 3529/2499/1 3530/2498/1 3528/2428/1
f 3567/2620/2285 3590/2635/2286 3566/2501/2287
f 3566/2501/2287 3588/2669/2288 3565/2619/2289
f 3565/2619/2289 3586/2670/2290 3564/2545/2291
f 3564/2545/2291 3584/2671/2292 3563/2638/2293
f 3563/2638/2293 3582/2672/2294 3562/2673/2295
f 3562/2641/2296 3580/2674/2297 3561/2642/2298
f 3561/2642/2299 3577/2675/2300 3560/2643/2301
f 3560/2643/2302 3577/2675/2303 3567/2620/2304
f 3593/2647/2305 3596/2676/2306 3581/2677/160
f 3591/2678/2307 3600/2679/2307 3601/2680/2307
f 3601/2680/1894 3600/2679/1894 3599/2574/1894
f 3598/2681/1895 3596/2676/1895 3597/2653/1895
f 3597/2653/2308 3596/2676/2308 3595/2682/2308
f 3595/2682/2309 3593/2647/2309 3594/2654/2309
f 3594/2654/2310 3593/2647/2310 3592/2655/2310
f 3530/2526/1899 3540/2524/1818 3541/2444/1174
f 3430/2478/2 3429/2429/2 3437/2426/2
f 3437/2426/2 3438/2528/2 3432/2433/2
f 3437/2426/2 3432/2433/2 3431/2476/2
f 3452/2425/2 3430/2478/2 3437/2426/2
f 3437/2426/2 3431/2476/2 3451/2424/2
f 3433/2427/6 3439/2498/6 3437/2428/6
f 3428/2431/7 3424/2577/7 3447/2603/7
f 3447/2603/7 3466/2446/7 3443/2602/7
f 3432/2433/7 3438/2578/7 3440/2434/7
f 3445/2604/1733 3442/2443/1900 3468/2605/1734
f 3421/2439/2045 3448/2608/2046 3441/2607/2047
f 3425/2442/2216 3426/2467/1825 3442/2443/1739
f 3451/2424/11 3449/2524/11 3450/2444/11
f 3447/2603/1741 3446/2617/1827 3467/2445/1742
f 3448/2608/1744 3465/2606/2048 3468/2605/1745
f 3443/2602/1747 3466/2446/2049 3467/2445/1748
f 3458/2609/1750 3457/2611/2050 3462/2450/1751
f 3457/2611/1753 3456/2616/2311 3464/2612/1754
f 3460/2613/1756 3459/2457/1759 3454/2455/1757
f 3459/2457/1759 3463/2660/2052 3455/2615/1760
f 3453/2614/1761 3435/2536/1770 3449/2459/1762
f 3455/2615/7 3431/2579/7 3435/2537/7
f 3455/2615/7 3435/2537/7 3453/2614/7
f 3455/2615/1764 3463/2660/2053 3451/2460/1765
f 3458/2609/6 3434/2580/6 3430/2540/6
f 3458/2609/6 3430/2540/6 3456/2616/6
f 3430/2463/1767 3452/2541/1847 3464/2612/1768
f 3434/2464/1762 3458/2609/2312 3461/2610/1761
f 3449/2466/6 3451/2581/6 3463/2660/6
f 3449/2466/6 3463/2660/6 3459/2457/6
f 3464/2612/2054 3452/2582/2054 3450/2542/2054
f 3464/2612/2055 3450/2542/2055 3461/2610/2055
f 3426/2467/7 3422/2543/7 3441/2468/7
f 3428/2469/2056 3443/2602/2057 3444/2448/2058
f 3424/2471/1776 3423/2544/1736 3446/2617/1777
f 3427/2470/6 3444/2448/6 3446/2473/6
f 3421/2475/6 3425/2583/6 3445/2604/6
f 3445/2604/6 3465/2606/6 3448/2608/6
f 3436/2435/11 3435/2525/11 3431/2476/11
f 3434/2477/11 3433/2427/11 3429/2429/11
f 3476/2620/7 3469/2584/7 3470/2683/7
f 3470/2683/7 3471/2684/7 3472/2618/7
f 3472/2618/7 3473/2545/7 3474/2619/7
f 3474/2619/7 3475/2501/7 3476/2620/7
f 3476/2620/7 3470/2683/7 3472/2618/7
f 3479/2622/2219 3478/2626/2313 3477/2623/2314
f 3479/2622/2219 3477/2623/2314 3485/2634/2315
f 3485/2634/2315 3484/2633/2063 3483/2482/2217
f 3483/2482/2217 3482/2631/2316 3481/2621/2218
f 3481/2621/2218 3480/2629/2317 3479/2622/2219
f 3479/2622/2219 3485/2634/2315 3483/2482/2217
f 3477/2623/2318 3478/2626/2318 3487/2624/2318
f 3478/2626/2221 3479/2622/2319 3490/2627/2222
f 3479/2622/2224 3480/2629/2320 3492/2628/2225
f 3480/2629/2227 3481/2621/2321 3494/2630/2228
f 3481/2621/2230 3482/2631/2322 3496/2494/2231
f 3482/2631/2233 3483/2482/2323 3497/2632/2234
f 3483/2482/2324 3484/2633/2324 3497/2632/2324
f 3484/2633/2071 3485/2634/2071 3499/2496/2071
f 3485/2634/2072 3477/2623/2072 3489/2625/2072
f 3439/2498/1 3440/2587/1 3438/2499/1
f 3500/2635/2236 3486/2644/2254 3476/2620/2237
f 3498/2636/2239 3500/2635/2236 3475/2501/2238
f 3495/2637/2241 3498/2636/2325 3474/2619/2242
f 3493/2639/2326 3495/2637/2244 3472/2638/2246
f 3491/2506/2250 3493/2639/2247 3471/2640/2249
f 3488/2508/2252 3491/2588/2250 3470/2642/2251
f 3486/2644/2254 3488/2508/2252 3469/2643/2253
f 3494/2685/2327 3496/2686/6 3508/2518/2328
f 3508/2518/2328 3507/2653/2081 3506/2646/2256
f 3504/2647/2257 3490/2687/6 3492/2645/2255
f 3494/2685/2327 3508/2518/2328 3506/2646/2256
f 3492/2645/2255 3494/2685/2327 3506/2646/2256
f 3439/2526/1820 3433/2427/4 3434/2477/4
f 3439/2526/1820 3434/2477/4 3450/2444/1174
f 3436/2435/2086 3440/2592/4 3439/2526/1820
f 3435/2525/1819 3436/2435/2086 3439/2526/1820
f 3439/2526/1820 3450/2444/1174 3449/2524/1818
f 3487/2593/6 3490/2687/6 3504/2647/2257
f 3504/2647/2257 3503/2655/2329 3502/2648/2265
f 3502/2648/2265 3511/2650/2330 3510/2651/2266
f 3508/2518/2328 3496/2686/6 3497/2688/2089
f 3487/2593/6 3504/2647/2257 3502/2648/2265
f 3489/2595/6 3487/2593/6 3502/2648/2265
f 3510/2651/2266 3508/2518/2328 3497/2688/2089
f 3510/2651/2266 3497/2688/2089 3499/2527/2264
f 3499/2527/2264 3489/2595/6 3502/2648/2265
f 3522/2476/2 3523/2433/2 3529/2528/2
f 3529/2528/2 3528/2426/2 3520/2429/2
f 3529/2528/2 3520/2429/2 3521/2478/2
f 3542/2424/2 3522/2476/2 3529/2528/2
f 3529/2528/2 3521/2478/2 3543/2425/2
f 3528/2428/7 3530/2498/7 3524/2427/7
f 3538/2603/6 3515/2577/6 3519/2431/6
f 3557/2446/6 3538/2603/6 3519/2431/6
f 3531/2434/6 3529/2578/6 3523/2433/6
f 3536/2656/1747 3556/2606/2049 3559/2605/1748
f 3532/2607/1777 3539/2608/1778 3512/2439/1776
f 3516/2442/2090 3536/2656/2091 3533/2443/2331
f 3541/2444/11 3540/2524/11 3542/2424/11
f 3538/2603/1744 3557/2446/2048 3558/2445/1745
f 3559/2605/1742 3556/2606/1743 3539/2608/1741
f 3558/2445/1734 3557/2446/1735 3534/2602/1733
f 3553/2531/1829 3548/2659/2093 3549/2657/1830
f 3555/2534/1832 3547/2616/2094 3548/2659/1833
f 3545/2455/1835 3550/2457/1839 3551/2613/1836
f 3546/2615/1838 3554/2660/2095 3550/2457/1839
f 3544/2614/1840 3551/2613/1848 3540/2459/1841
f 3526/2537/6 3522/2579/6 3546/2615/6
f 3526/2537/6 3546/2615/6 3545/2455/6
f 3546/2615/1842 3522/2461/1766 3542/2460/1843
f 3521/2540/7 3525/2580/7 3549/2657/7
f 3521/2540/7 3549/2657/7 3548/2659/7
f 3521/2463/1845 3547/2616/2096 3555/2534/1846
f 3525/2464/1841 3541/2465/1770 3552/2658/1840
f 3554/2660/7 3542/2581/7 3540/2466/7
f 3554/2660/7 3540/2466/7 3551/2613/7
f 3541/2542/2097 3543/2582/2097 3555/2534/2097
f 3541/2542/2098 3555/2534/2098 3553/2531/2098
f 3517/2467/6 3533/2443/6 3532/2468/6
f 3535/2448/1850 3534/2602/2099 3519/2469/1851
f 3515/2471/2045 3538/2603/2046 3537/2617/2047
f 3537/2473/7 3535/2448/7 3518/2470/7
f 3536/2656/7 3516/2583/7 3512/2475/7
f 3556/2606/7 3536/2656/7 3512/2475/7
f 3522/2476/11 3526/2525/11 3527/2435/11
f 3520/2429/11 3524/2427/11 3525/2477/11
f 3560/2584/6 3567/2620/6 3566/2501/6
f 3566/2501/6 3565/2619/6 3564/2545/6
f 3564/2545/6 3563/2618/6 3562/2661/6
f 3562/2661/6 3561/2683/6 3560/2584/6
f 3560/2584/6 3566/2501/6 3564/2545/6
f 3575/2560/2332 3576/2668/2332 3568/2664/2332
f 3568/2664/2269 3569/2554/2333 3570/2665/2334
f 3570/2665/2334 3571/2666/2335 3572/2662/2267
f 3572/2662/2267 3573/2667/2336 3574/2663/2268
f 3574/2663/2268 3575/2560/2337 3568/2664/2269
f 3568/2664/2269 3570/2665/2334 3572/2662/2267
f 3578/2486/2338 3568/2664/2338 3576/2668/2338
f 3579/2627/2270 3569/2554/2339 3568/2664/2271
f 3581/2628/2273 3570/2665/2340 3569/2554/2274
f 3583/2630/2276 3571/2666/2341 3570/2665/2277
f 3585/2494/2279 3572/2662/2342 3571/2666/2280
f 3585/2494/2343 3573/2667/2343 3572/2662/2343
f 3587/2632/2344 3574/2663/2344 3573/2667/2344
f 3589/2496/2345 3575/2560/2345 3574/2663/2345
f 3529/2499/1 3531/2587/1 3530/2498/1
f 3567/2620/2304 3577/2675/2303 3590/2635/2346
f 3566/2501/2287 3590/2635/2286 3588/2669/2288
f 3565/2619/2289 3588/2669/2288 3586/2670/2290
f 3564/2545/2291 3586/2670/2290 3584/2671/2292
f 3563/2638/2293 3584/2671/2292 3582/2672/2294
f 3562/2641/2296 3582/2689/2347 3580/2674/2297
f 3561/2642/2299 3580/2674/2348 3577/2675/2300
f 3593/2647/2305 3595/2682/2349 3596/2676/2306
f 3596/2676/2306 3585/2686/2350 3583/2685/7
f 3581/2677/160 3579/2687/7 3593/2647/2305
f 3596/2676/2306 3583/2685/7 3581/2677/160
f 3525/2477/4 3524/2427/4 3530/2526/1899
f 3530/2526/1899 3531/2592/4 3527/2435/2127
f 3530/2526/1899 3527/2435/2127 3526/2525/2128
f 3541/2444/1174 3525/2477/4 3530/2526/1899
f 3530/2526/1899 3526/2525/2128 3540/2524/1818
f 3598/2681/2129 3599/2574/2130 3600/2679/2351
f 3591/2678/2352 3592/2655/2353 3593/2647/2305
f 3593/2647/2305 3579/2687/7 3578/2593/2354
f 3585/2686/2350 3596/2676/2306 3598/2681/2129
f 3587/2688/2355 3585/2686/2350 3598/2681/2129
f 3591/2678/2352 3593/2647/2305 3578/2593/2354
f 3591/2678/2352 3578/2593/2354 3576/2595/2356
f 3587/2688/2355 3598/2681/2129 3600/2679/2351
f 3600/2679/2351 3591/2678/2352 3576/2595/2356
f 3589/2527/2357 3587/2688/2355 3600/2679/2351
f 3600/2679/2351 3576/2595/2356 3589/2527/2357
f 3632/2424/1174 3633/2425/1174 3618/2426/4
f 3614/2427/7 3618/2428/7 3610/2429/7
f 3624/2690/6 3609/2431/6 3628/2603/6
f 3613/2433/6 3621/2434/6 3617/2435/6
f 3626/2691/1741 3649/2692/1742 3646/2693/1743
f 3602/2439/1825 3622/2694/1826 3603/2441/1825
f 3606/2442/1776 3623/2695/1777 3626/2691/1778
f 3632/2424/11 3631/2444/11 3633/2425/11
f 3628/2603/1733 3648/2445/1734 3647/2446/1735
f 3629/2696/1747 3649/2692/1748 3622/2694/1824
f 3624/2690/1744 3648/2445/1745 3625/2448/1746
f 3639/2697/1976 3643/2698/1977 3642/2699/1978
f 3638/2452/2358 3645/2700/1980 3643/2698/1981
f 3641/2613/1982 3635/2701/1983 3634/2456/1984
f 3640/2702/1985 3636/2703/1986 3635/2701/1983
f 3634/2456/1987 3630/2459/1988 3641/2613/1989
f 3634/2456/6 3635/2701/6 3636/2703/6
f 3636/2703/1990 3632/2460/1991 3612/2461/1992
f 3637/2704/7 3638/2452/7 3639/2697/7
f 3611/2463/2359 3645/2700/1994 3637/2704/1995
f 3615/2464/1988 3642/2699/1987 3631/2465/1915
f 3640/2702/7 3641/2613/7 3630/2466/7
f 3642/2699/1996 3643/2698/1997 3645/2700/2360
f 3607/2467/6 3622/2468/6 3623/2695/6
f 3609/2469/1999 3625/2448/2215 3608/2470/1999
f 3605/2471/2216 3627/2472/1739 3628/2603/1740
f 3608/2470/7 3627/2473/7 3604/2474/7
f 3629/2696/7 3602/2475/7 3626/2691/7
f 3617/2435/11 3612/2476/11 3613/2433/11
f 3615/2477/11 3610/2429/11 3611/2478/11
f 3653/2705/6 3655/2706/6 3650/2707/6
f 3662/2708/2361 3660/2709/2362 3658/2710/2363
f 3657/2711/2364 3668/2712/2365 3667/2713/2366
f 3659/2714/2367 3671/2715/2367 3668/2712/2367
f 3660/2709/2368 3673/2716/2368 3671/2715/2368
f 3661/2717/2369 3675/2718/2369 3673/2716/2369
f 3662/2708/2370 3663/2719/2370 3675/2718/2370
f 3664/2720/2371 3678/2721/2371 3663/2719/2371
f 3665/2722/2372 3667/2713/2373 3678/2721/2374
f 3620/2498/1 3619/2499/1 3618/2428/1
f 3669/2723/2375 3650/2707/2376 3656/2724/2377
f 3677/2725/2378 3656/2724/2379 3655/2706/2380
f 3676/2726/2381 3655/2706/2382 3654/2727/2383
f 3674/2728/2384 3654/2727/2385 3653/2729/2386
f 3672/2730/2387 3653/2729/2388 3652/2731/2389
f 3670/2732/2390 3652/2641/2391 3651/2733/2392
f 3666/2734/2393 3651/2733/2394 3650/2707/2376
f 3671/2735/2395 3684/2676/2396 3682/2569/2397
f 3688/2679/2398 3679/2736/2398 3689/2737/2398
f 3688/2679/2399 3689/2737/2399 3687/2738/2399
f 3684/2676/2400 3686/2681/2400 3685/2739/2400
f 3684/2676/2401 3685/2739/2401 3683/2682/2401
f 3680/2740/2038 3682/2569/2038 3681/2741/2038
f 3680/2740/2039 3681/2741/2039 3679/2736/2039
f 3630/2524/1974 3616/2525/2040 3620/2526/2041
f 3707/2528/4 3721/2425/4 3720/2424/4
f 3706/2428/6 3702/2427/6 3698/2429/6
f 3697/2431/7 3712/2742/7 3735/2446/7
f 3709/2434/7 3701/2433/7 3705/2435/7
f 3714/2743/1744 3737/2744/1745 3711/2745/1746
f 3710/2607/1739 3690/2439/1738 3691/2441/1825
f 3694/2442/1736 3711/2745/1737 3695/2467/1736
f 3719/2444/11 3720/2424/11 3721/2425/11
f 3716/2603/1747 3736/2445/1748 3715/2617/1824
f 3737/2744/1734 3717/2608/1733 3710/2607/1900
f 3736/2445/1742 3712/2742/1741 3713/2448/1827
f 3731/2746/1902 3727/2657/1903 3730/2658/1904
f 3733/2747/1905 3726/2659/1906 3731/2746/1907
f 3723/2455/1908 3729/2613/1909 3722/2456/1910
f 3724/2615/1911 3728/2457/1912 3723/2455/1908
f 3722/2456/1913 3718/2459/1914 3704/2536/1915
f 3723/2455/7 3722/2456/7 3704/2537/7
f 3724/2615/1916 3720/2460/1917 3732/2660/1918
f 3726/2659/6 3725/2616/6 3699/2540/6
f 3699/2463/1919 3733/2747/1920 3721/2541/1921
f 3703/2464/1914 3730/2658/1913 3727/2657/1922
f 3729/2613/6 3728/2457/6 3732/2660/6
f 3731/2746/2402 3730/2658/2402 3719/2542/2402
f 3695/2467/7 3710/2468/7 3691/2543/7
f 3713/2448/2403 3697/2469/2404 3696/2470/1926
f 3693/2471/1825 3715/2617/1826 3692/2544/1825
f 3715/2473/6 3696/2470/6 3692/2474/6
f 3690/2475/6 3717/2608/6 3734/2693/6
f 3700/2476/11 3705/2435/11 3701/2433/11
f 3698/2429/11 3703/2477/11 3699/2478/11
f 3742/2545/7 3740/2661/7 3738/2748/7
f 3750/2749/2405 3752/2750/2406 3745/2751/2407
f 3746/2752/2408 3745/2751/2408 3755/2753/2408
f 3759/2628/2409 3747/2754/2410 3757/2627/2411
f 3761/2630/2412 3748/2755/2413 3759/2628/2414
f 3763/2756/2415 3749/2757/2416 3761/2630/2417
f 3764/2632/2418 3751/2758/2418 3763/2756/2418
f 3766/2759/2419 3752/2750/2419 3764/2632/2419
f 3755/2753/2420 3753/2760/2420 3766/2759/2420
f 3707/2499/1 3708/2498/1 3706/2428/1
f 3738/2748/2421 3754/2761/2422 3744/2762/2423
f 3744/2762/2424 3765/2763/2425 3743/2619/1948
f 3743/2619/2426 3762/2637/2427 3742/2545/2428
f 3742/2545/2429 3762/2637/2430 3741/2729/2431
f 3741/2729/2432 3760/2764/2433 3740/2673/2434
f 3740/2641/2434 3758/2588/2435 3739/2642/2436
f 3739/2642/2437 3756/2508/2438 3738/2748/2439
f 3770/2765/2440 3773/2766/2441 3759/2677/6
f 3768/2767/2442 3777/2679/2442 3778/2650/2442
f 3778/2650/1968 3777/2679/1968 3776/2768/1968
f 3775/2769/2443 3773/2766/2443 3774/2770/2443
f 3774/2770/2444 3773/2766/2444 3772/2771/2444
f 3772/2771/2445 3770/2765/2445 3771/2654/2445
f 3771/2654/2446 3770/2765/2446 3769/2655/2446
f 3708/2526/1973 3718/2524/2 3719/2444/2
f 3611/2478/1174 3610/2429/4 3618/2426/4
f 3618/2426/4 3619/2528/4 3613/2433/4
f 3618/2426/4 3613/2433/4 3612/2476/4
f 3633/2425/1174 3611/2478/1174 3618/2426/4
f 3618/2426/4 3612/2476/4 3632/2424/1174
f 3614/2427/7 3620/2498/7 3618/2428/7
f 3609/2431/6 3605/2577/6 3628/2603/6
f 3628/2603/6 3647/2446/6 3624/2690/6
f 3613/2433/6 3619/2578/6 3621/2434/6
f 3626/2691/1741 3623/2695/1827 3649/2692/1742
f 3602/2439/2090 3629/2696/2091 3622/2694/2092
f 3606/2442/1776 3607/2467/1736 3623/2695/1777
f 3632/2424/11 3630/2524/11 3631/2444/11
f 3628/2603/1733 3627/2472/1900 3648/2445/1734
f 3629/2696/1747 3646/2693/2049 3649/2692/1748
f 3624/2690/1744 3647/2446/2048 3648/2445/1745
f 3639/2697/1976 3638/2452/2176 3643/2698/1977
f 3638/2452/2358 3637/2704/2447 3645/2700/1980
f 3641/2613/1982 3640/2702/1985 3635/2701/1983
f 3640/2702/1985 3644/2538/2178 3636/2703/1986
f 3634/2456/1987 3616/2536/1915 3630/2459/1988
f 3636/2703/6 3612/2579/6 3616/2537/6
f 3636/2703/6 3616/2537/6 3634/2456/6
f 3636/2703/1990 3644/2538/2179 3632/2460/1991
f 3639/2697/7 3615/2580/7 3611/2540/7
f 3639/2697/7 3611/2540/7 3637/2704/7
f 3611/2463/2359 3633/2541/1921 3645/2700/1994
f 3615/2464/1988 3639/2697/2448 3642/2699/1987
f 3630/2466/7 3632/2581/7 3644/2538/7
f 3630/2466/7 3644/2538/7 3640/2702/7
f 3645/2700/2097 3633/2582/2097 3631/2542/2097
f 3645/2700/2180 3631/2542/2180 3642/2699/2180
f 3607/2467/6 3603/2543/6 3622/2468/6
f 3609/2469/2181 3624/2690/2182 3625/2448/2449
f 3605/2471/2216 3604/2544/1825 3627/2472/1739
f 3608/2470/7 3625/2448/7 3627/2473/7
f 3602/2475/7 3606/2583/7 3626/2691/7
f 3626/2691/7 3646/2693/7 3629/2696/7
f 3617/2435/11 3616/2525/11 3612/2476/11
f 3615/2477/11 3614/2427/11 3610/2429/11
f 3651/2772/6 3652/2773/6 3653/2705/6
f 3653/2705/6 3654/2727/6 3655/2706/6
f 3655/2706/6 3656/2724/6 3650/2707/6
f 3650/2707/6 3651/2772/6 3653/2705/6
f 3664/2720/2450 3663/2719/2451 3662/2708/2361
f 3658/2710/2363 3657/2711/2452 3665/2722/2453
f 3665/2722/2453 3664/2720/2450 3662/2708/2361
f 3662/2708/2361 3661/2717/2454 3660/2709/2362
f 3660/2709/2362 3659/2714/2189 3658/2710/2363
f 3658/2710/2363 3665/2722/2453 3662/2708/2361
f 3657/2711/2364 3658/2710/2455 3668/2712/2365
f 3658/2710/2456 3659/2714/2456 3668/2712/2456
f 3659/2714/2457 3660/2709/2457 3671/2715/2457
f 3660/2709/2458 3661/2717/2458 3673/2716/2458
f 3661/2717/2459 3662/2708/2459 3675/2718/2459
f 3664/2720/2460 3665/2722/2460 3678/2721/2460
f 3665/2722/2372 3657/2711/2461 3667/2713/2373
f 3620/2498/1 3621/2587/1 3619/2499/1
f 3677/2725/2378 3669/2723/2462 3656/2724/2379
f 3676/2726/2381 3677/2725/2463 3655/2706/2382
f 3674/2728/2384 3676/2726/2464 3654/2727/2385
f 3672/2730/2387 3674/2728/2465 3653/2729/2388
f 3670/2732/2390 3672/2689/2466 3652/2641/2391
f 3666/2734/2393 3670/2732/2467 3651/2733/2394
f 3669/2723/2375 3666/2734/2393 3650/2707/2376
f 3673/2774/7 3675/2775/2468 3684/2676/2396
f 3684/2676/2396 3683/2682/2469 3682/2569/2397
f 3680/2740/2470 3668/2776/7 3671/2735/2395
f 3682/2569/2397 3680/2740/2470 3671/2735/2395
f 3671/2735/2395 3673/2774/7 3684/2676/2396
f 3620/2526/2041 3614/2427/2 3615/2477/1974
f 3620/2526/2041 3615/2477/1974 3631/2444/1974
f 3617/2435/2211 3621/2592/2 3620/2526/2041
f 3616/2525/2040 3617/2435/2211 3620/2526/2041
f 3620/2526/2041 3631/2444/1974 3630/2524/1974
f 3680/2740/2470 3679/2736/2471 3688/2679/2472
f 3688/2679/2473 3687/2738/2473 3686/2681/2473
f 3667/2777/7 3668/2776/7 3680/2740/2470
f 3686/2681/2474 3684/2676/2396 3675/2775/2468
f 3686/2681/2474 3675/2775/2468 3663/2778/2475
f 3667/2777/7 3680/2740/2470 3688/2679/2472
f 3688/2679/2476 3686/2681/2476 3663/2778/2476
f 3678/2779/2477 3667/2777/7 3688/2679/2472
f 3688/2679/2472 3663/2778/2478 3678/2779/2477
f 3700/2476/4 3701/2433/4 3707/2528/4
f 3707/2528/4 3706/2426/4 3698/2429/4
f 3707/2528/4 3698/2429/4 3699/2478/4
f 3720/2424/4 3700/2476/4 3707/2528/4
f 3707/2528/4 3699/2478/4 3721/2425/4
f 3706/2428/6 3708/2498/6 3702/2427/6
f 3716/2603/7 3693/2577/7 3697/2431/7
f 3735/2446/7 3716/2603/7 3697/2431/7
f 3709/2434/7 3707/2578/7 3701/2433/7
f 3714/2743/1744 3734/2693/2048 3737/2744/1745
f 3710/2607/1739 3717/2608/1740 3690/2439/1738
f 3694/2442/2045 3714/2743/2046 3711/2745/2047
f 3719/2444/11 3718/2524/11 3720/2424/11
f 3716/2603/1747 3735/2446/2049 3736/2445/1748
f 3737/2744/1734 3734/2693/1735 3717/2608/1733
f 3736/2445/1742 3735/2446/1743 3712/2742/1741
f 3731/2746/1902 3726/2659/2135 3727/2657/1903
f 3733/2747/1905 3725/2616/2136 3726/2659/1906
f 3723/2455/1908 3728/2457/1912 3729/2613/1909
f 3724/2615/1911 3732/2660/2137 3728/2457/1912
f 3722/2456/1913 3729/2613/1922 3718/2459/1914
f 3704/2537/7 3700/2579/7 3724/2615/7
f 3704/2537/7 3724/2615/7 3723/2455/7
f 3724/2615/1916 3700/2461/1992 3720/2460/1917
f 3699/2540/6 3703/2580/6 3727/2657/6
f 3699/2540/6 3727/2657/6 3726/2659/6
f 3699/2463/1919 3725/2616/2138 3733/2747/1920
f 3703/2464/1914 3719/2465/1915 3730/2658/1913
f 3732/2660/6 3720/2581/6 3718/2466/6
f 3732/2660/6 3718/2466/6 3729/2613/6
f 3719/2542/2054 3721/2582/2054 3733/2747/2054
f 3719/2542/2479 3733/2747/2479 3731/2746/2479
f 3695/2467/7 3711/2745/7 3710/2468/7
f 3713/2448/2403 3712/2742/2140 3697/2469/2404
f 3693/2471/2090 3716/2603/2091 3715/2617/2092
f 3715/2473/6 3713/2448/6 3696/2470/6
f 3714/2743/6 3694/2583/6 3690/2475/6
f 3734/2693/6 3714/2743/6 3690/2475/6
f 3700/2476/11 3704/2525/11 3705/2435/11
f 3698/2429/11 3702/2427/11 3703/2477/11
f 3744/2762/7 3743/2619/7 3742/2545/7
f 3742/2545/7 3741/2780/7 3740/2661/7
f 3740/2661/7 3739/2683/7 3738/2748/7
f 3738/2748/7 3744/2762/7 3742/2545/7
f 3745/2751/2407 3746/2752/2480 3747/2754/2481
f 3745/2751/2407 3747/2754/2481 3748/2755/2482
f 3748/2755/2482 3749/2757/2483 3750/2749/2405
f 3750/2749/2405 3751/2758/2484 3752/2750/2406
f 3752/2750/2406 3753/2760/2485 3745/2751/2407
f 3745/2751/2407 3748/2755/2482 3750/2749/2405
f 3757/2627/2486 3747/2754/2486 3746/2752/2486
f 3759/2628/2409 3748/2755/2487 3747/2754/2410
f 3761/2630/2412 3749/2757/2488 3748/2755/2413
f 3763/2756/2415 3750/2749/2489 3749/2757/2416
f 3763/2756/2490 3751/2758/2490 3750/2749/2490
f 3764/2632/2491 3752/2750/2491 3751/2758/2491
f 3766/2759/2492 3753/2760/2492 3752/2750/2492
f 3755/2753/2493 3745/2751/2493 3753/2760/2493
f 3707/2499/1 3709/2587/1 3708/2498/1
f 3744/2762/2423 3754/2761/2422 3767/2781/2494
f 3744/2762/2424 3767/2781/2495 3765/2763/2425
f 3743/2619/2426 3765/2763/2496 3762/2637/2427
f 3741/2729/2431 3762/2637/2430 3760/2764/2497
f 3740/2673/2434 3760/2764/2433 3758/2506/2435
f 3739/2642/2436 3758/2588/2435 3756/2508/2498
f 3738/2748/2439 3756/2508/2438 3754/2761/2499
f 3770/2765/2440 3772/2771/2500 3773/2766/2441
f 3773/2766/2441 3763/2686/2501 3761/2782/6
f 3759/2677/6 3757/2687/2502 3770/2765/2440
f 3773/2766/2441 3761/2782/6 3759/2677/6
f 3703/2477/2 3702/2427/2 3708/2526/1973
f 3708/2526/1973 3709/2592/2 3705/2435/2168
f 3708/2526/1973 3705/2435/2168 3704/2525/2503
f 3719/2444/2 3703/2477/2 3708/2526/1973
f 3708/2526/1973 3704/2525/2503 3718/2524/2
f 3775/2769/2170 3776/2768/2171 3777/2679/2504
f 3768/2767/2505 3769/2655/2506 3770/2765/2507
f 3770/2765/2440 3757/2687/2502 3746/2783/2508
f 3770/2765/2509 3746/2783/2509 3755/2784/2509
f 3763/2686/2501 3773/2766/2441 3775/2769/2170
f 3764/2688/2510 3763/2686/2501 3775/2769/2170
f 3768/2767/2505 3770/2765/2507 3755/2784/2511
f 3764/2688/2510 3775/2769/2170 3777/2679/2504
f 3777/2679/2504 3768/2767/2505 3755/2784/2511
f 3766/2785/6 3764/2688/2510 3777/2679/2504
f 3777/2679/2504 3755/2784/2511 3766/2785/6
f 3809/2424/2 3810/2425/2 3795/2426/2
f 3791/2427/6 3795/2428/6 3787/2429/6
f 3801/2786/7 3786/2431/7 3805/2787/7
f 3790/2433/7 3798/2434/7 3794/2435/7
f 3803/2788/1733 3826/2744/1734 3823/2789/1735
f 3779/2439/1736 3799/2790/2215 3780/2441/1736
f 3783/2442/1738 3800/2791/1739 3803/2788/1740
f 3809/2424/11 3808/2444/11 3810/2425/11
f 3805/2787/1741 3825/2445/1742 3824/2446/1743
f 3806/2792/1744 3826/2744/1745 3799/2790/1746
f 3801/2786/1747 3825/2445/1748 3802/2448/1824
f 3816/2657/1750 3820/2450/1751 3819/2793/2512
f 3815/2794/1753 3822/2795/1754 3820/2450/1755
f 3818/2613/1756 3812/2701/1757 3811/2456/1758
f 3817/2535/1759 3813/2615/1760 3812/2701/1757
f 3811/2456/1761 3807/2459/1762 3818/2613/1763
f 3811/2456/7 3812/2701/7 3813/2615/7
f 3813/2615/1764 3809/2460/1765 3789/2461/1766
f 3814/2796/6 3815/2794/6 3816/2657/6
f 3788/2463/2513 3822/2795/1768 3814/2796/1769
f 3792/2464/1762 3819/2793/1761 3808/2465/1770
f 3817/2535/6 3818/2613/6 3807/2466/6
f 3819/2793/1771 3820/2450/1772 3822/2795/1773
f 3784/2467/7 3799/2468/7 3800/2791/7
f 3786/2469/1774 3802/2448/2514 3785/2470/1774
f 3782/2471/1776 3804/2797/1777 3805/2787/1778
f 3785/2470/6 3804/2473/6 3781/2474/6
f 3806/2792/6 3779/2475/6 3803/2788/6
f 3794/2435/11 3789/2476/11 3790/2433/11
f 3792/2477/11 3787/2429/11 3788/2478/11
f 3830/2798/7 3832/2799/7 3827/2800/7
f 3839/2801/2217 3837/2802/2218 3835/2803/2515
f 3834/2804/2516 3845/2805/2516 3844/2806/2516
f 3835/2803/2517 3847/2807/2517 3845/2805/2517
f 3836/2808/2518 3849/2809/2518 3847/2807/2518
f 3837/2802/2519 3851/2494/2519 3849/2809/2519
f 3838/2810/2520 3853/2811/2521 3851/2494/2522
f 3840/2633/2523 3855/2721/2523 3853/2811/2523
f 3841/2812/2524 3844/2806/2525 3855/2721/2526
f 3797/2498/1 3796/2499/1 3795/2428/1
f 3856/2813/2527 3827/2800/2528 3833/2724/2529
f 3854/2636/2530 3833/2724/2531 3832/2799/2532
f 3852/2814/2533 3832/2799/2534 3831/2545/2535
f 3850/2815/2536 3831/2545/2537 3830/2816/2538
f 3848/2730/2539 3830/2816/2540 3829/2507/2541
f 3846/2817/2542 3829/2818/2541 3828/2819/2543
f 3843/2820/2544 3828/2819/2543 3827/2800/2545
f 3867/2679/2546 3857/2736/2546 3868/2821/2546
f 3867/2679/2547 3868/2821/2547 3866/2768/2547
f 3864/2822/2548 3865/2823/2548 3863/2824/2548
f 3861/2825/2549 3863/2824/2549 3862/2826/2549
f 3861/2825/2550 3862/2826/2550 3860/2827/2550
f 3858/2828/2551 3860/2827/2551 3859/2829/2551
f 3858/2828/1817 3859/2829/1817 3857/2736/1817
f 3807/2524/1818 3793/2525/1819 3797/2526/1820
f 3886/2528/2 3900/2425/2 3899/2424/2
f 3885/2428/7 3881/2427/7 3877/2429/7
f 3876/2431/6 3891/2786/6 3914/2446/6
f 3888/2434/6 3880/2433/6 3884/2435/6
f 3893/2788/1747 3916/2744/1748 3890/2791/1824
f 3889/2790/1777 3869/2439/1776 3870/2441/1736
f 3873/2442/1825 3890/2791/2514 3874/2467/1825
f 3898/2444/11 3899/2424/11 3900/2425/11
f 3895/2787/1744 3915/2445/1745 3894/2797/1746
f 3916/2744/1742 3896/2792/1741 3889/2790/1827
f 3915/2445/1734 3891/2786/1733 3892/2448/1900
f 3910/2830/1829 3906/2532/1830 3909/2831/1831
f 3912/2747/1832 3905/2794/1833 3910/2830/1834
f 3902/2701/1835 3908/2613/1836 3901/2456/1837
f 3903/2615/1838 3907/2535/1839 3902/2701/1835
f 3901/2456/1840 3897/2459/1841 3883/2536/1770
f 3902/2701/6 3901/2456/6 3883/2537/6
f 3903/2615/1842 3899/2460/1843 3911/2538/1844
f 3905/2794/7 3904/2796/7 3878/2540/7
f 3878/2463/1845 3912/2747/1846 3900/2541/1847
f 3882/2464/1841 3909/2831/1840 3906/2532/1848
f 3908/2613/7 3907/2535/7 3911/2538/7
f 3910/2830/1849 3909/2831/1849 3898/2542/1849
f 3874/2467/6 3889/2468/6 3870/2543/6
f 3892/2448/1850 3876/2469/2552 3875/2470/1852
f 3872/2471/1736 3894/2797/2215 3871/2544/1736
f 3894/2473/7 3875/2470/7 3871/2474/7
f 3869/2475/7 3896/2792/7 3913/2789/7
f 3879/2476/11 3884/2435/11 3880/2433/11
f 3877/2429/11 3882/2477/11 3878/2478/11
f 3921/2545/6 3919/2832/6 3918/2833/6
f 3929/2662/2553 3931/2834/2554 3924/2835/2555
f 3935/2805/2556 3924/2835/2557 3934/2806/2558
f 3926/2836/2559 3925/2837/2559 3935/2805/2559
f 3939/2838/2560 3927/2839/2561 3937/2840/2278
f 3941/2494/2562 3928/2841/2563 3939/2838/2564
f 3943/2811/2565 3930/2842/2565 3941/2494/2565
f 3945/2721/2566 3931/2834/2566 3943/2811/2566
f 3934/2806/2567 3932/2843/2568 3945/2721/2569
f 3886/2499/1 3887/2498/1 3885/2428/1
f 3917/2800/2570 3946/2844/2571 3923/2724/2157
f 3923/2724/1947 3944/2636/1946 3922/2799/2156
f 3922/2799/1944 3942/2814/1943 3921/2545/2155
f 3921/2545/2572 3940/2815/2573 3920/2845/2574
f 3920/2845/2575 3938/2730/2576 3919/2846/2577
f 3919/2847/2578 3936/2817/2579 3918/2819/2580
f 3918/2819/2580 3933/2820/2581 3917/2800/2582
f 3947/2736/2583 3957/2679/2583 3958/2821/2583
f 3958/2821/1894 3957/2679/1894 3956/2768/1894
f 3955/2823/2584 3954/2822/2584 3953/2824/2584
f 3953/2824/2585 3951/2825/2585 3952/2848/2585
f 3952/2848/2586 3951/2825/2586 3950/2849/2586
f 3950/2849/2587 3948/2850/2587 3949/2851/2587
f 3949/2851/2588 3948/2850/2588 3947/2736/2588
f 3887/2526/1899 3897/2524/1818 3898/2444/1818
f 3788/2478/2 3787/2429/2 3795/2426/2
f 3795/2426/2 3796/2528/2 3790/2433/2
f 3795/2426/2 3790/2433/2 3789/2476/2
f 3810/2425/2 3788/2478/2 3795/2426/2
f 3795/2426/2 3789/2476/2 3809/2424/2
f 3791/2427/6 3797/2498/6 3795/2428/6
f 3786/2431/7 3782/2577/7 3805/2787/7
f 3805/2787/7 3824/2446/7 3801/2786/7
f 3790/2433/7 3796/2578/7 3798/2434/7
f 3803/2788/1733 3800/2791/1900 3826/2744/1734
f 3779/2439/2045 3806/2792/2046 3799/2790/2047
f 3783/2442/1738 3784/2467/1825 3800/2791/1739
f 3809/2424/11 3807/2524/11 3808/2444/11
f 3805/2787/1741 3804/2797/1827 3825/2445/1742
f 3806/2792/1744 3823/2789/2048 3826/2744/1745
f 3801/2786/1747 3824/2446/2049 3825/2445/1748
f 3816/2657/1750 3815/2794/2050 3820/2450/1751
f 3815/2794/1753 3814/2796/2311 3822/2795/1754
f 3818/2613/1756 3817/2535/1759 3812/2701/1757
f 3817/2535/1759 3821/2538/2052 3813/2615/1760
f 3811/2456/1761 3793/2536/1770 3807/2459/1762
f 3813/2615/7 3789/2579/7 3793/2537/7
f 3813/2615/7 3793/2537/7 3811/2456/7
f 3813/2615/1764 3821/2538/2053 3809/2460/1765
f 3816/2657/6 3792/2580/6 3788/2540/6
f 3816/2657/6 3788/2540/6 3814/2796/6
f 3788/2463/2513 3810/2541/1847 3822/2795/1768
f 3792/2464/1762 3816/2657/2312 3819/2793/1761
f 3807/2466/6 3809/2581/6 3821/2538/6
f 3807/2466/6 3821/2538/6 3817/2535/6
f 3822/2795/2054 3810/2582/2054 3808/2542/2054
f 3822/2795/2055 3808/2542/2055 3819/2793/2055
f 3784/2467/7 3780/2543/7 3799/2468/7
f 3786/2469/2056 3801/2786/2057 3802/2448/2589
f 3782/2471/1776 3781/2544/1736 3804/2797/1777
f 3785/2470/6 3802/2448/6 3804/2473/6
f 3779/2475/6 3783/2583/6 3803/2788/6
f 3803/2788/6 3823/2789/6 3806/2792/6
f 3794/2435/11 3793/2525/11 3789/2476/11
f 3792/2477/11 3791/2427/11 3787/2429/11
f 3827/2800/7 3828/2833/7 3829/2852/7
f 3830/2798/7 3831/2545/7 3832/2799/7
f 3832/2799/7 3833/2724/7 3827/2800/7
f 3827/2800/7 3829/2852/7 3830/2798/7
f 3834/2804/2590 3842/2853/2591 3841/2812/2592
f 3835/2803/2515 3834/2804/2590 3841/2812/2592
f 3841/2812/2592 3840/2633/2063 3839/2801/2217
f 3839/2801/2217 3838/2810/2316 3837/2802/2218
f 3837/2802/2218 3836/2808/2317 3835/2803/2515
f 3835/2803/2515 3841/2812/2592 3839/2801/2217
f 3842/2853/2593 3834/2804/2593 3844/2806/2593
f 3834/2804/2594 3835/2803/2594 3845/2805/2594
f 3835/2803/2595 3836/2808/2595 3847/2807/2595
f 3836/2808/2596 3837/2802/2596 3849/2809/2596
f 3837/2802/2322 3838/2810/2322 3851/2494/2322
f 3838/2810/2520 3839/2801/2597 3853/2811/2521
f 3839/2801/2598 3840/2633/2598 3853/2811/2598
f 3840/2633/2599 3841/2812/2599 3855/2721/2599
f 3841/2812/2524 3842/2853/2600 3844/2806/2525
f 3797/2498/1 3798/2587/1 3796/2499/1
f 3856/2813/2527 3843/2820/2601 3827/2800/2528
f 3854/2636/2530 3856/2813/2602 3833/2724/2531
f 3852/2814/2533 3854/2636/2603 3832/2799/2534
f 3850/2815/2536 3852/2814/2604 3831/2545/2537
f 3848/2730/2539 3850/2815/2605 3830/2816/2540
f 3846/2817/2542 3848/2689/2539 3829/2818/2541
f 3843/2820/2544 3846/2817/2542 3828/2819/2543
f 3849/2854/6 3851/2590/6 3864/2822/2606
f 3864/2822/2606 3863/2824/2607 3861/2825/2608
f 3861/2825/2608 3860/2827/2609 3858/2828/2610
f 3858/2828/2610 3845/2855/6 3847/2856/2611
f 3849/2854/6 3864/2822/2606 3861/2825/2608
f 3861/2825/2608 3858/2828/2610 3847/2856/2611
f 3861/2825/2608 3847/2856/2611 3849/2854/6
f 3797/2526/1820 3791/2427/4 3792/2477/1818
f 3797/2526/1820 3792/2477/1818 3808/2444/1818
f 3794/2435/2086 3798/2592/4 3797/2526/1820
f 3793/2525/1819 3794/2435/2086 3797/2526/1820
f 3797/2526/1820 3808/2444/1818 3807/2524/1818
f 3858/2828/2610 3857/2736/2612 3867/2679/2613
f 3867/2679/2614 3866/2768/2614 3865/2823/2614
f 3864/2822/2606 3851/2590/6 3853/2857/2615
f 3844/2858/2616 3845/2855/6 3858/2828/2610
f 3865/2823/2617 3864/2822/2606 3853/2857/2615
f 3844/2858/2616 3858/2828/2610 3867/2679/2613
f 3867/2679/2618 3865/2823/2618 3853/2857/2618
f 3855/2859/6 3844/2858/2616 3867/2679/2613
f 3867/2679/2613 3853/2857/6 3855/2859/6
f 3879/2476/2 3880/2433/2 3886/2528/2
f 3886/2528/2 3885/2426/2 3877/2429/2
f 3886/2528/2 3877/2429/2 3878/2478/2
f 3899/2424/2 3879/2476/2 3886/2528/2
f 3886/2528/2 3878/2478/2 3900/2425/2
f 3885/2428/7 3887/2498/7 3881/2427/7
f 3895/2787/6 3872/2577/6 3876/2431/6
f 3914/2446/6 3895/2787/6 3876/2431/6
f 3888/2434/6 3886/2578/6 3880/2433/6
f 3893/2788/1747 3913/2789/2049 3916/2744/1748
f 3889/2790/1777 3896/2792/1778 3869/2439/1776
f 3873/2442/2090 3893/2788/2091 3890/2791/2092
f 3898/2444/11 3897/2524/11 3899/2424/11
f 3895/2787/1744 3914/2446/2048 3915/2445/1745
f 3916/2744/1742 3913/2789/1743 3896/2792/1741
f 3915/2445/1734 3914/2446/1735 3891/2786/1733
f 3910/2830/1829 3905/2794/2093 3906/2532/1830
f 3912/2747/1832 3904/2796/2094 3905/2794/1833
f 3902/2701/1835 3907/2535/1839 3908/2613/1836
f 3903/2615/1838 3911/2538/2095 3907/2535/1839
f 3901/2456/1840 3908/2613/1848 3897/2459/1841
f 3883/2537/6 3879/2579/6 3903/2615/6
f 3883/2537/6 3903/2615/6 3902/2701/6
f 3903/2615/1842 3879/2461/1766 3899/2460/1843
f 3878/2540/7 3882/2580/7 3906/2532/7
f 3878/2540/7 3906/2532/7 3905/2794/7
f 3878/2463/1845 3904/2796/2096 3912/2747/1846
f 3882/2464/1841 3898/2465/1770 3909/2831/1840
f 3911/2538/7 3899/2581/7 3897/2466/7
f 3911/2538/7 3897/2466/7 3908/2613/7
f 3898/2542/2097 3900/2582/2097 3912/2747/2097
f 3898/2542/2098 3912/2747/2098 3910/2830/2098
f 3874/2467/6 3890/2791/6 3889/2468/6
f 3892/2448/1850 3891/2786/2099 3876/2469/2552
f 3872/2471/2045 3895/2787/2046 3894/2797/2047
f 3894/2473/7 3892/2448/7 3875/2470/7
f 3893/2788/7 3873/2583/7 3869/2475/7
f 3913/2789/7 3893/2788/7 3869/2475/7
f 3879/2476/11 3883/2525/11 3884/2435/11
f 3877/2429/11 3881/2427/11 3882/2477/11
f 3918/2833/6 3917/2800/6 3923/2724/6
f 3923/2724/6 3922/2799/6 3921/2545/6
f 3921/2545/6 3920/2860/6 3919/2832/6
f 3918/2833/6 3923/2724/6 3921/2545/6
f 3925/2837/2619 3926/2836/2620 3927/2839/2621
f 3924/2835/2555 3925/2837/2619 3927/2839/2621
f 3927/2839/2621 3928/2841/2335 3929/2662/2553
f 3929/2662/2553 3930/2842/2336 3931/2834/2554
f 3931/2834/2554 3932/2843/2622 3924/2835/2555
f 3924/2835/2555 3927/2839/2621 3929/2662/2553
f 3935/2805/2556 3925/2837/2623 3924/2835/2557
f 3937/2840/2624 3927/2839/2624 3926/2836/2624
f 3939/2838/2560 3928/2841/2625 3927/2839/2561
f 3941/2494/2562 3929/2662/2626 3928/2841/2563
f 3941/2494/2627 3930/2842/2627 3929/2662/2627
f 3943/2811/2628 3931/2834/2628 3930/2842/2628
f 3945/2721/2629 3932/2843/2629 3931/2834/2629
f 3934/2806/2567 3924/2835/2630 3932/2843/2568
f 3886/2499/1 3888/2587/1 3887/2498/1
f 3917/2800/2570 3933/2820/2631 3946/2844/2571
f 3923/2724/1947 3946/2844/1948 3944/2636/1946
f 3922/2799/1944 3944/2636/1945 3942/2814/1943
f 3921/2545/2572 3942/2814/1963 3940/2815/2573
f 3920/2845/2575 3940/2815/2632 3938/2730/2576
f 3919/2847/2578 3938/2689/2633 3936/2817/2579
f 3918/2819/2580 3936/2817/2579 3933/2820/2581
f 3926/2861/2634 3935/2855/2635 3948/2850/2636
f 3948/2850/2637 3950/2849/2637 3951/2825/2637
f 3951/2825/2638 3953/2824/2639 3954/2822/2640
f 3954/2822/2640 3941/2590/2641 3939/2862/7
f 3926/2861/2642 3948/2850/2642 3951/2825/2642
f 3937/2863/2643 3926/2861/2644 3951/2825/2638
f 3951/2825/2638 3954/2822/2640 3939/2862/7
f 3951/2825/2638 3939/2862/7 3937/2863/2643
f 3882/2477/1818 3881/2427/4 3887/2526/1899
f 3887/2526/1899 3888/2592/4 3884/2435/2127
f 3887/2526/1899 3884/2435/2127 3883/2525/1819
f 3898/2444/1818 3882/2477/1818 3887/2526/1899
f 3887/2526/1899 3883/2525/1819 3897/2524/1818
f 3955/2823/2130 3956/2768/2130 3957/2679/2130
f 3957/2679/2645 3947/2736/2132 3948/2850/2636
f 3948/2850/2636 3935/2855/2635 3934/2858/7
f 3941/2590/2641 3954/2822/2640 3955/2823/2646
f 3943/2857/2647 3941/2590/2641 3955/2823/2646
f 3943/2857/2648 3955/2823/2648 3957/2679/2648
f 3957/2679/2645 3948/2850/2636 3934/2858/7
f 3957/2679/2645 3934/2858/7 3945/2864/7
f 3945/2864/7 3943/2857/7 3957/2679/2645
f 3989/2424/4 3990/2425/4 3975/2426/4
f 3971/2427/7 3975/2428/7 3967/2429/7
f 3981/2690/6 3966/2431/6 3985/2787/6
f 3970/2433/6 3978/2434/6 3974/2435/6
f 3983/2865/1741 4006/2437/1742 4003/2866/1743
f 3959/2439/1825 3979/2790/1826 3960/2441/1825
f 3963/2442/1776 3980/2867/1777 3983/2865/1778
f 3989/2424/11 3988/2444/11 3990/2425/11
f 3985/2787/1733 4005/2445/1734 4004/2868/1735
f 3986/2869/1747 4006/2437/1748 3979/2790/1824
f 3981/2690/1744 4005/2445/1745 3982/2870/1746
f 3996/2697/1976 4000/2450/1977 3999/2793/2649
f 3995/2794/1979 4002/2612/1980 4000/2450/1981
f 3998/2871/1982 3992/2701/1983 3991/2614/1984
f 3997/2535/1985 3993/2458/1986 3992/2701/1983
f 3991/2614/1987 3987/2459/1988 3998/2871/2448
f 3991/2614/6 3992/2701/6 3993/2458/6
f 3993/2458/1990 3989/2460/1991 3969/2461/1992
f 3994/2539/7 3995/2794/7 3996/2697/7
f 3968/2463/2359 4002/2612/1994 3994/2539/1995
f 3972/2464/1988 3999/2793/1987 3988/2465/1915
f 3997/2535/7 3998/2871/7 3987/2466/7
f 3999/2793/2650 4000/2450/2651 4002/2612/2652
f 3964/2467/6 3979/2468/6 3980/2867/6
f 3966/2469/1999 3982/2870/2215 3965/2470/1999
f 3962/2471/1738 3984/2872/1739 3985/2787/1740
f 3965/2470/7 3984/2473/7 3961/2474/7
f 3986/2869/7 3959/2475/7 3983/2865/7
f 3974/2435/11 3969/2476/11 3970/2433/11
f 3972/2477/11 3967/2429/11 3968/2478/11
f 4010/2873/6 4012/2874/6 4007/2875/6
f 4019/2801/2653 4017/2621/2654 4015/2876/2655
f 4014/2877/2656 4025/2878/2656 4024/2806/2656
f 4015/2876/2657 4028/2879/2657 4025/2878/2657
f 4016/2880/2658 4030/2881/2659 4028/2879/2660
f 4018/2631/2661 4033/2882/2661 4030/2881/2661
f 4019/2801/2662 4034/2883/2663 4033/2882/2664
f 4020/2633/2665 4036/2721/2666 4034/2883/2667
f 4021/2812/2668 4024/2806/2669 4036/2721/2670
f 3977/2498/1 3976/2499/1 3975/2428/1
f 4026/2884/2671 4007/2875/2376 4013/2724/2377
f 4035/2669/2378 4013/2724/2379 4012/2874/2380
f 4032/2885/2672 4012/2874/2673 4011/2886/2674
f 4032/2885/2675 4011/2886/2676 4010/2887/2677
f 4029/2888/2678 4010/2887/2679 4009/2640/2680
f 4027/2889/2390 4009/2641/2391 4008/2890/2392
f 4023/2891/2393 4008/2890/2681 4007/2875/2376
f 4028/2677/2682 4042/2892/2683 4040/2893/2397
f 4046/2679/2684 4037/2894/2684 4047/2895/2684
f 4046/2679/2399 4047/2895/2399 4045/2768/2399
f 4042/2892/2685 4044/2896/2685 4043/2897/2685
f 4042/2892/2686 4043/2897/2686 4041/2898/2686
f 4038/2850/2687 4040/2893/2687 4039/2829/2687
f 4038/2850/2039 4039/2829/2039 4037/2894/2039
f 3987/2524/1974 3973/2525/2040 3977/2526/2041
f 4065/2528/4 4079/2425/4 4078/2424/4
f 4064/2428/6 4060/2427/6 4056/2429/6
f 4055/2431/7 4070/2786/7 4093/2446/7
f 4067/2434/7 4059/2433/7 4063/2435/7
f 4072/2788/1744 4095/2744/1745 4069/2791/1746
f 4068/2790/1739 4048/2439/1738 4049/2441/1825
f 4052/2442/1736 4069/2791/2215 4053/2467/1736
f 4077/2444/11 4078/2424/11 4079/2425/11
f 4074/2787/1747 4094/2445/1748 4073/2797/1824
f 4095/2744/1734 4075/2792/1733 4068/2790/1900
f 4094/2445/1742 4070/2786/1741 4071/2448/1827
f 4089/2830/1902 4085/2532/1903 4088/2831/1904
f 4091/2899/1905 4084/2794/1906 4089/2830/1907
f 4081/2701/1908 4087/2613/1909 4080/2456/1910
f 4082/2615/1911 4086/2535/1912 4081/2701/1908
f 4080/2456/1913 4076/2459/1914 4062/2536/1915
f 4081/2701/7 4080/2456/7 4062/2537/7
f 4082/2615/1916 4078/2460/1917 4090/2538/1918
f 4084/2794/6 4083/2796/6 4057/2540/6
f 4057/2463/1919 4091/2899/1920 4079/2541/1921
f 4061/2464/1914 4088/2831/1913 4085/2532/1922
f 4087/2613/6 4086/2535/6 4090/2538/6
f 4089/2830/1923 4088/2831/1923 4077/2542/1923
f 4053/2467/7 4068/2468/7 4049/2543/7
f 4071/2448/1924 4055/2469/2404 4054/2470/1926
f 4051/2471/1825 4073/2797/1826 4050/2544/1825
f 4073/2473/6 4054/2470/6 4050/2474/6
f 4048/2475/6 4075/2792/6 4092/2789/6
f 4058/2476/11 4063/2435/11 4059/2433/11
f 4056/2429/11 4061/2477/11 4057/2478/11
f 4100/2545/7 4098/2900/7 4097/2901/7
f 4107/2749/2688 4109/2750/2689 4103/2902/2690
f 4114/2903/2691 4103/2902/2691 4113/2806/2691
f 4117/2628/2692 4104/2904/2692 4114/2903/2692
f 4119/2630/2693 4105/2905/2413 4117/2628/2414
f 4121/2494/2415 4106/2906/2694 4119/2630/2695
f 4123/2811/2696 4108/2907/2696 4121/2494/2696
f 4125/2721/2697 4109/2750/2697 4123/2811/2697
f 4113/2806/2698 4110/2908/2699 4125/2721/2700
f 4065/2499/1 4066/2498/1 4064/2428/1
f 4096/2800/2701 4115/2909/2702 4102/2724/2703
f 4102/2724/2704 4124/2669/2705 4101/2799/2706
f 4101/2799/2707 4122/2670/2708 4100/2545/2709
f 4100/2545/2709 4120/2671/2710 4099/2729/2711
f 4099/2729/2711 4118/2910/2712 4098/2640/2713
f 4098/2641/2714 4116/2889/2715 4097/2890/2716
f 4097/2890/2717 4112/2891/2718 4096/2800/2701
f 4129/2569/2719 4131/2892/2720 4117/2645/2721
f 4126/2736/2722 4135/2679/2722 4136/2821/2722
f 4136/2821/1968 4135/2679/1968 4134/2768/1968
f 4133/2823/2723 4131/2892/2723 4132/2824/2723
f 4132/2824/2444 4131/2892/2444 4130/2911/2444
f 4129/2569/2724 4127/2850/2724 4128/2851/2724
f 4128/2851/2725 4127/2850/2725 4126/2736/2725
f 4066/2526/1973 4076/2524/1974 4077/2444/1974
f 3968/2478/4 3967/2429/4 3975/2426/4
f 3975/2426/4 3976/2528/4 3970/2433/4
f 3975/2426/4 3970/2433/4 3969/2476/4
f 3990/2425/4 3968/2478/4 3975/2426/4
f 3975/2426/4 3969/2476/4 3989/2424/4
f 3971/2427/7 3977/2498/7 3975/2428/7
f 3966/2431/6 3962/2577/6 3985/2787/6
f 3985/2787/6 4004/2868/6 3981/2690/6
f 3970/2433/6 3976/2578/6 3978/2434/6
f 3983/2865/1741 3980/2867/1827 4006/2437/1742
f 3959/2439/2090 3986/2869/2091 3979/2790/2092
f 3963/2442/1776 3964/2467/1736 3980/2867/1777
f 3989/2424/11 3987/2524/11 3988/2444/11
f 3985/2787/1733 3984/2872/1900 4005/2445/1734
f 3986/2869/1747 4003/2866/2049 4006/2437/1748
f 3981/2690/1744 4004/2868/2048 4005/2445/1745
f 3996/2697/1976 3995/2794/2176 4000/2450/1977
f 3995/2794/1979 3994/2539/2177 4002/2612/1980
f 3998/2871/1982 3997/2535/1985 3992/2701/1983
f 3997/2535/1985 4001/2538/2178 3993/2458/1986
f 3991/2614/1987 3973/2536/1915 3987/2459/1988
f 3993/2458/6 3969/2579/6 3973/2537/6
f 3993/2458/6 3973/2537/6 3991/2614/6
f 3993/2458/1990 4001/2538/2179 3989/2460/1991
f 3996/2697/7 3972/2580/7 3968/2540/7
f 3996/2697/7 3968/2540/7 3994/2539/7
f 3968/2463/2359 3990/2541/1921 4002/2612/1994
f 3972/2464/1988 3996/2697/2448 3999/2793/1987
f 3987/2466/7 3989/2581/7 4001/2538/7
f 3987/2466/7 4001/2538/7 3997/2535/7
f 4002/2612/2097 3990/2582/2097 3988/2542/2097
f 4002/2612/2180 3988/2542/2180 3999/2793/2180
f 3964/2467/6 3960/2543/6 3979/2468/6
f 3966/2469/2181 3981/2690/2182 3982/2870/2449
f 3962/2471/1738 3961/2544/1825 3984/2872/1739
f 3965/2470/7 3982/2870/7 3984/2473/7
f 3959/2475/7 3963/2583/7 3983/2865/7
f 3983/2865/7 4003/2866/7 3986/2869/7
f 3974/2435/11 3973/2525/11 3969/2476/11
f 3972/2477/11 3971/2427/11 3967/2429/11
f 4008/2912/6 4009/2913/6 4010/2873/6
f 4010/2873/6 4011/2886/6 4012/2874/6
f 4012/2874/6 4013/2724/6 4007/2875/6
f 4007/2875/6 4008/2912/6 4010/2873/6
f 4014/2877/2726 4022/2914/2727 4021/2812/2728
f 4015/2876/2655 4014/2877/2726 4021/2812/2728
f 4021/2812/2728 4020/2633/2188 4019/2801/2653
f 4019/2801/2653 4018/2631/2729 4017/2621/2654
f 4017/2621/2654 4016/2880/2730 4015/2876/2655
f 4015/2876/2655 4021/2812/2728 4019/2801/2653
f 4022/2914/2731 4014/2877/2731 4024/2806/2731
f 4014/2877/2732 4015/2876/2732 4025/2878/2732
f 4015/2876/2733 4016/2880/2733 4028/2879/2733
f 4016/2880/2658 4017/2621/2734 4030/2881/2659
f 4017/2621/2735 4018/2631/2735 4030/2881/2735
f 4018/2631/2736 4019/2801/2736 4033/2882/2736
f 4019/2801/2662 4020/2633/2737 4034/2883/2663
f 4020/2633/2665 4021/2812/2738 4036/2721/2666
f 4021/2812/2668 4022/2914/2739 4024/2806/2669
f 3977/2498/1 3978/2587/1 3976/2499/1
f 4035/2669/2378 4026/2884/2462 4013/2724/2379
f 4032/2885/2672 4035/2669/2740 4012/2874/2673
f 4031/2915/2741 4032/2885/2675 4010/2887/2677
f 4029/2888/2678 4031/2915/2742 4010/2887/2679
f 4027/2889/2390 4029/2689/2466 4009/2641/2391
f 4023/2891/2393 4027/2889/2743 4008/2890/2681
f 4026/2884/2671 4023/2891/2393 4007/2875/2376
f 4042/2892/2683 4041/2898/2469 4040/2893/2397
f 4038/2850/2470 4025/2916/7 4028/2677/2682
f 4040/2893/2397 4038/2850/2470 4028/2677/2682
f 4028/2677/2682 4030/2917/7 4042/2892/2683
f 3977/2526/2041 3971/2427/2 3972/2477/1974
f 3977/2526/2041 3972/2477/1974 3988/2444/1974
f 3974/2435/2211 3978/2592/2 3977/2526/2041
f 3973/2525/2040 3974/2435/2211 3977/2526/2041
f 3977/2526/2041 3988/2444/1974 3987/2524/1974
f 4038/2850/2470 4037/2894/2471 4046/2679/2744
f 4046/2679/2473 4045/2768/2473 4044/2896/2473
f 4042/2892/2683 4030/2917/7 4033/2918/2745
f 4024/2919/7 4025/2916/7 4038/2850/2470
f 4044/2896/2746 4042/2892/2683 4033/2918/2745
f 4044/2896/2746 4033/2918/2745 4034/2920/2747
f 4024/2919/7 4038/2850/2470 4046/2679/2744
f 4046/2679/2748 4044/2896/2746 4034/2920/2747
f 4036/2864/7 4024/2919/7 4046/2679/2744
f 4046/2679/2744 4034/2920/7 4036/2864/7
f 4058/2476/4 4059/2433/4 4065/2528/4
f 4065/2528/4 4064/2426/4 4056/2429/4
f 4065/2528/4 4056/2429/4 4057/2478/4
f 4078/2424/4 4058/2476/4 4065/2528/4
f 4065/2528/4 4057/2478/4 4079/2425/4
f 4064/2428/6 4066/2498/6 4060/2427/6
f 4074/2787/7 4051/2577/7 4055/2431/7
f 4093/2446/7 4074/2787/7 4055/2431/7
f 4067/2434/7 4065/2578/7 4059/2433/7
f 4072/2788/1744 4092/2789/2048 4095/2744/1745
f 4068/2790/1739 4075/2792/1740 4048/2439/1738
f 4052/2442/2045 4072/2788/2046 4069/2791/2047
f 4077/2444/11 4076/2524/11 4078/2424/11
f 4074/2787/1747 4093/2446/2049 4094/2445/1748
f 4095/2744/1734 4092/2789/1735 4075/2792/1733
f 4094/2445/1742 4093/2446/1743 4070/2786/1741
f 4089/2830/1902 4084/2794/2135 4085/2532/1903
f 4091/2899/1905 4083/2796/2136 4084/2794/1906
f 4081/2701/1908 4086/2535/1912 4087/2613/1909
f 4082/2615/1911 4090/2538/2137 4086/2535/1912
f 4080/2456/1913 4087/2613/1922 4076/2459/1914
f 4062/2537/7 4058/2579/7 4082/2615/7
f 4062/2537/7 4082/2615/7 4081/2701/7
f 4082/2615/1916 4058/2461/1992 4078/2460/1917
f 4057/2540/6 4061/2580/6 4085/2532/6
f 4057/2540/6 4085/2532/6 4084/2794/6
f 4057/2463/1919 4083/2796/2138 4091/2899/1920
f 4061/2464/1914 4077/2465/1915 4088/2831/1913
f 4090/2538/6 4078/2581/6 4076/2466/6
f 4090/2538/6 4076/2466/6 4087/2613/6
f 4077/2542/2054 4079/2582/2054 4091/2899/2054
f 4077/2542/2139 4091/2899/2139 4089/2830/2139
f 4053/2467/7 4069/2791/7 4068/2468/7
f 4071/2448/1924 4070/2786/2140 4055/2469/2404
f 4051/2471/2090 4074/2787/2091 4073/2797/2092
f 4073/2473/6 4071/2448/6 4054/2470/6
f 4072/2788/6 4052/2583/6 4048/2475/6
f 4092/2789/6 4072/2788/6 4048/2475/6
f 4058/2476/11 4062/2525/11 4063/2435/11
f 4056/2429/11 4060/2427/11 4061/2477/11
f 4097/2901/7 4096/2800/7 4102/2724/7
f 4102/2724/7 4101/2799/7 4100/2545/7
f 4100/2545/7 4099/2921/7 4098/2900/7
f 4097/2901/7 4102/2724/7 4100/2545/7
f 4110/2908/2749 4111/2922/2750 4103/2902/2690
f 4103/2902/2690 4104/2904/2751 4105/2905/2752
f 4105/2905/2752 4106/2906/2483 4107/2749/2688
f 4107/2749/2688 4108/2907/2484 4109/2750/2689
f 4109/2750/2689 4110/2908/2749 4103/2902/2690
f 4103/2902/2690 4105/2905/2752 4107/2749/2688
f 4113/2806/2753 4103/2902/2753 4111/2922/2753
f 4114/2903/2754 4104/2904/2754 4103/2902/2754
f 4117/2628/2755 4105/2905/2755 4104/2904/2755
f 4119/2630/2693 4106/2906/2488 4105/2905/2413
f 4121/2494/2415 4107/2749/2489 4106/2906/2694
f 4121/2494/2490 4108/2907/2490 4107/2749/2490
f 4123/2811/2756 4109/2750/2756 4108/2907/2756
f 4125/2721/2757 4110/2908/2757 4109/2750/2757
f 4113/2806/2698 4111/2922/2758 4110/2908/2699
f 4065/2499/1 4067/2587/1 4066/2498/1
f 4102/2724/2704 4115/2909/2759 4124/2669/2705
f 4101/2799/2707 4124/2669/2760 4122/2670/2708
f 4100/2545/2709 4122/2670/2708 4120/2671/2710
f 4099/2729/2711 4120/2671/2710 4118/2910/2712
f 4098/2641/2714 4118/2689/2761 4116/2889/2715
f 4097/2890/2717 4116/2889/2762 4112/2891/2718
f 4096/2800/2701 4112/2891/2718 4115/2909/2702
f 4129/2569/2719 4130/2911/2165 4131/2892/2720
f 4131/2892/2720 4121/2590/2763 4119/2923/6
f 4114/2924/2764 4127/2850/2765 4129/2569/2719
f 4117/2645/2721 4114/2924/2764 4129/2569/2719
f 4131/2892/2720 4119/2923/6 4117/2645/2721
f 4061/2477/1974 4060/2427/2 4066/2526/1973
f 4066/2526/1973 4067/2592/2 4063/2435/2168
f 4066/2526/1973 4063/2435/2168 4062/2525/2040
f 4077/2444/1974 4061/2477/1974 4066/2526/1973
f 4066/2526/1973 4062/2525/2040 4076/2524/1974
f 4133/2823/2171 4134/2768/2171 4135/2679/2171
f 4135/2679/2766 4126/2736/2767 4127/2850/2765
f 4127/2850/2765 4114/2924/2764 4113/2858/159
f 4121/2590/2763 4131/2892/2720 4133/2823/2768
f 4123/2857/2769 4121/2590/2763 4133/2823/2768
f 4123/2857/2770 4133/2823/2770 4135/2679/2770
f 4135/2679/2766 4127/2850/2765 4113/2858/159
f 4135/2679/2766 4113/2858/159 4125/2864/6
f 4125/2864/6 4123/2857/6 4135/2679/2766
f 4138/2925/7 4139/2926/7 4137/2927/7
f 4140/2928/2 4143/2929/2 4139/2926/2
f 4144/2930/6 4141/2931/6 4143/2932/6
f 4142/2933/4 4137/2927/4 4141/2934/4
f 4143/2932/1 4137/2927/1 4139/2926/1
f 4140/2928/11 4142/2935/11 4144/2936/11
f 4138/2925/7 4140/2928/7 4139/2926/7
f 4140/2928/2 4144/2937/2 4143/2929/2
f 4144/2930/6 4142/2938/6 4141/2931/6
f 4142/2933/4 4138/2925/4 4137/2927/4
f 4143/2932/1 4141/2931/1 4137/2927/1
f 4140/2928/11 4138/2925/11 4142/2935/11
f 4146/2925/7 4147/2926/7 4145/2927/7
f 4148/2928/2 4151/2929/2 4147/2926/2
f 4152/2930/6 4149/2931/6 4151/2932/6
f 4150/2933/4 4145/2927/4 4149/2934/4
f 4151/2932/1 4145/2927/1 4147/2926/1
f 4148/2928/11 4150/2935/11 4152/2936/11
f 4146/2925/7 4148/2928/7 4147/2926/7
f 4148/2928/2 4152/2937/2 4151/2929/2
f 4152/2930/6 4150/2938/6 4149/2931/6
f 4150/2933/4 4146/2925/4 4145/2927/4
f 4151/2932/1 4149/2931/1 4145/2927/1
f 4148/2928/11 4146/2925/11 4150/2935/11
f 4154/2925/7 4155/2926/7 4153/2927/7
f 4156/2928/2 4159/2929/2 4155/2926/2
f 4160/2930/6 4157/2931/6 4159/2932/6
f 4158/2933/4 4153/2927/4 4157/2934/4
f 4159/2932/1 4153/2927/1 4155/2926/1
f 4156/2928/11 4158/2935/11 4160/2936/11
f 4154/2925/7 4156/2928/7 4155/2926/7
f 4156/2928/2 4160/2937/2 4159/2929/2
f 4160/2930/6 4158/2938/6 4157/2931/6
f 4158/2933/4 4154/2925/4 4153/2927/4
f 4159/2932/1 4157/2931/1 4153/2927/1
f 4156/2928/11 4154/2925/11 4158/2935/11
f 4162/2925/7 4163/2926/7 4161/2927/7
f 4164/2928/2 4167/2929/2 4163/2926/2
f 4168/2930/6 4165/2931/6 4167/2932/6
f 4166/2933/4 4161/2927/4 4165/2934/4
f 4167/2932/1 4161/2927/1 4163/2926/1
f 4164/2928/11 4166/2935/11 4168/2936/11
f 4162/2925/7 4164/2928/7 4163/2926/7
f 4164/2928/2 4168/2937/2 4167/2929/2
f 4168/2930/6 4166/2938/6 4165/2931/6
f 4166/2933/4 4162/2925/4 4161/2927/4
f 4167/2932/1 4165/2931/1 4161/2927/1
f 4164/2928/11 4162/2925/11 4166/2935/11
f 4170/2925/7 4171/2926/7 4169/2927/7
f 4172/2928/2 4175/2929/2 4171/2926/2
f 4176/2930/6 4173/2931/6 4175/2932/6
f 4174/2933/4 4169/2927/4 4173/2934/4
f 4175/2932/1 4169/2927/1 4171/2926/1
f 4172/2928/11 4174/2935/11 4176/2936/11
f 4170/2925/7 4172/2928/7 4171/2926/7
f 4172/2928/2 4176/2937/2 4175/2929/2
f 4176/2930/6 4174/2938/6 4173/2931/6
f 4174/2933/4 4170/2925/4 4169/2927/4
f 4175/2932/1 4173/2931/1 4169/2927/1
f 4172/2928/11 4170/2925/11 4174/2935/11
f 4178/2925/7 4179/2926/7 4177/2927/7
f 4180/2928/2 4183/2929/2 4179/2926/2
f 4184/2930/6 4181/2931/6 4183/2932/6
f 4182/2933/4 4177/2927/4 4181/2934/4
f 4183/2932/1 4177/2927/1 4179/2926/1
f 4180/2928/11 4182/2935/11 4184/2936/11
f 4178/2925/7 4180/2928/7 4179/2926/7
f 4180/2928/2 4184/2937/2 4183/2929/2
f 4184/2930/6 4182/2938/6 4181/2931/6
f 4182/2933/4 4178/2925/4 4177/2927/4
f 4183/2932/1 4181/2931/1 4177/2927/1
f 4180/2928/11 4178/2925/11 4182/2935/11
f 4186/2925/7 4187/2926/7 4185/2927/7
f 4188/2928/2 4191/2929/2 4187/2926/2
f 4192/2930/6 4189/2931/6 4191/2932/6
f 4190/2933/4 4185/2927/4 4189/2934/4
f 4191/2932/1 4185/2927/1 4187/2926/1
f 4188/2928/11 4190/2935/11 4192/2936/11
f 4186/2925/7 4188/2928/7 4187/2926/7
f 4188/2928/2 4192/2937/2 4191/2929/2
f 4192/2930/6 4190/2938/6 4189/2931/6
f 4190/2933/4 4186/2925/4 4185/2927/4
f 4191/2932/1 4189/2931/1 4185/2927/1
f 4188/2928/11 4186/2925/11 4190/2935/11
f 4194/2925/7 4195/2926/7 4193/2927/7
f 4196/2928/2 4199/2929/2 4195/2926/2
f 4200/2930/6 4197/2931/6 4199/2932/6
f 4198/2933/4 4193/2927/4 4197/2934/4
f 4199/2932/1 4193/2927/1 4195/2926/1
f 4196/2928/11 4198/2935/11 4200/2936/11
f 4194/2925/7 4196/2928/7 4195/2926/7
f 4196/2928/2 4200/2937/2 4199/2929/2
f 4200/2930/6 4198/2938/6 4197/2931/6
f 4198/2933/4 4194/2925/4 4193/2927/4
f 4199/2932/1 4197/2931/1 4193/2927/1
f 4196/2928/11 4194/2925/11 4198/2935/11
f 4205/2939/164 4208/2940/164 4207/2941/164
f 4210/2942/162 4214/2943/162 4209/2944/162
f 4207/2941/1 4209/2944/1 4205/2939/1
f 4213/2945/7 4228/2946/7 4215/2947/7
f 4214/2943/162 4218/2948/2771 4209/2944/162
f 4212/2949/4 4211/2950/4 4214/2951/4
f 4229/2952/2772 4220/2953/2773 4225/2954/2772
f 4216/2955/2773 4227/2956/2772 4224/2957/2772
f 4213/2958/162 4219/2959/2771 4222/2960/2771
f 4212/2961/163 4216/2955/2773 4206/2962/163
f 4206/2962/6 4224/2963/6 4219/2964/6
f 4211/2950/6 4229/2965/6 4217/2966/6
f 4209/2967/7 4226/2968/7 4220/2969/7
f 4223/2970/2774 4222/2960/2771 4219/2959/2771
f 4224/2957/2772 4228/2971/2774 4223/2970/2774
f 4230/2972/2774 4218/2948/2771 4217/2973/2771
f 4229/2952/2772 4226/2974/2774 4230/2972/2774
f 4236/2975/164 4234/2976/164 4233/2977/164
f 4234/2976/2 4208/2940/2 4204/2978/2
f 4233/2977/1 4232/2979/1 4236/2975/1
f 4237/2980/2 4232/2981/2 4231/2982/2
f 4233/2983/7 4201/2984/7 4237/2985/7
f 4202/2986/6 4236/2987/6 4238/2988/6
f 4251/2989/7 4324/2990/7 4322/2991/7
f 4268/2992/7 4335/2993/7 4266/2994/7
f 4293/2995/7 4289/2996/7 4204/2997/7
f 4294/2998/7 4288/2999/7 4201/2984/7
f 4301/3000/6 4208/3001/6 4235/3002/6
f 4310/3003/6 4202/2986/6 4206/2962/6
f 4239/3004/2775 4291/3005/2776 4241/3006/2777
f 4242/3007/2778 4300/3008/2779 4301/3009/2780
f 4241/3006/2781 4289/3010/2782 4244/3011/2783
f 4243/3012/2784 4299/3013/2785 4300/3008/2779
f 4245/3014/2786 4298/3015/2787 4299/3016/2785
f 4246/3017/2788 4293/3018/2789 4284/3019/2790
f 4246/3017/2788 4284/3019/2790 4248/3020/2791
f 4247/3021/2792 4297/3022/2793 4298/3015/2787
f 4248/3020/2791 4283/3023/2794 4249/3024/2795
f 4250/3025/2796 4296/3026/2797 4297/3022/2793
f 4249/3024/2795 4281/3027/2798 4251/2989/2799
f 4253/3028/2800 4295/3029/2801 4296/3026/2797
f 4251/2989/2799 4282/3030/2802 4254/3031/2803
f 4256/3032/2804 4295/3033/2801 4253/3028/2800
f 4254/3031/2803 4278/3034/2805 4255/3035/2806
f 4257/3036/2807 4305/3037/2808 4307/3038/2809
f 4255/3035/2806 4280/3039/2810 4258/3040/2811
f 4257/3036/2807 4304/3041/2812 4305/3042/2808
f 4258/3040/2811 4276/3043/2813 4260/3044/2814
f 4261/3045/2815 4306/3046/2816 4304/3041/2812
f 4260/3044/2817 4277/3047/2817 4262/3048/2817
f 4263/3049/2818 4308/3050/2818 4306/3046/2818
f 4262/3048/2819 4279/3051/2820 4264/3052/2821
f 4265/3053/2822 4309/3054/2822 4308/3050/2822
f 4264/3052/2821 4286/3055/2823 4266/2994/2824
f 4267/3056/2825 4310/3057/2825 4309/3054/2825
f 4209/2967/7 4203/3058/7 4276/3059/7
f 4209/2967/7 4278/3060/7 4282/3061/7
f 4266/2994/2824 4287/3062/2826 4268/2992/2827
f 4269/3063/2828 4313/3064/2829 4310/3057/2830
f 4269/3063/2828 4311/3065/2831 4313/3066/2829
f 4207/3067/6 4300/3068/6 4299/3069/6
f 4268/2992/2827 4288/3070/2832 4270/3071/2833
f 4205/3072/7 4209/2967/7 4283/3073/7
f 4271/3074/2834 4312/3075/2835 4311/3065/2831
f 4210/3076/6 4295/3077/6 4307/3078/6
f 4270/3071/2833 4294/3079/2836 4272/3080/2837
f 4273/3081/2838 4303/3082/2839 4312/3083/2835
f 4297/3084/6 4210/3076/6 4207/3067/6
f 4272/3080/2837 4290/3085/2840 4274/3086/2841
f 4275/3087/2842 4302/3088/2843 4303/3082/2839
f 4304/3089/6 4206/2962/6 4210/3076/6
f 4274/3086/2841 4292/3090/2844 4239/3004/2775
f 4240/3091/2845 4301/3009/2780 4302/3092/2843
f 4202/2986/6 4312/3093/6 4303/3094/6
f 4203/3058/7 4201/2984/7 4287/3095/7
f 4204/2997/7 4291/3096/7 4234/3097/7
f 4323/3098/2846 4353/3099/2847 4325/3100/2848
f 4334/3101/2849 4365/3102/2850 4336/3103/2851
f 4269/3063/6 4334/3104/6 4336/3105/6
f 4255/3035/7 4324/2990/7 4254/3031/7
f 4253/3028/6 4325/3106/6 4256/3032/6
f 4269/3063/6 4338/3107/6 4271/3074/6
f 4256/3032/6 4327/3108/6 4257/3036/6
f 4270/3071/7 4339/3109/7 4337/3110/7
f 4258/3040/7 4326/3111/7 4255/3035/7
f 4240/3091/6 4315/3112/6 4242/3007/6
f 4241/3006/7 4317/3113/7 4314/3114/7
f 4271/3074/6 4340/3115/6 4273/3081/6
f 4259/3116/6 4327/3108/6 4328/3117/6
f 4242/3007/6 4315/3112/6 4243/3012/6
f 4274/3086/7 4339/3109/7 4272/3080/7
f 4260/3044/7 4326/3111/7 4258/3040/7
f 4244/3011/7 4318/3118/7 4317/3113/7
f 4245/3014/6 4315/3112/6 4319/3119/6
f 4239/3004/7 4341/3120/7 4274/3086/7
f 4260/3044/7 4331/3121/7 4329/3122/7
f 4246/3017/7 4318/3118/7 4244/3011/7
f 4240/3091/6 4340/3115/6 4316/3123/6
f 4261/3045/6 4330/3124/6 4263/3049/6
f 4248/3020/7 4318/3118/7 4246/3017/7
f 4264/3052/7 4331/3121/7 4262/3048/7
f 4263/3049/6 4332/3125/6 4265/3053/6
f 4266/2994/7 4333/3126/7 4264/3052/7
f 4265/3053/6 4334/3104/6 4267/3056/6
f 4250/3025/6 4323/3127/6 4252/3128/6
f 4252/3128/6 4323/3127/6 4253/3028/6
f 4359/3129/6 4351/3130/6 4345/3131/6
f 4356/3132/7 4362/3133/7 4342/3134/7
f 4337/3135/2852 4364/3136/2853 4335/3137/2854
f 4326/3138/2855 4352/3139/2848 4324/3140/2856
f 4336/3103/2851 4365/3102/2850 4338/3141/2857
f 4325/3100/2848 4355/3142/2855 4327/3143/2858
f 4339/3144/2859 4366/3145/2860 4337/3135/2852
f 4316/3146/2861 4344/3147/2862 4315/3148/2863
f 4317/3149/2864 4343/3150/2865 4314/3151/2866
f 4338/3141/2857 4367/3152/2867 4340/3153/2868
f 4327/3143/2858 4355/3142/2855 4328/3154/2869
f 4341/3155/2870 4368/3156/2868 4339/3144/2859
f 4329/3157/2871 4356/3132/2869 4326/3138/2855
f 4318/3158/2872 4343/3150/2865 4317/3149/2864
f 4328/3154/2869 4357/3159/2873 4330/3160/2874
f 4315/3148/2863 4345/3131/2875 4319/3161/2876
f 4331/3162/2877 4358/3163/2878 4329/3157/2871
f 4340/3153/2868 4369/3164/2870 4316/3146/2861
f 4314/3151/2866 4342/3134/2861 4341/3155/2870
f 4320/3165/2879 4346/3166/2880 4318/3158/2872
f 4319/3161/2876 4347/3167/2881 4321/3168/2882
f 4330/3160/2874 4361/3169/2883 4332/3170/2884
f 4333/3171/2885 4360/3172/2886 4331/3162/2877
f 4322/3173/2887 4348/3174/2888 4320/3165/2879
f 4332/3170/2884 4363/3175/2889 4334/3101/2849
f 4321/3168/2882 4351/3130/2890 4323/3098/2846
f 4335/3137/2854 4362/3133/2891 4333/3171/2885
f 4324/3140/2856 4350/3176/2892 4322/3173/2887
f 4220/2953/2773 4211/3177/163 4370/3178/163
f 4205/2939/164 4204/2978/164 4208/2940/164
f 4210/2942/162 4213/2958/162 4214/2943/162
f 4207/2941/1 4210/2942/1 4209/2944/1
f 4215/2947/7 4212/2949/7 4213/2945/7
f 4213/2945/7 4222/3179/7 4228/2946/7
f 4228/2946/7 4227/3180/7 4215/2947/7
f 4214/2943/162 4217/2973/2771 4218/2948/2771
f 4214/2951/4 4213/2945/4 4212/2949/4
f 4229/2952/2772 4221/3181/2773 4220/2953/2773
f 4216/2955/2773 4215/3182/2773 4227/2956/2772
f 4213/2958/162 4210/2942/162 4219/2959/2771
f 4212/2961/163 4215/3182/2773 4216/2955/2773
f 4219/2964/6 4210/3076/6 4206/2962/6
f 4206/2962/6 4216/3183/6 4224/2963/6
f 4224/2963/6 4223/3184/6 4219/2964/6
f 4217/2966/6 4214/2951/6 4211/2950/6
f 4211/2950/6 4221/3185/6 4229/2965/6
f 4229/2965/6 4230/3186/6 4217/2966/6
f 4370/3187/7 4203/3058/7 4209/2967/7
f 4209/2967/7 4218/3188/7 4226/2968/7
f 4226/2968/7 4225/3189/7 4220/2969/7
f 4220/2969/7 4370/3187/7 4209/2967/7
f 4223/2970/2774 4228/2971/2774 4222/2960/2771
f 4224/2957/2772 4227/2956/2772 4228/2971/2774
f 4230/2972/2774 4226/2974/2774 4218/2948/2771
f 4229/2952/2772 4225/2954/2772 4226/2974/2774
f 4236/2975/164 4235/3190/164 4234/2976/164
f 4234/2976/2 4235/3190/2 4208/2940/2
f 4233/2977/1 4231/3191/1 4232/2979/1
f 4237/2980/2 4238/3192/2 4232/2981/2
f 4233/2983/7 4234/3097/7 4201/2984/7
f 4237/2985/7 4231/3193/7 4233/2983/7
f 4202/2986/6 4235/3002/6 4236/2987/6
f 4236/2987/6 4232/3194/6 4238/2988/6
f 4251/2989/7 4254/3031/7 4324/2990/7
f 4204/2997/7 4205/3072/7 4283/3073/7
f 4289/2996/7 4291/3096/7 4204/2997/7
f 4204/2997/7 4283/3073/7 4284/3195/7
f 4204/2997/7 4284/3195/7 4293/2995/7
f 4234/3097/7 4291/3096/7 4292/3196/7
f 4234/3097/7 4292/3196/7 4290/3197/7
f 4288/2999/7 4287/3095/7 4201/2984/7
f 4201/2984/7 4234/3097/7 4290/3197/7
f 4201/2984/7 4290/3197/7 4294/2998/7
f 4240/3091/2845 4242/3007/2778 4301/3009/2780
f 4242/3007/2778 4243/3012/2784 4300/3008/2779
f 4241/3006/2893 4291/3005/2893 4289/3010/2893
f 4243/3012/2784 4245/3014/2786 4299/3013/2785
f 4244/3011/2783 4289/3010/2782 4293/3198/2789
f 4245/3014/2786 4247/3021/2792 4298/3015/2787
f 4246/3017/2788 4244/3011/2783 4293/3018/2789
f 4247/3021/2792 4250/3025/2796 4297/3022/2793
f 4248/3020/2791 4284/3019/2790 4283/3023/2794
f 4250/3025/2796 4252/3128/2894 4296/3026/2797
f 4249/3024/2795 4283/3023/2794 4281/3027/2798
f 4252/3128/2894 4253/3028/2800 4296/3026/2797
f 4251/2989/2799 4281/3027/2798 4282/3030/2802
f 4256/3032/2804 4307/3038/2809 4295/3033/2801
f 4254/3031/2803 4282/3199/2802 4278/3034/2805
f 4256/3032/2804 4257/3036/2807 4307/3038/2809
f 4255/3035/2806 4278/3034/2805 4280/3039/2810
f 4257/3036/2807 4259/3116/2895 4304/3041/2812
f 4258/3040/2811 4280/3200/2810 4276/3043/2813
f 4259/3116/2895 4261/3045/2815 4304/3041/2812
f 4260/3044/2896 4276/3043/2896 4277/3047/2896
f 4261/3045/2897 4263/3049/2897 4306/3046/2897
f 4262/3048/2898 4277/3047/2898 4279/3051/2898
f 4263/3049/2899 4265/3053/2899 4308/3050/2899
f 4264/3052/2821 4279/3051/2820 4285/3201/2900
f 4265/3053/2901 4267/3056/2901 4309/3054/2901
f 4203/3058/7 4287/3095/7 4286/3202/7
f 4277/3203/7 4276/3059/7 4203/3058/7
f 4203/3058/7 4286/3202/7 4285/3204/7
f 4203/3058/7 4285/3204/7 4279/3205/7
f 4279/3205/7 4277/3203/7 4203/3058/7
f 4264/3052/2821 4285/3206/2900 4286/3055/2823
f 4267/3056/2902 4269/3063/2828 4310/3057/2830
f 4209/2967/7 4276/3059/7 4280/3207/7
f 4281/3208/7 4283/3073/7 4209/2967/7
f 4209/2967/7 4280/3207/7 4278/3060/7
f 4282/3061/7 4281/3208/7 4209/2967/7
f 4266/2994/2824 4286/3055/2823 4287/3062/2826
f 4269/3063/2828 4271/3074/2834 4311/3065/2831
f 4207/3067/6 4208/3001/6 4301/3000/6
f 4298/3209/6 4297/3084/6 4207/3067/6
f 4207/3067/6 4301/3000/6 4300/3068/6
f 4299/3069/6 4298/3209/6 4207/3067/6
f 4268/2992/2827 4287/3062/2826 4288/3070/2832
f 4271/3074/2834 4273/3081/2838 4312/3075/2835
f 4210/3076/6 4297/3084/6 4296/3210/6
f 4305/3211/6 4304/3089/6 4210/3076/6
f 4307/3078/6 4305/3211/6 4210/3076/6
f 4210/3076/6 4296/3210/6 4295/3077/6
f 4270/3071/2833 4288/3070/2832 4294/3079/2836
f 4273/3081/2838 4275/3087/2842 4303/3082/2839
f 4272/3080/2837 4294/3212/2836 4290/3085/2840
f 4206/2962/6 4304/3089/6 4306/3213/6
f 4309/3214/6 4310/3003/6 4206/2962/6
f 4206/2962/6 4306/3213/6 4308/3215/6
f 4308/3215/6 4309/3214/6 4206/2962/6
f 4275/3087/2842 4240/3091/2845 4302/3088/2843
f 4274/3086/2841 4290/3085/2840 4292/3090/2844
f 4302/3216/6 4301/3000/6 4235/3002/6
f 4202/2986/6 4310/3003/6 4313/3217/6
f 4202/2986/6 4313/3217/6 4311/3218/6
f 4302/3216/6 4235/3002/6 4202/2986/6
f 4303/3094/6 4302/3216/6 4202/2986/6
f 4202/2986/6 4311/3218/6 4312/3093/6
f 4239/3004/2775 4292/3219/2844 4291/3005/2776
f 4323/3098/2846 4351/3130/2890 4353/3099/2847
f 4334/3101/2849 4363/3175/2889 4365/3102/2850
f 4269/3063/6 4267/3056/6 4334/3104/6
f 4253/3028/6 4323/3127/6 4325/3106/6
f 4268/2992/7 4337/3110/7 4335/2993/7
f 4268/2992/7 4270/3071/7 4337/3110/7
f 4255/3035/7 4326/3111/7 4324/2990/7
f 4269/3063/6 4336/3105/6 4338/3107/6
f 4256/3032/6 4325/3106/6 4327/3108/6
f 4239/3004/7 4241/3006/7 4314/3114/7
f 4240/3091/6 4316/3123/6 4315/3112/6
f 4270/3071/7 4272/3080/7 4339/3109/7
f 4271/3074/6 4338/3107/6 4340/3115/6
f 4259/3116/6 4257/3036/6 4327/3108/6
f 4274/3086/7 4341/3120/7 4339/3109/7
f 4260/3044/7 4329/3122/7 4326/3111/7
f 4241/3006/7 4244/3011/7 4317/3113/7
f 4275/3087/6 4273/3081/6 4340/3115/6
f 4261/3045/6 4259/3116/6 4328/3117/6
f 4261/3045/6 4328/3117/6 4330/3124/6
f 4245/3014/6 4243/3012/6 4315/3112/6
f 4260/3044/7 4262/3048/7 4331/3121/7
f 4240/3091/6 4275/3087/6 4340/3115/6
f 4247/3021/6 4245/3014/6 4319/3119/6
f 4239/3004/7 4314/3114/7 4341/3120/7
f 4248/3020/7 4320/3220/7 4318/3118/7
f 4247/3021/6 4319/3119/6 4321/3221/6
f 4248/3020/7 4249/3024/7 4320/3220/7
f 4263/3049/6 4330/3124/6 4332/3125/6
f 4250/3025/6 4247/3021/6 4321/3221/6
f 4264/3052/7 4333/3126/7 4331/3121/7
f 4249/3024/7 4322/2991/7 4320/3220/7
f 4249/3024/7 4251/2989/7 4322/2991/7
f 4265/3053/6 4332/3125/6 4334/3104/6
f 4250/3025/6 4321/3221/6 4323/3127/6
f 4266/2994/7 4335/2993/7 4333/3126/7
f 4345/3131/6 4344/3147/6 4369/3164/6
f 4369/3164/6 4367/3152/6 4365/3102/6
f 4363/3175/6 4361/3169/6 4359/3129/6
f 4359/3129/6 4357/3159/6 4355/3142/6
f 4355/3142/6 4353/3099/6 4351/3130/6
f 4351/3130/6 4349/3222/6 4347/3167/6
f 4345/3131/6 4369/3164/6 4365/3102/6
f 4365/3102/6 4363/3175/6 4359/3129/6
f 4359/3129/6 4355/3142/6 4351/3130/6
f 4351/3130/6 4347/3167/6 4345/3131/6
f 4345/3131/6 4365/3102/6 4359/3129/6
f 4343/3150/7 4346/3166/7 4348/3174/7
f 4348/3174/7 4350/3176/7 4352/3139/7
f 4352/3139/7 4354/3223/7 4356/3132/7
f 4358/3163/7 4360/3172/7 4362/3133/7
f 4362/3133/7 4364/3136/7 4366/3145/7
f 4366/3145/7 4368/3156/7 4342/3134/7
f 4342/3134/7 4343/3150/7 4348/3174/7
f 4348/3174/7 4352/3139/7 4356/3132/7
f 4356/3132/7 4358/3163/7 4362/3133/7
f 4362/3133/7 4366/3145/7 4342/3134/7
f 4342/3134/7 4348/3174/7 4356/3132/7
f 4337/3135/2852 4366/3145/2860 4364/3136/2853
f 4326/3138/2855 4354/3223/2858 4352/3139/2848
f 4325/3100/2848 4353/3099/2847 4355/3142/2855
f 4314/3151/2866 4343/3150/2865 4342/3134/2861
f 4338/3141/2857 4365/3102/2850 4367/3152/2867
f 4339/3144/2859 4368/3156/2868 4366/3145/2860
f 4326/3138/2855 4356/3132/2869 4354/3223/2858
f 4315/3148/2863 4344/3147/2862 4345/3131/2875
f 4340/3153/2868 4367/3152/2867 4369/3164/2870
f 4328/3154/2869 4355/3142/2855 4357/3159/2873
f 4329/3157/2871 4358/3163/2878 4356/3132/2869
f 4318/3158/2872 4346/3166/2880 4343/3150/2865
f 4341/3155/2870 4342/3134/2861 4368/3156/2868
f 4330/3160/2874 4357/3159/2873 4359/3129/2903
f 4319/3161/2876 4345/3131/2875 4347/3167/2881
f 4320/3165/2879 4348/3174/2888 4346/3166/2880
f 4316/3146/2861 4369/3164/2870 4344/3147/2862
f 4331/3162/2877 4360/3172/2886 4358/3163/2878
f 4330/3160/2874 4359/3129/2903 4361/3169/2883
f 4321/3168/2882 4347/3167/2881 4349/3222/2904
f 4333/3171/2885 4362/3133/2891 4360/3172/2886
f 4322/3173/2887 4350/3176/2892 4348/3174/2888
f 4332/3170/2884 4361/3169/2883 4363/3175/2889
f 4321/3168/2882 4349/3222/2904 4351/3130/2890
f 4335/3137/2854 4364/3136/2853 4362/3133/2891
f 4324/3140/2856 4352/3139/2848 4350/3176/2892
f 4220/2953/2773 4221/3181/2773 4211/3177/163
f 4375/2939/162 4378/2940/162 4377/2941/162
f 4380/2942/164 4384/2943/164 4379/2944/164
f 4377/2941/1 4379/2944/1 4375/2939/1
f 4383/2945/6 4398/2946/6 4385/2947/6
f 4384/2943/164 4388/2948/2905 4379/2944/164
f 4382/2949/2 4381/2950/2 4384/2951/2
f 4399/2952/2906 4390/2953/2907 4395/2954/2906
f 4386/2955/2907 4397/2956/2906 4394/2957/2906
f 4383/2958/164 4389/2959/2905 4392/2960/2905
f 4382/2961/165 4386/2955/2907 4376/2962/165
f 4376/2962/7 4394/2963/7 4389/2964/7
f 4381/2950/7 4399/2965/7 4387/2966/7
f 4379/2967/6 4396/2968/6 4390/2969/6
f 4393/2970/2908 4392/2960/2905 4389/2959/2905
f 4394/2957/2906 4398/2971/2908 4393/2970/2908
f 4400/2972/2908 4388/2948/2905 4387/2973/2905
f 4399/2952/2906 4396/2974/2908 4400/2972/2908
f 4406/2975/162 4404/2976/162 4403/2977/162
f 4404/2976/4 4378/2940/4 4374/2978/4
f 4403/2977/1 4402/2979/1 4406/2975/1
f 4407/2980/4 4402/2981/4 4401/2982/4
f 4403/2983/6 4371/2984/6 4407/2985/6
f 4372/2986/7 4406/2987/7 4408/2988/7
f 4421/3224/6 4495/2990/6 4493/3225/6
f 4437/2992/6 4505/3226/6 4435/3227/6
f 4464/2995/6 4460/3228/6 4374/2997/6
f 4465/2998/6 4459/2999/6 4371/2984/6
f 4472/3229/7 4378/3001/7 4405/3002/7
f 4480/3230/7 4372/2986/7 4376/2962/7
f 4411/3231/2909 4471/3232/2910 4472/3233/2911
f 4409/3234/2912 4460/3235/2913 4412/3236/2914
f 4411/3231/2909 4470/3237/2915 4471/3238/2910
f 4412/3236/2914 4460/3235/2913 4413/3239/2916
f 4415/3240/2917 4469/3015/2918 4470/3237/2915
f 4416/3017/2919 4464/3018/2920 4453/3019/2921
f 4416/3017/2919 4453/3019/2921 4417/3241/2922
f 4418/3242/2923 4468/3243/2923 4469/3015/2923
f 4417/3241/2924 4452/3023/2925 4419/3244/2926
f 4420/3245/2927 4467/3246/2927 4468/3243/2927
f 4419/3244/2926 4451/3247/2928 4421/3224/2929
f 4422/3248/2930 4466/3029/2931 4467/3246/2932
f 4424/3032/2933 4466/3033/2931 4422/3248/2930
f 4421/3224/2929 4449/3034/2934 4423/3249/2935
f 4425/3250/2936 4475/3037/2937 4477/3251/2938
f 4423/3249/2935 4447/3252/2939 4426/3253/2940
f 4425/3250/2936 4474/3254/2941 4475/3042/2937
f 4426/3253/2940 4446/3255/2942 4428/3256/2943
f 4429/3257/2944 4476/3258/2945 4474/3254/2941
f 4428/3256/2943 4448/3259/2946 4430/3260/2947
f 4431/3261/2948 4478/3050/2948 4476/3258/2948
f 4430/3260/2947 4450/3262/2949 4432/3263/2950
f 4432/3263/2950 4455/3264/2951 4433/3265/2952
f 4434/3266/2953 4479/3267/2953 4478/3050/2953
f 4373/3058/6 4455/3268/6 4450/3269/6
f 4433/3265/2952 4457/3270/2954 4435/3227/2955
f 4436/3271/2956 4480/3272/2956 4479/3267/2956
f 4379/2967/6 4373/3058/6 4446/3273/6
f 4379/2967/6 4449/3274/6 4451/3275/6
f 4435/3227/2955 4456/3276/2957 4437/2992/2958
f 4438/3063/2959 4483/3064/2960 4480/3272/2961
f 4438/3063/2959 4481/3277/2962 4483/3066/2960
f 4437/2992/2958 4459/3070/2963 4439/3071/2964
f 4375/3072/6 4379/2967/6 4452/3278/6
f 4440/3279/2965 4482/3280/2966 4481/3277/2962
f 4380/3076/7 4466/3077/7 4477/3281/7
f 4439/3071/2964 4465/3079/2967 4441/3080/2968
f 4468/3282/7 4380/3076/7 4377/3067/7
f 4441/3080/2968 4461/3283/2969 4443/3284/2970
f 4442/3285/2971 4473/3286/2972 4482/3280/2966
f 4474/3287/7 4376/2962/7 4380/3076/7
f 4443/3284/2970 4462/3288/2973 4445/3289/2974
f 4410/3290/2975 4472/3233/2976 4473/3286/2972
f 4445/3289/2974 4462/3288/2973 4409/3234/2912
f 4373/3058/6 4371/2984/6 4456/3291/6
f 4374/2997/6 4462/3292/6 4404/3097/6
f 4504/3293/2977 4536/3294/2978 4506/3295/2979
f 4438/3063/7 4504/3296/7 4506/3297/7
f 4423/3249/6 4495/2990/6 4421/3224/6
f 4422/3248/7 4494/3298/7 4424/3032/7
f 4438/3063/7 4508/3107/7 4440/3279/7
f 4424/3032/7 4497/3299/7 4425/3250/7
f 4426/3253/6 4496/3300/6 4423/3249/6
f 4410/3290/7 4485/3301/7 4411/3231/7
f 4439/3071/6 4509/3302/6 4507/3303/6
f 4409/3234/6 4486/3304/6 4484/3305/6
f 4440/3279/7 4510/3306/7 4442/3285/7
f 4427/3116/7 4497/3299/7 4499/3117/7
f 4443/3284/6 4509/3302/6 4441/3080/6
f 4428/3256/6 4498/3307/6 4426/3253/6
f 4411/3231/7 4487/3308/7 4414/3309/7
f 4428/3256/6 4500/3310/6 4498/3307/6
f 4413/3239/6 4488/3311/6 4486/3304/6
f 4444/3312/7 4510/3306/7 4512/3313/7
f 4415/3240/7 4487/3308/7 4489/3314/7
f 4445/3289/6 4511/3315/6 4443/3284/6
f 4416/3017/6 4488/3311/6 4413/3239/6
f 4429/3257/7 4501/3316/7 4431/3261/7
f 4409/3234/6 4511/3315/6 4445/3289/6
f 4432/3263/6 4500/3310/6 4430/3260/6
f 4417/3241/6 4488/3311/6 4416/3017/6
f 4410/3290/7 4512/3313/7 4485/3301/7
f 4415/3240/7 4490/3317/7 4418/3242/7
f 4433/3265/6 4500/3310/6 4432/3263/6
f 4417/3241/6 4491/3318/6 4488/3311/6
f 4431/3261/7 4502/3319/7 4434/3266/7
f 4419/3244/6 4491/3318/6 4417/3241/6
f 4434/3266/7 4502/3319/7 4504/3296/7
f 4420/3245/7 4490/3317/7 4492/3320/7
f 4435/3227/6 4503/3321/6 4433/3265/6
f 4419/3244/6 4493/3225/6 4491/3318/6
f 4434/3266/7 4504/3296/7 4436/3271/7
f 4421/3224/6 4493/3225/6 4419/3244/6
f 4420/3245/7 4494/3298/7 4422/3248/7
f 4532/3322/7 4523/3323/7 4515/3324/7
f 4527/3325/6 4535/3326/6 4513/3134/6
f 4507/3327/2980 4535/3326/2981 4505/3328/2982
f 4496/3329/2983 4525/3330/2984 4495/3331/2985
f 4506/3295/2979 4537/3332/2891 4508/3333/2986
f 4494/3334/2987 4526/3335/2988 4497/3336/2989
f 4509/3337/2990 4538/3338/2991 4507/3327/2980
f 4498/3339/2992 4527/3325/2993 4496/3329/2983
f 4486/3340/2994 4514/3341/2995 4484/3342/2996
f 4508/3333/2986 4539/3343/2997 4510/3344/2998
f 4497/3336/2989 4528/3345/2999 4499/3154/3000
f 4485/3346/3001 4515/3324/3002 4487/3347/3003
f 4511/3348/3004 4540/3349/3005 4509/3337/2990
f 4500/3350/3006 4529/3351/3007 4498/3339/2992
f 4488/3352/3008 4517/3353/3009 4486/3340/2994
f 4510/3344/2998 4541/3354/3010 4512/3355/3011
f 4499/3154/3000 4530/3356/3012 4501/3357/3013
f 4487/3347/3003 4518/3358/3014 4489/3359/3015
f 4484/3342/2996 4513/3134/3016 4511/3348/3004
f 4512/3355/3011 4516/3360/3017 4485/3346/3001
f 4501/3357/3013 4532/3322/3018 4502/3361/3019
f 4489/3359/3015 4520/3362/3020 4490/3363/3021
f 4503/3364/3022 4531/3365/3023 4500/3350/3006
f 4491/3366/3024 4519/3367/3025 4488/3352/3008
f 4502/3361/3019 4534/3368/3026 4504/3293/2977
f 4490/3363/3021 4521/3369/3027 4492/3370/3028
f 4493/3371/3029 4522/3372/3030 4491/3366/3024
f 4505/3328/2982 4533/3373/3031 4503/3364/3022
f 4492/3370/3028 4523/3323/3032 4494/3334/2987
f 4495/3331/2985 4524/3374/3033 4493/3371/3029
f 4390/2953/2907 4381/3177/165 4542/3178/165
f 4375/2939/162 4374/2978/162 4378/2940/162
f 4380/2942/164 4383/2958/164 4384/2943/164
f 4377/2941/1 4380/2942/1 4379/2944/1
f 4385/2947/6 4382/2949/6 4383/2945/6
f 4383/2945/6 4392/3179/6 4398/2946/6
f 4398/2946/6 4397/3180/6 4385/2947/6
f 4384/2943/164 4387/2973/2905 4388/2948/2905
f 4384/2951/2 4383/2945/2 4382/2949/2
f 4399/2952/2906 4391/3181/2907 4390/2953/2907
f 4386/2955/2907 4385/3182/2907 4397/2956/2906
f 4383/2958/164 4380/2942/164 4389/2959/2905
f 4382/2961/165 4385/3182/2907 4386/2955/2907
f 4389/2964/7 4380/3076/7 4376/2962/7
f 4376/2962/7 4386/3183/7 4394/2963/7
f 4394/2963/7 4393/3184/7 4389/2964/7
f 4387/2966/7 4384/2951/7 4381/2950/7
f 4381/2950/7 4391/3185/7 4399/2965/7
f 4399/2965/7 4400/3186/7 4387/2966/7
f 4542/3187/6 4373/3058/6 4379/2967/6
f 4379/2967/6 4388/3188/6 4396/2968/6
f 4396/2968/6 4395/3189/6 4390/2969/6
f 4390/2969/6 4542/3187/6 4379/2967/6
f 4393/2970/2908 4398/2971/2908 4392/2960/2905
f 4394/2957/2906 4397/2956/2906 4398/2971/2908
f 4400/2972/2908 4396/2974/2908 4388/2948/2905
f 4399/2952/2906 4395/2954/2906 4396/2974/2908
f 4406/2975/162 4405/3190/162 4404/2976/162
f 4404/2976/4 4405/3190/4 4378/2940/4
f 4403/2977/1 4401/3191/1 4402/2979/1
f 4407/2980/4 4408/3192/4 4402/2981/4
f 4403/2983/6 4404/3097/6 4371/2984/6
f 4407/2985/6 4401/3193/6 4403/2983/6
f 4372/2986/7 4405/3002/7 4406/2987/7
f 4406/2987/7 4402/3194/7 4408/2988/7
f 4374/2997/6 4375/3072/6 4452/3278/6
f 4463/3375/6 4462/3292/6 4374/2997/6
f 4460/3228/6 4463/3375/6 4374/2997/6
f 4374/2997/6 4452/3278/6 4453/3376/6
f 4374/2997/6 4453/3376/6 4464/2995/6
f 4404/3097/6 4462/3292/6 4461/3377/6
f 4458/3378/6 4456/3291/6 4371/2984/6
f 4459/2999/6 4458/3378/6 4371/2984/6
f 4371/2984/6 4404/3097/6 4461/3377/6
f 4371/2984/6 4461/3377/6 4465/2998/6
f 4410/3290/3034 4411/3231/2909 4472/3233/2911
f 4409/3234/2912 4462/3288/2973 4463/3379/3035
f 4409/3234/2912 4463/3380/3035 4460/3235/2913
f 4411/3231/2909 4414/3309/3036 4470/3237/2915
f 4414/3309/3036 4415/3240/2917 4470/3237/2915
f 4413/3239/2916 4460/3235/2913 4464/3198/2920
f 4416/3017/2919 4413/3239/2916 4464/3018/2920
f 4415/3240/3037 4418/3242/3037 4469/3015/3037
f 4417/3241/2922 4453/3019/2921 4452/3023/3038
f 4418/3242/3039 4420/3245/3039 4468/3243/3039
f 4419/3244/2926 4452/3023/2925 4454/3381/3040
f 4420/3245/3041 4422/3248/2930 4467/3246/2932
f 4419/3244/2926 4454/3382/3040 4451/3247/2928
f 4424/3032/2933 4477/3251/2938 4466/3033/2931
f 4421/3224/2929 4451/3247/2928 4449/3034/2934
f 4424/3032/2933 4425/3250/2936 4477/3251/2938
f 4423/3249/2935 4449/3034/2934 4447/3252/2939
f 4425/3250/2936 4427/3116/3042 4474/3254/2941
f 4427/3116/3042 4429/3257/2944 4474/3254/2941
f 4426/3253/2940 4447/3252/2939 4446/3255/2942
f 4428/3256/2943 4446/3383/2942 4448/3259/2946
f 4429/3257/3043 4431/3261/3043 4476/3258/3043
f 4430/3260/2947 4448/3259/2946 4450/3262/2949
f 4431/3261/3044 4434/3266/3044 4478/3050/3044
f 4432/3263/2950 4450/3384/2949 4455/3264/2951
f 4434/3266/3045 4436/3271/3045 4479/3267/3045
f 4373/3058/6 4456/3291/6 4457/3385/6
f 4448/3386/6 4446/3273/6 4373/3058/6
f 4373/3058/6 4457/3385/6 4455/3268/6
f 4450/3269/6 4448/3386/6 4373/3058/6
f 4433/3265/2952 4455/3264/2951 4457/3270/2954
f 4435/3227/2955 4457/3387/2954 4456/3276/2957
f 4436/3271/3046 4438/3063/2959 4480/3272/2961
f 4379/2967/6 4446/3273/6 4447/3388/6
f 4454/3389/6 4452/3278/6 4379/2967/6
f 4451/3275/6 4454/3389/6 4379/2967/6
f 4379/2967/6 4447/3388/6 4449/3274/6
f 4437/2992/2958 4456/3276/2957 4458/3390/3047
f 4438/3063/2959 4440/3279/2965 4481/3277/2962
f 4377/3067/7 4378/3001/7 4472/3229/7
f 4469/3391/7 4468/3282/7 4377/3067/7
f 4377/3067/7 4472/3229/7 4471/3392/7
f 4377/3067/7 4471/3392/7 4470/3393/7
f 4470/3393/7 4469/3391/7 4377/3067/7
f 4437/2992/2958 4458/3394/3047 4459/3070/2963
f 4440/3279/2965 4442/3285/2971 4482/3280/2966
f 4380/3076/7 4468/3282/7 4467/3395/7
f 4475/3211/7 4474/3287/7 4380/3076/7
f 4477/3281/7 4475/3211/7 4380/3076/7
f 4380/3076/7 4467/3395/7 4466/3077/7
f 4439/3071/2964 4459/3070/2963 4465/3079/2967
f 4441/3080/2968 4465/3212/2967 4461/3283/2969
f 4442/3285/2971 4444/3312/3048 4473/3286/2972
f 4376/2962/7 4474/3287/7 4476/3213/7
f 4479/3396/7 4480/3230/7 4376/2962/7
f 4376/2962/7 4476/3213/7 4478/3397/7
f 4478/3397/7 4479/3396/7 4376/2962/7
f 4444/3312/3048 4410/3290/2975 4473/3286/2972
f 4443/3284/2970 4461/3283/2969 4462/3288/2973
f 4473/3398/7 4472/3229/7 4405/3002/7
f 4372/2986/7 4480/3230/7 4483/3217/7
f 4372/2986/7 4483/3217/7 4481/3399/7
f 4473/3398/7 4405/3002/7 4372/2986/7
f 4372/2986/7 4481/3399/7 4482/3400/7
f 4482/3400/7 4473/3398/7 4372/2986/7
f 4438/3063/7 4436/3271/7 4504/3296/7
f 4437/2992/6 4507/3303/6 4505/3226/6
f 4437/2992/6 4439/3071/6 4507/3303/6
f 4423/3249/6 4496/3300/6 4495/2990/6
f 4438/3063/7 4506/3297/7 4508/3107/7
f 4424/3032/7 4494/3298/7 4497/3299/7
f 4439/3071/6 4441/3080/6 4509/3302/6
f 4426/3253/6 4498/3307/6 4496/3300/6
f 4409/3234/6 4412/3236/6 4486/3304/6
f 4440/3279/7 4508/3107/7 4510/3306/7
f 4427/3116/7 4425/3250/7 4497/3299/7
f 4411/3231/7 4485/3301/7 4487/3308/7
f 4412/3236/6 4413/3239/6 4486/3304/6
f 4429/3257/7 4427/3116/7 4499/3117/7
f 4443/3284/6 4511/3315/6 4509/3302/6
f 4428/3256/6 4430/3260/6 4500/3310/6
f 4444/3312/7 4442/3285/7 4510/3306/7
f 4429/3257/7 4499/3117/7 4501/3316/7
f 4415/3240/7 4414/3309/7 4487/3308/7
f 4410/3290/7 4444/3312/7 4512/3313/7
f 4409/3234/6 4484/3305/6 4511/3315/6
f 4431/3261/7 4501/3316/7 4502/3319/7
f 4415/3240/7 4489/3314/7 4490/3317/7
f 4433/3265/6 4503/3321/6 4500/3310/6
f 4420/3245/7 4418/3242/7 4490/3317/7
f 4435/3227/6 4505/3226/6 4503/3321/6
f 4420/3245/7 4492/3320/7 4494/3298/7
f 4515/3324/7 4516/3360/7 4541/3354/7
f 4541/3354/7 4539/3343/7 4537/3332/7
f 4537/3332/7 4536/3294/7 4534/3368/7
f 4532/3322/7 4530/3356/7 4528/3345/7
f 4528/3345/7 4526/3335/7 4523/3323/7
f 4523/3323/7 4521/3369/7 4520/3362/7
f 4520/3362/7 4518/3358/7 4515/3324/7
f 4515/3324/7 4541/3354/7 4537/3332/7
f 4537/3332/7 4534/3368/7 4532/3322/7
f 4532/3322/7 4528/3345/7 4523/3323/7
f 4523/3323/7 4520/3362/7 4515/3324/7
f 4515/3324/7 4537/3332/7 4532/3322/7
f 4513/3134/6 4514/3341/6 4517/3353/6
f 4519/3367/6 4522/3372/6 4524/3374/6
f 4524/3374/6 4525/3330/6 4527/3325/6
f 4527/3325/6 4529/3351/6 4531/3365/6
f 4531/3365/6 4533/3373/6 4535/3326/6
f 4538/3338/6 4540/3349/6 4513/3134/6
f 4513/3134/6 4517/3353/6 4519/3367/6
f 4519/3367/6 4524/3374/6 4527/3325/6
f 4527/3325/6 4531/3365/6 4535/3326/6
f 4535/3326/6 4538/3338/6 4513/3134/6
f 4513/3134/6 4519/3367/6 4527/3325/6
f 4495/3331/2985 4525/3330/2984 4524/3374/3033
f 4506/3295/2979 4536/3294/2978 4537/3332/2891
f 4494/3334/2987 4523/3323/3032 4526/3335/2988
f 4507/3327/2980 4538/3338/2991 4535/3326/2981
f 4496/3329/2983 4527/3325/2993 4525/3330/2984
f 4484/3342/2996 4514/3341/2995 4513/3134/3016
f 4508/3333/2986 4537/3332/2891 4539/3343/2997
f 4497/3336/2989 4526/3335/2988 4528/3345/2999
f 4485/3346/3001 4516/3360/3017 4515/3324/3002
f 4509/3337/2990 4540/3349/3005 4538/3338/2991
f 4498/3339/2992 4529/3351/3007 4527/3325/2993
f 4486/3340/2994 4517/3353/3009 4514/3341/2995
f 4510/3344/2998 4539/3343/2997 4541/3354/3010
f 4499/3154/3000 4528/3345/2999 4530/3356/3012
f 4487/3347/3003 4515/3324/3002 4518/3358/3014
f 4511/3348/3004 4513/3134/3016 4540/3349/3005
f 4500/3350/3006 4531/3365/3023 4529/3351/3007
f 4488/3352/3008 4519/3367/3025 4517/3353/3009
f 4512/3355/3011 4541/3354/3010 4516/3360/3017
f 4501/3357/3013 4530/3356/3012 4532/3322/3018
f 4489/3359/3015 4518/3358/3014 4520/3362/3020
f 4503/3364/3022 4533/3373/3031 4531/3365/3023
f 4502/3361/3019 4532/3322/3018 4534/3368/3026
f 4490/3363/3021 4520/3362/3020 4521/3369/3027
f 4491/3366/3024 4522/3372/3030 4519/3367/3025
f 4492/3370/3028 4521/3369/3027 4523/3323/3032
f 4505/3328/2982 4535/3326/2981 4533/3373/3031
f 4493/3371/3029 4524/3374/3033 4522/3372/3030
f 4504/3293/2977 4534/3368/3026 4536/3294/2978
f 4390/2953/2907 4391/3181/2907 4381/3177/165
f 4544/2140/1198 4545/3401/1199 4543/2142/1200
f 4546/2143/3049 4547/3402/3050 4545/3401/3051
f 4549/3403/3052 4550/3404/1475 4547/3402/3053
f 4551/3405/3054 4552/3406/1477 4550/3404/1478
f 4551/3405/1471 4553/3407/1472 4552/3406/1473
f 4554/3408/3055 4555/3409/3056 4553/3407/1364
f 4556/1772/3057 4557/1773/3058 4555/1774/1218
f 4558/2013/3059 4559/3410/3060 4557/1773/3058
f 4554/3411/11 4549/3412/11 4546/2143/11
f 4560/2221/3061 4543/2142/3062 4559/3410/3060
f 4550/3413/1 4555/3414/1 4559/3415/1
f 4562/2155/1573 4563/2156/1574 4561/3416/1226
f 4564/3417/3063 4565/3418/3064 4563/2156/3065
f 4567/3419/3066 4568/3420/1485 4565/3418/3067
f 4569/3421/1487 4570/3422/1488 4568/3420/1489
f 4569/3421/1479 4571/3423/1480 4570/3422/1481
f 4572/3424/3068 4573/3425/3069 4571/3423/1386
f 4574/1798/3070 4575/1799/3071 4573/1800/1244
f 4576/2023/3072 4577/3426/3073 4575/1799/3071
f 4572/3427/11 4567/3428/11 4564/3417/11
f 4578/2241/3074 4561/3416/3075 4577/3426/3073
f 4568/3429/1 4573/3430/1 4577/3431/1
f 4590/2172/1250 4592/1810/1251 4594/1811/1252
f 4579/1812/1253 4588/3432/1254 4587/1814/1255
f 4586/1815/1256 4587/1814/1257 4594/2100/1258
f 4580/1817/1259 4589/1818/1260 4588/3432/1261
f 4581/1819/1262 4590/2172/1263 4589/1818/1264
f 4582/1820/1602 4591/1821/1603 4590/2172/1267
f 4583/1822/1601 4592/1966/1269 4591/1821/1270
f 4584/1824/3076 4593/1825/1272 4592/1966/1273
f 4585/1826/1406 4594/2100/3077 4593/2174/1407
f 4609/1969/1277 4603/1829/1278 4613/3433/1279
f 4596/3434/3078 4597/3435/1281 4608/3436/3079
f 4607/2178/1283 4595/3437/1284 4613/3438/1285
f 4596/3434/11 4605/2181/11 4600/2252/11
f 4598/3439/1286 4599/3440/1287 4609/1969/1288
f 4600/2252/3080 4601/3441/1290 4610/3442/3081
f 4602/1905/1292 4604/1980/3082 4611/3443/1294
f 4605/2181/1353 4606/3444/1296 4612/2043/1297
f 4615/2203/1198 4616/2057/1199 4614/3445/1200
f 4617/3446/3083 4618/3447/3084 4616/2057/3051
f 4619/3448/3085 4620/3404/3086 4618/3447/3087
f 4622/2147/3088 4623/2212/3089 4620/3404/3090
f 4624/2064/3091 4625/3449/3091 4623/2212/3091
f 4626/1933/3092 4627/1934/3093 4625/3449/3094
f 4626/1772/3095 4628/2216/3096 4627/1774/3097
f 4624/3450/11 4621/3451/11 4617/3446/11
f 4629/3452/3098 4630/2152/3099 4628/2216/3100
f 4631/2221/3101 4614/3445/3102 4630/2152/3099
f 4620/3453/1 4625/3454/1 4630/2154/1
f 4633/2223/1573 4634/3455/1574 4632/3456/1226
f 4635/3457/3103 4636/3458/3104 4634/3455/3105
f 4637/3459/3106 4638/3460/3107 4636/3458/3108
f 4640/3461/3109 4641/3462/3110 4638/3460/3111
f 4642/2086/3112 4643/3463/3113 4641/3462/3114
f 4644/3464/3115 4645/1955/3116 4643/3463/3117
f 4644/1798/3118 4646/3465/3119 4645/1800/3120
f 4642/3466/11 4639/3467/11 4635/3457/11
f 4647/2240/3121 4648/2168/3122 4646/3465/3123
f 4649/2241/3124 4632/3456/3125 4648/2168/3122
f 4638/3468/1 4643/3469/1 4648/2171/1
f 4661/2302/1250 4663/1810/1251 4665/1811/1252
f 4650/1812/1253 4659/1963/1254 4658/3470/1255
f 4657/1815/1256 4658/3470/1257 4665/2100/1258
f 4651/1817/1259 4660/1965/1260 4659/1963/1261
f 4652/1819/1262 4661/2302/1263 4660/1965/1264
f 4653/1820/1602 4662/1821/1603 4661/2302/1267
f 4654/1822/1601 4663/1966/1269 4662/1821/1270
f 4655/1824/1271 4664/3471/1272 4663/1966/1273
f 4656/1826/1274 4665/2100/1275 4664/1968/1276
f 4680/3472/1277 4674/1829/1278 4684/3473/1279
f 4667/3474/1280 4668/3475/1281 4679/3476/3079
f 4678/2107/1283 4666/3477/1284 4684/3478/1285
f 4667/3474/11 4676/3479/11 4671/1838/11
f 4669/3439/1286 4670/3480/1287 4680/3472/1288
f 4671/1838/3080 4672/3481/1290 4681/3482/3081
f 4673/1905/1292 4675/3483/3082 4682/3484/1294
f 4676/3479/1295 4677/3485/1296 4683/3486/1297
f 4686/3487/3126 4687/2055/3127 4685/2056/3128
f 4688/2285/3129 4689/2057/3130 4687/2055/3127
f 4690/2058/3049 4691/3402/3050 4689/2057/3051
f 4693/1764/3052 4694/3488/1475 4691/3402/3053
f 4695/2062/3089 4696/3489/3089 4694/3488/3089
f 4697/3408/3131 4698/1769/3132 4696/3489/3133
f 4697/3408/3134 4699/3409/3135 4698/1769/3136
f 4700/1772/3137 4701/3490/3138 4699/1774/3139
f 4697/3411/11 4693/1778/11 4690/2058/11
f 4702/2013/1625 4685/2056/1626 4701/3490/1627
f 4694/3491/1 4699/3414/1 4685/2075/1
f 4704/2291/3140 4705/2077/3141 4703/3492/3142
f 4706/2292/3143 4707/3493/3144 4705/2077/3141
f 4708/2080/3063 4709/3494/3064 4707/3493/3065
f 4711/1790/3066 4712/3495/1485 4709/3494/3067
f 4713/2084/3145 4714/3496/3110 4712/3495/3146
f 4715/3424/3147 4716/1795/3148 4714/3496/3149
f 4715/3424/3150 4717/3425/3151 4716/1795/3152
f 4718/1798/3153 4719/3497/3154 4717/1800/3155
f 4715/3427/11 4711/1804/11 4708/2080/11
f 4720/2023/3156 4703/3492/3157 4719/3497/1653
f 4712/3498/1 4717/3499/1 4703/3500/1
f 4732/2098/1250 4734/1810/1251 4736/1811/1252
f 4721/1812/1253 4730/2028/1254 4729/3470/1255
f 4728/1815/1256 4729/3470/1257 4736/1894/1258
f 4722/1817/1259 4731/1818/1260 4730/2028/1261
f 4723/1819/1262 4732/2098/1263 4731/1818/1264
f 4724/1820/1602 4733/1821/1603 4732/2098/1267
f 4725/1822/1601 4734/1966/1269 4733/1821/1270
f 4726/1824/1271 4735/2101/1272 4734/1966/1273
f 4727/1826/1274 4736/1894/1275 4735/1827/1276
f 4751/3501/1277 4745/1829/1278 4755/3502/1279
f 4738/3503/1280 4739/3435/1281 4750/3504/3079
f 4749/2107/1283 4737/3505/1284 4755/3506/1285
f 4738/3503/11 4747/2110/11 4742/3507/11
f 4740/3508/1286 4741/3509/1287 4751/3501/1288
f 4742/3507/3080 4743/3481/1290 4752/3510/3081
f 4744/1905/1292 4746/1980/3082 4753/3511/1294
f 4747/2110/1295 4748/3512/1296 4754/3513/1297
f 4757/3514/1198 4758/3515/1199 4756/2142/1200
f 4759/2143/3049 4760/3402/3050 4758/3515/3051
f 4762/3403/3052 4763/3516/1475 4760/3402/3053
f 4764/3405/3054 4765/3406/1477 4763/3516/1478
f 4764/3405/1471 4766/3407/1472 4765/3406/1473
f 4767/3408/3055 4768/3409/3056 4766/3407/1364
f 4769/1772/3057 4770/1773/3058 4768/1774/1218
f 4771/2013/3059 4772/3410/3060 4770/1773/3058
f 4767/3411/11 4762/3412/11 4759/2143/11
f 4773/2221/3061 4756/2142/3062 4772/3410/3060
f 4763/3517/1 4768/3414/1 4772/3415/1
f 4775/2155/1573 4776/3518/1574 4774/2157/1226
f 4777/3417/3063 4778/3519/3064 4776/3518/3065
f 4780/3520/3066 4781/3521/1485 4778/3519/3067
f 4782/3421/1487 4783/3422/1488 4781/3521/1489
f 4782/3421/1479 4784/3423/1480 4783/3422/1481
f 4785/3424/3068 4786/3425/3069 4784/3423/1386
f 4787/1798/3070 4788/1799/3071 4786/1800/1244
f 4789/2023/3072 4790/3522/3073 4788/1799/3071
f 4785/3427/11 4780/3523/11 4777/3417/11
f 4791/2241/3074 4774/2157/3075 4790/3522/3073
f 4781/3524/1 4786/3499/1 4790/3525/1
f 4803/2172/1250 4805/1810/1251 4807/1811/1252
f 4792/1812/1253 4801/1963/1254 4800/1893/1255
f 4799/1815/1547 4800/1893/1257 4807/1964/1258
f 4793/1817/1259 4802/1965/1260 4801/1963/1261
f 4794/1819/1667 4803/2172/3158 4802/1965/1605
f 4795/1820/1602 4804/3526/1603 4803/2172/1267
f 4796/1822/1601 4805/1966/1269 4804/3526/1270
f 4797/1824/3076 4806/1825/1272 4805/1966/1273
f 4798/1826/1406 4807/1964/3077 4806/2174/1407
f 4822/1969/1277 4816/1829/1278 4826/3433/1279
f 4809/3527/3078 4810/3435/1281 4821/3528/3079
f 4820/2107/1283 4808/3437/1284 4826/3529/1285
f 4809/3527/11 4818/3479/11 4813/1838/11
f 4811/3530/1286 4812/3440/1287 4822/1969/1288
f 4813/1838/3080 4814/3531/1290 4823/3532/3081
f 4815/1905/1292 4817/3533/3082 4824/3534/1294
f 4818/3479/1353 4819/3444/1296 4825/2043/1297
f 4544/2140/1198 4546/2143/1298 4545/3401/1199
f 4546/2143/3049 4548/1762/3159 4547/3402/3050
f 4548/1762/3160 4549/3403/3052 4547/3402/3053
f 4549/3403/1495 4551/3405/3054 4550/3404/1478
f 4551/3405/1471 4554/3408/1493 4553/3407/1472
f 4554/3408/3055 4556/3535/3161 4555/3409/3056
f 4556/1772/3057 4558/2013/3059 4557/1773/3058
f 4544/3536/11 4560/2259/11 4558/2045/11
f 4546/2143/11 4544/3536/11 4558/2045/11
f 4558/2045/11 4556/3537/11 4554/3411/11
f 4554/3411/11 4551/3538/11 4549/3412/11
f 4549/3412/11 4548/1762/11 4546/2143/11
f 4546/2143/11 4558/2045/11 4554/3411/11
f 4558/2013/3059 4560/2221/3061 4559/3410/3060
f 4560/2221/3061 4544/2140/3162 4543/2142/3062
f 4550/3413/1 4552/3539/1 4553/3540/1
f 4559/3415/1 4543/2193/1 4545/3401/1
f 4545/3401/1 4547/3402/1 4550/3413/1
f 4550/3413/1 4553/3540/1 4555/3414/1
f 4555/3414/1 4557/1858/1 4559/3415/1
f 4559/3415/1 4545/3401/1 4550/3413/1
f 4562/2155/1573 4564/3417/1304 4563/2156/1574
f 4564/3417/3063 4566/1788/3163 4565/3418/3064
f 4566/1788/3164 4567/3419/3066 4565/3418/3067
f 4567/3419/1498 4569/3421/1487 4568/3420/1489
f 4569/3421/1479 4572/3424/1496 4571/3423/1480
f 4572/3424/3068 4574/3541/3165 4573/3425/3069
f 4574/1798/3070 4576/2023/3072 4575/1799/3071
f 4562/2196/11 4578/2269/11 4576/3542/11
f 4564/3417/11 4562/2196/11 4576/3542/11
f 4576/3542/11 4574/3543/11 4572/3427/11
f 4572/3427/11 4569/3544/11 4567/3428/11
f 4567/3428/11 4566/1788/11 4564/3417/11
f 4564/3417/11 4576/3542/11 4572/3427/11
f 4576/2023/3072 4578/2241/3074 4577/3426/3073
f 4578/2241/3074 4562/2155/3166 4561/3416/3075
f 4568/3429/1 4570/3545/1 4571/3546/1
f 4577/3431/1 4561/3547/1 4563/2156/1
f 4563/2156/1 4565/3418/1 4568/3429/1
f 4568/3429/1 4571/3546/1 4573/3430/1
f 4573/3430/1 4575/1869/1 4577/3431/1
f 4577/3431/1 4563/2156/1 4568/3429/1
f 4594/1811/1252 4587/1870/1445 4588/3432/1405
f 4588/3432/1405 4589/1818/1312 4590/2172/1250
f 4590/2172/1250 4591/1821/1593 4592/1810/1251
f 4592/1810/1251 4593/1871/1314 4594/1811/1252
f 4594/1811/1252 4588/3432/1405 4590/2172/1250
f 4579/1812/1253 4580/1817/1315 4588/3432/1254
f 4586/1815/1256 4579/1812/1316 4587/1814/1257
f 4580/1817/1259 4581/1819/1317 4589/1818/1260
f 4581/1819/1262 4582/1820/1318 4590/2172/1263
f 4582/1820/1602 4583/1822/1319 4591/1821/1603
f 4583/1822/1601 4584/1824/3167 4592/1966/1269
f 4584/1824/3076 4585/1872/3168 4593/1825/1272
f 4585/1826/1406 4586/1815/1322 4594/2100/3077
f 4611/3443/1323 4604/1980/3169 4603/1873/1355
f 4603/1874/1355 4604/1980/3169 4612/2043/3170
f 4608/3548/3171 4597/3435/1328 4609/1969/1277
f 4610/3549/1329 4601/1877/1560 4611/3550/1331
f 4612/3551/1332 4606/1880/1333 4613/3433/1279
f 4595/1881/1334 4608/3548/3171 4609/1969/1277
f 4609/1969/1277 4599/3440/1335 4610/3549/1329
f 4610/3549/1329 4611/3550/1331 4603/1829/1278
f 4603/1829/1278 4612/3551/1332 4613/3433/1279
f 4613/3433/1279 4595/1881/1334 4609/1969/1277
f 4609/1969/1277 4610/3549/1329 4603/1829/1278
f 4608/3436/3079 4595/3437/1357 4596/3434/3078
f 4596/3434/3078 4598/3439/1337 4597/3435/1281
f 4613/3438/1285 4606/3444/1338 4607/2178/1283
f 4607/2178/1283 4596/3434/1339 4595/3437/1284
f 4600/2252/11 4598/3439/11 4596/3434/11
f 4596/3434/11 4607/2178/11 4605/2181/11
f 4605/2181/11 4602/1905/11 4600/2252/11
f 4609/1969/1288 4597/3435/1340 4598/3439/1286
f 4598/3439/1286 4600/2252/1341 4599/3440/1287
f 4610/3442/3081 4599/3440/1342 4600/2252/3080
f 4600/2252/3080 4602/1905/1343 4601/3441/1290
f 4611/3443/1294 4601/3441/3172 4602/1905/1292
f 4602/1905/1292 4605/2181/1345 4604/1980/3082
f 4612/2043/1297 4604/1980/1346 4605/2181/1353
f 4605/2181/1353 4607/2178/1347 4606/3444/1296
f 4615/2203/1198 4617/3446/1298 4616/2057/1199
f 4617/3446/3083 4619/3448/3173 4618/3447/3084
f 4619/3448/3085 4621/3552/3174 4620/3404/3086
f 4621/3552/3175 4622/2147/3088 4620/3404/3090
f 4622/2147/3176 4624/2064/3176 4623/2212/3176
f 4624/2064/3177 4626/1933/3092 4625/3449/3094
f 4626/1772/3095 4629/3452/3178 4628/2216/3096
f 4615/2258/11 4631/2259/11 4629/2045/11
f 4617/3446/11 4615/2258/11 4629/2045/11
f 4629/2045/11 4626/3553/11 4624/3450/11
f 4624/3450/11 4622/2192/11 4621/3451/11
f 4621/3451/11 4619/3448/11 4617/3446/11
f 4617/3446/11 4629/2045/11 4624/3450/11
f 4629/3452/3098 4631/2221/3101 4630/2152/3099
f 4631/2221/3101 4615/2203/3162 4614/3445/3102
f 4625/3454/1 4627/2265/1 4628/3554/1
f 4630/2154/1 4614/2263/1 4616/2057/1
f 4616/2057/1 4618/3447/1 4620/3453/1
f 4620/3453/1 4623/2267/1 4625/3454/1
f 4625/3454/1 4628/3554/1 4630/2154/1
f 4630/2154/1 4616/2057/1 4620/3453/1
f 4633/2223/1573 4635/3457/1304 4634/3455/1574
f 4635/3457/3103 4637/3459/3179 4636/3458/3104
f 4637/3459/3106 4639/3555/3180 4638/3460/3107
f 4639/3555/3181 4640/3461/3109 4638/3460/3111
f 4640/3461/3182 4642/2086/3112 4641/3462/3114
f 4642/2086/3183 4644/3464/3115 4643/3463/3117
f 4644/1798/3118 4647/2240/3184 4646/3465/3119
f 4633/2268/11 4649/2269/11 4647/2270/11
f 4635/3457/11 4633/2268/11 4647/2270/11
f 4647/2270/11 4644/1996/11 4642/3466/11
f 4642/3466/11 4640/3556/11 4639/3467/11
f 4639/3467/11 4637/3459/11 4635/3457/11
f 4635/3457/11 4647/2270/11 4642/3466/11
f 4647/2240/3121 4649/2241/3124 4648/2168/3122
f 4649/2241/3124 4633/2223/3166 4632/3456/3125
f 4643/3469/1 4645/2276/1 4646/3557/1
f 4648/2171/1 4632/3558/1 4634/3455/1
f 4634/3455/1 4636/3458/1 4638/3468/1
f 4638/3468/1 4641/3559/1 4643/3469/1
f 4643/3469/1 4646/3557/1 4648/2171/1
f 4648/2171/1 4634/3455/1 4638/3468/1
f 4665/1811/1252 4658/1870/1310 4659/1963/1311
f 4659/1963/1311 4660/1965/1312 4661/2302/1250
f 4661/2302/1250 4662/1821/1593 4663/1810/1251
f 4663/1810/1251 4664/1871/1314 4665/1811/1252
f 4665/1811/1252 4659/1963/1311 4661/2302/1250
f 4650/1812/1253 4651/1817/1315 4659/1963/1254
f 4657/1815/1256 4650/1812/1316 4658/3470/1257
f 4651/1817/1259 4652/1819/1317 4660/1965/1260
f 4652/1819/1262 4653/1820/1318 4661/2302/1263
f 4653/1820/1602 4654/1822/1319 4662/1821/1603
f 4654/1822/1601 4655/1824/1320 4663/1966/1269
f 4655/1824/1271 4656/1872/1321 4664/3471/1272
f 4656/1826/1274 4657/1815/1322 4665/2100/1275
f 4682/3484/1323 4675/3483/3169 4674/1873/1355
f 4674/1874/1355 4675/3483/3169 4683/3486/3170
f 4679/3560/3171 4668/3475/1328 4680/3472/1277
f 4681/3561/1329 4672/1877/1560 4682/3562/1331
f 4683/3563/1332 4677/1880/1333 4684/3473/1279
f 4666/1881/1334 4679/3560/3171 4680/3472/1277
f 4680/3472/1277 4670/3480/1335 4681/3561/1329
f 4681/3561/1329 4682/3562/1331 4674/1829/1278
f 4674/1829/1278 4683/3563/1332 4684/3473/1279
f 4684/3473/1279 4666/1881/1334 4680/3472/1277
f 4680/3472/1277 4681/3561/1329 4674/1829/1278
f 4679/3476/3079 4666/3477/1357 4667/3474/1280
f 4667/3474/1280 4669/3439/1337 4668/3475/1281
f 4684/3478/1285 4677/3485/1338 4678/2107/1283
f 4678/2107/1283 4667/3474/1339 4666/3477/1284
f 4671/1838/11 4669/3439/11 4667/3474/11
f 4667/3474/11 4678/2107/11 4676/3479/11
f 4676/3479/11 4673/1905/11 4671/1838/11
f 4680/3472/1288 4668/3475/1340 4669/3439/1286
f 4669/3439/1286 4671/1838/1341 4670/3480/1287
f 4681/3482/3081 4670/3480/1342 4671/1838/3080
f 4671/1838/3080 4673/1905/1343 4672/3481/1290
f 4682/3484/1294 4672/3481/3172 4673/1905/1292
f 4673/1905/1292 4676/3479/1345 4675/3483/3082
f 4683/3486/1297 4675/3483/1346 4676/3479/1295
f 4676/3479/1295 4678/2107/1347 4677/3485/1296
f 4686/3487/3126 4688/2285/3129 4687/2055/3127
f 4688/2285/3129 4690/2058/3185 4689/2057/3130
f 4690/2058/3049 4692/1762/3159 4691/3402/3050
f 4692/1762/3160 4693/1764/3052 4691/3402/3053
f 4693/1764/3186 4695/2062/3186 4694/3488/3186
f 4695/2062/3176 4697/3408/3131 4696/3489/3133
f 4697/3408/3134 4700/3535/3161 4699/3409/3135
f 4700/1772/3137 4702/2013/3178 4701/3490/3138
f 4690/2058/11 4688/2311/11 4686/2312/11
f 4690/2058/11 4686/2312/11 4702/3564/11
f 4702/3564/11 4700/3537/11 4697/3411/11
f 4697/3411/11 4695/2121/11 4693/1778/11
f 4693/1778/11 4692/1762/11 4690/2058/11
f 4690/2058/11 4702/3564/11 4697/3411/11
f 4702/2013/1625 4686/3487/1672 4685/2056/1626
f 4696/3565/1 4698/1856/1 4699/3414/1
f 4685/2075/1 4687/2124/1 4689/2057/1
f 4689/2057/1 4691/3402/1 4694/3491/1
f 4694/3491/1 4696/3565/1 4699/3414/1
f 4699/3414/1 4701/3566/1 4685/2075/1
f 4685/2075/1 4689/2057/1 4694/3491/1
f 4704/2291/3140 4706/2292/3143 4705/2077/3141
f 4706/2292/3143 4708/2080/3187 4707/3493/3144
f 4708/2080/3063 4710/1788/3163 4709/3494/3064
f 4710/1788/3164 4711/1790/3066 4709/3494/3067
f 4711/1790/1498 4713/2084/3145 4712/3495/3146
f 4713/2084/3182 4715/3424/3147 4714/3496/3149
f 4715/3424/3150 4718/3567/3165 4717/3425/3151
f 4718/1798/3153 4720/2023/3188 4719/3497/3154
f 4708/2080/11 4706/2315/11 4704/3568/11
f 4708/2080/11 4704/3568/11 4720/3569/11
f 4720/3569/11 4718/3543/11 4715/3427/11
f 4715/3427/11 4713/3570/11 4711/1804/11
f 4711/1804/11 4710/1788/11 4708/2080/11
f 4708/2080/11 4720/3569/11 4715/3427/11
f 4720/2023/3156 4704/2291/1678 4703/3492/3157
f 4714/3571/1 4716/1867/1 4717/3499/1
f 4703/3500/1 4705/2134/1 4707/3493/1
f 4707/3493/1 4709/3494/1 4712/3498/1
f 4712/3498/1 4714/3571/1 4717/3499/1
f 4717/3499/1 4719/3572/1 4703/3500/1
f 4703/3500/1 4707/3493/1 4712/3498/1
f 4736/1811/1252 4729/1870/1310 4730/2028/1311
f 4730/2028/1311 4731/1818/1312 4732/2098/1250
f 4732/2098/1250 4733/1821/1313 4734/1810/1251
f 4734/1810/1251 4735/1871/1314 4736/1811/1252
f 4736/1811/1252 4730/2028/1311 4732/2098/1250
f 4721/1812/1253 4722/1817/1315 4730/2028/1254
f 4728/1815/1256 4721/1812/1316 4729/3470/1257
f 4722/1817/1259 4723/1819/1317 4731/1818/1260
f 4723/1819/1262 4724/1820/1318 4732/2098/1263
f 4724/1820/1602 4725/1822/1319 4733/1821/1603
f 4725/1822/1601 4726/1824/1320 4734/1966/1269
f 4726/1824/1271 4727/1872/1321 4735/2101/1272
f 4727/1826/1274 4728/1815/1322 4736/1894/1275
f 4753/3511/3189 4746/1980/3169 4745/1873/3190
f 4745/1874/3190 4746/1980/3169 4754/3513/3191
f 4750/3573/3171 4739/3435/1328 4751/3501/1277
f 4752/3574/1329 4743/1877/1560 4753/3575/1331
f 4754/3576/1332 4748/1880/1333 4755/3502/1279
f 4737/1881/1334 4750/3573/3171 4751/3501/1277
f 4751/3501/1277 4741/3509/1335 4752/3574/1329
f 4752/3574/1329 4753/3575/1331 4745/1829/1278
f 4745/1829/1278 4754/3576/1332 4755/3502/1279
f 4755/3502/1279 4737/1881/1334 4751/3501/1277
f 4751/3501/1277 4752/3574/1329 4745/1829/1278
f 4750/3504/3079 4737/3505/1357 4738/3503/1280
f 4738/3503/1280 4740/3508/1337 4739/3435/1281
f 4755/3506/1285 4748/3512/1338 4749/2107/1283
f 4749/2107/1283 4738/3503/1339 4737/3505/1284
f 4742/3507/11 4740/3508/11 4738/3503/11
f 4738/3503/11 4749/2107/11 4747/2110/11
f 4747/2110/11 4744/1905/11 4742/3507/11
f 4751/3501/1288 4739/3435/1340 4740/3508/1286
f 4740/3508/1286 4742/3507/1341 4741/3509/1287
f 4752/3510/3081 4741/3509/1342 4742/3507/3080
f 4742/3507/3080 4744/1905/1343 4743/3481/1290
f 4753/3511/1294 4743/3481/3172 4744/1905/1292
f 4744/1905/1292 4747/2110/1345 4746/1980/3082
f 4754/3513/1297 4746/1980/1346 4747/2110/1295
f 4747/2110/1295 4749/2107/1347 4748/3512/1296
f 4757/3514/1198 4759/2143/1298 4758/3515/1199
f 4759/2143/3049 4761/1762/3159 4760/3402/3050
f 4761/1762/3160 4762/3403/3052 4760/3402/3053
f 4762/3403/1495 4764/3405/3054 4763/3516/1478
f 4764/3405/1471 4767/3408/1493 4766/3407/1472
f 4767/3408/3055 4769/3577/3161 4768/3409/3056
f 4769/1772/3057 4771/2013/3059 4770/1773/3058
f 4757/3536/11 4773/2259/11 4771/2045/11
f 4759/2143/11 4757/3536/11 4771/2045/11
f 4771/2045/11 4769/3578/11 4767/3411/11
f 4767/3411/11 4764/3538/11 4762/3412/11
f 4762/3412/11 4761/1762/11 4759/2143/11
f 4759/2143/11 4771/2045/11 4767/3411/11
f 4771/2013/3059 4773/2221/3061 4772/3410/3060
f 4773/2221/3061 4757/3514/3162 4756/2142/3062
f 4763/3517/1 4765/3539/1 4766/3540/1
f 4772/3415/1 4756/2193/1 4758/3515/1
f 4758/3515/1 4760/3402/1 4763/3517/1
f 4763/3517/1 4766/3540/1 4768/3414/1
f 4768/3414/1 4770/1858/1 4772/3415/1
f 4772/3415/1 4758/3515/1 4763/3517/1
f 4775/2155/1573 4777/3417/1304 4776/3518/1574
f 4777/3417/3063 4779/1788/3163 4778/3519/3064
f 4779/1788/3164 4780/3520/3066 4778/3519/3067
f 4780/3520/1498 4782/3421/1487 4781/3521/1489
f 4782/3421/1479 4785/3424/1496 4784/3423/1480
f 4785/3424/3068 4787/3541/3165 4786/3425/3069
f 4787/1798/3070 4789/2023/3072 4788/1799/3071
f 4775/2196/11 4791/2269/11 4789/3579/11
f 4777/3417/11 4775/2196/11 4789/3579/11
f 4789/3579/11 4787/3543/11 4785/3427/11
f 4785/3427/11 4782/3544/11 4780/3523/11
f 4780/3523/11 4779/1788/11 4777/3417/11
f 4777/3417/11 4789/3579/11 4785/3427/11
f 4789/2023/3072 4791/2241/3074 4790/3522/3073
f 4791/2241/3074 4775/2155/3166 4774/2157/3075
f 4781/3524/1 4783/3545/1 4784/3580/1
f 4790/3525/1 4774/2198/1 4776/3518/1
f 4776/3518/1 4778/3519/1 4781/3524/1
f 4781/3524/1 4784/3580/1 4786/3499/1
f 4786/3499/1 4788/1869/1 4790/3525/1
f 4790/3525/1 4776/3518/1 4781/3524/1
f 4807/1811/1252 4800/1870/1445 4801/1963/1405
f 4801/1963/1405 4802/1965/1312 4803/2172/1250
f 4803/2172/1250 4804/3526/1593 4805/1810/1251
f 4805/1810/1251 4806/1871/1314 4807/1811/1252
f 4807/1811/1252 4801/1963/1405 4803/2172/1250
f 4792/1812/1253 4793/1817/1315 4801/1963/1254
f 4799/1815/1547 4792/1812/1316 4800/1893/1257
f 4793/1817/1259 4794/1819/1317 4802/1965/1260
f 4794/1819/1667 4795/1820/3192 4803/2172/3158
f 4795/1820/1602 4796/1822/1319 4804/3526/1603
f 4796/1822/1601 4797/1824/3167 4805/1966/1269
f 4797/1824/3076 4798/1872/3168 4806/1825/1272
f 4798/1826/1406 4799/1815/1322 4807/1964/3077
f 4824/3534/1323 4817/3533/3169 4816/1873/1355
f 4816/1874/1355 4817/3533/3169 4825/2043/3170
f 4821/3581/3171 4810/3435/1328 4822/1969/1277
f 4823/3582/1329 4814/1877/1560 4824/3583/1331
f 4825/3576/1332 4819/1880/1333 4826/3433/1279
f 4808/1881/1334 4821/3581/3171 4822/1969/1277
f 4822/1969/1277 4812/3440/1335 4823/3582/1329
f 4823/3582/1329 4824/3583/1331 4816/1829/1278
f 4816/1829/1278 4825/3576/1332 4826/3433/1279
f 4826/3433/1279 4808/1881/1334 4822/1969/1277
f 4822/1969/1277 4823/3582/1329 4816/1829/1278
f 4821/3528/3079 4808/3437/1357 4809/3527/3078
f 4809/3527/3078 4811/3530/1337 4810/3435/1281
f 4826/3529/1285 4819/3444/1338 4820/2107/1283
f 4820/2107/1283 4809/3527/1339 4808/3437/1284
f 4813/1838/11 4811/3530/11 4809/3527/11
f 4809/3527/11 4820/2107/11 4818/3479/11
f 4818/3479/11 4815/1905/11 4813/1838/11
f 4822/1969/1288 4810/3435/1340 4811/3530/1286
f 4811/3530/1286 4813/1838/1341 4812/3440/1287
f 4823/3532/3081 4812/3440/1342 4813/1838/3080
f 4813/1838/3080 4815/1905/1343 4814/3531/1290
f 4824/3534/1294 4814/3531/3172 4815/1905/1292
f 4815/1905/1292 4818/3479/1345 4817/3533/3082
f 4825/2043/1297 4817/3533/1346 4818/3479/1353
f 4818/3479/1353 4820/2107/1347 4819/3444/1296
f 4828/2054/3193 4829/3584/3193 4827/3585/3193
f 4830/3586/3194 4831/3587/3195 4829/3584/3196
f 4830/3586/3197 4832/3588/3198 4831/3587/3199
f 4833/3448/3200 4834/3404/3201 4832/3588/3202
f 4836/3589/3203 4837/3406/3204 4834/3404/3205
f 4836/3589/3206 4838/3590/3207 4837/3406/3208
f 4839/3591/3209 4840/1883/3210 4838/3590/3211
f 4841/1772/3212 4842/3592/3213 4840/1774/3214
f 4839/3593/11 4835/3451/11 4830/3586/11
f 4844/3594/3215 4827/3585/3216 4842/3592/3217
f 4834/3413/1 4840/1781/1 4827/3595/1
f 4846/3596/3218 4847/3597/3219 4845/3598/3220
f 4848/3599/3221 4849/3600/3222 4847/3597/3223
f 4848/3599/3224 4850/3458/3225 4849/3600/3226
f 4851/3459/3227 4852/3460/3228 4850/3458/3229
f 4854/3461/3230 4855/3422/3231 4852/3460/3232
f 4854/3461/3233 4856/3601/3234 4855/3422/3235
f 4857/3602/3236 4858/1889/3237 4856/3601/3238
f 4859/1798/3239 4860/3603/3240 4858/1800/3241
f 4857/3604/11 4853/3467/11 4848/3599/11
f 4862/3605/3242 4845/3598/3243 4860/3603/3244
f 4852/3468/1 4858/3606/1 4845/3607/1
f 4874/2302/1252 4876/1810/1405 4878/1811/1250
f 4863/1812/1268 4872/2028/1549 4871/3470/1270
f 4870/1815/1265 4871/3470/1266 4878/2244/1267
f 4864/1817/1271 4873/1965/1272 4872/2028/1273
f 4865/1819/1406 4874/2302/1275 4873/1965/1276
f 4866/1820/1547 4875/1821/1548 4874/2302/1258
f 4867/1822/1546 4876/1966/1352 4875/1821/1255
f 4868/1824/1259 4877/1967/1260 4876/1966/1261
f 4869/1826/1262 4878/2244/1263 4877/1968/1264
f 4893/3608/1408 4887/1829/1409 4897/3609/1410
f 4880/2104/1411 4881/3610/1412 4892/3611/3245
f 4891/2107/1414 4879/3612/1415 4897/2250/1416
f 4880/2104/11 4889/3613/11 4884/3614/11
f 4882/3530/1417 4883/3440/1418 4893/3608/1419
f 4884/3614/1491 4885/3615/1421 4894/3616/1492
f 4886/1905/1423 4888/3533/1424 4895/3484/1425
f 4889/3613/1426 4890/3485/1427 4896/2115/1428
f 4899/3487/1615 4900/2055/1616 4898/2056/1617
f 4901/2285/1618 4902/2057/1619 4900/2055/1616
f 4903/2058/3246 4904/3617/3247 4902/2057/3248
f 4906/1764/3249 4907/3488/3250 4904/3617/3251
f 4908/2062/3252 4909/3406/3204 4907/3488/3253
f 4908/2062/3206 4910/2063/3207 4909/3406/3208
f 4911/2148/1631 4912/2065/1632 4910/2063/1633
f 4913/2066/1634 4914/1934/1635 4912/2065/1632
f 4915/2067/1636 4916/2068/1637 4914/2069/1638
f 4911/3618/11 4906/1778/11 4903/2058/11
f 4917/2290/1639 4898/2056/1640 4916/2068/1637
f 4907/3491/1 4912/2074/1 4898/2075/1
f 4919/2291/3254 4920/2077/1642 4918/3492/1643
f 4921/2292/1644 4922/3619/1645 4920/2077/1642
f 4923/2080/3255 4924/3620/3256 4922/3619/3257
f 4926/1790/3258 4927/3495/3259 4924/3620/3260
f 4928/2084/3261 4929/3422/3231 4927/3495/3262
f 4928/2084/3233 4930/3621/3234 4929/3422/3235
f 4931/3622/1657 4932/2087/1658 4930/3621/1659
f 4933/2088/1660 4934/1955/3263 4932/2087/1658
f 4935/2089/3264 4936/2090/1663 4934/3623/1664
f 4931/3624/11 4926/3625/11 4923/2080/11
f 4937/2300/1665 4918/3492/1666 4936/2090/1663
f 4927/3498/1 4932/2096/1 4918/2097/1
f 4949/2172/1252 4951/1810/1405 4953/1811/1250
f 4938/1812/1601 4947/1963/1269 4946/2099/1270
f 4945/1815/1602 4946/2099/1603 4953/1964/1267
f 4939/1817/1271 4948/1818/1272 4947/1963/1273
f 4940/1819/1274 4949/2172/1275 4948/1818/1276
f 4941/1820/1256 4950/2173/1257 4949/2172/1258
f 4942/1822/1253 4951/1966/1352 4950/2173/1255
f 4943/1824/1259 4952/2101/1260 4951/1966/1261
f 4944/1826/1667 4953/1964/3158 4952/2174/1605
f 4968/3626/1408 4962/1829/1409 4972/3627/1410
f 4955/3527/1411 4956/3628/1412 4967/3629/1413
f 4966/1899/3265 4954/3630/1415 4972/3631/1416
f 4955/3527/11 4964/2110/11 4959/3507/11
f 4957/3530/1417 4958/3632/1418 4968/3626/1419
f 4959/3507/1420 4960/3633/1421 4969/3634/1668
f 4961/1905/1423 4963/3635/1606 4970/2186/3266
f 4964/2110/1669 4965/3636/1427 4971/3637/1428
f 4974/2140/1211 4975/2204/1212 4973/3638/1213
f 4976/2206/1214 4977/2009/1215 4975/2204/1212
f 4978/3639/1597 4979/1927/1217 4977/2009/1218
f 4980/2209/1348 4981/1928/1220 4979/1927/1217
f 4982/3640/3267 4983/3641/3268 4981/1928/1223
f 4985/3642/3269 4986/3643/3270 4983/3641/3271
f 4987/3644/3272 4988/1934/3273 4986/3643/3274
f 4987/1772/3275 4989/2216/3276 4988/1774/3277
f 4985/3618/11 4982/1937/11 4976/2219/11
f 4990/3645/1206 4991/2152/1207 4989/2216/1208
f 4992/2221/1209 4973/3638/1599 4991/2152/1207
f 4981/1939/1 4986/3646/1 4991/2154/1
f 4994/2223/1237 4995/2224/1238 4993/3456/1239
f 4996/2226/1240 4997/3647/1241 4995/2224/1238
f 4998/3648/1242 4999/1948/1243 4997/3647/1244
f 5000/2229/1245 5001/3649/1351 4999/1948/1243
f 5002/2231/3278 5003/3650/3279 5001/3649/1249
f 5005/3622/3280 5006/3651/3281 5003/3650/3282
f 5007/3652/3283 5008/1955/3284 5006/3651/3285
f 5007/1798/3286 5009/3465/3287 5008/1800/3288
f 5005/3653/11 5002/2238/11 4996/2239/11
f 5010/2240/1232 5011/2168/1233 5009/3465/1234
f 5012/2241/1235 4993/3456/3289 5011/2168/1233
f 5001/3654/1 5006/3655/1 5011/2171/1
f 5024/2098/1252 5026/1810/1405 5028/1811/1250
f 5013/1812/1601 5022/3432/1269 5021/2099/1270
f 5020/1815/1602 5021/2099/1603 5028/1964/1267
f 5014/1817/3076 5023/1965/1272 5022/3432/1273
f 5015/1819/1406 5024/2098/3077 5023/1965/1407
f 5016/1820/1256 5025/2173/1257 5024/2098/1258
f 5017/1822/1253 5026/3656/1254 5025/2173/1255
f 5018/1824/1259 5027/1967/1260 5026/3656/1261
f 5019/1826/1262 5028/1964/1263 5027/1968/1264
f 5043/3657/1408 5037/1829/1409 5047/3658/1410
f 5030/3659/1411 5031/3628/1412 5042/3660/1490
f 5041/1899/1414 5029/3661/1415 5047/3662/1416
f 5030/3659/11 5039/3479/11 5034/1838/11
f 5032/1839/1417 5033/3663/1418 5043/3657/1419
f 5034/1838/1420 5035/3664/1421 5044/3665/1422
f 5036/3666/1423 5038/3667/1606 5045/3668/1425
f 5039/3479/1669 5040/3669/1427 5046/3670/1428
f 5049/2140/3290 5050/2204/3291 5048/3445/1213
f 5051/3671/3292 5052/2009/3293 5050/2204/3291
f 5053/3672/3294 5054/1927/1366 5052/2009/3295
f 5053/3672/1368 5055/1928/3296 5054/1927/3297
f 5056/2211/3298 5057/3406/3299 5055/1928/3300
f 5058/3673/3301 5059/3674/3302 5057/3406/3299
f 5060/3675/3303 5061/3676/3304 5059/3674/3211
f 5063/3677/3305 5064/1773/3306 5061/1774/3307
f 5063/3677/3308 5065/3678/3309 5064/1773/3310
f 5060/3679/11 5056/2218/11 5051/3671/11
f 5066/3680/3311 5048/3445/3312 5065/3678/3313
f 5055/1939/1 5061/3681/1 5065/3682/1
f 5068/3683/3314 5069/2224/3315 5067/3456/1239
f 5070/3684/3316 5071/3647/3317 5069/2224/3315
f 5072/3685/3318 5073/1948/1388 5071/3647/3317
f 5072/3685/1390 5074/3686/1391 5073/1948/1392
f 5075/2231/3319 5076/3422/3320 5074/3686/3321
f 5077/3687/3322 5078/3688/3323 5076/3422/3320
f 5079/3689/3324 5080/3690/3325 5078/3688/3326
f 5082/3691/3327 5083/1799/3328 5080/1800/3329
f 5082/3691/3330 5084/3692/3331 5083/1799/3332
f 5079/3693/11 5075/2238/11 5070/3684/11
f 5085/3605/3333 5067/3456/3334 5084/3692/3335
f 5074/3694/1 5080/3695/1 5084/3696/1
f 5097/2302/1252 5099/1810/1311 5101/1811/1250
f 5086/1812/1268 5095/1813/1549 5094/3697/1270
f 5093/1815/1265 5094/3697/1266 5101/1894/1267
f 5087/1817/1271 5096/1818/1272 5095/1813/1273
f 5088/1819/1274 5097/2302/1275 5096/1818/1276
f 5089/1820/1256 5098/2173/1257 5097/2302/1258
f 5090/1822/1253 5099/1966/1254 5098/2173/1255
f 5091/1824/1259 5100/1967/1260 5099/1966/1261
f 5092/1826/1262 5101/1894/1263 5100/1968/1264
f 5116/2175/1408 5110/1829/1409 5120/1830/1410
f 5103/3698/1411 5104/3699/1412 5115/3700/1413
f 5114/2107/1414 5102/3701/1415 5120/3702/1416
f 5103/3698/11 5112/2110/11 5107/3614/11
f 5105/3703/1417 5106/3663/1418 5116/2175/1419
f 5107/3614/1420 5108/3441/1421 5117/3704/1668
f 5109/1905/1423 5111/3705/1606 5118/3706/1425
f 5112/2110/1669 5113/3707/1427 5119/3708/1428
f 4828/2054/3336 4830/3586/3194 4829/3584/3196
f 4830/3586/3197 4833/3448/3337 4832/3588/3198
f 4833/3448/3200 4835/3552/3338 4834/3404/3201
f 4835/3552/3339 4836/3589/3203 4834/3404/3205
f 4836/3589/3206 4839/3591/1673 4838/3590/3207
f 4839/3591/3209 4841/1910/3340 4840/1883/3210
f 4841/1772/3212 4843/1775/3341 4842/3592/3213
f 4843/1775/3342 4844/3594/3215 4842/3592/3217
f 4844/3709/11 4843/1850/11 4841/1851/11
f 4830/3586/11 4828/3710/11 4844/3709/11
f 4844/3709/11 4841/1851/11 4839/3593/11
f 4839/3593/11 4836/3711/11 4835/3451/11
f 4835/3451/11 4833/3448/11 4830/3586/11
f 4830/3586/11 4844/3709/11 4839/3593/11
f 4844/3594/3343 4828/2054/3343 4827/3585/3343
f 4834/3413/1 4837/3539/1 4838/3712/1
f 4827/3595/1 4829/3713/1 4831/3587/1
f 4831/3587/1 4832/3588/1 4834/3413/1
f 4834/3413/1 4838/3712/1 4840/1781/1
f 4840/1781/1 4842/3714/1 4827/3595/1
f 4827/3595/1 4831/3587/1 4834/3413/1
f 4846/3596/3344 4848/3599/3221 4847/3597/3223
f 4848/3599/3224 4851/3459/3345 4850/3458/3225
f 4851/3459/3227 4853/3555/3346 4852/3460/3228
f 4853/3555/3347 4854/3461/3230 4852/3460/3232
f 4854/3461/3233 4857/3602/1679 4856/3601/3234
f 4857/3602/3236 4859/1913/3348 4858/1889/3237
f 4859/1798/3239 4861/1801/3349 4860/3603/3240
f 4861/1801/3350 4862/3605/3242 4860/3603/3244
f 4862/3715/11 4861/1861/11 4859/1862/11
f 4848/3599/11 4846/3716/11 4862/3715/11
f 4862/3715/11 4859/1862/11 4857/3604/11
f 4857/3604/11 4854/3717/11 4853/3467/11
f 4853/3467/11 4851/3459/11 4848/3599/11
f 4848/3599/11 4862/3715/11 4857/3604/11
f 4862/3605/3351 4846/3596/3218 4845/3598/3220
f 4852/3468/1 4855/3545/1 4856/3718/1
f 4845/3607/1 4847/3719/1 4849/3600/1
f 4849/3600/1 4850/3458/1 4852/3468/1
f 4852/3468/1 4856/3718/1 4858/3606/1
f 4858/3606/1 4860/3720/1 4845/3607/1
f 4845/3607/1 4849/3600/1 4852/3468/1
f 4878/1811/1250 4871/1870/1313 4872/2028/1251
f 4872/2028/1251 4873/1965/1314 4874/2302/1252
f 4874/2302/1252 4875/1821/1445 4876/1810/1405
f 4876/1810/1405 4877/1871/1312 4878/1811/1250
f 4878/1811/1250 4872/2028/1251 4874/2302/1252
f 4863/1812/1268 4864/1817/1320 4872/2028/1549
f 4870/1815/1265 4863/1812/1319 4871/3470/1266
f 4864/1817/1271 4865/1819/1321 4873/1965/1272
f 4865/1819/1406 4866/1820/1322 4874/2302/1275
f 4866/1820/1547 4867/1822/1316 4875/1821/1548
f 4867/1822/1546 4868/1824/1315 4876/1966/1352
f 4868/1824/1259 4869/1872/1317 4877/1967/1260
f 4869/1826/1262 4870/1815/1318 4878/2244/1263
f 4895/3484/1446 4888/3533/3352 4887/1873/3353
f 4887/1874/3353 4888/3533/3352 4896/2115/3354
f 4892/3721/3355 4881/3610/1451 4893/3608/1408
f 4894/3549/1452 4885/1877/1612 4895/3562/1454
f 4896/3722/1455 4890/1880/1456 4897/3609/1410
f 4879/1881/1457 4892/3721/3355 4893/3608/1408
f 4893/3608/1408 4883/3440/1458 4894/3549/1452
f 4894/3549/1452 4895/3562/1454 4887/1829/1409
f 4887/1829/1409 4896/3722/1455 4897/3609/1410
f 4897/3609/1410 4879/1881/1457 4893/3608/1408
f 4893/3608/1408 4894/3549/1452 4887/1829/1409
f 4892/3611/3245 4879/3612/1459 4880/2104/1411
f 4880/2104/1411 4882/3530/1460 4881/3610/1412
f 4897/2250/1416 4890/3485/3356 4891/2107/1414
f 4891/2107/1414 4880/2104/1462 4879/3612/1415
f 4884/3614/11 4882/3530/11 4880/2104/11
f 4880/2104/11 4891/2107/11 4889/3613/11
f 4889/3613/11 4886/1905/11 4884/3614/11
f 4893/3608/1419 4881/3610/1463 4882/3530/1417
f 4882/3530/1417 4884/3614/1464 4883/3440/1418
f 4894/3616/1492 4883/3440/1465 4884/3614/1491
f 4884/3614/1491 4886/1905/1466 4885/3615/1421
f 4895/3484/1425 4885/3615/1467 4886/1905/1423
f 4886/1905/1423 4889/3613/1468 4888/3533/1424
f 4896/2115/1428 4888/3533/1469 4889/3613/1426
f 4889/3613/1426 4891/2107/1470 4890/3485/1427
f 4899/3487/1615 4901/2285/1618 4900/2055/1616
f 4901/2285/1618 4903/2058/1670 4902/2057/1619
f 4903/2058/3246 4905/1762/3357 4904/3617/3247
f 4905/1762/3358 4906/1764/3249 4904/3617/3251
f 4906/1764/3359 4908/2062/3252 4907/3488/3253
f 4908/2062/3206 4911/2148/1673 4910/2063/3207
f 4911/2148/1631 4913/2066/1634 4912/2065/1632
f 4913/2066/1634 4915/2116/1674 4914/1934/1635
f 4915/2067/1636 4917/2290/1639 4916/2068/1637
f 4903/2058/11 4901/2311/11 4899/2312/11
f 4915/2117/11 4913/2118/11 4911/3618/11
f 4903/2058/11 4899/2312/11 4917/2313/11
f 4917/2313/11 4915/2117/11 4911/3618/11
f 4911/3618/11 4908/2121/11 4906/1778/11
f 4906/1778/11 4905/1762/11 4903/2058/11
f 4903/2058/11 4917/2313/11 4911/3618/11
f 4917/2290/1639 4899/3487/1675 4898/2056/1640
f 4907/3491/1 4909/3539/1 4910/2194/1
f 4914/2122/1 4916/2123/1 4898/2075/1
f 4898/2075/1 4900/2124/1 4902/2057/1
f 4902/2057/1 4904/3617/1 4907/3491/1
f 4907/3491/1 4910/2194/1 4912/2074/1
f 4912/2074/1 4914/2122/1 4898/2075/1
f 4898/2075/1 4902/2057/1 4907/3491/1
f 4919/2291/3254 4921/2292/1644 4920/2077/1642
f 4921/2292/1644 4923/2080/1676 4922/3619/1645
f 4923/2080/3255 4925/1788/3360 4924/3620/3256
f 4925/1788/3361 4926/1790/3258 4924/3620/3260
f 4926/1790/3362 4928/2084/3261 4927/3495/3262
f 4928/2084/3233 4931/3622/1679 4930/3621/3234
f 4931/3622/1657 4933/2088/1660 4932/2087/1658
f 4933/2088/1660 4935/2126/1680 4934/1955/3263
f 4935/2089/3264 4937/2300/1665 4936/2090/1663
f 4923/2080/11 4921/2315/11 4919/3568/11
f 4935/2127/11 4933/2128/11 4931/3624/11
f 4923/2080/11 4919/3568/11 4937/2317/11
f 4937/2317/11 4935/2127/11 4931/3624/11
f 4931/3624/11 4928/3723/11 4926/3625/11
f 4926/3625/11 4925/1788/11 4923/2080/11
f 4923/2080/11 4937/2317/11 4931/3624/11
f 4937/2300/1665 4919/2291/1681 4918/3492/1666
f 4927/3498/1 4929/3545/1 4930/3724/1
f 4934/2132/1 4936/2133/1 4918/2097/1
f 4918/2097/1 4920/2134/1 4922/3619/1
f 4922/3619/1 4924/3620/1 4927/3498/1
f 4927/3498/1 4930/3724/1 4932/2096/1
f 4932/2096/1 4934/2132/1 4918/2097/1
f 4918/2097/1 4922/3619/1 4927/3498/1
f 4953/1811/1250 4946/1870/1593 4947/1963/1251
f 4947/1963/1251 4948/1818/1314 4949/2172/1252
f 4949/2172/1252 4950/2173/1445 4951/1810/1405
f 4951/1810/1405 4952/1871/1312 4953/1811/1250
f 4953/1811/1250 4947/1963/1251 4949/2172/1252
f 4938/1812/1601 4939/1817/1320 4947/1963/1269
f 4945/1815/1602 4938/1812/3363 4946/2099/1603
f 4939/1817/1271 4940/1819/1321 4948/1818/1272
f 4940/1819/1274 4941/1820/1322 4949/2172/1275
f 4941/1820/1256 4942/1822/1316 4950/2173/1257
f 4942/1822/1253 4943/1824/1315 4951/1966/1352
f 4943/1824/1259 4944/1872/1317 4952/2101/1260
f 4944/1826/1667 4945/1815/3192 4953/1964/3158
f 4970/2186/1446 4963/3635/3352 4962/1873/3353
f 4962/1874/3353 4963/3635/3352 4971/3637/3354
f 4967/3725/1450 4956/3628/1451 4968/3626/1408
f 4969/3726/1452 4960/1877/1612 4970/2201/1454
f 4971/3727/1455 4965/1880/1456 4972/3627/1410
f 4954/1881/1457 4967/3725/1450 4968/3626/1408
f 4968/3626/1408 4958/3632/1458 4969/3726/1452
f 4969/3726/1452 4970/2201/1454 4962/1829/1409
f 4962/1829/1409 4971/3727/1455 4972/3627/1410
f 4972/3627/1410 4954/1881/1457 4968/3626/1408
f 4968/3626/1408 4969/3726/1452 4962/1829/1409
f 4967/3629/1413 4954/3630/1459 4955/3527/1411
f 4955/3527/1411 4957/3530/1460 4956/3628/1412
f 4972/3631/1416 4965/3636/1461 4966/1899/3265
f 4966/1899/3265 4955/3527/1462 4954/3630/1415
f 4959/3507/11 4957/3530/11 4955/3527/11
f 4955/3527/11 4966/1899/11 4964/2110/11
f 4964/2110/11 4961/1905/11 4959/3507/11
f 4968/3626/1419 4956/3628/1463 4957/3530/1417
f 4957/3530/1417 4959/3507/1464 4958/3632/1418
f 4969/3634/1668 4958/3632/1465 4959/3507/1420
f 4959/3507/1420 4961/1905/1466 4960/3633/1421
f 4970/2186/3266 4960/3633/1614 4961/1905/1423
f 4961/1905/1423 4964/2110/3364 4963/3635/1606
f 4971/3637/1428 4963/3635/1469 4964/2110/1669
f 4964/2110/1669 4966/1899/1470 4965/3636/1427
f 4974/2140/1211 4976/2206/1214 4975/2204/1212
f 4976/2206/1214 4978/3639/1301 4977/2009/1215
f 4978/3639/1597 4980/2209/1348 4979/1927/1217
f 4980/2209/1348 4982/3640/1302 4981/1928/1220
f 4982/3640/3267 4984/3673/3365 4983/3641/3268
f 4984/3673/3366 4985/3642/3269 4983/3641/3271
f 4985/3642/3367 4987/3644/3272 4986/3643/3274
f 4987/1772/3275 4990/3645/3368 4989/2216/3276
f 4974/2258/11 4992/2259/11 4990/2045/11
f 4982/1937/11 4980/2260/11 4978/3639/11
f 4976/2219/11 4974/2258/11 4990/2045/11
f 4990/2045/11 4987/3728/11 4985/3618/11
f 4985/3618/11 4984/3729/11 4982/1937/11
f 4982/1937/11 4978/3639/11 4976/2219/11
f 4976/2219/11 4990/2045/11 4985/3618/11
f 4990/3645/1206 4992/2221/1209 4991/2152/1207
f 4992/2221/1209 4974/2140/1300 4973/3638/1599
f 4973/2263/1 4975/2264/1 4977/2009/1
f 4986/3646/1 4988/2265/1 4989/3554/1
f 4991/2154/1 4973/2263/1 4977/2009/1
f 4977/2009/1 4979/1991/1 4981/1939/1
f 4981/1939/1 4983/3730/1 4986/3646/1
f 4986/3646/1 4989/3554/1 4991/2154/1
f 4991/2154/1 4977/2009/1 4981/1939/1
f 4994/2223/1237 4996/2226/1240 4995/2224/1238
f 4996/2226/1240 4998/3648/1307 4997/3647/1241
f 4998/3648/1242 5000/2229/1245 4999/1948/1243
f 5000/2229/1245 5002/2231/1308 5001/3649/1351
f 5002/2231/3278 5004/3687/3369 5003/3650/3279
f 5004/3687/3370 5005/3622/3280 5003/3650/3282
f 5005/3622/3371 5007/3652/3283 5006/3651/3285
f 5007/1798/3286 5010/2240/3372 5009/3465/3287
f 4994/2268/11 5012/2269/11 5010/2270/11
f 5002/2238/11 5000/2271/11 4998/3648/11
f 4996/2239/11 4994/2268/11 5010/2270/11
f 5010/2270/11 5007/3731/11 5005/3653/11
f 5005/3653/11 5004/3732/11 5002/2238/11
f 5002/2238/11 4998/3648/11 4996/2239/11
f 4996/2239/11 5010/2270/11 5005/3653/11
f 5010/2240/1232 5012/2241/1235 5011/2168/1233
f 5012/2241/1235 4994/2223/1306 4993/3456/3289
f 4993/3733/1 4995/2275/1 4997/3647/1
f 5006/3655/1 5008/2276/1 5009/3734/1
f 5011/2171/1 4993/3733/1 4997/3647/1
f 4997/3647/1 4999/2001/1 5001/3654/1
f 5001/3654/1 5003/3735/1 5006/3655/1
f 5006/3655/1 5009/3734/1 5011/2171/1
f 5011/2171/1 4997/3647/1 5001/3654/1
f 5028/1811/1250 5021/1870/1593 5022/3432/1251
f 5022/3432/1251 5023/1965/1314 5024/2098/1252
f 5024/2098/1252 5025/2173/1445 5026/1810/1405
f 5026/1810/1405 5027/1871/1312 5028/1811/1250
f 5028/1811/1250 5022/3432/1251 5024/2098/1252
f 5013/1812/1601 5014/1817/3167 5022/3432/1269
f 5020/1815/1602 5013/1812/1319 5021/2099/1603
f 5014/1817/3076 5015/1819/3168 5023/1965/1272
f 5015/1819/1406 5016/1820/1322 5024/2098/3077
f 5016/1820/1256 5017/1822/1316 5025/2173/1257
f 5017/1822/1253 5018/1824/1315 5026/3656/1254
f 5018/1824/1259 5019/1872/1317 5027/1967/1260
f 5019/1826/1262 5020/1815/1318 5028/1964/1263
f 5045/3668/1446 5038/3667/3352 5037/1873/3353
f 5037/1874/3353 5038/3667/3352 5046/3670/3354
f 5042/3736/1450 5031/3628/1451 5043/3657/1408
f 5044/3737/1452 5035/1877/1612 5045/3738/1454
f 5046/3739/1455 5040/1880/1456 5047/3658/1410
f 5029/1881/1457 5042/3736/1450 5043/3657/1408
f 5043/3657/1408 5033/3663/1458 5044/3737/1452
f 5044/3737/1452 5045/3738/1454 5037/1829/1409
f 5037/1829/1409 5046/3739/1455 5047/3658/1410
f 5047/3658/1410 5029/1881/1457 5043/3657/1408
f 5043/3657/1408 5044/3737/1452 5037/1829/1409
f 5042/3660/1490 5029/3661/1459 5030/3659/1411
f 5030/3659/1411 5032/1839/1460 5031/3628/1412
f 5047/3662/1416 5040/3669/1461 5041/1899/1414
f 5041/1899/1414 5030/3659/1462 5029/3661/1415
f 5034/1838/11 5032/1839/11 5030/3659/11
f 5030/3659/11 5041/1899/11 5039/3479/11
f 5039/3479/11 5036/3666/11 5034/1838/11
f 5043/3657/1419 5031/3628/3373 5032/1839/1417
f 5032/1839/1417 5034/1838/1464 5033/3663/1418
f 5044/3665/1422 5033/3663/1613 5034/1838/1420
f 5034/1838/1420 5036/3666/1466 5035/3664/1421
f 5045/3668/1425 5035/3664/1614 5036/3666/1423
f 5036/3666/1423 5039/3479/1468 5038/3667/1606
f 5046/3670/1428 5038/3667/1469 5039/3479/1669
f 5039/3479/1669 5041/1899/1470 5040/3669/1427
f 5049/2140/3290 5051/3671/3292 5050/2204/3291
f 5051/3671/3374 5053/3672/3294 5052/2009/3295
f 5053/3672/1368 5056/2211/1432 5055/1928/3296
f 5056/2211/3298 5058/3673/3301 5057/3406/3299
f 5058/3673/3301 5060/3675/3375 5059/3674/3302
f 5060/3675/3303 5062/2066/3376 5061/3676/3304
f 5062/2066/3377 5063/2116/3305 5061/3676/3307
f 5063/3677/3308 5066/3680/3378 5065/3678/3309
f 5063/3740/11 5062/2118/11 5060/3679/11
f 5051/3671/11 5049/2258/11 5066/3709/11
f 5066/3709/11 5063/3740/11 5060/3679/11
f 5060/3679/11 5058/3729/11 5056/2218/11
f 5056/2218/11 5053/3672/11 5051/3671/11
f 5051/3671/11 5066/3709/11 5060/3679/11
f 5066/3680/3311 5049/2140/3379 5048/3445/3312
f 5048/2263/1 5050/2264/1 5052/2009/1
f 5055/1939/1 5057/3539/1 5059/3741/1
f 5065/3682/1 5048/2263/1 5052/2009/1
f 5052/2009/1 5054/1991/1 5055/1939/1
f 5055/1939/1 5059/3741/1 5061/3681/1
f 5061/3681/1 5064/1858/1 5065/3682/1
f 5065/3682/1 5052/2009/1 5055/1939/1
f 5068/3683/3314 5070/3684/3316 5069/2224/3315
f 5070/3684/3316 5072/3685/3318 5071/3647/3317
f 5072/3685/1390 5075/2231/1440 5074/3686/1391
f 5075/2231/3319 5077/3687/3322 5076/3422/3320
f 5077/3687/3322 5079/3689/3380 5078/3688/3323
f 5079/3689/3324 5081/2088/3381 5080/3690/3325
f 5081/2088/3382 5082/2126/3327 5080/3690/3329
f 5082/3691/3330 5085/3605/3383 5084/3692/3331
f 5082/3742/11 5081/2128/11 5079/3693/11
f 5070/3684/11 5068/2268/11 5085/3743/11
f 5085/3743/11 5082/3742/11 5079/3693/11
f 5079/3693/11 5077/3732/11 5075/2238/11
f 5075/2238/11 5072/3685/11 5070/3684/11
f 5070/3684/11 5085/3743/11 5079/3693/11
f 5085/3605/3333 5068/3683/3384 5067/3456/3334
f 5067/2274/1 5069/2275/1 5071/3647/1
f 5074/3694/1 5076/3545/1 5078/3744/1
f 5084/3696/1 5067/2274/1 5071/3647/1
f 5071/3647/1 5073/2001/1 5074/3694/1
f 5074/3694/1 5078/3744/1 5080/3695/1
f 5080/3695/1 5083/1869/1 5084/3696/1
f 5084/3696/1 5071/3647/1 5074/3694/1
f 5101/1811/1250 5094/1870/1593 5095/1813/1251
f 5095/1813/1251 5096/1818/1314 5097/2302/1252
f 5097/2302/1252 5098/2173/1310 5099/1810/1311
f 5099/1810/1311 5100/1871/1312 5101/1811/1250
f 5101/1811/1250 5095/1813/1251 5097/2302/1252
f 5086/1812/1268 5087/1817/1320 5095/1813/1549
f 5093/1815/1265 5086/1812/1319 5094/3697/1266
f 5087/1817/1271 5088/1819/1321 5096/1818/1272
f 5088/1819/1274 5089/1820/1322 5097/2302/1275
f 5089/1820/1256 5090/1822/1316 5098/2173/1257
f 5090/1822/1253 5091/1824/1315 5099/1966/1254
f 5091/1824/1259 5092/1872/1317 5100/1967/1260
f 5092/1826/1262 5093/1815/1318 5101/1894/1263
f 5118/3706/1446 5111/3705/3352 5110/1873/3353
f 5110/1874/3353 5111/3705/3352 5119/3708/3354
f 5115/3745/1450 5104/3699/3385 5116/2175/1408
f 5117/3746/1452 5108/1877/1612 5118/3562/1454
f 5119/3739/1455 5113/1880/1456 5120/1830/1410
f 5102/1881/1457 5115/3745/1450 5116/2175/1408
f 5116/2175/1408 5106/3663/1458 5117/3746/1452
f 5117/3746/1452 5118/3562/1454 5110/1829/1409
f 5110/1829/1409 5119/3739/1455 5120/1830/1410
f 5120/1830/1410 5102/1881/1457 5116/2175/1408
f 5116/2175/1408 5117/3746/1452 5110/1829/1409
f 5115/3700/1413 5102/3701/1459 5103/3698/1411
f 5103/3698/1411 5105/3703/1460 5104/3699/1412
f 5120/3702/1416 5113/3707/1461 5114/2107/1414
f 5114/2107/1414 5103/3698/1462 5102/3701/1415
f 5107/3614/11 5105/3703/11 5103/3698/11
f 5103/3698/11 5114/2107/11 5112/2110/11
f 5112/2110/11 5109/1905/11 5107/3614/11
f 5116/2175/1419 5104/3699/3373 5105/3703/1417
f 5105/3703/1417 5107/3614/1464 5106/3663/1418
f 5117/3704/1668 5106/3663/1465 5107/3614/1420
f 5107/3614/1420 5109/1905/1466 5108/3441/1421
f 5118/3706/1425 5108/3441/1614 5109/1905/1423
f 5109/1905/1423 5112/2110/1468 5111/3705/1606
f 5119/3708/1428 5111/3705/1469 5112/2110/1669
f 5112/2110/1669 5114/2107/1470 5113/3707/1427
f 5130/3747/162 5128/3748/162 5127/3749/162
f 5125/3750/1 5127/3749/1 5122/3751/1
f 5128/3748/7 5123/3752/7 5122/3753/7
f 5124/3754/4 5128/3748/4 5129/3755/4
f 5126/3756/6 5129/3755/6 5130/3747/6
f 5140/3747/162 5138/3748/162 5137/3749/162
f 5135/3750/1 5137/3749/1 5132/3751/1
f 5138/3748/7 5133/3752/7 5132/3753/7
f 5134/3754/4 5138/3748/4 5139/3755/4
f 5136/3756/6 5139/3755/6 5140/3747/6
f 5150/3747/162 5148/3748/162 5147/3749/162
f 5145/3750/1 5147/3749/1 5142/3751/1
f 5148/3748/7 5143/3752/7 5142/3753/7
f 5144/3754/4 5148/3748/4 5149/3755/4
f 5146/3756/6 5149/3755/6 5150/3747/6
f 5160/3747/162 5158/3748/162 5157/3749/162
f 5155/3750/1 5157/3749/1 5152/3751/1
f 5158/3748/7 5153/3752/7 5152/3753/7
f 5154/3754/4 5158/3748/4 5159/3755/4
f 5156/3756/6 5159/3755/6 5160/3747/6
f 5170/3747/162 5168/3748/162 5167/3749/162
f 5165/3750/1 5167/3749/1 5162/3751/1
f 5168/3748/7 5163/3752/7 5162/3753/7
f 5164/3754/4 5168/3748/4 5169/3755/4
f 5166/3756/6 5169/3755/6 5170/3747/6
f 5180/3747/164 5178/3748/164 5177/3749/164
f 5175/3750/1 5177/3749/1 5172/3751/1
f 5178/3748/6 5173/3752/6 5172/3753/6
f 5174/3754/2 5178/3748/2 5179/3755/2
f 5176/3756/7 5179/3755/7 5180/3747/7
f 5190/3747/164 5188/3748/164 5187/3749/164
f 5185/3750/1 5187/3749/1 5182/3751/1
f 5188/3748/6 5183/3752/6 5182/3753/6
f 5184/3754/2 5188/3748/2 5189/3755/2
f 5186/3756/7 5189/3755/7 5190/3747/7
f 5200/3747/164 5198/3748/164 5197/3749/164
f 5195/3750/1 5197/3749/1 5192/3751/1
f 5198/3748/6 5193/3752/6 5192/3753/6
f 5194/3754/2 5198/3748/2 5199/3755/2
f 5196/3756/7 5199/3755/7 5200/3747/7
f 5210/3747/164 5208/3748/164 5207/3749/164
f 5205/3750/1 5207/3749/1 5202/3751/1
f 5208/3748/6 5203/3752/6 5202/3753/6
f 5204/3754/2 5208/3748/2 5209/3755/2
f 5206/3756/7 5209/3755/7 5210/3747/7
f 5220/3747/164 5218/3748/164 5217/3749/164
f 5215/3750/1 5217/3749/1 5212/3751/1
f 5218/3748/6 5213/3752/6 5212/3753/6
f 5214/3754/2 5218/3748/2 5219/3755/2
f 5216/3756/7 5219/3755/7 5220/3747/7
f 5130/3747/162 5129/3755/162 5128/3748/162
f 5125/3750/1 5130/3747/1 5127/3749/1
f 5122/3753/7 5127/3749/7 5128/3748/7
f 5128/3748/7 5121/3757/7 5123/3752/7
f 5124/3754/4 5121/3758/4 5128/3748/4
f 5130/3747/6 5125/3759/6 5126/3756/6
f 5126/3756/6 5124/3760/6 5129/3755/6
f 5140/3747/162 5139/3755/162 5138/3748/162
f 5135/3750/1 5140/3747/1 5137/3749/1
f 5132/3753/7 5137/3749/7 5138/3748/7
f 5138/3748/7 5131/3757/7 5133/3752/7
f 5134/3754/4 5131/3758/4 5138/3748/4
f 5140/3747/6 5135/3759/6 5136/3756/6
f 5136/3756/6 5134/3760/6 5139/3755/6
f 5150/3747/162 5149/3755/162 5148/3748/162
f 5145/3750/1 5150/3747/1 5147/3749/1
f 5142/3753/7 5147/3749/7 5148/3748/7
f 5148/3748/7 5141/3757/7 5143/3752/7
f 5144/3754/4 5141/3758/4 5148/3748/4
f 5150/3747/6 5145/3759/6 5146/3756/6
f 5146/3756/6 5144/3760/6 5149/3755/6
f 5160/3747/162 5159/3755/162 5158/3748/162
f 5155/3750/1 5160/3747/1 5157/3749/1
f 5152/3753/7 5157/3749/7 5158/3748/7
f 5158/3748/7 5151/3757/7 5153/3752/7
f 5154/3754/4 5151/3758/4 5158/3748/4
f 5160/3747/6 5155/3759/6 5156/3756/6
f 5156/3756/6 5154/3760/6 5159/3755/6
f 5170/3747/162 5169/3755/162 5168/3748/162
f 5165/3750/1 5170/3747/1 5167/3749/1
f 5162/3753/7 5167/3749/7 5168/3748/7
f 5168/3748/7 5161/3757/7 5163/3752/7
f 5164/3754/4 5161/3758/4 5168/3748/4
f 5170/3747/6 5165/3759/6 5166/3756/6
f 5166/3756/6 5164/3760/6 5169/3755/6
f 5180/3747/164 5179/3755/164 5178/3748/164
f 5175/3750/1 5180/3747/1 5177/3749/1
f 5172/3753/6 5177/3749/6 5178/3748/6
f 5178/3748/6 5171/3757/6 5173/3752/6
f 5174/3754/2 5171/3758/2 5178/3748/2
f 5180/3747/7 5175/3759/7 5176/3756/7
f 5176/3756/7 5174/3760/7 5179/3755/7
f 5190/3747/164 5189/3755/164 5188/3748/164
f 5185/3750/1 5190/3747/1 5187/3749/1
f 5182/3753/6 5187/3749/6 5188/3748/6
f 5188/3748/6 5181/3757/6 5183/3752/6
f 5184/3754/2 5181/3758/2 5188/3748/2
f 5190/3747/7 5185/3759/7 5186/3756/7
f 5186/3756/7 5184/3760/7 5189/3755/7
f 5200/3747/164 5199/3755/164 5198/3748/164
f 5195/3750/1 5200/3747/1 5197/3749/1
f 5192/3753/6 5197/3749/6 5198/3748/6
f 5198/3748/6 5191/3757/6 5193/3752/6
f 5194/3754/2 5191/3758/2 5198/3748/2
f 5200/3747/7 5195/3759/7 5196/3756/7
f 5196/3756/7 5194/3760/7 5199/3755/7
f 5210/3747/164 5209/3755/164 5208/3748/164
f 5205/3750/1 5210/3747/1 5207/3749/1
f 5202/3753/6 5207/3749/6 5208/3748/6
f 5208/3748/6 5201/3757/6 5203/3752/6
f 5204/3754/2 5201/3758/2 5208/3748/2
f 5210/3747/7 5205/3759/7 5206/3756/7
f 5206/3756/7 5204/3760/7 5209/3755/7
f 5220/3747/164 5219/3755/164 5218/3748/164
f 5215/3750/1 5220/3747/1 5217/3749/1
f 5212/3753/6 5217/3749/6 5218/3748/6
f 5218/3748/6 5211/3757/6 5213/3752/6
f 5214/3754/2 5211/3758/2 5218/3748/2
f 5220/3747/7 5215/3759/7 5216/3756/7
f 5216/3756/7 5214/3760/7 5219/3755/7
