# Blender 5.0.1
# www.blender.org
mtllib WE6_wheelset.mtl
o Wheelset
g WE6_wheelset
v 0.676486 -0.000000 -0.086266
v 0.676486 -0.016830 -0.084608
v 0.676486 -0.033013 -0.079699
v 0.676486 -0.047928 -0.071727
v 0.676486 -0.061001 -0.060999
v 0.676486 -0.071729 -0.047926
v 0.676486 -0.079701 -0.033011
v 0.676486 -0.084610 -0.016828
v 0.676486 -0.086268 0.000002
v 0.676486 -0.084610 0.016832
v 0.676486 -0.079701 0.033016
v 0.676486 -0.071729 0.047930
v 0.676486 -0.061001 0.061003
v 0.676486 -0.047928 0.071731
v 0.676486 -0.033013 0.079703
v 0.676486 -0.016830 0.084613
v 0.676486 -0.000000 0.086270
v 0.676486 0.016830 0.084613
v 0.676486 0.033013 0.079703
v 0.676486 0.047928 0.071731
v 0.676486 0.061001 0.061003
v 0.676486 0.071729 0.047930
v 0.676486 0.079701 0.033016
v 0.676486 0.084610 0.016832
v 0.676486 0.086268 0.000002
v 0.676486 0.084610 -0.016828
v 0.676486 0.079701 -0.033011
v 0.676486 0.071729 -0.047926
v 0.676486 0.061001 -0.060999
v 0.676486 0.047928 -0.071727
v 0.676486 0.033013 -0.079699
v 0.676486 0.016830 -0.084608
v -0.001498 -0.000000 -0.086266
v -0.001498 -0.016830 -0.084608
v -0.001498 -0.033013 -0.079699
v -0.001498 -0.047928 -0.071727
v -0.001498 -0.061001 -0.060999
v -0.001498 -0.071729 -0.047926
v -0.001498 -0.079701 -0.033011
v -0.001498 -0.084610 -0.016828
v -0.001498 -0.086268 0.000002
v -0.001498 -0.084610 0.016832
v -0.001498 -0.079701 0.033016
v -0.001498 -0.071729 0.047930
v -0.001498 -0.061001 0.061003
v -0.001498 -0.047928 0.071731
v -0.001498 -0.033013 0.079703
v -0.001498 -0.016830 0.084613
v -0.001498 -0.000000 0.086270
v -0.001498 0.016830 0.084613
v -0.001498 0.033013 0.079703
v -0.001498 0.047928 0.071731
v -0.001498 0.061001 0.061003
v -0.001498 0.071729 0.047930
v -0.001498 0.079701 0.033016
v -0.001498 0.084610 0.016832
v -0.001498 0.086268 0.000002
v -0.001498 0.084610 -0.016828
v -0.001498 0.079701 -0.033011
v -0.001498 0.071729 -0.047926
v -0.001498 0.061001 -0.060999
v -0.001498 0.047928 -0.071727
v -0.001498 0.033013 -0.079699
v -0.001498 0.016830 -0.084608
v 0.776949 -0.032163 -0.161695
v 0.776949 -0.000000 -0.164863
v 0.807502 -0.043863 -0.105896
v 0.776949 -0.091593 -0.137079
v 0.776949 -0.116575 -0.116576
v 0.776949 -0.137078 -0.091593
v 0.776949 -0.152313 -0.063091
v 0.807502 -0.112418 -0.022362
v 0.776949 -0.164862 -0.000001
v 0.776949 -0.161695 0.032162
v 0.776949 -0.152313 0.063089
v 0.776949 -0.137078 0.091592
v 0.776949 -0.116575 0.116575
v 0.776949 -0.091593 0.137077
v 0.776949 -0.063090 0.152312
v 0.776949 -0.032163 0.161694
v 0.776949 -0.000000 0.164862
v 0.776949 0.032163 0.161694
v 0.776949 0.063090 0.152312
v 0.776949 0.091592 0.137077
v 0.776949 0.116575 0.116575
v 0.776949 0.137078 0.091592
v 0.776949 0.152313 0.063090
v 0.776949 0.161695 0.032162
v 0.776949 0.164862 -0.000001
v 0.776949 0.161695 -0.032164
v 0.776949 0.152313 -0.063091
v 0.776949 0.137078 -0.091593
v 0.776949 0.116575 -0.116576
v 0.776949 0.091592 -0.137079
v 0.776949 0.063090 -0.152313
v 0.776949 0.032163 -0.161695
v 1.090765 -0.012673 -0.063712
v 1.090765 -0.000000 -0.064961
v 1.090765 -0.024859 -0.060016
v 1.090765 -0.036090 -0.054013
v 1.090765 -0.045934 -0.045934
v 1.090765 -0.054012 -0.036090
v 1.090765 -0.060015 -0.024860
v 1.090765 -0.063712 -0.012674
v 1.090765 -0.064960 -0.000001
v 1.090765 -0.063712 0.012672
v 1.090765 -0.060015 0.024859
v 1.090765 -0.054012 0.036089
v 1.090765 -0.045934 0.045933
v 1.090765 -0.036090 0.054012
v 1.090765 -0.024859 0.060015
v 1.090765 -0.012673 0.063711
v 1.090765 -0.000000 0.064959
v 1.090765 0.012673 0.063711
v 1.090765 0.024859 0.060015
v 1.090765 0.036090 0.054012
v 1.090765 0.045934 0.045933
v 1.090765 0.054012 0.036089
v 1.090765 0.060015 0.024859
v 1.090765 0.063712 0.012672
v 1.090765 0.064960 -0.000001
v 1.090765 0.063712 -0.012674
v 1.090765 0.060015 -0.024860
v 1.090765 0.054012 -0.036090
v 1.090765 0.045934 -0.045934
v 1.090765 0.036090 -0.054013
v 1.090765 0.024859 -0.060016
v 1.090765 0.012673 -0.063712
v 0.776949 -0.000000 -0.444452
v 0.797515 -0.000000 -0.555485
v 0.804577 -0.000000 -0.552188
v 0.776949 -0.086709 -0.435912
v 0.797515 -0.108370 -0.544812
v 0.804577 -0.107727 -0.541578
v 0.807502 -0.189312 -0.457038
v 0.797515 -0.212576 -0.513201
v 0.804577 -0.211314 -0.510155
v 0.776949 -0.246926 -0.369548
v 0.797515 -0.308612 -0.461869
v 0.804577 -0.306780 -0.459127
v 0.776949 -0.314277 -0.314275
v 0.797515 -0.392789 -0.392787
v 0.804577 -0.390457 -0.390455
v 0.776949 -0.369550 -0.246924
v 0.797515 -0.461871 -0.308610
v 0.804577 -0.459129 -0.306778
v 0.776949 -0.410622 -0.170083
v 0.797515 -0.513203 -0.212574
v 0.804577 -0.510157 -0.211312
v 0.807502 -0.485191 -0.096508
v 0.797515 -0.544814 -0.108368
v 0.804577 -0.541580 -0.107725
v 0.776949 -0.444454 0.000002
v 0.797515 -0.555487 0.000002
v 0.804577 -0.552190 0.000002
v 0.776949 -0.435914 0.086711
v 0.797515 -0.544814 0.108372
v 0.804577 -0.541580 0.107729
v 0.776949 -0.410622 0.170087
v 0.797515 -0.513203 0.212578
v 0.804577 -0.510157 0.211316
v 0.776949 -0.369550 0.246928
v 0.797515 -0.461871 0.308614
v 0.804577 -0.459129 0.306783
v 0.776949 -0.314277 0.314279
v 0.797515 -0.392789 0.392791
v 0.804577 -0.390457 0.390459
v 0.776949 -0.246926 0.369552
v 0.797515 -0.308612 0.461873
v 0.804577 -0.306780 0.459131
v 0.776949 -0.170085 0.410624
v 0.797515 -0.212576 0.513205
v 0.804577 -0.211314 0.510159
v 0.776949 -0.086709 0.435916
v 0.797515 -0.108370 0.544816
v 0.804577 -0.107727 0.541582
v 0.776949 -0.000000 0.444456
v 0.797515 -0.000000 0.555489
v 0.804577 -0.000000 0.552192
v 0.776949 0.086709 0.435916
v 0.797515 0.108370 0.544816
v 0.804577 0.107727 0.541582
v 0.776949 0.170085 0.410624
v 0.797515 0.212576 0.513205
v 0.804577 0.211314 0.510159
v 0.776949 0.246926 0.369552
v 0.797515 0.308612 0.461873
v 0.804577 0.306780 0.459131
v 0.776949 0.314277 0.314279
v 0.797515 0.392789 0.392791
v 0.804577 0.390457 0.390459
v 0.776949 0.369550 0.246928
v 0.797515 0.461871 0.308614
v 0.804577 0.459129 0.306783
v 0.776949 0.410622 0.170087
v 0.797515 0.513203 0.212578
v 0.804577 0.510157 0.211316
v 0.776949 0.435914 0.086711
v 0.797515 0.544814 0.108372
v 0.804577 0.541580 0.107729
v 0.776949 0.444454 0.000002
v 0.797515 0.555487 0.000002
v 0.804577 0.552190 0.000002
v 0.776949 0.435914 -0.086706
v 0.797515 0.544814 -0.108368
v 0.804577 0.541580 -0.107725
v 0.776949 0.410622 -0.170083
v 0.797515 0.513203 -0.212574
v 0.804577 0.510157 -0.211312
v 0.776949 0.369550 -0.246924
v 0.797515 0.461871 -0.308610
v 0.804577 0.459129 -0.306778
v 0.776949 0.314277 -0.314275
v 0.797515 0.392789 -0.392787
v 0.804577 0.390457 -0.390455
v 0.776949 0.246926 -0.369548
v 0.797515 0.308612 -0.461869
v 0.804577 0.306780 -0.459127
v 0.776949 0.170085 -0.410620
v 0.797515 0.212576 -0.513201
v 0.804577 0.211314 -0.510155
v 0.776949 0.086709 -0.435912
v 0.797515 0.108370 -0.544812
v 0.804577 0.107727 -0.541578
v 0.707029 -0.000000 -0.575063
v 0.722484 0.000000 -0.559247
v 0.711752 0.000000 -0.564190
v 0.722484 -0.109104 -0.548501
v 0.707502 -0.112191 -0.564021
v 0.711890 -0.110069 -0.553352
v 0.722484 -0.214015 -0.516676
v 0.707029 -0.220068 -0.531289
v 0.711752 -0.215907 -0.521244
v 0.722484 -0.310702 -0.464996
v 0.707029 -0.319489 -0.478147
v 0.711752 -0.313449 -0.469107
v 0.722484 -0.395449 -0.395447
v 0.707502 -0.406638 -0.406636
v 0.711890 -0.398946 -0.398944
v 0.722484 -0.464998 -0.310700
v 0.707029 -0.478149 -0.319487
v 0.711752 -0.469109 -0.313446
v 0.722484 -0.516679 -0.214013
v 0.707502 -0.531298 -0.220069
v 0.711890 -0.521248 -0.215906
v 0.722484 -0.548503 -0.109102
v 0.707029 -0.564015 -0.112187
v 0.711752 -0.553352 -0.110066
v 0.722484 -0.559249 0.000002
v 0.707029 -0.575065 0.000002
v 0.711752 -0.564193 0.000002
v 0.722484 -0.548503 0.109106
v 0.707502 -0.564023 0.112193
v 0.711890 -0.553354 0.110071
v 0.722484 -0.516679 0.214017
v 0.707029 -0.531291 0.220070
v 0.711752 -0.521246 0.215909
v 0.722484 -0.464998 0.310704
v 0.707029 -0.478149 0.319491
v 0.711752 -0.469109 0.313451
v 0.722484 -0.395449 0.395451
v 0.707502 -0.406638 0.406640
v 0.711890 -0.398946 0.398948
v 0.722484 -0.310702 0.465001
v 0.707029 -0.319489 0.478151
v 0.711752 -0.313449 0.469111
v 0.722484 -0.214015 0.516681
v 0.707029 -0.220068 0.531293
v 0.711752 -0.215907 0.521248
v 0.722484 -0.109104 0.548505
v 0.707502 -0.112191 0.564025
v 0.711890 -0.110069 0.553356
v 0.722484 0.000000 0.559251
v 0.707029 -0.000000 0.575067
v 0.711752 0.000000 0.564195
v 0.722484 0.109104 0.548505
v 0.707502 0.112191 0.564025
v 0.711890 0.110069 0.553356
v 0.722484 0.214015 0.516681
v 0.707029 0.220068 0.531293
v 0.711752 0.215907 0.521248
v 0.722484 0.310702 0.465001
v 0.707029 0.319489 0.478151
v 0.711752 0.313449 0.469111
v 0.722484 0.395449 0.395451
v 0.707502 0.406638 0.406640
v 0.711890 0.398946 0.398948
v 0.722484 0.464998 0.310704
v 0.707029 0.478149 0.319491
v 0.711752 0.469109 0.313451
v 0.722484 0.516679 0.214017
v 0.707029 0.531291 0.220070
v 0.711752 0.521246 0.215909
v 0.722484 0.548503 0.109106
v 0.707502 0.564023 0.112193
v 0.711890 0.553354 0.110071
v 0.722484 0.559249 0.000002
v 0.707029 0.575065 0.000002
v 0.711752 0.564193 0.000002
v 0.722484 0.548503 -0.109102
v 0.707029 0.564015 -0.112187
v 0.711752 0.553352 -0.110066
v 0.722484 0.516679 -0.214013
v 0.707502 0.531298 -0.220069
v 0.711890 0.521248 -0.215906
v 0.722484 0.464998 -0.310700
v 0.707029 0.478149 -0.319487
v 0.711752 0.469109 -0.313446
v 0.722484 0.395449 -0.395447
v 0.707502 0.406638 -0.406636
v 0.711890 0.398946 -0.398944
v 0.722484 0.310702 -0.464996
v 0.707029 0.319489 -0.478147
v 0.711752 0.313449 -0.469107
v 0.722484 0.214015 -0.516676
v 0.707029 0.220068 -0.531289
v 0.711752 0.215907 -0.521244
v 0.722484 0.109104 -0.548501
v 0.707502 0.112191 -0.564021
v 0.711890 0.110069 -0.553352
v 0.691486 -0.000000 -0.592371
v 0.706959 -0.000000 -0.577306
v 0.702231 -0.000000 -0.587959
v 0.706486 -0.112626 -0.566206
v 0.691486 -0.115566 -0.580989
v 0.702092 -0.114705 -0.576659
v 0.706959 -0.220926 -0.533361
v 0.691486 -0.226692 -0.547280
v 0.702231 -0.225003 -0.543203
v 0.706959 -0.320735 -0.480012
v 0.691486 -0.329105 -0.492538
v 0.702231 -0.326654 -0.488870
v 0.706486 -0.408213 -0.408211
v 0.691486 -0.418871 -0.418869
v 0.702092 -0.415750 -0.415747
v 0.706959 -0.480014 -0.320733
v 0.691486 -0.492541 -0.329103
v 0.702231 -0.488872 -0.326652
v 0.706486 -0.533357 -0.220921
v 0.691486 -0.547282 -0.226689
v 0.702092 -0.543203 -0.225000
v 0.706959 -0.566216 -0.112625
v 0.691486 -0.580991 -0.115564
v 0.702231 -0.576663 -0.114703
v 0.706959 -0.577308 0.000002
v 0.691486 -0.592373 0.000002
v 0.702231 -0.587961 0.000002
v 0.706486 -0.566208 0.112628
v 0.691486 -0.580991 0.115569
v 0.702092 -0.576662 0.114707
v 0.706959 -0.533363 0.220929
v 0.691486 -0.547282 0.226694
v 0.702231 -0.543205 0.225005
v 0.706959 -0.480014 0.320738
v 0.691486 -0.492541 0.329107
v 0.702231 -0.488872 0.326656
v 0.706486 -0.408213 0.408216
v 0.691486 -0.418871 0.418874
v 0.702092 -0.415750 0.415752
v 0.706959 -0.320735 0.480017
v 0.691486 -0.329105 0.492543
v 0.702231 -0.326654 0.488874
v 0.706959 -0.220926 0.533366
v 0.691486 -0.226692 0.547284
v 0.702231 -0.225003 0.543207
v 0.706486 -0.112626 0.566211
v 0.691486 -0.115566 0.580993
v 0.702092 -0.114705 0.576664
v 0.706959 -0.000000 0.577311
v 0.691486 -0.000000 0.592376
v 0.702231 -0.000000 0.587963
v 0.706486 0.112626 0.566211
v 0.691486 0.115566 0.580993
v 0.702092 0.114705 0.576664
v 0.706959 0.220926 0.533366
v 0.691486 0.226692 0.547284
v 0.702231 0.225003 0.543207
v 0.706959 0.320735 0.480017
v 0.691486 0.329105 0.492543
v 0.702231 0.326654 0.488874
v 0.706486 0.408213 0.408216
v 0.691486 0.418871 0.418874
v 0.702092 0.415750 0.415752
v 0.706959 0.480014 0.320738
v 0.691486 0.492541 0.329107
v 0.702231 0.488872 0.326656
v 0.706959 0.533363 0.220929
v 0.691486 0.547282 0.226694
v 0.702231 0.543205 0.225005
v 0.706486 0.566208 0.112628
v 0.691486 0.580991 0.115569
v 0.702092 0.576661 0.114707
v 0.706959 0.577308 0.000002
v 0.691486 0.592374 0.000002
v 0.702231 0.587961 0.000002
v 0.706959 0.566216 -0.112625
v 0.691486 0.580991 -0.115564
v 0.702231 0.576664 -0.114703
v 0.706486 0.533357 -0.220921
v 0.691486 0.547282 -0.226689
v 0.702092 0.543203 -0.225000
v 0.706959 0.480014 -0.320733
v 0.691486 0.492541 -0.329103
v 0.702231 0.488872 -0.326652
v 0.706486 0.408213 -0.408211
v 0.691486 0.418871 -0.418869
v 0.702092 0.415750 -0.415748
v 0.706959 0.320735 -0.480012
v 0.691486 0.329105 -0.492538
v 0.702231 0.326654 -0.488870
v 0.706959 0.220926 -0.533361
v 0.691486 0.226692 -0.547280
v 0.702231 0.225003 -0.543203
v 0.706486 0.112626 -0.566206
v 0.691486 0.115566 -0.580989
v 0.702092 0.114705 -0.576659
v 0.676486 -0.000000 -0.577299
v 0.691486 -0.000000 -0.592371
v 0.680879 -0.000000 -0.587957
v 0.691486 -0.115566 -0.580989
v 0.676486 -0.112626 -0.566206
v 0.680879 -0.114705 -0.576659
v 0.691486 -0.226692 -0.547280
v 0.676486 -0.220924 -0.533354
v 0.680879 -0.225002 -0.543201
v 0.691486 -0.329105 -0.492538
v 0.676486 -0.320731 -0.480006
v 0.680879 -0.326652 -0.488868
v 0.691486 -0.418871 -0.418869
v 0.676486 -0.408213 -0.408211
v 0.680879 -0.415750 -0.415747
v 0.691486 -0.492541 -0.329103
v 0.676486 -0.480008 -0.320729
v 0.680879 -0.488870 -0.326650
v 0.691486 -0.547282 -0.226689
v 0.676486 -0.533356 -0.220921
v 0.680879 -0.543203 -0.225000
v 0.691486 -0.580991 -0.115564
v 0.676486 -0.566208 -0.112623
v 0.680879 -0.576661 -0.114703
v 0.691486 -0.592374 0.000002
v 0.676486 -0.577301 0.000002
v 0.680879 -0.587959 0.000002
v 0.691486 -0.580991 0.115569
v 0.676486 -0.566208 0.112628
v 0.680879 -0.576661 0.114707
v 0.691486 -0.547282 0.226694
v 0.676486 -0.533356 0.220926
v 0.680879 -0.543203 0.225004
v 0.691486 -0.492541 0.329107
v 0.676486 -0.480008 0.320733
v 0.680879 -0.488870 0.326655
v 0.691486 -0.418871 0.418874
v 0.676486 -0.408213 0.408216
v 0.680879 -0.415750 0.415752
v 0.691486 -0.329105 0.492543
v 0.676486 -0.320731 0.480010
v 0.680879 -0.326652 0.488872
v 0.691486 -0.226692 0.547284
v 0.676486 -0.220924 0.533359
v 0.680879 -0.225002 0.543205
v 0.691486 -0.115566 0.580993
v 0.676486 -0.112626 0.566211
v 0.680879 -0.114705 0.576664
v 0.691486 -0.000000 0.592376
v 0.676486 -0.000000 0.577303
v 0.680879 -0.000000 0.587961
v 0.691486 0.115566 0.580993
v 0.676486 0.112626 0.566211
v 0.680879 0.114705 0.576664
v 0.691486 0.226692 0.547284
v 0.676486 0.220924 0.533359
v 0.680879 0.225002 0.543205
v 0.691486 0.329105 0.492543
v 0.676486 0.320731 0.480010
v 0.680879 0.326652 0.488872
v 0.691486 0.418871 0.418874
v 0.676486 0.408213 0.408216
v 0.680879 0.415750 0.415752
v 0.691486 0.492541 0.329107
v 0.676486 0.480008 0.320733
v 0.680879 0.488870 0.326655
v 0.691486 0.547282 0.226694
v 0.676486 0.533357 0.220926
v 0.680879 0.543203 0.225004
v 0.691486 0.580991 0.115569
v 0.676486 0.566208 0.112628
v 0.680879 0.576661 0.114707
v 0.691486 0.592374 0.000002
v 0.676486 0.577301 0.000002
v 0.680879 0.587959 0.000002
v 0.691486 0.580991 -0.115564
v 0.676486 0.566208 -0.112623
v 0.680879 0.576661 -0.114703
v 0.691486 0.547282 -0.226689
v 0.676486 0.533357 -0.220921
v 0.680879 0.543203 -0.225000
v 0.691486 0.492541 -0.329103
v 0.676486 0.480008 -0.320729
v 0.680879 0.488870 -0.326650
v 0.691486 0.418871 -0.418869
v 0.676486 0.408213 -0.408211
v 0.680879 0.415750 -0.415748
v 0.691486 0.329105 -0.492538
v 0.676486 0.320731 -0.480006
v 0.680879 0.326652 -0.488868
v 0.691486 0.226692 -0.547280
v 0.676486 0.220923 -0.533354
v 0.680879 0.225002 -0.543201
v 0.691486 0.115566 -0.580989
v 0.676486 0.112626 -0.566206
v 0.680879 0.114705 -0.576659
v 0.807502 -0.012560 -0.063142
v 0.807502 -0.000000 -0.064379
v 0.807502 -0.024637 -0.059479
v 0.807502 -0.035767 -0.053529
v 0.807502 -0.045522 -0.045523
v 0.807502 -0.053529 -0.035767
v 0.807502 -0.059478 -0.024637
v 0.807502 -0.063141 -0.012560
v 0.807502 -0.064378 -0.000001
v 0.807502 -0.063141 0.012559
v 0.807502 -0.059478 0.024636
v 0.807502 -0.053529 0.035766
v 0.807502 -0.045522 0.045522
v 0.807502 -0.035767 0.053528
v 0.807502 -0.024637 0.059477
v 0.807502 -0.012560 0.063141
v 0.807502 -0.000000 0.064378
v 0.807502 0.012560 0.063141
v 0.807502 0.024637 0.059477
v 0.807502 0.035767 0.053528
v 0.807502 0.045522 0.045522
v 0.807502 0.053529 0.035766
v 0.807502 0.059478 0.024636
v 0.807502 0.063141 0.012559
v 0.807502 0.064378 -0.000001
v 0.807502 0.063141 -0.012560
v 0.807502 0.059478 -0.024637
v 0.807502 0.053529 -0.035767
v 0.807502 0.045522 -0.045523
v 0.807502 0.035767 -0.053529
v 0.807502 0.024637 -0.059479
v 0.807502 0.012560 -0.063142
v 0.807502 -0.000000 -0.544936
v 0.807502 -0.106312 -0.534465
v 0.807502 -0.208539 -0.503455
v 0.807502 -0.302752 -0.453097
v 0.807502 -0.385329 -0.385327
v 0.807502 -0.453099 -0.302749
v 0.807502 -0.503457 -0.208537
v 0.807502 -0.534467 -0.106310
v 0.807502 -0.544938 0.000002
v 0.807502 -0.534467 0.106314
v 0.807502 -0.503457 0.208541
v 0.807502 -0.453099 0.302754
v 0.807502 -0.385329 0.385332
v 0.807502 -0.302752 0.453102
v 0.807502 -0.208539 0.503459
v 0.807502 -0.106312 0.534469
v 0.807502 -0.000000 0.544940
v 0.807502 0.106312 0.534469
v 0.807502 0.208539 0.503459
v 0.807502 0.302752 0.453102
v 0.807502 0.385329 0.385332
v 0.807502 0.453099 0.302754
v 0.807502 0.503457 0.208541
v 0.807502 0.534467 0.106314
v 0.807502 0.544938 0.000002
v 0.807502 0.534467 -0.106310
v 0.807502 0.503457 -0.208537
v 0.807502 0.453099 -0.302749
v 0.807502 0.385329 -0.385327
v 0.807502 0.302752 -0.453097
v 0.807502 0.208539 -0.503455
v 0.807502 0.106312 -0.534465
v 0.807502 -0.022361 -0.112419
v 0.807502 -0.000000 -0.114621
v 0.776949 -0.063090 -0.152313
v 0.807502 -0.063680 -0.095304
v 0.807502 -0.081049 -0.081049
v 0.807502 -0.095303 -0.063680
v 0.807502 -0.105895 -0.043864
v 0.776949 -0.161695 -0.032164
v 0.807502 -0.114620 -0.000001
v 0.807502 -0.112418 0.022361
v 0.807502 -0.105895 0.043863
v 0.807502 -0.095303 0.063679
v 0.807502 -0.081049 0.081048
v 0.807502 -0.063680 0.095303
v 0.807502 -0.043863 0.105895
v 0.807502 -0.022361 0.112417
v 0.807502 -0.000000 0.114620
v 0.807502 0.022361 0.112417
v 0.807502 0.043863 0.105895
v 0.807502 0.063680 0.095303
v 0.807502 0.081049 0.081048
v 0.807502 0.095303 0.063679
v 0.807502 0.105895 0.043863
v 0.807502 0.112418 0.022361
v 0.807502 0.114620 -0.000001
v 0.807502 0.112418 -0.022362
v 0.807502 0.105895 -0.043864
v 0.807502 0.095303 -0.063680
v 0.807502 0.081049 -0.081049
v 0.807502 0.063680 -0.095304
v 0.807502 0.043863 -0.105896
v 0.807502 0.022361 -0.112419
v 0.807502 -0.000000 -0.494694
v 0.807502 -0.096510 -0.485189
v 0.776949 -0.170085 -0.410620
v 0.807502 -0.274839 -0.411323
v 0.807502 -0.349803 -0.349801
v 0.807502 -0.411325 -0.274836
v 0.807502 -0.457040 -0.189310
v 0.776949 -0.435914 -0.086707
v 0.807502 -0.494696 0.000002
v 0.807502 -0.485191 0.096512
v 0.807502 -0.457040 0.189314
v 0.807502 -0.411325 0.274841
v 0.807502 -0.349803 0.349805
v 0.807502 -0.274839 0.411327
v 0.807502 -0.189312 0.457042
v 0.807502 -0.096510 0.485193
v 0.807502 -0.000000 0.494698
v 0.807502 0.096510 0.485193
v 0.807502 0.189312 0.457042
v 0.807502 0.274839 0.411327
v 0.807502 0.349803 0.349805
v 0.807502 0.411325 0.274841
v 0.807502 0.457040 0.189314
v 0.807502 0.485191 0.096512
v 0.807502 0.494696 0.000002
v 0.807502 0.485191 -0.096508
v 0.807502 0.457040 -0.189310
v 0.807502 0.411325 -0.274836
v 0.807502 0.349803 -0.349801
v 0.807502 0.274839 -0.411323
v 0.807502 0.189312 -0.457038
v 0.807502 0.096510 -0.485189
v 0.783615 -0.027262 -0.137057
v 0.783615 -0.000000 -0.139742
v 0.783615 -0.053477 -0.129105
v 0.783615 -0.077636 -0.116191
v 0.783615 -0.098812 -0.098813
v 0.783615 -0.116191 -0.077637
v 0.783615 -0.129104 -0.053477
v 0.783615 -0.137056 -0.027263
v 0.783615 -0.139741 -0.000001
v 0.783615 -0.137056 0.027262
v 0.783615 -0.129104 0.053476
v 0.783615 -0.116191 0.077635
v 0.783615 -0.098812 0.098811
v 0.783615 -0.077636 0.116190
v 0.783615 -0.053477 0.129104
v 0.783615 -0.027262 0.137056
v 0.783615 -0.000000 0.139741
v 0.783615 0.027262 0.137056
v 0.783615 0.053477 0.129104
v 0.783615 0.077636 0.116190
v 0.783615 0.098812 0.098811
v 0.783615 0.116191 0.077636
v 0.783615 0.129104 0.053476
v 0.783615 0.137056 0.027262
v 0.783615 0.139741 -0.000001
v 0.783615 0.137056 -0.027263
v 0.783615 0.129104 -0.053477
v 0.783615 0.116191 -0.077637
v 0.783615 0.098812 -0.098813
v 0.783615 0.077636 -0.116191
v 0.783615 0.053477 -0.129105
v 0.783615 0.027262 -0.137057
v 0.783615 -0.000000 -0.469573
v 0.783615 -0.091610 -0.460550
v 0.783615 -0.179699 -0.433829
v 0.783615 -0.260882 -0.390435
v 0.783615 -0.332040 -0.332038
v 0.783615 -0.390438 -0.260880
v 0.783615 -0.433831 -0.179697
v 0.783615 -0.460553 -0.091607
v 0.783615 -0.469575 0.000002
v 0.783615 -0.460553 0.091612
v 0.783615 -0.433831 0.179701
v 0.783615 -0.390438 0.260884
v 0.783615 -0.332040 0.332042
v 0.783615 -0.260882 0.390440
v 0.783615 -0.179699 0.433833
v 0.783615 -0.091610 0.460555
v 0.783615 -0.000000 0.469577
v 0.783615 0.091610 0.460555
v 0.783615 0.179699 0.433833
v 0.783615 0.260882 0.390440
v 0.783615 0.332040 0.332042
v 0.783615 0.390438 0.260884
v 0.783615 0.433831 0.179701
v 0.783615 0.460553 0.091612
v 0.783615 0.469575 0.000002
v 0.783615 0.460553 -0.091607
v 0.783615 0.433831 -0.179697
v 0.783615 0.390438 -0.260880
v 0.783615 0.332040 -0.332038
v 0.783615 0.260882 -0.390435
v 0.783615 0.179699 -0.433829
v 0.783615 0.091609 -0.460550
v -0.676486 -0.000000 -0.086266
v -0.676486 -0.016830 -0.084608
v -0.676486 -0.033013 -0.079699
v -0.676486 -0.047928 -0.071727
v -0.676486 -0.061001 -0.060999
v -0.676486 -0.071729 -0.047926
v -0.676486 -0.079701 -0.033011
v -0.676486 -0.084610 -0.016828
v -0.676486 -0.086268 0.000002
v -0.676486 -0.084610 0.016832
v -0.676486 -0.079701 0.033016
v -0.676486 -0.071729 0.047930
v -0.676486 -0.061001 0.061003
v -0.676486 -0.047928 0.071731
v -0.676486 -0.033013 0.079703
v -0.676486 -0.016830 0.084613
v -0.676486 -0.000000 0.086270
v -0.676486 0.016830 0.084613
v -0.676486 0.033013 0.079703
v -0.676486 0.047928 0.071731
v -0.676486 0.061001 0.061003
v -0.676486 0.071729 0.047930
v -0.676486 0.079701 0.033016
v -0.676486 0.084610 0.016832
v -0.676486 0.086268 0.000002
v -0.676486 0.084610 -0.016828
v -0.676486 0.079701 -0.033011
v -0.676486 0.071729 -0.047926
v -0.676486 0.061001 -0.060999
v -0.676486 0.047928 -0.071727
v -0.676486 0.033013 -0.079699
v -0.676486 0.016830 -0.084608
v 0.001498 -0.000000 -0.086266
v 0.001498 -0.016830 -0.084608
v 0.001498 -0.033013 -0.079699
v 0.001498 -0.047928 -0.071727
v 0.001498 -0.061001 -0.060999
v 0.001498 -0.071729 -0.047926
v 0.001498 -0.079701 -0.033011
v 0.001498 -0.084610 -0.016828
v 0.001498 -0.086268 0.000002
v 0.001498 -0.084610 0.016832
v 0.001498 -0.079701 0.033016
v 0.001498 -0.071729 0.047930
v 0.001498 -0.061001 0.061003
v 0.001498 -0.047928 0.071731
v 0.001498 -0.033013 0.079703
v 0.001498 -0.016830 0.084613
v 0.001498 -0.000000 0.086270
v 0.001498 0.016830 0.084613
v 0.001498 0.033013 0.079703
v 0.001498 0.047928 0.071731
v 0.001498 0.061001 0.061003
v 0.001498 0.071729 0.047930
v 0.001498 0.079701 0.033016
v 0.001498 0.084610 0.016832
v 0.001498 0.086268 0.000002
v 0.001498 0.084610 -0.016828
v 0.001498 0.079701 -0.033011
v 0.001498 0.071729 -0.047926
v 0.001498 0.061001 -0.060999
v 0.001498 0.047928 -0.071727
v 0.001498 0.033013 -0.079699
v 0.001498 0.016830 -0.084608
v -0.776949 -0.032163 -0.161695
v -0.776949 -0.000000 -0.164863
v -0.807502 -0.043863 -0.105896
v -0.776949 -0.091593 -0.137079
v -0.776949 -0.116575 -0.116576
v -0.776949 -0.137078 -0.091593
v -0.776949 -0.152313 -0.063091
v -0.807502 -0.112418 -0.022362
v -0.776949 -0.164862 -0.000001
v -0.776949 -0.161695 0.032162
v -0.776949 -0.152313 0.063089
v -0.776949 -0.137078 0.091592
v -0.776949 -0.116575 0.116575
v -0.776949 -0.091593 0.137077
v -0.776949 -0.063090 0.152312
v -0.776949 -0.032163 0.161694
v -0.776949 -0.000000 0.164862
v -0.776949 0.032163 0.161694
v -0.776949 0.063090 0.152312
v -0.776949 0.091592 0.137077
v -0.776949 0.116575 0.116575
v -0.776949 0.137078 0.091592
v -0.776949 0.152313 0.063090
v -0.776949 0.161695 0.032162
v -0.776949 0.164862 -0.000001
v -0.776949 0.161695 -0.032164
v -0.776949 0.152313 -0.063091
v -0.776949 0.137078 -0.091593
v -0.776949 0.116575 -0.116576
v -0.776949 0.091592 -0.137079
v -0.776949 0.063090 -0.152313
v -0.776949 0.032163 -0.161695
v -1.090765 -0.012673 -0.063712
v -1.090765 -0.000000 -0.064961
v -1.090765 -0.024859 -0.060016
v -1.090765 -0.036090 -0.054013
v -1.090765 -0.045934 -0.045934
v -1.090765 -0.054012 -0.036090
v -1.090765 -0.060015 -0.024860
v -1.090765 -0.063712 -0.012674
v -1.090765 -0.064960 -0.000001
v -1.090765 -0.063712 0.012672
v -1.090765 -0.060015 0.024859
v -1.090765 -0.054012 0.036089
v -1.090765 -0.045934 0.045933
v -1.090765 -0.036090 0.054012
v -1.090765 -0.024859 0.060015
v -1.090765 -0.012673 0.063711
v -1.090765 -0.000000 0.064959
v -1.090765 0.012673 0.063711
v -1.090765 0.024859 0.060015
v -1.090765 0.036090 0.054012
v -1.090765 0.045934 0.045933
v -1.090765 0.054012 0.036089
v -1.090765 0.060015 0.024859
v -1.090765 0.063712 0.012672
v -1.090765 0.064960 -0.000001
v -1.090765 0.063712 -0.012674
v -1.090765 0.060015 -0.024860
v -1.090765 0.054012 -0.036090
v -1.090765 0.045934 -0.045934
v -1.090765 0.036090 -0.054013
v -1.090765 0.024859 -0.060016
v -1.090765 0.012673 -0.063712
v -0.776949 -0.000000 -0.444452
v -0.797515 -0.000000 -0.555485
v -0.804577 -0.000000 -0.552188
v -0.776949 -0.086709 -0.435912
v -0.797515 -0.108370 -0.544812
v -0.804577 -0.107727 -0.541578
v -0.807502 -0.189312 -0.457038
v -0.797515 -0.212576 -0.513201
v -0.804577 -0.211314 -0.510155
v -0.776949 -0.246926 -0.369548
v -0.797515 -0.308612 -0.461869
v -0.804577 -0.306780 -0.459127
v -0.776949 -0.314277 -0.314275
v -0.797515 -0.392789 -0.392787
v -0.804577 -0.390457 -0.390455
v -0.776949 -0.369550 -0.246924
v -0.797515 -0.461871 -0.308610
v -0.804577 -0.459129 -0.306778
v -0.776949 -0.410622 -0.170083
v -0.797515 -0.513203 -0.212574
v -0.804577 -0.510157 -0.211312
v -0.807502 -0.485191 -0.096508
v -0.797515 -0.544814 -0.108368
v -0.804577 -0.541580 -0.107725
v -0.776949 -0.444454 0.000002
v -0.797515 -0.555487 0.000002
v -0.804577 -0.552190 0.000002
v -0.776949 -0.435914 0.086711
v -0.797515 -0.544814 0.108372
v -0.804577 -0.541580 0.107729
v -0.776949 -0.410622 0.170087
v -0.797515 -0.513203 0.212578
v -0.804577 -0.510157 0.211316
v -0.776949 -0.369550 0.246928
v -0.797515 -0.461871 0.308614
v -0.804577 -0.459129 0.306783
v -0.776949 -0.314277 0.314279
v -0.797515 -0.392789 0.392791
v -0.804577 -0.390457 0.390459
v -0.776949 -0.246926 0.369552
v -0.797515 -0.308612 0.461873
v -0.804577 -0.306780 0.459131
v -0.776949 -0.170085 0.410624
v -0.797515 -0.212576 0.513205
v -0.804577 -0.211314 0.510159
v -0.776949 -0.086709 0.435916
v -0.797515 -0.108370 0.544816
v -0.804577 -0.107727 0.541582
v -0.776949 -0.000000 0.444456
v -0.797515 -0.000000 0.555489
v -0.804577 -0.000000 0.552192
v -0.776949 0.086709 0.435916
v -0.797515 0.108370 0.544816
v -0.804577 0.107727 0.541582
v -0.776949 0.170085 0.410624
v -0.797515 0.212576 0.513205
v -0.804577 0.211314 0.510159
v -0.776949 0.246926 0.369552
v -0.797515 0.308612 0.461873
v -0.804577 0.306780 0.459131
v -0.776949 0.314277 0.314279
v -0.797515 0.392789 0.392791
v -0.804577 0.390457 0.390459
v -0.776949 0.369550 0.246928
v -0.797515 0.461871 0.308614
v -0.804577 0.459129 0.306783
v -0.776949 0.410622 0.170087
v -0.797515 0.513203 0.212578
v -0.804577 0.510157 0.211316
v -0.776949 0.435914 0.086711
v -0.797515 0.544814 0.108372
v -0.804577 0.541580 0.107729
v -0.776949 0.444454 0.000002
v -0.797515 0.555487 0.000002
v -0.804577 0.552190 0.000002
v -0.776949 0.435914 -0.086706
v -0.797515 0.544814 -0.108368
v -0.804577 0.541580 -0.107725
v -0.776949 0.410622 -0.170083
v -0.797515 0.513203 -0.212574
v -0.804577 0.510157 -0.211312
v -0.776949 0.369550 -0.246924
v -0.797515 0.461871 -0.308610
v -0.804577 0.459129 -0.306778
v -0.776949 0.314277 -0.314275
v -0.797515 0.392789 -0.392787
v -0.804577 0.390457 -0.390455
v -0.776949 0.246926 -0.369548
v -0.797515 0.308612 -0.461869
v -0.804577 0.306780 -0.459127
v -0.776949 0.170085 -0.410620
v -0.797515 0.212576 -0.513201
v -0.804577 0.211314 -0.510155
v -0.776949 0.086709 -0.435912
v -0.797515 0.108370 -0.544812
v -0.804577 0.107727 -0.541578
v -0.707029 -0.000000 -0.575063
v -0.722484 0.000000 -0.559247
v -0.711752 0.000000 -0.564190
v -0.722484 -0.109104 -0.548501
v -0.707502 -0.112191 -0.564021
v -0.711890 -0.110069 -0.553352
v -0.722484 -0.214015 -0.516676
v -0.707029 -0.220068 -0.531289
v -0.711752 -0.215907 -0.521244
v -0.722484 -0.310702 -0.464996
v -0.707029 -0.319489 -0.478147
v -0.711752 -0.313449 -0.469107
v -0.722484 -0.395449 -0.395447
v -0.707502 -0.406638 -0.406636
v -0.711890 -0.398946 -0.398944
v -0.722484 -0.464998 -0.310700
v -0.707029 -0.478149 -0.319487
v -0.711752 -0.469109 -0.313446
v -0.722484 -0.516679 -0.214013
v -0.707502 -0.531298 -0.220069
v -0.711890 -0.521248 -0.215906
v -0.722484 -0.548503 -0.109102
v -0.707029 -0.564015 -0.112187
v -0.711752 -0.553352 -0.110066
v -0.722484 -0.559249 0.000002
v -0.707029 -0.575065 0.000002
v -0.711752 -0.564193 0.000002
v -0.722484 -0.548503 0.109106
v -0.707502 -0.564023 0.112193
v -0.711890 -0.553354 0.110071
v -0.722484 -0.516679 0.214017
v -0.707029 -0.531291 0.220070
v -0.711752 -0.521246 0.215909
v -0.722484 -0.464998 0.310704
v -0.707029 -0.478149 0.319491
v -0.711752 -0.469109 0.313451
v -0.722484 -0.395449 0.395451
v -0.707502 -0.406638 0.406640
v -0.711890 -0.398946 0.398948
v -0.722484 -0.310702 0.465001
v -0.707029 -0.319489 0.478151
v -0.711752 -0.313449 0.469111
v -0.722484 -0.214015 0.516681
v -0.707029 -0.220068 0.531293
v -0.711752 -0.215907 0.521248
v -0.722484 -0.109104 0.548505
v -0.707502 -0.112191 0.564025
v -0.711890 -0.110069 0.553356
v -0.722484 0.000000 0.559251
v -0.707029 -0.000000 0.575067
v -0.711752 0.000000 0.564195
v -0.722484 0.109104 0.548505
v -0.707502 0.112191 0.564025
v -0.711890 0.110069 0.553356
v -0.722484 0.214015 0.516681
v -0.707029 0.220068 0.531293
v -0.711752 0.215907 0.521248
v -0.722484 0.310702 0.465001
v -0.707029 0.319489 0.478151
v -0.711752 0.313449 0.469111
v -0.722484 0.395449 0.395451
v -0.707502 0.406638 0.406640
v -0.711890 0.398946 0.398948
v -0.722484 0.464998 0.310704
v -0.707029 0.478149 0.319491
v -0.711752 0.469109 0.313451
v -0.722484 0.516679 0.214017
v -0.707029 0.531291 0.220070
v -0.711752 0.521246 0.215909
v -0.722484 0.548503 0.109106
v -0.707502 0.564023 0.112193
v -0.711890 0.553354 0.110071
v -0.722484 0.559249 0.000002
v -0.707029 0.575065 0.000002
v -0.711752 0.564193 0.000002
v -0.722484 0.548503 -0.109102
v -0.707029 0.564015 -0.112187
v -0.711752 0.553352 -0.110066
v -0.722484 0.516679 -0.214013
v -0.707502 0.531298 -0.220069
v -0.711890 0.521248 -0.215906
v -0.722484 0.464998 -0.310700
v -0.707029 0.478149 -0.319487
v -0.711752 0.469109 -0.313446
v -0.722484 0.395449 -0.395447
v -0.707502 0.406638 -0.406636
v -0.711890 0.398946 -0.398944
v -0.722484 0.310702 -0.464996
v -0.707029 0.319489 -0.478147
v -0.711752 0.313449 -0.469107
v -0.722484 0.214015 -0.516676
v -0.707029 0.220068 -0.531289
v -0.711752 0.215907 -0.521244
v -0.722484 0.109104 -0.548501
v -0.707502 0.112191 -0.564021
v -0.711890 0.110069 -0.553352
v -0.691486 -0.000000 -0.592371
v -0.706959 -0.000000 -0.577306
v -0.702231 -0.000000 -0.587959
v -0.706486 -0.112626 -0.566206
v -0.691486 -0.115566 -0.580989
v -0.702092 -0.114705 -0.576659
v -0.706959 -0.220926 -0.533361
v -0.691486 -0.226692 -0.547280
v -0.702231 -0.225003 -0.543203
v -0.706959 -0.320735 -0.480012
v -0.691486 -0.329105 -0.492538
v -0.702231 -0.326654 -0.488870
v -0.706486 -0.408213 -0.408211
v -0.691486 -0.418871 -0.418869
v -0.702092 -0.415750 -0.415747
v -0.706959 -0.480014 -0.320733
v -0.691486 -0.492541 -0.329103
v -0.702231 -0.488872 -0.326652
v -0.706486 -0.533357 -0.220921
v -0.691486 -0.547282 -0.226689
v -0.702092 -0.543203 -0.225000
v -0.706959 -0.566216 -0.112625
v -0.691486 -0.580991 -0.115564
v -0.702231 -0.576663 -0.114703
v -0.706959 -0.577308 0.000002
v -0.691486 -0.592373 0.000002
v -0.702231 -0.587961 0.000002
v -0.706486 -0.566208 0.112628
v -0.691486 -0.580991 0.115569
v -0.702092 -0.576662 0.114707
v -0.706959 -0.533363 0.220929
v -0.691486 -0.547282 0.226694
v -0.702231 -0.543205 0.225005
v -0.706959 -0.480014 0.320738
v -0.691486 -0.492541 0.329107
v -0.702231 -0.488872 0.326656
v -0.706486 -0.408213 0.408216
v -0.691486 -0.418871 0.418874
v -0.702092 -0.415750 0.415752
v -0.706959 -0.320735 0.480017
v -0.691486 -0.329105 0.492543
v -0.702231 -0.326654 0.488874
v -0.706959 -0.220926 0.533366
v -0.691486 -0.226692 0.547284
v -0.702231 -0.225003 0.543207
v -0.706486 -0.112626 0.566211
v -0.691486 -0.115566 0.580993
v -0.702092 -0.114705 0.576664
v -0.706959 -0.000000 0.577311
v -0.691486 -0.000000 0.592376
v -0.702231 -0.000000 0.587963
v -0.706486 0.112626 0.566211
v -0.691486 0.115566 0.580993
v -0.702092 0.114705 0.576664
v -0.706959 0.220926 0.533366
v -0.691486 0.226692 0.547284
v -0.702231 0.225003 0.543207
v -0.706959 0.320735 0.480017
v -0.691486 0.329105 0.492543
v -0.702231 0.326654 0.488874
v -0.706486 0.408213 0.408216
v -0.691486 0.418871 0.418874
v -0.702092 0.415750 0.415752
v -0.706959 0.480014 0.320738
v -0.691486 0.492541 0.329107
v -0.702231 0.488872 0.326656
v -0.706959 0.533363 0.220929
v -0.691486 0.547282 0.226694
v -0.702231 0.543205 0.225005
v -0.706486 0.566208 0.112628
v -0.691486 0.580991 0.115569
v -0.702092 0.576661 0.114707
v -0.706959 0.577308 0.000002
v -0.691486 0.592374 0.000002
v -0.702231 0.587961 0.000002
v -0.706959 0.566216 -0.112625
v -0.691486 0.580991 -0.115564
v -0.702231 0.576664 -0.114703
v -0.706486 0.533357 -0.220921
v -0.691486 0.547282 -0.226689
v -0.702092 0.543203 -0.225000
v -0.706959 0.480014 -0.320733
v -0.691486 0.492541 -0.329103
v -0.702231 0.488872 -0.326652
v -0.706486 0.408213 -0.408211
v -0.691486 0.418871 -0.418869
v -0.702092 0.415750 -0.415748
v -0.706959 0.320735 -0.480012
v -0.691486 0.329105 -0.492538
v -0.702231 0.326654 -0.488870
v -0.706959 0.220926 -0.533361
v -0.691486 0.226692 -0.547280
v -0.702231 0.225003 -0.543203
v -0.706486 0.112626 -0.566206
v -0.691486 0.115566 -0.580989
v -0.702092 0.114705 -0.576659
v -0.676486 -0.000000 -0.577299
v -0.691486 -0.000000 -0.592371
v -0.680879 -0.000000 -0.587957
v -0.691486 -0.115566 -0.580989
v -0.676486 -0.112626 -0.566206
v -0.680879 -0.114705 -0.576659
v -0.691486 -0.226692 -0.547280
v -0.676486 -0.220924 -0.533354
v -0.680879 -0.225002 -0.543201
v -0.691486 -0.329105 -0.492538
v -0.676486 -0.320731 -0.480006
v -0.680879 -0.326652 -0.488868
v -0.691486 -0.418871 -0.418869
v -0.676486 -0.408213 -0.408211
v -0.680879 -0.415750 -0.415747
v -0.691486 -0.492541 -0.329103
v -0.676486 -0.480008 -0.320729
v -0.680879 -0.488870 -0.326650
v -0.691486 -0.547282 -0.226689
v -0.676486 -0.533356 -0.220921
v -0.680879 -0.543203 -0.225000
v -0.691486 -0.580991 -0.115564
v -0.676486 -0.566208 -0.112623
v -0.680879 -0.576661 -0.114703
v -0.691486 -0.592374 0.000002
v -0.676486 -0.577301 0.000002
v -0.680879 -0.587959 0.000002
v -0.691486 -0.580991 0.115569
v -0.676486 -0.566208 0.112628
v -0.680879 -0.576661 0.114707
v -0.691486 -0.547282 0.226694
v -0.676486 -0.533356 0.220926
v -0.680879 -0.543203 0.225004
v -0.691486 -0.492541 0.329107
v -0.676486 -0.480008 0.320733
v -0.680879 -0.488870 0.326655
v -0.691486 -0.418871 0.418874
v -0.676486 -0.408213 0.408216
v -0.680879 -0.415750 0.415752
v -0.691486 -0.329105 0.492543
v -0.676486 -0.320731 0.480010
v -0.680879 -0.326652 0.488872
v -0.691486 -0.226692 0.547284
v -0.676486 -0.220924 0.533359
v -0.680879 -0.225002 0.543205
v -0.691486 -0.115566 0.580993
v -0.676486 -0.112626 0.566211
v -0.680879 -0.114705 0.576664
v -0.691486 -0.000000 0.592376
v -0.676486 -0.000000 0.577303
v -0.680879 -0.000000 0.587961
v -0.691486 0.115566 0.580993
v -0.676486 0.112626 0.566211
v -0.680879 0.114705 0.576664
v -0.691486 0.226692 0.547284
v -0.676486 0.220924 0.533359
v -0.680879 0.225002 0.543205
v -0.691486 0.329105 0.492543
v -0.676486 0.320731 0.480010
v -0.680879 0.326652 0.488872
v -0.691486 0.418871 0.418874
v -0.676486 0.408213 0.408216
v -0.680879 0.415750 0.415752
v -0.691486 0.492541 0.329107
v -0.676486 0.480008 0.320733
v -0.680879 0.488870 0.326655
v -0.691486 0.547282 0.226694
v -0.676486 0.533357 0.220926
v -0.680879 0.543203 0.225004
v -0.691486 0.580991 0.115569
v -0.676486 0.566208 0.112628
v -0.680879 0.576661 0.114707
v -0.691486 0.592374 0.000002
v -0.676486 0.577301 0.000002
v -0.680879 0.587959 0.000002
v -0.691486 0.580991 -0.115564
v -0.676486 0.566208 -0.112623
v -0.680879 0.576661 -0.114703
v -0.691486 0.547282 -0.226689
v -0.676486 0.533357 -0.220921
v -0.680879 0.543203 -0.225000
v -0.691486 0.492541 -0.329103
v -0.676486 0.480008 -0.320729
v -0.680879 0.488870 -0.326650
v -0.691486 0.418871 -0.418869
v -0.676486 0.408213 -0.408211
v -0.680879 0.415750 -0.415748
v -0.691486 0.329105 -0.492538
v -0.676486 0.320731 -0.480006
v -0.680879 0.326652 -0.488868
v -0.691486 0.226692 -0.547280
v -0.676486 0.220923 -0.533354
v -0.680879 0.225002 -0.543201
v -0.691486 0.115566 -0.580989
v -0.676486 0.112626 -0.566206
v -0.680879 0.114705 -0.576659
v -0.807502 -0.012560 -0.063142
v -0.807502 -0.000000 -0.064379
v -0.807502 -0.024637 -0.059479
v -0.807502 -0.035767 -0.053529
v -0.807502 -0.045522 -0.045523
v -0.807502 -0.053529 -0.035767
v -0.807502 -0.059478 -0.024637
v -0.807502 -0.063141 -0.012560
v -0.807502 -0.064378 -0.000001
v -0.807502 -0.063141 0.012559
v -0.807502 -0.059478 0.024636
v -0.807502 -0.053529 0.035766
v -0.807502 -0.045522 0.045522
v -0.807502 -0.035767 0.053528
v -0.807502 -0.024637 0.059477
v -0.807502 -0.012560 0.063141
v -0.807502 -0.000000 0.064378
v -0.807502 0.012560 0.063141
v -0.807502 0.024637 0.059477
v -0.807502 0.035767 0.053528
v -0.807502 0.045522 0.045522
v -0.807502 0.053529 0.035766
v -0.807502 0.059478 0.024636
v -0.807502 0.063141 0.012559
v -0.807502 0.064378 -0.000001
v -0.807502 0.063141 -0.012560
v -0.807502 0.059478 -0.024637
v -0.807502 0.053529 -0.035767
v -0.807502 0.045522 -0.045523
v -0.807502 0.035767 -0.053529
v -0.807502 0.024637 -0.059479
v -0.807502 0.012560 -0.063142
v -0.807502 -0.000000 -0.544936
v -0.807502 -0.106312 -0.534465
v -0.807502 -0.208539 -0.503455
v -0.807502 -0.302752 -0.453097
v -0.807502 -0.385329 -0.385327
v -0.807502 -0.453099 -0.302749
v -0.807502 -0.503457 -0.208537
v -0.807502 -0.534467 -0.106310
v -0.807502 -0.544938 0.000002
v -0.807502 -0.534467 0.106314
v -0.807502 -0.503457 0.208541
v -0.807502 -0.453099 0.302754
v -0.807502 -0.385329 0.385332
v -0.807502 -0.302752 0.453102
v -0.807502 -0.208539 0.503459
v -0.807502 -0.106312 0.534469
v -0.807502 -0.000000 0.544940
v -0.807502 0.106312 0.534469
v -0.807502 0.208539 0.503459
v -0.807502 0.302752 0.453102
v -0.807502 0.385329 0.385332
v -0.807502 0.453099 0.302754
v -0.807502 0.503457 0.208541
v -0.807502 0.534467 0.106314
v -0.807502 0.544938 0.000002
v -0.807502 0.534467 -0.106310
v -0.807502 0.503457 -0.208537
v -0.807502 0.453099 -0.302749
v -0.807502 0.385329 -0.385327
v -0.807502 0.302752 -0.453097
v -0.807502 0.208539 -0.503455
v -0.807502 0.106312 -0.534465
v -0.807502 -0.022361 -0.112419
v -0.807502 -0.000000 -0.114621
v -0.776949 -0.063090 -0.152313
v -0.807502 -0.063680 -0.095304
v -0.807502 -0.081049 -0.081049
v -0.807502 -0.095303 -0.063680
v -0.807502 -0.105895 -0.043864
v -0.776949 -0.161695 -0.032164
v -0.807502 -0.114620 -0.000001
v -0.807502 -0.112418 0.022361
v -0.807502 -0.105895 0.043863
v -0.807502 -0.095303 0.063679
v -0.807502 -0.081049 0.081048
v -0.807502 -0.063680 0.095303
v -0.807502 -0.043863 0.105895
v -0.807502 -0.022361 0.112417
v -0.807502 -0.000000 0.114620
v -0.807502 0.022361 0.112417
v -0.807502 0.043863 0.105895
v -0.807502 0.063680 0.095303
v -0.807502 0.081049 0.081048
v -0.807502 0.095303 0.063679
v -0.807502 0.105895 0.043863
v -0.807502 0.112418 0.022361
v -0.807502 0.114620 -0.000001
v -0.807502 0.112418 -0.022362
v -0.807502 0.105895 -0.043864
v -0.807502 0.095303 -0.063680
v -0.807502 0.081049 -0.081049
v -0.807502 0.063680 -0.095304
v -0.807502 0.043863 -0.105896
v -0.807502 0.022361 -0.112419
v -0.807502 -0.000000 -0.494694
v -0.807502 -0.096510 -0.485189
v -0.776949 -0.170085 -0.410620
v -0.807502 -0.274839 -0.411323
v -0.807502 -0.349803 -0.349801
v -0.807502 -0.411325 -0.274836
v -0.807502 -0.457040 -0.189310
v -0.776949 -0.435914 -0.086707
v -0.807502 -0.494696 0.000002
v -0.807502 -0.485191 0.096512
v -0.807502 -0.457040 0.189314
v -0.807502 -0.411325 0.274841
v -0.807502 -0.349803 0.349805
v -0.807502 -0.274839 0.411327
v -0.807502 -0.189312 0.457042
v -0.807502 -0.096510 0.485193
v -0.807502 -0.000000 0.494698
v -0.807502 0.096510 0.485193
v -0.807502 0.189312 0.457042
v -0.807502 0.274839 0.411327
v -0.807502 0.349803 0.349805
v -0.807502 0.411325 0.274841
v -0.807502 0.457040 0.189314
v -0.807502 0.485191 0.096512
v -0.807502 0.494696 0.000002
v -0.807502 0.485191 -0.096508
v -0.807502 0.457040 -0.189310
v -0.807502 0.411325 -0.274836
v -0.807502 0.349803 -0.349801
v -0.807502 0.274839 -0.411323
v -0.807502 0.189312 -0.457038
v -0.807502 0.096510 -0.485189
v -0.783615 -0.027262 -0.137057
v -0.783615 -0.000000 -0.139742
v -0.783615 -0.053477 -0.129105
v -0.783615 -0.077636 -0.116191
v -0.783615 -0.098812 -0.098813
v -0.783615 -0.116191 -0.077637
v -0.783615 -0.129104 -0.053477
v -0.783615 -0.137056 -0.027263
v -0.783615 -0.139741 -0.000001
v -0.783615 -0.137056 0.027262
v -0.783615 -0.129104 0.053476
v -0.783615 -0.116191 0.077635
v -0.783615 -0.098812 0.098811
v -0.783615 -0.077636 0.116190
v -0.783615 -0.053477 0.129104
v -0.783615 -0.027262 0.137056
v -0.783615 -0.000000 0.139741
v -0.783615 0.027262 0.137056
v -0.783615 0.053477 0.129104
v -0.783615 0.077636 0.116190
v -0.783615 0.098812 0.098811
v -0.783615 0.116191 0.077636
v -0.783615 0.129104 0.053476
v -0.783615 0.137056 0.027262
v -0.783615 0.139741 -0.000001
v -0.783615 0.137056 -0.027263
v -0.783615 0.129104 -0.053477
v -0.783615 0.116191 -0.077637
v -0.783615 0.098812 -0.098813
v -0.783615 0.077636 -0.116191
v -0.783615 0.053477 -0.129105
v -0.783615 0.027262 -0.137057
v -0.783615 -0.000000 -0.469573
v -0.783615 -0.091610 -0.460550
v -0.783615 -0.179699 -0.433829
v -0.783615 -0.260882 -0.390435
v -0.783615 -0.332040 -0.332038
v -0.783615 -0.390438 -0.260880
v -0.783615 -0.433831 -0.179697
v -0.783615 -0.460553 -0.091607
v -0.783615 -0.469575 0.000002
v -0.783615 -0.460553 0.091612
v -0.783615 -0.433831 0.179701
v -0.783615 -0.390438 0.260884
v -0.783615 -0.332040 0.332042
v -0.783615 -0.260882 0.390440
v -0.783615 -0.179699 0.433833
v -0.783615 -0.091610 0.460555
v -0.783615 -0.000000 0.469577
v -0.783615 0.091610 0.460555
v -0.783615 0.179699 0.433833
v -0.783615 0.260882 0.390440
v -0.783615 0.332040 0.332042
v -0.783615 0.390438 0.260884
v -0.783615 0.433831 0.179701
v -0.783615 0.460553 0.091612
v -0.783615 0.469575 0.000002
v -0.783615 0.460553 -0.091607
v -0.783615 0.433831 -0.179697
v -0.783615 0.390438 -0.260880
v -0.783615 0.332040 -0.332038
v -0.783615 0.260882 -0.390435
v -0.783615 0.179699 -0.433829
v -0.783615 0.091609 -0.460550
vn -0.0000 -0.3827 0.9239
vn -0.0000 -0.5556 0.8315
vn -0.0000 -0.1951 -0.9808
vn -0.0000 -0.0000 -1.0000
vn -0.0000 0.7071 -0.7071
vn -0.0000 0.8315 -0.5556
vn -0.0000 -0.1951 0.9808
vn -0.0000 -0.3827 -0.9239
vn -0.0000 0.5556 -0.8315
vn -0.0000 -0.0000 1.0000
vn -0.0000 -0.5556 -0.8315
vn -0.0000 0.3827 -0.9239
vn -0.0000 0.1951 0.9808
vn -0.0000 -0.7071 -0.7071
vn -0.0000 0.1951 -0.9808
vn -0.0000 0.3827 0.9239
vn -0.0000 -0.8315 -0.5556
vn -0.0000 0.5556 0.8315
vn -0.0000 -0.9239 -0.3827
vn -0.0000 0.7071 0.7071
vn -0.0000 -0.9808 -0.1951
vn -0.0000 0.8315 0.5556
vn -0.0000 -1.0000 -0.0000
vn -0.0000 0.9239 0.3827
vn -0.0000 -0.9808 0.1951
vn -0.0000 0.9808 0.1951
vn -0.0000 -0.9239 0.3827
vn -0.0000 1.0000 -0.0000
vn -0.0000 -0.8315 0.5556
vn -0.0000 0.9808 -0.1951
vn -0.0000 -0.7071 0.7071
vn -0.0000 0.9239 -0.3827
vn -0.0021 0.9808 -0.1951
vn -0.0021 0.9239 -0.3827
vn -0.0021 -0.5556 0.8315
vn -0.0021 -0.7071 0.7071
vn -0.0021 0.8315 -0.5556
vn -0.0021 -0.3827 0.9239
vn -0.0021 -0.0000 -1.0000
vn -0.0021 -0.1951 -0.9808
vn -0.0021 0.7071 -0.7071
vn -0.0021 -0.1951 0.9808
vn -0.0021 -0.3827 -0.9239
vn -0.0021 0.5556 -0.8315
vn -0.0021 -0.0000 1.0000
vn -0.0021 -0.5556 -0.8315
vn -0.0021 0.3827 -0.9239
vn -0.0021 0.1951 0.9808
vn -0.0021 -0.7071 -0.7071
vn -0.0021 0.1951 -0.9808
vn -0.0021 0.3827 0.9239
vn -0.0021 -0.8315 -0.5556
vn -0.0021 0.5556 0.8315
vn -0.0021 -0.9239 -0.3827
vn -0.0021 0.7071 0.7071
vn -0.0021 -0.9808 -0.1951
vn -0.0021 0.8315 0.5556
vn -0.0021 -1.0000 -0.0000
vn -0.0021 0.9239 0.3827
vn -0.0021 -0.9808 0.1951
vn -0.0021 0.9808 0.1951
vn -0.0021 -0.9239 0.3827
vn -0.0021 1.0000 -0.0000
vn -0.0021 -0.8315 0.5556
vn 0.2383 -0.0000 -0.9712
vn 0.7145 -0.1365 -0.6862
vn 0.2383 -0.1895 -0.9525
vn 0.7145 -0.0000 -0.6997
vn 0.9274 -0.0730 -0.3669
vn 0.7145 -0.2678 -0.6464
vn 0.2383 -0.3717 -0.8973
vn 0.9274 -0.1432 -0.3456
vn 0.7145 -0.3887 -0.5818
vn 0.2383 -0.5396 -0.8075
vn 0.9274 -0.2078 -0.3110
vn 0.2383 -0.6867 -0.6867
vn 0.7145 -0.4947 -0.4947
vn 0.9274 -0.2645 -0.2645
vn 0.7145 -0.5818 -0.3887
vn 0.2383 -0.8075 -0.5396
vn 0.9274 -0.3110 -0.2078
vn 0.2383 -0.8973 -0.3717
vn 0.7145 -0.6464 -0.2678
vn 0.9274 -0.3456 -0.1432
vn 0.7145 -0.6862 -0.1365
vn 0.2383 -0.9525 -0.1895
vn 0.9274 -0.3669 -0.0730
vn 0.7145 -0.6997 -0.0000
vn 0.2383 -0.9712 -0.0000
vn 0.9274 -0.3741 -0.0000
vn 0.7145 -0.6862 0.1365
vn 0.2383 -0.9525 0.1895
vn 0.9274 -0.3669 0.0730
vn 0.7145 -0.6464 0.2678
vn 0.2383 -0.8973 0.3717
vn 0.9274 -0.3456 0.1432
vn 0.2383 -0.8075 0.5396
vn 0.7145 -0.5818 0.3887
vn 0.9274 -0.3110 0.2078
vn 0.2383 -0.6867 0.6867
vn 0.7145 -0.4947 0.4947
vn 0.9274 -0.2645 0.2645
vn 0.7145 -0.3887 0.5818
vn 0.2383 -0.5396 0.8075
vn 0.9274 -0.2078 0.3110
vn 0.2383 -0.3717 0.8973
vn 0.7145 -0.2678 0.6464
vn 0.9274 -0.1432 0.3456
vn 0.7145 -0.1365 0.6862
vn 0.2383 -0.1895 0.9525
vn 0.9274 -0.0730 0.3669
vn 0.2383 -0.0000 0.9712
vn 0.7145 -0.0000 0.6997
vn 0.9274 -0.0000 0.3741
vn 0.7145 0.1365 0.6862
vn 0.2383 0.1895 0.9525
vn 0.9274 0.0730 0.3669
vn 0.7145 0.2678 0.6464
vn 0.2383 0.3717 0.8973
vn 0.9274 0.1432 0.3456
vn 0.2383 0.5396 0.8075
vn 0.7145 0.3887 0.5818
vn 0.9274 0.2078 0.3110
vn 0.2383 0.6867 0.6867
vn 0.7145 0.4947 0.4947
vn 0.9274 0.2645 0.2645
vn 0.7145 0.5818 0.3887
vn 0.2383 0.8075 0.5396
vn 0.9274 0.3110 0.2078
vn 0.7145 0.6464 0.2678
vn 0.2383 0.8973 0.3717
vn 0.9274 0.3456 0.1432
vn 0.2383 0.9525 0.1895
vn 0.7145 0.6862 0.1365
vn 0.9274 0.3669 0.0730
vn 0.2383 0.9712 -0.0000
vn 0.7145 0.6997 -0.0000
vn 0.9274 0.3741 -0.0000
vn 0.7145 0.6862 -0.1365
vn 0.2383 0.9525 -0.1895
vn 0.9274 0.3669 -0.0730
vn 0.7145 0.6464 -0.2678
vn 0.2383 0.8973 -0.3717
vn 0.9274 0.3456 -0.1432
vn 0.2383 0.8075 -0.5396
vn 0.7145 0.5818 -0.3887
vn 0.9274 0.3110 -0.2078
vn 0.2383 0.6867 -0.6867
vn 0.7145 0.4947 -0.4947
vn 0.9274 0.2645 -0.2645
vn 0.7145 0.3887 -0.5818
vn 0.2383 0.5396 -0.8075
vn 0.9274 0.2078 -0.3110
vn 0.7145 0.2678 -0.6464
vn 0.2383 0.3717 -0.8973
vn 0.9274 0.1432 -0.3456
vn 0.7145 0.1365 -0.6862
vn 0.2383 0.1895 -0.9525
vn 0.9274 0.0730 -0.3669
vn 0.9274 -0.0000 -0.3741
vn 0.9905 0.0268 0.1346
vn 0.9926 -0.0464 -0.1121
vn 0.9905 0.0525 0.1268
vn 0.9926 -0.0674 -0.1009
vn 0.9905 0.0763 0.1141
vn 0.2415 -0.0000 -0.9704
vn 0.7371 -0.1318 -0.6628
vn 0.7268 -0.0000 -0.6868
vn 0.9185 -0.0751 -0.3883
vn 0.9780 -0.0024 -0.2088
vn 0.2414 -0.3715 -0.8965
vn 0.2439 -0.1892 -0.9512
vn 0.7265 -0.2641 -0.6344
vn 0.7265 -0.3808 -0.5721
vn 0.9782 -0.0813 -0.1909
vn 0.2414 -0.5390 -0.8069
vn 0.7371 -0.4779 -0.4779
vn 0.9185 -0.2782 -0.2812
vn 0.9780 -0.1163 -0.1735
vn 0.2415 -0.8069 -0.5391
vn 0.2439 -0.6858 -0.6858
vn 0.7268 -0.5711 -0.3816
vn 0.7371 -0.6244 -0.2586
vn 0.9185 -0.3646 -0.1533
vn 0.9780 -0.1749 -0.1140
vn 0.2414 -0.9518 -0.1892
vn 0.2439 -0.8960 -0.3711
vn 0.7265 -0.6742 -0.1329
vn 0.2414 -0.9704 -0.0001
vn 0.7265 -0.6872 -0.0012
vn 0.9782 -0.2039 -0.0384
vn 0.7371 -0.6628 0.1318
vn 0.9185 -0.3883 0.0751
vn 0.9780 -0.2088 0.0003
vn 0.2414 -0.8965 0.3715
vn 0.2439 -0.9512 0.1892
vn 0.7265 -0.6344 0.2641
vn 0.2414 -0.8069 0.5390
vn 0.7265 -0.5721 0.3808
vn 0.9782 -0.1909 0.0813
vn 0.7371 -0.4779 0.4779
vn 0.9189 -0.2789 0.2789
vn 0.9782 -0.1737 0.1136
vn 0.2414 -0.5390 0.8069
vn 0.2439 -0.6858 0.6858
vn 0.7265 -0.3808 0.5721
vn 0.2414 -0.3715 0.8965
vn 0.7265 -0.2641 0.6344
vn 0.9782 -0.1136 0.1737
vn 0.7371 -0.1318 0.6628
vn 0.9185 -0.0792 0.3875
vn 0.9780 -0.0796 0.1930
vn 0.2415 -0.0000 0.9704
vn 0.2439 -0.1892 0.9512
vn 0.7268 -0.0000 0.6868
vn 0.7371 0.1318 0.6628
vn 0.9189 0.0769 0.3868
vn 0.9782 -0.0000 0.2075
vn 0.2414 0.3715 0.8965
vn 0.2439 0.1892 0.9512
vn 0.7265 0.2641 0.6344
vn 0.2414 0.5390 0.8069
vn 0.9780 0.1163 0.1735
vn 0.9782 0.0813 0.1909
vn 0.7371 0.4779 0.4779
vn 0.7265 0.3808 0.5721
vn 0.9185 0.2782 0.2812
vn 0.2414 0.8069 0.5390
vn 0.2439 0.6858 0.6858
vn 0.7265 0.5721 0.3808
vn 0.2414 0.8965 0.3715
vn 0.7265 0.6344 0.2641
vn 0.9782 0.1737 0.1136
vn 0.7371 0.6628 0.1318
vn 0.9185 0.3875 0.0792
vn 0.9780 0.1930 0.0796
vn 0.2414 0.9704 -0.0001
vn 0.2439 0.9512 0.1892
vn 0.7265 0.6872 -0.0012
vn 0.2414 0.9518 -0.1892
vn 0.9782 0.2039 -0.0384
vn 0.9782 0.2075 -0.0021
vn 0.7371 0.6244 -0.2586
vn 0.7265 0.6742 -0.1329
vn 0.9189 0.3644 -0.1509
vn 0.2415 0.8069 -0.5391
vn 0.2439 0.8960 -0.3711
vn 0.7268 0.5711 -0.3816
vn 0.7371 0.4779 -0.4779
vn 0.9185 0.2812 -0.2782
vn 0.9780 0.1723 -0.1180
vn 0.2414 0.5390 -0.8069
vn 0.2439 0.6858 -0.6858
vn 0.7265 0.3808 -0.5721
vn 0.7265 0.2641 -0.6344
vn 0.9782 0.1136 -0.1737
vn 0.2414 0.3715 -0.8965
vn 0.7371 0.1318 -0.6628
vn 0.9185 0.0792 -0.3875
vn 0.9780 0.0796 -0.1930
vn 0.2439 0.1892 -0.9512
vn 0.9179 -0.0758 -0.3896
vn 0.6864 -0.0000 -0.7272
vn 0.9720 -0.0019 -0.2352
vn 0.6963 -0.1400 -0.7040
vn 0.2650 0.7170 -0.6447
vn 0.6861 -0.2775 -0.6726
vn 0.3295 0.5851 -0.7410
vn 0.2958 0.6533 -0.6969
vn 0.9722 -0.1317 -0.1934
vn 0.9719 -0.0899 -0.2174
vn 0.6861 -0.4051 -0.6044
vn 0.9179 -0.2794 -0.2818
vn 0.6963 -0.5075 -0.5075
vn 0.3799 0.5144 -0.7688
vn 0.6864 -0.6046 -0.4040
vn 0.5511 0.3762 -0.7449
vn 0.4544 0.4446 -0.7719
vn 0.9179 -0.3660 -0.1534
vn 0.9719 -0.1966 -0.1291
vn 0.6963 -0.6631 -0.2747
vn 0.6861 -0.7134 -0.1429
vn 0.5854 -0.6161 -0.5270
vn 0.8739 -0.3593 -0.3274
vn 0.9722 -0.2340 0.0020
vn 0.9719 -0.2307 -0.0461
vn 0.6861 -0.7275 0.0010
vn 0.9179 -0.3896 0.0758
vn 0.6963 -0.7040 0.1400
vn 0.8467 -0.5319 0.0101
vn 0.6861 -0.6725 0.2775
vn 0.7762 -0.6288 -0.0471
vn 0.9289 -0.3159 0.1931
vn 0.9719 -0.1955 0.1308
vn 0.9719 -0.2174 0.0899
vn 0.6861 -0.6044 0.4051
vn 0.9174 -0.2814 0.2814
vn 0.6963 -0.5075 0.5075
vn 0.5508 0.3762 0.7451
vn 0.6861 -0.4051 0.6044
vn 0.3799 0.5144 0.7688
vn 0.4544 0.4446 0.7719
vn 0.9722 -0.0876 0.2169
vn 0.9719 -0.1308 0.1955
vn 0.6861 -0.2775 0.6725
vn 0.9179 -0.0791 0.3889
vn 0.6963 -0.1400 0.7040
vn 0.3295 0.5851 0.7410
vn 0.6865 -0.0000 0.7272
vn 0.2650 0.7170 0.6447
vn 0.2958 0.6533 0.6969
vn 0.9174 0.0776 0.3903
vn 0.9716 -0.0000 0.2365
vn 0.6963 0.1400 0.7040
vn 0.6861 0.2775 0.6726
vn 0.2277 0.8282 0.5121
vn 0.2465 0.7757 0.5810
vn 0.9719 0.0899 0.2174
vn 0.6861 0.4051 0.6044
vn 0.9179 0.2794 0.2818
vn 0.9722 0.1317 0.1934
vn 0.6963 0.5075 0.5075
vn 0.2153 0.8740 0.4357
vn 0.6861 0.6044 0.4051
vn 0.1992 0.9422 0.2695
vn 0.2083 0.9118 0.3540
vn 0.9722 0.2169 0.0876
vn 0.9719 0.1955 0.1308
vn 0.6861 0.6725 0.2775
vn 0.9179 0.3889 0.0791
vn 0.6963 0.7040 0.1400
vn -0.5370 0.7865 0.3049
vn 0.6861 0.7275 0.0010
vn 0.2475 0.9165 0.3142
vn -0.0290 0.7852 0.6186
vn 0.9719 0.2352 0.0002
vn 0.6861 0.7134 -0.1429
vn -0.0259 0.9920 -0.1233
vn 0.9174 0.3677 -0.1523
vn 0.9719 0.2307 -0.0461
vn 0.6963 0.6631 -0.2747
vn 0.6864 0.6046 -0.4040
vn 0.1993 0.9422 -0.2693
vn -0.5288 0.7777 -0.3399
vn 0.9179 0.2818 -0.2794
vn 0.9719 0.1945 -0.1322
vn 0.6963 0.5075 -0.5075
vn 0.6861 0.4051 -0.6044
vn 0.2153 0.8740 -0.4357
vn 0.2083 0.9118 -0.3540
vn 0.9722 0.0876 -0.2169
vn 0.9719 0.1308 -0.1955
vn 0.6861 0.2775 -0.6725
vn 0.9179 0.0791 -0.3889
vn 0.6963 0.1400 -0.7040
vn 0.2277 0.8282 -0.5120
vn 0.2465 0.7757 -0.5810
vn -0.2678 0.7171 -0.6434
vn -0.6966 -0.1400 -0.7037
vn -0.6966 -0.0000 -0.7175
vn -0.9245 -0.0744 -0.3738
vn -0.9245 -0.0000 -0.3811
vn -0.2958 0.6533 -0.6969
vn -0.6966 -0.2746 -0.6629
vn -0.9245 -0.1458 -0.3521
vn -0.3330 0.5855 -0.7391
vn -0.6966 -0.3986 -0.5966
vn -0.9245 -0.2117 -0.3169
vn -0.3837 0.5151 -0.7665
vn -0.6966 -0.5073 -0.5073
vn -0.9245 -0.2695 -0.2695
vn -0.5553 0.3774 -0.7411
vn -0.4544 0.4446 -0.7719
vn -0.9245 -0.3169 -0.2117
vn -0.6966 -0.6629 -0.2746
vn -0.6966 -0.5966 -0.3986
vn -0.9245 -0.3521 -0.1458
vn 0.1489 -0.8324 -0.5338
vn -0.0699 -0.5402 -0.8386
vn -0.6966 -0.7037 -0.1400
vn 0.5319 -0.8467 0.0141
vn -0.6966 -0.7175 -0.0000
vn -0.9245 -0.3738 -0.0744
vn -0.6966 -0.7037 0.1400
vn -0.9245 -0.3738 0.0744
vn -0.9245 -0.3811 -0.0000
vn -0.0344 -0.9567 -0.2889
vn 0.2980 -0.8954 0.3308
vn -0.9245 -0.3521 0.1458
vn -0.5552 0.3774 0.7411
vn -0.6966 -0.6629 0.2746
vn -0.9245 -0.3169 0.2117
vn -0.4544 0.4446 0.7719
vn -0.6966 -0.5966 0.3986
vn -0.9245 -0.2695 0.2695
vn -0.3837 0.5151 0.7665
vn -0.6966 -0.5073 0.5073
vn -0.6966 -0.3986 0.5966
vn -0.3330 0.5854 0.7392
vn -0.6966 -0.2746 0.6629
vn -0.9245 -0.2117 0.3169
vn -0.2958 0.6533 0.6969
vn -0.6966 -0.1400 0.7037
vn -0.9245 -0.1458 0.3521
vn -0.2678 0.7171 0.6434
vn -0.6966 -0.0000 0.7175
vn -0.9245 -0.0744 0.3738
vn -0.6966 0.1400 0.7037
vn -0.9245 0.0744 0.3738
vn -0.9245 -0.0000 0.3811
vn -0.2465 0.7757 0.5810
vn -0.6966 0.2746 0.6629
vn -0.9245 0.1458 0.3521
vn -0.2178 0.8737 0.4350
vn -0.2302 0.8281 0.5110
vn -0.9245 0.2117 0.3169
vn -0.6966 0.5073 0.5073
vn -0.6966 0.3986 0.5966
vn -0.9245 0.2695 0.2695
vn -0.2015 0.9419 0.2689
vn -0.2083 0.9118 0.3540
vn -0.6966 0.5966 0.3986
vn -0.8518 0.4923 0.1791
vn -0.6966 0.6629 0.2746
vn -0.9245 0.3169 0.2117
vn -0.6672 0.6073 0.4312
vn -0.6966 0.7037 0.1400
vn -0.9245 0.3521 0.1458
vn -0.2380 0.9104 0.3385
vn -0.6966 0.7175 -0.0000
vn -0.9245 0.3738 0.0744
vn -0.6966 0.7037 -0.1400
vn -0.9245 0.3738 -0.0744
vn -0.9245 0.3811 -0.0000
vn -0.5795 0.8082 -0.1049
vn -0.6966 0.6629 -0.2746
vn -0.9245 0.3521 -0.1458
vn -0.8467 0.4889 -0.2101
vn -0.6966 0.5966 -0.3986
vn -0.9245 0.3169 -0.2117
vn -0.2083 0.9118 -0.3540
vn -0.2015 0.9419 -0.2689
vn -0.9245 0.2695 -0.2695
vn -0.6966 0.3986 -0.5966
vn -0.6966 0.5073 -0.5073
vn -0.2302 0.8281 -0.5111
vn -0.2178 0.8737 -0.4350
vn -0.6966 0.2746 -0.6629
vn -0.9245 0.2117 -0.3169
vn -0.2465 0.7757 -0.5809
vn -0.6966 0.1400 -0.7037
vn -0.9245 0.1458 -0.3521
vn -0.9245 0.0744 -0.3738
vn -1.0000 -0.0000 -0.0000
vn 1.0000 -0.0000 -0.0000
vn 0.8794 -0.0000 -0.4760
vn 0.7247 -0.1344 -0.6759
vn 0.8794 -0.0929 -0.4669
vn 0.8794 -0.1822 -0.4398
vn 0.7247 -0.2637 -0.6366
vn 0.8794 -0.2645 -0.3958
vn 0.7247 -0.3828 -0.5730
vn 0.7247 -0.4873 -0.4873
vn 0.8794 -0.3366 -0.3366
vn 0.8794 -0.3958 -0.2645
vn 0.7247 -0.5730 -0.3828
vn 0.8794 -0.4398 -0.1822
vn 0.7247 -0.6366 -0.2637
vn 0.7247 -0.6759 -0.1344
vn 0.8794 -0.4669 -0.0929
vn 0.8794 -0.4760 -0.0000
vn 0.7247 -0.6891 -0.0000
vn 0.8794 -0.4669 0.0929
vn 0.7247 -0.6759 0.1344
vn 0.8794 -0.4398 0.1822
vn 0.7247 -0.6366 0.2637
vn 0.7247 -0.5730 0.3828
vn 0.8794 -0.3958 0.2645
vn 0.7247 -0.4873 0.4873
vn 0.8794 -0.3366 0.3366
vn 0.7247 -0.3828 0.5730
vn 0.8794 -0.2645 0.3958
vn 0.8794 -0.1822 0.4398
vn 0.7247 -0.2637 0.6366
vn 0.7247 -0.1344 0.6759
vn 0.8794 -0.0929 0.4669
vn 0.8794 -0.0000 0.4760
vn 0.7247 -0.0000 0.6891
vn 0.7247 0.1344 0.6759
vn 0.8794 0.0929 0.4669
vn 0.8794 0.1822 0.4398
vn 0.7247 0.2637 0.6366
vn 0.7247 0.3828 0.5730
vn 0.8794 0.2645 0.3958
vn 0.7247 0.4873 0.4873
vn 0.8794 0.3366 0.3366
vn 0.8794 0.3958 0.2645
vn 0.7247 0.5730 0.3828
vn 0.7247 0.6366 0.2637
vn 0.8794 0.4398 0.1822
vn 0.7247 0.6759 0.1344
vn 0.8794 0.4669 0.0929
vn 0.7247 0.6891 -0.0000
vn 0.8794 0.4760 -0.0000
vn 0.7247 0.6759 -0.1344
vn 0.8794 0.4669 -0.0929
vn 0.7247 0.6366 -0.2637
vn 0.8794 0.4398 -0.1822
vn 0.8794 0.3958 -0.2645
vn 0.7247 0.5730 -0.3828
vn 0.7247 0.4873 -0.4873
vn 0.8794 0.3366 -0.3366
vn 0.7247 0.3828 -0.5730
vn 0.8794 0.2645 -0.3958
vn 0.8794 0.1822 -0.4398
vn 0.7247 0.2637 -0.6366
vn 0.7247 0.1344 -0.6759
vn 0.8794 0.0929 -0.4669
vn 0.7247 -0.0000 -0.6891
vn 0.8662 0.0975 0.4900
vn 0.8662 -0.0000 0.4996
vn 0.8662 0.1912 0.4616
vn 0.8662 0.2776 0.4154
vn 0.8662 0.3533 0.3533
vn 0.8662 0.4154 0.2776
vn 0.8662 0.4900 0.0975
vn 0.8662 0.4616 0.1912
vn 0.8662 0.4996 -0.0000
vn 0.8662 0.4900 -0.0975
vn 0.8662 0.4154 -0.2776
vn 0.8662 0.4616 -0.1912
vn 0.8662 0.3533 -0.3533
vn 0.8662 0.1912 -0.4616
vn 0.8662 0.2776 -0.4154
vn 0.8662 0.0975 -0.4900
vn 0.8662 -0.0975 -0.4900
vn 0.8662 -0.0000 -0.4996
vn 0.8662 -0.1912 -0.4616
vn 0.8662 -0.3533 -0.3533
vn 0.8662 -0.2776 -0.4154
vn 0.8662 -0.4154 -0.2776
vn 0.8662 -0.4900 -0.0975
vn 0.8662 -0.4616 -0.1912
vn 0.8662 -0.4996 -0.0000
vn 0.8662 -0.4900 0.0975
vn 0.8662 -0.4616 0.1912
vn 0.8662 -0.4154 0.2776
vn 0.8662 -0.3533 0.3533
vn 0.8662 -0.2776 0.4154
vn 0.8662 -0.1912 0.4616
vn 0.8662 -0.0975 0.4900
vn 0.9905 -0.0000 0.1373
vn 0.9905 -0.0268 0.1346
vn 0.9905 -0.0525 0.1268
vn 0.9905 -0.0763 0.1141
vn 0.9905 -0.0971 0.0971
vn 0.9905 -0.1141 0.0763
vn 0.9905 -0.1268 0.0525
vn 0.9905 -0.1346 0.0268
vn 0.9905 -0.1373 -0.0000
vn 0.9905 -0.1346 -0.0268
vn 0.9905 -0.1268 -0.0525
vn 0.9905 -0.1141 -0.0763
vn 0.9905 -0.0971 -0.0971
vn 0.9905 -0.0763 -0.1141
vn 0.9905 -0.0525 -0.1268
vn 0.9905 -0.0268 -0.1346
vn 0.9905 -0.0000 -0.1373
vn 0.9905 0.0268 -0.1346
vn 0.9905 0.0525 -0.1268
vn 0.9905 0.0763 -0.1141
vn 0.9905 0.0971 -0.0971
vn 0.9905 0.1141 -0.0763
vn 0.9905 0.1268 -0.0525
vn 0.9905 0.1346 -0.0268
vn 0.9905 0.1373 -0.0000
vn 0.9905 0.1346 0.0268
vn 0.9905 0.1268 0.0525
vn 0.9905 0.1141 0.0763
vn 0.9905 0.0971 0.0971
vn 0.9926 -0.0000 -0.1214
vn 0.9926 0.0464 -0.1121
vn 0.9926 0.0237 -0.1190
vn 0.9926 0.0858 -0.0858
vn 0.9926 0.0674 -0.1009
vn 0.9926 0.1009 -0.0674
vn 0.9926 0.1190 -0.0237
vn 0.9926 0.1121 -0.0464
vn 0.9926 0.1214 -0.0000
vn 0.9926 0.1121 0.0464
vn 0.9926 0.1190 0.0237
vn 0.9926 0.1009 0.0674
vn 0.9926 0.0674 0.1009
vn 0.9926 0.0858 0.0858
vn 0.9926 0.0464 0.1121
vn 0.9926 -0.0000 0.1214
vn 0.9926 0.0237 0.1190
vn 0.9926 -0.0464 0.1121
vn 0.9926 -0.0237 0.1190
vn 0.9926 -0.0674 0.1009
vn 0.9926 -0.1009 0.0674
vn 0.9926 -0.0858 0.0858
vn 0.9926 -0.1121 0.0464
vn 0.9926 -0.1214 -0.0000
vn 0.9926 -0.1190 0.0237
vn 0.9926 -0.1190 -0.0237
vn 0.9926 -0.1121 -0.0464
vn 0.9926 -0.1009 -0.0674
vn 0.9926 -0.0858 -0.0858
vn 0.9926 -0.0237 -0.1190
vn 0.0021 0.9239 -0.3827
vn 0.0021 0.9808 -0.1951
vn 0.0021 -0.5556 0.8315
vn 0.0021 -0.7071 0.7071
vn 0.0021 0.8315 -0.5556
vn 0.0021 -0.3827 0.9239
vn 0.0021 -0.1951 -0.9808
vn 0.0021 -0.0000 -1.0000
vn 0.0021 0.7071 -0.7071
vn 0.0021 -0.1951 0.9808
vn 0.0021 -0.3827 -0.9239
vn 0.0021 0.5556 -0.8315
vn 0.0021 -0.0000 1.0000
vn 0.0021 -0.5556 -0.8315
vn 0.0021 0.3827 -0.9239
vn 0.0021 0.1951 0.9808
vn 0.0021 -0.7071 -0.7071
vn 0.0021 0.1951 -0.9808
vn 0.0021 0.3827 0.9239
vn 0.0021 -0.8315 -0.5556
vn 0.0021 0.5556 0.8315
vn 0.0021 -0.9239 -0.3827
vn 0.0021 0.7071 0.7071
vn 0.0021 -0.9808 -0.1951
vn 0.0021 0.8315 0.5556
vn 0.0021 -1.0000 -0.0000
vn 0.0021 0.9239 0.3827
vn 0.0021 -0.9808 0.1951
vn 0.0021 0.9808 0.1951
vn 0.0021 -0.9239 0.3827
vn 0.0021 1.0000 -0.0000
vn 0.0021 -0.8315 0.5556
vn -0.7145 -0.1365 -0.6862
vn -0.2383 -0.0000 -0.9712
vn -0.2383 -0.1895 -0.9525
vn -0.9274 -0.0730 -0.3669
vn -0.7145 -0.0000 -0.6997
vn -0.7145 -0.2678 -0.6464
vn -0.2383 -0.3717 -0.8973
vn -0.9274 -0.1432 -0.3456
vn -0.7145 -0.3887 -0.5818
vn -0.2383 -0.5396 -0.8075
vn -0.2383 -0.6867 -0.6867
vn -0.7145 -0.4947 -0.4947
vn -0.9274 -0.2078 -0.3110
vn -0.7145 -0.5818 -0.3887
vn -0.2383 -0.8075 -0.5396
vn -0.9274 -0.3110 -0.2078
vn -0.7145 -0.6464 -0.2678
vn -0.2383 -0.8973 -0.3717
vn -0.9274 -0.3456 -0.1432
vn -0.7145 -0.6862 -0.1365
vn -0.2383 -0.9525 -0.1895
vn -0.9274 -0.3669 -0.0730
vn -0.7145 -0.6997 -0.0000
vn -0.2383 -0.9712 -0.0000
vn -0.9274 -0.3741 -0.0000
vn -0.7145 -0.6862 0.1365
vn -0.2383 -0.9525 0.1895
vn -0.9274 -0.3669 0.0730
vn -0.7145 -0.6464 0.2678
vn -0.2383 -0.8973 0.3717
vn -0.9274 -0.3456 0.1432
vn -0.2383 -0.8075 0.5396
vn -0.7145 -0.5818 0.3887
vn -0.2383 -0.6867 0.6867
vn -0.7145 -0.4947 0.4947
vn -0.9274 -0.3110 0.2078
vn -0.7145 -0.3887 0.5818
vn -0.2383 -0.5396 0.8075
vn -0.9274 -0.2078 0.3110
vn -0.7145 -0.2678 0.6464
vn -0.2383 -0.3717 0.8973
vn -0.9274 -0.1432 0.3456
vn -0.2383 -0.1895 0.9525
vn -0.7145 -0.1365 0.6862
vn -0.2383 -0.0000 0.9712
vn -0.7145 -0.0000 0.6997
vn -0.9274 -0.0730 0.3669
vn -0.7145 0.1365 0.6862
vn -0.2383 0.1895 0.9525
vn -0.9274 0.0730 0.3669
vn -0.7145 0.2678 0.6464
vn -0.2383 0.3717 0.8973
vn -0.9274 0.1432 0.3456
vn -0.2383 0.5396 0.8075
vn -0.7145 0.3887 0.5818
vn -0.2383 0.6867 0.6867
vn -0.7145 0.4947 0.4947
vn -0.9274 0.2078 0.3110
vn -0.7145 0.5818 0.3887
vn -0.2383 0.8075 0.5396
vn -0.9274 0.3110 0.2078
vn -0.7145 0.6464 0.2678
vn -0.2383 0.8973 0.3717
vn -0.9274 0.3456 0.1432
vn -0.7145 0.6862 0.1365
vn -0.2383 0.9525 0.1895
vn -0.2383 0.9712 -0.0000
vn -0.7145 0.6997 -0.0000
vn -0.9274 0.3669 0.0730
vn -0.7145 0.6862 -0.1365
vn -0.2383 0.9525 -0.1895
vn -0.9274 0.3669 -0.0730
vn -0.2383 0.8973 -0.3717
vn -0.9274 0.3456 -0.1432
vn -0.7145 0.6464 -0.2678
vn -0.7145 0.5818 -0.3887
vn -0.2383 0.8075 -0.5396
vn -0.2383 0.6867 -0.6867
vn -0.7145 0.4947 -0.4947
vn -0.9274 0.3110 -0.2078
vn -0.2383 0.5396 -0.8075
vn -0.9274 0.2078 -0.3110
vn -0.7145 0.3887 -0.5818
vn -0.2383 0.3717 -0.8973
vn -0.9274 0.1432 -0.3456
vn -0.7145 0.2678 -0.6464
vn -0.2383 0.1895 -0.9525
vn -0.7145 0.1365 -0.6862
vn -0.9274 0.0730 -0.3669
vn -0.9905 0.0268 0.1346
vn -0.9926 -0.0464 -0.1121
vn -0.9926 -0.0237 -0.1190
vn -0.9926 -0.0674 -0.1009
vn -0.9905 0.0525 0.1268
vn -0.9905 0.0763 0.1141
vn -0.2415 -0.0000 -0.9704
vn -0.7371 -0.1318 -0.6628
vn -0.2439 -0.1892 -0.9512
vn -0.7268 -0.0000 -0.6868
vn -0.9185 -0.0792 -0.3875
vn -0.2414 -0.3715 -0.8965
vn -0.7265 -0.2641 -0.6344
vn -0.2414 -0.5390 -0.8069
vn -0.9780 -0.0796 -0.1930
vn -0.7265 -0.3808 -0.5721
vn -0.7371 -0.4779 -0.4779
vn -0.2439 -0.6858 -0.6858
vn -0.9185 -0.2812 -0.2782
vn -0.2415 -0.8069 -0.5391
vn -0.7268 -0.5711 -0.3816
vn -0.7371 -0.6244 -0.2586
vn -0.2439 -0.8960 -0.3711
vn -0.9185 -0.3662 -0.1494
vn -0.2414 -0.9518 -0.1892
vn -0.7265 -0.6742 -0.1329
vn -0.7265 -0.6872 -0.0012
vn -0.2414 -0.9704 -0.0001
vn -0.9780 -0.2047 -0.0410
vn -0.7371 -0.6628 0.1318
vn -0.2439 -0.9512 0.1892
vn -0.9185 -0.3875 0.0792
vn -0.2414 -0.8965 0.3715
vn -0.7265 -0.6344 0.2641
vn -0.2414 -0.8069 0.5390
vn -0.9780 -0.1930 0.0796
vn -0.7265 -0.5721 0.3808
vn -0.7371 -0.4779 0.4779
vn -0.2439 -0.6858 0.6858
vn -0.9185 -0.2782 0.2812
vn -0.2414 -0.5390 0.8069
vn -0.7265 -0.3808 0.5721
vn -0.2414 -0.3715 0.8965
vn -0.9780 -0.1163 0.1735
vn -0.7265 -0.2641 0.6344
vn -0.7371 -0.1318 0.6628
vn -0.2439 -0.1892 0.9512
vn -0.9185 -0.0751 0.3883
vn -0.2415 -0.0000 0.9704
vn -0.7268 -0.0000 0.6868
vn -0.7371 0.1318 0.6628
vn -0.2439 0.1892 0.9512
vn -0.9185 0.0792 0.3875
vn -0.2414 0.3715 0.8965
vn -0.7265 0.2641 0.6344
vn -0.2414 0.5390 0.8069
vn -0.9782 0.1136 0.1737
vn -0.7265 0.3808 0.5721
vn -0.7371 0.4779 0.4779
vn -0.2439 0.6858 0.6858
vn -0.9185 0.2812 0.2782
vn -0.2414 0.8069 0.5390
vn -0.7265 0.5721 0.3808
vn -0.7265 0.6344 0.2641
vn -0.2414 0.8965 0.3715
vn -0.9780 0.1734 0.1163
vn -0.7371 0.6628 0.1318
vn -0.2439 0.9512 0.1892
vn -0.9185 0.3883 0.0751
vn -0.2414 0.9704 -0.0001
vn -0.7265 0.6872 -0.0012
vn -0.7265 0.6742 -0.1329
vn -0.2414 0.9518 -0.1892
vn -0.9782 0.2039 -0.0384
vn -0.7371 0.6244 -0.2586
vn -0.2439 0.8960 -0.3711
vn -0.9185 0.3646 -0.1533
vn -0.2415 0.8069 -0.5391
vn -0.7268 0.5711 -0.3816
vn -0.7371 0.4779 -0.4779
vn -0.2439 0.6858 -0.6858
vn -0.9185 0.2782 -0.2812
vn -0.2414 0.5390 -0.8069
vn -0.7265 0.3808 -0.5721
vn -0.2414 0.3715 -0.8965
vn -0.9780 0.1163 -0.1735
vn -0.7265 0.2641 -0.6344
vn -0.7371 0.1318 -0.6628
vn -0.2439 0.1892 -0.9512
vn -0.9185 0.0751 -0.3883
vn -0.6864 -0.0000 -0.7272
vn -0.9179 -0.0791 -0.3889
vn -0.9720 0.0019 -0.2352
vn -0.2650 0.7170 -0.6447
vn -0.6963 -0.1400 -0.7040
vn -0.6861 -0.2775 -0.6725
vn -0.9722 -0.0876 -0.2169
vn -0.3295 0.5851 -0.7410
vn -0.6861 -0.4051 -0.6044
vn -0.9719 -0.1308 -0.1955
vn -0.9179 -0.2818 -0.2794
vn -0.3799 0.5144 -0.7688
vn -0.6963 -0.5075 -0.5075
vn -0.6864 -0.6046 -0.4040
vn -0.9719 -0.1945 -0.1322
vn -0.5511 0.3762 -0.7449
vn -0.9179 -0.3673 -0.1503
vn -0.6963 -0.6631 -0.2747
vn -0.6861 -0.7134 -0.1429
vn -0.9722 -0.2291 -0.0476
vn -0.5823 -0.6127 -0.5345
vn -0.9719 -0.2352 0.0002
vn -0.6861 -0.7275 0.0010
vn -0.9179 -0.3889 0.0791
vn -0.8467 -0.5319 -0.0099
vn -0.6963 -0.7040 0.1400
vn -0.6861 -0.6725 0.2775
vn -0.9722 -0.2169 0.0877
vn -0.7762 -0.6288 -0.0471
vn -0.6861 -0.6044 0.4051
vn -0.9719 -0.1955 0.1308
vn -0.9179 -0.2794 0.2818
vn -0.5508 0.3762 0.7451
vn -0.6963 -0.5075 0.5075
vn -0.6861 -0.4051 0.6044
vn -0.9722 -0.1317 0.1934
vn -0.3799 0.5144 0.7688
vn -0.6861 -0.2775 0.6726
vn -0.9719 -0.0899 0.2174
vn -0.9179 -0.0758 0.3896
vn -0.3295 0.5851 0.7410
vn -0.6963 -0.1400 0.7040
vn -0.6865 -0.0000 0.7272
vn -0.9720 -0.0019 0.2352
vn -0.2650 0.7170 0.6447
vn -0.9179 0.0791 0.3889
vn -0.6963 0.1400 0.7040
vn -0.6861 0.2775 0.6726
vn -0.9722 0.0876 0.2169
vn -0.2277 0.8282 0.5121
vn -0.6861 0.4051 0.6044
vn -0.9719 0.1308 0.1955
vn -0.9179 0.2818 0.2794
vn -0.2153 0.8740 0.4357
vn -0.6963 0.5075 0.5075
vn -0.6861 0.6044 0.4050
vn -0.9722 0.1934 0.1317
vn -0.1992 0.9422 0.2695
vn -0.6861 0.6726 0.2775
vn -0.9719 0.2174 0.0899
vn -0.9179 0.3896 0.0758
vn 0.5370 0.7865 0.3049
vn -0.6963 0.7040 0.1400
vn -0.6861 0.7275 0.0010
vn -0.9722 0.2340 0.0020
vn -0.2475 0.9166 -0.3139
vn -0.6861 0.7134 -0.1429
vn -0.9719 0.2307 -0.0461
vn 0.0327 0.7799 -0.6251
vn -0.9179 0.3660 -0.1534
vn -0.6963 0.6631 -0.2747
vn -0.6864 0.6046 -0.4040
vn -0.9719 0.1966 -0.1291
vn -0.1993 0.9422 -0.2693
vn -0.9179 0.2795 -0.2818
vn -0.6963 0.5075 -0.5075
vn -0.6861 0.4051 -0.6044
vn -0.9722 0.1317 -0.1934
vn -0.2153 0.8740 -0.4357
vn -0.9719 0.0899 -0.2174
vn -0.6861 0.2775 -0.6726
vn -0.9179 0.0758 -0.3896
vn -0.2277 0.8282 -0.5120
vn -0.6963 0.1400 -0.7040
vn 0.2678 0.7171 -0.6434
vn 0.6966 -0.1400 -0.7037
vn 0.6966 -0.0000 -0.7175
vn 0.9245 -0.0744 -0.3738
vn 0.6966 -0.2746 -0.6629
vn 0.3330 0.5855 -0.7391
vn 0.9245 -0.1458 -0.3521
vn 0.6966 -0.3986 -0.5966
vn 0.3837 0.5151 -0.7665
vn 0.9245 -0.2117 -0.3169
vn 0.6966 -0.5073 -0.5073
vn 0.9245 -0.2695 -0.2695
vn 0.6966 -0.5966 -0.3986
vn 0.5553 0.3773 -0.7412
vn 0.9245 -0.3169 -0.2117
vn 0.0699 -0.5402 -0.8386
vn 0.6966 -0.6629 -0.2746
vn -0.1479 -0.8252 -0.5451
vn 0.9245 -0.3521 -0.1458
vn 0.6966 -0.7037 -0.1400
vn -0.5319 -0.8467 -0.0141
vn 0.9245 -0.3738 -0.0744
vn 0.6966 -0.7175 -0.0000
vn 0.6966 -0.7037 0.1400
vn -0.3006 -0.9047 0.3019
vn 0.9245 -0.3738 0.0744
vn 0.6966 -0.6629 0.2746
vn 0.0344 -0.9567 -0.2889
vn 0.9245 -0.3521 0.1458
vn 0.5552 0.3774 0.7411
vn 0.9245 -0.3169 0.2117
vn 0.6966 -0.5966 0.3986
vn 0.6966 -0.5073 0.5073
vn 0.3837 0.5151 0.7665
vn 0.9245 -0.2695 0.2695
vn 0.6966 -0.3986 0.5966
vn 0.3330 0.5854 0.7392
vn 0.9245 -0.2117 0.3169
vn 0.6966 -0.2746 0.6629
vn 0.9245 -0.1458 0.3521
vn 0.6966 -0.1400 0.7037
vn 0.2678 0.7171 0.6434
vn 0.9245 -0.0744 0.3738
vn 0.6966 -0.0000 0.7175
vn 0.6966 0.1400 0.7037
vn 0.9245 0.0744 0.3738
vn 0.6966 0.2746 0.6629
vn 0.2302 0.8281 0.5110
vn 0.9245 0.1458 0.3521
vn 0.2178 0.8737 0.4350
vn 0.9245 0.2117 0.3169
vn 0.6966 0.3986 0.5966
vn 0.6966 0.5073 0.5073
vn 0.9245 0.2695 0.2695
vn 0.6966 0.5966 0.3986
vn 0.2015 0.9419 0.2689
vn 0.8518 0.4923 0.1791
vn 0.9245 0.3169 0.2117
vn 0.6966 0.6629 0.2746
vn 0.5801 0.8092 0.0937
vn 0.9245 0.3521 0.1458
vn 0.6966 0.7037 0.1400
vn 0.6966 0.7175 -0.0000
vn 0.2380 0.9104 -0.3385
vn 0.9245 0.3738 0.0744
vn 0.6636 0.6038 -0.4417
vn 0.9245 0.3738 -0.0744
vn 0.6966 0.7037 -0.1400
vn 0.6966 0.6629 -0.2746
vn 0.8467 0.4889 -0.2101
vn 0.9245 0.3521 -0.1458
vn 0.6966 0.5966 -0.3986
vn 0.2015 0.9419 -0.2689
vn 0.9245 0.3169 -0.2117
vn 0.9245 0.2695 -0.2695
vn 0.6966 0.5073 -0.5073
vn 0.2178 0.8737 -0.4350
vn 0.6966 0.3986 -0.5966
vn 0.2302 0.8281 -0.5111
vn 0.9245 0.2117 -0.3169
vn 0.6966 0.2746 -0.6629
vn 0.2465 0.7757 -0.5809
vn 0.9245 0.1458 -0.3521
vn 0.6966 0.1400 -0.7037
vn 0.9245 0.0743 -0.3738
vn -0.9780 0.0024 -0.2088
vn -0.9782 -0.1136 -0.1737
vn -0.9780 -0.1723 -0.1180
vn -0.9782 -0.2075 -0.0021
vn -0.9782 -0.1737 0.1136
vn -0.9782 -0.0813 0.1909
vn -0.9780 -0.0024 0.2088
vn -0.9780 0.0796 0.1930
vn -0.9782 0.1909 0.0813
vn -0.9780 0.2088 0.0003
vn -0.9780 0.1749 -0.1140
vn -0.9782 0.0813 -0.1909
vn -0.2465 0.7757 -0.5810
vn -0.8739 -0.3593 -0.3274
vn -0.9318 -0.3169 0.1772
vn 0.0229 0.9932 0.1141
vn 0.5288 0.7777 -0.3399
vn -0.7247 -0.1344 -0.6759
vn -0.8794 -0.0000 -0.4760
vn -0.8794 -0.0929 -0.4669
vn -0.8794 -0.1822 -0.4398
vn -0.8794 -0.2645 -0.3958
vn -0.7247 -0.2637 -0.6366
vn -0.7247 -0.4873 -0.4873
vn -0.8794 -0.3366 -0.3366
vn -0.8794 -0.3958 -0.2645
vn -0.8794 -0.4398 -0.1822
vn -0.7247 -0.5730 -0.3828
vn -0.7247 -0.6759 -0.1344
vn -0.8794 -0.4669 -0.0929
vn -0.8794 -0.4760 -0.0000
vn -0.8794 -0.4669 0.0929
vn -0.7247 -0.6891 -0.0000
vn -0.8794 -0.4398 0.1822
vn -0.7247 -0.6759 0.1344
vn -0.7247 -0.5730 0.3828
vn -0.8794 -0.3958 0.2645
vn -0.7247 -0.4873 0.4873
vn -0.8794 -0.3366 0.3366
vn -0.7247 -0.3828 0.5730
vn -0.8794 -0.2645 0.3958
vn -0.7247 -0.2637 0.6366
vn -0.8794 -0.1822 0.4398
vn -0.7247 -0.1344 0.6759
vn -0.8794 -0.0929 0.4669
vn -0.8794 -0.0000 0.4760
vn -0.7247 0.1344 0.6759
vn -0.8794 0.0929 0.4669
vn -0.8794 0.1822 0.4398
vn -0.7247 0.3828 0.5730
vn -0.8794 0.2645 0.3958
vn -0.7247 0.4873 0.4873
vn -0.8794 0.3366 0.3366
vn -0.8794 0.3958 0.2645
vn -0.7247 0.6366 0.2637
vn -0.8794 0.4398 0.1822
vn -0.7247 0.6759 0.1344
vn -0.8794 0.4669 0.0929
vn -0.7247 0.6891 -0.0000
vn -0.8794 0.4760 -0.0000
vn -0.7247 0.6759 -0.1344
vn -0.8794 0.4669 -0.0929
vn -0.7247 0.6366 -0.2637
vn -0.8794 0.4398 -0.1822
vn -0.8794 0.3958 -0.2645
vn -0.8794 0.3366 -0.3366
vn -0.7247 0.5730 -0.3828
vn -0.7247 0.3828 -0.5730
vn -0.8794 0.2645 -0.3958
vn -0.8794 0.1822 -0.4398
vn -0.7247 0.1344 -0.6759
vn -0.8794 0.0929 -0.4669
vn -0.7247 -0.0000 0.6891
vn -0.8662 0.0975 0.4900
vn -0.8662 -0.0000 0.4996
vn -0.8662 0.1912 0.4616
vn -0.8662 0.2776 0.4154
vn -0.8662 0.3533 0.3533
vn -0.8662 0.4154 0.2776
vn -0.8662 0.4616 0.1912
vn -0.8662 0.4900 0.0975
vn -0.8662 0.4996 -0.0000
vn -0.8662 0.4900 -0.0975
vn -0.8662 0.4616 -0.1912
vn -0.8662 0.4154 -0.2776
vn -0.7247 0.4873 -0.4873
vn -0.8662 0.3533 -0.3533
vn -0.8662 0.2776 -0.4154
vn -0.8662 0.1912 -0.4616
vn -0.8662 0.0975 -0.4900
vn -0.8662 -0.0000 -0.4996
vn -0.7247 -0.0000 -0.6891
vn -0.8662 -0.0975 -0.4900
vn -0.8662 -0.1912 -0.4616
vn -0.8662 -0.2776 -0.4154
vn -0.8662 -0.3533 -0.3533
vn -0.8662 -0.4154 -0.2776
vn -0.8662 -0.4616 -0.1912
vn -0.7247 -0.6366 -0.2637
vn -0.8662 -0.4900 -0.0975
vn -0.8662 -0.4996 -0.0000
vn -0.8662 -0.4900 0.0975
vn -0.7247 -0.6366 0.2637
vn -0.8662 -0.4616 0.1912
vn -0.8662 -0.4154 0.2776
vn -0.8662 -0.3533 0.3533
vn -0.8662 -0.2776 0.4154
vn -0.8662 -0.1912 0.4616
vn -0.8662 -0.0975 0.4900
vn -0.9905 -0.0000 0.1373
vn -0.9905 -0.0268 0.1346
vn -0.9905 -0.0525 0.1268
vn -0.9905 -0.0763 0.1141
vn -0.9905 -0.0971 0.0971
vn -0.9905 -0.1141 0.0763
vn -0.9905 -0.1268 0.0525
vn -0.9905 -0.1346 0.0268
vn -0.9905 -0.1373 -0.0000
vn -0.9905 -0.1346 -0.0268
vn -0.9905 -0.1268 -0.0525
vn -0.9905 -0.1141 -0.0763
vn -0.9905 -0.0971 -0.0971
vn -0.9905 -0.0763 -0.1141
vn -0.9905 -0.0525 -0.1268
vn -0.9905 -0.0268 -0.1346
vn -0.9905 -0.0000 -0.1373
vn -0.9905 0.0268 -0.1346
vn -0.9905 0.0525 -0.1268
vn -0.9905 0.0763 -0.1141
vn -0.9905 0.0971 -0.0971
vn -0.9905 0.1141 -0.0763
vn -0.9905 0.1268 -0.0525
vn -0.9905 0.1346 -0.0268
vn -0.9905 0.1373 -0.0000
vn -0.9905 0.1346 0.0268
vn -0.9905 0.1268 0.0525
vn -0.9905 0.1141 0.0763
vn -0.9905 0.0971 0.0971
vn -0.9926 -0.0000 -0.1214
vn -0.9926 0.0237 -0.1190
vn -0.9926 0.0464 -0.1121
vn -0.9926 0.0674 -0.1009
vn -0.9926 0.0858 -0.0858
vn -0.9926 0.1009 -0.0674
vn -0.9926 0.1121 -0.0464
vn -0.9926 0.1190 -0.0237
vn -0.9926 0.1214 -0.0000
vn -0.9926 0.1190 0.0237
vn -0.9926 0.1121 0.0464
vn -0.9926 0.1009 0.0674
vn -0.9926 0.0858 0.0858
vn -0.9926 0.0674 0.1009
vn -0.9926 0.0464 0.1121
vn -0.9926 0.0237 0.1190
vn -0.9926 -0.0000 0.1214
vn -0.9926 -0.0237 0.1190
vn -0.9926 -0.0464 0.1121
vn -0.9926 -0.0674 0.1009
vn -0.9926 -0.0858 0.0858
vn -0.9926 -0.1009 0.0674
vn -0.9926 -0.1121 0.0464
vn -0.9926 -0.1190 0.0237
vn -0.9926 -0.1214 -0.0000
vn -0.9926 -0.1190 -0.0237
vn -0.9926 -0.1121 -0.0464
vn -0.9926 -0.1009 -0.0674
vn -0.9926 -0.0858 -0.0858
vn -0.9274 -0.0000 -0.3741
vn -0.9274 -0.2645 -0.2645
vn -0.9274 -0.2645 0.2645
vn -0.9274 -0.0000 0.3741
vn -0.9274 0.2645 0.2645
vn -0.9274 0.3741 -0.0000
vn -0.9274 0.2645 -0.2645
vn 0.9245 -0.0000 -0.3811
vn 0.9245 -0.3811 -0.0000
vn 0.9245 -0.0000 0.3811
vn 0.9245 0.3811 -0.0000
vn -0.7247 -0.3828 -0.5730
vn -0.7247 0.2637 0.6366
vn -0.7247 0.5730 0.3828
vn -0.7247 0.2637 -0.6366
vt 0.577140 0.822869
vt 0.662778 0.825005
vt 0.577140 0.825005
vt 0.577140 0.850639
vt 0.662778 0.852775
vt 0.577140 0.852775
vt 0.577140 0.861320
vt 0.662778 0.863456
vt 0.577140 0.863456
vt 0.577140 0.820733
vt 0.662778 0.822869
vt 0.577140 0.848503
vt 0.662778 0.850639
vt 0.577140 0.859183
vt 0.662778 0.861319
vt 0.577140 0.818596
vt 0.662778 0.820733
vt 0.577140 0.846366
vt 0.662778 0.848503
vt 0.577140 0.857047
vt 0.662778 0.859183
vt 0.577140 0.884817
vt 0.662778 0.886953
vt 0.577140 0.886953
vt 0.577140 0.844230
vt 0.662778 0.846366
vt 0.577140 0.854911
vt 0.662778 0.857047
vt 0.577140 0.882681
vt 0.662778 0.884817
vt 0.577140 0.842094
vt 0.662778 0.844230
vt 0.662778 0.854911
vt 0.577140 0.880545
vt 0.662778 0.882681
vt 0.577140 0.839958
vt 0.662778 0.842094
vt 0.577140 0.878409
vt 0.662778 0.880545
vt 0.577140 0.837822
vt 0.662778 0.839958
vt 0.577140 0.876273
vt 0.662778 0.878409
vt 0.577140 0.835686
vt 0.662778 0.837822
vt 0.577140 0.874137
vt 0.662778 0.876273
vt 0.577140 0.833549
vt 0.662778 0.835686
vt 0.577140 0.872000
vt 0.662778 0.874137
vt 0.577140 0.831413
vt 0.662778 0.833549
vt 0.577140 0.869864
vt 0.662778 0.872000
vt 0.577140 0.829277
vt 0.662778 0.831413
vt 0.577140 0.867728
vt 0.662778 0.869864
vt 0.577140 0.827141
vt 0.662778 0.829277
vt 0.577140 0.865592
vt 0.662778 0.867728
vt 0.662778 0.827141
vt 0.662778 0.865592
vt 0.260380 0.419043
vt 0.261888 0.383259
vt 0.261975 0.419039
vt 0.292263 0.419082
vt 0.290842 0.383294
vt 0.292450 0.383302
vt 0.263497 0.383256
vt 0.263569 0.419036
vt 0.294059 0.383311
vt 0.293857 0.419091
vt 0.271539 0.419028
vt 0.273148 0.383248
vt 0.273133 0.419028
vt 0.265105 0.383253
vt 0.265163 0.419033
vt 0.295667 0.383320
vt 0.295451 0.419100
vt 0.274728 0.419029
vt 0.274756 0.383249
vt 0.266757 0.419031
vt 0.266714 0.383251
vt 0.297045 0.419110
vt 0.297276 0.383330
vt 0.276322 0.419031
vt 0.276365 0.383250
vt 0.268322 0.383249
vt 0.268351 0.419029
vt 0.247627 0.419100
vt 0.245803 0.383330
vt 0.247411 0.383320
vt 0.277973 0.383253
vt 0.277916 0.419033
vt 0.269931 0.383248
vt 0.269945 0.419028
vt 0.249020 0.383311
vt 0.249222 0.419091
vt 0.279582 0.383256
vt 0.279510 0.419036
vt 0.271539 0.383248
vt 0.250816 0.419082
vt 0.250628 0.383302
vt 0.281104 0.419039
vt 0.281190 0.383259
vt 0.252237 0.383294
vt 0.252410 0.419074
vt 0.282799 0.383263
vt 0.282698 0.419043
vt 0.253846 0.383287
vt 0.254004 0.419066
vt 0.284408 0.383268
vt 0.284292 0.419048
vt 0.255598 0.419060
vt 0.255454 0.383280
vt 0.286016 0.383274
vt 0.285886 0.419054
vt 0.257063 0.383274
vt 0.257192 0.419054
vt 0.287481 0.419060
vt 0.287625 0.383280
vt 0.258786 0.419048
vt 0.258671 0.383268
vt 0.289233 0.383287
vt 0.289075 0.419066
vt 0.260280 0.383263
vt 0.290669 0.419074
vt 0.225953 0.789176
vt 0.240754 0.788003
vt 0.240770 0.789065
vt 0.225953 0.788113
vt 0.240738 0.786933
vt 0.255522 0.787668
vt 0.255554 0.788725
vt 0.255489 0.786600
vt 0.270222 0.787111
vt 0.270270 0.788163
vt 0.270174 0.786050
vt 0.284887 0.787378
vt 0.284823 0.786335
vt 0.284758 0.785282
vt 0.299290 0.785336
vt 0.299370 0.786369
vt 0.299209 0.784295
vt 0.313685 0.785142
vt 0.313589 0.784123
vt 0.313493 0.783095
vt 0.327685 0.782691
vt 0.327797 0.783694
vt 0.327574 0.781679
vt 0.341543 0.781050
vt 0.341669 0.782036
vt 0.341417 0.780056
vt 0.355138 0.779209
vt 0.355279 0.780176
vt 0.354998 0.778233
vt 0.368490 0.777171
vt 0.368644 0.778122
vt 0.368336 0.776212
vt 0.381797 0.775881
vt 0.381630 0.774945
vt 0.381462 0.773999
vt 0.394770 0.773454
vt 0.394589 0.772529
vt 0.394407 0.771596
vt 0.407396 0.769920
vt 0.407591 0.770835
vt 0.407200 0.768997
vt 0.420289 0.768024
vt 0.420080 0.767117
vt 0.419870 0.766202
vt 0.432668 0.764116
vt 0.432891 0.765014
vt 0.432443 0.763211
vt 0.445428 0.761790
vt 0.445158 0.760895
vt 0.444842 0.760013
vt 0.006476 0.761790
vt 0.019235 0.764116
vt 0.019012 0.765014
vt 0.006746 0.760895
vt 0.019460 0.763211
vt 0.031823 0.767117
vt 0.031615 0.768024
vt 0.032033 0.766201
vt 0.044313 0.770834
vt 0.044508 0.769919
vt 0.044704 0.768996
vt 0.057134 0.773454
vt 0.057315 0.772529
vt 0.057497 0.771596
vt 0.070275 0.774944
vt 0.070107 0.775881
vt 0.070443 0.773999
vt 0.083415 0.777171
vt 0.083261 0.778122
vt 0.083569 0.776212
vt 0.096626 0.780176
vt 0.096767 0.779209
vt 0.096907 0.778233
vt 0.110235 0.782035
vt 0.110361 0.781049
vt 0.110487 0.780055
vt 0.124219 0.782690
vt 0.124108 0.783693
vt 0.124331 0.781677
vt 0.138316 0.784121
vt 0.138221 0.785140
vt 0.138412 0.783093
vt 0.152536 0.786367
vt 0.152616 0.785335
vt 0.152696 0.784293
vt 0.167019 0.787377
vt 0.167083 0.786333
vt 0.167147 0.785281
vt 0.181684 0.787110
vt 0.181636 0.788161
vt 0.181732 0.786049
vt 0.196384 0.787667
vt 0.196352 0.788725
vt 0.196417 0.786600
vt 0.211152 0.788003
vt 0.211136 0.789064
vt 0.211169 0.786932
vt 0.225953 0.787042
vt 0.119825 0.851411
vt 0.084008 0.854411
vt 0.116628 0.840885
vt 0.082083 0.850812
vt 0.111440 0.831184
vt 0.225953 0.799417
vt 0.240960 0.800886
vt 0.225953 0.801023
vt 0.240986 0.802458
vt 0.225953 0.802611
vt 0.255880 0.798920
vt 0.240933 0.799295
vt 0.255935 0.800520
vt 0.270837 0.799891
vt 0.255989 0.802101
vt 0.270757 0.798300
vt 0.285642 0.799000
vt 0.285749 0.800545
vt 0.270917 0.801463
vt 0.300179 0.796321
vt 0.285536 0.797436
vt 0.300312 0.797882
vt 0.314812 0.796495
vt 0.314970 0.798006
vt 0.300446 0.799425
vt 0.328922 0.793365
vt 0.314653 0.794967
vt 0.329109 0.794883
vt 0.342942 0.791532
vt 0.343158 0.793021
vt 0.329298 0.796384
vt 0.356911 0.790942
vt 0.357140 0.792370
vt 0.343375 0.794492
vt 0.370172 0.787283
vt 0.356683 0.789496
vt 0.370420 0.788718
vt 0.383445 0.784907
vt 0.383709 0.786322
vt 0.370667 0.790135
vt 0.396822 0.783751
vt 0.397100 0.785118
vt 0.383972 0.787719
vt 0.409487 0.779653
vt 0.396542 0.782368
vt 0.409789 0.781035
vt 0.422312 0.776769
vt 0.422630 0.778141
vt 0.410087 0.782400
vt 0.435389 0.775056
vt 0.435725 0.776395
vt 0.422946 0.779495
vt 0.447691 0.770436
vt 0.435050 0.773702
vt 0.448091 0.771771
vt 0.004212 0.770436
vt 0.016514 0.775056
vt 0.003812 0.771771
vt 0.016178 0.776395
vt 0.003345 0.773087
vt 0.029592 0.776769
vt 0.016854 0.773702
vt 0.029274 0.778141
vt 0.042417 0.779653
vt 0.041817 0.782400
vt 0.028959 0.779496
vt 0.055082 0.783751
vt 0.042116 0.781035
vt 0.054804 0.785118
vt 0.068459 0.784908
vt 0.055362 0.782367
vt 0.068195 0.786322
vt 0.081734 0.787283
vt 0.081486 0.788718
vt 0.067932 0.787719
vt 0.094994 0.790942
vt 0.094766 0.792370
vt 0.081239 0.790136
vt 0.108963 0.791531
vt 0.095223 0.789496
vt 0.108747 0.793020
vt 0.122984 0.793364
vt 0.122608 0.796383
vt 0.108530 0.794491
vt 0.137094 0.796494
vt 0.122796 0.794883
vt 0.136935 0.798004
vt 0.151727 0.796320
vt 0.137253 0.794966
vt 0.151594 0.797881
vt 0.166264 0.798998
vt 0.166157 0.800544
vt 0.151460 0.799424
vt 0.181149 0.798299
vt 0.166370 0.797434
vt 0.181069 0.799890
vt 0.195971 0.800519
vt 0.180989 0.801462
vt 0.196026 0.798919
vt 0.210946 0.800886
vt 0.210920 0.802458
vt 0.195917 0.802101
vt 0.210973 0.799295
vt 0.240992 0.802784
vt 0.225953 0.804436
vt 0.225953 0.802907
vt 0.241018 0.804298
vt 0.225953 0.805949
vt 0.256051 0.803919
vt 0.256103 0.805426
vt 0.241044 0.805794
vt 0.270932 0.801757
vt 0.256000 0.802396
vt 0.271013 0.803272
vt 0.285771 0.800866
vt 0.285875 0.802354
vt 0.271093 0.804770
vt 0.300602 0.801199
vt 0.300732 0.802669
vt 0.285979 0.803824
vt 0.315004 0.798319
vt 0.300471 0.799713
vt 0.315159 0.799773
vt 0.329517 0.798110
vt 0.329698 0.799540
vt 0.315314 0.801211
vt 0.343421 0.794767
vt 0.329334 0.796664
vt 0.343635 0.796184
vt 0.357189 0.792667
vt 0.357412 0.794041
vt 0.343849 0.797584
vt 0.370953 0.791764
vt 0.371190 0.793112
vt 0.357633 0.795398
vt 0.384022 0.787980
vt 0.370714 0.790399
vt 0.384279 0.789324
vt 0.397158 0.785401
vt 0.397427 0.786717
vt 0.384534 0.790653
vt 0.410430 0.783970
vt 0.410714 0.785269
vt 0.397694 0.788016
vt 0.423004 0.779749
vt 0.410143 0.782655
vt 0.423309 0.781053
vt 0.435795 0.776671
vt 0.436117 0.777961
vt 0.423611 0.782343
vt 0.449100 0.774630
vt 0.449483 0.775939
vt 0.436433 0.779236
vt 0.016109 0.776671
vt 0.002803 0.774630
vt 0.003258 0.773338
vt 0.015787 0.777961
vt 0.002421 0.775940
vt 0.028595 0.781054
vt 0.028293 0.782343
vt 0.015470 0.779236
vt 0.028900 0.779749
vt 0.041474 0.783969
vt 0.054746 0.785401
vt 0.041761 0.782655
vt 0.054477 0.786716
vt 0.041190 0.785269
vt 0.067626 0.789325
vt 0.067370 0.790653
vt 0.054210 0.788015
vt 0.081192 0.790400
vt 0.067883 0.787980
vt 0.080953 0.791765
vt 0.094717 0.792666
vt 0.094495 0.794040
vt 0.080716 0.793114
vt 0.108269 0.796183
vt 0.108055 0.797584
vt 0.094273 0.795398
vt 0.108484 0.794766
vt 0.122389 0.798109
vt 0.122207 0.799539
vt 0.136902 0.798318
vt 0.122572 0.796663
vt 0.136747 0.799772
vt 0.151304 0.801198
vt 0.151174 0.802668
vt 0.136592 0.801209
vt 0.166135 0.800864
vt 0.151435 0.799711
vt 0.166031 0.802352
vt 0.180894 0.803270
vt 0.180814 0.804768
vt 0.165927 0.803823
vt 0.195907 0.802396
vt 0.180974 0.801756
vt 0.195856 0.803919
vt 0.210914 0.802784
vt 0.210888 0.804298
vt 0.195804 0.805425
vt 0.210862 0.805794
vt 0.225962 0.805963
vt 0.241078 0.807307
vt 0.225962 0.807460
vt 0.241104 0.808825
vt 0.225962 0.808980
vt 0.241053 0.805809
vt 0.256163 0.806931
vt 0.256215 0.808444
vt 0.256112 0.805440
vt 0.271181 0.806267
vt 0.271262 0.807771
vt 0.271102 0.804784
vt 0.286093 0.805311
vt 0.286200 0.806804
vt 0.300742 0.802682
vt 0.285989 0.803839
vt 0.301006 0.805614
vt 0.315477 0.802663
vt 0.300872 0.804137
vt 0.315637 0.804122
vt 0.329704 0.799553
vt 0.315321 0.801225
vt 0.329885 0.800969
vt 0.343859 0.797598
vt 0.344064 0.798984
vt 0.330071 0.802405
vt 0.357859 0.796771
vt 0.358086 0.798147
vt 0.344274 0.800390
vt 0.371193 0.793125
vt 0.357636 0.795413
vt 0.371670 0.795814
vt 0.384540 0.790665
vt 0.371429 0.794460
vt 0.385051 0.793315
vt 0.397704 0.788028
vt 0.384793 0.791981
vt 0.398245 0.790646
vt 0.410724 0.785280
vt 0.397972 0.789328
vt 0.411006 0.786566
vt 0.423620 0.782353
vt 0.423920 0.783629
vt 0.411294 0.787870
vt 0.436442 0.779239
vt 0.436756 0.780515
vt 0.424225 0.784923
vt 0.449496 0.775968
vt 0.449771 0.777289
vt 0.437074 0.781808
vt 0.002423 0.775972
vt 0.015162 0.780519
vt 0.002147 0.777293
vt 0.014844 0.781813
vt 0.001944 0.778631
vt 0.015476 0.779243
vt 0.027998 0.783633
vt 0.027694 0.784927
vt 0.041195 0.785283
vt 0.028298 0.782357
vt 0.040626 0.787873
vt 0.053947 0.789331
vt 0.040913 0.786569
vt 0.053675 0.790648
vt 0.067376 0.790668
vt 0.054215 0.788031
vt 0.067122 0.791983
vt 0.080714 0.793127
vt 0.080477 0.794461
vt 0.066865 0.793316
vt 0.094270 0.795413
vt 0.094047 0.796770
vt 0.080237 0.795814
vt 0.108055 0.797597
vt 0.107850 0.798984
vt 0.093820 0.798147
vt 0.122027 0.800969
vt 0.121841 0.802405
vt 0.107640 0.800390
vt 0.122208 0.799553
vt 0.136440 0.802664
vt 0.136280 0.804122
vt 0.136596 0.801225
vt 0.151047 0.804138
vt 0.150913 0.805614
vt 0.165934 0.803839
vt 0.151177 0.802682
vt 0.165722 0.806804
vt 0.180743 0.806266
vt 0.165829 0.805311
vt 0.195812 0.805440
vt 0.180822 0.804783
vt 0.195761 0.806932
vt 0.180662 0.807770
vt 0.210871 0.805809
vt 0.210845 0.807307
vt 0.195710 0.808444
vt 0.210819 0.808825
vt 0.467959 0.858545
vt 0.469735 0.859732
vt 0.453704 0.919903
vt 0.539183 0.815746
vt 0.481785 0.841698
vt 0.509247 0.785811
vt 0.234339 0.132004
vt 0.233397 0.138631
vt 0.231555 0.132558
vt 0.228933 0.133644
vt 0.231925 0.139241
vt 0.230599 0.140127
vt 0.226573 0.135221
vt 0.229472 0.141254
vt 0.224566 0.137228
vt 0.222989 0.139588
vt 0.228586 0.142579
vt 0.227976 0.144052
vt 0.221903 0.142210
vt 0.221349 0.144994
vt 0.227665 0.145616
vt 0.227665 0.147210
vt 0.221349 0.147832
vt 0.221903 0.150615
vt 0.227976 0.148773
vt 0.228586 0.150246
vt 0.222989 0.153238
vt 0.229472 0.151572
vt 0.224566 0.155598
vt 0.230599 0.152699
vt 0.226573 0.157604
vt 0.231925 0.153584
vt 0.228933 0.159181
vt 0.231555 0.160267
vt 0.233397 0.154194
vt 0.234961 0.154505
vt 0.234339 0.160821
vt 0.237177 0.160821
vt 0.236555 0.154505
vt 0.238118 0.154194
vt 0.239961 0.160267
vt 0.242583 0.159181
vt 0.239591 0.153584
vt 0.240917 0.152699
vt 0.244943 0.157604
vt 0.242044 0.151572
vt 0.246950 0.155598
vt 0.248526 0.153238
vt 0.242930 0.150246
vt 0.243540 0.148773
vt 0.249613 0.150616
vt 0.250166 0.147832
vt 0.243851 0.147210
vt 0.250166 0.144994
vt 0.243851 0.145616
vt 0.243540 0.144052
vt 0.249613 0.142210
vt 0.242930 0.142579
vt 0.248526 0.139588
vt 0.246950 0.137228
vt 0.242044 0.141254
vt 0.240917 0.140127
vt 0.244943 0.135221
vt 0.242583 0.133644
vt 0.239591 0.139241
vt 0.239961 0.132558
vt 0.238118 0.138631
vt 0.236555 0.138320
vt 0.237177 0.132004
vt 0.234961 0.138320
vt 0.683188 0.845294
vt 0.690726 0.857490
vt 0.684379 0.857486
vt 0.679641 0.833569
vt 0.689413 0.844061
vt 0.679154 0.819240
vt 0.685506 0.831145
vt 0.666111 0.813287
vt 0.673875 0.822762
vt 0.656647 0.805509
vt 0.670601 0.808803
vt 0.648282 0.793865
vt 0.660177 0.800235
vt 0.634129 0.796161
vt 0.645849 0.799726
vt 0.621939 0.794951
vt 0.635372 0.789938
vt 0.608514 0.789918
vt 0.621944 0.788605
vt 0.598023 0.799690
vt 0.609748 0.796143
vt 0.583694 0.800177
vt 0.595599 0.793825
vt 0.587215 0.805456
vt 0.573256 0.808729
vt 0.569962 0.822683
vt 0.577741 0.813220
vt 0.564180 0.833482
vt 0.564688 0.819154
vt 0.554392 0.843959
vt 0.558318 0.831049
vt 0.560615 0.845202
vt 0.553059 0.857387
vt 0.560597 0.869583
vt 0.559405 0.857391
vt 0.564144 0.881308
vt 0.554371 0.870816
vt 0.564631 0.895637
vt 0.558279 0.883732
vt 0.577674 0.901590
vt 0.569910 0.892115
vt 0.587137 0.909368
vt 0.573183 0.906074
vt 0.597936 0.915151
vt 0.583607 0.914642
vt 0.609655 0.918716
vt 0.595503 0.921012
vt 0.621845 0.919926
vt 0.608413 0.924939
vt 0.634037 0.918734
vt 0.621840 0.926272
vt 0.645761 0.915187
vt 0.635270 0.924959
vt 0.656569 0.909421
vt 0.648186 0.921052
vt 0.666044 0.901657
vt 0.660091 0.914700
vt 0.673822 0.892194
vt 0.670528 0.906148
vt 0.679605 0.881395
vt 0.679096 0.895723
vt 0.689393 0.870918
vt 0.685466 0.883828
vt 0.683169 0.869675
vt 0.082322 0.862382
vt 0.077851 0.859778
vt 0.081979 0.858957
vt 0.080985 0.855663
vt 0.077100 0.857269
vt 0.079362 0.852632
vt 0.075863 0.854962
vt 0.074202 0.852940
vt 0.077179 0.849974
vt 0.074519 0.847794
vt 0.072180 0.851284
vt 0.071483 0.846175
vt 0.069874 0.850056
vt 0.067377 0.849291
vt 0.068193 0.845172
vt 0.064774 0.844834
vt 0.064779 0.849031
vt 0.061357 0.845169
vt 0.062180 0.849283
vt 0.058074 0.846173
vt 0.059682 0.850051
vt 0.057382 0.851291
vt 0.055047 0.847799
vt 0.055367 0.852957
vt 0.052394 0.849986
vt 0.053716 0.854985
vt 0.050217 0.852652
vt 0.048593 0.855686
vt 0.052479 0.857291
vt 0.051729 0.859799
vt 0.047601 0.858981
vt 0.047262 0.862406
vt 0.051467 0.862404
vt 0.051732 0.865010
vt 0.047605 0.865831
vt 0.048599 0.869125
vt 0.052483 0.867518
vt 0.053722 0.869825
vt 0.050223 0.872157
vt 0.055384 0.871845
vt 0.052407 0.874815
vt 0.055061 0.877002
vt 0.057398 0.873514
vt 0.059704 0.874743
vt 0.058091 0.878619
vt 0.062204 0.875498
vt 0.061380 0.879614
vt 0.064803 0.875749
vt 0.064801 0.879948
vt 0.067402 0.875500
vt 0.068220 0.879615
vt 0.069898 0.874734
vt 0.071505 0.878612
vt 0.074533 0.876985
vt 0.072197 0.873494
vt 0.074210 0.871827
vt 0.077188 0.874796
vt 0.075871 0.869806
vt 0.079371 0.872135
vt 0.080992 0.869102
vt 0.077106 0.867499
vt 0.077855 0.864990
vt 0.081982 0.865806
vt 0.078116 0.862384
vt 0.123046 0.850768
vt 0.128623 0.862355
vt 0.124195 0.862357
vt 0.123753 0.837934
vt 0.127388 0.849905
vt 0.119662 0.839627
vt 0.117852 0.826900
vt 0.114170 0.829359
vt 0.109917 0.817223
vt 0.106785 0.820354
vt 0.100242 0.809284
vt 0.097780 0.812966
vt 0.089205 0.803376
vt 0.076359 0.804079
vt 0.087510 0.807469
vt 0.064753 0.802933
vt 0.077227 0.799730
vt 0.052280 0.799747
vt 0.064753 0.798492
vt 0.053150 0.804095
vt 0.040304 0.803406
vt 0.031741 0.813007
vt 0.042004 0.807498
vt 0.019611 0.817279
vt 0.029275 0.809328
vt 0.022747 0.820406
vt 0.011687 0.826963
vt 0.009894 0.839697
vt 0.015371 0.829421
vt 0.002183 0.849982
vt 0.005802 0.838005
vt 0.006526 0.850842
vt 0.000961 0.862432
vt 0.006538 0.874018
vt 0.005389 0.862430
vt 0.005833 0.886852
vt 0.002196 0.874881
vt 0.009922 0.885158
vt 0.011727 0.897888
vt 0.022798 0.904431
vt 0.015409 0.895428
vt 0.031800 0.911822
vt 0.019664 0.907560
vt 0.040374 0.921407
vt 0.029336 0.915503
vt 0.053220 0.920705
vt 0.042071 0.917315
vt 0.064826 0.921854
vt 0.052354 0.925054
vt 0.076429 0.920691
vt 0.064829 0.926297
vt 0.087576 0.917292
vt 0.077302 0.925037
vt 0.097842 0.911782
vt 0.089279 0.921383
vt 0.106833 0.904379
vt 0.100307 0.915462
vt 0.114213 0.895369
vt 0.109968 0.907506
vt 0.119688 0.885091
vt 0.117898 0.897825
vt 0.127403 0.874805
vt 0.123780 0.886781
vt 0.123059 0.873947
vt 0.120909 0.862359
vt 0.119838 0.873308
vt 0.116653 0.883838
vt 0.111478 0.893547
vt 0.104508 0.902060
vt 0.096012 0.909053
vt 0.086313 0.914257
vt 0.075783 0.917467
vt 0.064824 0.918559
vt 0.053864 0.917480
vt 0.043330 0.914281
vt 0.033626 0.909091
vt 0.025121 0.902109
vt 0.018141 0.893603
vt 0.012956 0.883901
vt 0.009759 0.873376
vt 0.008675 0.862429
vt 0.009746 0.851481
vt 0.012930 0.840951
vt 0.018104 0.831242
vt 0.025073 0.822727
vt 0.033570 0.815735
vt 0.043267 0.810532
vt 0.053797 0.807320
vt 0.064755 0.806227
vt 0.075715 0.807305
vt 0.086250 0.810505
vt 0.095955 0.815696
vt 0.104461 0.822678
vt 0.085596 0.862380
vt 0.084017 0.870351
vt 0.085197 0.866443
vt 0.079508 0.877110
vt 0.082096 0.873952
vt 0.076357 0.879705
vt 0.068860 0.882821
vt 0.072761 0.881633
vt 0.064802 0.883222
vt 0.056840 0.881642
vt 0.060743 0.882824
vt 0.053243 0.879721
vt 0.047500 0.873976
vt 0.050090 0.877131
vt 0.045575 0.870378
vt 0.043987 0.862408
vt 0.044390 0.866471
vt 0.045568 0.854436
vt 0.044386 0.858344
vt 0.047489 0.850834
vt 0.053225 0.845080
vt 0.050075 0.847674
vt 0.056819 0.843152
vt 0.064774 0.841563
vt 0.060718 0.841964
vt 0.068833 0.841962
vt 0.072737 0.843147
vt 0.076337 0.845070
vt 0.079493 0.847658
vt 0.085193 0.858317
vt 0.246033 0.419110
vt 0.448646 0.773338
vt 0.448558 0.773087
vt 0.496040 0.919903
vt 0.466449 0.857034
vt 0.465262 0.855258
vt 0.521133 0.793752
vt 0.483295 0.843208
vt 0.484482 0.844985
vt 0.662778 0.818596
vt 0.007061 0.760013
vt 0.449975 0.778627
vt 0.418503 0.896382
vt 0.410561 0.884496
vt 0.405091 0.871289
vt 0.402302 0.857269
vt 0.402302 0.842974
vt 0.405091 0.828954
vt 0.410561 0.815747
vt 0.418503 0.803861
vt 0.428611 0.793753
vt 0.440497 0.785811
vt 0.453704 0.780340
vt 0.467724 0.777551
vt 0.482019 0.777551
vt 0.496040 0.780340
vt 0.480009 0.840511
vt 0.478035 0.839694
vt 0.475940 0.839277
vt 0.428611 0.906490
vt 0.440497 0.914432
vt 0.482020 0.922691
vt 0.467724 0.922691
vt 0.509247 0.914432
vt 0.531241 0.896382
vt 0.521133 0.906490
vt 0.544653 0.871289
vt 0.539183 0.884496
vt 0.547442 0.842974
vt 0.547442 0.857269
vt 0.544653 0.828953
vt 0.485300 0.846958
vt 0.485716 0.849053
vt 0.473804 0.839277
vt 0.485716 0.851189
vt 0.471709 0.839694
vt 0.469735 0.840511
vt 0.485300 0.853285
vt 0.484482 0.855258
vt 0.467959 0.841698
vt 0.466449 0.843208
vt 0.483295 0.857034
vt 0.465262 0.844985
vt 0.464444 0.846958
vt 0.481785 0.858545
vt 0.480009 0.859732
vt 0.464028 0.849053
vt 0.464028 0.851189
vt 0.478035 0.860549
vt 0.475940 0.860966
vt 0.464444 0.853285
vt 0.473804 0.860966
vt 0.471709 0.860549
vt 0.531241 0.803861
s 1
usemtl Bogie
f 15/1/1 46/2/2 14/3/2
f 2/4/3 33/5/4 1/6/4
f 29/7/5 60/8/6 28/9/6
f 16/10/7 47/11/1 15/1/1
f 3/12/8 34/13/3 2/4/3
f 30/14/9 61/15/5 29/7/5
f 17/16/10 48/17/7 16/10/7
f 4/18/11 35/19/8 3/12/8
f 31/20/12 62/21/9 30/14/9
f 18/22/13 49/23/10 17/24/10
f 5/25/14 36/26/11 4/18/11
f 32/27/15 63/28/12 31/20/12
f 19/29/16 50/30/13 18/22/13
f 6/31/17 37/32/14 5/25/14
f 1/6/4 64/33/15 32/27/15
f 20/34/18 51/35/16 19/29/16
f 7/36/19 38/37/17 6/31/17
f 21/38/20 52/39/18 20/34/18
f 8/40/21 39/41/19 7/36/19
f 22/42/22 53/43/20 21/38/20
f 9/44/23 40/45/21 8/40/21
f 23/46/24 54/47/22 22/42/22
f 10/48/25 41/49/23 9/44/23
f 24/50/26 55/51/24 23/46/24
f 11/52/27 42/53/25 10/48/25
f 25/54/28 56/55/26 24/50/26
f 12/56/29 43/57/27 11/52/27
f 26/58/30 57/59/28 25/54/28
f 13/60/31 44/61/29 12/56/29
f 27/62/32 58/63/30 26/58/30
f 14/3/2 45/64/31 13/60/31
f 28/9/6 59/65/32 27/62/32
f 538/66/33 123/67/34 539/68/34
f 526/69/35 109/70/36 110/71/35
f 539/68/34 124/72/37 540/73/37
f 526/69/35 111/74/38 527/75/38
f 514/76/39 97/77/40 513/78/40
f 540/73/37 125/79/41 541/80/41
f 527/75/38 112/81/42 528/82/42
f 515/83/43 97/77/40 99/84/43
f 542/85/44 125/79/41 126/86/44
f 529/87/45 112/81/42 113/88/45
f 516/89/46 99/84/43 100/90/46
f 542/85/44 127/91/47 543/92/47
f 530/93/48 113/94/45 114/95/48
f 516/89/46 101/96/49 517/97/49
f 543/92/47 128/98/50 544/99/50
f 530/93/48 115/100/51 531/101/51
f 517/97/49 102/102/52 518/103/52
f 514/76/39 128/98/50 98/104/39
f 532/105/53 115/100/51 116/106/53
f 519/107/54 102/102/52 103/108/54
f 532/105/53 117/109/55 533/110/55
f 519/107/54 104/111/56 520/112/56
f 533/110/55 118/113/57 534/114/57
f 520/112/56 105/115/58 521/116/58
f 535/117/59 118/113/57 119/118/59
f 521/116/58 106/119/60 522/120/60
f 535/117/59 120/121/61 536/122/61
f 523/123/62 106/119/60 107/124/62
f 537/125/63 120/121/61 121/126/63
f 523/123/62 108/127/64 524/128/64
f 538/66/33 121/126/63 122/129/33
f 524/128/64 109/70/36 525/130/36
f 130/131/65 134/132/66 133/133/67
f 131/134/68 546/135/69 134/132/66
f 133/133/67 137/136/70 136/137/71
f 134/132/66 547/138/72 137/136/70
f 136/137/71 140/139/73 139/140/74
f 140/139/73 547/138/72 548/141/75
f 142/142/76 140/139/73 143/143/77
f 143/143/77 548/141/75 549/144/78
f 142/142/76 146/145/79 145/146/80
f 143/143/77 550/147/81 146/145/79
f 148/148/82 146/145/79 149/149/83
f 146/145/79 551/150/84 149/149/83
f 148/148/82 152/151/85 151/152/86
f 152/151/85 551/150/84 552/153/87
f 151/152/86 155/154/88 154/155/89
f 152/151/85 553/156/90 155/154/88
f 154/155/89 158/157/91 157/158/92
f 155/154/88 554/159/93 158/157/91
f 157/158/92 161/160/94 160/161/95
f 158/157/91 555/162/96 161/160/94
f 163/163/97 161/160/94 164/164/98
f 164/164/98 555/162/96 556/165/99
f 166/166/100 164/164/98 167/167/101
f 167/167/101 556/165/99 557/168/102
f 166/166/100 170/169/103 169/170/104
f 167/167/101 558/171/105 170/169/103
f 172/172/106 170/169/103 173/173/107
f 170/169/103 559/174/108 173/173/107
f 172/172/106 176/175/109 175/176/110
f 176/175/109 559/174/108 560/177/111
f 178/178/112 176/175/109 179/179/113
f 179/179/113 560/177/111 561/180/114
f 178/181/112 182/182/115 181/183/116
f 179/184/113 562/185/117 182/182/115
f 181/183/116 185/186/118 184/187/119
f 182/182/115 563/188/120 185/186/118
f 187/189/121 185/186/118 188/190/122
f 188/190/122 563/188/120 564/191/123
f 190/192/124 188/190/122 191/193/125
f 191/193/125 564/191/123 565/194/126
f 190/192/124 194/195/127 193/196/128
f 191/193/125 566/197/129 194/195/127
f 193/196/128 197/198/130 196/199/131
f 194/195/127 567/200/132 197/198/130
f 199/201/133 197/198/130 200/202/134
f 200/202/134 567/200/132 568/203/135
f 202/204/136 200/202/134 203/205/137
f 203/205/137 568/203/135 569/206/138
f 202/204/136 206/207/139 205/208/140
f 203/205/137 570/209/141 206/207/139
f 205/208/140 209/210/142 208/211/143
f 206/207/139 571/212/144 209/210/142
f 211/213/145 209/210/142 212/214/146
f 212/214/146 571/212/144 572/215/147
f 214/216/148 212/214/146 215/217/149
f 215/217/149 572/215/147 573/218/150
f 214/216/148 218/219/151 217/220/152
f 215/217/149 574/221/153 218/219/151
f 217/220/152 221/222/154 220/223/155
f 218/219/151 575/224/156 221/222/154
f 220/223/155 224/225/157 223/226/158
f 224/225/157 575/224/156 576/227/159
f 130/131/65 224/225/157 131/134/68
f 131/134/68 576/227/159 545/228/160
f 132/229/161 579/230/162 611/231/163
f 611/231/163 68/232/164 138/233/165
f 226/234/166 230/235/167 227/236/168
f 227/236/168 229/237/169 225/238/170
f 231/239/171 230/235/167 228/240/172
f 233/241/173 229/237/169 230/235/167
f 231/239/171 236/242/174 233/241/173
f 236/242/174 232/243/175 233/241/173
f 234/244/176 239/245/177 236/242/174
f 236/242/174 238/246/178 235/247/179
f 240/248/180 239/245/177 237/249/181
f 242/250/182 238/246/178 239/245/177
f 240/248/180 245/251/183 242/250/182
f 242/250/182 244/252/184 241/253/185
f 246/254/186 245/251/183 243/255/187
f 248/256/188 244/252/184 245/251/183
f 249/257/189 248/256/188 246/254/186
f 251/258/190 247/259/191 248/256/188
f 249/257/189 254/260/192 251/258/190
f 251/258/190 253/261/193 250/262/194
f 255/263/195 254/260/192 252/264/196
f 257/265/197 253/261/193 254/260/192
f 258/266/198 257/265/197 255/263/195
f 260/267/199 256/268/200 257/265/197
f 258/266/198 263/269/201 260/267/199
f 260/267/199 262/270/202 259/271/203
f 264/272/204 263/269/201 261/273/205
f 266/274/206 262/270/202 263/269/201
f 267/275/207 266/274/206 264/272/204
f 269/276/208 265/277/209 266/274/206
f 267/275/207 272/278/210 269/276/208
f 269/276/208 271/279/211 268/280/212
f 273/281/213 272/278/210 270/282/214
f 275/283/215 271/279/211 272/278/210
f 273/284/213 278/285/216 275/286/215
f 275/286/215 277/287/217 274/288/218
f 279/289/219 278/285/216 276/290/220
f 281/291/221 277/287/217 278/285/216
f 282/292/222 281/291/221 279/289/219
f 281/291/221 283/293/223 280/294/224
f 282/292/222 287/295/225 284/296/226
f 284/296/226 286/297/227 283/293/223
f 288/298/228 287/295/225 285/299/229
f 290/300/230 286/297/227 287/295/225
f 291/301/231 290/300/230 288/298/228
f 293/302/232 289/303/233 290/300/230
f 291/301/231 296/304/234 293/302/232
f 293/302/232 295/305/235 292/306/236
f 297/307/237 296/304/234 294/308/238
f 299/309/239 295/305/235 296/304/234
f 300/310/240 299/309/239 297/307/237
f 299/309/239 301/311/241 298/312/242
f 300/310/240 305/313/243 302/314/244
f 302/314/244 304/315/245 301/311/241
f 306/316/246 305/313/243 303/317/247
f 308/318/248 304/315/245 305/313/243
f 306/316/246 311/319/249 308/318/248
f 308/318/248 310/320/250 307/321/251
f 312/322/252 311/319/249 309/323/253
f 314/324/254 310/320/250 311/319/249
f 312/322/252 317/325/255 314/324/254
f 317/325/255 313/326/256 314/324/254
f 315/327/257 320/328/258 317/325/255
f 317/325/255 319/329/259 316/330/260
f 226/234/166 320/328/258 318/331/261
f 227/236/168 319/329/259 320/328/258
f 324/332/262 323/333/263 322/334/264
f 326/335/265 321/336/266 323/333/263
f 324/332/262 329/337/267 326/335/265
f 326/335/265 328/338/268 325/339/269
f 330/340/270 329/337/267 327/341/271
f 332/342/272 328/338/268 329/337/267
f 333/343/273 332/342/272 330/340/270
f 335/344/274 331/345/275 332/342/272
f 333/343/273 338/346/276 335/344/274
f 335/344/274 337/347/277 334/348/278
f 339/349/279 338/346/276 336/350/280
f 341/351/281 337/347/277 338/346/276
f 339/349/279 344/352/282 341/351/281
f 341/351/281 343/353/283 340/354/284
f 345/355/285 344/352/282 342/356/286
f 347/357/287 343/353/283 344/352/282
f 348/358/288 347/357/287 345/355/285
f 350/359/289 346/360/290 347/357/287
f 348/358/288 353/361/291 350/359/289
f 350/359/289 352/362/292 349/363/293
f 354/364/294 353/361/291 351/365/295
f 356/366/296 352/362/292 353/361/291
f 357/367/297 356/366/296 354/364/294
f 359/368/298 355/369/299 356/366/296
f 357/367/297 362/370/300 359/368/298
f 359/368/298 361/371/301 358/372/302
f 363/373/303 362/370/300 360/374/304
f 365/375/305 361/371/301 362/370/300
f 366/376/306 365/375/305 363/373/303
f 368/377/307 364/378/308 365/375/305
f 366/376/306 371/379/309 368/377/307
f 368/377/307 370/380/310 367/381/311
f 372/382/312 371/383/309 369/384/313
f 374/385/314 370/386/310 371/383/309
f 372/382/312 377/387/315 374/385/314
f 374/385/314 376/388/316 373/389/317
f 375/390/318 380/391/319 377/387/315
f 380/391/319 376/388/316 377/387/315
f 381/392/320 380/391/319 378/393/321
f 383/394/322 379/395/323 380/391/319
f 381/392/320 386/396/324 383/394/322
f 383/394/322 385/397/325 382/398/326
f 387/399/327 386/396/324 384/400/328
f 389/401/329 385/397/325 386/396/324
f 390/402/330 389/401/329 387/399/327
f 392/403/331 388/404/332 389/401/329
f 390/402/330 395/405/333 392/403/331
f 392/403/331 394/406/334 391/407/335
f 393/408/336 398/409/337 395/405/333
f 395/405/333 397/410/338 394/406/334
f 399/411/339 398/409/337 396/412/340
f 401/413/341 397/410/338 398/409/337
f 399/411/339 404/414/342 401/413/341
f 401/413/341 403/415/343 400/416/344
f 405/417/345 404/414/342 402/418/346
f 407/419/347 403/415/343 404/414/342
f 405/417/345 410/420/348 407/419/347
f 407/419/347 409/421/349 406/422/350
f 411/423/351 410/420/348 408/424/352
f 413/425/353 409/421/349 410/420/348
f 414/426/354 413/425/353 411/423/351
f 416/427/355 412/428/356 413/425/353
f 414/426/354 323/333/263 416/427/355
f 416/427/355 321/336/266 415/429/357
f 418/430/358 422/431/359 419/432/360
f 419/432/360 421/433/361 417/434/362
f 420/435/363 425/436/364 422/431/359
f 422/431/359 424/437/365 421/433/361
f 423/438/366 428/439/367 425/436/364
f 425/436/364 427/440/368 424/437/365
f 426/441/369 431/442/370 428/439/367
f 428/439/367 430/443/371 427/440/368
f 432/444/372 431/442/370 429/445/373
f 431/442/370 433/446/374 430/443/371
f 432/444/372 437/447/375 434/448/376
f 434/448/376 436/449/377 433/446/374
f 438/450/378 437/447/375 435/451/379
f 440/452/380 436/449/377 437/447/375
f 441/453/381 440/452/380 438/450/378
f 443/454/382 439/455/383 440/452/380
f 441/453/381 446/456/384 443/454/382
f 443/454/382 445/457/385 442/458/386
f 447/459/387 446/456/384 444/460/388
f 446/456/384 448/461/389 445/457/385
f 450/462/390 449/463/391 447/459/387
f 449/463/391 451/464/392 448/461/389
f 453/465/393 452/466/394 450/462/390
f 452/466/394 454/467/395 451/464/392
f 456/468/396 455/469/397 453/465/393
f 458/470/398 454/467/395 455/469/397
f 459/471/399 458/470/398 456/468/396
f 461/472/400 457/473/401 458/470/398
f 462/474/402 461/472/400 459/471/399
f 464/475/403 460/476/404 461/472/400
f 465/477/405 464/475/403 462/474/402
f 467/478/406 463/479/407 464/475/403
f 465/480/405 470/481/408 467/482/406
f 467/482/406 469/483/409 466/484/410
f 468/485/411 473/486/412 470/481/408
f 470/481/408 472/487/413 469/483/409
f 474/488/414 473/486/412 471/489/415
f 473/486/412 475/490/416 472/487/413
f 474/488/414 479/491/417 476/492/418
f 476/492/418 478/493/419 475/490/416
f 480/494/420 479/491/417 477/495/421
f 482/496/422 478/493/419 479/491/417
f 483/497/423 482/496/422 480/494/420
f 485/498/424 481/499/425 482/496/422
f 486/500/426 485/498/424 483/497/423
f 488/501/427 484/502/428 485/498/424
f 489/503/429 488/501/427 486/500/426
f 491/504/430 487/505/431 488/501/427
f 489/503/429 494/506/432 491/504/430
f 491/504/430 493/507/433 490/508/434
f 492/509/435 497/510/436 494/506/432
f 494/506/432 496/511/437 493/507/433
f 495/512/438 500/513/439 497/510/436
f 497/510/436 499/514/440 496/511/437
f 501/515/441 500/513/439 498/516/442
f 500/513/439 502/517/443 499/514/440
f 501/515/441 506/518/444 503/519/445
f 506/518/444 502/517/443 503/519/445
f 507/520/446 506/518/444 504/521/447
f 509/522/448 505/523/449 506/518/444
f 510/524/450 509/522/448 507/520/446
f 512/525/451 508/526/452 509/522/448
f 418/430/358 512/525/451 510/524/450
f 419/432/360 511/527/453 512/525/451
f 130/131/65 228/240/172 226/234/166
f 229/237/169 324/332/262 225/238/170
f 318/331/261 130/131/65 226/234/166
f 319/329/259 414/426/354 316/330/260
f 133/133/67 231/239/171 228/240/172
f 232/243/175 330/340/270 327/341/271
f 136/137/71 234/244/176 231/239/171
f 238/246/178 333/343/273 235/247/179
f 139/140/74 237/249/181 234/244/176
f 142/142/76 240/248/180 237/249/181
f 244/252/184 339/349/279 241/253/185
f 145/146/80 243/255/187 240/248/180
f 243/255/187 151/152/86 246/254/186
f 247/259/191 345/355/285 342/356/286
f 246/254/186 154/155/89 249/257/189
f 253/261/193 348/358/288 250/262/194
f 249/257/189 157/158/92 252/264/196
f 252/264/196 160/161/95 255/263/195
f 259/271/203 351/365/295 256/268/200
f 255/263/195 163/163/97 258/266/198
f 262/270/202 360/374/304 357/367/297
f 258/266/198 166/166/100 261/273/205
f 166/166/100 264/272/204 261/273/205
f 268/280/212 360/374/304 265/277/209
f 169/170/104 267/275/207 264/272/204
f 271/279/211 366/376/306 268/280/212
f 267/275/207 175/176/110 270/282/214
f 270/282/214 178/178/112 273/281/213
f 277/287/217 375/390/318 372/382/312
f 273/284/213 181/183/116 276/290/220
f 181/183/116 279/289/219 276/290/220
f 280/294/224 378/393/321 375/390/318
f 184/187/119 282/292/222 279/289/219
f 286/297/227 381/392/320 283/293/223
f 187/189/121 285/299/229 282/292/222
f 190/192/124 288/298/228 285/299/229
f 289/303/233 387/399/327 384/400/328
f 193/196/128 291/301/231 288/298/228
f 295/305/235 390/402/330 292/306/236
f 196/199/131 294/308/238 291/301/231
f 199/201/133 297/307/237 294/308/238
f 301/311/241 393/408/336 298/312/242
f 202/204/136 300/310/240 297/307/237
f 304/315/245 402/418/346 399/411/339
f 205/208/140 303/317/247 300/310/240
f 208/211/143 306/316/246 303/317/247
f 310/320/250 405/417/345 307/321/251
f 306/316/246 214/216/148 309/323/253
f 214/216/148 312/322/252 309/323/253
f 313/326/256 411/423/351 408/424/352
f 312/322/252 220/223/155 315/327/257
f 220/223/155 318/331/261 315/327/257
f 321/336/266 420/435/363 418/430/358
f 415/429/357 418/430/358 510/524/450
f 325/339/269 423/438/366 420/435/363
f 328/338/268 426/441/369 423/438/366
f 331/345/275 429/445/373 426/441/369
f 334/348/278 432/444/372 429/445/373
f 337/347/277 435/451/379 432/444/372
f 340/354/284 438/450/378 435/451/379
f 346/360/290 438/450/378 343/353/283
f 349/363/293 441/453/381 346/360/290
f 349/363/293 447/459/387 444/460/388
f 352/362/292 450/462/390 447/459/387
f 355/369/299 453/465/393 450/462/390
f 358/372/302 456/468/396 453/465/393
f 361/371/301 459/471/399 456/468/396
f 364/378/308 462/474/402 459/471/399
f 367/381/311 465/477/405 462/474/402
f 370/386/310 468/485/411 465/480/405
f 373/389/317 471/489/415 468/485/411
f 376/388/316 474/488/414 471/489/415
f 379/395/323 477/495/421 474/488/414
f 382/398/326 480/494/420 477/495/421
f 385/397/325 483/497/423 480/494/420
f 388/404/332 486/500/426 483/497/423
f 394/406/334 486/500/426 391/407/335
f 397/410/338 489/503/429 394/406/334
f 397/410/338 495/512/438 492/509/435
f 400/416/344 498/516/442 495/512/438
f 403/415/343 501/515/441 498/516/442
f 406/422/350 504/521/447 501/515/441
f 409/421/349 507/520/446 504/521/447
f 412/428/356 510/524/450 507/520/446
f 6/528/454 5/529/454 427/530/454
f 487/531/454 22/532/454 478/533/454
f 578/534/455 513/535/455 577/536/455
f 67/537/455 513/535/455 515/538/455
f 67/537/455 516/539/455 580/540/455
f 580/540/455 517/541/455 581/542/455
f 582/543/455 517/541/455 518/544/455
f 582/543/455 519/545/455 583/546/455
f 72/547/455 519/545/455 520/548/455
f 72/547/455 521/549/455 585/550/455
f 586/551/455 521/549/455 522/552/455
f 586/551/455 523/553/455 587/554/455
f 587/554/455 524/555/455 588/556/455
f 588/556/455 525/557/455 589/558/455
f 589/558/455 526/559/455 590/560/455
f 591/561/455 526/559/455 527/562/455
f 591/561/455 528/563/455 592/564/455
f 593/565/455 528/563/455 529/566/455
f 593/565/455 530/567/455 594/568/455
f 595/569/455 530/567/455 531/570/455
f 595/569/455 532/571/455 596/572/455
f 596/572/455 533/573/455 597/574/455
f 598/575/455 533/573/455 534/576/455
f 598/575/455 535/577/455 599/578/455
f 600/579/455 535/577/455 536/580/455
f 601/581/455 536/580/455 537/582/455
f 601/581/455 538/583/455 602/584/455
f 602/584/455 539/585/455 603/586/455
f 604/587/455 539/585/455 540/588/455
f 604/587/455 541/589/455 605/590/455
f 606/591/455 541/589/455 542/592/455
f 607/593/455 542/592/455 543/594/455
f 607/593/455 544/595/455 608/596/455
f 578/534/455 544/595/455 514/597/455
f 610/598/455 545/599/455 609/600/455
f 135/601/455 546/602/455 610/598/455
f 135/601/455 548/603/455 547/604/455
f 613/605/455 548/603/455 612/606/455
f 614/607/455 549/608/455 613/605/455
f 614/607/455 551/609/455 550/610/455
f 150/611/455 551/609/455 615/612/455
f 617/613/455 552/614/455 150/611/455
f 617/613/455 554/615/455 553/616/455
f 619/617/455 554/615/455 618/618/455
f 619/617/455 556/619/455 555/620/455
f 620/621/455 557/622/455 556/619/455
f 622/623/455 557/622/455 621/624/455
f 623/625/455 558/626/455 622/623/455
f 623/625/455 560/627/455 559/628/455
f 624/629/455 561/630/455 560/627/455
f 626/631/455 561/630/455 625/632/455
f 627/633/455 562/634/455 626/631/455
f 627/633/455 564/635/455 563/636/455
f 629/637/455 564/635/455 628/638/455
f 630/639/455 565/640/455 629/637/455
f 631/641/455 566/642/455 630/639/455
f 632/643/455 567/644/455 631/641/455
f 633/645/455 568/646/455 632/643/455
f 634/647/455 569/648/455 633/645/455
f 635/649/455 570/650/455 634/647/455
f 636/651/455 571/652/455 635/649/455
f 637/653/455 572/654/455 636/651/455
f 638/655/455 573/656/455 637/653/455
f 639/657/455 574/658/455 638/655/455
f 639/657/455 576/659/455 575/660/455
f 640/661/455 545/599/455 576/659/455
f 642/662/456 577/663/457 641/664/458
f 643/665/459 577/663/457 67/666/460
f 644/667/461 67/666/460 580/668/462
f 644/667/461 581/669/463 645/670/464
f 646/671/465 581/669/463 582/672/466
f 647/673/467 582/672/466 583/674/468
f 647/673/467 72/675/469 648/676/470
f 649/677/471 72/675/469 585/678/472
f 650/679/473 585/678/472 586/680/474
f 651/681/475 586/680/474 587/682/476
f 651/681/475 588/683/477 652/684/478
f 652/684/478 589/685/479 653/686/480
f 653/686/480 590/687/481 654/688/482
f 655/689/483 590/687/481 591/690/484
f 655/689/483 592/691/485 656/692/486
f 657/693/487 592/691/485 593/694/488
f 657/693/487 594/695/489 658/696/490
f 659/697/491 594/695/489 595/698/492
f 659/697/491 596/699/493 660/700/494
f 660/700/494 597/701/495 661/702/496
f 662/703/497 597/701/495 598/704/498
f 662/703/497 599/705/499 663/706/500
f 663/706/500 600/707/501 664/708/502
f 664/708/502 601/709/503 665/710/504
f 665/710/504 602/711/505 666/712/506
f 666/712/506 603/713/507 667/714/508
f 668/715/509 603/713/507 604/716/510
f 668/715/509 605/717/511 669/718/512
f 669/718/512 606/719/513 670/720/514
f 671/721/515 606/719/513 607/722/516
f 671/721/515 608/723/517 672/724/518
f 642/662/456 608/723/517 578/725/519
f 674/726/520 609/727/488 673/728/521
f 674/726/520 135/729/492 610/730/489
f 675/731/522 612/732/493 135/729/492
f 676/733/523 613/734/495 612/732/493
f 677/735/524 614/736/498 613/734/495
f 678/737/525 615/738/499 614/736/498
f 680/739/526 615/738/499 679/740/527
f 681/741/528 150/742/501 680/739/526
f 681/741/528 618/743/505 617/744/503
f 682/745/529 619/746/507 618/743/505
f 684/747/530 619/746/507 683/748/531
f 684/747/530 621/749/511 620/750/510
f 685/751/532 622/752/513 621/749/511
f 687/753/533 622/752/513 686/754/534
f 687/753/533 624/755/517 623/756/516
f 688/757/535 625/758/519 624/755/517
f 690/759/536 625/758/519 689/760/537
f 690/759/536 627/761/460 626/762/457
f 691/763/538 628/764/462 627/761/460
f 693/765/539 628/764/462 692/766/540
f 694/767/541 629/768/463 693/765/539
f 694/767/541 631/769/468 630/770/466
f 696/771/542 631/769/468 695/772/543
f 697/773/544 632/774/469 696/771/542
f 698/775/545 633/776/472 697/773/544
f 699/777/546 634/778/474 698/775/545
f 700/779/547 635/780/476 699/777/546
f 701/781/548 636/782/477 700/779/547
f 702/783/549 637/784/479 701/781/548
f 703/785/550 638/786/481 702/783/549
f 703/785/550 640/787/485 639/788/484
f 673/728/521 640/787/485 704/789/551
f 129/790/552 704/789/551 222/791/553
f 222/791/553 703/785/550 219/792/554
f 219/792/554 702/783/549 216/793/555
f 213/794/556 702/783/549 701/781/548
f 210/795/557 701/781/548 700/779/547
f 207/796/558 700/779/547 699/777/546
f 207/796/558 698/775/545 204/797/559
f 204/797/559 697/773/544 201/798/560
f 201/798/560 696/771/542 198/799/561
f 198/799/561 695/772/543 195/800/562
f 195/800/562 694/767/541 192/801/563
f 189/802/564 694/767/541 693/765/539
f 189/802/564 692/766/540 186/803/565
f 186/803/565 691/763/538 183/804/566
f 180/805/567 691/763/538 690/759/536
f 180/805/567 689/760/537 177/806/568
f 177/806/568 688/757/535 174/807/569
f 174/807/569 687/753/533 171/808/570
f 171/808/570 686/754/534 168/809/571
f 165/810/572 686/754/534 685/751/532
f 165/810/572 684/747/530 162/811/573
f 159/812/574 684/747/530 683/748/531
f 159/812/574 682/745/529 156/813/575
f 153/814/576 682/745/529 681/741/528
f 153/814/576 680/739/526 616/815/577
f 147/816/578 680/739/526 679/740/527
f 144/817/579 679/740/527 678/737/525
f 141/818/580 678/737/525 677/735/524
f 141/818/580 676/733/523 138/233/165
f 138/233/165 675/731/522 611/231/163
f 611/231/163 674/726/520 132/229/161
f 132/229/161 673/728/521 129/790/552
f 66/819/581 672/724/518 642/662/456
f 95/820/582 672/724/518 96/821/583
f 95/820/582 670/720/514 671/721/515
f 93/822/584 670/720/514 94/823/585
f 92/824/586 669/718/512 93/822/584
f 92/824/586 667/714/508 668/715/509
f 90/825/587 667/714/508 91/826/588
f 89/827/589 666/712/506 90/825/587
f 89/827/589 664/708/502 665/710/504
f 87/828/590 664/708/502 88/829/591
f 86/830/592 663/706/500 87/828/590
f 86/830/592 661/702/496 662/703/497
f 84/831/593 661/702/496 85/832/594
f 83/833/595 660/700/494 84/831/593
f 83/833/595 658/696/490 659/697/491
f 81/834/596 658/696/490 82/835/597
f 81/834/596 656/692/486 657/693/487
f 79/836/598 656/692/486 80/837/599
f 79/836/598 654/688/482 655/689/483
f 78/838/600 653/686/480 654/688/482
f 76/839/601 653/686/480 77/840/602
f 75/841/603 652/684/478 76/839/601
f 75/841/603 650/679/473 651/681/475
f 73/842/604 650/679/473 74/843/605
f 73/842/604 648/676/470 649/677/471
f 584/844/606 647/673/467 648/676/470
f 71/845/607 646/671/465 647/673/467
f 70/846/608 645/670/464 646/671/465
f 68/232/164 645/670/464 69/847/609
f 579/230/162 644/667/461 68/232/164
f 579/230/162 641/664/458 643/665/459
f 66/819/581 641/664/458 65/848/610
f 129/790/552 65/848/610 132/229/161
f 96/821/583 129/790/552 222/791/553
f 95/820/582 222/791/553 219/792/554
f 94/823/585 219/792/554 216/793/555
f 93/822/584 216/793/555 213/794/556
f 92/824/586 213/794/556 210/795/557
f 616/815/577 73/842/604 153/814/576
f 210/795/557 91/826/588 92/824/586
f 207/796/558 90/825/587 91/826/588
f 204/797/559 89/827/589 90/825/587
f 201/798/560 88/829/591 89/827/589
f 198/799/561 87/828/590 88/829/591
f 195/800/562 86/830/592 87/828/590
f 192/801/563 85/832/594 86/830/592
f 189/802/564 84/831/593 85/832/594
f 186/803/565 83/833/595 84/831/593
f 183/804/566 82/835/597 83/833/595
f 180/805/567 81/834/596 82/835/597
f 174/807/569 81/834/596 177/806/568
f 171/808/570 80/837/599 174/807/569
f 168/809/571 79/836/598 171/808/570
f 165/810/572 78/838/600 168/809/571
f 162/811/573 77/840/602 165/810/572
f 159/812/574 76/839/601 162/811/573
f 156/813/575 75/841/603 159/812/574
f 153/814/576 74/843/605 156/813/575
f 147/816/578 584/844/606 616/815/577
f 144/817/579 71/845/607 147/816/578
f 141/818/580 70/846/608 144/817/579
f 138/233/165 69/847/609 141/818/580
f 750/2/2 719/1/1 718/3/2
f 737/5/4 706/4/3 705/6/4
f 764/8/6 733/7/5 732/9/6
f 751/11/1 720/10/7 719/1/1
f 738/13/3 707/12/8 706/4/3
f 765/15/5 734/14/9 733/7/5
f 752/17/7 721/16/10 720/10/7
f 739/19/8 708/18/11 707/12/8
f 766/21/9 735/20/12 734/14/9
f 753/23/10 722/22/13 721/24/10
f 740/26/11 709/25/14 708/18/11
f 767/28/12 736/27/15 735/20/12
f 754/30/13 723/29/16 722/22/13
f 741/32/14 710/31/17 709/25/14
f 768/33/15 705/6/4 736/27/15
f 755/35/16 724/34/18 723/29/16
f 742/37/17 711/36/19 710/31/17
f 756/39/18 725/38/20 724/34/18
f 743/41/19 712/40/21 711/36/19
f 757/43/20 726/42/22 725/38/20
f 744/45/21 713/44/23 712/40/21
f 758/47/22 727/46/24 726/42/22
f 745/49/23 714/48/25 713/44/23
f 759/51/24 728/50/26 727/46/24
f 746/53/25 715/52/27 714/48/25
f 760/55/26 729/54/28 728/50/26
f 747/57/27 716/56/29 715/52/27
f 761/59/28 730/58/30 729/54/28
f 748/61/29 717/60/31 716/56/29
f 762/63/30 731/62/32 730/58/30
f 749/64/31 718/3/2 717/60/31
f 763/65/32 732/9/6 731/62/32
f 1243/68/611 826/129/612 1242/66/612
f 1230/69/613 813/70/614 1229/130/614
f 828/72/615 1243/68/611 1244/73/615
f 815/74/616 1230/69/613 1231/75/616
f 801/77/617 1218/76/618 1217/78/617
f 829/79/619 1244/73/615 1245/80/619
f 816/81/620 1231/75/616 1232/82/620
f 803/84/621 1217/78/617 1219/83/621
f 1246/85/622 829/79/619 1245/80/619
f 817/88/623 1232/82/620 1233/87/623
f 1220/89/624 803/84/621 1219/83/621
f 831/91/625 1246/85/622 1247/92/625
f 1234/93/626 817/94/623 1233/849/623
f 805/96/627 1220/89/624 1221/97/627
f 832/98/628 1247/92/625 1248/99/628
f 819/100/629 1234/93/626 1235/101/629
f 806/102/630 1221/97/627 1222/103/630
f 802/104/618 1248/99/628 1218/76/618
f 1236/105/631 819/100/629 1235/101/629
f 1223/107/632 806/102/630 1222/103/630
f 821/109/633 1236/105/631 1237/110/633
f 808/111/634 1223/107/632 1224/112/634
f 822/113/635 1237/110/633 1238/114/635
f 809/115/636 1224/112/634 1225/116/636
f 1239/117/637 822/113/635 1238/114/635
f 810/119/638 1225/116/636 1226/120/638
f 824/121/639 1239/117/637 1240/122/639
f 1227/123/640 810/119/638 1226/120/638
f 1241/125/641 824/121/639 1240/122/639
f 812/127/642 1227/123/640 1228/128/642
f 1242/66/612 825/126/641 1241/125/641
f 813/70/614 1228/128/642 1229/130/614
f 838/132/643 834/131/644 837/133/645
f 1250/135/646 835/134/647 838/132/643
f 841/136/648 837/133/645 840/137/649
f 1251/138/650 838/132/643 841/136/648
f 844/139/651 840/137/649 843/140/652
f 844/139/651 1251/138/650 841/136/648
f 846/142/653 844/139/651 843/140/652
f 847/143/654 1252/141/655 844/139/651
f 850/145/656 846/142/653 849/146/657
f 1254/147/658 847/143/654 850/145/656
f 853/149/659 849/146/657 852/148/660
f 1255/150/661 850/145/656 853/149/659
f 856/151/662 852/148/660 855/152/663
f 1256/153/664 853/149/659 856/151/662
f 859/154/665 855/152/663 858/155/666
f 1257/156/667 856/151/662 859/154/665
f 862/157/668 858/155/666 861/158/669
f 1258/159/670 859/154/665 862/157/668
f 865/160/671 861/158/669 864/161/672
f 1259/162/673 862/157/668 865/160/671
f 867/163/674 865/160/671 864/161/672
f 868/164/675 1259/162/673 865/160/671
f 870/166/676 868/164/675 867/163/674
f 871/167/677 1260/165/678 868/164/675
f 874/169/679 870/166/676 873/170/680
f 1262/171/681 871/167/677 874/169/679
f 877/173/682 873/170/680 876/172/683
f 1263/174/684 874/169/679 877/173/682
f 879/176/685 877/173/682 876/172/683
f 880/175/686 1263/174/684 877/173/682
f 882/178/687 880/175/686 879/176/685
f 883/179/688 1264/177/689 880/175/686
f 886/182/690 882/181/687 885/183/691
f 1266/185/692 883/184/688 886/182/690
f 889/186/693 885/183/691 888/187/694
f 1267/188/695 886/182/690 889/186/693
f 891/189/696 889/186/693 888/187/694
f 892/190/697 1267/188/695 889/186/693
f 894/192/698 892/190/697 891/189/696
f 895/193/699 1268/191/700 892/190/697
f 898/195/701 894/192/698 897/196/702
f 1270/197/703 895/193/699 898/195/701
f 901/198/704 897/196/702 900/199/705
f 1271/200/706 898/195/701 901/198/704
f 904/202/707 900/199/705 903/201/708
f 904/202/707 1271/200/706 901/198/704
f 906/204/709 904/202/707 903/201/708
f 907/205/710 1272/203/711 904/202/707
f 910/207/712 906/204/709 909/208/713
f 1274/209/714 907/205/710 910/207/712
f 912/211/715 910/207/712 909/208/713
f 1275/212/716 910/207/712 913/210/717
f 916/214/718 912/211/715 915/213/719
f 916/214/718 1275/212/716 913/210/717
f 918/216/720 916/214/718 915/213/719
f 919/217/721 1276/215/722 916/214/718
f 921/220/723 919/217/721 918/216/720
f 1278/221/724 919/217/721 922/219/725
f 924/223/726 922/219/725 921/220/723
f 1279/224/727 922/219/725 925/222/728
f 927/226/729 925/222/728 924/223/726
f 928/225/730 1279/224/727 925/222/728
f 834/131/644 928/225/730 927/226/729
f 835/134/647 1280/227/731 928/225/730
f 836/229/732 1283/230/733 769/848/734
f 772/232/735 1315/231/736 842/233/737
f 930/234/738 934/235/739 932/240/740
f 931/236/741 933/237/742 934/235/739
f 934/235/739 935/239/743 932/240/740
f 933/237/742 937/241/744 934/235/739
f 937/241/744 938/244/745 935/239/743
f 936/243/746 940/242/747 937/241/744
f 938/244/745 943/245/748 941/249/749
f 940/242/747 942/246/750 943/245/748
f 943/245/748 944/248/751 941/249/749
f 942/246/750 946/250/752 943/245/748
f 944/248/751 949/251/753 947/255/754
f 946/250/752 948/252/755 949/251/753
f 949/251/753 950/254/756 947/255/754
f 948/252/755 952/256/757 949/251/753
f 950/254/756 955/258/758 953/257/759
f 951/259/760 955/258/758 952/256/757
f 953/257/759 958/260/761 956/264/762
f 955/258/758 957/261/763 958/260/761
f 958/260/761 959/263/764 956/264/762
f 957/261/763 961/265/765 958/260/761
f 961/265/765 962/266/766 959/263/764
f 960/268/767 964/267/768 961/265/765
f 962/266/766 967/269/769 965/273/770
f 964/267/768 966/270/771 967/269/769
f 967/269/769 968/272/772 965/273/770
f 966/270/771 970/274/773 967/269/769
f 970/274/773 971/275/774 968/272/772
f 969/277/775 973/276/776 970/274/773
f 971/275/774 976/278/777 974/282/778
f 973/276/776 975/279/779 976/278/777
f 976/278/777 977/281/780 974/282/778
f 975/279/779 979/283/781 976/278/777
f 977/284/780 982/285/782 980/290/783
f 979/286/781 981/287/784 982/285/782
f 982/285/782 983/289/785 980/290/783
f 981/287/784 985/291/786 982/285/782
f 985/291/786 986/292/787 983/289/785
f 985/291/786 987/293/788 988/296/789
f 986/292/787 991/295/790 989/299/791
f 988/296/789 990/297/792 991/295/790
f 991/295/790 992/298/793 989/299/791
f 990/297/792 994/300/794 991/295/790
f 992/298/793 997/302/795 995/301/796
f 993/303/797 997/302/795 994/300/794
f 995/301/796 1000/304/798 998/308/799
f 997/302/795 999/305/800 1000/304/798
f 1000/304/798 1001/307/801 998/308/799
f 999/305/800 1003/309/802 1000/304/798
f 1001/307/801 1006/314/803 1004/310/804
f 1003/309/802 1005/311/805 1006/314/803
f 1004/310/804 1009/313/806 1007/317/807
f 1006/314/803 1008/315/808 1009/313/806
f 1009/313/806 1010/316/809 1007/317/807
f 1008/315/808 1012/318/810 1009/313/806
f 1010/316/809 1015/319/811 1013/323/812
f 1012/318/810 1014/320/813 1015/319/811
f 1015/319/811 1016/322/814 1013/323/812
f 1014/320/813 1018/324/815 1015/319/811
f 1018/324/815 1019/327/816 1016/322/814
f 1017/326/817 1021/325/818 1018/324/815
f 1019/327/816 1024/328/819 1022/331/820
f 1021/325/818 1023/329/821 1024/328/819
f 1024/328/819 930/234/738 1022/331/820
f 1023/329/821 931/236/741 1024/328/819
f 1027/333/822 1028/332/823 1026/334/824
f 1025/336/825 1030/335/826 1027/333/822
f 1028/332/823 1033/337/827 1031/341/828
f 1030/335/826 1032/338/829 1033/337/827
f 1031/341/828 1036/342/830 1034/340/831
f 1032/338/829 1036/342/830 1033/337/827
f 1036/342/830 1037/343/832 1034/340/831
f 1035/345/833 1039/344/834 1036/342/830
f 1037/343/832 1042/346/835 1040/350/836
f 1039/344/834 1041/347/837 1042/346/835
f 1042/346/835 1043/349/838 1040/350/836
f 1041/347/837 1045/351/839 1042/346/835
f 1043/349/838 1048/352/840 1046/356/841
f 1045/351/839 1047/353/842 1048/352/840
f 1048/352/840 1049/355/843 1046/356/841
f 1047/353/842 1051/357/844 1048/352/840
f 1051/357/844 1052/358/845 1049/355/843
f 1050/360/846 1054/359/847 1051/357/844
f 1052/358/845 1057/361/848 1055/365/849
f 1054/359/847 1056/362/850 1057/361/848
f 1055/365/849 1060/366/851 1058/364/852
f 1056/362/850 1060/366/851 1057/361/848
f 1060/366/851 1061/367/853 1058/364/852
f 1059/369/854 1063/368/855 1060/366/851
f 1061/367/853 1066/370/856 1064/374/857
f 1063/368/855 1065/371/858 1066/370/856
f 1064/374/857 1069/375/859 1067/373/860
f 1065/371/858 1069/375/859 1066/370/856
f 1069/375/859 1070/376/861 1067/373/860
f 1068/378/862 1072/377/863 1069/375/859
f 1070/376/861 1075/379/864 1073/850/865
f 1072/377/863 1074/380/866 1075/379/864
f 1075/383/864 1076/382/867 1073/384/865
f 1074/386/866 1078/385/868 1075/383/864
f 1076/382/867 1081/387/869 1079/390/870
f 1078/385/868 1080/388/871 1081/387/869
f 1079/390/870 1084/391/872 1082/393/873
f 1080/388/871 1084/391/872 1081/387/869
f 1084/391/872 1085/392/874 1082/393/873
f 1083/395/875 1087/394/876 1084/391/872
f 1085/392/874 1090/396/877 1088/400/878
f 1087/394/876 1089/397/879 1090/396/877
f 1088/400/878 1093/401/880 1091/399/881
f 1089/397/879 1093/401/880 1090/396/877
f 1093/401/880 1094/402/882 1091/399/881
f 1092/404/883 1096/403/884 1093/401/880
f 1094/402/882 1099/405/885 1097/408/886
f 1096/403/884 1098/406/887 1099/405/885
f 1097/408/886 1102/409/888 1100/412/889
f 1099/405/885 1101/410/890 1102/409/888
f 1102/409/888 1103/411/891 1100/412/889
f 1101/410/890 1105/413/892 1102/409/888
f 1103/411/891 1108/414/893 1106/418/894
f 1105/413/892 1107/415/895 1108/414/893
f 1108/414/893 1109/417/896 1106/418/894
f 1107/415/895 1111/419/897 1108/414/893
f 1109/417/896 1114/420/898 1112/424/899
f 1111/419/897 1113/421/900 1114/420/898
f 1114/420/898 1115/423/901 1112/424/899
f 1113/421/900 1117/425/902 1114/420/898
f 1117/425/902 1118/426/903 1115/423/901
f 1116/428/904 1120/427/905 1117/425/902
f 1118/426/903 1027/333/822 1026/334/824
f 1120/427/905 1025/336/825 1027/333/822
f 1122/430/906 1126/431/907 1124/435/269
f 1123/432/908 1125/433/909 1126/431/907
f 1124/435/269 1129/436/910 1127/438/911
f 1126/431/907 1128/437/912 1129/436/910
f 1127/438/911 1132/439/913 1130/441/914
f 1129/436/910 1131/440/915 1132/439/913
f 1130/441/914 1135/442/916 1133/445/278
f 1132/439/913 1134/443/917 1135/442/916
f 1133/445/278 1138/448/918 1136/444/919
f 1135/442/916 1137/446/920 1138/448/918
f 1138/448/918 1139/451/921 1136/444/919
f 1137/446/920 1141/447/922 1138/448/918
f 1141/447/922 1142/450/923 1139/451/921
f 1140/449/924 1144/452/925 1141/447/922
f 1144/452/925 1145/453/926 1142/450/923
f 1143/455/927 1147/454/928 1144/452/925
f 1145/453/926 1150/456/929 1148/460/930
f 1147/454/928 1149/457/931 1150/456/929
f 1148/460/930 1153/463/932 1151/459/933
f 1150/456/929 1152/461/934 1153/463/932
f 1153/463/932 1154/462/935 1151/459/933
f 1153/463/932 1155/464/936 1156/466/937
f 1156/466/937 1157/465/302 1154/462/935
f 1155/464/936 1159/469/938 1156/466/937
f 1159/469/938 1160/468/939 1157/465/302
f 1158/467/940 1162/470/941 1159/469/938
f 1162/470/941 1163/471/942 1160/468/939
f 1161/473/943 1165/472/944 1162/470/941
f 1165/472/944 1166/474/311 1163/471/942
f 1164/476/945 1168/475/946 1165/472/944
f 1168/475/946 1169/477/947 1166/474/311
f 1167/479/948 1171/478/949 1168/475/946
f 1169/480/947 1174/481/950 1172/485/317
f 1171/482/949 1173/483/951 1174/481/950
f 1172/485/317 1177/486/952 1175/489/953
f 1174/481/950 1176/487/954 1177/486/952
f 1177/486/952 1178/488/955 1175/489/953
f 1177/486/952 1179/490/956 1180/492/957
f 1178/488/955 1183/491/958 1181/495/326
f 1180/492/957 1182/493/959 1183/491/958
f 1181/495/326 1186/496/960 1184/494/961
f 1182/493/959 1186/496/960 1183/491/958
f 1186/496/960 1187/497/962 1184/494/961
f 1185/499/963 1189/498/964 1186/496/960
f 1189/498/964 1190/500/965 1187/497/962
f 1188/502/966 1192/501/967 1189/498/964
f 1190/500/965 1195/504/968 1193/503/969
f 1191/505/970 1195/504/968 1192/501/967
f 1195/504/968 1196/509/971 1193/503/969
f 1195/504/968 1197/507/972 1198/506/973
f 1196/509/971 1201/510/974 1199/512/975
f 1198/506/973 1200/511/976 1201/510/974
f 1199/512/975 1204/513/977 1202/516/978
f 1201/510/974 1203/514/979 1204/513/977
f 1204/513/977 1205/515/350 1202/516/978
f 1204/513/977 1206/517/980 1207/519/981
f 1207/519/981 1208/521/982 1205/515/350
f 1206/517/980 1210/518/983 1207/519/981
f 1210/518/983 1211/520/984 1208/521/982
f 1209/523/985 1213/522/986 1210/518/983
f 1213/522/986 1214/524/987 1211/520/984
f 1212/526/988 1216/525/989 1213/522/986
f 1216/525/989 1122/430/906 1214/524/987
f 1215/527/990 1123/432/908 1216/525/989
f 932/240/740 834/131/644 930/234/738
f 933/237/742 1028/332/823 936/243/746
f 930/234/738 927/226/729 1022/331/820
f 1023/329/821 1118/426/903 929/238/991
f 935/239/743 837/133/645 932/240/740
f 1031/341/828 939/247/992 936/243/746
f 938/244/745 840/137/649 935/239/743
f 942/246/750 1037/343/832 945/253/993
f 938/244/745 846/142/653 843/140/652
f 944/248/751 846/142/653 941/249/749
f 948/252/755 1043/349/838 951/259/760
f 947/255/754 849/146/657 944/248/751
f 947/255/754 855/152/663 852/148/660
f 951/259/760 1049/355/843 954/262/994
f 953/257/759 855/152/663 950/254/756
f 957/261/763 1052/358/845 960/268/767
f 953/257/759 861/158/669 858/155/666
f 956/264/762 864/161/672 861/158/669
f 960/268/767 1058/364/852 963/271/995
f 962/266/766 864/161/672 959/263/764
f 1061/367/853 969/277/775 966/270/771
f 962/266/766 870/166/676 867/163/674
f 968/272/772 870/166/676 965/273/770
f 1064/374/857 972/280/996 969/277/775
f 971/275/774 873/170/680 968/272/772
f 975/279/779 1070/376/861 978/851/997
f 971/275/774 879/176/685 876/172/683
f 974/282/778 882/178/687 879/176/685
f 1076/382/867 984/294/998 981/287/784
f 980/290/783 882/181/687 977/284/780
f 983/289/785 885/183/691 980/290/783
f 984/294/998 1082/393/873 987/293/788
f 986/292/787 888/187/694 983/289/785
f 990/297/792 1085/392/874 993/303/797
f 989/299/791 891/189/696 986/292/787
f 992/298/793 894/192/698 989/299/791
f 1088/400/878 996/306/999 993/303/797
f 995/301/796 897/196/702 992/298/793
f 999/305/800 1094/402/882 1002/312/1000
f 998/308/799 900/199/705 995/301/796
f 1001/307/801 903/201/708 998/308/799
f 1097/408/886 1005/311/805 1002/312/1000
f 1004/310/804 906/204/709 1001/307/801
f 1103/411/891 1011/321/1001 1008/315/808
f 1004/310/804 912/211/715 909/208/713
f 1010/316/809 912/211/715 1007/317/807
f 1014/320/813 1109/417/896 1017/326/817
f 1010/316/809 918/216/720 915/213/719
f 1016/322/814 918/216/720 1013/323/812
f 1112/424/899 1020/330/1002 1017/326/817
f 1016/322/814 924/223/726 921/220/723
f 1022/331/820 924/223/726 1019/327/816
f 1025/336/825 1124/435/269 1029/339/363
f 1119/429/1003 1122/430/906 1025/336/825
f 1029/339/363 1127/438/911 1032/338/829
f 1032/338/829 1130/441/914 1035/345/833
f 1035/345/833 1133/445/278 1038/348/373
f 1038/348/373 1136/444/919 1041/347/837
f 1041/347/837 1139/451/921 1044/354/1004
f 1044/354/1004 1142/450/923 1047/353/842
f 1142/450/923 1050/360/846 1047/353/842
f 1050/360/846 1148/460/930 1053/363/1005
f 1053/363/1005 1151/459/933 1056/362/850
f 1056/362/850 1154/462/935 1059/369/854
f 1059/369/854 1157/465/302 1062/372/393
f 1062/372/393 1160/468/939 1065/371/858
f 1065/371/858 1163/471/942 1068/378/862
f 1068/378/862 1166/474/311 1071/381/402
f 1071/381/402 1169/477/947 1074/380/866
f 1074/386/866 1172/485/317 1077/389/411
f 1077/389/411 1175/489/953 1080/388/871
f 1080/388/871 1178/488/955 1083/395/875
f 1083/395/875 1181/495/326 1086/398/421
f 1086/398/421 1184/494/961 1089/397/879
f 1089/397/879 1187/497/962 1092/404/883
f 1092/404/883 1190/500/965 1095/407/1006
f 1095/407/1006 1193/503/969 1098/406/887
f 1193/503/969 1101/410/890 1098/406/887
f 1101/410/890 1199/512/975 1104/416/1007
f 1104/416/1007 1202/516/978 1107/415/895
f 1107/415/895 1205/515/350 1110/422/441
f 1110/422/441 1208/521/982 1113/421/900
f 1113/421/900 1211/520/984 1116/428/904
f 1116/428/904 1214/524/987 1119/429/1003
f 1121/852/455 711/853/455 712/854/455
f 1185/855/455 727/856/455 728/857/455
f 1217/535/454 1282/534/454 1281/536/454
f 771/537/454 1217/535/454 1281/536/454
f 1220/539/454 771/537/454 1284/540/454
f 1221/541/454 1284/540/454 1285/542/454
f 1286/543/454 1221/541/454 1285/542/454
f 1287/546/454 1222/544/454 1286/543/454
f 776/547/454 1223/545/454 1287/546/454
f 1225/549/454 776/547/454 1289/550/454
f 1226/552/454 1289/550/454 1290/551/454
f 1227/553/454 1290/551/454 1291/554/454
f 1228/555/454 1291/554/454 1292/556/454
f 1229/557/454 1292/556/454 1293/558/454
f 1294/560/454 1229/557/454 1293/558/454
f 1295/561/454 1230/559/454 1294/560/454
f 1232/563/454 1295/561/454 1296/564/454
f 1297/565/454 1232/563/454 1296/564/454
f 1234/567/454 1297/565/454 1298/568/454
f 1299/569/454 1234/567/454 1298/568/454
f 1236/571/454 1299/569/454 1300/572/454
f 1237/573/454 1300/572/454 1301/574/454
f 1302/575/454 1237/573/454 1301/574/454
f 1239/577/454 1302/575/454 1303/578/454
f 1304/579/454 1239/577/454 1303/578/454
f 1241/582/454 1304/579/454 1305/581/454
f 1306/584/454 1241/582/454 1305/581/454
f 1243/585/454 1306/584/454 1307/586/454
f 1308/587/454 1243/585/454 1307/586/454
f 1245/589/454 1308/587/454 1309/590/454
f 1310/591/454 1245/589/454 1309/590/454
f 1311/593/454 1246/592/454 1310/591/454
f 1248/595/454 1311/593/454 1312/596/454
f 1282/534/454 1248/595/454 1312/596/454
f 1249/599/454 1314/598/454 1313/600/454
f 1250/602/454 839/601/454 1314/598/454
f 839/601/454 1252/603/454 1316/606/454
f 1252/603/454 1317/605/454 1316/606/454
f 1253/608/454 1318/607/454 1317/605/454
f 1254/610/454 1319/612/454 1318/607/454
f 1255/609/454 854/611/454 1319/612/454
f 1256/614/454 1321/613/454 854/611/454
f 1257/616/454 1322/618/454 1321/613/454
f 1258/615/454 1323/617/454 1322/618/454
f 1323/617/454 1260/619/454 1324/621/454
f 1260/619/454 1325/624/454 1324/621/454
f 1261/622/454 1326/623/454 1325/624/454
f 1262/626/454 1327/625/454 1326/623/454
f 1327/625/454 1264/627/454 1328/629/454
f 1328/629/454 1265/630/454 1329/632/454
f 1265/630/454 1330/631/454 1329/632/454
f 1330/631/454 1267/636/454 1331/633/454
f 1331/633/454 1268/635/454 1332/638/454
f 1268/635/454 1333/637/454 1332/638/454
f 1269/640/454 1334/639/454 1333/637/454
f 1270/642/454 1335/641/454 1334/639/454
f 1271/644/454 1336/643/454 1335/641/454
f 1272/646/454 1337/645/454 1336/643/454
f 1273/648/454 1338/647/454 1337/645/454
f 1274/650/454 1339/649/454 1338/647/454
f 1275/652/454 1340/651/454 1339/649/454
f 1276/654/454 1341/653/454 1340/651/454
f 1277/656/454 1342/655/454 1341/653/454
f 1278/658/454 1343/657/454 1342/655/454
f 1343/657/454 1280/659/454 1344/661/454
f 1344/661/454 1249/599/454 1313/600/454
f 1281/663/1008 1346/662/1009 1345/664/1010
f 1347/665/1011 1281/663/1008 1345/664/1010
f 1348/667/1012 771/666/1013 1347/665/1011
f 1285/669/1014 1348/667/1012 1349/670/1015
f 1350/671/1016 1285/669/1014 1349/670/1015
f 1351/673/1017 1286/672/1018 1350/671/1016
f 776/675/1019 1351/673/1017 1352/676/1020
f 1353/677/1021 776/675/1019 1352/676/1020
f 1354/679/1022 1289/678/1023 1353/677/1021
f 1355/681/1024 1290/680/1025 1354/679/1022
f 1292/683/1026 1355/681/1024 1356/684/1027
f 1293/685/1028 1356/684/1027 1357/686/1029
f 1294/687/1030 1357/686/1029 1358/688/1031
f 1295/690/1032 1358/688/1031 1359/689/1033
f 1296/691/1034 1359/689/1033 1360/692/1035
f 1361/693/1036 1296/691/1034 1360/692/1035
f 1298/695/1037 1361/693/1036 1362/696/1038
f 1363/697/1039 1298/695/1037 1362/696/1038
f 1300/699/1040 1363/697/1039 1364/700/1041
f 1301/701/1042 1364/700/1041 1365/702/1043
f 1366/703/1044 1301/701/1042 1365/702/1043
f 1303/705/1045 1366/703/1044 1367/706/1046
f 1304/707/1047 1367/706/1046 1368/708/1048
f 1305/709/1049 1368/708/1048 1369/710/1050
f 1306/711/1051 1369/710/1050 1370/712/1052
f 1307/713/1053 1370/712/1052 1371/714/1054
f 1372/715/1055 1307/713/1053 1371/714/1054
f 1373/718/1056 1308/716/1057 1372/715/1055
f 1310/719/1058 1373/718/1056 1374/720/1059
f 1375/721/1060 1310/719/1058 1374/720/1059
f 1312/723/1061 1375/721/1060 1376/724/1062
f 1346/662/1009 1312/723/1061 1376/724/1062
f 1313/727/1063 1378/726/1064 1377/728/1065
f 1314/730/1037 1379/731/1066 1378/726/1064
f 1379/731/1066 1316/732/1040 1380/733/1067
f 1316/732/1040 1381/735/1068 1380/733/1067
f 1317/734/1042 1382/737/1069 1381/735/1068
f 1382/737/1069 1319/738/1045 1383/740/1070
f 1319/738/1045 1384/739/1071 1383/740/1070
f 854/742/1047 1385/741/1072 1384/739/1071
f 1385/741/1072 1322/743/1051 1386/745/1073
f 1386/745/1073 1323/746/1053 1387/748/1074
f 1323/746/1053 1388/747/1075 1387/748/1074
f 1388/747/1075 1325/749/1076 1389/751/1077
f 1325/749/1076 1390/754/1078 1389/751/1077
f 1326/752/1058 1391/753/1079 1390/754/1078
f 1391/753/1079 1328/755/1061 1392/757/1080
f 1328/755/1061 1393/760/1081 1392/757/1080
f 1329/758/1082 1394/759/1083 1393/760/1081
f 1394/759/1083 1331/761/1013 1395/763/1084
f 1331/761/1013 1396/766/1085 1395/763/1084
f 1396/766/1085 1333/768/1014 1397/765/1086
f 1333/768/1014 1398/767/1087 1397/765/1086
f 1334/770/1018 1399/772/1088 1398/767/1087
f 1335/769/1089 1400/771/1090 1399/772/1088
f 1336/774/1019 1401/773/1091 1400/771/1090
f 1337/776/1023 1402/775/1092 1401/773/1091
f 1402/775/1092 1339/780/1093 1403/777/1094
f 1339/780/1093 1404/779/1095 1403/777/1094
f 1340/782/1026 1405/781/1096 1404/779/1095
f 1341/784/1028 1406/783/1097 1405/781/1096
f 1342/786/1030 1407/785/1098 1406/783/1097
f 1407/785/1098 1344/787/1034 1408/789/1099
f 1344/787/1034 1377/728/1065 1408/789/1099
f 1408/789/1099 833/790/1100 926/791/1101
f 1407/785/1098 926/791/1101 923/792/1102
f 1406/783/1097 923/792/1102 920/793/1103
f 917/794/1104 1406/783/1097 920/793/1103
f 914/795/1105 1405/781/1096 917/794/1104
f 911/796/1106 1404/779/1095 914/795/1105
f 908/797/1107 1403/777/1094 911/796/1106
f 1401/773/1091 908/797/1107 905/798/1108
f 902/799/1109 1401/773/1091 905/798/1108
f 899/800/1110 1400/771/1090 902/799/1109
f 1398/767/1087 899/800/1110 896/801/1111
f 893/802/1112 1398/767/1087 896/801/1111
f 1396/766/1085 893/802/1112 890/803/1113
f 1395/763/1084 890/803/1113 887/804/1114
f 884/805/1115 1395/763/1084 887/804/1114
f 1393/760/1081 884/805/1115 881/806/1116
f 878/807/1117 1393/760/1081 881/806/1116
f 1391/753/1079 878/807/1117 875/808/1118
f 1390/754/1078 875/808/1118 872/809/1119
f 869/810/1120 1390/754/1078 872/809/1119
f 1388/747/1075 869/810/1120 866/811/1121
f 863/812/1122 1388/747/1075 866/811/1121
f 1386/745/1073 863/812/1122 860/813/1123
f 857/814/1124 1386/745/1073 860/813/1123
f 1384/739/1071 857/814/1124 1320/815/1125
f 851/816/1126 1384/739/1071 1320/815/1125
f 1382/737/1069 851/816/1126 848/817/1127
f 845/818/1128 1382/737/1069 848/817/1127
f 842/233/737 1381/735/1068 845/818/1128
f 1315/231/736 1380/733/1067 842/233/737
f 1378/726/1064 1315/231/736 836/229/732
f 1377/728/1065 836/229/732 833/790/1100
f 770/819/1129 1376/724/1062 800/821/1130
f 1376/724/1062 799/820/1131 800/821/1130
f 799/820/1131 1374/720/1059 798/823/1132
f 798/823/1132 1373/718/1056 797/822/1133
f 1373/718/1056 796/824/1134 797/822/1133
f 796/824/1134 1371/714/1054 795/826/1135
f 1371/714/1054 794/825/1136 795/826/1135
f 1370/712/1052 793/827/1137 794/825/1136
f 793/827/1137 1368/708/1048 792/829/1138
f 1368/708/1048 791/828/1139 792/829/1138
f 1367/706/1046 790/830/1140 791/828/1139
f 790/830/1140 1365/702/1043 789/832/1141
f 1365/702/1043 788/831/1142 789/832/1141
f 1364/700/1041 787/833/1143 788/831/1142
f 787/833/1143 1362/696/1038 786/835/1144
f 1362/696/1038 785/834/1145 786/835/1144
f 785/834/1145 1360/692/1035 784/837/1146
f 1360/692/1035 783/836/1147 784/837/1146
f 783/836/1147 1358/688/1031 782/838/1148
f 1358/688/1031 781/840/1149 782/838/1148
f 1357/686/1029 780/839/1150 781/840/1149
f 1356/684/1027 779/841/1151 780/839/1150
f 779/841/1151 1354/679/1022 778/843/1152
f 1354/679/1022 777/842/1153 778/843/1152
f 777/842/1153 1352/676/1020 1288/844/1154
f 1288/844/1154 1351/673/1017 775/845/1155
f 775/845/1155 1350/671/1016 774/846/1156
f 774/846/1156 1349/670/1015 773/847/1157
f 1349/670/1015 772/232/735 773/847/1157
f 1348/667/1012 1283/230/733 772/232/735
f 1283/230/733 1345/664/1010 769/848/734
f 1345/664/1010 770/819/1129 769/848/734
f 833/790/1100 769/848/734 770/819/1129
f 833/790/1100 800/821/1130 926/791/1101
f 926/791/1101 799/820/1131 923/792/1102
f 923/792/1102 798/823/1132 920/793/1103
f 920/793/1103 797/822/1133 917/794/1104
f 917/794/1104 796/824/1134 914/795/1105
f 777/842/1153 1320/815/1125 857/814/1124
f 914/795/1105 795/826/1135 911/796/1106
f 911/796/1106 794/825/1136 908/797/1107
f 908/797/1107 793/827/1137 905/798/1108
f 905/798/1108 792/829/1138 902/799/1109
f 902/799/1109 791/828/1139 899/800/1110
f 899/800/1110 790/830/1140 896/801/1111
f 896/801/1111 789/832/1141 893/802/1112
f 893/802/1112 788/831/1142 890/803/1113
f 890/803/1113 787/833/1143 887/804/1114
f 887/804/1114 786/835/1144 884/805/1115
f 884/805/1115 785/834/1145 881/806/1116
f 785/834/1145 878/807/1117 881/806/1116
f 784/837/1146 875/808/1118 878/807/1117
f 783/836/1147 872/809/1119 875/808/1118
f 782/838/1148 869/810/1120 872/809/1119
f 781/840/1149 866/811/1121 869/810/1120
f 780/839/1150 863/812/1122 866/811/1121
f 779/841/1151 860/813/1123 863/812/1122
f 778/843/1152 857/814/1124 860/813/1123
f 1288/844/1154 851/816/1126 1320/815/1125
f 775/845/1155 848/817/1127 851/816/1126
f 774/846/1156 845/818/1128 848/817/1127
f 773/847/1157 842/233/737 845/818/1128
f 15/1/1 47/11/1 46/2/2
f 2/4/3 34/13/3 33/5/4
f 29/7/5 61/15/5 60/8/6
f 16/10/7 48/17/7 47/11/1
f 3/12/8 35/19/8 34/13/3
f 30/14/9 62/21/9 61/15/5
f 17/16/10 49/858/10 48/17/7
f 4/18/11 36/26/11 35/19/8
f 31/20/12 63/28/12 62/21/9
f 18/22/13 50/30/13 49/23/10
f 5/25/14 37/32/14 36/26/11
f 32/27/15 64/33/15 63/28/12
f 19/29/16 51/35/16 50/30/13
f 6/31/17 38/37/17 37/32/14
f 1/6/4 33/5/4 64/33/15
f 20/34/18 52/39/18 51/35/16
f 7/36/19 39/41/19 38/37/17
f 21/38/20 53/43/20 52/39/18
f 8/40/21 40/45/21 39/41/19
f 22/42/22 54/47/22 53/43/20
f 9/44/23 41/49/23 40/45/21
f 23/46/24 55/51/24 54/47/22
f 10/48/25 42/53/25 41/49/23
f 24/50/26 56/55/26 55/51/24
f 11/52/27 43/57/27 42/53/25
f 25/54/28 57/59/28 56/55/26
f 12/56/29 44/61/29 43/57/27
f 26/58/30 58/63/30 57/59/28
f 13/60/31 45/64/31 44/61/29
f 27/62/32 59/65/32 58/63/30
f 14/3/2 46/2/2 45/64/31
f 28/9/6 60/8/6 59/65/32
f 538/66/33 122/129/33 123/67/34
f 526/69/35 525/130/36 109/70/36
f 539/68/34 123/67/34 124/72/37
f 526/69/35 110/71/35 111/74/38
f 514/76/39 98/104/39 97/77/40
f 540/73/37 124/72/37 125/79/41
f 527/75/38 111/74/38 112/81/42
f 515/83/43 513/78/40 97/77/40
f 542/85/44 541/80/41 125/79/41
f 529/87/45 528/82/42 112/81/42
f 516/89/46 515/83/43 99/84/43
f 542/85/44 126/86/44 127/91/47
f 530/93/48 529/849/45 113/94/45
f 516/89/46 100/90/46 101/96/49
f 543/92/47 127/91/47 128/98/50
f 530/93/48 114/95/48 115/100/51
f 517/97/49 101/96/49 102/102/52
f 514/76/39 544/99/50 128/98/50
f 532/105/53 531/101/51 115/100/51
f 519/107/54 518/103/52 102/102/52
f 532/105/53 116/106/53 117/109/55
f 519/107/54 103/108/54 104/111/56
f 533/110/55 117/109/55 118/113/57
f 520/112/56 104/111/56 105/115/58
f 535/117/59 534/114/57 118/113/57
f 521/116/58 105/115/58 106/119/60
f 535/117/59 119/118/59 120/121/61
f 523/123/62 522/120/60 106/119/60
f 537/125/63 536/122/61 120/121/61
f 523/123/62 107/124/62 108/127/64
f 538/66/33 537/125/63 121/126/63
f 524/128/64 108/127/64 109/70/36
f 130/131/65 131/134/68 134/132/66
f 131/134/68 545/228/160 546/135/69
f 133/133/67 134/132/66 137/136/70
f 134/132/66 546/135/69 547/138/72
f 136/137/71 137/136/70 140/139/73
f 140/139/73 137/136/70 547/138/72
f 142/142/76 139/140/74 140/139/73
f 143/143/77 140/139/73 548/141/75
f 142/142/76 143/143/77 146/145/79
f 143/143/77 549/144/78 550/147/81
f 148/148/82 145/146/80 146/145/79
f 146/145/79 550/147/81 551/150/84
f 148/148/82 149/149/83 152/151/85
f 152/151/85 149/149/83 551/150/84
f 151/152/86 152/151/85 155/154/88
f 152/151/85 552/153/87 553/156/90
f 154/155/89 155/154/88 158/157/91
f 155/154/88 553/156/90 554/159/93
f 157/158/92 158/157/91 161/160/94
f 158/157/91 554/159/93 555/162/96
f 163/163/97 160/161/95 161/160/94
f 164/164/98 161/160/94 555/162/96
f 166/166/100 163/163/97 164/164/98
f 167/167/101 164/164/98 556/165/99
f 166/166/100 167/167/101 170/169/103
f 167/167/101 557/168/102 558/171/105
f 172/172/106 169/170/104 170/169/103
f 170/169/103 558/171/105 559/174/108
f 172/172/106 173/173/107 176/175/109
f 176/175/109 173/173/107 559/174/108
f 178/178/112 175/176/110 176/175/109
f 179/179/113 176/175/109 560/177/111
f 178/181/112 179/184/113 182/182/115
f 179/184/113 561/859/114 562/185/117
f 181/183/116 182/182/115 185/186/118
f 182/182/115 562/185/117 563/188/120
f 187/189/121 184/187/119 185/186/118
f 188/190/122 185/186/118 563/188/120
f 190/192/124 187/189/121 188/190/122
f 191/193/125 188/190/122 564/191/123
f 190/192/124 191/193/125 194/195/127
f 191/193/125 565/194/126 566/197/129
f 193/196/128 194/195/127 197/198/130
f 194/195/127 566/197/129 567/200/132
f 199/201/133 196/199/131 197/198/130
f 200/202/134 197/198/130 567/200/132
f 202/204/136 199/201/133 200/202/134
f 203/205/137 200/202/134 568/203/135
f 202/204/136 203/205/137 206/207/139
f 203/205/137 569/206/138 570/209/141
f 205/208/140 206/207/139 209/210/142
f 206/207/139 570/209/141 571/212/144
f 211/213/145 208/211/143 209/210/142
f 212/214/146 209/210/142 571/212/144
f 214/216/148 211/213/145 212/214/146
f 215/217/149 212/214/146 572/215/147
f 214/216/148 215/217/149 218/219/151
f 215/217/149 573/218/150 574/221/153
f 217/220/152 218/219/151 221/222/154
f 218/219/151 574/221/153 575/224/156
f 220/223/155 221/222/154 224/225/157
f 224/225/157 221/222/154 575/224/156
f 130/131/65 223/226/158 224/225/157
f 131/134/68 224/225/157 576/227/159
f 132/229/161 65/848/610 579/230/162
f 611/231/163 579/230/162 68/232/164
f 226/234/166 228/240/172 230/235/167
f 227/236/168 230/235/167 229/237/169
f 231/239/171 233/241/173 230/235/167
f 233/241/173 232/243/175 229/237/169
f 231/239/171 234/244/176 236/242/174
f 236/242/174 235/247/179 232/243/175
f 234/244/176 237/249/181 239/245/177
f 236/242/174 239/245/177 238/246/178
f 240/248/180 242/250/182 239/245/177
f 242/250/182 241/253/185 238/246/178
f 240/248/180 243/255/187 245/251/183
f 242/250/182 245/251/183 244/252/184
f 246/254/186 248/256/188 245/251/183
f 248/256/188 247/259/191 244/252/184
f 249/257/189 251/258/190 248/256/188
f 251/258/190 250/262/194 247/259/191
f 249/257/189 252/264/196 254/260/192
f 251/258/190 254/260/192 253/261/193
f 255/263/195 257/265/197 254/260/192
f 257/265/197 256/268/200 253/261/193
f 258/266/198 260/267/199 257/265/197
f 260/267/199 259/271/203 256/268/200
f 258/266/198 261/273/205 263/269/201
f 260/267/199 263/269/201 262/270/202
f 264/272/204 266/274/206 263/269/201
f 266/274/206 265/277/209 262/270/202
f 267/275/207 269/276/208 266/274/206
f 269/276/208 268/280/212 265/277/209
f 267/275/207 270/282/214 272/278/210
f 269/276/208 272/278/210 271/279/211
f 273/281/213 275/283/215 272/278/210
f 275/283/215 274/851/218 271/279/211
f 273/284/213 276/290/220 278/285/216
f 275/286/215 278/285/216 277/287/217
f 279/289/219 281/291/221 278/285/216
f 281/291/221 280/294/224 277/287/217
f 282/292/222 284/296/226 281/291/221
f 281/291/221 284/296/226 283/293/223
f 282/292/222 285/299/229 287/295/225
f 284/296/226 287/295/225 286/297/227
f 288/298/228 290/300/230 287/295/225
f 290/300/230 289/303/233 286/297/227
f 291/301/231 293/302/232 290/300/230
f 293/302/232 292/306/236 289/303/233
f 291/301/231 294/308/238 296/304/234
f 293/302/232 296/304/234 295/305/235
f 297/307/237 299/309/239 296/304/234
f 299/309/239 298/312/242 295/305/235
f 300/310/240 302/314/244 299/309/239
f 299/309/239 302/314/244 301/311/241
f 300/310/240 303/317/247 305/313/243
f 302/314/244 305/313/243 304/315/245
f 306/316/246 308/318/248 305/313/243
f 308/318/248 307/321/251 304/315/245
f 306/316/246 309/323/253 311/319/249
f 308/318/248 311/319/249 310/320/250
f 312/322/252 314/324/254 311/319/249
f 314/324/254 313/326/256 310/320/250
f 312/322/252 315/327/257 317/325/255
f 317/325/255 316/330/260 313/326/256
f 315/327/257 318/331/261 320/328/258
f 317/325/255 320/328/258 319/329/259
f 226/234/166 227/236/168 320/328/258
f 227/236/168 225/238/170 319/329/259
f 324/332/262 326/335/265 323/333/263
f 326/335/265 325/339/269 321/336/266
f 324/332/262 327/341/271 329/337/267
f 326/335/265 329/337/267 328/338/268
f 330/340/270 332/342/272 329/337/267
f 332/342/272 331/345/275 328/338/268
f 333/343/273 335/344/274 332/342/272
f 335/344/274 334/348/278 331/345/275
f 333/343/273 336/350/280 338/346/276
f 335/344/274 338/346/276 337/347/277
f 339/349/279 341/351/281 338/346/276
f 341/351/281 340/354/284 337/347/277
f 339/349/279 342/356/286 344/352/282
f 341/351/281 344/352/282 343/353/283
f 345/355/285 347/357/287 344/352/282
f 347/357/287 346/360/290 343/353/283
f 348/358/288 350/359/289 347/357/287
f 350/359/289 349/363/293 346/360/290
f 348/358/288 351/365/295 353/361/291
f 350/359/289 353/361/291 352/362/292
f 354/364/294 356/366/296 353/361/291
f 356/366/296 355/369/299 352/362/292
f 357/367/297 359/368/298 356/366/296
f 359/368/298 358/372/302 355/369/299
f 357/367/297 360/374/304 362/370/300
f 359/368/298 362/370/300 361/371/301
f 363/373/303 365/375/305 362/370/300
f 365/375/305 364/378/308 361/371/301
f 366/376/306 368/377/307 365/375/305
f 368/377/307 367/381/311 364/378/308
f 366/376/306 369/850/313 371/379/309
f 368/377/307 371/379/309 370/380/310
f 372/382/312 374/385/314 371/383/309
f 374/385/314 373/389/317 370/386/310
f 372/382/312 375/390/318 377/387/315
f 374/385/314 377/387/315 376/388/316
f 375/390/318 378/393/321 380/391/319
f 380/391/319 379/395/323 376/388/316
f 381/392/320 383/394/322 380/391/319
f 383/394/322 382/398/326 379/395/323
f 381/392/320 384/400/328 386/396/324
f 383/394/322 386/396/324 385/397/325
f 387/399/327 389/401/329 386/396/324
f 389/401/329 388/404/332 385/397/325
f 390/402/330 392/403/331 389/401/329
f 392/403/331 391/407/335 388/404/332
f 390/402/330 393/408/336 395/405/333
f 392/403/331 395/405/333 394/406/334
f 393/408/336 396/412/340 398/409/337
f 395/405/333 398/409/337 397/410/338
f 399/411/339 401/413/341 398/409/337
f 401/413/341 400/416/344 397/410/338
f 399/411/339 402/418/346 404/414/342
f 401/413/341 404/414/342 403/415/343
f 405/417/345 407/419/347 404/414/342
f 407/419/347 406/422/350 403/415/343
f 405/417/345 408/424/352 410/420/348
f 407/419/347 410/420/348 409/421/349
f 411/423/351 413/425/353 410/420/348
f 413/425/353 412/428/356 409/421/349
f 414/426/354 416/427/355 413/425/353
f 416/427/355 415/429/357 412/428/356
f 414/426/354 322/334/264 323/333/263
f 416/427/355 323/333/263 321/336/266
f 418/430/358 420/435/363 422/431/359
f 419/432/360 422/431/359 421/433/361
f 420/435/363 423/438/366 425/436/364
f 422/431/359 425/436/364 424/437/365
f 423/438/366 426/441/369 428/439/367
f 425/436/364 428/439/367 427/440/368
f 426/441/369 429/445/373 431/442/370
f 428/439/367 431/442/370 430/443/371
f 432/444/372 434/448/376 431/442/370
f 431/442/370 434/448/376 433/446/374
f 432/444/372 435/451/379 437/447/375
f 434/448/376 437/447/375 436/449/377
f 438/450/378 440/452/380 437/447/375
f 440/452/380 439/455/383 436/449/377
f 441/453/381 443/454/382 440/452/380
f 443/454/382 442/458/386 439/455/383
f 441/453/381 444/460/388 446/456/384
f 443/454/382 446/456/384 445/457/385
f 447/459/387 449/463/391 446/456/384
f 446/456/384 449/463/391 448/461/389
f 450/462/390 452/466/394 449/463/391
f 449/463/391 452/466/394 451/464/392
f 453/465/393 455/469/397 452/466/394
f 452/466/394 455/469/397 454/467/395
f 456/468/396 458/470/398 455/469/397
f 458/470/398 457/473/401 454/467/395
f 459/471/399 461/472/400 458/470/398
f 461/472/400 460/476/404 457/473/401
f 462/474/402 464/475/403 461/472/400
f 464/475/403 463/479/407 460/476/404
f 465/477/405 467/478/406 464/475/403
f 467/478/406 466/860/410 463/479/407
f 465/480/405 468/485/411 470/481/408
f 467/482/406 470/481/408 469/483/409
f 468/485/411 471/489/415 473/486/412
f 470/481/408 473/486/412 472/487/413
f 474/488/414 476/492/418 473/486/412
f 473/486/412 476/492/418 475/490/416
f 474/488/414 477/495/421 479/491/417
f 476/492/418 479/491/417 478/493/419
f 480/494/420 482/496/422 479/491/417
f 482/496/422 481/499/425 478/493/419
f 483/497/423 485/498/424 482/496/422
f 485/498/424 484/502/428 481/499/425
f 486/500/426 488/501/427 485/498/424
f 488/501/427 487/505/431 484/502/428
f 489/503/429 491/504/430 488/501/427
f 491/504/430 490/508/434 487/505/431
f 489/503/429 492/509/435 494/506/432
f 491/504/430 494/506/432 493/507/433
f 492/509/435 495/512/438 497/510/436
f 494/506/432 497/510/436 496/511/437
f 495/512/438 498/516/442 500/513/439
f 497/510/436 500/513/439 499/514/440
f 501/515/441 503/519/445 500/513/439
f 500/513/439 503/519/445 502/517/443
f 501/515/441 504/521/447 506/518/444
f 506/518/444 505/523/449 502/517/443
f 507/520/446 509/522/448 506/518/444
f 509/522/448 508/526/452 505/523/449
f 510/524/450 512/525/451 509/522/448
f 512/525/451 511/527/453 508/526/452
f 418/430/358 419/432/360 512/525/451
f 419/432/360 417/434/362 511/527/453
f 130/131/65 133/133/67 228/240/172
f 229/237/169 232/243/175 327/341/271
f 324/332/262 322/334/264 225/238/170
f 229/237/169 327/341/271 324/332/262
f 318/331/261 223/226/158 130/131/65
f 319/329/259 225/238/170 322/334/264
f 414/426/354 411/423/351 316/330/260
f 319/329/259 322/334/264 414/426/354
f 133/133/67 136/137/71 231/239/171
f 232/243/175 235/247/179 330/340/270
f 136/137/71 139/140/74 234/244/176
f 238/246/178 241/253/185 336/350/280
f 333/343/273 330/340/270 235/247/179
f 238/246/178 336/350/280 333/343/273
f 139/140/74 142/142/76 237/249/181
f 142/142/76 145/146/80 240/248/180
f 244/252/184 247/259/191 342/356/286
f 339/349/279 336/350/280 241/253/185
f 244/252/184 342/356/286 339/349/279
f 145/146/80 148/148/82 243/255/187
f 243/255/187 148/148/82 151/152/86
f 247/259/191 250/262/194 345/355/285
f 246/254/186 151/152/86 154/155/89
f 253/261/193 256/268/200 351/365/295
f 348/358/288 345/355/285 250/262/194
f 253/261/193 351/365/295 348/358/288
f 249/257/189 154/155/89 157/158/92
f 252/264/196 157/158/92 160/161/95
f 259/271/203 354/364/294 351/365/295
f 255/263/195 160/161/95 163/163/97
f 354/364/294 259/271/203 262/270/202
f 262/270/202 265/277/209 360/374/304
f 357/367/297 354/364/294 262/270/202
f 258/266/198 163/163/97 166/166/100
f 166/166/100 169/170/104 264/272/204
f 268/280/212 363/373/303 360/374/304
f 169/170/104 172/172/106 267/275/207
f 271/279/211 274/851/218 369/850/313
f 366/376/306 363/373/303 268/280/212
f 271/279/211 369/850/313 366/376/306
f 267/275/207 172/172/106 175/176/110
f 270/282/214 175/176/110 178/178/112
f 369/384/313 274/288/218 277/287/217
f 277/287/217 280/294/224 375/390/318
f 372/382/312 369/384/313 277/287/217
f 273/284/213 178/181/112 181/183/116
f 181/183/116 184/187/119 279/289/219
f 280/294/224 283/293/223 378/393/321
f 184/187/119 187/189/121 282/292/222
f 286/297/227 289/303/233 384/400/328
f 381/392/320 378/393/321 283/293/223
f 286/297/227 384/400/328 381/392/320
f 187/189/121 190/192/124 285/299/229
f 190/192/124 193/196/128 288/298/228
f 289/303/233 292/306/236 387/399/327
f 193/196/128 196/199/131 291/301/231
f 295/305/235 298/312/242 393/408/336
f 390/402/330 387/399/327 292/306/236
f 295/305/235 393/408/336 390/402/330
f 196/199/131 199/201/133 294/308/238
f 199/201/133 202/204/136 297/307/237
f 301/311/241 396/412/340 393/408/336
f 202/204/136 205/208/140 300/310/240
f 396/412/340 301/311/241 304/315/245
f 304/315/245 307/321/251 402/418/346
f 399/411/339 396/412/340 304/315/245
f 205/208/140 208/211/143 303/317/247
f 208/211/143 211/213/145 306/316/246
f 310/320/250 313/326/256 408/424/352
f 405/417/345 402/418/346 307/321/251
f 310/320/250 408/424/352 405/417/345
f 306/316/246 211/213/145 214/216/148
f 214/216/148 217/220/152 312/322/252
f 313/326/256 316/330/260 411/423/351
f 312/322/252 217/220/152 220/223/155
f 220/223/155 223/226/158 318/331/261
f 321/336/266 325/339/269 420/435/363
f 415/429/357 321/336/266 418/430/358
f 325/339/269 328/338/268 423/438/366
f 328/338/268 331/345/275 426/441/369
f 331/345/275 334/348/278 429/445/373
f 334/348/278 337/347/277 432/444/372
f 337/347/277 340/354/284 435/451/379
f 340/354/284 343/353/283 438/450/378
f 346/360/290 441/453/381 438/450/378
f 349/363/293 444/460/388 441/453/381
f 349/363/293 352/362/292 447/459/387
f 352/362/292 355/369/299 450/462/390
f 355/369/299 358/372/302 453/465/393
f 358/372/302 361/371/301 456/468/396
f 361/371/301 364/378/308 459/471/399
f 364/378/308 367/381/311 462/474/402
f 367/381/311 370/380/310 465/477/405
f 370/386/310 373/389/317 468/485/411
f 373/389/317 376/388/316 471/489/415
f 376/388/316 379/395/323 474/488/414
f 379/395/323 382/398/326 477/495/421
f 382/398/326 385/397/325 480/494/420
f 385/397/325 388/404/332 483/497/423
f 388/404/332 391/407/335 486/500/426
f 394/406/334 489/503/429 486/500/426
f 397/410/338 492/509/435 489/503/429
f 397/410/338 400/416/344 495/512/438
f 400/416/344 403/415/343 498/516/442
f 403/415/343 406/422/350 501/515/441
f 406/422/350 409/421/349 504/521/447
f 409/421/349 412/428/356 507/520/446
f 412/428/356 415/429/357 510/524/450
f 436/861/454 439/862/454 442/863/454
f 442/863/454 445/864/454 448/865/454
f 448/865/454 451/866/454 454/867/454
f 454/867/454 457/868/454 460/869/454
f 460/869/454 463/870/454 466/871/454
f 466/871/454 469/872/454 472/873/454
f 472/873/454 475/874/454 478/533/454
f 478/533/454 21/875/454 20/876/454
f 478/533/454 20/876/454 19/877/454
f 466/871/454 472/873/454 478/533/454
f 454/867/454 460/869/454 466/871/454
f 442/863/454 448/865/454 454/867/454
f 433/878/454 436/861/454 442/863/454
f 427/530/454 430/879/454 433/878/454
f 421/880/454 424/881/454 427/530/454
f 511/882/454 417/852/454 421/880/454
f 505/883/454 508/884/454 511/882/454
f 499/885/454 502/886/454 505/883/454
f 493/887/454 496/888/454 499/885/454
f 487/531/454 490/889/454 493/887/454
f 25/890/454 24/857/454 487/531/454
f 26/891/454 25/890/454 487/531/454
f 487/531/454 493/887/454 499/885/454
f 499/885/454 505/883/454 511/882/454
f 511/882/454 421/880/454 427/530/454
f 427/530/454 433/878/454 442/863/454
f 442/863/454 454/867/454 466/871/454
f 466/871/454 478/533/454 19/877/454
f 466/871/454 19/877/454 18/892/454
f 427/530/454 442/863/454 466/871/454
f 499/885/454 511/882/454 427/530/454
f 26/891/454 487/531/454 499/885/454
f 27/893/454 26/891/454 499/885/454
f 466/871/454 18/892/454 17/894/454
f 466/871/454 17/894/454 16/895/454
f 28/896/454 27/893/454 499/885/454
f 29/897/454 28/896/454 499/885/454
f 466/871/454 16/895/454 15/898/454
f 466/871/454 15/898/454 14/899/454
f 29/897/454 499/885/454 427/530/454
f 30/900/454 29/897/454 427/530/454
f 466/871/454 14/899/454 13/901/454
f 466/871/454 13/901/454 12/902/454
f 31/903/454 30/900/454 427/530/454
f 32/904/454 31/903/454 427/530/454
f 466/871/454 12/902/454 11/905/454
f 466/871/454 11/905/454 10/906/454
f 1/907/454 32/904/454 427/530/454
f 2/908/454 1/907/454 427/530/454
f 427/530/454 466/871/454 10/906/454
f 427/530/454 10/906/454 9/909/454
f 3/910/454 2/908/454 427/530/454
f 4/911/454 3/910/454 427/530/454
f 427/530/454 9/909/454 8/854/454
f 427/530/454 8/854/454 7/853/454
f 5/529/454 4/911/454 427/530/454
f 427/530/454 7/853/454 6/528/454
f 481/855/454 484/912/454 487/531/454
f 487/531/454 24/857/454 23/856/454
f 22/532/454 21/875/454 478/533/454
f 487/531/454 23/856/454 22/532/454
f 478/533/454 481/855/454 487/531/454
f 578/534/455 514/597/455 513/535/455
f 67/537/455 577/536/455 513/535/455
f 67/537/455 515/538/455 516/539/455
f 580/540/455 516/539/455 517/541/455
f 582/543/455 581/542/455 517/541/455
f 582/543/455 518/544/455 519/545/455
f 72/547/455 583/546/455 519/545/455
f 72/547/455 520/548/455 521/549/455
f 586/551/455 585/550/455 521/549/455
f 586/551/455 522/552/455 523/553/455
f 587/554/455 523/553/455 524/555/455
f 588/556/455 524/555/455 525/557/455
f 589/558/455 525/557/455 526/559/455
f 591/561/455 590/560/455 526/559/455
f 591/561/455 527/562/455 528/563/455
f 593/565/455 592/564/455 528/563/455
f 593/565/455 529/566/455 530/567/455
f 595/569/455 594/568/455 530/567/455
f 595/569/455 531/570/455 532/571/455
f 596/572/455 532/571/455 533/573/455
f 598/575/455 597/574/455 533/573/455
f 598/575/455 534/576/455 535/577/455
f 600/579/455 599/578/455 535/577/455
f 601/581/455 600/579/455 536/580/455
f 601/581/455 537/582/455 538/583/455
f 602/584/455 538/583/455 539/585/455
f 604/587/455 603/586/455 539/585/455
f 604/587/455 540/588/455 541/589/455
f 606/591/455 605/590/455 541/589/455
f 607/593/455 606/591/455 542/592/455
f 607/593/455 543/594/455 544/595/455
f 578/534/455 608/596/455 544/595/455
f 610/598/455 546/602/455 545/599/455
f 135/601/455 547/604/455 546/602/455
f 135/601/455 612/606/455 548/603/455
f 613/605/455 549/608/455 548/603/455
f 614/607/455 550/610/455 549/608/455
f 614/607/455 615/612/455 551/609/455
f 150/611/455 552/614/455 551/609/455
f 617/613/455 553/616/455 552/614/455
f 617/613/455 618/618/455 554/615/455
f 619/617/455 555/620/455 554/615/455
f 619/617/455 620/621/455 556/619/455
f 620/621/455 621/624/455 557/622/455
f 622/623/455 558/626/455 557/622/455
f 623/625/455 559/628/455 558/626/455
f 623/625/455 624/629/455 560/627/455
f 624/629/455 625/632/455 561/630/455
f 626/631/455 562/634/455 561/630/455
f 627/633/455 563/636/455 562/634/455
f 627/633/455 628/638/455 564/635/455
f 629/637/455 565/640/455 564/635/455
f 630/639/455 566/642/455 565/640/455
f 631/641/455 567/644/455 566/642/455
f 632/643/455 568/646/455 567/644/455
f 633/645/455 569/648/455 568/646/455
f 634/647/455 570/650/455 569/648/455
f 635/649/455 571/652/455 570/650/455
f 636/651/455 572/654/455 571/652/455
f 637/653/455 573/656/455 572/654/455
f 638/655/455 574/658/455 573/656/455
f 639/657/455 575/660/455 574/658/455
f 639/657/455 640/661/455 576/659/455
f 640/661/455 609/600/455 545/599/455
f 642/662/456 578/725/519 577/663/457
f 643/665/459 641/664/458 577/663/457
f 644/667/461 643/665/459 67/666/460
f 644/667/461 580/668/462 581/669/463
f 646/671/465 645/670/464 581/669/463
f 647/673/467 646/671/465 582/672/466
f 647/673/467 583/674/468 72/675/469
f 649/677/471 648/676/470 72/675/469
f 650/679/473 649/677/471 585/678/472
f 651/681/475 650/679/473 586/680/474
f 651/681/475 587/682/476 588/683/477
f 652/684/478 588/683/477 589/685/479
f 653/686/480 589/685/479 590/687/481
f 655/689/483 654/688/482 590/687/481
f 655/689/483 591/690/484 592/691/485
f 657/693/487 656/692/486 592/691/485
f 657/693/487 593/694/488 594/695/489
f 659/697/491 658/696/490 594/695/489
f 659/697/491 595/698/492 596/699/493
f 660/700/494 596/699/493 597/701/495
f 662/703/497 661/702/496 597/701/495
f 662/703/497 598/704/498 599/705/499
f 663/706/500 599/705/499 600/707/501
f 664/708/502 600/707/501 601/709/503
f 665/710/504 601/709/503 602/711/505
f 666/712/506 602/711/505 603/713/507
f 668/715/509 667/714/508 603/713/507
f 668/715/509 604/716/510 605/717/511
f 669/718/512 605/717/511 606/719/513
f 671/721/515 670/720/514 606/719/513
f 671/721/515 607/722/516 608/723/517
f 642/662/456 672/724/518 608/723/517
f 674/726/520 610/730/489 609/727/488
f 674/726/520 675/731/522 135/729/492
f 675/731/522 676/733/523 612/732/493
f 676/733/523 677/735/524 613/734/495
f 677/735/524 678/737/525 614/736/498
f 678/737/525 679/740/527 615/738/499
f 680/739/526 150/742/501 615/738/499
f 681/741/528 617/744/503 150/742/501
f 681/741/528 682/745/529 618/743/505
f 682/745/529 683/748/531 619/746/507
f 684/747/530 620/750/510 619/746/507
f 684/747/530 685/751/532 621/749/511
f 685/751/532 686/754/534 622/752/513
f 687/753/533 623/756/516 622/752/513
f 687/753/533 688/757/535 624/755/517
f 688/757/535 689/760/537 625/758/519
f 690/759/536 626/762/457 625/758/519
f 690/759/536 691/763/538 627/761/460
f 691/763/538 692/766/540 628/764/462
f 693/765/539 629/768/463 628/764/462
f 694/767/541 630/770/466 629/768/463
f 694/767/541 695/772/543 631/769/468
f 696/771/542 632/774/469 631/769/468
f 697/773/544 633/776/472 632/774/469
f 698/775/545 634/778/474 633/776/472
f 699/777/546 635/780/476 634/778/474
f 700/779/547 636/782/477 635/780/476
f 701/781/548 637/784/479 636/782/477
f 702/783/549 638/786/481 637/784/479
f 703/785/550 639/788/484 638/786/481
f 703/785/550 704/789/551 640/787/485
f 673/728/521 609/727/488 640/787/485
f 129/790/552 673/728/521 704/789/551
f 222/791/553 704/789/551 703/785/550
f 219/792/554 703/785/550 702/783/549
f 213/794/556 216/793/555 702/783/549
f 210/795/557 213/794/556 701/781/548
f 207/796/558 210/795/557 700/779/547
f 207/796/558 699/777/546 698/775/545
f 204/797/559 698/775/545 697/773/544
f 201/798/560 697/773/544 696/771/542
f 198/799/561 696/771/542 695/772/543
f 195/800/562 695/772/543 694/767/541
f 189/802/564 192/801/563 694/767/541
f 189/802/564 693/765/539 692/766/540
f 186/803/565 692/766/540 691/763/538
f 180/805/567 183/804/566 691/763/538
f 180/805/567 690/759/536 689/760/537
f 177/806/568 689/760/537 688/757/535
f 174/807/569 688/757/535 687/753/533
f 171/808/570 687/753/533 686/754/534
f 165/810/572 168/809/571 686/754/534
f 165/810/572 685/751/532 684/747/530
f 159/812/574 162/811/573 684/747/530
f 159/812/574 683/748/531 682/745/529
f 153/814/576 156/813/575 682/745/529
f 153/814/576 681/741/528 680/739/526
f 147/816/578 616/815/577 680/739/526
f 144/817/579 147/816/578 679/740/527
f 141/818/580 144/817/579 678/737/525
f 141/818/580 677/735/524 676/733/523
f 138/233/165 676/733/523 675/731/522
f 611/231/163 675/731/522 674/726/520
f 132/229/161 674/726/520 673/728/521
f 66/819/581 96/821/583 672/724/518
f 95/820/582 671/721/515 672/724/518
f 95/820/582 94/823/585 670/720/514
f 93/822/584 669/718/512 670/720/514
f 92/824/586 668/715/509 669/718/512
f 92/824/586 91/826/588 667/714/508
f 90/825/587 666/712/506 667/714/508
f 89/827/589 665/710/504 666/712/506
f 89/827/589 88/829/591 664/708/502
f 87/828/590 663/706/500 664/708/502
f 86/830/592 662/703/497 663/706/500
f 86/830/592 85/832/594 661/702/496
f 84/831/593 660/700/494 661/702/496
f 83/833/595 659/697/491 660/700/494
f 83/833/595 82/835/597 658/696/490
f 81/834/596 657/693/487 658/696/490
f 81/834/596 80/837/599 656/692/486
f 79/836/598 655/689/483 656/692/486
f 79/836/598 78/838/600 654/688/482
f 78/838/600 77/840/602 653/686/480
f 76/839/601 652/684/478 653/686/480
f 75/841/603 651/681/475 652/684/478
f 75/841/603 74/843/605 650/679/473
f 73/842/604 649/677/471 650/679/473
f 73/842/604 584/844/606 648/676/470
f 584/844/606 71/845/607 647/673/467
f 71/845/607 70/846/608 646/671/465
f 70/846/608 69/847/609 645/670/464
f 68/232/164 644/667/461 645/670/464
f 579/230/162 643/665/459 644/667/461
f 579/230/162 65/848/610 641/664/458
f 66/819/581 642/662/456 641/664/458
f 129/790/552 66/819/581 65/848/610
f 96/821/583 66/819/581 129/790/552
f 95/820/582 96/821/583 222/791/553
f 94/823/585 95/820/582 219/792/554
f 93/822/584 94/823/585 216/793/555
f 92/824/586 93/822/584 213/794/556
f 616/815/577 584/844/606 73/842/604
f 210/795/557 207/796/558 91/826/588
f 207/796/558 204/797/559 90/825/587
f 204/797/559 201/798/560 89/827/589
f 201/798/560 198/799/561 88/829/591
f 198/799/561 195/800/562 87/828/590
f 195/800/562 192/801/563 86/830/592
f 192/801/563 189/802/564 85/832/594
f 189/802/564 186/803/565 84/831/593
f 186/803/565 183/804/566 83/833/595
f 183/804/566 180/805/567 82/835/597
f 180/805/567 177/806/568 81/834/596
f 174/807/569 80/837/599 81/834/596
f 171/808/570 79/836/598 80/837/599
f 168/809/571 78/838/600 79/836/598
f 165/810/572 77/840/602 78/838/600
f 162/811/573 76/839/601 77/840/602
f 159/812/574 75/841/603 76/839/601
f 156/813/575 74/843/605 75/841/603
f 153/814/576 73/842/604 74/843/605
f 147/816/578 71/845/607 584/844/606
f 144/817/579 70/846/608 71/845/607
f 141/818/580 69/847/609 70/846/608
f 138/233/165 68/232/164 69/847/609
f 750/2/2 751/11/1 719/1/1
f 737/5/4 738/13/3 706/4/3
f 764/8/6 765/15/5 733/7/5
f 751/11/1 752/17/7 720/10/7
f 738/13/3 739/19/8 707/12/8
f 765/15/5 766/21/9 734/14/9
f 752/17/7 753/858/10 721/16/10
f 739/19/8 740/26/11 708/18/11
f 766/21/9 767/28/12 735/20/12
f 753/23/10 754/30/13 722/22/13
f 740/26/11 741/32/14 709/25/14
f 767/28/12 768/33/15 736/27/15
f 754/30/13 755/35/16 723/29/16
f 741/32/14 742/37/17 710/31/17
f 768/33/15 737/5/4 705/6/4
f 755/35/16 756/39/18 724/34/18
f 742/37/17 743/41/19 711/36/19
f 756/39/18 757/43/20 725/38/20
f 743/41/19 744/45/21 712/40/21
f 757/43/20 758/47/22 726/42/22
f 744/45/21 745/49/23 713/44/23
f 758/47/22 759/51/24 727/46/24
f 745/49/23 746/53/25 714/48/25
f 759/51/24 760/55/26 728/50/26
f 746/53/25 747/57/27 715/52/27
f 760/55/26 761/59/28 729/54/28
f 747/57/27 748/61/29 716/56/29
f 761/59/28 762/63/30 730/58/30
f 748/61/29 749/64/31 717/60/31
f 762/63/30 763/65/32 731/62/32
f 749/64/31 750/2/2 718/3/2
f 763/65/32 764/8/6 732/9/6
f 1243/68/611 827/67/611 826/129/612
f 1230/69/613 814/71/613 813/70/614
f 828/72/615 827/67/611 1243/68/611
f 815/74/616 814/71/613 1230/69/613
f 801/77/617 802/104/618 1218/76/618
f 829/79/619 828/72/615 1244/73/615
f 816/81/620 815/74/616 1231/75/616
f 803/84/621 801/77/617 1217/78/617
f 1246/85/622 830/86/622 829/79/619
f 817/88/623 816/81/620 1232/82/620
f 1220/89/624 804/90/624 803/84/621
f 831/91/625 830/86/622 1246/85/622
f 1234/93/626 818/95/626 817/94/623
f 805/96/627 804/90/624 1220/89/624
f 832/98/628 831/91/625 1247/92/625
f 819/100/629 818/95/626 1234/93/626
f 806/102/630 805/96/627 1221/97/627
f 802/104/618 832/98/628 1248/99/628
f 1236/105/631 820/106/631 819/100/629
f 1223/107/632 807/108/632 806/102/630
f 821/109/633 820/106/631 1236/105/631
f 808/111/634 807/108/632 1223/107/632
f 822/113/635 821/109/633 1237/110/633
f 809/115/636 808/111/634 1224/112/634
f 1239/117/637 823/118/637 822/113/635
f 810/119/638 809/115/636 1225/116/636
f 824/121/639 823/118/637 1239/117/637
f 1227/123/640 811/124/640 810/119/638
f 1241/125/641 825/126/641 824/121/639
f 812/127/642 811/124/640 1227/123/640
f 1242/66/612 826/129/612 825/126/641
f 813/70/614 812/127/642 1228/128/642
f 838/132/643 835/134/647 834/131/644
f 1250/135/646 1249/228/1158 835/134/647
f 841/136/648 838/132/643 837/133/645
f 1251/138/650 1250/135/646 838/132/643
f 844/139/651 841/136/648 840/137/649
f 844/139/651 1252/141/655 1251/138/650
f 846/142/653 847/143/654 844/139/651
f 847/143/654 1253/144/1159 1252/141/655
f 850/145/656 847/143/654 846/142/653
f 1254/147/658 1253/144/1159 847/143/654
f 853/149/659 850/145/656 849/146/657
f 1255/150/661 1254/147/658 850/145/656
f 856/151/662 853/149/659 852/148/660
f 1256/153/664 1255/150/661 853/149/659
f 859/154/665 856/151/662 855/152/663
f 1257/156/667 1256/153/664 856/151/662
f 862/157/668 859/154/665 858/155/666
f 1258/159/670 1257/156/667 859/154/665
f 865/160/671 862/157/668 861/158/669
f 1259/162/673 1258/159/670 862/157/668
f 867/163/674 868/164/675 865/160/671
f 868/164/675 1260/165/678 1259/162/673
f 870/166/676 871/167/677 868/164/675
f 871/167/677 1261/168/1160 1260/165/678
f 874/169/679 871/167/677 870/166/676
f 1262/171/681 1261/168/1160 871/167/677
f 877/173/682 874/169/679 873/170/680
f 1263/174/684 1262/171/681 874/169/679
f 879/176/685 880/175/686 877/173/682
f 880/175/686 1264/177/689 1263/174/684
f 882/178/687 883/179/688 880/175/686
f 883/179/688 1265/180/1161 1264/177/689
f 886/182/690 883/184/688 882/181/687
f 1266/185/692 1265/859/1161 883/184/688
f 889/186/693 886/182/690 885/183/691
f 1267/188/695 1266/185/692 886/182/690
f 891/189/696 892/190/697 889/186/693
f 892/190/697 1268/191/700 1267/188/695
f 894/192/698 895/193/699 892/190/697
f 895/193/699 1269/194/1162 1268/191/700
f 898/195/701 895/193/699 894/192/698
f 1270/197/703 1269/194/1162 895/193/699
f 901/198/704 898/195/701 897/196/702
f 1271/200/706 1270/197/703 898/195/701
f 904/202/707 901/198/704 900/199/705
f 904/202/707 1272/203/711 1271/200/706
f 906/204/709 907/205/710 904/202/707
f 907/205/710 1273/206/1163 1272/203/711
f 910/207/712 907/205/710 906/204/709
f 1274/209/714 1273/206/1163 907/205/710
f 912/211/715 913/210/717 910/207/712
f 1275/212/716 1274/209/714 910/207/712
f 916/214/718 913/210/717 912/211/715
f 916/214/718 1276/215/722 1275/212/716
f 918/216/720 919/217/721 916/214/718
f 919/217/721 1277/218/1164 1276/215/722
f 921/220/723 922/219/725 919/217/721
f 1278/221/724 1277/218/1164 919/217/721
f 924/223/726 925/222/728 922/219/725
f 1279/224/727 1278/221/724 922/219/725
f 927/226/729 928/225/730 925/222/728
f 928/225/730 1280/227/731 1279/224/727
f 834/131/644 835/134/647 928/225/730
f 835/134/647 1249/228/1158 1280/227/731
f 836/229/732 1315/231/736 1283/230/733
f 772/232/735 1283/230/733 1315/231/736
f 930/234/738 931/236/741 934/235/739
f 931/236/741 929/238/991 933/237/742
f 934/235/739 937/241/744 935/239/743
f 933/237/742 936/243/746 937/241/744
f 937/241/744 940/242/747 938/244/745
f 936/243/746 939/247/992 940/242/747
f 938/244/745 940/242/747 943/245/748
f 940/242/747 939/247/992 942/246/750
f 943/245/748 946/250/752 944/248/751
f 942/246/750 945/253/993 946/250/752
f 944/248/751 946/250/752 949/251/753
f 946/250/752 945/253/993 948/252/755
f 949/251/753 952/256/757 950/254/756
f 948/252/755 951/259/760 952/256/757
f 950/254/756 952/256/757 955/258/758
f 951/259/760 954/262/994 955/258/758
f 953/257/759 955/258/758 958/260/761
f 955/258/758 954/262/994 957/261/763
f 958/260/761 961/265/765 959/263/764
f 957/261/763 960/268/767 961/265/765
f 961/265/765 964/267/768 962/266/766
f 960/268/767 963/271/995 964/267/768
f 962/266/766 964/267/768 967/269/769
f 964/267/768 963/271/995 966/270/771
f 967/269/769 970/274/773 968/272/772
f 966/270/771 969/277/775 970/274/773
f 970/274/773 973/276/776 971/275/774
f 969/277/775 972/280/996 973/276/776
f 971/275/774 973/276/776 976/278/777
f 973/276/776 972/280/996 975/279/779
f 976/278/777 979/283/781 977/281/780
f 975/279/779 978/851/997 979/283/781
f 977/284/780 979/286/781 982/285/782
f 979/286/781 978/288/997 981/287/784
f 982/285/782 985/291/786 983/289/785
f 981/287/784 984/294/998 985/291/786
f 985/291/786 988/296/789 986/292/787
f 985/291/786 984/294/998 987/293/788
f 986/292/787 988/296/789 991/295/790
f 988/296/789 987/293/788 990/297/792
f 991/295/790 994/300/794 992/298/793
f 990/297/792 993/303/797 994/300/794
f 992/298/793 994/300/794 997/302/795
f 993/303/797 996/306/999 997/302/795
f 995/301/796 997/302/795 1000/304/798
f 997/302/795 996/306/999 999/305/800
f 1000/304/798 1003/309/802 1001/307/801
f 999/305/800 1002/312/1000 1003/309/802
f 1001/307/801 1003/309/802 1006/314/803
f 1003/309/802 1002/312/1000 1005/311/805
f 1004/310/804 1006/314/803 1009/313/806
f 1006/314/803 1005/311/805 1008/315/808
f 1009/313/806 1012/318/810 1010/316/809
f 1008/315/808 1011/321/1001 1012/318/810
f 1010/316/809 1012/318/810 1015/319/811
f 1012/318/810 1011/321/1001 1014/320/813
f 1015/319/811 1018/324/815 1016/322/814
f 1014/320/813 1017/326/817 1018/324/815
f 1018/324/815 1021/325/818 1019/327/816
f 1017/326/817 1020/330/1002 1021/325/818
f 1019/327/816 1021/325/818 1024/328/819
f 1021/325/818 1020/330/1002 1023/329/821
f 1024/328/819 931/236/741 930/234/738
f 1023/329/821 929/238/991 931/236/741
f 1027/333/822 1030/335/826 1028/332/823
f 1025/336/825 1029/339/363 1030/335/826
f 1028/332/823 1030/335/826 1033/337/827
f 1030/335/826 1029/339/363 1032/338/829
f 1031/341/828 1033/337/827 1036/342/830
f 1032/338/829 1035/345/833 1036/342/830
f 1036/342/830 1039/344/834 1037/343/832
f 1035/345/833 1038/348/373 1039/344/834
f 1037/343/832 1039/344/834 1042/346/835
f 1039/344/834 1038/348/373 1041/347/837
f 1042/346/835 1045/351/839 1043/349/838
f 1041/347/837 1044/354/1004 1045/351/839
f 1043/349/838 1045/351/839 1048/352/840
f 1045/351/839 1044/354/1004 1047/353/842
f 1048/352/840 1051/357/844 1049/355/843
f 1047/353/842 1050/360/846 1051/357/844
f 1051/357/844 1054/359/847 1052/358/845
f 1050/360/846 1053/363/1005 1054/359/847
f 1052/358/845 1054/359/847 1057/361/848
f 1054/359/847 1053/363/1005 1056/362/850
f 1055/365/849 1057/361/848 1060/366/851
f 1056/362/850 1059/369/854 1060/366/851
f 1060/366/851 1063/368/855 1061/367/853
f 1059/369/854 1062/372/393 1063/368/855
f 1061/367/853 1063/368/855 1066/370/856
f 1063/368/855 1062/372/393 1065/371/858
f 1064/374/857 1066/370/856 1069/375/859
f 1065/371/858 1068/378/862 1069/375/859
f 1069/375/859 1072/377/863 1070/376/861
f 1068/378/862 1071/381/402 1072/377/863
f 1070/376/861 1072/377/863 1075/379/864
f 1072/377/863 1071/381/402 1074/380/866
f 1075/383/864 1078/385/868 1076/382/867
f 1074/386/866 1077/389/411 1078/385/868
f 1076/382/867 1078/385/868 1081/387/869
f 1078/385/868 1077/389/411 1080/388/871
f 1079/390/870 1081/387/869 1084/391/872
f 1080/388/871 1083/395/875 1084/391/872
f 1084/391/872 1087/394/876 1085/392/874
f 1083/395/875 1086/398/421 1087/394/876
f 1085/392/874 1087/394/876 1090/396/877
f 1087/394/876 1086/398/421 1089/397/879
f 1088/400/878 1090/396/877 1093/401/880
f 1089/397/879 1092/404/883 1093/401/880
f 1093/401/880 1096/403/884 1094/402/882
f 1092/404/883 1095/407/1006 1096/403/884
f 1094/402/882 1096/403/884 1099/405/885
f 1096/403/884 1095/407/1006 1098/406/887
f 1097/408/886 1099/405/885 1102/409/888
f 1099/405/885 1098/406/887 1101/410/890
f 1102/409/888 1105/413/892 1103/411/891
f 1101/410/890 1104/416/1007 1105/413/892
f 1103/411/891 1105/413/892 1108/414/893
f 1105/413/892 1104/416/1007 1107/415/895
f 1108/414/893 1111/419/897 1109/417/896
f 1107/415/895 1110/422/441 1111/419/897
f 1109/417/896 1111/419/897 1114/420/898
f 1111/419/897 1110/422/441 1113/421/900
f 1114/420/898 1117/425/902 1115/423/901
f 1113/421/900 1116/428/904 1117/425/902
f 1117/425/902 1120/427/905 1118/426/903
f 1116/428/904 1119/429/1003 1120/427/905
f 1118/426/903 1120/427/905 1027/333/822
f 1120/427/905 1119/429/1003 1025/336/825
f 1122/430/906 1123/432/908 1126/431/907
f 1123/432/908 1121/434/1165 1125/433/909
f 1124/435/269 1126/431/907 1129/436/910
f 1126/431/907 1125/433/909 1128/437/912
f 1127/438/911 1129/436/910 1132/439/913
f 1129/436/910 1128/437/912 1131/440/915
f 1130/441/914 1132/439/913 1135/442/916
f 1132/439/913 1131/440/915 1134/443/917
f 1133/445/278 1135/442/916 1138/448/918
f 1135/442/916 1134/443/917 1137/446/920
f 1138/448/918 1141/447/922 1139/451/921
f 1137/446/920 1140/449/924 1141/447/922
f 1141/447/922 1144/452/925 1142/450/923
f 1140/449/924 1143/455/927 1144/452/925
f 1144/452/925 1147/454/928 1145/453/926
f 1143/455/927 1146/458/1166 1147/454/928
f 1145/453/926 1147/454/928 1150/456/929
f 1147/454/928 1146/458/1166 1149/457/931
f 1148/460/930 1150/456/929 1153/463/932
f 1150/456/929 1149/457/931 1152/461/934
f 1153/463/932 1156/466/937 1154/462/935
f 1153/463/932 1152/461/934 1155/464/936
f 1156/466/937 1159/469/938 1157/465/302
f 1155/464/936 1158/467/940 1159/469/938
f 1159/469/938 1162/470/941 1160/468/939
f 1158/467/940 1161/473/943 1162/470/941
f 1162/470/941 1165/472/944 1163/471/942
f 1161/473/943 1164/476/945 1165/472/944
f 1165/472/944 1168/475/946 1166/474/311
f 1164/476/945 1167/479/948 1168/475/946
f 1168/475/946 1171/478/949 1169/477/947
f 1167/479/948 1170/860/1167 1171/478/949
f 1169/480/947 1171/482/949 1174/481/950
f 1171/482/949 1170/484/1167 1173/483/951
f 1172/485/317 1174/481/950 1177/486/952
f 1174/481/950 1173/483/951 1176/487/954
f 1177/486/952 1180/492/957 1178/488/955
f 1177/486/952 1176/487/954 1179/490/956
f 1178/488/955 1180/492/957 1183/491/958
f 1180/492/957 1179/490/956 1182/493/959
f 1181/495/326 1183/491/958 1186/496/960
f 1182/493/959 1185/499/963 1186/496/960
f 1186/496/960 1189/498/964 1187/497/962
f 1185/499/963 1188/502/966 1189/498/964
f 1189/498/964 1192/501/967 1190/500/965
f 1188/502/966 1191/505/970 1192/501/967
f 1190/500/965 1192/501/967 1195/504/968
f 1191/505/970 1194/508/1168 1195/504/968
f 1195/504/968 1198/506/973 1196/509/971
f 1195/504/968 1194/508/1168 1197/507/972
f 1196/509/971 1198/506/973 1201/510/974
f 1198/506/973 1197/507/972 1200/511/976
f 1199/512/975 1201/510/974 1204/513/977
f 1201/510/974 1200/511/976 1203/514/979
f 1204/513/977 1207/519/981 1205/515/350
f 1204/513/977 1203/514/979 1206/517/980
f 1207/519/981 1210/518/983 1208/521/982
f 1206/517/980 1209/523/985 1210/518/983
f 1210/518/983 1213/522/986 1211/520/984
f 1209/523/985 1212/526/988 1213/522/986
f 1213/522/986 1216/525/989 1214/524/987
f 1212/526/988 1215/527/990 1216/525/989
f 1216/525/989 1123/432/908 1122/430/906
f 1215/527/990 1121/434/1165 1123/432/908
f 932/240/740 837/133/645 834/131/644
f 933/237/742 929/238/991 1026/334/824
f 1028/332/823 1031/341/828 936/243/746
f 933/237/742 1026/334/824 1028/332/823
f 930/234/738 834/131/644 927/226/729
f 1023/329/821 1020/330/1002 1115/423/901
f 1118/426/903 1026/334/824 929/238/991
f 1023/329/821 1115/423/901 1118/426/903
f 935/239/743 840/137/649 837/133/645
f 1031/341/828 1034/340/831 939/247/992
f 938/244/745 843/140/652 840/137/649
f 942/246/750 939/247/992 1034/340/831
f 1037/343/832 1040/350/836 945/253/993
f 942/246/750 1034/340/831 1037/343/832
f 938/244/745 941/249/749 846/142/653
f 944/248/751 849/146/657 846/142/653
f 948/252/755 945/253/993 1040/350/836
f 1043/349/838 1046/356/841 951/259/760
f 948/252/755 1040/350/836 1043/349/838
f 947/255/754 852/148/660 849/146/657
f 947/255/754 950/254/756 855/152/663
f 951/259/760 1046/356/841 1049/355/843
f 953/257/759 858/155/666 855/152/663
f 957/261/763 954/262/994 1049/355/843
f 1052/358/845 1055/365/849 960/268/767
f 957/261/763 1049/355/843 1052/358/845
f 953/257/759 956/264/762 861/158/669
f 956/264/762 959/263/764 864/161/672
f 960/268/767 1055/365/849 1058/364/852
f 962/266/766 867/163/674 864/161/672
f 966/270/771 963/271/995 1058/364/852
f 1061/367/853 1064/374/857 969/277/775
f 966/270/771 1058/364/852 1061/367/853
f 962/266/766 965/273/770 870/166/676
f 968/272/772 873/170/680 870/166/676
f 1064/374/857 1067/373/860 972/280/996
f 971/275/774 876/172/683 873/170/680
f 975/279/779 972/280/996 1067/373/860
f 1070/376/861 1073/850/865 978/851/997
f 975/279/779 1067/373/860 1070/376/861
f 971/275/774 974/282/778 879/176/685
f 974/282/778 977/281/780 882/178/687
f 981/287/784 978/288/997 1073/384/865
f 1076/382/867 1079/390/870 984/294/998
f 981/287/784 1073/384/865 1076/382/867
f 980/290/783 885/183/691 882/181/687
f 983/289/785 888/187/694 885/183/691
f 984/294/998 1079/390/870 1082/393/873
f 986/292/787 891/189/696 888/187/694
f 990/297/792 987/293/788 1082/393/873
f 1085/392/874 1088/400/878 993/303/797
f 990/297/792 1082/393/873 1085/392/874
f 989/299/791 894/192/698 891/189/696
f 992/298/793 897/196/702 894/192/698
f 1088/400/878 1091/399/881 996/306/999
f 995/301/796 900/199/705 897/196/702
f 999/305/800 996/306/999 1091/399/881
f 1094/402/882 1097/408/886 1002/312/1000
f 999/305/800 1091/399/881 1094/402/882
f 998/308/799 903/201/708 900/199/705
f 1001/307/801 906/204/709 903/201/708
f 1097/408/886 1100/412/889 1005/311/805
f 1004/310/804 909/208/713 906/204/709
f 1008/315/808 1005/311/805 1100/412/889
f 1103/411/891 1106/418/894 1011/321/1001
f 1008/315/808 1100/412/889 1103/411/891
f 1004/310/804 1007/317/807 912/211/715
f 1010/316/809 915/213/719 912/211/715
f 1014/320/813 1011/321/1001 1106/418/894
f 1109/417/896 1112/424/899 1017/326/817
f 1014/320/813 1106/418/894 1109/417/896
f 1010/316/809 1013/323/812 918/216/720
f 1016/322/814 921/220/723 918/216/720
f 1112/424/899 1115/423/901 1020/330/1002
f 1016/322/814 1019/327/816 924/223/726
f 1022/331/820 927/226/729 924/223/726
f 1025/336/825 1122/430/906 1124/435/269
f 1119/429/1003 1214/524/987 1122/430/906
f 1029/339/363 1124/435/269 1127/438/911
f 1032/338/829 1127/438/911 1130/441/914
f 1035/345/833 1130/441/914 1133/445/278
f 1038/348/373 1133/445/278 1136/444/919
f 1041/347/837 1136/444/919 1139/451/921
f 1044/354/1004 1139/451/921 1142/450/923
f 1142/450/923 1145/453/926 1050/360/846
f 1050/360/846 1145/453/926 1148/460/930
f 1053/363/1005 1148/460/930 1151/459/933
f 1056/362/850 1151/459/933 1154/462/935
f 1059/369/854 1154/462/935 1157/465/302
f 1062/372/393 1157/465/302 1160/468/939
f 1065/371/858 1160/468/939 1163/471/942
f 1068/378/862 1163/471/942 1166/474/311
f 1071/381/402 1166/474/311 1169/477/947
f 1074/386/866 1169/480/947 1172/485/317
f 1077/389/411 1172/485/317 1175/489/953
f 1080/388/871 1175/489/953 1178/488/955
f 1083/395/875 1178/488/955 1181/495/326
f 1086/398/421 1181/495/326 1184/494/961
f 1089/397/879 1184/494/961 1187/497/962
f 1092/404/883 1187/497/962 1190/500/965
f 1095/407/1006 1190/500/965 1193/503/969
f 1193/503/969 1196/509/971 1101/410/890
f 1101/410/890 1196/509/971 1199/512/975
f 1104/416/1007 1199/512/975 1202/516/978
f 1107/415/895 1202/516/978 1205/515/350
f 1110/422/441 1205/515/350 1208/521/982
f 1113/421/900 1208/521/982 1211/520/984
f 1116/428/904 1211/520/984 1214/524/987
f 1146/863/455 1143/862/455 1140/861/455
f 1140/861/455 1137/878/455 1134/879/455
f 1134/879/455 1131/530/455 1128/881/455
f 1128/881/455 1125/880/455 1121/852/455
f 1121/852/455 1215/882/455 1212/884/455
f 1212/884/455 1209/883/455 1206/886/455
f 1206/886/455 1203/885/455 1200/888/455
f 1200/888/455 1197/887/455 1194/889/455
f 1194/889/455 1191/531/455 728/857/455
f 1194/889/455 728/857/455 729/890/455
f 1206/886/455 1200/888/455 1194/889/455
f 1121/852/455 1212/884/455 1206/886/455
f 1134/879/455 1128/881/455 1121/852/455
f 1146/863/455 1140/861/455 1134/879/455
f 1152/865/455 1149/864/455 1146/863/455
f 1158/867/455 1155/866/455 1152/865/455
f 1164/869/455 1161/868/455 1158/867/455
f 1170/871/455 1167/870/455 1164/869/455
f 1176/873/455 1173/872/455 1170/871/455
f 1182/533/455 1179/874/455 1176/873/455
f 724/876/455 725/875/455 1182/533/455
f 723/877/455 724/876/455 1182/533/455
f 1182/533/455 1176/873/455 1170/871/455
f 1170/871/455 1164/869/455 1158/867/455
f 1158/867/455 1152/865/455 1146/863/455
f 1146/863/455 1134/879/455 1121/852/455
f 1121/852/455 1206/886/455 1194/889/455
f 1194/889/455 729/890/455 730/891/455
f 1194/889/455 730/891/455 731/893/455
f 1158/867/455 1146/863/455 1121/852/455
f 1182/533/455 1170/871/455 1158/867/455
f 722/892/455 723/877/455 1182/533/455
f 721/894/455 722/892/455 1182/533/455
f 1121/852/455 1194/889/455 731/893/455
f 1121/852/455 731/893/455 732/896/455
f 721/894/455 1182/533/455 1158/867/455
f 720/895/455 721/894/455 1158/867/455
f 1121/852/455 732/896/455 733/897/455
f 1121/852/455 733/897/455 734/900/455
f 719/898/455 720/895/455 1158/867/455
f 718/899/455 719/898/455 1158/867/455
f 1121/852/455 734/900/455 735/903/455
f 1121/852/455 735/903/455 736/904/455
f 717/901/455 718/899/455 1158/867/455
f 716/902/455 717/901/455 1158/867/455
f 1121/852/455 736/904/455 705/907/455
f 1121/852/455 705/907/455 706/908/455
f 715/905/455 716/902/455 1158/867/455
f 714/906/455 715/905/455 1158/867/455
f 1121/852/455 706/908/455 707/910/455
f 1121/852/455 707/910/455 708/911/455
f 713/909/455 714/906/455 1158/867/455
f 712/854/455 713/909/455 1158/867/455
f 1121/852/455 708/911/455 709/529/455
f 1121/852/455 709/529/455 710/528/455
f 712/854/455 1158/867/455 1121/852/455
f 1121/852/455 710/528/455 711/853/455
f 1191/531/455 1188/912/455 1185/855/455
f 1185/855/455 1182/533/455 725/875/455
f 1185/855/455 725/875/455 726/532/455
f 728/857/455 1191/531/455 1185/855/455
f 1185/855/455 726/532/455 727/856/455
f 1217/535/454 1218/597/454 1282/534/454
f 771/537/454 1219/538/454 1217/535/454
f 1220/539/454 1219/538/454 771/537/454
f 1221/541/454 1220/539/454 1284/540/454
f 1286/543/454 1222/544/454 1221/541/454
f 1287/546/454 1223/545/454 1222/544/454
f 776/547/454 1224/548/454 1223/545/454
f 1225/549/454 1224/548/454 776/547/454
f 1226/552/454 1225/549/454 1289/550/454
f 1227/553/454 1226/552/454 1290/551/454
f 1228/555/454 1227/553/454 1291/554/454
f 1229/557/454 1228/555/454 1292/556/454
f 1294/560/454 1230/559/454 1229/557/454
f 1295/561/454 1231/562/454 1230/559/454
f 1232/563/454 1231/562/454 1295/561/454
f 1297/565/454 1233/566/454 1232/563/454
f 1234/567/454 1233/566/454 1297/565/454
f 1299/569/454 1235/570/454 1234/567/454
f 1236/571/454 1235/570/454 1299/569/454
f 1237/573/454 1236/571/454 1300/572/454
f 1302/575/454 1238/576/454 1237/573/454
f 1239/577/454 1238/576/454 1302/575/454
f 1304/579/454 1240/580/454 1239/577/454
f 1241/582/454 1240/580/454 1304/579/454
f 1306/584/454 1242/583/454 1241/582/454
f 1243/585/454 1242/583/454 1306/584/454
f 1308/587/454 1244/588/454 1243/585/454
f 1245/589/454 1244/588/454 1308/587/454
f 1310/591/454 1246/592/454 1245/589/454
f 1311/593/454 1247/594/454 1246/592/454
f 1248/595/454 1247/594/454 1311/593/454
f 1282/534/454 1218/597/454 1248/595/454
f 1249/599/454 1250/602/454 1314/598/454
f 1250/602/454 1251/604/454 839/601/454
f 839/601/454 1251/604/454 1252/603/454
f 1252/603/454 1253/608/454 1317/605/454
f 1253/608/454 1254/610/454 1318/607/454
f 1254/610/454 1255/609/454 1319/612/454
f 1255/609/454 1256/614/454 854/611/454
f 1256/614/454 1257/616/454 1321/613/454
f 1257/616/454 1258/615/454 1322/618/454
f 1258/615/454 1259/620/454 1323/617/454
f 1323/617/454 1259/620/454 1260/619/454
f 1260/619/454 1261/622/454 1325/624/454
f 1261/622/454 1262/626/454 1326/623/454
f 1262/626/454 1263/628/454 1327/625/454
f 1327/625/454 1263/628/454 1264/627/454
f 1328/629/454 1264/627/454 1265/630/454
f 1265/630/454 1266/634/454 1330/631/454
f 1330/631/454 1266/634/454 1267/636/454
f 1331/633/454 1267/636/454 1268/635/454
f 1268/635/454 1269/640/454 1333/637/454
f 1269/640/454 1270/642/454 1334/639/454
f 1270/642/454 1271/644/454 1335/641/454
f 1271/644/454 1272/646/454 1336/643/454
f 1272/646/454 1273/648/454 1337/645/454
f 1273/648/454 1274/650/454 1338/647/454
f 1274/650/454 1275/652/454 1339/649/454
f 1275/652/454 1276/654/454 1340/651/454
f 1276/654/454 1277/656/454 1341/653/454
f 1277/656/454 1278/658/454 1342/655/454
f 1278/658/454 1279/660/454 1343/657/454
f 1343/657/454 1279/660/454 1280/659/454
f 1344/661/454 1280/659/454 1249/599/454
f 1281/663/1008 1282/725/1082 1346/662/1009
f 1347/665/1011 771/666/1013 1281/663/1008
f 1348/667/1012 1284/668/1169 771/666/1013
f 1285/669/1014 1284/668/1169 1348/667/1012
f 1350/671/1016 1286/672/1018 1285/669/1014
f 1351/673/1017 1287/674/1089 1286/672/1018
f 776/675/1019 1287/674/1089 1351/673/1017
f 1353/677/1021 1289/678/1023 776/675/1019
f 1354/679/1022 1290/680/1025 1289/678/1023
f 1355/681/1024 1291/682/1093 1290/680/1025
f 1292/683/1026 1291/682/1093 1355/681/1024
f 1293/685/1028 1292/683/1026 1356/684/1027
f 1294/687/1030 1293/685/1028 1357/686/1029
f 1295/690/1032 1294/687/1030 1358/688/1031
f 1296/691/1034 1295/690/1032 1359/689/1033
f 1361/693/1036 1297/694/1063 1296/691/1034
f 1298/695/1037 1297/694/1063 1361/693/1036
f 1363/697/1039 1299/698/1170 1298/695/1037
f 1300/699/1040 1299/698/1170 1363/697/1039
f 1301/701/1042 1300/699/1040 1364/700/1041
f 1366/703/1044 1302/704/1171 1301/701/1042
f 1303/705/1045 1302/704/1171 1366/703/1044
f 1304/707/1047 1303/705/1045 1367/706/1046
f 1305/709/1049 1304/707/1047 1368/708/1048
f 1306/711/1051 1305/709/1049 1369/710/1050
f 1307/713/1053 1306/711/1051 1370/712/1052
f 1372/715/1055 1308/716/1057 1307/713/1053
f 1373/718/1056 1309/717/1076 1308/716/1057
f 1310/719/1058 1309/717/1076 1373/718/1056
f 1375/721/1060 1311/722/1172 1310/719/1058
f 1312/723/1061 1311/722/1172 1375/721/1060
f 1346/662/1009 1282/725/1082 1312/723/1061
f 1313/727/1063 1314/730/1037 1378/726/1064
f 1314/730/1037 839/729/1170 1379/731/1066
f 1379/731/1066 839/729/1170 1316/732/1040
f 1316/732/1040 1317/734/1042 1381/735/1068
f 1317/734/1042 1318/736/1171 1382/737/1069
f 1382/737/1069 1318/736/1171 1319/738/1045
f 1319/738/1045 854/742/1047 1384/739/1071
f 854/742/1047 1321/744/1049 1385/741/1072
f 1385/741/1072 1321/744/1049 1322/743/1051
f 1386/745/1073 1322/743/1051 1323/746/1053
f 1323/746/1053 1324/750/1057 1388/747/1075
f 1388/747/1075 1324/750/1057 1325/749/1076
f 1325/749/1076 1326/752/1058 1390/754/1078
f 1326/752/1058 1327/756/1172 1391/753/1079
f 1391/753/1079 1327/756/1172 1328/755/1061
f 1328/755/1061 1329/758/1082 1393/760/1081
f 1329/758/1082 1330/762/1008 1394/759/1083
f 1394/759/1083 1330/762/1008 1331/761/1013
f 1331/761/1013 1332/764/1169 1396/766/1085
f 1396/766/1085 1332/764/1169 1333/768/1014
f 1333/768/1014 1334/770/1018 1398/767/1087
f 1334/770/1018 1335/769/1089 1399/772/1088
f 1335/769/1089 1336/774/1019 1400/771/1090
f 1336/774/1019 1337/776/1023 1401/773/1091
f 1337/776/1023 1338/778/1025 1402/775/1092
f 1402/775/1092 1338/778/1025 1339/780/1093
f 1339/780/1093 1340/782/1026 1404/779/1095
f 1340/782/1026 1341/784/1028 1405/781/1096
f 1341/784/1028 1342/786/1030 1406/783/1097
f 1342/786/1030 1343/788/1032 1407/785/1098
f 1407/785/1098 1343/788/1032 1344/787/1034
f 1344/787/1034 1313/727/1063 1377/728/1065
f 1408/789/1099 1377/728/1065 833/790/1100
f 1407/785/1098 1408/789/1099 926/791/1101
f 1406/783/1097 1407/785/1098 923/792/1102
f 917/794/1104 1405/781/1096 1406/783/1097
f 914/795/1105 1404/779/1095 1405/781/1096
f 911/796/1106 1403/777/1094 1404/779/1095
f 908/797/1107 1402/775/1092 1403/777/1094
f 1401/773/1091 1402/775/1092 908/797/1107
f 902/799/1109 1400/771/1090 1401/773/1091
f 899/800/1110 1399/772/1088 1400/771/1090
f 1398/767/1087 1399/772/1088 899/800/1110
f 893/802/1112 1397/765/1086 1398/767/1087
f 1396/766/1085 1397/765/1086 893/802/1112
f 1395/763/1084 1396/766/1085 890/803/1113
f 884/805/1115 1394/759/1083 1395/763/1084
f 1393/760/1081 1394/759/1083 884/805/1115
f 878/807/1117 1392/757/1080 1393/760/1081
f 1391/753/1079 1392/757/1080 878/807/1117
f 1390/754/1078 1391/753/1079 875/808/1118
f 869/810/1120 1389/751/1077 1390/754/1078
f 1388/747/1075 1389/751/1077 869/810/1120
f 863/812/1122 1387/748/1074 1388/747/1075
f 1386/745/1073 1387/748/1074 863/812/1122
f 857/814/1124 1385/741/1072 1386/745/1073
f 1384/739/1071 1385/741/1072 857/814/1124
f 851/816/1126 1383/740/1070 1384/739/1071
f 1382/737/1069 1383/740/1070 851/816/1126
f 845/818/1128 1381/735/1068 1382/737/1069
f 842/233/737 1380/733/1067 1381/735/1068
f 1315/231/736 1379/731/1066 1380/733/1067
f 1378/726/1064 1379/731/1066 1315/231/736
f 1377/728/1065 1378/726/1064 836/229/732
f 770/819/1129 1346/662/1009 1376/724/1062
f 1376/724/1062 1375/721/1060 799/820/1131
f 799/820/1131 1375/721/1060 1374/720/1059
f 798/823/1132 1374/720/1059 1373/718/1056
f 1373/718/1056 1372/715/1055 796/824/1134
f 796/824/1134 1372/715/1055 1371/714/1054
f 1371/714/1054 1370/712/1052 794/825/1136
f 1370/712/1052 1369/710/1050 793/827/1137
f 793/827/1137 1369/710/1050 1368/708/1048
f 1368/708/1048 1367/706/1046 791/828/1139
f 1367/706/1046 1366/703/1044 790/830/1140
f 790/830/1140 1366/703/1044 1365/702/1043
f 1365/702/1043 1364/700/1041 788/831/1142
f 1364/700/1041 1363/697/1039 787/833/1143
f 787/833/1143 1363/697/1039 1362/696/1038
f 1362/696/1038 1361/693/1036 785/834/1145
f 785/834/1145 1361/693/1036 1360/692/1035
f 1360/692/1035 1359/689/1033 783/836/1147
f 783/836/1147 1359/689/1033 1358/688/1031
f 1358/688/1031 1357/686/1029 781/840/1149
f 1357/686/1029 1356/684/1027 780/839/1150
f 1356/684/1027 1355/681/1024 779/841/1151
f 779/841/1151 1355/681/1024 1354/679/1022
f 1354/679/1022 1353/677/1021 777/842/1153
f 777/842/1153 1353/677/1021 1352/676/1020
f 1288/844/1154 1352/676/1020 1351/673/1017
f 775/845/1155 1351/673/1017 1350/671/1016
f 774/846/1156 1350/671/1016 1349/670/1015
f 1349/670/1015 1348/667/1012 772/232/735
f 1348/667/1012 1347/665/1011 1283/230/733
f 1283/230/733 1347/665/1011 1345/664/1010
f 1345/664/1010 1346/662/1009 770/819/1129
f 833/790/1100 836/229/732 769/848/734
f 833/790/1100 770/819/1129 800/821/1130
f 926/791/1101 800/821/1130 799/820/1131
f 923/792/1102 799/820/1131 798/823/1132
f 920/793/1103 798/823/1132 797/822/1133
f 917/794/1104 797/822/1133 796/824/1134
f 777/842/1153 1288/844/1154 1320/815/1125
f 914/795/1105 796/824/1134 795/826/1135
f 911/796/1106 795/826/1135 794/825/1136
f 908/797/1107 794/825/1136 793/827/1137
f 905/798/1108 793/827/1137 792/829/1138
f 902/799/1109 792/829/1138 791/828/1139
f 899/800/1110 791/828/1139 790/830/1140
f 896/801/1111 790/830/1140 789/832/1141
f 893/802/1112 789/832/1141 788/831/1142
f 890/803/1113 788/831/1142 787/833/1143
f 887/804/1114 787/833/1143 786/835/1144
f 884/805/1115 786/835/1144 785/834/1145
f 785/834/1145 784/837/1146 878/807/1117
f 784/837/1146 783/836/1147 875/808/1118
f 783/836/1147 782/838/1148 872/809/1119
f 782/838/1148 781/840/1149 869/810/1120
f 781/840/1149 780/839/1150 866/811/1121
f 780/839/1150 779/841/1151 863/812/1122
f 779/841/1151 778/843/1152 860/813/1123
f 778/843/1152 777/842/1153 857/814/1124
f 1288/844/1154 775/845/1155 851/816/1126
f 775/845/1155 774/846/1156 848/817/1127
f 774/846/1156 773/847/1157 845/818/1128
f 773/847/1157 772/232/735 842/233/737
