# Blender 5.1.2
# www.blender.org
mtllib WE6_nose_bogie_LOD2.mtl
o NoseBogieLOD2Export
g WE6_nose_bogie_LOD2
v 1.199999 0.897571 -1.182404
v 1.199999 0.897571 -1.992405
v 1.199999 0.897571 -0.932405
v 0.850000 0.897571 1.992408
v -0.850002 0.897571 -2.175686
v 1.199997 0.897571 1.992408
v 1.199997 0.897571 0.932407
v 0.850000 0.897571 0.932407
v 0.850000 0.897571 -2.175687
v 1.199997 0.897571 1.742408
v 1.199997 0.897571 1.182408
v 0.850000 0.897571 1.742408
v 0.850000 0.897571 1.182408
v 1.117998 0.897571 2.002310
v 1.087999 0.897571 2.002310
v 0.962000 0.897571 2.002310
v 0.931999 0.897571 2.002310
v 1.117998 0.897571 2.155643
v 1.087999 0.897571 2.155643
v 0.962000 0.897571 2.155647
v 0.931999 0.897571 2.155643
v 0.870000 0.897571 1.992408
v 1.179999 0.897571 1.992408
v 1.179999 0.897571 0.932407
v 0.870000 0.897571 0.932407
v 1.179999 0.897571 0.942407
v 0.870000 0.897571 0.942407
v 0.870000 0.897571 1.982408
v 1.179999 0.897571 1.982408
v -0.850004 0.897571 0.932406
v -1.200002 0.897571 0.932406
v -1.200002 0.897571 1.992406
v -0.850004 0.897571 1.992406
v -1.200002 0.897571 1.182405
v -1.200002 0.897571 1.742405
v -0.850004 0.897571 1.182405
v -0.850004 0.897571 1.742406
v -1.118002 0.897571 2.155634
v -1.088003 0.897571 2.155635
v -0.962004 0.897571 2.155635
v -0.932003 0.897571 2.155634
v -1.118002 0.897571 2.002301
v -1.088003 0.897571 2.002301
v -0.962004 0.897571 2.002297
v -0.932003 0.897571 2.002301
v -0.870004 0.897571 0.932406
v -1.180003 0.897571 0.932406
v -1.180003 0.897571 1.992406
v -0.870004 0.897571 1.992406
v -1.180003 0.897571 1.982406
v -0.870004 0.897571 1.982406
v -0.870004 0.897571 0.942406
v -1.180003 0.897571 0.942406
v -1.200000 0.897571 -1.182407
v -1.200000 0.897571 -1.742407
v 0.850000 1.225000 2.175683
v -0.850002 1.225000 2.175684
v 0.850000 1.225000 -2.175686
v -0.850002 1.225000 -2.175686
v 0.850000 1.225001 -0.074991
v -0.850002 0.279690 0.074988
v -0.850002 0.279690 -0.074992
v 0.850000 0.279690 0.074988
v 0.850000 0.279690 -0.074992
v 0.700000 0.149690 0.074988
v 0.700000 0.149690 -0.074992
v 0.700000 0.299690 0.074988
v 0.700000 0.299690 -0.074992
v -0.700002 0.299690 -0.074992
v -0.700002 0.149690 -0.074992
v -0.700002 0.149690 0.074988
v -0.700002 0.299690 0.074988
v -0.700002 0.897571 0.074988
v -0.700002 0.897571 -0.074992
v 0.700000 0.897571 0.074988
v 0.700000 0.897571 -0.074992
v -0.075001 0.299690 -0.074996
v 0.074999 0.299690 -0.074996
v -0.075001 0.299690 0.074984
v 0.074999 0.299690 0.074984
v -0.075001 0.897571 0.074984
v 0.074999 0.897571 0.074984
v -0.075001 0.897571 -0.074996
v 0.074999 0.897571 -0.074996
v 0.224999 0.299690 -0.074996
v 0.224999 0.299690 0.074984
v 0.549999 0.897571 0.074984
v 0.549999 0.897571 -0.074996
v -0.225001 0.299690 -0.074994
v -0.225001 0.299690 0.074986
v -0.550001 0.897571 0.074986
v -0.550001 0.897571 -0.074994
v 0.541632 0.299690 -0.274309
v 0.541632 0.299690 0.274314
v -0.541634 0.299690 -0.274309
v -0.541634 0.299690 0.274314
v -0.700002 0.149690 -0.115685
v 0.700000 0.149690 -0.115685
v 0.700000 0.149690 0.114313
v -0.700002 0.149690 0.114313
v 0.541632 0.269690 -0.274309
v -0.541634 0.269690 -0.274309
v 0.541632 0.269690 0.274314
v -0.541634 0.269690 0.274314
v -0.700002 0.269690 -0.115685
v 0.700000 0.269690 0.114313
v 0.700000 0.269690 -0.115685
v -0.700002 0.269690 0.114313
v -0.850002 0.897571 -0.074992
v -0.850002 0.897571 0.074988
v 0.850000 0.897571 0.074988
v 0.850000 0.897571 -0.074992
v -0.700002 0.299690 -0.115686
v -0.700002 0.299690 0.114314
v 0.700000 0.299690 -0.115686
v 0.700000 0.299690 0.114314
v -0.850003 0.897571 2.175683
v 0.850000 0.897571 2.175684
v 1.193943 0.897569 2.264775
v 1.155819 0.897571 2.360806
v 1.071958 0.897567 2.458813
v 0.939091 0.897569 2.519628
v 0.933132 1.224994 2.521524
v 1.035121 1.225000 2.481503
v 1.132937 1.225021 2.397864
v 1.195839 1.224994 2.258816
v 0.926640 0.917568 2.521880
v 1.034526 0.917571 2.481344
v 1.134455 0.917563 2.398386
v 1.198091 0.917568 2.245207
v 1.194311 1.205002 2.259401
v 1.155659 1.205000 2.360211
v 1.072701 1.205008 2.460140
v 0.933716 1.205002 2.519996
v 1.186183 0.917571 2.241401
v 1.145509 0.917571 2.349649
v 1.067823 0.917571 2.444177
v 0.927263 0.917571 2.509585
v 1.183901 1.205000 2.252947
v 1.118493 1.205000 2.393507
v 1.023965 1.205000 2.471194
v 0.915717 1.205000 2.511867
v -1.195843 1.224994 2.258816
v -1.155823 1.225000 2.360806
v -1.072183 1.225021 2.458623
v -0.939202 1.224996 2.519612
v -0.933136 1.224994 -2.521528
v -1.072183 1.225021 -2.458627
v -1.155823 1.225000 -2.360810
v -1.193931 1.224996 -2.264886
v 1.193927 1.224996 -2.264886
v 1.155819 1.225000 -2.360810
v 1.072179 1.225021 -2.458626
v 0.939199 1.224996 -2.519616
v 0.933007 0.897569 -2.521542
v 1.071958 0.897567 -2.458817
v 1.155819 0.897571 -2.360810
v 1.193943 0.897569 -2.264780
v -1.193948 0.897569 -2.264778
v -1.155823 0.897571 -2.360810
v -1.071962 0.897567 -2.458816
v -0.939092 0.897569 -2.519632
v -0.933010 0.897569 2.521539
v -1.071963 0.897567 2.458812
v -1.155823 0.897571 2.360806
v -1.193948 0.897569 2.264775
v -1.198095 0.917568 2.245208
v -1.155663 0.917571 2.360211
v -1.072705 0.917563 2.460140
v -0.933721 0.917569 2.519996
v -1.194315 1.205002 2.259401
v -1.072705 1.205008 2.460140
v -0.926643 1.205003 2.521880
v -0.926627 0.917569 -2.521889
v -1.034530 0.917571 -2.481348
v -1.134460 0.917563 -2.398389
v -1.198367 0.917568 -2.244192
v -0.933720 1.205002 -2.520000
v -1.072705 1.205008 -2.460144
v -1.155663 1.205000 -2.360214
v -1.196200 1.205003 -2.252328
v 1.198363 0.917568 -2.244191
v 1.155659 0.917571 -2.360214
v 1.072701 0.917563 -2.460144
v 0.933717 0.917569 -2.520000
v 0.926640 1.205003 -2.521884
v 1.072701 1.205008 -2.460144
v 1.196196 1.205003 -2.252328
v -0.915720 0.917571 2.511867
v -1.023969 0.917571 2.471194
v -1.118496 0.917571 2.393507
v -1.185829 0.917571 2.246820
v -0.927266 1.205000 2.509585
v -1.067826 1.205000 2.444177
v -1.150588 1.204929 2.354925
v -1.184296 1.205000 2.248501
v -1.184296 0.917571 -2.248505
v -1.145513 0.917571 -2.349653
v -1.067826 0.917571 -2.444181
v -0.927266 0.917571 -2.509589
v -1.185829 1.205000 -2.246824
v -1.118496 1.205000 -2.393511
v -1.023969 1.205000 -2.471198
v -0.915720 1.205000 -2.511871
v 0.915717 0.917571 -2.511871
v 1.023965 0.917571 -2.471198
v 1.118493 0.917571 -2.393511
v 1.183901 0.917571 -2.252951
v 1.186183 1.205000 -2.241405
v 1.150584 1.204929 -2.354929
v 1.067823 1.205000 -2.444181
v 0.927263 1.205000 -2.509589
v 0.710558 0.897572 2.175683
v 0.789019 0.897572 2.186831
v -0.710560 0.897572 -2.187053
v -0.789021 0.897572 -2.186831
v -0.710560 0.897572 -2.175683
v 0.744841 0.897572 2.187054
v 0.754735 0.897572 2.187054
v 0.744841 0.897572 2.287054
v 0.754735 0.897572 2.287054
v -0.710603 0.897572 2.186831
v -0.754782 0.897572 2.187054
v -0.744888 0.897572 2.187054
v -0.754782 0.897572 2.287054
v -0.744888 0.897572 2.287054
v -0.850002 0.897571 -1.992406
v -1.200000 0.897571 -1.992406
v -1.200000 0.897571 -0.932406
v -0.850002 0.897571 -0.932407
v -0.850002 0.897571 -1.742407
v -0.850002 0.897571 -1.182407
v -1.118000 0.897571 -2.002309
v -1.088001 0.897571 -2.002309
v -0.962002 0.897571 -2.002309
v -0.932002 0.897571 -2.002309
v -1.118000 0.897571 -2.155642
v -1.088001 0.897571 -2.155643
v -0.962002 0.897571 -2.155646
v -0.932002 0.897571 -2.155642
v -0.870002 0.897571 -1.992406
v -1.180001 0.897571 -1.992406
v -1.180001 0.897571 -0.932406
v -0.870002 0.897571 -0.932406
v -1.180001 0.897571 -0.942406
v -0.870002 0.897571 -0.942406
v -0.870002 0.897571 -1.982406
v -1.180001 0.897571 -1.982406
v 0.850001 0.897571 -0.932405
v 1.199999 0.897571 -1.742404
v 0.850001 0.897571 -1.992405
v 0.850001 0.897571 -1.182404
v 0.850001 0.897571 -1.742405
v 1.117999 0.897571 -2.155633
v 1.088000 0.897571 -2.155634
v 0.962001 0.897571 -2.155634
v 0.932001 0.897571 -2.155633
v 1.117999 0.897571 -2.002300
v 1.088001 0.897571 -2.002300
v 0.962001 0.897571 -2.002296
v 0.932001 0.897571 -2.002300
v 0.870001 0.897571 -0.932405
v 1.180001 0.897571 -0.932405
v 1.180000 0.897571 -1.992405
v 0.870001 0.897571 -1.992405
v 1.180000 0.897571 -1.982405
v 0.870001 0.897571 -1.982405
v 0.870001 0.897571 -0.942405
v 1.180001 0.897571 -0.942405
v -0.789065 0.897572 2.186831
v 0.710558 0.897572 2.187054
v -0.744843 0.897572 -2.187053
v -0.754737 0.897572 -2.187053
v -0.744843 0.897572 -2.287053
v -0.754737 0.897572 -2.287053
v 0.710601 0.897572 -2.186831
v 0.789062 0.897572 -2.186831
v 0.754779 0.897572 -2.187053
v 0.744885 0.897572 -2.187053
v 0.754779 0.897572 -2.287053
v 0.744885 0.897572 -2.287053
v -0.850002 1.225001 0.074989
v 0.850000 1.225001 0.074989
v -0.850002 1.225001 -0.074990
v 0.660000 0.600000 1.874315
v 0.490000 0.192095 1.543920
v 0.490000 0.241090 1.674315
v 0.490000 0.342813 1.793197
v 0.490000 0.483972 1.860685
v 0.490000 1.005627 1.552473
v 0.490000 0.666318 1.872350
v 0.490000 0.850235 1.799764
v 0.490000 0.958910 1.674315
v 0.660000 0.194844 1.557828
v 0.660000 0.435646 1.846617
v 0.660000 0.273633 1.727145
v 0.660000 1.007474 1.550448
v 0.660000 0.931383 1.719002
v 0.660000 0.773712 1.843893
v 0.490000 0.496582 0.647874
v 0.490000 0.413694 0.701069
v 0.490000 0.821378 0.738135
v 0.490000 0.747297 0.671596
v 0.490000 0.618353 0.621432
v 0.660000 0.375878 0.742512
v 0.660000 0.445566 0.676327
v 0.660000 0.534381 0.633760
v 0.660000 0.618563 0.623976
v 0.660000 0.753925 0.672379
v 0.490000 0.343559 0.792686
v 0.490000 0.251853 1.000317
v 0.490000 0.192959 1.243745
v 0.490000 1.006159 1.222121
v 0.490000 0.917110 0.916522
v 0.660000 0.193841 1.222121
v 0.660000 0.282890 0.916521
v 0.660000 0.856441 0.792686
v 0.660000 0.948147 1.000317
v 0.660000 1.007041 1.243745
v -0.490002 0.600000 1.874315
v -0.660002 0.192095 1.543920
v -0.660002 0.262051 1.712050
v -0.660002 0.387500 1.820725
v -0.660002 0.483972 1.860685
v -0.660002 1.005627 1.552473
v -0.660002 0.666318 1.872350
v -0.660002 0.850235 1.799764
v -0.660002 0.958910 1.674315
v -0.490002 0.194844 1.557828
v -0.490002 0.435646 1.846617
v -0.490002 0.273633 1.727145
v -0.490002 1.007474 1.550448
v -0.490002 0.931383 1.719002
v -0.490002 0.773712 1.843893
v -0.660002 0.585206 0.624045
v -0.660002 0.496582 0.647874
v -0.660002 0.413694 0.701069
v -0.660002 0.809511 0.720635
v -0.660002 0.683503 0.638657
v -0.490002 0.375878 0.742512
v -0.490002 0.445566 0.676327
v -0.490002 0.534381 0.633760
v -0.490002 0.614794 0.624045
v -0.490002 0.707478 0.649343
v -0.490002 0.789253 0.704160
v -0.660002 0.343559 0.792686
v -0.660002 0.251853 1.000317
v -0.660002 0.192959 1.243745
v -0.660002 1.006159 1.222121
v -0.660002 0.917110 0.916522
v -0.490002 0.193841 1.222121
v -0.490002 0.282890 0.916521
v -0.490002 0.856441 0.792686
v -0.490002 0.948147 1.000317
v -0.490002 1.007041 1.243745
v -0.660003 0.600000 -1.874314
v -0.490003 0.192095 -1.543919
v -0.490003 0.262051 -1.712049
v -0.490003 0.387500 -1.820724
v -0.490003 0.483972 -1.860684
v -0.490003 1.005627 -1.552472
v -0.490003 0.666318 -1.872350
v -0.490003 0.812500 -1.820724
v -0.490003 0.937950 -1.712049
v -0.660003 0.194844 -1.557827
v -0.660003 0.435646 -1.846616
v -0.660003 0.273633 -1.727144
v -0.660003 1.007474 -1.550447
v -0.660003 0.926367 -1.727144
v -0.660003 0.764355 -1.846616
v -0.490003 0.659207 -0.628803
v -0.490003 0.522046 -0.636123
v -0.490003 0.413695 -0.701068
v -0.490003 0.809511 -0.720634
v -0.660003 0.618353 -0.621431
v -0.660003 0.378621 -0.738134
v -0.660003 0.475217 -0.656641
v -0.660003 0.768243 -0.684288
v -0.490003 0.337471 -0.801947
v -0.490003 0.249294 -1.009058
v -0.490003 0.192959 -1.243744
v -0.490003 1.006159 -1.222121
v -0.490003 0.917110 -0.916521
v -0.660003 0.193841 -1.222120
v -0.660003 0.282890 -0.916520
v -0.660003 0.856441 -0.792685
v -0.660003 0.948147 -1.000316
v -0.660003 1.007041 -1.243744
v 0.489999 0.600000 -1.874314
v 0.660000 0.192095 -1.543919
v 0.659999 0.262051 -1.712049
v 0.659999 0.426289 -1.843892
v 0.660000 1.005627 -1.552472
v 0.659999 0.655486 -1.874892
v 0.659999 0.850235 -1.799763
v 0.659999 0.958910 -1.674314
v 0.490000 0.194844 -1.557827
v 0.489999 0.443914 -1.851062
v 0.489999 0.273633 -1.727144
v 0.490000 1.007474 -1.550447
v 0.489999 0.931383 -1.719001
v 0.489999 0.773712 -1.843892
v 0.660000 0.637964 -0.626027
v 0.660000 0.542182 -0.631594
v 0.660000 0.431758 -0.684288
v 0.660000 0.773560 -0.687622
v 0.490000 0.390489 -0.720634
v 0.490000 0.516497 -0.638656
v 0.490000 0.614794 -0.624044
v 0.490000 0.724783 -0.656641
v 0.660000 0.343559 -0.792685
v 0.660000 0.251853 -1.000317
v 0.660000 0.192959 -1.243744
v 0.660000 1.006159 -1.222121
v 0.660000 0.889566 -0.848767
v 0.490000 0.193841 -1.222120
v 0.490000 0.282890 -0.916520
v 0.490000 0.818738 -0.735193
v 0.490000 0.928502 -0.940303
v 0.490000 1.007041 -1.243744
v 0.449999 1.050000 0.144316
v -0.450001 1.050000 1.174314
v -0.450001 0.250000 0.324315
v -0.450001 0.150000 0.424315
v 0.449999 1.050000 1.174314
v 0.449999 0.150000 0.424315
v 0.449999 0.250000 0.324315
v -0.450001 0.150000 1.224314
v 0.449999 0.150000 1.224314
v -0.200001 0.950000 1.274314
v 0.199999 0.950000 1.274314
v 0.199999 0.200000 1.274314
v -0.200001 0.200000 1.274314
v 0.199999 0.623772 1.590531
v 0.449999 0.649999 1.574314
v -0.450001 0.500001 1.574314
v 0.449999 0.500001 1.574314
v -0.450001 0.649999 1.574314
v -0.200001 0.619579 1.593124
v 0.449999 0.570212 1.601466
v -0.450001 0.575000 1.600700
v 0.199999 0.530421 1.593124
v -0.200001 0.526228 1.590531
v -0.450001 0.837293 0.094316
v 0.449999 0.837293 0.094316
v -0.450001 0.837293 0.274315
v -0.450001 0.787293 0.324315
v 0.449999 0.787293 0.324315
v 0.449999 0.837293 0.274315
v -0.450001 1.050000 0.144316
v -0.450001 1.000000 0.094316
v 0.449999 1.000000 0.094316
v 0.469999 0.624269 0.473995
v -0.470001 0.507495 0.487568
v -0.470001 0.380018 0.565012
v 0.469999 0.476859 0.496761
v 0.469999 0.363777 0.587286
v -0.470001 0.310187 0.691921
v 0.469999 0.310187 0.691921
v -0.470001 0.300717 0.809100
v 0.469999 0.300717 0.809100
v -0.470001 0.351804 0.949236
v 0.469999 0.351804 0.949236
v -0.470001 0.462651 1.042484
v 0.469999 0.462651 1.042484
v -0.470001 0.607553 1.077863
v 0.469999 0.607553 1.077863
v -0.470001 0.746669 1.037503
v 0.469999 0.746669 1.037503
v -0.470001 0.856588 0.936677
v 0.469999 0.836223 0.961341
v -0.470001 0.900319 0.798582
v 0.469999 0.889814 0.856706
v -0.470001 0.886746 0.681808
v 0.469999 0.899283 0.739527
v -0.470001 0.809301 0.554331
v 0.469999 0.848196 0.599391
v -0.470001 0.651812 0.475124
v 0.469999 0.737349 0.506143
v -0.450001 0.565214 1.073596
v -0.450001 0.363777 0.961341
v -0.450001 0.453331 1.037503
v -0.450001 0.682392 1.064127
v -0.450001 0.310187 0.856706
v -0.450001 0.300717 0.739527
v -0.450001 0.809301 0.994296
v -0.450001 0.886746 0.866819
v -0.450001 0.900319 0.750044
v -0.450001 0.575731 0.473995
v -0.450001 0.723141 0.496761
v -0.450001 0.351804 0.599391
v -0.450001 0.462651 0.506143
v -0.450001 0.856588 0.611950
v 0.449999 0.350559 0.940985
v 0.449999 0.300810 0.826125
v 0.449999 0.313254 0.681808
v 0.449999 0.490815 0.490980
v 0.449999 0.600000 0.474313
v 0.449999 0.370481 0.579117
v 0.449999 0.431760 1.026103
v 0.449999 0.592447 1.077863
v 0.449999 0.737349 1.042484
v 0.449999 0.899283 0.809100
v 0.449999 0.848196 0.949236
v 0.449999 0.889814 0.691921
v 0.449999 0.836223 0.587286
v 0.449999 0.723141 0.496761
v 0.469999 0.623641 0.687663
v 0.469999 0.563966 0.693097
v -0.470001 0.527373 0.723128
v -0.470001 0.510402 0.780595
v 0.469999 0.519626 0.734222
v 0.469999 0.513314 0.793810
v -0.470001 0.541087 0.842111
v 0.469999 0.544999 0.845321
v -0.470001 0.597790 0.863138
v 0.469999 0.602210 0.863138
v -0.470001 0.655001 0.845321
v 0.469999 0.658913 0.842111
v -0.470001 0.691014 0.777033
v 0.469999 0.687549 0.789474
v -0.470001 0.658913 0.706516
v 0.469999 0.677988 0.729759
v -0.470001 0.584912 0.684518
v 0.490770 0.567683 0.689187
v -0.490773 0.579577 0.685579
v 0.490770 0.514818 0.745830
v -0.490773 0.514874 0.741997
v -0.490773 0.518783 0.810347
v 0.490770 0.519626 0.814405
v -0.490773 0.552490 0.849396
v -0.490773 0.602210 0.863138
v 0.490770 0.579577 0.863048
v -0.490773 0.658913 0.842111
v 0.490770 0.647510 0.849396
v -0.490773 0.691014 0.771594
v 0.490770 0.688734 0.794737
v 0.490770 0.675082 0.726803
v -0.490773 0.655001 0.703306
v 0.490770 0.636034 0.693097
v -0.450001 0.950000 1.274310
v -0.450001 1.050000 -0.144315
v 0.449999 1.050000 -1.174313
v 0.449999 0.250000 -0.324315
v 0.449999 0.150000 -0.424315
v -0.450001 1.050000 -1.174312
v -0.450001 0.150000 -0.424314
v -0.450001 0.250000 -0.324314
v 0.449998 0.150000 -1.224313
v -0.450001 0.150000 -1.224313
v 0.199998 0.950000 -1.274313
v -0.200002 0.950000 -1.274313
v -0.200002 0.200000 -1.274313
v 0.199999 0.200000 -1.274313
v -0.200002 0.649999 -1.574313
v 0.449998 0.500001 -1.574313
v -0.450002 0.520965 -1.589163
v 0.449998 0.649999 -1.574313
v 0.199998 0.623772 -1.590530
v -0.200002 0.500001 -1.574313
v -0.450002 0.624791 -1.592169
v 0.449998 0.570212 -1.601465
v -0.200002 0.575000 -1.600699
v 0.199998 0.530421 -1.593123
v 0.449999 0.837293 -0.094315
v -0.450001 0.837293 -0.094315
v 0.449999 0.837293 -0.274315
v 0.449999 0.787293 -0.324315
v -0.450001 0.787293 -0.324314
v -0.450001 0.837293 -0.274314
v 0.449999 1.050000 -0.144315
v 0.449999 1.000000 -0.094315
v -0.450001 1.000000 -0.094315
v -0.470001 0.624269 -0.473994
v 0.469999 0.476859 -0.496760
v -0.470001 0.476859 -0.496760
v 0.469999 0.363777 -0.587285
v -0.470001 0.363777 -0.587285
v 0.469999 0.312113 -0.686983
v -0.470001 0.310187 -0.691920
v 0.469999 0.299681 -0.798582
v -0.470001 0.300717 -0.809098
v 0.469999 0.331829 -0.911662
v -0.470001 0.336811 -0.920981
v 0.469999 0.387868 -0.986445
v 0.469999 0.462651 -1.042483
v -0.470001 0.437637 -1.030900
v 0.469999 0.607553 -1.077862
v -0.470001 0.575730 -1.074631
v 0.469999 0.746669 -1.037502
v -0.470001 0.687330 -1.062199
v 0.469999 0.856588 -0.936676
v -0.470001 0.787028 -1.010535
v 0.469999 0.900319 -0.798582
v -0.470001 0.877553 -0.897453
v 0.469999 0.886746 -0.681808
v -0.470001 0.900319 -0.750043
v 0.469999 0.829519 -0.579117
v -0.470001 0.868171 -0.636963
v 0.469999 0.737349 -0.506142
v -0.470001 0.795196 -0.544794
v -0.470001 0.714805 -0.497148
v 0.469999 0.624269 -0.473994
v 0.449999 0.476859 -1.051865
v 0.449999 0.624269 -1.074631
v 0.449999 0.737349 -1.042483
v 0.449999 0.363778 -0.961340
v 0.449999 0.312113 -0.861642
v 0.449999 0.299681 -0.750043
v 0.449999 0.322836 -0.659508
v 0.449999 0.829519 -0.969509
v 0.449999 0.886746 -0.866818
v 0.449999 0.900319 -0.750044
v 0.449999 0.575731 -0.473994
v 0.449999 0.723141 -0.496760
v 0.449999 0.370481 -0.579116
v 0.449999 0.462651 -0.506142
v 0.449999 0.856588 -0.611950
v -0.450001 0.331829 -0.911662
v -0.450001 0.299681 -0.798582
v -0.450001 0.322448 -0.651171
v -0.450001 0.412973 -0.538090
v -0.450001 0.517608 -0.484499
v -0.450001 0.659078 -0.477306
v -0.450001 0.565214 -1.073595
v -0.450001 0.425077 -1.022508
v -0.450001 0.687620 -1.063157
v -0.450001 0.795197 -1.003831
v -0.450001 0.900319 -0.798582
v -0.450001 0.868171 -0.911662
v -0.450001 0.887887 -0.686983
v -0.450001 0.836223 -0.587285
v -0.450001 0.766671 -0.524871
v 0.469999 0.523903 -0.723466
v -0.470001 0.562658 -0.691267
v 0.469999 0.513091 -0.791600
v -0.470001 0.513349 -0.750671
v 0.469999 0.541087 -0.842110
v -0.470001 0.522012 -0.818867
v 0.469999 0.615088 -0.864108
v -0.470001 0.576359 -0.860963
v -0.470001 0.636033 -0.855529
v 0.469999 0.674103 -0.823827
v 0.469999 0.688878 -0.756634
v -0.470001 0.678913 -0.816492
v -0.470001 0.687411 -0.756925
v 0.469999 0.651186 -0.701686
v 0.469999 0.593718 -0.684715
v -0.470001 0.648303 -0.697126
v -0.490773 0.567683 -0.689186
v 0.490770 0.537342 -0.711654
v 0.490770 0.512589 -0.756926
v -0.490773 0.514818 -0.745828
v 0.490770 0.525836 -0.827139
v -0.490773 0.519626 -0.814404
v 0.490770 0.575891 -0.859118
v 0.490770 0.628484 -0.859494
v -0.490773 0.579577 -0.863047
v 0.490770 0.680374 -0.814404
v -0.490773 0.664716 -0.839028
v 0.490770 0.686686 -0.754816
v -0.490773 0.688824 -0.772102
v 0.490770 0.655001 -0.703305
v -0.490773 0.669168 -0.717548
v 0.490770 0.588682 -0.685211
v -0.490773 0.627069 -0.690405
v 0.449998 0.950000 -1.274309
v -1.109821 0.240000 1.539073
v -0.941004 0.240000 1.539073
v -1.109003 0.240000 1.385740
v -0.940186 0.240000 1.385735
v -0.942004 0.138333 1.385735
v -1.108017 0.233333 0.755739
v -0.942019 0.226666 0.755735
v -0.942004 0.233333 2.169073
v -1.108003 0.226666 2.169073
v -1.108013 0.215000 0.947739
v -0.942014 0.215000 0.947735
v -0.942004 0.215000 1.977072
v -1.108003 0.215000 1.977072
v -1.108003 0.137500 1.539073
v -0.942004 0.137500 1.539073
v -1.108003 0.136666 1.385739
v -1.113003 0.105000 1.539073
v -0.937004 0.105000 1.539073
v -1.113003 0.105000 1.385739
v -0.937004 0.105000 1.385737
v 1.109821 0.240000 1.539073
v 0.941004 0.240000 1.539073
v 1.109003 0.240000 1.385740
v 0.940186 0.240000 1.385735
v 0.942004 0.138333 1.385735
v 1.108017 0.233333 0.755739
v 0.942019 0.226666 0.755735
v 0.942004 0.233333 2.169073
v 1.108003 0.226666 2.169073
v 1.108013 0.215000 0.947739
v 0.942014 0.215000 0.947735
v 0.942004 0.215000 1.977072
v 1.108003 0.215000 1.977072
v 1.108003 0.137500 1.539073
v 0.942004 0.137500 1.539073
v 1.108003 0.136666 1.385739
v 1.113003 0.105000 1.539073
v 0.937004 0.105000 1.539073
v 1.113003 0.105000 1.385739
v 0.937004 0.105000 1.385737
v -1.109821 0.240000 -1.539073
v -0.941004 0.240000 -1.539073
v -1.109003 0.240000 -1.385740
v -0.940186 0.240000 -1.385735
v -0.942004 0.138333 -1.385735
v -1.108017 0.233333 -0.755739
v -0.942019 0.226666 -0.755735
v -0.942004 0.233333 -2.169073
v -1.108003 0.226666 -2.169073
v -1.108013 0.215000 -0.947739
v -0.942014 0.215000 -0.947735
v -0.942004 0.215000 -1.977072
v -1.108003 0.215000 -1.977072
v -1.108003 0.137500 -1.539073
v -0.942004 0.137500 -1.539073
v -1.108003 0.136666 -1.385739
v -1.113003 0.105000 -1.539073
v -0.937004 0.105000 -1.539073
v -1.113003 0.105000 -1.385739
v -0.937004 0.105000 -1.385737
v 1.109821 0.240000 -1.539073
v 0.941004 0.240000 -1.539073
v 1.109003 0.240000 -1.385740
v 0.940186 0.240000 -1.385735
v 0.942004 0.138333 -1.385735
v 1.108017 0.233333 -0.755739
v 0.942019 0.226666 -0.755735
v 0.942004 0.233333 -2.169073
v 1.108003 0.226666 -2.169073
v 1.108013 0.215000 -0.947739
v 0.942014 0.215000 -0.947735
v 0.942004 0.215000 -1.977072
v 1.108003 0.215000 -1.977072
v 1.108003 0.137500 -1.539073
v 0.942004 0.137500 -1.539073
v 1.108003 0.136666 -1.385739
v 1.113003 0.105000 -1.539073
v 0.937004 0.105000 -1.539073
v 1.113003 0.105000 -1.385739
v 0.937004 0.105000 -1.385737
v 1.230000 0.525457 -1.661865
v 1.240000 0.576181 -1.662617
v 1.230000 0.435315 -1.619886
v 1.240000 0.477907 -1.647440
v 1.230000 0.384541 -1.560184
v 1.240000 0.402518 -1.587090
v 1.230000 0.357634 -1.467440
v 1.240000 0.366791 -1.517333
v 1.230000 0.388941 -1.354163
v 1.240000 0.362505 -1.417987
v 1.240000 0.406988 -1.332274
v 1.230000 0.477905 -1.277370
v 1.240000 0.468433 -1.283625
v 1.230000 0.576178 -1.262192
v 1.240000 0.565035 -1.260039
v 1.230000 0.668242 -1.291347
v 1.240000 0.657780 -1.286946
v 1.230000 0.735460 -1.364626
v 1.240000 0.717482 -1.337720
v 1.230000 0.759522 -1.439214
v 1.240000 0.753209 -1.407476
v 1.230000 0.753209 -1.517333
v 1.240000 0.759522 -1.485596
v 1.230000 0.717482 -1.587090
v 1.240000 0.725464 -1.579020
v 1.230000 0.642093 -1.647440
v 1.240000 0.651565 -1.641186
v 1.241145 0.391366 -1.478391
v 1.242114 0.667481 -1.331441
v 1.242519 0.578107 -1.630835
v 1.246052 0.525699 -1.626465
v 1.241928 0.482926 -1.613881
v 1.242519 0.428097 -1.568699
v 1.242604 0.398992 -1.514454
v 1.246509 0.392288 -1.445498
v 1.241928 0.408524 -1.385331
v 1.242322 0.452575 -1.331509
v 1.242112 0.509271 -1.300591
v 1.243072 0.560000 -1.293846
v 1.242112 0.610729 -1.300591
v 1.242519 0.708680 -1.381220
v 1.242112 0.728602 -1.444219
v 1.243254 0.723105 -1.506995
v 1.242409 0.699572 -1.559636
v 1.241988 0.645231 -1.609399
v 1.268156 0.541239 -1.610100
v 1.267653 0.442954 -1.554446
v 1.268147 0.412662 -1.460994
v 1.268077 0.431509 -1.392612
v 1.268477 0.480088 -1.338638
v 1.267654 0.577681 -1.314558
v 1.268248 0.653963 -1.350389
v 1.267712 0.697140 -1.408574
v 1.268248 0.705341 -1.478300
v 1.268018 0.687700 -1.533569
v 1.268061 0.638771 -1.586889
v 1.400178 0.607212 -1.603596
v 1.400272 0.519002 -1.602747
v 1.399616 0.446838 -1.559175
v 1.400068 0.412735 -1.466069
v 1.400018 0.429883 -1.395763
v 1.400178 0.486150 -1.333138
v 1.400068 0.585137 -1.317255
v 1.400271 0.651584 -1.348435
v 1.400076 0.688550 -1.392717
v 1.400076 0.705434 -1.447215
v 1.399616 0.692709 -1.529921
v 1.420005 0.572390 -1.588209
v 1.420053 0.496256 -1.573981
v 1.420065 0.436042 -1.496224
v 1.420031 0.447081 -1.402049
v 1.420164 0.530806 -1.335566
v 1.420012 0.627994 -1.354950
v 1.420149 0.686854 -1.433207
v 1.420090 0.654797 -1.551701
v -1.230000 0.505072 1.655614
v -1.240000 0.515581 1.659900
v -1.230000 0.420465 1.609059
v -1.240000 0.413345 1.601938
v -1.230000 0.368836 1.524075
v -1.230000 0.359788 1.446226
v -1.240000 0.360540 1.496946
v -1.230000 0.381219 1.370839
v -1.240000 0.374965 1.380311
v -1.230000 0.429869 1.309392
v -1.240000 0.435315 1.304923
v -1.230000 0.515583 1.264910
v -1.240000 0.525460 1.262945
v -1.230000 0.614929 1.269196
v -1.240000 0.621670 1.271241
v -1.230000 0.684685 1.304923
v -1.240000 0.690131 1.309392
v -1.230000 0.735460 1.364626
v -1.230000 0.759522 1.439214
v -1.240000 0.748889 1.389614
v -1.230000 0.753209 1.517333
v -1.240000 0.757495 1.506823
v -1.230000 0.706655 1.601938
v -1.240000 0.699535 1.609059
v -1.230000 0.604419 1.659900
v -1.240000 0.614928 1.655614
v -1.242114 0.667481 1.331441
v -1.242519 0.578107 1.630836
v -1.242112 0.512280 1.625132
v -1.242716 0.452499 1.593396
v -1.242112 0.409709 1.540954
v -1.242322 0.391482 1.479003
v -1.242285 0.397654 1.413158
v -1.242280 0.421040 1.366731
v -1.242322 0.452575 1.331509
v -1.242112 0.509271 1.300591
v -1.243072 0.560000 1.293846
v -1.242112 0.610729 1.300591
v -1.242518 0.708680 1.381220
v -1.242112 0.728602 1.444219
v -1.242297 0.722642 1.510127
v -1.242519 0.691903 1.568699
v -1.242112 0.641323 1.611213
v -1.268156 0.541239 1.610100
v -1.267712 0.453899 1.564620
v -1.268076 0.419792 1.503910
v -1.268147 0.415769 1.432277
v -1.268076 0.447594 1.368886
v -1.268248 0.492469 1.332728
v -1.267653 0.577681 1.314558
v -1.268477 0.665798 1.359883
v -1.268156 0.708517 1.451992
v -1.268017 0.687700 1.533569
v -1.268061 0.638771 1.586889
v -1.400527 0.562224 1.609710
v -1.399616 0.467891 1.579392
v -1.400178 0.412312 1.481166
v -1.400068 0.435518 1.383636
v -1.400068 0.500259 1.327752
v -1.400068 0.585137 1.317255
v -1.399998 0.640872 1.341371
v -1.400153 0.681821 1.379516
v -1.400076 0.705434 1.447215
v -1.400076 0.700176 1.504027
v -1.399616 0.656770 1.575567
v -1.420034 0.547450 1.589823
v -1.420210 0.451264 1.535060
v -1.420013 0.435940 1.434503
v -1.420149 0.490946 1.352060
v -1.420013 0.587902 1.338345
v -1.420040 0.658967 1.381185
v -1.420108 0.688412 1.483982
v -1.420026 0.630855 1.568446
v -1.230001 0.505072 -1.269197
v -1.240001 0.515581 -1.264911
v -1.230001 0.435315 -1.304926
v -1.230001 0.384541 -1.364627
v -1.240001 0.413345 -1.322873
v -1.230001 0.357634 -1.457371
v -1.240001 0.366791 -1.407479
v -1.240001 0.360478 -1.485597
v -1.230001 0.388941 -1.570649
v -1.240001 0.384540 -1.560186
v -1.230001 0.477906 -1.647441
v -1.240001 0.435315 -1.619888
v -1.230001 0.594540 -1.661867
v -1.240001 0.525460 -1.661867
v -1.230001 0.684685 -1.619888
v -1.240001 0.642094 -1.647441
v -1.230001 0.735460 -1.560186
v -1.240001 0.717482 -1.587092
v -1.230001 0.759522 -1.485597
v -1.240001 0.753209 -1.517335
v -1.230001 0.753209 -1.407479
v -1.240001 0.759522 -1.439216
v -1.230001 0.706655 -1.322873
v -1.240001 0.735460 -1.364627
v -1.240001 0.684686 -1.304926
v -1.230001 0.604419 -1.264911
v -1.240001 0.614928 -1.269197
v -1.245319 0.666688 -1.592706
v -1.240375 0.683878 -1.582357
v -1.242427 0.586718 -1.294933
v -1.242712 0.527470 -1.295841
v -1.242502 0.475576 -1.315840
v -1.241664 0.443557 -1.339572
v -1.242519 0.409895 -1.383887
v -1.242113 0.391090 -1.447350
v -1.241787 0.395754 -1.503109
v -1.242811 0.411551 -1.543797
v -1.242323 0.452575 -1.593302
v -1.242282 0.493274 -1.617362
v -1.242285 0.543371 -1.631241
v -1.242519 0.610618 -1.624068
v -1.242416 0.712000 -1.538642
v -1.246015 0.727540 -1.479269
v -1.241357 0.727945 -1.439717
v -1.242519 0.710105 -1.383887
v -1.241572 0.673918 -1.336820
v -1.245605 0.640328 -1.314403
v -1.268162 0.613523 -1.321421
v -1.268044 0.490080 -1.331595
v -1.268034 0.423498 -1.405866
v -1.268016 0.415902 -1.491069
v -1.268092 0.465190 -1.577934
v -1.268035 0.563664 -1.609657
v -1.268022 0.644863 -1.582818
v -1.268162 0.708718 -1.487395
v -1.268006 0.687700 -1.391242
v 1.230001 0.487211 1.273517
v 1.240001 0.536808 1.262885
v 1.240001 0.462222 1.286946
v 1.230001 0.406988 1.332276
v 1.240001 0.402518 1.337722
v 1.230001 0.368836 1.400737
v 1.230001 0.359788 1.478586
v 1.240001 0.360540 1.427865
v 1.230001 0.381219 1.553972
v 1.240001 0.368836 1.524077
v 1.230001 0.429869 1.615419
v 1.240001 0.406988 1.592537
v 1.230001 0.498330 1.653570
v 1.240001 0.468434 1.641187
v 1.230001 0.576178 1.662619
v 1.240001 0.543822 1.662619
v 1.230001 0.651566 1.641187
v 1.240001 0.621671 1.653570
v 1.230001 0.713012 1.592537
v 1.240001 0.690131 1.615419
v 1.230001 0.751164 1.524077
v 1.240001 0.748889 1.535197
v 1.230001 0.759460 1.427865
v 1.240001 0.757495 1.417989
v 1.230001 0.717482 1.337722
v 1.240001 0.713013 1.332276
v 1.230001 0.657778 1.286946
v 1.230001 0.583192 1.262884
v 1.240001 0.632789 1.273517
v 1.240370 0.533265 1.632059
v 1.241942 0.667527 1.593427
v 1.242238 0.728996 1.449390
v 1.241649 0.726778 1.491139
v 1.242298 0.512276 1.299765
v 1.242483 0.452432 1.331333
v 1.242520 0.409895 1.383887
v 1.242113 0.391090 1.447350
v 1.241787 0.395754 1.503109
v 1.242812 0.411551 1.543796
v 1.242323 0.452575 1.593302
v 1.246743 0.523054 1.627430
v 1.242520 0.610618 1.624068
v 1.242520 0.708680 1.543592
v 1.247792 0.721785 1.415677
v 1.242712 0.701438 1.368611
v 1.242481 0.663241 1.328437
v 1.241430 0.630950 1.308874
v 1.242298 0.578149 1.293883
v 1.268162 0.613523 1.321421
v 1.268044 0.490079 1.331595
v 1.268034 0.423499 1.405866
v 1.268016 0.415902 1.491069
v 1.268092 0.465190 1.577933
v 1.268028 0.560000 1.609313
v 1.268028 0.642089 1.585261
v 1.268162 0.708718 1.487395
v 1.268006 0.687700 1.391242
v 1.179999 0.770001 -1.692405
v 1.179999 0.350000 -1.692405
v 0.870001 0.350000 -1.232405
v 0.870001 0.770001 -1.232405
v 0.870001 0.770001 -1.692405
v 0.870001 0.350000 -1.692405
v 1.179999 0.350000 -1.232405
v 1.179999 0.770001 -1.232405
v 1.229999 0.770001 -1.692405
v 1.229999 0.350000 -1.692405
v 1.229999 0.350000 -1.232405
v 1.229999 0.770001 -1.232405
v 0.820001 0.350000 -1.232405
v 0.820001 0.770001 -1.232405
v 0.820001 0.770001 -1.692405
v 0.820001 0.350000 -1.692405
v 1.229999 0.396667 -1.232405
v 1.229999 0.723334 -1.232405
v 1.179999 0.396667 -1.232405
v 1.179999 0.723334 -1.232405
v 1.229999 0.436667 -1.192405
v 1.229999 0.683334 -1.192405
v 1.179999 0.436667 -1.192405
v 1.179999 0.683334 -1.192405
v 1.179999 0.723334 -1.692405
v 1.179999 0.396667 -1.692405
v 1.229999 0.723334 -1.692405
v 1.229999 0.396667 -1.692405
v 1.179999 0.683334 -1.732405
v 1.179999 0.436667 -1.732405
v 1.229999 0.683334 -1.732405
v 1.229999 0.436667 -1.732405
v 0.870001 0.723334 -1.692405
v 0.870001 0.396667 -1.692405
v 0.870001 0.396667 -1.232405
v 0.870001 0.723334 -1.232405
v 0.820001 0.396667 -1.232405
v 0.820001 0.723334 -1.232405
v 0.820001 0.723334 -1.692405
v 0.820001 0.396667 -1.692405
v 0.870001 0.436667 -1.192405
v 0.870001 0.683334 -1.192405
v 0.820001 0.436667 -1.192405
v 0.820001 0.683334 -1.192405
v 0.870001 0.683334 -1.732405
v 0.870001 0.436667 -1.732405
v 0.820001 0.683334 -1.732405
v 0.820001 0.436667 -1.732405
v 1.117999 0.350000 -1.539072
v 1.088000 0.350000 -1.539072
v 0.962001 0.350000 -1.539072
v 0.932001 0.350000 -1.539072
v 1.117999 0.350000 -1.385738
v 1.088001 0.350000 -1.385738
v 0.962001 0.350000 -1.385734
v 0.932001 0.350000 -1.385738
v 1.230000 0.560000 -1.662405
v 1.230000 0.520982 -1.658562
v 1.230000 0.483463 -1.647181
v 1.230000 0.448886 -1.628699
v 1.230000 0.418579 -1.603826
v 1.230000 0.393706 -1.573519
v 1.230000 0.375224 -1.538941
v 1.230000 0.363843 -1.501423
v 1.230000 0.360000 -1.462405
v 1.230000 0.363843 -1.423387
v 1.230000 0.375224 -1.385868
v 1.230000 0.393706 -1.351291
v 1.230000 0.418579 -1.320983
v 1.230000 0.448886 -1.296111
v 1.230000 0.483463 -1.277629
v 1.230000 0.520982 -1.266248
v 1.230000 0.560000 -1.262405
v 1.230000 0.599018 -1.266248
v 1.230000 0.636537 -1.277629
v 1.230000 0.671114 -1.296111
v 1.230000 0.701421 -1.320983
v 1.230000 0.726294 -1.351291
v 1.230000 0.744776 -1.385868
v 1.230000 0.756157 -1.423387
v 1.230000 0.760000 -1.462405
v 1.230000 0.756157 -1.501423
v 1.230000 0.744776 -1.538941
v 1.230000 0.726294 -1.573519
v 1.230000 0.701421 -1.603826
v 1.230000 0.671114 -1.628699
v 1.230000 0.636537 -1.647181
v 1.230000 0.599018 -1.658562
v -1.179999 0.770001 -1.692405
v -1.179999 0.350000 -1.692405
v -0.870001 0.350000 -1.232405
v -0.870001 0.770001 -1.232405
v -0.870001 0.770001 -1.692405
v -0.870001 0.350000 -1.692405
v -1.179999 0.350000 -1.232405
v -1.179999 0.770001 -1.232405
v -1.229999 0.770001 -1.692405
v -1.229999 0.350000 -1.692405
v -1.229999 0.350000 -1.232405
v -1.229999 0.770001 -1.232405
v -0.820001 0.350000 -1.232405
v -0.820001 0.770001 -1.232405
v -0.820001 0.770001 -1.692405
v -0.820001 0.350000 -1.692405
v -1.229999 0.396667 -1.232405
v -1.229999 0.723334 -1.232405
v -1.179999 0.396667 -1.232405
v -1.179999 0.723334 -1.232405
v -1.229999 0.436667 -1.192405
v -1.229999 0.683334 -1.192405
v -1.179999 0.436667 -1.192405
v -1.179999 0.683334 -1.192405
v -1.179999 0.723334 -1.692405
v -1.179999 0.396667 -1.692405
v -1.229999 0.723334 -1.692405
v -1.229999 0.396667 -1.692405
v -1.179999 0.683334 -1.732405
v -1.179999 0.436667 -1.732405
v -1.229999 0.683334 -1.732405
v -1.229999 0.436667 -1.732405
v -0.870001 0.723334 -1.692405
v -0.870001 0.396667 -1.692405
v -0.870001 0.396667 -1.232405
v -0.870001 0.723334 -1.232405
v -0.820001 0.396667 -1.232405
v -0.820001 0.723334 -1.232405
v -0.820001 0.723334 -1.692405
v -0.820001 0.396667 -1.692405
v -0.870001 0.436667 -1.192405
v -0.870001 0.683334 -1.192405
v -0.820001 0.436667 -1.192405
v -0.820001 0.683334 -1.192405
v -0.870001 0.683334 -1.732405
v -0.870001 0.436667 -1.732405
v -0.820001 0.683334 -1.732405
v -0.820001 0.436667 -1.732405
v -1.117999 0.350000 -1.539072
v -1.088000 0.350000 -1.539072
v -0.962001 0.350000 -1.539072
v -0.932001 0.350000 -1.539072
v -1.117999 0.350000 -1.385738
v -1.088001 0.350000 -1.385738
v -0.962001 0.350000 -1.385734
v -0.932001 0.350000 -1.385738
v -1.230000 0.560000 -1.662405
v -1.230000 0.520982 -1.658562
v -1.230000 0.483463 -1.647181
v -1.230000 0.448886 -1.628699
v -1.230000 0.418579 -1.603826
v -1.230000 0.393706 -1.573519
v -1.230000 0.375224 -1.538941
v -1.230000 0.363843 -1.501423
v -1.230000 0.360000 -1.462405
v -1.230000 0.363843 -1.423387
v -1.230000 0.375224 -1.385868
v -1.230000 0.393706 -1.351291
v -1.230000 0.418579 -1.320983
v -1.230000 0.448886 -1.296111
v -1.230000 0.483463 -1.277629
v -1.230000 0.520982 -1.266248
v -1.230000 0.560000 -1.262405
v -1.230000 0.599018 -1.266248
v -1.230000 0.636537 -1.277629
v -1.230000 0.671114 -1.296111
v -1.230000 0.701421 -1.320983
v -1.230000 0.726294 -1.351291
v -1.230000 0.744776 -1.385868
v -1.230000 0.756157 -1.423387
v -1.230000 0.760000 -1.462405
v -1.230000 0.756157 -1.501423
v -1.230000 0.744776 -1.538941
v -1.230000 0.726294 -1.573519
v -1.230000 0.701421 -1.603826
v -1.230000 0.671114 -1.628699
v -1.230000 0.636537 -1.647181
v -1.230000 0.599018 -1.658562
v 1.179999 0.770001 1.692405
v 1.179999 0.350000 1.692405
v 0.870001 0.350000 1.232405
v 0.870001 0.770001 1.232405
v 0.870001 0.770001 1.692405
v 0.870001 0.350000 1.692405
v 1.179999 0.350000 1.232405
v 1.179999 0.770001 1.232405
v 1.229999 0.770001 1.692405
v 1.229999 0.350000 1.692405
v 1.229999 0.350000 1.232405
v 1.229999 0.770001 1.232405
v 0.820001 0.350000 1.232405
v 0.820001 0.770001 1.232405
v 0.820001 0.770001 1.692405
v 0.820001 0.350000 1.692405
v 1.229999 0.396667 1.232405
v 1.229999 0.723334 1.232405
v 1.179999 0.396667 1.232405
v 1.179999 0.723334 1.232405
v 1.229999 0.436667 1.192405
v 1.229999 0.683334 1.192405
v 1.179999 0.436667 1.192405
v 1.179999 0.683334 1.192405
v 1.179999 0.723334 1.692405
v 1.179999 0.396667 1.692405
v 1.229999 0.723334 1.692405
v 1.229999 0.396667 1.692405
v 1.179999 0.683334 1.732405
v 1.179999 0.436667 1.732405
v 1.229999 0.683334 1.732405
v 1.229999 0.436667 1.732405
v 0.870001 0.723334 1.692405
v 0.870001 0.396667 1.692405
v 0.870001 0.396667 1.232405
v 0.870001 0.723334 1.232405
v 0.820001 0.396667 1.232405
v 0.820001 0.723334 1.232405
v 0.820001 0.723334 1.692405
v 0.820001 0.396667 1.692405
v 0.870001 0.436667 1.192405
v 0.870001 0.683334 1.192405
v 0.820001 0.436667 1.192405
v 0.820001 0.683334 1.192405
v 0.870001 0.683334 1.732405
v 0.870001 0.436667 1.732405
v 0.820001 0.683334 1.732405
v 0.820001 0.436667 1.732405
v 1.117999 0.350000 1.539072
v 1.088000 0.350000 1.539072
v 0.962001 0.350000 1.539072
v 0.932001 0.350000 1.539072
v 1.117999 0.350000 1.385738
v 1.088001 0.350000 1.385738
v 0.962001 0.350000 1.385734
v 0.932001 0.350000 1.385738
v 1.230000 0.560000 1.662405
v 1.230000 0.520982 1.658562
v 1.230000 0.483463 1.647181
v 1.230000 0.448886 1.628699
v 1.230000 0.418579 1.603826
v 1.230000 0.393706 1.573519
v 1.230000 0.375224 1.538941
v 1.230000 0.363843 1.501423
v 1.230000 0.360000 1.462405
v 1.230000 0.363843 1.423387
v 1.230000 0.375224 1.385868
v 1.230000 0.393706 1.351291
v 1.230000 0.418579 1.320983
v 1.230000 0.448886 1.296111
v 1.230000 0.483463 1.277629
v 1.230000 0.520982 1.266248
v 1.230000 0.560000 1.262405
v 1.230000 0.599018 1.266248
v 1.230000 0.636537 1.277629
v 1.230000 0.671114 1.296111
v 1.230000 0.701421 1.320983
v 1.230000 0.726294 1.351291
v 1.230000 0.744776 1.385868
v 1.230000 0.756157 1.423387
v 1.230000 0.760000 1.462405
v 1.230000 0.756157 1.501423
v 1.230000 0.744776 1.538941
v 1.230000 0.726294 1.573519
v 1.230000 0.701421 1.603826
v 1.230000 0.671114 1.628699
v 1.230000 0.636537 1.647181
v 1.230000 0.599018 1.658562
v -1.179999 0.770001 1.692405
v -1.179999 0.350000 1.692405
v -0.870001 0.350000 1.232405
v -0.870001 0.770001 1.232405
v -0.870001 0.770001 1.692405
v -0.870001 0.350000 1.692405
v -1.179999 0.350000 1.232405
v -1.179999 0.770001 1.232405
v -1.229999 0.770001 1.692405
v -1.229999 0.350000 1.692405
v -1.229999 0.350000 1.232405
v -1.229999 0.770001 1.232405
v -0.820001 0.350000 1.232405
v -0.820001 0.770001 1.232405
v -0.820001 0.770001 1.692405
v -0.820001 0.350000 1.692405
v -1.229999 0.396667 1.232405
v -1.229999 0.723334 1.232405
v -1.179999 0.396667 1.232405
v -1.179999 0.723334 1.232405
v -1.229999 0.436667 1.192405
v -1.229999 0.683334 1.192405
v -1.179999 0.436667 1.192405
v -1.179999 0.683334 1.192405
v -1.179999 0.723334 1.692405
v -1.179999 0.396667 1.692405
v -1.229999 0.723334 1.692405
v -1.229999 0.396667 1.692405
v -1.179999 0.683334 1.732405
v -1.179999 0.436667 1.732405
v -1.229999 0.683334 1.732405
v -1.229999 0.436667 1.732405
v -0.870001 0.723334 1.692405
v -0.870001 0.396667 1.692405
v -0.870001 0.396667 1.232405
v -0.870001 0.723334 1.232405
v -0.820001 0.396667 1.232405
v -0.820001 0.723334 1.232405
v -0.820001 0.723334 1.692405
v -0.820001 0.396667 1.692405
v -0.870001 0.436667 1.192405
v -0.870001 0.683334 1.192405
v -0.820001 0.436667 1.192405
v -0.820001 0.683334 1.192405
v -0.870001 0.683334 1.732405
v -0.870001 0.436667 1.732405
v -0.820001 0.683334 1.732405
v -0.820001 0.436667 1.732405
v -1.117999 0.350000 1.539072
v -1.088000 0.350000 1.539072
v -0.962001 0.350000 1.539072
v -0.932001 0.350000 1.539072
v -1.117999 0.350000 1.385738
v -1.088001 0.350000 1.385738
v -0.962001 0.350000 1.385734
v -0.932001 0.350000 1.385738
v -1.230000 0.560000 1.662405
v -1.230000 0.520982 1.658562
v -1.230000 0.483463 1.647181
v -1.230000 0.448886 1.628699
v -1.230000 0.418579 1.603826
v -1.230000 0.393706 1.573519
v -1.230000 0.375224 1.538941
v -1.230000 0.363843 1.501423
v -1.230000 0.360000 1.462405
v -1.230000 0.363843 1.423387
v -1.230000 0.375224 1.385868
v -1.230000 0.393706 1.351291
v -1.230000 0.418579 1.320983
v -1.230000 0.448886 1.296111
v -1.230000 0.483463 1.277629
v -1.230000 0.520982 1.266248
v -1.230000 0.560000 1.262405
v -1.230000 0.599018 1.266248
v -1.230000 0.636537 1.277629
v -1.230000 0.671114 1.296111
v -1.230000 0.701421 1.320983
v -1.230000 0.726294 1.351291
v -1.230000 0.744776 1.385868
v -1.230000 0.756157 1.423387
v -1.230000 0.760000 1.462405
v -1.230000 0.756157 1.501423
v -1.230000 0.744776 1.538941
v -1.230000 0.726294 1.573519
v -1.230000 0.701421 1.603826
v -1.230000 0.671114 1.628699
v -1.230000 0.636537 1.647181
v -1.230000 0.599018 1.658562
v -1.200000 0.897571 -1.742407
v -0.850002 0.295000 -1.892407
v -0.860002 0.897571 -1.992406
v -1.200000 0.295000 -1.892407
v -1.200000 0.897571 -0.932406
v -0.850002 0.897571 -0.932407
v -1.200000 0.295000 -1.032407
v -0.850002 0.295000 -1.032407
v -1.180000 0.770001 -1.232407
v -1.180000 0.350000 -1.232407
v -0.870002 0.350000 -1.692407
v -0.870002 0.770001 -1.232407
v -1.180000 0.350000 -1.692407
v -1.180000 0.770001 -1.692407
v -1.200000 0.295000 -1.742407
v -1.180000 0.295000 -1.692407
v -1.180000 0.295000 -1.742407
v -1.180000 0.396667 -1.692407
v -1.180000 0.723334 -1.692407
v -1.180000 0.436667 -1.732407
v -1.180000 0.683334 -1.732407
v -1.184000 0.295000 -1.129406
v -1.180000 0.295000 -1.232407
v -1.180000 0.723334 -1.232407
v -1.180000 0.396667 -1.232407
v -1.180000 0.683334 -1.192407
v -1.180000 0.436667 -1.192407
v -0.850002 0.897571 -1.742407
v -0.850002 0.295000 -1.742407
v -0.866002 0.295000 -1.129407
v -0.870002 0.295000 -1.742407
v -0.870002 0.295000 -1.692407
v -0.870002 0.295000 -1.232407
v -0.870002 0.350000 -1.232407
v -0.870002 0.770001 -1.692407
v -1.180000 0.833786 -1.692407
v -1.180000 0.833786 -1.232407
v -0.870002 0.833786 -1.692407
v -0.870002 0.833786 -1.232407
v -0.870002 0.833786 -1.742407
v -0.870002 0.833786 -1.182407
v -1.180000 0.833786 -1.182407
v -1.180000 0.833786 -1.742407
v -1.180001 0.295000 -1.885740
v -0.870002 0.295000 -1.889073
v -1.190001 0.897571 -1.992406
v -0.870002 0.897571 -0.937406
v -1.180001 0.295000 -1.037407
v -1.180001 0.897571 -0.937406
v -0.870002 0.295000 -1.037407
v -0.870002 0.897571 -1.982406
v -1.180001 0.897571 -1.982406
v -1.200000 0.897569 -1.183653
v -0.850002 0.897567 -1.184902
v 1.200000 0.897571 -1.742407
v 0.850002 0.295000 -1.892407
v 0.860002 0.897571 -1.992406
v 1.200000 0.295000 -1.892407
v 1.200000 0.897571 -0.932406
v 0.850002 0.897571 -0.932407
v 1.200000 0.295000 -1.032407
v 0.850002 0.295000 -1.032407
v 1.180000 0.770001 -1.232407
v 1.180000 0.350000 -1.232407
v 0.870002 0.350000 -1.692407
v 0.870002 0.770001 -1.232407
v 1.180000 0.350000 -1.692407
v 1.180000 0.770001 -1.692407
v 1.200000 0.295000 -1.742407
v 1.180000 0.295000 -1.692407
v 1.180000 0.295000 -1.742407
v 1.180000 0.396667 -1.692407
v 1.180000 0.723334 -1.692407
v 1.180000 0.436667 -1.732407
v 1.180000 0.683334 -1.732407
v 1.184000 0.295000 -1.129407
v 1.180000 0.295000 -1.232407
v 1.180000 0.723334 -1.232407
v 1.180000 0.396667 -1.232407
v 1.180000 0.683334 -1.192407
v 1.180000 0.436667 -1.192407
v 0.850002 0.897571 -1.742407
v 0.850002 0.295000 -1.742407
v 0.866002 0.295000 -1.129407
v 0.870002 0.295000 -1.742407
v 0.870002 0.295000 -1.692407
v 0.870002 0.295000 -1.232407
v 0.870002 0.350000 -1.232407
v 0.870002 0.770001 -1.692407
v 1.180000 0.833786 -1.692407
v 1.180000 0.833786 -1.232407
v 0.870002 0.833786 -1.692407
v 0.870002 0.833786 -1.232407
v 0.870002 0.833786 -1.742407
v 0.870002 0.833786 -1.182407
v 1.180000 0.833786 -1.182407
v 1.180000 0.833786 -1.742407
v 1.180001 0.295000 -1.885740
v 0.870002 0.295000 -1.889073
v 1.190001 0.897571 -1.992406
v 0.870002 0.897500 -0.936544
v 1.180001 0.295000 -1.035740
v 1.180001 0.897643 -0.938269
v 0.870002 0.295000 -1.039073
v 0.870002 0.897571 -1.982406
v 1.180001 0.897571 -1.982406
v 1.200000 0.897569 -1.183653
v 0.850002 0.897567 -1.184902
v -1.200000 0.897571 1.742407
v -0.850002 0.295000 1.892407
v -0.860002 0.897571 1.992406
v -1.200000 0.295000 1.892407
v -1.200000 0.897571 0.932406
v -0.850002 0.897571 0.932407
v -1.200000 0.295000 1.032407
v -0.850002 0.295000 1.032407
v -1.180000 0.770001 1.232407
v -1.180000 0.350000 1.232407
v -0.870002 0.350000 1.692407
v -0.870002 0.770001 1.232407
v -1.180000 0.350000 1.692407
v -1.180000 0.770001 1.692407
v -1.200000 0.295000 1.742407
v -1.180000 0.295000 1.692407
v -1.180000 0.295000 1.742407
v -1.180000 0.396667 1.692407
v -1.180000 0.723334 1.692407
v -1.180000 0.436667 1.732407
v -1.180000 0.683334 1.732407
v -1.200000 0.295000 1.129407
v -1.180000 0.295000 1.232407
v -1.180000 0.295000 1.129407
v -1.180000 0.723334 1.232407
v -1.180000 0.396667 1.232407
v -1.180000 0.683334 1.192407
v -1.180000 0.436667 1.192407
v -0.850002 0.897571 1.742407
v -0.850002 0.295000 1.742407
v -0.866002 0.295000 1.129407
v -0.870002 0.295000 1.742407
v -0.870002 0.295000 1.692407
v -0.870002 0.295000 1.232407
v -0.870002 0.350000 1.232407
v -0.870002 0.770001 1.692407
v -1.180000 0.833786 1.692407
v -1.180000 0.833786 1.232407
v -0.870002 0.833786 1.692407
v -0.870002 0.833786 1.232407
v -0.870002 0.833786 1.742407
v -0.870002 0.833786 1.182407
v -1.180000 0.833786 1.182407
v -1.180000 0.833786 1.742407
v -1.180001 0.295000 1.885740
v -0.870002 0.295000 1.889073
v -1.190001 0.897571 1.992406
v -0.870002 0.897500 0.936544
v -1.180001 0.295000 1.035740
v -1.180001 0.897643 0.938269
v -0.870002 0.295000 1.039073
v -0.870002 0.897571 1.982406
v -1.180001 0.897571 1.982406
v -1.200000 0.897569 1.183653
v -0.850002 0.897567 1.184902
v 1.200000 0.897571 1.742407
v 0.850002 0.295000 1.892407
v 0.860002 0.897571 1.992406
v 1.200000 0.295000 1.892407
v 1.200000 0.897571 0.932406
v 0.850002 0.897571 0.932407
v 1.200000 0.295000 1.032407
v 0.850002 0.295000 1.032407
v 1.180000 0.770001 1.232407
v 1.180000 0.350000 1.232407
v 0.870002 0.350000 1.692407
v 0.870002 0.770001 1.232407
v 1.180000 0.350000 1.692407
v 1.180000 0.770001 1.692407
v 1.200000 0.295000 1.742407
v 1.180000 0.295000 1.692407
v 1.180000 0.295000 1.742407
v 1.180000 0.396667 1.692407
v 1.180000 0.723334 1.692407
v 1.180000 0.436667 1.732407
v 1.180000 0.683334 1.732407
v 1.184000 0.295000 1.129406
v 1.180000 0.295000 1.232407
v 1.180000 0.723334 1.232407
v 1.180000 0.396667 1.232407
v 1.180000 0.683334 1.192407
v 1.180000 0.436667 1.192407
v 0.850002 0.897571 1.742407
v 0.850002 0.295000 1.742407
v 0.866002 0.295000 1.129407
v 0.870002 0.295000 1.742407
v 0.870002 0.295000 1.692407
v 0.870002 0.295000 1.232407
v 0.870002 0.350000 1.232407
v 0.870002 0.770001 1.692407
v 1.180000 0.833786 1.692407
v 1.180000 0.833786 1.232407
v 0.870002 0.833786 1.692407
v 0.870002 0.833786 1.232407
v 0.870002 0.833786 1.742407
v 0.870002 0.833786 1.182407
v 1.180000 0.833786 1.182407
v 1.180000 0.833786 1.742407
v 1.180001 0.295000 1.885740
v 0.870002 0.295000 1.889073
v 1.190001 0.897571 1.992406
v 0.870002 0.897571 0.937406
v 1.180001 0.295000 1.037407
v 1.180001 0.897571 0.937406
v 0.870002 0.295000 1.037407
v 0.870002 0.897571 1.982406
v 1.180001 0.897571 1.982406
v 1.200000 0.897569 1.183653
v 0.850002 0.897567 1.184902
v 1.087999 0.747558 0.769174
v 0.962000 0.747558 0.769174
v 1.087999 0.747553 0.922513
v 0.962000 0.747553 0.922515
v 1.117999 0.747553 -0.922502
v 1.088000 0.747553 -0.922502
v 0.962002 0.747553 -0.922502
v 0.962002 0.747558 -0.769168
v 0.931999 0.500000 -0.076644
v 1.113998 0.520000 0.073222
v 0.931999 0.500000 0.076689
v 1.117998 0.747553 0.922513
v 0.931999 0.747553 0.922513
v 1.117998 0.797554 0.922513
v 0.931999 0.797554 0.922513
v 0.932000 0.747553 -0.922502
v 1.117998 0.797554 -0.922501
v 0.931999 0.797554 -0.922501
v 0.931999 0.747558 0.769174
v 0.932000 0.747558 -0.769170
v 1.113998 0.777563 -0.749170
v 1.088000 0.747558 -0.769170
v 1.113712 0.777562 0.749172
v 1.117998 0.500000 -0.076644
v 1.117998 0.500000 0.076689
v 1.117998 0.747558 0.769174
v 1.117999 0.747558 -0.769170
v 1.111998 0.520000 -0.073177
v 1.115499 0.761648 -0.749170
v -1.087999 0.747558 0.769174
v -0.962000 0.747558 0.769174
v -1.087999 0.747553 0.922513
v -0.962000 0.747553 0.922515
v -1.117999 0.747553 -0.922502
v -1.088000 0.747553 -0.922502
v -0.962002 0.747553 -0.922502
v -0.962002 0.747558 -0.769168
v -0.931999 0.500000 -0.076644
v -1.113998 0.520000 0.073222
v -0.931999 0.500000 0.076689
v -1.117998 0.747553 0.922513
v -0.931999 0.747553 0.922513
v -1.117998 0.797554 0.922513
v -0.931999 0.797554 0.922513
v -0.932000 0.747553 -0.922502
v -1.117998 0.797554 -0.922501
v -0.931999 0.797554 -0.922501
v -0.931999 0.747558 0.769174
v -0.932000 0.747558 -0.769170
v -1.113998 0.777563 -0.749170
v -1.088000 0.747558 -0.769170
v -1.113712 0.777562 0.749172
v -1.117998 0.500000 -0.076644
v -1.117998 0.500000 0.076689
v -1.117998 0.747558 0.769174
v -1.117999 0.747558 -0.769170
v -1.111998 0.520000 -0.073177
v -1.115499 0.761648 -0.749170
vn -0.7077 -0.0000 -0.7065
vn 1.0000 -0.0000 -0.0000
vn -1.0000 -0.0000 -0.0000
vn 0.7830 0.6221 -0.0000
vn -0.7830 0.6221 -0.0000
vn 0.7830 -0.6221 -0.0000
vn -0.0000 -1.0000 -0.0000
vn 0.7077 -0.0000 -0.7065
vn -0.0000 -0.0000 -1.0000
vn -0.0000 1.0000 -0.0000
vn -0.7830 -0.6221 -0.0000
vn -0.0000 -0.0000 1.0000
vn -0.0000 -0.7071 -0.7071
vn -0.0819 -0.6252 -0.7761
vn -0.0314 -0.6156 -0.7874
vn -0.0156 -0.6123 -0.7905
vn 0.7909 0.0166 0.6117
vn 0.6117 -0.0166 0.7909
vn 0.8688 -0.0100 0.4950
vn 0.2129 0.0114 -0.9770
vn 0.4950 -0.0100 -0.8688
vn 0.1747 -0.0000 -0.9846
vn 0.9075 0.1873 0.3760
vn 0.8970 0.2547 0.3613
vn 0.8903 0.2870 0.3535
vn 0.7030 -0.3795 0.6015
vn 0.4020 -0.2140 0.8903
vn 0.2457 0.0187 0.9692
vn 0.4042 -0.2383 0.8831
vn 0.9823 -0.0507 0.1806
vn 0.8882 0.2304 0.3974
vn 0.9800 -0.0694 0.1867
vn 0.7310 -0.3118 0.6069
vn 0.3646 -0.2272 0.9030
vn 0.1950 -0.0789 0.9776
vn 0.2075 -0.0685 0.9758
vn -0.2693 -0.0494 0.9618
vn -0.6010 0.0434 0.7980
vn -0.1285 0.0311 0.9912
vn -0.8202 -0.3279 0.4687
vn -0.8289 -0.3308 0.4512
vn -0.9753 -0.0860 0.2033
vn -0.9734 -0.0680 0.2187
vn -0.9694 -0.0358 -0.2428
vn -0.8613 -0.0279 -0.5072
vn -0.9925 0.0400 -0.1152
vn -0.8584 -0.0174 -0.5127
vn -0.5965 0.0655 -0.8000
vn -0.1973 -0.0625 -0.9783
vn -0.2075 -0.0685 -0.9758
vn -0.4950 0.0100 -0.8688
vn -0.2129 -0.0114 -0.9770
vn -0.6117 -0.0166 -0.7909
vn -0.5915 0.0102 0.8062
vn -0.7875 -0.0299 0.6156
vn -0.4950 -0.0100 0.8688
vn -0.8655 -0.0024 0.5010
vn -0.9800 -0.0148 0.1985
vn -0.7923 0.0171 -0.6098
vn -0.8678 -0.0082 -0.4969
vn 0.4950 0.0100 0.8688
vn 0.2129 -0.0114 0.9770
vn 0.9771 0.0114 0.2126
vn 0.9847 0.0005 0.1744
vn 0.5915 0.0102 -0.8062
vn 0.7861 -0.0295 -0.6174
vn 0.8660 -0.0015 -0.5001
vn 0.9784 -0.0210 -0.2054
vn 0.2693 -0.0494 -0.9618
vn 0.6010 0.0434 -0.7980
vn 0.1285 0.0311 -0.9912
vn 0.8193 -0.3281 -0.4703
vn 0.8268 -0.3352 -0.4517
vn 0.9577 -0.0796 -0.2765
vn 0.9906 0.0279 -0.1340
vn -0.9068 0.1927 -0.3749
vn -0.8967 0.2565 -0.3609
vn -0.8903 0.2870 -0.3535
vn -0.7030 -0.3795 -0.6015
vn -0.4020 -0.2140 -0.8903
vn -0.2458 0.0187 -0.9691
vn -0.4042 -0.2383 -0.8831
vn -0.1965 0.0622 0.9785
vn -0.5977 -0.0647 0.7991
vn -0.5995 -0.0751 0.7969
vn -0.8585 0.0173 0.5126
vn -0.8615 0.0298 0.5068
vn -0.9292 0.1325 0.3450
vn 0.1965 0.0622 -0.9785
vn 0.5977 -0.0647 -0.7991
vn 0.5995 -0.0751 -0.7969
vn 0.8585 0.0173 -0.5126
vn 0.8616 0.0300 -0.5068
vn 0.9290 0.1363 -0.3441
vn -0.1160 -0.0391 -0.9925
vn 0.1161 -0.0388 0.9925
vn -0.1747 -0.0000 -0.9846
vn 0.1747 -0.0000 0.9846
vn -0.1747 -0.0000 0.9846
vn 0.0159 -0.9776 0.2098
vn -0.0130 -0.8684 0.4957
vn 0.0022 -0.9858 0.1679
vn 0.0258 -0.7782 0.6275
vn -0.0106 -0.6062 0.7953
vn 0.0246 -0.3826 0.9236
vn -0.0215 -0.2465 0.9689
vn 0.0209 -0.0051 0.9998
vn -0.0216 0.1462 0.9890
vn 0.0048 0.9806 0.1962
vn -0.0099 0.8654 0.5009
vn 0.0262 0.7929 0.6087
vn -0.0168 0.5858 0.8103
vn 0.0192 0.4024 0.9153
vn -0.0165 -0.6757 -0.7370
vn 0.0148 -0.5665 -0.8239
vn 0.0149 -0.7945 -0.6071
vn -0.0193 -0.3861 -0.9223
vn 0.0069 -0.2749 -0.9614
vn -0.0032 0.0925 -0.9957
vn 0.0082 0.1200 -0.9927
vn -0.0052 0.7844 -0.6202
vn 0.0095 0.5540 -0.8325
vn -0.0094 0.5150 -0.8571
vn -0.0799 -0.9932 -0.0853
vn 0.0130 -0.9428 -0.3331
vn -0.0409 -0.9758 -0.2150
vn 0.0007 -0.9492 -0.3145
vn 0.0018 -0.9907 -0.1358
vn -0.0068 -0.9941 -0.1083
vn 0.0189 0.8509 -0.5249
vn -0.0096 0.9242 -0.3818
vn 0.0007 0.9492 0.3145
vn 0.0017 0.9907 0.1364
vn -0.0077 0.9941 0.1086
vn -0.0111 -0.8610 -0.5084
vn 0.0092 -0.9244 -0.3814
vn 0.0076 0.9830 -0.1834
vn -0.0086 0.9932 0.1158
vn 0.0023 0.9896 0.1438
vn -0.0078 -0.9764 -0.2158
vn 0.0079 -0.8133 -0.5818
vn -0.0008 -0.9829 -0.1842
vn 0.0183 -0.7759 0.6306
vn -0.0044 -0.5307 0.8476
vn -0.0079 -0.8133 0.5818
vn 0.0268 -0.3873 0.9216
vn -0.0149 -0.2254 0.9741
vn -0.0048 0.9806 -0.1962
vn 0.0099 0.8654 -0.5009
vn -0.0262 0.7929 -0.6087
vn -0.0143 -0.4052 -0.9141
vn 0.0139 -0.2795 -0.9600
vn -0.0177 -0.0588 -0.9981
vn 0.0138 0.0729 -0.9972
vn -0.0147 0.3560 -0.9344
vn 0.0081 0.8631 -0.5050
vn -0.0139 0.7293 -0.6841
vn -0.0118 0.9231 -0.3844
vn -0.0007 0.9492 -0.3145
vn -0.0017 0.9907 -0.1364
vn 0.0077 0.9941 -0.1086
vn 0.0068 -0.9941 0.1083
vn -0.0018 -0.9907 0.1358
vn -0.0076 0.9830 0.1834
vn 0.0099 -0.8030 -0.5959
vn -0.0183 -0.7759 -0.6306
vn 0.0044 -0.5307 -0.8476
vn -0.0268 -0.3873 -0.9216
vn 0.0149 -0.2254 -0.9741
vn -0.0200 -0.0076 -0.9998
vn 0.0150 0.1351 -0.9907
vn -0.2129 0.0114 0.9770
vn -0.0186 0.7774 -0.6287
vn 0.0113 0.5124 -0.8586
vn -0.0231 0.3907 -0.9202
vn -0.0196 -0.7766 0.6296
vn 0.0202 -0.6687 0.7432
vn -0.0252 -0.4592 0.8880
vn 0.0217 -0.2955 0.9551
vn -0.0275 0.0748 0.9968
vn 0.0232 0.7277 0.6855
vn -0.0214 0.5961 0.8026
vn 0.0273 0.2489 0.9681
vn -0.0007 -0.9492 0.3145
vn -0.0141 0.8570 0.5152
vn 0.0118 0.9231 0.3844
vn -0.9011 -0.4046 -0.1560
vn -0.9904 -0.1222 -0.0647
vn -0.9973 -0.0465 -0.0562
vn 0.0094 -0.8665 0.4990
vn -0.0115 -0.9250 0.3797
vn 0.0078 -0.9764 0.2158
vn 0.0181 -0.9969 0.0762
vn 0.0219 -0.9966 0.0795
vn -0.0000 -0.9982 0.0607
vn -0.9939 -0.0062 0.1102
vn -0.8555 -0.1336 0.5002
vn -0.9974 0.0192 0.0701
vn 0.9992 0.0061 -0.0400
vn 0.9918 -0.0058 -0.1273
vn 0.9985 0.0207 -0.0510
vn -0.9925 0.1158 -0.0402
vn -0.9926 0.1145 -0.0409
vn -0.9813 0.1892 -0.0342
vn 0.0182 0.5836 -0.8119
vn -0.0171 0.4025 -0.9152
vn 0.0233 0.1088 -0.9938
vn -0.0031 -0.0146 -0.9999
vn -0.0194 -0.7355 0.6773
vn 0.0188 -0.6108 0.7916
vn -0.0188 -0.3478 0.9374
vn 0.0166 -0.2459 0.9691
vn -0.0166 0.0669 0.9976
vn -0.0151 0.7764 0.6301
vn 0.0298 0.6327 0.7738
vn 0.0147 0.8929 0.4501
vn -0.0149 0.4670 0.8841
vn 0.0201 0.1762 0.9841
vn 0.0072 0.9369 0.3495
vn -0.0015 -0.9514 0.3080
vn -0.0023 -0.9908 0.1355
vn 0.0067 -0.9942 0.1074
vn 0.0141 -0.8570 0.5152
vn -0.0118 -0.9231 0.3844
vn 0.0074 0.9796 -0.2007
vn 0.0284 0.3627 0.9315
vn -0.0026 0.5440 0.8391
vn -0.0221 -0.0014 0.9998
vn 0.0031 0.5385 0.8426
vn -0.0273 0.3913 0.9199
vn 0.0204 -0.0208 0.9996
vn 0.0031 0.5385 -0.8426
vn -0.0090 0.7033 -0.7108
vn -0.0000 0.7071 -0.7071
vn -0.0269 -0.0404 0.9988
vn 0.0263 -0.3606 0.9324
vn 0.0239 -0.0849 0.9961
vn 0.6549 -0.7557 -0.0000
vn 0.0032 -0.1547 -0.9880
vn 0.0074 -0.1568 -0.9876
vn -0.0000 -0.1531 -0.9882
vn -0.3577 -0.0802 -0.9304
vn -0.3474 -0.4869 -0.8014
vn -0.1575 -0.5859 -0.7950
vn 0.0253 -0.7222 -0.6912
vn -0.1763 -0.5816 -0.7941
vn -0.0123 -0.8017 -0.5976
vn -0.3772 -0.8114 -0.4465
vn 0.0141 -0.7240 0.6896
vn 0.0010 -0.4292 0.9032
vn 0.1555 -0.8186 0.5529
vn -0.2698 -0.9598 -0.0776
vn -0.3474 -0.8810 0.3212
vn -0.1642 -0.8073 0.5669
vn -0.1584 -0.8447 0.5113
vn 0.2515 -0.9080 0.3352
vn -0.7014 -0.2324 -0.6738
vn -0.7327 0.1367 -0.6667
vn -0.7190 0.0798 -0.6904
vn -0.2672 -0.2915 0.9185
vn 0.1445 -0.2394 0.9601
vn -0.2927 -0.2932 0.9102
vn -0.2580 -0.2340 0.9374
vn -0.2829 -0.2275 0.9318
vn -0.1575 0.2370 0.9587
vn 0.0206 0.4137 0.9102
vn -0.1763 0.2335 0.9562
vn -0.3577 0.2602 0.8969
vn -0.0141 -0.5351 0.8447
vn 0.0029 -0.7917 0.6109
vn -0.1555 -0.3825 0.9108
vn -0.4647 0.5985 0.6525
vn -0.3474 0.8810 0.3212
vn -0.3577 0.8903 0.2819
vn -0.2698 0.9598 -0.0776
vn -0.2698 0.9565 -0.1112
vn -0.2489 0.8621 -0.4415
vn -0.4647 0.7567 -0.4597
vn 0.0703 0.6261 -0.7766
vn -0.0703 0.6395 -0.7656
vn 0.0979 0.6219 -0.7769
vn -0.5366 0.3791 -0.7538
vn -0.1115 0.1108 -0.9876
vn 0.0805 -0.0788 -0.9936
vn 0.2083 0.2593 -0.9431
vn -0.2522 -0.8242 0.5070
vn -0.0163 0.9873 -0.1581
vn 0.0128 0.9859 -0.1671
vn 0.0866 0.9781 -0.1894
vn -0.0626 0.8870 -0.4575
vn 0.0767 0.9037 -0.4213
vn 0.1079 0.9048 -0.4119
vn 0.1565 0.0312 -0.9872
vn -0.0894 -0.0603 -0.9942
vn -0.1688 -0.0894 -0.9816
vn -0.0112 -0.2856 0.9583
vn 0.0995 -0.3303 0.9386
vn 0.1367 -0.3444 0.9288
vn -0.3047 -0.2832 0.9094
vn -0.0532 0.6420 -0.7648
vn -0.1332 0.6139 -0.7780
vn -0.1566 0.6048 -0.7808
vn -0.2294 -0.6269 -0.7446
vn 0.0329 -0.5749 -0.8175
vn 0.1002 -0.5544 -0.8262
vn -0.0163 -0.6799 -0.7331
vn 0.0367 -0.6917 -0.7212
vn 0.1750 -0.7125 -0.6795
vn -0.0767 0.2369 -0.9685
vn 0.0626 0.2757 -0.9592
vn 0.0941 0.2837 -0.9543
vn -0.0510 0.3373 0.9400
vn 0.0344 0.3074 0.9510
vn 0.0631 0.2967 0.9529
vn 0.1538 0.2216 0.9629
vn -0.0680 0.3180 0.9456
vn -0.1367 0.3444 0.9288
vn 0.3047 -0.9135 -0.2698
vn -0.1688 -0.9802 -0.1038
vn -0.0907 -0.9934 -0.0704
vn 0.1597 -0.9864 0.0382
vn -0.0767 0.9037 0.4213
vn 0.0626 0.8870 0.4575
vn 0.0941 0.8806 0.4644
vn 0.1565 0.8035 0.5744
vn -0.0894 0.8601 0.5022
vn -0.1688 0.8658 0.4710
vn -0.0768 -0.7917 0.6061
vn 0.1820 -0.8567 0.4825
vn 0.2681 -0.8621 0.4300
vn -0.0273 0.3913 -0.9199
vn 0.0204 -0.0208 -0.9996
vn -0.0228 0.3734 -0.9274
vn 0.0046 0.5473 -0.8369
vn 0.0230 -0.0019 -0.9997
vn -0.0058 -0.1653 0.9862
vn 0.0007 -0.1621 0.9868
vn -0.0106 -0.1678 0.9858
vn -0.0273 -0.0865 -0.9959
vn -0.0269 -0.0404 -0.9988
vn 0.0263 -0.3606 -0.9324
vn 0.2460 -0.0492 0.9680
vn 0.3474 -0.1431 0.9267
vn 0.3578 -0.4257 0.8311
vn 0.0799 0.2774 -0.9574
vn -0.0010 0.5126 -0.8586
vn 0.0775 0.2778 -0.9575
vn 0.3577 -0.7290 0.5836
vn 0.0737 -0.9028 0.4237
vn -0.0708 -0.9585 0.2762
vn 0.2128 -0.9693 0.1236
vn 0.2580 -0.9556 0.1425
vn -0.0057 -0.9992 -0.0390
vn 0.2828 -0.9479 0.1464
vn -0.2595 -0.9598 -0.1069
vn 0.0178 -0.9878 -0.1545
vn -0.0123 -0.9029 -0.4297
vn 0.0253 -0.8432 -0.5370
vn -0.1575 -0.7297 -0.6654
vn -0.1412 -0.6498 -0.7468
vn 0.1742 -0.3495 -0.9206
vn 0.0443 -0.5063 -0.8612
vn 0.1575 -0.3355 -0.9288
vn -0.0245 -0.1719 -0.9848
vn 0.1763 -0.3371 -0.9248
vn 0.2760 -0.2280 -0.9337
vn 0.0168 -0.0492 -0.9986
vn -0.0334 0.2901 -0.9564
vn 0.0175 0.5970 -0.8020
vn -0.0401 0.6908 -0.7220
vn 0.2580 0.6494 -0.7154
vn 0.2828 0.6484 -0.7068
vn 0.0141 0.7240 0.6896
vn -0.0355 0.5293 0.8477
vn 0.0141 0.8447 -0.5351
vn 0.1555 0.9108 -0.3825
vn 0.2489 0.9316 -0.2649
vn 0.3577 0.8903 -0.2819
vn 0.2595 0.9598 0.1069
vn 0.2698 0.9565 0.1112
vn 0.2655 0.8560 0.4436
vn 0.3578 0.8157 0.4546
vn 0.1000 0.6532 0.7506
vn -0.0359 0.5269 0.8492
vn -0.2232 0.7516 0.6206
vn -0.3233 0.6166 0.7179
vn 0.1423 0.3838 0.9124
vn 0.0191 0.5320 0.8465
vn 0.1290 0.3965 0.9089
vn -0.2031 0.2629 0.9432
vn 0.2489 0.2649 0.9316
vn -0.1807 0.9253 0.3334
vn -0.7265 0.4824 0.4894
vn -0.6816 0.2469 0.6888
vn -0.6680 0.3974 0.6291
vn 0.2896 0.8011 0.5239
vn -0.1068 0.8199 0.5624
vn -0.0793 0.8272 0.5563
vn 0.0106 0.8459 0.5332
vn -0.2938 -0.2724 -0.9162
vn -0.1717 -0.4595 0.8714
vn -0.1131 -0.4781 0.8710
vn -0.0963 -0.4830 0.8703
vn 0.1132 0.0901 -0.9895
vn 0.0103 0.1283 -0.9917
vn -0.3011 0.2339 -0.9245
vn -0.9786 0.0057 -0.2056
vn -0.9831 -0.0042 -0.1830
vn -0.0767 -0.7350 0.6737
vn 0.0626 -0.7621 0.6444
vn 0.0941 -0.7660 0.6359
vn 0.2828 -0.8416 0.4601
vn 0.2343 0.0353 0.9715
vn 0.1412 0.0609 0.9881
vn 0.1157 0.0678 0.9910
vn 0.0891 0.6383 -0.7646
vn -0.1262 0.5747 -0.8086
vn -0.1772 0.5548 -0.8129
vn 0.3237 0.6369 -0.6996
vn -0.0563 -0.9952 -0.0797
vn 0.0563 -0.9917 -0.1160
vn 0.0865 -0.9883 -0.1255
vn -0.1914 0.9351 -0.2983
vn -0.2655 0.9071 -0.3268
vn 0.0816 0.9802 -0.1807
vn -0.2810 -0.8394 -0.4653
vn -0.0076 -0.9845 0.1752
vn -0.0022 -0.9849 0.1732
vn -0.0000 -0.9850 0.1724
vn 0.9996 0.0263 -0.0025
vn 0.9996 0.0268 -0.0029
vn 0.9995 0.0296 -0.0053
vn 0.0004 -0.0000 -1.0000
vn -0.0334 0.9994 -0.0123
vn -0.0066 0.9998 -0.0194
vn -0.0401 0.9991 -0.0105
vn 0.0334 0.9994 0.0123
vn 0.0066 0.9998 0.0194
vn 0.0401 0.9991 0.0105
vn -0.0022 -0.9849 -0.1732
vn -0.0076 -0.9845 -0.1752
vn -0.0000 -0.9850 -0.1724
vn 0.0181 -0.9969 -0.0762
vn 0.0219 -0.9966 -0.0795
vn 0.0399 -0.9947 -0.0950
vn -0.0000 -0.7071 0.7071
vn -0.0181 -0.9969 0.0762
vn -0.0219 -0.9966 0.0795
vn -0.0399 -0.9947 0.0950
vn -0.9883 -0.1526 0.0007
vn -0.9878 -0.1554 0.0001
vn -0.9878 -0.1560 -0.0000
vn -0.0048 -1.0000 0.0003
vn -0.0053 -1.0000 -0.0003
vn -0.0100 -0.9999 -0.0054
vn 0.9889 -0.1488 -0.0007
vn 0.9884 -0.1516 -0.0001
vn 0.9884 -0.1521 -0.0000
vn -0.9996 0.0263 0.0025
vn -0.9996 0.0268 0.0029
vn -0.9995 0.0296 0.0053
vn -0.0004 -0.0000 -1.0000
vn -0.0334 0.9994 0.0123
vn -0.0066 0.9998 0.0194
vn -0.0000 0.9998 0.0212
vn 0.9883 -0.1526 -0.0007
vn 0.9878 -0.1554 -0.0001
vn 0.9878 -0.1560 -0.0000
vn 0.0048 -1.0000 -0.0003
vn 0.0053 -1.0000 0.0003
vn 0.0100 -0.9999 0.0054
vn -0.9889 -0.1488 0.0007
vn -0.9884 -0.1516 0.0001
vn -0.9884 -0.1521 -0.0000
vn 0.0001 -0.0000 -1.0000
vn 0.9996 0.0268 0.0029
vn 0.9996 0.0263 0.0025
vn 0.9995 0.0296 0.0053
vn 0.0004 -0.0000 1.0000
vn 0.0334 0.9994 -0.0123
vn 0.0066 0.9998 -0.0194
vn -0.0000 0.9998 -0.0212
vn 0.9918 -0.1241 0.0313
vn 0.9949 -0.0521 0.0860
vn 0.9979 -0.0511 0.0401
vn 0.7107 -0.0000 0.7035
vn -0.0181 -0.9969 -0.0762
vn -0.0219 -0.9966 -0.0795
vn -0.0000 -0.9982 -0.0607
vn -0.9883 -0.1526 -0.0007
vn -0.9878 -0.1554 -0.0001
vn -0.9884 -0.1520 -0.0008
vn -0.0053 -1.0000 0.0003
vn -0.0048 -1.0000 -0.0003
vn -0.0100 -0.9999 0.0054
vn 0.9889 -0.1488 0.0007
vn 0.9884 -0.1516 0.0001
vn 0.9889 -0.1483 0.0008
vn -0.9996 0.0268 -0.0029
vn -0.9996 0.0263 -0.0025
vn -0.9995 0.0296 -0.0053
vn -0.0001 -0.0000 1.0000
vn -0.0004 -0.0000 1.0000
vn 0.0002 1.0000 -0.0003
vn 0.0003 1.0000 -0.0005
vn 0.0008 0.9790 -0.2038
vn 0.0047 0.8130 -0.5822
vn 0.0022 -0.9849 0.1732
vn 0.0076 -0.9845 0.1752
vn -0.0399 -0.9947 -0.0950
vn 0.0754 0.2660 0.9610
vn 0.0373 0.2785 0.9597
vn 0.0227 0.2832 0.9588
vn 0.0399 -0.9947 0.0950
vn -1.0000 0.0007 -0.0001
vn -1.0000 0.0004 -0.0001
vn -1.0000 -0.0002 -0.0000
vn -0.5734 -0.3459 -0.7427
vn -0.3500 -0.7136 -0.6069
vn -0.4548 -0.8553 -0.2481
vn -0.6467 -0.7352 0.2032
vn -0.4186 -0.5921 0.6886
vn -0.1542 -0.6183 0.7706
vn -0.4311 -0.5896 0.6830
vn -0.3576 -0.1425 0.9229
vn 0.0972 0.2975 0.9498
vn -0.0972 0.2803 0.9550
vn 0.1300 0.2993 0.9453
vn -0.4428 0.6607 0.6061
vn -0.3500 0.8915 0.2876
vn -0.3500 0.9337 -0.0755
vn -0.3241 0.8420 -0.4313
vn 0.0972 0.6244 -0.7750
vn -0.0972 0.6383 -0.7636
vn 0.1300 0.6196 -0.7740
vn -0.5719 0.1007 -0.8141
vn -1.0000 0.0004 0.0044
vn -0.9993 0.0034 0.0365
vn -0.0160 0.9952 -0.0963
vn 0.0296 0.8776 -0.4785
vn -0.0187 0.8617 -0.5070
vn 0.6778 -0.6409 0.3602
vn 0.6759 -0.3983 0.6201
vn 0.6740 -0.4998 0.5440
vn 0.6760 0.7108 -0.1941
vn 0.6819 0.7283 -0.0680
vn 0.6952 0.6250 -0.3551
vn 0.6822 0.5858 -0.4375
vn 0.6823 0.3847 -0.6216
vn 0.7134 -0.1975 0.6723
vn 0.6824 0.0825 0.7263
vn 0.6633 -0.1780 -0.7269
vn 0.7047 -0.0846 -0.7045
vn 0.7420 -0.3350 -0.5807
vn 0.6879 -0.5650 -0.4556
vn 0.6580 -0.0335 0.7523
vn 0.6801 0.2578 0.6863
vn 0.6328 -0.5937 -0.4970
vn 0.7077 0.1282 -0.6948
vn 0.6846 0.4652 0.5611
vn 0.6644 0.4703 0.5808
vn 0.7166 -0.6619 -0.2199
vn 0.6717 0.6402 0.3727
vn 0.6749 0.6879 0.2670
vn 0.7016 -0.7071 0.0877
vn 0.6767 -0.6300 0.3809
vn -0.0168 0.5235 -0.8519
vn -0.0295 -0.2397 0.9704
vn 0.0050 -0.1920 0.9814
vn -0.0054 -0.2064 0.9785
vn 0.0303 0.3393 -0.9402
vn -0.0302 -0.1487 -0.9884
vn 1.0000 -0.0042 -0.0013
vn 1.0000 -0.0067 -0.0021
vn 1.0000 0.0006 0.0002
vn -0.0172 0.9285 0.3710
vn 0.0216 0.9968 0.0770
vn 0.0432 -0.5696 -0.8208
vn -0.1053 -0.7765 -0.6213
vn -0.1031 -0.7765 -0.6216
vn 0.7089 -0.1726 -0.6838
vn 0.6690 -0.3757 -0.6413
vn 0.7560 -0.5077 -0.4131
vn 0.5754 -0.7542 -0.3163
vn -0.9339 -0.2476 0.2581
vn -0.9907 -0.1052 0.0865
vn -0.9976 -0.0674 0.0183
vn 0.7808 -0.6184 0.0883
vn 0.8001 -0.5958 0.0701
vn 0.7153 -0.6116 0.3382
vn 0.7474 0.5599 0.3577
vn 0.6983 0.6996 0.1516
vn 0.6781 0.7350 0.0032
vn 0.8195 0.5557 -0.1403
vn 0.7004 0.0391 -0.7127
vn 0.3576 -0.0403 0.9330
vn -0.1470 -0.4783 0.8658
vn -0.2540 -0.4766 0.8416
vn -0.1300 -0.4780 0.8687
vn 0.2323 -0.8313 0.5050
vn 0.4549 -0.8846 0.1028
vn 0.3241 -0.9100 -0.2587
vn 0.9977 0.0350 0.0575
vn 0.9932 0.0945 0.0676
vn 0.9974 0.0686 0.0212
vn -0.2149 -0.4141 -0.8845
vn -0.0591 -0.6959 -0.7157
vn 0.2149 0.0442 -0.9756
vn -0.0490 0.2018 -0.9782
vn 0.2323 0.0419 -0.9717
vn 0.0310 0.3486 -0.9368
vn -0.0374 0.5777 -0.8154
vn 0.0253 0.6885 -0.7248
vn -0.3431 0.7556 -0.5580
vn 0.4549 0.8475 -0.2734
vn 0.3241 0.9430 0.0762
vn -0.1470 0.8658 0.4783
vn -0.2540 0.8416 0.4766
vn -0.1300 0.8687 0.4780
vn 0.2540 0.4766 0.8416
vn 0.1470 0.4783 0.8658
vn 0.2591 0.4763 0.8402
vn 0.0257 0.9957 -0.0888
vn -0.0184 0.9506 0.3099
vn 0.0253 0.8797 0.4748
vn -0.6739 -0.6221 -0.3986
vn -0.6826 -0.5713 -0.4557
vn -0.6673 -0.4664 -0.5807
vn -0.6870 0.6982 0.2015
vn -0.6710 0.7393 -0.0558
vn -0.6863 0.6388 0.3478
vn -0.6782 0.5674 0.4671
vn -0.6831 0.3826 0.6221
vn -0.6580 -0.0335 -0.7523
vn -0.6823 0.0928 -0.7252
vn -0.6940 0.2636 -0.6700
vn -0.6992 0.1125 0.7060
vn -0.6703 -0.0969 0.7357
vn -0.6932 -0.4259 0.5814
vn -0.6825 -0.5181 0.5156
vn -0.6741 -0.6529 0.3454
vn -0.9975 0.0695 0.0127
vn -0.9977 0.0436 -0.0517
vn -0.9318 0.3423 -0.1205
vn -0.6800 -0.7033 0.2074
vn -0.6742 -0.7354 0.0681
vn -0.7081 0.6280 -0.3228
vn -0.6866 0.5202 -0.5079
vn 0.0054 -0.0313 0.9995
vn 0.0008 -0.0039 1.0000
vn 0.0049 -0.0361 0.9993
vn -0.0230 0.6335 0.7734
vn 0.0235 0.5022 0.8644
vn 0.0080 -0.4387 -0.8986
vn -0.0145 -0.4051 -0.9142
vn 0.0058 -0.1776 -0.9841
vn 0.0096 -0.4008 0.9161
vn -0.0109 -0.3695 0.9292
vn 0.0503 -0.4611 0.8859
vn -0.0068 0.2964 0.9550
vn 0.0338 0.2314 0.9723
vn 0.9902 0.0685 -0.1218
vn 0.9969 0.0598 -0.0516
vn 0.9972 0.0541 -0.0516
vn 0.0004 -0.9520 0.3060
vn -0.0332 -0.9887 0.1464
vn 0.0168 -0.9780 -0.2079
vn 0.0356 0.7185 -0.6946
vn -0.0042 0.8411 -0.5409
vn -0.0302 -0.8489 -0.5277
vn 0.0071 -0.7702 -0.6377
vn -0.7070 0.0398 0.7061
vn -0.7059 0.3603 0.6098
vn -0.6997 -0.1163 0.7049
vn -0.7381 0.3602 -0.5705
vn -0.7285 0.5401 -0.4213
vn -0.7325 0.5956 -0.3297
vn -0.7937 -0.6076 0.0297
vn -0.8364 -0.5422 0.0810
vn -0.6601 -0.7312 -0.1723
vn -0.6928 0.7116 0.1170
vn -0.7773 0.6135 -0.1395
vn -0.7507 -0.5600 -0.3505
vn -0.6639 -0.4133 -0.6233
vn -0.6780 0.6803 0.2784
vn -0.7374 0.4599 0.4947
vn -0.8018 -0.2753 0.5304
vn -0.1541 -0.4561 0.8765
vn -0.4185 -0.4464 0.7909
vn -0.0971 -0.4537 0.8858
vn 0.4549 -0.6784 0.5769
vn 0.4548 -0.8553 0.2481
vn 0.4186 -0.8749 -0.2436
vn 0.1542 -0.9423 -0.2972
vn 0.4311 -0.8697 -0.2404
vn 0.5719 -0.5360 -0.6210
vn 0.6467 -0.0936 -0.7569
vn 0.5734 0.3459 -0.7427
vn 0.3500 0.7136 -0.6069
vn 0.3500 0.8915 -0.2876
vn 0.3500 0.9337 0.0755
vn 0.4548 0.7803 0.4293
vn 0.4186 0.4464 0.7909
vn 0.1541 0.4561 0.8765
vn 0.4311 0.4450 0.7849
vn -0.7148 0.4770 -0.5114
vn -0.7411 0.5760 -0.3451
vn -0.8426 0.4341 -0.3186
vn -0.9932 -0.0342 -0.1116
vn -0.8351 -0.0720 -0.5453
vn -0.9971 -0.0427 -0.0624
vn 0.8115 0.5755 -0.1015
vn -0.6366 0.7697 -0.0480
vn -0.6849 0.7178 -0.1251
vn -0.7488 0.6427 0.1618
vn -0.7192 -0.6060 -0.3399
vn -0.6779 -0.4665 -0.5682
vn -0.6108 -0.5110 -0.6048
vn -0.6894 0.6552 0.3089
vn -0.6973 0.6345 0.3334
vn -0.7499 -0.0941 0.6548
vn -0.7035 -0.3304 0.6292
vn 0.7225 0.3619 0.5891
vn 0.7189 0.4569 0.5239
vn -0.0097 -0.7699 -0.6381
vn 0.0141 -0.4014 -0.9158
vn -0.6838 -0.0987 -0.7230
vn -0.6880 0.0136 -0.7256
vn -0.6981 0.2104 -0.6843
vn -0.6335 -0.3890 0.6688
vn -0.7137 -0.5053 0.4850
vn -0.7111 0.4097 -0.5714
vn -0.6842 -0.6728 0.2813
vn -0.6641 -0.6507 0.3682
vn -0.6934 -0.7176 0.0646
vn -0.6973 -0.7032 -0.1392
vn -0.6493 -0.7397 -0.1766
vn -0.4548 -0.0981 -0.8852
vn -0.3432 -0.5580 -0.7556
vn 0.0253 -0.7248 -0.6885
vn -0.3659 -0.5499 -0.7508
vn -0.0253 -0.8167 -0.5766
vn 0.3431 -0.8499 -0.3998
vn -0.4549 -0.8846 -0.1028
vn -0.3500 -0.9011 0.2562
vn -0.3500 -0.7344 0.5815
vn -0.3500 -0.4560 0.8183
vn -0.3500 -0.1082 0.9305
vn -0.3500 0.2562 0.9011
vn -0.3500 0.5815 0.7344
vn -0.3241 0.8264 0.4605
vn 0.1470 0.9856 0.0834
vn 0.2540 0.9646 0.0713
vn 0.1300 0.9878 0.0852
vn -0.2149 0.8845 -0.4141
vn 0.0490 0.8265 -0.5608
vn -0.2323 0.8817 -0.4106
vn -0.0188 0.7312 -0.6820
vn 0.3431 0.5580 -0.7556
vn -0.4549 0.2734 -0.8475
vn -0.6035 0.7536 -0.2606
vn 0.6396 0.7682 -0.0264
vn 0.6684 0.7298 0.1439
vn 0.7580 0.6299 -0.1689
vn 0.7192 -0.6060 0.3399
vn 0.6723 -0.4722 0.5701
vn 0.6109 -0.5026 0.6117
vn 0.7324 0.5733 -0.3674
vn 0.9967 0.0815 -0.0000
vn 0.9966 0.0823 -0.0000
vn 0.9956 0.0941 0.0001
vn 0.7111 0.5453 -0.4437
vn 0.6643 0.2563 -0.7022
vn 0.7250 -0.1314 0.6761
vn 0.6908 0.0254 0.7226
vn 0.7381 0.4520 -0.5009
vn 0.5723 0.3409 -0.7458
vn 0.9970 -0.0573 0.0514
vn 0.9977 -0.0668 -0.0097
vn 0.9909 -0.1268 0.0441
vn 0.6099 0.0423 0.7914
vn 0.6886 0.2063 0.6952
vn 0.6883 0.4123 0.5968
vn 0.6619 0.4993 0.5591
vn 0.6658 -0.6464 -0.3728
vn 0.6833 -0.6728 -0.2837
vn 0.6934 -0.7176 -0.0646
vn 0.7314 0.5804 0.3581
vn 0.6972 -0.7032 0.1392
vn 0.6493 -0.7397 0.1766
vn -0.0000 0.7071 0.7071
vn -0.9994 0.0084 0.0338
vn -1.0000 0.0023 0.0094
vn -0.9992 0.0099 0.0400
vn -0.2394 -0.1590 0.9578
vn -0.2395 -0.1590 0.9578
vn 0.3121 -0.1606 -0.9364
vn -0.1622 -0.1642 -0.9730
vn -0.7029 -0.1089 -0.7029
vn 0.0032 -0.1547 0.9880
vn 0.0074 -0.1568 0.9876
vn 0.0106 -0.1584 0.9873
vn 0.1807 -0.0950 -0.9789
vn 0.9858 -0.0412 -0.1626
vn -0.9858 -0.0408 -0.1626
vn -1.0000 0.0023 -0.0094
vn -0.9994 0.0084 -0.0338
vn -0.9992 0.0099 -0.0400
vn 0.0032 -0.0225 -0.9997
vn 0.0005 -0.0363 -0.9993
vn 0.0036 -0.0207 -0.9998
vn 1.0000 0.0023 0.0094
vn 0.9994 0.0084 0.0338
vn 0.9992 0.0099 0.0400
vn -0.3121 -0.1606 -0.9364
vn -0.2785 -0.1533 0.9481
vn 0.9992 -0.0000 0.0388
vn 0.9993 0.0005 0.0364
vn 0.1994 -0.1604 0.9667
vn 0.1622 -0.1642 -0.9730
vn 0.7029 -0.1089 -0.7029
vn 0.0058 -0.1653 -0.9862
vn -0.0007 -0.1621 -0.9868
vn 0.0106 -0.1678 -0.9858
vn -0.0032 -0.1547 0.9880
vn -0.0074 -0.1568 0.9876
vn -0.0000 -0.1531 0.9882
vn -0.7026 -0.1127 -0.7026
vn -0.1807 -0.0950 -0.9789
vn -0.9858 -0.0412 -0.1626
vn 0.9858 -0.0408 -0.1626
vn 0.2375 -0.0933 -0.9669
vn 0.0005 -0.0363 0.9993
vn 0.0032 -0.0225 0.9997
vn 0.0036 -0.0207 0.9998
vn 0.9994 0.0084 -0.0338
vn 1.0000 0.0023 -0.0094
vn 0.9992 0.0099 -0.0400
vn 0.3121 -0.1606 0.9364
vn 0.2785 -0.1533 -0.9481
vn -0.1994 -0.1604 -0.9667
vn -0.1622 -0.1642 0.9730
vn -0.7029 -0.1089 0.7029
vn -0.0032 -0.1547 -0.9880
vn -0.0074 -0.1568 -0.9876
vn -0.0106 -0.1584 -0.9873
vn 0.7026 -0.1127 0.7026
vn 0.1807 -0.0950 0.9789
vn 0.9858 -0.0412 0.1626
vn -0.2185 -0.0875 0.9719
vn -0.0005 -0.0363 -0.9993
vn -0.0032 -0.0225 -0.9997
vn -0.0036 -0.0207 -0.9998
vn -0.3121 -0.1606 0.9364
vn -0.2395 -0.1590 -0.9578
vn -0.9992 -0.0000 -0.0388
vn -0.9993 0.0005 -0.0364
vn 0.1622 -0.1642 0.9730
vn 0.7029 -0.1089 0.7029
vn -0.6709 0.4416 -0.5957
vn -0.1807 -0.0950 0.9789
vn -0.9858 -0.0412 0.1626
vn 0.9858 -0.0408 0.1626
vn -0.9778 -0.2096 0.0002
vn -0.9806 -0.1963 -0.0000
vn -0.9775 -0.2112 0.0002
vn -0.7107 -0.0000 0.7035
vn 0.9571 0.2894 -0.0131
vn -0.9937 0.1017 0.0466
vn -0.9942 0.0995 0.0414
vn -0.9932 0.1095 0.0400
vn 0.0022 -0.9849 -0.1732
vn 0.0076 -0.9845 -0.1752
vn 0.0099 -0.9843 -0.1760
vn -0.9571 0.2894 -0.0131
vn 0.9083 0.1808 0.3773
vn 0.6068 0.3122 0.7309
vn 0.8820 0.2507 0.3990
vn 0.6014 0.3788 0.7034
vn 0.3491 -0.2944 0.8896
vn -0.0000 0.0001 -1.0000
vn -0.0000 -0.9847 -0.1742
vn -0.6035 0.0759 0.7937
vn -0.6015 0.0760 -0.7953
vn 0.0059 -0.8840 0.4674
vn 0.0066 -0.7435 0.6687
vn 0.0008 -0.8754 0.4833
vn -0.9881 0.0044 0.1535
vn 0.9890 -0.0016 -0.1477
vn 0.6035 0.0759 -0.7937
vn -0.9076 0.1866 -0.3761
vn -0.6068 0.3122 -0.7309
vn -0.2083 0.0678 0.9757
vn -0.9286 0.1426 0.3426
vn 0.2083 0.0679 -0.9757
vn 0.9283 0.1466 -0.3417
vn -0.1799 -0.0000 0.9837
vn -0.0054 -0.0313 -0.9995
vn -0.0008 -0.0039 -1.0000
vn -0.0049 -0.0361 -0.9993
vn 0.1798 -0.0000 0.9837
vn -0.1404 -0.0598 0.9883
vn 0.1799 -0.0000 -0.9837
vn -0.1798 -0.0000 -0.9837
vn 0.1404 -0.0598 -0.9883
vn 0.9807 -0.1943 -0.0218
vn 0.9883 -0.1526 0.0007
vn 0.9878 -0.1554 0.0001
vn 0.9884 -0.1520 0.0008
vn 0.9830 -0.1825 0.0218
vn -0.9807 -0.1943 -0.0218
vn -0.6810 -0.2537 0.6870
vn -0.9830 -0.1825 0.0218
vn -0.0003 1.0000 0.0005
vn -0.0002 1.0000 0.0003
vn -0.0002 -1.0000 -0.0003
vn -0.0003 -1.0000 -0.0005
vn 0.0046 0.6718 -0.7407
vn -0.0039 0.4298 -0.9029
vn -0.0067 0.7043 0.7099
vn -0.0264 -0.3318 0.9430
vn 0.2698 -0.2633 -0.9262
vn 0.3772 -0.5962 -0.7087
vn 0.3474 -0.8810 -0.3212
vn 0.2698 -0.9598 0.0776
vn 0.2760 -0.9030 0.3292
vn 0.2489 -0.8621 0.4415
vn -0.2331 -0.7036 0.6712
vn 0.3450 -0.6042 0.7183
vn 0.1763 -0.2335 0.9562
vn -0.0409 -0.5379 0.8420
vn 0.3578 0.0752 0.9308
vn 0.3577 0.4502 0.8182
vn 0.2489 0.8621 0.4415
vn 0.1555 0.8186 0.5529
vn 0.4647 0.7568 0.4597
vn 0.2698 0.9598 0.0776
vn 0.3474 0.8810 -0.3212
vn -0.0979 0.6407 -0.7616
vn 0.5366 0.5514 -0.6388
vn 0.2489 0.2649 -0.9316
vn 0.4647 0.1351 -0.8751
vn -0.1832 -0.7442 0.6424
vn 0.1085 0.9746 -0.1959
vn 0.3602 -0.5878 0.7244
vn -0.0941 0.8806 -0.4644
vn -0.0566 -0.2660 0.9623
vn -0.0163 0.6533 -0.7569
vn -0.2778 -0.6313 -0.7240
vn -0.1079 0.2275 -0.9678
vn -0.0792 0.3466 0.9347
vn 0.2139 0.1925 0.9577
vn 0.2075 -0.7152 -0.6675
vn 0.2215 0.0557 -0.9736
vn 0.2215 0.7786 0.5872
vn -0.1079 0.9048 0.4119
vn -0.3057 -0.9506 0.0544
vn 0.2277 -0.9714 0.0681
vn -0.0097 0.6301 0.7764
vn 0.0107 0.8748 0.4843
vn 0.0282 -0.3317 -0.9429
vn -0.2828 -0.1464 0.9479
vn -0.2489 -0.2649 0.9316
vn -0.3577 -0.5836 0.7290
vn -0.3578 -0.8311 0.4257
vn 0.0458 -0.7143 0.6983
vn 0.2595 -0.9598 0.1069
vn 0.2555 -0.9300 -0.2644
vn -0.2114 -0.8586 -0.4671
vn -0.2656 -0.8560 -0.4436
vn 0.0851 -0.7820 -0.6174
vn -0.1763 -0.7254 -0.6654
vn -0.2760 -0.1467 -0.9499
vn -0.0500 0.2899 -0.9557
vn 0.0409 0.4012 -0.9151
vn -0.3578 0.8157 -0.4546
vn -0.3474 0.9267 -0.1431
vn -0.2555 0.9300 0.2644
vn -0.2780 0.7531 0.5963
vn -0.3373 0.6151 0.7126
vn -0.2614 0.2392 0.9351
vn -0.3474 0.1431 0.9267
vn 0.1681 0.9759 -0.1392
vn 0.0440 0.8509 0.5234
vn 0.2075 -0.5267 -0.8244
vn 0.2211 -0.0070 -0.9752
vn -0.2048 -0.4482 0.8702
vn -0.2714 0.5215 0.8089
vn -0.3631 0.2530 -0.8968
vn -0.1079 -0.7268 0.6783
vn 0.2896 0.0197 0.9570
vn 0.1430 0.6492 -0.7471
vn -0.2745 -0.9497 0.1507
vn 0.2748 -0.9448 -0.1783
vn -0.0865 -0.9938 -0.0697
vn -0.1937 0.9582 -0.2107
vn 0.0490 0.9905 -0.1282
vn -0.1427 0.9705 -0.1942
vn 0.1134 0.9880 -0.1047
vn 0.9994 -0.0340 -0.0022
vn 0.9998 -0.0181 -0.0031
vn 0.9998 -0.0177 -0.0031
vn -0.9999 -0.0146 0.0015
vn -0.9999 -0.0099 0.0017
vn -1.0000 -0.0098 0.0017
vn -0.9994 -0.0340 0.0022
vn -0.9998 -0.0183 0.0031
vn -0.9998 -0.0179 0.0032
vn 0.9999 -0.0146 0.0014
vn 1.0000 -0.0098 0.0017
vn 0.9999 -0.0150 0.0014
vn -0.0001 -0.0000 -1.0000
vn -0.9994 -0.0340 -0.0022
vn -0.9998 -0.0181 -0.0031
vn -0.9994 -0.0352 -0.0021
vn -0.9999 -0.0146 -0.0015
vn -0.9999 -0.0099 -0.0017
vn -0.9999 -0.0150 -0.0014
vn 0.9994 -0.0340 0.0022
vn 0.9998 -0.0183 0.0031
vn 0.9994 -0.0352 0.0022
vn -0.9998 -0.0181 0.0031
vn -0.9998 -0.0177 0.0031
vn 0.9999 -0.0146 0.0015
vn 0.9999 -0.0099 0.0017
vn 0.9998 -0.0183 -0.0031
vn 0.9998 -0.0179 -0.0032
vn -0.9999 -0.0146 -0.0014
vn -1.0000 -0.0098 -0.0017
vn 0.0008 -0.9829 0.1842
vn -0.6718 -0.7256 -0.1492
vn -0.6678 -0.7066 -0.2339
vn -0.0034 -0.7057 -0.7085
vn -0.0049 -0.7053 -0.7088
vn 0.9998 -0.0181 0.0031
vn 0.9994 -0.0352 0.0021
vn -0.0004 -0.9464 -0.3229
vn 0.0045 -0.9441 -0.3296
vn -0.0113 -0.9512 -0.3083
vn -0.0057 0.4249 0.9052
vn -0.0055 0.4252 0.9051
vn 0.0001 -0.0000 1.0000
vn -0.6955 -0.2032 -0.6892
vn 0.0053 -1.0000 -0.0003
vn 0.0048 -1.0000 0.0003
vn 0.0100 -0.9999 -0.0054
vn 0.0017 -0.3631 -0.9318
vn -0.9966 0.0822 -0.0000
vn -0.9967 0.0813 -0.0000
vn -0.9967 0.0815 -0.0000
vn 0.0030 -0.7059 0.7083
vn -0.0065 -0.7002 0.7139
vn 0.5733 -0.1250 -0.8097
vn 0.4548 -0.5566 -0.6953
vn 0.3500 -0.8338 -0.4270
vn 0.5733 -0.8186 -0.0353
vn 0.5104 -0.7633 0.3961
vn -0.0971 -0.6178 0.7803
vn 0.3576 -0.2215 0.9072
vn -0.1300 0.2763 0.9522
vn 0.3241 0.6129 0.7207
vn 0.3500 0.8338 0.4270
vn 0.4428 0.8424 -0.3071
vn -0.1300 0.6383 -0.7588
vn 0.3241 0.2587 -0.9100
vn -0.7853 -0.1038 -0.6103
vn -0.7044 -0.6969 0.1344
vn 0.6760 0.7321 0.0834
vn 0.7577 -0.6440 -0.1055
vn 0.6585 0.3655 -0.6579
vn 0.7098 -0.7040 -0.0242
vn 0.4274 -0.1428 0.8927
vn 0.0113 -0.2940 -0.9557
vn 0.0290 -0.1583 0.9870
vn 1.0000 -0.0006 -0.0000
vn 1.0000 0.0003 0.0001
vn 1.0000 -0.0000 0.0004
vn 0.7746 0.1722 -0.6085
vn 0.8174 0.2326 -0.5270
vn 0.7898 0.1545 0.5936
vn 0.8191 0.1134 0.5623
vn 0.4959 -0.8146 -0.3008
vn 0.6723 -0.6591 0.3371
vn 0.8072 -0.3826 0.4495
vn 0.8335 0.5332 -0.1447
vn 0.8299 -0.3477 0.4362
vn 0.3771 0.6060 -0.7004
vn 0.9320 0.3419 0.1205
vn 0.9976 0.0680 -0.0136
vn 0.9978 0.0457 0.0484
vn -0.9889 -0.1488 -0.0007
vn -0.9884 -0.1516 -0.0001
vn -0.9889 -0.1483 -0.0008
vn 0.9864 -0.1251 -0.1066
vn 0.9976 -0.0686 -0.0111
vn 0.9980 -0.0258 -0.0569
vn -0.9923 0.0201 -0.1220
vn -0.9890 0.0417 -0.1421
vn -0.9971 -0.0160 -0.0744
vn 0.9999 -0.0146 -0.0015
vn 0.9999 -0.0099 -0.0017
vn 1.0000 -0.0098 -0.0017
vn 0.9806 -0.1963 -0.0000
vn 0.9778 -0.2096 0.0002
vn 0.9775 -0.2112 0.0002
vn -0.2591 -0.4764 0.8402
vn -0.4311 -0.8061 0.4054
vn -0.5719 -0.8141 -0.1007
vn -0.2323 -0.4106 -0.8817
vn -0.3659 0.7508 -0.5499
vn -0.5719 0.8181 -0.0601
vn -0.2591 0.8402 0.4763
vn 0.1300 0.4780 0.8687
vn -0.3576 0.0403 0.9330
vn -0.6258 0.7739 -0.0970
vn -0.6800 -0.3265 -0.6565
vn -0.6606 0.3406 0.6690
vn -0.0513 -0.3060 0.9506
vn -0.0271 -0.1227 -0.9921
vn -0.0013 0.5390 -0.8423
vn -0.0186 0.9918 -0.1266
vn -0.8278 -0.2764 0.4882
vn -0.3400 -0.8177 0.4646
vn -0.4311 -0.4450 0.7849
vn -0.4548 -0.7803 0.4293
vn -0.4549 -0.8876 0.0717
vn 0.0972 -0.9472 -0.3056
vn -0.3241 -0.7207 -0.6129
vn -0.5733 -0.3459 -0.7427
vn -0.6467 0.0936 -0.7570
vn -0.4548 0.5566 -0.6952
vn -0.3500 0.8338 -0.4270
vn -0.4549 0.6784 0.5769
vn 0.0971 0.4537 0.8858
vn 0.7204 0.0112 -0.6934
vn 0.6863 -0.3325 -0.6469
vn 0.7183 -0.1431 -0.6808
vn -0.0007 -0.9665 0.2566
vn -0.0088 0.7024 -0.7117
vn -0.0049 0.7009 -0.7132
vn 0.1095 0.4894 -0.8652
vn 0.8385 0.2293 0.4943
vn 0.0003 -1.0000 0.0005
vn 0.0002 -1.0000 0.0003
vn 1.0000 -0.0001 0.0002
vn 1.0000 -0.0003 -0.0003
vn 1.0000 -0.0002 -0.0004
vn -0.7146 -0.2450 -0.6553
vn -0.6875 0.0555 0.7241
vn 0.4549 -0.2734 -0.8475
vn 0.3659 -0.8437 -0.3929
vn 0.4548 -0.8873 0.0765
vn 0.3500 -0.8183 0.4560
vn 0.3500 -0.5815 0.7344
vn 0.3500 -0.2562 0.9011
vn 0.3500 0.1082 0.9305
vn 0.3500 0.4560 0.8183
vn 0.4428 0.7233 0.5298
vn 0.2591 0.9633 0.0707
vn 0.3659 0.5499 -0.7508
vn -0.9967 0.0809 0.0085
vn -0.9976 0.0601 0.0338
vn -0.9984 0.0560 -0.0121
vn 0.6969 -0.4841 -0.5292
vn 0.0103 0.7028 0.7113
vn -0.9998 -0.0183 -0.0031
vn -0.9994 -0.0352 -0.0022
vn -0.0032 -0.0225 0.9997
vn -0.0005 -0.0363 0.9993
vn -0.0036 -0.0207 0.9998
vn -0.9999 -0.0146 0.0014
vn -1.0000 -0.0097 0.0017
vn -0.0276 -0.5012 -0.8649
vn 0.4548 0.0981 -0.8852
vn -0.0404 -0.4334 0.9003
vn 0.5710 0.8058 0.1571
vn -1.0000 -0.0006 -0.0000
vn -1.0000 0.0003 -0.0002
vn -1.0000 -0.0000 -0.0004
vn -0.0000 -0.9416 0.3366
vn 1.0000 0.0001 -0.0000
vn -0.0000 -0.9847 0.1742
vn 0.2395 -0.1590 0.9578
vn -0.9993 0.0022 -0.0360
vn -0.9992 0.0066 -0.0399
vn -1.0000 0.0003 -0.0044
vn -0.0000 -0.1637 0.9865
vn 0.7026 -0.1127 -0.7026
vn -0.2375 -0.0934 -0.9669
vn 0.9988 0.0042 -0.0480
vn 1.0000 0.0001 -0.0044
vn 0.9992 0.0068 -0.0400
vn -0.1623 -0.1615 0.9734
vn 0.3122 -0.1594 0.9366
vn 0.1623 -0.1615 -0.9734
vn 0.1758 -0.1488 -0.9731
vn -0.3122 -0.1594 -0.9366
vn -0.0000 -0.0979 0.9952
vn 0.9993 0.0022 0.0360
vn 0.9992 0.0066 0.0399
vn 1.0000 0.0003 0.0044
vn -0.0000 -0.1637 -0.9865
vn 0.2394 -0.1590 -0.9578
vn 0.2395 -0.1590 -0.9578
vn -0.7026 -0.1127 0.7026
vn 0.2375 -0.0934 0.9669
vn 0.9576 0.2697 0.1014
vn 0.0287 0.4408 -0.8971
vn 0.9932 0.1095 0.0400
vn 0.9942 0.0995 0.0414
vn 0.9937 0.1017 0.0466
vn -0.0362 -0.8701 0.4915
vn -0.0376 -0.8711 0.4896
vn -0.6549 -0.7557 -0.0000
vn -1.0000 -0.0067 -0.0021
vn -1.0000 -0.0042 -0.0013
vn -1.0000 0.0006 0.0002
vn -0.0001 0.0002 1.0000
vn -0.0000 -0.9416 -0.3366
vn 0.9813 0.1892 -0.0342
vn 0.9926 0.1145 -0.0409
vn 0.9925 0.1158 -0.0402
vn -0.9576 0.2697 0.1014
vn 0.9999 -0.0146 -0.0014
vn 1.0000 -0.0097 -0.0017
vn 1.0000 0.0004 -0.0044
vn 0.9993 0.0034 -0.0365
vn -0.0941 -0.6273 -0.7731
vn -0.0001 -1.0000 0.0001
vn -0.0775 -0.9933 -0.0857
vn -0.9975 -0.0702 0.0115
vn -0.9973 -0.0546 0.0487
vn -0.9951 -0.0523 0.0836
vn -0.9909 -0.1107 0.0761
vn -0.9921 -0.0354 -0.1204
vn -0.9973 -0.0730 0.0032
vn -0.9973 -0.0454 -0.0576
vn -0.9976 0.0452 0.0526
vn -0.9959 0.0752 0.0494
vn -0.9952 0.0557 0.0804
vn 0.9926 -0.0148 -0.1209
vn 0.9943 -0.0776 -0.0727
vn 0.9974 -0.0342 -0.0638
vn 0.9303 0.2667 -0.2517
vn 0.9858 0.1233 -0.1142
vn -0.9806 0.1961 -0.0000
vn -0.9811 0.1905 -0.0330
vn -0.9925 0.1164 -0.0380
vn 0.0106 -0.1584 -0.9873
vn 0.0056 -0.1597 0.9872
vn -0.0099 -0.9843 0.1760
vn 0.9997 0.0236 -0.0000
vn -0.0099 -0.9843 -0.1760
vn -0.9884 -0.1520 0.0008
vn -0.0000 -1.0000 0.0054
vn 0.9889 -0.1483 -0.0008
vn -0.9997 0.0236 -0.0000
vn -0.0401 0.9991 0.0105
vn 0.9884 -0.1520 -0.0008
vn -0.0000 -1.0000 -0.0054
vn -0.9889 -0.1483 0.0008
vn 0.0401 0.9991 -0.0105
vn 0.9898 -0.0582 0.1303
vn 0.9959 -0.0055 0.0898
vn 0.9962 -0.0006 0.0871
vn 0.9967 -0.0792 -0.0150
vn 0.9985 -0.0547 0.0052
vn 0.0003 1.0000 0.0001
vn 0.0011 1.0000 0.0004
vn 0.0007 1.0000 0.0003
vn -0.0003 1.0000 -0.0002
vn 0.0002 1.0000 -0.0001
vn -0.0000 1.0000 -0.0002
vn 0.0002 1.0000 -0.0000
vn 0.0099 -0.9843 0.1760
vn 0.0865 0.2622 0.9611
vn -1.0000 -0.0000 -0.0007
vn -1.0000 0.0001 0.0001
vn -1.0000 0.0018 0.0029
vn -1.0000 0.0032 -0.0024
vn -1.0000 0.0004 0.0013
vn -0.9992 0.0036 0.0388
vn 0.9990 -0.0436 -0.0136
vn -0.9949 -0.0997 -0.0119
vn -0.9962 -0.0806 -0.0345
vn -0.9965 -0.0754 -0.0349
vn -0.9965 -0.0217 0.0809
vn -0.9977 0.0257 0.0622
vn -0.9969 0.0144 0.0780
vn -0.9965 -0.0129 0.0824
vn -0.9949 -0.1002 -0.0084
vn -0.9805 -0.1284 0.1490
vn 0.9978 0.0275 0.0596
vn 0.9949 0.0973 -0.0279
vn 0.9957 0.0921 -0.0054
vn 0.9977 0.0666 0.0127
vn 0.9967 0.0558 0.0595
vn -0.9972 0.0698 0.0255
vn -0.9850 0.1669 -0.0438
vn -0.9977 0.0398 -0.0547
vn -0.0000 -0.0340 0.9994
vn 0.9969 0.0121 -0.0775
vn 0.9971 0.0082 -0.0755
vn -0.9967 0.0214 -0.0786
vn -0.9982 0.0312 -0.0504
vn -0.9973 -0.0450 -0.0579
vn 0.3363 0.9417 -0.0000
vn 0.2472 0.9690 -0.0000
vn 0.9967 0.0816 -0.0000
vn 0.9976 0.0194 0.0667
vn 0.9968 0.0249 0.0758
vn 0.9995 -0.0101 0.0302
vn 0.9883 -0.1259 -0.0862
vn 0.9999 0.0047 0.0104
vn 0.9953 -0.0480 0.0847
vn 0.9975 -0.0711 0.0034
vn 0.9996 0.0084 -0.0277
vn -0.0000 -0.0391 -0.9992
vn 1.0000 0.0074 -0.0000
vn 1.0000 0.0065 0.0047
vn -0.0056 -0.1597 -0.9872
vn -0.0106 -0.1584 0.9873
vn -0.0000 -0.0391 0.9992
vn -1.0000 0.0074 -0.0000
vn -1.0000 0.0065 -0.0047
vn -0.9806 -0.1962 -0.0000
vn -0.9948 0.0938 0.0387
vn -0.9934 0.1088 0.0355
vn -0.9923 0.1168 0.0418
vn -0.0002 -1.0000 -0.0001
vn 0.0063 -0.7439 0.6683
vn -0.0000 -0.3806 0.9247
vn -0.0000 -0.0340 -0.9994
vn 0.2887 -0.9574 -0.0000
vn -0.0002 1.0000 -0.0001
vn -0.0011 1.0000 -0.0004
vn -0.0007 1.0000 -0.0003
vn 0.0003 1.0000 0.0002
vn -0.0002 1.0000 -0.0000
vn -0.0003 1.0000 0.0001
vn -0.0000 1.0000 0.0002
vn 0.0001 1.0000 0.0002
vn -0.0003 1.0000 -0.0000
vn -0.0000 1.0000 0.0001
vn -0.0003 -1.0000 -0.0001
vn -0.0007 -1.0000 -0.0005
vn -0.0006 -1.0000 -0.0003
vn -0.0000 -1.0000 -0.0005
vn -0.0002 -1.0000 -0.0006
vn -0.0001 -1.0000 -0.0005
vn 0.0001 -1.0000 -0.0002
vn -0.0002 -1.0000 -0.0000
vn -0.0000 -1.0000 -0.0002
vn -0.0000 -1.0000 -0.0001
vn 0.0002 -1.0000 0.0001
vn 0.0001 -1.0000 -0.0001
vn -0.0008 0.6082 0.7938
vn 0.9994 -0.0352 -0.0021
vn -0.9999 -0.0150 0.0014
vn -0.9994 -0.0352 0.0022
vn 1.0000 -0.0097 0.0017
vn -0.9998 -0.0177 -0.0031
vn 0.9998 -0.0179 0.0032
vn -0.9994 -0.0352 0.0021
vn 0.9994 -0.0352 -0.0022
vn -1.0000 -0.0097 -0.0017
vn -0.0303 -0.6940 -0.7193
vn -0.0209 -0.6982 -0.7156
vn -0.0164 -0.7011 -0.7129
vn -0.0118 -0.7028 -0.7113
vn 0.9998 -0.0177 0.0031
vn 0.0153 -0.9389 -0.3440
vn -0.9956 0.0941 0.0001
vn -0.9956 0.0942 0.0001
vn -0.9967 0.0814 -0.0000
vn -0.3939 0.9191 -0.0000
vn 0.0264 -0.6958 0.7178
vn 0.0181 -0.6994 0.7145
vn -0.0328 -0.7067 0.7067
vn -0.0212 -0.7030 0.7108
vn 0.0020 -0.7021 0.7120
vn 1.0000 0.0006 -0.0005
vn 1.0000 -0.0017 0.0001
vn 1.0000 -0.0010 -0.0008
vn 1.0000 -0.0000 -0.0002
vn 1.0000 0.0046 -0.0026
vn 1.0000 0.0005 0.0017
vn 0.9981 0.0390 0.0479
vn 0.9961 0.0879 0.0089
vn 0.9966 0.0810 0.0115
vn 0.9982 -0.0255 -0.0535
vn 0.9999 -0.0150 -0.0014
vn 0.9806 -0.1962 -0.0000
vn 0.0096 -0.9715 0.2370
vn 0.0004 -1.0000 0.0001
vn 0.0007 -1.0000 0.0004
vn 0.0006 -1.0000 0.0003
vn -0.0000 -1.0000 0.0005
vn 0.0002 -1.0000 0.0006
vn 0.0001 -1.0000 0.0005
vn -0.0001 -1.0000 0.0002
vn 0.0002 -1.0000 -0.0000
vn 0.0001 -1.0000 -0.0000
vn -0.0000 -1.0000 0.0002
vn -0.0000 -1.0000 0.0001
vn 1.0000 -0.0009 -0.0003
vn 1.0000 -0.0000 0.0001
vn 1.0000 0.0023 0.0034
vn 1.0000 -0.0021 0.0006
vn 1.0000 0.0007 0.0004
vn -0.9960 0.0557 0.0706
vn -0.9988 0.0368 -0.0322
vn -0.9967 0.0745 0.0323
vn -0.9902 0.1053 -0.0915
vn -0.9998 -0.0179 -0.0032
vn -0.0155 -0.5167 -0.8560
vn -1.0000 0.0005 0.0004
vn -1.0000 -0.0017 -0.0001
vn -1.0000 -0.0010 0.0008
vn -1.0000 -0.0000 0.0002
vn -1.0000 0.0046 0.0026
vn -1.0000 0.0008 -0.0020
vn 1.0000 -0.0000 -0.0001
vn 1.0000 -0.0001 -0.0000
vn -1.0000 -0.0001 -0.0000
vn -1.0000 0.0001 -0.0000
vn -0.9987 0.0031 -0.0507
vn -0.9995 0.0075 -0.0295
vn 0.9992 -0.0000 -0.0388
vn 0.9995 0.0075 -0.0295
vn 0.1776 -0.1485 -0.9728
vn 0.9987 0.0031 0.0507
vn 0.9995 0.0075 0.0295
vn 0.0037 0.3971 -0.9178
vn 0.9934 0.1088 0.0355
vn 0.9948 0.0938 0.0387
vn 0.9923 0.1168 0.0418
vn -0.9990 -0.0436 -0.0136
vn 0.9811 0.1905 -0.0330
vn 0.9806 0.1961 -0.0000
vn 0.9925 0.1164 -0.0380
vn 0.9992 0.0036 -0.0388
vt 0.755757 0.020245
vt 0.742742 0.003180
vt 0.757772 0.018234
vt 0.893451 0.631914
vt 0.879218 0.575173
vt 0.893451 0.575173
vt 0.206938 0.765505
vt 0.150197 0.779739
vt 0.150197 0.765505
vt 0.877206 0.666548
vt 0.862973 0.594079
vt 0.877207 0.594079
vt 0.879218 0.424615
vt 0.893451 0.497084
vt 0.879218 0.497084
vt 0.206938 0.779739
vt 0.279407 0.765506
vt 0.279407 0.779739
vt 0.446774 0.606911
vt 0.462264 0.601001
vt 0.446777 0.608811
vt 0.131921 0.856649
vt 0.264786 0.842415
vt 0.264786 0.856649
vt 0.862973 0.768368
vt 0.877207 0.711627
vt 0.877207 0.768368
vt 0.893451 0.379536
vt 0.879218 0.379536
vt 0.893451 0.322795
vt 0.622891 0.020245
vt 0.635906 0.003180
vt 0.637921 0.005191
vt 0.862973 0.711627
vt 0.740727 0.002344
vt 0.637921 0.002344
vt 0.264786 0.871899
vt 0.131921 0.860511
vt 0.264786 0.860511
vt 0.696442 0.024107
vt 0.740727 0.005191
vt 0.710678 0.024107
vt 0.893451 0.502704
vt 0.879217 0.502704
vt 0.131921 0.827295
vt 0.264786 0.838683
vt 0.131921 0.838683
vt 0.755757 0.024107
vt 0.758604 0.020245
vt 0.769993 0.020245
vt 0.249757 0.886953
vt 0.131921 0.871899
vt 0.769993 0.038341
vt 0.758604 0.042073
vt 0.755757 0.042073
vt 0.359238 0.001701
vt 0.352210 0.007914
vt 0.352210 0.001701
vt 0.264786 0.827295
vt 0.146951 0.812110
vt 0.249757 0.812110
vt 0.534375 0.068595
vt 0.528518 0.053100
vt 0.536223 0.042950
vt 0.620413 0.133672
vt 0.606180 0.075033
vt 0.620413 0.075033
vt 0.067653 0.601154
vt 0.067653 0.598308
vt 0.068591 0.577633
vt 0.085807 0.325923
vt 0.095238 0.324951
vt 0.095410 0.327581
vt 0.486210 0.545404
vt 0.492927 0.572602
vt 0.481378 0.572623
vt 0.007722 0.545655
vt 0.017547 0.572821
vt 0.006628 0.572811
vt 0.472372 0.575618
vt 0.485660 0.573935
vt 0.481766 0.575738
vt 0.493488 0.575736
vt 0.497411 0.573892
vt 0.506781 0.575556
vt 0.471788 0.542422
vt 0.481726 0.544101
vt 0.471887 0.544261
vt 0.485683 0.542266
vt 0.493480 0.544089
vt 0.507331 0.542449
vt 0.507225 0.544282
vt 0.569384 0.008551
vt 0.567741 0.021826
vt 0.567528 0.007411
vt 0.569553 0.033556
vt 0.567086 0.033761
vt 0.569420 0.043517
vt 0.567581 0.043419
vt 0.569451 0.472379
vt 0.567758 0.481741
vt 0.567591 0.471233
vt 0.569576 0.481764
vt 0.567764 0.493494
vt 0.569397 0.507347
vt 0.567564 0.507239
vt 0.566440 0.497770
vt 0.539269 0.507582
vt 0.539252 0.492927
vt 0.566422 0.022393
vt 0.539221 0.029096
vt 0.539235 0.017550
vt 0.539195 0.044381
vt 0.566453 0.486224
vt 0.539237 0.481377
vt 0.497756 0.545412
vt 0.507582 0.572577
vt 0.471525 0.545386
vt 0.470425 0.572649
vt 0.022377 0.545631
vt 0.029094 0.572829
vt 0.033744 0.544960
vt 0.043779 0.572846
vt 0.008533 0.542676
vt 0.021809 0.544312
vt 0.007394 0.544532
vt 0.033538 0.542494
vt 0.042923 0.542614
vt 0.044071 0.544473
vt 0.535488 0.472520
vt 0.537922 0.485659
vt 0.536121 0.481764
vt 0.536117 0.493486
vt 0.537959 0.497410
vt 0.536290 0.506779
vt 0.536278 0.007962
vt 0.537910 0.021826
vt 0.536095 0.021834
vt 0.536098 0.033556
vt 0.537916 0.033579
vt 0.535467 0.042786
vt 0.007961 0.575783
vt 0.021824 0.574143
vt 0.021833 0.575959
vt 0.033555 0.575949
vt 0.033578 0.574131
vt 0.042799 0.576577
vt 0.822180 0.300525
vt 0.824078 0.135458
vt 0.824078 0.300412
vt 0.843990 0.320533
vt 0.842092 0.485600
vt 0.842092 0.320646
vt 0.812916 0.320646
vt 0.811018 0.485713
vt 0.811018 0.320533
vt 0.853254 0.300412
vt 0.855152 0.135345
vt 0.855152 0.300525
vt 0.841143 0.321702
vt 0.813865 0.484544
vt 0.813865 0.321702
vt 0.825027 0.299356
vt 0.852305 0.136514
vt 0.852305 0.299356
vt 0.525665 0.053095
vt 0.525643 0.067650
vt 0.513679 0.067636
vt 0.788370 0.332435
vt 0.788370 0.331496
vt 0.523957 0.490645
vt 0.270049 0.026085
vt 0.257741 0.051789
vt 0.248895 0.035200
vt 0.281917 0.048343
vt 0.267692 0.070451
vt 0.294719 0.072352
vt 0.277642 0.089114
vt 0.305320 0.092233
vt 0.289263 0.110908
vt 0.342299 0.158735
vt 0.312388 0.154277
vt 0.329326 0.137256
vt 0.301833 0.134482
vt 0.316536 0.113268
vt 0.404025 0.326138
vt 0.421726 0.310549
vt 0.427834 0.322003
vt 0.397766 0.314399
vt 0.415467 0.298810
vt 0.389859 0.299571
vt 0.410083 0.288713
vt 0.374746 0.271227
vt 0.400949 0.271581
vt 0.381071 0.283089
vt 0.729497 0.842120
vt 0.745350 0.842873
vt 0.743259 0.844605
vt 0.425783 0.366945
vt 0.460588 0.383431
vt 0.441695 0.396787
vt 0.390897 0.252730
vt 0.361886 0.247109
vt 0.376470 0.225672
vt 0.341665 0.209186
vt 0.360863 0.195655
vt 0.411356 0.339887
vt 0.440367 0.345508
vt 0.319499 0.170551
vt 0.270049 0.026085
vt 0.260453 0.056876
vt 0.271009 0.076672
vt 0.260453 0.056876
vt 0.342299 0.158735
vt 0.329326 0.137256
vt 0.391932 0.303458
vt 0.410321 0.289159
vt 0.385613 0.291607
vt 0.376079 0.273728
vt 0.376470 0.225672
vt 0.341665 0.209186
vt 0.360863 0.195655
vt 0.236532 0.012012
vt 0.256787 0.001212
vt 0.281917 0.048343
vt 0.294719 0.072352
vt 0.289263 0.110908
vt 0.566405 0.007739
vt 0.539250 0.006631
vt 0.328722 0.136123
vt 0.299120 0.129394
vt 0.315920 0.112114
vt 0.427507 0.321390
vt 0.419481 0.306337
vt 0.396000 0.311088
vt 0.410112 0.288766
vt 0.399777 0.269384
vt 0.387265 0.294706
vt 0.425783 0.366945
vt 0.460588 0.383431
vt 0.361886 0.247109
vt 0.036003 0.383727
vt 0.033662 0.388474
vt 0.029881 0.394095
vt 0.412058 0.341204
vt 0.440367 0.345508
vt 0.028461 0.031420
vt 0.053188 0.002076
vt 0.053187 0.031420
vt 0.065785 0.383526
vt 0.060691 0.378586
vt 0.070294 0.385310
vt 0.072960 0.243408
vt 0.066337 0.247745
vt 0.068906 0.241532
vt 0.236901 0.709187
vt 0.512774 0.771989
vt 0.149725 0.737691
vt 0.316536 0.113268
vt 0.288561 0.109591
vt 0.426174 0.318889
vt 0.402476 0.323234
vt 0.416640 0.301010
vt 0.394697 0.308645
vt 0.410321 0.289159
vt 0.395250 0.260894
vt 0.379124 0.279438
vt 0.366513 0.255786
vt 0.403027 0.275480
vt 0.388594 0.297199
vt 0.380472 0.233178
vt 0.426362 0.368030
vt 0.411356 0.339887
vt 0.139652 0.283022
vt 0.109644 0.287278
vt 0.109644 0.277701
vt 0.217674 0.287278
vt 0.187665 0.283609
vt 0.217674 0.277126
vt 0.139652 0.338204
vt 0.109644 0.338204
vt 0.187665 0.272380
vt 0.217674 0.268124
vt 0.139652 0.271793
vt 0.795984 0.075033
vt 0.781750 0.056195
vt 0.795984 0.056195
vt 0.799092 0.065141
vt 0.808396 0.002792
vt 0.862750 0.001484
vt 0.039295 0.435096
vt 0.052747 0.438918
vt 0.001614 0.445203
vt 0.063257 0.015004
vt 0.057045 0.045653
vt 0.057045 0.015004
vt 0.343953 0.645177
vt 0.386439 0.726942
vt 0.385531 0.645164
vt 0.819215 0.912251
vt 0.810364 0.916194
vt 0.802116 0.912981
vt 0.795683 0.913526
vt 0.786517 0.904857
vt 0.763916 0.866791
vt 0.757617 0.851367
vt 0.766704 0.867929
vt 0.755023 0.852168
vt 0.780957 0.902654
vt 0.776378 0.891085
vt 0.777584 0.857240
vt 0.790347 0.847807
vt 0.778838 0.860400
vt 0.772351 0.886038
vt 0.773893 0.877322
vt 0.772103 0.871119
vt 0.712613 0.847045
vt 0.712237 0.843981
vt 0.727227 0.840098
vt 0.424096 0.750766
vt 0.414360 0.753748
vt 0.415029 0.750766
vt 0.699981 0.858574
vt 0.692504 0.873225
vt 0.700866 0.853813
vt 0.801648 0.840578
vt 0.807164 0.842517
vt 0.694692 0.875392
vt 0.694562 0.892003
vt 0.816567 0.840330
vt 0.824029 0.845091
vt 0.795683 0.913526
vt 0.783941 0.902848
vt 0.798578 0.911692
vt 0.833177 0.848092
vt 0.837783 0.856068
vt 0.717003 0.911308
vt 0.722049 0.915335
vt 0.705293 0.906613
vt 0.844813 0.862738
vt 0.845001 0.871587
vt 0.730765 0.913793
vt 0.736969 0.915583
vt 0.847967 0.877322
vt 0.844754 0.885570
vt 0.747687 0.908848
vt 0.750847 0.910102
vt 0.843594 0.895127
vt 0.836670 0.901201
vt 0.763222 0.896575
vt 0.828348 0.911048
vt 0.765403 0.884326
vt 0.768322 0.881954
vt 0.608656 0.024107
vt 0.620044 0.020245
vt 0.082894 0.323617
vt 0.086651 0.323546
vt 0.090443 0.327707
vt 0.819769 0.876633
vt 0.722651 0.870894
vt 0.104888 0.311229
vt 0.102401 0.312532
vt 0.099413 0.304398
vt 0.039970 0.400474
vt 0.049094 0.403201
vt 0.049566 0.405640
vt 0.089810 0.302740
vt 0.084951 0.308503
vt 0.082520 0.307136
vt 0.063222 0.394201
vt 0.059675 0.388454
vt 0.060778 0.385795
vt 0.095279 0.324951
vt 0.098861 0.326435
vt 0.091845 0.304777
vt 0.043976 0.381956
vt 0.040773 0.389880
vt 0.038268 0.389793
vt 0.079882 0.315483
vt 0.041660 0.398602
vt 0.059603 0.401907
vt 0.060708 0.394410
vt 0.101669 0.320294
vt 0.104493 0.319733
vt 0.052541 0.380588
vt 0.047705 0.383344
vt 0.082467 0.316877
vt 0.057436 0.400615
vt 0.055507 0.384076
vt 0.249207 0.457207
vt 0.243584 0.425436
vt 0.251683 0.433133
vt 0.109644 0.001122
vt 0.217674 0.022728
vt 0.109644 0.022728
vt 0.139652 0.283609
vt 0.109644 0.277126
vt 0.217674 0.283640
vt 0.187665 0.287278
vt 0.187665 0.277701
vt 0.365502 0.408572
vt 0.409198 0.490235
vt 0.408403 0.408258
vt 0.217674 0.271149
vt 0.139652 0.272380
vt 0.109644 0.268124
vt 0.217674 0.031216
vt 0.041225 0.370712
vt 0.027525 0.380948
vt 0.001614 0.349177
vt 0.767757 0.871119
vt 0.766407 0.889063
vt 0.816099 0.913228
vt 0.810364 0.916194
vt 0.762276 0.857240
vt 0.809095 0.839719
vt 0.824029 0.845091
vt 0.807116 0.842470
vt 0.748749 0.844865
vt 0.775975 0.896265
vt 0.776621 0.891670
vt 0.775753 0.895850
vt 0.772103 0.884794
vt 0.730765 0.839719
vt 0.773893 0.878591
vt 0.772227 0.870497
vt 0.729497 0.842120
vt 0.716084 0.842387
vt 0.715831 0.845091
vt 0.701474 0.853118
vt 0.781893 0.855112
vt 0.791119 0.844919
vt 0.702077 0.856068
vt 0.692752 0.869875
vt 0.694859 0.871587
vt 0.692628 0.885416
vt 0.699982 0.897339
vt 0.698690 0.899727
vt 0.836319 0.850470
vt 0.837771 0.856135
vt 0.705239 0.903745
vt 0.697265 0.892256
vt 0.709415 0.910102
vt 0.712613 0.908868
vt 0.723293 0.915583
vt 0.844813 0.862738
vt 0.729497 0.913793
vt 0.737591 0.915459
vt 0.847966 0.877322
vt 0.743259 0.911308
vt 0.750847 0.910102
vt 0.839174 0.898393
vt 0.755023 0.903745
vt 0.759664 0.902498
vt 0.828347 0.911048
vt 0.829112 0.908106
vt 0.759963 0.902135
vt 0.761889 0.894931
vt 0.739755 0.874736
vt 0.799376 0.876942
vt 0.102603 0.307053
vt 0.101655 0.310034
vt 0.096551 0.305640
vt 0.059351 0.242746
vt 0.060600 0.234529
vt 0.062420 0.239159
vt 0.093573 0.302643
vt 0.039121 0.399394
vt 0.041655 0.398598
vt 0.046681 0.405139
vt 0.062504 0.396426
vt 0.060695 0.391271
vt 0.060778 0.385795
vt 0.044470 0.382080
vt 0.040346 0.390838
vt 0.037827 0.390968
vt 0.102700 0.323161
vt 0.566479 0.470939
vt 0.539218 0.471116
vt 0.082737 0.307406
vt 0.080189 0.317960
vt 0.049364 0.382797
vt 0.043779 0.385090
vt 0.084997 0.308482
vt 0.056504 0.404450
vt 0.059761 0.397343
vt 0.102269 0.318104
vt 0.105359 0.315186
vt 0.086651 0.323546
vt 0.057055 0.385510
vt 0.054030 0.380780
vt 0.028458 0.131917
vt 0.053185 0.208580
vt 0.028458 0.208580
vt 0.079253 0.107362
vt 0.058398 0.131420
vt 0.079252 0.132761
vt 0.022500 0.132164
vt 0.017535 0.132909
vt 0.002391 0.132638
vt 0.103975 0.228740
vt 0.079249 0.227746
vt 0.077269 0.013248
vt 0.103979 0.107092
vt 0.103982 0.012256
vt 0.028458 0.237924
vt 0.053185 0.237924
vt 0.740727 0.060105
vt 0.637921 0.057258
vt 0.740727 0.057258
vt 0.028461 0.002075
vt 0.058399 0.108580
vt 0.053185 0.131668
vt 0.028459 0.108207
vt 0.022500 0.107834
vt 0.002391 0.107238
vt 0.103979 0.132911
vt 0.346792 0.770618
vt 0.320567 0.732829
vt 0.327387 0.773844
vt 0.359238 0.075010
vt 0.352210 0.081223
vt 0.352210 0.075010
vt 0.063860 0.132910
vt 0.034972 0.385819
vt 0.032971 0.393966
vt 0.030213 0.389975
vt 0.622891 0.042073
vt 0.635898 0.059261
vt 0.620868 0.044076
vt 0.053185 0.108208
vt 0.309675 0.149190
vt 0.262404 0.096342
vt 0.252454 0.113232
vt 0.237564 0.103777
vt 0.060333 0.375039
vt 0.055646 0.372080
vt 0.065338 0.377127
vt 0.050588 0.372641
vt 0.047008 0.371935
vt 0.042549 0.374389
vt 0.037398 0.376420
vt 0.034459 0.380846
vt 0.030072 0.386872
vt 0.029787 0.399632
vt 0.035114 0.407395
vt 0.035042 0.409113
vt 0.044029 0.414555
vt 0.051334 0.414802
vt 0.054914 0.415508
vt 0.059373 0.413054
vt 0.062951 0.412337
vt 0.066131 0.408364
vt 0.069162 0.406332
vt 0.071134 0.399302
vt 0.072602 0.398407
vt 0.072134 0.387911
vt 0.068282 0.381700
vt 0.446614 0.475490
vt 0.440992 0.403133
vt 0.442241 0.410403
vt 0.391818 0.736786
vt 0.386256 0.750766
vt 0.385668 0.736786
vt 0.360530 0.305330
vt 0.351572 0.306485
vt 0.353605 0.303063
vt 0.326590 0.329432
vt 0.329819 0.326817
vt 0.330605 0.332944
vt 0.327747 0.335637
vt 0.334040 0.339950
vt 0.347238 0.303136
vt 0.341878 0.308384
vt 0.341840 0.350911
vt 0.342403 0.346973
vt 0.346552 0.352719
vt 0.354539 0.349418
vt 0.342229 0.304222
vt 0.337626 0.306555
vt 0.354641 0.353640
vt 0.337016 0.348429
vt 0.335019 0.313262
vt 0.332303 0.310821
vt 0.361143 0.351848
vt 0.328770 0.316367
vt 0.331270 0.319670
vt 0.365359 0.308968
vt 0.358534 0.308144
vt 0.378006 0.736786
vt 0.426487 0.736786
vt 0.425671 0.750766
vt 0.415837 0.736786
vt 0.374292 0.750766
vt 0.367367 0.736786
vt 0.479096 0.687568
vt 0.512827 0.584304
vt 0.399241 0.736786
vt 0.395098 0.750766
vt 0.030650 0.384904
vt 0.032264 0.384313
vt 0.816522 0.885828
vt 0.364943 0.750766
vt 0.361317 0.753748
vt 0.356032 0.750766
vt 0.349270 0.753748
vt 0.059853 0.263024
vt 0.061579 0.271416
vt 0.060643 0.277212
vt 0.440613 0.750766
vt 0.441645 0.753748
vt 0.434318 0.753748
vt 0.401142 0.750766
vt 0.396968 0.753748
vt 0.370828 0.753748
vt 0.063836 0.377219
vt 0.063571 0.375521
vt 0.070576 0.383794
vt 0.053695 0.371937
vt 0.052498 0.372847
vt 0.042833 0.373125
vt 0.040642 0.375511
vt 0.035570 0.377803
vt 0.043239 0.413340
vt 0.054471 0.411366
vt 0.031329 0.403551
vt 0.028822 0.393348
vt 0.032751 0.404040
vt 0.038351 0.411923
vt 0.039560 0.411456
vt 0.046276 0.415363
vt 0.047214 0.414470
vt 0.054914 0.415508
vt 0.057545 0.413559
vt 0.062951 0.412337
vt 0.067456 0.406558
vt 0.072785 0.396365
vt 0.071808 0.395230
vt 0.394566 0.736786
vt 0.389053 0.750766
vt 0.358559 0.304372
vt 0.355889 0.307159
vt 0.353605 0.303063
vt 0.326264 0.330203
vt 0.330238 0.324132
vt 0.330605 0.332944
vt 0.328079 0.337108
vt 0.342229 0.304222
vt 0.341878 0.308384
vt 0.350679 0.353330
vt 0.352905 0.349608
vt 0.358399 0.353183
vt 0.054471 0.411366
vt 0.360585 0.348364
vt 0.365397 0.350614
vt 0.328770 0.316367
vt 0.334117 0.314519
vt 0.746727 0.483791
vt 0.777801 0.335688
vt 0.778859 0.470562
vt 0.380210 0.750766
vt 0.378006 0.736786
vt 0.425063 0.736786
vt 0.415837 0.736786
vt 0.359055 0.750766
vt 0.356947 0.736786
vt 0.369561 0.750766
vt 0.068623 0.391231
vt 0.067678 0.400375
vt 0.349568 0.736786
vt 0.347675 0.750766
vt 0.345139 0.736786
vt 0.405331 0.736786
vt 0.402703 0.750766
vt 0.438672 0.736786
vt 0.433163 0.750766
vt 0.431170 0.736786
vt 0.378320 0.753748
vt 0.367827 0.753748
vt 0.408607 0.750766
vt 0.404052 0.753748
vt 0.354155 0.753748
vt 0.345345 0.753748
vt 0.390981 0.753748
vt 0.395098 0.750766
vt 0.438554 0.753748
vt 0.426381 0.753748
vt 0.059018 0.251920
vt 0.057113 0.252618
vt 0.065077 0.242605
vt 0.054955 0.262584
vt 0.056568 0.266051
vt 0.056776 0.272616
vt 0.064181 0.282708
vt 0.067629 0.283955
vt 0.077965 0.288781
vt 0.086370 0.287339
vt 0.092801 0.286174
vt 0.097222 0.281727
vt 0.103688 0.275763
vt 0.104893 0.269610
vt 0.107214 0.263464
vt 0.105400 0.257738
vt 0.105394 0.253431
vt 0.101527 0.248836
vt 0.099872 0.244859
vt 0.094541 0.242093
vt 0.091491 0.239052
vt 0.085507 0.238537
vt 0.079119 0.237153
vt 0.075799 0.238709
vt 0.025279 0.245099
vt 0.033824 0.248406
vt 0.027334 0.246853
vt 0.091142 0.281840
vt 0.096364 0.277772
vt 0.041616 0.249190
vt 0.046343 0.249143
vt 0.402715 0.075010
vt 0.396916 0.081223
vt 0.396916 0.075010
vt 0.040058 0.244773
vt 0.010241 0.211815
vt 0.014457 0.220195
vt 0.009520 0.220785
vt 0.053426 0.246567
vt 0.051766 0.242652
vt 0.068530 0.226768
vt 0.065029 0.220943
vt 0.408899 0.753748
vt 0.407255 0.750766
vt 0.273848 0.081998
vt 0.013324 0.233303
vt 0.018607 0.232926
vt 0.018722 0.240240
vt 0.069193 0.220232
vt 0.068750 0.215689
vt 0.026343 0.240752
vt 0.062235 0.209812
vt 0.066776 0.209291
vt 0.062490 0.202962
vt 0.058388 0.204399
vt 0.013785 0.201343
vt 0.016414 0.207308
vt 0.011672 0.206286
vt 0.060154 0.249568
vt 0.056431 0.254939
vt 0.062920 0.244236
vt 0.056598 0.258602
vt 0.055372 0.267690
vt 0.056769 0.268310
vt 0.059114 0.277175
vt 0.062382 0.279161
vt 0.066202 0.284505
vt 0.071971 0.286178
vt 0.075555 0.288565
vt 0.081525 0.287903
vt 0.085751 0.288737
vt 0.091012 0.285841
vt 0.095235 0.284994
vt 0.098989 0.280305
vt 0.102566 0.277907
vt 0.104239 0.272138
vt 0.106626 0.268553
vt 0.105964 0.262584
vt 0.106798 0.258358
vt 0.102531 0.250836
vt 0.103055 0.248873
vt 0.093824 0.240421
vt 0.092145 0.240975
vt 0.081525 0.236895
vt 0.080645 0.238145
vt 0.071492 0.238715
vt 0.045348 0.249091
vt 0.049083 0.247639
vt 0.054964 0.245472
vt 0.040058 0.244773
vt 0.010241 0.211815
vt 0.014457 0.220195
vt 0.009520 0.220785
vt 0.051766 0.242652
vt 0.369865 0.575688
vt 0.044855 0.573943
vt 0.446728 0.575585
vt 0.012652 0.230503
vt 0.018346 0.232528
vt 0.060337 0.241611
vt 0.063605 0.238360
vt 0.078994 0.284256
vt 0.012500 0.232209
vt 0.018608 0.240165
vt 0.025957 0.240477
vt 0.025313 0.245667
vt 0.066776 0.209291
vt 0.062235 0.209812
vt 0.062490 0.202962
vt 0.032949 0.248516
vt 0.013786 0.201343
vt 0.016414 0.207308
vt 0.011672 0.206286
vt 0.892235 0.094626
vt 0.833043 0.099092
vt 0.896700 0.035435
vt 0.315170 0.050989
vt 0.315170 0.031936
vt 0.330826 0.031936
vt 0.063257 0.002177
vt 0.057044 0.007976
vt 0.057044 0.002177
vt 0.402715 0.007914
vt 0.396916 0.001701
vt 0.402715 0.001701
vt 0.389887 0.007914
vt 0.389887 0.001701
vt 0.389887 0.081223
vt 0.022742 0.015004
vt 0.016530 0.045653
vt 0.016530 0.015004
vt 0.389887 0.075010
vt 0.359238 0.081223
vt 0.346411 0.081223
vt 0.346411 0.075010
vt 0.063257 0.045653
vt 0.068227 0.010034
vt 0.068227 0.050623
vt 0.011560 0.050623
vt 0.011560 0.010034
vt 0.063257 0.007976
vt 0.217674 0.487300
vt 0.109644 0.506831
vt 0.109644 0.487300
vt 0.063257 0.052682
vt 0.057045 0.052682
vt 0.057045 0.058480
vt 0.022742 0.002177
vt 0.016530 0.007976
vt 0.016530 0.002177
vt 0.022742 0.052682
vt 0.016530 0.058480
vt 0.022742 0.058480
vt 0.022742 0.007976
vt 0.396916 0.007914
vt 0.359238 0.007914
vt 0.346411 0.001701
vt 0.346411 0.007914
vt 0.402715 0.081223
vt 0.022742 0.045653
vt 0.063257 0.058480
vt 0.305627 0.659338
vt 0.317481 0.730623
vt 0.307614 0.679464
vt 0.016530 0.052682
vt 0.334554 0.050988
vt 0.342257 0.012884
vt 0.348470 0.012884
vt 0.306870 0.650459
vt 0.339973 0.726883
vt 0.341288 0.644958
vt 0.409084 0.490216
vt 0.411968 0.408384
vt 0.412428 0.490307
vt 0.343537 0.727029
vt 0.280813 0.468516
vt 0.320807 0.481714
vt 0.279752 0.475138
vt 0.429083 0.668837
vt 0.419878 0.724412
vt 0.412057 0.730594
vt 0.335609 0.359550
vt 0.336316 0.401771
vt 0.329033 0.400604
vt 0.323221 0.466645
vt 0.321867 0.475093
vt 0.311443 0.031936
vt 0.303739 0.012884
vt 0.297527 0.070040
vt 0.388195 0.644944
vt 0.389562 0.726868
vt 0.445475 0.484631
vt 0.426859 0.405614
vt 0.329731 0.485282
vt 0.349872 0.404486
vt 0.362379 0.408663
vt 0.422616 0.650422
vt 0.275750 0.483160
vt 0.322102 0.490586
vt 0.259400 0.675697
vt 0.299012 0.660438
vt 0.300415 0.668877
vt 0.362840 0.490586
vt 0.366297 0.490438
vt 0.451775 0.465923
vt 0.313494 0.776154
vt 0.313951 0.733929
vt 0.306674 0.735139
vt 0.328489 0.476153
vt 0.356619 0.362372
vt 0.362141 0.405908
vt 0.368497 0.364818
vt 0.447678 0.583362
vt 0.445779 0.577481
vt 0.462227 0.583329
vt 0.349533 0.406605
vt 0.257997 0.667258
vt 0.366183 0.490457
vt 0.320771 0.774944
vt 0.332303 0.310821
vt 0.019623 0.759737
vt 0.038830 0.743954
vt 0.019623 0.743954
vt 0.423865 0.659301
vt 0.252848 0.652643
vt 0.256108 0.702924
vt 0.046711 0.705428
vt 0.234396 0.705428
vt 0.742751 0.059261
vt 0.150160 0.763495
vt 0.130953 0.740196
vt 0.150160 0.740196
vt 0.131387 0.737691
vt 0.510082 0.583364
vt 0.044206 0.709187
vt 0.024999 0.679626
vt 0.024999 0.702924
vt 0.261485 0.743954
vt 0.242278 0.759737
vt 0.261485 0.759737
vt 0.236901 0.673363
vt 0.256108 0.679626
vt 0.044206 0.673363
vt 0.682206 0.024107
vt 0.667971 0.024107
vt 0.722435 0.266795
vt 0.708200 0.266795
vt 0.753279 0.210054
vt 0.693964 0.266795
vt 0.679728 0.266795
vt 0.648885 0.210054
vt 0.622891 0.038341
vt 0.620044 0.042073
vt 0.608656 0.042073
vt 0.503000 0.145445
vt 0.536247 0.092317
vt 0.536207 0.145459
vt 0.470561 0.573747
vt 0.507910 0.573700
vt 0.497375 0.542298
vt 0.423046 0.608839
vt 0.423007 0.575621
vt 0.528554 0.462213
vt 0.536313 0.446730
vt 0.051199 0.640003
vt 0.145456 0.608933
vt 0.169179 0.608931
vt 0.708200 0.210054
vt 0.620413 0.178980
vt 0.569557 0.021860
vt 0.569580 0.493460
vt 0.434568 0.750766
vt 0.434193 0.736786
vt 0.566456 0.044204
vt 0.044879 0.545584
vt 0.021842 0.542496
vt 0.538120 0.470464
vt 0.538145 0.507911
vt 0.538110 0.008081
vt 0.538095 0.044760
vt 0.008079 0.573950
vt 0.822180 0.135345
vt 0.843990 0.485713
vt 0.812916 0.485600
vt 0.853254 0.135458
vt 0.708200 0.076931
vt 0.722435 0.076931
vt 0.753279 0.133672
vt 0.679728 0.076931
vt 0.693964 0.076931
vt 0.648885 0.133672
vt 0.693964 0.133672
vt 0.781750 0.164746
vt 0.795984 0.133672
vt 0.781750 0.075033
vt 0.777802 0.483791
vt 0.778859 0.478008
vt 0.919443 0.137266
vt 0.888368 0.285370
vt 0.887310 0.150496
vt 0.746727 0.322455
vt 0.777801 0.322455
vt 0.778859 0.328242
vt 0.092313 0.575729
vt 0.092316 0.608936
vt 0.536294 0.369868
vt 0.503103 0.423021
vt 0.503079 0.369882
vt 0.504969 0.346161
vt 0.502999 0.250559
vt 0.534289 0.169175
vt 0.346160 0.607031
vt 0.250548 0.608945
vt 0.169181 0.577608
vt 0.888368 0.137266
vt 0.887310 0.143050
vt 0.919443 0.298603
vt 0.888368 0.298603
vt 0.887310 0.292816
vt 0.068590 0.575739
vt 0.042951 0.575818
vt 0.472536 0.576375
vt 0.536246 0.472369
vt 0.343219 0.351725
vt 0.536270 0.068595
vt 0.313041 0.712100
vt 0.471914 0.250566
vt 0.503056 0.051159
vt 0.392135 0.059034
vt 0.394857 0.070040
vt 0.388369 0.062125
vt 0.316677 0.310180
vt 0.238136 0.166703
vt 0.397958 0.265971
vt 0.404214 0.277705
vt 0.421488 0.245744
vt 0.391062 0.088092
vt 0.467997 0.188495
vt 0.799446 0.878252
vt 0.801866 0.884759
vt 0.236087 0.399048
vt 0.217674 0.355179
vt 0.242667 0.382692
vt 0.243142 0.258349
vt 0.339119 0.299237
vt 0.221983 0.198651
vt 0.349444 0.251708
vt 0.303493 0.309097
vt 0.446629 0.243927
vt 0.369648 0.094495
vt 0.346464 0.287744
vt 0.289526 0.302454
vt 0.109644 0.095709
vt 0.109644 0.031216
vt 0.389806 0.088215
vt 0.467997 0.188495
vt 0.432136 0.246853
vt 0.187665 0.338203
vt 0.711822 0.844202
vt 0.787959 0.846516
vt 0.877799 0.146303
vt 0.877799 0.147242
vt 0.510946 0.018696
vt 0.097640 0.343176
vt 0.089738 0.392182
vt 0.080161 0.377419
vt 0.760280 0.897339
vt 0.306748 0.397113
vt 0.283692 0.307165
vt 0.325704 0.445203
vt 0.727355 0.887992
vt 0.097743 0.306102
vt 0.217674 0.112684
vt 0.109644 0.208711
vt 0.109644 0.112684
vt 0.406929 0.736786
vt 0.187665 0.268124
vt 0.783140 0.905443
vt 0.776378 0.864828
vt 0.694983 0.884948
vt 0.823776 0.842387
vt 0.280931 0.305929
vt 0.307415 0.400311
vt 0.303593 0.386858
vt 0.720518 0.874295
vt 0.720259 0.881219
vt 0.800400 0.010788
vt 0.047111 0.403006
vt 0.090746 0.304839
vt 0.054044 0.402727
vt 0.017659 0.107089
vt 0.075530 0.041848
vt 0.063985 0.107091
vt 0.006117 0.041846
vt 0.887397 0.097784
vt 0.070052 0.435720
vt 0.078110 0.457207
vt 0.052747 0.438918
vt 0.006113 0.198152
vt 0.075526 0.198153
vt 0.003386 0.013247
vt 0.004375 0.226752
vt 0.334554 0.031936
vt 0.348470 0.070040
vt 0.362075 0.310335
vt 0.362995 0.306839
vt 0.139652 0.217198
vt 0.217674 0.208711
vt 0.355391 0.736786
vt 0.346285 0.750766
vt 0.346133 0.736786
vt 0.415029 0.750766
vt 0.347238 0.303136
vt 0.295312 0.073465
vt 0.536292 0.346141
vt 0.030359 0.398200
vt 0.071564 0.389243
vt 0.366959 0.309571
vt 0.326531 0.322980
vt 0.365541 0.350702
vt 0.366614 0.349257
vt 0.331258 0.342781
vt 0.363917 0.346878
vt 0.363199 0.311109
vt 0.421104 0.753748
vt 0.360393 0.026499
vt 0.385630 0.051028
vt 0.363286 0.056210
vt 0.381775 0.753748
vt 0.100701 0.254899
vt 0.050716 0.375731
vt 0.036987 0.405189
vt 0.040966 0.408680
vt 0.326531 0.322980
vt 0.350245 0.306348
vt 0.331617 0.343036
vt 0.364857 0.346391
vt 0.366876 0.309664
vt 0.440613 0.750766
vt 0.076663 0.287511
vt 0.066896 0.242582
vt 0.066887 0.232545
vt 0.065029 0.220943
vt 0.069137 0.224706
vt 0.440135 0.736786
vt 0.066119 0.233488
vt 0.251547 0.087780
vt 0.262728 0.102636
vt 0.249918 0.113712
vt 0.010605 0.227126
vt 0.093193 0.245579
vt 0.068847 0.217047
vt 0.040112 0.249668
vt 0.360393 0.026499
vt 0.385630 0.051028
vt 0.363692 0.056410
vt 0.351604 0.031952
vt 0.350190 0.036614
vt 0.406868 0.012884
vt 0.445386 0.070040
vt 0.406868 0.070040
vt 0.445386 0.012884
vt 0.472058 0.464153
vt 0.242278 0.743954
vt 0.342257 0.070040
vt 0.374563 0.016612
vt 0.379411 0.017089
vt 0.400656 0.070040
vt 0.397522 0.050972
vt 0.395225 0.055268
vt 0.330826 0.050988
vt 0.369896 0.608895
vt 0.464209 0.639882
vt 0.303739 0.070040
vt 0.311443 0.050988
vt 0.400656 0.012884
vt 0.399413 0.041462
vt 0.242278 0.763495
vt 0.353900 0.055268
vt 0.351604 0.050972
vt 0.394857 0.012884
vt 0.282166 0.460069
vt 0.330357 0.456016
vt 0.347458 0.406060
vt 0.365723 0.408534
vt 0.408623 0.408293
vt 0.335590 0.423349
vt 0.256897 0.660642
vt 0.297912 0.653822
vt 0.446755 0.244365
vt 0.458334 0.146797
vt 0.299155 0.644943
vt 0.346939 0.405923
vt 0.768368 0.881486
vt 0.349957 0.403956
vt 0.362362 0.405944
vt 0.430481 0.660397
vt 0.046711 0.707422
vt 0.024999 0.709187
vt 0.256108 0.709187
vt 0.001700 0.709186
vt 0.005458 0.709186
vt 0.606180 0.056195
vt 0.479096 0.687568
vt 0.275649 0.709187
vt 0.279407 0.709187
vt 0.259866 0.709187
vt 0.279407 0.702924
vt 0.021241 0.709187
vt 0.001701 0.702923
vt 0.130953 0.763495
vt 0.038830 0.759737
vt 0.038830 0.740196
vt 0.879218 0.631914
vt 0.862973 0.666548
vt 0.893451 0.424615
vt 0.447705 0.601023
vt 0.131921 0.842415
vt 0.879218 0.322795
vt 0.620876 0.018234
vt 0.769993 0.024107
vt 0.146951 0.886953
vt 0.755757 0.038341
vt 0.769993 0.042073
vt 0.534375 0.069545
vt 0.528492 0.067649
vt 0.532142 0.033618
vt 0.606180 0.133672
vt 0.069539 0.577632
vt 0.069540 0.607035
vt 0.068592 0.607036
vt 0.068593 0.608934
vt 0.051201 0.608932
vt 0.053112 0.583505
vt 0.053111 0.586352
vt 0.067652 0.583512
vt 0.053106 0.601152
vt 0.053107 0.598305
vt 0.067653 0.586357
vt 0.566424 0.508690
vt 0.508675 0.545421
vt 0.841143 0.484544
vt 0.825027 0.136514
vt 0.504942 0.069516
vt 0.513698 0.053077
vt 0.788371 0.473816
vt 0.778880 0.473816
vt 0.778880 0.335688
vt 0.778880 0.332435
vt 0.778880 0.331496
vt 0.503129 0.464135
vt 0.778880 0.474754
vt 0.788371 0.474754
vt 0.033650 0.579909
vt 0.018775 0.601093
vt 0.024681 0.588117
vt 0.510908 0.462228
vt 0.513754 0.462225
vt 0.525695 0.447672
vt 0.525707 0.462215
vt 0.513744 0.447679
vt 0.534418 0.446730
vt 0.528540 0.447673
vt 0.505017 0.445795
vt 0.534419 0.445782
vt 0.503118 0.446744
vt 0.505016 0.446744
vt 0.510899 0.447680
vt 0.054471 0.376077
vt 0.047201 0.376127
vt 0.034340 0.400606
vt 0.040766 0.378897
vt 0.032971 0.393966
vt 0.068653 0.396995
vt 0.068606 0.390212
vt 0.061356 0.255170
vt 0.084947 0.242144
vt 0.078994 0.241792
vt 0.800609 0.010240
vt 0.070052 0.435720
vt 0.013617 0.457207
vt 0.020027 0.407336
vt 0.026583 0.423656
vt 0.622891 0.024107
vt 0.608656 0.020245
vt 0.815196 0.869242
vt 0.817209 0.885018
vt 0.739744 0.881618
vt 0.740017 0.874689
vt 0.735598 0.869242
vt 0.721745 0.883915
vt 0.719747 0.877192
vt 0.728844 0.867639
vt 0.243206 0.463208
vt 0.243206 0.484814
vt 0.223675 0.484814
vt 0.217674 0.478813
vt 0.239785 0.386858
vt 0.235963 0.400311
vt 0.237395 0.413595
vt 0.281485 0.437670
vt 0.313700 0.457207
vt 0.264736 0.438055
vt 0.217674 0.001122
vt 0.109644 0.355179
vt 0.109644 0.478813
vt 0.103642 0.484814
vt 0.084112 0.484814
vt 0.084112 0.463208
vt 0.085693 0.422225
vt 0.091355 0.406073
vt 0.052053 0.304478
vt 0.061630 0.307165
vt 0.089738 0.392182
vt 0.043626 0.307165
vt 0.039295 0.435096
vt 0.028329 0.426417
vt 0.082929 0.379967
vt 0.071963 0.371288
vt 0.022360 0.416972
vt 0.019903 0.406073
vt 0.058510 0.367466
vt 0.021335 0.392789
vt 0.733793 0.868343
vt 0.731141 0.888294
vt 0.738155 0.884169
vt 0.819834 0.878967
vt 0.817754 0.871361
vt 0.810427 0.867839
vt 0.810025 0.888239
vt 0.801902 0.884355
vt 0.802249 0.870894
vt 0.637921 0.060105
vt 0.339531 0.729676
vt 0.320127 0.730183
vt 0.327827 0.776490
vt 0.347673 0.773190
vt 0.034340 0.400606
vt 0.045714 0.376423
vt 0.239097 0.093241
vt 0.245797 0.088001
vt 0.255636 0.088998
vt 0.261175 0.106458
vt 0.243743 0.112042
vt 0.453223 0.474355
vt 0.479333 0.668808
vt 0.072960 0.282640
vt 0.069289 0.245370
vt 0.063273 0.251465
vt 0.066337 0.278303
vt 0.060669 0.256831
vt 0.040966 0.408680
vt 0.064935 0.405190
vt 0.060691 0.408857
vt 0.047697 0.411415
vt 0.066058 0.403508
vt 0.047697 0.411415
vt 0.065785 0.383526
vt 0.100701 0.271149
vt 0.085506 0.283793
vt 0.346148 0.575728
vt 0.169180 0.575707
vt 0.145453 0.575717
vt 0.100701 0.271149
vt 0.095172 0.278668
vt 0.085506 0.283793
vt 0.066337 0.278303
vt 0.072960 0.282640
vt 0.896700 0.086360
vt 0.883969 0.099092
vt 0.217674 0.506831
vt 0.310865 0.731723
vt 0.309655 0.724446
vt 0.308629 0.718272
vt 0.301442 0.675052
vt 0.418673 0.731689
vt 0.342893 0.360717
vt 0.297527 0.012884
vt 0.409410 0.730155
vt 0.369804 0.362311
vt 0.368718 0.364853
vt 0.447680 0.586211
vt 0.446729 0.577481
vt 0.757781 0.044076
vt 0.256108 0.673363
vt 0.024999 0.673362
vt 0.130952 0.642354
vt 0.150159 0.642354
vt 0.682206 0.038341
vt 0.696442 0.038341
vt 0.710678 0.038341
vt 0.667971 0.038341
vt 0.608656 0.038341
vt 0.503028 0.092295
vt 0.532160 0.481672
vt 0.250542 0.640016
vt 0.767515 0.210054
vt 0.693964 0.210054
vt 0.634649 0.210054
vt 0.634649 0.266795
vt 0.634649 0.281031
vt 0.620413 0.268694
vt 0.620413 0.210054
vt 0.781750 0.178980
vt 0.781750 0.210054
vt 0.781750 0.268694
vt 0.767515 0.281031
vt 0.767515 0.266795
vt 0.634649 0.062695
vt 0.634649 0.076931
vt 0.620413 0.164746
vt 0.767515 0.062695
vt 0.781750 0.133672
vt 0.634649 0.133672
vt 0.708200 0.076931
vt 0.708200 0.133672
vt 0.767515 0.133672
vt 0.767515 0.076931
vt 0.536310 0.423007
vt 0.536179 0.169176
vt 0.534391 0.346141
vt 0.534392 0.347091
vt 0.504969 0.347110
vt 0.504876 0.168232
vt 0.534289 0.168226
vt 0.502986 0.169176
vt 0.504877 0.169180
vt 0.503068 0.346160
vt 0.503013 0.264792
vt 0.346150 0.577618
vt 0.347099 0.577617
vt 0.347109 0.607030
vt 0.346166 0.608921
vt 0.264782 0.608951
vt 0.168228 0.607031
vt 0.168232 0.577608
vt 0.169177 0.607031
vt 0.471962 0.051147
vt 0.503043 0.068563
vt 0.384073 0.064421
vt 0.349444 0.251708
vt 0.349197 0.278953
vt 0.344852 0.291541
vt 0.332273 0.304917
vt 0.289526 0.302454
vt 0.265317 0.283776
vt 0.224057 0.222773
vt 0.221038 0.204339
vt 0.226265 0.184011
vt 0.259406 0.154456
vt 0.285506 0.151537
vt 0.306565 0.158735
vt 0.344156 0.222709
vt 0.463958 0.227313
vt 0.456108 0.237961
vt 0.447223 0.244176
vt 0.434649 0.246999
vt 0.408078 0.239241
vt 0.383869 0.220564
vt 0.340746 0.134172
vt 0.351567 0.109718
vt 0.417529 0.092075
vt 0.437630 0.106748
vt 0.467843 0.215052
vt 0.808454 0.867623
vt 0.809062 0.888072
vt 0.221983 0.198651
vt 0.229181 0.177593
vt 0.348428 0.281665
vt 0.328670 0.307388
vt 0.259406 0.154456
vt 0.279819 0.150592
vt 0.301316 0.156351
vt 0.344156 0.222709
vt 0.348428 0.281665
vt 0.336503 0.301538
vt 0.320366 0.309538
vt 0.288271 0.301648
vt 0.264431 0.282923
vt 0.391062 0.088092
vt 0.437630 0.106748
vt 0.458334 0.146797
vt 0.467750 0.215740
vt 0.461334 0.231285
vt 0.425304 0.246303
vt 0.408078 0.239241
vt 0.340956 0.132904
vt 0.352398 0.108708
vt 0.233015 0.172931
vt 0.258016 0.155000
vt 0.349612 0.261525
vt 0.334555 0.303551
vt 0.323108 0.309221
vt 0.306751 0.309516
vt 0.265317 0.283776
vt 0.217674 0.095709
vt 0.416115 0.243777
vt 0.390312 0.226108
vt 0.340746 0.134172
vt 0.351567 0.109718
vt 0.466981 0.218452
vt 0.457672 0.236024
vt 0.447223 0.244176
vt 0.887289 0.146303
vt 0.887289 0.147242
vt 0.887289 0.285370
vt 0.887289 0.288623
vt 0.877799 0.288623
vt 0.877799 0.289562
vt 0.887289 0.289562
vt 0.464181 0.608788
vt 0.462259 0.598148
vt 0.447700 0.598174
vt 0.445824 0.606913
vt 0.462234 0.586181
vt 0.481705 0.579694
vt 0.490701 0.587898
vt 0.523933 0.024626
vt 0.510845 0.053073
vt 0.510830 0.067633
vt 0.504942 0.068567
vt 0.052628 0.304478
vt 0.021151 0.393396
vt 0.027524 0.380948
vt 0.038176 0.371886
vt 0.051485 0.367590
vt 0.065425 0.368714
vt 0.237211 0.412988
vt 0.243584 0.425436
vt 0.325704 0.349177
vt 0.265687 0.307165
vt 0.275264 0.304478
vt 0.255355 0.371288
vt 0.257266 0.435720
vt 0.271689 0.439202
vt 0.272610 0.367672
vt 0.284431 0.436361
vt 0.291454 0.373644
vt 0.301630 0.383186
vt 0.298988 0.426417
vt 0.305798 0.414202
vt 0.734339 0.887343
vt 0.248464 0.375892
vt 0.269007 0.305679
vt 0.293933 0.431296
vt 0.261286 0.368899
vt 0.304217 0.417615
vt 0.275832 0.367590
vt 0.292188 0.374170
vt 0.724404 0.886523
vt 0.725923 0.868569
vt 0.807848 0.003001
vt 0.895184 0.090336
vt 0.187665 0.217198
vt 0.355383 0.047162
vt 0.354575 0.035149
vt 0.371765 0.022580
vt 0.384973 0.028882
vt 0.389870 0.040052
vt 0.373507 0.058224
vt 0.102317 0.262725
vt 0.091142 0.244208
vt 0.096364 0.248276
vt 0.058647 0.377625
vt 0.241515 0.110131
vt 0.237215 0.098840
vt 0.241842 0.090115
vt 0.260740 0.093241
vt 0.257450 0.111058
vt 0.076574 0.242273
vt 0.101963 0.260553
vt 0.084947 0.242144
vt 0.098739 0.251228
vt 0.355383 0.047162
vt 0.354575 0.035149
vt 0.371765 0.022580
vt 0.384973 0.028882
vt 0.389870 0.040052
vt 0.373962 0.058191
vt 0.379411 0.065835
vt 0.354268 0.070040
vt 0.354268 0.012884
vt 0.374563 0.066313
vt 0.398936 0.046310
vt 0.369715 0.065835
vt 0.398936 0.036614
vt 0.397522 0.031952
vt 0.395225 0.027656
vt 0.392135 0.023890
vt 0.388369 0.020800
vt 0.384073 0.018503
vt 0.365053 0.064421
vt 0.360757 0.062125
vt 0.369715 0.017089
vt 0.356991 0.059034
vt 0.365053 0.018503
vt 0.360757 0.020800
vt 0.350190 0.046310
vt 0.356991 0.023890
vt 0.353900 0.027656
vt 0.349712 0.041462
vt 0.451599 0.012884
vt 0.451599 0.070040
vt 0.471942 0.264814
vt 0.242278 0.740196
vt 0.264791 0.640036
vt 0.331141 0.417203
vt 0.332131 0.411022
vt 0.333298 0.403738
vt 0.324211 0.460465
vt 0.427777 0.246387
vt 0.620413 0.056195
vt 0.038830 0.763495
s 1
usemtl Bogie
f 113/1/1 102/2/1 105/3/1
f 72/4/2 74/5/2 73/6/2
f 75/7/3 68/8/3 67/9/3
f 92/10/4 79/11/4 77/12/4
f 87/13/5 78/14/5 80/15/5
f 76/16/6 86/17/6 85/18/6
f 22/19/7 21/20/7 4/21/7
f 66/22/7 71/23/7 70/24/7
f 79/25/3 83/26/3 77/27/3
f 84/28/7 87/13/7 82/29/7
f 82/29/2 78/30/2 84/28/2
f 115/31/8 101/32/8 93/33/8
f 81/34/7 92/10/7 83/26/7
f 102/35/9 93/33/9 101/36/9
f 105/37/9 98/38/9 97/39/9
f 77/40/10 95/41/10 89/42/10
f 90/43/11 74/5/11 89/44/11
f 106/45/12 100/46/12 99/47/12
f 69/48/3 105/49/3 97/50/3
f 102/51/7 107/52/7 105/37/7
f 71/53/3 108/54/3 114/55/3
f 1038/56/13 1036/57/13 1034/58/13
f 108/59/7 103/60/7 104/61/7
f 48/62/7 38/63/7 166/64/7
f 110/65/3 62/66/3 61/67/3
f 261/68/7 260/69/7 264/70/7
f 639/71/14 658/72/15 641/73/16
f 140/74/17 137/75/18 136/76/19
f 212/77/20 206/78/21 205/79/22
f 119/80/23 129/81/24 120/82/25
f 120/82/26 129/81/26 121/83/26
f 128/84/27 122/85/28 121/83/29
f 126/86/30 132/87/31 131/88/32
f 125/89/33 133/90/33 132/87/33
f 133/90/34 123/91/35 134/92/36
f 146/93/37 172/94/38 173/95/39
f 172/94/38 144/96/40 195/97/41
f 195/97/41 143/98/42 171/99/43
f 150/100/44 180/101/45 181/102/46
f 149/103/47 179/104/48 180/101/45
f 179/104/48 147/105/49 178/106/50
f 203/107/51 200/108/52 199/109/53
f 194/110/54 191/111/55 190/112/56
f 195/97/57 192/113/58 191/111/55
f 202/114/59 199/109/53 198/115/60
f 141/116/61 138/117/62 137/75/18
f 139/118/63 136/76/19 135/119/64
f 211/120/65 207/121/66 206/78/21
f 210/122/67 208/123/68 207/121/66
f 154/124/69 187/125/70 186/126/71
f 187/125/70 152/127/72 210/122/73
f 210/122/73 151/128/74 188/129/75
f 159/130/76 176/131/77 160/132/78
f 160/132/79 176/131/79 161/133/79
f 175/134/80 162/135/81 161/133/82
f 163/136/83 169/137/84 164/138/85
f 169/137/84 165/139/86 164/138/85
f 168/140/87 166/141/88 165/139/86
f 155/142/89 184/143/90 156/144/91
f 184/143/90 157/145/92 156/144/91
f 183/146/93 158/147/94 157/145/92
f 123/148/35 173/149/39 134/150/36
f 143/98/42 181/102/46 171/99/43
f 147/151/49 186/152/71 178/153/50
f 188/129/75 126/86/30 131/88/32
f 174/154/95 155/155/89 162/156/81
f 127/157/96 163/158/83 122/159/28
f 204/160/97 205/161/22 200/162/52
f 142/163/98 189/164/99 138/165/62
f 39/166/7 43/167/7 44/168/7
f 274/169/7 275/170/7 161/171/7
f 294/172/100 287/173/101 286/174/102
f 287/173/101 296/175/103 288/176/104
f 295/177/105 289/178/106 288/176/104
f 289/178/106 285/179/107 291/180/108
f 332/181/109 328/182/110 333/183/111
f 292/184/112 299/185/113 298/183/111
f 291/180/108 285/179/107 299/185/113
f 301/186/114 306/187/115 305/188/116
f 300/189/117 307/190/118 306/187/115
f 304/191/119 308/192/120 307/190/118
f 302/193/121 309/194/122 303/195/123
f 461/196/124 496/197/125 459/198/126
f 347/199/127 351/200/128 348/201/129
f 317/202/130 302/193/121 314/203/131
f 387/204/132 382/205/133 388/206/134
f 310/207/135 305/188/116 316/208/136
f 393/209/137 420/206/138 414/205/139
f 365/210/140 358/211/141 357/174/142
f 331/175/143 323/212/144 322/213/145
f 330/177/146 324/178/147 323/212/144
f 324/178/147 320/179/107 326/180/108
f 400/214/148 396/182/149 401/215/150
f 327/184/112 334/185/113 333/183/111
f 326/180/108 320/179/107 334/185/113
f 337/186/114 341/187/115 340/188/116
f 336/189/151 342/190/152 341/187/115
f 335/216/153 343/217/154 342/190/152
f 343/217/154 335/216/153 339/218/155
f 311/199/127 315/200/128 312/201/129
f 353/202/156 338/219/157 350/203/158
f 354/220/159 349/221/160 355/222/161
f 346/207/135 340/188/116 352/208/136
f 397/210/140 413/223/162 416/224/163
f 290/209/164 319/222/161 313/221/160
f 397/210/140 391/211/165 390/174/142
f 367/225/166 359/212/167 358/211/141
f 366/226/168 360/178/169 359/212/167
f 360/178/169 356/179/170 362/227/171
f 193/228/172 190/112/56 189/229/99
f 369/230/173 363/231/174 370/232/175
f 362/227/171 356/179/170 370/232/175
f 376/233/176 373/186/177 377/234/178
f 377/234/178 372/235/179 375/236/180
f 374/219/181 378/237/182 371/238/183
f 412/239/184 416/240/163 413/201/162
f 386/202/185 374/219/181 383/241/186
f 855/242/187 856/243/188 833/244/189
f 379/245/190 376/233/176 385/246/191
f 329/172/192 348/223/129 351/224/128
f 679/247/193 676/248/194 680/249/195
f 850/250/196 851/251/197 848/252/198
f 998/253/199 999/254/200 980/255/201
f 1632/256/202 1629/257/203 1616/258/204
f 395/184/205 402/259/206 401/215/150
f 394/260/207 389/179/208 402/259/206
f 407/261/209 405/262/210 408/263/211
f 404/264/212 409/265/213 408/263/211
f 418/266/214 406/267/215 415/268/216
f 406/267/215 410/269/217 403/270/218
f 419/271/219 415/268/216 414/205/139
f 380/272/220 384/240/221 381/201/222
f 411/273/223 407/261/209 417/246/224
f 294/172/100 312/223/129 315/224/128
f 361/209/225 388/206/134 382/205/133
f 439/274/226 438/275/227 441/276/228
f 435/277/229 434/278/230 440/279/231
f 558/275/232 551/280/233 667/281/234
f 440/279/231 442/282/235 437/283/236
f 439/274/226 441/276/228 443/284/237
f 64/285/238 65/286/238 66/287/238
f 430/288/2 443/289/2 433/290/2
f 492/291/3 489/292/3 424/293/3
f 1049/294/12 1052/295/12 1051/296/12
f 1466/297/239 1459/298/240 1465/299/241
f 478/300/242 489/301/242 454/302/242
f 454/302/243 492/303/243 455/304/243
f 456/305/244 499/306/245 497/307/246
f 457/308/247 496/197/125 499/306/245
f 455/304/248 491/309/248 458/310/248
f 481/311/249 464/312/250 462/313/251
f 458/310/252 485/314/252 460/315/252
f 460/315/253 484/316/253 462/313/253
f 463/317/254 494/318/255 495/319/256
f 881/320/257 892/321/258 882/322/259
f 465/323/260 501/324/261 500/325/262
f 464/312/250 480/326/263 466/327/264
f 467/328/265 502/329/266 501/324/267
f 466/327/268 483/330/268 468/331/268
f 617/332/269 577/333/270 575/334/271
f 468/331/272 486/335/272 470/336/272
f 473/337/273 503/338/273 504/339/273
f 470/336/274 487/340/274 472/341/274
f 475/342/275 505/343/275 503/338/275
f 472/341/276 488/344/276 474/345/276
f 477/346/277 506/347/277 505/343/277
f 474/345/278 493/348/278 476/349/278
f 477/346/279 507/350/280 506/347/281
f 476/349/282 490/351/282 478/300/282
f 453/352/283 498/353/284 507/350/285
f 66/354/2 107/355/2 115/31/2
f 513/356/286 530/357/286 515/358/286
f 520/359/3 470/336/3 478/300/3
f 459/198/2 515/360/2 465/323/2
f 521/361/287 537/362/288 523/363/289
f 522/364/290 536/365/291 520/366/292
f 508/367/293 525/368/294 509/369/295
f 516/370/296 531/371/297 514/372/298
f 515/358/299 533/373/299 517/374/299
f 523/363/300 540/375/301 508/367/302
f 510/376/303 526/377/304 524/378/305
f 509/369/306 525/368/307 512/379/308
f 524/378/309 539/380/310 522/364/311
f 518/381/312 532/382/313 516/370/314
f 517/374/315 535/383/316 519/384/317
f 511/385/318 528/386/318 510/376/318
f 512/379/319 527/387/320 513/356/321
f 520/366/322 534/388/323 518/381/324
f 519/384/325 537/362/326 521/361/327
f 514/372/328 529/389/329 511/385/330
f 569/390/3 632/391/3 633/392/3
f 565/393/7 570/394/7 567/395/7
f 559/396/331 558/275/232 562/397/332
f 561/398/333 555/399/334 563/400/335
f 1462/401/336 1461/402/337 1464/403/338
f 561/398/333 563/400/335 557/404/339
f 564/405/340 562/397/332 556/406/341
f 448/407/13 446/395/13 449/394/13
f 604/408/2 607/409/2 549/410/2
f 574/352/342 623/411/342 624/412/342
f 603/413/343 614/414/343 575/334/343
f 576/305/344 622/415/344 623/411/344
f 605/416/345 590/417/346 588/418/347
f 578/308/348 621/419/348 622/415/348
f 577/333/270 610/420/349 579/421/350
f 579/421/350 610/422/349 609/423/351
f 580/198/352 620/424/353 621/419/354
f 581/425/355 609/423/355 608/426/355
f 582/427/356 619/428/357 620/424/353
f 584/429/358 626/430/359 619/428/357
f 585/431/360 604/432/361 586/312/362
f 587/433/363 625/434/364 626/430/365
f 586/312/362 604/432/361 588/418/366
f 589/435/367 627/436/368 625/434/364
f 308/192/120 303/195/123 309/194/122
f 627/436/368 593/437/369 628/438/370
f 590/417/346 611/439/371 592/440/372
f 471/441/373 502/329/266 469/442/374
f 630/443/375 595/444/376 629/445/377
f 592/440/378 612/446/378 594/341/378
f 629/445/379 597/447/379 631/448/379
f 594/341/380 613/449/380 596/345/380
f 599/450/381 632/451/381 631/448/381
f 596/345/382 618/348/382 598/452/382
f 601/453/383 633/454/384 632/451/385
f 598/452/386 615/455/387 600/456/388
f 633/457/384 602/458/389 624/412/390
f 600/456/388 615/455/387 603/413/391
f 635/459/3 578/308/3 601/453/3
f 579/421/2 586/312/2 636/460/2
f 646/461/392 662/462/392 664/463/392
f 941/464/393 943/465/394 942/466/395
f 646/461/396 664/463/396 649/467/396
f 647/468/397 663/469/398 644/470/399
f 640/471/400 656/472/400 638/473/400
f 634/474/401 665/475/402 648/476/403
f 641/73/404 658/72/405 642/477/406
f 201/478/407 198/115/60 197/479/408
f 635/480/409 653/387/410 637/481/411
f 634/474/412 652/482/412 651/483/412
f 649/467/413 650/484/414 635/480/415
f 643/485/416 657/486/417 640/471/418
f 642/477/419 660/487/419 645/488/419
f 637/481/420 655/489/421 639/71/422
f 645/488/423 660/487/424 662/462/425
f 638/473/426 654/490/426 636/491/426
f 732/492/427 737/493/428 738/494/429
f 688/495/430 706/496/431 690/497/432
f 687/498/433 672/499/433 671/500/433
f 694/501/434 690/497/435 693/502/436
f 696/503/437 689/504/438 695/505/439
f 697/493/440 692/492/441 698/494/442
f 697/493/443 694/506/444 693/507/445
f 104/508/12 94/509/12 96/510/12
f 569/407/446 567/395/446 570/394/446
f 699/247/447 696/248/448 695/511/449
f 704/512/450 703/513/451 706/496/452
f 703/513/453 702/514/454 692/492/455
f 707/498/456 702/514/457 705/515/458
f 691/500/459 705/515/460 689/516/461
f 708/495/459 726/496/460 710/497/461
f 692/499/462 707/498/462 691/500/462
f 734/501/463 730/497/464 731/517/465
f 716/503/434 709/504/435 715/505/436
f 717/493/447 714/506/448 713/507/449
f 1459/518/7 1431/519/7 1445/520/7
f 719/247/443 716/248/444 715/511/445
f 1029/521/446 1027/522/446 1025/523/446
f 724/512/466 723/513/467 726/496/468
f 723/513/469 722/514/470 712/492/471
f 727/498/472 722/514/473 725/515/474
f 711/500/430 725/515/431 709/516/432
f 706/496/475 703/524/475 690/497/475
f 746/496/476 728/495/477 730/497/478
f 712/499/479 727/498/479 711/500/479
f 676/503/463 669/504/464 668/495/465
f 736/503/480 729/504/481 728/495/482
f 783/525/483 784/526/484 758/527/485
f 116/528/486 103/529/486 106/530/486
f 739/247/487 736/248/488 740/249/489
f 744/512/490 743/513/491 741/531/492
f 742/514/493 743/513/494 732/492/495
f 747/498/496 742/514/497 732/492/498
f 745/515/499 731/500/500 729/516/501
f 726/496/502 723/524/502 710/497/502
f 685/515/476 671/500/477 669/516/478
f 747/498/503 732/499/503 731/500/503
f 184/143/504 206/78/505 207/121/504
f 714/501/437 710/497/438 713/502/439
f 368/214/506 364/532/507 369/230/173
f 717/493/508 712/492/509 718/494/429
f 674/506/488 677/493/487 673/507/510
f 648/476/511 663/469/512 647/468/513
f 734/506/194 737/493/193 733/507/514
f 890/533/515 888/534/516 894/535/517
f 751/536/518 750/537/518 748/538/518
f 753/539/519 752/540/519 750/537/519
f 755/541/520 754/542/520 752/540/520
f 757/543/521 756/544/521 754/542/521
f 758/527/522 759/545/523 756/544/524
f 762/546/525 761/547/525 759/545/525
f 762/546/526 763/548/527 761/547/528
f 766/549/529 765/550/529 763/548/529
f 768/551/530 767/552/530 765/550/530
f 770/553/531 769/554/531 767/552/531
f 772/555/532 771/556/532 769/554/532
f 772/555/533 773/557/534 771/556/535
f 749/558/536 748/538/536 773/557/536
f 1564/559/537 1556/560/538 1557/561/3
f 801/562/539 814/563/540 802/564/541
f 783/565/542 797/566/543 784/567/544
f 790/568/545 801/569/546 802/570/547
f 791/571/548 802/570/547 803/572/549
f 785/573/550 797/566/543 798/574/551
f 778/575/552 793/576/553 779/577/554
f 779/577/554 793/576/553 794/578/555
f 786/579/556 798/574/551 787/580/557
f 779/577/554 794/578/555 780/581/558
f 777/582/559 803/572/549 793/576/553
f 787/580/557 799/583/560 776/584/561
f 780/581/558 794/578/555 781/585/562
f 788/586/563 799/583/560 800/587/564
f 782/588/565 796/589/566 783/565/542
f 802/564/541 814/563/540 803/590/567
f 797/591/568 809/592/569 798/593/570
f 593/437/369 630/443/375 628/438/370
f 803/590/567 804/594/571 793/595/572
f 1587/596/573 1598/597/574 1600/257/575
f 800/598/576 813/599/577 801/562/539
f 833/244/578 830/600/579 831/601/580
f 594/341/2 598/452/2 647/602/2
f 805/603/581 816/604/582 806/605/583
f 806/605/583 816/604/582 817/606/584
f 928/607/585 929/608/586 902/609/587
f 807/610/588 817/611/589 818/612/590
f 812/613/591 821/614/592 813/599/593
f 813/599/593 821/614/592 814/563/594
f 805/603/581 815/615/595 816/604/582
f 824/616/596 823/617/596 847/618/596
f 824/616/597 825/619/598 823/617/599
f 826/620/600 827/621/600 825/619/600
f 829/622/601 828/623/601 827/621/601
f 831/601/602 830/600/602 828/623/602
f 764/624/603 788/625/604 768/551/605
f 833/244/578 834/626/606 832/627/607
f 835/628/608 836/629/609 834/626/610
f 837/630/611 838/631/612 836/629/609
f 839/632/613 840/633/614 838/631/612
f 842/634/615 841/635/615 840/633/615
f 844/636/616 843/554/616 841/635/616
f 844/636/617 845/637/618 843/554/619
f 846/638/620 847/618/621 845/637/622
f 874/639/623 886/640/624 875/564/625
f 856/641/626 870/642/627 857/643/628
f 863/644/629 874/645/630 875/646/631
f 864/647/632 875/646/631 876/572/633
f 318/220/159 313/221/160 319/222/161
f 859/648/634 872/649/635 860/580/636
f 850/582/637 876/572/633 866/576/638
f 852/650/639 867/651/640 853/652/641
f 844/636/642 839/632/643 861/653/644
f 853/652/641 868/654/645 854/655/646
f 861/656/647 873/657/648 874/645/630
f 58/658/649 217/659/650 276/660/651
f 875/564/625 887/661/652 876/662/653
f 871/663/654 881/320/655 872/664/656
f 866/595/657 878/665/658 867/666/659
f 876/662/653 877/667/660 866/595/661
f 792/668/662 772/555/663 791/669/664
f 868/670/665 879/671/666 869/672/667
f 873/673/668 884/674/669 874/639/623
f 869/675/667 880/676/670 870/677/671
f 877/667/672 895/678/673 888/679/674
f 883/680/675 892/321/258 893/681/676
f 883/680/675 893/681/676 884/674/677
f 879/671/678 889/682/679 890/683/680
f 884/674/677 894/684/681 885/685/682
f 880/676/683 890/686/680 891/687/684
f 885/685/682 894/684/681 886/640/685
f 886/640/685 894/684/681 887/661/686
f 877/667/672 888/679/674 878/665/687
f 897/688/596 896/689/596 921/690/596
f 897/688/688 898/691/689 896/689/690
f 900/692/691 899/693/691 898/691/691
f 902/609/692 901/694/692 899/693/692
f 903/695/693 904/696/694 901/694/695
f 907/697/696 906/698/696 904/696/696
f 909/699/697 908/700/697 906/698/697
f 911/701/698 910/702/698 908/700/698
f 913/703/699 912/704/699 910/702/699
f 915/705/700 914/706/700 912/704/700
f 917/707/701 916/708/701 914/706/701
f 919/709/702 918/710/702 916/708/702
f 920/711/703 921/690/704 918/710/705
f 923/712/706 937/713/707 924/714/708
f 934/715/709 935/716/710 907/697/711
f 938/717/712 939/718/712 937/713/712
f 1020/719/12 1028/720/12 1026/721/12
f 938/717/713 950/722/714 939/718/715
f 932/723/716 947/724/717 933/725/718
f 940/726/719 950/722/714 951/727/720
f 926/728/721 943/465/394 944/729/722
f 820/730/723 812/613/591 811/731/724
f 399/225/725 392/732/726 391/211/165
f 935/733/727 948/734/728 936/735/729
f 927/736/730 944/729/722 928/737/731
f 936/735/729 948/734/728 949/738/732
f 928/737/731 945/739/733 929/740/734
f 936/735/729 949/738/732 923/712/706
f 929/740/734 945/739/733 930/741/735
f 937/713/707 949/738/732 950/722/714
f 930/741/735 945/739/733 946/742/736
f 930/743/735 946/744/736 931/745/737
f 931/745/737 946/744/736 932/723/716
f 953/746/738 952/747/738 979/748/738
f 954/749/739 955/750/740 952/747/741
f 956/751/742 957/752/743 955/750/740
f 959/753/744 958/754/744 957/752/744
f 961/755/745 960/756/745 958/754/745
f 963/757/746 962/758/746 960/756/746
f 965/759/747 964/760/747 962/758/747
f 967/761/748 966/762/748 964/760/748
f 969/763/749 968/764/749 966/762/749
f 971/765/750 970/766/750 968/764/750
f 973/767/751 972/768/751 970/766/751
f 973/767/752 974/769/753 972/768/754
f 975/770/755 976/771/756 974/769/757
f 977/772/758 978/773/759 976/771/756
f 980/255/760 979/748/760 978/773/760
f 983/774/761 995/775/761 996/776/761
f 983/774/762 1007/777/763 995/775/764
f 990/778/765 1004/779/766 991/780/767
f 995/775/764 1007/777/763 1008/781/768
f 11/782/769 182/783/770 6/784/771
f 996/776/772 1008/781/768 1000/465/773
f 992/785/774 1004/779/766 1005/786/775
f 997/787/776 1000/465/773 998/788/777
f 963/757/778 959/753/779 990/789/780
f 981/790/781 1005/786/775 993/791/782
f 993/791/782 1006/792/783 982/793/784
f 987/794/785 1002/795/786 988/796/787
f 994/797/788 1006/792/783 1007/777/763
f 988/796/787 1002/795/786 1003/742/789
f 988/798/787 1003/799/789 989/800/790
f 989/800/790 1003/799/789 990/778/765
f 563/801/2 552/802/2 553/803/2
f 1063/804/7 1059/805/7 1058/806/7
f 1011/807/12 1045/808/12 1021/809/12
f 1017/810/9 1033/811/9 1009/812/9
f 1039/813/9 1038/56/9 1037/814/9
f 1032/815/791 1026/721/791 1028/720/791
f 1056/816/9 1053/817/9 1054/818/9
f 1030/819/12 1031/820/12 1029/521/12
f 1025/523/12 1015/821/12 1019/822/12
f 1050/823/2 1043/824/2 1044/825/2
f 1054/818/2 1041/826/2 1042/827/2
f 1049/294/446 1045/808/446 1043/828/446
f 452/829/9 444/830/9 451/831/9
f 1052/295/791 1044/832/791 1046/833/791
f 1044/832/12 1022/834/12 1046/833/12
f 1024/835/9 1042/836/9 1014/837/9
f 1135/838/9 1101/839/9 1111/840/9
f 1112/835/9 1130/836/9 1136/841/9
f 1105/810/9 1121/811/9 1123/842/9
f 1039/813/234 1033/811/234 1035/842/234
f 1113/523/12 1103/821/12 1115/522/12
f 1117/521/446 1115/522/446 1119/820/446
f 1099/807/12 1133/808/12 1131/828/12
f 1120/815/791 1114/721/791 1118/819/791
f 1303/813/791 1297/811/791 1299/842/791
f 1127/813/9 1126/56/9 1128/843/9
f 1124/57/9 1098/844/9 1106/845/9
f 1118/819/12 1119/820/12 1120/815/12
f 1108/719/12 1116/720/12 1104/846/12
f 1144/816/9 1141/817/9 1143/847/9
f 1132/832/12 1110/834/12 1100/848/12
f 1138/823/3 1131/824/3 1137/294/3
f 1137/294/446 1133/808/446 1139/296/446
f 1137/294/12 1140/295/12 1138/823/12
f 1140/295/791 1132/832/791 1138/823/791
f 1142/818/13 1136/841/13 1130/836/13
f 1566/849/2 1540/850/2 1544/851/2
f 1187/807/9 1221/808/9 1219/828/9
f 1196/719/9 1204/720/9 1192/846/9
f 1193/810/12 1209/811/12 1211/842/12
f 1127/813/234 1121/811/234 1125/814/234
f 1215/813/12 1214/56/12 1216/843/12
f 1205/521/13 1203/522/13 1207/820/13
f 1212/57/12 1186/844/12 1194/845/12
f 1126/56/13 1124/57/13 1128/843/13
f 1206/819/9 1207/820/9 1208/815/9
f 1200/835/12 1218/836/12 1224/841/12
f 1230/818/446 1224/841/446 1218/836/446
f 1228/295/234 1220/832/234 1226/823/234
f 1225/294/9 1228/295/9 1226/823/9
f 1223/838/791 1229/817/791 1217/852/791
f 1232/816/12 1229/817/12 1231/847/12
f 1226/823/2 1219/824/2 1225/294/2
f 1225/294/13 1221/808/13 1227/296/13
f 1325/853/7 1274/854/7 1282/855/7
f 1327/804/7 1323/805/7 1322/806/7
f 1302/56/446 1300/57/446 1298/58/446
f 1311/838/12 1277/839/12 1305/852/12
f 1294/819/9 1295/820/9 1293/521/9
f 1296/815/234 1290/721/234 1292/720/234
f 1288/835/12 1306/836/12 1278/837/12
f 1293/521/13 1291/522/13 1289/523/13
f 1312/841/446 1318/818/446 1306/836/446
f 1275/807/9 1309/808/9 1285/809/9
f 1303/813/12 1302/56/12 1301/814/12
f 1300/57/12 1274/844/12 1298/58/12
f 1311/838/791 1317/817/791 1319/847/791
f 1308/832/9 1286/834/9 1310/833/9
f 1316/295/234 1308/832/234 1310/833/234
f 1320/816/12 1317/817/12 1318/818/12
f 1314/823/3 1307/824/3 1308/825/3
f 1313/294/13 1309/808/13 1307/828/13
f 1313/294/9 1316/295/9 1315/296/9
f 1469/856/792 1472/857/793 1515/858/794
f 1407/859/795 1368/860/796 1366/861/795
f 1364/857/797 1406/858/797 1404/862/797
f 1399/863/10 1402/864/10 1401/865/10
f 1215/813/791 1209/811/791 1213/814/791
f 1395/866/2 1371/867/2 1391/868/2
f 1394/869/9 1383/870/9 1370/871/9
f 1423/872/9 1453/863/9 1451/873/9
f 1148/874/7 1102/875/7 1109/876/7
f 1405/298/798 1363/877/798 1362/878/798
f 1405/298/799 1411/299/799 1363/877/799
f 1575/297/800 1568/298/801 1567/862/802
f 1414/879/803 1390/880/803 1401/559/803
f 1368/860/804 1390/880/804 1414/879/804
f 1413/881/805 1382/882/805 1367/883/805
f 1416/878/806 1442/884/807 1417/877/808
f 1456/864/809 1468/885/810 1467/886/811
f 1527/857/812 1524/856/813 1569/858/814
f 1395/887/12 1396/888/12 1374/889/12
f 1460/858/815 1418/857/815 1458/862/815
f 1462/401/816 1419/890/816 1463/891/816
f 1480/892/817 1503/561/817 1499/880/818
f 1425/893/12 1430/894/12 1427/895/12
f 1422/860/819 1461/402/819 1420/861/819
f 1417/877/820 1459/298/820 1416/878/820
f 1465/299/821 1459/298/821 1417/877/821
f 1517/401/822 1516/402/823 1519/403/824
f 1521/297/825 1514/298/826 1520/299/827
f 1458/862/828 1466/297/828 1460/858/828
f 1444/880/829 1468/879/829 1455/559/829
f 1468/879/830 1444/880/830 1422/860/830
f 1421/883/831 1436/882/831 1467/881/831
f 1470/878/812 1497/884/813 1471/877/814
f 1437/870/9 1448/869/9 1424/871/9
f 1436/882/832 1456/896/832 1467/881/832
f 1577/885/833 1565/864/834 1576/886/835
f 1415/856/836 1418/857/837 1460/858/838
f 1390/897/7 1408/898/7 1382/882/7
f 1508/863/10 1511/864/10 1506/873/10
f 1515/858/839 1472/857/839 1513/862/839
f 1517/401/840 1473/890/840 1518/891/840
f 1475/883/3 1522/881/3 1473/890/3
f 1500/868/2 1479/867/2 1504/866/2
f 1479/893/9 1484/894/9 1481/895/9
f 1491/870/12 1503/869/12 1478/871/12
f 1436/882/7 1464/899/7 1444/897/7
f 14/900/7 29/901/7 18/902/7
f 1476/860/841 1516/402/841 1474/861/841
f 1471/877/842 1514/298/842 1470/878/842
f 1520/299/843 1514/298/843 1471/877/843
f 1412/297/844 1405/298/845 1404/862/846
f 1513/862/847 1521/297/847 1515/858/847
f 1499/880/848 1523/879/848 1510/559/848
f 1523/879/849 1499/880/849 1476/860/849
f 1551/884/792 1525/878/793 1526/877/794
f 1490/903/850 1511/896/850 1522/881/850
f 1414/885/851 1402/864/852 1413/886/853
f 1388/884/836 1362/878/837 1363/877/838
f 1504/887/9 1505/888/9 1507/904/9
f 1527/857/854 1569/858/854 1567/862/854
f 1530/883/855 1572/905/855 1528/890/855
f 1426/892/856 1448/561/856 1444/880/857
f 1534/893/9 1539/894/9 1555/906/9
f 1403/849/3 1377/850/3 1381/851/3
f 1568/298/858 1526/877/858 1525/878/858
f 1568/298/859 1574/299/859 1526/877/859
f 860/580/636 873/657/648 849/907/860
f 1613/908/7 1628/909/7 1612/910/7
f 1577/879/861 1553/880/861 1564/559/861
f 1531/860/862 1553/880/862 1577/879/862
f 1576/881/863 1545/882/863 1530/883/863
f 674/501/480 670/497/481 671/517/482
f 1524/856/9 1563/911/9 1551/912/9
f 1620/913/864 1627/914/865 1629/915/866
f 114/55/867 104/916/867 96/510/867
f 1588/917/7 1601/918/7 1602/919/7
f 1587/258/868 1601/918/868 1605/920/868
f 1635/921/869 1627/914/870 1633/922/871
f 677/493/872 672/492/873 683/513/874
f 1289/523/9 1279/821/9 1283/822/9
f 1620/913/10 1624/923/10 1623/924/10
f 1630/918/875 1616/258/875 1634/920/875
f 1609/925/7 1608/926/7 1610/927/7
f 1596/928/3 1592/929/3 1597/930/3
f 93/33/10 78/931/10 85/932/10
f 1477/872/12 1508/863/12 1506/873/12
f 85/933/9 78/934/9 88/935/9
f 77/936/9 89/937/9 92/938/9
f 67/939/2 106/940/2 99/941/2
f 36/942/7 35/943/7 34/944/7
f 140/74/17 141/116/61 137/75/18
f 119/80/23 130/945/876 129/81/24
f 129/81/877 128/84/877 121/83/877
f 128/84/27 127/946/96 122/85/28
f 126/86/30 125/89/878 132/87/31
f 133/90/879 125/89/879 124/947/879
f 133/90/34 124/947/880 123/91/35
f 12/948/7 11/782/7 10/949/7
f 161/171/7 237/950/7 228/951/7
f 58/952/3 252/953/3 249/954/3
f 88/935/881 84/955/9 284/956/9
f 532/382/3 536/365/3 526/377/3
f 719/247/882 721/531/882 720/249/882
f 146/93/37 145/957/883 172/94/38
f 172/94/38 145/957/883 144/96/40
f 195/97/41 144/96/40 143/98/42
f 150/100/44 149/103/47 180/101/45
f 149/103/47 148/958/884 179/104/48
f 179/104/48 148/958/884 147/105/49
f 808/959/885 797/591/886 796/960/887
f 194/110/54 195/97/57 191/111/55
f 195/97/57 196/961/888 192/113/58
f 202/114/59 203/107/51 199/109/53
f 211/120/65 210/122/67 207/121/66
f 210/122/67 209/962/889 208/123/68
f 154/124/69 153/963/890 187/125/70
f 187/125/70 153/963/890 152/127/72
f 210/122/73 152/127/72 151/128/74
f 159/130/76 177/964/891 176/131/77
f 176/131/892 175/134/892 161/133/892
f 175/134/80 174/965/95 162/135/81
f 163/136/83 170/966/893 169/137/84
f 169/137/84 168/140/87 165/139/86
f 168/140/87 167/967/894 166/141/88
f 155/142/89 185/968/895 184/143/90
f 184/143/90 183/146/93 157/145/92
f 183/146/93 182/783/896 158/147/94
f 123/148/35 146/969/37 173/149/39
f 143/98/42 150/100/44 181/102/46
f 147/151/49 154/970/69 186/152/71
f 188/129/75 151/128/74 126/86/30
f 174/154/95 185/971/895 155/155/89
f 127/157/96 170/972/893 163/158/83
f 80/973/12 86/974/12 87/975/12
f 90/976/12 79/977/12 91/978/12
f 81/979/12 87/975/12 283/980/12
f 112/981/2 63/982/2 64/285/2
f 9/983/897 58/658/897 277/984/897
f 57/985/898 213/986/899 222/987/900
f 59/988/901 5/989/901 216/990/901
f 59/988/902 216/990/902 217/659/902
f 250/991/7 252/953/7 253/992/7
f 54/993/7 231/994/7 232/995/7
f 244/996/7 110/997/7 47/998/7
f 25/999/7 112/1000/7 263/1001/7
f 117/1002/903 57/985/903 270/1003/903
f 56/1004/904 118/1005/904 214/1006/904
f 56/1004/905 214/1006/905 213/986/905
f 2/1007/906 158/1008/906 182/783/906
f 684/512/907 683/513/908 681/531/909
f 130/945/910 119/1009/910 6/784/910
f 177/964/911 159/1010/911 228/951/911
f 851/1011/912 867/651/640 852/650/639
f 166/64/913 167/967/913 32/1012/913
f 1431/850/2 1457/849/2 1434/1013/2
f 36/942/2 282/1014/2 117/1015/2
f 1085/1016/2 1026/1017/2 1084/1018/2
f 190/112/914 191/111/915 169/137/915
f 179/104/916 203/107/917 202/114/916
f 294/172/100 296/175/103 287/173/101
f 296/175/103 295/177/105 288/176/104
f 289/178/106 295/177/105 285/179/107
f 293/182/110 292/184/112 298/183/111
f 292/184/112 291/180/108 299/185/113
f 310/207/135 301/186/114 305/188/116
f 301/186/114 300/189/117 306/187/115
f 300/189/117 304/191/119 307/190/118
f 317/202/130 309/194/122 302/193/121
f 300/1019/3 289/1020/3 290/209/3
f 318/220/159 317/202/130 314/203/131
f 311/199/127 310/207/135 316/208/136
f 331/175/143 330/177/146 323/212/144
f 324/178/147 330/177/146 320/179/107
f 328/182/110 327/184/112 333/183/111
f 327/184/112 326/180/108 334/185/113
f 346/207/135 337/186/114 340/188/116
f 337/186/114 336/189/151 341/187/115
f 336/189/151 335/216/153 342/190/152
f 353/202/156 345/1021/918 338/219/157
f 344/1022/919 343/217/154 339/218/155
f 345/1023/2 330/1024/2 352/1025/2
f 458/310/3 511/1026/3 510/1027/3
f 503/1028/2 425/1029/2 504/1030/2
f 354/220/159 353/202/156 350/203/158
f 347/199/127 346/207/135 352/208/136
f 367/225/166 366/226/168 359/212/167
f 360/178/169 366/226/168 356/179/170
f 369/230/173 364/532/507 363/231/174
f 363/231/174 362/227/171 370/232/175
f 379/245/190 373/186/177 376/233/176
f 373/186/177 372/235/179 377/234/178
f 372/235/179 371/238/183 375/236/180
f 386/202/185 378/237/182 374/219/181
f 378/237/182 375/236/180 371/238/183
f 348/1031/3 325/209/3 339/1032/3
f 358/1033/2 383/1034/2 373/1035/2
f 375/1036/3 388/206/3 356/1037/3
f 387/204/132 386/202/185 383/241/186
f 385/246/191 380/272/220 379/245/190
f 396/182/149 395/184/205 401/215/150
f 395/184/205 394/260/207 402/259/206
f 411/273/223 405/262/210 407/261/209
f 405/262/210 404/264/212 408/263/211
f 404/264/212 403/270/218 409/265/213
f 418/266/214 410/269/217 406/267/215
f 410/269/217 409/265/213 403/270/218
f 406/1038/2 411/1039/2 391/1033/2
f 448/407/9 423/1040/9 447/1041/9
f 1047/838/9 1013/839/9 1041/852/9
f 398/1042/3 417/1043/3 410/1044/3
f 420/206/138 419/271/219 414/205/139
f 419/271/219 418/266/214 415/268/216
f 412/239/184 411/273/223 417/246/224
f 431/1045/920 435/277/229 425/1029/791
f 431/802/12 433/290/12 432/803/12
f 440/279/231 434/278/230 442/282/235
f 443/284/237 441/276/228 436/406/921
f 454/302/922 489/301/922 492/303/922
f 456/305/244 457/308/247 499/306/245
f 455/304/923 492/303/923 491/309/923
f 457/308/247 459/198/126 496/197/125
f 458/310/924 491/309/924 485/314/924
f 460/315/925 485/314/925 484/316/925
f 461/196/926 463/317/254 495/319/256
f 462/313/251 484/316/927 481/311/249
f 463/317/254 500/325/928 494/1046/255
f 463/317/929 465/323/929 500/325/929
f 465/323/260 467/328/930 501/324/261
f 464/312/250 482/1047/931 480/326/263
f 466/327/932 480/326/932 483/330/932
f 467/328/265 469/442/374 502/329/266
f 468/331/933 483/330/933 486/335/933
f 471/441/373 473/337/934 504/339/935
f 1036/57/9 1010/844/9 1034/58/9
f 225/1048/7 226/1049/7 163/1050/7
f 470/336/936 486/335/936 487/340/936
f 473/337/937 475/342/937 503/338/937
f 541/1051/3 487/1052/3 486/1053/3
f 472/341/380 487/340/380 488/344/380
f 475/342/938 477/346/938 505/343/938
f 474/345/378 488/344/378 493/348/378
f 477/346/279 479/1054/939 507/350/280
f 476/349/940 493/348/940 490/351/940
f 495/1055/2 437/1056/2 426/1057/2
f 479/1054/941 453/352/283 507/350/285
f 444/393/7 449/394/7 446/395/7
f 478/300/942 490/351/942 489/301/942
f 521/1058/2 479/1054/2 471/441/2
f 540/375/2 537/362/2 533/373/2
f 514/372/328 531/371/943 529/389/329
f 523/363/289 537/362/288 538/1059/944
f 515/358/945 530/357/945 533/373/945
f 522/364/290 539/380/946 536/365/291
f 516/370/296 532/382/947 531/371/297
f 523/363/300 538/1059/948 540/375/301
f 510/376/303 528/386/949 526/377/304
f 524/378/309 526/377/950 539/380/310
f 518/381/312 534/388/951 532/382/313
f 517/374/315 533/373/952 535/383/316
f 512/379/308 525/368/307 527/387/953
f 508/367/293 540/375/954 525/368/294
f 519/384/325 535/383/955 537/362/326
f 520/366/322 536/365/956 534/388/323
f 511/385/957 529/389/957 528/386/957
f 513/356/321 527/387/320 530/357/958
f 547/1060/7 549/1061/7 545/1062/7
f 569/407/12 544/1040/12 568/1041/12
f 799/1063/959 812/613/960 800/598/576
f 552/802/9 554/290/9 553/803/9
f 557/404/339 563/400/335 560/1064/961
f 564/405/340 559/396/331 562/397/332
f 1281/810/12 1297/811/12 1273/812/12
f 573/829/12 565/830/12 572/831/12
f 574/352/962 576/305/962 623/411/962
f 575/334/271 614/414/963 617/332/269
f 576/305/964 578/308/964 622/415/964
f 578/308/965 580/198/965 621/419/965
f 577/333/270 616/1065/966 610/420/349
f 580/198/352 582/427/356 620/424/353
f 581/425/967 579/421/350 609/423/351
f 582/427/356 584/429/358 619/428/357
f 583/1066/968 581/425/968 608/426/968
f 583/1066/969 608/426/970 607/311/971
f 584/429/358 587/433/972 626/430/359
f 585/431/360 583/1066/969 607/311/971
f 585/431/360 607/311/971 604/432/361
f 587/433/363 589/435/367 625/434/364
f 588/418/973 604/432/973 605/416/973
f 589/435/367 591/1067/974 627/436/368
f 627/436/368 591/1067/974 593/437/369
f 590/417/346 606/1068/975 611/439/371
f 592/440/976 611/439/976 612/446/976
f 629/445/977 595/444/977 597/447/977
f 594/341/276 612/446/276 613/449/276
f 631/448/978 597/447/978 599/450/978
f 596/345/274 613/449/274 618/348/274
f 632/451/385 599/450/979 601/453/383
f 598/452/386 618/348/980 615/455/387
f 633/457/384 601/453/383 602/458/389
f 557/1069/3 620/1070/3 619/1071/3
f 1061/853/7 1010/854/7 1018/855/7
f 602/458/389 574/352/981 624/412/390
f 603/413/982 615/455/982 614/414/982
f 646/461/983 645/488/423 662/462/425
f 591/1067/3 641/1072/3 642/1073/3
f 657/486/2 665/475/2 652/482/2
f 559/1074/3 554/290/3 551/288/3
f 644/470/399 663/469/398 661/1075/984
f 638/473/985 656/472/985 654/490/985
f 640/471/986 657/486/986 656/472/986
f 634/474/401 651/483/987 665/475/402
f 649/467/988 664/463/988 666/1076/988
f 642/477/406 658/72/405 660/487/989
f 635/480/409 650/484/990 653/387/410
f 649/467/413 666/1076/991 650/484/414
f 643/485/416 659/1077/992 657/486/417
f 634/474/993 636/491/993 652/482/993
f 636/491/994 654/490/994 652/482/994
f 637/481/420 653/387/995 655/489/421
f 643/485/996 644/470/997 659/1077/998
f 644/470/997 661/1075/999 659/1077/998
f 685/515/12 669/516/12 682/1078/12
f 740/1079/1000 728/495/1001 741/1080/1002
f 699/1081/1003 689/516/1004 702/1078/1005
f 432/803/3 434/1082/3 431/802/3
f 1230/818/2 1217/826/2 1229/817/2
f 615/1083/2 568/1084/2 614/1085/2
f 738/1086/1006 731/500/1007 732/499/1008
f 737/1087/1009 730/497/1010 733/502/1011
f 668/495/12 684/512/12 681/1080/12
f 686/496/1012 670/497/1012 683/524/1012
f 689/516/12 705/515/12 702/1078/12
f 720/1079/1013 708/495/1014 716/503/1015
f 739/1081/1016 729/516/1017 735/1088/1018
f 1214/56/446 1212/57/446 1216/843/446
f 718/1086/1019 711/500/1020 714/1089/1021
f 653/387/3 666/1076/3 662/462/3
f 704/512/12 688/495/12 701/1080/12
f 709/516/9 725/515/9 722/1078/9
f 680/1079/1006 668/495/1022 681/1080/1023
f 679/1081/1024 669/516/1025 675/1088/1011
f 1208/815/234 1202/721/234 1206/819/234
f 1098/854/7 1145/1090/7 1107/1091/7
f 678/1086/1000 671/500/1026 672/499/1027
f 423/1040/13 426/1060/13 424/1062/13
f 677/1087/1028 670/497/1029 673/502/1018
f 724/512/9 708/495/9 721/1080/9
f 745/515/9 729/516/9 742/1078/9
f 329/172/192 322/213/145 321/174/1030
f 869/1092/1031 856/641/626 855/1093/1032
f 1591/913/10 1595/923/10 1592/929/10
f 554/1094/1033 549/1061/13 550/1095/1034
f 700/1079/1019 688/495/1035 696/503/1036
f 794/1096/1037 807/1097/1038 795/1098/1039
f 544/1040/446 547/1060/446 545/1062/446
f 810/1099/1040 799/1063/959 798/593/1041
f 728/495/9 744/512/9 741/1080/9
f 746/496/1042 730/497/1042 743/524/1042
f 858/1100/1043 872/649/635 859/648/634
f 686/496/499 668/495/500 670/497/501
f 135/119/64 209/962/889 139/118/63
f 682/514/1044 683/513/1045 672/492/1046
f 389/179/208 392/732/726 398/1101/1047
f 365/210/140 381/223/222 384/224/221
f 177/964/1048 229/1102/1049 34/944/1050
f 433/1094/1051 428/1061/446 429/1095/1052
f 749/558/1053 751/536/1053 748/538/1053
f 751/536/1054 753/539/1054 750/537/1054
f 753/539/1055 755/541/1055 752/540/1055
f 755/541/1056 757/543/1056 754/542/1056
f 757/543/1057 758/527/1057 756/544/1057
f 758/527/522 760/1103/1058 759/545/523
f 760/1103/1059 762/546/1059 759/545/1059
f 762/546/526 764/624/1060 763/548/527
f 764/624/1061 766/549/1061 763/548/1061
f 766/549/1062 768/551/1062 765/550/1062
f 768/551/701 770/553/701 767/552/701
f 770/553/1063 772/555/1063 769/554/1063
f 772/555/533 774/1104/1064 773/557/534
f 774/1104/1065 749/558/1065 773/557/1065
f 778/575/1066 779/577/1066 777/582/1066
f 782/588/1067 783/565/1067 775/1105/1067
f 789/1106/1068 800/587/564 801/569/546
f 775/1107/1069 781/585/1069 782/1108/1069
f 790/568/545 789/1106/1068 801/569/546
f 783/565/542 796/589/566 797/566/543
f 791/571/548 790/568/545 802/570/547
f 785/573/550 784/567/544 797/566/543
f 778/575/552 777/582/559 793/576/553
f 792/1109/1070 791/571/548 803/572/549
f 786/579/556 785/573/550 798/574/551
f 777/582/559 792/1109/1070 803/572/549
f 787/580/557 798/574/551 799/583/560
f 781/585/562 794/578/555 795/1110/1071
f 788/586/563 776/584/561 799/583/560
f 782/1108/565 781/585/562 795/1110/1071
f 789/1106/1068 788/586/563 800/587/564
f 782/588/565 795/1111/1071 796/589/566
f 810/1099/1072 809/592/1072 819/1112/1072
f 793/595/572 804/594/571 805/603/1073
f 803/590/567 814/563/540 804/594/571
f 798/593/570 809/592/569 810/1099/1074
f 800/598/576 812/613/960 813/599/577
f 801/562/539 813/599/577 814/563/540
f 1002/1113/1075 1007/1114/1076 1005/1115/1077
f 804/594/1078 822/1116/1079 815/615/595
f 810/1099/1080 819/1112/1081 820/730/723
f 811/731/724 810/1099/1080 820/730/723
f 807/1097/1082 806/605/583 817/606/584
f 808/959/1083 807/610/588 818/612/590
f 809/592/1084 808/959/1083 818/612/590
f 814/563/594 821/614/592 822/1116/1085
f 809/592/1084 818/612/590 819/1112/1086
f 805/603/581 804/594/1078 815/615/595
f 804/594/1087 814/563/1087 822/1116/1087
f 994/1117/1088 975/770/1089 971/765/1090
f 325/209/164 355/222/161 349/221/160
f 687/498/1091 682/514/1092 672/492/1093
f 297/181/109 293/182/110 298/183/111
f 780/1118/1094 755/541/1095 751/536/1096
f 859/1119/1097 860/1120/1098 835/628/1099
f 719/1081/1100 709/516/1101 722/1078/1102
f 1598/914/1103 1591/913/1104 1600/915/1105
f 824/616/597 826/620/1106 825/619/598
f 826/620/1107 829/622/1107 827/621/1107
f 829/622/1108 831/601/1108 828/623/1108
f 833/244/578 835/628/1109 834/626/606
f 835/628/608 837/630/611 836/629/609
f 837/630/611 839/632/613 838/631/612
f 839/632/613 842/634/1110 840/633/614
f 842/634/1111 844/636/1111 841/635/1111
f 844/636/617 846/638/1112 845/637/618
f 846/638/620 848/252/1113 847/618/621
f 848/252/1114 824/616/1114 847/618/1114
f 863/644/629 862/1121/1115 874/645/630
f 857/643/628 870/642/627 871/1122/1116
f 864/647/632 863/644/629 875/646/631
f 858/1100/1043 857/643/628 871/1122/1116
f 851/1011/912 850/582/637 866/576/638
f 865/1123/1117 864/647/632 876/572/633
f 850/582/637 865/1123/1117 876/572/633
f 853/652/641 867/651/640 868/654/645
f 861/656/647 849/907/860 873/657/648
f 854/655/646 868/654/645 869/1124/1031
f 855/1093/1032 854/1125/646 869/1092/1031
f 862/1121/1115 861/656/647 874/645/630
f 875/564/625 886/640/624 887/661/652
f 866/595/657 877/667/1118 878/665/658
f 872/664/656 881/320/655 882/322/1119
f 876/662/653 887/661/652 877/667/660
f 873/673/668 883/680/1120 884/674/669
f 874/639/623 884/674/669 885/685/1121
f 869/675/667 879/1126/666 880/676/670
f 874/639/623 885/685/1121 886/640/624
f 870/677/671 881/320/655 871/663/654
f 1186/854/7 1233/1090/7 1195/1091/7
f 878/665/687 888/679/674 889/682/1122
f 877/667/672 887/661/686 895/678/673
f 883/680/675 882/322/259 892/321/258
f 879/671/1123 878/665/1123 889/682/1123
f 884/674/677 893/681/676 894/684/681
f 880/676/683 879/1126/678 890/686/680
f 881/320/257 880/676/683 891/687/684
f 887/661/686 894/684/681 895/678/673
f 897/688/688 900/692/1124 898/691/689
f 900/692/1125 902/609/1125 899/693/1125
f 902/609/1126 903/695/1126 901/694/1126
f 903/695/693 905/1127/1127 904/696/694
f 905/1127/1128 907/697/1128 904/696/1128
f 907/697/1129 909/699/1129 906/698/1129
f 909/699/1130 911/701/1130 908/700/1130
f 911/701/1131 913/703/1131 910/702/1131
f 913/703/1132 915/705/1132 912/704/1132
f 915/705/531 917/707/531 914/706/531
f 917/707/530 919/709/530 916/708/530
f 919/709/1133 920/711/1133 918/710/1133
f 920/711/703 922/1128/1134 921/690/704
f 345/1021/918 339/218/155 338/219/157
f 999/1129/1135 1001/1130/1136 985/1131/1137
f 795/1132/1138 808/959/885 796/960/887
f 552/1045/1139 561/398/333 546/1029/1140
f 922/1128/1114 897/688/1114 921/690/1114
f 936/735/1141 923/712/1141 924/714/1141
f 942/466/1142 925/1133/1142 941/464/1142
f 141/116/1143 140/74/1144 133/90/1144
f 819/1134/1145 817/1135/1146 815/1136/1147
f 932/723/716 946/744/736 947/724/717
f 940/726/719 939/718/715 950/722/714
f 934/1137/1148 933/725/718 947/724/717
f 926/728/721 925/1133/1149 943/465/394
f 941/464/393 940/726/719 951/727/720
f 927/736/730 926/728/721 944/729/722
f 925/1133/1149 942/466/395 943/465/394
f 928/737/731 944/729/722 945/739/733
f 937/713/707 923/712/706 949/738/732
f 938/717/713 937/713/707 950/722/714
f 953/746/1150 954/749/1150 952/747/1150
f 954/749/739 956/751/742 955/750/740
f 956/751/742 959/753/1151 957/752/743
f 959/753/1152 961/755/1152 958/754/1152
f 961/755/1153 963/757/1153 960/756/1153
f 963/757/1154 965/759/1154 962/758/1154
f 965/759/1155 967/761/1155 964/760/1155
f 967/761/1156 969/763/1156 966/762/1156
f 969/763/1157 971/765/1157 968/764/1157
f 971/765/1158 973/767/1158 970/766/1158
f 973/767/752 975/770/1159 974/769/753
f 975/770/755 977/772/758 976/771/756
f 977/772/758 980/255/1160 978/773/759
f 1364/857/806 1361/856/807 1406/858/808
f 939/1138/1161 919/709/1162 915/705/1163
f 986/1139/1164 1002/795/786 987/794/785
f 438/275/227 430/280/1165 541/281/791
f 698/1086/1013 691/500/1166 694/1089/1167
f 1511/864/1168 1523/885/1169 1522/886/1170
f 717/1087/1171 710/497/1005 723/524/1172
f 805/603/1073 794/1096/1173 793/595/572
f 980/255/1174 953/746/1174 979/748/1174
f 992/785/1175 981/790/1175 991/780/1175
f 983/774/762 984/1140/1176 1007/777/763
f 945/1141/1177 950/1142/1178 948/1143/1179
f 990/778/765 1003/799/789 1004/779/766
f 996/776/772 995/775/764 1008/781/768
f 992/785/774 991/780/767 1004/779/766
f 997/787/776 996/776/772 1000/465/773
f 986/1139/1164 985/1131/1137 1001/1130/1136
f 999/1129/1135 998/788/777 1000/465/773
f 993/791/782 1005/786/775 1006/792/783
f 994/797/788 982/793/784 1006/792/783
f 984/1140/1176 994/797/788 1007/777/763
f 1071/1144/2 1072/1145/2 1018/855/2
f 1009/1146/10 1012/1147/10 1016/1148/10
f 1047/838/234 1053/817/234 1055/847/234
f 429/1095/7 424/1062/7 426/1060/7
f 1048/841/13 1054/818/13 1042/836/13
f 1278/875/7 1324/874/7 1285/876/7
f 1101/1149/10 1097/1146/10 1104/1148/10
f 232/995/2 231/994/2 59/1150/2
f 1578/1151/1180 1579/926/1180 1588/917/1180
f 1151/804/7 1103/1152/7 1149/853/7
f 1135/838/234 1141/817/234 1129/852/234
f 1142/818/3 1129/826/3 1141/817/3
f 1558/887/9 1559/888/9 1537/889/9
f 740/249/882 742/514/882 739/247/882
f 1153/1153/3 1184/1154/3 1127/813/3
f 1108/1155/3 1175/1156/3 1174/1157/3
f 1189/1149/10 1185/1146/10 1192/1148/10
f 1485/850/3 1512/849/3 1488/1013/3
f 1191/1152/7 1238/1158/7 1190/875/7
f 13/1159/3 12/948/3 56/1160/3
f 1187/1161/7 1240/1162/7 1197/876/7
f 1201/523/9 1191/821/9 1203/522/9
f 1220/832/9 1198/834/9 1188/848/9
f 1196/1155/2 1193/1163/2 1265/1164/1181
f 1631/919/1180 1625/1165/1180 1608/926/1180
f 1195/1091/2 1252/1166/2 1251/1167/2
f 1273/1146/10 1276/1147/10 1280/1148/10
f 1223/838/12 1189/839/12 1199/840/12
f 1284/719/9 1292/720/9 1290/721/9
f 1318/818/3 1305/826/3 1306/827/3
f 1579/926/7 1580/925/7 1581/927/7
f 1360/1154/3 1304/843/3 1299/1168/3
f 680/249/1182 682/514/1182 679/247/1182
f 1367/883/1183 1409/905/1183 1365/890/1183
f 1283/1091/3 1339/1167/3 1340/1166/3
f 1369/872/9 1399/863/9 1372/1169/9
f 1386/1170/1184 1382/1171/1185 1402/896/1186
f 1371/893/12 1376/894/12 1392/906/12
f 1407/859/1187 1408/1172/1187 1410/1173/1187
f 1449/887/12 1450/888/12 1452/904/12
f 1404/862/1188 1406/858/1188 1412/297/1188
f 1405/518/7 1391/520/7 1377/519/7
f 1366/861/2 1368/860/2 1414/879/2
f 1367/883/3 1365/890/3 1413/881/3
f 1361/856/12 1400/911/12 1388/912/12
f 1382/882/1189 1413/881/1189 1402/896/1189
f 1441/1174/1190 1456/896/1191 1436/1171/1192
f 1454/1175/10 1450/888/10 1457/1176/10
f 1462/401/1193 1421/883/1193 1419/890/1193
f 1425/867/3 1449/866/3 1454/911/3
f 1400/1175/10 1396/888/10 1398/904/10
f 308/1177/2 285/1037/2 315/1178/2
f 1422/860/1194 1464/403/1194 1461/402/1194
f 1509/1175/10 1505/888/10 1512/1176/10
f 1453/863/10 1456/864/10 1451/873/10
f 1442/884/12 1457/849/12 1415/1179/12
f 1422/860/3 1420/861/3 1468/879/3
f 1419/890/2 1421/883/2 1467/881/2
f 699/247/1182 701/531/1182 700/249/1182
f 1496/1174/3 1511/896/3 1492/1180/3
f 1517/401/1195 1475/883/1195 1473/890/1195
f 456/305/1196 498/1181/284 453/352/283
f 1476/860/1197 1519/403/1197 1516/402/1197
f 1492/1182/7 1517/1183/7 1499/897/7
f 1514/518/7 1485/519/7 1500/520/7
f 1476/860/2 1474/861/2 1523/879/2
f 1532/872/12 1562/863/12 1535/1169/12
f 1490/903/1198 1492/1180/1198 1511/896/1198
f 1549/1170/1199 1545/1171/1200 1565/896/1201
f 201/478/407 192/113/58 196/961/888
f 1554/868/3 1561/1184/3 1558/866/3
f 1563/1175/10 1559/888/10 1561/904/10
f 1562/863/10 1565/864/10 1564/865/10
f 1570/859/1202 1571/1172/1202 1573/1173/1202
f 1557/869/12 1546/870/12 1533/871/12
f 1570/859/1203 1531/860/1204 1529/861/1203
f 1553/897/7 1571/898/7 1545/882/7
f 1567/862/1205 1569/858/1205 1575/297/1205
f 1568/518/7 1554/520/7 1540/519/7
f 1529/861/3 1531/860/3 1577/879/3
f 1530/883/2 1528/890/2 1576/881/2
f 1545/882/1206 1576/881/1206 1565/896/1206
f 1606/1185/1207 1605/920/1207 1601/918/1207
f 1604/922/2 1582/1186/2 1594/924/2
f 1591/913/2 1589/1187/2 1603/256/2
f 872/664/1208 883/680/1120 873/673/668
f 934/1137/1148 948/734/728 935/733/727
f 1604/922/1209 1598/597/1210 1606/1185/1211
f 878/665/1212 868/670/665 867/666/1213
f 1623/924/9 1622/1188/9 1613/1189/9
f 70/1190/1214 61/67/1214 62/66/1214
f 1627/597/1215 1616/1191/1216 1629/257/1217
f 1581/1192/1218 1591/913/12 1590/1193/12
f 1609/1194/12 1610/1192/12 1621/1195/12
f 1583/1196/9 1595/1197/9 1582/1186/9
f 1586/1198/1219 1585/1199/1219 1604/1200/1219
f 1014/875/7 1060/874/7 1021/876/7
f 1599/909/7 1584/908/7 1583/910/7
f 1632/256/3 1618/1187/3 1620/913/3
f 1587/596/1220 1600/915/1221 1603/256/1222
f 1623/924/3 1611/1186/3 1633/922/3
f 1630/918/1223 1634/920/1223 1635/1185/1223
f 697/1087/1224 690/497/1102 703/524/1225
f 1625/928/2 1626/930/2 1624/923/2
f 1617/917/7 1630/918/7 1615/1198/7
f 1614/1199/1219 1615/1198/1219 1633/1200/1219
f 1469/1179/9 1497/884/9 1512/849/9
f 1401/559/1226 1393/560/1227 1394/561/2
f 113/1/1 95/41/1 102/2/1
f 72/4/2 69/1201/2 74/5/2
f 75/7/3 76/16/3 68/8/3
f 92/10/4 91/1202/4 79/11/4
f 87/13/5 88/1203/5 78/14/5
f 76/16/6 75/7/6 86/17/6
f 22/19/7 17/1204/7 21/20/7
f 65/1205/7 99/47/7 100/46/7
f 65/1205/7 100/46/7 71/23/7
f 97/39/7 98/38/7 66/22/7
f 66/22/7 65/1205/7 71/23/7
f 70/24/7 97/39/7 66/22/7
f 79/25/3 81/34/3 83/26/3
f 84/28/7 88/1203/7 87/13/7
f 82/29/2 80/1206/2 78/30/2
f 115/31/8 107/1207/8 101/32/8
f 81/34/7 91/1202/7 92/10/7
f 102/35/9 95/41/9 93/33/9
f 105/37/9 107/52/9 98/38/9
f 77/40/10 93/33/10 95/41/10
f 90/43/11 73/6/11 74/5/11
f 106/45/12 108/59/12 100/46/12
f 97/50/3 70/1208/3 69/48/3
f 69/48/3 113/1/3 105/49/3
f 102/51/7 101/1209/7 107/52/7
f 114/55/3 72/1210/3 71/53/3
f 71/53/3 100/1211/3 108/54/3
f 1038/56/13 1040/843/13 1036/57/13
f 108/59/7 106/45/7 103/60/7
f 48/62/7 50/1212/7 43/167/7
f 48/62/7 43/167/7 42/1213/7
f 166/64/7 32/1012/7 48/62/7
f 39/166/7 165/1214/7 166/64/7
f 48/62/7 42/1213/7 38/63/7
f 38/63/7 39/166/7 166/64/7
f 110/65/3 109/1215/3 62/66/3
f 264/70/7 266/1216/7 267/1217/7
f 265/1218/7 251/1219/7 9/1220/7
f 264/70/7 267/1217/7 265/1218/7
f 158/1008/7 2/1007/7 264/70/7
f 254/1221/7 255/1222/7 158/1008/7
f 258/1223/7 254/1221/7 158/1008/7
f 265/1218/7 9/1220/7 257/1224/7
f 265/1218/7 257/1224/7 261/68/7
f 258/1223/7 158/1008/7 264/70/7
f 260/69/7 256/1225/7 259/1226/7
f 259/1226/7 258/1223/7 264/70/7
f 264/70/7 265/1218/7 261/68/7
f 260/69/7 259/1226/7 264/70/7
f 639/71/14 655/489/1228 658/72/15
f 212/77/20 211/120/65 206/78/21
f 203/107/51 204/1227/97 200/108/52
f 141/116/61 142/1228/98 138/117/62
f 139/118/63 140/74/17 136/76/19
f 204/160/97 212/1229/20 205/161/22
f 142/163/98 193/1230/172 189/164/99
f 43/167/7 50/1212/7 51/1231/7
f 44/168/7 40/1232/7 165/1214/7
f 43/167/7 51/1231/7 44/168/7
f 44/168/7 165/1214/7 39/166/7
f 281/1233/7 279/1234/7 276/660/7
f 276/660/7 217/659/7 215/1235/7
f 215/1235/7 272/1236/7 274/169/7
f 275/170/7 273/1237/7 216/990/7
f 276/660/7 215/1235/7 274/169/7
f 275/170/7 216/990/7 5/1238/7
f 281/1233/7 276/660/7 274/169/7
f 277/984/7 278/1239/7 280/1240/7
f 256/1225/7 257/1224/7 9/983/7
f 9/983/7 277/984/7 280/1240/7
f 256/1225/7 9/983/7 280/1240/7
f 255/1222/7 259/1226/7 256/1225/7
f 157/1241/7 158/147/7 255/1222/7
f 155/1242/7 156/1243/1229 157/1241/7
f 161/171/7 162/156/7 155/1242/7
f 240/1244/7 239/1245/7 161/171/7
f 161/171/7 155/1242/7 157/1241/7
f 157/1241/7 255/1222/7 256/1225/7
f 157/1241/7 256/1225/7 280/1240/7
f 234/1246/7 238/1247/7 235/1248/7
f 242/1249/7 237/950/7 233/1250/7
f 242/1249/7 233/1250/7 234/1246/7
f 247/1251/7 248/1252/7 242/1249/7
f 5/1238/7 227/1253/7 241/1254/7
f 241/1254/7 247/1251/7 242/1249/7
f 242/1249/7 234/1246/7 235/1248/7
f 242/1249/7 235/1248/7 236/1255/7
f 157/1241/7 280/1240/7 281/1233/7
f 241/1254/7 242/1249/7 236/1255/7
f 5/1238/7 241/1254/7 236/1255/7
f 5/1238/7 236/1255/7 240/1244/7
f 275/170/7 5/1238/7 240/1244/7
f 161/171/7 157/1241/7 281/1233/7
f 161/171/7 281/1233/7 274/169/7
f 275/170/7 240/1244/7 161/171/7
f 332/181/109 325/209/164 328/182/110
f 461/196/124 495/319/1230 496/197/125
f 347/199/127 352/208/136 351/200/128
f 387/204/132 383/241/186 382/205/133
f 393/209/137 400/214/148 420/206/138
f 365/210/140 367/225/166 358/211/141
f 400/214/148 393/209/137 396/182/149
f 311/199/127 316/208/136 315/200/128
f 354/220/159 350/203/158 349/221/160
f 397/210/140 390/174/142 413/223/162
f 290/209/164 297/181/109 319/222/161
f 397/210/140 399/225/725 391/211/165
f 193/228/172 194/110/54 190/112/56
f 412/239/184 417/246/224 416/240/163
f 829/622/1231 826/620/1232 852/1256/1233
f 829/622/1231 852/1256/1233 853/1257/1234
f 833/244/189 831/601/3 829/622/1231
f 859/1119/1097 835/628/1099 833/244/189
f 858/1258/1235 859/1119/1097 833/244/189
f 829/622/1231 853/1257/1234 854/1259/1236
f 829/622/1231 854/1259/1236 855/242/187
f 857/1260/1237 858/1258/1235 833/244/189
f 856/243/188 857/1260/1237 833/244/189
f 833/244/189 829/622/1231 855/242/187
f 329/172/192 321/174/1030 348/223/129
f 679/247/193 675/511/514 676/248/194
f 851/251/197 852/1256/1233 826/620/1232
f 826/620/1232 824/616/3 848/252/198
f 848/252/198 846/638/1238 864/1261/1239
f 848/252/198 864/1261/1239 865/1262/1240
f 851/251/197 826/620/1232 848/252/198
f 848/252/198 865/1262/1240 850/250/196
f 985/1263/1241 986/607/1242 954/749/1243
f 954/749/1243 953/746/2 980/255/201
f 980/255/201 977/772/2 975/770/1089
f 975/770/1089 996/1264/1244 997/1265/1245
f 980/255/201 975/770/1089 997/1265/1245
f 985/1263/1241 954/749/1243 980/255/201
f 999/254/200 985/1263/1241 980/255/201
f 980/255/201 997/1265/1245 998/253/199
f 1616/258/204 1630/918/1246 1631/919/1247
f 1632/256/202 1620/913/1248 1629/257/203
f 1616/258/204 1631/919/1247 1632/256/202
f 380/272/220 385/246/191 384/240/221
f 294/172/100 286/174/102 312/223/129
f 361/209/225 368/214/506 388/206/134
f 558/275/232 559/396/331 551/280/233
f 64/285/238 63/982/238 65/286/238
f 430/288/2 439/1266/2 443/289/2
f 489/292/3 490/1267/3 447/1084/3
f 447/1084/3 423/1268/3 424/293/3
f 424/293/3 428/410/3 485/1269/3
f 424/293/3 485/1269/3 491/1270/3
f 489/292/3 447/1084/3 424/293/3
f 424/293/3 491/1270/3 492/291/3
f 1049/294/12 1050/823/12 1052/295/12
f 1466/297/239 1458/862/1249 1459/298/240
f 481/311/249 482/1047/931 464/312/250
f 881/320/257 891/687/684 892/321/258
f 617/332/269 616/1065/966 577/333/270
f 115/31/2 68/1271/2 66/354/2
f 66/354/2 98/1272/2 107/355/2
f 520/359/3 518/1273/3 466/327/3
f 466/327/3 468/331/3 470/336/3
f 470/336/3 472/341/3 474/345/3
f 474/345/3 476/349/3 478/300/3
f 478/300/3 522/1274/3 520/359/3
f 520/359/3 466/327/3 470/336/3
f 470/336/3 474/345/3 478/300/3
f 463/317/2 461/196/2 459/198/2
f 459/198/2 457/308/2 456/305/2
f 456/305/2 453/352/2 479/1054/2
f 479/1054/2 508/1275/2 509/1276/2
f 479/1054/2 509/1276/2 512/1277/2
f 459/198/2 456/305/2 479/1054/2
f 465/323/2 463/317/2 459/198/2
f 519/1278/2 467/328/2 465/323/2
f 517/1279/2 519/1278/2 465/323/2
f 459/198/2 479/1054/2 512/1277/2
f 459/198/2 512/1277/2 513/1280/2
f 515/360/2 517/1279/2 465/323/2
f 459/198/2 513/1280/2 515/360/2
f 570/1281/3 566/1282/3 573/1283/3
f 573/1283/3 542/1284/3 546/1029/3
f 546/1029/3 630/1285/3 629/1286/3
f 546/1029/3 629/1286/3 631/1287/3
f 570/1281/3 573/1283/3 546/1029/3
f 623/1288/3 548/1289/3 569/390/3
f 569/390/3 570/1281/3 546/1029/3
f 569/390/3 546/1029/3 631/1287/3
f 624/1290/3 623/1288/3 569/390/3
f 633/392/3 624/1290/3 569/390/3
f 569/390/3 631/1287/3 632/391/3
f 565/393/7 566/1291/7 570/394/7
f 1462/401/336 1463/891/1250 1461/402/337
f 448/407/13 447/1041/13 446/395/13
f 543/1292/2 571/1293/2 572/1294/2
f 572/1294/2 565/1295/2 567/1296/2
f 567/1296/2 568/1084/2 618/1297/2
f 567/1296/2 618/1297/2 613/1298/2
f 543/1292/2 572/1294/2 567/1296/2
f 562/1299/2 558/1300/2 667/1051/2
f 543/1292/2 567/1296/2 613/1298/2
f 543/1292/2 613/1298/2 612/1301/2
f 562/1299/2 667/1051/2 543/1292/2
f 549/410/2 556/1302/2 562/1299/2
f 544/1268/2 545/293/2 549/410/2
f 617/1303/2 614/1085/2 544/1268/2
f 616/1304/2 617/1303/2 544/1268/2
f 549/410/2 562/1299/2 543/1292/2
f 543/1292/2 612/1301/2 611/1305/2
f 543/1292/2 611/1305/2 606/1306/2
f 610/1307/2 616/1304/2 544/1268/2
f 609/1308/2 610/1307/2 544/1268/2
f 549/410/2 543/1292/2 606/1306/2
f 549/410/2 606/1306/2 605/1309/2
f 609/1308/2 544/1268/2 549/410/2
f 608/1310/2 609/1308/2 549/410/2
f 549/410/2 605/1309/2 604/408/2
f 607/409/2 608/1310/2 549/410/2
f 605/416/345 606/1068/975 590/417/346
f 308/192/120 304/191/119 303/195/123
f 471/441/373 504/339/935 502/329/266
f 635/459/3 637/1311/3 582/427/3
f 582/427/3 580/198/3 578/308/3
f 578/308/3 576/305/3 574/352/3
f 574/352/3 602/458/3 601/453/3
f 601/453/3 599/450/3 646/1312/3
f 601/453/3 646/1312/3 649/1313/3
f 578/308/3 574/352/3 601/453/3
f 635/459/3 582/427/3 578/308/3
f 601/453/3 649/1313/3 635/459/3
f 647/602/2 598/452/2 600/456/2
f 600/456/2 603/413/2 575/334/2
f 575/334/2 577/333/2 579/421/2
f 579/421/2 581/425/2 583/1066/2
f 583/1066/2 585/431/2 586/312/2
f 586/312/2 588/418/2 590/417/2
f 590/417/2 592/440/2 594/341/2
f 594/341/2 644/1314/2 643/1315/2
f 594/341/2 643/1315/2 640/1316/2
f 586/312/2 590/417/2 594/341/2
f 579/421/2 583/1066/2 586/312/2
f 600/456/2 575/334/2 579/421/2
f 648/1317/2 647/602/2 600/456/2
f 634/1318/2 648/1317/2 600/456/2
f 586/312/2 594/341/2 640/1316/2
f 586/312/2 640/1316/2 638/1319/2
f 634/1318/2 600/456/2 579/421/2
f 586/312/2 638/1319/2 636/460/2
f 636/460/2 634/1318/2 579/421/2
f 941/464/393 951/727/720 943/465/394
f 201/478/407 202/114/59 198/115/60
f 732/492/427 743/513/1251 737/493/428
f 688/495/430 704/512/1252 706/496/431
f 694/501/434 691/517/482 690/497/435
f 696/503/437 688/495/465 689/504/438
f 697/493/440 703/513/1253 692/492/441
f 697/493/443 698/494/489 694/506/444
f 104/508/12 103/1320/12 94/509/12
f 569/407/446 568/1041/446 567/395/446
f 699/247/447 700/249/195 696/248/448
f 704/512/450 701/531/1254 703/513/451
f 703/513/453 701/531/1255 702/514/454
f 707/498/456 692/492/1256 702/514/457
f 691/500/459 707/498/1257 705/515/460
f 708/495/459 724/512/1257 726/496/460
f 734/501/463 733/502/1258 730/497/464
f 716/503/434 708/495/482 709/504/435
f 717/493/447 718/494/195 714/506/448
f 1458/1321/7 1418/857/7 1429/1322/7
f 1431/519/7 1430/894/7 1446/906/7
f 1458/1321/7 1429/1322/7 1431/519/7
f 1443/1323/7 1416/1324/7 1459/518/7
f 1459/518/7 1458/1321/7 1431/519/7
f 1431/519/7 1446/906/7 1445/520/7
f 1445/520/7 1443/1323/7 1459/518/7
f 719/247/443 720/249/489 716/248/444
f 1029/521/446 1031/820/446 1027/522/446
f 724/512/466 721/531/1259 723/513/467
f 723/513/469 721/531/1260 722/514/470
f 727/498/472 712/492/1261 722/514/473
f 711/500/430 727/498/1252 725/515/431
f 746/496/476 744/512/1252 728/495/477
f 676/503/463 675/505/1258 669/504/464
f 736/503/480 735/505/1262 729/504/481
f 785/1325/1263 786/1119/1264 762/546/1265
f 762/546/1265 760/1103/2 758/527/485
f 758/527/485 757/543/2 755/541/1095
f 755/541/1095 781/1326/1266 775/1259/1267
f 755/541/1095 775/1259/1267 783/525/483
f 785/1325/1263 762/546/1265 758/527/485
f 784/526/484 785/1325/1263 758/527/485
f 758/527/485 755/541/1095 783/525/483
f 116/528/486 94/509/486 103/529/486
f 739/247/487 735/511/510 736/248/488
f 744/512/490 746/496/452 743/513/491
f 742/514/493 741/531/1260 743/513/494
f 747/498/496 745/515/458 742/514/497
f 745/515/499 747/498/1257 731/500/500
f 685/515/476 687/498/1252 671/500/477
f 135/119/1268 136/76/1269 129/81/1270
f 176/131/1271 198/115/1271 199/109/1271
f 175/134/10 176/131/1271 199/109/1271
f 135/119/1268 129/81/1270 130/945/1268
f 208/123/1272 135/119/1268 130/945/1268
f 174/965/1273 175/134/10 199/109/1271
f 174/965/1273 199/109/1271 200/162/1273
f 208/123/1272 130/945/1268 182/783/1274
f 207/121/504 208/123/1272 182/783/1274
f 185/971/1273 174/965/1273 200/162/1273
f 185/971/1273 200/162/1273 205/79/1273
f 207/121/504 182/783/1274 183/146/10
f 185/971/1273 205/79/1273 206/78/505
f 207/121/504 183/146/10 184/143/504
f 184/143/504 185/971/1273 206/78/505
f 714/501/437 711/517/465 710/497/438
f 368/214/506 361/209/225 364/532/507
f 717/493/508 723/513/1275 712/492/509
f 674/506/488 678/494/489 677/493/487
f 648/476/511 665/475/1276 663/469/512
f 734/506/194 738/494/195 737/493/193
f 894/535/517 893/1327/1277 892/1328/1278
f 892/1328/1278 891/1329/1279 890/533/515
f 890/533/515 889/1330/1280 888/534/516
f 888/534/516 895/1331/1281 894/535/517
f 894/535/517 892/1328/1278 890/533/515
f 1535/892/3 1562/1332/3 1564/559/537
f 1564/559/537 1553/880/1282 1556/560/538
f 1557/561/3 1535/892/3 1564/559/537
f 593/437/369 595/444/376 630/443/375
f 1587/596/573 1605/1333/1283 1598/597/574
f 833/244/578 832/627/607 830/600/579
f 647/602/2 644/1314/2 594/341/2
f 594/341/2 596/345/2 598/452/2
f 931/1334/1284 932/789/1285 905/1127/1286
f 905/1127/1286 903/695/3 902/609/587
f 902/609/587 900/692/3 897/688/1287
f 897/688/1287 922/1128/1288 925/1335/1289
f 897/688/1287 925/1335/1289 926/1336/1290
f 931/1334/1284 905/1127/1286 902/609/587
f 930/1337/1291 931/1334/1284 902/609/587
f 897/688/1287 926/1336/1290 927/1338/1292
f 897/688/1287 927/1338/1292 928/607/585
f 929/608/586 930/1337/1291 902/609/587
f 902/609/587 897/688/1287 928/607/585
f 768/551/605 766/549/2 764/624/603
f 764/624/603 762/546/1265 786/1119/1264
f 764/624/603 786/1119/1264 787/1339/1293
f 790/1340/1294 770/553/1295 768/551/605
f 789/1341/1296 790/1340/1294 768/551/605
f 764/624/603 787/1339/1293 776/1342/1297
f 788/625/604 789/1341/1296 768/551/605
f 764/624/603 776/1342/1297 788/625/604
f 318/220/159 314/203/131 313/221/160
f 863/1343/1298 864/1261/1239 846/638/1238
f 844/636/642 842/634/3 839/632/643
f 839/632/643 837/630/3 835/628/1099
f 839/632/643 835/628/1099 860/1120/1098
f 863/1343/1298 846/638/1238 844/636/642
f 862/1341/1299 863/1343/1298 844/636/642
f 839/632/643 860/1120/1098 849/1344/1300
f 861/653/644 862/1341/1299 844/636/642
f 839/632/643 849/1344/1300 861/653/644
f 276/660/651 277/984/1301 58/658/649
f 58/658/649 59/988/12 217/659/650
f 792/668/662 777/1345/1302 749/558/1303
f 749/558/1303 774/1104/2 772/555/663
f 772/555/663 770/553/1295 790/1340/1294
f 772/555/663 790/1340/1294 791/669/664
f 792/668/662 749/558/1303 772/555/663
f 935/716/710 936/1346/1304 911/701/1305
f 911/701/1305 909/699/3 907/697/711
f 907/697/711 905/1127/1286 932/789/1285
f 907/697/711 932/789/1285 933/1347/1306
f 935/716/710 911/701/1305 907/697/711
f 907/697/711 933/1347/1306 934/715/709
f 1020/719/12 1016/846/12 1028/720/12
f 820/730/723 821/614/592 812/613/591
f 399/225/725 398/1101/1047 392/732/726
f 7/1348/769 3/1349/1307 1/1350/1308
f 250/991/1309 2/1007/1309 182/783/770
f 7/1348/769 1/1350/1308 250/991/1309
f 7/1348/769 250/991/1309 182/783/770
f 182/783/770 130/945/771 6/784/771
f 6/784/771 10/949/10 11/782/769
f 11/782/769 7/1348/769 182/783/770
f 993/1351/1310 969/763/1311 967/761/1312
f 967/761/1312 965/759/2 963/757/778
f 963/757/778 961/755/2 959/753/779
f 959/753/779 956/751/2 954/749/1243
f 954/749/1243 986/607/1242 987/608/1313
f 959/753/779 954/749/1243 987/608/1313
f 981/1352/1314 993/1351/1310 967/761/1312
f 991/1353/1315 981/1352/1314 967/761/1312
f 959/753/779 987/608/1313 988/1354/1316
f 959/753/779 988/1354/1316 989/1355/1317
f 991/1353/1315 967/761/1312 963/757/778
f 959/753/779 989/1355/1317 990/789/780
f 990/789/780 991/1353/1315 963/757/778
f 981/790/781 992/785/774 1005/786/775
f 553/803/2 560/1356/2 563/801/2
f 563/801/2 555/1357/2 552/802/2
f 1011/1161/7 1021/876/7 1060/874/7
f 1011/1161/7 1060/874/7 1064/1162/7
f 1061/853/7 1019/1091/7 1015/1152/7
f 1015/1152/7 1011/1161/7 1064/1162/7
f 1015/1152/7 1064/1162/7 1063/804/7
f 1062/1158/7 1061/853/7 1015/1152/7
f 1010/854/7 1057/1090/7 1058/806/7
f 1062/1158/7 1015/1152/7 1063/804/7
f 1014/875/7 1010/854/7 1058/806/7
f 1058/806/7 1062/1158/7 1063/804/7
f 1059/805/7 1014/875/7 1058/806/7
f 1011/807/12 1043/828/12 1045/808/12
f 1017/810/9 1035/842/9 1033/811/9
f 1039/813/9 1040/843/9 1038/56/9
f 1032/815/791 1030/819/791 1026/721/791
f 1056/816/9 1055/847/9 1053/817/9
f 1030/819/12 1032/815/12 1031/820/12
f 1025/523/12 1027/522/12 1015/821/12
f 1050/823/2 1049/294/2 1043/824/2
f 1054/818/2 1053/817/2 1041/826/2
f 1049/294/446 1051/296/446 1045/808/446
f 452/829/9 445/1358/9 444/830/9
f 1052/295/791 1050/823/791 1044/832/791
f 1044/832/12 1012/848/12 1022/834/12
f 1024/835/9 1048/841/9 1042/836/9
f 1135/838/9 1129/852/9 1101/839/9
f 1112/835/9 1102/837/9 1130/836/9
f 1105/810/9 1097/812/9 1121/811/9
f 1039/813/234 1037/814/234 1033/811/234
f 1113/523/12 1107/822/12 1103/821/12
f 1117/521/446 1113/523/446 1115/522/446
f 1099/807/12 1109/809/12 1133/808/12
f 1120/815/791 1116/720/791 1114/721/791
f 1303/813/791 1301/814/791 1297/811/791
f 1127/813/9 1125/814/9 1126/56/9
f 1124/57/9 1122/58/9 1098/844/9
f 1118/819/12 1117/521/12 1119/820/12
f 1108/719/12 1114/721/12 1116/720/12
f 1144/816/9 1142/818/9 1141/817/9
f 1132/832/12 1134/833/12 1110/834/12
f 1138/823/3 1132/825/3 1131/824/3
f 1137/294/446 1131/828/446 1133/808/446
f 1137/294/12 1139/296/12 1140/295/12
f 1140/295/791 1134/833/791 1132/832/791
f 1142/818/13 1144/816/13 1136/841/13
f 1537/889/2 1559/888/2 1566/849/2
f 1540/850/2 1539/1359/2 1536/1360/2
f 1536/1360/2 1541/1361/2 1543/1013/2
f 1544/851/2 1542/1362/2 1537/889/2
f 1540/850/2 1536/1360/2 1543/1013/2
f 1544/851/2 1537/889/2 1566/849/2
f 1540/850/2 1543/1013/2 1544/851/2
f 1187/807/9 1197/809/9 1221/808/9
f 1196/719/9 1202/721/9 1204/720/9
f 1193/810/12 1185/812/12 1209/811/12
f 1127/813/234 1123/842/234 1121/811/234
f 1215/813/12 1213/814/12 1214/56/12
f 1205/521/13 1201/523/13 1203/522/13
f 1212/57/12 1210/58/12 1186/844/12
f 1126/56/13 1122/58/13 1124/57/13
f 1206/819/9 1205/521/9 1207/820/9
f 1200/835/12 1190/837/12 1218/836/12
f 1230/818/446 1232/816/446 1224/841/446
f 1228/295/234 1222/833/234 1220/832/234
f 1225/294/9 1227/296/9 1228/295/9
f 1223/838/791 1231/847/791 1229/817/791
f 1232/816/12 1230/818/12 1229/817/12
f 1226/823/2 1220/825/2 1219/824/2
f 1225/294/13 1219/828/13 1221/808/13
f 1282/855/7 1283/1091/7 1325/853/7
f 1325/853/7 1321/1090/7 1274/854/7
f 1275/1161/7 1285/876/7 1324/874/7
f 1275/1161/7 1324/874/7 1328/1162/7
f 1325/853/7 1283/1091/7 1279/1152/7
f 1279/1152/7 1275/1161/7 1328/1162/7
f 1279/1152/7 1328/1162/7 1327/804/7
f 1326/1158/7 1325/853/7 1279/1152/7
f 1274/854/7 1321/1090/7 1322/806/7
f 1326/1158/7 1279/1152/7 1327/804/7
f 1278/875/7 1274/854/7 1322/806/7
f 1322/806/7 1326/1158/7 1327/804/7
f 1323/805/7 1278/875/7 1322/806/7
f 1302/56/446 1304/843/446 1300/57/446
f 1311/838/12 1287/840/12 1277/839/12
f 1294/819/9 1296/815/9 1295/820/9
f 1296/815/234 1294/819/234 1290/721/234
f 1288/835/12 1312/841/12 1306/836/12
f 1293/521/13 1295/820/13 1291/522/13
f 1312/841/446 1320/816/446 1318/818/446
f 1275/807/9 1307/828/9 1309/808/9
f 1303/813/12 1304/843/12 1302/56/12
f 1300/57/12 1282/845/12 1274/844/12
f 1311/838/791 1305/852/791 1317/817/791
f 1308/832/9 1276/848/9 1286/834/9
f 1316/295/234 1314/823/234 1308/832/234
f 1320/816/12 1319/847/12 1317/817/12
f 1314/823/3 1313/294/3 1307/824/3
f 1313/294/13 1315/296/13 1309/808/13
f 1313/294/9 1314/823/9 1316/295/9
f 1469/856/792 1483/1322/3 1472/857/793
f 1407/859/795 1410/1173/796 1368/860/796
f 1399/863/10 1397/873/10 1402/864/10
f 1215/813/791 1211/842/791 1209/811/791
f 1391/868/2 1400/911/2 1398/1184/2
f 1391/868/2 1398/1184/2 1395/866/2
f 1371/867/2 1392/1363/2 1391/868/2
f 1394/869/9 1393/1364/9 1383/870/9
f 1423/872/9 1426/1169/9 1453/863/9
f 1099/1161/7 1152/1162/7 1148/874/7
f 1148/874/7 1147/805/7 1102/875/7
f 1102/875/7 1112/1365/7 1109/876/7
f 1109/876/7 1099/1161/7 1148/874/7
f 1575/297/800 1574/299/827 1568/298/801
f 1416/878/806 1443/1366/3 1442/884/807
f 1456/864/809 1455/865/1318 1468/885/810
f 1527/857/812 1538/1322/2 1524/856/813
f 1395/887/12 1398/904/12 1396/888/12
f 1499/880/818 1510/559/1319 1508/1332/1320
f 1499/880/818 1508/1332/1320 1480/892/817
f 1503/561/817 1502/560/817 1499/880/818
f 1425/893/12 1446/906/12 1430/894/12
f 1517/401/822 1518/891/1321 1516/402/823
f 1521/297/825 1513/862/1322 1514/298/826
f 1470/878/812 1498/1366/2 1497/884/813
f 1437/870/9 1447/1364/9 1448/869/9
f 1577/885/833 1564/865/1323 1565/864/834
f 1415/856/836 1429/1322/2 1418/857/837
f 1383/870/7 1393/1364/7 1390/897/7
f 1390/897/7 1368/1367/7 1410/1368/7
f 1408/898/7 1367/883/7 1382/882/7
f 1390/897/7 1410/1368/7 1408/898/7
f 1382/882/7 1383/870/7 1390/897/7
f 1508/863/10 1510/865/10 1511/864/10
f 1475/883/3 1490/903/3 1522/881/3
f 1507/1184/2 1509/911/2 1500/868/2
f 1500/868/2 1501/1363/2 1479/867/2
f 1504/866/2 1507/1184/2 1500/868/2
f 1479/893/9 1501/906/9 1484/894/9
f 1491/870/12 1502/1364/12 1503/869/12
f 1444/897/7 1447/1364/7 1437/870/7
f 1436/882/7 1421/883/7 1462/1183/7
f 1444/897/7 1437/870/7 1436/882/7
f 1464/899/7 1422/1367/7 1444/897/7
f 1436/882/7 1462/1183/7 1464/899/7
f 14/900/7 15/1369/7 29/901/7
f 29/901/7 23/1370/7 18/902/7
f 1412/297/844 1411/299/241 1405/298/845
f 1551/884/792 1552/1366/3 1525/878/793
f 1414/885/851 1401/865/1318 1402/864/852
f 1388/884/836 1389/1366/2 1362/878/837
f 1504/887/9 1482/889/9 1505/888/9
f 1530/883/855 1571/1172/855 1572/905/855
f 1444/880/857 1455/559/1324 1453/1332/1325
f 1444/880/857 1453/1332/1325 1426/892/856
f 1448/561/856 1447/560/856 1444/880/857
f 1534/893/9 1536/895/9 1539/894/9
f 1374/889/3 1396/888/3 1403/849/3
f 1377/850/3 1376/1359/3 1373/1360/3
f 1373/1360/3 1378/1361/3 1380/1013/3
f 1381/851/3 1379/1362/3 1374/889/3
f 1377/850/3 1373/1360/3 1380/1013/3
f 1381/851/3 1374/889/3 1403/849/3
f 1377/850/3 1380/1013/3 1381/851/3
f 860/580/636 872/649/635 873/657/648
f 1613/908/7 1614/1199/7 1628/909/7
f 674/501/480 673/502/1262 670/497/481
f 1524/856/9 1538/1322/9 1540/850/9
f 1524/856/9 1540/850/9 1566/1176/9
f 1554/868/9 1552/1366/9 1551/912/9
f 1524/856/9 1566/1176/9 1563/911/9
f 1563/911/9 1554/868/9 1551/912/9
f 1620/913/864 1623/924/1326 1627/914/865
f 114/55/867 108/1371/867 104/916/867
f 1588/917/7 1586/1198/7 1601/918/7
f 1635/921/869 1634/1333/1327 1627/914/870
f 1627/914/870 1623/924/1328 1633/922/871
f 1633/922/871 1630/918/1329 1635/921/869
f 677/493/872 678/494/442 672/492/873
f 1289/523/9 1291/522/9 1279/821/9
f 1620/913/10 1621/929/10 1624/923/10
f 1609/925/7 1607/1151/7 1608/926/7
f 1596/928/3 1590/1372/3 1592/929/3
f 1592/929/3 1595/923/3 1593/1373/3
f 1597/930/3 1586/1374/3 1588/1375/3
f 1592/929/3 1593/1373/3 1597/930/3
f 1597/930/3 1588/1375/3 1596/928/3
f 89/42/10 95/41/10 113/1/10
f 89/42/10 113/1/10 69/48/10
f 80/1376/10 79/1377/10 90/1378/10
f 90/1378/10 89/42/10 69/48/10
f 72/1210/10 114/55/10 96/510/10
f 90/1378/10 69/48/10 72/1210/10
f 86/1379/10 80/1376/10 90/1378/10
f 86/1379/10 90/1378/10 72/1210/10
f 72/1210/10 96/510/10 94/509/10
f 94/509/10 116/528/10 67/939/10
f 68/1271/10 115/31/10 93/33/10
f 94/509/10 67/939/10 68/1271/10
f 86/1379/10 72/1210/10 94/509/10
f 85/932/10 86/1379/10 94/509/10
f 94/509/10 68/1271/10 93/33/10
f 93/33/10 77/40/10 78/931/10
f 85/932/10 94/509/10 93/33/10
f 1477/872/12 1480/1169/12 1508/863/12
f 99/941/2 65/1380/2 67/939/2
f 67/939/2 116/528/2 106/940/2
f 36/942/7 37/1381/7 35/943/7
f 12/948/7 13/1159/7 11/782/7
f 159/130/7 160/1382/1330 161/171/7
f 161/171/7 239/1245/7 235/1248/7
f 161/171/7 235/1248/7 238/1247/7
f 228/951/7 159/130/7 161/171/7
f 237/950/7 242/1249/7 228/951/7
f 161/171/7 238/1247/7 237/950/7
f 112/1000/3 60/1383/3 58/952/3
f 58/952/3 9/1220/3 251/1219/3
f 58/952/3 251/1219/3 253/992/3
f 249/954/3 112/1000/3 58/952/3
f 58/952/3 253/992/3 252/953/3
f 76/1384/9 85/933/9 88/935/881
f 84/955/9 78/934/9 77/936/9
f 84/955/9 77/936/9 83/1385/9
f 92/938/9 89/937/9 74/1386/9
f 69/1387/9 70/1388/9 62/1389/9
f 62/1389/9 109/1390/2 284/956/9
f 284/956/9 60/1391/9 112/1392/9
f 112/1392/9 64/1393/9 66/1394/9
f 112/1392/9 66/1394/9 68/1395/9
f 69/1387/9 62/1389/9 284/956/9
f 74/1386/9 69/1387/9 284/956/9
f 112/1392/9 68/1395/9 76/1384/9
f 284/956/9 112/1392/9 76/1384/9
f 92/938/9 74/1386/9 284/956/9
f 83/1385/9 92/938/9 284/956/9
f 284/956/9 76/1384/9 88/935/881
f 84/955/9 83/1385/9 284/956/9
f 526/377/3 528/386/3 529/389/3
f 529/389/3 531/371/3 532/382/3
f 532/382/3 534/388/3 536/365/3
f 536/365/3 539/380/3 526/377/3
f 526/377/3 529/389/3 532/382/3
f 719/247/882 722/514/882 721/531/882
f 808/959/885 809/592/1331 797/591/886
f 110/65/12 61/67/12 71/1396/12
f 110/65/12 71/1396/12 72/1397/12
f 283/980/12 282/1398/12 110/65/12
f 65/1399/12 63/982/12 111/1400/12
f 110/65/12 72/1397/12 73/1401/12
f 73/1401/12 90/976/12 91/978/12
f 81/979/12 79/977/12 80/1402/12
f 81/979/12 80/1402/12 82/1403/1332
f 87/975/12 86/974/12 75/1404/12
f 283/980/12 110/65/12 73/1401/12
f 65/1399/12 111/1400/12 283/980/12
f 67/1405/12 65/1399/12 283/980/12
f 283/980/12 73/1401/12 91/978/12
f 283/980/12 91/978/12 81/979/12
f 75/1404/12 67/1405/12 283/980/12
f 81/979/12 82/1403/1332 87/975/12
f 87/975/12 75/1404/12 283/980/12
f 112/981/2 111/1400/2 63/982/2
f 222/987/900 270/1003/1333 57/985/898
f 57/985/898 56/1004/9 213/986/899
f 250/991/7 1/1350/7 252/953/7
f 54/993/7 55/1406/7 231/994/7
f 47/998/7 31/1407/7 229/1102/7
f 243/1408/7 245/1409/7 246/1410/7
f 47/998/7 229/1102/7 243/1408/7
f 52/1411/7 53/1412/7 47/998/7
f 110/997/7 30/1413/7 46/1414/7
f 46/1414/7 52/1411/7 47/998/7
f 47/998/7 243/1408/7 246/1410/7
f 244/996/7 230/1415/7 109/1416/7
f 47/998/7 246/1410/7 244/996/7
f 110/997/7 46/1414/7 47/998/7
f 244/996/7 109/1416/7 110/997/7
f 3/1349/7 7/1348/7 24/1417/7
f 24/1417/7 26/1418/7 27/1419/7
f 25/999/7 8/1420/7 111/1421/7
f 24/1417/7 27/1419/7 25/999/7
f 263/1001/7 3/1349/7 24/1417/7
f 268/1422/7 269/1423/7 263/1001/7
f 112/1000/7 249/954/7 262/1424/7
f 262/1424/7 268/1422/7 263/1001/7
f 263/1001/7 24/1417/7 25/999/7
f 25/999/7 111/1421/7 112/1000/7
f 112/1000/7 262/1424/7 263/1001/7
f 684/512/907 686/496/468 683/513/908
f 851/1011/912 866/576/638 867/651/640
f 1457/849/2 1450/888/2 1428/889/2
f 1428/889/2 1433/1362/2 1435/851/2
f 1434/1013/2 1432/1361/2 1427/1360/2
f 1457/849/2 1428/889/2 1435/851/2
f 1434/1013/2 1427/1360/2 1430/1359/2
f 1457/849/2 1435/851/2 1434/1013/2
f 1434/1013/2 1430/1359/2 1431/850/2
f 30/1413/2 110/997/2 282/1014/2
f 282/1014/2 57/1425/2 117/1015/2
f 117/1015/2 33/1426/1334 37/1381/7
f 36/942/2 30/1413/2 282/1014/2
f 117/1015/2 37/1381/7 36/942/2
f 1085/1016/2 1086/1157/2 1020/1155/2
f 1026/1017/2 1030/819/2 1083/1427/2
f 1085/1016/2 1020/1155/2 1026/1017/2
f 1026/1017/2 1083/1427/2 1084/1018/2
f 197/479/1335 198/115/1336 176/131/1337
f 129/81/1338 136/76/1338 137/75/1338
f 128/84/10 129/81/1338 137/75/1338
f 197/479/1335 176/131/1337 177/964/1339
f 192/113/1340 197/479/1335 177/964/1339
f 127/946/1341 128/84/10 137/75/1338
f 127/946/1341 137/75/1338 138/165/1342
f 192/113/1340 177/964/1339 167/967/1343
f 191/111/915 192/113/1340 167/967/1343
f 170/972/1344 127/946/1341 138/165/1342
f 170/972/1344 138/165/1342 189/229/1341
f 191/111/915 167/967/1343 168/140/10
f 170/972/1344 189/229/1341 190/112/914
f 191/111/915 168/140/10 169/137/915
f 169/137/915 170/972/1344 190/112/914
f 196/961/1345 195/97/1346 171/99/1347
f 187/125/1348 210/122/1349 211/120/1350
f 187/125/1348 211/120/1350 212/1229/1351
f 196/961/1345 171/99/1347 181/102/1352
f 201/478/1352 196/961/1345 181/102/1352
f 186/126/1353 187/125/1348 212/1229/1351
f 186/126/1353 212/1229/1351 204/1227/1353
f 201/478/1352 181/102/1352 180/101/7
f 202/114/916 201/478/1352 180/101/7
f 178/153/1354 186/126/1353 204/1227/1353
f 178/153/1354 204/1227/1353 203/107/917
f 202/114/916 180/101/7 179/104/916
f 179/104/916 178/153/1354 203/107/917
f 314/1428/3 302/1429/3 303/1430/3
f 303/1430/3 304/1431/3 300/1019/3
f 300/1019/3 301/1035/3 310/1432/3
f 310/1432/3 311/1433/3 312/1031/3
f 312/1031/3 286/1434/3 287/1435/3
f 287/1435/3 288/1436/3 289/1020/3
f 289/1020/3 291/1437/3 292/1438/3
f 292/1438/3 293/1439/3 290/209/3
f 290/209/3 313/1440/3 314/1428/3
f 314/1428/3 303/1430/3 300/1019/3
f 300/1019/3 310/1432/3 312/1031/3
f 312/1031/3 287/1435/3 289/1020/3
f 289/1020/3 292/1438/3 290/209/3
f 290/209/3 314/1428/3 300/1019/3
f 300/1019/3 312/1031/3 289/1020/3
f 341/1441/2 342/1442/2 343/1443/2
f 343/1443/2 344/1444/2 345/1023/2
f 345/1023/2 353/1445/2 354/1446/2
f 354/1446/2 355/222/2 332/181/2
f 332/181/2 333/1447/2 334/1448/2
f 334/1448/2 320/1037/2 330/1024/2
f 330/1024/2 331/1449/2 329/1450/2
f 329/1450/2 351/1178/2 352/1025/2
f 352/1025/2 340/1451/2 341/1441/2
f 341/1441/2 343/1443/2 345/1023/2
f 345/1023/2 354/1446/2 332/181/2
f 332/181/2 334/1448/2 330/1024/2
f 330/1024/2 329/1450/2 352/1025/2
f 352/1025/2 341/1441/2 345/1023/2
f 345/1023/2 332/181/2 330/1024/2
f 454/302/3 455/304/3 458/310/3
f 458/310/3 460/315/3 462/313/3
f 462/313/3 464/312/3 466/327/3
f 466/327/3 518/1273/3 516/1452/3
f 466/327/3 516/1452/3 514/1319/3
f 458/310/3 462/313/3 466/327/3
f 478/300/3 454/302/3 458/310/3
f 524/1453/3 522/1274/3 478/300/3
f 510/1027/3 524/1453/3 478/300/3
f 458/310/3 466/327/3 514/1319/3
f 458/310/3 514/1319/3 511/1026/3
f 510/1027/3 478/300/3 458/310/3
f 503/1028/2 421/1284/2 425/1029/2
f 336/1019/3 337/1035/3 346/1432/3
f 346/1432/3 347/1433/3 348/1031/3
f 348/1031/3 321/1434/3 322/1454/3
f 322/1454/3 323/1455/3 324/1020/3
f 324/1020/3 326/1437/3 327/1438/3
f 327/1438/3 328/1439/3 325/209/3
f 325/209/3 349/1440/3 350/1428/3
f 350/1428/3 338/1456/3 339/1032/3
f 339/1032/3 335/1457/3 336/1019/3
f 336/1019/3 346/1432/3 348/1031/3
f 348/1031/3 322/1454/3 324/1020/3
f 324/1020/3 327/1438/3 325/209/3
f 325/209/3 350/1428/3 339/1032/3
f 339/1032/3 336/1019/3 348/1031/3
f 348/1031/3 324/1020/3 325/209/3
f 381/1031/2 357/1434/2 358/1033/2
f 358/1033/2 359/1455/2 360/1020/2
f 360/1020/2 362/1458/2 363/1459/2
f 363/1459/2 364/1460/2 361/209/2
f 361/209/2 382/1461/2 383/1034/2
f 383/1034/2 374/1462/2 371/1463/2
f 371/1463/2 372/1464/2 373/1035/2
f 373/1035/2 379/1465/2 380/1466/2
f 380/1466/2 381/1031/2 358/1033/2
f 358/1033/2 360/1020/2 363/1459/2
f 363/1459/2 361/209/2 383/1034/2
f 383/1034/2 371/1463/2 373/1035/2
f 373/1035/2 380/1466/2 358/1033/2
f 358/1033/2 363/1459/2 383/1034/2
f 356/1037/3 366/1467/3 367/1449/3
f 367/1449/3 365/1468/3 384/1469/3
f 384/1469/3 385/1043/3 376/1470/3
f 376/1470/3 377/1471/3 375/1036/3
f 375/1036/3 378/1472/3 386/1473/3
f 386/1473/3 387/1446/3 388/206/3
f 388/206/3 368/214/3 369/1474/3
f 369/1474/3 370/1475/3 356/1037/3
f 356/1037/3 367/1449/3 384/1469/3
f 384/1469/3 376/1470/3 375/1036/3
f 375/1036/3 386/1473/3 388/206/3
f 388/206/3 369/1474/3 356/1037/3
f 356/1037/3 384/1469/3 375/1036/3
f 391/1033/2 392/1476/2 394/1477/2
f 394/1477/2 395/1438/2 396/1439/2
f 396/1439/2 393/209/2 414/1461/2
f 414/1461/2 415/1478/2 406/1038/2
f 406/1038/2 403/1479/2 404/1480/2
f 404/1480/2 405/1481/2 411/1039/2
f 411/1039/2 412/1482/2 413/1031/2
f 413/1031/2 390/1434/2 391/1033/2
f 391/1033/2 394/1477/2 396/1439/2
f 396/1439/2 414/1461/2 406/1038/2
f 406/1038/2 404/1480/2 411/1039/2
f 411/1039/2 413/1031/2 391/1033/2
f 391/1033/2 396/1439/2 406/1038/2
f 448/407/9 427/1483/9 423/1040/9
f 1047/838/9 1023/840/9 1013/839/9
f 410/1044/3 418/1484/3 419/1485/3
f 419/1485/3 420/206/3 400/214/3
f 400/214/3 401/1486/3 402/1487/3
f 402/1487/3 389/1037/3 398/1042/3
f 398/1042/3 399/1449/3 397/1468/3
f 397/1468/3 416/1469/3 417/1043/3
f 417/1043/3 407/1488/3 408/1489/3
f 408/1489/3 409/1490/3 410/1044/3
f 410/1044/3 419/1485/3 400/214/3
f 400/214/3 402/1487/3 398/1042/3
f 398/1042/3 397/1468/3 417/1043/3
f 417/1043/3 408/1489/3 410/1044/3
f 410/1044/3 400/214/3 398/1042/3
f 431/1045/920 434/278/230 435/277/229
f 431/802/12 430/288/12 433/290/12
f 1036/57/9 1018/845/9 1010/844/9
f 270/1003/7 223/1491/7 225/1048/7
f 226/1049/7 224/1492/7 222/987/7
f 117/1002/7 270/1003/7 225/1048/7
f 226/1049/7 222/987/7 213/986/7
f 226/1049/7 213/986/7 271/1493/7
f 271/1493/7 218/1494/7 220/1495/7
f 221/1496/1354 219/1497/7 214/1006/7
f 226/1049/7 271/1493/7 220/1495/7
f 221/1496/1354 214/1006/7 118/1498/7
f 118/1498/7 4/21/7 21/20/7
f 118/1498/7 21/20/7 20/1499/7
f 221/1496/1354 118/1498/7 20/1499/7
f 16/1500/7 17/1204/7 22/19/7
f 16/1500/7 22/19/7 28/1501/7
f 28/1501/7 29/901/7 15/1369/7
f 16/1500/7 28/1501/7 15/1369/7
f 20/1499/7 16/1500/7 15/1369/7
f 20/1499/7 15/1369/7 19/1502/7
f 221/1496/1354 20/1499/7 19/1502/7
f 18/902/7 23/1370/7 6/784/7
f 221/1496/1354 19/1502/7 18/902/7
f 18/902/7 6/784/7 119/80/7
f 119/80/7 120/1503/1355 121/1504/7
f 121/1504/7 122/159/7 163/1050/7
f 163/1050/7 164/1505/1356 165/1214/7
f 165/1214/7 40/1232/7 41/1506/7
f 45/1507/7 44/168/7 51/1231/7
f 163/1050/7 165/1214/7 41/1506/7
f 41/1506/7 45/1507/7 51/1231/7
f 49/1508/7 33/1426/7 117/1002/7
f 41/1506/7 51/1231/7 49/1508/7
f 119/80/7 121/1504/7 163/1050/7
f 221/1496/1354 18/902/7 119/80/7
f 221/1496/1354 119/80/7 163/1050/7
f 163/1050/7 41/1506/7 49/1508/7
f 163/1050/7 49/1508/7 117/1002/7
f 220/1495/7 221/1496/1354 163/1050/7
f 226/1049/7 220/1495/7 163/1050/7
f 163/1050/7 117/1002/7 225/1048/7
f 428/410/3 436/1302/3 441/1509/3
f 441/1509/3 438/1300/3 541/1051/3
f 541/1051/3 422/1292/3 450/1293/3
f 450/1293/3 451/1294/3 444/1295/3
f 446/1296/3 447/1084/3 490/1267/3
f 450/1293/3 444/1295/3 446/1296/3
f 428/410/3 441/1509/3 541/1051/3
f 484/1510/3 485/1269/3 428/410/3
f 481/1511/3 484/1510/3 428/410/3
f 450/1293/3 446/1296/3 490/1267/3
f 450/1293/3 490/1267/3 493/1297/3
f 482/1512/3 481/1511/3 428/410/3
f 480/1513/3 482/1512/3 428/410/3
f 450/1293/3 493/1297/3 488/1298/3
f 450/1293/3 488/1298/3 487/1052/3
f 480/1513/3 428/410/3 541/1051/3
f 483/1514/3 480/1513/3 541/1051/3
f 541/1051/3 450/1293/3 487/1052/3
f 486/1053/3 483/1514/3 541/1051/3
f 452/1283/2 421/1284/2 503/1028/2
f 452/1283/2 503/1028/2 505/1515/2
f 449/1281/2 445/1282/2 452/1283/2
f 426/1057/2 427/1289/2 448/390/2
f 449/1281/2 452/1283/2 505/1515/2
f 448/390/2 449/1281/2 505/1515/2
f 448/390/2 505/1515/2 506/1516/2
f 437/1056/2 429/1517/2 426/1057/2
f 435/1518/2 440/1519/2 437/1056/2
f 504/1030/2 425/1029/2 435/1518/2
f 502/1520/2 504/1030/2 435/1518/2
f 448/390/2 506/1516/2 507/1521/2
f 448/390/2 507/1521/2 498/1522/2
f 502/1520/2 435/1518/2 437/1056/2
f 501/1523/2 502/1520/2 437/1056/2
f 426/1057/2 448/390/2 498/1522/2
f 426/1057/2 498/1522/2 497/1524/2
f 500/1525/2 501/1523/2 437/1056/2
f 494/1526/2 500/1525/2 437/1056/2
f 426/1057/2 497/1524/2 499/1527/2
f 426/1057/2 499/1527/2 496/1528/2
f 495/1055/2 494/1526/2 437/1056/2
f 426/1057/2 496/1528/2 495/1055/2
f 444/393/7 445/1291/7 449/394/7
f 523/1529/2 508/1275/2 479/1054/2
f 479/1054/2 477/346/2 475/342/2
f 475/342/2 473/337/2 471/441/2
f 471/441/2 469/442/2 467/328/2
f 467/328/2 519/1278/2 521/1058/2
f 521/1058/2 523/1529/2 479/1054/2
f 479/1054/2 475/342/2 471/441/2
f 471/441/2 467/328/2 521/1058/2
f 533/373/2 530/357/2 527/387/2
f 527/387/2 525/368/2 540/375/2
f 540/375/2 538/1059/2 537/362/2
f 537/362/2 535/383/2 533/373/2
f 533/373/2 527/387/2 540/375/2
f 547/1060/7 550/1095/7 549/1061/7
f 569/407/12 548/1483/12 544/1040/12
f 799/1063/959 811/731/1357 812/613/960
f 552/802/9 551/288/9 554/290/9
f 1281/810/12 1299/842/12 1297/811/12
f 573/829/12 566/1358/12 565/830/12
f 628/1530/3 630/1285/3 546/1029/3
f 546/1029/3 561/1531/3 557/1069/3
f 557/1069/3 550/1517/3 547/1057/3
f 547/1057/3 548/1289/3 623/1288/3
f 547/1057/3 623/1288/3 622/1532/3
f 628/1530/3 546/1029/3 557/1069/3
f 627/1533/3 628/1530/3 557/1069/3
f 547/1057/3 622/1532/3 621/1534/3
f 547/1057/3 621/1534/3 620/1070/3
f 625/1535/3 627/1533/3 557/1069/3
f 626/1536/3 625/1535/3 557/1069/3
f 557/1069/3 547/1057/3 620/1070/3
f 619/1071/3 626/1536/3 557/1069/3
f 1018/855/7 1019/1091/7 1061/853/7
f 1061/853/7 1057/1090/7 1010/854/7
f 645/1537/3 646/1312/3 599/450/3
f 599/450/3 597/447/3 595/444/3
f 595/444/3 593/437/3 591/1067/3
f 591/1067/3 589/435/3 587/433/3
f 587/433/3 584/429/3 582/427/3
f 582/427/3 637/1311/3 639/1538/3
f 582/427/3 639/1538/3 641/1072/3
f 591/1067/3 587/433/3 582/427/3
f 599/450/3 595/444/3 591/1067/3
f 645/1537/3 599/450/3 591/1067/3
f 591/1067/3 582/427/3 641/1072/3
f 642/1073/3 645/1537/3 591/1067/3
f 654/490/2 656/472/2 657/486/2
f 657/486/2 659/1077/2 661/1075/2
f 661/1075/2 663/469/2 665/475/2
f 665/475/2 651/483/2 652/482/2
f 652/482/2 654/490/2 657/486/2
f 657/486/2 661/1075/2 665/475/2
f 559/1074/3 564/1539/3 554/290/3
f 740/1079/1000 736/503/1358 728/495/1001
f 699/1081/1003 695/1088/1359 689/516/1004
f 432/803/3 442/1540/3 434/1082/3
f 1230/818/2 1218/827/2 1217/826/2
f 615/1083/2 618/1297/2 568/1084/2
f 568/1084/2 544/1268/2 614/1085/2
f 738/1086/1006 734/1089/1360 731/500/1007
f 737/1087/1009 743/524/1361 730/497/1010
f 720/1079/1013 721/1080/1362 708/495/1014
f 739/1081/1016 742/1078/1029 729/516/1017
f 1214/56/446 1210/58/446 1212/57/446
f 718/1086/1019 712/499/1363 711/500/1020
f 662/462/3 660/487/3 658/72/3
f 658/72/3 655/489/3 653/387/3
f 653/387/3 650/484/3 666/1076/3
f 666/1076/3 664/463/3 662/462/3
f 662/462/3 658/72/3 653/387/3
f 680/1079/1006 676/503/1364 668/495/1022
f 679/1081/1024 682/1078/1010 669/516/1025
f 1208/815/234 1204/720/234 1202/721/234
f 1107/1091/7 1106/855/7 1098/854/7
f 1098/854/7 1146/806/7 1145/1090/7
f 678/1086/1000 674/1089/1365 671/500/1026
f 423/1040/13 427/1483/13 426/1060/13
f 677/1087/1028 683/524/1366 670/497/1029
f 329/172/192 331/175/143 322/213/145
f 869/1092/1031 870/642/627 856/641/626
f 1591/913/10 1594/924/10 1595/923/10
f 554/1094/1033 564/405/1367 556/406/1368
f 550/1095/1034 557/404/1369 560/1064/1370
f 550/1095/1034 560/1064/1370 553/1541/13
f 554/1094/1033 556/406/1368 549/1061/13
f 550/1095/1034 553/1541/13 554/1094/1033
f 700/1079/1019 701/1080/1371 688/495/1035
f 794/1096/1037 806/605/1372 807/1097/1038
f 544/1040/446 548/1483/446 547/1060/446
f 810/1099/1040 811/731/1357 799/1063/959
f 858/1100/1043 871/1122/1116 872/649/635
f 686/496/499 684/512/1257 668/495/500
f 135/119/64 208/123/68 209/962/889
f 682/514/1044 681/531/1255 683/513/1045
f 389/179/208 394/260/207 392/732/726
f 365/210/140 357/174/142 381/223/222
f 34/944/1050 35/943/10 32/1012/1373
f 32/1012/1373 167/967/1374 177/964/1048
f 177/964/1048 228/951/1375 55/1406/1375
f 55/1406/1375 54/993/3 229/1102/1049
f 229/1102/1049 31/1407/1376 34/944/1050
f 34/944/1050 32/1012/1373 177/964/1048
f 177/964/1048 55/1406/1375 229/1102/1049
f 433/1094/1051 443/284/1377 436/406/1378
f 429/1095/1052 437/283/1379 442/282/1380
f 429/1095/1052 442/282/1380 432/1541/1381
f 433/1094/1051 436/406/1378 428/1061/446
f 429/1095/1052 432/1541/1381 433/1094/1051
f 1004/1542/1382 1003/1543/1383 1002/1113/1075
f 1002/1113/1075 1001/1544/1384 1000/1545/1385
f 1000/1545/1385 1008/1546/1386 1007/1114/1076
f 1007/1114/1076 1006/1547/1387 1005/1115/1077
f 1005/1115/1077 1004/1542/1382 1002/1113/1075
f 1002/1113/1075 1000/1545/1385 1007/1114/1076
f 971/765/1090 969/763/1311 993/1351/1310
f 971/765/1090 993/1351/1310 982/1548/1388
f 975/770/1089 973/767/2 971/765/1090
f 983/1549/1389 996/1264/1244 975/770/1089
f 984/1550/1390 983/1549/1389 975/770/1089
f 971/765/1090 982/1548/1388 994/1117/1088
f 994/1117/1088 984/1550/1390 975/770/1089
f 325/209/164 332/181/109 355/222/161
f 687/498/1091 685/515/474 682/514/1092
f 297/181/109 290/209/164 293/182/110
f 751/536/1096 749/558/1303 777/1345/1302
f 751/536/1096 777/1345/1302 779/1551/1391
f 755/541/1095 753/539/2 751/536/1096
f 780/1118/1094 781/1326/1266 755/541/1095
f 751/536/1096 779/1551/1391 780/1118/1094
f 719/1081/1100 715/1088/1392 709/516/1101
f 1598/914/1103 1594/924/1393 1591/913/1104
f 870/677/671 880/676/670 881/320/655
f 1195/1091/7 1194/855/7 1186/854/7
f 1186/854/7 1234/806/7 1233/1090/7
f 345/1021/918 344/1022/919 339/218/155
f 999/1129/1135 1000/465/773 1001/1130/1136
f 795/1132/1138 807/610/1394 808/959/885
f 552/1045/1139 555/399/334 561/398/333
f 209/962/1395 210/122/1396 188/129/1397
f 172/94/1398 195/97/1399 194/110/1400
f 172/94/1398 194/110/1400 193/1230/1401
f 209/962/1395 188/129/1397 131/88/1402
f 139/118/1403 209/962/1395 131/88/1402
f 173/95/1404 172/94/1398 193/1230/1401
f 173/95/1404 193/1230/1401 142/1228/1404
f 139/118/1403 131/88/1402 132/87/7
f 140/74/1144 139/118/1403 132/87/7
f 134/150/1405 173/95/1404 142/1228/1404
f 134/150/1405 142/1228/1404 141/116/1143
f 140/74/1144 132/87/7 133/90/1144
f 133/90/1144 134/150/1405 141/116/1143
f 815/1136/1147 822/1552/1406 821/1553/1407
f 821/1553/1407 820/1554/1408 819/1134/1145
f 819/1134/1145 818/1555/1409 817/1135/1146
f 817/1135/1146 816/1556/1410 815/1136/1147
f 815/1136/1147 821/1553/1407 819/1134/1145
f 1364/857/806 1375/1322/3 1361/856/807
f 941/1557/1411 925/1335/1289 922/1128/1288
f 922/1128/1288 920/711/3 919/709/1162
f 919/709/1162 917/707/3 915/705/1163
f 915/705/1163 913/703/3 911/701/1305
f 911/701/1305 936/1346/1304 924/1558/1412
f 915/705/1163 911/701/1305 924/1558/1412
f 941/1557/1411 922/1128/1288 919/709/1162
f 940/1559/1413 941/1557/1411 919/709/1162
f 915/705/1163 924/1558/1412 937/1560/1414
f 939/1138/1161 940/1559/1413 919/709/1162
f 915/705/1163 937/1560/1414 939/1138/1161
f 986/1139/1164 1001/1130/1136 1002/795/786
f 438/275/227 439/274/226 430/280/1165
f 698/1086/1013 692/499/1415 691/500/1166
f 1511/864/1168 1510/865/1323 1523/885/1169
f 717/1087/1171 713/502/1359 710/497/1005
f 805/603/1073 806/605/1416 794/1096/1173
f 947/1561/1417 946/1562/1418 945/1141/1177
f 945/1141/1177 944/1563/1419 943/1564/1420
f 943/1564/1420 951/1565/1421 950/1142/1178
f 950/1142/1178 949/1566/1422 948/1143/1179
f 948/1143/1179 947/1561/1417 945/1141/1177
f 945/1141/1177 943/1564/1420 950/1142/1178
f 1082/1567/2 1083/1427/2 1030/819/2
f 1030/819/2 1029/521/2 1025/1568/2
f 1036/1569/2 1040/843/2 1039/813/2
f 1036/1569/2 1039/813/2 1035/1168/2
f 1082/1567/2 1030/819/2 1025/1568/2
f 1081/1570/1407 1082/1567/2 1025/1568/2
f 1020/1155/2 1086/1157/2 1087/1156/2
f 1020/1155/2 1087/1156/2 1088/1571/2
f 1081/1570/1407 1025/1568/2 1019/1091/2
f 1080/1572/2 1081/1570/1407 1019/1091/2
f 1020/1155/2 1088/1571/2 1089/1164/1181
f 1017/1163/2 1020/1155/2 1089/1164/1181
f 1017/1163/2 1089/1164/1181 1090/1573/2
f 1017/1163/2 1090/1573/2 1091/1574/2
f 1035/1168/2 1017/1163/2 1091/1574/2
f 1035/1168/2 1091/1574/2 1092/1575/2
f 1035/1168/2 1092/1575/2 1093/1576/2
f 1035/1168/2 1093/1576/2 1094/1577/2
f 1035/1168/2 1094/1577/2 1095/1578/2
f 1035/1168/2 1095/1578/2 1096/1154/2
f 1036/1569/2 1035/1168/2 1096/1154/2
f 1036/1569/2 1096/1154/2 1065/1153/1423
f 1079/1579/2 1080/1572/2 1019/1091/2
f 1078/1580/2 1079/1579/2 1019/1091/2
f 1018/855/2 1036/1569/2 1065/1153/1423
f 1018/855/2 1065/1153/1423 1066/1581/2
f 1077/1582/2 1078/1580/2 1019/1091/2
f 1076/1166/2 1077/1582/2 1019/1091/2
f 1018/855/2 1066/1581/2 1067/1583/2
f 1018/855/2 1067/1583/2 1068/1584/2
f 1075/1167/2 1076/1166/2 1019/1091/2
f 1074/1585/2 1075/1167/2 1019/1091/2
f 1018/855/2 1068/1584/2 1069/1586/2
f 1018/855/2 1069/1586/2 1070/1587/2
f 1073/1588/1424 1074/1585/2 1019/1091/2
f 1073/1588/1424 1019/1091/2 1018/855/2
f 1018/855/2 1070/1587/2 1071/1144/2
f 1072/1145/2 1073/1588/1424 1018/855/2
f 1013/1149/10 1023/1589/10 1022/1590/10
f 1013/1149/10 1022/1590/10 1012/1147/10
f 1020/1155/10 1017/1163/10 1009/1146/10
f 1009/1146/10 1013/1149/10 1012/1147/10
f 1016/1148/10 1020/1155/10 1009/1146/10
f 1047/838/234 1041/852/234 1053/817/234
f 429/1095/7 428/1061/7 424/1062/7
f 1048/841/13 1056/816/13 1054/818/13
f 1285/876/7 1288/1365/7 1278/875/7
f 1278/875/7 1323/805/7 1324/874/7
f 1100/1147/10 1110/1590/10 1111/1589/10
f 1100/1147/10 1111/1589/10 1101/1149/10
f 1105/1163/10 1108/1155/10 1104/1148/10
f 1104/1148/10 1100/1147/10 1101/1149/10
f 1097/1146/10 1105/1163/10 1104/1148/10
f 227/1253/2 5/1238/2 59/1150/2
f 59/1150/2 284/1591/2 109/1416/2
f 59/1150/2 109/1416/2 230/1415/2
f 231/994/2 227/1253/2 59/1150/2
f 59/1150/2 230/1415/2 232/995/2
f 1588/917/1180 1602/919/1180 1603/1592/1180
f 1588/917/1180 1603/1592/1180 1578/1151/1180
f 1579/926/1180 1596/1165/1180 1588/917/1180
f 1146/806/7 1098/854/7 1102/875/7
f 1146/806/7 1102/875/7 1147/805/7
f 1150/1158/7 1146/806/7 1147/805/7
f 1151/804/7 1152/1162/7 1099/1161/7
f 1150/1158/7 1147/805/7 1151/804/7
f 1107/1091/7 1145/1090/7 1149/853/7
f 1149/853/7 1150/1158/7 1151/804/7
f 1151/804/7 1099/1161/7 1103/1152/7
f 1103/1152/7 1107/1091/7 1149/853/7
f 1135/838/234 1143/847/234 1141/817/234
f 1142/818/3 1130/827/3 1129/826/3
f 1558/887/9 1561/904/9 1559/888/9
f 740/249/882 741/531/882 742/514/882
f 1127/813/3 1128/843/3 1154/1581/3
f 1127/813/3 1154/1581/3 1153/1153/3
f 1184/1154/3 1183/1578/3 1127/813/3
f 1155/1583/3 1154/1581/3 1128/843/3
f 1155/1583/3 1128/843/3 1124/1569/3
f 1156/1584/3 1155/1583/3 1124/1569/3
f 1113/1568/3 1117/521/3 1118/819/3
f 1113/1568/3 1118/819/3 1114/1017/3
f 1156/1584/3 1124/1569/3 1106/855/3
f 1157/1586/3 1156/1584/3 1106/855/3
f 1123/1168/3 1127/813/3 1183/1578/3
f 1123/1168/3 1183/1578/3 1182/1577/3
f 1158/1587/3 1157/1586/3 1106/855/3
f 1159/1144/3 1158/1587/3 1106/855/3
f 1105/1163/3 1123/1168/3 1182/1577/3
f 1105/1163/3 1182/1577/3 1181/1576/3
f 1160/1145/3 1159/1144/3 1106/855/3
f 1161/1588/1425 1160/1145/3 1106/855/3
f 1105/1163/3 1181/1576/3 1180/1575/3
f 1105/1163/3 1180/1575/3 1179/1574/3
f 1161/1588/1425 1106/855/3 1107/1091/3
f 1162/1585/3 1161/1588/1425 1107/1091/3
f 1162/1585/3 1107/1091/3 1113/1568/3
f 1163/1167/1425 1162/1585/3 1113/1568/3
f 1164/1166/3 1163/1167/1425 1113/1568/3
f 1165/1582/3 1164/1166/3 1113/1568/3
f 1166/1580/3 1165/1582/3 1113/1568/3
f 1167/1579/3 1166/1580/3 1113/1568/3
f 1168/1572/3 1167/1579/3 1113/1568/3
f 1169/1570/3 1168/1572/3 1113/1568/3
f 1169/1570/3 1113/1568/3 1114/1017/3
f 1170/1567/3 1169/1570/3 1114/1017/3
f 1105/1163/3 1179/1574/3 1178/1573/3
f 1105/1163/3 1178/1573/3 1177/1164/1426
f 1170/1567/3 1114/1017/3 1108/1155/3
f 1171/1427/3 1170/1567/3 1108/1155/3
f 1108/1155/3 1105/1163/3 1177/1164/1426
f 1108/1155/3 1177/1164/1426 1176/1571/3
f 1172/1018/3 1171/1427/3 1108/1155/3
f 1173/1016/3 1172/1018/3 1108/1155/3
f 1108/1155/3 1176/1571/3 1175/1156/3
f 1174/1157/3 1173/1016/3 1108/1155/3
f 1188/1147/10 1198/1590/10 1199/1589/10
f 1188/1147/10 1199/1589/10 1189/1149/10
f 1193/1163/10 1196/1155/10 1192/1148/10
f 1192/1148/10 1188/1147/10 1189/1149/10
f 1185/1146/10 1193/1163/10 1192/1148/10
f 1512/849/3 1505/888/3 1482/889/3
f 1482/889/3 1487/1362/3 1489/851/3
f 1488/1013/3 1486/1361/3 1481/1360/3
f 1512/849/3 1482/889/3 1489/851/3
f 1488/1013/3 1481/1360/3 1484/1359/3
f 1512/849/3 1489/851/3 1488/1013/3
f 1488/1013/3 1484/1359/3 1485/850/3
f 1200/1365/7 1240/1162/7 1236/874/7
f 1235/805/7 1239/804/7 1191/1152/7
f 1200/1365/7 1236/874/7 1235/805/7
f 1234/806/7 1186/854/7 1190/875/7
f 1190/875/7 1200/1365/7 1235/805/7
f 1191/1152/7 1195/1091/7 1233/1090/7
f 1191/1152/7 1233/1090/7 1237/853/7
f 1190/875/7 1235/805/7 1191/1152/7
f 1238/1158/7 1234/806/7 1190/875/7
f 1191/1152/7 1237/853/7 1238/1158/7
f 56/1160/3 283/1593/3 111/1421/3
f 56/1160/3 111/1421/3 8/1420/3
f 4/21/3 118/1498/3 56/1160/3
f 12/948/3 4/21/3 56/1160/3
f 56/1160/3 8/1420/3 13/1159/3
f 1187/1161/7 1191/1152/7 1239/804/7
f 1240/1162/7 1200/1365/7 1197/876/7
f 1187/1161/7 1239/804/7 1240/1162/7
f 1201/523/9 1195/822/9 1191/821/9
f 1220/832/9 1222/833/9 1198/834/9
f 1256/1572/2 1255/1579/2 1205/521/2
f 1205/521/2 1206/819/2 1202/1017/2
f 1211/1168/2 1215/813/2 1216/843/2
f 1212/1569/2 1194/855/2 1248/1145/2
f 1211/1168/2 1216/843/2 1212/1569/2
f 1256/1572/2 1205/521/2 1202/1017/2
f 1257/1570/1423 1256/1572/2 1202/1017/2
f 1212/1569/2 1248/1145/2 1247/1144/1424
f 1212/1569/2 1247/1144/1424 1246/1587/2
f 1212/1569/2 1246/1587/2 1245/1586/2
f 1212/1569/2 1245/1586/2 1244/1584/2
f 1212/1569/2 1244/1584/2 1243/1583/2
f 1212/1569/2 1243/1583/2 1242/1581/2
f 1211/1168/2 1212/1569/2 1242/1581/2
f 1211/1168/2 1242/1581/2 1241/1153/1407
f 1257/1570/1423 1202/1017/2 1196/1155/2
f 1258/1567/2 1257/1570/1423 1196/1155/2
f 1193/1163/2 1211/1168/2 1241/1153/1407
f 1193/1163/2 1241/1153/1407 1272/1154/2
f 1259/1427/2 1258/1567/2 1196/1155/2
f 1260/1018/2 1259/1427/2 1196/1155/2
f 1193/1163/2 1272/1154/2 1271/1578/2
f 1193/1163/2 1271/1578/2 1270/1577/2
f 1261/1016/2 1260/1018/2 1196/1155/2
f 1262/1157/2 1261/1016/2 1196/1155/2
f 1193/1163/2 1270/1577/2 1269/1576/2
f 1193/1163/2 1269/1576/2 1268/1575/2
f 1263/1156/2 1262/1157/2 1196/1155/2
f 1264/1571/2 1263/1156/2 1196/1155/2
f 1193/1163/2 1268/1575/2 1267/1574/2
f 1193/1163/2 1267/1574/2 1266/1573/2
f 1265/1164/1181 1264/1571/2 1196/1155/2
f 1193/1163/2 1266/1573/2 1265/1164/1181
f 1607/1151/1180 1632/1592/1180 1631/919/1180
f 1631/919/1180 1617/917/1180 1625/1165/1180
f 1608/926/1180 1607/1151/1180 1631/919/1180
f 1201/1568/2 1205/521/2 1255/1579/2
f 1201/1568/2 1255/1579/2 1254/1580/2
f 1249/1588/1424 1248/1145/2 1194/855/1424
f 1249/1588/1424 1194/855/1424 1195/1091/2
f 1195/1091/2 1201/1568/2 1254/1580/2
f 1195/1091/2 1254/1580/2 1253/1582/2
f 1250/1585/2 1249/1588/1424 1195/1091/2
f 1251/1167/2 1250/1585/2 1195/1091/2
f 1195/1091/2 1253/1582/2 1252/1166/2
f 1277/1149/10 1287/1589/10 1286/1590/10
f 1277/1149/10 1286/1590/10 1276/1147/10
f 1284/1155/10 1281/1163/10 1273/1146/10
f 1273/1146/10 1277/1149/10 1276/1147/10
f 1280/1148/10 1284/1155/10 1273/1146/10
f 1223/838/12 1217/852/12 1189/839/12
f 1284/719/9 1280/846/9 1292/720/9
f 1318/818/3 1317/817/3 1305/826/3
f 1579/926/7 1578/1151/7 1580/925/7
f 1360/1154/3 1329/1153/3 1304/843/3
f 1304/843/3 1303/813/3 1299/1168/3
f 1299/1168/3 1359/1578/3 1360/1154/3
f 680/249/1182 681/531/1182 682/514/1182
f 1367/883/1183 1408/1172/1183 1409/905/1183
f 1358/1577/3 1359/1578/3 1299/1168/3
f 1290/1017/3 1294/819/3 1293/521/3
f 1290/1017/3 1293/521/3 1289/1568/3
f 1358/1577/3 1299/1168/3 1281/1163/3
f 1357/1576/3 1358/1577/3 1281/1163/3
f 1300/1569/3 1304/843/3 1329/1153/3
f 1300/1569/3 1329/1153/3 1330/1581/3
f 1356/1575/3 1357/1576/3 1281/1163/3
f 1355/1574/3 1356/1575/3 1281/1163/3
f 1282/855/3 1300/1569/3 1330/1581/3
f 1282/855/3 1330/1581/3 1331/1583/3
f 1354/1573/3 1355/1574/3 1281/1163/3
f 1353/1164/1426 1354/1573/3 1281/1163/3
f 1282/855/3 1331/1583/3 1332/1584/3
f 1282/855/3 1332/1584/3 1333/1586/3
f 1353/1164/1426 1281/1163/3 1284/1155/3
f 1352/1571/3 1353/1164/1426 1284/1155/3
f 1352/1571/3 1284/1155/3 1290/1017/3
f 1351/1156/1426 1352/1571/3 1290/1017/3
f 1350/1157/3 1351/1156/1426 1290/1017/3
f 1349/1016/3 1350/1157/3 1290/1017/3
f 1348/1018/3 1349/1016/3 1290/1017/3
f 1347/1427/3 1348/1018/3 1290/1017/3
f 1346/1567/3 1347/1427/3 1290/1017/3
f 1345/1570/3 1346/1567/3 1290/1017/3
f 1345/1570/3 1290/1017/3 1289/1568/3
f 1344/1572/3 1345/1570/3 1289/1568/3
f 1282/855/3 1333/1586/3 1334/1587/3
f 1282/855/3 1334/1587/3 1335/1144/3
f 1344/1572/3 1289/1568/3 1283/1091/3
f 1343/1579/3 1344/1572/3 1283/1091/3
f 1282/855/3 1335/1144/3 1336/1145/3
f 1282/855/3 1336/1145/3 1337/1588/1425
f 1342/1580/3 1343/1579/3 1283/1091/3
f 1341/1582/3 1342/1580/3 1283/1091/3
f 1283/1091/3 1282/855/3 1337/1588/1425
f 1283/1091/3 1337/1588/1425 1338/1585/3
f 1340/1166/3 1341/1582/3 1283/1091/3
f 1283/1091/3 1338/1585/3 1339/1167/3
f 1369/872/9 1397/873/9 1399/863/9
f 1387/1174/1427 1385/1594/3 1370/1595/1428
f 1370/1595/1428 1383/1596/856 1382/1171/1185
f 1402/896/1186 1397/873/3 1369/872/3
f 1369/872/3 1384/1597/3 1386/1170/1184
f 1387/1174/1427 1370/1595/1428 1382/1171/1185
f 1402/896/1186 1369/872/3 1386/1170/1184
f 1386/1170/1184 1387/1174/1427 1382/1171/1185
f 1371/893/12 1373/895/12 1376/894/12
f 1407/859/1187 1409/905/1187 1408/1172/1187
f 1449/887/12 1428/889/12 1450/888/12
f 1377/519/7 1375/1322/7 1364/857/7
f 1377/519/7 1364/857/7 1404/1321/7
f 1392/906/7 1376/894/7 1377/519/7
f 1362/1324/7 1389/1323/7 1391/520/7
f 1391/520/7 1392/906/7 1377/519/7
f 1377/519/7 1404/1321/7 1405/518/7
f 1405/518/7 1362/1324/7 1391/520/7
f 1361/856/12 1375/1322/12 1377/850/12
f 1361/856/12 1377/850/12 1403/1176/12
f 1391/868/12 1389/1366/12 1388/912/12
f 1361/856/12 1403/1176/12 1400/911/12
f 1400/911/12 1391/868/12 1388/912/12
f 1440/1170/2 1438/1597/2 1423/872/2
f 1423/872/2 1451/873/2 1456/896/1191
f 1436/1171/1192 1437/1596/1429 1424/1595/1430
f 1424/1595/1430 1439/1594/2 1441/1174/1190
f 1440/1170/2 1423/872/2 1456/896/1191
f 1436/1171/1192 1424/1595/1430 1441/1174/1190
f 1441/1174/1190 1440/1170/2 1456/896/1191
f 1454/1175/10 1452/904/10 1450/888/10
f 1454/911/3 1445/868/3 1446/1363/3
f 1454/911/3 1446/1363/3 1425/867/3
f 1449/866/3 1452/1184/3 1454/911/3
f 1400/1175/10 1403/1176/10 1396/888/10
f 306/1441/2 307/1442/2 308/1177/2
f 308/1177/2 309/1598/2 317/1445/2
f 317/1445/2 318/1446/2 319/222/2
f 319/222/2 297/181/2 298/1447/2
f 298/1447/2 299/1448/2 285/1037/2
f 285/1037/2 295/1024/2 296/1449/2
f 296/1449/2 294/1450/2 315/1178/2
f 315/1178/2 316/1025/2 305/1451/2
f 305/1451/2 306/1441/2 308/1177/2
f 308/1177/2 317/1445/2 319/222/2
f 319/222/2 298/1447/2 285/1037/2
f 285/1037/2 296/1449/2 315/1178/2
f 315/1178/2 305/1451/2 308/1177/2
f 308/1177/2 319/222/2 285/1037/2
f 1509/1175/10 1507/904/10 1505/888/10
f 1453/863/10 1455/865/10 1456/864/10
f 1442/884/12 1443/1366/12 1445/868/12
f 1442/884/12 1445/868/12 1454/1175/12
f 1431/850/12 1429/1322/12 1415/1179/12
f 1442/884/12 1454/1175/12 1457/849/12
f 1457/849/12 1431/850/12 1415/1179/12
f 699/247/1182 702/514/1182 701/531/1182
f 1495/1170/3 1493/1597/3 1477/872/3
f 1477/872/3 1506/873/3 1511/896/3
f 1492/1180/3 1491/1596/3 1478/1595/3
f 1478/1595/3 1494/1594/3 1496/1174/3
f 1495/1170/3 1477/872/3 1511/896/3
f 1492/1180/3 1478/1595/3 1496/1174/3
f 1496/1174/3 1495/1170/3 1511/896/3
f 456/305/1196 497/307/1431 498/1181/284
f 1499/897/7 1502/1364/7 1491/870/7
f 1492/1182/7 1490/903/7 1475/883/7
f 1499/897/7 1491/870/7 1492/1182/7
f 1519/899/7 1476/1367/7 1499/897/7
f 1492/1182/7 1475/883/7 1517/1183/7
f 1517/1183/7 1519/899/7 1499/897/7
f 1513/1321/7 1472/857/7 1483/1322/7
f 1485/519/7 1484/894/7 1501/906/7
f 1513/1321/7 1483/1322/7 1485/519/7
f 1498/1323/7 1470/1324/7 1514/518/7
f 1514/518/7 1513/1321/7 1485/519/7
f 1485/519/7 1501/906/7 1500/520/7
f 1500/520/7 1498/1323/7 1514/518/7
f 1532/872/12 1560/873/12 1562/863/12
f 1550/1174/1432 1548/1594/2 1533/1595/1433
f 1533/1595/1433 1546/1596/817 1545/1171/1200
f 1565/896/1201 1560/873/2 1532/872/2
f 1532/872/2 1547/1597/2 1549/1170/1199
f 1550/1174/1432 1533/1595/1433 1545/1171/1200
f 1565/896/1201 1532/872/2 1549/1170/1199
f 1549/1170/1199 1550/1174/1432 1545/1171/1200
f 201/478/407 197/479/408 192/113/58
f 1534/867/3 1555/1363/3 1554/868/3
f 1554/868/3 1563/911/3 1561/1184/3
f 1558/866/3 1534/867/3 1554/868/3
f 1563/1175/10 1566/1176/10 1559/888/10
f 1562/863/10 1560/873/10 1565/864/10
f 1570/859/1202 1572/905/1202 1571/1172/1202
f 1557/869/12 1556/1364/12 1546/870/12
f 1570/859/1203 1573/1173/1204 1531/860/1204
f 1546/870/7 1556/1364/7 1553/897/7
f 1553/897/7 1531/1367/7 1573/1368/7
f 1571/898/7 1530/883/7 1545/882/7
f 1553/897/7 1573/1368/7 1571/898/7
f 1545/882/7 1546/870/7 1553/897/7
f 1540/519/7 1538/1322/7 1527/857/7
f 1540/519/7 1527/857/7 1567/1321/7
f 1555/906/7 1539/894/7 1540/519/7
f 1525/1324/7 1552/1323/7 1554/520/7
f 1554/520/7 1555/906/7 1540/519/7
f 1540/519/7 1567/1321/7 1568/518/7
f 1568/518/7 1525/1324/7 1554/520/7
f 872/664/1208 882/322/1434 883/680/1120
f 934/1137/1148 947/724/717 948/734/728
f 1604/922/1209 1594/924/1435 1598/597/1210
f 1598/597/1210 1605/1333/1436 1606/1185/1211
f 1606/1185/1211 1601/918/1437 1604/922/1209
f 878/665/1212 879/671/666 868/670/665
f 1612/1196/9 1611/1186/9 1623/924/9
f 1623/924/9 1624/1197/9 1622/1188/9
f 1613/1189/9 1612/1196/9 1623/924/9
f 70/1190/1214 71/1599/1214 61/67/1214
f 1627/597/1215 1634/1333/1438 1616/1191/1216
f 1580/1194/12 1589/1187/12 1591/913/12
f 1591/913/12 1592/1195/12 1590/1193/12
f 1581/1192/1218 1580/1194/12 1591/913/12
f 1621/1195/12 1620/913/12 1618/1187/12
f 1621/1195/12 1618/1187/12 1609/1194/12
f 1610/1192/12 1619/1193/1042 1621/1195/12
f 1584/1189/9 1593/1188/9 1595/1197/9
f 1595/1197/9 1594/924/9 1582/1186/9
f 1583/1196/9 1584/1189/9 1595/1197/9
f 1604/1200/1219 1601/918/1219 1586/1198/1219
f 1586/1198/1219 1597/1600/1219 1585/1199/1219
f 1585/1199/1219 1599/909/7 1604/1200/1219
f 1021/876/7 1024/1365/7 1014/875/7
f 1014/875/7 1059/805/7 1060/874/7
f 1599/909/7 1585/1199/7 1584/908/7
f 1602/919/1439 1601/918/1440 1587/596/1220
f 1600/915/1221 1591/913/1441 1603/256/1222
f 1603/256/1222 1602/919/1439 1587/596/1220
f 697/1087/1224 693/502/1392 690/497/1102
f 1624/923/2 1621/929/2 1619/1372/2
f 1625/928/2 1617/1375/2 1615/1374/2
f 1624/923/2 1619/1372/2 1625/928/2
f 1626/930/2 1622/1373/2 1624/923/2
f 1625/928/2 1615/1374/2 1626/930/2
f 1617/917/7 1631/919/7 1630/918/7
f 1633/1200/1219 1628/909/7 1614/1199/1219
f 1614/1199/1219 1626/1600/1219 1615/1198/1219
f 1615/1198/1219 1630/918/1219 1633/1200/1219
f 1485/850/9 1483/1322/9 1469/1179/9
f 1497/884/9 1498/1366/9 1500/868/9
f 1497/884/9 1500/868/9 1509/1175/9
f 1512/849/9 1485/850/9 1469/1179/9
f 1497/884/9 1509/1175/9 1512/849/9
f 1372/892/2 1399/1332/2 1401/559/1226
f 1401/559/1226 1390/880/1442 1393/560/1227
f 1394/561/2 1372/892/2 1401/559/1226
