# Blender 5.1.2
# www.blender.org
mtllib WE6_middle_bogie_LOD2.mtl
o JacobsBogieLOD2Export
g WE6_middle_bogie_LOD2
v 1.199999 0.897571 -1.182404
v 1.199999 0.897571 -1.992405
v 1.199999 0.897571 -0.932405
v 0.850000 0.897571 1.992408
v -0.850002 0.897571 -2.175686
v 1.199997 0.897571 1.992408
v 1.199997 0.897571 0.932407
v 0.850000 0.897571 0.932407
v 0.850000 0.897571 -2.175687
v 1.199997 0.897571 1.742408
v 1.199997 0.897571 1.182408
v 0.850000 0.897571 1.742408
v 0.850000 0.897571 1.182408
v 1.117998 0.897571 2.002310
v 1.087999 0.897571 2.002310
v 0.962000 0.897571 2.002310
v 0.931999 0.897571 2.002310
v 1.117998 0.897571 2.155643
v 1.087999 0.897571 2.155643
v 0.962000 0.897571 2.155647
v 0.931999 0.897571 2.155643
v 0.870000 0.897571 1.992408
v 1.179999 0.897571 1.992408
v 1.179999 0.897571 0.932407
v 0.870000 0.897571 0.932407
v 1.179999 0.897571 0.942407
v 0.870000 0.897571 0.942407
v 0.870000 0.897571 1.982408
v 1.179999 0.897571 1.982408
v -0.850004 0.897571 0.932406
v -1.200002 0.897571 0.932406
v -1.200002 0.897571 1.992406
v -0.850004 0.897571 1.992406
v -1.200002 0.897571 1.182405
v -1.200002 0.897571 1.742405
v -0.850004 0.897571 1.182405
v -0.850004 0.897571 1.742406
v -1.118002 0.897571 2.155634
v -1.088003 0.897571 2.155635
v -0.962004 0.897571 2.155635
v -0.932003 0.897571 2.155634
v -1.118002 0.897571 2.002301
v -1.088003 0.897571 2.002301
v -0.962004 0.897571 2.002297
v -0.932003 0.897571 2.002301
v -0.870004 0.897571 0.932406
v -1.180003 0.897571 0.932406
v -1.180003 0.897571 1.992406
v -0.870004 0.897571 1.992406
v -1.180003 0.897571 1.982406
v -0.870004 0.897571 1.982406
v -0.870004 0.897571 0.942406
v -1.180003 0.897571 0.942406
v -1.200000 0.897571 -1.182407
v -1.200000 0.897571 -1.742407
v 0.850000 1.225000 2.175683
v -0.850002 1.225000 2.175684
v 0.850000 1.225000 -2.175686
v -0.850002 1.225000 -2.175686
v 0.850000 1.225001 -0.074991
v -0.850002 0.279690 0.074988
v -0.850002 0.279690 -0.074992
v 0.850000 0.279690 0.074988
v 0.850000 0.279690 -0.074992
v 0.700000 0.149690 0.074988
v 0.700000 0.149690 -0.074992
v 0.700000 0.299690 0.074988
v 0.700000 0.299690 -0.074992
v -0.700002 0.299690 -0.074992
v -0.700002 0.149690 -0.074992
v -0.700002 0.149690 0.074988
v -0.700002 0.299690 0.074988
v -0.700002 0.897571 0.074988
v -0.700002 0.897571 -0.074992
v 0.700000 0.897571 0.074988
v 0.700000 0.897571 -0.074992
v -0.075001 0.299690 -0.074996
v 0.074999 0.299690 -0.074996
v -0.075001 0.299690 0.074984
v 0.074999 0.299690 0.074984
v -0.075001 0.897571 0.074984
v 0.074999 0.897571 0.074984
v -0.075001 0.897571 -0.074996
v 0.074999 0.897571 -0.074996
v 0.224999 0.299690 -0.074996
v 0.224999 0.299690 0.074984
v 0.549999 0.897571 0.074984
v 0.549999 0.897571 -0.074996
v -0.225001 0.299690 -0.074994
v -0.225001 0.299690 0.074986
v -0.550001 0.897571 0.074986
v -0.550001 0.897571 -0.074994
v 0.541632 0.299690 -0.274309
v 0.541632 0.299690 0.274314
v -0.541634 0.299690 -0.274309
v -0.541634 0.299690 0.274314
v -0.700002 0.149690 -0.115685
v 0.700000 0.149690 -0.115685
v 0.700000 0.149690 0.114313
v -0.700002 0.149690 0.114313
v 0.541632 0.269690 -0.274309
v -0.541634 0.269690 -0.274309
v 0.541632 0.269690 0.274314
v -0.541634 0.269690 0.274314
v -0.700002 0.269690 -0.115685
v 0.700000 0.269690 0.114313
v 0.700000 0.269690 -0.115685
v -0.700002 0.269690 0.114313
v -0.850002 0.897571 -0.074992
v -0.850002 0.897571 0.074988
v 0.850000 0.897571 0.074988
v 0.850000 0.897571 -0.074992
v -0.700002 0.299690 -0.115686
v -0.700002 0.299690 0.114314
v 0.700000 0.299690 -0.115686
v 0.700000 0.299690 0.114314
v -0.850003 0.897571 2.175683
v 0.850000 0.897571 2.175684
v 1.193943 0.897569 2.264775
v 1.155819 0.897571 2.360806
v 1.071958 0.897567 2.458813
v 0.939091 0.897569 2.519628
v 0.933132 1.224994 2.521524
v 1.035121 1.225000 2.481503
v 1.132937 1.225021 2.397864
v 1.195839 1.224994 2.258816
v 0.926640 0.917568 2.521880
v 1.034526 0.917571 2.481344
v 1.134455 0.917563 2.398386
v 1.198091 0.917568 2.245207
v 1.194311 1.205002 2.259401
v 1.155659 1.205000 2.360211
v 1.072701 1.205008 2.460140
v 0.933716 1.205002 2.519996
v 1.186183 0.917571 2.241401
v 1.145509 0.917571 2.349649
v 1.067823 0.917571 2.444177
v 0.927263 0.917571 2.509585
v 1.183901 1.205000 2.252947
v 1.118493 1.205000 2.393507
v 1.023965 1.205000 2.471194
v 0.915717 1.205000 2.511867
v -1.195843 1.224994 2.258816
v -1.155823 1.225000 2.360806
v -1.072183 1.225021 2.458623
v -0.939202 1.224996 2.519612
v -0.933136 1.224994 -2.521528
v -1.072183 1.225021 -2.458627
v -1.155823 1.225000 -2.360810
v -1.193931 1.224996 -2.264886
v 1.193927 1.224996 -2.264886
v 1.155819 1.225000 -2.360810
v 1.072179 1.225021 -2.458626
v 0.939199 1.224996 -2.519616
v 0.933007 0.897569 -2.521542
v 1.071958 0.897567 -2.458817
v 1.155819 0.897571 -2.360810
v 1.193943 0.897569 -2.264780
v -1.193948 0.897569 -2.264778
v -1.155823 0.897571 -2.360810
v -1.071962 0.897567 -2.458816
v -0.939092 0.897569 -2.519632
v -0.933010 0.897569 2.521539
v -1.071963 0.897567 2.458812
v -1.155823 0.897571 2.360806
v -1.193948 0.897569 2.264775
v -1.198095 0.917568 2.245208
v -1.155663 0.917571 2.360211
v -1.072705 0.917563 2.460140
v -0.933721 0.917569 2.519996
v -1.194315 1.205002 2.259401
v -1.072705 1.205008 2.460140
v -0.926643 1.205003 2.521880
v -0.926627 0.917569 -2.521889
v -1.034530 0.917571 -2.481348
v -1.134460 0.917563 -2.398389
v -1.198367 0.917568 -2.244192
v -0.933720 1.205002 -2.520000
v -1.072705 1.205008 -2.460144
v -1.155663 1.205000 -2.360214
v -1.196200 1.205003 -2.252328
v 1.198363 0.917568 -2.244191
v 1.155659 0.917571 -2.360214
v 1.072701 0.917563 -2.460144
v 0.933717 0.917569 -2.520000
v 0.926640 1.205003 -2.521884
v 1.072701 1.205008 -2.460144
v 1.196196 1.205003 -2.252328
v -0.915720 0.917571 2.511867
v -1.023969 0.917571 2.471194
v -1.118496 0.917571 2.393507
v -1.185829 0.917571 2.246820
v -0.927266 1.205000 2.509585
v -1.067826 1.205000 2.444177
v -1.150588 1.204929 2.354925
v -1.184296 1.205000 2.248501
v -1.184296 0.917571 -2.248505
v -1.145513 0.917571 -2.349653
v -1.067826 0.917571 -2.444181
v -0.927266 0.917571 -2.509589
v -1.185829 1.205000 -2.246824
v -1.118496 1.205000 -2.393511
v -1.023969 1.205000 -2.471198
v -0.915720 1.205000 -2.511871
v 0.915717 0.917571 -2.511871
v 1.023965 0.917571 -2.471198
v 1.118493 0.917571 -2.393511
v 1.183901 0.917571 -2.252951
v 1.186183 1.205000 -2.241405
v 1.150584 1.204929 -2.354929
v 1.067823 1.205000 -2.444181
v 0.927263 1.205000 -2.509589
v 0.710558 0.897572 2.175683
v 0.789019 0.897572 2.186831
v -0.710560 0.897572 -2.187053
v -0.789021 0.897572 -2.186831
v -0.710560 0.897572 -2.175683
v 0.744841 0.897572 2.187054
v 0.754735 0.897572 2.187054
v 0.744841 0.897572 2.287054
v 0.754735 0.897572 2.287054
v -0.710603 0.897572 2.186831
v -0.754782 0.897572 2.187054
v -0.744888 0.897572 2.187054
v -0.754782 0.897572 2.287054
v -0.744888 0.897572 2.287054
v -0.850002 0.897571 -1.992406
v -1.200000 0.897571 -1.992406
v -1.200000 0.897571 -0.932406
v -0.850002 0.897571 -0.932407
v -0.850002 0.897571 -1.742407
v -0.850002 0.897571 -1.182407
v -1.118000 0.897571 -2.002309
v -1.088001 0.897571 -2.002309
v -0.962002 0.897571 -2.002309
v -0.932002 0.897571 -2.002309
v -1.118000 0.897571 -2.155642
v -1.088001 0.897571 -2.155643
v -0.962002 0.897571 -2.155646
v -0.932002 0.897571 -2.155642
v -0.870002 0.897571 -1.992406
v -1.180001 0.897571 -1.992406
v -1.180001 0.897571 -0.932406
v -0.870002 0.897571 -0.932406
v -1.180001 0.897571 -0.942406
v -0.870002 0.897571 -0.942406
v -0.870002 0.897571 -1.982406
v -1.180001 0.897571 -1.982406
v 0.850001 0.897571 -0.932405
v 1.199999 0.897571 -1.742404
v 0.850001 0.897571 -1.992405
v 0.850001 0.897571 -1.182404
v 0.850001 0.897571 -1.742405
v 1.117999 0.897571 -2.155633
v 1.088000 0.897571 -2.155634
v 0.962001 0.897571 -2.155634
v 0.932001 0.897571 -2.155633
v 1.117999 0.897571 -2.002300
v 1.088001 0.897571 -2.002300
v 0.962001 0.897571 -2.002296
v 0.932001 0.897571 -2.002300
v 0.870001 0.897571 -0.932405
v 1.180001 0.897571 -0.932405
v 1.180000 0.897571 -1.992405
v 0.870001 0.897571 -1.992405
v 1.180000 0.897571 -1.982405
v 0.870001 0.897571 -1.982405
v 0.870001 0.897571 -0.942405
v 1.180001 0.897571 -0.942405
v -0.789065 0.897572 2.186831
v 0.710558 0.897572 2.187054
v -0.744843 0.897572 -2.187053
v -0.754737 0.897572 -2.187053
v -0.744843 0.897572 -2.287053
v -0.754737 0.897572 -2.287053
v 0.710601 0.897572 -2.186831
v 0.789062 0.897572 -2.186831
v 0.754779 0.897572 -2.187053
v 0.744885 0.897572 -2.187053
v 0.754779 0.897572 -2.287053
v 0.744885 0.897572 -2.287053
v -0.850002 1.225001 0.074989
v 0.850000 1.225001 0.074989
v -0.850002 1.225001 -0.074990
v 0.660000 0.600000 1.874315
v 0.490000 0.192095 1.543920
v 0.490000 0.241090 1.674315
v 0.490000 0.342813 1.793197
v 0.490000 0.483972 1.860685
v 0.490000 1.005627 1.552473
v 0.490000 0.666318 1.872350
v 0.490000 0.850235 1.799764
v 0.490000 0.958910 1.674315
v 0.660000 0.194844 1.557828
v 0.660000 0.435646 1.846617
v 0.660000 0.273633 1.727145
v 0.660000 1.007474 1.550448
v 0.660000 0.931383 1.719002
v 0.660000 0.773712 1.843893
v 0.490000 0.496582 0.647874
v 0.490000 0.413694 0.701069
v 0.490000 0.821378 0.738135
v 0.490000 0.747297 0.671596
v 0.490000 0.618353 0.621432
v 0.660000 0.375878 0.742512
v 0.660000 0.445566 0.676327
v 0.660000 0.534381 0.633760
v 0.660000 0.618563 0.623976
v 0.660000 0.753925 0.672379
v 0.490000 0.343559 0.792686
v 0.490000 0.251853 1.000317
v 0.490000 0.192959 1.243745
v 0.490000 1.011005 1.299068
v 0.490000 0.983496 1.124816
v 0.490000 0.917110 0.916522
v 0.660000 0.188995 1.299067
v 0.660000 0.216504 1.124816
v 0.660000 0.282890 0.916521
v 0.660000 0.856441 0.792686
v 0.660000 0.948147 1.000317
v 0.660000 1.007041 1.243745
v -0.490002 0.600000 1.874315
v -0.660002 0.192095 1.543920
v -0.660002 0.262051 1.712050
v -0.660002 0.387500 1.820725
v -0.660002 0.483972 1.860685
v -0.660002 1.005627 1.552473
v -0.660002 0.666318 1.872350
v -0.660002 0.850235 1.799764
v -0.660002 0.958910 1.674315
v -0.490002 0.194844 1.557828
v -0.490002 0.435646 1.846617
v -0.490002 0.273633 1.727145
v -0.490002 1.007474 1.550448
v -0.490002 0.931383 1.719002
v -0.490002 0.773712 1.843893
v -0.660002 0.585206 0.624045
v -0.660002 0.496582 0.647874
v -0.660002 0.413694 0.701069
v -0.660002 0.809511 0.720635
v -0.660002 0.683503 0.638657
v -0.490002 0.375878 0.742512
v -0.490002 0.445566 0.676327
v -0.490002 0.534381 0.633760
v -0.490002 0.614794 0.624045
v -0.490002 0.707478 0.649343
v -0.490002 0.789253 0.704160
v -0.660002 0.343559 0.792686
v -0.660002 0.251853 1.000317
v -0.660002 0.192959 1.243745
v -0.660002 1.011005 1.299068
v -0.660002 0.983496 1.124816
v -0.660002 0.917110 0.916522
v -0.490002 0.188995 1.299067
v -0.490002 0.216504 1.124816
v -0.490002 0.282890 0.916521
v -0.490002 0.856441 0.792686
v -0.490002 0.948147 1.000317
v -0.490002 1.007041 1.243745
v -0.660003 0.600000 -1.874314
v -0.490003 0.192095 -1.543919
v -0.490003 0.262051 -1.712049
v -0.490003 0.387500 -1.820724
v -0.490003 0.483972 -1.860684
v -0.490003 1.005627 -1.552472
v -0.490003 0.666318 -1.872350
v -0.490003 0.812500 -1.820724
v -0.490003 0.937950 -1.712049
v -0.660003 0.194844 -1.557827
v -0.660003 0.435646 -1.846616
v -0.660003 0.273633 -1.727144
v -0.660003 1.007474 -1.550447
v -0.660003 0.926367 -1.727144
v -0.660003 0.764355 -1.846616
v -0.490003 0.622138 -0.624706
v -0.490003 0.522046 -0.636123
v -0.490003 0.413695 -0.701068
v -0.490003 0.809511 -0.720634
v -0.490003 0.707130 -0.649867
v -0.660003 0.618353 -0.621431
v -0.660003 0.378621 -0.738134
v -0.660003 0.475217 -0.656641
v -0.660003 0.768243 -0.684288
v -0.490003 0.337471 -0.801947
v -0.490003 0.249294 -1.009058
v -0.490003 0.192959 -1.243744
v -0.490003 1.011005 -1.299067
v -0.490003 0.983496 -1.124816
v -0.490003 0.917110 -0.916521
v -0.660003 0.188995 -1.299066
v -0.660003 0.216504 -1.124815
v -0.660003 0.282890 -0.916520
v -0.660003 0.856441 -0.792685
v -0.660003 0.948147 -1.000316
v -0.660003 1.007041 -1.243744
v 0.659999 0.600000 -1.874314
v 0.489999 0.600000 -1.874314
v 0.660000 0.192095 -1.543919
v 0.659999 0.262051 -1.712049
v 0.659999 0.426289 -1.843892
v 0.660000 1.005627 -1.552472
v 0.659999 0.716028 -1.860684
v 0.659999 0.850235 -1.799763
v 0.659999 0.958910 -1.674314
v 0.490000 0.194844 -1.557827
v 0.489999 0.443914 -1.851062
v 0.489999 0.273633 -1.727144
v 0.490000 1.007474 -1.550447
v 0.489999 0.931383 -1.719001
v 0.489999 0.773712 -1.843892
v 0.660000 0.637964 -0.626027
v 0.660000 0.542182 -0.631594
v 0.660000 0.431758 -0.684288
v 0.660000 0.773560 -0.687622
v 0.490000 0.390489 -0.720634
v 0.490000 0.516497 -0.638656
v 0.490000 0.614794 -0.624044
v 0.490000 0.724783 -0.656641
v 0.660000 0.343559 -0.792685
v 0.660000 0.251853 -1.000317
v 0.660000 0.192959 -1.243744
v 0.660000 1.011005 -1.299067
v 0.660000 0.839898 -0.768037
v 0.660000 0.983496 -1.124816
v 0.660000 0.917110 -0.916521
v 0.490000 0.188995 -1.299066
v 0.490000 0.216504 -1.124815
v 0.490000 0.282890 -0.916520
v 0.490000 0.818738 -0.735193
v 0.490000 0.928502 -0.940303
v 0.490000 1.007041 -1.243744
v 0.449999 1.050000 0.144316
v -0.450001 1.050000 1.174314
v -0.450001 0.250000 0.324315
v -0.450001 0.150000 0.424315
v 0.449999 1.050000 1.174314
v 0.449999 0.150000 0.424315
v 0.449999 0.250000 0.324315
v -0.450001 0.150000 1.224314
v 0.449999 0.150000 1.224314
v -0.200001 0.950000 1.274314
v 0.199999 0.950000 1.274314
v 0.199999 0.200000 1.274314
v -0.200001 0.200000 1.274314
v 0.199999 0.623772 1.590531
v 0.449999 0.649999 1.574314
v -0.450001 0.500001 1.574314
v 0.449999 0.500001 1.574314
v -0.450001 0.649999 1.574314
v -0.200001 0.619579 1.593124
v 0.449999 0.570212 1.601466
v -0.450001 0.575000 1.600700
v 0.199999 0.530421 1.593124
v -0.200001 0.526228 1.590531
v -0.450001 0.837293 0.094316
v 0.449999 0.837293 0.094316
v -0.450001 0.837293 0.274315
v -0.450001 0.787293 0.324315
v 0.449999 0.787293 0.324315
v 0.449999 0.837293 0.274315
v -0.450001 1.050000 0.144316
v -0.450001 1.000000 0.094316
v 0.449999 1.000000 0.094316
v 0.469999 0.624269 0.473995
v -0.470001 0.507495 0.487568
v -0.470001 0.380018 0.565012
v 0.469999 0.476859 0.496761
v 0.469999 0.363777 0.587286
v -0.470001 0.310187 0.691921
v 0.469999 0.310187 0.691921
v -0.470001 0.300717 0.809100
v 0.469999 0.300717 0.809100
v -0.470001 0.351804 0.949236
v 0.469999 0.351804 0.949236
v -0.470001 0.462651 1.042484
v 0.469999 0.462651 1.042484
v -0.470001 0.607553 1.077863
v 0.469999 0.607553 1.077863
v -0.470001 0.746669 1.037503
v 0.469999 0.746669 1.037503
v -0.470001 0.856588 0.936677
v 0.469999 0.836223 0.961341
v -0.470001 0.900319 0.798582
v 0.469999 0.889814 0.856706
v -0.470001 0.886746 0.681808
v 0.469999 0.899283 0.739527
v -0.470001 0.809301 0.554331
v 0.469999 0.848196 0.599391
v -0.470001 0.651812 0.475124
v 0.469999 0.737349 0.506143
v -0.450001 0.565214 1.073596
v -0.450001 0.363777 0.961341
v -0.450001 0.453331 1.037503
v -0.450001 0.682392 1.064127
v -0.450001 0.310187 0.856706
v -0.450001 0.300717 0.739527
v -0.450001 0.809301 0.994296
v -0.450001 0.886746 0.866819
v -0.450001 0.900319 0.750044
v -0.450001 0.575731 0.473995
v -0.450001 0.723141 0.496761
v -0.450001 0.351804 0.599391
v -0.450001 0.462651 0.506143
v -0.450001 0.856588 0.611950
v 0.449999 0.350559 0.940985
v 0.449999 0.300810 0.826125
v 0.449999 0.313254 0.681808
v 0.449999 0.490815 0.490980
v 0.449999 0.600000 0.474313
v 0.449999 0.370481 0.579117
v 0.449999 0.431760 1.026103
v 0.449999 0.592447 1.077863
v 0.449999 0.737349 1.042484
v 0.449999 0.899283 0.809100
v 0.449999 0.848196 0.949236
v 0.449999 0.889814 0.691921
v 0.449999 0.836223 0.587286
v 0.449999 0.723141 0.496761
v 0.469999 0.623641 0.687663
v 0.469999 0.563966 0.693097
v -0.470001 0.527373 0.723128
v -0.470001 0.510402 0.780595
v 0.469999 0.519626 0.734222
v 0.469999 0.513314 0.793810
v -0.470001 0.541087 0.842111
v 0.469999 0.544999 0.845321
v -0.470001 0.597790 0.863138
v 0.469999 0.602210 0.863138
v -0.470001 0.655001 0.845321
v 0.469999 0.658913 0.842111
v -0.470001 0.691014 0.777033
v 0.469999 0.687549 0.789474
v -0.470001 0.658913 0.706516
v 0.469999 0.677988 0.729759
v -0.470001 0.584912 0.684518
v 0.490770 0.567683 0.689187
v -0.490773 0.579577 0.685579
v 0.490770 0.514818 0.745830
v -0.490773 0.514874 0.741997
v -0.490773 0.518783 0.810347
v 0.490770 0.519626 0.814405
v -0.490773 0.552490 0.849396
v -0.490773 0.602210 0.863138
v 0.490770 0.579577 0.863048
v -0.490773 0.658913 0.842111
v 0.490770 0.647510 0.849396
v -0.490773 0.691014 0.771594
v 0.490770 0.688734 0.794737
v 0.490770 0.675082 0.726803
v -0.490773 0.655001 0.703306
v 0.490770 0.636034 0.693097
v -0.450001 0.950000 1.274310
v -0.450001 1.050000 -0.144315
v 0.449999 1.050000 -1.174313
v 0.449999 0.250000 -0.324315
v 0.449999 0.150000 -0.424315
v -0.450001 1.050000 -1.174312
v -0.450001 0.150000 -0.424314
v -0.450001 0.250000 -0.324314
v 0.449998 0.150000 -1.224313
v -0.450001 0.150000 -1.224313
v 0.199998 0.950000 -1.274313
v -0.200002 0.950000 -1.274313
v -0.200002 0.200000 -1.274313
v 0.199999 0.200000 -1.274313
v -0.200002 0.649999 -1.574313
v 0.449998 0.500001 -1.574313
v -0.450002 0.520965 -1.589163
v 0.449998 0.649999 -1.574313
v 0.199998 0.623772 -1.590530
v -0.200002 0.500001 -1.574313
v -0.450002 0.624791 -1.592169
v 0.449998 0.570212 -1.601465
v -0.200002 0.575000 -1.600699
v 0.199998 0.530421 -1.593123
v 0.449999 0.837293 -0.094315
v -0.450001 0.837293 -0.094315
v 0.449999 0.837293 -0.274315
v 0.449999 0.787293 -0.324315
v -0.450001 0.787293 -0.324314
v -0.450001 0.837293 -0.274314
v 0.449999 1.050000 -0.144315
v 0.449999 1.000000 -0.094315
v -0.450001 1.000000 -0.094315
v -0.470001 0.624269 -0.473994
v 0.469999 0.476859 -0.496760
v -0.470001 0.476859 -0.496760
v 0.469999 0.363777 -0.587285
v -0.470001 0.363777 -0.587285
v 0.469999 0.312113 -0.686983
v -0.470001 0.310187 -0.691920
v 0.469999 0.299681 -0.798582
v -0.470001 0.300717 -0.809098
v 0.469999 0.331829 -0.911662
v -0.470001 0.336811 -0.920981
v 0.469999 0.387868 -0.986445
v 0.469999 0.462651 -1.042483
v -0.470001 0.437637 -1.030900
v 0.469999 0.607553 -1.077862
v -0.470001 0.575730 -1.074631
v 0.469999 0.746669 -1.037502
v -0.470001 0.687330 -1.062199
v 0.469999 0.856588 -0.936676
v -0.470001 0.787028 -1.010535
v 0.469999 0.900319 -0.798582
v -0.470001 0.877553 -0.897453
v 0.469999 0.886746 -0.681808
v -0.470001 0.900319 -0.750043
v 0.469999 0.829519 -0.579117
v -0.470001 0.868171 -0.636963
v 0.469999 0.737349 -0.506142
v -0.470001 0.795196 -0.544794
v -0.470001 0.714805 -0.497148
v 0.469999 0.624269 -0.473994
v 0.449999 0.476859 -1.051865
v 0.449999 0.624269 -1.074631
v 0.449999 0.737349 -1.042483
v 0.449999 0.363778 -0.961340
v 0.449999 0.312113 -0.861642
v 0.449999 0.299681 -0.750043
v 0.449999 0.322836 -0.659508
v 0.449999 0.829519 -0.969509
v 0.449999 0.886746 -0.866818
v 0.449999 0.900319 -0.750044
v 0.449999 0.575731 -0.473994
v 0.449999 0.723141 -0.496760
v 0.449999 0.370481 -0.579116
v 0.449999 0.462651 -0.506142
v 0.449999 0.856588 -0.611950
v -0.450001 0.331829 -0.911662
v -0.450001 0.299681 -0.798582
v -0.450001 0.322448 -0.651171
v -0.450001 0.412973 -0.538090
v -0.450001 0.517608 -0.484499
v -0.450001 0.659078 -0.477306
v -0.450001 0.565214 -1.073595
v -0.450001 0.425077 -1.022508
v -0.450001 0.687620 -1.063157
v -0.450001 0.795197 -1.003831
v -0.450001 0.900319 -0.798582
v -0.450001 0.868171 -0.911662
v -0.450001 0.887887 -0.686983
v -0.450001 0.836223 -0.587285
v -0.450001 0.766671 -0.524871
v 0.469999 0.523903 -0.723466
v -0.470001 0.562658 -0.691267
v 0.469999 0.513091 -0.791600
v -0.470001 0.513349 -0.750671
v 0.469999 0.541087 -0.842110
v -0.470001 0.522012 -0.818867
v 0.469999 0.615088 -0.864108
v -0.470001 0.576359 -0.860963
v -0.470001 0.636033 -0.855529
v 0.469999 0.674103 -0.823827
v 0.469999 0.688878 -0.756634
v -0.470001 0.678913 -0.816492
v -0.470001 0.687411 -0.756925
v 0.469999 0.651186 -0.701686
v 0.469999 0.593718 -0.684715
v -0.470001 0.648303 -0.697126
v -0.490773 0.567683 -0.689186
v 0.490770 0.537342 -0.711654
v 0.490770 0.512589 -0.756926
v -0.490773 0.514818 -0.745828
v 0.490770 0.525836 -0.827139
v -0.490773 0.519626 -0.814404
v 0.490770 0.575891 -0.859118
v 0.490770 0.628484 -0.859494
v -0.490773 0.579577 -0.863047
v 0.490770 0.680374 -0.814404
v -0.490773 0.664716 -0.839028
v 0.490770 0.686686 -0.754816
v -0.490773 0.688824 -0.772102
v 0.490770 0.655001 -0.703305
v -0.490773 0.669168 -0.717548
v 0.490770 0.588682 -0.685211
v -0.490773 0.627069 -0.690405
v 0.449998 0.950000 -1.274309
v -1.109821 0.240000 1.539073
v -0.941004 0.240000 1.539073
v -1.109003 0.240000 1.385740
v -0.940186 0.240000 1.385735
v -0.942004 0.138333 1.385735
v -1.108017 0.233333 0.755739
v -0.942019 0.226666 0.755735
v -0.942004 0.233333 2.169073
v -1.108003 0.226666 2.169073
v -1.108013 0.215000 0.947739
v -0.942014 0.215000 0.947735
v -0.942004 0.215000 1.977072
v -1.108003 0.215000 1.977072
v -1.108003 0.137500 1.539073
v -0.942004 0.137500 1.539073
v -1.108003 0.136666 1.385739
v -1.113003 0.105000 1.539073
v -0.937004 0.105000 1.539073
v -1.113003 0.105000 1.385739
v -0.937004 0.105000 1.385737
v 1.109821 0.240000 1.539073
v 0.941004 0.240000 1.539073
v 1.109003 0.240000 1.385740
v 0.940186 0.240000 1.385735
v 0.942004 0.138333 1.385735
v 1.108017 0.233333 0.755739
v 0.942019 0.226666 0.755735
v 0.942004 0.233333 2.169073
v 1.108003 0.226666 2.169073
v 1.108013 0.215000 0.947739
v 0.942014 0.215000 0.947735
v 0.942004 0.215000 1.977072
v 1.108003 0.215000 1.977072
v 1.108003 0.137500 1.539073
v 0.942004 0.137500 1.539073
v 1.108003 0.136666 1.385739
v 1.113003 0.105000 1.539073
v 0.937004 0.105000 1.539073
v 1.113003 0.105000 1.385739
v 0.937004 0.105000 1.385737
v -1.109821 0.240000 -1.539073
v -0.941004 0.240000 -1.539073
v -1.109003 0.240000 -1.385740
v -0.940186 0.240000 -1.385735
v -0.942004 0.138333 -1.385735
v -1.108017 0.233333 -0.755739
v -0.942019 0.226666 -0.755735
v -0.942004 0.233333 -2.169073
v -1.108003 0.226666 -2.169073
v -1.108013 0.215000 -0.947739
v -0.942014 0.215000 -0.947735
v -0.942004 0.215000 -1.977072
v -1.108003 0.215000 -1.977072
v -1.108003 0.137500 -1.539073
v -0.942004 0.137500 -1.539073
v -1.108003 0.136666 -1.385739
v -1.113003 0.105000 -1.539073
v -0.937004 0.105000 -1.539073
v -1.113003 0.105000 -1.385739
v -0.937004 0.105000 -1.385737
v 1.109821 0.240000 -1.539073
v 0.941004 0.240000 -1.539073
v 1.109003 0.240000 -1.385740
v 0.940186 0.240000 -1.385735
v 0.942004 0.138333 -1.385735
v 1.108017 0.233333 -0.755739
v 0.942019 0.226666 -0.755735
v 0.942004 0.233333 -2.169073
v 1.108003 0.226666 -2.169073
v 1.108013 0.215000 -0.947739
v 0.942014 0.215000 -0.947735
v 0.942004 0.215000 -1.977072
v 1.108003 0.215000 -1.977072
v 1.108003 0.137500 -1.539073
v 0.942004 0.137500 -1.539073
v 1.108003 0.136666 -1.385739
v 1.113003 0.105000 -1.539073
v 0.937004 0.105000 -1.539073
v 1.113003 0.105000 -1.385739
v 0.937004 0.105000 -1.385737
v 1.230000 0.525457 -1.661865
v 1.240000 0.576181 -1.662617
v 1.230000 0.435315 -1.619886
v 1.240000 0.477907 -1.647440
v 1.230000 0.384541 -1.560184
v 1.240000 0.402518 -1.587090
v 1.230000 0.357634 -1.467440
v 1.240000 0.366791 -1.517333
v 1.230000 0.388941 -1.354163
v 1.240000 0.362505 -1.417987
v 1.240000 0.406988 -1.332274
v 1.230000 0.477905 -1.277370
v 1.240000 0.468433 -1.283625
v 1.230000 0.576178 -1.262192
v 1.240000 0.565035 -1.260039
v 1.230000 0.668242 -1.291347
v 1.240000 0.657780 -1.286946
v 1.230000 0.735460 -1.364626
v 1.240000 0.717482 -1.337720
v 1.230000 0.759522 -1.439214
v 1.240000 0.753209 -1.407476
v 1.230000 0.753209 -1.517333
v 1.240000 0.759522 -1.485596
v 1.230000 0.717482 -1.587090
v 1.240000 0.725464 -1.579020
v 1.230000 0.642093 -1.647440
v 1.240000 0.651565 -1.641186
v 1.241145 0.391366 -1.478391
v 1.242114 0.667481 -1.331441
v 1.242519 0.578107 -1.630835
v 1.246052 0.525699 -1.626465
v 1.241928 0.482926 -1.613881
v 1.242519 0.428097 -1.568699
v 1.242604 0.398992 -1.514454
v 1.246509 0.392288 -1.445498
v 1.241928 0.408524 -1.385331
v 1.242322 0.452575 -1.331509
v 1.242112 0.509271 -1.300591
v 1.243072 0.560000 -1.293846
v 1.242112 0.610729 -1.300591
v 1.242519 0.708680 -1.381220
v 1.242112 0.728602 -1.444219
v 1.243254 0.723105 -1.506995
v 1.242409 0.699572 -1.559636
v 1.241988 0.645231 -1.609399
v 1.268156 0.541239 -1.610100
v 1.267653 0.442954 -1.554446
v 1.268147 0.412662 -1.460994
v 1.268077 0.431509 -1.392612
v 1.268477 0.480088 -1.338638
v 1.267654 0.577681 -1.314558
v 1.268248 0.653963 -1.350389
v 1.267712 0.697140 -1.408574
v 1.268248 0.705341 -1.478300
v 1.268018 0.687700 -1.533569
v 1.268061 0.638771 -1.586889
v 1.400178 0.607212 -1.603596
v 1.400272 0.519002 -1.602747
v 1.399616 0.446838 -1.559175
v 1.400068 0.412735 -1.466069
v 1.400018 0.429883 -1.395763
v 1.400178 0.486150 -1.333138
v 1.400068 0.585137 -1.317255
v 1.400271 0.651584 -1.348435
v 1.400076 0.688550 -1.392717
v 1.400076 0.705434 -1.447215
v 1.399616 0.692709 -1.529921
v 1.420005 0.572390 -1.588209
v 1.420053 0.496256 -1.573981
v 1.420065 0.436042 -1.496224
v 1.420031 0.447081 -1.402049
v 1.420164 0.530806 -1.335566
v 1.420012 0.627994 -1.354950
v 1.420149 0.686854 -1.433207
v 1.420090 0.654797 -1.551701
v -1.230000 0.505072 1.655614
v -1.240000 0.515581 1.659900
v -1.230000 0.420465 1.609059
v -1.240000 0.413345 1.601938
v -1.230000 0.368836 1.524075
v -1.230000 0.359788 1.446226
v -1.240000 0.360540 1.496946
v -1.230000 0.381219 1.370839
v -1.240000 0.374965 1.380311
v -1.230000 0.429869 1.309392
v -1.240000 0.435315 1.304923
v -1.230000 0.515583 1.264910
v -1.240000 0.525460 1.262945
v -1.230000 0.614929 1.269196
v -1.240000 0.621670 1.271241
v -1.230000 0.684685 1.304923
v -1.240000 0.690131 1.309392
v -1.230000 0.735460 1.364626
v -1.230000 0.759522 1.439214
v -1.240000 0.748889 1.389614
v -1.230000 0.753209 1.517333
v -1.240000 0.757495 1.506823
v -1.230000 0.706655 1.601938
v -1.240000 0.699535 1.609059
v -1.230000 0.604419 1.659900
v -1.240000 0.614928 1.655614
v -1.242114 0.667481 1.331441
v -1.242519 0.578107 1.630836
v -1.242112 0.512280 1.625132
v -1.242716 0.452499 1.593396
v -1.242112 0.409709 1.540954
v -1.242322 0.391482 1.479003
v -1.242285 0.397654 1.413158
v -1.242280 0.421040 1.366731
v -1.242322 0.452575 1.331509
v -1.242112 0.509271 1.300591
v -1.243072 0.560000 1.293846
v -1.242112 0.610729 1.300591
v -1.242518 0.708680 1.381220
v -1.242112 0.728602 1.444219
v -1.242297 0.722642 1.510127
v -1.242519 0.691903 1.568699
v -1.242112 0.641323 1.611213
v -1.268156 0.541239 1.610100
v -1.267712 0.453899 1.564620
v -1.268076 0.419792 1.503910
v -1.268147 0.415769 1.432277
v -1.268076 0.447594 1.368886
v -1.268248 0.492469 1.332728
v -1.267653 0.577681 1.314558
v -1.268477 0.665798 1.359883
v -1.268156 0.708517 1.451992
v -1.268017 0.687700 1.533569
v -1.268061 0.638771 1.586889
v -1.400527 0.562224 1.609710
v -1.399616 0.467891 1.579392
v -1.400178 0.412312 1.481166
v -1.400068 0.435518 1.383636
v -1.400068 0.500259 1.327752
v -1.400068 0.585137 1.317255
v -1.399998 0.640872 1.341371
v -1.400153 0.681821 1.379516
v -1.400076 0.705434 1.447215
v -1.400076 0.700176 1.504027
v -1.399616 0.656770 1.575567
v -1.420034 0.547450 1.589823
v -1.420210 0.451264 1.535060
v -1.420013 0.435940 1.434503
v -1.420149 0.490946 1.352060
v -1.420013 0.587902 1.338345
v -1.420040 0.658967 1.381185
v -1.420108 0.688412 1.483982
v -1.420026 0.630855 1.568446
v -1.230001 0.505072 -1.269197
v -1.240001 0.515581 -1.264911
v -1.230001 0.435315 -1.304926
v -1.230001 0.384541 -1.364627
v -1.240001 0.413345 -1.322873
v -1.230001 0.357634 -1.457371
v -1.240001 0.366791 -1.407479
v -1.240001 0.360478 -1.485597
v -1.230001 0.388941 -1.570649
v -1.240001 0.384540 -1.560186
v -1.230001 0.477906 -1.647441
v -1.240001 0.435315 -1.619888
v -1.230001 0.594540 -1.661867
v -1.240001 0.525460 -1.661867
v -1.230001 0.684685 -1.619888
v -1.240001 0.642094 -1.647441
v -1.230001 0.735460 -1.560186
v -1.240001 0.717482 -1.587092
v -1.230001 0.759522 -1.485597
v -1.240001 0.753209 -1.517335
v -1.230001 0.753209 -1.407479
v -1.240001 0.759522 -1.439216
v -1.230001 0.706655 -1.322873
v -1.240001 0.735460 -1.364627
v -1.240001 0.684686 -1.304926
v -1.230001 0.604419 -1.264911
v -1.240001 0.614928 -1.269197
v -1.245319 0.666688 -1.592706
v -1.240375 0.683878 -1.582357
v -1.242427 0.586718 -1.294933
v -1.242712 0.527470 -1.295841
v -1.242502 0.475576 -1.315840
v -1.241664 0.443557 -1.339572
v -1.242519 0.409895 -1.383887
v -1.242113 0.391090 -1.447350
v -1.241787 0.395754 -1.503109
v -1.242811 0.411551 -1.543797
v -1.242323 0.452575 -1.593302
v -1.242282 0.493274 -1.617362
v -1.242285 0.543371 -1.631241
v -1.242519 0.610618 -1.624068
v -1.242416 0.712000 -1.538642
v -1.246015 0.727540 -1.479269
v -1.241357 0.727945 -1.439717
v -1.242519 0.710105 -1.383887
v -1.241572 0.673918 -1.336820
v -1.245605 0.640328 -1.314403
v -1.268162 0.613523 -1.321421
v -1.268044 0.490080 -1.331595
v -1.268034 0.423498 -1.405866
v -1.268016 0.415902 -1.491069
v -1.268092 0.465190 -1.577934
v -1.268035 0.563664 -1.609657
v -1.268022 0.644863 -1.582818
v -1.268162 0.708718 -1.487395
v -1.268006 0.687700 -1.391242
v 1.230001 0.487211 1.273517
v 1.240001 0.536808 1.262885
v 1.240001 0.462222 1.286946
v 1.230001 0.406988 1.332276
v 1.240001 0.402518 1.337722
v 1.230001 0.368836 1.400737
v 1.230001 0.359788 1.478586
v 1.240001 0.360540 1.427865
v 1.230001 0.381219 1.553972
v 1.240001 0.368836 1.524077
v 1.230001 0.429869 1.615419
v 1.240001 0.406988 1.592537
v 1.230001 0.498330 1.653570
v 1.240001 0.468434 1.641187
v 1.230001 0.576178 1.662619
v 1.240001 0.543822 1.662619
v 1.230001 0.651566 1.641187
v 1.240001 0.621671 1.653570
v 1.230001 0.713012 1.592537
v 1.240001 0.690131 1.615419
v 1.230001 0.751164 1.524077
v 1.240001 0.748889 1.535197
v 1.230001 0.759460 1.427865
v 1.240001 0.757495 1.417989
v 1.230001 0.717482 1.337722
v 1.240001 0.713013 1.332276
v 1.230001 0.657778 1.286946
v 1.230001 0.583192 1.262884
v 1.240001 0.632789 1.273517
v 1.240370 0.533265 1.632059
v 1.241942 0.667527 1.593427
v 1.242238 0.728996 1.449390
v 1.241649 0.726778 1.491139
v 1.242298 0.512276 1.299765
v 1.242483 0.452432 1.331333
v 1.242520 0.409895 1.383887
v 1.242113 0.391090 1.447350
v 1.241787 0.395754 1.503109
v 1.242812 0.411551 1.543796
v 1.242323 0.452575 1.593302
v 1.246743 0.523054 1.627430
v 1.242520 0.610618 1.624068
v 1.242520 0.708680 1.543592
v 1.247792 0.721785 1.415677
v 1.242712 0.701438 1.368611
v 1.242481 0.663241 1.328437
v 1.241430 0.630950 1.308874
v 1.242298 0.578149 1.293883
v 1.268162 0.613523 1.321421
v 1.268044 0.490079 1.331595
v 1.268034 0.423499 1.405866
v 1.268016 0.415902 1.491069
v 1.268092 0.465190 1.577933
v 1.268028 0.560000 1.609313
v 1.268028 0.642089 1.585261
v 1.268162 0.708718 1.487395
v 1.268006 0.687700 1.391242
v 1.179999 0.770001 -1.692405
v 1.179999 0.350000 -1.692405
v 0.870001 0.350000 -1.232405
v 0.870001 0.770001 -1.232405
v 0.870001 0.770001 -1.692405
v 0.870001 0.350000 -1.692405
v 1.179999 0.350000 -1.232405
v 1.179999 0.770001 -1.232405
v 1.229999 0.770001 -1.692405
v 1.229999 0.350000 -1.692405
v 1.229999 0.350000 -1.232405
v 1.229999 0.770001 -1.232405
v 0.820001 0.350000 -1.232405
v 0.820001 0.770001 -1.232405
v 0.820001 0.770001 -1.692405
v 0.820001 0.350000 -1.692405
v 1.229999 0.396667 -1.232405
v 1.229999 0.723334 -1.232405
v 1.179999 0.396667 -1.232405
v 1.179999 0.723334 -1.232405
v 1.229999 0.436667 -1.192405
v 1.229999 0.683334 -1.192405
v 1.179999 0.436667 -1.192405
v 1.179999 0.683334 -1.192405
v 1.179999 0.723334 -1.692405
v 1.179999 0.396667 -1.692405
v 1.229999 0.723334 -1.692405
v 1.229999 0.396667 -1.692405
v 1.179999 0.683334 -1.732405
v 1.179999 0.436667 -1.732405
v 1.229999 0.683334 -1.732405
v 1.229999 0.436667 -1.732405
v 0.870001 0.723334 -1.692405
v 0.870001 0.396667 -1.692405
v 0.870001 0.396667 -1.232405
v 0.870001 0.723334 -1.232405
v 0.820001 0.396667 -1.232405
v 0.820001 0.723334 -1.232405
v 0.820001 0.723334 -1.692405
v 0.820001 0.396667 -1.692405
v 0.870001 0.436667 -1.192405
v 0.870001 0.683334 -1.192405
v 0.820001 0.436667 -1.192405
v 0.820001 0.683334 -1.192405
v 0.870001 0.683334 -1.732405
v 0.870001 0.436667 -1.732405
v 0.820001 0.683334 -1.732405
v 0.820001 0.436667 -1.732405
v 1.117999 0.350000 -1.539072
v 1.088000 0.350000 -1.539072
v 0.962001 0.350000 -1.539072
v 0.932001 0.350000 -1.539072
v 1.117999 0.350000 -1.385738
v 1.088001 0.350000 -1.385738
v 0.962001 0.350000 -1.385734
v 0.932001 0.350000 -1.385738
v 1.230000 0.560000 -1.662405
v 1.230000 0.520982 -1.658562
v 1.230000 0.483463 -1.647181
v 1.230000 0.448886 -1.628699
v 1.230000 0.418579 -1.603826
v 1.230000 0.393706 -1.573519
v 1.230000 0.375224 -1.538941
v 1.230000 0.363843 -1.501423
v 1.230000 0.360000 -1.462405
v 1.230000 0.363843 -1.423387
v 1.230000 0.375224 -1.385868
v 1.230000 0.393706 -1.351291
v 1.230000 0.418579 -1.320983
v 1.230000 0.448886 -1.296111
v 1.230000 0.483463 -1.277629
v 1.230000 0.520982 -1.266248
v 1.230000 0.560000 -1.262405
v 1.230000 0.599018 -1.266248
v 1.230000 0.636537 -1.277629
v 1.230000 0.671114 -1.296111
v 1.230000 0.701421 -1.320983
v 1.230000 0.726294 -1.351291
v 1.230000 0.744776 -1.385868
v 1.230000 0.756157 -1.423387
v 1.230000 0.760000 -1.462405
v 1.230000 0.756157 -1.501423
v 1.230000 0.744776 -1.538941
v 1.230000 0.726294 -1.573519
v 1.230000 0.701421 -1.603826
v 1.230000 0.671114 -1.628699
v 1.230000 0.636537 -1.647181
v 1.230000 0.599018 -1.658562
v -1.179999 0.770001 -1.692405
v -1.179999 0.350000 -1.692405
v -0.870001 0.350000 -1.232405
v -0.870001 0.770001 -1.232405
v -0.870001 0.770001 -1.692405
v -0.870001 0.350000 -1.692405
v -1.179999 0.350000 -1.232405
v -1.179999 0.770001 -1.232405
v -1.229999 0.770001 -1.692405
v -1.229999 0.350000 -1.692405
v -1.229999 0.350000 -1.232405
v -1.229999 0.770001 -1.232405
v -0.820001 0.350000 -1.232405
v -0.820001 0.770001 -1.232405
v -0.820001 0.770001 -1.692405
v -0.820001 0.350000 -1.692405
v -1.229999 0.396667 -1.232405
v -1.229999 0.723334 -1.232405
v -1.179999 0.396667 -1.232405
v -1.179999 0.723334 -1.232405
v -1.229999 0.436667 -1.192405
v -1.229999 0.683334 -1.192405
v -1.179999 0.436667 -1.192405
v -1.179999 0.683334 -1.192405
v -1.179999 0.723334 -1.692405
v -1.179999 0.396667 -1.692405
v -1.229999 0.723334 -1.692405
v -1.229999 0.396667 -1.692405
v -1.179999 0.683334 -1.732405
v -1.179999 0.436667 -1.732405
v -1.229999 0.683334 -1.732405
v -1.229999 0.436667 -1.732405
v -0.870001 0.723334 -1.692405
v -0.870001 0.396667 -1.692405
v -0.870001 0.396667 -1.232405
v -0.870001 0.723334 -1.232405
v -0.820001 0.396667 -1.232405
v -0.820001 0.723334 -1.232405
v -0.820001 0.723334 -1.692405
v -0.820001 0.396667 -1.692405
v -0.870001 0.436667 -1.192405
v -0.870001 0.683334 -1.192405
v -0.820001 0.436667 -1.192405
v -0.820001 0.683334 -1.192405
v -0.870001 0.683334 -1.732405
v -0.870001 0.436667 -1.732405
v -0.820001 0.683334 -1.732405
v -0.820001 0.436667 -1.732405
v -1.117999 0.350000 -1.539072
v -1.088000 0.350000 -1.539072
v -0.962001 0.350000 -1.539072
v -0.932001 0.350000 -1.539072
v -1.117999 0.350000 -1.385738
v -1.088001 0.350000 -1.385738
v -0.962001 0.350000 -1.385734
v -0.932001 0.350000 -1.385738
v -1.230000 0.560000 -1.662405
v -1.230000 0.520982 -1.658562
v -1.230000 0.483463 -1.647181
v -1.230000 0.448886 -1.628699
v -1.230000 0.418579 -1.603826
v -1.230000 0.393706 -1.573519
v -1.230000 0.375224 -1.538941
v -1.230000 0.363843 -1.501423
v -1.230000 0.360000 -1.462405
v -1.230000 0.363843 -1.423387
v -1.230000 0.375224 -1.385868
v -1.230000 0.393706 -1.351291
v -1.230000 0.418579 -1.320983
v -1.230000 0.448886 -1.296111
v -1.230000 0.483463 -1.277629
v -1.230000 0.520982 -1.266248
v -1.230000 0.560000 -1.262405
v -1.230000 0.599018 -1.266248
v -1.230000 0.636537 -1.277629
v -1.230000 0.671114 -1.296111
v -1.230000 0.701421 -1.320983
v -1.230000 0.726294 -1.351291
v -1.230000 0.744776 -1.385868
v -1.230000 0.756157 -1.423387
v -1.230000 0.760000 -1.462405
v -1.230000 0.756157 -1.501423
v -1.230000 0.744776 -1.538941
v -1.230000 0.726294 -1.573519
v -1.230000 0.701421 -1.603826
v -1.230000 0.671114 -1.628699
v -1.230000 0.636537 -1.647181
v -1.230000 0.599018 -1.658562
v 1.179999 0.770001 1.692405
v 1.179999 0.350000 1.692405
v 0.870001 0.350000 1.232405
v 0.870001 0.770001 1.232405
v 0.870001 0.770001 1.692405
v 0.870001 0.350000 1.692405
v 1.179999 0.350000 1.232405
v 1.179999 0.770001 1.232405
v 1.229999 0.770001 1.692405
v 1.229999 0.350000 1.692405
v 1.229999 0.350000 1.232405
v 1.229999 0.770001 1.232405
v 0.820001 0.350000 1.232405
v 0.820001 0.770001 1.232405
v 0.820001 0.770001 1.692405
v 0.820001 0.350000 1.692405
v 1.229999 0.396667 1.232405
v 1.229999 0.723334 1.232405
v 1.179999 0.396667 1.232405
v 1.179999 0.723334 1.232405
v 1.229999 0.436667 1.192405
v 1.229999 0.683334 1.192405
v 1.179999 0.436667 1.192405
v 1.179999 0.683334 1.192405
v 1.179999 0.723334 1.692405
v 1.179999 0.396667 1.692405
v 1.229999 0.723334 1.692405
v 1.229999 0.396667 1.692405
v 1.179999 0.683334 1.732405
v 1.179999 0.436667 1.732405
v 1.229999 0.683334 1.732405
v 1.229999 0.436667 1.732405
v 0.870001 0.723334 1.692405
v 0.870001 0.396667 1.692405
v 0.870001 0.396667 1.232405
v 0.870001 0.723334 1.232405
v 0.820001 0.396667 1.232405
v 0.820001 0.723334 1.232405
v 0.820001 0.723334 1.692405
v 0.820001 0.396667 1.692405
v 0.870001 0.436667 1.192405
v 0.870001 0.683334 1.192405
v 0.820001 0.436667 1.192405
v 0.820001 0.683334 1.192405
v 0.870001 0.683334 1.732405
v 0.870001 0.436667 1.732405
v 0.820001 0.683334 1.732405
v 0.820001 0.436667 1.732405
v 1.117999 0.350000 1.539072
v 1.088000 0.350000 1.539072
v 0.962001 0.350000 1.539072
v 0.932001 0.350000 1.539072
v 1.117999 0.350000 1.385738
v 1.088001 0.350000 1.385738
v 0.962001 0.350000 1.385734
v 0.932001 0.350000 1.385738
v 1.230000 0.560000 1.662405
v 1.230000 0.520982 1.658562
v 1.230000 0.483463 1.647181
v 1.230000 0.448886 1.628699
v 1.230000 0.418579 1.603826
v 1.230000 0.393706 1.573519
v 1.230000 0.375224 1.538941
v 1.230000 0.363843 1.501423
v 1.230000 0.360000 1.462405
v 1.230000 0.363843 1.423387
v 1.230000 0.375224 1.385868
v 1.230000 0.393706 1.351291
v 1.230000 0.418579 1.320983
v 1.230000 0.448886 1.296111
v 1.230000 0.483463 1.277629
v 1.230000 0.520982 1.266248
v 1.230000 0.560000 1.262405
v 1.230000 0.599018 1.266248
v 1.230000 0.636537 1.277629
v 1.230000 0.671114 1.296111
v 1.230000 0.701421 1.320983
v 1.230000 0.726294 1.351291
v 1.230000 0.744776 1.385868
v 1.230000 0.756157 1.423387
v 1.230000 0.760000 1.462405
v 1.230000 0.756157 1.501423
v 1.230000 0.744776 1.538941
v 1.230000 0.726294 1.573519
v 1.230000 0.701421 1.603826
v 1.230000 0.671114 1.628699
v 1.230000 0.636537 1.647181
v 1.230000 0.599018 1.658562
v -1.179999 0.770001 1.692405
v -1.179999 0.350000 1.692405
v -0.870001 0.350000 1.232405
v -0.870001 0.770001 1.232405
v -0.870001 0.770001 1.692405
v -0.870001 0.350000 1.692405
v -1.179999 0.350000 1.232405
v -1.179999 0.770001 1.232405
v -1.229999 0.770001 1.692405
v -1.229999 0.350000 1.692405
v -1.229999 0.350000 1.232405
v -1.229999 0.770001 1.232405
v -0.820001 0.350000 1.232405
v -0.820001 0.770001 1.232405
v -0.820001 0.770001 1.692405
v -0.820001 0.350000 1.692405
v -1.229999 0.396667 1.232405
v -1.229999 0.723334 1.232405
v -1.179999 0.396667 1.232405
v -1.179999 0.723334 1.232405
v -1.229999 0.436667 1.192405
v -1.229999 0.683334 1.192405
v -1.179999 0.436667 1.192405
v -1.179999 0.683334 1.192405
v -1.179999 0.723334 1.692405
v -1.179999 0.396667 1.692405
v -1.229999 0.723334 1.692405
v -1.229999 0.396667 1.692405
v -1.179999 0.683334 1.732405
v -1.179999 0.436667 1.732405
v -1.229999 0.683334 1.732405
v -1.229999 0.436667 1.732405
v -0.870001 0.723334 1.692405
v -0.870001 0.396667 1.692405
v -0.870001 0.396667 1.232405
v -0.870001 0.723334 1.232405
v -0.820001 0.396667 1.232405
v -0.820001 0.723334 1.232405
v -0.820001 0.723334 1.692405
v -0.820001 0.396667 1.692405
v -0.870001 0.436667 1.192405
v -0.870001 0.683334 1.192405
v -0.820001 0.436667 1.192405
v -0.820001 0.683334 1.192405
v -0.870001 0.683334 1.732405
v -0.870001 0.436667 1.732405
v -0.820001 0.683334 1.732405
v -0.820001 0.436667 1.732405
v -1.117999 0.350000 1.539072
v -1.088000 0.350000 1.539072
v -0.962001 0.350000 1.539072
v -0.932001 0.350000 1.539072
v -1.117999 0.350000 1.385738
v -1.088001 0.350000 1.385738
v -0.962001 0.350000 1.385734
v -0.932001 0.350000 1.385738
v -1.230000 0.560000 1.662405
v -1.230000 0.520982 1.658562
v -1.230000 0.483463 1.647181
v -1.230000 0.448886 1.628699
v -1.230000 0.418579 1.603826
v -1.230000 0.393706 1.573519
v -1.230000 0.375224 1.538941
v -1.230000 0.363843 1.501423
v -1.230000 0.360000 1.462405
v -1.230000 0.363843 1.423387
v -1.230000 0.375224 1.385868
v -1.230000 0.393706 1.351291
v -1.230000 0.418579 1.320983
v -1.230000 0.448886 1.296111
v -1.230000 0.483463 1.277629
v -1.230000 0.520982 1.266248
v -1.230000 0.560000 1.262405
v -1.230000 0.599018 1.266248
v -1.230000 0.636537 1.277629
v -1.230000 0.671114 1.296111
v -1.230000 0.701421 1.320983
v -1.230000 0.726294 1.351291
v -1.230000 0.744776 1.385868
v -1.230000 0.756157 1.423387
v -1.230000 0.760000 1.462405
v -1.230000 0.756157 1.501423
v -1.230000 0.744776 1.538941
v -1.230000 0.726294 1.573519
v -1.230000 0.701421 1.603826
v -1.230000 0.671114 1.628699
v -1.230000 0.636537 1.647181
v -1.230000 0.599018 1.658562
v -1.200000 0.897571 -1.742407
v -0.850002 0.295000 -1.892407
v -0.860002 0.897571 -1.992406
v -1.200000 0.295000 -1.892407
v -1.200000 0.897571 -0.932406
v -0.850002 0.897571 -0.932407
v -1.200000 0.295000 -1.032407
v -0.850002 0.295000 -1.032407
v -1.180000 0.770001 -1.232407
v -1.180000 0.350000 -1.232407
v -0.870002 0.350000 -1.692407
v -0.870002 0.770001 -1.232407
v -1.180000 0.350000 -1.692407
v -1.180000 0.770001 -1.692407
v -1.200000 0.295000 -1.742407
v -1.180000 0.295000 -1.692407
v -1.180000 0.295000 -1.742407
v -1.180000 0.396667 -1.692407
v -1.180000 0.723334 -1.692407
v -1.180000 0.436667 -1.732407
v -1.180000 0.683334 -1.732407
v -1.200000 0.295000 -1.129407
v -1.180000 0.295000 -1.232407
v -1.180000 0.295000 -1.129407
v -1.180000 0.723334 -1.232407
v -1.180000 0.396667 -1.232407
v -1.180000 0.683334 -1.192407
v -1.180000 0.436667 -1.192407
v -0.850002 0.897571 -1.742407
v -0.850002 0.295000 -1.742407
v -0.850002 0.295000 -1.129407
v -0.870002 0.295000 -1.742407
v -0.870002 0.295000 -1.692407
v -0.870002 0.295000 -1.129407
v -0.870002 0.295000 -1.232407
v -0.870002 0.350000 -1.232407
v -0.870002 0.770001 -1.692407
v -1.180000 0.833786 -1.692407
v -1.180000 0.833786 -1.232407
v -0.870002 0.833786 -1.692407
v -0.870002 0.833786 -1.232407
v -0.870002 0.833786 -1.742407
v -0.870002 0.833786 -1.182407
v -1.180000 0.833786 -1.182407
v -1.180000 0.833786 -1.742407
v -1.180001 0.295000 -1.885740
v -0.870002 0.295000 -1.889073
v -1.190001 0.897571 -1.992406
v -0.870002 0.897571 -0.937406
v -1.180001 0.295000 -1.037407
v -1.180001 0.897571 -0.937406
v -0.870002 0.295000 -1.037407
v -0.870002 0.897571 -1.982406
v -1.180001 0.897571 -1.982406
v -1.200000 0.897569 -1.183653
v -0.850002 0.897567 -1.184902
v 1.200000 0.897571 -1.742407
v 0.850002 0.295000 -1.892407
v 0.860002 0.897571 -1.992406
v 1.200000 0.295000 -1.892407
v 1.200000 0.897571 -0.932406
v 0.850002 0.897571 -0.932407
v 1.200000 0.295000 -1.032407
v 0.850002 0.295000 -1.032407
v 1.180000 0.770001 -1.232407
v 1.180000 0.350000 -1.232407
v 0.870002 0.350000 -1.692407
v 0.870002 0.770001 -1.232407
v 1.180000 0.350000 -1.692407
v 1.180000 0.770001 -1.692407
v 1.200000 0.295000 -1.742407
v 1.180000 0.295000 -1.692407
v 1.180000 0.295000 -1.742407
v 1.180000 0.396667 -1.692407
v 1.180000 0.723334 -1.692407
v 1.180000 0.436667 -1.732407
v 1.180000 0.683334 -1.732407
v 1.200000 0.295000 -1.129407
v 1.180000 0.295000 -1.232407
v 1.180000 0.295000 -1.129407
v 1.180000 0.723334 -1.232407
v 1.180000 0.396667 -1.232407
v 1.180000 0.683334 -1.192407
v 1.180000 0.436667 -1.192407
v 0.850002 0.897571 -1.742407
v 0.850002 0.295000 -1.742407
v 0.850002 0.295000 -1.129407
v 0.870002 0.295000 -1.742407
v 0.870002 0.295000 -1.692407
v 0.870002 0.295000 -1.129407
v 0.870002 0.295000 -1.232407
v 0.870002 0.350000 -1.232407
v 0.870002 0.770001 -1.692407
v 1.180000 0.833786 -1.692407
v 1.180000 0.833786 -1.232407
v 0.870002 0.833786 -1.692407
v 0.870002 0.833786 -1.232407
v 0.870002 0.833786 -1.742407
v 0.870002 0.833786 -1.182407
v 1.180000 0.833786 -1.182407
v 1.180000 0.833786 -1.742407
v 1.180001 0.295000 -1.885740
v 0.870002 0.295000 -1.889073
v 1.190001 0.897571 -1.992406
v 0.870002 0.897500 -0.936544
v 1.180001 0.295000 -1.035740
v 1.180001 0.897643 -0.938269
v 0.870002 0.295000 -1.039073
v 0.870002 0.897571 -1.982406
v 1.180001 0.897571 -1.982406
v 1.200000 0.897569 -1.183653
v 0.850002 0.897567 -1.184902
v -1.200000 0.897571 1.742407
v -0.850002 0.295000 1.892407
v -0.860002 0.897571 1.992406
v -1.200000 0.295000 1.892407
v -1.200000 0.897571 0.932406
v -0.850002 0.897571 0.932407
v -1.200000 0.295000 1.032407
v -0.850002 0.295000 1.032407
v -1.180000 0.770001 1.232407
v -1.180000 0.350000 1.232407
v -0.870002 0.350000 1.692407
v -0.870002 0.770001 1.232407
v -1.180000 0.350000 1.692407
v -1.180000 0.770001 1.692407
v -1.200000 0.295000 1.742407
v -1.180000 0.295000 1.692407
v -1.180000 0.295000 1.742407
v -1.180000 0.396667 1.692407
v -1.180000 0.723334 1.692407
v -1.180000 0.436667 1.732407
v -1.180000 0.683334 1.732407
v -1.200000 0.295000 1.129407
v -1.180000 0.295000 1.232407
v -1.180000 0.295000 1.129407
v -1.180000 0.723334 1.232407
v -1.180000 0.396667 1.232407
v -1.180000 0.683334 1.192407
v -1.180000 0.436667 1.192407
v -0.850002 0.897571 1.742407
v -0.850002 0.295000 1.742407
v -0.850002 0.295000 1.129407
v -0.870002 0.295000 1.742407
v -0.870002 0.295000 1.692407
v -0.870002 0.295000 1.129407
v -0.870002 0.295000 1.232407
v -0.870002 0.350000 1.232407
v -0.870002 0.770001 1.692407
v -1.180000 0.833786 1.692407
v -1.180000 0.833786 1.232407
v -0.870002 0.833786 1.692407
v -0.870002 0.833786 1.232407
v -0.870002 0.833786 1.742407
v -0.870002 0.833786 1.182407
v -1.180000 0.833786 1.182407
v -1.180000 0.833786 1.742407
v -1.180001 0.295000 1.885740
v -0.870002 0.295000 1.889073
v -1.190001 0.897571 1.992406
v -0.870002 0.897500 0.936544
v -1.180001 0.295000 1.035740
v -1.180001 0.897643 0.938269
v -0.870002 0.295000 1.039073
v -0.870002 0.897571 1.982406
v -1.180001 0.897571 1.982406
v -1.200000 0.897569 1.183653
v -0.850002 0.897567 1.184902
v 1.200000 0.897571 1.742407
v 0.850002 0.295000 1.892407
v 0.860002 0.897571 1.992406
v 1.200000 0.295000 1.892407
v 1.200000 0.897571 0.932406
v 0.850002 0.897571 0.932407
v 1.200000 0.295000 1.032407
v 0.850002 0.295000 1.032407
v 1.180000 0.770001 1.232407
v 1.180000 0.350000 1.232407
v 0.870002 0.350000 1.692407
v 0.870002 0.770001 1.232407
v 1.180000 0.350000 1.692407
v 1.180000 0.770001 1.692407
v 1.200000 0.295000 1.742407
v 1.180000 0.295000 1.692407
v 1.180000 0.295000 1.742407
v 1.180000 0.396667 1.692407
v 1.180000 0.723334 1.692407
v 1.180000 0.436667 1.732407
v 1.180000 0.683334 1.732407
v 1.200000 0.295000 1.129407
v 1.180000 0.295000 1.232407
v 1.180000 0.295000 1.129407
v 1.180000 0.723334 1.232407
v 1.180000 0.396667 1.232407
v 1.180000 0.683334 1.192407
v 1.180000 0.436667 1.192407
v 0.850002 0.897571 1.742407
v 0.850002 0.295000 1.742407
v 0.850002 0.295000 1.129407
v 0.870002 0.295000 1.742407
v 0.870002 0.295000 1.692407
v 0.870002 0.295000 1.129407
v 0.870002 0.295000 1.232407
v 0.870002 0.350000 1.232407
v 0.870002 0.770001 1.692407
v 1.180000 0.833786 1.692407
v 1.180000 0.833786 1.232407
v 0.870002 0.833786 1.692407
v 0.870002 0.833786 1.232407
v 0.870002 0.833786 1.742407
v 0.870002 0.833786 1.182407
v 1.180000 0.833786 1.182407
v 1.180000 0.833786 1.742407
v 1.180001 0.295000 1.885740
v 0.870002 0.295000 1.889073
v 1.190001 0.897571 1.992406
v 0.870002 0.897571 0.937406
v 1.180001 0.295000 1.037407
v 1.180001 0.897571 0.937406
v 0.870002 0.295000 1.037407
v 0.870002 0.897571 1.982406
v 1.180001 0.897571 1.982406
v 1.200000 0.897569 1.183653
v 0.850002 0.897567 1.184902
vn 0.7077 -0.0000 -0.7065
vn -0.0000 -1.0000 -0.0000
vn -0.0000 -0.0000 -1.0000
vn -0.7830 0.6221 -0.0000
vn -0.7830 -0.6221 -0.0000
vn 1.0000 -0.0000 -0.0000
vn -1.0000 -0.0000 -0.0000
vn -0.0000 -0.0000 1.0000
vn -0.0000 1.0000 -0.0000
vn 0.7107 -0.0000 0.7035
vn -0.0819 -0.6252 -0.7761
vn -0.0314 -0.6156 -0.7874
vn -0.0156 -0.6123 -0.7905
vn 0.7909 0.0166 0.6117
vn 0.6117 -0.0166 0.7909
vn 0.8688 -0.0100 0.4950
vn 0.2129 0.0114 -0.9770
vn 0.4950 -0.0100 -0.8688
vn 0.1747 -0.0000 -0.9846
vn 0.9075 0.1873 0.3760
vn 0.8970 0.2547 0.3613
vn 0.8903 0.2870 0.3535
vn 0.7030 -0.3795 0.6015
vn 0.4020 -0.2140 0.8903
vn 0.2457 0.0187 0.9692
vn 0.4042 -0.2383 0.8831
vn 0.9823 -0.0507 0.1806
vn 0.8882 0.2304 0.3974
vn 0.9800 -0.0694 0.1867
vn 0.7310 -0.3118 0.6069
vn 0.3646 -0.2272 0.9030
vn 0.1950 -0.0789 0.9776
vn 0.2075 -0.0685 0.9758
vn -0.2693 -0.0494 0.9618
vn -0.6010 0.0434 0.7980
vn -0.1285 0.0311 0.9912
vn -0.8202 -0.3279 0.4687
vn -0.8289 -0.3308 0.4512
vn -0.9753 -0.0860 0.2033
vn -0.9734 -0.0680 0.2187
vn -0.9694 -0.0358 -0.2428
vn -0.8613 -0.0279 -0.5072
vn -0.9925 0.0400 -0.1152
vn -0.8584 -0.0174 -0.5127
vn -0.5965 0.0655 -0.8000
vn -0.1973 -0.0625 -0.9783
vn -0.2075 -0.0685 -0.9758
vn -0.4950 0.0100 -0.8688
vn -0.2129 -0.0114 -0.9770
vn -0.6117 -0.0166 -0.7909
vn -0.5915 0.0102 0.8062
vn -0.7875 -0.0299 0.6156
vn -0.4950 -0.0100 0.8688
vn -0.8655 -0.0024 0.5010
vn -0.9800 -0.0148 0.1985
vn -0.7146 -0.2450 -0.6553
vn -0.6880 0.0136 -0.7256
vn -0.6838 -0.0987 -0.7230
vn -0.7923 0.0171 -0.6098
vn -0.8678 -0.0082 -0.4969
vn 0.4950 0.0100 0.8688
vn 0.2129 -0.0114 0.9770
vn 0.9771 0.0114 0.2126
vn 0.9847 0.0005 0.1744
vn 0.5915 0.0102 -0.8062
vn 0.7861 -0.0295 -0.6174
vn 0.8660 -0.0015 -0.5001
vn 0.9784 -0.0210 -0.2054
vn 0.2693 -0.0494 -0.9618
vn 0.6010 0.0434 -0.7980
vn 0.1285 0.0311 -0.9912
vn 0.8193 -0.3281 -0.4703
vn 0.8268 -0.3352 -0.4517
vn 0.9577 -0.0796 -0.2765
vn 0.9906 0.0279 -0.1340
vn -0.9068 0.1927 -0.3749
vn -0.8967 0.2565 -0.3609
vn -0.8903 0.2870 -0.3535
vn -0.7030 -0.3795 -0.6015
vn -0.4020 -0.2140 -0.8903
vn -0.2458 0.0187 -0.9691
vn -0.4042 -0.2383 -0.8831
vn -0.1965 0.0622 0.9785
vn -0.5977 -0.0647 0.7991
vn -0.5995 -0.0751 0.7969
vn -0.8585 0.0173 0.5126
vn -0.8615 0.0298 0.5068
vn -0.9292 0.1325 0.3450
vn 0.1965 0.0622 -0.9785
vn 0.5977 -0.0647 -0.7991
vn 0.5995 -0.0751 -0.7969
vn 0.8585 0.0173 -0.5126
vn 0.8616 0.0300 -0.5068
vn 0.9290 0.1363 -0.3441
vn -0.1160 -0.0391 -0.9925
vn 0.1161 -0.0388 0.9925
vn 0.1758 -0.1488 -0.9731
vn 0.0805 -0.0788 -0.9936
vn -0.1115 0.1108 -0.9876
vn -0.1747 -0.0000 -0.9846
vn 0.1747 -0.0000 0.9846
vn -0.1747 -0.0000 0.9846
vn 0.0166 -0.9752 0.2207
vn -0.0130 -0.8684 0.4957
vn -0.0061 -0.9843 0.1763
vn 0.0258 -0.7782 0.6275
vn -0.0106 -0.6062 0.7953
vn 0.0246 -0.3826 0.9236
vn -0.0215 -0.2465 0.9689
vn 0.0209 -0.0051 0.9998
vn -0.0216 0.1462 0.9890
vn 0.0114 0.9791 0.2032
vn -0.0099 0.8654 0.5009
vn 0.0262 0.7929 0.6087
vn -0.0168 0.5858 0.8103
vn 0.0192 0.4024 0.9153
vn -0.0165 -0.6757 -0.7370
vn 0.0148 -0.5665 -0.8239
vn 0.0149 -0.7945 -0.6071
vn -0.0193 -0.3861 -0.9223
vn 0.0069 -0.2749 -0.9614
vn -0.0032 0.0925 -0.9957
vn 0.0082 0.1200 -0.9927
vn -0.0052 0.7844 -0.6202
vn 0.0095 0.5540 -0.8325
vn -0.0094 0.5150 -0.8571
vn -0.0799 -0.9932 -0.0853
vn 0.0130 -0.9428 -0.3331
vn -0.0409 -0.9758 -0.2150
vn 0.0100 0.9929 -0.1187
vn -0.0034 0.9728 -0.2316
vn -0.0037 0.9982 -0.0591
vn 0.0112 0.9476 -0.3191
vn -0.0050 0.9209 -0.3898
vn 0.0189 0.8509 -0.5249
vn -0.0098 -0.9928 -0.1193
vn 0.0034 -0.9728 -0.2316
vn 0.0048 -0.9982 -0.0594
vn -0.0112 -0.9476 -0.3191
vn 0.0046 -0.9211 -0.3894
vn -0.0111 -0.8610 -0.5084
vn 0.0037 0.9982 0.0591
vn -0.0059 0.9775 -0.2108
vn -0.0100 0.9929 0.1187
vn -0.0085 -0.9739 -0.2266
vn 0.0079 -0.8133 -0.5818
vn 0.0075 -0.9813 -0.1925
vn 0.0183 -0.7759 0.6306
vn -0.0044 -0.5307 0.8476
vn -0.0079 -0.8133 0.5818
vn 0.0268 -0.3873 0.9216
vn -0.0149 -0.2254 0.9741
vn -0.0114 0.9791 -0.2032
vn 0.0099 0.8654 -0.5009
vn -0.0262 0.7929 -0.6087
vn -0.0143 -0.4052 -0.9141
vn 0.0139 -0.2795 -0.9600
vn -0.0177 -0.0588 -0.9981
vn 0.0138 0.0729 -0.9972
vn -0.0147 0.3560 -0.9344
vn -0.0073 0.9198 -0.3924
vn 0.0081 0.8631 -0.5050
vn -0.0139 0.7293 -0.6841
vn -0.0048 -0.9982 0.0594
vn 0.0094 -0.9929 0.1188
vn 0.0099 -0.8030 -0.5959
vn -0.0183 -0.7759 -0.6306
vn 0.0044 -0.5307 -0.8476
vn -0.0268 -0.3873 -0.9216
vn 0.0149 -0.2254 -0.9741
vn -0.0200 -0.0076 -0.9998
vn 0.0150 0.1351 -0.9907
vn -0.2129 0.0114 0.9770
vn -0.0186 0.7774 -0.6287
vn 0.0113 0.5124 -0.8586
vn -0.0231 0.3907 -0.9202
vn -0.0196 -0.7766 0.6296
vn 0.0202 -0.6687 0.7432
vn -0.0252 -0.4592 0.8880
vn 0.0098 -0.3148 0.9491
vn -0.0291 0.0785 0.9965
vn 0.0157 0.7431 0.6690
vn -0.0316 0.5970 0.8016
vn 0.0049 0.4240 0.9056
vn 0.0172 0.0900 0.9958
vn 0.0034 0.9728 0.2316
vn -0.0112 0.9476 0.3191
vn 0.0073 0.9198 0.3924
vn -0.0141 0.8570 0.5152
vn -0.0042 -0.9728 0.2317
vn 0.0108 -0.9499 0.3123
vn -0.0066 -0.9219 0.3874
vn 0.0094 -0.8665 0.4990
vn 0.0098 -0.9928 0.1193
vn -0.0135 0.9923 0.1235
vn -0.9939 -0.0062 0.1102
vn -0.8555 -0.1336 0.5002
vn -0.9974 0.0192 0.0701
vn 0.9992 0.0061 -0.0400
vn 0.9918 -0.0058 -0.1273
vn 0.9985 0.0207 -0.0510
vn 0.0287 0.4408 -0.8971
vn -0.0013 0.5390 -0.8423
vn 0.0356 0.7185 -0.6946
vn 0.0075 0.5999 -0.8001
vn -0.0294 0.4000 -0.9160
vn -0.9786 0.0057 -0.2056
vn -0.9831 -0.0042 -0.1830
vn -0.0194 -0.7355 0.6773
vn 0.0188 -0.6108 0.7916
vn -0.0188 -0.3478 0.9374
vn 0.0166 -0.2459 0.9691
vn -0.0166 0.0669 0.9976
vn -0.0201 0.7802 0.6252
vn 0.0197 0.6131 0.7897
vn 0.0040 0.8399 0.5427
vn -0.0149 0.4670 0.8841
vn 0.0201 0.1762 0.9841
vn -0.0059 0.9721 0.2345
vn -0.9339 -0.2476 0.2581
vn -0.9907 -0.1052 0.0865
vn -0.9976 -0.0674 0.0183
vn 0.9994 -0.0340 0.0022
vn 0.9998 -0.0181 0.0031
vn 0.9994 -0.0352 0.0021
vn -0.0034 -0.9728 0.2316
vn 0.0112 -0.9476 0.3191
vn -0.0073 -0.9198 0.3924
vn 0.0141 -0.8570 0.5152
vn -1.0000 0.0023 -0.0094
vn -0.9994 0.0084 -0.0338
vn -0.9992 0.0099 -0.0400
vn 0.0284 0.3627 0.9315
vn -0.0026 0.5440 0.8391
vn -0.0221 -0.0014 0.9998
vn 0.0031 0.5385 0.8426
vn -0.0273 0.3913 0.9199
vn 0.0204 -0.0208 0.9996
vn 0.0031 0.5385 -0.8426
vn -0.0090 0.7033 -0.7108
vn -0.0000 0.7071 -0.7071
vn -0.0269 -0.0404 0.9988
vn 0.0263 -0.3606 0.9324
vn 0.0239 -0.0849 0.9961
vn -0.0032 -0.1547 0.9880
vn -0.0074 -0.1568 0.9876
vn -0.0000 -0.1531 0.9882
vn -0.3577 -0.0802 -0.9304
vn -0.3474 -0.4869 -0.8014
vn -0.1575 -0.5859 -0.7950
vn 0.0253 -0.7222 -0.6912
vn -0.1763 -0.5816 -0.7941
vn -0.0123 -0.8017 -0.5976
vn -0.3772 -0.8114 -0.4465
vn 0.0141 -0.7240 0.6896
vn 0.0010 -0.4292 0.9032
vn 0.1555 -0.8186 0.5529
vn -0.2698 -0.9598 -0.0776
vn -0.3474 -0.8810 0.3212
vn -0.1642 -0.8073 0.5669
vn -0.1584 -0.8447 0.5113
vn 0.2515 -0.9080 0.3352
vn -0.7014 -0.2324 -0.6738
vn -0.7327 0.1367 -0.6667
vn -0.7190 0.0798 -0.6904
vn -0.2672 -0.2915 0.9185
vn 0.1445 -0.2394 0.9601
vn -0.2927 -0.2932 0.9102
vn -0.2580 -0.2340 0.9374
vn -0.2829 -0.2275 0.9318
vn -0.1575 0.2370 0.9587
vn 0.0206 0.4137 0.9102
vn -0.1763 0.2335 0.9562
vn -0.3577 0.2602 0.8969
vn 0.0799 0.2774 -0.9574
vn -0.0010 0.5126 -0.8586
vn 0.0775 0.2778 -0.9575
vn -0.4647 0.5985 0.6525
vn -0.3474 0.8810 0.3212
vn -0.3577 0.8903 0.2819
vn -0.2698 0.9598 -0.0776
vn -0.2698 0.9565 -0.1112
vn -0.2489 0.8621 -0.4415
vn -0.4647 0.7567 -0.4597
vn 0.0703 0.6261 -0.7766
vn -0.0703 0.6395 -0.7656
vn 0.0979 0.6219 -0.7769
vn -0.5366 0.3791 -0.7538
vn 0.2083 0.2593 -0.9431
vn -0.2522 -0.8242 0.5070
vn -0.0163 0.9873 -0.1581
vn 0.0128 0.9859 -0.1671
vn 0.0866 0.9781 -0.1894
vn -0.0626 0.8870 -0.4575
vn 0.0767 0.9037 -0.4213
vn 0.1079 0.9048 -0.4119
vn 0.1565 0.0312 -0.9872
vn -0.0894 -0.0603 -0.9942
vn -0.1688 -0.0894 -0.9816
vn -0.0112 -0.2856 0.9583
vn 0.0995 -0.3303 0.9386
vn 0.1367 -0.3444 0.9288
vn -0.3047 -0.2832 0.9094
vn -0.0532 0.6420 -0.7648
vn -0.1332 0.6139 -0.7780
vn -0.1566 0.6048 -0.7808
vn -0.2294 -0.6269 -0.7446
vn 0.0329 -0.5749 -0.8175
vn 0.1002 -0.5544 -0.8262
vn -0.0163 -0.6799 -0.7331
vn 0.0367 -0.6917 -0.7212
vn 0.1750 -0.7125 -0.6795
vn -0.0767 0.2369 -0.9685
vn 0.0626 0.2757 -0.9592
vn 0.0941 0.2837 -0.9543
vn -0.0510 0.3373 0.9400
vn 0.0344 0.3074 0.9510
vn 0.0631 0.2967 0.9529
vn 0.1538 0.2216 0.9629
vn -0.0680 0.3180 0.9456
vn -0.1367 0.3444 0.9288
vn 0.3047 -0.9135 -0.2698
vn -0.1688 -0.9802 -0.1038
vn -0.0907 -0.9934 -0.0704
vn 0.1597 -0.9864 0.0382
vn -0.0767 0.9037 0.4213
vn 0.0626 0.8870 0.4575
vn 0.0941 0.8806 0.4644
vn 0.1565 0.8035 0.5744
vn -0.0894 0.8601 0.5022
vn -0.1688 0.8658 0.4710
vn -0.0768 -0.7917 0.6061
vn 0.1820 -0.8567 0.4825
vn 0.2681 -0.8621 0.4300
vn -0.0273 0.3913 -0.9199
vn 0.0204 -0.0208 -0.9996
vn -0.0228 0.3734 -0.9274
vn 0.0046 0.5473 -0.8369
vn 0.0230 -0.0019 -0.9997
vn -0.0058 -0.1653 0.9862
vn 0.0007 -0.1621 0.9868
vn -0.0106 -0.1678 0.9858
vn -0.0236 -0.3987 -0.9168
vn -0.0260 -0.3688 -0.9291
vn -0.0060 -0.5612 -0.8276
vn -0.0000 -0.7071 -0.7071
vn 0.2460 -0.0492 0.9680
vn 0.3474 -0.1431 0.9267
vn 0.3578 -0.4257 0.8311
vn 0.3577 -0.7290 0.5836
vn 0.0029 -0.7917 0.6109
vn 0.0737 -0.9028 0.4237
vn -0.0708 -0.9585 0.2762
vn 0.2128 -0.9693 0.1236
vn 0.2580 -0.9556 0.1425
vn -0.0057 -0.9992 -0.0390
vn 0.2828 -0.9479 0.1464
vn -0.2595 -0.9598 -0.1069
vn 0.0178 -0.9878 -0.1545
vn -0.0123 -0.9029 -0.4297
vn 0.0253 -0.8432 -0.5370
vn -0.1575 -0.7297 -0.6654
vn -0.1412 -0.6498 -0.7468
vn 0.1742 -0.3495 -0.9206
vn 0.0443 -0.5063 -0.8612
vn 0.1575 -0.3355 -0.9288
vn -0.0245 -0.1719 -0.9848
vn 0.1763 -0.3371 -0.9248
vn 0.2760 -0.2280 -0.9337
vn 0.0168 -0.0492 -0.9986
vn -0.0334 0.2901 -0.9564
vn -0.0141 -0.5351 0.8447
vn -0.1555 -0.3825 0.9108
vn 0.0175 0.5970 -0.8020
vn -0.0401 0.6908 -0.7220
vn 0.2580 0.6494 -0.7154
vn 0.2828 0.6484 -0.7068
vn 0.0141 0.7240 0.6896
vn -0.0355 0.5293 0.8477
vn 0.0141 0.8447 -0.5351
vn 0.1555 0.9108 -0.3825
vn 0.2489 0.9316 -0.2649
vn 0.3577 0.8903 -0.2819
vn 0.2595 0.9598 0.1069
vn 0.2698 0.9565 0.1112
vn 0.2655 0.8560 0.4436
vn 0.3578 0.8157 0.4546
vn 0.1000 0.6532 0.7506
vn -0.0359 0.5269 0.8492
vn -0.2232 0.7516 0.6206
vn -0.3233 0.6166 0.7179
vn 0.1423 0.3838 0.9124
vn 0.0191 0.5320 0.8465
vn 0.1290 0.3965 0.9089
vn -0.2031 0.2629 0.9432
vn 0.2489 0.2649 0.9316
vn -0.1807 0.9253 0.3334
vn -0.7265 0.4824 0.4894
vn -0.6816 0.2469 0.6888
vn -0.6680 0.3974 0.6291
vn 0.2896 0.8011 0.5239
vn -0.1068 0.8199 0.5624
vn -0.0793 0.8272 0.5563
vn 0.0106 0.8459 0.5332
vn -0.2938 -0.2724 -0.9162
vn -0.1717 -0.4595 0.8714
vn -0.1131 -0.4781 0.8710
vn -0.0963 -0.4830 0.8703
vn 0.1132 0.0901 -0.9895
vn 0.0103 0.1283 -0.9917
vn -0.3011 0.2339 -0.9245
vn 0.0083 0.2523 -0.9676
vn -0.0121 0.0019 -0.9999
vn -0.0767 -0.7350 0.6737
vn 0.0626 -0.7621 0.6444
vn 0.0941 -0.7660 0.6359
vn 0.2828 -0.8416 0.4601
vn 0.2343 0.0353 0.9715
vn 0.1412 0.0609 0.9881
vn 0.1157 0.0678 0.9910
vn 0.0891 0.6383 -0.7646
vn -0.1262 0.5747 -0.8086
vn -0.1772 0.5548 -0.8129
vn 0.3237 0.6369 -0.6996
vn -0.0563 -0.9952 -0.0797
vn 0.0563 -0.9917 -0.1160
vn 0.0865 -0.9883 -0.1255
vn -0.1914 0.9351 -0.2983
vn -0.2655 0.9071 -0.3268
vn 0.0816 0.9802 -0.1807
vn -0.2810 -0.8394 -0.4653
vn -0.0022 -0.9849 0.1732
vn -0.0076 -0.9845 0.1752
vn -0.0099 -0.9843 0.1760
vn 0.9996 0.0263 -0.0025
vn 0.9996 0.0268 -0.0029
vn 0.9995 0.0296 -0.0053
vn 0.0004 -0.0000 -1.0000
vn 0.0334 0.9994 0.0123
vn 0.0066 0.9998 0.0194
vn 0.0401 0.9991 0.0105
vn -0.0022 -0.9849 -0.1732
vn -0.0076 -0.9845 -0.1752
vn -0.0000 -0.9850 -0.1724
vn 0.0181 -0.9969 -0.0762
vn 0.0219 -0.9966 -0.0795
vn 0.0399 -0.9947 -0.0950
vn 0.2394 -0.1590 -0.9578
vn 0.2395 -0.1590 -0.9578
vn -0.0000 0.7071 0.7071
vn -0.0181 -0.9969 0.0762
vn -0.0219 -0.9966 0.0795
vn -0.0399 -0.9947 0.0950
vn -0.9883 -0.1526 0.0007
vn -0.9878 -0.1554 0.0001
vn -0.9878 -0.1560 -0.0000
vn -0.0048 -1.0000 0.0003
vn -0.0053 -1.0000 -0.0003
vn -0.0100 -0.9999 -0.0054
vn 0.9889 -0.1488 -0.0007
vn 0.9884 -0.1516 -0.0001
vn 0.9884 -0.1521 -0.0000
vn -0.9996 0.0263 0.0025
vn -0.9996 0.0268 0.0029
vn -0.9995 0.0296 0.0053
vn -0.0004 -0.0000 -1.0000
vn 0.0334 0.9994 -0.0123
vn 0.0066 0.9998 -0.0194
vn -0.0000 0.9998 -0.0212
vn 0.0047 0.8130 -0.5822
vn 0.0219 -0.9966 0.0795
vn 0.0181 -0.9969 0.0762
vn 0.0399 -0.9947 0.0950
vn -0.0000 -0.7071 0.7071
vn 0.6549 -0.7557 -0.0000
vn 0.9883 -0.1526 -0.0007
vn 0.9878 -0.1554 -0.0001
vn 0.9878 -0.1560 -0.0000
vn 0.0048 -1.0000 -0.0003
vn 0.0053 -1.0000 0.0003
vn 0.0100 -0.9999 0.0054
vn -0.9889 -0.1488 0.0007
vn -0.9884 -0.1516 0.0001
vn -0.9884 -0.1521 -0.0000
vn 0.0001 -0.0000 -1.0000
vn 0.9996 0.0268 0.0029
vn 0.9996 0.0263 0.0025
vn 0.9995 0.0296 0.0053
vn 0.0004 -0.0000 1.0000
vn -0.0334 0.9994 0.0123
vn -0.0066 0.9998 0.0194
vn -0.0000 0.9998 0.0212
vn 0.9918 -0.1241 0.0313
vn 0.9949 -0.0521 0.0860
vn 0.9979 -0.0511 0.0401
vn -0.0219 -0.9966 -0.0795
vn -0.0181 -0.9969 -0.0762
vn -0.0399 -0.9947 -0.0950
vn -0.0000 -0.9982 -0.0607
vn -0.9883 -0.1526 -0.0007
vn -0.9878 -0.1554 -0.0001
vn -0.9884 -0.1520 -0.0008
vn -0.0053 -1.0000 0.0003
vn -0.0048 -1.0000 -0.0003
vn -0.0100 -0.9999 0.0054
vn 0.9889 -0.1488 0.0007
vn 0.9884 -0.1516 0.0001
vn 0.9889 -0.1483 0.0008
vn -0.9996 0.0268 -0.0029
vn -0.9996 0.0263 -0.0025
vn -0.9995 0.0296 -0.0053
vn -0.0001 -0.0000 1.0000
vn -0.0004 -0.0000 1.0000
vn 0.0004 1.0000 -0.0010
vn 0.0002 1.0000 -0.0003
vn -0.0334 0.9994 -0.0123
vn -0.0066 0.9998 -0.0194
vn -0.0401 0.9991 -0.0105
vn 0.0022 -0.9849 0.1732
vn 0.0076 -0.9845 0.1752
vn -0.0000 -0.9850 0.1724
vn -1.0000 0.0007 -0.0001
vn -1.0000 0.0004 -0.0001
vn -1.0000 -0.0002 -0.0000
vn -0.5734 -0.3459 -0.7427
vn -0.3500 -0.7136 -0.6069
vn -0.4548 -0.8553 -0.2481
vn -0.6467 -0.7352 0.2032
vn -0.4186 -0.5921 0.6886
vn -0.1542 -0.6183 0.7706
vn -0.4311 -0.5896 0.6830
vn -0.3576 -0.1425 0.9229
vn 0.0972 0.2975 0.9498
vn -0.0972 0.2803 0.9550
vn 0.1300 0.2993 0.9453
vn -0.4428 0.6607 0.6061
vn -0.3500 0.8915 0.2876
vn -0.3500 0.9337 -0.0755
vn -0.3241 0.8420 -0.4313
vn 0.0972 0.6244 -0.7750
vn -0.0972 0.6383 -0.7636
vn 0.1300 0.6196 -0.7740
vn -0.5719 0.1007 -0.8141
vn -0.0160 0.9952 -0.0963
vn 0.0296 0.8776 -0.4785
vn -0.0187 0.8617 -0.5070
vn 0.6778 -0.6409 0.3602
vn 0.6759 -0.3983 0.6201
vn 0.6740 -0.4998 0.5440
vn 0.6760 0.7108 -0.1941
vn 0.6819 0.7283 -0.0680
vn 0.6952 0.6250 -0.3551
vn 0.6822 0.5858 -0.4375
vn 0.6823 0.3847 -0.6216
vn 0.7134 -0.1975 0.6723
vn 0.6824 0.0825 0.7263
vn 0.6633 -0.1780 -0.7269
vn 0.7047 -0.0846 -0.7045
vn 0.7420 -0.3350 -0.5807
vn 0.6879 -0.5650 -0.4556
vn 0.6580 -0.0335 0.7523
vn 0.6801 0.2578 0.6863
vn 0.6328 -0.5937 -0.4970
vn 0.7077 0.1282 -0.6948
vn 0.6846 0.4652 0.5611
vn 0.6644 0.4703 0.5808
vn 0.7166 -0.6619 -0.2199
vn 0.6717 0.6402 0.3727
vn 0.6749 0.6879 0.2670
vn 0.7016 -0.7071 0.0877
vn 0.6767 -0.6300 0.3809
vn -0.0168 0.5235 -0.8519
vn -0.0295 -0.2397 0.9704
vn 0.0050 -0.1920 0.9814
vn -0.0054 -0.2064 0.9785
vn 0.0303 0.3393 -0.9402
vn -0.0302 -0.1487 -0.9884
vn 0.0076 -0.9845 -0.1752
vn 0.0022 -0.9849 -0.1732
vn -0.0172 0.9285 0.3710
vn 0.0216 0.9968 0.0770
vn 0.0432 -0.5696 -0.8208
vn -0.1053 -0.7765 -0.6213
vn -0.1031 -0.7765 -0.6216
vn 0.7089 -0.1726 -0.6838
vn 0.6690 -0.3757 -0.6413
vn 0.7560 -0.5077 -0.4131
vn 0.5754 -0.7542 -0.3163
vn -0.0081 0.9302 0.3669
vn 0.7808 -0.6184 0.0883
vn 0.8001 -0.5958 0.0701
vn 0.7153 -0.6116 0.3382
vn 0.7474 0.5599 0.3577
vn 0.6983 0.6996 0.1516
vn 0.6781 0.7350 0.0032
vn 0.8195 0.5557 -0.1403
vn 0.7004 0.0391 -0.7127
vn 0.3576 -0.0403 0.9330
vn -0.1470 -0.4783 0.8658
vn -0.2540 -0.4766 0.8416
vn -0.1300 -0.4780 0.8687
vn 0.2323 -0.8313 0.5050
vn 0.4549 -0.8846 0.1028
vn 0.3241 -0.9100 -0.2587
vn 0.9977 0.0350 0.0575
vn 0.9932 0.0945 0.0676
vn 0.9974 0.0686 0.0212
vn -0.2149 -0.4141 -0.8845
vn -0.0591 -0.6959 -0.7157
vn 0.2149 0.0442 -0.9756
vn -0.0490 0.2018 -0.9782
vn 0.2323 0.0419 -0.9717
vn 0.0310 0.3486 -0.9368
vn -0.0374 0.5777 -0.8154
vn 0.0253 0.6885 -0.7248
vn -0.3431 0.7556 -0.5580
vn 0.4549 0.8475 -0.2734
vn 0.3241 0.9430 0.0762
vn -0.1470 0.8658 0.4783
vn -0.2540 0.8416 0.4766
vn -0.1300 0.8687 0.4780
vn 0.2540 0.4766 0.8416
vn 0.1470 0.4783 0.8658
vn 0.2591 0.4763 0.8402
vn 0.0257 0.9957 -0.0888
vn -0.0184 0.9506 0.3099
vn 0.0253 0.8797 0.4748
vn -0.6739 -0.6221 -0.3986
vn -0.6826 -0.5713 -0.4557
vn -0.6673 -0.4664 -0.5807
vn -0.6870 0.6982 0.2015
vn -0.6710 0.7393 -0.0558
vn -0.6863 0.6388 0.3478
vn -0.6782 0.5674 0.4671
vn -0.6831 0.3826 0.6221
vn -0.9011 -0.4046 -0.1560
vn -0.9904 -0.1222 -0.0647
vn -0.9973 -0.0465 -0.0562
vn -0.9881 0.0044 0.1535
vn -0.6580 -0.0335 -0.7523
vn -0.6823 0.0928 -0.7252
vn -0.6940 0.2636 -0.6700
vn -0.6992 0.1125 0.7060
vn -0.6703 -0.0969 0.7357
vn -0.6932 -0.4259 0.5814
vn -0.6825 -0.5181 0.5156
vn -0.6741 -0.6529 0.3454
vn -0.9975 0.0695 0.0127
vn -0.9977 0.0436 -0.0517
vn -0.9318 0.3423 -0.1205
vn -0.6800 -0.7033 0.2074
vn -0.6742 -0.7354 0.0681
vn -0.7081 0.6280 -0.3228
vn -0.6866 0.5202 -0.5079
vn -0.0054 -0.0313 -0.9995
vn -0.0008 -0.0039 -1.0000
vn -0.0049 -0.0361 -0.9993
vn -0.0230 0.6335 0.7734
vn 0.0235 0.5022 0.8644
vn 0.0080 -0.4387 -0.8986
vn -0.0145 -0.4051 -0.9142
vn 0.0058 -0.1776 -0.9841
vn 0.0096 -0.4008 0.9161
vn -0.0109 -0.3695 0.9292
vn 0.0503 -0.4611 0.8859
vn -0.0068 0.2964 0.9550
vn 0.0338 0.2314 0.9723
vn 0.9902 0.0685 -0.1218
vn 0.9969 0.0598 -0.0516
vn 0.9972 0.0541 -0.0516
vn 0.0004 -0.9520 0.3060
vn -0.0332 -0.9887 0.1464
vn 0.0168 -0.9780 -0.2079
vn -0.0042 0.8411 -0.5409
vn -0.0302 -0.8489 -0.5277
vn 0.0071 -0.7702 -0.6377
vn -0.7070 0.0398 0.7061
vn -0.7059 0.3603 0.6098
vn -0.6997 -0.1163 0.7049
vn -0.7381 0.3602 -0.5705
vn -0.7285 0.5401 -0.4213
vn -0.7325 0.5956 -0.3297
vn -0.7937 -0.6076 0.0297
vn -0.8364 -0.5422 0.0810
vn -0.6601 -0.7312 -0.1723
vn -0.6928 0.7116 0.1170
vn -0.7773 0.6135 -0.1395
vn -0.7507 -0.5600 -0.3505
vn -0.6639 -0.4133 -0.6233
vn -0.6780 0.6803 0.2784
vn -0.7374 0.4599 0.4947
vn -0.8018 -0.2753 0.5304
vn -0.1541 -0.4561 0.8765
vn -0.4185 -0.4464 0.7909
vn -0.0971 -0.4537 0.8858
vn 0.4549 -0.6784 0.5769
vn 0.4548 -0.8553 0.2481
vn 0.4186 -0.8749 -0.2436
vn 0.1542 -0.9423 -0.2972
vn 0.4311 -0.8697 -0.2404
vn 0.5719 -0.5360 -0.6210
vn 0.6467 -0.0936 -0.7569
vn 0.5734 0.3459 -0.7427
vn 0.3500 0.7136 -0.6069
vn 0.3500 0.8915 -0.2876
vn 0.3500 0.9337 0.0755
vn 0.4548 0.7803 0.4293
vn 0.4186 0.4464 0.7909
vn 0.1541 0.4561 0.8765
vn 0.4311 0.4450 0.7849
vn -0.7148 0.4770 -0.5114
vn -0.7411 0.5760 -0.3451
vn -0.8426 0.4341 -0.3186
vn -0.9932 -0.0342 -0.1116
vn -0.8351 -0.0720 -0.5453
vn -0.9971 -0.0427 -0.0624
vn 0.8115 0.5755 -0.1015
vn -0.6366 0.7697 -0.0480
vn -0.6849 0.7178 -0.1251
vn -0.7488 0.6427 0.1618
vn -0.7192 -0.6060 -0.3399
vn -0.6779 -0.4665 -0.5682
vn -0.6108 -0.5110 -0.6048
vn -0.6894 0.6552 0.3089
vn -0.6973 0.6345 0.3334
vn -0.7499 -0.0941 0.6548
vn -0.7035 -0.3304 0.6292
vn 0.7225 0.3619 0.5891
vn 0.7189 0.4569 0.5239
vn -0.0097 -0.7699 -0.6381
vn 0.0092 -0.4152 -0.9097
vn -0.6981 0.2104 -0.6843
vn -0.6335 -0.3890 0.6688
vn -0.7137 -0.5053 0.4850
vn -0.7111 0.4097 -0.5714
vn -0.6842 -0.6728 0.2813
vn -0.6641 -0.6507 0.3682
vn -0.6934 -0.7176 0.0646
vn -0.6973 -0.7032 -0.1392
vn -0.6493 -0.7397 -0.1766
vn -0.4548 -0.0981 -0.8852
vn -0.3432 -0.5580 -0.7556
vn 0.0253 -0.7248 -0.6885
vn -0.3659 -0.5499 -0.7508
vn -0.0253 -0.8167 -0.5766
vn 0.3431 -0.8499 -0.3998
vn -0.4549 -0.8846 -0.1028
vn -0.3500 -0.9011 0.2562
vn -0.3500 -0.7344 0.5815
vn -0.3500 -0.4560 0.8183
vn -0.3500 -0.1082 0.9305
vn -0.3500 0.2562 0.9011
vn -0.3500 0.5815 0.7344
vn -0.3241 0.8264 0.4605
vn 0.1470 0.9856 0.0834
vn 0.2540 0.9646 0.0713
vn 0.1300 0.9878 0.0852
vn -0.2149 0.8845 -0.4141
vn 0.0490 0.8265 -0.5608
vn -0.2323 0.8817 -0.4106
vn -0.0188 0.7312 -0.6820
vn 0.3431 0.5580 -0.7556
vn -0.4549 0.2734 -0.8475
vn -0.6035 0.7536 -0.2606
vn 0.6396 0.7682 -0.0264
vn 0.6684 0.7298 0.1439
vn 0.7580 0.6299 -0.1689
vn 0.7192 -0.6060 0.3399
vn 0.6723 -0.4722 0.5701
vn 0.6109 -0.5026 0.6117
vn 0.7324 0.5733 -0.3674
vn 0.9967 0.0815 -0.0000
vn 0.9966 0.0823 -0.0000
vn 0.9956 0.0941 0.0001
vn 0.7111 0.5453 -0.4437
vn 0.6643 0.2563 -0.7022
vn 0.7250 -0.1314 0.6761
vn 0.6908 0.0254 0.7226
vn 0.7381 0.4520 -0.5009
vn 0.5723 0.3409 -0.7458
vn 0.9970 -0.0573 0.0514
vn 0.9977 -0.0668 -0.0097
vn 0.9909 -0.1268 0.0441
vn 0.6099 0.0423 0.7914
vn 0.6886 0.2063 0.6952
vn 0.6883 0.4123 0.5968
vn 0.6619 0.4993 0.5591
vn 0.6658 -0.6464 -0.3728
vn 0.6833 -0.6728 -0.2837
vn 0.6934 -0.7176 -0.0646
vn 0.7314 0.5804 0.3581
vn 0.6972 -0.7032 0.1392
vn 0.6493 -0.7397 0.1766
vn -0.0062 -0.3695 -0.9292
vn 0.0063 -0.0221 -0.9997
vn -0.0000 -0.9847 -0.1742
vn 0.2395 -0.1590 0.9578
vn 0.9994 0.0084 -0.0338
vn 1.0000 0.0023 -0.0094
vn 0.9992 0.0099 -0.0400
vn 0.3121 -0.1606 -0.9364
vn -0.1622 -0.1642 -0.9730
vn -0.7029 -0.1089 -0.7029
vn 0.0032 -0.1547 -0.9880
vn 0.0074 -0.1568 -0.9876
vn -0.0000 -0.1531 -0.9882
vn 0.1848 -0.0962 -0.9781
vn -0.0000 -0.0979 -0.9952
vn 0.0032 -0.0225 -0.9997
vn 0.0005 -0.0363 -0.9993
vn 0.0036 -0.0207 -0.9998
vn -0.9994 0.0084 0.0338
vn -1.0000 0.0023 0.0094
vn -0.9992 0.0099 0.0400
vn -0.3121 -0.1606 -0.9364
vn -0.2785 -0.1533 0.9481
vn 0.1994 -0.1604 0.9667
vn 0.1622 -0.1642 -0.9730
vn 0.7029 -0.1089 -0.7029
vn 0.0058 -0.1653 -0.9862
vn -0.0007 -0.1621 -0.9868
vn 0.0106 -0.1678 -0.9858
vn 0.0032 -0.1547 0.9880
vn 0.0074 -0.1568 0.9876
vn 0.0106 -0.1584 0.9873
vn -0.7026 -0.1127 -0.7026
vn -0.1848 -0.0962 -0.9781
vn 1.0000 0.0023 0.0094
vn 0.9994 0.0084 0.0338
vn 0.9992 0.0099 0.0400
vn 0.2185 -0.0875 -0.9719
vn -0.0032 -0.0225 0.9997
vn -0.0005 -0.0363 0.9993
vn -0.0036 -0.0207 0.9998
vn 0.3121 -0.1606 0.9364
vn 0.2785 -0.1533 -0.9481
vn -0.1994 -0.1604 -0.9667
vn -0.1622 -0.1642 0.9730
vn -0.7029 -0.1089 0.7029
vn -0.0032 -0.1547 -0.9880
vn -0.0074 -0.1568 -0.9876
vn -0.0106 -0.1584 -0.9873
vn 0.7026 -0.1127 0.7026
vn 0.1848 -0.0962 0.9781
vn -0.2185 -0.0875 0.9719
vn 0.0005 -0.0363 0.9993
vn 0.0032 -0.0225 0.9997
vn 0.0036 -0.0207 0.9998
vn -1.0000 -0.0001 -0.0000
vn -0.3121 -0.1606 0.9364
vn -0.2395 -0.1590 -0.9578
vn 0.1622 -0.1642 0.9730
vn 0.7029 -0.1089 0.7029
vn -0.6709 0.4416 -0.5957
vn -0.1848 -0.0962 0.9781
vn -0.0000 -0.0979 0.9952
vn -0.0000 0.0001 -1.0000
vn -0.7107 -0.0000 0.7035
vn -0.6549 -0.7557 -0.0000
vn 0.9083 0.1808 0.3773
vn 0.6068 0.3122 0.7309
vn 0.8820 0.2507 0.3990
vn 0.6014 0.3788 0.7034
vn 0.3491 -0.2944 0.8896
vn -0.0000 -0.9847 0.1742
vn -0.6035 0.0759 0.7937
vn -0.6015 0.0760 -0.7953
vn -0.0000 -0.1637 -0.9865
vn 0.0059 -0.8840 0.4674
vn 0.0066 -0.7435 0.6687
vn 0.0008 -0.8754 0.4833
vn 0.9890 -0.0016 -0.1477
vn 0.6035 0.0759 -0.7937
vn -0.9076 0.1866 -0.3761
vn -0.6068 0.3122 -0.7309
vn -0.2083 0.0678 0.9757
vn -0.9286 0.1426 0.3426
vn 0.2083 0.0679 -0.9757
vn 0.9283 0.1466 -0.3417
vn -0.1799 -0.0000 0.9837
vn 0.1798 -0.0000 0.9837
vn -0.1404 -0.0598 0.9883
vn 0.1799 -0.0000 -0.9837
vn 0.0054 -0.0313 0.9995
vn 0.0008 -0.0039 1.0000
vn 0.0049 -0.0361 0.9993
vn -0.1798 -0.0000 -0.9837
vn 0.1404 -0.0598 -0.9883
vn 0.9807 -0.1943 -0.0218
vn 0.9830 -0.1825 0.0218
vn -0.9807 -0.1943 -0.0218
vn -0.6810 -0.2537 0.6870
vn -0.9830 -0.1825 0.0218
vn 0.9883 -0.1526 0.0007
vn 0.9878 -0.1554 0.0001
vn 0.9884 -0.1520 0.0008
vn 0.7830 0.6221 -0.0000
vn 0.0003 -1.0000 0.0005
vn 0.0002 -1.0000 0.0003
vn 0.0046 0.6718 -0.7407
vn -0.0039 0.4298 -0.9029
vn -0.0067 0.7043 0.7099
vn -0.0264 -0.3318 0.9430
vn 0.2698 -0.2633 -0.9262
vn 0.3772 -0.5962 -0.7087
vn 0.3474 -0.8810 -0.3212
vn 0.2698 -0.9598 0.0776
vn 0.2760 -0.9030 0.3292
vn 0.2489 -0.8621 0.4415
vn -0.2331 -0.7036 0.6712
vn 0.3450 -0.6042 0.7183
vn 0.1763 -0.2335 0.9562
vn -0.0409 -0.5379 0.8420
vn 0.3578 0.0752 0.9308
vn 0.3577 0.4502 0.8182
vn 0.2489 0.8621 0.4415
vn 0.1555 0.8186 0.5529
vn 0.4647 0.7568 0.4597
vn 0.2698 0.9598 0.0776
vn 0.3474 0.8810 -0.3212
vn -0.0979 0.6407 -0.7616
vn 0.5366 0.5514 -0.6388
vn 0.2489 0.2649 -0.9316
vn 0.4647 0.1351 -0.8751
vn -0.1832 -0.7442 0.6424
vn 0.1085 0.9746 -0.1959
vn 0.3602 -0.5878 0.7244
vn -0.0941 0.8806 -0.4644
vn -0.0566 -0.2660 0.9623
vn -0.0163 0.6533 -0.7569
vn -0.2778 -0.6313 -0.7240
vn -0.1079 0.2275 -0.9678
vn -0.0792 0.3466 0.9347
vn 0.2139 0.1925 0.9577
vn 0.2075 -0.7152 -0.6675
vn 0.2215 0.0557 -0.9736
vn 0.2215 0.7786 0.5872
vn -0.1079 0.9048 0.4119
vn -0.3057 -0.9506 0.0544
vn 0.2277 -0.9714 0.0681
vn -0.0097 0.6301 0.7764
vn 0.0107 0.8748 0.4843
vn 0.0071 -0.5422 -0.8402
vn -0.2828 -0.1464 0.9479
vn -0.2489 -0.2649 0.9316
vn -0.3577 -0.5836 0.7290
vn -0.3578 -0.8311 0.4257
vn 0.0458 -0.7143 0.6983
vn 0.2595 -0.9598 0.1069
vn 0.2555 -0.9300 -0.2644
vn -0.2114 -0.8586 -0.4671
vn -0.2656 -0.8560 -0.4436
vn 0.0851 -0.7820 -0.6174
vn -0.1763 -0.7254 -0.6654
vn -0.2760 -0.1467 -0.9499
vn -0.0500 0.2899 -0.9557
vn 0.0409 0.4012 -0.9151
vn -0.3578 0.8157 -0.4546
vn -0.3474 0.9267 -0.1431
vn -0.2555 0.9300 0.2644
vn -0.2780 0.7531 0.5963
vn -0.3373 0.6151 0.7126
vn -0.2614 0.2392 0.9351
vn -0.3474 0.1431 0.9267
vn 0.1681 0.9759 -0.1392
vn 0.0440 0.8509 0.5234
vn 0.2075 -0.5267 -0.8244
vn 0.2211 -0.0070 -0.9752
vn -0.2048 -0.4482 0.8702
vn -0.2714 0.5215 0.8089
vn -0.3631 0.2530 -0.8968
vn -0.1079 -0.7268 0.6783
vn 0.2896 0.0197 0.9570
vn 0.1430 0.6492 -0.7471
vn -0.2745 -0.9497 0.1507
vn 0.2748 -0.9448 -0.1783
vn -0.0865 -0.9938 -0.0697
vn -0.1937 0.9582 -0.2107
vn 0.0490 0.9905 -0.1282
vn -0.1427 0.9705 -0.1942
vn 0.1134 0.9880 -0.1047
vn 0.9994 -0.0340 -0.0022
vn 0.9998 -0.0181 -0.0031
vn 0.9998 -0.0177 -0.0031
vn -0.9999 -0.0146 0.0015
vn -0.9999 -0.0099 0.0017
vn -1.0000 -0.0098 0.0017
vn 0.0069 0.9201 0.3916
vn 0.9999 -0.0146 0.0014
vn 1.0000 -0.0098 0.0017
vn 0.9999 -0.0150 0.0014
vn -0.0001 -0.0000 -1.0000
vn -0.9994 -0.0340 -0.0022
vn -0.9998 -0.0181 -0.0031
vn -0.9994 -0.0352 -0.0021
vn 0.9999 -0.0146 -0.0015
vn 0.9999 -0.0099 -0.0017
vn 1.0000 -0.0098 -0.0017
vn 0.0754 0.2660 0.9610
vn 0.0373 0.2785 0.9597
vn 0.0227 0.2832 0.9588
vn 0.9998 -0.0183 0.0031
vn 0.9994 -0.0352 0.0022
vn -0.9994 -0.0340 0.0022
vn -0.9998 -0.0181 0.0031
vn -0.9998 -0.0177 0.0031
vn -0.9999 -0.0146 -0.0015
vn -0.9999 -0.0099 -0.0017
vn -0.9999 -0.0150 -0.0014
vn -0.6718 -0.7256 -0.1492
vn -0.6678 -0.7066 -0.2339
vn -0.9998 -0.0183 0.0031
vn -0.9998 -0.0179 0.0032
vn 0.9999 -0.0146 -0.0014
vn 1.0000 -0.0097 -0.0017
vn 0.0085 -0.9739 0.2266
vn -0.0075 -0.9813 0.1925
vn -0.9999 -0.0146 0.0014
vn -1.0000 -0.0097 0.0017
vn -0.0065 -0.7002 -0.7139
vn -0.0049 -0.7053 -0.7088
vn 0.0020 -0.7021 -0.7120
vn 0.9998 -0.0183 -0.0031
vn 0.9998 -0.0179 -0.0032
vn -0.0004 -0.9464 -0.3229
vn 0.0045 -0.9441 -0.3296
vn -0.0113 -0.9512 -0.3083
vn -0.0057 0.4249 0.9052
vn -0.0055 0.4252 0.9051
vn 0.0001 -0.0000 1.0000
vn -0.6955 -0.2032 -0.6892
vn 0.0053 -1.0000 -0.0003
vn 0.0048 -1.0000 0.0003
vn 0.0100 -0.9999 -0.0054
vn -0.9966 0.0822 -0.0000
vn -0.9967 0.0813 -0.0000
vn -0.9967 0.0815 -0.0000
vn 0.0030 -0.7059 0.7083
vn -0.0065 -0.7002 0.7139
vn 0.5733 -0.1250 -0.8097
vn 0.4548 -0.5566 -0.6953
vn 0.3500 -0.8338 -0.4270
vn 0.5733 -0.8186 -0.0353
vn 0.5104 -0.7633 0.3961
vn -0.0971 -0.6178 0.7803
vn 0.3576 -0.2215 0.9072
vn -0.1300 0.2763 0.9522
vn 0.3241 0.6129 0.7207
vn 0.3500 0.8338 0.4270
vn 0.4428 0.8424 -0.3071
vn -0.1300 0.6383 -0.7588
vn 0.3241 0.2587 -0.9100
vn -0.7853 -0.1038 -0.6103
vn -0.7044 -0.6969 0.1344
vn 0.6760 0.7321 0.0834
vn 0.7577 -0.6440 -0.1055
vn 0.6585 0.3655 -0.6579
vn 0.7098 -0.7040 -0.0242
vn 0.4274 -0.1428 0.8927
vn 0.0113 -0.2940 -0.9557
vn 0.0290 -0.1583 0.9870
vn 1.0000 -0.0000 -0.0001
vn 1.0000 -0.0001 0.0005
vn 1.0000 -0.0006 0.0002
vn 0.7746 0.1722 -0.6085
vn 0.8174 0.2326 -0.5270
vn 0.7898 0.1545 0.5936
vn 0.8191 0.1134 0.5623
vn 0.4959 -0.8146 -0.3008
vn 0.6723 -0.6591 0.3371
vn 0.8072 -0.3826 0.4495
vn 0.8335 0.5332 -0.1447
vn 0.8299 -0.3477 0.4362
vn 0.3771 0.6060 -0.7004
vn 0.9320 0.3419 0.1205
vn 0.9976 0.0680 -0.0136
vn 0.9978 0.0457 0.0484
vn -0.0000 -0.9982 0.0607
vn -0.9889 -0.1488 -0.0007
vn -0.9884 -0.1516 -0.0001
vn -0.9889 -0.1483 -0.0008
vn 0.9864 -0.1251 -0.1066
vn 0.9976 -0.0686 -0.0111
vn 0.9980 -0.0258 -0.0569
vn -0.9923 0.0201 -0.1220
vn -0.9890 0.0417 -0.1421
vn -0.9971 -0.0160 -0.0744
vn 0.9999 -0.0146 0.0015
vn 0.9999 -0.0099 0.0017
vn -0.2591 -0.4764 0.8402
vn -0.4311 -0.8061 0.4054
vn -0.5719 -0.8141 -0.1007
vn -0.2323 -0.4106 -0.8817
vn -0.3659 0.7508 -0.5499
vn -0.5719 0.8181 -0.0601
vn -0.2591 0.8402 0.4763
vn 0.1300 0.4780 0.8687
vn -0.3576 0.0403 0.9330
vn -0.6258 0.7739 -0.0970
vn -0.6800 -0.3265 -0.6565
vn -0.6606 0.3406 0.6690
vn -0.0513 -0.3060 0.9506
vn -0.0271 -0.1227 -0.9921
vn -0.0186 0.9918 -0.1266
vn -0.0362 -0.8701 0.4915
vn -0.0376 -0.8711 0.4896
vn -0.8278 -0.2764 0.4882
vn -0.3400 -0.8177 0.4646
vn -0.4311 -0.4450 0.7849
vn -0.4548 -0.7803 0.4293
vn -0.4549 -0.8876 0.0717
vn 0.0972 -0.9472 -0.3056
vn -0.3241 -0.7207 -0.6129
vn -0.5733 -0.3459 -0.7427
vn -0.6467 0.0936 -0.7570
vn -0.4548 0.5566 -0.6952
vn -0.3500 0.8338 -0.4270
vn -0.4549 0.6784 0.5769
vn 0.0971 0.4537 0.8858
vn 0.7204 0.0112 -0.6934
vn 0.6863 -0.3325 -0.6469
vn 0.7183 -0.1431 -0.6808
vn -0.0007 -0.9665 0.2566
vn -0.0088 0.7024 -0.7117
vn -0.0049 0.7009 -0.7132
vn 0.1095 0.4894 -0.8652
vn 0.8385 0.2293 0.4943
vn -0.0003 -1.0000 -0.0005
vn -0.0002 -1.0000 -0.0003
vn 1.0000 -0.0001 0.0002
vn 1.0000 -0.0003 -0.0003
vn 1.0000 -0.0002 -0.0004
vn -0.6875 0.0555 0.7241
vn 0.4549 -0.2734 -0.8475
vn 0.3659 -0.8437 -0.3929
vn 0.4548 -0.8873 0.0765
vn 0.3500 -0.8183 0.4560
vn 0.3500 -0.5815 0.7344
vn 0.3500 -0.2562 0.9011
vn 0.3500 0.1082 0.9305
vn 0.3500 0.4560 0.8183
vn 0.4428 0.7233 0.5298
vn 0.2591 0.9633 0.0707
vn 0.3659 0.5499 -0.7508
vn -0.9967 0.0809 0.0085
vn -0.9976 0.0601 0.0338
vn -0.9984 0.0560 -0.0121
vn 0.6969 -0.4841 -0.5292
vn 0.0103 0.7028 0.7113
vn -0.9998 -0.0183 -0.0031
vn -0.9994 -0.0352 -0.0022
vn -0.0005 -0.0363 -0.9993
vn -0.0032 -0.0225 -0.9997
vn -0.0036 -0.0207 -0.9998
vn -0.9999 -0.0146 -0.0014
vn -1.0000 -0.0098 -0.0017
vn -0.0276 -0.5012 -0.8649
vn 0.4548 0.0981 -0.8852
vn -0.0404 -0.4334 0.9003
vn 0.5710 0.8058 0.1571
vn -1.0000 -0.0006 -0.0000
vn -1.0000 0.0003 -0.0002
vn -1.0000 -0.0000 -0.0004
vn -0.7077 -0.0000 -0.7065
vn 1.0000 0.0001 -0.0000
vn 0.7830 -0.6221 -0.0000
vn -1.0000 0.0001 -0.0000
vn -0.0003 1.0000 0.0005
vn -0.0002 1.0000 0.0003
vn 0.7026 -0.1127 -0.7026
vn -0.0000 -0.1637 0.9865
vn -0.0000 -0.0917 -0.9958
vn -0.2185 -0.0875 -0.9719
vn -0.1623 -0.1615 0.9734
vn 0.3122 -0.1594 0.9366
vn -0.2394 -0.1590 0.9578
vn -0.2395 -0.1590 0.9578
vn 0.1623 -0.1615 -0.9734
vn -0.3122 -0.1594 -0.9366
vn -0.0000 -0.0917 0.9958
vn -0.7026 -0.1127 0.7026
vn 0.2185 -0.0875 0.9719
vn 0.0001 -1.0000 -0.0000
vn -0.0941 -0.6273 -0.7731
vn 0.1776 -0.1485 -0.9728
vn 0.2887 -0.9574 -0.0000
vn -0.0083 0.9810 0.1939
vn -0.0775 -0.9933 -0.0857
vn 0.0081 0.9774 -0.2112
vn 0.0083 0.9810 -0.1939
vn -0.9951 -0.0523 0.0836
vn -0.9973 -0.0546 0.0487
vn -0.9976 0.0452 0.0526
vn -0.9959 0.0752 0.0494
vn -0.9952 0.0557 0.0804
vn 0.9926 -0.0148 -0.1209
vn 0.9943 -0.0776 -0.0727
vn 0.9974 -0.0342 -0.0638
vn 0.9303 0.2667 -0.2517
vn 0.9858 0.1233 -0.1142
vn 0.0037 0.3971 -0.9178
vn -0.9949 -0.0997 -0.0119
vn -0.9962 -0.0806 -0.0345
vn -0.9965 -0.0754 -0.0349
vn -0.9965 -0.0217 0.0809
vn -0.9977 0.0257 0.0622
vn -0.9969 0.0144 0.0780
vn -0.9965 -0.0129 0.0824
vn -0.9949 -0.1002 -0.0084
vn -0.9805 -0.1284 0.1490
vn 0.9998 -0.0177 0.0031
vn -0.0106 -0.1584 0.9873
vn 0.0056 -0.1597 0.9872
vn 0.9997 0.0236 -0.0000
vn -0.0099 -0.9843 -0.1760
vn -0.9884 -0.1520 0.0008
vn -0.0000 -1.0000 0.0054
vn 0.9889 -0.1483 -0.0008
vn -0.9997 0.0236 -0.0000
vn 0.0401 0.9991 -0.0105
vn 0.9884 -0.1520 -0.0008
vn -0.0000 -1.0000 -0.0054
vn -0.9889 -0.1483 0.0008
vn -0.0401 0.9991 0.0105
vn 0.9898 -0.0582 0.1303
vn 0.9959 -0.0055 0.0898
vn 0.9962 -0.0006 0.0871
vn 0.9967 -0.0792 -0.0150
vn 0.9985 -0.0547 0.0052
vn -0.0003 1.0000 -0.0002
vn 0.0007 1.0000 0.0003
vn 0.0003 1.0000 0.0001
vn 0.0003 1.0000 -0.0000
vn -0.0000 1.0000 -0.0002
vn 0.0002 1.0000 -0.0000
vn 0.0001 1.0000 -0.0001
vn 0.0099 -0.9843 0.1760
vn -1.0000 -0.0000 -0.0007
vn -1.0000 0.0001 0.0001
vn -1.0000 0.0018 0.0029
vn -1.0000 0.0032 -0.0024
vn -1.0000 0.0004 0.0013
vn 0.0099 -0.9843 -0.1760
vn 0.9978 0.0275 0.0596
vn 0.9949 0.0973 -0.0279
vn 0.9957 0.0921 -0.0054
vn 0.9977 0.0666 0.0127
vn 0.9967 0.0558 0.0595
vn -0.9975 -0.0702 0.0115
vn -0.9909 -0.1107 0.0761
vn -0.9921 -0.0354 -0.1204
vn -0.9973 -0.0730 0.0032
vn -0.9973 -0.0454 -0.0576
vn -0.9972 0.0698 0.0255
vn -0.9850 0.1669 -0.0438
vn -0.9977 0.0398 -0.0547
vn -0.0000 -0.0340 -0.9994
vn 0.9969 0.0121 -0.0775
vn 0.9971 0.0082 -0.0755
vn -0.9967 0.0214 -0.0786
vn -0.9982 0.0312 -0.0504
vn -0.9973 -0.0450 -0.0579
vn 0.3363 0.9417 -0.0000
vn 0.2472 0.9690 -0.0000
vn 0.9967 0.0816 -0.0000
vn 0.9976 0.0194 0.0667
vn 0.9968 0.0249 0.0758
vn 0.9995 -0.0101 0.0302
vn 0.9883 -0.1259 -0.0862
vn 0.9999 0.0047 0.0104
vn 0.9953 -0.0480 0.0847
vn 0.9975 -0.0711 0.0034
vn 0.9996 0.0084 -0.0277
vn 1.0000 -0.0001 -0.0000
vn 0.0106 -0.1584 -0.9873
vn -0.0000 -0.0391 -0.9992
vn -0.0056 -0.1597 -0.9872
vn -0.0000 -0.0391 0.9992
vn -1.0000 -0.0000 -0.0001
vn -1.0000 -0.0000 0.0001
vn 0.0001 -1.0000 0.0001
vn 0.0063 -0.7439 0.6683
vn -0.0000 -0.0001 1.0000
vn -0.9719 -0.0000 0.2352
vn 0.0002 -1.0000 0.0001
vn -0.0000 -0.0340 0.9994
vn 0.0004 -1.0000 0.0001
vn 0.0007 -1.0000 0.0004
vn 0.0006 -1.0000 0.0003
vn -0.0000 -1.0000 0.0005
vn 0.0002 -1.0000 0.0006
vn 0.0001 -1.0000 0.0005
vn -0.0001 -1.0000 0.0002
vn 0.0002 -1.0000 -0.0000
vn -0.0000 -1.0000 0.0002
vn -0.0000 -1.0000 0.0001
vn -0.0008 0.6082 0.7938
vn 0.9994 -0.0352 -0.0021
vn -0.9999 -0.0150 0.0014
vn 1.0000 -0.0097 0.0017
vn -0.9998 -0.0177 -0.0031
vn 0.9999 -0.0150 -0.0014
vn 0.0865 0.2622 0.9611
vn 0.9998 -0.0179 0.0032
vn -0.9994 -0.0352 0.0021
vn -0.9994 -0.0352 0.0022
vn 0.9994 -0.0352 -0.0022
vn 0.0153 -0.9389 -0.3440
vn -0.9956 0.0941 0.0001
vn -0.9956 0.0942 0.0001
vn -0.9967 0.0814 -0.0000
vn -0.3939 0.9191 -0.0000
vn 0.0264 -0.6958 0.7178
vn 0.0181 -0.6994 0.7145
vn -0.0328 -0.7067 0.7067
vn -0.0212 -0.7030 0.7108
vn 0.0020 -0.7021 0.7120
vn 1.0000 -0.0016 -0.0008
vn 1.0000 0.0005 0.0017
vn 1.0000 0.0012 -0.0016
vn 1.0000 0.0001 -0.0001
vn 1.0000 0.0001 0.0002
vn 1.0000 -0.0007 0.0030
vn 0.9981 0.0390 0.0479
vn 0.9961 0.0879 0.0089
vn 0.9966 0.0810 0.0115
vn 0.9982 -0.0255 -0.0535
vn 0.0096 -0.9715 0.2370
vn -0.0000 -1.0000 -0.0005
vn -0.0002 -1.0000 -0.0006
vn -0.0001 -1.0000 -0.0005
vn 0.0001 -1.0000 -0.0002
vn -0.0003 -1.0000 -0.0001
vn -0.0007 -1.0000 -0.0005
vn -0.0006 -1.0000 -0.0003
vn -0.0002 -1.0000 -0.0000
vn -0.0000 -1.0000 -0.0002
vn -0.0002 -1.0000 -0.0001
vn -0.0000 -1.0000 -0.0001
vn 1.0000 -0.0009 -0.0003
vn 1.0000 -0.0000 0.0001
vn 1.0000 0.0023 0.0034
vn 1.0000 -0.0021 0.0006
vn 1.0000 0.0007 0.0004
vn -0.9960 0.0557 0.0706
vn -0.9988 0.0368 -0.0322
vn -0.9967 0.0745 0.0323
vn -0.9902 0.1053 -0.0915
vn -0.9998 -0.0179 -0.0032
vn -1.0000 -0.0097 -0.0017
vn -0.0155 -0.5167 -0.8560
vn -1.0000 0.0005 0.0004
vn -1.0000 -0.0017 -0.0001
vn -1.0000 -0.0010 0.0008
vn -1.0000 -0.0000 0.0002
vn -1.0000 0.0046 0.0026
vn -1.0000 0.0008 -0.0020
vn -0.0002 1.0000 -0.0001
vn -0.0011 1.0000 -0.0004
vn -0.0007 1.0000 -0.0003
vn 0.0003 1.0000 0.0002
vn -0.0002 1.0000 -0.0000
vn -0.0003 1.0000 0.0001
vn -0.0000 1.0000 0.0002
vn 0.0001 1.0000 0.0002
vn -0.0003 1.0000 -0.0000
vn -0.0000 1.0000 0.0001
vt 0.622891 0.020245
vt 0.635906 0.003180
vt 0.637921 0.005191
vt 0.303739 0.070040
vt 0.330826 0.050988
vt 0.315170 0.050989
vt 0.740727 0.002344
vt 0.637921 0.002344
vt 0.879218 0.424615
vt 0.893451 0.497084
vt 0.879218 0.497084
vt 0.893451 0.502704
vt 0.879218 0.575173
vt 0.879217 0.502704
vt 0.862973 0.711627
vt 0.877206 0.666548
vt 0.877207 0.711627
vt 0.879218 0.379536
vt 0.893451 0.322795
vt 0.893451 0.379536
vt 0.305627 0.659338
vt 0.317481 0.730623
vt 0.307614 0.679464
vt 0.862973 0.768368
vt 0.877207 0.768368
vt 0.740727 0.060105
vt 0.637921 0.057258
vt 0.740727 0.057258
vt 0.893451 0.631914
vt 0.893451 0.575173
vt 0.740727 0.005191
vt 0.710678 0.024107
vt 0.696442 0.024107
vt 0.622891 0.042073
vt 0.635898 0.059261
vt 0.620868 0.044076
vt 0.131921 0.827295
vt 0.264786 0.838683
vt 0.131921 0.838683
vt 0.755757 0.024107
vt 0.758604 0.020245
vt 0.769993 0.020245
vt 0.710678 0.038341
vt 0.755757 0.042073
vt 0.313041 0.712100
vt 0.620413 0.133672
vt 0.606180 0.075033
vt 0.620413 0.075033
vt 0.264786 0.827295
vt 0.146951 0.812110
vt 0.249757 0.812110
vt 0.503000 0.145445
vt 0.536247 0.092317
vt 0.536207 0.145459
vt 0.528518 0.053100
vt 0.525665 0.053095
vt 0.532142 0.033618
vt 0.085807 0.325923
vt 0.095238 0.324951
vt 0.095410 0.327581
vt 0.486210 0.545404
vt 0.492927 0.572602
vt 0.481378 0.572623
vt 0.007722 0.545655
vt 0.017547 0.572821
vt 0.006628 0.572811
vt 0.472372 0.575618
vt 0.485660 0.573935
vt 0.481766 0.575738
vt 0.493488 0.575736
vt 0.497411 0.573892
vt 0.506781 0.575556
vt 0.471788 0.542422
vt 0.481726 0.544101
vt 0.471887 0.544261
vt 0.485683 0.542266
vt 0.493480 0.544089
vt 0.507331 0.542449
vt 0.507225 0.544282
vt 0.569384 0.008551
vt 0.567741 0.021826
vt 0.567528 0.007411
vt 0.569553 0.033556
vt 0.567086 0.033761
vt 0.569420 0.043517
vt 0.567581 0.043419
vt 0.569451 0.472379
vt 0.567758 0.481741
vt 0.567591 0.471233
vt 0.569576 0.481764
vt 0.567764 0.493494
vt 0.569397 0.507347
vt 0.567564 0.507239
vt 0.566440 0.497770
vt 0.539269 0.507582
vt 0.539252 0.492927
vt 0.566422 0.022393
vt 0.539221 0.029096
vt 0.539235 0.017550
vt 0.539195 0.044381
vt 0.010605 0.227126
vt 0.018607 0.232926
vt 0.013324 0.233303
vt 0.566453 0.486224
vt 0.539237 0.481377
vt 0.497756 0.545412
vt 0.507582 0.572577
vt 0.471525 0.545386
vt 0.470425 0.572649
vt 0.022377 0.545631
vt 0.029094 0.572829
vt 0.033744 0.544960
vt 0.043779 0.572846
vt 0.008533 0.542676
vt 0.021809 0.544312
vt 0.007394 0.544532
vt 0.033538 0.542494
vt 0.042923 0.542614
vt 0.044071 0.544473
vt 0.535488 0.472520
vt 0.537922 0.485659
vt 0.536121 0.481764
vt 0.536117 0.493486
vt 0.537959 0.497410
vt 0.536290 0.506779
vt 0.536278 0.007962
vt 0.537910 0.021826
vt 0.536095 0.021834
vt 0.536098 0.033556
vt 0.537916 0.033579
vt 0.535467 0.042786
vt 0.007961 0.575783
vt 0.021824 0.574143
vt 0.021833 0.575959
vt 0.033555 0.575949
vt 0.033578 0.574131
vt 0.042799 0.576577
vt 0.822180 0.300525
vt 0.824078 0.135458
vt 0.824078 0.300412
vt 0.843990 0.320533
vt 0.842092 0.485600
vt 0.842092 0.320646
vt 0.812916 0.320646
vt 0.811018 0.485713
vt 0.811018 0.320533
vt 0.853254 0.300412
vt 0.855152 0.135345
vt 0.855152 0.300525
vt 0.763916 0.866791
vt 0.768368 0.881486
vt 0.765403 0.884326
vt 0.841143 0.321702
vt 0.813865 0.484544
vt 0.813865 0.321702
vt 0.825027 0.299356
vt 0.852305 0.136514
vt 0.852305 0.299356
vt 0.525695 0.447672
vt 0.513744 0.447679
vt 0.505016 0.446744
vt 0.471914 0.250566
vt 0.503056 0.051159
vt 0.270049 0.026085
vt 0.257741 0.051789
vt 0.248895 0.035200
vt 0.281917 0.048343
vt 0.267692 0.070451
vt 0.294719 0.072352
vt 0.277642 0.089114
vt 0.305320 0.092233
vt 0.289263 0.110908
vt 0.342299 0.158735
vt 0.312388 0.154277
vt 0.329326 0.137256
vt 0.301833 0.134482
vt 0.316536 0.113268
vt 0.404025 0.326138
vt 0.421726 0.310549
vt 0.427834 0.322003
vt 0.397766 0.314399
vt 0.415467 0.298810
vt 0.389859 0.299571
vt 0.410083 0.288713
vt 0.374746 0.271227
vt 0.400949 0.271581
vt 0.381071 0.283089
vt 0.729497 0.842120
vt 0.745350 0.842873
vt 0.743259 0.844605
vt 0.360863 0.195655
vt 0.347996 0.221058
vt 0.336789 0.200040
vt 0.376470 0.225672
vt 0.361886 0.247109
vt 0.390897 0.252730
vt 0.441695 0.396787
vt 0.454257 0.371559
vt 0.465464 0.392577
vt 0.425783 0.366945
vt 0.440367 0.345508
vt 0.411356 0.339887
vt 0.342299 0.158735
vt 0.360863 0.195655
vt 0.270049 0.026085
vt 0.260453 0.056876
vt 0.271009 0.076672
vt 0.260453 0.056876
vt 0.329326 0.137256
vt 0.391932 0.303458
vt 0.410321 0.289159
vt 0.385613 0.291607
vt 0.376079 0.273728
vt 0.256787 0.001212
vt 0.236532 0.012012
vt 0.281917 0.048343
vt 0.294719 0.072352
vt 0.289263 0.110908
vt 0.566405 0.007739
vt 0.539250 0.006631
vt 0.328722 0.136123
vt 0.299120 0.129394
vt 0.315920 0.112114
vt 0.427507 0.321390
vt 0.419481 0.306337
vt 0.396000 0.311088
vt 0.410112 0.288766
vt 0.399777 0.269384
vt 0.383965 0.288517
vt 0.389598 0.299080
vt 0.347996 0.221058
vt 0.376470 0.225672
vt 0.361886 0.247109
vt 0.454257 0.371559
vt 0.465464 0.392577
vt 0.426362 0.368030
vt 0.440367 0.345508
vt 0.412058 0.341204
vt 0.065785 0.383526
vt 0.060691 0.378586
vt 0.070294 0.385310
vt 0.072960 0.243408
vt 0.066337 0.247745
vt 0.068906 0.241532
vt 0.415837 0.736786
vt 0.408607 0.750766
vt 0.405331 0.736786
vt 0.316536 0.113268
vt 0.566479 0.470939
vt 0.539218 0.471116
vt 0.426174 0.318889
vt 0.402476 0.323234
vt 0.416640 0.301010
vt 0.394697 0.308645
vt 0.410321 0.289159
vt 0.395250 0.260894
vt 0.379124 0.279438
vt 0.372520 0.267052
vt 0.403027 0.275480
vt 0.388594 0.297199
vt 0.059853 0.263024
vt 0.061579 0.271416
vt 0.060643 0.277212
vt 0.075530 0.041848
vt 0.079253 0.107362
vt 0.077269 0.013248
vt 0.425783 0.366945
vt 0.411356 0.339887
vt 0.339973 0.726883
vt 0.306870 0.650459
vt 0.341288 0.644958
vt 0.423046 0.608839
vt 0.369865 0.575688
vt 0.423007 0.575621
vt 0.139652 0.283022
vt 0.109644 0.287278
vt 0.109644 0.277701
vt 0.217674 0.287278
vt 0.187665 0.283609
vt 0.217674 0.277126
vt 0.139652 0.338204
vt 0.109644 0.338204
vt 0.799092 0.065141
vt 0.808396 0.002792
vt 0.862750 0.001484
vt 0.187665 0.272380
vt 0.217674 0.268124
vt 0.139652 0.271793
vt 0.217674 0.208711
vt 0.109644 0.112684
vt 0.217674 0.112684
vt 0.343953 0.645177
vt 0.386439 0.726942
vt 0.385531 0.645164
vt 0.819215 0.912251
vt 0.810364 0.916194
vt 0.802116 0.912981
vt 0.795683 0.913526
vt 0.786517 0.904857
vt 0.757617 0.851367
vt 0.766704 0.867929
vt 0.755023 0.852168
vt 0.780957 0.902654
vt 0.776378 0.891085
vt 0.777584 0.857240
vt 0.790347 0.847807
vt 0.778838 0.860400
vt 0.772351 0.886038
vt 0.773893 0.877322
vt 0.772103 0.871119
vt 0.712613 0.847045
vt 0.712237 0.843981
vt 0.727227 0.840098
vt 0.424096 0.750766
vt 0.414360 0.753748
vt 0.415029 0.750766
vt 0.699981 0.858574
vt 0.692504 0.873225
vt 0.700866 0.853813
vt 0.801648 0.840578
vt 0.807164 0.842517
vt 0.694692 0.875392
vt 0.694562 0.892003
vt 0.816567 0.840330
vt 0.824029 0.845091
vt 0.809095 0.839719
vt 0.824029 0.845091
vt 0.807116 0.842470
vt 0.833177 0.848092
vt 0.837783 0.856068
vt 0.717003 0.911308
vt 0.722049 0.915335
vt 0.705293 0.906613
vt 0.844813 0.862738
vt 0.845001 0.871587
vt 0.730765 0.913793
vt 0.736969 0.915583
vt 0.847967 0.877322
vt 0.844754 0.885570
vt 0.747687 0.908848
vt 0.750847 0.910102
vt 0.843594 0.895127
vt 0.836670 0.901201
vt 0.763222 0.896575
vt 0.828348 0.911048
vt 0.768322 0.881954
vt 0.892235 0.094626
vt 0.833043 0.099092
vt 0.896700 0.035435
vt 0.082894 0.323617
vt 0.086651 0.323546
vt 0.090443 0.327707
vt 0.217674 0.031216
vt 0.109644 0.095709
vt 0.109644 0.031216
vt 0.104888 0.311229
vt 0.102401 0.312532
vt 0.099413 0.304398
vt 0.039970 0.400474
vt 0.049094 0.403201
vt 0.049566 0.405640
vt 0.089810 0.302740
vt 0.084951 0.308503
vt 0.082520 0.307136
vt 0.063222 0.394201
vt 0.059675 0.388454
vt 0.060778 0.385795
vt 0.095279 0.324951
vt 0.098861 0.326435
vt 0.091845 0.304777
vt 0.043976 0.381956
vt 0.040773 0.389880
vt 0.038268 0.389793
vt 0.079882 0.315483
vt 0.041660 0.398602
vt 0.059603 0.401907
vt 0.060708 0.394410
vt 0.101669 0.320294
vt 0.104493 0.319733
vt 0.052541 0.380588
vt 0.047705 0.383344
vt 0.082467 0.316877
vt 0.057436 0.400615
vt 0.055507 0.384076
vt 0.800400 0.010788
vt 0.139652 0.283609
vt 0.109644 0.277126
vt 0.217674 0.283640
vt 0.187665 0.287278
vt 0.187665 0.277701
vt 0.365502 0.408572
vt 0.409198 0.490235
vt 0.408403 0.408258
vt 0.217674 0.271149
vt 0.139652 0.272380
vt 0.109644 0.268124
vt 0.109644 0.022728
vt 0.217674 0.022728
vt 0.217674 0.487300
vt 0.109644 0.506831
vt 0.109644 0.487300
vt 0.109644 0.001122
vt 0.817754 0.871361
vt 0.810427 0.867839
vt 0.767757 0.871119
vt 0.766407 0.889063
vt 0.816099 0.913228
vt 0.810364 0.916194
vt 0.798578 0.911692
vt 0.762276 0.857240
vt 0.748749 0.844865
vt 0.783941 0.902848
vt 0.775975 0.896265
vt 0.776621 0.891670
vt 0.775753 0.895850
vt 0.772103 0.884794
vt 0.730765 0.839719
vt 0.773893 0.878591
vt 0.772227 0.870497
vt 0.729497 0.842120
vt 0.716084 0.842387
vt 0.715831 0.845091
vt 0.701474 0.853118
vt 0.781893 0.855112
vt 0.791119 0.844919
vt 0.702077 0.856068
vt 0.692752 0.869875
vt 0.694859 0.871587
vt 0.692628 0.885416
vt 0.795683 0.913526
vt 0.699982 0.897339
vt 0.698690 0.899727
vt 0.836319 0.850470
vt 0.837771 0.856135
vt 0.705239 0.903745
vt 0.697265 0.892256
vt 0.709415 0.910102
vt 0.712613 0.908868
vt 0.723293 0.915583
vt 0.844813 0.862738
vt 0.729497 0.913793
vt 0.737591 0.915459
vt 0.847966 0.877322
vt 0.743259 0.911308
vt 0.750847 0.910102
vt 0.839174 0.898393
vt 0.755023 0.903745
vt 0.759664 0.902498
vt 0.828347 0.911048
vt 0.829112 0.908106
vt 0.759963 0.902135
vt 0.761889 0.894931
vt 0.041225 0.370712
vt 0.027525 0.380948
vt 0.043626 0.307165
vt 0.536294 0.369868
vt 0.503103 0.423021
vt 0.503079 0.369882
vt 0.810025 0.888239
vt 0.725923 0.868569
vt 0.720518 0.874295
vt 0.353900 0.027656
vt 0.354268 0.012884
vt 0.351604 0.031952
vt 0.102603 0.307053
vt 0.101655 0.310034
vt 0.096551 0.305640
vt 0.059351 0.242746
vt 0.060600 0.234529
vt 0.062420 0.239159
vt 0.093573 0.302643
vt 0.039121 0.399394
vt 0.041655 0.398598
vt 0.046681 0.405139
vt 0.062504 0.396426
vt 0.060695 0.391271
vt 0.060778 0.385795
vt 0.044470 0.382080
vt 0.040346 0.390838
vt 0.037827 0.390968
vt 0.102700 0.323161
vt 0.292486 0.116953
vt 0.082737 0.307406
vt 0.080189 0.317960
vt 0.049364 0.382797
vt 0.043779 0.385090
vt 0.084997 0.308482
vt 0.056504 0.404450
vt 0.059761 0.397343
vt 0.102269 0.318104
vt 0.105359 0.315186
vt 0.086651 0.323546
vt 0.057055 0.385510
vt 0.054030 0.380780
vt 0.053185 0.208580
vt 0.028458 0.131917
vt 0.053185 0.131668
vt 0.058398 0.131420
vt 0.079252 0.132761
vt 0.022500 0.132164
vt 0.017535 0.132909
vt 0.002391 0.132638
vt 0.103975 0.228740
vt 0.079249 0.227746
vt 0.103979 0.107092
vt 0.103982 0.012256
vt 0.028458 0.208580
vt 0.028458 0.237924
vt 0.053185 0.237924
vt 0.409084 0.490216
vt 0.411968 0.408384
vt 0.412428 0.490307
vt 0.330357 0.456016
vt 0.346939 0.405923
vt 0.328489 0.476153
vt 0.362141 0.405908
vt 0.349957 0.403956
vt 0.356534 0.362902
vt 0.389887 0.081223
vt 0.396916 0.075010
vt 0.389887 0.075010
vt 0.028461 0.031420
vt 0.053188 0.002076
vt 0.028461 0.002075
vt 0.058399 0.108580
vt 0.028459 0.108207
vt 0.022500 0.107834
vt 0.002391 0.107238
vt 0.103979 0.132911
vt 0.309675 0.149190
vt 0.795984 0.075033
vt 0.781750 0.056195
vt 0.795984 0.056195
vt 0.359238 0.075010
vt 0.352210 0.081223
vt 0.359238 0.081223
vt 0.063860 0.132910
vt 0.034972 0.385819
vt 0.032971 0.393966
vt 0.030213 0.389975
vt 0.053187 0.031420
vt 0.359238 0.001701
vt 0.352210 0.007914
vt 0.352210 0.001701
vt 0.053185 0.108208
vt 0.262404 0.096342
vt 0.252454 0.113232
vt 0.237564 0.103777
vt 0.060333 0.375039
vt 0.055646 0.372080
vt 0.065338 0.377127
vt 0.050588 0.372641
vt 0.047008 0.371935
vt 0.042549 0.374389
vt 0.037398 0.376420
vt 0.034459 0.380846
vt 0.030072 0.386872
vt 0.029787 0.399632
vt 0.035114 0.407395
vt 0.035042 0.409113
vt 0.044029 0.414555
vt 0.051334 0.414802
vt 0.054914 0.415508
vt 0.059373 0.413054
vt 0.062951 0.412337
vt 0.066131 0.408364
vt 0.069162 0.406332
vt 0.071134 0.399302
vt 0.072602 0.398407
vt 0.072134 0.387911
vt 0.068282 0.381700
vt 0.391818 0.736786
vt 0.386256 0.750766
vt 0.385668 0.736786
vt 0.360530 0.305330
vt 0.351572 0.306485
vt 0.353605 0.303063
vt 0.326590 0.329432
vt 0.329819 0.326817
vt 0.330605 0.332944
vt 0.327747 0.335637
vt 0.334040 0.339950
vt 0.347238 0.303136
vt 0.341878 0.308384
vt 0.341840 0.350911
vt 0.342403 0.346973
vt 0.346552 0.352719
vt 0.354539 0.349418
vt 0.342229 0.304222
vt 0.337626 0.306555
vt 0.354641 0.353640
vt 0.337016 0.348429
vt 0.335019 0.313262
vt 0.332303 0.310821
vt 0.361143 0.351848
vt 0.328770 0.316367
vt 0.331270 0.319670
vt 0.365359 0.308968
vt 0.358534 0.308144
vt 0.378006 0.736786
vt 0.426487 0.736786
vt 0.425671 0.750766
vt 0.415837 0.736786
vt 0.374292 0.750766
vt 0.367367 0.736786
vt 0.399241 0.736786
vt 0.395098 0.750766
vt 0.029881 0.394095
vt 0.030650 0.384904
vt 0.032264 0.384313
vt 0.364943 0.750766
vt 0.361317 0.753748
vt 0.356032 0.750766
vt 0.349270 0.753748
vt 0.380472 0.233178
vt 0.440613 0.750766
vt 0.441645 0.753748
vt 0.434318 0.753748
vt 0.401142 0.750766
vt 0.396968 0.753748
vt 0.370828 0.753748
vt 0.063836 0.377219
vt 0.063571 0.375521
vt 0.070576 0.383794
vt 0.053695 0.371937
vt 0.052498 0.372847
vt 0.042833 0.373125
vt 0.040642 0.375511
vt 0.035570 0.377803
vt 0.043239 0.413340
vt 0.054471 0.411366
vt 0.031329 0.403551
vt 0.028822 0.393348
vt 0.032751 0.404040
vt 0.038351 0.411923
vt 0.039560 0.411456
vt 0.046276 0.415363
vt 0.047214 0.414470
vt 0.054914 0.415508
vt 0.057545 0.413559
vt 0.062951 0.412337
vt 0.067456 0.406558
vt 0.072785 0.396365
vt 0.071808 0.395230
vt 0.394566 0.736786
vt 0.389053 0.750766
vt 0.358559 0.304372
vt 0.355889 0.307159
vt 0.353605 0.303063
vt 0.326264 0.330203
vt 0.330238 0.324132
vt 0.330605 0.332944
vt 0.328079 0.337108
vt 0.036003 0.383727
vt 0.033662 0.388474
vt 0.566456 0.044204
vt 0.342229 0.304222
vt 0.341878 0.308384
vt 0.350679 0.353330
vt 0.352905 0.349608
vt 0.358399 0.353183
vt 0.054471 0.411366
vt 0.360585 0.348364
vt 0.365397 0.350614
vt 0.328770 0.316367
vt 0.334117 0.314519
vt 0.919443 0.137266
vt 0.888368 0.285370
vt 0.887310 0.150496
vt 0.380210 0.750766
vt 0.378006 0.736786
vt 0.425063 0.736786
vt 0.359055 0.750766
vt 0.356947 0.736786
vt 0.369561 0.750766
vt 0.068623 0.391231
vt 0.067678 0.400375
vt 0.349568 0.736786
vt 0.347675 0.750766
vt 0.345139 0.736786
vt 0.402703 0.750766
vt 0.438672 0.736786
vt 0.433163 0.750766
vt 0.431170 0.736786
vt 0.457672 0.236024
vt 0.351567 0.109718
vt 0.437630 0.106748
vt 0.378320 0.753748
vt 0.367827 0.753748
vt 0.404052 0.753748
vt 0.354155 0.753748
vt 0.345345 0.753748
vt 0.390981 0.753748
vt 0.395098 0.750766
vt 0.438554 0.753748
vt 0.426381 0.753748
vt 0.059018 0.251920
vt 0.057113 0.252618
vt 0.065077 0.242605
vt 0.054955 0.262584
vt 0.056568 0.266051
vt 0.056776 0.272616
vt 0.064181 0.282708
vt 0.067629 0.283955
vt 0.077965 0.288781
vt 0.086370 0.287339
vt 0.092801 0.286174
vt 0.097222 0.281727
vt 0.103688 0.275763
vt 0.104893 0.269610
vt 0.107214 0.263464
vt 0.105400 0.257738
vt 0.105394 0.253431
vt 0.101527 0.248836
vt 0.099872 0.244859
vt 0.094541 0.242093
vt 0.091491 0.239052
vt 0.085507 0.238537
vt 0.079119 0.237153
vt 0.075799 0.238709
vt 0.025279 0.245099
vt 0.033824 0.248406
vt 0.027334 0.246853
vt 0.091142 0.281840
vt 0.096364 0.277772
vt 0.041616 0.249190
vt 0.046343 0.249143
vt 0.040058 0.244773
vt 0.010241 0.211815
vt 0.014457 0.220195
vt 0.009520 0.220785
vt 0.053426 0.246567
vt 0.051766 0.242652
vt 0.068530 0.226768
vt 0.065029 0.220943
vt 0.408899 0.753748
vt 0.407255 0.750766
vt 0.273848 0.081998
vt 0.018722 0.240240
vt 0.069193 0.220232
vt 0.068750 0.215689
vt 0.026343 0.240752
vt 0.062235 0.209812
vt 0.066776 0.209291
vt 0.062490 0.202962
vt 0.058388 0.204399
vt 0.013785 0.201343
vt 0.016414 0.207308
vt 0.011672 0.206286
vt 0.060154 0.249568
vt 0.056431 0.254939
vt 0.062920 0.244236
vt 0.056598 0.258602
vt 0.055372 0.267690
vt 0.056769 0.268310
vt 0.059114 0.277175
vt 0.062382 0.279161
vt 0.066202 0.284505
vt 0.071971 0.286178
vt 0.075555 0.288565
vt 0.081525 0.287903
vt 0.085751 0.288737
vt 0.091012 0.285841
vt 0.095235 0.284994
vt 0.098989 0.280305
vt 0.102566 0.277907
vt 0.104239 0.272138
vt 0.106626 0.268553
vt 0.105964 0.262584
vt 0.106798 0.258358
vt 0.102531 0.250836
vt 0.103055 0.248873
vt 0.093824 0.240421
vt 0.092145 0.240975
vt 0.081525 0.236895
vt 0.080645 0.238145
vt 0.071492 0.238715
vt 0.045348 0.249091
vt 0.049083 0.247639
vt 0.054964 0.245472
vt 0.738155 0.884169
vt 0.040058 0.244773
vt 0.010241 0.211815
vt 0.014457 0.220195
vt 0.009520 0.220785
vt 0.051766 0.242652
vt 0.044855 0.573943
vt 0.446728 0.575585
vt 0.012652 0.230503
vt 0.018346 0.232528
vt 0.060337 0.241611
vt 0.063605 0.238360
vt 0.078994 0.284256
vt 0.012500 0.232209
vt 0.018608 0.240165
vt 0.025957 0.240477
vt 0.025313 0.245667
vt 0.066776 0.209291
vt 0.062235 0.209812
vt 0.062490 0.202962
vt 0.032949 0.248516
vt 0.013786 0.201343
vt 0.016414 0.207308
vt 0.011672 0.206286
vt 0.063257 0.052682
vt 0.057045 0.058480
vt 0.057045 0.052682
vt 0.402715 0.007914
vt 0.396916 0.001701
vt 0.402715 0.001701
vt 0.352210 0.075010
vt 0.016530 0.015004
vt 0.011560 0.050623
vt 0.011560 0.010034
vt 0.396916 0.081223
vt 0.346411 0.001701
vt 0.022742 0.052682
vt 0.016530 0.058480
vt 0.016530 0.052682
vt 0.063257 0.002177
vt 0.057044 0.007976
vt 0.057044 0.002177
vt 0.389887 0.007914
vt 0.389887 0.001701
vt 0.346411 0.081223
vt 0.346411 0.075010
vt 0.022742 0.007976
vt 0.016530 0.007976
vt 0.063257 0.015004
vt 0.057045 0.045653
vt 0.057045 0.015004
vt 0.016530 0.045653
vt 0.022742 0.045653
vt 0.063257 0.045653
vt 0.068227 0.010034
vt 0.068227 0.050623
vt 0.348470 0.070040
vt 0.350190 0.046310
vt 0.351604 0.050972
vt 0.063257 0.007976
vt 0.402715 0.075010
vt 0.402715 0.081223
vt 0.396916 0.007914
vt 0.359238 0.007914
vt 0.295312 0.073465
vt 0.285064 0.103033
vt 0.022742 0.002177
vt 0.022742 0.015004
vt 0.063257 0.058480
vt 0.362379 0.408663
vt 0.329731 0.485282
vt 0.362840 0.490586
vt 0.022742 0.058480
vt 0.346411 0.007914
vt 0.016530 0.002177
vt 0.366183 0.490457
vt 0.323108 0.309221
vt 0.251095 0.157707
vt 0.319499 0.170551
vt 0.343537 0.727029
vt 0.429083 0.668837
vt 0.419878 0.724412
vt 0.412057 0.730594
vt 0.442241 0.410403
vt 0.451775 0.465923
vt 0.446614 0.475490
vt 0.349533 0.406605
vt 0.259400 0.675697
vt 0.299012 0.660438
vt 0.300415 0.668877
vt 0.388195 0.644944
vt 0.389562 0.726868
vt 0.445475 0.484631
vt 0.427377 0.405471
vt 0.323221 0.466645
vt 0.280813 0.468516
vt 0.282166 0.460069
vt 0.422616 0.650422
vt 0.320807 0.481714
vt 0.275750 0.483160
vt 0.322102 0.490586
vt 0.366297 0.490438
vt 0.453223 0.474355
vt 0.313494 0.776154
vt 0.313951 0.733929
vt 0.306674 0.735139
vt 0.321867 0.475093
vt 0.424790 0.406182
vt 0.320771 0.774944
vt 0.349712 0.041462
vt 0.348470 0.012884
vt 0.335609 0.359550
vt 0.336316 0.401771
vt 0.329033 0.400604
vt 0.342257 0.012884
vt 0.334554 0.031936
vt 0.332303 0.310821
vt 0.299155 0.644943
vt 0.795984 0.133672
vt 0.781750 0.075033
vt 0.206938 0.765505
vt 0.150197 0.779739
vt 0.150197 0.765505
vt 0.264786 0.871899
vt 0.131921 0.860511
vt 0.264786 0.860511
vt 0.769993 0.038341
vt 0.758604 0.042073
vt 0.753279 0.210054
vt 0.708200 0.210054
vt 0.620413 0.178980
vt 0.742751 0.059261
vt 0.722435 0.266795
vt 0.708200 0.266795
vt 0.693964 0.266795
vt 0.679728 0.266795
vt 0.648885 0.210054
vt 0.606180 0.056195
vt 0.622891 0.038341
vt 0.620044 0.042073
vt 0.608656 0.042073
vt 0.608656 0.024107
vt 0.620044 0.020245
vt 0.249757 0.886953
vt 0.131921 0.871899
vt 0.470561 0.573747
vt 0.507910 0.573700
vt 0.497375 0.542298
vt 0.788370 0.332435
vt 0.788370 0.331496
vt 0.024681 0.588117
vt 0.264786 0.856649
vt 0.131921 0.856649
vt 0.131921 0.842415
vt 0.569557 0.021860
vt 0.569580 0.493460
vt 0.365723 0.408534
vt 0.408623 0.408293
vt 0.434568 0.750766
vt 0.434193 0.736786
vt 0.257997 0.667258
vt 0.044879 0.545584
vt 0.021842 0.542496
vt 0.538120 0.470464
vt 0.538145 0.507911
vt 0.538110 0.008081
vt 0.538095 0.044760
vt 0.008079 0.573950
vt 0.822180 0.135345
vt 0.843990 0.485713
vt 0.812916 0.485600
vt 0.853254 0.135458
vt 0.708200 0.076931
vt 0.722435 0.076931
vt 0.753279 0.133672
vt 0.679728 0.076931
vt 0.693964 0.076931
vt 0.648885 0.133672
vt 0.620413 0.164746
vt 0.693964 0.133672
vt 0.708200 0.133672
vt 0.877799 0.146303
vt 0.877799 0.147242
vt 0.510946 0.018696
vt 0.777802 0.483791
vt 0.746727 0.483791
vt 0.778859 0.478008
vt 0.746727 0.322455
vt 0.777801 0.322455
vt 0.778859 0.328242
vt 0.777801 0.335688
vt 0.092313 0.575729
vt 0.145456 0.608933
vt 0.092316 0.608936
vt 0.503013 0.264792
vt 0.504877 0.169180
vt 0.534289 0.169175
vt 0.346160 0.607031
vt 0.250548 0.608945
vt 0.169181 0.577608
vt 0.888368 0.137266
vt 0.887310 0.143050
vt 0.778859 0.470562
vt 0.919443 0.298603
vt 0.888368 0.298603
vt 0.887310 0.292816
vt 0.068590 0.575739
vt 0.042951 0.575818
vt 0.472536 0.576375
vt 0.536246 0.472369
vt 0.536313 0.446730
vt 0.343219 0.351725
vt 0.536223 0.042950
vt 0.536270 0.068595
vt 0.264791 0.640036
vt 0.446777 0.608811
vt 0.067652 0.583512
vt 0.068591 0.577633
vt 0.250542 0.640016
vt 0.472058 0.464153
vt 0.887397 0.097784
vt 0.862973 0.594079
vt 0.877207 0.594079
vt 0.285506 0.151537
vt 0.332273 0.304917
vt 0.265317 0.283776
vt 0.408078 0.239241
vt 0.417529 0.092075
vt 0.467997 0.188495
vt 0.397958 0.265971
vt 0.404214 0.277705
vt 0.259406 0.154456
vt 0.339119 0.299237
vt 0.289526 0.302454
vt 0.383869 0.220564
vt 0.437630 0.106748
vt 0.467843 0.215052
vt 0.279819 0.150592
vt 0.332976 0.304975
vt 0.264431 0.282923
vt 0.391062 0.088092
vt 0.446629 0.243927
vt 0.740017 0.874689
vt 0.275264 0.304478
vt 0.325704 0.349177
vt 0.255355 0.371288
vt 0.187665 0.338203
vt 0.217674 0.355179
vt 0.819769 0.876633
vt 0.817209 0.885018
vt 0.039295 0.435096
vt 0.052747 0.438918
vt 0.001614 0.445203
vt 0.097640 0.343176
vt 0.089738 0.392182
vt 0.080161 0.377419
vt 0.284431 0.436361
vt 0.298988 0.426417
vt 0.325704 0.445203
vt 0.313700 0.457207
vt 0.293933 0.431296
vt 0.304217 0.417615
vt 0.711822 0.844202
vt 0.787959 0.846516
vt 0.760280 0.897339
vt 0.799446 0.878252
vt 0.097743 0.306102
vt 0.406929 0.736786
vt 0.109644 0.208711
vt 0.187665 0.268124
vt 0.368718 0.364853
vt 0.783140 0.905443
vt 0.776378 0.864828
vt 0.694983 0.884948
vt 0.823776 0.842387
vt 0.239785 0.386858
vt 0.235963 0.400311
vt 0.090746 0.304839
vt 0.047111 0.403006
vt 0.054044 0.402727
vt 0.017659 0.107089
vt 0.063985 0.107091
vt 0.006117 0.041846
vt 0.085693 0.422225
vt 0.084112 0.463208
vt 0.070052 0.435720
vt 0.075526 0.198153
vt 0.719747 0.877192
vt 0.721745 0.883915
vt 0.006113 0.198152
vt 0.004375 0.226752
vt 0.003386 0.013247
vt 0.362075 0.310335
vt 0.362995 0.306839
vt 0.139652 0.217198
vt 0.355391 0.736786
vt 0.346285 0.750766
vt 0.346133 0.736786
vt 0.415029 0.750766
vt 0.347238 0.303136
vt 0.536292 0.346141
vt 0.030359 0.398200
vt 0.071564 0.389243
vt 0.366959 0.309571
vt 0.326531 0.322980
vt 0.365541 0.350702
vt 0.366614 0.349257
vt 0.331258 0.342781
vt 0.363917 0.346878
vt 0.363199 0.311109
vt 0.421104 0.753748
vt 0.363286 0.056210
vt 0.371765 0.022580
vt 0.389870 0.040052
vt 0.381775 0.753748
vt 0.100701 0.254899
vt 0.050716 0.375731
vt 0.036987 0.405189
vt 0.040966 0.408680
vt 0.326531 0.322980
vt 0.350245 0.306348
vt 0.331617 0.343036
vt 0.364857 0.346391
vt 0.366876 0.309664
vt 0.440613 0.750766
vt 0.076663 0.287511
vt 0.066896 0.242582
vt 0.066887 0.232545
vt 0.065029 0.220943
vt 0.069137 0.224706
vt 0.440135 0.736786
vt 0.066119 0.233488
vt 0.251547 0.087780
vt 0.262728 0.102636
vt 0.249918 0.113712
vt 0.093193 0.245579
vt 0.068847 0.217047
vt 0.040112 0.249668
vt 0.360393 0.026499
vt 0.385630 0.051028
vt 0.363692 0.056410
vt 0.256897 0.660642
vt 0.297912 0.653822
vt 0.342257 0.070040
vt 0.406868 0.012884
vt 0.445386 0.012884
vt 0.445386 0.070040
vt 0.755757 0.020245
vt 0.742742 0.003180
vt 0.757772 0.018234
vt 0.400656 0.012884
vt 0.400656 0.070040
vt 0.399413 0.041462
vt 0.303739 0.012884
vt 0.311443 0.031936
vt 0.406868 0.070040
vt 0.315170 0.031936
vt 0.446774 0.606911
vt 0.445779 0.577481
vt 0.447680 0.586211
vt 0.398936 0.046310
vt 0.297527 0.070040
vt 0.206938 0.779739
vt 0.279407 0.765506
vt 0.279407 0.779739
vt 0.353900 0.055268
vt 0.398936 0.036614
vt 0.279752 0.475138
vt 0.346792 0.770618
vt 0.327387 0.773844
vt 0.320567 0.732829
vt 0.423865 0.659301
vt 0.252848 0.652643
vt 0.362362 0.405944
vt 0.368497 0.364818
vt 0.339531 0.729676
vt 0.397522 0.031952
vt 0.620876 0.018234
vt 0.334554 0.050988
vt 0.297527 0.012884
vt 0.330826 0.031936
vt 0.311443 0.050988
vt 0.893451 0.424615
vt 0.862973 0.666548
vt 0.879218 0.322795
vt 0.310865 0.731723
vt 0.309655 0.724446
vt 0.308629 0.718272
vt 0.301442 0.675052
vt 0.637921 0.060105
vt 0.879218 0.631914
vt 0.667971 0.038341
vt 0.682206 0.038341
vt 0.696442 0.038341
vt 0.622891 0.024107
vt 0.667971 0.024107
vt 0.755757 0.038341
vt 0.682206 0.024107
vt 0.769993 0.024107
vt 0.606180 0.133672
vt 0.503028 0.092295
vt 0.534375 0.068595
vt 0.528492 0.067649
vt 0.513698 0.053077
vt 0.523933 0.024626
vt 0.525643 0.067650
vt 0.513679 0.067636
vt 0.566424 0.508690
vt 0.508675 0.545421
vt 0.841143 0.484544
vt 0.825027 0.136514
vt 0.505017 0.445795
vt 0.534419 0.445782
vt 0.534418 0.446730
vt 0.528554 0.462213
vt 0.528540 0.447673
vt 0.510908 0.462228
vt 0.503118 0.446744
vt 0.525707 0.462215
vt 0.513754 0.462225
vt 0.510899 0.447680
vt 0.502986 0.169176
vt 0.502999 0.250559
vt 0.471962 0.051147
vt 0.503043 0.068563
vt 0.054471 0.376077
vt 0.068653 0.396995
vt 0.068606 0.390212
vt 0.061356 0.255170
vt 0.084947 0.242144
vt 0.078994 0.241792
vt 0.072960 0.282640
vt 0.069289 0.245370
vt 0.063273 0.251465
vt 0.066337 0.278303
vt 0.060669 0.256831
vt 0.320127 0.730183
vt 0.369896 0.608895
vt 0.800609 0.010240
vt 0.896700 0.086360
vt 0.883969 0.099092
vt 0.217674 0.095709
vt 0.807848 0.003001
vt 0.217674 0.506831
vt 0.217674 0.001122
vt 0.816522 0.885828
vt 0.819834 0.878967
vt 0.799376 0.876942
vt 0.801902 0.884355
vt 0.802249 0.870894
vt 0.039295 0.435096
vt 0.052747 0.438918
vt 0.078110 0.457207
vt 0.013617 0.457207
vt 0.001614 0.349177
vt 0.052053 0.304478
vt 0.061630 0.307165
vt 0.109644 0.355179
vt 0.091355 0.406073
vt 0.028329 0.426417
vt 0.089738 0.392182
vt 0.082929 0.379967
vt 0.022360 0.416972
vt 0.019903 0.406073
vt 0.071963 0.371288
vt 0.021335 0.392789
vt 0.058510 0.367466
vt 0.536310 0.423007
vt 0.739755 0.874736
vt 0.733793 0.868343
vt 0.720259 0.881219
vt 0.724404 0.886523
vt 0.356991 0.023890
vt 0.335590 0.423349
vt 0.331141 0.417203
vt 0.332131 0.411022
vt 0.333298 0.403738
vt 0.324211 0.460465
vt 0.356958 0.360253
vt 0.369804 0.362311
vt 0.342893 0.360717
vt 0.034340 0.400606
vt 0.045714 0.376423
vt 0.040766 0.378897
vt 0.239097 0.093241
vt 0.245797 0.088001
vt 0.255636 0.088998
vt 0.261175 0.106458
vt 0.243743 0.112042
vt 0.040966 0.408680
vt 0.064935 0.405190
vt 0.060691 0.408857
vt 0.047697 0.411415
vt 0.047201 0.376127
vt 0.034340 0.400606
vt 0.032971 0.393966
vt 0.066058 0.403508
vt 0.047697 0.411415
vt 0.065785 0.383526
vt 0.467997 0.188495
vt 0.466981 0.218452
vt 0.447223 0.244176
vt 0.432136 0.246853
vt 0.416115 0.243777
vt 0.390312 0.226108
vt 0.340746 0.134172
vt 0.369648 0.094495
vt 0.389806 0.088215
vt 0.454964 0.137015
vt 0.462709 0.159496
vt 0.100701 0.271149
vt 0.085506 0.283793
vt 0.731141 0.888294
vt 0.346148 0.575728
vt 0.169180 0.575707
vt 0.145453 0.575717
vt 0.100701 0.271149
vt 0.095172 0.278668
vt 0.085506 0.283793
vt 0.066337 0.278303
vt 0.072960 0.282640
vt 0.350190 0.036614
vt 0.356991 0.059034
vt 0.344156 0.222709
vt 0.349444 0.251708
vt 0.349831 0.274269
vt 0.346464 0.287744
vt 0.334555 0.303551
vt 0.306751 0.309516
vt 0.289526 0.302454
vt 0.265317 0.283776
vt 0.243142 0.258349
vt 0.224057 0.222773
vt 0.221983 0.198651
vt 0.233015 0.172931
vt 0.265785 0.151960
vt 0.306565 0.158735
vt 0.430481 0.660397
vt 0.418673 0.731689
vt 0.440992 0.403133
vt 0.409410 0.730155
vt 0.392135 0.023890
vt 0.395225 0.027656
vt 0.394857 0.012884
vt 0.388369 0.020800
vt 0.354268 0.070040
vt 0.394857 0.070040
vt 0.384073 0.018503
vt 0.379411 0.017089
vt 0.374563 0.016612
vt 0.397522 0.050972
vt 0.395225 0.055268
vt 0.392135 0.059034
vt 0.388369 0.062125
vt 0.384073 0.064421
vt 0.379411 0.065835
vt 0.374563 0.066313
vt 0.369715 0.017089
vt 0.369715 0.065835
vt 0.365053 0.018503
vt 0.360757 0.020800
vt 0.365053 0.064421
vt 0.360757 0.062125
vt 0.781750 0.133672
vt 0.769993 0.042073
vt 0.767515 0.210054
vt 0.693964 0.210054
vt 0.634649 0.210054
vt 0.634649 0.266795
vt 0.634649 0.281031
vt 0.620413 0.268694
vt 0.620413 0.210054
vt 0.781750 0.178980
vt 0.781750 0.210054
vt 0.781750 0.268694
vt 0.767515 0.281031
vt 0.767515 0.266795
vt 0.757781 0.044076
vt 0.620413 0.056195
vt 0.608656 0.038341
vt 0.608656 0.020245
vt 0.146951 0.886953
vt 0.788371 0.473816
vt 0.778880 0.473816
vt 0.778880 0.335688
vt 0.778880 0.332435
vt 0.778880 0.331496
vt 0.503129 0.464135
vt 0.778880 0.474754
vt 0.788371 0.474754
vt 0.068592 0.607036
vt 0.068593 0.608934
vt 0.067653 0.601154
vt 0.053106 0.601152
vt 0.053111 0.586352
vt 0.067653 0.586357
vt 0.053107 0.598305
vt 0.033650 0.579909
vt 0.018775 0.601093
vt 0.532160 0.481672
vt 0.523957 0.490645
vt 0.264786 0.842415
vt 0.767515 0.133672
vt 0.767515 0.076931
vt 0.767515 0.062695
vt 0.781750 0.164746
vt 0.634649 0.062695
vt 0.634649 0.076931
vt 0.634649 0.133672
vt 0.708200 0.076931
vt 0.510845 0.053073
vt 0.490701 0.587898
vt 0.481705 0.579694
vt 0.446729 0.577481
vt 0.447678 0.583362
vt 0.462227 0.583329
vt 0.534375 0.069545
vt 0.504942 0.069516
vt 0.504942 0.068567
vt 0.887289 0.146303
vt 0.887289 0.147242
vt 0.887289 0.285370
vt 0.887289 0.288623
vt 0.877799 0.288623
vt 0.877799 0.289562
vt 0.887289 0.289562
vt 0.464181 0.608788
vt 0.447705 0.601023
vt 0.462264 0.601001
vt 0.462259 0.598148
vt 0.447700 0.598174
vt 0.462234 0.586181
vt 0.510830 0.067633
vt 0.534391 0.346141
vt 0.534392 0.347091
vt 0.504969 0.347110
vt 0.504969 0.346161
vt 0.503068 0.346160
vt 0.536179 0.169176
vt 0.504876 0.168232
vt 0.534289 0.168226
vt 0.346150 0.577618
vt 0.347099 0.577617
vt 0.347109 0.607030
vt 0.346166 0.608921
vt 0.264782 0.608951
vt 0.168228 0.607031
vt 0.168232 0.577608
vt 0.169179 0.608931
vt 0.169177 0.607031
vt 0.464209 0.639882
vt 0.067653 0.598308
vt 0.069540 0.607035
vt 0.069539 0.577632
vt 0.053112 0.583505
vt 0.051199 0.640003
vt 0.051201 0.608932
vt 0.471942 0.264814
vt 0.895184 0.090336
vt 0.221038 0.204339
vt 0.226265 0.184011
vt 0.238136 0.166703
vt 0.344156 0.222709
vt 0.349444 0.251708
vt 0.349197 0.278953
vt 0.344852 0.291541
vt 0.316677 0.310180
vt 0.303493 0.309097
vt 0.463958 0.227313
vt 0.456108 0.237961
vt 0.446755 0.244365
vt 0.427777 0.246387
vt 0.340746 0.134172
vt 0.351567 0.109718
vt 0.391062 0.088092
vt 0.462709 0.159496
vt 0.221983 0.198651
vt 0.229181 0.177593
vt 0.348428 0.281665
vt 0.328670 0.307388
vt 0.447223 0.244176
vt 0.434649 0.246999
vt 0.421488 0.245744
vt 0.259406 0.154456
vt 0.301316 0.156351
vt 0.348428 0.281665
vt 0.341494 0.296676
vt 0.320366 0.309538
vt 0.288271 0.301648
vt 0.352398 0.108708
vt 0.467750 0.215740
vt 0.461334 0.231285
vt 0.425304 0.246303
vt 0.408078 0.239241
vt 0.340956 0.132904
vt 0.739744 0.881618
vt 0.265687 0.307165
vt 0.283692 0.307165
vt 0.272610 0.367672
vt 0.808454 0.867623
vt 0.809062 0.888072
vt 0.815196 0.869242
vt 0.070052 0.435720
vt 0.020027 0.407336
vt 0.026583 0.423656
vt 0.052628 0.304478
vt 0.109644 0.478813
vt 0.103642 0.484814
vt 0.084112 0.484814
vt 0.021151 0.393396
vt 0.027524 0.380948
vt 0.038176 0.371886
vt 0.051485 0.367590
vt 0.065425 0.368714
vt 0.243206 0.463208
vt 0.243206 0.484814
vt 0.223675 0.484814
vt 0.217674 0.478813
vt 0.242667 0.382692
vt 0.236087 0.399048
vt 0.249207 0.457207
vt 0.237211 0.412988
vt 0.291454 0.373644
vt 0.301630 0.383186
vt 0.243584 0.425436
vt 0.257266 0.435720
vt 0.306748 0.397113
vt 0.305798 0.414202
vt 0.271689 0.439202
vt 0.281485 0.437670
vt 0.801866 0.884759
vt 0.307415 0.400311
vt 0.303593 0.386858
vt 0.280931 0.305929
vt 0.269007 0.305679
vt 0.264736 0.438055
vt 0.292188 0.374170
vt 0.251683 0.433133
vt 0.243584 0.425436
vt 0.275832 0.367590
vt 0.261286 0.368899
vt 0.237395 0.413595
vt 0.248464 0.375892
vt 0.734339 0.887343
vt 0.735598 0.869242
vt 0.728844 0.867639
vt 0.722651 0.870894
vt 0.727355 0.887992
vt 0.187665 0.217198
vt 0.385630 0.051028
vt 0.373507 0.058224
vt 0.355383 0.047162
vt 0.354575 0.035149
vt 0.360393 0.026499
vt 0.384973 0.028882
vt 0.102317 0.262725
vt 0.091142 0.244208
vt 0.096364 0.248276
vt 0.058647 0.377625
vt 0.241515 0.110131
vt 0.237215 0.098840
vt 0.241842 0.090115
vt 0.260740 0.093241
vt 0.257450 0.111058
vt 0.076574 0.242273
vt 0.101963 0.260553
vt 0.084947 0.242144
vt 0.098739 0.251228
vt 0.355383 0.047162
vt 0.354575 0.035149
vt 0.371765 0.022580
vt 0.384973 0.028882
vt 0.389870 0.040052
vt 0.373962 0.058191
vt 0.451599 0.012884
vt 0.451599 0.070040
vt 0.445824 0.606913
vt 0.347673 0.773190
vt 0.327827 0.776490
s 1
usemtl Bogie
f 115/1/1 101/2/1 93/3/1
f 1198/4/2 1249/5/2 1250/6/2
f 102/7/3 93/3/3 101/8/3
f 87/9/4 78/10/4 80/11/4
f 90/12/5 74/13/5 89/14/5
f 81/15/2 92/16/2 83/17/2
f 82/18/6 78/19/6 84/20/6
f 1584/21/6 1556/22/6 1560/23/6
f 79/24/7 83/17/7 77/25/7
f 104/26/8 94/27/8 96/28/8
f 84/20/2 87/9/2 82/18/2
f 72/29/6 74/13/6 73/30/6
f 95/31/9 89/32/9 77/33/9
f 116/34/10 103/35/10 106/36/10
f 106/37/8 100/38/8 99/39/8
f 69/40/7 105/41/7 97/42/7
f 90/43/9 114/44/9 94/27/9
f 1444/22/6 1472/21/6 1447/45/6
f 110/46/7 62/47/7 61/48/7
f 108/49/2 103/50/2 104/51/2
f 36/52/2 35/53/2 34/54/2
f 38/55/2 39/56/2 165/57/2
f 650/58/11 669/59/12 652/60/13
f 140/61/14 137/62/15 136/63/16
f 212/64/17 206/65/18 205/66/19
f 119/67/20 129/68/21 120/69/22
f 120/69/23 129/68/23 121/70/23
f 128/71/24 122/72/25 121/70/26
f 126/73/27 132/74/28 131/75/29
f 125/76/30 133/77/30 132/74/30
f 133/77/31 123/78/32 134/79/33
f 146/80/34 172/81/35 173/82/36
f 172/81/35 144/83/37 195/84/38
f 195/84/38 143/85/39 171/86/40
f 150/87/41 180/88/42 181/89/43
f 149/90/44 179/91/45 180/88/42
f 179/91/45 147/92/46 178/93/47
f 203/94/48 200/95/49 199/96/50
f 194/97/51 191/98/52 190/99/53
f 195/84/54 192/100/55 191/98/52
f 945/101/56 959/102/57 946/103/58
f 202/104/59 199/96/50 198/105/60
f 141/106/61 138/107/62 137/62/15
f 139/108/63 136/63/16 135/109/64
f 211/110/65 207/111/66 206/65/18
f 210/112/67 208/113/68 207/111/66
f 154/114/69 187/115/70 186/116/71
f 187/115/70 152/117/72 210/112/73
f 210/112/73 151/118/74 188/119/75
f 159/120/76 176/121/77 160/122/78
f 160/122/79 176/121/79 161/123/79
f 175/124/80 162/125/81 161/123/82
f 163/126/83 169/127/84 164/128/85
f 169/127/84 165/129/86 164/128/85
f 168/130/87 166/131/88 165/129/86
f 155/132/89 184/133/90 156/134/91
f 184/133/90 157/135/92 156/134/91
f 183/136/93 158/137/94 157/135/92
f 123/138/32 173/139/36 134/140/33
f 143/85/39 181/89/43 171/86/40
f 147/141/46 186/142/71 178/143/47
f 188/119/75 126/73/27 131/75/29
f 174/144/95 155/145/89 162/146/81
f 127/147/96 163/148/83 122/149/25
f 467/150/97 509/151/98 464/152/99
f 204/153/100 205/154/19 200/155/49
f 142/156/101 189/157/102 138/158/62
f 234/159/2 235/160/2 241/161/2
f 36/52/6 282/162/6 117/163/6
f 294/164/103 287/165/104 286/166/105
f 287/165/104 296/167/106 288/168/107
f 295/169/108 289/170/109 288/168/107
f 289/170/109 285/171/110 291/172/111
f 334/173/112 330/174/113 335/175/114
f 292/176/115 299/177/116 298/175/114
f 291/172/111 285/171/110 299/177/116
f 301/178/117 306/179/118 305/180/119
f 300/181/120 307/182/121 306/179/118
f 304/183/122 308/184/123 307/182/121
f 302/185/124 309/186/125 303/187/126
f 472/188/127 507/189/128 470/190/129
f 321/191/130 314/192/131 313/193/132
f 320/194/133 315/195/134 314/192/131
f 319/196/135 302/185/124 315/195/134
f 312/197/136 317/198/137 316/199/138
f 311/200/139 318/201/140 317/198/137
f 310/202/141 305/180/119 318/201/140
f 387/193/142 372/203/143 395/204/144
f 369/205/145 362/206/146 361/166/147
f 333/167/148 325/207/149 324/208/150
f 332/169/151 326/170/152 325/207/149
f 326/170/152 322/171/110 328/172/111
f 408/203/153 404/174/154 409/209/155
f 329/176/115 336/177/116 335/175/114
f 328/172/111 322/171/110 336/177/116
f 339/178/117 343/179/118 342/180/119
f 338/181/156 344/182/157 343/179/118
f 337/210/158 345/211/159 344/182/157
f 345/211/159 337/210/158 341/212/160
f 359/191/130 352/192/131 351/193/132
f 358/194/133 353/195/161 352/192/131
f 357/196/162 340/213/163 353/195/161
f 350/197/136 355/198/137 354/199/138
f 349/200/139 356/201/140 355/198/137
f 348/202/141 342/180/119 356/201/140
f 390/214/164 361/166/147 386/215/165
f 313/193/132 297/173/112 321/191/130
f 405/205/145 399/206/166 398/166/147
f 371/216/167 363/207/168 362/206/146
f 370/217/169 364/170/170 363/207/168
f 364/170/170 360/171/171 366/218/172
f 193/219/173 190/99/53 189/220/102
f 373/221/174 367/222/175 374/223/176
f 366/218/172 360/171/171 374/223/176
f 381/224/177 377/178/178 382/225/179
f 382/225/179 376/226/180 380/227/181
f 378/213/182 383/228/183 379/229/184
f 380/227/181 375/230/185 379/229/184
f 395/204/144 388/231/186 387/193/142
f 394/232/187 389/233/188 388/231/186
f 393/196/189 378/213/182 389/233/188
f 386/197/165 391/234/190 390/235/164
f 385/236/191 392/237/192 391/234/190
f 384/238/193 381/224/177 392/237/192
f 426/214/164 398/166/147 421/215/194
f 422/193/142 408/203/153 431/204/195
f 861/239/196 862/240/197 859/241/198
f 1009/242/199 1010/243/200 991/244/201
f 883/245/202 894/246/203 884/247/204
f 403/176/205 410/248/206 409/209/155
f 201/249/207 198/105/60 197/250/208
f 415/251/209 413/252/210 416/253/211
f 412/254/212 417/255/213 416/253/211
f 429/256/214 414/257/215 423/258/216
f 414/257/215 418/259/217 411/260/218
f 431/204/195 424/231/219 422/193/142
f 939/261/220 940/262/221 913/263/222
f 711/264/223 699/265/224 707/266/225
f 421/197/194 427/234/226 426/235/164
f 420/267/227 428/237/228 427/234/226
f 419/268/229 415/251/209 428/237/228
f 316/214/138 286/166/105 312/215/136
f 1375/269/230 1372/270/231 1419/271/232
f 12/272/2 11/273/2 10/274/2
f 450/275/233 449/276/234 452/277/235
f 446/278/236 445/279/237 451/280/238
f 569/276/239 562/281/240 678/282/241
f 441/283/6 454/284/6 444/285/6
f 451/280/238 453/286/242 448/287/243
f 450/275/233 452/277/235 454/288/244
f 440/289/2 435/290/2 437/291/2
f 1537/292/245 1530/293/246 1536/294/247
f 489/295/248 500/296/248 465/297/248
f 465/297/249 503/298/249 466/299/249
f 467/150/250 510/300/251 508/301/252
f 468/302/253 507/189/128 510/300/251
f 466/299/254 502/303/254 469/304/254
f 492/305/255 475/306/256 473/307/257
f 469/304/258 496/308/258 471/309/258
f 471/309/259 495/310/259 473/307/259
f 474/311/260 505/312/261 506/313/262
f 892/314/263 903/315/264 893/316/265
f 476/317/266 512/318/267 511/319/268
f 475/306/256 491/320/269 477/321/270
f 478/322/271 513/323/272 512/318/273
f 477/321/274 494/324/274 479/325/274
f 616/326/275 601/327/276 599/328/277
f 479/325/278 497/329/278 481/330/278
f 484/331/279 514/332/279 515/333/279
f 481/330/280 498/334/280 483/335/280
f 486/336/281 516/337/281 514/332/281
f 483/335/282 499/338/282 485/339/282
f 488/340/283 517/341/283 516/337/283
f 485/339/284 504/342/284 487/343/284
f 488/340/285 518/344/286 517/341/287
f 487/343/288 501/345/288 489/295/288
f 464/152/99 509/346/98 518/344/289
f 574/347/6 563/348/6 564/349/6
f 524/350/290 541/351/290 526/352/290
f 459/353/3 434/354/3 458/355/3
f 532/356/291 548/357/292 534/358/293
f 533/359/294 547/360/295 531/361/296
f 519/362/297 536/363/298 520/364/299
f 527/365/300 542/366/301 525/367/302
f 526/352/303 544/368/303 528/369/303
f 534/358/304 551/370/305 519/362/306
f 521/371/307 537/372/308 535/373/309
f 520/364/310 536/363/311 523/374/312
f 535/373/313 550/375/314 533/359/315
f 529/376/316 543/377/317 527/365/318
f 528/369/319 546/378/320 530/379/321
f 522/380/322 539/381/322 521/371/322
f 523/374/323 538/382/324 524/350/325
f 531/361/326 545/383/327 529/376/328
f 530/379/329 548/357/330 532/356/331
f 525/367/332 540/384/333 522/380/334
f 570/385/7 565/285/7 562/283/7
f 563/348/3 565/285/3 564/349/3
f 570/386/335 569/276/239 573/387/336
f 572/388/337 566/389/338 574/390/339
f 1477/391/340 1476/392/341 1479/393/342
f 572/388/337 574/390/339 568/394/343
f 575/395/344 573/387/336 567/396/345
f 459/353/346 457/397/346 460/398/346
f 584/399/8 576/400/8 583/401/8
f 576/402/2 581/398/2 578/397/2
f 580/353/8 555/354/8 579/355/8
f 654/403/6 651/404/6 597/306/6
f 585/152/347 634/405/347 635/406/347
f 614/407/348 625/408/348 586/409/348
f 587/150/349 633/410/349 634/405/349
f 308/184/123 303/187/126 309/186/125
f 589/302/350 632/411/350 633/410/350
f 588/412/351 621/413/352 590/414/353
f 590/414/353 621/415/352 620/416/354
f 591/190/355 631/417/356 632/411/357
f 592/418/358 620/416/358 619/419/358
f 593/420/359 630/421/360 631/417/356
f 595/422/361 637/423/362 630/421/360
f 596/424/363 615/425/364 597/306/365
f 598/426/366 636/427/367 637/423/368
f 597/306/365 615/425/364 599/328/369
f 600/428/370 638/429/371 636/427/367
f 628/430/372 588/412/351 586/409/373
f 638/429/371 604/431/374 639/432/375
f 601/327/276 622/433/376 603/434/377
f 482/435/378 513/323/272 480/436/379
f 641/437/380 606/438/381 640/439/382
f 603/434/383 623/440/383 605/335/383
f 640/439/384 608/441/384 642/442/384
f 605/335/385 624/443/385 607/339/385
f 610/444/386 643/445/386 642/442/386
f 607/339/387 629/342/387 609/446/387
f 612/447/388 644/448/389 643/445/390
f 609/446/391 626/449/392 611/450/393
f 644/451/389 613/452/394 635/406/395
f 611/450/393 626/449/392 614/407/396
f 615/453/6 618/454/6 567/455/6
f 54/456/2 231/457/2 232/458/2
f 586/409/6 659/459/6 611/450/6
f 650/460/7 652/461/7 595/422/7
f 1257/462/6 1223/463/6 1258/464/6
f 657/465/397 673/466/397 675/467/397
f 952/468/398 954/469/399 953/470/400
f 657/465/401 675/467/401 660/471/401
f 658/472/402 674/473/403 655/474/404
f 651/475/405 667/476/405 649/477/405
f 645/478/406 676/479/407 659/480/408
f 652/60/409 669/59/410 653/481/411
f 402/482/412 397/171/413 410/248/206
f 646/483/414 664/382/415 648/484/416
f 645/478/417 663/485/417 662/486/417
f 660/471/418 661/487/419 646/483/420
f 654/488/421 668/489/422 651/475/423
f 653/481/424 671/490/424 656/491/424
f 648/484/425 666/492/426 650/58/427
f 656/491/428 671/490/429 673/466/430
f 649/477/431 665/493/431 647/494/431
f 748/495/432 743/496/433 754/497/434
f 699/265/435 717/498/436 701/499/437
f 698/500/438 683/501/438 682/502/438
f 725/503/439 721/499/440 724/504/441
f 707/266/439 700/505/440 706/506/441
f 708/495/442 703/496/443 709/507/444
f 708/495/445 705/508/446 704/509/447
f 1588/510/448 1547/511/449 1545/512/448
f 1566/513/6 1563/514/6 1583/515/6
f 1589/516/2 1563/517/2 1573/518/2
f 1131/519/450 1125/520/450 1129/521/450
f 710/522/451 707/523/452 706/524/453
f 715/525/454 714/497/455 717/498/456
f 714/497/457 713/526/458 703/496/459
f 718/500/460 713/526/461 716/527/462
f 702/502/463 716/527/464 700/528/465
f 719/265/463 737/498/464 721/499/465
f 703/501/466 718/500/466 702/502/466
f 685/503/467 681/499/468 682/529/469
f 372/203/143 368/530/470 373/221/174
f 745/508/471 748/495/472 744/509/473
f 580/353/474 578/397/474 581/398/474
f 64/531/475 65/532/475 66/533/475
f 730/522/445 727/523/446 726/524/447
f 1128/534/474 1126/535/474 1130/536/474
f 735/525/476 734/497/477 737/498/478
f 734/497/479 733/526/480 723/496/481
f 738/500/482 733/526/483 736/527/484
f 722/502/435 736/527/436 720/528/437
f 717/498/485 714/537/485 701/499/485
f 757/498/486 739/265/487 741/499/488
f 723/501/489 738/500/489 722/502/489
f 745/503/490 741/499/491 742/529/492
f 687/266/490 680/505/491 679/265/492
f 794/538/493 795/539/494 769/540/495
f 685/508/496 688/495/497 684/509/498
f 1504/23/7 1500/22/7 1528/21/7
f 750/522/497 747/523/496 751/541/499
f 1049/542/346 1047/543/346 1045/544/346
f 755/525/500 754/497/501 752/545/502
f 753/526/503 754/497/504 743/496/505
f 758/500/506 753/526/507 743/496/508
f 756/527/509 742/502/510 740/528/511
f 737/498/512 734/537/512 721/499/512
f 696/527/486 682/502/487 680/528/488
f 758/500/513 743/501/513 742/502/513
f 206/65/514 207/111/515 184/133/515
f 747/266/467 740/505/468 739/265/469
f 727/266/516 720/505/517 726/506/518
f 728/495/519 723/496/520 729/507/521
f 728/495/451 725/508/452 724/509/453
f 901/546/522 899/547/523 905/548/524
f 762/549/525 761/550/525 759/551/525
f 764/552/526 763/553/526 761/550/526
f 766/554/527 765/555/527 763/553/527
f 768/556/528 767/557/528 765/555/528
f 769/540/529 770/558/530 767/557/531
f 773/559/532 772/560/532 770/558/532
f 773/559/533 774/561/534 772/560/535
f 777/562/536 776/563/536 774/561/536
f 779/564/537 778/565/537 776/563/537
f 781/566/538 780/567/538 778/565/538
f 783/568/539 782/569/539 780/567/539
f 783/568/540 784/570/541 782/569/542
f 760/571/543 759/551/543 784/570/543
f 812/572/544 825/573/545 813/574/546
f 794/575/547 808/576/548 795/577/549
f 801/578/550 812/579/551 813/580/552
f 802/581/553 813/580/552 814/582/554
f 796/583/555 808/576/548 809/584/556
f 789/585/557 804/586/558 790/587/559
f 790/587/559 804/586/558 805/588/560
f 797/589/561 809/584/556 798/590/562
f 790/587/559 805/588/560 791/591/563
f 788/592/564 814/582/554 804/586/558
f 798/590/562 810/593/565 787/594/566
f 791/591/563 805/588/560 792/595/567
f 799/596/568 810/593/565 811/597/569
f 793/598/570 807/599/571 794/575/547
f 813/574/546 825/573/545 814/600/572
f 808/601/573 820/602/574 809/603/575
f 604/431/374 641/437/380 639/432/375
f 814/600/572 815/604/576 804/605/577
f 683/496/578 688/495/579 689/507/444
f 811/606/580 824/607/581 812/572/544
f 844/608/582 841/609/583 842/610/584
f 816/611/585 827/612/586 817/613/587
f 817/613/587 827/612/586 828/614/588
f 430/615/589 424/231/219 431/204/195
f 818/616/590 828/617/591 829/618/592
f 823/619/593 832/620/594 824/607/595
f 824/607/595 832/620/594 825/573/596
f 816/611/585 826/621/597 827/612/586
f 835/622/598 834/623/598 858/624/598
f 835/622/599 836/625/600 834/623/601
f 837/626/602 838/627/602 836/625/602
f 840/628/603 839/629/603 838/627/603
f 842/610/604 841/609/604 839/629/604
f 775/630/605 799/631/606 779/564/607
f 844/608/582 845/632/608 843/633/609
f 846/634/610 847/635/611 845/632/612
f 848/636/613 849/637/614 847/635/611
f 850/638/615 851/639/616 849/637/614
f 853/640/617 852/641/617 851/639/617
f 855/642/618 854/567/618 852/641/618
f 855/642/619 856/643/620 854/567/621
f 857/644/622 858/624/623 856/643/624
f 885/645/625 897/646/626 886/574/627
f 867/647/628 881/648/629 868/649/630
f 874/650/631 885/651/632 886/652/633
f 875/653/634 886/652/633 887/582/635
f 866/654/636 867/655/637 844/608/638
f 201/249/207 192/100/55 196/656/639
f 870/657/640 883/658/641 871/590/642
f 861/592/643 887/582/635 877/586/644
f 863/659/645 878/660/646 864/661/647
f 855/642/648 850/638/649 872/662/650
f 864/661/647 879/663/651 865/664/652
f 872/665/653 884/666/654 885/651/632
f 57/667/655 213/668/656 222/669/657
f 886/574/627 898/670/658 887/671/659
f 882/672/660 892/314/661 883/245/662
f 877/605/663 889/673/664 878/674/665
f 887/671/659 888/675/666 877/605/667
f 803/676/668 783/568/669 802/677/670
f 879/678/671 890/679/672 880/680/673
f 884/247/204 895/681/674 885/645/625
f 880/682/673 891/683/675 881/684/676
f 416/685/7 410/686/7 405/687/7
f 888/675/677 906/688/678 899/689/679
f 894/246/680 903/315/264 904/690/681
f 894/246/680 904/690/681 895/681/682
f 890/679/683 900/691/684 901/692/685
f 895/681/682 905/693/686 896/694/687
f 891/683/688 901/695/685 902/696/689
f 896/694/687 905/693/686 897/646/690
f 897/646/690 905/693/686 898/670/691
f 888/675/677 899/689/679 889/673/692
f 908/697/598 907/698/598 932/699/598
f 908/697/693 909/700/694 907/698/695
f 911/701/696 910/702/696 909/700/696
f 913/263/697 912/703/697 910/702/697
f 914/704/698 915/705/699 912/703/700
f 918/706/701 917/707/701 915/705/701
f 920/708/702 919/709/702 917/707/702
f 922/710/703 921/711/703 919/709/703
f 924/712/704 923/713/704 921/711/704
f 926/714/705 925/715/705 923/713/705
f 928/716/706 927/717/706 925/715/706
f 930/718/707 929/719/707 927/717/707
f 931/720/708 932/699/709 929/719/710
f 934/721/711 948/722/712 935/723/713
f 945/724/714 946/725/715 918/706/716
f 949/726/717 950/727/717 948/722/717
f 949/726/718 961/728/719 950/727/720
f 943/729/721 958/730/722 944/731/723
f 951/732/724 961/728/719 962/733/725
f 937/734/726 954/469/399 955/735/727
f 831/736/728 823/619/593 822/737/729
f 407/216/730 400/738/731 399/206/166
f 946/103/58 959/102/57 947/739/732
f 938/740/733 955/735/727 939/741/734
f 947/739/732 959/102/57 960/742/735
f 939/741/734 956/743/736 940/744/737
f 947/739/732 960/742/735 934/721/711
f 940/744/737 956/743/736 941/745/738
f 948/722/712 960/742/735 961/728/719
f 941/745/738 956/743/736 957/746/739
f 941/747/738 957/748/739 942/749/740
f 942/749/740 957/748/739 943/729/721
f 964/750/741 963/751/741 990/752/741
f 965/753/742 966/754/743 963/751/744
f 967/755/745 968/756/746 966/754/743
f 970/757/747 969/758/747 968/756/747
f 972/759/748 971/760/748 969/758/748
f 974/761/749 973/762/749 971/760/749
f 976/763/750 975/764/750 973/762/750
f 978/765/751 977/766/751 975/764/751
f 980/767/752 979/768/752 977/766/752
f 982/769/753 981/770/753 979/768/753
f 984/771/754 983/772/754 981/770/754
f 984/771/755 985/773/756 983/772/757
f 986/774/758 987/775/759 985/773/760
f 988/776/761 989/777/762 987/775/759
f 991/244/763 990/752/763 989/777/763
f 994/778/764 1006/779/764 1007/780/764
f 613/452/7 606/438/7 660/781/7
f 994/778/765 1018/782/766 1006/779/767
f 1001/783/768 1015/784/769 1002/785/770
f 1006/779/767 1018/782/766 1019/786/771
f 11/273/772 182/787/773 6/788/774
f 1007/780/775 1019/786/771 1011/469/776
f 1003/789/777 1015/784/769 1016/790/778
f 1008/791/779 1011/469/776 1009/792/780
f 974/761/781 970/757/782 1001/793/783
f 992/794/784 1016/790/778 1004/795/785
f 1004/795/785 1017/796/786 993/797/787
f 998/798/788 1013/799/789 999/800/790
f 1005/801/791 1017/796/786 1018/782/766
f 999/800/790 1013/799/789 1014/746/792
f 999/802/790 1014/803/792 1000/804/793
f 1000/804/793 1014/803/792 1001/783/768
f 1055/805/8 1033/806/8 1057/807/8
f 434/354/346 437/291/346 435/290/346
f 1028/808/3 1044/809/3 1020/810/3
f 1040/534/474 1038/535/474 1036/811/474
f 1065/812/6 1052/813/6 1053/814/6
f 1043/519/450 1037/520/450 1039/815/450
f 1047/543/3 1021/816/3 1045/544/3
f 1058/817/3 1024/818/3 1052/819/3
f 1022/820/8 1056/821/8 1032/822/8
f 1050/823/3 1049/542/3 1048/824/3
f 1036/811/8 1026/825/8 1030/826/8
f 1059/827/346 1065/812/346 1053/828/346
f 1060/829/8 1063/830/8 1062/831/8
f 1058/817/241 1064/832/241 1066/833/241
f 1061/834/6 1054/835/6 1055/836/6
f 1030/837/6 1085/838/6 1086/839/6
f 1124/811/8 1114/825/8 1126/535/8
f 1110/820/8 1144/821/8 1142/840/8
f 1119/841/8 1127/815/8 1115/842/8
f 1116/808/3 1132/809/3 1134/843/3
f 1050/823/241 1044/809/241 1046/843/241
f 1138/823/3 1137/542/3 1139/844/3
f 406/845/794 396/846/795 400/738/731
f 1129/521/8 1130/536/8 1131/519/8
f 751/541/796 753/526/796 750/522/796
f 1123/847/3 1141/828/3 1147/827/3
f 1155/848/3 1152/832/3 1154/833/3
f 1153/812/7 1140/813/7 1152/832/7
f 1143/805/8 1121/806/8 1111/849/8
f 1149/834/7 1142/835/7 1148/829/7
f 1490/850/7 1538/851/7 1488/852/7
f 1148/829/474 1144/821/474 1150/831/474
f 1148/829/8 1151/830/8 1149/834/8
f 1151/830/450 1143/805/450 1149/834/450
f 1146/817/3 1112/818/3 1122/853/3
f 1198/820/3 1232/821/3 1230/840/3
f 1204/808/8 1220/809/8 1222/843/8
f 1138/823/241 1132/809/241 1136/824/241
f 1226/823/8 1225/542/8 1227/844/8
f 1216/534/346 1214/535/346 1218/536/346
f 1243/848/8 1240/832/8 1242/833/8
f 1219/519/241 1213/520/241 1217/521/241
f 1223/543/8 1197/816/8 1205/854/8
f 1217/521/3 1218/536/3 1219/519/3
f 1212/811/3 1202/825/3 1214/535/3
f 1237/834/6 1230/835/6 1236/829/6
f 1234/817/8 1200/818/8 1210/853/8
f 1241/812/6 1228/813/6 1240/832/6
f 1236/829/346 1232/821/346 1238/831/346
f 1236/829/3 1239/830/3 1237/834/3
f 1239/830/241 1231/805/241 1237/834/241
f 1231/805/3 1209/806/3 1199/849/3
f 1211/847/8 1229/828/8 1235/827/8
f 1207/841/3 1215/815/3 1203/842/3
f 1300/811/3 1290/825/3 1294/826/3
f 1324/829/3 1327/830/3 1326/831/3
f 1292/808/8 1308/809/8 1284/810/8
f 1226/823/450 1220/809/450 1224/824/450
f 1295/841/3 1303/815/3 1301/520/3
f 1304/534/346 1302/535/346 1300/811/346
f 1305/521/3 1306/536/3 1304/534/3
f 1307/519/241 1301/520/241 1303/815/241
f 1327/830/241 1319/805/241 1321/807/241
f 1313/542/474 1311/543/474 1309/544/474
f 1314/823/8 1313/542/8 1312/824/8
f 1286/820/3 1320/821/3 1296/822/3
f 1319/805/3 1297/806/3 1321/807/3
f 1329/812/7 1316/813/7 1317/814/7
f 1322/817/8 1288/818/8 1316/819/8
f 1299/847/8 1317/828/8 1289/855/8
f 1324/829/346 1320/821/346 1318/840/346
f 1323/827/474 1329/812/474 1317/828/474
f 1322/817/450 1328/832/450 1330/833/450
f 1331/848/8 1328/832/8 1329/812/8
f 1378/850/797 1422/856/797 1376/852/797
f 1428/270/798 1431/269/799 1475/271/800
f 412/857/6 396/858/6 401/859/6
f 1375/269/801 1419/271/801 1417/860/801
f 1408/861/6 1382/862/6 1403/863/6
f 1407/864/6 1383/865/6 1414/866/6
f 1378/850/7 1426/851/7 1393/867/7
f 1408/868/8 1409/869/8 1385/870/8
f 1418/293/802 1374/871/802 1373/872/802
f 1418/293/803 1424/294/803 1374/871/803
f 1481/292/804 1474/293/805 1480/294/806
f 1471/515/6 1451/514/6 1454/513/6
f 1427/873/807 1405/874/807 1414/866/807
f 1380/875/3 1412/876/3 1383/877/3
f 1429/872/230 1456/878/231 1430/871/232
f 1393/867/808 1415/515/808 1395/514/808
f 1471/879/809 1483/880/810 1482/881/811
f 1484/270/812 1487/269/813 1531/271/814
f 1576/868/3 1577/869/3 1553/870/3
f 1475/271/815 1431/269/815 1473/860/815
f 1477/391/816 1432/852/816 1478/882/816
f 1461/874/7 1468/883/7 1439/865/7
f 1438/884/8 1443/885/8 1440/886/8
f 1436/875/3 1468/876/3 1466/887/3
f 1435/511/817 1476/392/817 1433/512/817
f 1430/871/818 1474/293/818 1429/872/818
f 1480/294/819 1474/293/819 1430/871/819
f 1533/391/820 1532/392/821 1535/393/822
f 1593/292/823 1586/293/824 1585/860/825
f 1473/860/826 1481/292/826 1475/271/826
f 1461/874/827 1483/873/827 1470/866/827
f 1485/872/828 1512/878/829 1486/871/830
f 1449/867/831 1471/515/831 1482/851/831
f 1527/879/832 1539/880/833 1538/881/834
f 1543/269/828 1540/270/829 1587/271/830
f 1531/271/835 1487/269/835 1529/860/835
f 1533/391/836 1488/852/836 1534/882/836
f 1434/850/6 1482/851/6 1432/852/6
f 1494/884/3 1499/885/3 1496/886/3
f 1435/511/7 1483/873/7 1458/888/7
f 1491/511/837 1532/392/837 1489/512/837
f 1486/871/838 1530/293/838 1485/872/838
f 1536/294/839 1530/293/839 1486/871/839
f 1425/292/840 1418/293/841 1417/860/842
f 1529/860/843 1537/292/843 1531/271/843
f 1517/874/844 1539/873/844 1526/866/844
f 1568/878/812 1541/872/813 1542/871/814
f 1550/884/3 1555/885/3 1572/889/3
f 1505/867/845 1527/515/845 1538/851/845
f 1595/880/846 1583/879/847 1594/881/848
f 1400/878/798 1373/872/799 1374/871/800
f 1510/513/7 1527/515/7 1507/514/7
f 1172/890/849 1117/891/7 1118/837/7
f 1543/269/850 1587/271/850 1585/860/850
f 1546/850/851 1590/856/851 1544/852/851
f 1576/861/7 1550/862/7 1571/863/7
f 1575/892/8 1562/893/8 1549/894/8
f 1546/850/6 1594/851/6 1561/867/6
f 1021/895/2 1030/837/2 1068/896/2
f 1586/293/852 1542/871/852 1541/872/852
f 1586/293/853 1592/294/853 1542/871/853
f 871/590/642 884/666/654 860/897/854
f 1595/873/855 1573/874/855 1582/866/855
f 1428/898/8 1456/878/8 1472/21/8
f 705/503/516 701/499/517 704/504/518
f 1561/867/856 1583/515/856 1563/514/856
f 112/899/6 63/900/6 64/531/6
f 75/901/7 68/902/7 67/903/7
f 105/904/3 98/905/3 97/906/3
f 71/907/7 108/908/7 114/44/7
f 88/909/857 84/910/3 284/911/3
f 114/44/858 104/912/858 96/28/858
f 85/913/3 78/914/3 88/909/3
f 77/915/3 89/916/3 92/917/3
f 70/918/859 61/48/859 62/47/859
f 67/919/6 106/920/6 99/921/6
f 66/922/6 107/923/6 115/1/6
f 1512/878/3 1528/21/3 1484/898/3
f 102/924/2 107/925/2 105/904/2
f 140/61/14 141/106/61 137/62/15
f 119/67/20 130/926/860 129/68/21
f 129/68/861 128/71/861 121/70/861
f 128/71/24 127/927/96 122/72/25
f 126/73/27 125/76/862 132/74/28
f 133/77/863 125/76/863 124/928/863
f 133/77/31 124/928/864 123/78/32
f 274/929/2 275/930/2 156/931/2
f 710/522/865 712/545/865 711/541/865
f 70/932/2 66/933/2 65/934/2
f 146/80/34 145/935/866 172/81/35
f 172/81/35 145/935/866 144/83/37
f 195/84/38 144/83/37 143/85/39
f 150/87/41 149/90/44 180/88/42
f 149/90/44 148/936/867 179/91/45
f 179/91/45 148/936/867 147/92/46
f 1588/510/868 1589/937/868 1591/938/868
f 819/939/869 808/601/870 807/940/871
f 1520/868/3 1521/869/3 1523/941/3
f 194/97/51 195/84/54 191/98/52
f 195/84/54 196/656/639 192/100/55
f 202/104/59 203/94/48 199/96/50
f 211/110/65 210/112/67 207/111/66
f 210/112/67 209/942/872 208/113/68
f 154/114/69 153/943/873 187/115/70
f 187/115/70 153/943/873 152/117/72
f 210/112/73 152/117/72 151/118/74
f 159/120/76 177/944/874 176/121/77
f 176/121/875 175/124/875 161/123/875
f 175/124/80 174/945/95 162/125/81
f 163/126/83 170/946/876 169/127/84
f 169/127/84 168/130/87 165/129/86
f 168/130/87 167/947/877 166/131/88
f 155/132/89 185/948/878 184/133/90
f 184/133/90 183/136/93 157/135/92
f 183/136/93 182/787/879 158/137/94
f 123/138/32 146/949/34 173/139/36
f 143/85/39 150/87/41 181/89/43
f 147/141/46 154/950/69 186/142/71
f 188/119/75 151/118/74 126/73/27
f 174/144/95 185/951/878 155/145/89
f 127/147/96 170/952/876 163/148/83
f 80/953/8 86/954/8 87/955/8
f 90/956/8 79/957/8 91/958/8
f 282/959/8 81/960/8 82/961/8
f 225/962/2 226/963/2 163/964/2
f 9/965/880 58/966/880 277/967/880
f 59/968/881 5/969/881 216/970/881
f 59/968/882 216/970/882 217/971/882
f 250/972/2 252/973/2 253/974/2
f 109/975/2 46/976/2 47/977/2
f 25/978/2 112/979/2 263/980/2
f 117/981/883 57/667/883 270/982/883
f 58/966/884 217/971/885 276/983/886
f 56/984/887 118/985/887 214/986/887
f 56/984/888 214/986/888 213/668/888
f 2/987/889 158/988/889 182/787/889
f 130/926/890 119/989/890 6/788/890
f 177/944/891 159/990/891 228/991/891
f 862/992/892 878/660/646 863/659/645
f 166/993/893 167/947/893 32/994/893
f 695/525/894 694/497/895 692/545/896
f 1379/511/6 1427/873/6 1377/512/6
f 283/995/7 12/272/7 4/996/7
f 258/997/2 158/988/2 264/998/2
f 253/974/7 252/973/7 60/999/7
f 463/399/3 455/400/3 462/401/3
f 232/458/6 231/457/6 59/1000/6
f 443/349/7 445/1001/7 442/348/7
f 92/16/897 79/1002/897 77/1003/897
f 141/106/898 140/61/899 133/77/899
f 1464/868/8 1465/869/8 1467/941/8
f 1135/543/3 1109/816/3 1117/854/3
f 294/164/103 296/167/106 287/165/104
f 296/167/106 295/169/108 288/168/107
f 289/170/109 295/169/108 285/171/110
f 293/174/113 292/176/115 298/175/114
f 292/176/115 291/172/111 299/177/116
f 310/202/141 301/178/117 305/180/119
f 301/178/117 300/181/120 306/179/118
f 300/181/120 304/183/122 307/182/121
f 319/196/135 309/186/125 302/185/124
f 292/1004/7 304/1005/7 311/1006/7
f 319/1007/6 296/1008/6 318/1009/6
f 321/191/130 320/194/133 314/192/131
f 320/194/133 319/196/135 315/195/134
f 312/197/136 311/200/139 317/198/137
f 311/200/139 310/202/141 318/201/140
f 333/167/148 332/169/151 325/207/149
f 326/170/152 332/169/151 322/171/110
f 330/174/113 329/176/115 335/175/114
f 329/176/115 328/172/111 336/177/116
f 348/202/141 339/178/117 342/180/119
f 339/178/117 338/181/156 343/179/118
f 338/181/156 337/210/158 344/182/157
f 357/196/162 347/1010/900 340/213/163
f 346/1011/901 345/211/159 341/212/160
f 328/1012/7 341/1013/7 348/1014/7
f 358/1015/6 331/1016/6 342/1017/6
f 359/191/130 358/194/133 352/192/131
f 358/194/133 357/196/162 353/195/161
f 350/197/136 349/200/139 355/198/137
f 349/200/139 348/202/141 356/201/140
f 371/216/167 370/217/169 363/207/168
f 364/170/170 370/217/169 360/171/171
f 373/221/174 368/530/470 367/222/175
f 367/222/175 366/218/172 374/223/176
f 384/238/193 377/178/178 381/224/177
f 377/178/178 376/226/180 382/225/179
f 376/226/180 375/230/185 380/227/181
f 393/196/189 383/228/183 378/213/182
f 383/228/183 380/227/181 379/229/184
f 1035/847/3 1053/828/3 1025/855/3
f 367/1018/6 375/1019/6 385/1020/6
f 370/1021/7 380/1022/7 395/204/7
f 1067/848/3 1064/832/3 1065/812/3
f 395/204/144 394/232/187 388/231/186
f 394/232/187 393/196/189 389/233/188
f 386/197/165 385/236/191 391/234/190
f 392/237/192 385/236/191 384/238/193
f 404/174/154 403/176/205 409/209/155
f 403/176/205 402/482/412 410/248/206
f 419/268/229 413/252/210 415/251/209
f 413/252/210 412/254/212 416/253/211
f 412/254/212 411/260/218 417/255/213
f 429/256/214 418/259/217 414/257/215
f 418/259/217 417/255/213 411/260/218
f 467/150/6 520/1023/6 468/302/6
f 1041/521/8 1042/536/8 1040/534/8
f 451/1024/6 440/1025/6 513/1026/6
f 421/197/194 420/267/227 427/234/226
f 420/267/227 419/268/229 428/237/228
f 442/1027/902 446/278/236 436/1028/450
f 531/1029/7 481/330/7 533/1030/7
f 442/348/8 444/285/8 443/349/8
f 503/1031/7 500/1032/7 435/1033/7
f 552/1034/7 498/1035/7 497/1036/7
f 451/280/238 445/279/237 453/286/242
f 454/288/244 452/277/235 447/396/903
f 508/1037/6 510/1038/6 437/1039/6
f 455/402/2 460/398/2 457/397/2
f 559/1040/7 633/1041/7 632/1042/7
f 465/297/904 500/296/904 503/298/904
f 467/150/250 468/302/253 510/300/251
f 466/299/905 503/298/905 502/303/905
f 468/302/253 470/190/129 507/189/128
f 469/304/906 502/303/906 496/308/906
f 471/309/907 496/308/907 495/310/907
f 472/188/908 474/311/260 506/313/262
f 473/307/257 495/310/909 492/305/255
f 474/311/260 511/319/910 505/1043/261
f 474/311/911 476/317/911 511/319/911
f 476/317/266 478/322/912 512/318/267
f 475/306/256 493/1044/913 491/320/269
f 477/321/914 491/320/914 494/324/914
f 478/322/271 480/436/379 513/323/272
f 479/325/915 494/324/915 497/329/915
f 482/435/378 484/331/916 515/333/917
f 481/330/918 497/329/918 498/334/918
f 484/331/919 486/336/919 514/332/919
f 483/335/385 498/334/385 499/338/385
f 486/336/920 488/340/920 516/337/920
f 485/339/383 499/338/383 504/342/383
f 488/340/285 490/1045/921 518/344/286
f 487/343/922 504/342/922 501/345/922
f 543/377/7 547/360/7 537/372/7
f 490/1045/923 464/152/99 518/344/289
f 489/295/924 501/345/924 500/296/924
f 522/1046/7 469/304/7 473/307/7
f 544/368/6 538/382/6 551/370/6
f 525/367/332 542/366/925 540/384/333
f 534/358/293 548/357/292 549/1047/926
f 526/352/927 541/351/927 544/368/927
f 533/359/294 550/375/928 547/360/295
f 527/365/300 543/377/929 542/366/301
f 534/358/304 549/1047/930 551/370/305
f 521/371/307 539/381/931 537/372/308
f 535/373/313 537/372/932 550/375/314
f 529/376/316 545/383/933 543/377/317
f 528/369/319 544/368/934 546/378/320
f 523/374/312 536/363/311 538/382/935
f 519/362/297 551/370/936 536/363/298
f 530/379/329 546/378/937 548/357/330
f 531/361/326 547/360/938 545/383/327
f 522/380/939 540/384/939 539/381/939
f 524/350/325 538/382/324 541/351/940
f 555/354/474 558/291/474 556/290/474
f 810/1048/941 823/619/942 811/606/580
f 558/291/2 560/1049/2 556/290/2
f 568/394/343 574/390/339 571/1050/943
f 575/395/344 570/386/335 573/387/336
f 1395/517/2 1405/518/2 1423/1051/2
f 585/152/944 587/150/944 634/405/944
f 586/409/373 625/408/945 628/430/372
f 587/150/946 589/302/946 633/410/946
f 589/302/947 591/190/947 632/411/947
f 588/412/351 627/1052/948 621/413/352
f 591/190/355 593/420/359 631/417/356
f 592/418/949 590/414/353 620/416/354
f 593/420/359 595/422/361 630/421/360
f 594/1053/950 592/418/950 619/419/950
f 594/1053/951 619/419/952 618/305/953
f 595/422/361 598/426/954 637/423/362
f 596/424/363 594/1053/951 618/305/953
f 596/424/363 618/305/953 615/425/364
f 598/426/366 600/428/370 636/427/367
f 599/328/955 615/425/955 616/326/955
f 600/428/370 602/1054/956 638/429/371
f 638/429/371 602/1054/956 604/431/374
f 601/327/276 617/1055/957 622/433/376
f 603/434/958 622/433/958 623/440/958
f 640/439/959 606/438/959 608/441/959
f 605/335/282 623/440/282 624/443/282
f 642/442/960 608/441/960 610/444/960
f 607/339/280 624/443/280 629/342/280
f 643/445/390 610/444/961 612/447/388
f 609/446/391 629/342/962 626/449/392
f 644/451/389 612/447/388 613/452/394
f 641/1056/7 640/1057/7 557/1028/7
f 613/452/394 585/152/963 635/406/395
f 614/407/964 626/449/964 625/408/964
f 657/465/965 656/491/428 673/466/430
f 664/382/7 677/1058/7 673/466/7
f 1063/830/450 1055/805/450 1057/807/450
f 668/489/6 676/479/6 663/485/6
f 655/474/404 674/473/403 672/1059/966
f 649/477/967 667/476/967 665/493/967
f 651/475/968 668/489/968 667/476/968
f 645/478/406 662/486/969 676/479/407
f 660/471/970 675/467/970 677/1058/970
f 653/481/411 669/59/410 671/490/971
f 646/483/414 661/487/972 664/382/415
f 660/471/418 677/1058/973 661/487/419
f 654/488/421 670/1060/974 668/489/422
f 645/478/975 647/494/975 663/485/975
f 647/494/976 665/493/976 663/485/976
f 648/484/425 664/382/977 666/492/426
f 654/488/978 655/474/979 670/1060/980
f 655/474/979 672/1059/981 670/1060/980
f 696/527/8 680/528/8 693/1061/8
f 751/264/982 739/265/983 752/1062/984
f 710/1063/985 700/528/986 713/1061/987
f 629/1064/6 578/1065/6 626/1066/6
f 430/615/589 423/258/216 425/233/988
f 748/1067/989 741/499/990 744/504/991
f 528/1068/6 530/1069/6 478/322/6
f 679/265/8 695/525/8 692/1062/8
f 697/498/992 681/499/992 694/537/992
f 700/528/8 716/527/8 713/1061/8
f 731/264/993 719/265/994 727/266/995
f 730/1063/996 720/528/997 733/1061/998
f 1137/542/346 1135/543/346 1139/844/346
f 659/480/999 674/473/1000 658/472/1001
f 729/1070/223 722/502/1002 725/1071/1003
f 715/525/8 699/265/8 712/1062/8
f 720/528/3 736/527/3 733/1061/3
f 691/264/1004 679/265/1005 692/1062/1006
f 750/1063/1007 740/528/1008 746/1072/1009
f 880/1073/1010 867/647/628 866/1074/1011
f 1225/542/474 1223/543/474 1227/844/474
f 749/1070/1004 742/502/1012 743/501/1013
f 708/1067/1014 701/499/998 714/537/1015
f 735/525/3 719/265/3 732/1062/3
f 756/527/3 740/528/3 753/1061/3
f 331/164/1016 324/208/150 323/166/1017
f 728/1067/1018 721/499/987 734/537/1019
f 730/522/796 732/545/796 731/541/796
f 560/1049/1020 561/289/1021 565/1075/1022
f 689/1070/982 682/502/1023 683/501/1024
f 805/1076/1025 818/1077/1026 806/1078/1027
f 821/1079/1028 810/1048/941 809/603/1029
f 739/265/3 755/525/3 752/1062/3
f 757/498/1030 741/499/1030 754/537/1030
f 869/1080/1031 883/658/641 870/657/640
f 697/498/509 679/265/510 681/499/511
f 135/109/64 209/942/872 139/108/63
f 693/526/1032 694/497/1033 683/496/1034
f 177/944/1035 229/1081/1036 34/54/1037
f 444/1075/1038 439/1049/474 440/289/1039
f 760/571/1040 762/549/1040 759/551/1040
f 762/549/1041 764/552/1041 761/550/1041
f 764/552/1042 766/554/1042 763/553/1042
f 766/554/1043 768/556/1043 765/555/1043
f 768/556/1044 769/540/1044 767/557/1044
f 769/540/529 771/1082/1045 770/558/530
f 771/1082/1046 773/559/1046 770/558/1046
f 773/559/533 775/630/1047 774/561/534
f 775/630/1048 777/562/1048 774/561/1048
f 777/562/1049 779/564/1049 776/563/1049
f 779/564/706 781/566/706 778/565/706
f 781/566/1050 783/568/1050 780/567/1050
f 783/568/540 785/1083/1051 784/570/541
f 785/1083/1052 760/571/1052 784/570/1052
f 789/585/1053 790/587/1053 788/592/1053
f 793/598/1054 794/575/1054 786/1084/1054
f 800/1085/1055 811/597/569 812/579/551
f 786/1086/1056 792/595/1056 793/1087/1056
f 801/578/550 800/1085/1055 812/579/551
f 794/575/547 807/599/571 808/576/548
f 802/581/553 801/578/550 813/580/552
f 796/583/555 795/577/549 808/576/548
f 789/585/557 788/592/564 804/586/558
f 803/1088/1057 802/581/553 814/582/554
f 797/589/561 796/583/555 809/584/556
f 788/592/564 803/1088/1057 814/582/554
f 798/590/562 809/584/556 810/593/565
f 792/595/567 805/588/560 806/1089/1058
f 799/596/568 787/594/566 810/593/565
f 793/1087/570 792/595/567 806/1089/1058
f 800/1085/1055 799/596/568 811/597/569
f 793/598/570 806/1090/1058 807/599/571
f 821/1079/1059 820/602/1059 830/1091/1059
f 804/605/577 815/604/576 816/611/1060
f 814/600/572 825/573/545 815/604/576
f 809/603/575 820/602/574 821/1079/1061
f 811/606/580 823/619/942 824/607/581
f 812/572/544 824/607/581 825/573/545
f 1016/1092/1062 1012/1093/1063 1019/1094/1064
f 815/604/1065 833/1095/1066 826/621/597
f 821/1079/1067 830/1091/1068 831/736/728
f 822/737/729 821/1079/1067 831/736/728
f 818/1077/1069 817/613/587 828/614/588
f 819/939/1070 818/616/590 829/618/592
f 820/602/1071 819/939/1070 829/618/592
f 825/573/596 832/620/594 833/1095/1072
f 820/602/1071 829/618/592 830/1091/1073
f 816/611/585 815/604/1065 826/621/597
f 815/604/1074 825/573/1074 833/1095/1074
f 1005/1096/1075 986/774/1076 982/769/1077
f 690/522/472 687/523/471 691/541/1078
f 698/500/1079 693/526/1080 683/496/1081
f 297/173/112 293/174/113 298/175/114
f 791/1097/1082 766/554/1083 762/549/1084
f 354/214/138 323/166/1017 350/215/136
f 870/1098/1085 871/1099/1086 846/634/1087
f 690/1063/1088 680/528/1089 686/1072/991
f 835/622/599 837/626/1090 836/625/600
f 837/626/1091 840/628/1091 838/627/1091
f 840/628/1092 842/610/1092 839/629/1092
f 844/608/582 846/634/1093 845/632/608
f 846/634/610 848/636/613 847/635/611
f 848/636/613 850/638/615 849/637/614
f 850/638/615 853/640/1094 851/639/616
f 853/640/1095 855/642/1095 852/641/1095
f 855/642/619 857/644/1096 856/643/620
f 857/644/622 859/241/1097 858/624/623
f 859/241/1098 835/622/1098 858/624/1098
f 874/650/631 873/1100/1099 885/651/632
f 868/649/630 881/648/629 882/1101/1100
f 875/653/634 874/650/631 886/652/633
f 869/1080/1031 868/649/630 882/1101/1100
f 862/992/892 861/592/643 877/586/644
f 876/1102/1101 875/653/634 887/582/635
f 861/592/643 876/1102/1101 887/582/635
f 864/661/647 878/660/646 879/663/651
f 872/665/653 860/897/854 884/666/654
f 865/664/652 879/663/651 880/1103/1010
f 866/1074/1011 865/1104/652 880/1073/1010
f 873/1100/1099 872/665/653 885/651/632
f 886/574/627 897/646/626 898/670/658
f 877/605/663 888/675/1102 889/673/664
f 883/245/662 892/314/661 893/316/1103
f 887/671/659 898/670/658 888/675/666
f 884/247/204 894/246/203 895/681/674
f 885/645/625 895/681/674 896/694/1104
f 880/682/673 890/1105/672 891/683/675
f 885/645/625 896/694/1104 897/646/626
f 889/673/1105 879/678/671 878/674/1106
f 881/684/676 892/314/661 882/672/660
f 889/673/692 899/689/679 900/691/1107
f 888/675/677 898/670/691 906/688/678
f 894/246/680 893/316/265 903/315/264
f 890/679/1108 889/673/1108 900/691/1108
f 895/681/682 904/690/681 905/693/686
f 891/683/688 890/1105/683 901/695/685
f 892/314/263 891/683/688 902/696/689
f 898/670/691 905/693/686 906/688/678
f 908/697/693 911/701/1109 909/700/694
f 911/701/1110 913/263/1110 910/702/1110
f 913/263/1111 914/704/1111 912/703/1111
f 914/704/698 916/1106/1112 915/705/699
f 916/1106/1113 918/706/1113 915/705/1113
f 918/706/1114 920/708/1114 917/707/1114
f 920/708/1115 922/710/1115 919/709/1115
f 922/710/1116 924/712/1116 921/711/1116
f 924/712/1117 926/714/1117 923/713/1117
f 926/714/538 928/716/538 925/715/538
f 928/716/537 930/718/537 927/717/537
f 930/718/1118 931/720/1118 929/719/1118
f 931/720/708 933/1107/1119 932/699/709
f 347/1010/900 341/212/160 340/213/163
f 1010/1108/1120 1012/1109/1121 996/1110/1122
f 806/1111/1123 819/939/869 807/940/871
f 563/1027/1124 572/388/337 557/1028/1125
f 933/1107/1098 908/697/1098 932/699/1098
f 947/739/1126 934/721/1126 935/723/1126
f 953/470/1127 936/1112/1127 952/468/1127
f 203/94/1128 202/104/1129 179/91/1129
f 830/1113/1130 828/1114/1131 826/1115/1132
f 943/729/721 957/748/739 958/730/722
f 951/732/724 950/727/720 961/728/719
f 945/101/56 944/731/723 958/730/722
f 937/734/726 936/1112/1133 954/469/399
f 952/468/398 951/732/724 962/733/725
f 938/740/733 937/734/726 955/735/727
f 936/1112/1133 953/470/400 954/469/399
f 939/741/734 955/735/727 956/743/736
f 948/722/712 934/721/711 960/742/735
f 949/726/718 948/722/712 961/728/719
f 964/750/1134 965/753/1134 963/751/1134
f 965/753/742 967/755/745 966/754/743
f 967/755/745 970/757/1135 968/756/746
f 970/757/1136 972/759/1136 969/758/1136
f 972/759/1137 974/761/1137 971/760/1137
f 974/761/1138 976/763/1138 973/762/1138
f 976/763/1139 978/765/1139 975/764/1139
f 978/765/1140 980/767/1140 977/766/1140
f 980/767/1141 982/769/1141 979/768/1141
f 982/769/1142 984/771/1142 981/770/1142
f 984/771/755 986/774/1143 985/773/756
f 986/774/758 988/776/761 987/775/759
f 988/776/761 991/244/1144 989/777/762
f 351/193/132 334/173/112 359/191/130
f 950/1116/1145 930/718/1146 926/714/1147
f 997/1117/1148 1013/799/789 998/798/788
f 449/276/234 441/281/1149 552/282/450
f 709/1070/993 702/502/1150 705/1071/1151
f 1427/880/1152 1415/879/1153 1426/881/1154
f 688/1067/1155 681/499/1156 684/504/1009
f 816/611/1060 805/1076/1157 804/605/577
f 991/244/1158 964/750/1158 990/752/1158
f 1003/789/1159 992/794/1159 1002/785/1159
f 994/778/765 995/1118/1160 1018/782/766
f 956/1119/1161 961/1120/1162 959/1121/1163
f 1469/1122/9 1465/869/9 1472/1123/9
f 1001/783/768 1014/803/792 1015/784/769
f 1007/780/775 1006/779/767 1019/786/771
f 1003/789/777 1002/785/770 1015/784/769
f 1008/791/779 1007/780/775 1011/469/776
f 997/1117/1148 996/1110/1122 1012/1109/1121
f 1010/1108/1120 1009/792/780 1011/469/776
f 1004/795/785 1016/790/778 1017/796/786
f 1005/801/791 993/797/787 1017/796/786
f 995/1118/1160 1005/801/791 1018/782/766
f 1074/6/2 1030/837/2 1026/1124/2
f 1020/1125/9 1024/1126/9 1023/1127/9
f 1031/841/8 1039/815/8 1037/520/8
f 1060/829/474 1056/821/474 1054/840/474
f 113/1128/1164 102/1129/1164 105/1130/1164
f 1028/1131/6 1031/1132/6 1100/1133/1165
f 1109/895/2 1113/1134/2 1159/1135/2
f 1112/1126/9 1108/1125/9 1115/1136/9
f 1114/1124/2 1161/5/2 1158/1137/2
f 22/1138/2 29/1139/2 15/1140/2
f 1153/812/346 1147/827/346 1141/828/346
f 1241/812/474 1235/827/474 1229/828/474
f 1200/1126/9 1196/1125/9 1203/1136/9
f 1197/895/2 1244/896/2 1205/891/2
f 1234/817/450 1240/832/450 1228/819/450
f 1201/1134/2 1247/1135/2 1246/1137/2
f 1290/1124/2 1332/896/2 1285/895/2
f 1276/1133/1165 1275/1141/6 1207/1132/6
f 1284/1125/9 1287/1127/9 1291/1136/9
f 1146/817/241 1152/832/241 1140/819/241
f 1335/1135/2 1296/1142/2 1289/1134/2
f 1311/543/8 1285/816/8 1309/544/8
f 76/1143/1166 86/1144/1166 85/1145/1166
f 1325/834/7 1318/835/7 1319/836/7
f 1294/837/7 1350/839/7 1351/1146/7
f 1292/1131/7 1364/1133/1167 1365/1147/7
f 1338/6/2 1337/5/2 1290/1124/2
f 190/99/1168 191/98/1169 169/127/1169
f 1412/876/9 1415/879/9 1414/1148/9
f 1407/892/3 1394/893/3 1381/894/3
f 1391/45/7 1416/21/7 1388/22/7
f 1413/1122/9 1409/869/9 1411/941/9
f 1382/884/8 1387/885/8 1404/889/8
f 1417/860/1170 1419/271/1170 1425/292/1170
f 1420/510/1171 1421/937/1171 1423/938/1171
f 1418/1149/2 1403/1150/2 1388/1151/2
f 1468/876/9 1471/879/9 1466/887/9
f 1427/873/1172 1402/888/1172 1405/874/1172
f 1372/270/8 1413/1152/8 1400/1153/8
f 1393/867/1173 1426/851/1173 1415/515/1173
f 1450/893/3 1463/892/3 1437/894/3
f 1477/391/1174 1434/850/1174 1432/852/1174
f 1438/862/7 1464/861/7 1469/1152/7
f 1435/511/1175 1479/393/1175 1476/392/1175
f 1434/850/2 1477/1154/2 1461/518/2
f 1524/876/9 1527/879/9 1522/887/9
f 1474/1149/2 1444/1151/2 1459/1150/2
f 1461/874/1172 1458/888/1172 1483/873/1172
f 1492/875/8 1524/876/8 1522/887/8
f 1449/867/808 1451/514/808 1471/515/808
f 1506/893/8 1519/892/8 1493/894/8
f 1420/510/1176 1379/511/1177 1377/512/1176
f 1533/391/1178 1490/850/1178 1488/852/1178
f 1526/866/6 1495/865/6 1519/864/6
f 1494/862/6 1520/861/6 1525/1152/6
f 1525/1122/9 1521/869/9 1528/1123/9
f 1491/511/1179 1535/393/1179 1532/392/1179
f 1491/511/6 1539/873/6 1514/888/6
f 1535/1155/2 1517/518/2 1507/517/2
f 1581/1122/9 1577/869/9 1579/941/9
f 1530/1149/2 1500/1151/2 1515/1150/2
f 1517/874/1180 1514/888/1180 1539/873/1180
f 1505/867/856 1507/514/856 1527/515/856
f 1585/1156/2 1571/1150/2 1556/1151/2
f 1548/875/8 1580/876/8 1551/877/8
f 1573/874/7 1575/864/7 1551/865/7
f 1189/1147/7 1116/1131/7 1190/1157/7
f 1580/876/9 1583/879/9 1582/1148/9
f 1398/513/7 1395/514/7 1415/515/7
f 691/541/865 693/526/865 690/522/865
f 1585/860/1181 1587/271/1181 1593/292/1181
f 1547/511/7 1595/873/7 1545/512/7
f 1595/873/1180 1570/888/1180 1573/874/1180
f 1540/270/3 1581/1152/3 1568/1153/3
f 1561/867/1182 1594/851/1182 1583/515/1182
f 1314/823/450 1308/809/450 1310/843/450
f 115/1/1 107/1158/1 101/2/1
f 1202/1124/2 1206/837/2 1244/896/2
f 1202/1124/2 1244/896/2 1248/1159/2
f 1211/1160/2 1208/1142/2 1198/4/2
f 1198/4/2 1202/1124/2 1248/1159/2
f 1249/5/2 1245/1161/2 1201/1134/2
f 1198/4/2 1248/1159/2 1249/5/2
f 1247/1135/2 1211/1160/2 1198/4/2
f 1251/1162/2 1247/1135/2 1198/4/2
f 1249/5/2 1201/1134/2 1246/1137/2
f 1250/6/2 1251/1162/2 1198/4/2
f 1249/5/2 1246/1137/2 1250/6/2
f 102/7/3 95/31/3 93/3/3
f 87/9/4 88/1163/4 78/10/4
f 90/12/5 73/30/5 74/13/5
f 81/15/2 91/1164/2 92/16/2
f 82/18/6 80/1165/6 78/19/6
f 1556/22/6 1555/1166/6 1552/1167/6
f 1552/1167/6 1557/1168/6 1559/45/6
f 1560/23/6 1558/1169/6 1553/870/6
f 1556/22/6 1552/1167/6 1559/45/6
f 1560/23/6 1553/870/6 1577/869/6
f 1556/22/6 1559/45/6 1560/23/6
f 1560/23/6 1577/869/6 1584/21/6
f 79/24/7 81/15/7 83/17/7
f 104/26/8 103/1170/8 94/27/8
f 84/20/2 88/1163/2 87/9/2
f 72/29/6 69/1171/6 74/13/6
f 86/1172/9 80/1173/9 79/1174/9
f 79/1174/9 94/27/9 116/34/9
f 79/1174/9 116/34/9 67/919/9
f 86/1172/9 79/1174/9 67/919/9
f 68/1175/9 115/1/9 93/3/9
f 86/1172/9 67/919/9 68/1175/9
f 85/1176/9 86/1172/9 68/1175/9
f 68/1175/9 93/3/9 95/31/9
f 95/31/9 113/1128/9 69/40/9
f 69/40/9 72/1177/9 90/43/9
f 69/40/9 90/43/9 89/32/9
f 85/1176/9 68/1175/9 95/31/9
f 78/1178/9 85/1176/9 95/31/9
f 95/31/9 69/40/9 89/32/9
f 77/33/9 78/1178/9 95/31/9
f 116/34/10 94/27/10 103/35/10
f 106/37/8 108/49/8 100/38/8
f 97/42/7 70/1179/7 69/40/7
f 69/40/7 113/1128/7 105/41/7
f 94/27/9 79/1174/9 90/43/9
f 90/43/9 72/1177/9 114/44/9
f 114/44/9 96/28/9 94/27/9
f 1472/21/6 1465/869/6 1441/870/6
f 1441/870/6 1446/1169/6 1448/23/6
f 1447/45/6 1445/1168/6 1440/1167/6
f 1472/21/6 1441/870/6 1448/23/6
f 1447/45/6 1440/1167/6 1443/1166/6
f 1472/21/6 1448/23/6 1447/45/6
f 1447/45/6 1443/1166/6 1444/22/6
f 110/46/7 109/1180/7 62/47/7
f 108/49/2 106/37/2 103/50/2
f 36/52/2 37/1181/2 35/53/2
f 32/994/2 48/1182/2 42/1183/2
f 32/994/2 42/1183/2 38/55/2
f 165/57/2 166/993/1183 32/994/2
f 40/1184/2 164/1185/2 165/57/2
f 43/1186/2 44/1187/2 40/1184/2
f 39/56/2 43/1186/2 40/1184/2
f 165/57/2 32/994/2 38/55/2
f 39/56/2 40/1184/2 165/57/2
f 650/58/11 666/492/1184 669/59/12
f 212/64/17 211/110/65 206/65/18
f 203/94/48 204/1188/100 200/95/49
f 945/101/56 958/730/722 959/102/57
f 141/106/61 142/1189/101 138/107/62
f 139/108/63 140/61/14 136/63/16
f 467/150/97 508/301/1185 509/151/98
f 204/153/100 212/1190/17 205/154/19
f 142/156/101 193/1191/173 189/157/102
f 241/161/2 247/1192/2 248/1193/2
f 248/1193/2 242/1194/2 237/1195/2
f 248/1193/2 237/1195/2 233/1196/2
f 240/1197/2 227/1198/2 241/161/2
f 241/161/2 248/1193/2 233/1196/2
f 234/159/2 238/1199/2 239/1200/2
f 241/161/2 233/1196/2 234/159/2
f 236/1201/2 240/1197/2 241/161/2
f 234/159/2 239/1200/2 235/160/2
f 235/160/2 236/1201/2 241/161/2
f 30/1202/6 110/1203/6 282/162/6
f 282/162/6 57/1204/6 117/163/6
f 117/163/6 33/1205/1186 37/1181/2
f 36/52/6 30/1202/6 282/162/6
f 117/163/6 37/1181/2 36/52/6
f 334/173/112 327/859/1187 330/174/113
f 472/188/127 506/313/1188 507/189/128
f 387/193/142 365/859/1189 372/203/143
f 369/205/145 371/216/167 362/206/146
f 408/203/153 401/859/1190 404/174/154
f 390/214/164 369/205/145 361/166/147
f 313/193/132 290/859/1187 297/173/112
f 405/205/145 407/216/730 399/206/166
f 193/219/173 194/97/51 190/99/53
f 426/214/164 405/205/145 398/166/147
f 422/193/142 401/859/1190 408/203/153
f 862/240/197 863/1206/1191 837/626/1192
f 837/626/1192 835/622/7 859/241/198
f 859/241/198 857/644/1193 875/1207/1194
f 859/241/198 875/1207/1194 876/1208/1195
f 862/240/197 837/626/1192 859/241/198
f 859/241/198 876/1208/1195 861/239/196
f 996/1209/1196 997/261/1197 965/753/1198
f 965/753/1198 964/750/6 991/244/201
f 991/244/201 988/776/6 986/774/1076
f 986/774/1076 1007/1210/1199 1008/1211/1200
f 991/244/201 986/774/1076 1008/1211/1200
f 996/1209/1196 965/753/1198 991/244/201
f 1010/243/200 996/1209/1196 991/244/201
f 991/244/201 1008/1211/1200 1009/242/199
f 883/245/202 893/316/1201 894/246/203
f 201/249/207 202/104/59 198/105/60
f 942/1212/1202 943/793/1203 916/1106/1204
f 916/1106/1204 914/704/7 913/263/222
f 913/263/222 911/701/7 908/697/1205
f 908/697/1205 933/1107/1206 936/1213/1207
f 908/697/1205 936/1213/1207 937/1214/1208
f 942/1212/1202 916/1106/1204 913/263/222
f 941/1215/1209 942/1212/1202 913/263/222
f 908/697/1205 937/1214/1208 938/1216/1210
f 908/697/1205 938/1216/1210 939/261/220
f 940/262/221 941/1215/1209 913/263/222
f 913/263/222 908/697/1205 939/261/220
f 711/264/223 712/1062/1211 699/265/224
f 316/214/138 294/164/103 286/166/105
f 1375/269/230 1386/1217/7 1372/270/231
f 12/272/2 13/1218/2 11/273/2
f 569/276/239 570/386/335 562/281/240
f 441/283/6 450/1219/6 454/284/6
f 440/289/2 439/1049/2 435/290/2
f 1537/292/245 1529/860/1212 1530/293/246
f 492/305/255 493/1044/913 475/306/256
f 892/314/263 902/696/689 903/315/264
f 616/326/275 617/1055/957 601/327/276
f 564/349/6 571/1220/6 574/347/6
f 574/347/6 566/1221/6 563/348/6
f 459/353/3 438/1222/3 434/354/3
f 570/385/7 575/1223/7 565/285/7
f 563/348/3 562/283/3 565/285/3
f 1477/391/340 1478/882/1213 1476/392/341
f 459/353/346 458/355/346 457/397/346
f 584/399/8 577/1224/8 576/400/8
f 576/402/2 577/1225/2 581/398/2
f 580/353/8 559/1222/8 555/354/8
f 607/339/6 609/446/6 611/450/6
f 611/450/6 659/459/6 658/1226/6
f 611/450/6 658/1226/6 655/1227/6
f 605/335/6 607/339/6 611/450/6
f 601/327/6 603/434/6 605/335/6
f 597/306/6 599/328/6 601/327/6
f 594/1053/6 596/424/6 597/306/6
f 590/414/6 592/418/6 594/1053/6
f 586/409/6 588/412/6 590/414/6
f 647/1228/6 645/1229/6 586/409/6
f 647/1228/6 586/409/6 590/414/6
f 590/414/6 594/1053/6 597/306/6
f 597/306/6 601/327/6 605/335/6
f 605/335/6 611/450/6 655/1227/6
f 605/335/6 655/1227/6 654/403/6
f 647/1228/6 590/414/6 597/306/6
f 649/1230/6 647/1228/6 597/306/6
f 597/306/6 605/335/6 654/403/6
f 651/404/6 649/1230/6 597/306/6
f 308/184/123 304/183/122 303/187/126
f 628/430/372 627/1052/948 588/412/351
f 482/435/378 515/333/917 513/323/272
f 628/1231/6 625/1232/6 579/1233/6
f 579/1233/6 555/1234/6 556/1033/6
f 556/1033/6 560/1235/6 567/455/6
f 567/455/6 573/1236/6 569/1237/6
f 678/1034/6 554/1238/6 624/1239/6
f 567/455/6 569/1237/6 678/1034/6
f 628/1231/6 579/1233/6 556/1033/6
f 627/1240/6 628/1231/6 556/1033/6
f 678/1034/6 624/1239/6 623/1241/6
f 678/1034/6 623/1241/6 622/1242/6
f 621/1243/6 627/1240/6 556/1033/6
f 620/1244/6 621/1243/6 556/1033/6
f 567/455/6 678/1034/6 622/1242/6
f 567/455/6 622/1242/6 617/1245/6
f 619/1246/6 620/1244/6 556/1033/6
f 619/1246/6 556/1033/6 567/455/6
f 567/455/6 617/1245/6 616/1247/6
f 567/455/6 616/1247/6 615/453/6
f 618/454/6 619/1246/6 567/455/6
f 54/456/2 55/1248/2 231/457/2
f 611/450/6 614/407/6 586/409/6
f 586/409/6 645/1229/6 659/459/6
f 593/420/7 591/190/7 589/302/7
f 589/302/7 646/1249/7 648/1250/7
f 589/302/7 648/1250/7 650/460/7
f 595/422/7 593/420/7 589/302/7
f 600/428/7 598/426/7 595/422/7
f 604/431/7 602/1054/7 600/428/7
f 653/1251/7 656/1252/7 604/431/7
f 652/461/7 653/1251/7 604/431/7
f 604/431/7 600/428/7 595/422/7
f 595/422/7 589/302/7 650/460/7
f 652/461/7 604/431/7 595/422/7
f 1257/462/6 1256/1253/6 1223/463/6
f 1223/463/6 1205/891/6 1258/464/6
f 952/468/398 962/733/725 954/469/399
f 402/482/412 396/846/795 397/171/413
f 748/495/432 749/507/521 743/496/433
f 699/265/435 715/525/1214 717/498/436
f 725/503/439 722/529/492 721/499/440
f 707/266/439 699/265/492 700/505/440
f 708/495/442 714/497/1215 703/496/443
f 708/495/445 709/507/499 705/508/446
f 1588/510/448 1591/938/449 1547/511/449
f 1567/1254/6 1565/1255/6 1549/1256/6
f 1549/1256/6 1562/1257/6 1563/514/6
f 1583/515/6 1578/887/6 1548/875/6
f 1548/875/6 1564/1258/6 1566/513/6
f 1567/1254/6 1549/1256/6 1563/514/6
f 1583/515/6 1548/875/6 1566/513/6
f 1566/513/6 1567/1254/6 1563/514/6
f 1573/518/2 1570/1259/2 1547/1260/2
f 1573/518/2 1547/1260/2 1591/1051/2
f 1562/893/2 1574/1261/2 1573/518/2
f 1546/850/2 1561/867/2 1563/517/2
f 1563/517/2 1562/893/2 1573/518/2
f 1573/518/2 1591/1051/2 1589/516/2
f 1589/516/2 1546/850/2 1563/517/2
f 1131/519/450 1127/815/450 1125/520/450
f 710/522/451 711/541/1078 707/523/452
f 715/525/454 712/545/1216 714/497/455
f 714/497/457 712/545/1217 713/526/458
f 718/500/460 703/496/1218 713/526/461
f 702/502/463 718/500/1219 716/527/464
f 719/265/463 735/525/1219 737/498/464
f 685/503/467 684/504/1220 681/499/468
f 372/203/143 365/859/1189 368/530/470
f 745/508/471 749/507/1078 748/495/472
f 580/353/474 579/355/474 578/397/474
f 64/531/475 63/900/475 65/532/475
f 730/522/445 731/541/499 727/523/446
f 1128/534/474 1124/811/474 1126/535/474
f 735/525/476 732/545/1221 734/497/477
f 734/497/479 732/545/1222 733/526/480
f 738/500/482 723/496/1223 733/526/483
f 722/502/435 738/500/1214 736/527/436
f 757/498/486 755/525/1214 739/265/487
f 745/503/490 744/504/1224 741/499/491
f 687/266/490 686/506/1224 680/505/491
f 796/1262/1225 797/1098/1226 773/559/1227
f 773/559/1227 771/1082/6 769/540/495
f 769/540/495 768/556/6 766/554/1083
f 766/554/1083 792/1263/1228 786/1264/1229
f 766/554/1083 786/1264/1229 794/538/493
f 796/1262/1225 773/559/1227 769/540/495
f 795/539/494 796/1262/1225 769/540/495
f 769/540/495 766/554/1083 794/538/493
f 685/508/496 689/507/499 688/495/497
f 1503/45/7 1501/1168/7 1496/1167/7
f 1496/1167/7 1499/1166/7 1500/22/7
f 1528/21/7 1521/869/7 1497/870/7
f 1497/870/7 1502/1169/7 1504/23/7
f 1503/45/7 1496/1167/7 1500/22/7
f 1528/21/7 1497/870/7 1504/23/7
f 1504/23/7 1503/45/7 1500/22/7
f 750/522/497 746/524/498 747/523/496
f 1049/542/346 1051/844/346 1047/543/346
f 755/525/500 757/498/456 754/497/501
f 753/526/503 752/545/1222 754/497/504
f 758/500/506 756/527/462 753/526/507
f 756/527/509 758/500/1219 742/502/510
f 696/527/486 698/500/1214 682/502/487
f 176/121/1230 198/105/1230 199/96/1230
f 175/124/9 176/121/1230 199/96/1230
f 136/63/1231 129/68/1231 130/926/1232
f 135/109/1233 136/63/1231 130/926/1232
f 174/945/1234 175/124/9 199/96/1230
f 174/945/1234 199/96/1230 200/155/1234
f 135/109/1233 130/926/1232 182/787/1235
f 208/113/1235 135/109/1233 182/787/1235
f 185/951/1236 174/945/1234 200/155/1234
f 185/951/1236 200/155/1234 205/66/1234
f 208/113/1235 182/787/1235 183/136/9
f 207/111/515 208/113/1235 183/136/9
f 184/133/515 185/951/1236 205/66/1234
f 184/133/515 205/66/1234 206/65/514
f 207/111/515 183/136/9 184/133/515
f 747/266/467 746/506/1220 740/505/468
f 727/266/516 719/265/469 720/505/517
f 728/495/519 734/497/1237 723/496/520
f 728/495/451 729/507/1078 725/508/452
f 905/548/524 904/1265/1238 903/1266/1239
f 903/1266/1239 902/1267/1240 901/546/522
f 901/546/522 900/1268/1241 899/547/523
f 899/547/523 906/1269/1242 905/548/524
f 905/548/524 903/1266/1239 901/546/522
f 604/431/374 606/438/381 641/437/380
f 683/496/578 694/497/1243 688/495/579
f 844/608/582 843/633/609 841/609/583
f 430/615/589 425/233/988 424/231/219
f 779/564/607 777/562/6 775/630/605
f 775/630/605 773/559/1227 797/1098/1226
f 775/630/605 797/1098/1226 798/1270/1244
f 801/1271/1245 781/566/1246 779/564/607
f 800/1272/1247 801/1271/1245 779/564/607
f 775/630/605 798/1270/1244 787/1273/1248
f 799/631/606 800/1272/1247 779/564/607
f 775/630/605 787/1273/1248 799/631/606
f 840/628/1249 837/626/1192 863/1206/1191
f 840/628/1249 863/1206/1191 864/1274/1250
f 844/608/638 842/610/7 840/628/1249
f 870/1098/1085 846/634/1087 844/608/638
f 869/1275/1251 870/1098/1085 844/608/638
f 840/628/1249 864/1274/1250 865/1264/1252
f 840/628/1249 865/1264/1252 866/654/636
f 868/1276/1253 869/1275/1251 844/608/638
f 867/655/637 868/1276/1253 844/608/638
f 844/608/638 840/628/1249 866/654/636
f 201/249/207 197/250/208 192/100/55
f 874/1277/1254 875/1207/1194 857/644/1193
f 855/642/648 853/640/7 850/638/649
f 850/638/649 848/636/7 846/634/1087
f 850/638/649 846/634/1087 871/1099/1086
f 874/1277/1254 857/644/1193 855/642/648
f 873/1272/1255 874/1277/1254 855/642/648
f 850/638/649 871/1099/1086 860/1278/1256
f 872/662/650 873/1272/1255 855/642/648
f 850/638/649 860/1278/1256 872/662/650
f 222/669/657 270/982/1257 57/667/655
f 57/667/655 56/984/3 213/668/656
f 803/676/668 788/1279/1258 760/571/1259
f 760/571/1259 785/1083/6 783/568/669
f 783/568/669 781/566/1246 801/1271/1245
f 783/568/669 801/1271/1245 802/677/670
f 803/676/668 760/571/1259 783/568/669
f 428/1280/7 415/1281/7 416/685/7
f 416/685/7 417/1282/7 418/1283/7
f 418/1283/7 429/1284/7 430/1285/7
f 430/1285/7 431/204/7 408/203/7
f 408/203/7 409/1286/7 410/686/7
f 410/686/7 397/1287/7 406/1288/7
f 406/1288/7 407/1008/7 405/687/7
f 405/687/7 426/1289/7 427/1290/7
f 427/1290/7 428/1280/7 416/685/7
f 416/685/7 418/1283/7 430/1285/7
f 430/1285/7 408/203/7 410/686/7
f 410/686/7 406/1288/7 405/687/7
f 405/687/7 427/1290/7 416/685/7
f 416/685/7 430/1285/7 410/686/7
f 946/725/715 947/1291/1260 922/710/1261
f 922/710/1261 920/708/7 918/706/716
f 918/706/716 916/1106/1204 943/793/1203
f 918/706/716 943/793/1203 944/1292/1262
f 946/725/715 922/710/1261 918/706/716
f 918/706/716 944/1292/1262 945/724/714
f 831/736/728 832/620/594 823/619/593
f 407/216/730 406/845/794 400/738/731
f 587/150/7 585/152/7 613/452/7
f 613/452/7 612/447/7 610/444/7
f 610/444/7 608/441/7 606/438/7
f 606/438/7 604/431/7 656/1252/7
f 606/438/7 656/1252/7 657/1293/7
f 613/452/7 610/444/7 606/438/7
f 589/302/7 587/150/7 613/452/7
f 660/781/7 646/1249/7 589/302/7
f 606/438/7 657/1293/7 660/781/7
f 660/781/7 589/302/7 613/452/7
f 7/1294/772 3/1295/1263 1/1296/1264
f 250/972/1265 2/987/1265 182/787/773
f 7/1294/772 1/1296/1264 250/972/1265
f 7/1294/772 250/972/1265 182/787/773
f 182/787/773 130/926/774 6/788/774
f 6/788/774 10/274/9 11/273/772
f 11/273/772 7/1294/772 182/787/773
f 1004/1297/1266 980/767/1267 978/765/1268
f 978/765/1268 976/763/6 974/761/781
f 974/761/781 972/759/6 970/757/782
f 970/757/782 967/755/6 965/753/1198
f 965/753/1198 997/261/1197 998/262/1269
f 970/757/782 965/753/1198 998/262/1269
f 992/1298/1270 1004/1297/1266 978/765/1268
f 1002/1299/1271 992/1298/1270 978/765/1268
f 970/757/782 998/262/1269 999/1300/1272
f 970/757/782 999/1300/1272 1000/1301/1273
f 1002/1299/1271 978/765/1268 974/761/781
f 970/757/782 1000/1301/1273 1001/793/783
f 1001/793/783 1002/1299/1271 974/761/781
f 992/794/784 1003/789/777 1016/790/778
f 1055/805/8 1023/849/8 1033/806/8
f 434/354/346 438/1222/346 437/291/346
f 1028/808/3 1046/843/3 1044/809/3
f 1040/534/474 1042/536/474 1038/535/474
f 1065/812/6 1064/832/6 1052/813/6
f 1043/519/450 1041/521/450 1037/520/450
f 1047/543/3 1029/854/3 1021/816/3
f 1058/817/3 1034/853/3 1024/818/3
f 1022/820/8 1054/840/8 1056/821/8
f 1050/823/3 1051/844/3 1049/542/3
f 1036/811/8 1038/535/8 1026/825/8
f 1059/827/346 1067/848/346 1065/812/346
f 1060/829/8 1061/834/8 1063/830/8
f 1058/817/241 1052/819/241 1064/832/241
f 1061/834/6 1060/829/6 1054/835/6
f 1029/891/1274 1083/1302/6 1084/890/1274
f 1030/837/6 1029/891/1274 1084/890/1274
f 1087/1146/6 1088/1303/6 1030/837/6
f 1086/839/6 1087/1146/6 1030/837/6
f 1030/837/6 1084/890/1274 1085/838/6
f 1124/811/8 1118/826/8 1114/825/8
f 1110/820/8 1120/822/8 1144/821/8
f 1119/841/8 1125/520/8 1127/815/8
f 1116/808/3 1108/810/3 1132/809/3
f 1050/823/241 1048/824/241 1044/809/241
f 1138/823/3 1136/824/3 1137/542/3
f 406/845/794 397/171/413 396/846/795
f 1129/521/8 1128/534/8 1130/536/8
f 751/541/796 752/545/796 753/526/796
f 1123/847/3 1113/855/3 1141/828/3
f 1155/848/3 1153/812/3 1152/832/3
f 1153/812/7 1141/814/7 1140/813/7
f 1143/805/8 1145/807/8 1121/806/8
f 1149/834/7 1143/836/7 1142/835/7
f 1490/850/7 1505/867/7 1538/851/7
f 1148/829/474 1142/840/474 1144/821/474
f 1148/829/8 1150/831/8 1151/830/8
f 1151/830/450 1145/807/450 1143/805/450
f 1146/817/3 1140/819/3 1112/818/3
f 1198/820/3 1208/822/3 1232/821/3
f 1204/808/8 1196/810/8 1220/809/8
f 1138/823/241 1134/843/241 1132/809/241
f 1226/823/8 1224/824/8 1225/542/8
f 1216/534/346 1212/811/346 1214/535/346
f 1243/848/8 1241/812/8 1240/832/8
f 1219/519/241 1215/815/241 1213/520/241
f 1223/543/8 1221/544/8 1197/816/8
f 1217/521/3 1216/534/3 1218/536/3
f 1212/811/3 1206/826/3 1202/825/3
f 1237/834/6 1231/836/6 1230/835/6
f 1234/817/8 1228/819/8 1200/818/8
f 1241/812/6 1229/814/6 1228/813/6
f 1236/829/346 1230/840/346 1232/821/346
f 1236/829/3 1238/831/3 1239/830/3
f 1239/830/241 1233/807/241 1231/805/241
f 1231/805/3 1233/807/3 1209/806/3
f 1211/847/8 1201/855/8 1229/828/8
f 1207/841/3 1213/520/3 1215/815/3
f 1300/811/3 1302/535/3 1290/825/3
f 1324/829/3 1325/834/3 1327/830/3
f 1292/808/8 1310/843/8 1308/809/8
f 1226/823/450 1222/843/450 1220/809/450
f 1295/841/3 1291/842/3 1303/815/3
f 1304/534/346 1306/536/346 1302/535/346
f 1305/521/3 1307/519/3 1306/536/3
f 1307/519/241 1305/521/241 1301/520/241
f 1327/830/241 1325/834/241 1319/805/241
f 1313/542/474 1315/844/474 1311/543/474
f 1314/823/8 1315/844/8 1313/542/8
f 1286/820/3 1318/840/3 1320/821/3
f 1319/805/3 1287/849/3 1297/806/3
f 1329/812/7 1328/832/7 1316/813/7
f 1322/817/8 1298/853/8 1288/818/8
f 1299/847/8 1323/827/8 1317/828/8
f 1324/829/346 1326/831/346 1320/821/346
f 1323/827/474 1331/848/474 1329/812/474
f 1322/817/450 1316/819/450 1328/832/450
f 1331/848/8 1330/833/8 1328/832/8
f 1378/850/797 1421/937/797 1422/856/797
f 1428/270/798 1442/1217/6 1431/269/799
f 422/193/6 424/1304/6 425/1305/6
f 425/1305/6 423/1306/6 414/1307/6
f 414/1307/6 411/1308/6 412/857/6
f 412/857/6 413/1309/6 419/1310/6
f 419/1310/6 420/1311/6 421/1312/6
f 421/1312/6 398/1313/6 399/1314/6
f 399/1314/6 400/1315/6 396/858/6
f 396/858/6 402/1316/6 403/1004/6
f 403/1004/6 404/1317/6 401/859/6
f 401/859/6 422/193/6 425/1305/6
f 425/1305/6 414/1307/6 412/857/6
f 412/857/6 419/1310/6 421/1312/6
f 421/1312/6 399/1314/6 396/858/6
f 396/858/6 403/1004/6 401/859/6
f 401/859/6 425/1305/6 412/857/6
f 412/857/6 421/1312/6 396/858/6
f 1403/863/6 1413/1152/6 1411/1318/6
f 1403/863/6 1411/1318/6 1408/861/6
f 1382/862/6 1404/1319/6 1403/863/6
f 1414/866/6 1405/874/6 1406/1320/6
f 1414/866/6 1406/1320/6 1407/864/6
f 1383/865/6 1412/883/6 1414/866/6
f 1378/850/7 1376/852/7 1426/851/7
f 1408/868/8 1411/941/8 1409/869/8
f 1481/292/804 1473/860/1275 1474/293/805
f 1436/875/6 1466/887/6 1471/515/6
f 1451/514/6 1450/1257/6 1437/1256/6
f 1437/1256/6 1453/1255/6 1455/1254/6
f 1454/513/6 1452/1258/6 1436/875/6
f 1451/514/6 1437/1256/6 1455/1254/6
f 1454/513/6 1436/875/6 1471/515/6
f 1451/514/6 1455/1254/6 1454/513/6
f 1380/875/3 1410/887/3 1412/876/3
f 1429/872/230 1457/1321/7 1456/878/231
f 1471/879/809 1470/1148/1276 1483/880/810
f 1484/270/812 1498/1217/7 1487/269/813
f 1576/868/3 1579/941/3 1577/869/3
f 1463/864/7 1462/1320/7 1461/874/7
f 1461/874/7 1470/866/7 1468/883/7
f 1439/865/7 1463/864/7 1461/874/7
f 1438/884/8 1460/889/8 1443/885/8
f 1436/875/3 1439/877/3 1468/876/3
f 1533/391/820 1534/882/1277 1532/392/821
f 1593/292/823 1592/294/247 1586/293/824
f 1485/872/828 1513/1321/6 1512/878/829
f 1527/879/832 1526/1148/1278 1539/880/833
f 1543/269/828 1554/1217/6 1540/270/829
f 1434/850/6 1449/867/6 1482/851/6
f 1494/884/3 1516/889/3 1499/885/3
f 1435/511/7 1433/512/7 1483/873/7
f 1425/292/840 1424/294/806 1418/293/841
f 1568/878/812 1569/1321/7 1541/872/813
f 1550/884/3 1552/886/3 1555/885/3
f 1595/880/846 1582/1148/1278 1583/879/847
f 1400/878/798 1401/1321/6 1373/872/799
f 1493/1256/7 1509/1255/7 1511/1254/7
f 1510/513/7 1508/1258/7 1492/875/7
f 1506/1257/7 1493/1256/7 1511/1254/7
f 1510/513/7 1492/875/7 1522/887/7
f 1507/514/7 1506/1257/7 1511/1254/7
f 1510/513/7 1522/887/7 1527/515/7
f 1507/514/7 1511/1254/7 1510/513/7
f 1192/1322/7 1191/1323/7 1116/1131/7
f 1134/1324/7 1138/823/7 1139/844/7
f 1192/1322/7 1116/1131/7 1134/1324/7
f 1193/1325/7 1192/1322/7 1134/1324/7
f 1134/1324/7 1139/844/7 1135/463/7
f 1124/1326/7 1128/534/7 1129/521/7
f 1124/1326/7 1129/521/7 1125/1327/7
f 1194/1328/7 1193/1325/7 1134/1324/7
f 1195/1329/7 1194/1328/7 1134/1324/7
f 1195/1329/7 1134/1324/7 1135/463/7
f 1164/1330/1279 1195/1329/7 1135/463/7
f 1119/1132/7 1188/1133/7 1187/1141/7
f 1119/1132/7 1187/1141/7 1186/1331/7
f 1125/1327/7 1119/1132/7 1186/1331/7
f 1125/1327/7 1186/1331/7 1185/1332/7
f 1125/1327/7 1185/1332/7 1184/1333/7
f 1125/1327/7 1184/1333/7 1183/1334/7
f 1125/1327/7 1183/1334/7 1182/1335/7
f 1125/1327/7 1182/1335/7 1181/1336/7
f 1124/1326/7 1125/1327/7 1181/1336/7
f 1124/1326/7 1181/1336/7 1180/1337/1280
f 1164/1330/1279 1135/463/7 1117/891/7
f 1165/1338/7 1164/1330/1279 1117/891/7
f 1118/837/7 1124/1326/7 1180/1337/1280
f 1118/837/7 1180/1337/1280 1179/1339/7
f 1166/1340/7 1165/1338/7 1117/891/7
f 1167/1341/7 1166/1340/7 1117/891/7
f 1118/837/7 1179/1339/7 1178/1342/7
f 1118/837/7 1178/1342/7 1177/1343/7
f 1168/1253/7 1167/1341/7 1117/891/7
f 1169/462/7 1168/1253/7 1117/891/7
f 1118/837/7 1177/1343/7 1176/1303/7
f 1118/837/7 1176/1303/7 1175/1146/7
f 1170/464/7 1169/462/7 1117/891/7
f 1171/1302/7 1170/464/7 1117/891/7
f 1118/837/7 1175/1146/7 1174/839/7
f 1118/837/7 1174/839/7 1173/838/7
f 1172/890/849 1171/1302/7 1117/891/7
f 1118/837/7 1173/838/7 1172/890/849
f 1546/850/851 1589/937/851 1590/856/851
f 1571/863/7 1581/1152/7 1579/1318/7
f 1571/863/7 1579/1318/7 1576/861/7
f 1550/862/7 1572/1319/7 1571/863/7
f 1575/892/8 1574/1261/8 1562/893/8
f 1546/850/6 1544/852/6 1594/851/6
f 1069/1161/2 1073/5/2 1070/1137/2
f 1070/1137/2 1071/1135/2 1035/1160/2
f 1070/1137/2 1035/1160/2 1025/1134/2
f 1069/1161/2 1070/1137/2 1025/1134/2
f 1021/895/2 1029/891/2 1030/837/2
f 1069/1161/2 1025/1134/2 1021/895/2
f 1030/837/2 1072/1159/2 1068/896/2
f 1068/896/2 1069/1161/2 1021/895/2
f 871/590/642 883/658/641 884/666/654
f 1444/22/8 1442/1217/8 1428/898/8
f 1456/878/8 1457/1321/8 1459/863/8
f 1456/878/8 1459/863/8 1469/1122/8
f 1472/21/8 1444/22/8 1428/898/8
f 1456/878/8 1469/1122/8 1472/21/8
f 705/503/516 702/529/469 701/499/517
f 112/899/6 111/1344/6 63/900/6
f 75/901/7 76/1143/7 68/902/7
f 105/904/3 107/925/3 98/905/3
f 114/44/7 72/1177/7 71/907/7
f 71/907/7 100/1345/7 108/908/7
f 76/1346/3 85/913/3 88/909/857
f 84/910/3 78/914/3 77/915/3
f 84/910/3 77/915/3 83/1347/3
f 92/917/3 89/916/3 74/1348/3
f 69/1349/3 70/1350/3 62/1351/3
f 62/1351/3 109/1352/6 284/911/3
f 284/911/3 60/1353/3 112/1354/3
f 112/1354/3 64/1355/3 66/1356/3
f 112/1354/3 66/1356/3 68/1357/3
f 69/1349/3 62/1351/3 284/911/3
f 74/1348/3 69/1349/3 284/911/3
f 112/1354/3 68/1357/3 76/1346/3
f 284/911/3 112/1354/3 76/1346/3
f 92/917/3 74/1348/3 284/911/3
f 83/1347/3 92/917/3 284/911/3
f 284/911/3 76/1346/3 88/909/857
f 84/910/3 83/1347/3 284/911/3
f 114/44/858 108/1358/858 104/912/858
f 70/918/859 71/1359/859 61/48/859
f 99/921/6 65/1360/6 67/919/6
f 67/919/6 116/34/6 106/920/6
f 115/1/6 68/1175/6 66/922/6
f 66/922/6 98/1361/6 107/923/6
f 1512/878/3 1513/1321/3 1515/863/3
f 1512/878/3 1515/863/3 1525/1122/3
f 1500/22/3 1498/1217/3 1484/898/3
f 1512/878/3 1525/1122/3 1528/21/3
f 1528/21/3 1500/22/3 1484/898/3
f 102/924/2 101/1362/2 107/925/2
f 281/1363/2 279/1364/2 276/983/2
f 276/983/2 217/971/2 215/1365/2
f 215/1365/2 272/1366/2 274/929/2
f 275/930/2 273/1367/2 216/970/2
f 276/983/2 215/1365/2 274/929/2
f 275/930/2 216/970/2 5/1368/2
f 281/1363/2 276/983/2 274/929/2
f 277/967/2 278/1369/2 280/1370/2
f 265/1371/2 251/1372/2 9/965/2
f 9/965/2 277/967/2 280/1370/2
f 261/1373/2 265/1371/2 9/965/2
f 257/1374/2 261/1373/2 9/965/2
f 257/1374/2 9/965/2 280/1370/2
f 255/1375/2 259/1376/2 256/1377/2
f 256/1377/2 257/1374/2 280/1370/2
f 255/1375/2 256/1377/2 280/1370/2
f 156/931/2 157/1378/2 255/1375/2
f 162/146/2 155/1379/2 156/931/2
f 160/1380/2 161/1381/1281 162/146/2
f 228/991/2 159/120/1183 160/1380/2
f 237/1195/2 242/1194/2 228/991/2
f 239/1200/2 238/1199/2 237/1195/2
f 5/1368/2 227/1198/2 240/1197/2
f 5/1368/2 240/1197/2 239/1200/2
f 275/930/2 5/1368/2 239/1200/2
f 237/1195/2 228/991/2 160/1380/2
f 275/930/2 239/1200/2 237/1195/2
f 275/930/2 237/1195/2 160/1380/2
f 160/1380/2 162/146/2 156/931/2
f 156/931/2 255/1375/2 280/1370/2
f 156/931/2 280/1370/2 281/1363/2
f 275/930/2 160/1380/2 156/931/2
f 156/931/2 281/1363/2 274/929/2
f 710/522/865 713/526/865 712/545/865
f 99/39/2 100/38/2 71/1382/2
f 70/932/2 97/906/2 98/905/2
f 99/39/2 71/1382/2 70/932/2
f 65/934/2 99/39/2 70/932/2
f 70/932/2 98/905/2 66/933/2
f 1588/510/868 1590/856/868 1589/937/868
f 819/939/869 820/602/1282 808/601/870
f 1520/868/3 1497/870/3 1521/869/3
f 87/955/1283 86/954/8 75/1383/8
f 67/1384/8 65/1385/8 63/900/8
f 75/1383/8 67/1384/8 63/900/8
f 111/1344/8 283/1386/8 282/959/8
f 75/1383/8 63/900/8 111/1344/8
f 75/1383/8 111/1344/8 282/959/8
f 282/959/8 110/46/1284 61/48/8
f 61/48/8 71/1387/8 72/1388/8
f 73/1389/8 90/956/8 91/958/8
f 61/48/8 72/1388/8 73/1389/8
f 87/955/1283 75/1383/8 282/959/8
f 79/957/8 80/1390/8 82/961/8
f 82/961/8 87/955/1283 282/959/8
f 282/959/8 61/48/8 73/1389/8
f 282/959/8 73/1389/8 91/958/8
f 81/960/8 79/957/8 82/961/8
f 282/959/8 91/958/8 81/960/8
f 163/964/2 164/1185/2 40/1184/2
f 163/964/2 40/1184/2 41/1391/2
f 121/1392/2 122/149/2 163/964/2
f 119/67/2 120/1393/1285 121/1392/2
f 23/1394/2 6/788/2 119/67/2
f 14/1395/2 29/1139/2 23/1394/2
f 18/1396/2 14/1395/2 23/1394/2
f 23/1394/2 119/67/2 121/1392/2
f 44/1187/2 43/1186/2 42/1183/2
f 42/1183/2 48/1182/2 50/1397/2
f 50/1397/2 51/1398/2 49/1399/2
f 49/1399/2 33/1205/2 117/981/2
f 270/982/2 223/1400/2 225/962/2
f 117/981/2 270/982/2 225/962/2
f 226/963/2 224/1401/2 222/669/2
f 226/963/2 222/669/2 213/668/2
f 271/1402/2 218/1403/2 220/1404/2
f 226/963/2 213/668/2 271/1402/2
f 226/963/2 271/1402/2 220/1404/2
f 221/1405/2 219/1406/2 214/986/2
f 221/1405/2 214/986/2 118/1407/2
f 118/1407/2 4/996/2 22/1138/2
f 22/1138/2 17/1408/2 21/1409/2
f 20/1410/2 16/1411/2 15/1140/2
f 118/1407/2 22/1138/2 21/1409/2
f 20/1410/2 15/1140/2 19/1412/2
f 118/1407/2 21/1409/2 20/1410/2
f 221/1405/2 118/1407/2 20/1410/2
f 20/1410/2 19/1412/2 18/1396/2
f 18/1396/2 23/1394/2 121/1392/2
f 44/1187/2 42/1183/2 50/1397/2
f 221/1405/2 20/1410/2 18/1396/2
f 45/1413/2 44/1187/2 50/1397/2
f 221/1405/2 18/1396/2 121/1392/2
f 45/1413/2 50/1397/2 49/1399/2
f 45/1413/2 49/1399/2 117/981/2
f 41/1391/2 45/1413/2 117/981/2
f 41/1391/2 117/981/2 225/962/2
f 221/1405/2 121/1392/2 163/964/2
f 220/1404/2 221/1405/2 163/964/2
f 163/964/2 41/1391/2 225/962/2
f 226/963/2 220/1404/2 163/964/2
f 250/972/2 1/1296/2 252/973/2
f 243/1414/2 245/1415/2 246/1416/2
f 244/1417/2 230/1418/2 109/975/2
f 243/1414/2 246/1416/2 244/1417/2
f 31/1419/2 229/1081/2 243/1414/2
f 52/1420/2 53/1421/2 47/977/2
f 47/977/2 31/1419/2 243/1414/2
f 243/1414/2 244/1417/2 109/975/2
f 109/975/2 110/1203/2 30/1202/2
f 46/976/2 52/1420/2 47/977/2
f 109/975/2 30/1202/2 46/976/2
f 47/977/2 243/1414/2 109/975/2
f 3/1295/2 7/1294/2 24/1422/2
f 24/1422/2 26/1423/2 27/1424/2
f 25/978/2 8/1425/2 111/1426/2
f 24/1422/2 27/1424/2 25/978/2
f 263/980/2 3/1295/2 24/1422/2
f 268/1427/2 269/1428/2 263/980/2
f 112/979/2 249/1429/2 262/1430/2
f 262/1430/2 268/1427/2 263/980/2
f 263/980/2 24/1422/2 25/978/2
f 25/978/2 111/1426/2 112/979/2
f 112/979/2 262/1430/2 263/980/2
f 276/983/886 277/967/1286 58/966/884
f 58/966/884 59/968/8 217/971/885
f 862/992/892 877/586/644 878/660/646
f 695/525/894 697/498/478 694/497/895
f 1379/511/6 1402/888/6 1427/873/6
f 118/1407/7 56/1431/7 283/995/7
f 283/995/7 111/1426/7 8/1425/7
f 283/995/7 8/1425/7 13/1218/7
f 4/996/7 118/1407/7 283/995/7
f 283/995/7 13/1218/7 12/272/7
f 265/1371/2 261/1373/2 260/1432/2
f 260/1432/2 256/1377/2 259/1376/2
f 260/1432/2 259/1376/2 258/997/2
f 267/1433/2 265/1371/2 260/1432/2
f 264/998/2 266/1434/2 267/1433/2
f 158/988/2 2/987/2 264/998/2
f 255/1375/2 157/1378/2 158/988/2
f 254/1435/2 255/1375/2 158/988/2
f 264/998/2 267/1433/2 260/1432/2
f 258/997/2 254/1435/2 158/988/2
f 264/998/2 260/1432/2 258/997/2
f 249/1429/7 112/979/7 60/999/7
f 60/999/7 58/1436/7 9/1437/7
f 60/999/7 9/1437/7 251/1372/849
f 252/973/7 249/1429/7 60/999/7
f 60/999/7 251/1372/849 253/974/7
f 463/399/3 456/1224/3 455/400/3
f 227/1198/6 5/1368/6 59/1000/6
f 59/1000/6 284/1438/6 109/975/6
f 59/1000/6 109/975/6 230/1418/6
f 231/457/6 227/1198/6 59/1000/6
f 59/1000/6 230/1418/6 232/458/6
f 443/349/7 453/1439/7 445/1001/7
f 92/16/897 91/1164/897 79/1002/897
f 209/942/1287 210/112/1288 188/119/1289
f 172/81/1290 195/84/1291 194/97/1292
f 172/81/1290 194/97/1292 193/1191/1293
f 209/942/1287 188/119/1289 131/75/1294
f 139/108/1183 209/942/1287 131/75/1294
f 173/82/1295 172/81/1290 193/1191/1293
f 173/82/1295 193/1191/1293 142/1189/1295
f 139/108/1183 131/75/1294 132/74/2
f 140/61/899 139/108/1183 132/74/2
f 134/140/1296 173/82/1295 142/1189/1295
f 134/140/1296 142/1189/1295 141/106/898
f 140/61/899 132/74/2 133/77/899
f 133/77/899 134/140/1296 141/106/898
f 1464/868/8 1441/870/8 1465/869/8
f 1135/543/3 1133/544/3 1109/816/3
f 312/1312/7 286/1313/7 287/1440/7
f 287/1440/7 288/1441/7 289/1442/7
f 289/1442/7 291/1012/7 292/1004/7
f 292/1004/7 293/1317/7 290/859/7
f 290/859/7 313/193/7 314/1443/7
f 314/1443/7 315/1444/7 302/1445/7
f 302/1445/7 303/1446/7 304/1005/7
f 304/1005/7 300/1447/7 301/1448/7
f 301/1448/7 310/1014/7 311/1006/7
f 311/1006/7 312/1312/7 287/1440/7
f 287/1440/7 289/1442/7 292/1004/7
f 292/1004/7 290/859/7 314/1443/7
f 314/1443/7 302/1445/7 304/1005/7
f 304/1005/7 301/1448/7 311/1006/7
f 311/1006/7 287/1440/7 292/1004/7
f 292/1004/7 314/1443/7 304/1005/7
f 306/1449/6 307/1450/6 308/1451/6
f 308/1451/6 309/1452/6 319/1007/6
f 319/1007/6 320/1015/6 321/191/6
f 321/191/6 297/173/6 298/1453/6
f 298/1453/6 299/1454/6 285/1287/6
f 285/1287/6 295/1455/6 296/1008/6
f 296/1008/6 294/1016/6 316/1289/6
f 316/1289/6 317/1456/6 318/1009/6
f 318/1009/6 305/1017/6 306/1449/6
f 306/1449/6 308/1451/6 319/1007/6
f 319/1007/6 321/191/6 298/1453/6
f 298/1453/6 285/1287/6 296/1008/6
f 296/1008/6 316/1289/6 318/1009/6
f 318/1009/6 306/1449/6 319/1007/6
f 319/1007/6 298/1453/6 296/1008/6
f 349/1006/7 350/1312/7 323/1313/7
f 323/1313/7 324/1457/7 325/1458/7
f 325/1458/7 326/1442/7 328/1012/7
f 328/1012/7 329/1004/7 330/1317/7
f 330/1317/7 327/859/7 351/193/7
f 351/193/7 352/1443/7 353/1444/7
f 353/1444/7 340/1459/7 341/1013/7
f 341/1013/7 337/1460/7 338/1447/7
f 338/1447/7 339/1448/7 348/1014/7
f 348/1014/7 349/1006/7 323/1313/7
f 323/1313/7 325/1458/7 328/1012/7
f 328/1012/7 330/1317/7 351/193/7
f 351/193/7 353/1444/7 341/1013/7
f 341/1013/7 338/1447/7 348/1014/7
f 348/1014/7 323/1313/7 328/1012/7
f 328/1012/7 351/193/7 341/1013/7
f 343/1449/6 344/1450/6 345/1461/6
f 345/1461/6 346/1462/6 347/1463/6
f 347/1463/6 357/1007/6 358/1015/6
f 358/1015/6 359/191/6 334/173/6
f 334/173/6 335/1453/6 336/1454/6
f 336/1454/6 322/1287/6 332/1455/6
f 332/1455/6 333/1008/6 331/1016/6
f 331/1016/6 354/1289/6 355/1456/6
f 355/1456/6 356/1009/6 342/1017/6
f 342/1017/6 343/1449/6 345/1461/6
f 345/1461/6 347/1463/6 358/1015/6
f 358/1015/6 334/173/6 336/1454/6
f 336/1454/6 332/1455/6 331/1016/6
f 331/1016/6 355/1456/6 342/1017/6
f 342/1017/6 345/1461/6 358/1015/6
f 358/1015/6 336/1454/6 331/1016/6
f 1035/847/3 1059/827/3 1053/828/3
f 386/1312/6 361/1313/6 362/1314/6
f 362/1314/6 363/1458/6 364/1442/6
f 364/1442/6 366/1464/6 367/1018/6
f 367/1018/6 368/1465/6 365/859/6
f 365/859/6 387/193/6 388/1304/6
f 388/1304/6 389/1305/6 378/1466/6
f 378/1466/6 379/1467/6 375/1019/6
f 375/1019/6 376/1468/6 377/1448/6
f 377/1448/6 384/1469/6 385/1020/6
f 385/1020/6 386/1312/6 362/1314/6
f 362/1314/6 364/1442/6 367/1018/6
f 367/1018/6 365/859/6 388/1304/6
f 388/1304/6 378/1466/6 375/1019/6
f 375/1019/6 377/1448/6 385/1020/6
f 385/1020/6 362/1314/6 367/1018/6
f 367/1018/6 388/1304/6 375/1019/6
f 374/1470/7 360/1287/7 370/1021/7
f 370/1021/7 371/1008/7 369/687/7
f 369/687/7 390/1289/7 391/1290/7
f 391/1290/7 392/1280/7 381/1471/7
f 381/1471/7 382/1472/7 380/1022/7
f 380/1022/7 383/1473/7 393/1474/7
f 393/1474/7 394/1015/7 395/204/7
f 395/204/7 372/203/7 373/1475/7
f 373/1475/7 374/1470/7 370/1021/7
f 370/1021/7 369/687/7 391/1290/7
f 391/1290/7 381/1471/7 380/1022/7
f 380/1022/7 393/1474/7 395/204/7
f 395/204/7 373/1475/7 370/1021/7
f 370/1021/7 391/1290/7 380/1022/7
f 1067/848/3 1066/833/3 1064/832/3
f 467/150/6 519/1476/6 520/1023/6
f 1041/521/8 1043/519/8 1042/536/8
f 436/1028/6 446/1477/6 451/1024/6
f 451/1024/6 448/1478/6 440/1025/6
f 440/1025/6 512/1479/6 513/1026/6
f 513/1026/6 436/1028/6 451/1024/6
f 442/1027/902 445/279/237 446/278/236
f 527/1480/7 525/1230/7 477/321/7
f 477/321/7 479/325/7 481/330/7
f 481/330/7 483/335/7 485/339/7
f 485/339/7 487/343/7 489/295/7
f 489/295/7 465/297/7 535/1481/7
f 489/295/7 535/1481/7 533/1030/7
f 481/330/7 485/339/7 489/295/7
f 527/1480/7 477/321/7 481/330/7
f 529/1482/7 527/1480/7 481/330/7
f 481/330/7 489/295/7 533/1030/7
f 531/1029/7 529/1482/7 481/330/7
f 442/348/8 441/283/8 444/285/8
f 500/1032/7 501/1483/7 458/1233/7
f 458/1233/7 434/1234/7 435/1033/7
f 435/1033/7 439/1235/7 496/1484/7
f 435/1033/7 496/1484/7 502/1485/7
f 500/1032/7 458/1233/7 435/1033/7
f 435/1033/7 502/1485/7 503/1031/7
f 439/1235/7 447/455/7 452/1486/7
f 452/1486/7 449/1237/7 552/1034/7
f 552/1034/7 433/1238/7 461/1487/7
f 461/1487/7 462/1488/7 455/1489/7
f 457/1065/7 458/1233/7 501/1483/7
f 461/1487/7 455/1489/7 457/1065/7
f 439/1235/7 452/1486/7 552/1034/7
f 495/1490/7 496/1484/7 439/1235/7
f 492/1491/7 495/1490/7 439/1235/7
f 461/1487/7 457/1065/7 501/1483/7
f 461/1487/7 501/1483/7 504/1064/7
f 493/1492/7 492/1491/7 439/1235/7
f 491/1493/7 493/1492/7 439/1235/7
f 461/1487/7 504/1064/7 499/1239/7
f 461/1487/7 499/1239/7 498/1035/7
f 491/1493/7 439/1235/7 552/1034/7
f 494/1494/7 491/1493/7 552/1034/7
f 552/1034/7 461/1487/7 498/1035/7
f 497/1036/7 494/1494/7 552/1034/7
f 460/1495/6 456/1496/6 463/1497/6
f 463/1497/6 432/1498/6 436/1028/6
f 436/1028/6 513/1026/6 515/1499/6
f 436/1028/6 515/1499/6 514/1500/6
f 460/1495/6 463/1497/6 436/1028/6
f 437/1039/6 438/1040/6 459/1501/6
f 459/1501/6 460/1495/6 436/1028/6
f 436/1028/6 514/1500/6 516/1502/6
f 459/1501/6 436/1028/6 516/1502/6
f 511/1503/6 512/1479/6 440/1025/6
f 505/1504/6 511/1503/6 440/1025/6
f 459/1501/6 516/1502/6 517/1505/6
f 459/1501/6 517/1505/6 518/1506/6
f 506/1507/6 505/1504/6 440/1025/6
f 507/1508/6 506/1507/6 440/1025/6
f 459/1501/6 518/1506/6 509/1509/6
f 459/1501/6 509/1509/6 508/1037/6
f 507/1508/6 440/1025/6 437/1039/6
f 510/1038/6 507/1508/6 437/1039/6
f 437/1039/6 459/1501/6 508/1037/6
f 455/402/2 456/1225/2 460/398/2
f 632/1042/7 558/1039/7 559/1040/7
f 559/1040/7 634/1510/7 633/1041/7
f 537/372/7 539/381/7 540/384/7
f 540/384/7 542/366/7 543/377/7
f 543/377/7 545/383/7 547/360/7
f 547/360/7 550/375/7 537/372/7
f 537/372/7 540/384/7 543/377/7
f 477/321/7 525/1230/7 522/1046/7
f 521/1511/7 535/1481/7 465/297/7
f 475/306/7 477/321/7 522/1046/7
f 522/1046/7 521/1511/7 465/297/7
f 465/297/7 466/299/7 469/304/7
f 469/304/7 471/309/7 473/307/7
f 473/307/7 475/306/7 522/1046/7
f 522/1046/7 465/297/7 469/304/7
f 551/370/6 549/1047/6 548/357/6
f 548/357/6 546/378/6 544/368/6
f 544/368/6 541/351/6 538/382/6
f 538/382/6 536/363/6 551/370/6
f 551/370/6 548/357/6 544/368/6
f 555/354/474 559/1222/474 558/291/474
f 810/1048/941 822/737/1297 823/619/942
f 558/291/2 561/289/2 560/1049/2
f 1378/850/2 1393/867/2 1395/517/2
f 1395/517/2 1394/893/2 1406/1261/2
f 1405/518/2 1402/1259/2 1379/1260/2
f 1395/517/2 1406/1261/2 1405/518/2
f 1421/516/2 1378/850/2 1395/517/2
f 1405/518/2 1379/1260/2 1423/1051/2
f 1423/1051/2 1421/516/2 1395/517/2
f 558/1039/7 632/1042/7 631/1512/7
f 558/1039/7 631/1512/7 630/1513/7
f 568/1514/7 561/1025/7 558/1039/7
f 557/1028/7 572/1515/7 568/1514/7
f 584/1497/7 553/1498/7 557/1028/7
f 581/1495/7 577/1496/7 584/1497/7
f 634/1510/7 559/1040/7 580/1501/7
f 581/1495/7 584/1497/7 557/1028/7
f 635/1516/7 634/1510/7 580/1501/7
f 580/1501/7 581/1495/7 557/1028/7
f 568/1514/7 558/1039/7 630/1513/7
f 568/1514/7 630/1513/7 637/1517/7
f 644/1518/7 635/1516/7 580/1501/7
f 643/1519/7 644/1518/7 580/1501/7
f 568/1514/7 637/1517/7 636/1520/7
f 568/1514/7 636/1520/7 638/1521/7
f 642/1522/7 643/1519/7 580/1501/7
f 642/1522/7 580/1501/7 557/1028/7
f 557/1028/7 568/1514/7 638/1521/7
f 557/1028/7 638/1521/7 639/1523/7
f 640/1057/7 642/1522/7 557/1028/7
f 557/1028/7 639/1523/7 641/1056/7
f 673/466/7 671/490/7 669/59/7
f 669/59/7 666/492/7 664/382/7
f 664/382/7 661/487/7 677/1058/7
f 677/1058/7 675/467/7 673/466/7
f 673/466/7 669/59/7 664/382/7
f 1063/830/450 1061/834/450 1055/805/450
f 665/493/6 667/476/6 668/489/6
f 668/489/6 670/1060/6 672/1059/6
f 672/1059/6 674/473/6 676/479/6
f 676/479/6 662/486/6 663/485/6
f 663/485/6 665/493/6 668/489/6
f 668/489/6 672/1059/6 676/479/6
f 751/264/982 747/266/1298 739/265/983
f 710/1063/985 706/1072/1299 700/528/986
f 629/1064/6 624/1239/6 554/1238/6
f 554/1238/6 582/1487/6 583/1488/6
f 583/1488/6 576/1489/6 578/1065/6
f 579/1233/6 625/1232/6 626/1066/6
f 554/1238/6 583/1488/6 578/1065/6
f 578/1065/6 579/1233/6 626/1066/6
f 629/1064/6 554/1238/6 578/1065/6
f 430/615/589 429/256/214 423/258/216
f 748/1067/989 754/537/1300 741/499/990
f 534/1524/6 519/1476/6 467/150/6
f 467/150/6 464/152/6 490/1045/6
f 490/1045/6 488/340/6 486/336/6
f 486/336/6 484/331/6 482/435/6
f 482/435/6 480/436/6 478/322/6
f 478/322/6 476/317/6 474/311/6
f 474/311/6 472/188/6 470/190/6
f 470/190/6 468/302/6 520/1023/6
f 470/190/6 520/1023/6 523/1525/6
f 478/322/6 474/311/6 470/190/6
f 486/336/6 482/435/6 478/322/6
f 467/150/6 490/1045/6 486/336/6
f 534/1524/6 467/150/6 486/336/6
f 470/190/6 523/1525/6 524/1526/6
f 470/190/6 524/1526/6 526/1527/6
f 532/1528/6 534/1524/6 486/336/6
f 530/1069/6 532/1528/6 486/336/6
f 478/322/6 470/190/6 526/1527/6
f 478/322/6 526/1527/6 528/1068/6
f 530/1069/6 486/336/6 478/322/6
f 731/264/993 732/1062/1301 719/265/994
f 730/1063/996 726/1072/1302 720/528/997
f 1137/542/346 1133/544/346 1135/543/346
f 659/480/999 676/479/1303 674/473/1000
f 729/1070/223 723/501/1304 722/502/1002
f 691/264/1004 687/266/1305 679/265/1005
f 750/1063/1007 753/1061/1156 740/528/1008
f 880/1073/1010 881/648/629 867/647/628
f 1225/542/474 1221/544/474 1223/543/474
f 749/1070/1004 745/1071/1306 742/502/1012
f 708/1067/1014 704/504/1302 701/499/998
f 331/164/1016 333/167/148 324/208/150
f 728/1067/1018 724/504/1299 721/499/987
f 730/522/796 733/526/796 732/545/796
f 575/395/344 567/396/345 560/1049/1020
f 561/289/1021 568/394/343 571/1050/943
f 561/289/1021 571/1050/943 564/1529/346
f 565/1075/1022 575/395/344 560/1049/1020
f 561/289/1021 564/1529/346 565/1075/1022
f 689/1070/982 685/1071/1307 682/502/1023
f 805/1076/1025 817/613/1308 818/1077/1026
f 821/1079/1028 822/737/1297 810/1048/941
f 869/1080/1031 882/1101/1100 883/658/641
f 697/498/509 695/525/1219 679/265/510
f 135/109/64 208/113/68 209/942/872
f 693/526/1032 692/545/1217 694/497/1033
f 34/54/1037 35/53/9 32/994/1309
f 32/994/1309 167/947/1310 177/944/1035
f 177/944/1035 228/991/1311 55/1248/1311
f 55/1248/1311 54/456/7 229/1081/1036
f 229/1081/1036 31/1419/1312 34/54/1037
f 34/54/1037 32/994/1309 177/944/1035
f 177/944/1035 55/1248/1311 229/1081/1036
f 444/1075/1038 454/288/1313 447/396/1314
f 440/289/1039 448/287/1315 453/286/1316
f 440/289/1039 453/286/1316 443/1529/1317
f 444/1075/1038 447/396/1314 439/1049/474
f 440/289/1039 443/1529/1317 444/1075/1038
f 1018/1530/1318 1017/1531/1319 1016/1092/1062
f 1016/1092/1062 1015/1532/1320 1014/1533/1321
f 1014/1533/1321 1013/1534/1322 1012/1093/1063
f 1012/1093/1063 1011/1535/1323 1019/1094/1064
f 1019/1094/1064 1018/1530/1318 1016/1092/1062
f 1016/1092/1062 1014/1533/1321 1012/1093/1063
f 982/769/1077 980/767/1267 1004/1297/1266
f 982/769/1077 1004/1297/1266 993/1536/1324
f 986/774/1076 984/771/6 982/769/1077
f 994/1537/1325 1007/1210/1199 986/774/1076
f 995/1538/1326 994/1537/1325 986/774/1076
f 982/769/1077 993/1536/1324 1005/1096/1075
f 1005/1096/1075 995/1538/1326 986/774/1076
f 690/522/472 686/524/473 687/523/471
f 698/500/1079 696/527/484 693/526/1080
f 297/173/112 290/859/1187 293/174/113
f 762/549/1084 760/571/1259 788/1279/1258
f 762/549/1084 788/1279/1258 790/1539/1327
f 766/554/1083 764/552/6 762/549/1084
f 791/1097/1082 792/1263/1228 766/554/1083
f 762/549/1084 790/1539/1327 791/1097/1082
f 354/214/138 331/164/1016 323/166/1017
f 690/1063/1088 693/1061/990 680/528/1089
f 889/673/1105 890/679/672 879/678/671
f 881/684/676 891/683/675 892/314/661
f 347/1010/900 346/1011/901 341/212/160
f 1010/1108/1120 1011/469/776 1012/1109/1121
f 806/1111/1123 818/616/1328 819/939/869
f 563/1027/1124 566/389/338 572/388/337
f 187/115/1329 210/112/1330 211/110/1331
f 187/115/1329 211/110/1331 212/1190/1332
f 196/656/1333 195/84/1334 171/86/1335
f 201/249/1336 196/656/1333 171/86/1335
f 186/116/1337 187/115/1329 212/1190/1332
f 186/116/1337 212/1190/1332 204/1188/1337
f 201/249/1336 171/86/1335 181/89/1338
f 202/104/1129 201/249/1336 181/89/1338
f 178/143/1339 186/116/1337 204/1188/1337
f 178/143/1339 204/1188/1337 203/94/1128
f 202/104/1129 181/89/1338 180/88/2
f 179/91/1129 178/143/1339 203/94/1128
f 202/104/1129 180/88/2 179/91/1129
f 826/1115/1132 833/1540/1340 832/1541/1341
f 832/1541/1341 831/1542/1342 830/1113/1130
f 830/1113/1130 829/1543/1343 828/1114/1131
f 828/1114/1131 827/1544/1344 826/1115/1132
f 826/1115/1132 832/1541/1341 830/1113/1130
f 351/193/132 327/859/1187 334/173/112
f 952/1545/1345 936/1213/1207 933/1107/1206
f 933/1107/1206 931/720/7 930/718/1146
f 930/718/1146 928/716/7 926/714/1147
f 926/714/1147 924/712/7 922/710/1261
f 922/710/1261 947/1291/1260 935/1546/1346
f 926/714/1147 922/710/1261 935/1546/1346
f 952/1545/1345 933/1107/1206 930/718/1146
f 951/1547/1347 952/1545/1345 930/718/1146
f 926/714/1147 935/1546/1346 948/1548/1348
f 950/1116/1145 951/1547/1347 930/718/1146
f 926/714/1147 948/1548/1348 950/1116/1145
f 997/1117/1148 1012/1109/1121 1013/799/789
f 449/276/234 450/275/233 441/281/1149
f 709/1070/993 703/501/1349 702/502/1150
f 1427/880/1152 1414/1148/1276 1415/879/1153
f 688/1067/1155 694/537/1350 681/499/1156
f 816/611/1060 817/613/1351 805/1076/1157
f 958/1549/1352 957/1550/1353 956/1119/1161
f 956/1119/1161 955/1551/1354 954/1552/1355
f 954/1552/1355 962/1553/1356 961/1120/1162
f 961/1120/1162 960/1554/1357 959/1121/1163
f 959/1121/1163 958/1549/1352 956/1119/1161
f 956/1119/1161 954/1552/1355 961/1120/1162
f 1469/1122/9 1467/941/9 1465/869/9
f 1035/1160/2 1071/1135/2 1075/1162/2
f 1074/6/2 1070/1137/2 1073/5/2
f 1032/1142/2 1035/1160/2 1075/1162/2
f 1074/6/2 1073/5/2 1072/1159/2
f 1032/1142/2 1075/1162/2 1074/6/2
f 1022/4/2 1032/1142/2 1074/6/2
f 1074/6/2 1072/1159/2 1030/837/2
f 1026/1124/2 1022/4/2 1074/6/2
f 1027/1136/9 1031/1132/9 1028/1131/9
f 1027/1136/9 1028/1131/9 1020/1125/9
f 1034/1555/9 1033/1556/9 1023/1127/9
f 1023/1127/9 1027/1136/9 1020/1125/9
f 1024/1126/9 1034/1555/9 1023/1127/9
f 1031/841/8 1027/842/8 1039/815/8
f 1060/829/474 1062/831/474 1056/821/474
f 113/1128/1164 95/31/1164 102/1129/1164
f 1082/464/6 1083/1302/6 1029/891/6
f 1047/463/6 1051/844/6 1050/823/6
f 1082/464/6 1029/891/6 1047/463/6
f 1081/462/6 1082/464/6 1047/463/6
f 1047/463/6 1050/823/6 1046/1324/6
f 1037/1327/6 1041/521/6 1040/534/6
f 1036/1326/6 1030/837/6 1088/1303/6
f 1037/1327/6 1040/534/6 1036/1326/6
f 1080/1253/6 1081/462/6 1047/463/6
f 1079/1341/6 1080/1253/6 1047/463/6
f 1078/1340/6 1079/1341/6 1047/463/6
f 1077/1338/6 1078/1340/6 1047/463/6
f 1077/1338/6 1047/463/6 1046/1324/6
f 1076/1330/1062 1077/1338/6 1046/1324/6
f 1036/1326/6 1088/1303/6 1089/1343/6
f 1036/1326/6 1089/1343/6 1090/1342/6
f 1036/1326/6 1090/1342/6 1091/1339/6
f 1036/1326/6 1091/1339/6 1092/1337/6
f 1037/1327/6 1036/1326/6 1092/1337/6
f 1037/1327/6 1092/1337/6 1093/1336/6
f 1076/1330/1062 1046/1324/6 1028/1131/6
f 1107/1329/6 1076/1330/1062 1028/1131/6
f 1031/1132/6 1037/1327/6 1093/1336/6
f 1031/1132/6 1093/1336/6 1094/1335/6
f 1106/1328/6 1107/1329/6 1028/1131/6
f 1105/1325/6 1106/1328/6 1028/1131/6
f 1031/1132/6 1094/1335/6 1095/1334/6
f 1031/1132/6 1095/1334/6 1096/1333/6
f 1104/1322/6 1105/1325/6 1028/1131/6
f 1103/1323/6 1104/1322/6 1028/1131/6
f 1031/1132/6 1096/1333/6 1097/1332/6
f 1031/1132/6 1097/1332/6 1098/1331/6
f 1102/1157/6 1103/1323/6 1028/1131/6
f 1101/1147/6 1102/1157/6 1028/1131/6
f 1031/1132/6 1098/1331/6 1099/1141/6
f 1100/1133/1165 1101/1147/6 1028/1131/6
f 1031/1132/6 1099/1141/6 1100/1133/1165
f 1113/1134/2 1123/1160/2 1120/1142/2
f 1110/4/2 1114/1124/2 1162/6/2
f 1113/1134/2 1120/1142/2 1110/4/2
f 1118/837/2 1117/891/2 1109/895/2
f 1110/4/2 1162/6/2 1163/1162/2
f 1110/4/2 1163/1162/2 1159/1135/2
f 1156/896/2 1118/837/2 1109/895/2
f 1159/1135/2 1158/1137/9 1157/1161/2
f 1157/1161/2 1156/896/2 1109/895/2
f 1113/1134/2 1110/4/2 1159/1135/2
f 1159/1135/2 1157/1161/2 1109/895/2
f 1111/1127/9 1121/1556/9 1122/1555/9
f 1111/1127/9 1122/1555/9 1112/1126/9
f 1116/1131/9 1119/1132/9 1115/1136/9
f 1115/1136/9 1111/1127/9 1112/1126/9
f 1108/1125/9 1116/1131/9 1115/1136/9
f 1158/1137/2 1162/6/2 1114/1124/2
f 1114/1124/2 1118/837/2 1156/896/2
f 1114/1124/2 1156/896/2 1160/1159/2
f 1161/5/2 1157/1161/2 1158/1137/2
f 1114/1124/2 1160/1159/2 1161/5/2
f 16/1411/2 17/1408/2 22/1138/2
f 22/1138/2 28/1557/2 29/1139/2
f 29/1139/2 14/1395/2 15/1140/2
f 15/1140/2 16/1411/2 22/1138/2
f 1153/812/346 1155/848/346 1147/827/346
f 1241/812/474 1243/848/474 1235/827/474
f 1199/1127/9 1209/1556/9 1210/1555/9
f 1199/1127/9 1210/1555/9 1200/1126/9
f 1204/1131/9 1207/1132/9 1203/1136/9
f 1203/1136/9 1199/1127/9 1200/1126/9
f 1196/1125/9 1204/1131/9 1203/1136/9
f 1197/895/2 1201/1134/2 1245/1161/2
f 1244/896/2 1206/837/2 1205/891/2
f 1197/895/2 1245/1161/2 1244/896/2
f 1234/817/450 1242/833/450 1240/832/450
f 1201/1134/2 1211/1160/2 1247/1135/2
f 1293/891/2 1294/837/2 1290/1124/2
f 1290/1124/2 1337/5/2 1336/1159/2
f 1332/896/2 1333/1161/2 1285/895/2
f 1290/1124/2 1336/1159/2 1332/896/2
f 1285/895/2 1293/891/2 1290/1124/2
f 1226/823/6 1227/844/6 1223/463/6
f 1223/463/6 1256/1253/6 1255/1341/6
f 1223/463/6 1255/1341/6 1254/1340/6
f 1222/1324/6 1226/823/6 1223/463/6
f 1216/534/6 1217/521/6 1213/1327/6
f 1212/1326/6 1216/534/6 1213/1327/6
f 1223/463/6 1254/1340/6 1253/1338/6
f 1223/463/6 1253/1338/6 1252/1330/6
f 1222/1324/6 1223/463/6 1252/1330/6
f 1222/1324/6 1252/1330/6 1283/1329/6
f 1259/1302/6 1258/464/6 1205/891/1274
f 1260/890/1274 1259/1302/6 1205/891/1274
f 1204/1131/6 1222/1324/6 1283/1329/6
f 1204/1131/6 1283/1329/6 1282/1328/6
f 1260/890/1274 1205/891/1274 1206/837/6
f 1261/838/6 1260/890/1274 1206/837/6
f 1261/838/6 1206/837/6 1212/1326/6
f 1262/839/1274 1261/838/6 1212/1326/6
f 1263/1146/6 1262/839/1274 1212/1326/6
f 1264/1303/6 1263/1146/6 1212/1326/6
f 1265/1343/6 1264/1303/6 1212/1326/6
f 1266/1342/6 1265/1343/6 1212/1326/6
f 1267/1339/6 1266/1342/6 1212/1326/6
f 1268/1337/6 1267/1339/6 1212/1326/6
f 1268/1337/6 1212/1326/6 1213/1327/6
f 1269/1336/6 1268/1337/6 1213/1327/6
f 1204/1131/6 1282/1328/6 1281/1325/6
f 1204/1131/6 1281/1325/6 1280/1322/6
f 1269/1336/6 1213/1327/6 1207/1132/6
f 1270/1335/6 1269/1336/6 1207/1132/6
f 1204/1131/6 1280/1322/6 1279/1323/6
f 1204/1131/6 1279/1323/6 1278/1157/6
f 1271/1334/6 1270/1335/6 1207/1132/6
f 1272/1333/6 1271/1334/6 1207/1132/6
f 1204/1131/6 1278/1157/6 1277/1147/6
f 1204/1131/6 1277/1147/6 1276/1133/1165
f 1273/1332/6 1272/1333/6 1207/1132/6
f 1274/1331/6 1273/1332/6 1207/1132/6
f 1207/1132/6 1204/1131/6 1276/1133/1165
f 1275/1141/6 1274/1331/6 1207/1132/6
f 1288/1126/9 1298/1555/9 1297/1556/9
f 1288/1126/9 1297/1556/9 1287/1127/9
f 1295/1132/9 1292/1131/9 1284/1125/9
f 1284/1125/9 1288/1126/9 1287/1127/9
f 1291/1136/9 1295/1132/9 1284/1125/9
f 1146/817/241 1154/833/241 1152/832/241
f 1335/1135/2 1339/1162/2 1296/1142/2
f 1296/1142/2 1299/1160/2 1289/1134/2
f 1289/1134/2 1334/1137/2 1335/1135/2
f 1311/543/8 1293/854/8 1285/816/8
f 76/1143/1166 75/901/1166 86/1144/1166
f 1325/834/7 1324/829/7 1318/835/7
f 1354/1342/7 1355/1339/7 1304/534/7
f 1354/1342/7 1304/534/7 1300/1326/7
f 1353/1343/7 1354/1342/7 1300/1326/7
f 1293/891/849 1346/464/7 1347/1302/7
f 1293/891/849 1347/1302/7 1348/890/849
f 1353/1343/7 1300/1326/7 1294/837/7
f 1352/1303/7 1353/1343/7 1294/837/7
f 1294/837/7 1293/891/849 1348/890/849
f 1294/837/7 1348/890/849 1349/838/7
f 1351/1146/7 1352/1303/7 1294/837/7
f 1294/837/7 1349/838/7 1350/839/7
f 1345/462/7 1346/464/7 1293/891/7
f 1311/463/7 1315/844/7 1314/823/7
f 1345/462/7 1293/891/7 1311/463/7
f 1344/1253/7 1345/462/7 1311/463/7
f 1311/463/7 1314/823/7 1310/1324/7
f 1301/1327/7 1305/521/7 1304/534/7
f 1304/534/7 1355/1339/7 1356/1337/7
f 1304/534/7 1356/1337/7 1357/1336/7
f 1301/1327/7 1304/534/7 1357/1336/7
f 1301/1327/7 1357/1336/7 1358/1335/7
f 1343/1341/7 1344/1253/7 1311/463/7
f 1342/1340/7 1343/1341/7 1311/463/7
f 1341/1338/7 1342/1340/7 1311/463/7
f 1340/1330/7 1341/1338/7 1311/463/7
f 1340/1330/7 1311/463/7 1310/1324/7
f 1371/1329/7 1340/1330/7 1310/1324/7
f 1295/1132/7 1301/1327/7 1358/1335/7
f 1295/1132/7 1358/1335/7 1359/1334/7
f 1371/1329/7 1310/1324/7 1292/1131/7
f 1370/1328/7 1371/1329/7 1292/1131/7
f 1295/1132/7 1359/1334/7 1360/1333/7
f 1295/1132/7 1360/1333/7 1361/1332/7
f 1369/1325/7 1370/1328/7 1292/1131/7
f 1368/1322/7 1369/1325/7 1292/1131/7
f 1295/1132/7 1361/1332/7 1362/1331/7
f 1295/1132/7 1362/1331/7 1363/1141/7
f 1367/1323/7 1368/1322/7 1292/1131/7
f 1366/1157/7 1367/1323/7 1292/1131/7
f 1295/1132/7 1363/1141/7 1364/1133/1167
f 1365/1147/7 1366/1157/7 1292/1131/7
f 1292/1131/7 1295/1132/7 1364/1133/1167
f 1296/1142/2 1339/1162/2 1338/6/2
f 1334/1137/2 1289/1134/2 1285/895/2
f 1286/4/2 1296/1142/2 1338/6/2
f 1338/6/2 1334/1137/2 1285/895/2
f 1338/6/2 1285/895/2 1333/1161/2
f 1290/1124/2 1286/4/2 1338/6/2
f 1338/6/2 1333/1161/2 1337/5/2
f 197/250/1358 198/105/1359 176/121/1360
f 129/68/1361 136/63/1361 137/62/1361
f 128/71/9 129/68/1361 137/62/1361
f 197/250/1358 176/121/1360 177/944/1362
f 192/100/1363 197/250/1358 177/944/1362
f 127/927/1364 128/71/9 137/62/1361
f 127/927/1364 137/62/1361 138/158/1365
f 192/100/1363 177/944/1362 167/947/1366
f 191/98/1169 192/100/1363 167/947/1366
f 170/952/1367 127/927/1364 138/158/1365
f 170/952/1367 138/158/1365 189/220/1364
f 191/98/1169 167/947/1366 168/130/9
f 170/952/1367 189/220/1364 190/99/1168
f 191/98/1169 168/130/9 169/127/1169
f 169/127/1169 170/952/1367 190/99/1168
f 1412/876/9 1410/887/9 1415/879/9
f 1407/892/3 1406/1261/3 1394/893/3
f 1392/23/7 1390/1169/7 1385/870/7
f 1385/870/7 1409/869/7 1416/21/7
f 1388/22/7 1387/1166/7 1384/1167/7
f 1384/1167/7 1389/1168/7 1391/45/7
f 1392/23/7 1385/870/7 1416/21/7
f 1388/22/7 1384/1167/7 1391/45/7
f 1391/45/7 1392/23/7 1416/21/7
f 1413/1122/9 1416/1123/9 1409/869/9
f 1382/884/8 1384/886/8 1387/885/8
f 1420/510/1171 1422/856/1171 1421/937/1171
f 1388/1151/2 1386/1217/2 1375/269/2
f 1388/1151/2 1375/269/2 1417/1156/2
f 1404/889/2 1387/885/2 1388/1151/2
f 1373/1558/2 1401/1559/2 1403/1150/2
f 1403/1150/2 1404/889/2 1388/1151/2
f 1388/1151/2 1417/1156/2 1418/1149/2
f 1418/1149/2 1373/1558/2 1403/1150/2
f 1468/876/9 1470/1148/9 1471/879/9
f 1372/270/8 1386/1217/8 1388/22/8
f 1372/270/8 1388/22/8 1416/1123/8
f 1403/863/8 1401/1321/8 1400/1153/8
f 1372/270/8 1416/1123/8 1413/1152/8
f 1413/1152/8 1403/863/8 1400/1153/8
f 1450/893/3 1462/1261/3 1463/892/3
f 1469/1152/7 1459/863/7 1460/1319/7
f 1469/1152/7 1460/1319/7 1438/862/7
f 1464/861/7 1467/1318/7 1469/1152/7
f 1461/518/2 1462/1261/2 1450/893/2
f 1451/517/2 1449/867/2 1434/850/2
f 1461/518/2 1450/893/2 1451/517/2
f 1435/1260/2 1458/1259/2 1461/518/2
f 1479/1155/2 1435/1260/2 1461/518/2
f 1461/518/2 1451/517/2 1434/850/2
f 1477/1154/2 1479/1155/2 1461/518/2
f 1524/876/9 1526/1148/9 1527/879/9
f 1473/1156/2 1431/269/2 1442/1217/2
f 1444/1151/2 1443/885/2 1460/889/2
f 1473/1156/2 1442/1217/2 1444/1151/2
f 1457/1559/2 1429/1558/2 1474/1149/2
f 1474/1149/2 1473/1156/2 1444/1151/2
f 1444/1151/2 1460/889/2 1459/1150/2
f 1459/1150/2 1457/1559/2 1474/1149/2
f 1492/875/8 1495/877/8 1524/876/8
f 1506/893/8 1518/1261/8 1519/892/8
f 1420/510/1176 1423/938/1177 1379/511/1177
f 1518/1320/6 1517/874/6 1526/866/6
f 1526/866/6 1524/883/6 1495/865/6
f 1519/864/6 1518/1320/6 1526/866/6
f 1525/1152/6 1515/863/6 1516/1319/6
f 1525/1152/6 1516/1319/6 1494/862/6
f 1520/861/6 1523/1318/6 1525/1152/6
f 1525/1122/9 1523/941/9 1521/869/9
f 1491/511/6 1489/512/6 1539/873/6
f 1507/517/2 1505/867/2 1490/850/2
f 1507/517/2 1490/850/2 1533/1154/2
f 1518/1261/2 1506/893/2 1507/517/2
f 1491/1260/2 1514/1259/2 1517/518/2
f 1517/518/2 1518/1261/2 1507/517/2
f 1507/517/2 1533/1154/2 1535/1155/2
f 1535/1155/2 1491/1260/2 1517/518/2
f 1581/1122/9 1584/1123/9 1577/869/9
f 1529/1156/2 1487/269/2 1498/1217/2
f 1500/1151/2 1499/885/2 1516/889/2
f 1529/1156/2 1498/1217/2 1500/1151/2
f 1513/1559/2 1485/1558/2 1530/1149/2
f 1530/1149/2 1529/1156/2 1500/1151/2
f 1500/1151/2 1516/889/2 1515/1150/2
f 1515/1150/2 1513/1559/2 1530/1149/2
f 1586/1149/2 1541/1558/2 1569/1559/2
f 1571/1150/2 1572/889/2 1555/885/2
f 1586/1149/2 1569/1559/2 1571/1150/2
f 1554/1217/2 1543/269/2 1585/1156/2
f 1585/1156/2 1586/1149/2 1571/1150/2
f 1571/1150/2 1555/885/2 1556/1151/2
f 1556/1151/2 1554/1217/2 1585/1156/2
f 1548/875/8 1578/887/8 1580/876/8
f 1580/883/7 1582/866/7 1573/874/7
f 1573/874/7 1574/1320/7 1575/864/7
f 1551/865/7 1580/883/7 1573/874/7
f 1188/1133/1167 1119/1132/1167 1116/1131/7
f 1116/1131/7 1191/1323/7 1190/1157/7
f 1189/1147/7 1188/1133/1167 1116/1131/7
f 1580/876/9 1578/887/9 1583/879/9
f 1399/1254/7 1397/1255/7 1381/1256/7
f 1381/1256/7 1394/1257/7 1395/514/7
f 1415/515/7 1410/887/7 1380/875/7
f 1380/875/7 1396/1258/7 1398/513/7
f 1399/1254/7 1381/1256/7 1395/514/7
f 1415/515/7 1380/875/7 1398/513/7
f 1398/513/7 1399/1254/7 1395/514/7
f 691/541/865 692/545/865 693/526/865
f 1547/511/7 1570/888/7 1595/873/7
f 1540/270/3 1554/1217/3 1556/22/3
f 1540/270/3 1556/22/3 1584/1123/3
f 1571/863/3 1569/1321/3 1568/1153/3
f 1540/270/3 1584/1123/3 1581/1152/3
f 1581/1152/3 1571/863/3 1568/1153/3
f 1314/823/450 1312/824/450 1308/809/450
