# Blender 5.1.2
# www.blender.org
mtllib WE6_middle_bogie_LOD3.mtl
o JacobsBogieLOD3Export
g WE6_middle_bogie_LOD3
v 1.199999 0.897571 -1.182404
v -0.789325 0.897572 -2.186722
v 1.199997 0.897571 1.742408
v 1.199997 0.897571 1.182408
v 0.850000 0.897571 1.742408
v 0.850000 0.897571 1.182408
v 1.117998 0.897571 2.002310
v 1.087999 0.897571 2.002310
v 0.962000 0.897571 2.002310
v 0.931999 0.897571 2.002310
v 1.117998 0.897571 2.155643
v 1.087999 0.897571 2.155643
v 0.962000 0.897571 2.155647
v 0.931999 0.897571 2.155643
v 0.869802 0.897571 0.935741
v 1.180294 0.897571 0.935741
v 0.869802 0.897571 1.989074
v 1.180197 0.897571 1.989074
v -1.200002 0.897571 1.182405
v -1.200002 0.897571 1.742405
v -0.850004 0.897571 1.182405
v -0.850004 0.897571 1.742406
v -1.118002 0.897571 2.155634
v -1.088003 0.897571 2.155635
v -0.962004 0.897571 2.155635
v -0.932003 0.897571 2.155634
v -1.118002 0.897571 2.002301
v -1.088003 0.897571 2.002301
v -0.962004 0.897571 2.002297
v -0.932003 0.897571 2.002301
v -0.869806 0.897571 1.989073
v -1.180201 0.897571 1.989073
v -0.869806 0.897571 0.935739
v -1.180298 0.897571 0.935739
v -1.200000 0.897571 -1.182407
v -1.200000 0.897571 -1.742407
v 0.850000 1.225000 2.175683
v -0.850002 1.225000 2.175684
v 0.850000 1.225000 -2.175686
v -0.850002 1.225000 -2.175686
v 0.850000 1.225001 -0.074991
v -0.850002 0.279690 0.074988
v -0.850002 0.279690 -0.074992
v 0.850000 0.279690 0.074988
v 0.850000 0.279690 -0.074992
v 0.700000 0.149690 0.101205
v 0.703543 0.293690 0.091834
v 0.703455 0.294690 -0.096099
v -0.700002 0.149690 -0.102121
v -0.702979 0.289690 0.095432
v -0.700002 0.897571 0.074988
v -0.700002 0.897571 -0.074992
v 0.700000 0.897571 0.074988
v 0.700000 0.897571 -0.074992
v -0.075001 0.299690 -0.074996
v 0.074999 0.299690 -0.074996
v -0.075001 0.299690 0.074984
v 0.074999 0.299690 0.074984
v -0.075001 0.897571 0.074984
v 0.074999 0.897571 0.074984
v -0.075001 0.897571 -0.074996
v 0.074999 0.897571 -0.074996
v 0.224999 0.299690 -0.074996
v 0.224999 0.299690 0.074984
v 0.549999 0.897571 0.074984
v 0.549999 0.897571 -0.074996
v -0.225001 0.299690 -0.074994
v -0.225001 0.299690 0.074986
v -0.550001 0.897571 0.074986
v -0.550001 0.897571 -0.074994
v -0.541634 0.293690 -0.274309
v -0.541635 0.293690 0.274314
v 0.700000 0.149690 -0.095339
v -0.700002 0.149690 0.094650
v 0.541632 0.291119 -0.274309
v 0.541632 0.291119 0.274314
v -0.850002 0.897571 -0.074992
v -0.850002 0.897571 0.074988
v 0.850000 0.897571 0.074988
v 0.850000 0.897571 -0.074992
v -0.704118 0.291119 -0.092357
v 0.789322 0.897572 2.186722
v 0.971417 1.224636 2.512674
v 1.183127 1.224997 2.331588
v 0.996416 0.908697 2.506528
v 1.120371 0.917635 2.407817
v 1.189766 0.910647 2.283572
v 1.183805 1.204963 2.291815
v 1.081692 1.204940 2.445254
v -1.189833 1.224974 2.301347
v -1.012782 1.225000 2.504234
v -1.005907 1.224997 -2.508816
v -1.186500 1.224979 -2.307853
v 1.186496 1.224979 -2.307853
v 1.012779 1.225000 -2.504238
v -0.998332 0.907177 2.508176
v -1.183162 1.204966 2.292027
v -0.996420 0.908697 -2.506532
v -1.120376 0.917635 -2.407820
v -0.945742 1.204988 -2.512328
v -1.082136 1.204937 -2.446060
v 1.186270 1.204967 -2.285049
v -1.102145 0.917651 2.431296
v -1.190039 0.909603 2.284577
v -1.013216 1.204961 2.499606
v -1.190516 0.910646 -2.281919
v -1.186922 1.204962 -2.283997
v 0.998328 0.907177 -2.508180
v 1.102141 0.917651 -2.431300
v 1.190802 0.909603 -2.282741
v 1.013212 1.204961 -2.499610
v -0.710560 0.897572 -2.186722
v 0.744841 0.897572 2.187054
v 0.754735 0.897572 2.187054
v 0.749788 0.897572 2.287054
v -0.710603 0.897572 2.186831
v -0.754782 0.897572 2.187054
v -0.744888 0.897572 2.187054
v -0.749835 0.897572 2.287054
v -0.850002 0.897571 -1.742407
v -0.850002 0.897571 -1.182407
v -1.118000 0.897571 -2.002309
v -1.088001 0.897571 -2.002309
v -0.962002 0.897571 -2.002309
v -0.932002 0.897571 -2.002309
v -1.118000 0.897571 -2.155642
v -1.088001 0.897571 -2.155643
v -0.962002 0.897571 -2.155646
v -0.932002 0.897571 -2.155642
v -0.869804 0.897571 -0.935740
v -1.180199 0.897572 -0.935740
v -0.869804 0.897571 -1.989073
v -1.180199 0.897572 -1.989073
v 1.199999 0.897571 -1.742404
v 0.850001 0.897571 -1.182404
v 0.850001 0.897571 -1.742405
v 1.117999 0.897571 -2.155633
v 1.088000 0.897571 -2.155634
v 0.962001 0.897571 -2.155634
v 0.932001 0.897571 -2.155633
v 1.117999 0.897571 -2.002300
v 1.088001 0.897571 -2.002300
v 0.962001 0.897571 -2.002296
v 0.932001 0.897571 -2.002300
v 0.869803 0.897571 -1.989072
v 1.180198 0.897570 -1.989072
v 0.869803 0.897571 -0.935738
v 1.180199 0.897570 -0.935738
v -0.789368 0.897572 2.186723
v 0.710558 0.897572 2.186723
v -0.744843 0.897572 -2.187053
v -0.754737 0.897572 -2.187053
v -0.749790 0.897572 -2.287053
v 0.710601 0.897572 -2.186831
v 0.789366 0.897572 -2.186722
v 0.754779 0.897572 -2.187053
v 0.744885 0.897572 -2.187053
v 0.749832 0.897572 -2.287053
v -0.850002 1.225001 0.074989
v 0.850000 1.225001 0.074989
v -0.850002 1.225001 -0.074990
v 0.490000 0.199735 1.601824
v 0.490000 0.397162 1.836049
v 0.490000 0.996232 1.609731
v 0.490000 0.771099 1.856337
v 0.660000 0.216945 1.660396
v 0.660000 0.493683 1.871930
v 0.660000 0.992375 1.637969
v 0.660000 0.773712 1.843893
v 0.490000 0.797243 0.704090
v 0.490000 0.536498 0.615534
v 0.660000 0.486087 0.648616
v 0.660000 0.700265 0.635132
v 0.490000 0.300627 0.862499
v 0.490000 0.192959 1.243745
v 0.490000 0.994282 1.121580
v 0.660000 0.193841 1.222121
v 0.660000 0.332864 0.801159
v 0.660000 0.899373 0.862499
v 0.660000 1.007041 1.243745
v -0.660002 0.207626 1.637969
v -0.660002 0.434513 1.848805
v -0.660002 0.996232 1.609731
v -0.660002 0.771099 1.856337
v -0.490002 0.216945 1.660396
v -0.490002 0.493683 1.871930
v -0.490002 0.992375 1.637969
v -0.490002 0.773712 1.843893
v -0.660002 0.451711 0.667787
v -0.660002 0.637963 0.621482
v -0.490002 0.399055 0.709015
v -0.490002 0.576054 0.621253
v -0.490002 0.748289 0.667787
v -0.660002 0.300627 0.862499
v -0.660002 0.192959 1.243745
v -0.660002 1.006159 1.222121
v -0.660002 0.843857 0.756128
v -0.490002 0.205718 1.121580
v -0.490002 0.899373 0.862499
v -0.490002 1.007041 1.243745
v -0.660003 0.706317 -1.871929
v -0.490003 0.207626 -1.637968
v -0.490003 0.434513 -1.848804
v -0.490003 0.986856 -1.646328
v -0.490003 0.732380 -1.864914
v -0.660003 0.216945 -1.660395
v -0.660003 0.435646 -1.846616
v -0.660003 0.989038 -1.652315
v -0.490003 0.600000 -0.611905
v -0.660003 0.560339 -0.615049
v -0.490003 0.375087 -0.735879
v -0.490003 0.201547 -1.164677
v -0.490003 1.006159 -1.222121
v -0.490003 0.843857 -0.756127
v -0.660003 0.193841 -1.222120
v -0.660003 0.339061 -0.788538
v -0.660003 0.842796 -0.743728
v -0.660003 1.007041 -1.243744
v 0.489999 0.732381 -1.864914
v 0.659999 0.207626 -1.637968
v 0.659999 0.426289 -1.843892
v 0.660000 0.996232 -1.609730
v 0.659999 0.758072 -1.864340
v 0.489999 0.216945 -1.660395
v 0.489999 0.443914 -1.851062
v 0.490000 0.992375 -1.637968
v 0.660000 0.600000 -0.618233
v 0.660000 0.829559 -0.731335
v 0.490000 0.562037 -0.621481
v 0.490000 0.779599 -0.684744
v 0.660000 0.357204 -0.743729
v 0.660000 0.192959 -1.243744
v 0.660000 1.006159 -1.222121
v 0.490000 0.193841 -1.222120
v 0.490000 0.356143 -0.756127
v 0.490000 0.987142 -1.090564
v 0.449999 1.050000 0.144316
v -0.450001 1.050000 1.174314
v -0.450001 0.187500 0.361815
v 0.449999 1.050000 1.174314
v 0.449999 0.180000 0.354315
v -0.450001 0.150000 1.224314
v 0.449999 0.150000 1.224314
v -0.200001 0.950000 1.274314
v 0.199999 0.950000 1.274314
v 0.199999 0.200000 1.274314
v -0.200001 0.200000 1.274314
v 0.449999 0.575000 1.612823
v -0.450001 0.575000 1.612823
v -0.200001 0.575000 1.608768
v 0.199999 0.575000 1.608768
v -0.450001 0.837293 0.094316
v 0.449999 0.837293 0.094316
v -0.450001 0.822293 0.309315
v 0.449999 0.818543 0.305565
v -0.450001 1.050000 0.144316
v -0.450001 1.000000 0.094316
v 0.449999 1.000000 0.094316
v 0.461763 0.600000 1.078104
v 0.463332 0.845223 0.596816
v -0.460528 0.617580 1.079353
v -0.462501 0.566237 0.465051
v -0.450001 0.723141 0.496761
v -0.461251 0.836615 0.580129
v 0.461427 0.907511 0.774313
v -0.480640 0.505261 0.762035
v 0.469999 0.506984 0.758835
v 0.469999 0.566672 0.862523
v -0.479233 0.691096 0.774313
v 0.469999 0.691859 0.753018
v -0.481331 0.582228 0.684968
v 0.478745 0.588887 0.680986
v 0.490770 0.503950 0.780693
v 0.490770 0.606380 0.870364
v 0.479969 0.683421 0.818338
v 0.490770 0.660893 0.704615
v -0.450001 0.950000 1.274310
v -0.450001 1.050000 -0.144315
v 0.449999 1.050000 -1.174313
v 0.449999 0.187500 -0.361815
v -0.450001 1.050000 -1.174312
v -0.450001 0.180000 -0.354314
v 0.449998 0.150000 -1.224313
v -0.450001 0.150000 -1.224313
v 0.199998 0.950000 -1.274313
v -0.200002 0.950000 -1.274313
v -0.200002 0.200000 -1.274313
v 0.199999 0.200000 -1.274313
v 0.449998 0.575000 -1.612823
v 0.199998 0.575000 -1.608767
v -0.200002 0.575000 -1.608767
v -0.450002 0.575000 -1.612822
v 0.449999 0.837293 -0.094315
v -0.450001 0.837293 -0.094315
v 0.449999 0.822293 -0.309315
v -0.450001 0.818543 -0.305564
v 0.449999 1.050000 -0.144315
v 0.449999 1.000000 -0.094315
v -0.450001 1.000000 -0.094315
v -0.470001 0.744146 -1.043990
v -0.461112 0.856436 -0.943876
v -0.461430 0.901597 -0.715327
v 0.459999 0.658523 -1.076118
v -0.460001 0.648445 -0.475380
v -0.458001 0.626217 -1.080251
v 0.481329 0.519571 -0.729194
v 0.477330 0.523450 -0.826293
v -0.470001 0.528210 -0.706993
v 0.476719 0.694063 -0.789543
v 0.477552 0.615928 -0.681583
v -0.490773 0.567683 -0.689186
v -0.490773 0.503950 -0.780692
v 0.481606 0.612993 -0.865257
v -0.476925 0.548432 -0.855362
v -0.478984 0.665546 -0.839859
v 0.490770 0.676718 -0.719485
v -0.481331 0.654565 -0.700575
v 0.449998 0.950000 -1.274309
v -1.109821 0.240000 1.539073
v -0.941004 0.240000 1.539073
v -1.109003 0.240000 1.385740
v -0.940186 0.240000 1.385735
v -1.108017 0.233333 0.755739
v -0.942019 0.226666 0.755735
v -0.942004 0.233333 2.169073
v -1.108003 0.226666 2.169073
v -1.108012 0.211667 0.975114
v -0.942014 0.208333 0.975110
v -1.108005 0.150000 1.303614
v -0.942006 0.150000 1.303610
v -0.942004 0.215000 1.977072
v -0.942004 0.151666 1.621198
v -1.108003 0.145000 1.593822
v -1.108003 0.208333 1.949698
v -1.109670 0.118000 1.539073
v -0.939147 0.123571 1.539073
v -1.110860 0.120833 1.385739
v -0.940337 0.121666 1.385736
v 1.109821 0.240000 1.539073
v 0.941004 0.240000 1.539073
v 1.109003 0.240000 1.385740
v 0.940186 0.240000 1.385735
v 1.108017 0.233333 0.755739
v 0.942019 0.226666 0.755735
v 0.942004 0.233333 2.169073
v 1.108003 0.226666 2.169073
v 1.108012 0.211667 0.975114
v 0.942014 0.208333 0.975110
v 1.108005 0.150000 1.303614
v 0.942006 0.150000 1.303610
v 0.942004 0.215000 1.977072
v 0.942004 0.151666 1.621198
v 1.108003 0.145000 1.593822
v 1.108003 0.208333 1.949698
v 0.939147 0.123571 1.539073
v 1.110860 0.120833 1.385739
v 1.109670 0.118000 1.539073
v 0.940337 0.121666 1.385736
v -1.109821 0.240000 -1.539073
v -0.941004 0.240000 -1.539073
v -1.109003 0.240000 -1.385740
v -0.940186 0.240000 -1.385735
v -1.108017 0.233333 -0.755739
v -0.942019 0.226666 -0.755735
v -0.942004 0.233333 -2.169073
v -1.108003 0.226666 -2.169073
v -1.108012 0.211667 -0.975114
v -0.942014 0.208333 -0.975110
v -1.108005 0.150000 -1.303614
v -0.942006 0.150000 -1.303610
v -0.942004 0.215000 -1.977072
v -0.942004 0.151666 -1.621198
v -1.108003 0.145000 -1.593822
v -1.108003 0.208333 -1.949698
v -0.939147 0.123571 -1.539073
v -1.110860 0.120833 -1.385739
v -1.109670 0.118000 -1.539073
v -0.940337 0.121666 -1.385736
v 1.109821 0.240000 -1.539073
v 0.941004 0.240000 -1.539073
v 1.109003 0.240000 -1.385740
v 0.940186 0.240000 -1.385735
v 1.108017 0.233333 -0.755739
v 0.942019 0.226666 -0.755735
v 0.942004 0.233333 -2.169073
v 1.108003 0.226666 -2.169073
v 1.108012 0.211667 -0.975114
v 0.942014 0.208333 -0.975110
v 1.108005 0.150000 -1.303614
v 0.942006 0.150000 -1.303610
v 0.942004 0.215000 -1.977072
v 0.942004 0.151666 -1.621198
v 1.108003 0.145000 -1.593822
v 1.108003 0.208333 -1.949698
v 1.109670 0.118000 -1.539073
v 0.939147 0.123571 -1.539073
v 1.110860 0.120833 -1.385739
v 0.940337 0.121666 -1.385736
v 1.240000 0.613861 -1.659819
v 1.230132 0.500763 -1.657681
v 1.230148 0.388548 -1.576965
v 1.230075 0.359140 -1.408685
v 1.230212 0.446957 -1.291448
v 1.230220 0.567563 -1.260733
v 1.230119 0.699481 -1.310541
v 1.230136 0.765007 -1.462405
v 1.230099 0.692839 -1.622716
v 1.242743 0.525856 -1.634053
v 1.242374 0.423967 -1.355636
v 1.242651 0.560000 -1.287352
v 1.242466 0.679362 -1.589021
v 1.269201 0.585594 -1.616207
v 1.247965 0.418656 -1.547830
v 1.251648 0.398182 -1.445579
v 1.269336 0.531516 -1.309112
v 1.248029 0.690019 -1.358819
v 1.247932 0.725967 -1.476955
v 1.400178 0.607212 -1.603596
v 1.400178 0.486150 -1.333138
v 1.414574 0.480126 -1.586134
v 1.416252 0.417313 -1.443123
v 1.416767 0.591652 -1.320690
v 1.413335 0.696062 -1.420271
v 1.415689 0.682201 -1.534933
v -1.230138 0.560000 1.669947
v -1.230164 0.416791 1.605613
v -1.230111 0.358262 1.490584
v -1.230184 0.393572 1.340670
v -1.230148 0.520490 1.263769
v -1.230136 0.656509 1.281851
v -1.230148 0.769931 1.441729
v -1.230164 0.703209 1.605613
v -1.242218 0.394857 1.512500
v -1.242535 0.414017 1.365986
v -1.242651 0.560000 1.287352
v -1.242321 0.693367 1.352954
v -1.242512 0.712684 1.542870
v -1.247232 0.544720 1.628003
v -1.251720 0.437985 1.570233
v -1.270324 0.432301 1.373104
v -1.269201 0.624167 1.320304
v -1.249585 0.720724 1.446956
v -1.250805 0.656989 1.593043
v -1.400178 0.412312 1.481166
v -1.415624 0.458114 1.357049
v -1.399616 0.656770 1.575567
v -1.413614 0.460253 1.565699
v -1.414197 0.640111 1.337038
v -1.414594 0.701194 1.475074
v -1.417225 0.583021 1.601325
v -1.230149 0.560000 -1.254865
v -1.230125 0.407916 -1.326897
v -1.230197 0.356641 -1.450687
v -1.230197 0.400117 -1.589674
v -1.230133 0.500764 -1.657683
v -1.230149 0.619236 -1.657683
v -1.230161 0.731452 -1.576967
v -1.230063 0.762950 -1.448004
v -1.230197 0.712084 -1.326898
v -1.242708 0.554355 -1.290543
v -1.242110 0.460628 -1.323900
v -1.242403 0.394504 -1.413266
v -1.242332 0.402645 -1.528864
v -1.242589 0.576927 -1.634273
v -1.242375 0.696033 -1.569175
v -1.242520 0.731239 -1.427766
v -1.242599 0.656187 -1.321427
v -1.269106 0.560000 -1.301811
v -1.268239 0.408081 -1.442696
v -1.252440 0.463599 -1.598235
v -1.268284 0.608953 -1.607512
v -1.268476 0.715721 -1.457507
v 1.230198 0.493006 1.270041
v 1.230125 0.362559 1.392952
v 1.230173 0.374072 1.539421
v 1.230141 0.479182 1.657519
v 1.230149 0.673896 1.632863
v 1.230245 0.749215 1.532595
v 1.230139 0.751744 1.382984
v 1.230113 0.626994 1.270041
v 1.242220 0.641351 1.614603
v 1.242435 0.719204 1.525144
v 1.243005 0.508395 1.292288
v 1.242403 0.394503 1.413266
v 1.242416 0.414619 1.559547
v 1.242732 0.722886 1.402678
v 1.241943 0.651028 1.318355
v 1.269106 0.560000 1.301810
v 1.268239 0.408081 1.442696
v 1.252474 0.498517 1.620481
v 1.268284 0.608953 1.607512
v 1.268476 0.715721 1.457507
v 1.179999 0.757199 -1.692679
v 0.870001 0.365545 -1.232437
v 1.229999 0.770001 -1.692405
v 1.229999 0.350000 -1.232405
v 0.820001 0.367407 -1.226849
v 0.820001 0.736430 -1.701690
v 1.229999 0.423334 -1.205738
v 1.229999 0.761766 -1.237895
v 1.179999 0.749839 -1.232027
v 1.229999 0.683334 -1.192405
v 1.179999 0.362699 -1.232509
v 1.229999 0.358235 -1.686914
v 1.179999 0.360739 -1.692273
v 1.229999 0.710001 -1.705738
v 1.229999 0.436667 -1.732405
v 0.870001 0.365609 -1.692567
v 0.870001 0.754392 -1.232243
v 0.820001 0.750001 -1.232405
v 0.870001 0.754456 -1.692372
v 0.820001 0.370000 -1.692405
v 1.117999 0.350000 -1.539072
v 1.088000 0.350000 -1.539072
v 0.962001 0.350000 -1.539072
v 0.932001 0.350000 -1.539072
v 1.117999 0.350000 -1.385738
v 1.088001 0.350000 -1.385738
v 0.962001 0.350000 -1.385734
v 0.932001 0.350000 -1.385738
v 1.230000 0.501667 -1.654701
v 1.230000 0.432519 -1.617740
v 1.230000 0.382779 -1.557132
v 1.230000 0.363843 -1.501423
v 1.230003 0.360019 -1.442709
v 1.230000 0.382779 -1.367678
v 1.230000 0.432519 -1.307069
v 1.230000 0.501667 -1.270109
v 1.230000 0.560000 -1.262405
v 1.230000 0.618333 -1.270109
v 1.230000 0.687481 -1.307069
v 1.230000 0.737221 -1.367678
v 1.229999 0.759981 -1.442709
v 1.230000 0.756157 -1.501423
v 1.230000 0.737221 -1.557132
v 1.230000 0.687481 -1.617740
v 1.230000 0.636537 -1.647181
v 1.230000 0.579698 -1.662386
v -1.179999 0.754341 -1.692719
v -0.870001 0.365545 -1.232437
v -1.229999 0.770001 -1.692405
v -1.229999 0.350000 -1.232405
v -0.820001 0.372927 -1.225576
v -0.820001 0.736430 -1.701690
v -1.229999 0.423334 -1.205738
v -1.229999 0.761766 -1.237895
v -1.179999 0.754341 -1.232090
v -1.229999 0.683334 -1.192405
v -1.179999 0.362699 -1.232509
v -1.229999 0.358235 -1.686914
v -1.179999 0.362699 -1.692301
v -1.229999 0.710001 -1.705738
v -1.229999 0.436667 -1.732405
v -0.870001 0.362766 -1.692546
v -0.870001 0.749918 -1.232210
v -0.820001 0.750001 -1.232405
v -0.870001 0.757288 -1.692352
v -0.820001 0.365111 -1.691071
v -1.117999 0.350000 -1.539072
v -1.088000 0.350000 -1.539072
v -0.962001 0.350000 -1.539072
v -0.932001 0.350000 -1.539072
v -1.117999 0.350000 -1.385738
v -1.088001 0.350000 -1.385738
v -0.962001 0.350000 -1.385734
v -0.932001 0.350000 -1.385738
v -1.230000 0.501667 -1.654701
v -1.230000 0.432519 -1.617740
v -1.230000 0.382779 -1.557132
v -1.230000 0.363843 -1.501423
v -1.230002 0.360019 -1.442709
v -1.230000 0.382779 -1.367678
v -1.230000 0.432519 -1.307069
v -1.230000 0.501667 -1.270109
v -1.230000 0.560000 -1.262405
v -1.230000 0.618333 -1.270109
v -1.230000 0.687481 -1.307069
v -1.230000 0.737221 -1.367678
v -1.230001 0.759981 -1.442709
v -1.230000 0.756157 -1.501423
v -1.230000 0.737221 -1.557132
v -1.230000 0.687481 -1.617740
v -1.230000 0.636537 -1.647181
v -1.230000 0.579698 -1.662386
v 1.179999 0.754341 1.692719
v 0.870001 0.365545 1.232437
v 1.229999 0.770001 1.692405
v 1.229999 0.350000 1.232405
v 0.820001 0.372927 1.225576
v 0.820001 0.736430 1.701690
v 1.229999 0.423334 1.205738
v 1.229999 0.761766 1.237895
v 1.179999 0.754341 1.232090
v 1.229999 0.683334 1.192405
v 1.179999 0.362699 1.232509
v 1.229999 0.358235 1.686914
v 1.179999 0.362699 1.692301
v 1.229999 0.710001 1.705738
v 1.229999 0.436667 1.732405
v 0.870001 0.362766 1.692546
v 0.870001 0.749918 1.232210
v 0.820001 0.750001 1.232405
v 0.870001 0.757288 1.692352
v 0.820001 0.365111 1.691071
v 1.117999 0.350000 1.539072
v 1.088000 0.350000 1.539072
v 0.962001 0.350000 1.539072
v 0.932001 0.350000 1.539072
v 1.117999 0.350000 1.385738
v 1.088001 0.350000 1.385738
v 0.962001 0.350000 1.385734
v 0.932001 0.350000 1.385738
v 1.230000 0.501667 1.654701
v 1.230000 0.432519 1.617740
v 1.230000 0.382779 1.557132
v 1.230000 0.363843 1.501423
v 1.230002 0.360019 1.442709
v 1.230000 0.382779 1.367678
v 1.230000 0.432519 1.307069
v 1.230000 0.501667 1.270109
v 1.230000 0.560000 1.262405
v 1.230000 0.618333 1.270109
v 1.230000 0.687481 1.307069
v 1.230000 0.737221 1.367678
v 1.230001 0.759981 1.442709
v 1.230000 0.756157 1.501423
v 1.230000 0.737221 1.557132
v 1.230000 0.687481 1.617740
v 1.230000 0.636537 1.647181
v 1.230000 0.579698 1.662386
v -1.179999 0.757199 1.692679
v -0.870001 0.365545 1.232437
v -1.229999 0.770001 1.692405
v -1.229999 0.350000 1.232405
v -0.820001 0.367407 1.226849
v -0.820001 0.736430 1.701690
v -1.229999 0.423334 1.205738
v -1.229999 0.761766 1.237895
v -1.179999 0.749839 1.232027
v -1.229999 0.683334 1.192405
v -1.179999 0.362699 1.232509
v -1.229999 0.358235 1.686914
v -1.179999 0.360739 1.692273
v -1.229999 0.710001 1.705738
v -1.229999 0.436667 1.732405
v -0.870001 0.365609 1.692567
v -0.870001 0.754392 1.232243
v -0.820001 0.750001 1.232405
v -0.870001 0.754456 1.692372
v -0.820001 0.370000 1.692405
v -1.117999 0.350000 1.539072
v -1.088000 0.350000 1.539072
v -0.962001 0.350000 1.539072
v -0.932001 0.350000 1.539072
v -1.117999 0.350000 1.385738
v -1.088001 0.350000 1.385738
v -0.962001 0.350000 1.385734
v -0.932001 0.350000 1.385738
v -1.230000 0.501667 1.654701
v -1.230000 0.432519 1.617740
v -1.230000 0.382779 1.557132
v -1.230000 0.363843 1.501423
v -1.230003 0.360019 1.442709
v -1.230000 0.382779 1.367678
v -1.230000 0.432519 1.307069
v -1.230000 0.501667 1.270109
v -1.230000 0.560000 1.262405
v -1.230000 0.618333 1.270109
v -1.230000 0.687481 1.307069
v -1.230000 0.737221 1.367678
v -1.229999 0.759981 1.442709
v -1.230000 0.756157 1.501423
v -1.230000 0.737221 1.557132
v -1.230000 0.687481 1.617740
v -1.230000 0.636537 1.647181
v -1.230000 0.579698 1.662386
v -1.200000 0.897571 -1.742407
v -1.188001 0.295000 -1.888407
v -1.188001 0.897537 -0.935332
v -0.862002 0.295000 -1.034907
v -1.180000 0.770001 -1.232407
v -1.180000 0.349455 -1.232407
v -0.870002 0.770001 -1.232407
v -1.180000 0.770001 -1.692407
v -1.184000 0.295000 -1.742407
v -1.180000 0.348921 -1.692407
v -1.180000 0.396667 -1.692407
v -1.180000 0.723334 -1.692407
v -1.180000 0.436667 -1.732407
v -1.180000 0.683334 -1.732407
v -1.184000 0.295000 -1.129406
v -1.180000 0.723334 -1.232407
v -1.180000 0.396667 -1.232407
v -1.180000 0.683334 -1.192407
v -1.180000 0.436667 -1.192407
v -0.850002 0.897571 -1.742407
v -0.866002 0.295000 -1.129407
v -0.866002 0.295000 -1.742407
v -0.870002 0.349455 -1.692407
v -0.870002 0.348921 -1.232407
v -0.870002 0.770001 -1.692407
v -1.180000 0.833786 -1.729907
v -1.180002 0.834867 -1.199162
v -0.870002 0.833786 -1.725740
v -0.870002 0.834110 -1.192432
v -0.862002 0.295000 -1.889907
v -0.862002 0.897601 -0.936102
v -1.188001 0.295000 -1.036407
v -0.865002 0.897601 -1.988711
v -1.185001 0.897537 -1.989480
v -1.200000 0.897569 -1.183653
v -0.850002 0.897567 -1.184902
v 1.200000 0.897571 -1.742407
v 1.188001 0.295000 -1.888407
v 1.188001 0.897601 -0.936102
v 0.862002 0.295000 -1.036407
v 1.180000 0.770001 -1.232407
v 1.180000 0.349455 -1.232407
v 0.870002 0.770001 -1.232407
v 1.180000 0.770001 -1.692407
v 1.184000 0.295000 -1.742407
v 1.180000 0.348921 -1.692407
v 1.180000 0.396667 -1.692407
v 1.180000 0.723334 -1.692407
v 1.180000 0.436667 -1.732407
v 1.180000 0.683334 -1.732407
v 1.184000 0.295000 -1.129407
v 1.180000 0.723334 -1.232407
v 1.180000 0.396667 -1.232407
v 1.180000 0.683334 -1.192407
v 1.180000 0.436667 -1.192407
v 0.850002 0.897571 -1.742407
v 0.866002 0.295000 -1.129407
v 0.866002 0.295000 -1.742407
v 0.870002 0.349455 -1.692407
v 0.870002 0.348921 -1.232407
v 0.870002 0.770001 -1.692407
v 1.180000 0.833786 -1.729907
v 1.180001 0.834867 -1.199162
v 0.870002 0.833786 -1.725740
v 0.870002 0.834111 -1.192432
v 0.862002 0.295000 -1.889907
v 0.862002 0.897537 -0.935333
v 1.188001 0.295000 -1.034907
v 0.865002 0.897601 -1.988711
v 1.185001 0.897537 -1.989480
v 1.200000 0.897569 -1.183653
v 0.850002 0.897567 -1.184902
v -1.200000 0.897571 1.742407
v -1.188001 0.295000 1.888407
v -1.188001 0.897601 0.936102
v -0.862002 0.295000 1.036407
v -1.180000 0.770001 1.232407
v -1.180000 0.349455 1.232407
v -0.870002 0.770001 1.232407
v -1.180000 0.770001 1.692407
v -1.184000 0.295000 1.742407
v -1.180000 0.348921 1.692407
v -1.180000 0.396667 1.692407
v -1.180000 0.723334 1.692407
v -1.180000 0.436667 1.732407
v -1.180000 0.683334 1.732407
v -1.184000 0.295000 1.129407
v -1.180000 0.723334 1.232407
v -1.180000 0.396667 1.232407
v -1.180000 0.683334 1.192407
v -1.180000 0.436667 1.192407
v -0.850002 0.897571 1.742407
v -0.866002 0.295000 1.129407
v -0.866002 0.295000 1.742407
v -0.870002 0.349455 1.692407
v -0.870002 0.348921 1.232407
v -0.870002 0.770001 1.692407
v -1.180000 0.833786 1.729907
v -1.180001 0.834867 1.199162
v -0.870002 0.833786 1.725740
v -0.870002 0.834111 1.192432
v -0.862002 0.295000 1.889907
v -0.862002 0.897537 0.935333
v -1.188001 0.295000 1.034907
v -0.865002 0.897601 1.988711
v -1.185001 0.897537 1.989480
v -1.200000 0.897569 1.183653
v -0.850002 0.897567 1.184902
v 1.200000 0.897571 1.742407
v 1.188001 0.295000 1.888407
v 1.188001 0.897537 0.935332
v 0.862002 0.295000 1.034907
v 1.180000 0.770001 1.232407
v 1.180000 0.349455 1.232407
v 0.870002 0.770001 1.232407
v 1.180000 0.770001 1.692407
v 1.184000 0.295000 1.742407
v 1.180000 0.348921 1.692407
v 1.180000 0.396667 1.692407
v 1.180000 0.723334 1.692407
v 1.180000 0.436667 1.732407
v 1.180000 0.683334 1.732407
v 1.184000 0.295000 1.129406
v 1.180000 0.723334 1.232407
v 1.180000 0.396667 1.232407
v 1.180000 0.683334 1.192407
v 1.180000 0.436667 1.192407
v 0.850002 0.897571 1.742407
v 0.866002 0.295000 1.129407
v 0.866002 0.295000 1.742407
v 0.870002 0.349455 1.692407
v 0.870002 0.348921 1.232407
v 0.870002 0.770001 1.692407
v 1.180000 0.833786 1.729907
v 1.180002 0.834867 1.199162
v 0.870002 0.833786 1.725740
v 0.870002 0.834110 1.192432
v 0.862002 0.295000 1.889907
v 0.862002 0.897601 0.936102
v 1.188001 0.295000 1.036407
v 0.865002 0.897601 1.988711
v 1.185001 0.897537 1.989480
v 1.200000 0.897569 1.183653
v 0.850002 0.897567 1.184902
vn -0.9992 0.0075 -0.0396
vn -0.9975 -0.0030 -0.0699
vn -0.9987 0.0060 -0.0499
vn -0.8848 -0.3146 0.3437
vn -0.9190 -0.3737 0.1254
vn -0.9406 -0.3390 0.0205
vn 0.7830 0.6221 -0.0000
vn -0.7830 -0.6221 -0.0000
vn -0.0000 -1.0000 -0.0000
vn -0.0000 -0.0000 -1.0000
vn -0.6549 -0.7557 -0.0000
vn 1.0000 -0.0000 -0.0000
vn -0.0178 -0.9991 -0.0395
vn 0.0196 -0.9899 -0.1407
vn -0.0104 -0.9997 -0.0239
vn 0.6911 0.0150 0.7226
vn 0.7771 0.0227 0.6290
vn 0.8590 0.0349 0.5107
vn 0.5987 -0.0067 0.8010
vn 0.2031 -0.9647 0.1677
vn 0.5681 -0.7311 0.3779
vn -0.7456 -0.1518 0.6489
vn -0.6822 -0.4696 0.5604
vn -0.6771 -0.4840 0.5543
vn -0.7108 -0.5326 -0.4595
vn -0.2858 -0.7560 -0.5888
vn -0.7297 0.0640 0.6807
vn -0.7428 0.0237 0.6690
vn -0.5956 -0.0067 0.8033
vn -0.8027 0.0612 0.5932
vn -0.8580 0.0070 0.5136
vn -0.9990 -0.0258 0.0357
vn -0.9988 -0.0471 -0.0103
vn -0.9999 -0.0028 0.0132
vn -0.4990 -0.0119 -0.8665
vn -0.6164 0.0901 -0.7822
vn -0.5663 0.0448 -0.8230
vn 0.7333 0.0661 -0.6767
vn 0.7439 0.0257 -0.6678
vn 0.5956 -0.0067 -0.8033
vn 0.8062 0.0633 -0.5882
vn 0.8589 0.0092 -0.5121
vn 0.7406 -0.1608 -0.6524
vn 0.6371 -0.5727 -0.5159
vn 0.6304 -0.5865 -0.5085
vn -0.2018 -0.9653 -0.1660
vn -0.2417 -0.9502 0.1969
vn 0.2403 -0.9509 -0.1949
vn -0.9490 -0.3154 0.0008
vn -0.9999 0.0169 -0.0004
vn -0.9854 -0.1704 0.0008
vn 0.0063 0.1789 -0.9838
vn 0.0044 -0.0989 -0.9951
vn 0.0039 0.1131 -0.9936
vn -0.0430 0.9137 0.4041
vn -0.0441 0.9141 0.4031
vn -0.0383 0.9118 0.4088
vn 0.0025 0.9994 -0.0340
vn 0.0056 0.9988 -0.0496
vn 0.0031 0.9995 -0.0302
vn 0.0001 -0.0163 0.9999
vn -0.0061 0.0237 0.9997
vn 0.0008 -0.0194 0.9998
vn -0.0000 -1.0000 0.0001
vn 0.9070 -0.3711 -0.1993
vn 0.9337 -0.3423 0.1051
vn 0.9468 -0.2988 -0.1198
vn -0.9622 -0.2612 -0.0772
vn 0.9913 -0.1053 -0.0796
vn -1.0000 -0.0000 -0.0000
vn -0.1432 -0.7567 0.6379
vn -0.0422 -0.7175 0.6953
vn 0.0841 -0.6537 0.7521
vn -0.1772 -0.0533 0.9827
vn -0.1124 -0.0130 0.9936
vn -0.0157 0.0465 0.9988
vn -0.0030 0.7036 0.7106
vn 0.0427 0.6850 0.7273
vn -0.0545 0.7223 0.6894
vn 0.0711 0.0994 0.9925
vn 0.1729 -0.0619 -0.9830
vn -0.1967 0.3153 -0.9284
vn -0.0253 0.8881 -0.4590
vn 0.0563 0.8105 -0.5830
vn 0.0201 0.9769 -0.2125
vn -0.0145 -0.8867 -0.4622
vn -0.0376 -0.8254 -0.5634
vn 0.0109 -0.9900 -0.1408
vn -0.0049 1.0000 0.0053
vn -0.0338 0.9978 -0.0571
vn -0.0082 -0.6583 0.7528
vn 0.0577 -0.6274 0.7765
vn -0.0592 -0.6795 0.7313
vn -0.1272 -0.0222 0.9916
vn -0.0702 0.0131 0.9974
vn 0.0023 0.0575 0.9983
vn -0.0382 -0.5388 -0.8415
vn -0.0085 -0.3403 -0.9403
vn 0.0296 -0.7114 -0.7022
vn -0.0199 0.7911 -0.6113
vn 0.0161 0.5479 -0.8364
vn -0.0182 0.4107 -0.9116
vn -0.0000 -0.0000 1.0000
vn -0.0147 0.9104 -0.4134
vn -0.0059 0.9895 -0.1444
vn 0.0372 -0.8942 -0.4461
vn -0.0116 -0.9770 -0.2129
vn -0.0030 0.4674 -0.8841
vn -0.0168 0.5185 -0.8549
vn -0.0197 0.5290 -0.8484
vn 0.0063 0.6404 -0.7680
vn -0.0349 0.6237 -0.7809
vn -0.0613 0.6123 -0.7882
vn -0.1123 -0.6131 0.7820
vn -0.0408 -0.5719 0.8193
vn 0.0189 -0.5340 0.8453
vn 0.0595 0.5082 0.8592
vn 0.0003 0.4773 0.8787
vn -0.0592 0.4440 0.8941
vn -0.0006 -0.9805 0.1967
vn 0.0499 -0.9306 0.3627
vn -0.0077 -0.9933 0.1150
vn -0.0256 -0.9987 -0.0436
vn 0.0285 -0.6719 -0.7401
vn -0.0040 -0.6573 -0.7536
vn 0.0584 -0.6844 -0.7268
vn -0.0413 0.6786 -0.7334
vn -0.0964 0.6545 -0.7499
vn 0.0420 0.7098 -0.7031
vn -0.0575 -0.5464 0.8355
vn -0.0026 -0.5141 0.8577
vn 0.0354 -0.4903 0.8708
vn 0.1152 0.4390 0.8911
vn 0.0418 0.3815 0.9234
vn -0.0000 0.3473 0.9377
vn 0.0420 0.9644 0.2610
vn -0.0739 0.8999 0.4297
vn -0.0178 0.9946 0.1024
vn 0.0067 0.9456 0.3253
vn -0.0084 0.9884 0.1516
vn -0.0098 0.9926 0.1213
vn 0.0334 0.9994 -0.0123
vn 0.0066 0.9998 -0.0194
vn -0.0000 0.9998 -0.0212
vn -0.0421 0.9990 -0.0159
vn -0.0149 0.6755 -0.7372
vn 0.0019 0.6694 -0.7429
vn -0.0226 0.6781 -0.7346
vn 0.0072 -0.0786 0.9969
vn 0.0062 -0.0799 0.9968
vn 0.0045 -0.0824 0.9966
vn 0.0038 -0.9974 0.0724
vn 0.0007 -0.9963 0.0856
vn 0.0044 -0.9976 0.0696
vn -0.0072 -0.0786 -0.9969
vn -0.0062 -0.0799 -0.9968
vn -0.0045 -0.0824 -0.9966
vn -0.0039 0.9999 -0.0157
vn 0.0004 1.0000 -0.0097
vn -0.0121 0.9999 -0.0014
vn -0.9389 0.1385 -0.3152
vn 0.9953 0.0054 0.0966
vn -0.9957 -0.0076 -0.0925
vn -0.5459 -0.7261 0.4180
vn 0.7850 0.5911 -0.1854
vn 0.9964 0.0844 0.0099
vn 0.9991 0.0405 -0.0081
vn 0.9915 0.1158 -0.0594
vn 0.9977 0.0646 0.0213
vn 0.9982 -0.0259 -0.0535
vn -0.7876 0.3069 -0.5343
vn -0.7632 0.2847 0.5800
vn -0.0085 0.6687 -0.7434
vn -0.0035 0.6669 -0.7451
vn -0.0120 0.6700 -0.7422
vn -0.0044 -0.9992 -0.0388
vn -0.0042 -0.9992 -0.0390
vn -0.0086 -0.9994 -0.0345
vn -0.0059 -0.6754 -0.7374
vn 0.0063 -0.6911 -0.7227
vn 0.0059 -0.6754 -0.7374
vn -0.0015 -0.9999 -0.0101
vn 0.0026 -0.9998 0.0175
vn 0.0029 -0.9998 0.0197
vn 0.9388 0.1849 -0.2908
vn 0.0319 -0.9956 0.0881
vn 0.0338 -0.9954 0.0897
vn 0.0263 -0.9962 0.0833
vn 0.0058 0.0240 -0.9997
vn -0.0008 -0.0194 -0.9998
vn 0.0178 -0.9998 -0.0042
vn 0.0197 -0.9998 -0.0021
vn 0.0327 -0.9994 0.0122
vn -0.0038 -0.9974 -0.0724
vn -0.0007 -0.9963 -0.0856
vn -0.0044 -0.9976 -0.0696
vn -0.0318 -0.9952 -0.0921
vn -0.0282 -0.9956 -0.0894
vn -0.0399 -0.9944 -0.0982
vn 0.9986 0.0262 -0.0455
vn 0.9999 0.0054 0.0086
vn 0.9848 0.1660 -0.0512
vn 0.0606 -0.9976 0.0327
vn 0.0207 -0.9976 -0.0664
vn -0.9975 -0.0093 -0.0702
vn -0.9980 0.0450 -0.0443
vn -0.9990 -0.0043 -0.0456
vn 0.9025 0.4212 -0.0902
vn 0.9379 0.2925 -0.1867
vn 0.9284 0.2896 -0.2330
vn -0.7820 -0.6233 -0.0000
vn -0.7806 -0.6250 -0.0001
vn 0.9957 -0.0893 -0.0236
vn 0.9983 -0.0397 0.0429
vn 0.9955 -0.0632 -0.0706
vn -0.8928 0.3616 0.2686
vn 0.6757 0.0232 0.7368
vn 0.8878 -0.4486 -0.1026
vn -0.0334 0.9994 -0.0123
vn -0.0066 0.9998 -0.0194
vn -0.0401 0.9991 -0.0105
vn 0.0334 0.9994 0.0123
vn 0.0066 0.9998 0.0194
vn 0.0401 0.9991 0.0105
vn -0.0014 -0.9444 0.3287
vn -0.0032 -0.9433 0.3320
vn -0.0000 -0.9453 0.3261
vn 0.0282 -0.9956 -0.0894
vn 0.0318 -0.9952 -0.0921
vn 0.0399 -0.9944 -0.0982
vn 0.0293 -0.8968 0.4414
vn -0.0319 -0.9956 0.0881
vn -0.0338 -0.9954 0.0897
vn -0.0399 -0.9947 0.0950
vn -0.0178 -0.9998 -0.0042
vn -0.0197 -0.9998 -0.0021
vn -0.0049 -0.9998 -0.0185
vn -0.0282 -0.9956 0.0894
vn -0.0318 -0.9952 0.0921
vn -0.0399 -0.9944 0.0982
vn -0.0293 -0.8968 0.4414
vn 0.0319 -0.9956 -0.0881
vn 0.0338 -0.9954 -0.0897
vn 0.0399 -0.9947 -0.0950
vn 0.0178 -0.9998 0.0042
vn 0.0197 -0.9998 0.0021
vn 0.0049 -0.9998 0.0185
vn -0.0334 0.9994 0.0123
vn -0.0066 0.9998 0.0194
vn -0.0000 0.9998 0.0212
vn 0.0318 -0.9952 0.0921
vn 0.0282 -0.9956 0.0894
vn 0.0399 -0.9944 0.0982
vn 0.0293 -0.8968 -0.4414
vn -0.0319 -0.9956 -0.0881
vn -0.0338 -0.9954 -0.0897
vn -0.0263 -0.9962 -0.0833
vn -0.0178 -0.9998 0.0042
vn -0.0197 -0.9998 0.0021
vn -0.0327 -0.9994 -0.0122
vn 1.0000 -0.0002 -0.0000
vn 1.0000 -0.0005 -0.0000
vn 1.0000 0.0003 -0.0000
vn -0.0017 0.4697 -0.8828
vn -0.0099 0.5005 -0.8657
vn -0.0116 0.5068 -0.8620
vn 0.0140 -0.9833 -0.1817
vn 0.0058 -0.9841 -0.1777
vn -0.0000 -0.9846 -0.1748
vn -1.0000 0.0001 0.0012
vn -0.0293 -0.8968 -0.4414
vn -0.9146 0.0723 -0.3979
vn 0.9219 0.2440 0.3009
vn 0.8906 0.3685 0.2665
vn 0.9027 0.4302 0.0070
vn 0.9246 -0.1670 -0.3423
vn 0.8789 -0.2722 -0.3917
vn 0.9165 -0.3324 -0.2227
vn 0.0082 0.9998 0.0205
vn -0.0167 0.9977 0.0663
vn -0.0115 0.9999 0.0032
vn 0.0058 -0.2668 -0.9637
vn 0.0078 -0.2642 -0.9644
vn -0.0766 -0.3696 -0.9260
vn 0.0189 0.1440 0.9894
vn 0.0496 0.0701 0.9963
vn -0.0447 0.2935 0.9549
vn 0.1732 -0.9411 -0.2904
vn 0.1969 -0.9238 -0.3283
vn 0.1161 -0.9731 -0.1990
vn 0.0730 0.9541 0.2903
vn 0.1674 0.9854 0.0313
vn 0.1252 0.9804 0.1520
vn -0.0153 -0.7776 0.6285
vn -0.0221 -0.7731 0.6339
vn -0.1149 -0.7030 0.7018
vn -0.8922 0.4160 0.1758
vn -0.9317 0.3607 -0.0419
vn -0.8900 0.2479 0.3827
vn -0.8761 -0.1231 -0.4661
vn -0.0466 0.4410 -0.8963
vn -0.7917 0.5220 -0.3174
vn -0.8800 0.4334 -0.1942
vn 0.0592 -0.2652 -0.9624
vn -0.0152 -0.2032 -0.9790
vn -0.0471 -0.1761 -0.9833
vn -0.1402 -0.3939 0.9084
vn -0.1649 -0.3542 0.9205
vn -0.0894 -0.4712 0.8775
vn 0.0110 0.2469 -0.9690
vn 0.0014 0.1991 -0.9800
vn 0.0130 0.2566 -0.9664
vn 0.1628 -0.9866 0.0131
vn 0.0322 -0.9890 -0.1442
vn 0.0273 -0.9883 -0.1500
vn 0.0171 0.7938 -0.6079
vn -0.0825 0.8585 -0.5061
vn -0.0810 0.8577 -0.5078
vn 1.0000 -0.0054 -0.0052
vn 1.0000 -0.0065 -0.0012
vn 1.0000 -0.0051 -0.0061
vn -0.9570 -0.2897 0.0122
vn -0.9976 -0.0694 -0.0026
vn -0.9986 -0.0521 0.0058
vn 1.0000 -0.0009 0.0026
vn 0.9945 -0.0756 0.0721
vn 1.0000 -0.0010 0.0051
vn -0.8886 0.2684 0.3720
vn -0.9648 0.2427 0.1010
vn -0.9901 0.0042 0.1400
vn -0.8802 -0.0220 -0.4740
vn -0.9125 -0.2376 -0.3331
vn -0.9745 0.0145 -0.2240
vn -0.8884 -0.2684 0.3724
vn -0.9651 -0.2458 0.0905
vn -0.8598 -0.4535 0.2348
vn -0.3007 0.4578 -0.8366
vn -0.8823 0.3830 -0.2737
vn -0.4057 -0.9117 -0.0645
vn 0.9179 0.3484 -0.1900
vn 0.8615 0.3608 -0.3573
vn 0.8879 0.3374 -0.3127
vn 0.3338 0.0627 0.9406
vn 0.8930 -0.2100 -0.3979
vn 0.7787 -0.4538 -0.4333
vn 0.8995 0.3794 0.2169
vn 0.7776 0.4830 0.4025
vn 0.8507 0.4277 0.3055
vn 0.3433 -0.9305 0.1279
vn 0.2315 0.9727 -0.0157
vn 0.2468 0.9689 -0.0174
vn 0.2303 0.9730 -0.0155
vn 0.7809 -0.5032 0.3701
vn 0.9978 -0.0491 0.0450
vn 0.9975 -0.0618 0.0355
vn -0.4710 -0.0011 0.8821
vn -0.0182 0.5016 0.8649
vn 0.0674 -0.5006 -0.8631
vn -0.6252 -0.0008 -0.7805
vn -0.0045 0.0145 0.9999
vn 0.1830 0.0005 -0.9831
vn 0.0043 -0.9960 0.0894
vn -0.0000 -0.9966 0.0826
vn -0.0000 -0.0337 -0.9994
vn -0.0000 -0.0345 -0.9994
vn 0.1632 -0.9866 0.0047
vn 0.1677 -0.9858 0.0031
vn 0.1758 -0.9844 -0.0000
vn -0.9997 0.0228 0.0008
vn 0.9977 0.0240 -0.0626
vn 0.9979 -0.0321 0.0570
vn 0.9985 -0.0352 0.0414
vn 0.4711 -0.0009 0.8821
vn -0.0259 0.5015 0.8647
vn -0.0483 -0.5011 -0.8640
vn 0.6249 -0.0008 -0.7807
vn 0.0039 0.0181 0.9998
vn -0.1834 0.0005 -0.9830
vn -0.9990 0.0395 -0.0227
vn -0.9980 0.0630 -0.0092
vn -0.9991 0.0254 0.0335
vn -0.4711 -0.0009 -0.8821
vn 0.0259 0.5015 -0.8647
vn 0.0483 -0.5011 0.8640
vn -0.6249 -0.0008 0.7807
vn -0.0039 0.0181 -0.9998
vn 0.1834 0.0005 0.9830
vn -1.0000 -0.0005 -0.0000
vn -1.0000 -0.0002 -0.0000
vn -1.0000 0.0003 -0.0000
vn -0.0000 0.9999 0.0100
vn 0.0058 1.0000 0.0061
vn -0.0088 0.9998 0.0160
vn 0.4710 -0.0011 -0.8821
vn 0.0182 0.5016 -0.8649
vn -0.0674 -0.5006 0.8631
vn 0.6252 -0.0008 0.7805
vn 0.0045 0.0145 -0.9999
vn -0.1830 0.0005 0.9831
vn -0.9981 -0.0052 -0.0606
vn 0.0099 0.5005 -0.8657
vn 0.0017 0.4697 -0.8828
vn 0.0116 0.5068 -0.8620
vn 0.6731 -0.0179 0.7393
vn -0.0905 0.3096 0.9465
vn -0.0988 0.3275 0.9397
vn -0.0832 0.2939 0.9522
vn -0.6635 -0.0124 0.7481
vn -0.0002 -0.1629 -0.9866
vn 0.0024 -0.1643 -0.9864
vn -0.0024 -0.1618 -0.9868
vn 0.5874 -0.0897 -0.8043
vn 0.9986 -0.0304 -0.0423
vn -0.9986 -0.0304 -0.0430
vn 0.9981 -0.0050 -0.0608
vn 0.0110 0.2469 0.9690
vn 0.0014 0.1991 0.9800
vn -0.0000 0.1923 0.9813
vn 0.0216 0.2466 -0.9689
vn 0.9981 -0.0052 -0.0606
vn -0.0099 0.5005 0.8657
vn -0.0017 0.4697 0.8828
vn -0.0116 0.5068 0.8620
vn 0.0030 0.4674 0.8841
vn 0.0168 0.5185 0.8549
vn 0.0197 0.5290 0.8484
vn 0.9994 0.0006 0.0359
vn 0.9999 0.0057 0.0124
vn 0.9992 -0.0000 0.0388
vn 0.9973 0.0007 -0.0729
vn 0.9998 0.0067 -0.0160
vn 0.9999 0.0070 -0.0134
vn 0.9285 -0.0000 0.3714
vn 0.0045 -0.1654 -0.9862
vn 0.0002 -0.1629 0.9866
vn -0.0024 -0.1643 0.9864
vn 0.0024 -0.1618 0.9868
vn -0.5874 -0.0897 -0.8043
vn -0.9986 -0.0305 -0.0430
vn 0.9986 -0.0303 -0.0423
vn -0.9981 -0.0050 -0.0608
vn -0.0110 0.2469 -0.9690
vn -0.0014 0.1991 -0.9800
vn -0.0000 0.1923 -0.9813
vn 0.7533 -0.0788 -0.6529
vn 0.0035 0.1189 -0.9929
vn -0.9981 -0.0052 0.0606
vn 0.0017 0.4697 0.8828
vn 0.0099 0.5005 0.8657
vn 0.0116 0.5068 0.8620
vn -0.0168 0.5185 0.8549
vn -0.0030 0.4674 0.8841
vn -0.0197 0.5290 0.8484
vn -0.9994 0.0006 0.0359
vn -0.9999 0.0057 0.0124
vn -0.9999 0.0062 0.0100
vn -0.9973 0.0007 -0.0729
vn -0.9998 0.0067 -0.0160
vn -0.9968 -0.0000 -0.0797
vn -0.9285 -0.0000 -0.3714
vn -0.0002 -0.1629 0.9866
vn 0.0024 -0.1643 0.9864
vn 0.0045 -0.1654 0.9862
vn 0.5874 -0.0897 0.8043
vn 0.9986 -0.0305 0.0430
vn -0.9986 -0.0303 0.0423
vn 0.9981 -0.0050 0.0608
vn -0.7533 -0.0788 0.6529
vn -0.0035 0.1189 0.9929
vn 0.9981 -0.0052 0.0606
vn 0.0168 0.5185 -0.8549
vn 0.0030 0.4674 -0.8841
vn 0.0197 0.5290 -0.8484
vn -0.6731 -0.0179 -0.7393
vn 0.9994 0.0006 -0.0359
vn 0.9999 0.0057 -0.0124
vn 0.9999 0.0062 -0.0100
vn 0.9973 0.0007 0.0729
vn 0.9998 0.0067 0.0160
vn 0.9968 -0.0000 0.0797
vn 0.6635 -0.0124 -0.7481
vn 0.0002 -0.1629 -0.9866
vn -0.0024 -0.1643 -0.9864
vn -0.0045 -0.1654 -0.9862
vn -0.5874 -0.0897 0.8043
vn -0.9986 -0.0304 0.0423
vn 0.9986 -0.0304 0.0430
vn -0.9981 -0.0050 0.0608
vn -0.0110 0.2469 0.9690
vn -0.0014 0.1991 0.9800
vn -0.0130 0.2566 0.9664
vn -0.0216 0.2466 0.9689
vn -0.9381 0.2616 -0.2271
vn -0.9329 0.3600 -0.0077
vn -0.9426 0.2878 -0.1693
vn -1.0000 -0.0058 0.0004
vn -1.0000 -0.0058 0.0001
vn -1.0000 -0.0057 0.0004
vn 0.0103 0.9994 0.0343
vn 0.0127 0.9937 -0.1109
vn -0.0043 -0.9960 -0.0894
vn -0.0000 -0.9966 -0.0826
vn -0.9973 0.0007 0.0729
vn -0.9998 0.0067 0.0160
vn -0.9999 0.0070 0.0134
vn 0.1163 0.0217 0.9930
vn 0.1172 0.0316 0.9926
vn 0.1199 0.0615 0.9909
vn 1.0000 -0.0003 0.0007
vn 0.9995 0.0323 0.0005
vn 0.9996 0.0281 0.0004
vn -0.0000 0.9999 -0.0100
vn -0.0058 1.0000 -0.0061
vn 0.0088 0.9998 -0.0160
vn -0.0995 -0.9943 0.0372
vn 0.8325 0.0013 0.5540
vn 0.5247 0.0250 0.8509
vn 0.4522 0.7173 0.5301
vn -0.0000 0.0098 -1.0000
vn -0.0000 0.8140 -0.5809
vn -0.0000 1.0000 -0.0000
vn 0.1087 -0.9933 0.0406
vn -0.9981 0.0481 0.0375
vn -0.1085 -0.9933 -0.0405
vn 0.0019 0.0605 0.9982
vn -0.0042 -0.0010 1.0000
vn -0.0047 -0.0057 1.0000
vn 0.0995 -0.9943 -0.0372
vn -0.9327 -0.3105 -0.1835
vn -0.9381 -0.1070 -0.3294
vn -0.9321 -0.2831 -0.2261
vn -0.7466 -0.1343 0.6516
vn -0.5992 0.5926 -0.5384
vn -0.4362 -0.0614 -0.8978
vn 0.7421 -0.1355 -0.6564
vn -0.0042 -0.2249 0.9744
vn -0.0056 -0.0994 0.9950
vn -0.9998 0.0202 -0.0007
vn 0.0022 -0.2250 -0.9744
vn 0.0661 -0.9968 0.0451
vn -0.0096 -0.9932 -0.1161
vn 0.1423 -0.0030 -0.9898
vn 0.1421 -0.0044 -0.9898
vn 0.1426 -0.0000 -0.9898
vn -0.9986 -0.0426 -0.0320
vn -0.9978 -0.0564 -0.0361
vn -0.9999 0.0008 -0.0142
vn -0.0000 -0.0337 0.9994
vn -0.0000 -0.0345 0.9994
vn 0.3662 -0.9301 0.0294
vn 0.7876 0.6162 -0.0000
vn 0.3320 -0.9429 -0.0266
vn 0.7945 0.6073 -0.0000
vn 0.1320 0.9912 -0.0105
vn 0.1224 0.9924 0.0098
vn -0.3603 -0.9324 -0.0289
vn -0.7702 0.6378 -0.0000
vn -0.3374 -0.9410 0.0271
vn -0.1218 0.9925 -0.0097
vn -0.8095 0.5872 -0.0000
vn -0.1326 0.9911 0.0106
vn -0.9997 -0.0000 -0.0230
vn -0.9622 -0.2613 0.0772
vn -0.9148 0.1569 0.3723
vn -0.9913 -0.1053 -0.0796
vn -0.9147 0.1569 -0.3724
vn -0.9913 -0.1053 0.0796
vn -0.9997 -0.0000 0.0230
vn 0.9997 -0.0000 -0.0230
vn 0.9622 -0.2612 0.0772
vn 0.9147 0.1570 0.3724
vn 0.9997 -0.0000 0.0230
vn 0.9622 -0.2613 -0.0772
vn 0.9148 0.1568 -0.3723
vn 0.9913 -0.1053 0.0796
vn -0.0556 0.6908 -0.7209
vn -0.0564 0.6915 -0.7202
vn -0.0645 0.6979 -0.7133
vn 0.0041 -0.9881 0.1535
vn -0.0391 -0.9980 -0.0491
vn 0.0108 -0.9920 0.1256
vn 0.9321 0.3404 0.1238
vn 0.1744 -0.5980 0.7823
vn -0.0948 0.7352 0.6712
vn 0.1598 0.7426 -0.6503
vn 0.0233 0.9997 -0.0040
vn 0.1028 -0.6041 0.7903
vn -0.0888 -0.2403 -0.9666
vn 0.0933 0.2597 -0.9612
vn 0.0351 0.6512 -0.7581
vn 0.0960 -0.4805 0.8717
vn -0.1128 0.4119 0.9042
vn -0.0023 0.0640 -0.9979
vn 0.0043 -0.0005 -1.0000
vn 0.0048 -0.0054 -1.0000
vn 0.0800 -0.9240 0.3740
vn -0.0477 -0.9975 -0.0526
vn -0.0344 -0.6428 -0.7652
vn 0.0964 0.7269 -0.6799
vn 0.0853 -0.4575 0.8851
vn -0.0804 0.2783 0.9571
vn -0.9988 0.0201 0.0440
vn -0.9994 0.0142 0.0312
vn -0.9983 0.0244 0.0535
vn -0.1356 0.8821 0.4511
vn -0.0184 0.9995 -0.0256
vn 0.0059 -0.6754 0.7374
vn -0.0063 -0.6911 0.7227
vn -0.0059 -0.6754 0.7374
vn -0.9967 0.0717 0.0379
vn -0.9994 0.0006 -0.0359
vn -0.9999 0.0057 -0.0124
vn -0.9992 -0.0000 -0.0388
vn -0.0003 -0.8855 -0.4646
vn -0.0012 -0.8845 -0.4666
vn -0.0015 -0.8840 -0.4674
vn 0.9996 -0.0268 -0.0021
vn 0.9982 -0.0607 0.0004
vn 0.9999 -0.0146 0.0014
vn -0.9115 -0.0863 0.4023
vn -0.9140 -0.0005 0.4056
vn -0.0015 -0.9999 -0.0105
vn 0.0023 -0.9999 0.0156
vn 0.0026 -0.9998 0.0177
vn 0.0090 -0.0792 -0.9968
vn 0.0291 -0.0667 -0.9974
vn 0.0494 -0.0539 -0.9973
vn -0.0045 -0.1654 0.9862
vn 0.0017 -0.9948 -0.1021
vn 0.0065 -0.9959 -0.0904
vn 0.0205 -0.9960 -0.0871
vn 0.9663 0.2542 0.0414
vn 0.9749 -0.0971 -0.2003
vn 0.7967 0.6028 -0.0437
vn 0.6982 -0.4716 0.5387
vn 0.5278 -0.6141 -0.5868
vn -0.1199 0.0224 -0.9925
vn -0.1207 0.0337 -0.9921
vn -0.1229 0.0648 -0.9903
vn 0.0085 0.6687 0.7434
vn 0.0035 0.6669 0.7451
vn 0.0120 0.6700 0.7422
vn -0.0892 -0.7106 -0.6979
vn -0.1375 -0.0029 0.9905
vn -0.1374 -0.0044 0.9905
vn -0.1377 -0.0000 0.9905
vn 0.0199 -0.0575 -0.9981
vn 0.0287 -0.0526 -0.9982
vn 0.0371 -0.0479 -0.9982
vn 0.8844 0.0922 0.4575
vn 0.9094 0.0363 0.4144
vn 0.0135 0.9989 -0.0444
vn 0.9873 -0.1006 -0.1229
vn 0.9990 -0.0301 -0.0345
vn -0.9986 -0.0029 0.0533
vn -0.9986 0.0394 0.0355
vn -0.9522 -0.2571 0.1647
vn -0.9997 -0.0190 -0.0156
vn -0.9998 -0.0180 0.0131
vn 0.0014 -0.9444 -0.3287
vn 0.0032 -0.9433 -0.3320
vn -0.0000 -0.9453 -0.3261
vn -0.9968 -0.0301 -0.0740
vn -0.9951 0.0547 -0.0826
vn 0.9698 0.1950 -0.1462
vn -0.7304 -0.5605 0.3904
vn -0.9999 -0.0146 0.0014
vn -0.9982 -0.0607 0.0004
vn -0.9996 -0.0268 -0.0021
vn -0.9972 -0.0010 -0.0743
vn -0.9957 -0.0418 -0.0822
vn -0.9952 0.0422 -0.0883
vn 0.0140 -0.9833 0.1817
vn 0.0058 -0.9841 0.1777
vn 0.0197 -0.9826 0.1845
vn -0.9999 -0.0141 -0.0013
vn -0.9996 -0.0268 0.0021
vn -0.9983 -0.0576 -0.0002
vn 0.0106 -0.9845 0.1752
vn -0.0153 -0.9462 0.3232
vn -0.0014 -0.9444 -0.3287
vn -0.0032 -0.9433 -0.3320
vn -0.0046 -0.9424 -0.3345
vn 0.9999 -0.0146 -0.0014
vn 0.9982 -0.0607 -0.0004
vn 0.9996 -0.0268 0.0021
vn -0.9992 0.0075 0.0396
vn -0.9976 -0.0030 0.0699
vn -0.9999 -0.0005 0.0122
vn -0.0140 -0.9833 0.1817
vn -0.0058 -0.9841 0.1777
vn -0.0000 -0.9846 0.1748
vn 0.9999 -0.0123 -0.0004
vn 1.0000 0.0014 0.0011
vn 1.0000 0.0011 -0.0005
vn -0.0106 -0.9845 0.1752
vn 0.0153 -0.9462 0.3232
vn 0.0014 -0.9444 0.3287
vn 0.0032 -0.9433 0.3320
vn 0.0046 -0.9424 0.3345
vn -0.9982 -0.0607 -0.0004
vn -0.9999 -0.0146 -0.0014
vn -0.0140 -0.9833 -0.1817
vn -0.0058 -0.9841 -0.1777
vn -0.0197 -0.9826 -0.1845
vn 0.7830 -0.6221 -0.0000
vn -0.9999 -0.0123 0.0004
vn -1.0000 0.0014 -0.0011
vn -1.0000 0.0011 0.0005
vn 0.0106 -0.9845 -0.1752
vn -0.0153 -0.9462 -0.3232
vn 0.0149 0.6755 0.7372
vn -0.0019 0.6694 0.7429
vn 0.0226 0.6781 0.7346
vn -0.0011 0.0058 1.0000
vn -0.0114 -0.9989 -0.0451
vn -0.0000 -0.9989 -0.0466
vn -0.0191 -0.9947 -0.1006
vn 0.0002 -0.6794 0.7337
vn 0.0010 -0.6768 0.7361
vn 0.0012 -0.6763 0.7366
vn 0.9999 -0.0141 0.0013
vn 0.9983 -0.0576 0.0002
vn -0.0106 -0.9845 -0.1752
vn 0.0153 -0.9462 -0.3232
vn 0.9922 0.0387 -0.1181
vn 0.9291 -0.1648 -0.3310
vn -0.0067 -0.9456 0.3253
vn 0.9024 -0.4140 0.1196
vn 0.9137 -0.3310 -0.2357
vn 0.8891 -0.4574 0.0174
vn 0.9527 -0.1576 0.2598
vn 0.9101 -0.3349 0.2442
vn 0.0178 -0.9991 0.0395
vn -0.0190 -0.9905 0.1363
vn 0.0104 -0.9997 0.0239
vn 0.2419 -0.4357 0.8670
vn 0.0116 0.2815 -0.9595
vn 0.7692 0.2830 0.5728
vn 0.1151 -0.1224 -0.9858
vn 0.1329 -0.1367 0.9817
vn 0.2374 -0.8884 -0.3930
vn 0.2353 0.6748 0.6994
vn 0.2141 0.9703 -0.1129
vn 0.0894 -0.8383 0.5378
vn 0.0362 -0.6702 -0.7413
vn 0.0109 -0.6594 -0.7517
vn 0.0592 -0.6795 -0.7313
vn 0.9545 0.0683 -0.2902
vn 0.9978 0.0110 -0.0652
vn 0.9512 -0.1792 0.2512
vn -0.9149 0.4015 -0.0421
vn -0.8806 0.3436 0.3263
vn 0.7939 -0.6080 0.0001
vn 0.7679 -0.6406 0.0003
vn 0.7678 -0.6407 0.0003
vn -0.9591 0.1095 -0.2612
vn -0.8937 0.0229 -0.4482
vn -0.6729 0.6033 -0.4281
vn -0.9680 0.1127 -0.2243
vn -0.4736 -0.4180 -0.7753
vn -0.8903 -0.3540 0.2866
vn -0.9362 -0.3375 0.0981
vn -0.5653 -0.8181 -0.1058
vn -0.2098 -0.2782 0.9373
vn -0.1256 -0.1075 -0.9862
vn -0.1331 -0.8710 0.4728
vn -0.1745 0.9002 -0.3989
vn -0.1298 -0.9354 -0.3290
vn -0.9095 0.3128 0.2738
vn -0.9984 0.0499 0.0259
vn -0.9333 0.0021 0.3592
vn -0.9411 0.2555 0.2213
vn -0.8716 0.4487 0.1975
vn 0.0044 -0.9992 0.0388
vn 0.0042 -0.9992 0.0390
vn 0.0086 -0.9994 0.0345
vn -0.9416 -0.0266 0.3357
vn -0.9389 -0.2564 0.2297
vn -0.9385 -0.3453 0.0048
vn -0.8951 -0.3723 -0.2454
vn -0.8870 -0.4265 -0.1768
vn -0.9045 -0.0941 -0.4161
vn -0.9426 0.1206 -0.3114
vn -0.4283 -0.3054 0.8505
vn -0.3272 0.2746 0.9042
vn -0.2899 0.9286 -0.2315
vn 0.9460 0.1022 -0.3076
vn 0.9334 0.3295 -0.1422
vn 0.9025 0.2891 -0.3193
vn -0.8498 0.0300 -0.5263
vn -0.8620 0.0186 -0.5065
vn -0.8737 0.0072 -0.4864
vn 0.9008 -0.1750 -0.3975
vn 0.9992 0.0361 0.0143
vn 0.9977 0.0481 0.0476
vn 0.8767 -0.1728 0.4488
vn 0.8936 -0.3563 0.2730
vn 0.9403 0.2005 0.2749
vn 0.9284 -0.1390 0.3446
vn 0.8781 0.2699 0.3951
vn 0.2084 0.9776 0.0299
vn 0.9976 -0.0439 0.0532
vn 0.0034 0.1798 -0.9837
vn 0.8509 -0.3598 -0.3827
vn -0.3345 0.9420 -0.0272
vn -0.0875 0.9962 0.0001
vn -0.0000 -0.9985 -0.0551
vn -0.0547 -0.9970 -0.0543
vn 0.0228 -0.9987 -0.0466
vn 0.9992 0.0075 0.0396
vn 0.9975 -0.0030 0.0699
vn 0.9987 0.0060 0.0499
vn 0.7775 -0.5119 -0.3653
vn 0.9959 -0.0819 -0.0393
vn 0.9994 -0.0349 0.0015
vn -0.2426 -0.9538 0.1772
vn -0.0501 0.2167 -0.9750
vn -0.0884 -0.3404 0.9361
vn -0.6518 -0.0388 0.7574
vn -0.1660 0.0958 -0.9815
vn 0.1111 -0.0005 0.9938
vn -0.0055 -0.0253 -0.9997
vn 0.2989 0.9541 0.0173
vn 0.1469 0.9892 -0.0000
vn 0.3806 0.9243 -0.0267
vn 0.1549 -0.9878 0.0153
vn 0.1649 -0.9862 0.0167
vn 0.1554 -0.9877 0.0179
vn 0.2426 -0.9538 0.1772
vn 0.0617 0.2165 -0.9743
vn 0.0884 -0.3404 0.9361
vn 0.6544 -0.0387 0.7552
vn 0.1705 0.0957 -0.9807
vn -0.1359 -0.0006 0.9907
vn 0.0308 -0.0286 -0.9991
vn 0.6549 -0.7557 -0.0000
vn -0.7830 0.6221 -0.0000
vn -0.2989 0.9541 -0.0173
vn -0.1469 0.9892 -0.0000
vn -0.3806 0.9243 0.0267
vn 0.0039 0.9999 0.0157
vn -0.0004 1.0000 0.0097
vn 0.0121 0.9999 0.0014
vn -0.1549 -0.9878 -0.0153
vn -0.1649 -0.9862 -0.0167
vn -0.1554 -0.9877 -0.0179
vn -0.2426 -0.9538 -0.1772
vn -0.9985 0.0510 -0.0190
vn -0.0617 0.2165 0.9743
vn -0.0884 -0.3404 -0.9361
vn -0.6544 -0.0387 -0.7552
vn -0.1705 0.0957 0.9807
vn 0.1359 -0.0006 -0.9907
vn -0.0308 -0.0286 0.9991
vn -0.0039 -0.9987 0.0501
vn -0.0000 -0.9993 0.0371
vn 0.0145 -0.9962 0.0864
vn 1.0000 0.0004 -0.0000
vn 0.3345 0.9420 0.0272
vn 0.0875 0.9962 -0.0001
vn -0.2315 0.9727 0.0157
vn -0.2468 0.9689 0.0174
vn -0.2303 0.9730 0.0155
vn -0.0017 -0.9948 0.1021
vn -0.0065 -0.9959 0.0904
vn -0.0205 -0.9960 0.0871
vn -0.1632 -0.9866 -0.0047
vn -0.1677 -0.9858 -0.0031
vn -0.1758 -0.9844 -0.0000
vn 0.2426 -0.9538 -0.1772
vn 0.0501 0.2167 0.9750
vn 0.0884 -0.3404 -0.9361
vn 0.6518 -0.0388 -0.7574
vn 0.1660 0.0958 0.9815
vn -0.1111 -0.0005 -0.9938
vn 0.0055 -0.0253 0.9997
vn 0.0114 -0.9989 0.0451
vn -0.0000 -0.9989 0.0466
vn 0.0191 -0.9947 0.1006
vn 0.9992 0.0075 -0.0396
vn 0.9976 -0.0030 -0.0699
vn 0.9999 -0.0005 -0.0122
vn -0.9993 -0.0265 0.0274
vn -0.9988 0.0201 -0.0440
vn -0.9994 0.0142 -0.0312
vn -0.9285 -0.0000 0.3714
vn 0.0003 -0.8855 0.4646
vn 0.0012 -0.8845 0.4666
vn 0.0015 -0.8840 0.4674
vn -0.0002 -0.6794 0.7337
vn -0.0010 -0.6768 0.7361
vn -0.0000 -0.6799 0.7333
vn 0.9988 -0.0079 0.0482
vn -0.9988 -0.0081 0.0483
vn 0.9993 -0.0265 0.0271
vn -0.5638 -0.0150 0.8257
vn -0.7533 -0.0788 -0.6529
vn -0.0035 0.1189 -0.9929
vn 0.9993 -0.0265 0.0274
vn -0.6731 -0.0179 0.7393
vn 0.6635 -0.0124 0.7481
vn -0.0003 -0.8855 0.4646
vn -0.0012 -0.8845 0.4666
vn -0.0000 -0.8859 0.4638
vn 0.0002 -0.6794 -0.7337
vn 0.0010 -0.6768 -0.7361
vn -0.0000 -0.6799 -0.7333
vn -0.9988 -0.0081 0.0480
vn 0.9988 -0.0079 0.0484
vn -0.9993 -0.0265 0.0271
vn 0.5638 -0.0150 0.8257
vn -0.0216 0.2466 -0.9689
vn -0.9993 -0.0265 -0.0274
vn 0.6731 -0.0179 -0.7393
vn 0.9988 0.0201 -0.0440
vn 0.9994 0.0142 -0.0312
vn 0.9983 0.0244 -0.0535
vn -0.6635 -0.0124 -0.7481
vn -0.0002 -0.6794 -0.7337
vn -0.0010 -0.6768 -0.7361
vn -0.0012 -0.6763 -0.7366
vn 0.9988 -0.0081 -0.0480
vn -0.9988 -0.0079 -0.0484
vn 0.9993 -0.0265 -0.0271
vn -0.5638 -0.0150 -0.8257
vn 0.0216 0.2466 0.9689
vn 0.9993 -0.0265 -0.0274
vn 0.9988 0.0201 0.0440
vn 0.9994 0.0142 0.0312
vn 0.9285 -0.0000 -0.3714
vn 0.0003 -0.8855 -0.4646
vn 0.0012 -0.8845 -0.4666
vn -0.0000 -0.8859 -0.4638
vn -0.9988 -0.0079 -0.0482
vn 0.9988 -0.0081 -0.0483
vn -0.9993 -0.0265 -0.0271
vn 0.5638 -0.0150 -0.8257
vn 0.7533 -0.0788 0.6529
vn 0.0035 0.1189 0.9929
vn -0.9996 0.0130 -0.0260
vn -0.9999 -0.0006 -0.0122
vn -0.0114 -0.9998 -0.0147
vn -0.0027 -0.9996 -0.0296
vn -0.0318 -0.9986 -0.0427
vn -0.0777 -0.9953 -0.0585
vn -0.0008 -0.9999 0.0114
vn 0.0065 -0.9988 -0.0477
vn -0.0000 -0.9955 -0.0942
vn 0.0100 -0.9974 -0.0710
vn 0.0156 -0.9998 -0.0143
vn -0.0000 -1.0000 -0.0004
vn -0.9992 0.0163 0.0367
vn -0.9979 0.0103 0.0637
vn -0.9729 -0.2146 0.0858
vn -0.9996 0.0196 0.0205
vn -0.0482 0.9156 0.3991
vn 0.0024 0.9998 -0.0222
vn -0.0000 0.9995 -0.0301
vn -0.0000 0.9731 -0.2305
vn -0.0000 0.4561 -0.8899
vn 0.0181 0.9442 0.3289
vn 0.0401 0.9991 -0.0105
vn 0.0121 0.6656 -0.7462
vn 0.0089 -0.0761 0.9971
vn -0.0000 -0.9961 0.0884
vn -0.0089 -0.0761 -0.9971
vn -0.0034 0.2147 -0.9767
vn 0.0095 0.9998 -0.0169
vn -0.0000 0.6656 -0.7463
vn -0.0000 -0.9991 -0.0434
vn 0.0120 -0.6747 -0.7380
vn 0.0047 -0.6723 -0.7402
vn -0.0063 -0.6911 -0.7227
vn -0.0047 -0.6723 -0.7402
vn -0.0120 -0.6747 -0.7380
vn -0.0024 -0.9999 -0.0162
vn 0.0399 -0.9947 0.0950
vn 0.0049 -0.9998 -0.0185
vn -0.0000 -0.9961 -0.0884
vn -0.0200 -0.9963 -0.0833
vn 0.9976 0.0005 -0.0690
vn 0.9994 -0.0006 -0.0360
vn 0.9999 0.0105 -0.0106
vn 0.9983 -0.0299 0.0499
vn 0.9972 0.0638 0.0385
vn 0.9890 0.1284 -0.0736
vn 0.0498 -0.9981 0.0371
vn 0.9317 0.3170 -0.1773
vn -0.7829 -0.6221 -0.0000
vn -0.0046 -0.9424 0.3345
vn 0.0200 -0.9963 -0.0833
vn -0.0263 -0.9962 0.0833
vn -0.0327 -0.9994 0.0122
vn -0.0200 -0.9963 0.0833
vn 0.0263 -0.9962 -0.0833
vn 0.0327 -0.9994 -0.0122
vn -0.0401 0.9991 0.0105
vn 0.0200 -0.9963 0.0833
vn -0.0399 -0.9947 -0.0950
vn -0.0049 -0.9998 0.0185
vn -0.0000 0.4632 -0.8863
vn 0.0197 -0.9826 -0.1845
vn -1.0000 0.0004 -0.0000
vn 0.0024 0.9997 -0.0245
vn -0.0099 0.9999 0.0053
vn 0.0082 0.9999 0.0104
vn 0.0104 0.9999 -0.0000
vn 0.0059 0.9996 0.0268
vn -0.0189 0.9998 -0.0000
vn -0.0181 0.9998 0.0025
vn -0.0073 0.9999 0.0077
vn 1.0000 -0.0068 -0.0000
vn 0.2481 0.9686 -0.0175
vn 0.0065 -0.9956 0.0931
vn 0.0091 -0.9952 0.0972
vn -0.0000 -1.0000 0.0005
vn 0.1612 -0.9869 0.0055
vn -0.9999 0.0122 0.0001
vn 0.9988 0.0470 0.0148
vn -0.9969 0.0778 -0.0091
vn -0.9986 0.0526 -0.0000
vn -0.9796 0.1376 0.1462
vn -0.9981 0.0035 0.0620
vn -1.0000 -0.0006 -0.0000
vn 0.0147 0.9999 0.0001
vn 1.0000 -0.0006 -0.0000
vn -0.1097 0.3510 0.9299
vn 0.0130 0.2566 0.9664
vn -0.0000 0.4632 0.8863
vn -0.0000 0.4561 0.8899
vn 0.9999 0.0062 0.0100
vn 0.9968 -0.0000 -0.0797
vn -0.0130 0.2566 -0.9664
vn -0.9992 -0.0000 0.0388
vn -0.9999 0.0070 -0.0134
vn -0.0024 -0.1618 0.9868
vn 0.9992 -0.0000 -0.0388
vn 0.9999 0.0070 0.0134
vn 0.0024 -0.1618 -0.9868
vn -1.0000 -0.0059 -0.0000
vn 0.0165 0.9992 0.0372
vn -0.0065 -0.9956 -0.0931
vn -0.0091 -0.9952 -0.0972
vn -0.9968 -0.0000 0.0797
vn 0.1143 -0.0000 0.9934
vn 0.9998 0.0202 0.0002
vn 0.9999 0.0155 0.0005
vn 0.9999 -0.0104 0.0007
vn -0.0147 0.9999 -0.0001
vn -0.0000 0.0161 -0.9999
vn -0.0000 0.0350 -0.9994
vn -0.0010 0.0049 -1.0000
vn 0.0013 0.0188 -0.9998
vn -0.1182 -0.0000 -0.9930
vn 0.0297 0.0136 -0.9995
vn -1.0000 0.0072 -0.0061
vn 0.0024 0.0649 0.9979
vn 0.0827 -0.9952 0.0525
vn 0.1417 -0.0086 -0.9899
vn -0.9968 -0.0712 -0.0376
vn -0.9997 0.0173 -0.0173
vn -0.0416 0.6794 -0.7326
vn -0.0028 0.0688 -0.9976
vn -0.0120 -0.6747 0.7380
vn -0.0047 -0.6723 0.7402
vn 0.0063 -0.6911 0.7227
vn 0.0047 -0.6723 0.7402
vn 0.0120 -0.6747 0.7380
vn -0.9999 0.0062 -0.0100
vn 0.9999 0.0101 -0.0006
vn 0.9917 0.1280 -0.0093
vn 0.9982 0.0608 -0.0007
vn 1.0000 0.0060 -0.0000
vn 0.9986 0.0524 0.0053
vn 0.9999 -0.0150 0.0014
vn 0.9996 -0.0275 -0.0023
vn -0.0024 -0.9999 -0.0163
vn -0.0134 -0.0931 -0.9956
vn 0.0239 -0.9959 -0.0877
vn -0.0000 -0.9941 -0.1089
vn 0.0091 -0.9962 -0.0863
vn -0.0000 0.6656 0.7463
vn -0.0711 -0.7037 -0.7069
vn -0.1372 -0.0084 0.9905
vn 0.0127 -0.0615 -0.9980
vn 0.0144 0.9989 -0.0440
vn -0.9996 0.0212 -0.0210
vn -0.9996 -0.0081 0.0282
vn -0.9999 0.0002 0.0116
vn -0.9996 0.0225 0.0142
vn -0.9979 0.0641 0.0108
vn 0.0046 -0.9424 -0.3345
vn -0.9989 0.0474 -0.0043
vn -0.9917 0.1280 -0.0093
vn -0.9922 -0.1223 0.0226
vn -0.9999 -0.0150 0.0014
vn -0.9986 0.0524 0.0053
vn -1.0000 0.0060 -0.0006
vn -0.9996 -0.0275 -0.0023
vn -1.0000 0.0099 0.0007
vn -0.9921 0.1253 0.0100
vn -0.9980 0.0624 0.0014
vn -1.0000 0.0082 0.0002
vn -0.9991 0.0413 -0.0053
vn -0.9999 -0.0145 -0.0014
vn -0.9996 -0.0275 0.0023
vn 0.9989 0.0474 0.0043
vn 0.9917 0.1280 0.0093
vn 0.9922 -0.1223 -0.0226
vn 0.9999 -0.0150 -0.0014
vn 0.9986 0.0524 -0.0053
vn 1.0000 0.0060 0.0006
vn 0.9996 -0.0275 0.0023
vn -0.9996 0.0130 0.0260
vn -0.9987 0.0060 0.0499
vn -0.0197 -0.9826 0.1845
vn 0.9999 -0.0141 -0.0014
vn 0.9999 -0.0145 -0.0014
vn 0.9321 -0.3621 -0.0050
vn 0.9996 -0.0275 0.0008
vn 0.9999 -0.0123 0.0011
vn 0.9980 0.0624 0.0014
vn 0.9921 0.1253 0.0100
vn -0.9999 0.0101 0.0006
vn -0.9917 0.1280 0.0093
vn -0.9982 0.0608 0.0007
vn -1.0000 0.0060 -0.0000
vn -0.9986 0.0524 -0.0053
vn -0.9999 -0.0150 -0.0014
vn -0.9999 -0.0141 0.0014
vn -0.9999 -0.0145 0.0014
vn -0.9321 -0.3621 0.0050
vn -0.9996 -0.0275 -0.0008
vn -0.9999 -0.0123 -0.0011
vn -0.9980 0.0624 -0.0014
vn -0.9921 0.1253 -0.0100
vn -0.0121 0.6656 0.7462
vn -0.0000 0.0078 1.0000
vn -0.0000 0.0279 0.9996
vn -0.0000 0.0128 0.9999
vn 0.0015 0.0221 0.9998
vn 0.0350 0.0160 0.9993
vn -0.0000 -0.8112 0.5848
vn -0.0000 -0.5496 0.8354
vn -0.0257 -0.9986 -0.0452
vn -0.0019 -0.0579 0.9983
vn -0.0481 -0.9987 -0.0181
vn 0.0266 -0.9995 -0.0158
vn 0.0463 -0.9979 -0.0460
vn 1.0000 0.0099 -0.0007
vn 0.9921 0.1253 -0.0100
vn 0.9980 0.0624 -0.0014
vn 1.0000 0.0082 -0.0002
vn 0.9991 0.0413 0.0053
vn 0.9999 -0.0145 0.0014
vn -0.0181 -0.9442 0.3289
vn 0.0114 -0.9998 0.0147
vn 0.0027 -0.9996 0.0296
vn 0.0314 -0.9986 0.0425
vn 0.0773 -0.9953 0.0584
vn 0.0008 -0.9999 -0.0115
vn -0.0064 -0.9989 0.0473
vn -0.0000 -0.9957 0.0929
vn -0.0099 -0.9975 0.0703
vn -0.0156 -0.9998 0.0143
vn -0.0141 -0.6482 -0.7613
vn 0.8119 -0.5838 -0.0000
vn -0.0000 -0.9991 0.0434
vn -0.8391 0.0395 -0.5425
vn 0.9986 0.0483 0.0203
vn 0.9979 0.0645 -0.0047
vn 0.9979 0.0650 -0.0000
vn 0.9311 -0.3139 0.1860
vn -0.0263 -0.9995 -0.0182
vn 0.0870 -0.9960 -0.0180
vn 0.0008 -0.5441 0.8390
vn 0.0060 -0.9988 -0.0494
vn -0.0000 -0.9951 -0.0989
vn 0.0025 -0.9981 -0.0615
vn 0.9996 0.0130 0.0260
vn 0.9999 -0.0006 0.0122
vn 0.9999 -0.0047 -0.0165
vn 0.9982 0.0592 -0.0026
vn 0.7414 -0.4888 -0.4597
vn 0.9975 -0.0424 -0.0562
vn 0.9990 -0.0392 0.0222
vn 0.9976 -0.0038 0.0687
vn 1.0000 0.0004 -0.0001
vn 1.0000 -0.0000 -0.0002
vn 1.0000 0.0002 -0.0000
vn 0.1438 -0.9895 0.0166
vn 0.2432 -0.9700 -0.0000
vn 0.0034 0.2147 0.9767
vn -0.0095 0.9998 0.0169
vn -0.1438 -0.9895 -0.0166
vn -0.2432 -0.9700 -0.0000
vn -0.9927 0.0989 -0.0689
vn 0.0003 -0.7684 0.6399
vn -0.0338 -0.9968 0.0721
vn -0.0486 -0.9968 0.0633
vn -0.0055 -0.9967 0.0807
vn 0.0317 -0.9994 0.0155
vn 0.0248 -0.9995 0.0181
vn 0.0388 -0.9989 0.0262
vn 1.0000 -0.0001 0.0001
vn 1.0000 0.0001 -0.0012
vn 1.0000 -0.0000 0.0002
vn -0.2481 0.9686 0.0175
vn -0.0239 -0.9959 0.0877
vn -0.0000 -0.9941 0.1089
vn -0.0091 -0.9962 0.0863
vn -0.1612 -0.9869 -0.0055
vn 0.0257 -0.9986 0.0452
vn 0.0019 -0.0579 -0.9983
vn 0.0481 -0.9987 0.0181
vn -0.0266 -0.9995 0.0158
vn -0.0463 -0.9979 0.0460
vn -1.0000 0.0004 0.0001
vn -1.0000 -0.0000 0.0002
vn -1.0000 0.0002 -0.0000
vn 0.9996 0.0130 -0.0260
vn 0.9987 0.0060 -0.0499
vn -0.9983 0.0244 -0.0535
vn -0.0012 -0.6763 0.7366
vn -0.0015 -0.8840 0.4674
vn 0.0012 -0.6763 -0.7366
vn 0.9983 0.0244 0.0535
vn 0.0015 -0.8840 -0.4674
vt 0.347458 0.406060
vt 0.330357 0.456016
vt 0.335590 0.423349
vt 0.053384 0.372173
vt 0.044063 0.377478
vt 0.039577 0.375359
vt 0.877206 0.666548
vt 0.862973 0.594079
vt 0.877207 0.594079
vt 0.893451 0.502704
vt 0.879218 0.575173
vt 0.879217 0.502704
vt 0.893451 0.379536
vt 0.879218 0.424615
vt 0.879218 0.379536
vt 0.833043 0.099092
vt 0.862750 0.001484
vt 0.896700 0.035435
vt 0.131921 0.858580
vt 0.264786 0.840549
vt 0.264786 0.859224
vt 0.693964 0.266795
vt 0.708200 0.210054
vt 0.708200 0.266795
vt 0.606180 0.075033
vt 0.620413 0.056195
vt 0.620413 0.075033
vt 0.795984 0.133672
vt 0.781750 0.075033
vt 0.795984 0.075033
vt 0.811692 0.320625
vt 0.788371 0.474285
vt 0.788370 0.331965
vt 0.862973 0.711627
vt 0.877207 0.711627
vt 0.362234 0.406978
vt 0.356619 0.362372
vt 0.369159 0.363821
vt 0.492156 0.544170
vt 0.487184 0.573656
vt 0.473981 0.575272
vt 0.501761 0.574963
vt 0.478302 0.542349
vt 0.474812 0.544363
vt 0.503000 0.145445
vt 0.536247 0.092317
vt 0.536207 0.145459
vt 0.567224 0.016071
vt 0.569471 0.039718
vt 0.567042 0.040303
vt 0.569503 0.476259
vt 0.567489 0.491970
vt 0.567461 0.474058
vt 0.569483 0.500837
vt 0.567019 0.506126
vt 0.538004 0.025344
vt 0.536454 0.013645
vt 0.536600 0.040908
vt 0.808012 0.841377
vt 0.007616 0.451205
vt 0.052852 0.305903
vt 0.536885 0.501760
vt 0.538201 0.487183
vt 0.016054 0.544831
vt 0.025343 0.574047
vt 0.013644 0.575604
vt 0.040992 0.545006
vt 0.041103 0.575595
vt 0.039043 0.542564
vt 0.537128 0.473889
vt 0.843990 0.320533
vt 0.841775 0.485247
vt 0.841734 0.321044
vt 0.380210 0.750766
vt 0.394566 0.736786
vt 0.391569 0.752227
vt 0.740727 0.004622
vt 0.682206 0.024107
vt 0.622391 0.021690
vt 0.822357 0.300485
vt 0.854901 0.135402
vt 0.854477 0.300432
vt 0.471962 0.051147
vt 0.471914 0.250566
vt 0.528492 0.067649
vt 0.534399 0.068912
vt 0.504917 0.068883
vt 0.525695 0.447672
vt 0.513744 0.447679
vt 0.504992 0.446427
vt 0.063918 0.274802
vt 0.073914 0.287472
vt 0.060006 0.275912
vt 0.264791 0.640036
vt 0.346477 0.607055
vt 0.369896 0.608895
vt 0.503103 0.423021
vt 0.472058 0.464153
vt 0.464209 0.639882
vt 0.423046 0.608839
vt 0.252508 0.041975
vt 0.276551 0.038280
vt 0.271986 0.078504
vt 0.298627 0.079680
vt 0.295833 0.123229
vt 0.316536 0.113268
vt 0.336268 0.148749
vt 0.394769 0.308780
vt 0.404956 0.279097
vt 0.418643 0.304766
vt 0.377332 0.276076
vt 0.385736 0.243050
vt 0.348008 0.221082
vt 0.416517 0.349568
vt 0.432407 0.330581
vt 0.460588 0.383431
vt 0.341577 0.147315
vt 0.360863 0.195655
vt 0.274451 0.083128
vt 0.254785 0.046246
vt 0.400849 0.320182
vt 0.412743 0.293701
vt 0.425300 0.317251
vt 0.373054 0.268053
vt 0.401407 0.272441
vt 0.388638 0.297280
vt 0.334117 0.303139
vt 0.223000 0.210481
vt 0.273048 0.152930
vt 0.341665 0.209186
vt 0.454245 0.371535
vt 0.321162 0.479495
vt 0.282166 0.460069
vt 0.279965 0.473810
vt 0.335297 0.147073
vt 0.293381 0.118631
vt 0.312013 0.104785
vt 0.431516 0.328909
vt 0.407268 0.332221
vt 0.413595 0.295300
vt 0.373054 0.268053
vt 0.393935 0.258426
vt 0.390968 0.301650
vt 0.391062 0.088092
vt 0.452097 0.239226
vt 0.360863 0.195655
vt 0.436683 0.387388
vt 0.460588 0.383431
vt 0.256787 0.001212
vt 0.254785 0.046246
vt 0.236532 0.012012
vt 0.276551 0.038280
vt 0.273848 0.081998
vt 0.294888 0.121457
vt 0.313716 0.107979
vt 0.336268 0.148749
vt 0.429199 0.324564
vt 0.408318 0.334191
vt 0.413615 0.295337
vt 0.374793 0.271315
vt 0.399212 0.268324
vt 0.390976 0.301667
vt 0.370452 0.214004
vt 0.426617 0.098709
vt 0.467197 0.212066
vt 0.341665 0.209186
vt 0.103975 0.228740
vt 0.079252 0.132761
vt 0.103979 0.132911
vt 0.187665 0.338203
vt 0.217674 0.277727
vt 0.217674 0.355179
vt 0.217674 0.026972
vt 0.109644 0.104197
vt 0.109644 0.026972
vt 0.109644 0.001122
vt 0.451599 0.070040
vt 0.406868 0.012884
vt 0.406868 0.070040
vt 0.840103 0.898189
vt 0.828348 0.911048
vt 0.809221 0.913352
vt 0.272610 0.367672
vt 0.325704 0.349177
vt 0.046395 0.437113
vt 0.081111 0.460208
vt 0.081179 0.318986
vt 0.084538 0.320177
vt 0.094069 0.327159
vt 0.726619 0.914000
vt 0.721745 0.883915
vt 0.731434 0.887613
vt 0.094857 0.305453
vt 0.097570 0.323282
vt 0.101691 0.307240
vt 0.086134 0.305840
vt 0.103282 0.315564
vt 0.139652 0.277686
vt 0.109644 0.338204
vt 0.109644 0.277458
vt 0.217674 0.208711
vt 0.217674 0.104197
vt 0.139652 0.217198
vt 0.109644 0.208711
vt 0.131921 0.827295
vt 0.249757 0.812110
vt 0.264786 0.827295
vt 0.692931 0.877269
vt 0.697601 0.891439
vt 0.707041 0.906397
vt 0.028461 0.031420
vt 0.053188 0.002076
vt 0.053187 0.036295
vt 0.811269 0.485656
vt 0.056281 0.108429
vt 0.025501 0.132039
vt 0.025885 0.108046
vt 0.028458 0.237924
vt 0.053185 0.203809
vt 0.053185 0.237924
vt 0.813159 0.841459
vt 0.109644 0.478813
vt 0.818986 0.875867
vt 0.722577 0.884184
vt 0.327197 0.326461
vt 0.068123 0.396062
vt 0.072079 0.393720
vt 0.534326 0.168858
vt 0.043925 0.400432
vt 0.038815 0.393773
vt 0.061129 0.395869
vt 0.051244 0.404503
vt 0.094147 0.304172
vt 0.084997 0.308482
vt 0.081612 0.312068
vt 0.091718 0.326342
vt 0.079249 0.227746
vt 0.077269 0.013248
vt 0.103979 0.107092
vt 0.103982 0.012256
vt 0.053185 0.145794
vt 0.028458 0.145990
vt 0.053186 0.098935
vt 0.028461 0.002075
vt 0.055801 0.131544
vt 0.862973 0.768368
vt 0.877207 0.768368
vt 0.079253 0.107362
vt 0.349493 0.012884
vt 0.349951 0.043886
vt 0.350190 0.036614
vt 0.257264 0.662847
vt 0.300415 0.668877
vt 0.303974 0.659613
vt 0.028458 0.203705
vt 0.381742 0.065128
vt 0.374563 0.066313
vt 0.348470 0.070040
vt 0.069831 0.385262
vt 0.062930 0.376123
vt 0.048066 0.414797
vt 0.051165 0.411390
vt 0.064568 0.409983
vt 0.341929 0.350698
vt 0.338922 0.344049
vt 0.356691 0.352186
vt 0.637921 0.058071
vt 0.710678 0.038341
vt 0.756453 0.040955
vt 0.371796 0.736786
vt 0.360572 0.751965
vt 0.355391 0.736786
vt 0.420449 0.736786
vt 0.414561 0.752400
vt 0.402349 0.736786
vt 0.348227 0.752706
vt 0.346133 0.736786
vt 0.397634 0.752108
vt 0.388679 0.736786
vt 0.437738 0.736786
vt 0.425671 0.750766
vt 0.327187 0.333713
vt 0.327746 0.323358
vt 0.332149 0.340302
vt 0.342425 0.304698
vt 0.356708 0.308222
vt 0.338434 0.311107
vt 0.330494 0.313660
vt 0.432390 0.736786
vt 0.430032 0.751870
vt 0.411174 0.736786
vt 0.367367 0.736786
vt 0.357176 0.751909
vt 0.353895 0.736786
vt 0.252848 0.652643
vt 0.298187 0.655476
vt 0.347675 0.750766
vt 0.345139 0.736786
vt 0.408927 0.752048
vt 0.879218 0.631914
vt 0.893451 0.575173
vt 0.893451 0.631914
vt 0.345345 0.753748
vt 0.386823 0.047939
vt 0.357805 0.030347
vt 0.379457 0.026250
vt 0.061112 0.240688
vt 0.043354 0.244176
vt 0.062450 0.228855
vt 0.015961 0.236693
vt 0.011311 0.222125
vt 0.022558 0.236923
vt 0.069006 0.218316
vt 0.060524 0.207404
vt 0.064669 0.206180
vt 0.029586 0.247185
vt 0.013785 0.201343
vt 0.016414 0.207308
vt 0.010803 0.209643
vt 0.050485 0.247147
vt 0.062450 0.228855
vt 0.013234 0.227433
vt 0.022571 0.236941
vt 0.021881 0.242850
vt 0.068302 0.224735
vt 0.060524 0.207404
vt 0.064669 0.206180
vt 0.035643 0.248949
vt 0.013786 0.201343
vt 0.016414 0.207308
vt 0.010306 0.213961
vt 0.399633 0.070040
vt 0.801902 0.884355
vt 0.001614 0.349177
vt 0.356895 0.075010
vt 0.400151 0.081223
vt 0.347965 0.081223
vt 0.389887 0.075010
vt 0.401691 0.075010
vt 0.347796 0.001701
vt 0.359238 0.007914
vt 0.347434 0.007914
vt 0.401126 0.001701
vt 0.057044 0.004945
vt 0.067776 0.050172
vt 0.057045 0.055894
vt 0.016530 0.004093
vt 0.022742 0.053420
vt 0.016530 0.056584
vt 0.342257 0.070040
vt 0.330826 0.050988
vt 0.315170 0.050989
vt 0.887321 0.285370
vt 0.887316 0.143020
vt 0.919443 0.137266
vt 0.311443 0.050988
vt 0.297527 0.012884
vt 0.311443 0.031936
vt 0.241515 0.110131
vt 0.248060 0.088619
vt 0.261774 0.098128
vt 0.400723 0.081223
vt 0.348050 0.001701
vt 0.400779 0.001701
vt 0.067674 0.050070
vt 0.057044 0.005659
vt 0.016530 0.003748
vt 0.016530 0.056927
vt 0.819769 0.876633
vt 0.049800 0.382511
vt 0.445386 0.012884
vt 0.342111 0.726970
vt 0.306870 0.650459
vt 0.342344 0.645045
vt 0.426070 0.659666
vt 0.411527 0.730506
vt 0.422616 0.650422
vt 0.380917 0.736786
vt 0.371902 0.752931
vt 0.318010 0.730535
vt 0.307614 0.679464
vt 0.364843 0.490509
vt 0.409981 0.408330
vt 0.410394 0.490252
vt 0.387675 0.726912
vt 0.387037 0.645040
vt 0.445475 0.484631
vt 0.426859 0.405614
vt 0.447939 0.475262
vt 0.329731 0.485282
vt 0.349872 0.404486
vt 0.364425 0.408584
vt 0.299155 0.644943
vt 0.279965 0.473810
vt 0.322102 0.490586
vt 0.451775 0.465923
vt 0.442216 0.410261
vt 0.429083 0.668837
vt 0.313041 0.712100
vt 0.364266 0.408608
vt 0.410476 0.490263
vt 0.409829 0.408308
vt 0.447939 0.475262
vt 0.326270 0.475798
vt 0.275750 0.483160
vt 0.419866 0.724484
vt 0.369020 0.363815
vt 0.362369 0.407020
vt 0.301442 0.675052
vt 0.100677 0.256833
vt 0.095867 0.242116
vt 0.104908 0.255983
vt 0.150197 0.765505
vt 0.206938 0.779739
vt 0.150197 0.779739
vt 0.316402 0.163464
vt 0.767515 0.076931
vt 0.767515 0.062695
vt 0.528518 0.053100
vt 0.503866 0.542574
vt 0.767515 0.210054
vt 0.753279 0.210054
vt 0.693964 0.210054
vt 0.446412 0.577456
vt 0.462227 0.583329
vt 0.447680 0.586211
vt 0.447700 0.598174
vt 0.446457 0.606937
vt 0.237564 0.103777
vt 0.259161 0.092823
vt 0.261175 0.106458
vt 0.534443 0.446414
vt 0.528554 0.462213
vt 0.131921 0.839927
vt 0.068907 0.577608
vt 0.053112 0.583505
vt 0.067652 0.583512
vt 0.068908 0.607060
vt 0.034349 0.388661
vt 0.031697 0.403678
vt 0.030235 0.388731
vt 0.569470 0.015219
vt 0.015200 0.542586
vt 0.822180 0.135345
vt 0.824395 0.135811
vt 0.843990 0.485713
vt 0.620413 0.133672
vt 0.781750 0.268694
vt 0.767515 0.266795
vt 0.781750 0.210054
vt 0.085693 0.422225
vt 0.103642 0.484814
vt 0.092313 0.575729
vt 0.145456 0.608933
vt 0.092316 0.608936
vt 0.503079 0.369882
vt 0.471942 0.264814
vt 0.503013 0.264792
vt 0.504852 0.168864
vt 0.534416 0.346458
vt 0.536294 0.369868
vt 0.458334 0.146797
vt 0.399417 0.232559
vt 0.746727 0.322455
vt 0.778849 0.335688
vt 0.778854 0.478038
vt 0.423007 0.575621
vt 0.369865 0.575688
vt 0.145453 0.575717
vt 0.346467 0.577581
vt 0.168864 0.577583
vt 0.536310 0.423007
vt 0.168860 0.607056
vt 0.250548 0.608945
vt 0.250542 0.640016
vt 0.051199 0.640003
vt 0.051201 0.608932
vt 0.464181 0.608788
vt 0.264782 0.608951
vt 0.504944 0.346478
vt 0.503129 0.464135
vt 0.502999 0.250559
vt 0.503056 0.051159
vt 0.503028 0.092295
vt 0.384648 0.751836
vt 0.088377 0.243287
vt 0.102823 0.249745
vt 0.099070 0.252408
vt 0.280864 0.295772
vt 0.345815 0.231805
vt 0.217674 0.487300
vt 0.109644 0.506831
vt 0.109644 0.487300
vt 0.441695 0.396787
vt 0.461365 0.159877
vt 0.348645 0.275278
vt 0.267934 0.152842
vt 0.314187 0.158999
vt 0.131921 0.871899
vt 0.295312 0.073465
vt 0.347545 0.278739
vt 0.271121 0.153349
vt 0.893451 0.322795
vt 0.309679 0.724589
vt 0.891504 0.093856
vt 0.274935 0.305824
vt 0.804289 0.006720
vt 0.799092 0.065141
vt 0.070052 0.435720
vt 0.335752 0.359573
vt 0.329105 0.400616
vt 0.006866 0.194030
vt 0.002391 0.132638
vt 0.006117 0.041846
vt 0.063195 0.381015
vt 0.067113 0.380135
vt 0.264786 0.871899
vt 0.146951 0.886953
vt 0.274451 0.083128
vt 0.334554 0.050988
vt 0.303739 0.070040
vt 0.891301 0.093898
vt 0.620413 0.268694
vt 0.634649 0.266795
vt 0.634649 0.281031
vt 0.804329 0.006680
vt 0.139652 0.277716
vt 0.109644 0.277940
vt 0.634649 0.076931
vt 0.037485 0.404729
vt 0.035074 0.408352
vt 0.810427 0.867839
vt 0.801106 0.873301
vt 0.766050 0.887380
vt 0.738155 0.884169
vt 0.737121 0.871912
vt 0.319702 0.451205
vt 0.103357 0.318443
vt 0.045818 0.383052
vt 0.057727 0.384403
vt 0.809062 0.888072
vt 0.074789 0.194119
vt 0.074777 0.045970
vt 0.028459 0.094060
vt 0.065102 0.098935
vt 0.065727 0.145168
vt 0.279407 0.765506
vt 0.279407 0.779739
vt 0.217674 0.277458
vt 0.620413 0.164746
vt 0.648885 0.133672
vt 0.693964 0.133672
vt 0.342257 0.012884
vt 0.330826 0.031936
vt 0.306817 0.735116
vt 0.327475 0.774373
vt 0.313566 0.776142
vt 0.062495 0.407298
vt 0.062784 0.381045
vt 0.033940 0.381427
vt 0.049048 0.372760
vt 0.040766 0.378897
vt 0.030121 0.396099
vt 0.034029 0.389657
vt 0.877799 0.146773
vt 0.877799 0.289093
vt 0.048701 0.376010
vt 0.342425 0.304698
vt 0.357268 0.304262
vt 0.346075 0.307562
vt 0.329403 0.339006
vt 0.331012 0.314433
vt 0.374292 0.750766
vt 0.438195 0.752706
vt 0.062397 0.410952
vt 0.051165 0.411390
vt 0.060691 0.408857
vt 0.067377 0.400197
vt 0.072531 0.396070
vt 0.068606 0.390212
vt 0.042532 0.413401
vt 0.037485 0.404729
vt 0.358453 0.304872
vt 0.361812 0.351931
vt 0.353249 0.351315
vt 0.364857 0.346391
vt 0.366876 0.309664
vt 0.440613 0.750766
vt 0.061639 0.247455
vt 0.079558 0.237665
vt 0.076574 0.242273
vt 0.089791 0.244162
vt 0.066010 0.248691
vt 0.055921 0.267143
vt 0.060324 0.259443
vt 0.064233 0.282035
vt 0.063918 0.274802
vt 0.080445 0.287898
vt 0.076623 0.283621
vt 0.094928 0.284035
vt 0.087468 0.283113
vt 0.098483 0.274536
vt 0.104268 0.272803
vt 0.368937 0.057319
vt 0.355383 0.047162
vt 0.357805 0.030347
vt 0.047672 0.248096
vt 0.067433 0.229826
vt 0.067649 0.241352
vt 0.088627 0.239197
vt 0.076489 0.242463
vt 0.057072 0.254730
vt 0.062492 0.255342
vt 0.693721 0.874430
vt 0.092593 0.284333
vt 0.080065 0.283688
vt 0.106011 0.265240
vt 0.095172 0.278668
vt 0.101490 0.267038
vt 0.368960 0.057328
vt 0.355383 0.047162
vt 0.061693 0.240261
vt 0.451599 0.012884
vt 0.445386 0.070040
vt 0.364149 0.309473
vt 0.334554 0.031936
vt 0.732689 0.868552
vt 0.721400 0.873607
vt 0.402715 0.007914
vt 0.394573 0.007914
vt 0.346411 0.075010
vt 0.393201 0.011227
vt 0.068179 0.010082
vt 0.022742 0.004763
vt 0.400656 0.012884
vt 0.399174 0.043886
vt 0.022742 0.004093
vt 0.795984 0.056195
vt 0.781750 0.056195
vt 0.708200 0.133672
vt 0.693964 0.076931
vt 0.708200 0.076931
vt 0.893451 0.497084
vt 0.879218 0.497084
vt 0.315170 0.031936
vt 0.398936 0.036614
vt 0.376987 0.016850
vt 0.339708 0.728559
vt 0.347140 0.771636
vt 0.320479 0.732300
vt 0.308629 0.718272
vt 0.326270 0.475798
vt 0.364922 0.490497
vt 0.386823 0.047939
vt 0.379457 0.026250
vt 0.331141 0.417203
vt 0.332142 0.410950
vt 0.323221 0.466645
vt 0.324211 0.460465
vt 0.054471 0.376077
vt 0.862973 0.666548
vt 0.893451 0.424615
vt 0.606180 0.056195
vt 0.781750 0.133672
vt 0.510908 0.462228
vt 0.513754 0.462225
vt 0.525707 0.462215
vt 0.021521 0.595060
vt 0.053111 0.586352
vt 0.053107 0.598305
vt 0.053106 0.601152
vt 0.778880 0.331496
vt 0.778880 0.474754
vt 0.778880 0.473816
vt 0.778859 0.470562
vt 0.778880 0.332435
vt 0.109644 0.355179
vt 0.800488 0.881054
vt 0.097640 0.343176
vt 0.637921 0.004378
vt 0.710678 0.024107
vt 0.696442 0.024107
vt 0.667971 0.024107
vt 0.513679 0.067636
vt 0.513698 0.053077
vt 0.525665 0.053095
vt 0.525643 0.067650
vt 0.510845 0.053073
vt 0.510830 0.067633
vt 0.528540 0.447673
vt 0.510899 0.447680
vt 0.344156 0.222709
vt 0.348645 0.275278
vt 0.310182 0.309646
vt 0.243142 0.258349
vt 0.233828 0.171942
vt 0.341607 0.145413
vt 0.358756 0.103469
vt 0.458334 0.146797
vt 0.467827 0.207246
vt 0.414532 0.240584
vt 0.452670 0.239926
vt 0.424276 0.245344
vt 0.356113 0.105891
vt 0.389806 0.088215
vt 0.187665 0.277855
vt 0.217674 0.001122
vt 0.139652 0.338204
vt 0.187665 0.217198
vt 0.146951 0.812110
vt 0.052383 0.305824
vt 0.084112 0.484814
vt 0.812823 0.887201
vt 0.259400 0.675697
vt 0.396373 0.053120
vt 0.352752 0.053120
vt 0.390252 0.060579
vt 0.358874 0.060579
vt 0.367384 0.065128
vt 0.740727 0.057827
vt 0.622462 0.040352
vt 0.667971 0.038341
vt 0.682206 0.038341
vt 0.696442 0.038341
vt 0.756331 0.021885
vt 0.007616 0.451205
vt 0.919443 0.298603
vt 0.887316 0.292846
vt 0.887310 0.150496
vt 0.297527 0.070040
vt 0.254767 0.112003
vt 0.237215 0.098840
vt 0.039627 0.389840
vt 0.206938 0.765505
vt 0.722435 0.266795
vt 0.620413 0.178980
vt 0.781750 0.178980
vt 0.620413 0.210054
vt 0.679728 0.266795
vt 0.634649 0.210054
vt 0.648885 0.210054
vt 0.462234 0.586181
vt 0.462259 0.598148
vt 0.447678 0.583362
vt 0.462264 0.601001
vt 0.447705 0.601023
vt 0.248338 0.112670
vt 0.242052 0.090930
vt 0.067653 0.598308
vt 0.067653 0.586357
vt 0.067653 0.601154
vt 0.606180 0.133672
vt 0.767515 0.281031
vt 0.351567 0.109718
vt 0.383168 0.090452
vt 0.467899 0.205361
vt 0.460091 0.232559
vt 0.436103 0.245500
vt 0.746727 0.483791
vt 0.778853 0.328212
vt 0.347421 0.284099
vt 0.322403 0.307030
vt 0.222824 0.215244
vt 0.231388 0.176542
vt 0.217674 0.506831
vt 0.466231 0.220139
vt 0.451405 0.241250
vt 0.428744 0.246436
vt 0.344156 0.222709
vt 0.329663 0.304929
vt 0.297347 0.306089
vt 0.250100 0.266381
vt 0.233828 0.171942
vt 0.330088 0.305764
vt 0.295980 0.303797
vt 0.233015 0.172931
vt 0.879218 0.322795
vt 0.187665 0.277686
vt 0.015790 0.094812
vt 0.019999 0.132539
vt 0.015675 0.145123
vt 0.002391 0.107238
vt 0.003386 0.013247
vt 0.004375 0.226752
vt 0.249757 0.886953
vt 0.294719 0.072352
vt 0.634649 0.062695
vt 0.723192 0.871461
vt 0.268239 0.368273
vt 0.243883 0.381680
vt 0.274652 0.305797
vt 0.246207 0.460208
vt 0.243206 0.484814
vt 0.223675 0.484814
vt 0.217674 0.478813
vt 0.236645 0.406636
vt 0.019750 0.107411
vt 0.061120 0.132162
vt 0.060668 0.107975
vt 0.060668 0.107975
vt 0.708200 0.076931
vt 0.722435 0.076931
vt 0.767515 0.133672
vt 0.781750 0.164746
vt 0.634649 0.133672
vt 0.679728 0.076931
vt 0.753279 0.133672
vt 0.303739 0.012884
vt 0.516984 0.021453
vt 0.887289 0.289562
vt 0.887289 0.146303
vt 0.887289 0.147242
vt 0.887289 0.288623
vt 0.739862 0.878634
vt 0.243584 0.425436
vt 0.748604 0.909212
vt 0.352752 0.029804
vt 0.357582 0.073353
vt 0.358874 0.022345
vt 0.367384 0.017796
vt 0.384073 0.018503
vt 0.390252 0.022345
vt 0.396373 0.029804
s 1
usemtl Bogie
f 691/1/1 694/2/2 695/3/3
f 426/4/4 433/5/5 427/6/6
f 70/7/7 57/8/7 55/9/7
f 68/10/8 52/11/8 67/12/8
f 62/13/9 65/14/9 60/15/9
f 286/16/10 288/17/10 287/18/10
f 73/19/9 74/20/9 49/21/9
f 55/22/10 62/23/10 56/24/10
f 43/25/11 74/26/11 42/27/11
f 80/28/12 44/29/12 45/30/12
f 98/31/13 158/32/14 153/33/15
f 59/34/9 70/7/9 61/35/9
f 816/36/9 805/37/9 788/38/9
f 89/39/16 86/40/17 87/41/18
f 89/39/16 85/42/19 86/40/17
f 87/41/20 86/40/20 85/42/20
f 84/43/21 89/39/21 88/44/21
f 21/45/9 20/46/9 19/47/9
f 105/48/22 90/49/23 97/50/24
f 93/51/25 101/52/25 107/53/25
f 101/52/26 92/54/26 100/55/26
f 105/48/27 103/56/28 96/57/29
f 97/50/30 104/58/31 103/56/28
f 261/59/32 239/60/33 249/61/34
f 100/55/35 98/62/36 99/63/37
f 111/64/38 109/65/39 108/66/40
f 102/67/41 110/68/42 109/65/39
f 111/64/43 94/69/44 102/67/45
f 106/70/46 99/63/46 98/62/46
f 103/56/47 104/58/47 96/57/47
f 109/65/48 110/68/48 108/66/48
f 90/49/49 107/53/50 97/50/51
f 92/71/52 111/72/53 100/73/54
f 446/74/55 442/75/56 449/76/57
f 71/77/58 56/78/59 48/79/60
f 83/80/61 96/81/62 85/82/63
f 38/83/12 21/45/12 159/84/12
f 27/85/9 32/86/9 31/87/9
f 123/88/64 124/89/9 132/90/9
f 484/91/65 475/92/66 474/93/67
f 160/94/68 15/95/68 6/96/68
f 120/97/69 132/90/69 40/98/69
f 37/99/70 6/96/70 5/100/70
f 162/101/71 166/102/72 163/103/73
f 163/103/74 167/104/75 165/105/76
f 165/105/77 169/106/78 168/107/79
f 165/105/76 167/104/75 169/106/80
f 171/108/81 173/109/81 172/110/81
f 170/111/82 173/109/82 171/108/82
f 179/112/83 170/111/84 176/113/85
f 174/114/86 178/115/87 177/116/88
f 176/113/85 168/117/89 180/118/90
f 185/102/91 182/119/92 181/120/93
f 182/119/94 186/104/95 184/105/96
f 184/105/77 188/106/78 187/107/79
f 184/105/96 186/104/95 188/106/80
f 189/121/97 192/122/98 191/123/99
f 197/124/100 193/125/101 190/126/102
f 190/127/70 181/128/70 184/129/70
f 245/16/103 247/17/103 246/18/103
f 199/112/104 197/124/100 196/130/105
f 194/114/106 191/123/99 198/131/107
f 739/132/108 719/133/109 741/134/110
f 208/135/111 205/136/112 201/137/113
f 216/138/114 211/139/115 210/140/116
f 214/141/117 217/142/118 209/143/119
f 207/144/70 210/145/70 218/146/70
f 212/147/120 216/138/121 215/148/122
f 215/149/122 202/150/123 212/151/120
f 224/152/124 221/153/125 220/150/126
f 223/154/127 219/155/128 226/156/129
f 235/157/130 231/158/131 229/159/132
f 228/160/133 230/161/134 227/162/135
f 236/163/70 224/164/70 235/165/70
f 236/163/136 228/160/137 233/166/138
f 217/142/139 213/166/140 218/146/141
f 324/167/142 321/168/143 322/169/144
f 233/166/138 226/117/145 236/163/136
f 286/170/146 292/171/147 281/172/148
f 296/173/149 280/174/150 295/175/151
f 293/176/152 296/173/153 295/175/154
f 255/173/155 239/174/156 254/175/157
f 602/177/158 585/178/159 593/179/160
f 264/180/161 263/181/161 262/182/161
f 259/183/162 240/172/162 243/184/162
f 239/60/163 262/185/163 254/186/163
f 267/187/164 273/188/164 268/189/164
f 265/190/165 275/191/166 270/192/167
f 276/193/168 274/194/169 273/188/170
f 270/195/171 276/193/171 272/196/171
f 268/189/172 274/194/172 275/197/172
f 290/198/173 318/199/174 289/200/175
f 243/201/176 239/174/177 241/202/178
f 284/201/179 288/203/180 283/204/181
f 47/205/182 72/206/183 50/207/184
f 305/208/185 300/209/185 301/210/185
f 331/211/186 326/212/187 334/213/188
f 100/73/54 108/214/189 98/31/190
f 335/215/191 338/216/192 336/217/193
f 252/176/194 255/173/195 254/175/196
f 324/218/197 327/219/198 323/220/199
f 303/221/200 297/222/201 309/223/202
f 185/102/203 195/151/204 198/149/107
f 305/208/205 315/224/206 300/209/207
f 417/225/208 411/226/209 407/227/210
f 106/70/211 34/228/212 104/58/212
f 316/229/213 310/230/214 313/231/215
f 310/230/216 316/229/216 309/232/216
f 317/233/217 311/234/217 308/235/217
f 308/235/218 312/188/218 314/236/218
f 344/167/219 341/168/220 343/237/221
f 346/238/222 340/239/223 345/240/224
f 398/216/225 389/241/226 390/242/227
f 347/219/228 344/218/229 343/220/230
f 336/217/231 333/243/231 335/215/231
f 351/211/232 346/212/233 345/244/234
f 357/215/235 358/216/236 356/245/237
f 364/167/222 361/168/223 363/237/224
f 366/238/219 360/239/220 365/240/221
f 367/219/238 364/218/239 363/220/240
f 57/246/70 61/35/70 55/247/70
f 353/243/241 355/217/241 357/215/241
f 371/211/242 366/212/243 365/244/244
f 377/215/245 378/216/246 376/245/247
f 384/167/248 381/168/249 382/169/250
f 386/238/142 380/239/143 379/248/144
f 384/218/251 387/219/252 383/220/253
f 373/243/254 375/217/254 377/215/254
f 391/211/255 386/212/256 394/213/257
f 395/215/258 398/216/259 396/217/260
f 596/249/261 617/250/262 616/251/263
f 326/238/248 320/239/249 319/248/250
f 776/252/264 756/253/265 774/254/266
f 348/255/267 349/241/268 350/242/269
f 576/256/70 575/257/270 542/258/70
f 396/217/271 393/243/271 395/215/271
f 399/259/272 400/260/272 407/227/272
f 405/261/273 416/262/274 406/263/275
f 408/264/276 412/265/277 413/266/278
f 76/267/279 68/268/280 50/269/281
f 412/270/282 420/271/283 413/272/284
f 415/273/285 422/274/286 416/275/287
f 413/272/288 421/276/289 414/277/290
f 416/275/291 423/278/292 417/279/293
f 414/280/294 419/281/295 415/273/296
f 437/282/297 442/283/298 443/284/299
f 435/285/300 440/286/300 441/287/300
f 435/285/301 441/287/301 436/288/301
f 436/288/302 441/287/303 442/283/298
f 440/289/304 445/290/305 441/291/306
f 438/292/307 447/293/308 439/294/309
f 804/295/310 810/296/311 812/252/312
f 439/294/313 444/297/314 440/298/315
f 441/291/316 448/299/317 442/75/318
f 81/300/319 51/301/320 50/302/321
f 444/297/322 447/293/323 445/303/324
f 492/304/325 489/305/326 488/306/327
f 467/307/328 472/308/329 468/309/330
f 464/310/331 470/311/332 471/312/333
f 461/313/334 469/314/335 462/315/336
f 464/310/337 471/312/337 465/316/337
f 465/316/338 471/312/333 472/308/329
f 462/317/339 469/318/339 463/319/339
f 486/320/340 492/308/341 488/321/342
f 490/322/343 491/323/343 481/324/343
f 483/325/344 489/326/345 484/327/65
f 482/328/346 491/323/347 492/308/348
f 484/329/349 489/330/349 485/331/349
f 638/332/350 631/178/351 639/179/352
f 306/333/353 295/186/354 283/334/355
f 499/335/356 501/336/356 503/337/356
f 501/336/357 502/338/357 500/339/357
f 505/340/358 507/341/358 504/342/358
f 493/343/359 507/341/359 505/340/359
f 497/344/360 509/345/360 510/346/360
f 508/347/361 498/348/361 511/349/361
f 549/350/362 564/351/363 565/352/363
f 150/353/364 149/354/365 38/355/364
f 658/356/366 650/357/367 654/358/368
f 107/53/50 104/58/369 97/50/51
f 424/359/370 422/360/371 421/361/372
f 547/362/373 545/335/373 549/337/373
f 548/338/374 547/362/374 546/339/374
f 553/341/375 551/363/375 550/342/375
f 553/341/376 539/364/376 551/363/376
f 555/365/377 543/366/377 556/346/377
f 544/348/378 554/367/378 557/368/378
f 269/369/379 264/180/380 266/370/381
f 593/362/382 591/335/382 595/337/382
f 594/338/383 593/362/383 592/339/383
f 599/341/384 597/363/384 596/342/384
f 599/341/385 585/364/385 597/363/385
f 601/365/386 589/366/386 602/346/386
f 590/348/387 600/367/387 603/368/387
f 663/250/388 642/249/389 662/251/390
f 511/371/391 501/179/392 493/178/393
f 637/335/394 639/336/394 641/337/394
f 639/336/395 640/338/395 638/339/395
f 643/340/396 645/341/396 642/342/396
f 631/343/397 645/341/397 643/340/397
f 635/344/398 647/345/398 648/346/398
f 646/347/399 636/348/399 649/349/399
f 525/250/262 504/249/261 524/251/263
f 678/372/400 677/373/400 710/374/400
f 792/253/401 812/252/402 810/254/403
f 704/375/404 698/376/404 696/377/404
f 443/378/405 450/379/406 438/292/407
f 702/254/408 685/380/408 690/381/408
f 787/382/409 788/383/410 815/384/411
f 746/374/409 742/385/410 745/386/411
f 712/387/412 697/388/412 705/389/412
f 680/383/413 697/388/413 712/387/413
f 711/390/414 691/391/414 708/392/414
f 696/377/415 706/385/415 709/386/415
f 732/295/416 738/296/417 713/393/418
f 705/394/419 703/132/419 711/395/419
f 713/373/420 714/372/420 746/374/420
f 684/253/421 704/252/422 702/254/423
f 775/132/424 755/133/425 777/134/426
f 769/388/427 755/396/428 772/397/429
f 770/376/430 773/398/431 776/375/432
f 726/381/433 725/399/433 721/380/433
f 780/400/410 779/401/409 752/402/434
f 782/374/435 778/385/436 781/386/437
f 733/388/438 748/387/438 741/403/438
f 748/387/439 733/388/439 716/402/439
f 744/400/440 727/391/440 747/390/440
f 742/385/441 732/377/441 745/386/441
f 768/295/442 774/296/443 749/393/444
f 727/391/445 739/404/445 747/390/445
f 741/134/446 748/405/446 747/395/446
f 749/373/447 750/372/447 782/374/447
f 740/252/448 720/253/449 738/254/450
f 791/133/451 811/132/452 813/394/453
f 805/388/454 791/396/455 813/389/456
f 806/376/457 809/398/458 807/406/459
f 762/381/460 761/399/460 757/380/460
f 679/382/435 680/383/436 707/384/437
f 716/407/9 727/391/9 744/408/9
f 818/374/461 814/385/462 786/372/463
f 769/388/464 784/387/464 777/403/464
f 784/387/465 769/388/465 752/402/465
f 780/400/466 763/391/466 783/390/466
f 778/385/467 768/377/467 781/386/467
f 763/391/468 775/404/468 783/390/468
f 777/134/469 784/405/469 783/395/469
f 786/372/470 785/373/470 818/374/470
f 683/133/471 703/132/472 705/394/473
f 812/375/474 806/376/474 804/377/474
f 697/388/475 683/396/476 705/389/477
f 698/376/478 701/398/479 699/406/480
f 810/254/481 793/380/481 798/381/481
f 710/374/482 706/385/483 678/372/484
f 792/253/12 798/381/12 796/409/12
f 820/387/485 805/388/485 813/389/485
f 788/383/486 805/388/486 820/387/486
f 819/390/487 799/391/487 816/392/487
f 804/377/488 814/385/488 817/386/488
f 696/295/489 702/296/490 704/252/491
f 813/394/492 811/132/492 819/395/492
f 465/410/493 458/411/494 457/412/495
f 47/413/496 54/414/497 48/415/498
f 183/416/499 200/118/500 196/130/105
f 595/350/501 610/351/502 611/352/502
f 734/376/503 737/398/504 740/375/505
f 44/29/506 47/417/507 46/418/508
f 102/67/509 84/43/510 88/44/511
f 649/371/512 639/179/513 631/178/514
f 104/58/515 32/86/515 23/419/515
f 88/44/516 89/39/16 87/41/18
f 89/39/16 83/420/517 85/42/19
f 89/39/518 84/43/518 83/420/518
f 708/36/9 697/37/9 680/38/9
f 54/421/519 66/422/520 61/423/521
f 18/424/522 87/41/522 11/425/522
f 8/426/9 9/427/9 17/428/9
f 449/429/523 445/430/324 447/431/323
f 133/432/524 106/70/524 126/433/524
f 720/253/12 726/381/12 738/254/12
f 46/434/525 50/207/526 74/20/527
f 110/68/528 146/435/528 137/436/528
f 141/437/9 146/435/9 145/438/9
f 434/439/529 429/440/530 428/441/531
f 684/253/70 690/381/70 688/409/70
f 105/48/22 91/442/532 90/49/23
f 93/51/533 92/54/533 101/52/533
f 105/48/27 97/50/30 103/56/28
f 101/52/534 100/55/35 99/63/37
f 111/64/38 102/67/41 109/65/39
f 111/64/43 95/443/535 94/69/44
f 83/80/61 91/444/536 105/445/537
f 90/49/49 93/51/538 107/53/50
f 92/71/52 95/446/539 111/72/53
f 177/149/88 162/101/540 175/151/541
f 78/447/70 43/25/70 42/27/70
f 45/448/542 48/449/543 80/450/544
f 254/186/545 264/451/546 257/452/547
f 134/453/9 135/454/9 136/455/9
f 121/456/12 40/98/12 161/457/12
f 77/458/9 33/459/9 131/460/9
f 35/461/9 120/97/9 121/456/9
f 177/462/12 179/463/12 168/117/12
f 40/464/548 112/465/548 155/466/549
f 3/467/550 87/41/550 18/424/550
f 87/41/551 3/467/551 4/468/551
f 134/453/552 146/435/552 110/68/552
f 1/469/553 134/453/553 110/68/553
f 87/41/554 4/468/554 16/470/554
f 148/471/555 1/469/555 110/68/555
f 106/70/556 133/432/556 36/472/556
f 20/46/557 104/58/557 19/47/557
f 20/46/558 32/86/558 104/58/558
f 19/47/559 104/58/559 34/228/559
f 106/70/560 36/472/560 35/461/560
f 106/70/561 35/461/561 131/460/561
f 147/473/562 80/474/562 41/475/562
f 147/473/563 41/475/563 135/454/563
f 39/476/564 155/477/564 145/438/564
f 39/476/565 145/438/565 136/455/565
f 82/478/566 37/99/566 17/428/566
f 39/476/70 135/454/70 41/475/70
f 17/428/567 37/99/567 5/100/567
f 160/94/568 79/479/568 15/95/568
f 77/458/569 130/480/569 161/457/569
f 130/480/570 121/456/570 161/457/570
f 147/473/9 16/470/9 79/479/9
f 132/90/571 2/481/571 40/98/571
f 33/459/572 78/482/572 159/84/572
f 33/459/573 159/84/573 21/45/573
f 38/83/574 149/483/574 31/87/574
f 38/83/575 31/87/575 22/484/575
f 424/485/576 412/270/577 417/279/578
f 234/149/579 220/150/580 232/151/581
f 486/486/340 478/487/582 482/488/346
f 174/489/70 165/129/70 176/490/70
f 166/102/72 167/104/583 163/103/73
f 164/416/584 165/105/77 168/107/79
f 179/112/83 173/109/585 170/111/84
f 258/491/10 252/492/10 257/493/10
f 180/118/90 179/112/83 176/113/85
f 175/494/541 174/114/86 177/116/88
f 176/113/85 164/416/586 168/117/89
f 185/102/91 186/104/587 182/119/92
f 183/416/584 184/105/77 187/107/79
f 194/114/106 189/121/97 191/123/99
f 189/121/97 190/126/588 192/122/98
f 199/112/104 193/125/101 197/124/100
f 193/125/101 192/122/589 190/126/102
f 198/495/12 199/463/12 187/117/12
f 214/496/12 202/128/12 205/497/12
f 200/118/500 199/112/104 196/130/105
f 195/494/204 194/114/106 198/131/107
f 208/135/111 204/498/590 205/136/112
f 211/139/115 209/143/591 210/140/116
f 217/142/118 210/140/592 209/143/119
f 49/21/593 48/499/594 73/19/595
f 216/138/121 212/147/120 211/139/596
f 215/149/122 206/152/597 202/150/123
f 224/152/124 225/500/598 221/153/125
f 222/416/599 223/154/127 226/156/129
f 231/158/131 227/162/600 229/159/132
f 230/161/134 229/159/601 227/162/135
f 228/501/12 220/128/12 223/502/12
f 60/15/12 56/503/12 62/13/12
f 686/504/602 689/399/603 685/380/604
f 236/163/136 230/161/605 228/160/137
f 233/166/138 222/416/606 226/117/145
f 251/505/70 245/16/70 246/18/70
f 243/201/607 247/203/608 242/204/609
f 243/184/12 240/172/12 248/506/12
f 250/507/12 247/17/12 244/508/12
f 254/186/610 262/185/610 263/509/610
f 733/388/611 719/396/612 736/397/613
f 700/510/614 691/391/615 682/511/616
f 328/512/617 322/513/618 331/514/619
f 438/515/620 426/4/4 425/516/621
f 81/517/622 75/518/623 48/499/624
f 203/519/625 201/137/626 205/136/627
f 744/400/436 743/401/435 716/402/628
f 657/352/629 655/520/630 632/521/631
f 276/193/168 275/197/632 274/194/169
f 272/196/633 276/193/168 273/188/170
f 270/195/634 275/197/632 276/193/168
f 268/189/635 273/188/635 274/194/635
f 267/187/636 272/196/636 273/188/636
f 291/522/12 286/16/12 287/18/12
f 43/523/637 81/524/638 49/525/639
f 290/526/70 288/17/70 285/508/70
f 250/527/640 277/199/641 249/528/642
f 171/108/643 178/115/87 174/114/86
f 42/27/644 50/529/645 78/447/646
f 219/155/647 221/153/648 225/500/649
f 410/530/650 405/261/273 404/531/651
f 204/498/652 218/146/141 213/166/140
f 303/221/653 313/532/215 307/533/654
f 304/534/655 317/535/656 308/536/657
f 284/184/658 282/537/659 304/534/655
f 338/216/660 329/241/661 330/242/662
f 315/538/206 314/236/663 312/188/664
f 306/539/353 307/540/654 310/230/214
f 307/540/654 313/231/215 310/230/214
f 309/232/665 316/229/213 313/231/215
f 308/235/666 311/234/666 312/188/666
f 351/514/667 342/513/668 348/512/669
f 299/491/103 293/492/103 298/493/103
f 262/182/670 271/541/671 264/180/672
f 388/255/673 389/241/674 387/219/675
f 327/542/676 334/543/677 319/248/678
f 334/213/679 332/544/679 331/211/679
f 336/217/680 332/544/680 333/243/680
f 358/216/681 349/241/682 356/245/683
f 371/514/684 362/513/685 368/512/686
f 763/1/687 766/2/688 775/404/689
f 368/255/690 369/241/691 370/242/692
f 341/168/693 353/545/694 349/546/695
f 354/213/696 352/544/696 353/243/696
f 353/243/697 352/544/697 355/217/697
f 378/216/698 369/241/699 376/245/700
f 388/512/677 382/513/701 391/514/702
f 328/255/703 329/241/704 327/219/705
f 54/414/706 64/547/706 63/548/706
f 361/168/707 373/545/708 369/546/709
f 374/213/710 372/544/710 373/243/710
f 373/243/711 372/544/711 375/217/711
f 245/170/712 248/549/713 240/172/714
f 159/550/715 69/551/103 59/552/103
f 505/553/716 514/554/717 516/358/718
f 686/555/719 698/556/720 699/557/721
f 387/542/722 394/543/617 379/248/723
f 394/213/724 392/544/724 391/211/724
f 396/217/725 392/544/725 393/243/725
f 407/227/210 406/263/275 417/558/208
f 406/263/275 416/262/274 417/558/208
f 399/259/726 407/227/210 411/226/209
f 400/260/727 399/259/726 408/559/276
f 231/158/728 234/148/579 232/494/581
f 402/560/729 401/561/730 414/562/731
f 403/563/732 402/560/729 409/564/733
f 410/530/650 403/563/732 409/564/733
f 404/531/651 403/563/732 410/530/650
f 85/82/734 119/565/735 115/566/736
f 401/561/730 413/567/278 414/562/731
f 399/259/726 411/226/209 408/559/276
f 410/568/737 409/569/737 415/570/737
f 408/264/738 411/571/738 412/265/738
f 410/568/650 415/570/739 416/572/274
f 412/270/282 418/573/740 420/271/283
f 415/273/285 419/281/741 422/274/286
f 413/272/288 420/271/742 421/276/289
f 416/275/743 422/274/743 423/278/743
f 417/279/293 423/278/292 424/485/744
f 414/280/294 421/574/745 419/281/295
f 206/152/746 203/519/747 202/150/748
f 418/573/749 424/485/370 420/271/750
f 419/281/751 421/574/372 422/274/371
f 431/575/752 436/576/302 442/577/298
f 431/575/752 442/577/298 437/578/297
f 432/579/753 431/575/752 437/578/297
f 425/516/621 432/579/753 443/580/299
f 428/441/531 427/6/6 434/439/529
f 87/41/754 148/471/755 110/68/756
f 430/581/757 429/440/530 435/582/758
f 431/575/752 430/581/759 436/576/302
f 430/581/757 435/582/758 436/576/760
f 425/516/621 443/580/299 438/515/620
f 432/579/753 437/578/297 443/580/299
f 433/5/5 434/439/529 427/6/6
f 435/285/761 434/583/761 440/286/761
f 433/584/5 439/585/762 440/586/763
f 434/583/764 433/587/764 440/286/764
f 438/292/307 450/379/765 447/293/308
f 441/291/306 445/290/305 448/299/766
f 439/294/767 447/293/767 444/297/767
f 442/75/318 448/299/317 449/76/768
f 440/289/315 444/588/314 445/290/769
f 446/74/770 449/76/523 450/379/771
f 451/589/772 459/590/773 467/591/328
f 459/590/773 458/411/494 466/592/774
f 284/201/775 280/174/776 282/202/777
f 451/589/772 467/591/328 460/593/778
f 452/594/779 451/589/772 461/595/334
f 453/596/780 452/594/779 462/597/336
f 454/598/781 453/596/780 463/599/782
f 455/600/783 454/598/781 470/601/332
f 464/602/331 455/600/783 470/601/332
f 456/603/784 455/600/783 464/602/331
f 465/410/493 456/603/784 464/602/331
f 457/412/495 456/603/784 465/410/493
f 454/598/781 463/599/782 470/601/332
f 459/590/773 466/592/774 467/591/328
f 451/589/772 460/593/778 461/595/334
f 462/597/336 463/599/782 453/596/780
f 452/594/779 461/595/334 462/597/336
f 471/604/333 470/605/332 469/606/335
f 463/319/782 469/318/335 470/311/332
f 467/307/328 466/607/774 472/308/329
f 461/313/785 460/608/785 468/309/785
f 460/608/786 467/307/786 468/309/786
f 461/313/334 468/309/330 469/314/335
f 466/607/787 465/316/787 472/308/787
f 480/609/788 479/610/789 487/611/790
f 107/53/791 99/63/792 106/70/793
f 473/612/794 480/609/788 483/613/344
f 474/93/67 473/612/794 483/613/344
f 265/190/165 240/172/795 259/614/796
f 476/615/797 475/92/66 485/616/798
f 477/617/799 476/615/797 490/618/800
f 478/487/582 477/617/799 481/619/801
f 481/619/801 482/488/346 478/487/582
f 490/618/800 481/619/801 477/617/799
f 479/610/789 486/486/340 487/611/790
f 485/616/798 490/618/800 476/615/797
f 480/609/788 487/611/790 483/613/344
f 474/93/67 483/613/344 484/91/65
f 486/320/802 482/328/802 492/308/802
f 491/620/803 490/621/800 489/305/326
f 485/331/798 489/330/326 490/322/800
f 487/622/790 486/320/340 488/321/342
f 483/325/804 487/622/804 488/321/804
f 483/325/344 488/321/805 489/326/345
f 482/328/346 481/324/801 491/323/347
f 511/371/806 498/623/806 510/177/806
f 511/371/807 510/177/807 509/624/807
f 414/625/731 409/564/733 402/560/729
f 560/554/808 559/626/809 551/553/810
f 799/1/811 802/2/812 803/3/813
f 267/627/814 268/628/815 243/184/816
f 496/258/817 503/350/817 517/520/817
f 493/343/818 495/629/818 506/630/818
f 496/631/819 499/335/819 503/337/819
f 499/335/820 502/338/820 501/336/820
f 493/343/821 506/632/821 507/341/821
f 497/344/822 494/633/822 509/345/822
f 508/347/823 512/634/823 498/348/823
f 495/635/12 500/332/12 533/636/12
f 539/178/824 541/635/824 546/332/824
f 539/178/825 546/332/825 547/179/825
f 556/177/826 544/623/826 557/371/826
f 540/521/827 562/358/828 558/357/829
f 563/520/830 549/350/830 542/258/830
f 552/630/831 541/629/831 539/364/831
f 549/337/832 545/335/832 542/631/832
f 547/362/833 548/338/833 545/335/833
f 553/341/834 552/632/834 539/364/834
f 555/365/835 540/633/835 543/366/835
f 544/348/836 558/637/836 554/367/836
f 73/638/837 44/29/837 46/639/837
f 60/640/103 57/641/103 58/642/103
f 65/14/838 56/643/838 58/644/838
f 585/178/839 587/635/839 592/332/839
f 585/178/840 592/332/840 593/179/840
f 602/177/841 590/623/841 603/371/841
f 556/177/842 539/178/843 547/179/844
f 586/521/845 608/358/846 604/357/847
f 609/520/848 595/350/848 588/258/848
f 301/210/849 315/538/206 317/535/656
f 598/630/850 587/629/850 585/364/850
f 595/337/851 591/335/851 588/631/851
f 593/362/852 594/338/852 591/335/852
f 599/341/853 598/632/853 585/364/853
f 601/365/854 586/633/854 589/366/854
f 590/348/855 604/637/855 600/367/855
f 607/645/856 606/554/857 596/249/858
f 587/635/12 626/646/12 625/636/859
f 584/647/70 541/635/70 550/249/70
f 649/371/860 636/623/860 648/177/860
f 649/371/861 648/177/861 647/624/861
f 500/332/862 493/178/863 501/179/864
f 519/352/865 517/520/866 494/521/867
f 520/356/868 512/357/869 516/358/870
f 634/258/871 641/350/871 655/520/871
f 631/343/872 633/629/872 644/630/872
f 634/631/873 637/335/873 641/337/873
f 637/335/874 640/338/874 639/336/874
f 631/343/875 644/632/875 645/341/875
f 635/344/876 632/633/876 647/345/876
f 646/347/877 650/634/877 636/348/877
f 643/553/878 652/554/879 654/358/880
f 633/635/70 638/332/70 671/636/70
f 750/648/9 770/556/9 778/649/9
f 727/1/881 730/2/882 739/404/883
f 678/372/884 685/650/884 677/373/884
f 758/504/885 761/399/886 759/651/70
f 752/407/9 763/391/9 780/408/9
f 685/380/887 689/399/887 690/381/887
f 808/510/888 799/391/889 790/511/890
f 722/555/891 734/556/892 721/650/893
f 707/384/894 680/383/894 712/387/894
f 708/392/895 679/382/895 711/390/895
f 696/377/896 698/376/896 706/385/896
f 702/254/897 677/373/897 685/650/897
f 691/391/898 711/390/898 703/652/898
f 711/395/899 712/405/899 705/394/899
f 713/373/900 721/650/900 714/372/900
f 413/567/278 400/260/727 408/559/276
f 740/375/901 732/377/901 734/376/901
f 756/253/70 762/381/70 774/254/70
f 738/254/902 726/381/902 721/380/902
f 772/510/903 763/391/904 769/37/905
f 758/555/906 770/556/907 757/650/908
f 786/648/9 806/556/9 793/650/9
f 716/402/909 743/401/909 748/387/909
f 715/653/910 744/400/910 747/390/910
f 742/385/911 734/376/911 732/377/911
f 721/650/912 713/373/912 738/254/912
f 747/395/913 739/132/913 741/134/913
f 749/373/914 757/650/914 750/372/914
f 5/100/9 4/468/9 3/467/9
f 776/375/915 768/377/915 770/376/915
f 714/648/9 734/556/9 742/649/9
f 794/504/916 797/399/917 793/380/918
f 774/254/919 762/381/919 757/380/919
f 472/654/329 469/606/335 468/655/330
f 794/555/920 806/556/921 807/557/922
f 678/648/9 698/556/9 685/650/9
f 752/402/923 779/401/923 784/387/923
f 751/653/924 780/400/924 783/390/924
f 778/385/925 770/376/925 768/377/925
f 757/650/926 749/373/926 774/254/926
f 783/395/927 775/132/927 777/134/927
f 786/372/928 793/650/928 785/373/928
f 722/504/929 725/399/930 723/651/12
f 793/380/931 797/399/931 798/381/931
f 736/510/932 727/391/933 733/37/934
f 815/384/935 788/383/935 820/387/935
f 816/392/936 787/382/936 819/390/936
f 804/377/937 806/376/937 814/385/937
f 810/254/938 785/373/938 793/650/938
f 799/391/939 819/390/939 811/652/939
f 819/395/940 820/405/940 813/394/940
f 693/656/941 682/657/613 691/1/1
f 703/652/942 681/658/70 692/659/70
f 703/652/942 692/659/70 694/2/2
f 695/3/3 693/656/941 691/1/1
f 691/1/1 703/652/942 694/2/2
f 426/4/4 439/660/762 433/5/5
f 70/7/7 69/661/7 57/8/7
f 68/10/8 51/301/8 52/11/8
f 62/13/9 66/662/9 65/14/9
f 286/16/10 285/508/10 288/17/10
f 73/19/9 46/434/9 74/20/9
f 55/22/10 61/423/10 62/23/10
f 43/25/11 49/663/11 74/26/11
f 80/28/12 79/664/12 44/29/12
f 2/481/943 129/665/9 128/666/944
f 128/666/944 127/667/9 126/433/945
f 126/433/945 106/70/946 98/31/13
f 98/31/13 108/668/947 110/68/948
f 110/68/948 137/436/949 138/669/949
f 139/670/950 140/671/9 155/466/951
f 110/68/948 138/669/949 139/670/950
f 128/666/944 126/433/945 98/31/13
f 153/33/15 152/672/9 2/481/943
f 2/481/943 128/666/944 98/31/13
f 110/68/948 139/670/950 155/466/951
f 155/466/951 156/673/9 158/32/14
f 158/32/14 157/674/9 154/675/9
f 154/675/9 112/465/952 151/676/9
f 153/33/15 2/481/943 98/31/13
f 154/675/9 151/676/9 153/33/15
f 110/68/948 155/466/951 158/32/14
f 158/32/14 154/675/9 153/33/15
f 98/31/13 110/68/948 158/32/14
f 59/34/9 69/661/9 70/7/9
f 816/36/9 799/391/9 805/37/9
f 21/45/9 22/484/9 20/46/9
f 238/677/953 269/369/954 261/59/32
f 266/678/955 271/541/671 262/185/670
f 277/679/956 238/677/953 261/59/32
f 266/678/955 262/185/670 239/60/33
f 249/61/34 277/679/956 261/59/32
f 261/59/32 266/678/955 239/60/33
f 239/60/33 242/334/70 249/61/34
f 446/74/55 443/378/957 442/75/56
f 48/79/60 75/680/958 71/77/58
f 71/77/58 67/681/959 55/682/959
f 56/78/59 63/683/960 48/79/60
f 71/77/58 55/682/959 56/78/59
f 83/80/61 105/445/537 96/81/62
f 38/83/12 22/484/12 21/45/12
f 29/684/9 25/685/9 24/686/9
f 29/684/9 24/686/9 28/687/9
f 149/483/9 26/688/9 30/689/9
f 29/684/9 28/687/9 27/85/9
f 31/87/9 149/483/9 30/689/9
f 31/87/9 30/689/9 29/684/9
f 27/85/9 23/419/9 32/86/9
f 31/87/9 29/684/9 27/85/9
f 123/88/64 127/667/9 128/666/9
f 123/88/64 128/666/9 124/89/9
f 133/432/9 126/433/9 122/690/64
f 133/432/9 122/690/64 123/88/64
f 129/665/9 2/481/9 132/90/9
f 125/691/9 129/665/9 132/90/9
f 132/90/9 133/432/9 123/88/64
f 124/89/9 125/691/9 132/90/9
f 484/91/65 485/616/798 475/92/66
f 37/99/70 160/94/70 6/96/70
f 184/129/70 183/416/70 196/692/70
f 196/692/70 197/693/70 190/127/70
f 190/127/70 189/694/70 194/489/70
f 194/489/70 195/695/70 181/128/70
f 181/128/70 182/696/70 184/129/70
f 184/129/70 196/692/70 190/127/70
f 190/127/70 194/489/70 181/128/70
f 245/16/103 244/508/103 247/17/103
f 739/132/108 717/658/961 719/133/109
f 208/697/70 201/698/70 207/144/70
f 207/144/70 206/164/70 215/699/70
f 215/699/70 216/700/70 210/145/70
f 210/145/70 217/701/70 218/146/70
f 218/146/70 208/697/70 207/144/70
f 207/144/70 215/699/70 210/145/70
f 229/702/70 230/703/70 236/163/70
f 236/163/70 226/117/70 219/704/70
f 219/704/70 225/705/70 224/164/70
f 224/164/70 234/699/70 235/165/70
f 235/165/70 229/702/70 236/163/70
f 236/163/70 219/704/70 224/164/70
f 217/142/139 214/141/962 213/166/140
f 324/167/142 323/237/963 321/168/143
f 286/170/146 291/706/964 292/171/147
f 296/173/149 282/202/965 280/174/150
f 293/176/152 294/707/966 296/173/153
f 255/173/155 241/202/967 239/174/156
f 593/179/160 601/624/968 602/177/158
f 602/177/158 603/371/969 585/178/159
f 290/198/173 285/708/970 318/199/174
f 243/201/176 242/204/971 239/174/177
f 284/201/179 292/171/972 291/706/973
f 284/201/179 291/706/973 287/709/974
f 290/198/975 289/200/976 283/204/181
f 284/201/179 287/709/974 288/203/180
f 288/203/180 290/198/975 283/204/181
f 47/205/182 76/710/977 72/206/183
f 331/211/186 325/244/978 326/212/187
f 100/73/54 111/72/53 108/214/189
f 335/215/191 337/245/979 338/216/192
f 252/176/194 253/707/980 255/173/195
f 324/218/197 328/255/981 327/219/198
f 303/221/200 307/533/982 283/334/983
f 283/334/983 289/711/12 318/679/984
f 318/679/984 279/677/12 297/222/201
f 297/222/201 298/452/12 293/712/12
f 295/186/985 310/713/986 309/223/202
f 297/222/201 293/712/12 295/186/985
f 303/221/200 283/334/983 318/679/984
f 309/223/202 313/532/987 303/221/200
f 297/222/201 295/186/985 309/223/202
f 303/221/200 318/679/984 297/222/201
f 185/102/203 181/120/988 195/151/204
f 417/225/208 412/265/989 411/226/209
f 106/70/211 131/460/990 34/228/212
f 344/167/219 342/169/144 341/168/220
f 346/238/222 339/248/250 340/239/223
f 398/216/225 397/245/991 389/241/226
f 347/219/228 348/255/992 344/218/229
f 351/211/232 354/213/993 346/212/233
f 357/215/235 355/217/994 358/216/236
f 364/167/222 362/169/250 361/168/223
f 366/238/219 359/248/144 360/239/220
f 367/219/238 368/255/995 364/218/239
f 57/246/70 59/34/70 61/35/70
f 371/211/242 374/213/996 366/212/243
f 377/215/245 375/217/997 378/216/246
f 384/167/248 383/237/998 381/168/249
f 386/238/142 385/240/963 380/239/143
f 384/218/251 388/255/999 387/219/252
f 391/211/255 385/244/1000 386/212/256
f 395/215/258 397/245/1001 398/216/259
f 596/249/261 588/258/262 617/250/262
f 326/238/248 325/240/998 320/239/249
f 776/252/264 773/714/1002 756/253/265
f 348/255/267 347/219/1003 349/241/268
f 545/335/70 548/338/70 546/332/70
f 546/332/70 541/635/1004 579/636/1004
f 546/332/70 579/636/1004 578/715/70
f 542/258/70 545/335/70 546/332/70
f 571/250/388 550/249/388 542/258/70
f 572/716/70 571/250/388 542/258/70
f 546/332/70 578/715/70 577/717/70
f 546/332/70 577/717/70 576/256/70
f 573/718/70 572/716/70 542/258/70
f 574/719/70 573/718/70 542/258/70
f 542/258/70 546/332/70 576/256/70
f 575/257/270 574/719/70 542/258/70
f 50/269/281 72/720/1005 76/267/279
f 76/267/279 47/721/1006 48/79/1007
f 48/79/1007 63/683/1008 64/722/1009
f 64/722/1009 58/723/521 57/724/521
f 68/268/280 67/681/1010 71/77/1011
f 64/722/1009 57/724/521 68/268/280
f 76/267/279 48/79/1007 64/722/1009
f 71/77/1011 81/725/1012 50/269/281
f 76/267/279 64/722/1009 68/268/280
f 68/268/280 71/77/1011 50/269/281
f 804/295/310 785/393/444 810/296/311
f 81/300/319 52/11/1013 51/301/320
f 492/304/325 491/620/803 489/305/326
f 638/332/350 633/635/1014 631/178/351
f 283/334/355 307/533/654 306/333/353
f 306/333/353 310/713/214 295/186/354
f 295/186/354 280/726/12 283/334/355
f 566/356/1015 540/521/1016 549/350/362
f 549/350/362 563/520/363 564/351/363
f 565/352/363 566/356/1015 549/350/362
f 38/355/364 37/727/364 82/728/364
f 150/353/364 116/729/1017 149/354/365
f 38/355/364 82/728/364 150/353/364
f 658/356/366 635/730/1018 650/357/367
f 107/53/50 106/70/1019 104/58/369
f 421/361/372 420/731/750 424/359/370
f 424/359/370 423/732/1020 422/360/371
f 238/677/1021 256/222/1022 264/180/380
f 264/180/380 271/733/1023 266/370/381
f 266/370/381 261/59/1024 269/369/379
f 269/369/379 238/677/1021 264/180/380
f 663/250/388 634/258/1025 642/249/389
f 511/371/391 509/624/1026 501/179/392
f 525/250/262 496/258/1027 504/249/261
f 792/253/401 809/714/1002 812/252/402
f 443/378/405 446/74/1028 450/379/406
f 787/382/409 816/392/434 788/383/410
f 746/374/409 714/372/434 742/385/410
f 732/295/416 740/252/1029 738/296/417
f 684/253/421 701/714/1030 704/252/422
f 775/132/424 753/658/1031 755/133/425
f 769/388/427 777/403/1032 755/396/428
f 770/376/430 771/406/1033 773/398/431
f 780/400/410 751/653/411 779/401/409
f 782/374/435 750/372/628 778/385/436
f 768/295/442 776/252/1034 774/296/443
f 740/252/448 737/714/1030 720/253/449
f 791/133/451 789/658/1031 811/132/452
f 805/388/454 808/397/1035 791/396/455
f 806/376/457 812/375/1036 809/398/458
f 679/382/435 708/392/628 680/383/436
f 716/407/9 733/37/9 727/391/9
f 818/374/461 817/386/1037 814/385/462
f 683/133/471 681/658/961 703/132/472
f 697/388/475 700/397/1038 683/396/476
f 698/376/478 704/375/1039 701/398/479
f 710/374/482 709/386/1040 706/385/483
f 792/253/12 810/254/12 798/381/12
f 696/295/489 677/393/418 702/296/490
f 465/410/493 466/592/774 458/411/494
f 47/413/496 53/734/1041 54/414/497
f 183/416/499 187/117/1042 200/118/500
f 612/356/1043 586/521/1044 595/350/501
f 595/350/501 609/520/502 610/351/502
f 611/352/502 612/356/1043 595/350/501
f 734/376/503 735/406/1045 737/398/504
f 44/29/506 79/664/1046 47/417/507
f 88/44/511 87/41/1047 110/68/1048
f 102/67/509 94/69/1049 84/43/510
f 88/44/511 110/68/1048 102/67/509
f 649/371/512 647/624/1050 639/179/513
f 708/36/9 691/391/9 697/37/9
f 54/421/519 63/735/10 56/24/10
f 54/421/519 56/24/10 66/422/520
f 80/450/1051 48/449/1052 54/421/519
f 161/736/1053 41/737/10 80/450/1051
f 81/524/1054 77/738/1055 161/736/1053
f 55/22/10 67/739/10 52/740/1056
f 52/740/1056 81/524/1054 161/736/1053
f 161/736/1053 80/450/1051 54/421/519
f 70/741/520 55/22/10 52/740/1056
f 52/740/1056 161/736/1053 54/421/519
f 70/741/520 52/740/1056 54/421/519
f 66/422/520 62/23/521 61/423/521
f 61/423/521 70/741/520 54/421/519
f 8/426/9 12/742/9 13/743/9
f 8/426/9 13/743/9 9/427/9
f 18/424/9 11/425/9 7/744/9
f 18/424/9 7/744/9 8/426/9
f 14/745/9 82/478/9 17/428/9
f 10/746/9 14/745/9 17/428/9
f 17/428/9 18/424/9 8/426/9
f 9/427/9 10/746/9 17/428/9
f 447/431/323 450/747/771 449/429/523
f 449/429/523 448/748/1057 445/430/324
f 720/253/12 724/409/12 726/381/12
f 46/434/525 47/205/1058 50/207/526
f 143/749/9 139/670/9 138/669/9
f 143/749/9 138/669/9 142/750/9
f 155/477/9 140/671/9 144/751/9
f 143/749/9 142/750/9 141/437/9
f 145/438/9 155/477/9 144/751/9
f 145/438/9 144/751/9 143/749/9
f 141/437/9 137/436/9 146/435/9
f 145/438/9 143/749/9 141/437/9
f 434/439/529 435/582/758 429/440/530
f 684/253/70 702/254/70 690/381/70
f 177/149/88 166/102/1059 162/101/540
f 78/447/70 77/752/70 43/25/70
f 45/448/542 73/753/1060 48/449/543
f 254/186/545 263/509/1061 264/451/546
f 264/451/546 256/222/1062 257/452/547
f 257/452/547 252/712/70 254/186/545
f 134/453/9 1/469/9 135/454/9
f 121/456/12 120/97/12 40/98/12
f 131/460/9 130/480/9 77/458/9
f 77/458/9 78/482/9 33/459/9
f 33/459/9 34/228/9 131/460/9
f 35/461/9 36/472/9 120/97/9
f 168/117/12 169/754/12 167/755/12
f 167/755/12 166/164/12 177/462/12
f 177/462/12 178/756/12 172/757/12
f 172/757/12 173/758/12 179/463/12
f 179/463/12 180/118/12 168/117/12
f 168/117/12 167/755/12 177/462/12
f 177/462/12 172/757/12 179/463/12
f 155/466/549 39/759/548 40/464/548
f 40/464/548 2/760/548 112/465/548
f 112/465/548 154/675/9 155/466/549
f 39/476/70 136/455/70 135/454/70
f 79/479/9 80/474/9 147/473/9
f 147/473/9 148/471/9 16/470/9
f 16/470/9 15/95/9 79/479/9
f 424/485/576 418/573/1063 412/270/577
f 234/149/579 224/152/597 220/150/580
f 486/486/340 479/610/789 478/487/582
f 170/761/70 171/762/70 174/489/70
f 174/489/70 175/695/70 162/763/70
f 162/763/70 163/764/70 165/129/70
f 165/129/70 164/416/70 176/490/70
f 176/490/70 170/761/70 174/489/70
f 174/489/70 162/763/70 165/129/70
f 258/491/10 253/765/10 252/492/10
f 187/117/12 188/754/12 186/755/12
f 186/755/12 185/164/12 198/495/12
f 198/495/12 191/766/12 192/767/12
f 192/767/12 193/768/12 199/463/12
f 199/463/12 200/118/12 187/117/12
f 187/117/12 186/755/12 198/495/12
f 198/495/12 192/767/12 199/463/12
f 204/498/12 213/769/12 214/496/12
f 214/496/12 209/770/12 211/771/12
f 211/771/12 212/772/12 202/128/12
f 202/128/12 203/773/12 205/497/12
f 205/497/12 204/498/12 214/496/12
f 214/496/12 211/771/12 202/128/12
f 49/21/593 81/517/1064 48/499/594
f 222/416/12 233/769/12 228/501/12
f 228/501/12 227/774/12 231/775/12
f 231/775/12 232/695/12 220/128/12
f 220/128/12 221/776/12 223/502/12
f 223/502/12 222/416/12 228/501/12
f 228/501/12 231/775/12 220/128/12
f 60/15/12 58/777/12 56/503/12
f 686/504/602 687/651/70 689/399/603
f 243/201/607 248/549/1065 251/778/1066
f 243/201/607 251/778/1066 246/709/1067
f 250/527/1068 249/528/1069 242/204/609
f 243/201/607 246/709/1067 247/203/608
f 247/203/608 250/527/1068 242/204/609
f 733/388/611 741/403/1070 719/396/612
f 700/510/614 697/37/934 691/391/615
f 332/779/1071 336/217/1072 338/780/1073
f 332/779/1071 338/780/1073 330/781/1074
f 320/782/1075 325/783/1076 331/514/619
f 331/514/619 332/779/1071 330/781/1074
f 328/512/617 324/784/1077 322/513/618
f 331/514/619 330/781/1074 328/512/617
f 322/513/618 320/782/1075 331/514/619
f 438/515/620 439/660/762 426/4/4
f 81/517/622 71/785/1078 75/518/623
f 203/519/625 207/786/1079 201/137/626
f 744/400/436 715/653/437 743/401/435
f 635/730/1080 658/356/1081 657/352/629
f 657/352/629 656/351/9 655/520/630
f 655/520/630 641/350/1082 632/521/631
f 632/521/631 635/730/1080 657/352/629
f 43/523/637 77/738/1055 81/524/638
f 250/527/640 244/708/1083 277/199/641
f 171/108/643 172/110/1084 178/115/87
f 42/27/644 74/787/1085 50/529/645
f 219/155/647 223/154/1086 221/153/648
f 410/530/650 416/262/274 405/261/273
f 204/498/652 208/697/1087 218/146/141
f 314/788/663 315/224/206 305/789/205
f 305/789/205 301/790/849 281/172/1088
f 281/172/1088 292/791/70 284/184/658
f 296/792/1089 294/793/70 299/794/1090
f 299/794/1090 278/795/1091 302/796/1092
f 296/792/1089 299/794/1090 302/796/1092
f 305/789/205 281/172/1088 284/184/658
f 314/788/663 305/789/205 284/184/658
f 296/792/1089 302/796/1092 304/534/655
f 308/536/657 314/788/663 284/184/658
f 282/537/659 296/792/1089 304/534/655
f 304/534/655 308/536/657 284/184/658
f 338/216/660 337/245/1093 329/241/661
f 358/216/1094 355/797/1095 352/779/1096
f 351/514/667 345/783/1097 340/782/1098
f 358/216/1094 352/779/1096 351/514/667
f 350/781/1099 358/216/1094 351/514/667
f 351/514/667 340/782/1098 342/513/668
f 342/513/668 344/784/1100 348/512/669
f 348/512/669 350/781/1099 351/514/667
f 299/491/103 294/765/103 293/492/103
f 388/255/673 390/242/692 389/241/674
f 329/546/1101 337/798/1102 335/799/1103
f 329/546/1101 335/799/1103 333/545/1104
f 321/168/1105 323/237/1106 327/542/676
f 327/542/676 329/546/1101 333/545/1104
f 334/543/677 326/238/1107 319/248/678
f 327/542/676 333/545/1104 334/543/677
f 319/248/678 321/168/1105 327/542/676
f 334/213/679 333/243/679 332/544/679
f 358/216/681 350/242/662 349/241/682
f 378/216/1108 375/797/1109 372/779/1110
f 371/514/684 365/783/1111 360/782/1112
f 378/216/1108 372/779/1110 371/514/684
f 370/781/1113 378/216/1108 371/514/684
f 371/514/684 360/782/1112 362/513/685
f 362/513/685 364/784/1114 368/512/686
f 368/512/686 370/781/1113 371/514/684
f 763/1/687 754/657/1035 765/656/1115
f 763/1/687 765/656/1115 767/3/1116
f 764/659/70 753/658/70 775/404/689
f 763/1/687 767/3/1116 766/2/688
f 766/2/688 764/659/70 775/404/689
f 368/255/690 367/219/1117 369/241/691
f 347/542/1118 343/237/1119 341/168/693
f 341/168/693 339/248/1120 346/238/1121
f 341/168/693 346/238/1121 354/543/1122
f 349/546/695 347/542/1118 341/168/693
f 357/800/1123 356/798/1124 349/546/695
f 341/168/693 354/543/1122 353/545/694
f 353/545/694 357/800/1123 349/546/695
f 354/213/696 351/211/696 352/544/696
f 378/216/698 370/242/227 369/241/699
f 392/779/1125 396/217/1126 398/780/1127
f 392/779/1125 398/780/1127 390/781/1128
f 380/782/1129 385/783/1130 391/514/702
f 391/514/702 392/779/1125 390/781/1128
f 388/512/677 384/784/1107 382/513/701
f 391/514/702 390/781/1128 388/512/677
f 382/513/701 380/782/1129 391/514/702
f 328/255/703 330/242/269 329/241/704
f 54/414/706 53/734/706 64/547/706
f 367/542/1131 363/237/1132 361/168/707
f 361/168/707 359/248/1133 366/238/1134
f 361/168/707 366/238/1134 374/543/1135
f 369/546/709 367/542/1131 361/168/707
f 377/800/1136 376/798/1137 369/546/709
f 361/168/707 374/543/1135 373/545/708
f 373/545/708 377/800/1136 369/546/709
f 374/213/710 371/211/710 372/544/710
f 245/170/712 251/778/1138 248/549/713
f 58/801/103 64/802/103 53/803/1139
f 53/803/1139 47/417/1140 79/664/1141
f 79/664/1141 160/804/103 159/550/715
f 159/550/715 78/447/646 50/529/1142
f 51/805/1143 68/806/103 57/641/103
f 159/550/715 50/529/1142 51/805/1143
f 53/803/1139 79/664/1141 159/550/715
f 65/807/1144 58/801/103 53/803/1139
f 59/552/103 60/640/1145 65/807/1144
f 51/805/1143 57/641/103 69/551/103
f 59/552/103 65/807/1144 53/803/1139
f 159/550/715 51/805/1143 69/551/103
f 59/552/103 53/803/1139 159/550/715
f 512/357/1146 508/808/1147 505/553/716
f 505/553/716 504/249/1148 496/258/1149
f 496/258/1149 517/520/9 513/626/1150
f 514/554/717 518/351/9 519/352/9
f 505/553/716 496/258/1149 513/626/1150
f 514/554/717 519/352/9 515/645/521
f 505/553/716 513/626/1150 514/554/717
f 516/358/718 512/357/1146 505/553/716
f 514/554/717 515/645/521 516/358/718
f 686/555/719 685/650/893 698/556/720
f 389/546/1151 397/798/1152 395/799/1153
f 389/546/1151 395/799/1153 393/545/1154
f 381/168/1155 383/237/1156 387/542/722
f 387/542/722 389/546/1151 393/545/1154
f 394/543/617 386/238/1077 379/248/723
f 387/542/722 393/545/1154 394/543/617
f 379/248/723 381/168/1155 387/542/722
f 394/213/724 393/243/724 392/544/724
f 231/158/728 235/157/1157 234/148/579
f 82/478/1158 14/745/9 13/743/1159
f 13/743/1159 12/742/9 11/425/1160
f 11/425/1160 87/41/1161 85/82/734
f 85/82/734 96/809/1162 104/58/1163
f 104/58/1163 23/419/1164 24/686/1164
f 25/685/1165 26/688/9 149/354/1166
f 104/58/1163 24/686/1164 25/685/1165
f 13/743/1159 11/425/1160 85/82/734
f 115/566/736 114/810/9 82/478/1158
f 82/478/1158 13/743/1159 85/82/734
f 104/58/1163 25/685/1165 149/354/1166
f 149/354/1166 117/811/9 119/565/735
f 119/565/735 118/812/9 116/729/9
f 116/729/9 150/353/9 113/813/9
f 115/566/736 82/478/1158 85/82/734
f 116/729/9 113/813/9 115/566/736
f 104/58/1163 149/354/1166 119/565/735
f 119/565/735 116/729/9 115/566/736
f 85/82/734 104/58/1163 119/565/735
f 206/152/746 207/786/1167 203/519/747
f 87/41/754 16/470/1168 148/471/755
f 284/201/775 283/204/1169 280/174/776
f 107/53/791 101/52/1170 99/63/792
f 265/190/165 270/192/167 272/814/1171
f 260/815/1172 237/795/1173 240/172/795
f 265/190/165 272/814/1171 260/815/1172
f 259/614/796 275/191/166 265/190/165
f 265/190/165 260/815/1172 240/172/795
f 414/625/731 415/570/1174 409/564/733
f 559/626/809 563/520/9 542/258/1175
f 542/258/1175 550/249/1176 551/553/810
f 551/553/810 554/808/1177 558/357/1178
f 558/357/1178 562/358/1179 561/645/1180
f 561/645/1180 565/352/9 564/351/9
f 561/645/1180 564/351/9 560/554/808
f 551/553/810 558/357/1178 561/645/1180
f 559/626/809 542/258/1175 551/553/810
f 551/553/810 561/645/1180 560/554/808
f 801/656/1181 790/657/429 799/1/811
f 811/652/1182 789/658/12 800/659/12
f 811/652/1182 800/659/12 802/2/812
f 803/3/813 801/656/1181 799/1/811
f 799/1/811 811/652/1182 802/2/812
f 237/795/1183 260/816/1184 272/814/1185
f 237/795/1183 272/814/1185 267/627/814
f 253/793/12 258/794/12 237/795/1183
f 243/184/816 241/537/12 255/792/1186
f 255/792/1186 253/793/12 237/795/1183
f 255/792/1186 237/795/1183 267/627/814
f 275/191/1187 259/183/1188 243/184/816
f 268/628/815 275/191/1187 243/184/816
f 243/184/816 255/792/1186 267/627/814
f 523/817/12 524/251/12 504/249/12
f 504/249/12 507/341/12 506/632/12
f 500/332/12 502/338/12 499/818/12
f 499/818/12 496/258/12 525/250/12
f 499/818/12 525/250/12 526/716/1189
f 504/249/12 506/632/12 495/635/12
f 522/819/12 523/817/12 504/249/12
f 521/820/12 522/819/12 504/249/12
f 499/818/12 526/716/1189 527/718/12
f 499/818/12 527/718/12 528/719/12
f 521/820/12 504/249/12 495/635/12
f 538/647/1190 521/820/12 495/635/12
f 499/818/12 528/719/12 529/257/12
f 499/818/12 529/257/12 530/256/12
f 537/821/12 538/647/1190 495/635/12
f 536/822/12 537/821/12 495/635/12
f 500/332/12 499/818/12 530/256/12
f 500/332/12 530/256/12 531/717/12
f 535/823/12 536/822/12 495/635/12
f 534/646/1191 535/823/12 495/635/12
f 500/332/12 531/717/12 532/715/12
f 533/636/12 534/646/1191 495/635/12
f 500/332/12 532/715/12 533/636/12
f 558/357/829 543/730/1192 540/521/827
f 540/521/827 566/356/1193 562/358/828
f 73/638/837 45/30/837 44/29/837
f 60/640/103 59/552/103 57/641/103
f 65/14/838 66/662/838 56/643/838
f 547/179/844 555/624/1194 556/177/842
f 556/177/842 557/371/1195 539/178/843
f 604/357/847 589/730/1196 586/521/845
f 586/521/845 612/356/1197 608/358/846
f 317/535/656 304/534/655 302/796/1092
f 302/796/1092 278/795/1091 281/172/1088
f 301/210/849 300/209/207 315/538/206
f 302/796/1092 281/172/1088 301/210/849
f 312/188/664 311/234/1198 317/535/656
f 317/535/656 302/796/1092 301/210/849
f 315/538/206 312/188/664 317/535/656
f 596/249/858 597/553/1199 600/808/1200
f 600/808/1200 604/357/1201 608/358/1202
f 607/645/856 611/352/9 610/351/9
f 600/808/1200 608/358/1202 607/645/856
f 609/520/1203 588/258/1204 596/249/858
f 605/626/1205 609/520/1203 596/249/858
f 596/249/858 600/808/1200 607/645/856
f 607/645/856 610/351/9 606/554/857
f 606/554/857 605/626/1205 596/249/858
f 618/716/12 617/250/12 588/258/12
f 588/258/12 591/335/12 594/338/12
f 587/635/12 598/632/12 599/341/12
f 599/341/12 596/249/12 616/251/12
f 599/341/12 616/251/12 615/817/1206
f 588/258/12 594/338/12 592/332/12
f 619/718/12 618/716/12 588/258/12
f 620/719/12 619/718/12 588/258/12
f 599/341/12 615/817/1206 614/819/12
f 599/341/12 614/819/12 613/820/12
f 621/257/1207 620/719/12 588/258/12
f 622/256/12 621/257/1207 588/258/12
f 587/635/12 599/341/12 613/820/12
f 587/635/12 613/820/12 630/647/1208
f 622/256/12 588/258/12 592/332/12
f 623/717/12 622/256/12 592/332/12
f 587/635/12 630/647/1208 629/821/12
f 587/635/12 629/821/12 628/822/12
f 624/715/12 623/717/12 592/332/12
f 625/636/859 624/715/12 592/332/12
f 587/635/12 628/822/12 627/823/12
f 587/635/12 627/823/12 626/646/12
f 625/636/859 592/332/12 587/635/12
f 580/646/70 579/636/70 541/635/70
f 541/635/70 552/632/70 553/341/70
f 550/249/70 571/250/390 570/251/390
f 550/249/70 570/251/390 569/817/70
f 541/635/70 553/341/70 550/249/70
f 581/823/70 580/646/70 541/635/70
f 582/822/70 581/823/70 541/635/70
f 550/249/70 569/817/70 568/819/70
f 550/249/70 568/819/70 567/820/70
f 583/821/70 582/822/70 541/635/70
f 550/249/70 567/820/70 584/647/70
f 584/647/70 583/821/70 541/635/70
f 500/332/862 495/635/1209 493/178/863
f 497/730/1210 520/356/1211 519/352/865
f 519/352/865 518/351/9 517/520/866
f 517/520/866 503/350/1212 494/521/867
f 494/521/867 497/730/1210 519/352/865
f 520/356/868 497/730/1213 512/357/869
f 650/357/1214 646/808/1215 643/553/878
f 643/553/878 642/249/1216 634/258/1217
f 634/258/1217 655/520/9 651/626/1218
f 652/554/879 656/351/9 657/352/9
f 643/553/878 634/258/1217 651/626/1218
f 652/554/879 657/352/9 653/645/521
f 643/553/878 651/626/1218 652/554/879
f 654/358/880 650/357/1214 643/553/878
f 652/554/879 653/645/521 654/358/880
f 661/817/70 662/251/70 642/249/70
f 642/249/70 645/341/70 644/632/70
f 638/332/70 640/338/70 637/818/70
f 637/818/70 634/258/70 663/250/70
f 637/818/70 663/250/70 664/716/1219
f 642/249/70 644/632/70 633/635/70
f 660/819/70 661/817/70 642/249/70
f 659/820/70 660/819/70 642/249/70
f 637/818/70 664/716/1219 665/718/70
f 637/818/70 665/718/70 666/719/70
f 659/820/70 642/249/70 633/635/70
f 676/647/1220 659/820/70 633/635/70
f 637/818/70 666/719/70 667/257/70
f 637/818/70 667/257/70 668/256/70
f 675/821/70 676/647/1220 633/635/70
f 674/822/70 675/821/70 633/635/70
f 638/332/70 637/818/70 668/256/70
f 638/332/70 668/256/70 669/717/70
f 673/823/70 674/822/70 633/635/70
f 672/646/1221 673/823/70 633/635/70
f 638/332/70 669/717/70 670/715/70
f 671/636/70 672/646/1221 633/635/70
f 638/332/70 670/715/70 671/636/70
f 750/648/9 757/650/9 770/556/9
f 727/1/881 718/657/1038 729/656/1222
f 727/1/881 729/656/1222 731/3/1223
f 728/659/12 717/658/12 739/404/883
f 727/1/881 731/3/1223 730/2/882
f 730/2/882 728/659/12 739/404/883
f 758/504/885 757/380/1224 761/399/886
f 752/407/9 769/37/9 763/391/9
f 808/510/888 805/37/905 799/391/889
f 722/555/891 735/557/1225 734/556/892
f 413/567/278 401/561/730 400/260/727
f 756/253/70 760/409/70 762/381/70
f 772/510/903 754/511/1226 763/391/904
f 758/555/906 771/557/1227 770/556/907
f 786/648/9 814/649/9 806/556/9
f 5/100/9 6/96/9 4/468/9
f 714/648/9 721/650/9 734/556/9
f 794/504/916 795/651/12 797/399/917
f 472/654/329 471/604/333 469/606/335
f 794/555/920 793/650/908 806/556/921
f 678/648/9 706/649/9 698/556/9
f 722/504/929 721/380/1228 725/399/930
f 736/510/932 718/511/1229 727/391/933
