# Blender 5.1.2
# www.blender.org
mtllib WE6_nose_bogie_LOD3.mtl
o NoseBogieLOD3Export
g WE6_nose_bogie_LOD3
v 1.199999 0.897571 -1.182404
v -0.789325 0.897572 -2.186722
v 1.199997 0.897571 1.742408
v 1.199997 0.897571 1.182408
v 0.850000 0.897571 1.742408
v 0.850000 0.897571 1.182408
v 1.117998 0.897571 2.002310
v 1.087999 0.897571 2.002310
v 0.962000 0.897571 2.002310
v 0.931999 0.897571 2.002310
v 1.117998 0.897571 2.155643
v 1.087999 0.897571 2.155643
v 0.962000 0.897571 2.155647
v 0.931999 0.897571 2.155643
v 0.869802 0.897571 0.935741
v 1.180294 0.897571 0.935741
v 0.869802 0.897571 1.989074
v 1.180197 0.897571 1.989074
v -1.200002 0.897571 1.182405
v -1.200002 0.897571 1.742405
v -0.850004 0.897571 1.182405
v -0.850004 0.897571 1.742406
v -1.118002 0.897571 2.155634
v -1.088003 0.897571 2.155635
v -0.962004 0.897571 2.155635
v -0.932003 0.897571 2.155634
v -1.118002 0.897571 2.002301
v -1.088003 0.897571 2.002301
v -0.962004 0.897571 2.002297
v -0.932003 0.897571 2.002301
v -0.869806 0.897571 1.989073
v -1.180201 0.897571 1.989073
v -0.869806 0.897571 0.935739
v -1.180298 0.897571 0.935739
v -1.200000 0.897571 -1.182407
v -1.200000 0.897571 -1.742407
v 0.850000 1.225000 2.175683
v -0.850002 1.225000 2.175684
v 0.850000 1.225000 -2.175686
v -0.850002 1.225000 -2.175686
v 0.850000 1.225001 -0.074991
v -0.850002 0.279690 0.074988
v -0.850002 0.279690 -0.074992
v 0.850000 0.279690 0.074988
v 0.850000 0.279690 -0.074992
v 0.700000 0.149690 0.101205
v 0.703543 0.293690 0.091834
v 0.703455 0.294690 -0.096099
v -0.700002 0.149690 -0.102121
v -0.702979 0.289690 0.095432
v -0.700002 0.897571 0.074988
v -0.700002 0.897571 -0.074992
v 0.700000 0.897571 0.074988
v 0.700000 0.897571 -0.074992
v -0.075001 0.299690 -0.074996
v 0.074999 0.299690 -0.074996
v -0.075001 0.299690 0.074984
v 0.074999 0.299690 0.074984
v -0.075001 0.897571 0.074984
v 0.074999 0.897571 0.074984
v -0.075001 0.897571 -0.074996
v 0.074999 0.897571 -0.074996
v 0.224999 0.299690 -0.074996
v 0.224999 0.299690 0.074984
v 0.549999 0.897571 0.074984
v 0.549999 0.897571 -0.074996
v -0.225001 0.299690 -0.074994
v -0.225001 0.299690 0.074986
v -0.550001 0.897571 0.074986
v -0.550001 0.897571 -0.074994
v -0.541634 0.293690 -0.274309
v -0.541635 0.293690 0.274314
v 0.700000 0.149690 -0.095339
v -0.700002 0.149690 0.094650
v 0.541632 0.291119 -0.274309
v 0.541632 0.291119 0.274314
v -0.850002 0.897571 -0.074992
v -0.850002 0.897571 0.074988
v 0.850000 0.897571 0.074988
v 0.850000 0.897571 -0.074992
v -0.704118 0.291119 -0.092357
v 0.789322 0.897572 2.186722
v 0.971417 1.224636 2.512674
v 1.183127 1.224997 2.331588
v 0.996416 0.908697 2.506528
v 1.120371 0.917635 2.407817
v 1.189766 0.910647 2.283572
v 1.183805 1.204963 2.291815
v 1.081692 1.204940 2.445254
v -1.189833 1.224974 2.301347
v -1.012782 1.225000 2.504234
v -1.005907 1.224997 -2.508816
v -1.186500 1.224979 -2.307853
v 1.186496 1.224979 -2.307853
v 1.012779 1.225000 -2.504238
v -0.998332 0.907177 2.508176
v -1.183162 1.204966 2.292027
v -0.996420 0.908697 -2.506532
v -1.120376 0.917635 -2.407820
v -0.945742 1.204988 -2.512328
v -1.082136 1.204937 -2.446060
v 1.186270 1.204967 -2.285049
v -1.102145 0.917651 2.431296
v -1.190039 0.909603 2.284577
v -1.013216 1.204961 2.499606
v -1.190516 0.910646 -2.281919
v -1.186922 1.204962 -2.283997
v 0.998328 0.907177 -2.508180
v 1.102141 0.917651 -2.431300
v 1.190802 0.909603 -2.282741
v 1.013212 1.204961 -2.499610
v -0.710560 0.897572 -2.186722
v 0.744841 0.897572 2.187054
v 0.754735 0.897572 2.187054
v 0.749788 0.897572 2.287054
v -0.710603 0.897572 2.186831
v -0.754782 0.897572 2.187054
v -0.744888 0.897572 2.187054
v -0.749835 0.897572 2.287054
v -0.850002 0.897571 -1.742407
v -0.850002 0.897571 -1.182407
v -1.118000 0.897571 -2.002309
v -1.088001 0.897571 -2.002309
v -0.962002 0.897571 -2.002309
v -0.932002 0.897571 -2.002309
v -1.118000 0.897571 -2.155642
v -1.088001 0.897571 -2.155643
v -0.962002 0.897571 -2.155646
v -0.932002 0.897571 -2.155642
v -0.869804 0.897571 -0.935740
v -1.180199 0.897572 -0.935740
v -0.869804 0.897571 -1.989073
v -1.180199 0.897572 -1.989073
v 1.199999 0.897571 -1.742404
v 0.850001 0.897571 -1.182404
v 0.850001 0.897571 -1.742405
v 1.117999 0.897571 -2.155633
v 1.088000 0.897571 -2.155634
v 0.962001 0.897571 -2.155634
v 0.932001 0.897571 -2.155633
v 1.117999 0.897571 -2.002300
v 1.088001 0.897571 -2.002300
v 0.962001 0.897571 -2.002296
v 0.932001 0.897571 -2.002300
v 0.869803 0.897571 -1.989072
v 1.180198 0.897570 -1.989072
v 0.869803 0.897571 -0.935738
v 1.180199 0.897570 -0.935738
v -0.789368 0.897572 2.186723
v 0.710558 0.897572 2.186723
v -0.744843 0.897572 -2.187053
v -0.754737 0.897572 -2.187053
v -0.749790 0.897572 -2.287053
v 0.710601 0.897572 -2.186831
v 0.789366 0.897572 -2.186722
v 0.754779 0.897572 -2.187053
v 0.744885 0.897572 -2.187053
v 0.749832 0.897572 -2.287053
v -0.850002 1.225001 0.074989
v 0.850000 1.225001 0.074989
v -0.850002 1.225001 -0.074990
v 0.490000 0.199735 1.601824
v 0.490000 0.397162 1.836049
v 0.490000 0.996232 1.609731
v 0.490000 0.771099 1.856337
v 0.660000 0.216945 1.660396
v 0.660000 0.493683 1.871930
v 0.660000 0.992375 1.637969
v 0.660000 0.773712 1.843893
v 0.490000 0.797243 0.704090
v 0.490000 0.536498 0.615534
v 0.660000 0.486087 0.648616
v 0.660000 0.700265 0.635132
v 0.490000 0.300627 0.862499
v 0.490000 0.192959 1.243745
v 0.490000 0.994282 1.121580
v 0.660000 0.193841 1.222121
v 0.660000 0.332864 0.801159
v 0.660000 0.899373 0.862499
v 0.660000 1.007041 1.243745
v -0.660002 0.207626 1.637969
v -0.660002 0.434513 1.848805
v -0.660002 0.996232 1.609731
v -0.660002 0.771099 1.856337
v -0.490002 0.216945 1.660396
v -0.490002 0.493683 1.871930
v -0.490002 0.992375 1.637969
v -0.490002 0.773712 1.843893
v -0.660002 0.451711 0.667787
v -0.660002 0.637963 0.621482
v -0.490002 0.399055 0.709015
v -0.490002 0.576054 0.621253
v -0.490002 0.748289 0.667787
v -0.660002 0.300627 0.862499
v -0.660002 0.192959 1.243745
v -0.660002 1.006159 1.222121
v -0.660002 0.843857 0.756128
v -0.490002 0.205718 1.121580
v -0.490002 0.899373 0.862499
v -0.490002 1.007041 1.243745
v -0.660003 0.706317 -1.871929
v -0.490003 0.207626 -1.637968
v -0.490003 0.434513 -1.848804
v -0.490003 0.986856 -1.646328
v -0.490003 0.732380 -1.864914
v -0.660003 0.216945 -1.660395
v -0.660003 0.435646 -1.846616
v -0.660003 0.989038 -1.652315
v -0.490003 0.600000 -0.611905
v -0.660003 0.560339 -0.615049
v -0.490003 0.375087 -0.735879
v -0.490003 0.201547 -1.164677
v -0.490003 1.006159 -1.222121
v -0.490003 0.843857 -0.756127
v -0.660003 0.193841 -1.222120
v -0.660003 0.339061 -0.788538
v -0.660003 0.842796 -0.743728
v -0.660003 1.007041 -1.243744
v 0.489999 0.732381 -1.864914
v 0.659999 0.207626 -1.637968
v 0.659999 0.426289 -1.843892
v 0.660000 0.996232 -1.609730
v 0.659999 0.758072 -1.864340
v 0.489999 0.216945 -1.660395
v 0.489999 0.443914 -1.851062
v 0.490000 0.992375 -1.637968
v 0.660000 0.600000 -0.618233
v 0.660000 0.829559 -0.731335
v 0.490000 0.562037 -0.621481
v 0.490000 0.779599 -0.684744
v 0.660000 0.357204 -0.743729
v 0.660000 0.192959 -1.243744
v 0.660000 1.006159 -1.222121
v 0.490000 0.193841 -1.222120
v 0.490000 0.356143 -0.756127
v 0.490000 0.987142 -1.090564
v 0.449999 1.050000 0.144316
v -0.450001 1.050000 1.174314
v -0.450001 0.187500 0.361815
v 0.449999 1.050000 1.174314
v 0.449999 0.180000 0.354315
v -0.450001 0.150000 1.224314
v 0.449999 0.150000 1.224314
v -0.200001 0.950000 1.274314
v 0.199999 0.950000 1.274314
v 0.199999 0.200000 1.274314
v -0.200001 0.200000 1.274314
v 0.449999 0.575000 1.612823
v -0.450001 0.575000 1.612823
v -0.200001 0.575000 1.608768
v 0.199999 0.575000 1.608768
v -0.450001 0.837293 0.094316
v 0.449999 0.837293 0.094316
v -0.450001 0.822293 0.309315
v 0.449999 0.818543 0.305565
v -0.450001 1.050000 0.144316
v -0.450001 1.000000 0.094316
v 0.449999 1.000000 0.094316
v 0.461763 0.600000 1.078104
v 0.463332 0.845223 0.596816
v -0.460528 0.617580 1.079353
v -0.462501 0.566237 0.465051
v -0.450001 0.723141 0.496761
v -0.461251 0.836615 0.580129
v 0.461427 0.907511 0.774313
v -0.480640 0.505261 0.762035
v 0.469999 0.506984 0.758835
v 0.469999 0.566672 0.862523
v -0.479233 0.691096 0.774313
v 0.469999 0.691859 0.753018
v -0.481331 0.582228 0.684968
v 0.478745 0.588887 0.680986
v 0.490770 0.503950 0.780693
v 0.490770 0.606380 0.870364
v 0.479969 0.683421 0.818338
v 0.490770 0.660893 0.704615
v -0.450001 0.950000 1.274310
v -0.450001 1.050000 -0.144315
v 0.449999 1.050000 -1.174313
v 0.449999 0.187500 -0.361815
v -0.450001 1.050000 -1.174312
v -0.450001 0.180000 -0.354314
v 0.449998 0.150000 -1.224313
v -0.450001 0.150000 -1.224313
v 0.199998 0.950000 -1.274313
v -0.200002 0.950000 -1.274313
v -0.200002 0.200000 -1.274313
v 0.199999 0.200000 -1.274313
v 0.449998 0.575000 -1.612823
v 0.199998 0.575000 -1.608767
v -0.200002 0.575000 -1.608767
v -0.450002 0.575000 -1.612822
v 0.449999 0.837293 -0.094315
v -0.450001 0.837293 -0.094315
v 0.449999 0.822293 -0.309315
v -0.450001 0.818543 -0.305564
v 0.449999 1.050000 -0.144315
v 0.449999 1.000000 -0.094315
v -0.450001 1.000000 -0.094315
v -0.470001 0.744146 -1.043990
v -0.461112 0.856436 -0.943876
v -0.461430 0.901597 -0.715327
v 0.459999 0.658523 -1.076118
v -0.460001 0.648445 -0.475380
v -0.458001 0.626217 -1.080251
v 0.481329 0.519571 -0.729194
v 0.477330 0.523450 -0.826293
v -0.470001 0.528210 -0.706993
v 0.476719 0.694063 -0.789543
v 0.477552 0.615928 -0.681583
v -0.490773 0.567683 -0.689186
v -0.490773 0.503950 -0.780692
v 0.481606 0.612993 -0.865257
v -0.476925 0.548432 -0.855362
v -0.478984 0.665546 -0.839859
v 0.490770 0.676718 -0.719485
v -0.481331 0.654565 -0.700575
v 0.449998 0.950000 -1.274309
v -1.109821 0.240000 1.539073
v -0.941004 0.240000 1.539073
v -1.109003 0.240000 1.385740
v -0.940186 0.240000 1.385735
v -1.108017 0.233333 0.755739
v -0.942019 0.226666 0.755735
v -0.942004 0.233333 2.169073
v -1.108003 0.226666 2.169073
v -1.108012 0.211667 0.975114
v -0.942014 0.208333 0.975110
v -1.108005 0.150000 1.303614
v -0.942006 0.150000 1.303610
v -0.942004 0.215000 1.977072
v -0.942004 0.151666 1.621198
v -1.108003 0.145000 1.593822
v -1.108003 0.208333 1.949698
v -1.109670 0.118000 1.539073
v -0.939147 0.123571 1.539073
v -1.110860 0.120833 1.385739
v -0.940337 0.121666 1.385736
v 1.109821 0.240000 1.539073
v 0.941004 0.240000 1.539073
v 1.109003 0.240000 1.385740
v 0.940186 0.240000 1.385735
v 1.108017 0.233333 0.755739
v 0.942019 0.226666 0.755735
v 0.942004 0.233333 2.169073
v 1.108003 0.226666 2.169073
v 1.108012 0.211667 0.975114
v 0.942014 0.208333 0.975110
v 1.108005 0.150000 1.303614
v 0.942006 0.150000 1.303610
v 0.942004 0.215000 1.977072
v 0.942004 0.151666 1.621198
v 1.108003 0.145000 1.593822
v 1.108003 0.208333 1.949698
v 0.939147 0.123571 1.539073
v 1.110860 0.120833 1.385739
v 1.109670 0.118000 1.539073
v 0.940337 0.121666 1.385736
v -1.109821 0.240000 -1.539073
v -0.941004 0.240000 -1.539073
v -1.109003 0.240000 -1.385740
v -0.940186 0.240000 -1.385735
v -1.108017 0.233333 -0.755739
v -0.942019 0.226666 -0.755735
v -0.942004 0.233333 -2.169073
v -1.108003 0.226666 -2.169073
v -1.108012 0.211667 -0.975114
v -0.942014 0.208333 -0.975110
v -1.108005 0.150000 -1.303614
v -0.942006 0.150000 -1.303610
v -0.942004 0.215000 -1.977072
v -0.942004 0.151666 -1.621198
v -1.108003 0.145000 -1.593822
v -1.108003 0.208333 -1.949698
v -0.939147 0.123571 -1.539073
v -1.110860 0.120833 -1.385739
v -1.109670 0.118000 -1.539073
v -0.940337 0.121666 -1.385736
v 1.109821 0.240000 -1.539073
v 0.941004 0.240000 -1.539073
v 1.109003 0.240000 -1.385740
v 0.940186 0.240000 -1.385735
v 1.108017 0.233333 -0.755739
v 0.942019 0.226666 -0.755735
v 0.942004 0.233333 -2.169073
v 1.108003 0.226666 -2.169073
v 1.108012 0.211667 -0.975114
v 0.942014 0.208333 -0.975110
v 1.108005 0.150000 -1.303614
v 0.942006 0.150000 -1.303610
v 0.942004 0.215000 -1.977072
v 0.942004 0.151666 -1.621198
v 1.108003 0.145000 -1.593822
v 1.108003 0.208333 -1.949698
v 1.109670 0.118000 -1.539073
v 0.939147 0.123571 -1.539073
v 1.110860 0.120833 -1.385739
v 0.940337 0.121666 -1.385736
v 1.240000 0.613861 -1.659819
v 1.230132 0.500763 -1.657681
v 1.230148 0.388548 -1.576965
v 1.230075 0.359140 -1.408685
v 1.230212 0.446957 -1.291448
v 1.230220 0.567563 -1.260733
v 1.230119 0.699481 -1.310541
v 1.230136 0.765007 -1.462405
v 1.230099 0.692839 -1.622716
v 1.242743 0.525856 -1.634053
v 1.242374 0.423967 -1.355636
v 1.242651 0.560000 -1.287352
v 1.242466 0.679362 -1.589021
v 1.269201 0.585594 -1.616207
v 1.247965 0.418656 -1.547830
v 1.251648 0.398182 -1.445579
v 1.269336 0.531516 -1.309112
v 1.248029 0.690019 -1.358819
v 1.247932 0.725967 -1.476955
v 1.400178 0.607212 -1.603596
v 1.400178 0.486150 -1.333138
v 1.414574 0.480126 -1.586134
v 1.416252 0.417313 -1.443123
v 1.416767 0.591652 -1.320690
v 1.413335 0.696062 -1.420271
v 1.415689 0.682201 -1.534933
v -1.230138 0.560000 1.669947
v -1.230164 0.416791 1.605613
v -1.230111 0.358262 1.490584
v -1.230184 0.393572 1.340670
v -1.230148 0.520490 1.263769
v -1.230136 0.656509 1.281851
v -1.230148 0.769931 1.441729
v -1.230164 0.703209 1.605613
v -1.242218 0.394857 1.512500
v -1.242535 0.414017 1.365986
v -1.242651 0.560000 1.287352
v -1.242321 0.693367 1.352954
v -1.242512 0.712684 1.542870
v -1.247232 0.544720 1.628003
v -1.251720 0.437985 1.570233
v -1.270324 0.432301 1.373104
v -1.269201 0.624167 1.320304
v -1.249585 0.720724 1.446956
v -1.250805 0.656989 1.593043
v -1.400178 0.412312 1.481166
v -1.415624 0.458114 1.357049
v -1.399616 0.656770 1.575567
v -1.413614 0.460253 1.565699
v -1.414197 0.640111 1.337038
v -1.414594 0.701194 1.475074
v -1.417225 0.583021 1.601325
v -1.230149 0.560000 -1.254865
v -1.230125 0.407916 -1.326897
v -1.230197 0.356641 -1.450687
v -1.230197 0.400117 -1.589674
v -1.230133 0.500764 -1.657683
v -1.230149 0.619236 -1.657683
v -1.230161 0.731452 -1.576967
v -1.230063 0.762950 -1.448004
v -1.230197 0.712084 -1.326898
v -1.243253 0.510793 -1.291288
v -1.242403 0.394504 -1.413266
v -1.242332 0.402645 -1.528864
v -1.242589 0.576927 -1.634273
v -1.242375 0.696033 -1.569175
v -1.242520 0.731239 -1.427766
v -1.242599 0.656187 -1.321427
v -1.269106 0.560000 -1.301811
v -1.268239 0.408081 -1.442696
v -1.252440 0.463599 -1.598235
v -1.268284 0.608953 -1.607512
v -1.268476 0.715721 -1.457507
v 1.230198 0.493006 1.270041
v 1.230125 0.362559 1.392952
v 1.230173 0.374072 1.539421
v 1.230141 0.479182 1.657519
v 1.230149 0.673896 1.632863
v 1.230245 0.749215 1.532595
v 1.230139 0.751744 1.382984
v 1.230113 0.626994 1.270041
v 1.242220 0.641351 1.614603
v 1.242435 0.719204 1.525144
v 1.243005 0.508395 1.292288
v 1.242403 0.394503 1.413266
v 1.242416 0.414619 1.559547
v 1.242732 0.722886 1.402678
v 1.241943 0.651028 1.318355
v 1.269106 0.560000 1.301810
v 1.268239 0.408081 1.442696
v 1.252474 0.498517 1.620481
v 1.268284 0.608953 1.607512
v 1.268476 0.715721 1.457507
v 1.179999 0.757199 -1.692679
v 0.870001 0.365545 -1.232437
v 1.229999 0.770001 -1.692405
v 1.229999 0.350000 -1.232405
v 0.820001 0.367407 -1.226849
v 0.820001 0.736430 -1.701690
v 1.229999 0.423334 -1.205738
v 1.229999 0.761766 -1.237895
v 1.179999 0.749839 -1.232027
v 1.229999 0.683334 -1.192405
v 1.179999 0.362699 -1.232509
v 1.229999 0.358235 -1.686914
v 1.179999 0.360739 -1.692273
v 1.229999 0.710001 -1.705738
v 1.229999 0.436667 -1.732405
v 0.870001 0.365609 -1.692567
v 0.870001 0.754392 -1.232243
v 0.820001 0.750001 -1.232405
v 0.870001 0.754456 -1.692372
v 0.820001 0.370000 -1.692405
v 1.117999 0.350000 -1.539072
v 1.088000 0.350000 -1.539072
v 0.962001 0.350000 -1.539072
v 0.932001 0.350000 -1.539072
v 1.117999 0.350000 -1.385738
v 1.088001 0.350000 -1.385738
v 0.962001 0.350000 -1.385734
v 0.932001 0.350000 -1.385738
v 1.230000 0.501667 -1.654701
v 1.230000 0.432519 -1.617740
v 1.230000 0.382779 -1.557132
v 1.230001 0.357473 -1.462405
v 1.230000 0.382779 -1.367678
v 1.230000 0.432519 -1.307069
v 1.230000 0.520490 -1.263769
v 1.230000 0.618333 -1.270109
v 1.230000 0.687481 -1.307069
v 1.230000 0.737221 -1.367678
v 1.230002 0.762527 -1.462405
v 1.230000 0.737221 -1.557132
v 1.230000 0.687481 -1.617740
v 1.230000 0.599513 -1.661040
v -1.179999 0.754341 -1.692719
v -0.870001 0.365545 -1.232437
v -1.229999 0.770001 -1.692405
v -1.229999 0.350000 -1.232405
v -0.820001 0.372927 -1.225576
v -0.820001 0.736430 -1.701690
v -1.229999 0.423334 -1.205738
v -1.229999 0.761766 -1.237895
v -1.179999 0.754341 -1.232090
v -1.229999 0.683334 -1.192405
v -1.179999 0.362699 -1.232509
v -1.229999 0.358235 -1.686914
v -1.179999 0.362699 -1.692301
v -1.229999 0.710001 -1.705738
v -1.229999 0.436667 -1.732405
v -0.870001 0.362766 -1.692546
v -0.870001 0.749918 -1.232210
v -0.820001 0.750001 -1.232405
v -0.870001 0.757288 -1.692352
v -0.820001 0.365111 -1.691071
v -1.117999 0.350000 -1.539072
v -1.088000 0.350000 -1.539072
v -0.962001 0.350000 -1.539072
v -0.932001 0.350000 -1.539072
v -1.117999 0.350000 -1.385738
v -1.088001 0.350000 -1.385738
v -0.962001 0.350000 -1.385734
v -0.932001 0.350000 -1.385738
v -1.230000 0.501667 -1.654701
v -1.230000 0.432519 -1.617740
v -1.230000 0.382779 -1.557132
v -1.230001 0.357473 -1.462405
v -1.230000 0.382779 -1.367678
v -1.230000 0.432519 -1.307069
v -1.230000 0.520490 -1.263769
v -1.230000 0.618333 -1.270109
v -1.230000 0.687481 -1.307069
v -1.230000 0.737221 -1.367678
v -1.230003 0.762527 -1.462405
v -1.230000 0.737221 -1.557132
v -1.230000 0.687481 -1.617740
v -1.230000 0.599513 -1.661040
v 1.179999 0.754341 1.692719
v 0.870001 0.365545 1.232437
v 1.229999 0.770001 1.692405
v 1.229999 0.350000 1.232405
v 0.820001 0.372927 1.225576
v 0.820001 0.736430 1.701690
v 1.229999 0.423334 1.205738
v 1.229999 0.761766 1.237895
v 1.179999 0.754341 1.232090
v 1.229999 0.683334 1.192405
v 1.179999 0.362699 1.232509
v 1.229999 0.358235 1.686914
v 1.179999 0.362699 1.692301
v 1.229999 0.710001 1.705738
v 1.229999 0.436667 1.732405
v 0.870001 0.362766 1.692546
v 0.870001 0.749918 1.232210
v 0.820001 0.750001 1.232405
v 0.870001 0.757288 1.692352
v 0.820001 0.365111 1.691071
v 1.117999 0.350000 1.539072
v 1.088000 0.350000 1.539072
v 0.962001 0.350000 1.539072
v 0.932001 0.350000 1.539072
v 1.117999 0.350000 1.385738
v 1.088001 0.350000 1.385738
v 0.962001 0.350000 1.385734
v 0.932001 0.350000 1.385738
v 1.230000 0.501667 1.654701
v 1.230000 0.432519 1.617740
v 1.230000 0.382779 1.557132
v 1.230001 0.357473 1.462405
v 1.230000 0.382779 1.367678
v 1.230000 0.432519 1.307069
v 1.230000 0.520490 1.263769
v 1.230000 0.618333 1.270109
v 1.230000 0.687481 1.307069
v 1.230000 0.737221 1.367678
v 1.230003 0.762527 1.462405
v 1.230000 0.737221 1.557132
v 1.230000 0.687481 1.617740
v 1.230000 0.599513 1.661040
v -1.179999 0.757199 1.692679
v -0.870001 0.365545 1.232437
v -1.229999 0.770001 1.692405
v -1.229999 0.350000 1.232405
v -0.820001 0.367407 1.226849
v -0.820001 0.736430 1.701690
v -1.229999 0.423334 1.205738
v -1.229999 0.761766 1.237895
v -1.179999 0.749839 1.232027
v -1.229999 0.683334 1.192405
v -1.179999 0.362699 1.232509
v -1.229999 0.358235 1.686914
v -1.179999 0.360739 1.692273
v -1.229999 0.710001 1.705738
v -1.229999 0.436667 1.732405
v -0.870001 0.365609 1.692567
v -0.870001 0.754392 1.232243
v -0.820001 0.750001 1.232405
v -0.870001 0.754456 1.692372
v -0.820001 0.370000 1.692405
v -1.117999 0.350000 1.539072
v -1.088000 0.350000 1.539072
v -0.962001 0.350000 1.539072
v -0.932001 0.350000 1.539072
v -1.117999 0.350000 1.385738
v -1.088001 0.350000 1.385738
v -0.962001 0.350000 1.385734
v -0.932001 0.350000 1.385738
v -1.230000 0.501667 1.654701
v -1.230000 0.432519 1.617740
v -1.230000 0.382779 1.557132
v -1.230001 0.357473 1.462405
v -1.230000 0.382779 1.367678
v -1.230000 0.432519 1.307069
v -1.230000 0.520490 1.263769
v -1.230000 0.618333 1.270109
v -1.230000 0.687481 1.307069
v -1.230000 0.737221 1.367678
v -1.230002 0.762527 1.462405
v -1.230000 0.737221 1.557132
v -1.230000 0.687481 1.617740
v -1.230000 0.599513 1.661040
v -1.200000 0.897571 -1.742407
v -1.188001 0.295000 -1.888407
v -1.188001 0.897537 -0.935332
v -0.862002 0.295000 -1.034907
v -1.180000 0.770001 -1.232407
v -1.180000 0.349455 -1.232407
v -0.870002 0.770001 -1.232407
v -1.180000 0.770001 -1.692407
v -1.184000 0.295000 -1.742407
v -1.180000 0.348921 -1.692407
v -1.180000 0.396667 -1.692407
v -1.180000 0.723334 -1.692407
v -1.180000 0.436667 -1.732407
v -1.180000 0.683334 -1.732407
v -1.184000 0.295000 -1.129406
v -1.180000 0.723334 -1.232407
v -1.180000 0.396667 -1.232407
v -1.180000 0.683334 -1.192407
v -1.180000 0.436667 -1.192407
v -0.850002 0.897571 -1.742407
v -0.866002 0.295000 -1.129407
v -0.866002 0.295000 -1.742407
v -0.870002 0.349455 -1.692407
v -0.870002 0.348921 -1.232407
v -0.870002 0.770001 -1.692407
v -1.180000 0.833786 -1.729907
v -1.180002 0.834867 -1.199162
v -0.870002 0.833786 -1.725740
v -0.870002 0.834110 -1.192432
v -0.862002 0.295000 -1.889907
v -0.862002 0.897601 -0.936102
v -1.188001 0.295000 -1.036407
v -0.865002 0.897601 -1.988711
v -1.185001 0.897537 -1.989480
v -1.200000 0.897569 -1.183653
v -0.850002 0.897567 -1.184902
v 1.200000 0.897571 -1.742407
v 1.188001 0.295000 -1.888407
v 1.188001 0.897601 -0.936102
v 0.862002 0.295000 -1.036407
v 1.180000 0.770001 -1.232407
v 1.180000 0.349455 -1.232407
v 0.870002 0.770001 -1.232407
v 1.180000 0.770001 -1.692407
v 1.184000 0.295000 -1.742407
v 1.180000 0.348921 -1.692407
v 1.180000 0.396667 -1.692407
v 1.180000 0.723334 -1.692407
v 1.180000 0.436667 -1.732407
v 1.180000 0.683334 -1.732407
v 1.184000 0.295000 -1.129407
v 1.180000 0.723334 -1.232407
v 1.180000 0.396667 -1.232407
v 1.180000 0.683334 -1.192407
v 1.180000 0.436667 -1.192407
v 0.850002 0.897571 -1.742407
v 0.866002 0.295000 -1.129407
v 0.866002 0.295000 -1.742407
v 0.870002 0.349455 -1.692407
v 0.870002 0.348921 -1.232407
v 0.870002 0.770001 -1.692407
v 1.180000 0.833786 -1.729907
v 1.180001 0.834867 -1.199162
v 0.870002 0.833786 -1.725740
v 0.870002 0.834111 -1.192432
v 0.862002 0.295000 -1.889907
v 0.862002 0.897537 -0.935333
v 1.188001 0.295000 -1.034907
v 0.865002 0.897601 -1.988711
v 1.185001 0.897537 -1.989480
v 1.200000 0.897569 -1.183653
v 0.850002 0.897567 -1.184902
v -1.200000 0.897571 1.742407
v -1.188001 0.295000 1.888407
v -1.188001 0.897601 0.936102
v -0.862002 0.295000 1.036407
v -1.180000 0.770001 1.232407
v -1.180000 0.349455 1.232407
v -0.870002 0.770001 1.232407
v -1.180000 0.770001 1.692407
v -1.184000 0.295000 1.742407
v -1.180000 0.348921 1.692407
v -1.180000 0.396667 1.692407
v -1.180000 0.723334 1.692407
v -1.180000 0.436667 1.732407
v -1.180000 0.683334 1.732407
v -1.184000 0.295000 1.129407
v -1.180000 0.723334 1.232407
v -1.180000 0.396667 1.232407
v -1.180000 0.683334 1.192407
v -1.180000 0.436667 1.192407
v -0.850002 0.897571 1.742407
v -0.866002 0.295000 1.129407
v -0.866002 0.295000 1.742407
v -0.870002 0.349455 1.692407
v -0.870002 0.348921 1.232407
v -0.870002 0.770001 1.692407
v -1.180000 0.833786 1.729907
v -1.180001 0.834867 1.199162
v -0.870002 0.833786 1.725740
v -0.870002 0.834111 1.192432
v -0.862002 0.295000 1.889907
v -0.862002 0.897537 0.935333
v -1.188001 0.295000 1.034907
v -0.865002 0.897601 1.988711
v -1.185001 0.897537 1.989480
v -1.200000 0.897569 1.183653
v -0.850002 0.897567 1.184902
v 1.200000 0.897571 1.742407
v 1.188001 0.295000 1.888407
v 1.188001 0.897537 0.935332
v 0.862002 0.295000 1.034907
v 1.180000 0.770001 1.232407
v 1.180000 0.349455 1.232407
v 0.870002 0.770001 1.232407
v 1.180000 0.770001 1.692407
v 1.184000 0.295000 1.742407
v 1.180000 0.348921 1.692407
v 1.180000 0.396667 1.692407
v 1.180000 0.723334 1.692407
v 1.180000 0.436667 1.732407
v 1.180000 0.683334 1.732407
v 1.184000 0.295000 1.129406
v 1.180000 0.723334 1.232407
v 1.180000 0.396667 1.232407
v 1.180000 0.683334 1.192407
v 1.180000 0.436667 1.192407
v 0.850002 0.897571 1.742407
v 0.866002 0.295000 1.129407
v 0.866002 0.295000 1.742407
v 0.870002 0.349455 1.692407
v 0.870002 0.348921 1.232407
v 0.870002 0.770001 1.692407
v 1.180000 0.833786 1.729907
v 1.180002 0.834867 1.199162
v 0.870002 0.833786 1.725740
v 0.870002 0.834110 1.192432
v 0.862002 0.295000 1.889907
v 0.862002 0.897601 0.936102
v 1.188001 0.295000 1.036407
v 0.865002 0.897601 1.988711
v 1.185001 0.897537 1.989480
v 1.200000 0.897569 1.183653
v 0.850002 0.897567 1.184902
v 1.087999 0.747558 0.769174
v 0.962000 0.747558 0.769174
v 1.088297 0.747553 -0.922502
v 0.962002 0.747558 -0.769168
v 0.931999 0.483925 -0.006314
v 0.961703 0.747553 0.922514
v 1.089153 0.747718 0.922513
v 0.931999 0.797554 0.922513
v 1.117998 0.797554 -0.922501
v 0.961128 0.747718 -0.922502
v 0.931999 0.747558 0.769174
v 0.932000 0.747558 -0.769170
v 1.088000 0.747558 -0.769170
v 1.115331 0.749327 0.767134
v 1.115057 0.498281 0.006558
v 1.115691 0.749327 -0.767130
v -1.087999 0.747558 0.769174
v -0.962000 0.747558 0.769174
v -1.088297 0.747553 -0.922502
v -0.961705 0.747553 -0.922502
v -0.962002 0.747558 -0.769168
v -1.115057 0.498281 0.006558
v -0.931999 0.483925 -0.006314
v -1.089153 0.747718 0.922513
v -0.961126 0.747883 0.922514
v -1.117998 0.797554 -0.922501
v -0.931999 0.797554 -0.922501
v -0.931999 0.747558 0.769174
v -0.932000 0.747558 -0.769170
v -1.115691 0.749327 -0.767130
v -1.088000 0.747558 -0.769170
v -1.115331 0.749327 0.767134
vn 1.0000 -0.0000 -0.0000
vn -0.8848 -0.3146 0.3437
vn -0.9190 -0.3737 0.1254
vn -0.9406 -0.3390 0.0205
vn -0.0000 -0.0000 1.0000
vn -0.7830 -0.6221 -0.0000
vn -0.0000 -0.0000 -1.0000
vn 0.7830 0.6221 -0.0000
vn -0.0178 -0.9991 -0.0395
vn 0.0196 -0.9899 -0.1407
vn -0.0104 -0.9997 -0.0239
vn -0.6549 -0.7557 -0.0000
vn -0.9327 -0.3105 -0.1835
vn -0.9381 -0.1070 -0.3294
vn -0.9321 -0.2831 -0.2261
vn 0.6911 0.0150 0.7226
vn 0.7771 0.0227 0.6290
vn 0.8590 0.0349 0.5107
vn 0.5987 -0.0067 0.8010
vn 0.2031 -0.9647 0.1677
vn 0.5681 -0.7311 0.3779
vn -0.0000 -1.0000 -0.0000
vn -0.7456 -0.1518 0.6489
vn -0.6822 -0.4696 0.5604
vn -0.6771 -0.4840 0.5543
vn -0.7108 -0.5326 -0.4595
vn -0.2858 -0.7560 -0.5888
vn -0.7297 0.0640 0.6807
vn -0.7428 0.0237 0.6690
vn -0.5956 -0.0067 0.8033
vn -0.8027 0.0612 0.5932
vn -0.8580 0.0070 0.5136
vn -0.9990 -0.0258 0.0357
vn -0.9988 -0.0471 -0.0103
vn -0.9999 -0.0028 0.0132
vn -0.4990 -0.0119 -0.8665
vn -0.6164 0.0901 -0.7822
vn -0.5663 0.0448 -0.8230
vn 0.7333 0.0661 -0.6767
vn 0.7439 0.0257 -0.6678
vn 0.5956 -0.0067 -0.8033
vn 0.8062 0.0633 -0.5882
vn 0.8589 0.0092 -0.5121
vn 0.7406 -0.1608 -0.6524
vn 0.6371 -0.5727 -0.5159
vn 0.6304 -0.5865 -0.5085
vn -0.2018 -0.9653 -0.1660
vn -0.2417 -0.9502 0.1969
vn 0.2403 -0.9509 -0.1949
vn -0.9490 -0.3154 0.0008
vn -0.9999 0.0169 -0.0004
vn -0.9854 -0.1704 0.0008
vn 0.0063 0.1789 -0.9838
vn 0.0044 -0.0989 -0.9951
vn 0.0039 0.1131 -0.9936
vn -0.0430 0.9137 0.4041
vn -0.0441 0.9141 0.4031
vn -0.0383 0.9118 0.4088
vn 0.0025 0.9994 -0.0340
vn 0.0056 0.9988 -0.0496
vn 0.0031 0.9995 -0.0302
vn 0.0001 -0.0163 0.9999
vn -0.0061 0.0237 0.9997
vn 0.0008 -0.0194 0.9998
vn -1.0000 -0.0058 0.0004
vn -1.0000 -0.0058 0.0001
vn -1.0000 -0.0057 0.0004
vn -0.0000 -1.0000 0.0001
vn 0.9070 -0.3711 -0.1993
vn 0.9337 -0.3423 0.1051
vn 0.9468 -0.2988 -0.1198
vn -0.9622 -0.2612 -0.0772
vn 0.9913 -0.1053 -0.0796
vn -1.0000 -0.0000 -0.0000
vn -0.1432 -0.7567 0.6379
vn -0.0422 -0.7175 0.6953
vn 0.0841 -0.6537 0.7521
vn -0.1772 -0.0533 0.9827
vn -0.1124 -0.0130 0.9936
vn -0.0157 0.0465 0.9988
vn -0.0030 0.7036 0.7106
vn 0.0427 0.6850 0.7273
vn -0.0545 0.7223 0.6894
vn 0.0711 0.0994 0.9925
vn 0.1729 -0.0619 -0.9830
vn -0.1967 0.3153 -0.9284
vn -0.0253 0.8881 -0.4590
vn 0.0563 0.8105 -0.5830
vn 0.0201 0.9769 -0.2125
vn -0.0145 -0.8867 -0.4622
vn -0.0376 -0.8254 -0.5634
vn 0.0109 -0.9900 -0.1408
vn -0.0049 1.0000 0.0053
vn -0.0338 0.9978 -0.0571
vn -0.0082 -0.6583 0.7528
vn 0.0577 -0.6274 0.7765
vn -0.0592 -0.6795 0.7313
vn -0.1272 -0.0222 0.9916
vn -0.0702 0.0131 0.9974
vn 0.0023 0.0575 0.9983
vn -0.0382 -0.5388 -0.8415
vn -0.0085 -0.3403 -0.9403
vn 0.0296 -0.7114 -0.7022
vn -0.0199 0.7911 -0.6113
vn 0.0161 0.5479 -0.8364
vn -0.0182 0.4107 -0.9116
vn -0.0147 0.9104 -0.4134
vn -0.0059 0.9895 -0.1444
vn 0.0372 -0.8942 -0.4461
vn -0.0116 -0.9770 -0.2129
vn -0.0030 0.4674 -0.8841
vn -0.0168 0.5185 -0.8549
vn -0.0197 0.5290 -0.8484
vn 0.0063 0.6404 -0.7680
vn -0.0349 0.6237 -0.7809
vn -0.0613 0.6123 -0.7882
vn -0.1123 -0.6131 0.7820
vn -0.0408 -0.5719 0.8193
vn 0.0189 -0.5340 0.8453
vn 0.0595 0.5082 0.8592
vn 0.0003 0.4773 0.8787
vn -0.0592 0.4440 0.8941
vn -0.0006 -0.9805 0.1967
vn 0.0499 -0.9306 0.3627
vn -0.0077 -0.9933 0.1150
vn -0.0256 -0.9987 -0.0436
vn 0.0285 -0.6719 -0.7401
vn -0.0040 -0.6573 -0.7536
vn 0.0584 -0.6844 -0.7268
vn -0.0413 0.6786 -0.7334
vn -0.0964 0.6545 -0.7499
vn 0.0420 0.7098 -0.7031
vn -0.0575 -0.5464 0.8355
vn -0.0026 -0.5141 0.8577
vn 0.0354 -0.4903 0.8708
vn 0.1152 0.4390 0.8911
vn 0.0418 0.3815 0.9234
vn -0.0000 0.3473 0.9377
vn 0.0420 0.9644 0.2610
vn -0.0739 0.8999 0.4297
vn -0.0178 0.9946 0.1024
vn 0.0067 0.9456 0.3253
vn -0.0084 0.9884 0.1516
vn -0.0098 0.9926 0.1213
vn 0.0334 0.9994 -0.0123
vn 0.0066 0.9998 -0.0194
vn -0.0000 0.9998 -0.0212
vn -0.0421 0.9990 -0.0159
vn 0.0072 -0.0786 0.9969
vn 0.0062 -0.0799 0.9968
vn 0.0045 -0.0824 0.9966
vn 0.0038 -0.9974 0.0724
vn 0.0007 -0.9963 0.0856
vn 0.0044 -0.9976 0.0696
vn -0.0023 0.0640 -0.9979
vn 0.0043 -0.0005 -1.0000
vn 0.0048 -0.0054 -1.0000
vn -0.0072 -0.0786 -0.9969
vn -0.0062 -0.0799 -0.9968
vn -0.0045 -0.0824 -0.9966
vn -0.0039 0.9999 -0.0157
vn 0.0004 1.0000 -0.0097
vn -0.0121 0.9999 -0.0014
vn -0.9389 0.1385 -0.3152
vn 0.9953 0.0054 0.0966
vn -0.9957 -0.0076 -0.0925
vn -0.5459 -0.7261 0.4180
vn 0.0006 -1.0000 0.0017
vn 0.0007 -1.0000 0.0015
vn 0.0013 -1.0000 0.0011
vn 0.7850 0.5911 -0.1854
vn 0.9964 0.0844 0.0099
vn 0.9991 0.0405 -0.0081
vn -0.9988 0.0201 0.0440
vn -0.9994 0.0142 0.0312
vn -0.9983 0.0244 0.0535
vn 0.9915 0.1158 -0.0594
vn 0.9977 0.0646 0.0213
vn 0.9982 -0.0259 -0.0535
vn -0.7876 0.3069 -0.5343
vn -0.7632 0.2847 0.5800
vn -0.0085 0.6687 -0.7434
vn -0.0035 0.6669 -0.7451
vn -0.0120 0.6700 -0.7422
vn 0.0661 -0.9968 0.0451
vn -0.0096 -0.9932 -0.1161
vn -0.0044 -0.9992 -0.0388
vn -0.0042 -0.9992 -0.0390
vn -0.0086 -0.9994 -0.0345
vn 0.0149 0.6755 0.7372
vn -0.0019 0.6694 0.7429
vn 0.0226 0.6781 0.7346
vn -0.0015 -0.9999 -0.0101
vn 0.0026 -0.9998 0.0175
vn 0.0029 -0.9998 0.0197
vn 0.9388 0.1849 -0.2908
vn 0.0319 -0.9956 0.0881
vn 0.0338 -0.9954 0.0897
vn 0.0263 -0.9962 0.0833
vn 0.0058 0.0240 -0.9997
vn -0.0008 -0.0194 -0.9998
vn 0.0178 -0.9998 -0.0042
vn 0.0197 -0.9998 -0.0021
vn 0.0327 -0.9994 0.0122
vn -0.0038 -0.9974 -0.0724
vn -0.0007 -0.9963 -0.0856
vn -0.0044 -0.9976 -0.0696
vn -0.0318 -0.9952 -0.0921
vn -0.0282 -0.9956 -0.0894
vn -0.0399 -0.9944 -0.0982
vn 0.9986 0.0262 -0.0455
vn 0.9999 0.0054 0.0086
vn 0.9848 0.1660 -0.0512
vn 0.0463 -0.9463 0.3201
vn 0.0407 -0.9493 0.3117
vn -0.0000 -0.9505 0.3107
vn 0.0006 -1.0000 0.0004
vn 0.0007 -1.0000 0.0006
vn -0.9975 -0.0093 -0.0702
vn -0.9980 0.0450 -0.0443
vn -0.9990 -0.0043 -0.0456
vn 0.9025 0.4212 -0.0902
vn 0.9379 0.2925 -0.1867
vn 0.9284 0.2896 -0.2330
vn -0.7820 -0.6233 -0.0000
vn -0.7806 -0.6250 -0.0001
vn 0.9957 -0.0893 -0.0236
vn 0.9983 -0.0397 0.0429
vn 0.9955 -0.0632 -0.0706
vn -0.8928 0.3616 0.2686
vn 0.6757 0.0232 0.7368
vn 0.8878 -0.4486 -0.1026
vn -0.0334 0.9994 -0.0123
vn -0.0066 0.9998 -0.0194
vn -0.0401 0.9991 -0.0105
vn 0.0334 0.9994 0.0123
vn 0.0066 0.9998 0.0194
vn 0.0401 0.9991 0.0105
vn -0.0014 -0.9444 0.3287
vn -0.0032 -0.9433 0.3320
vn -0.0000 -0.9453 0.3261
vn 0.0282 -0.9956 -0.0894
vn 0.0318 -0.9952 -0.0921
vn 0.0399 -0.9944 -0.0982
vn 0.0293 -0.8968 0.4414
vn -0.0319 -0.9956 0.0881
vn -0.0338 -0.9954 0.0897
vn -0.0399 -0.9947 0.0950
vn -0.0178 -0.9998 -0.0042
vn -0.0197 -0.9998 -0.0021
vn -0.0049 -0.9998 -0.0185
vn 0.6549 -0.7557 -0.0000
vn -0.0282 -0.9956 0.0894
vn -0.0318 -0.9952 0.0921
vn -0.0399 -0.9944 0.0982
vn -0.0293 -0.8968 0.4414
vn 0.0319 -0.9956 -0.0881
vn 0.0338 -0.9954 -0.0897
vn 0.0399 -0.9947 -0.0950
vn 0.0178 -0.9998 0.0042
vn 0.0197 -0.9998 0.0021
vn 0.0049 -0.9998 0.0185
vn -0.0334 0.9994 0.0123
vn -0.0066 0.9998 0.0194
vn -0.0000 0.9998 0.0212
vn 0.0318 -0.9952 0.0921
vn 0.0282 -0.9956 0.0894
vn 0.0399 -0.9944 0.0982
vn 0.0293 -0.8968 -0.4414
vn -0.0319 -0.9956 -0.0881
vn -0.0338 -0.9954 -0.0897
vn -0.0263 -0.9962 -0.0833
vn -0.0178 -0.9998 0.0042
vn -0.0197 -0.9998 0.0021
vn -0.0327 -0.9994 -0.0122
vn -0.0017 0.4697 -0.8828
vn -0.0099 0.5005 -0.8657
vn -0.0116 0.5068 -0.8620
vn 0.0140 -0.9833 -0.1817
vn 0.0058 -0.9841 -0.1777
vn -0.0000 -0.9846 -0.1748
vn -0.0293 -0.8968 -0.4414
vn -0.9146 0.0723 -0.3979
vn 0.9219 0.2440 0.3009
vn 0.8906 0.3685 0.2665
vn 0.9027 0.4302 0.0070
vn 0.9246 -0.1670 -0.3423
vn 0.8789 -0.2722 -0.3917
vn 0.9165 -0.3324 -0.2227
vn 0.0082 0.9998 0.0205
vn -0.0167 0.9977 0.0663
vn -0.0115 0.9999 0.0032
vn 0.0058 -0.2668 -0.9637
vn 0.0078 -0.2642 -0.9644
vn -0.0766 -0.3696 -0.9260
vn 0.0189 0.1440 0.9894
vn 0.0496 0.0701 0.9963
vn -0.0447 0.2935 0.9549
vn 0.1732 -0.9411 -0.2904
vn 0.1969 -0.9238 -0.3283
vn 0.1161 -0.9731 -0.1990
vn 0.0730 0.9541 0.2903
vn 0.1674 0.9854 0.0313
vn 0.1252 0.9804 0.1520
vn -0.0153 -0.7776 0.6285
vn -0.0221 -0.7731 0.6339
vn -0.1149 -0.7030 0.7018
vn -0.8922 0.4160 0.1758
vn -0.9317 0.3607 -0.0419
vn -0.8900 0.2479 0.3827
vn -0.8761 -0.1231 -0.4661
vn -0.0466 0.4410 -0.8963
vn -0.7917 0.5220 -0.3174
vn -0.8800 0.4334 -0.1942
vn 0.0592 -0.2652 -0.9624
vn -0.0152 -0.2032 -0.9790
vn -0.0471 -0.1761 -0.9833
vn -0.1402 -0.3939 0.9084
vn -0.1649 -0.3542 0.9205
vn -0.0894 -0.4712 0.8775
vn -0.0110 0.2469 0.9690
vn -0.0014 0.1991 0.9800
vn -0.0130 0.2566 0.9664
vn 0.1628 -0.9866 0.0131
vn 0.0322 -0.9890 -0.1442
vn 0.0273 -0.9883 -0.1500
vn 0.0171 0.7938 -0.6079
vn -0.0825 0.8585 -0.5061
vn -0.0810 0.8577 -0.5078
vn 1.0000 -0.0054 -0.0052
vn 1.0000 -0.0065 -0.0012
vn 1.0000 -0.0051 -0.0061
vn -0.9570 -0.2897 0.0122
vn -0.9976 -0.0694 -0.0026
vn -0.9986 -0.0521 0.0058
vn 1.0000 -0.0009 0.0026
vn 0.9945 -0.0756 0.0721
vn 1.0000 -0.0010 0.0051
vn -0.8916 0.2637 0.3681
vn -0.9648 0.2427 0.1010
vn -0.9924 0.0889 0.0849
vn -0.8802 -0.0220 -0.4740
vn -0.9125 -0.2376 -0.3331
vn -0.9745 0.0145 -0.2240
vn -0.8716 -0.3407 0.3524
vn -0.7778 -0.4530 0.4357
vn -0.8729 -0.4217 0.2454
vn -0.3007 0.4578 -0.8366
vn -0.8823 0.3830 -0.2737
vn -0.4057 -0.9117 -0.0645
vn 0.9179 0.3484 -0.1900
vn 0.8615 0.3608 -0.3573
vn 0.8879 0.3374 -0.3127
vn 0.3338 0.0627 0.9406
vn 0.8930 -0.2100 -0.3979
vn 0.7787 -0.4538 -0.4333
vn 0.8995 0.3794 0.2169
vn 0.7776 0.4830 0.4025
vn 0.8507 0.4277 0.3055
vn 0.3433 -0.9305 0.1279
vn 0.2315 0.9727 -0.0157
vn 0.2468 0.9689 -0.0174
vn 0.2303 0.9730 -0.0155
vn 0.9977 0.0240 -0.0626
vn 0.9979 -0.0321 0.0570
vn 0.9985 -0.0352 0.0414
vn -0.4710 -0.0011 0.8821
vn -0.0182 0.5016 0.8649
vn 0.0674 -0.5006 -0.8631
vn -0.6252 -0.0008 -0.7805
vn -0.0045 0.0145 0.9999
vn 0.1830 0.0005 -0.9831
vn 0.1632 -0.9866 0.0047
vn 0.1677 -0.9858 0.0031
vn 0.1758 -0.9844 -0.0000
vn -0.9997 0.0228 0.0008
vn 0.4711 -0.0009 0.8821
vn -0.0259 0.5015 0.8647
vn -0.0483 -0.5011 -0.8640
vn 0.6249 -0.0008 -0.7807
vn 0.0039 0.0181 0.9998
vn -0.1834 0.0005 -0.9830
vn -0.9990 0.0395 -0.0227
vn -0.9980 0.0630 -0.0092
vn -0.9991 0.0254 0.0335
vn -0.4711 -0.0009 -0.8821
vn 0.0259 0.5015 -0.8647
vn 0.0483 -0.5011 0.8640
vn -0.6249 -0.0008 0.7807
vn -0.0039 0.0181 -0.9998
vn 0.1834 0.0005 0.9830
vn -0.0000 0.9999 0.0100
vn 0.0058 1.0000 0.0061
vn -0.0088 0.9998 0.0160
vn 0.4710 -0.0011 -0.8821
vn 0.0182 0.5016 -0.8649
vn -0.0674 -0.5006 0.8631
vn 0.6252 -0.0008 0.7805
vn 0.0045 0.0145 -0.9999
vn -0.1830 0.0005 0.9831
vn -0.9981 -0.0052 -0.0606
vn 0.0099 0.5005 -0.8657
vn 0.0017 0.4697 -0.8828
vn 0.0116 0.5068 -0.8620
vn -0.0168 0.5185 0.8549
vn -0.0030 0.4674 0.8841
vn -0.0197 0.5290 0.8484
vn 0.6731 -0.0179 0.7393
vn -0.9973 0.0007 -0.0729
vn -0.9998 0.0067 -0.0160
vn -0.9968 -0.0000 -0.0797
vn -0.6635 -0.0124 0.7481
vn -0.0002 -0.1629 -0.9866
vn 0.0024 -0.1643 -0.9864
vn -0.0024 -0.1618 -0.9868
vn 0.9291 -0.1648 -0.3310
vn 0.5874 -0.0897 -0.8043
vn 0.9986 -0.0304 -0.0423
vn -0.9986 -0.0304 -0.0430
vn 0.9981 -0.0050 -0.0608
vn 0.0110 0.2469 -0.9690
vn 0.0014 0.1991 -0.9800
vn 0.0130 0.2566 -0.9664
vn 0.0216 0.2466 -0.9689
vn 0.9981 -0.0052 -0.0606
vn -0.0099 0.5005 0.8657
vn -0.0017 0.4697 0.8828
vn -0.0116 0.5068 0.8620
vn 0.0030 0.4674 0.8841
vn 0.0168 0.5185 0.8549
vn 0.0197 0.5290 0.8484
vn 0.9994 0.0006 0.0359
vn 0.9999 0.0057 0.0124
vn 0.9992 -0.0000 0.0388
vn 0.9973 0.0007 -0.0729
vn 0.9998 0.0067 -0.0160
vn 0.9999 0.0070 -0.0134
vn 0.9285 -0.0000 0.3714
vn 0.0045 -0.1654 -0.9862
vn 0.0002 -0.1629 0.9866
vn -0.0024 -0.1643 0.9864
vn 0.0024 -0.1618 0.9868
vn -0.5874 -0.0897 -0.8043
vn -0.9986 -0.0305 -0.0430
vn 0.9986 -0.0303 -0.0423
vn -0.9981 -0.0050 -0.0608
vn -0.0110 0.2469 -0.9690
vn -0.0014 0.1991 -0.9800
vn -0.0000 0.1923 -0.9813
vn 0.7533 -0.0788 -0.6529
vn 0.0035 0.1189 -0.9929
vn -0.9981 -0.0052 0.0606
vn 0.0017 0.4697 0.8828
vn 0.0099 0.5005 0.8657
vn 0.0116 0.5068 0.8620
vn 0.0168 0.5185 -0.8549
vn 0.0030 0.4674 -0.8841
vn 0.0197 0.5290 -0.8484
vn -0.9994 0.0006 0.0359
vn -0.9999 0.0057 0.0124
vn -0.9999 0.0062 0.0100
vn 0.9973 0.0007 0.0729
vn 0.9998 0.0067 0.0160
vn 0.9968 -0.0000 0.0797
vn -0.9285 -0.0000 -0.3714
vn -0.0002 -0.1629 0.9866
vn 0.0024 -0.1643 0.9864
vn 0.0045 -0.1654 0.9862
vn 0.5874 -0.0897 0.8043
vn 0.9986 -0.0305 0.0430
vn -0.9986 -0.0303 0.0423
vn 0.9981 -0.0050 0.0608
vn -0.7533 -0.0788 0.6529
vn -0.0035 0.1189 0.9929
vn 0.9981 -0.0052 0.0606
vn -0.6731 -0.0179 -0.7393
vn 0.9994 0.0006 -0.0359
vn 0.9999 0.0057 -0.0124
vn 0.9999 0.0062 -0.0100
vn -0.0905 0.3096 0.9465
vn -0.0988 0.3275 0.9397
vn -0.0832 0.2939 0.9522
vn 0.6635 -0.0124 -0.7481
vn 0.0002 -0.1629 -0.9866
vn -0.0024 -0.1643 -0.9864
vn -0.0045 -0.1654 -0.9862
vn -0.9992 0.0075 0.0396
vn -0.9976 -0.0030 0.0699
vn -0.9999 -0.0005 0.0122
vn -0.5874 -0.0897 0.8043
vn -0.9986 -0.0304 0.0423
vn 0.9986 -0.0304 0.0430
vn -0.9981 -0.0050 0.0608
vn 0.0110 0.2469 0.9690
vn 0.0014 0.1991 0.9800
vn -0.0000 0.1923 0.9813
vn -0.0216 0.2466 0.9689
vn 0.1083 0.9937 0.0285
vn -0.3026 0.9526 -0.0305
vn -0.0006 -1.0000 -0.0004
vn -0.0007 -1.0000 -0.0006
vn 0.1644 0.9860 0.0291
vn -0.0000 -0.9452 -0.3266
vn 0.0606 -0.9976 0.0327
vn 0.0207 -0.9976 -0.0664
vn -0.9381 0.2616 -0.2271
vn -0.9329 0.3600 -0.0077
vn -0.9426 0.2878 -0.1693
vn 0.0103 0.9994 0.0343
vn 0.0127 0.9937 -0.1109
vn 0.0043 -0.9960 0.0894
vn -0.0000 -0.9966 0.0826
vn -0.9973 0.0007 0.0729
vn -0.9998 0.0067 0.0160
vn -0.9999 0.0070 0.0134
vn 0.1163 0.0217 0.9930
vn 0.1172 0.0316 0.9926
vn 0.1199 0.0615 0.9909
vn 1.0000 -0.0003 0.0007
vn 0.9995 0.0323 0.0005
vn 0.9996 0.0281 0.0004
vn -0.0000 0.9999 -0.0100
vn -0.0058 1.0000 -0.0061
vn 0.0088 0.9998 -0.0160
vn -0.0995 -0.9943 0.0372
vn 0.8325 0.0013 0.5540
vn 0.5247 0.0250 0.8509
vn 0.4522 0.7173 0.5301
vn 0.0059 -0.6754 0.7374
vn -0.0063 -0.6911 0.7227
vn -0.0059 -0.6754 0.7374
vn 0.0012 0.0060 -1.0000
vn 0.1087 -0.9933 0.0406
vn 1.0000 -0.0055 0.0002
vn 0.9991 -0.0425 0.0002
vn 0.9989 -0.0470 0.0002
vn -0.1085 -0.9933 -0.0405
vn 0.0995 -0.9943 -0.0372
vn -0.7466 -0.1343 0.6516
vn -0.5992 0.5926 -0.5384
vn -0.4362 -0.0614 -0.8978
vn 0.7421 -0.1355 -0.6564
vn -0.0042 -0.2249 0.9744
vn -0.0056 -0.0994 0.9950
vn -0.9998 0.0202 -0.0007
vn 0.0022 -0.2250 -0.9744
vn 0.1423 -0.0030 -0.9898
vn 0.1421 -0.0044 -0.9898
vn 0.1426 -0.0000 -0.9898
vn -0.9986 -0.0426 -0.0320
vn -0.9978 -0.0564 -0.0361
vn -0.9999 0.0008 -0.0142
vn -0.0000 -0.0337 0.9994
vn -0.0000 -0.0345 0.9994
vn 0.3662 -0.9301 0.0294
vn 0.7876 0.6162 -0.0000
vn 0.3320 -0.9429 -0.0266
vn 0.7945 0.6073 -0.0000
vn 0.1320 0.9912 -0.0105
vn 0.1224 0.9924 0.0098
vn -0.3603 -0.9324 -0.0289
vn -0.7702 0.6378 -0.0000
vn -0.3374 -0.9410 0.0271
vn -0.1218 0.9925 -0.0097
vn -0.8095 0.5872 -0.0000
vn -0.1326 0.9911 0.0106
vn -0.9997 -0.0000 -0.0230
vn -0.9622 -0.2613 0.0772
vn -0.9148 0.1569 0.3723
vn -0.9913 -0.1053 -0.0796
vn -0.9147 0.1569 -0.3724
vn -0.9913 -0.1053 0.0796
vn -0.9997 -0.0000 0.0230
vn 0.9997 -0.0000 -0.0230
vn 0.9622 -0.2612 0.0772
vn 0.9147 0.1570 0.3724
vn 0.9997 -0.0000 0.0230
vn 0.9622 -0.2613 -0.0772
vn 0.9148 0.1568 -0.3723
vn 0.9913 -0.1053 0.0796
vn -0.0556 0.6908 -0.7209
vn -0.0564 0.6915 -0.7202
vn -0.0645 0.6979 -0.7133
vn 0.0041 -0.9881 0.1535
vn -0.0391 -0.9980 -0.0491
vn 0.0108 -0.9920 0.1256
vn 0.9321 0.3404 0.1238
vn 0.1744 -0.5980 0.7823
vn -0.0948 0.7352 0.6712
vn 0.1598 0.7426 -0.6503
vn 0.0233 0.9997 -0.0040
vn 0.1028 -0.6041 0.7903
vn -0.0888 -0.2403 -0.9666
vn 0.0933 0.2597 -0.9612
vn 0.0351 0.6512 -0.7581
vn 0.0960 -0.4805 0.8717
vn -0.1128 0.4119 0.9042
vn 0.0800 -0.9240 0.3740
vn -0.0477 -0.9975 -0.0526
vn -0.0344 -0.6428 -0.7652
vn 0.0964 0.7269 -0.6799
vn 0.0853 -0.4575 0.8851
vn -0.0804 0.2783 0.9571
vn -0.1356 0.8821 0.4511
vn -0.0184 0.9995 -0.0256
vn -0.9967 0.0717 0.0379
vn 0.0956 -0.9467 -0.3076
vn 0.0849 -0.9477 -0.3075
vn 0.0832 -0.9479 -0.3075
vn -0.9994 0.0006 -0.0359
vn -0.9999 0.0057 -0.0124
vn -0.9992 -0.0000 -0.0388
vn -0.0003 -0.8855 -0.4646
vn -0.0012 -0.8845 -0.4666
vn -0.0015 -0.8840 -0.4674
vn 0.9996 -0.0268 -0.0021
vn 0.9982 -0.0607 0.0004
vn 0.9999 -0.0146 0.0014
vn -0.9115 -0.0863 0.4023
vn -0.9140 -0.0005 0.4056
vn -0.0015 -0.9999 -0.0105
vn 0.0023 -0.9999 0.0156
vn 0.0026 -0.9998 0.0177
vn 0.0090 -0.0792 -0.9968
vn 0.0291 -0.0667 -0.9974
vn 0.0494 -0.0539 -0.9973
vn -0.0045 -0.1654 0.9862
vn 0.0017 -0.9948 -0.1021
vn 0.0065 -0.9959 -0.0904
vn 0.0205 -0.9960 -0.0871
vn 0.9663 0.2542 0.0414
vn 0.9749 -0.0971 -0.2003
vn 0.7967 0.6028 -0.0437
vn 0.6982 -0.4716 0.5387
vn 0.5278 -0.6141 -0.5868
vn -0.0059 -0.6754 -0.7374
vn 0.0063 -0.6911 -0.7227
vn 0.0059 -0.6754 -0.7374
vn -0.1199 0.0224 -0.9925
vn -0.1207 0.0337 -0.9921
vn -0.1229 0.0648 -0.9903
vn 0.0085 0.6687 0.7434
vn 0.0035 0.6669 0.7451
vn 0.0120 0.6700 0.7422
vn -0.0892 -0.7106 -0.6979
vn -0.1375 -0.0029 0.9905
vn -0.1374 -0.0044 0.9905
vn -0.1377 -0.0000 0.9905
vn 0.0199 -0.0575 -0.9981
vn 0.0287 -0.0526 -0.9982
vn 0.0371 -0.0479 -0.9982
vn 0.8844 0.0922 0.4575
vn 0.9094 0.0363 0.4144
vn 0.0135 0.9989 -0.0444
vn 0.9873 -0.1006 -0.1229
vn 0.9990 -0.0301 -0.0345
vn -0.9986 -0.0029 0.0533
vn -0.9986 0.0394 0.0355
vn -0.9522 -0.2571 0.1647
vn -0.9997 -0.0190 -0.0156
vn -0.9998 -0.0180 0.0131
vn 0.0014 -0.9444 -0.3287
vn 0.0032 -0.9433 -0.3320
vn -0.0000 -0.9453 -0.3261
vn -0.9968 -0.0301 -0.0740
vn -0.9951 0.0547 -0.0826
vn 0.7809 -0.5032 0.3701
vn 0.9698 0.1950 -0.1462
vn -0.7304 -0.5605 0.3904
vn -0.9999 -0.0146 0.0014
vn -0.9982 -0.0607 0.0004
vn -0.9996 -0.0268 -0.0021
vn -0.9972 -0.0010 -0.0743
vn -0.9957 -0.0418 -0.0822
vn -0.9952 0.0422 -0.0883
vn 0.0140 -0.9833 0.1817
vn 0.0058 -0.9841 0.1777
vn 0.0197 -0.9826 0.1845
vn -0.9999 -0.0141 -0.0013
vn -0.9996 -0.0268 0.0021
vn -0.9983 -0.0576 -0.0002
vn 0.0106 -0.9845 0.1752
vn -0.0153 -0.9462 0.3232
vn -0.0014 -0.9444 -0.3287
vn -0.0032 -0.9433 -0.3320
vn -0.0046 -0.9424 -0.3345
vn 0.9999 -0.0146 -0.0014
vn 0.9982 -0.0607 -0.0004
vn 0.9996 -0.0268 0.0021
vn -0.0140 -0.9833 0.1817
vn -0.0058 -0.9841 0.1777
vn -0.0000 -0.9846 0.1748
vn 0.9999 -0.0123 -0.0004
vn 1.0000 0.0014 0.0011
vn 1.0000 0.0011 -0.0005
vn -0.0106 -0.9845 0.1752
vn 0.0153 -0.9462 0.3232
vn 0.0014 -0.9444 0.3287
vn 0.0032 -0.9433 0.3320
vn 0.0046 -0.9424 0.3345
vn -0.9982 -0.0607 -0.0004
vn -0.9999 -0.0146 -0.0014
vn -0.0140 -0.9833 -0.1817
vn -0.0058 -0.9841 -0.1777
vn -0.0197 -0.9826 -0.1845
vn -0.9999 -0.0123 0.0004
vn -1.0000 0.0014 -0.0011
vn -1.0000 0.0011 0.0005
vn 0.0106 -0.9845 -0.1752
vn -0.0153 -0.9462 -0.3232
vn -0.0149 0.6755 -0.7372
vn 0.0019 0.6694 -0.7429
vn -0.0226 0.6781 -0.7346
vn -0.0000 -0.0001 1.0000
vn 0.0002 -0.6794 0.7337
vn 0.0010 -0.6768 0.7361
vn 0.0012 -0.6763 0.7366
vn 0.9999 -0.0141 0.0013
vn 0.9983 -0.0576 0.0002
vn -0.0106 -0.9845 -0.1752
vn 0.0153 -0.9462 -0.3232
vn 0.9922 0.0387 -0.1181
vn -0.0067 -0.9456 0.3253
vn 0.9024 -0.4140 0.1196
vn 0.9137 -0.3310 -0.2357
vn 0.8891 -0.4574 0.0174
vn 0.9527 -0.1576 0.2598
vn 0.9101 -0.3349 0.2442
vn 0.0178 -0.9991 0.0395
vn -0.0190 -0.9905 0.1363
vn 0.0104 -0.9997 0.0239
vn 0.2419 -0.4357 0.8670
vn 0.0116 0.2815 -0.9595
vn 0.7692 0.2830 0.5728
vn 0.1151 -0.1224 -0.9858
vn 0.1329 -0.1367 0.9817
vn 0.2374 -0.8884 -0.3930
vn 0.2353 0.6748 0.6994
vn 0.2141 0.9703 -0.1129
vn 0.0894 -0.8383 0.5378
vn 0.0362 -0.6702 -0.7413
vn 0.0109 -0.6594 -0.7517
vn 0.0592 -0.6795 -0.7313
vn 0.9545 0.0683 -0.2902
vn 0.9978 0.0110 -0.0652
vn 0.9512 -0.1792 0.2512
vn -0.9149 0.4015 -0.0421
vn -0.8806 0.3436 0.3263
vn 0.7939 -0.6080 0.0001
vn 0.7679 -0.6406 0.0003
vn 0.7678 -0.6407 0.0003
vn -0.9591 0.1095 -0.2612
vn -0.8937 0.0229 -0.4482
vn -0.6729 0.6033 -0.4281
vn -0.9680 0.1127 -0.2243
vn -0.4736 -0.4180 -0.7753
vn -0.8903 -0.3540 0.2866
vn -0.9362 -0.3375 0.0981
vn -0.5653 -0.8181 -0.1058
vn -0.2098 -0.2782 0.9373
vn -0.1256 -0.1075 -0.9862
vn -0.1331 -0.8710 0.4728
vn -0.1745 0.9002 -0.3989
vn -0.1298 -0.9354 -0.3290
vn -0.9095 0.3128 0.2738
vn -0.9981 0.0481 0.0375
vn -0.9984 0.0499 0.0259
vn -0.9544 0.0762 0.2886
vn -0.9411 0.2555 0.2213
vn -0.8716 0.4487 0.1975
vn 0.0044 -0.9992 0.0388
vn 0.0042 -0.9992 0.0390
vn 0.0086 -0.9994 0.0345
vn -0.9622 0.0594 0.2659
vn -0.6706 -0.3176 0.6704
vn -0.9385 -0.3453 0.0048
vn -0.9612 -0.2168 0.1703
vn -0.8951 -0.3723 -0.2454
vn -0.8870 -0.4265 -0.1768
vn -0.9045 -0.0941 -0.4161
vn -0.9426 0.1206 -0.3114
vn -0.9914 -0.1046 -0.0786
vn -0.0121 0.2030 0.9791
vn -0.8480 -0.3630 0.3862
vn -0.2899 0.9286 -0.2315
vn 0.9460 0.1022 -0.3076
vn 0.9334 0.3295 -0.1422
vn 0.9025 0.2891 -0.3193
vn -0.8498 0.0300 -0.5263
vn -0.8620 0.0186 -0.5065
vn -0.8737 0.0072 -0.4864
vn 0.9008 -0.1750 -0.3975
vn 0.9992 0.0361 0.0143
vn 0.9977 0.0481 0.0476
vn 0.8767 -0.1728 0.4488
vn 0.8936 -0.3563 0.2730
vn 0.9403 0.2005 0.2749
vn 0.9284 -0.1390 0.3446
vn 0.8781 0.2699 0.3951
vn 0.2084 0.9776 0.0299
vn 0.9976 -0.0439 0.0532
vn 0.0034 0.1798 -0.9837
vn 0.8509 -0.3598 -0.3827
vn -0.3345 0.9420 -0.0272
vn -0.0875 0.9962 0.0001
vn -0.9992 0.0075 -0.0396
vn -0.9975 -0.0030 -0.0699
vn -0.9987 0.0060 -0.0499
vn 0.7775 -0.5119 -0.3653
vn 0.9959 -0.0819 -0.0393
vn 0.9994 -0.0349 0.0015
vn -0.2426 -0.9538 0.1772
vn -0.0501 0.2167 -0.9750
vn -0.0884 -0.3404 0.9361
vn -0.6518 -0.0388 0.7574
vn -0.1660 0.0958 -0.9815
vn 0.1111 -0.0005 0.9938
vn -0.0055 -0.0253 -0.9997
vn -0.0114 -0.9989 -0.0451
vn -0.0000 -0.9989 -0.0466
vn -0.0191 -0.9947 -0.1006
vn -0.0001 0.9996 0.0269
vn -0.0012 0.9996 0.0270
vn -0.0000 0.9996 0.0269
vn 0.2989 0.9541 0.0173
vn 0.1469 0.9892 -0.0000
vn 0.3806 0.9243 -0.0267
vn 0.7830 -0.6221 -0.0000
vn 0.9978 -0.0491 0.0450
vn 0.9975 -0.0618 0.0355
vn 0.1549 -0.9878 0.0153
vn 0.1649 -0.9862 0.0167
vn 0.1554 -0.9877 0.0179
vn 0.0039 -0.9987 -0.0501
vn -0.0000 -0.9993 -0.0371
vn -0.0145 -0.9962 -0.0864
vn 0.2426 -0.9538 0.1772
vn 0.0617 0.2165 -0.9743
vn 0.0884 -0.3404 0.9361
vn 0.6544 -0.0387 0.7552
vn 0.1705 0.0957 -0.9807
vn -0.1359 -0.0006 0.9907
vn 0.0308 -0.0286 -0.9991
vn -0.0043 -0.9960 -0.0894
vn -0.0000 -0.9966 -0.0826
vn -0.2989 0.9541 -0.0173
vn -0.1469 0.9892 -0.0000
vn -0.3806 0.9243 0.0267
vn 0.0039 0.9999 0.0157
vn -0.0004 1.0000 0.0097
vn 0.0121 0.9999 0.0014
vn -0.1549 -0.9878 -0.0153
vn -0.1649 -0.9862 -0.0167
vn -0.1554 -0.9877 -0.0179
vn -0.2426 -0.9538 -0.1772
vn -0.9985 0.0510 -0.0190
vn -0.0617 0.2165 0.9743
vn -0.0884 -0.3404 -0.9361
vn -0.6544 -0.0387 -0.7552
vn -0.1705 0.0957 0.9807
vn 0.1359 -0.0006 -0.9907
vn -0.0308 -0.0286 0.9991
vn -0.0000 -0.9985 0.0551
vn 0.0547 -0.9970 0.0543
vn -0.0228 -0.9987 0.0466
vn -0.0000 -0.0337 -0.9994
vn -0.0000 -0.0345 -0.9994
vn 0.3345 0.9420 0.0272
vn 0.0875 0.9962 -0.0001
vn -0.2315 0.9727 0.0157
vn -0.2468 0.9689 0.0174
vn -0.2303 0.9730 0.0155
vn -0.0017 -0.9948 0.1021
vn -0.0065 -0.9959 0.0904
vn -0.0205 -0.9960 0.0871
vn -0.1632 -0.9866 -0.0047
vn -0.1677 -0.9858 -0.0031
vn -0.1758 -0.9844 -0.0000
vn 0.2426 -0.9538 -0.1772
vn 0.0501 0.2167 0.9750
vn 0.0884 -0.3404 -0.9361
vn 0.6518 -0.0388 -0.7574
vn 0.1660 0.0958 0.9815
vn -0.1111 -0.0005 -0.9938
vn 0.0055 -0.0253 0.9997
vn 0.0114 -0.9989 0.0451
vn -0.0000 -0.9989 0.0466
vn 0.0191 -0.9947 0.1006
vn 0.9992 0.0075 0.0396
vn 0.9975 -0.0030 0.0699
vn 0.9987 0.0060 0.0499
vn 0.9992 0.0075 -0.0396
vn 0.9976 -0.0030 -0.0699
vn 0.9999 -0.0005 -0.0122
vn -0.9993 -0.0265 0.0274
vn 0.9988 0.0201 0.0440
vn 0.9994 0.0142 0.0312
vn -0.9285 -0.0000 0.3714
vn 0.0003 -0.8855 0.4646
vn 0.0012 -0.8845 0.4666
vn 0.0015 -0.8840 0.4674
vn -0.0002 -0.6794 0.7337
vn -0.0010 -0.6768 0.7361
vn -0.0000 -0.6799 0.7333
vn 0.9988 -0.0079 0.0482
vn -0.9988 -0.0081 0.0483
vn 0.9993 -0.0265 0.0271
vn -0.5638 -0.0150 0.8257
vn -0.7533 -0.0788 -0.6529
vn -0.0035 0.1189 -0.9929
vn 0.9993 -0.0265 0.0274
vn -0.6731 -0.0179 0.7393
vn -0.9988 0.0201 -0.0440
vn -0.9994 0.0142 -0.0312
vn 0.6635 -0.0124 0.7481
vn -0.0003 -0.8855 0.4646
vn -0.0012 -0.8845 0.4666
vn -0.0000 -0.8859 0.4638
vn 0.0002 -0.6794 -0.7337
vn 0.0010 -0.6768 -0.7361
vn -0.0000 -0.6799 -0.7333
vn -0.9988 -0.0081 0.0480
vn 0.9988 -0.0079 0.0484
vn -0.9993 -0.0265 0.0271
vn 0.5638 -0.0150 0.8257
vn -0.0216 0.2466 -0.9689
vn -0.9993 -0.0265 -0.0274
vn 0.6731 -0.0179 -0.7393
vn 0.9988 0.0201 -0.0440
vn 0.9994 0.0142 -0.0312
vn 0.9983 0.0244 -0.0535
vn -0.6635 -0.0124 -0.7481
vn -0.0002 -0.6794 -0.7337
vn -0.0010 -0.6768 -0.7361
vn -0.0012 -0.6763 -0.7366
vn 0.9988 -0.0081 -0.0480
vn -0.9988 -0.0079 -0.0484
vn 0.9993 -0.0265 -0.0271
vn -0.5638 -0.0150 -0.8257
vn 0.0216 0.2466 0.9689
vn 0.9993 -0.0265 -0.0274
vn 0.0019 0.0605 0.9982
vn -0.0042 -0.0010 1.0000
vn -0.0047 -0.0057 1.0000
vn 0.9285 -0.0000 -0.3714
vn 0.0003 -0.8855 -0.4646
vn 0.0012 -0.8845 -0.4666
vn -0.0000 -0.8859 -0.4638
vn -0.9988 -0.0079 -0.0482
vn 0.9988 -0.0081 -0.0483
vn -0.9993 -0.0265 -0.0271
vn 0.5638 -0.0150 -0.8257
vn 0.7533 -0.0788 0.6529
vn 0.0035 0.1189 0.9929
vn 0.8508 -0.5054 -0.1442
vn -0.9991 -0.0425 0.0002
vn -1.0000 -0.0055 0.0002
vn -0.9989 -0.0470 0.0002
vn -0.8481 -0.5038 0.1643
vn -0.1590 0.9869 -0.0292
vn 0.3021 0.9528 0.0305
vn -0.0956 -0.9467 -0.3076
vn -0.0849 -0.9477 -0.3075
vn -0.0959 -0.9467 -0.3076
vn -0.0066 -0.9516 0.3073
vn -0.0147 -0.9621 0.2725
vn -0.0463 -0.9462 0.3203
vn -0.8508 -0.5054 -0.1442
vn -0.1083 0.9937 0.0285
vn 0.8480 -0.5038 -0.1643
vn -0.7830 0.6221 -0.0000
vn -0.0114 -0.9998 -0.0147
vn -0.0027 -0.9996 -0.0296
vn -0.0318 -0.9986 -0.0427
vn -0.0777 -0.9953 -0.0585
vn -0.0008 -0.9999 0.0114
vn 0.0065 -0.9988 -0.0477
vn -0.0000 -0.9955 -0.0942
vn 0.0100 -0.9974 -0.0710
vn 0.0156 -0.9998 -0.0143
vn -0.0000 -1.0000 -0.0004
vn -0.9992 0.0163 0.0367
vn -0.9979 0.0103 0.0637
vn -0.9729 -0.2146 0.0858
vn -0.9996 0.0196 0.0205
vn -0.0482 0.9156 0.3991
vn 0.0024 0.9998 -0.0222
vn -0.0000 0.9995 -0.0301
vn -0.0000 0.9731 -0.2305
vn -1.0000 -0.0059 -0.0000
vn -0.0000 0.4561 -0.8899
vn 0.0181 0.9442 0.3289
vn 0.0401 0.9991 -0.0105
vn 0.0089 -0.0761 0.9971
vn -0.0000 -0.9961 0.0884
vn -0.0028 0.0688 -0.9976
vn -0.0089 -0.0761 -0.9971
vn -0.0034 0.2147 -0.9767
vn 0.0095 0.9998 -0.0169
vn -0.0000 -1.0000 0.0021
vn -0.0000 0.6656 -0.7463
vn 0.0827 -0.9952 0.0525
vn -0.0000 -0.9991 -0.0434
vn -0.0121 0.6656 0.7462
vn -0.0024 -0.9999 -0.0162
vn 0.0399 -0.9947 0.0950
vn 0.0049 -0.9998 -0.0185
vn -0.0000 -0.9961 -0.0884
vn -0.0200 -0.9963 -0.0833
vn 0.9976 0.0005 -0.0690
vn 0.9994 -0.0006 -0.0360
vn 0.9999 0.0105 -0.0106
vn 0.9983 -0.0299 0.0499
vn 0.9972 0.0638 0.0385
vn 0.9890 0.1284 -0.0736
vn 0.0074 -0.9500 0.3123
vn 0.0516 -0.9455 0.3214
vn 0.0846 -0.9462 0.3123
vn 0.0013 -1.0000 0.0010
vn 0.9317 0.3170 -0.1773
vn -0.7829 -0.6221 -0.0000
vn -0.0046 -0.9424 0.3345
vn 0.0200 -0.9963 -0.0833
vn -0.0263 -0.9962 0.0833
vn -0.0327 -0.9994 0.0122
vn -0.0200 -0.9963 0.0833
vn 0.0263 -0.9962 -0.0833
vn 0.0327 -0.9994 -0.0122
vn -0.0401 0.9991 0.0105
vn 0.0200 -0.9963 0.0833
vn -0.0399 -0.9947 -0.0950
vn -0.0049 -0.9998 0.0185
vn 1.0000 -0.0007 -0.0000
vn 1.0000 -0.0006 -0.0000
vn -0.0000 0.4632 -0.8863
vn 0.0197 -0.9826 -0.1845
vn 0.0024 0.9997 -0.0245
vn -0.0099 0.9999 0.0053
vn 0.0082 0.9999 0.0104
vn 0.0104 0.9999 -0.0000
vn 0.0059 0.9996 0.0268
vn -0.0000 1.0000 -0.0000
vn -0.0189 0.9998 -0.0000
vn -0.0181 0.9998 0.0025
vn -0.0073 0.9999 0.0077
vn 1.0000 -0.0068 -0.0000
vn 0.2481 0.9686 -0.0175
vn 0.9988 0.0470 0.0148
vn 0.1612 -0.9869 0.0055
vn -0.9999 0.0122 0.0001
vn -0.9969 0.0778 -0.0091
vn -0.9986 0.0526 -0.0000
vn -0.9796 0.1376 0.1462
vn -0.9981 0.0035 0.0620
vn 0.0147 0.9999 0.0001
vn -0.0000 0.4561 0.8899
vn -0.9999 0.0070 -0.0134
vn -0.0000 0.4632 0.8863
vn 0.9999 0.0062 0.0100
vn 0.9968 -0.0000 -0.0797
vn -0.0130 0.2566 -0.9664
vn -0.9992 -0.0000 0.0388
vn 0.9999 0.0070 0.0134
vn -0.0024 -0.1618 0.9868
vn 0.9992 -0.0000 -0.0388
vn -0.1097 0.3510 0.9299
vn 0.0024 -0.1618 -0.9868
vn -0.9996 0.0130 0.0260
vn -0.9987 0.0060 0.0499
vn 0.0130 0.2566 0.9664
vn -0.0013 -1.0000 -0.0010
vn -1.0000 0.0012 -0.0000
vn -1.0000 0.0014 -0.0000
vn 0.0498 -0.9981 0.0371
vn 0.0165 0.9992 0.0372
vn 0.0065 -0.9956 0.0931
vn 0.0091 -0.9952 0.0972
vn -0.9968 -0.0000 0.0797
vn 0.1143 -0.0000 0.9934
vn 0.9998 0.0202 0.0002
vn 0.9999 0.0155 0.0005
vn 0.9999 -0.0104 0.0007
vn -0.0147 0.9999 -0.0001
vn -0.0120 -0.6747 0.7380
vn -0.0047 -0.6723 0.7402
vn 0.0063 -0.6911 0.7227
vn 0.0047 -0.6723 0.7402
vn 0.0120 -0.6747 0.7380
vn -0.0000 0.0132 -0.9999
vn 0.1425 -0.0000 -0.9898
vn -0.0016 0.0229 -0.9997
vn -0.0363 0.0166 -0.9992
vn -0.0000 0.0080 -1.0000
vn -0.0000 0.0286 -0.9996
vn 0.0001 -0.0001 -1.0000
vn 1.0000 -0.0018 0.0002
vn 0.1417 -0.0086 -0.9899
vn -0.9968 -0.0712 -0.0376
vn -0.9997 0.0173 -0.0173
vn -0.0416 0.6794 -0.7326
vn 0.0959 -0.9467 -0.3076
vn -0.9999 0.0062 -0.0100
vn 0.9999 0.0101 -0.0006
vn 0.9917 0.1280 -0.0093
vn 0.9982 0.0608 -0.0007
vn 1.0000 0.0060 -0.0000
vn 0.9986 0.0524 0.0053
vn 0.9999 -0.0150 0.0014
vn 0.9996 -0.0275 -0.0023
vn -0.0024 -0.9999 -0.0163
vn -0.0134 -0.0931 -0.9956
vn 0.0239 -0.9959 -0.0877
vn -0.0000 -0.9941 -0.1089
vn 0.0091 -0.9962 -0.0863
vn 0.0120 -0.6747 -0.7380
vn 0.0047 -0.6723 -0.7402
vn -0.0063 -0.6911 -0.7227
vn -0.0047 -0.6723 -0.7402
vn -0.0120 -0.6747 -0.7380
vn -0.1182 -0.0000 -0.9930
vn -0.0000 0.6656 0.7463
vn -0.0711 -0.7037 -0.7069
vn -0.1372 -0.0084 0.9905
vn 0.0127 -0.0615 -0.9980
vn 0.0144 0.9989 -0.0440
vn -0.9996 0.0212 -0.0210
vn -0.9996 -0.0081 0.0282
vn -0.9999 0.0002 0.0116
vn -0.9996 0.0225 0.0142
vn -0.9979 0.0641 0.0108
vn 0.0046 -0.9424 -0.3345
vn -0.9989 0.0474 -0.0043
vn -0.9917 0.1280 -0.0093
vn -0.9922 -0.1223 0.0226
vn -0.9999 -0.0150 0.0014
vn -0.9986 0.0524 0.0053
vn -1.0000 0.0060 -0.0006
vn -0.9996 -0.0275 -0.0023
vn -1.0000 0.0099 0.0007
vn -0.9921 0.1253 0.0100
vn -0.9980 0.0624 0.0014
vn -1.0000 0.0082 0.0002
vn -0.9991 0.0413 -0.0053
vn -0.9999 -0.0145 -0.0014
vn -0.9996 -0.0275 0.0023
vn 0.9989 0.0474 0.0043
vn 0.9917 0.1280 0.0093
vn 0.9922 -0.1223 -0.0226
vn 0.9999 -0.0150 -0.0014
vn 0.9986 0.0524 -0.0053
vn 1.0000 0.0060 0.0006
vn 0.9996 -0.0275 0.0023
vn -0.0197 -0.9826 0.1845
vn 0.9999 -0.0141 -0.0014
vn 0.9999 -0.0145 -0.0014
vn 0.9321 -0.3621 -0.0050
vn 0.9996 -0.0275 0.0008
vn 0.9999 -0.0123 0.0011
vn 0.9980 0.0624 0.0014
vn 0.9921 0.1253 0.0100
vn -0.9999 0.0101 0.0006
vn -0.9917 0.1280 0.0093
vn -0.9982 0.0608 0.0007
vn -1.0000 0.0060 -0.0000
vn -0.9986 0.0524 -0.0053
vn -0.9999 -0.0150 -0.0014
vn -0.9999 -0.0141 0.0014
vn -0.9999 -0.0145 0.0014
vn -0.9321 -0.3621 0.0050
vn -0.9996 -0.0275 -0.0008
vn -0.9999 -0.0123 -0.0011
vn -0.9980 0.0624 -0.0014
vn -0.9921 0.1253 -0.0100
vn 0.0121 0.6656 -0.7462
vn -0.0000 0.0078 1.0000
vn -0.0000 0.0279 0.9996
vn -0.0000 0.0128 0.9999
vn -0.0000 0.0154 0.9999
vn -0.0000 0.0336 0.9994
vn -0.0000 0.0094 1.0000
vn -0.0000 -0.5496 0.8354
vn 1.0000 0.0099 -0.0007
vn 0.9921 0.1253 -0.0100
vn 0.9980 0.0624 -0.0014
vn 1.0000 0.0082 -0.0002
vn 0.9991 0.0413 0.0053
vn 0.9999 -0.0145 0.0014
vn -1.0000 -0.0006 -0.0000
vn -1.0000 -0.0007 -0.0000
vn -0.0181 -0.9442 0.3289
vn 0.0114 -0.9998 0.0147
vn 0.0027 -0.9996 0.0296
vn 0.0314 -0.9986 0.0425
vn 0.0773 -0.9953 0.0584
vn 0.0008 -0.9999 -0.0115
vn -0.0064 -0.9989 0.0473
vn -0.0000 -0.9957 0.0929
vn -0.0099 -0.9975 0.0703
vn -0.0156 -0.9998 0.0143
vn -0.0141 -0.6482 -0.7613
vn 0.8119 -0.5838 -0.0000
vn -0.0000 -0.9991 0.0434
vn -0.8391 0.0395 -0.5425
vn 0.9986 0.0483 0.0203
vn 0.9979 0.0645 -0.0047
vn 0.9979 0.0650 -0.0000
vn 0.9311 -0.3139 0.1860
vn -0.9996 0.0130 -0.0260
vn -0.9999 -0.0006 -0.0122
vn 0.9999 -0.0047 -0.0165
vn 0.9982 0.0592 -0.0026
vn 0.7414 -0.4888 -0.4597
vn 0.9975 -0.0424 -0.0562
vn 0.9990 -0.0392 0.0222
vn 0.9976 -0.0038 0.0687
vn -0.0257 -0.9986 -0.0452
vn -0.0019 -0.0579 0.9983
vn -0.0481 -0.9987 -0.0181
vn 0.0266 -0.9995 -0.0158
vn 0.0463 -0.9979 -0.0460
vn -0.0013 0.9996 0.0270
vn -1.0000 0.0008 -0.0000
vn -1.0000 0.0007 -0.0000
vn 0.1438 -0.9895 0.0166
vn 0.2432 -0.9700 -0.0000
vn -0.0003 -0.7684 -0.6399
vn 0.0338 -0.9968 -0.0721
vn 0.0486 -0.9968 -0.0633
vn 0.0055 -0.9967 -0.0807
vn -0.0317 -0.9994 -0.0155
vn -0.0248 -0.9995 -0.0181
vn -0.0388 -0.9989 -0.0262
vn -0.0065 -0.9956 -0.0931
vn -0.0091 -0.9952 -0.0972
vn 1.0000 0.0012 -0.0000
vn 1.0000 0.0014 -0.0000
vn 0.0034 0.2147 0.9767
vn -0.0095 0.9998 0.0169
vn -0.1438 -0.9895 -0.0166
vn -0.2432 -0.9700 -0.0000
vn -0.9927 0.0989 -0.0689
vn 0.0263 -0.9995 0.0182
vn -0.0870 -0.9960 0.0180
vn -0.0008 -0.5441 -0.8390
vn -0.0060 -0.9988 0.0494
vn -0.0000 -0.9951 0.0989
vn -0.0025 -0.9981 0.0615
vn -0.0000 -1.0000 0.0005
vn -1.0000 -0.0000 -0.0001
vn -0.2481 0.9686 0.0175
vn -0.0239 -0.9959 0.0877
vn -0.0000 -0.9941 0.1089
vn -0.0091 -0.9962 0.0863
vn -0.1612 -0.9869 -0.0055
vn 0.0257 -0.9986 0.0452
vn 0.0019 -0.0579 -0.9983
vn 0.0481 -0.9987 0.0181
vn -0.0266 -0.9995 0.0158
vn -0.0463 -0.9979 0.0460
vn 1.0000 0.0008 -0.0000
vn 1.0000 0.0007 -0.0000
vn 0.9996 0.0130 0.0260
vn 0.9999 -0.0006 0.0122
vn 0.9996 0.0130 -0.0260
vn 0.9987 0.0060 -0.0499
vn 0.9983 0.0244 0.0535
vn -0.0012 -0.6763 0.7366
vn -0.9983 0.0244 -0.0535
vn -0.0015 -0.8840 0.4674
vn 0.0012 -0.6763 -0.7366
vn 0.0024 0.0649 0.9979
vn 0.0015 -0.8840 -0.4674
vn -1.0000 -0.0018 0.0002
vn -0.0832 -0.9479 -0.3075
vn -0.0516 -0.9455 0.3214
vn -0.0074 -0.9500 0.3123
vn -0.0000 -0.7554 -0.6553
vn -1.0000 0.0072 -0.0061
vt 0.879218 0.379536
vt 0.893451 0.322795
vt 0.893451 0.379536
vt 0.053384 0.372173
vt 0.044063 0.377478
vt 0.039577 0.375359
vt 0.044206 0.673363
vt 0.236901 0.673363
vt 0.139762 0.642354
vt 0.217674 0.487300
vt 0.109644 0.506831
vt 0.109644 0.487300
vt 0.893451 0.502704
vt 0.879218 0.575173
vt 0.879217 0.502704
vt 0.693964 0.266795
vt 0.708200 0.210054
vt 0.708200 0.266795
vt 0.024999 0.702924
vt 0.005421 0.709186
vt 0.021278 0.709187
vt 0.877206 0.666548
vt 0.862973 0.594079
vt 0.877207 0.594079
vt 0.795984 0.133672
vt 0.781750 0.075033
vt 0.795984 0.075033
vt 0.811692 0.320625
vt 0.788371 0.474285
vt 0.788370 0.331965
vt 0.606180 0.075033
vt 0.620413 0.056195
vt 0.620413 0.075033
vt 0.034349 0.388661
vt 0.031697 0.403678
vt 0.030235 0.388731
vt 0.492156 0.544170
vt 0.487184 0.573656
vt 0.473981 0.575272
vt 0.501761 0.574963
vt 0.478302 0.542349
vt 0.474812 0.544363
vt 0.503000 0.145445
vt 0.536247 0.092317
vt 0.536207 0.145459
vt 0.567224 0.016071
vt 0.569471 0.039718
vt 0.567042 0.040303
vt 0.569503 0.476259
vt 0.567489 0.491970
vt 0.567461 0.474058
vt 0.569483 0.500837
vt 0.567019 0.506126
vt 0.538004 0.025344
vt 0.536454 0.013645
vt 0.536600 0.040908
vt 0.808012 0.841377
vt 0.007616 0.451205
vt 0.052852 0.305903
vt 0.536885 0.501760
vt 0.538201 0.487183
vt 0.016054 0.544831
vt 0.025343 0.574047
vt 0.013644 0.575604
vt 0.040992 0.545006
vt 0.041103 0.575595
vt 0.039043 0.542564
vt 0.537128 0.473889
vt 0.843990 0.320533
vt 0.841775 0.485247
vt 0.841734 0.321044
vt 0.380210 0.750766
vt 0.394566 0.736786
vt 0.391569 0.752227
vt 0.740727 0.004622
vt 0.682206 0.024107
vt 0.622391 0.021690
vt 0.822357 0.300485
vt 0.854901 0.135402
vt 0.854477 0.300432
vt 0.150197 0.765505
vt 0.206938 0.779739
vt 0.150197 0.779739
vt 0.525695 0.447672
vt 0.513744 0.447679
vt 0.504992 0.446427
vt 0.503079 0.369882
vt 0.472058 0.464153
vt 0.471942 0.264814
vt 0.063918 0.274802
vt 0.073914 0.287472
vt 0.060006 0.275912
vt 0.264791 0.640036
vt 0.346477 0.607055
vt 0.369896 0.608895
vt 0.503103 0.423021
vt 0.464209 0.639882
vt 0.423046 0.608839
vt 0.252508 0.041975
vt 0.276551 0.038280
vt 0.271986 0.078504
vt 0.298627 0.079680
vt 0.295833 0.123229
vt 0.316536 0.113268
vt 0.336268 0.148749
vt 0.394769 0.308780
vt 0.404956 0.279097
vt 0.418643 0.304766
vt 0.377332 0.276076
vt 0.385736 0.243050
vt 0.348008 0.221082
vt 0.416517 0.349568
vt 0.432407 0.330581
vt 0.460588 0.383431
vt 0.341577 0.147315
vt 0.360863 0.195655
vt 0.274451 0.083128
vt 0.254785 0.046246
vt 0.400849 0.320182
vt 0.412743 0.293701
vt 0.425300 0.317251
vt 0.373054 0.268053
vt 0.401407 0.272441
vt 0.388638 0.297280
vt 0.341665 0.209186
vt 0.454245 0.371535
vt 0.321162 0.479495
vt 0.282166 0.460069
vt 0.279965 0.473810
vt 0.335297 0.147073
vt 0.293381 0.118631
vt 0.312013 0.104785
vt 0.431516 0.328909
vt 0.407268 0.332221
vt 0.413595 0.295300
vt 0.373054 0.268053
vt 0.393935 0.258426
vt 0.390968 0.301650
vt 0.436683 0.387388
vt 0.460588 0.383431
vt 0.256787 0.001212
vt 0.254785 0.046246
vt 0.236532 0.012012
vt 0.276551 0.038280
vt 0.273848 0.081998
vt 0.294888 0.121457
vt 0.313716 0.107979
vt 0.336268 0.148749
vt 0.429199 0.324564
vt 0.408318 0.334191
vt 0.413615 0.295337
vt 0.374793 0.271315
vt 0.399212 0.268324
vt 0.390976 0.301667
vt 0.370452 0.214004
vt 0.426617 0.098709
vt 0.467197 0.212066
vt 0.341665 0.209186
vt 0.360863 0.195655
vt 0.103975 0.228740
vt 0.079252 0.132761
vt 0.103979 0.132911
vt 0.217674 0.026972
vt 0.109644 0.104197
vt 0.109644 0.026972
vt 0.109644 0.001122
vt 0.264786 0.859224
vt 0.131921 0.871899
vt 0.131921 0.858580
vt 0.347545 0.278739
vt 0.223000 0.210481
vt 0.271121 0.153349
vt 0.451599 0.070040
vt 0.406868 0.012884
vt 0.406868 0.070040
vt 0.840103 0.898189
vt 0.828348 0.911048
vt 0.809221 0.913352
vt 0.272610 0.367672
vt 0.217674 0.355179
vt 0.325704 0.349177
vt 0.046395 0.437113
vt 0.081111 0.460208
vt 0.081179 0.318986
vt 0.084538 0.320177
vt 0.094069 0.327159
vt 0.242278 0.743954
vt 0.261485 0.759737
vt 0.261485 0.743954
vt 0.726619 0.914000
vt 0.721745 0.883915
vt 0.731434 0.887613
vt 0.309679 0.724589
vt 0.313041 0.712100
vt 0.318010 0.730535
vt 0.094857 0.305453
vt 0.097570 0.323282
vt 0.101691 0.307240
vt 0.086134 0.305840
vt 0.103282 0.315564
vt 0.139652 0.277686
vt 0.109644 0.338204
vt 0.109644 0.277458
vt 0.217674 0.208711
vt 0.217674 0.104197
vt 0.187665 0.338203
vt 0.217674 0.277458
vt 0.131921 0.827295
vt 0.249757 0.812110
vt 0.264786 0.827295
vt 0.692931 0.877269
vt 0.697601 0.891439
vt 0.707041 0.906397
vt 0.028461 0.031420
vt 0.053188 0.002076
vt 0.053187 0.036295
vt 0.811269 0.485656
vt 0.056281 0.108429
vt 0.025501 0.132039
vt 0.025885 0.108046
vt 0.028458 0.237924
vt 0.053185 0.203809
vt 0.053185 0.237924
vt 0.813159 0.841459
vt 0.109644 0.478813
vt 0.818986 0.875867
vt 0.141499 0.738684
vt 0.242278 0.759737
vt 0.722577 0.884184
vt 0.327197 0.326461
vt 0.068123 0.396062
vt 0.072079 0.393720
vt 0.534326 0.168858
vt 0.043925 0.400432
vt 0.038815 0.393773
vt 0.061129 0.395869
vt 0.051244 0.404503
vt 0.094147 0.304172
vt 0.084997 0.308482
vt 0.081612 0.312068
vt 0.091718 0.326342
vt 0.079249 0.227746
vt 0.077269 0.013248
vt 0.103979 0.107092
vt 0.103982 0.012256
vt 0.053185 0.145794
vt 0.028458 0.145990
vt 0.053186 0.098935
vt 0.028461 0.002075
vt 0.055801 0.131544
vt 0.795984 0.056195
vt 0.781750 0.056195
vt 0.300415 0.668877
vt 0.307614 0.679464
vt 0.301442 0.675052
vt 0.079253 0.107362
vt 0.862973 0.768368
vt 0.877207 0.711627
vt 0.877207 0.768368
vt 0.369762 0.065520
vt 0.399633 0.070040
vt 0.348470 0.070040
vt 0.257264 0.662847
vt 0.303974 0.659613
vt 0.028458 0.203705
vt 0.069831 0.385262
vt 0.062930 0.376123
vt 0.048066 0.414797
vt 0.051165 0.411390
vt 0.064568 0.409983
vt 0.341929 0.350698
vt 0.338922 0.344049
vt 0.356691 0.352186
vt 0.637921 0.058071
vt 0.710678 0.038341
vt 0.756453 0.040955
vt 0.371796 0.736786
vt 0.360572 0.751965
vt 0.355391 0.736786
vt 0.420449 0.736786
vt 0.414561 0.752400
vt 0.402349 0.736786
vt 0.348227 0.752706
vt 0.346133 0.736786
vt 0.397634 0.752108
vt 0.388679 0.736786
vt 0.437738 0.736786
vt 0.425671 0.750766
vt 0.327187 0.333713
vt 0.327746 0.323358
vt 0.332149 0.340302
vt 0.342425 0.304698
vt 0.356708 0.308222
vt 0.338434 0.311107
vt 0.330494 0.313660
vt 0.432390 0.736786
vt 0.430032 0.751870
vt 0.411174 0.736786
vt 0.367367 0.736786
vt 0.357176 0.751909
vt 0.353895 0.736786
vt 0.252848 0.652643
vt 0.298187 0.655476
vt 0.347675 0.750766
vt 0.345139 0.736786
vt 0.408927 0.752048
vt 0.879218 0.631914
vt 0.893451 0.575173
vt 0.893451 0.631914
vt 0.345345 0.753748
vt 0.386823 0.047939
vt 0.357805 0.030347
vt 0.379457 0.026250
vt 0.061112 0.240688
vt 0.043354 0.244176
vt 0.062450 0.228855
vt 0.015961 0.236693
vt 0.011311 0.222125
vt 0.022558 0.236923
vt 0.068086 0.225049
vt 0.060524 0.207404
vt 0.064669 0.206180
vt 0.029586 0.247185
vt 0.013785 0.201343
vt 0.016414 0.207308
vt 0.010803 0.209643
vt 0.050485 0.247147
vt 0.062450 0.228855
vt 0.013234 0.227433
vt 0.022571 0.236941
vt 0.021881 0.242850
vt 0.068302 0.224735
vt 0.060524 0.207404
vt 0.064669 0.206180
vt 0.035643 0.248949
vt 0.013786 0.201343
vt 0.016414 0.207308
vt 0.010306 0.213961
vt 0.241515 0.110131
vt 0.248060 0.088619
vt 0.261774 0.098128
vt 0.356895 0.075010
vt 0.400151 0.081223
vt 0.347965 0.081223
vt 0.389887 0.075010
vt 0.401691 0.075010
vt 0.347796 0.001701
vt 0.359238 0.007914
vt 0.347434 0.007914
vt 0.401126 0.001701
vt 0.057044 0.004945
vt 0.067776 0.050172
vt 0.057045 0.055894
vt 0.016530 0.004093
vt 0.022742 0.053420
vt 0.016530 0.056584
vt 0.311443 0.050988
vt 0.297527 0.012884
vt 0.311443 0.031936
vt 0.400723 0.081223
vt 0.348050 0.001701
vt 0.400779 0.001701
vt 0.067674 0.050070
vt 0.057044 0.005659
vt 0.016530 0.003748
vt 0.016530 0.056927
vt 0.819769 0.876633
vt 0.049800 0.382511
vt 0.445386 0.012884
vt 0.342111 0.726970
vt 0.306870 0.650459
vt 0.342344 0.645045
vt 0.279965 0.473810
vt 0.426070 0.659666
vt 0.411527 0.730506
vt 0.422616 0.650422
vt 0.429083 0.668837
vt 0.419866 0.724484
vt 0.364843 0.490509
vt 0.409981 0.408330
vt 0.410394 0.490252
vt 0.048701 0.376010
vt 0.062784 0.381045
vt 0.387675 0.726912
vt 0.387037 0.645040
vt 0.445475 0.484631
vt 0.426859 0.405614
vt 0.447939 0.475262
vt 0.329731 0.485282
vt 0.349872 0.404486
vt 0.364425 0.408584
vt 0.322102 0.490586
vt 0.451775 0.465923
vt 0.442216 0.410261
vt 0.364266 0.408608
vt 0.410476 0.490263
vt 0.409829 0.408308
vt 0.019623 0.759737
vt 0.038830 0.743954
vt 0.019623 0.743954
vt 0.447939 0.475262
vt 0.299155 0.644943
vt 0.326270 0.475798
vt 0.275750 0.483160
vt 0.380917 0.736786
vt 0.371902 0.752931
vt 0.347458 0.406060
vt 0.330357 0.456016
vt 0.236650 0.708902
vt 0.259792 0.709125
vt 0.264786 0.840549
vt 0.256108 0.679626
vt 0.024999 0.673409
vt 0.038830 0.759737
vt 0.024999 0.679626
vt 0.256108 0.673425
vt 0.379334 0.017398
vt 0.400656 0.012884
vt 0.349493 0.012884
vt 0.139762 0.763495
vt 0.339708 0.728559
vt 0.327475 0.774373
vt 0.320479 0.732300
vt 0.100677 0.256833
vt 0.095867 0.242116
vt 0.104908 0.255983
vt 0.316402 0.163464
vt 0.342257 0.070040
vt 0.330826 0.050988
vt 0.315170 0.050989
vt 0.767515 0.076931
vt 0.767515 0.062695
vt 0.534399 0.068912
vt 0.528518 0.053100
vt 0.503866 0.542574
vt 0.139652 0.217198
vt 0.109644 0.208711
vt 0.781750 0.178980
vt 0.693964 0.210054
vt 0.446412 0.577456
vt 0.462227 0.583329
vt 0.447680 0.586211
vt 0.447700 0.598174
vt 0.446457 0.606937
vt 0.511541 0.772416
vt 0.044451 0.708907
vt 0.534443 0.446414
vt 0.528554 0.462213
vt 0.620413 0.133672
vt 0.068907 0.577608
vt 0.053112 0.583505
vt 0.067652 0.583512
vt 0.068908 0.607060
vt 0.569470 0.015219
vt 0.015200 0.542586
vt 0.822180 0.135345
vt 0.824395 0.135811
vt 0.843990 0.485713
vt 0.781750 0.268694
vt 0.767515 0.266795
vt 0.781750 0.210054
vt 0.513679 0.067636
vt 0.525643 0.067650
vt 0.536294 0.369868
vt 0.085693 0.422225
vt 0.103642 0.484814
vt 0.503013 0.264792
vt 0.504852 0.168864
vt 0.534416 0.346458
vt 0.092313 0.575729
vt 0.145456 0.608933
vt 0.092316 0.608936
vt 0.168860 0.607056
vt 0.346467 0.577581
vt 0.264782 0.608951
vt 0.471962 0.051147
vt 0.471914 0.250566
vt 0.746727 0.322455
vt 0.778849 0.335688
vt 0.778854 0.478038
vt 0.708200 0.133672
vt 0.693964 0.076931
vt 0.708200 0.076931
vt 0.423007 0.575621
vt 0.369865 0.575688
vt 0.145453 0.575717
vt 0.168864 0.577583
vt 0.536310 0.423007
vt 0.250548 0.608945
vt 0.250542 0.640016
vt 0.051199 0.640003
vt 0.051201 0.608932
vt 0.464181 0.608788
vt 0.504944 0.346478
vt 0.503129 0.464135
vt 0.502999 0.250559
vt 0.503056 0.051159
vt 0.504917 0.068883
vt 0.503028 0.092295
vt 0.384648 0.751836
vt 0.088377 0.243287
vt 0.102823 0.249745
vt 0.099070 0.252408
vt 0.460091 0.232559
vt 0.383168 0.090452
vt 0.243142 0.258349
vt 0.347421 0.284099
vt 0.441695 0.396787
vt 0.344156 0.222709
vt 0.329663 0.304929
vt 0.451405 0.241250
vt 0.344156 0.222709
vt 0.280864 0.295772
vt 0.341607 0.145413
vt 0.458334 0.146797
vt 0.452097 0.239226
vt 0.314187 0.158999
vt 0.295312 0.073465
vt 0.862973 0.711627
vt 0.891504 0.093856
vt 0.833043 0.099092
vt 0.896700 0.035435
vt 0.862750 0.001484
vt 0.274935 0.305824
vt 0.804289 0.006720
vt 0.799092 0.065141
vt 0.070052 0.435720
vt 0.038830 0.740196
vt 0.335752 0.359573
vt 0.329105 0.400616
vt 0.006866 0.194030
vt 0.002391 0.132638
vt 0.006117 0.041846
vt 0.063195 0.381015
vt 0.067113 0.380135
vt 0.264786 0.871899
vt 0.146951 0.886953
vt 0.274451 0.083128
vt 0.334554 0.050988
vt 0.303739 0.070040
vt 0.891301 0.093898
vt 0.620413 0.268694
vt 0.634649 0.266795
vt 0.634649 0.281031
vt 0.804329 0.006680
vt 0.139652 0.277716
vt 0.109644 0.277940
vt 0.634649 0.076931
vt 0.037485 0.404729
vt 0.035074 0.408352
vt 0.810427 0.867839
vt 0.801106 0.873301
vt 0.766050 0.887380
vt 0.738155 0.884169
vt 0.737121 0.871912
vt 0.319702 0.451205
vt 0.103357 0.318443
vt 0.045818 0.383052
vt 0.057727 0.384403
vt 0.809062 0.888072
vt 0.074789 0.194119
vt 0.074777 0.045970
vt 0.028459 0.094060
vt 0.065102 0.098935
vt 0.065727 0.145168
vt 0.879218 0.424615
vt 0.217674 0.277727
vt 0.693964 0.133672
vt 0.753279 0.133672
vt 0.620413 0.164746
vt 0.306817 0.735116
vt 0.313566 0.776142
vt 0.062495 0.407298
vt 0.033940 0.381427
vt 0.049048 0.372760
vt 0.040766 0.378897
vt 0.030121 0.396099
vt 0.034029 0.389657
vt 0.877799 0.146773
vt 0.877799 0.289093
vt 0.342425 0.304698
vt 0.357268 0.304262
vt 0.346075 0.307562
vt 0.329403 0.339006
vt 0.331012 0.314433
vt 0.374292 0.750766
vt 0.438195 0.752706
vt 0.062397 0.410952
vt 0.051165 0.411390
vt 0.060691 0.408857
vt 0.067377 0.400197
vt 0.072531 0.396070
vt 0.068606 0.390212
vt 0.042532 0.413401
vt 0.037485 0.404729
vt 0.358453 0.304872
vt 0.361812 0.351931
vt 0.353249 0.351315
vt 0.364857 0.346391
vt 0.366876 0.309664
vt 0.440613 0.750766
vt 0.061639 0.247455
vt 0.079558 0.237665
vt 0.076574 0.242273
vt 0.089791 0.244162
vt 0.063651 0.253153
vt 0.055921 0.267143
vt 0.064233 0.282035
vt 0.063918 0.274802
vt 0.080445 0.287898
vt 0.076623 0.283621
vt 0.094928 0.284035
vt 0.087468 0.283113
vt 0.098483 0.274536
vt 0.104268 0.272803
vt 0.368937 0.057319
vt 0.355383 0.047162
vt 0.357805 0.030347
vt 0.047672 0.248096
vt 0.067649 0.241352
vt 0.088627 0.239197
vt 0.076489 0.242463
vt 0.057072 0.254730
vt 0.062492 0.255342
vt 0.693721 0.874430
vt 0.092593 0.284333
vt 0.080065 0.283688
vt 0.106011 0.265240
vt 0.095172 0.278668
vt 0.101490 0.267038
vt 0.368960 0.057328
vt 0.355383 0.047162
vt 0.061693 0.240261
vt 0.451599 0.012884
vt 0.445386 0.070040
vt 0.364149 0.309473
vt 0.335590 0.423349
vt 0.732689 0.868552
vt 0.721400 0.873607
vt 0.402715 0.007914
vt 0.394573 0.007914
vt 0.346411 0.075010
vt 0.393201 0.011227
vt 0.068179 0.010082
vt 0.022742 0.004763
vt 0.342257 0.012884
vt 0.330826 0.031936
vt 0.279407 0.765506
vt 0.279407 0.779739
vt 0.801902 0.884355
vt 0.001614 0.349177
vt 0.315170 0.031936
vt 0.022742 0.004093
vt 0.347140 0.771636
vt 0.358874 0.060579
vt 0.334554 0.031936
vt 0.919443 0.298603
vt 0.887321 0.285370
vt 0.887316 0.143020
vt 0.381742 0.065128
vt 0.362234 0.406978
vt 0.356619 0.362372
vt 0.369159 0.363821
vt 0.308629 0.718272
vt 0.369020 0.363815
vt 0.362369 0.407020
vt 0.326270 0.475798
vt 0.364922 0.490497
vt 0.386823 0.047939
vt 0.379457 0.026250
vt 0.131921 0.839927
vt 0.511575 0.583876
vt 0.256108 0.673363
vt 0.279407 0.702924
vt 0.275686 0.709187
vt 0.005393 0.709140
vt 0.139762 0.763495
vt 0.242278 0.740196
vt 0.237564 0.103777
vt 0.259161 0.092823
vt 0.261175 0.106458
vt 0.024999 0.673362
vt 0.893451 0.497084
vt 0.879218 0.497084
vt 0.879218 0.322795
vt 0.054471 0.376077
vt 0.217674 0.506831
vt 0.001701 0.702923
vt 0.862973 0.666548
vt 0.781750 0.133672
vt 0.510908 0.462228
vt 0.513754 0.462225
vt 0.525707 0.462215
vt 0.021521 0.595060
vt 0.053111 0.586352
vt 0.053107 0.598305
vt 0.053106 0.601152
vt 0.778880 0.331496
vt 0.778880 0.474754
vt 0.778880 0.473816
vt 0.778859 0.470562
vt 0.778880 0.332435
vt 0.606180 0.056195
vt 0.109644 0.355179
vt 0.800488 0.881054
vt 0.097640 0.343176
vt 0.637921 0.004378
vt 0.710678 0.024107
vt 0.696442 0.024107
vt 0.667971 0.024107
vt 0.206938 0.765505
vt 0.528540 0.447673
vt 0.510899 0.447680
vt 0.323221 0.466645
vt 0.452670 0.239926
vt 0.424276 0.245344
vt 0.356113 0.105891
vt 0.389806 0.088215
vt 0.217674 0.001122
vt 0.330088 0.305764
vt 0.295980 0.303797
vt 0.233015 0.172931
vt 0.139652 0.338204
vt 0.187665 0.277686
vt 0.146951 0.812110
vt 0.052383 0.305824
vt 0.084112 0.484814
vt 0.812823 0.887201
vt 0.242278 0.763495
vt 0.396373 0.053120
vt 0.399095 0.041477
vt 0.357582 0.073353
vt 0.350030 0.041477
vt 0.352752 0.053120
vt 0.390252 0.060579
vt 0.259400 0.675697
vt 0.740727 0.057827
vt 0.622462 0.040352
vt 0.667971 0.038341
vt 0.682206 0.038341
vt 0.696442 0.038341
vt 0.756331 0.021885
vt 0.254767 0.112003
vt 0.237215 0.098840
vt 0.297527 0.070040
vt 0.039627 0.389840
vt 0.332142 0.410950
vt 0.331141 0.417203
vt 0.324211 0.460465
vt 0.139762 0.642354
vt 0.352752 0.029804
vt 0.358874 0.022345
vt 0.396373 0.029804
vt 0.390252 0.022345
vt 0.367384 0.017796
vt 0.038830 0.763495
vt 0.187665 0.217198
vt 0.620413 0.210054
vt 0.620413 0.178980
vt 0.767515 0.210054
vt 0.722435 0.266795
vt 0.634649 0.210054
vt 0.679728 0.266795
vt 0.648885 0.210054
vt 0.753279 0.210054
vt 0.462234 0.586181
vt 0.462259 0.598148
vt 0.447678 0.583362
vt 0.462264 0.601001
vt 0.447705 0.601023
vt 0.479203 0.679110
vt 0.606180 0.133672
vt 0.067653 0.598308
vt 0.067653 0.586357
vt 0.067653 0.601154
vt 0.767515 0.281031
vt 0.510845 0.053073
vt 0.510830 0.067633
vt 0.528492 0.067649
vt 0.513698 0.053077
vt 0.525665 0.053095
vt 0.746727 0.483791
vt 0.778853 0.328212
vt 0.458334 0.146797
vt 0.467899 0.205361
vt 0.436103 0.245500
vt 0.399417 0.232559
vt 0.351567 0.109718
vt 0.322403 0.307030
vt 0.222824 0.215244
vt 0.231388 0.176542
vt 0.273048 0.152930
vt 0.345815 0.231805
vt 0.297347 0.306089
vt 0.250100 0.266381
vt 0.233828 0.171942
vt 0.267934 0.152842
vt 0.348645 0.275278
vt 0.461365 0.159877
vt 0.466231 0.220139
vt 0.428744 0.246436
vt 0.233828 0.171942
vt 0.348645 0.275278
vt 0.334117 0.303139
vt 0.310182 0.309646
vt 0.414532 0.240584
vt 0.358756 0.103469
vt 0.391062 0.088092
vt 0.467827 0.207246
vt 0.015790 0.094812
vt 0.019999 0.132539
vt 0.015675 0.145123
vt 0.002391 0.107238
vt 0.003386 0.013247
vt 0.004375 0.226752
vt 0.249757 0.886953
vt 0.294719 0.072352
vt 0.187665 0.277855
vt 0.634649 0.062695
vt 0.723192 0.871461
vt 0.268239 0.368273
vt 0.243883 0.381680
vt 0.274652 0.305797
vt 0.246207 0.460208
vt 0.243206 0.484814
vt 0.223675 0.484814
vt 0.217674 0.478813
vt 0.236645 0.406636
vt 0.019750 0.107411
vt 0.061120 0.132162
vt 0.060668 0.107975
vt 0.060668 0.107975
vt 0.893451 0.424615
vt 0.708200 0.076931
vt 0.722435 0.076931
vt 0.767515 0.133672
vt 0.679728 0.076931
vt 0.648885 0.133672
vt 0.634649 0.133672
vt 0.781750 0.164746
vt 0.516984 0.021453
vt 0.887289 0.289562
vt 0.887289 0.146303
vt 0.887289 0.147242
vt 0.887310 0.150496
vt 0.887289 0.288623
vt 0.739862 0.878634
vt 0.243584 0.425436
vt 0.748604 0.909212
vt 0.303739 0.012884
vt 0.007616 0.451205
vt 0.919443 0.137266
vt 0.887316 0.292846
vt 0.248338 0.112670
vt 0.242052 0.090930
s 1
usemtl Bogie
f 60/1/1 56/2/1 62/3/1
f 426/4/2 433/5/3 427/6/4
f 832/7/1 831/8/1 826/9/1
f 299/10/5 293/11/5 298/12/5
f 68/13/6 52/14/6 67/15/6
f 55/16/7 62/17/7 56/18/7
f 829/19/7 823/20/7 822/21/7
f 70/22/8 57/23/8 55/24/8
f 80/25/1 44/26/1 45/27/1
f 98/28/9 158/29/10 153/30/11
f 43/31/12 74/32/12 42/33/12
f 434/34/13 429/35/14 428/36/15
f 89/37/16 86/38/17 87/39/18
f 89/37/16 85/40/19 86/38/17
f 87/39/20 86/38/20 85/40/20
f 84/41/21 89/37/21 88/42/21
f 21/43/22 20/44/22 19/45/22
f 105/46/23 90/47/24 97/48/25
f 93/49/26 101/50/26 107/51/26
f 101/50/27 92/52/27 100/53/27
f 105/46/28 103/54/29 96/55/30
f 97/48/31 104/56/32 103/54/29
f 261/57/33 239/58/34 249/59/35
f 100/53/36 98/60/37 99/61/38
f 111/62/39 109/63/40 108/64/41
f 102/65/42 110/66/43 109/63/40
f 111/62/44 94/67/45 102/65/46
f 106/68/47 99/61/47 98/60/47
f 103/54/48 104/56/48 96/55/48
f 109/63/49 110/66/49 108/64/49
f 90/47/50 107/51/51 97/48/52
f 92/69/53 111/70/54 100/71/55
f 446/72/56 442/73/57 449/74/58
f 71/75/59 56/76/60 48/77/61
f 83/78/62 96/79/63 85/80/64
f 47/81/65 54/82/66 48/83/67
f 123/84/68 124/85/22 132/86/22
f 121/87/1 40/88/1 161/89/1
f 483/90/69 474/91/70 473/92/71
f 160/93/72 15/94/72 6/95/72
f 120/96/73 132/86/73 40/88/73
f 37/97/74 6/95/74 5/98/74
f 162/99/75 166/100/76 163/101/77
f 163/101/78 167/102/79 165/103/80
f 165/103/81 169/104/82 168/105/83
f 165/103/80 167/102/79 169/104/84
f 171/106/85 173/107/85 172/108/85
f 170/109/86 173/107/86 171/106/86
f 179/110/87 170/109/88 176/111/89
f 174/112/90 178/113/91 177/114/92
f 176/111/89 168/115/93 180/116/94
f 185/100/95 182/117/96 181/118/97
f 182/117/98 186/102/99 184/103/100
f 184/103/81 188/104/82 187/105/83
f 184/103/100 186/102/99 188/104/84
f 189/119/101 192/120/102 191/121/103
f 197/122/104 193/123/105 190/124/106
f 199/110/107 197/122/104 196/125/108
f 194/112/109 191/121/103 198/126/110
f 722/127/111 702/128/112 724/129/113
f 208/130/114 205/131/115 201/132/116
f 216/133/117 211/134/118 210/135/119
f 214/136/120 217/137/121 209/138/122
f 212/139/123 216/133/124 215/140/125
f 215/141/125 202/142/126 212/143/123
f 224/144/127 221/145/128 220/142/129
f 223/146/130 219/147/131 226/148/132
f 235/149/133 231/150/134 229/151/135
f 228/152/136 230/153/137 227/154/138
f 236/155/74 224/156/74 235/157/74
f 236/155/139 228/152/140 233/158/141
f 217/137/142 213/158/143 218/159/144
f 324/160/145 321/161/146 322/162/147
f 233/158/141 226/115/148 236/155/139
f 296/163/149 280/164/150 295/165/151
f 293/166/152 296/163/153 295/165/154
f 49/167/155 48/168/156 73/169/157
f 228/170/1 220/171/1 223/172/1
f 255/163/158 239/164/159 254/165/160
f 593/173/161 576/174/162 584/175/163
f 264/176/164 263/177/164 262/178/164
f 259/179/165 240/180/165 243/181/165
f 239/58/166 262/182/166 254/183/166
f 267/184/167 273/185/167 268/186/167
f 820/187/168 828/188/169 827/189/170
f 265/190/171 275/191/172 270/192/173
f 669/193/174 672/194/175 668/195/176
f 276/196/177 274/197/178 273/185/179
f 270/198/180 276/196/180 272/199/180
f 268/186/181 274/197/181 275/200/181
f 290/201/182 318/202/183 289/203/184
f 177/141/92 162/99/185 175/143/186
f 243/204/187 239/164/188 241/205/189
f 245/206/190 248/207/191 240/180/192
f 258/10/7 252/11/7 257/12/7
f 47/208/193 72/209/194 50/210/195
f 305/211/196 300/212/196 301/213/196
f 331/214/197 326/215/198 334/216/199
f 100/71/55 108/217/200 98/28/201
f 335/218/202 338/219/203 336/220/204
f 252/166/205 255/163/206 254/165/207
f 324/221/208 327/222/209 323/223/210
f 303/224/211 297/225/212 309/226/213
f 818/227/214 804/187/215 805/228/216
f 804/187/217 809/188/218 805/228/22
f 305/211/219 315/229/220 300/212/221
f 417/230/222 411/231/223 407/232/224
f 106/68/225 34/233/226 104/56/226
f 316/234/227 310/235/228 313/236/229
f 310/235/230 316/234/230 309/237/230
f 317/238/231 311/239/231 308/240/231
f 308/240/232 312/185/232 314/241/232
f 344/160/233 341/161/234 343/242/235
f 346/243/236 340/244/237 345/245/238
f 398/219/239 389/246/240 390/247/241
f 347/222/242 344/221/243 343/223/244
f 336/220/245 333/248/245 335/218/245
f 351/214/246 346/215/247 345/249/248
f 357/218/249 358/219/250 356/250/251
f 364/160/236 361/161/237 363/242/238
f 366/243/233 360/244/234 365/245/235
f 73/251/252 44/26/252 46/252/252
f 367/222/253 364/221/254 363/223/255
f 775/253/1 781/254/1 779/255/1
f 353/248/256 355/220/256 357/218/256
f 371/214/257 366/215/258 365/249/259
f 377/218/260 378/219/261 376/250/262
f 384/160/263 381/161/264 382/162/265
f 386/243/145 380/244/146 379/256/147
f 57/257/74 61/258/74 55/259/74
f 384/221/266 387/222/267 383/223/268
f 373/248/269 375/220/269 377/218/269
f 391/214/270 386/215/271 394/216/272
f 395/218/273 398/219/274 396/220/275
f 526/260/1 499/261/1 495/262/1
f 326/243/263 320/244/264 319/256/265
f 759/263/276 739/253/277 757/264/278
f 348/265/279 349/246/280 350/247/281
f 396/220/282 393/248/282 395/218/282
f 399/266/283 400/267/283 407/232/283
f 405/268/284 416/269/285 406/270/286
f 408/271/287 412/272/288 413/273/289
f 76/274/290 68/275/291 50/276/292
f 412/277/293 420/278/294 413/279/295
f 415/280/296 422/281/297 416/282/298
f 413/279/299 421/283/300 414/284/301
f 416/282/302 423/285/303 417/286/304
f 414/287/305 419/288/306 415/280/307
f 437/289/308 442/290/309 443/291/310
f 435/292/311 440/293/311 441/294/311
f 435/292/312 441/294/312 436/295/312
f 436/295/313 441/294/314 442/290/309
f 440/296/315 445/297/316 441/298/317
f 438/299/318 447/300/319 439/301/320
f 679/302/321 685/303/322 687/263/323
f 439/301/324 444/304/325 440/305/326
f 441/298/327 448/306/328 442/73/329
f 81/307/330 51/308/331 50/309/332
f 444/304/333 447/300/334 445/310/335
f 491/311/336 488/312/337 487/313/338
f 466/314/339 471/315/340 467/316/341
f 463/317/342 469/318/343 470/319/344
f 460/320/345 468/321/346 461/322/347
f 463/317/348 470/319/348 464/323/348
f 464/323/349 470/319/344 471/315/340
f 461/324/350 468/325/350 462/326/350
f 485/327/351 491/315/352 487/328/353
f 489/329/354 490/330/354 480/331/354
f 482/332/355 488/333/356 483/334/69
f 481/335/357 490/330/358 491/315/359
f 483/336/360 488/337/360 484/338/360
f 625/261/361 618/174/362 626/175/363
f 424/339/364 422/340/365 421/341/366
f 498/342/367 500/343/367 502/344/367
f 500/343/368 501/345/368 499/346/368
f 504/347/369 506/348/369 503/349/369
f 492/350/370 506/348/370 504/347/370
f 496/351/371 508/352/371 509/353/371
f 507/354/372 497/355/372 510/356/372
f 645/357/373 637/358/374 641/359/375
f 107/51/51 104/56/376 97/48/52
f 542/360/377 540/342/377 544/344/377
f 543/345/378 542/360/378 541/346/378
f 548/348/379 546/361/379 545/349/379
f 548/348/380 534/362/380 546/361/380
f 550/363/381 538/364/381 551/353/381
f 539/355/382 549/365/382 552/366/382
f 269/367/383 264/176/384 266/368/385
f 584/360/386 582/342/386 586/344/386
f 585/345/387 584/360/387 583/346/387
f 590/348/388 588/361/388 587/349/388
f 590/348/389 576/362/389 588/361/389
f 592/363/390 580/364/390 593/353/390
f 581/355/391 591/365/391 594/366/391
f 510/369/392 500/175/393 492/174/394
f 624/342/395 626/343/395 628/344/395
f 626/343/396 627/345/396 625/346/396
f 630/347/397 632/348/397 629/349/397
f 618/350/398 632/348/398 630/347/398
f 622/351/399 634/352/399 635/353/399
f 633/354/400 623/355/400 636/356/400
f 661/370/401 660/371/401 693/372/401
f 775/253/402 795/263/403 793/264/404
f 774/128/405 794/127/406 796/373/407
f 687/374/408 681/375/408 679/376/408
f 789/375/409 792/377/410 790/378/411
f 685/264/412 668/195/412 673/254/412
f 770/379/413 771/380/414 798/381/415
f 413/382/289 400/267/416 408/383/287
f 729/372/413 725/384/414 728/385/415
f 739/253/74 745/254/74 757/264/74
f 695/386/417 680/387/417 688/388/417
f 663/380/418 680/387/418 695/386/418
f 694/389/419 674/390/419 691/391/419
f 679/376/420 689/384/420 692/385/420
f 787/302/421 793/303/422 795/263/423
f 688/373/424 686/127/424 694/392/424
f 696/371/425 697/370/425 729/372/425
f 667/253/426 687/263/427 685/264/428
f 758/127/429 738/128/430 760/129/431
f 752/387/432 738/393/433 755/394/434
f 753/375/435 756/377/436 759/374/437
f 709/254/438 708/194/438 704/195/438
f 763/395/414 762/396/413 735/397/439
f 823/398/22 834/399/22 822/400/22
f 765/372/440 761/384/441 764/385/442
f 716/387/443 731/386/443 724/401/443
f 731/386/444 716/387/444 699/397/444
f 727/395/445 710/390/445 730/389/445
f 725/384/446 715/376/446 728/385/446
f 751/302/447 757/303/448 732/402/449
f 710/390/450 722/403/450 730/389/450
f 724/129/451 731/404/451 730/392/451
f 732/371/452 733/370/452 765/372/452
f 723/263/453 703/253/454 721/264/455
f 666/128/456 686/127/457 688/373/458
f 788/387/459 774/393/460 796/388/461
f 681/375/462 684/377/463 682/378/464
f 745/254/465 744/194/465 740/195/465
f 662/379/440 663/380/441 690/381/442
f 703/253/1 709/254/1 721/264/1
f 801/372/466 797/384/467 769/370/468
f 752/387/469 767/386/469 760/401/469
f 767/386/470 752/387/470 735/397/470
f 763/395/471 746/390/471 766/389/471
f 761/384/472 751/376/472 764/385/472
f 746/390/473 758/403/473 766/389/473
f 760/129/474 767/404/474 766/392/474
f 769/370/475 768/371/475 801/372/475
f 795/374/476 789/375/476 787/376/476
f 680/387/477 666/393/478 688/388/479
f 443/405/480 450/406/481 438/299/482
f 793/264/483 776/195/483 781/254/483
f 693/372/484 689/384/485 661/370/486
f 746/407/487 749/408/488 758/403/489
f 803/386/490 788/387/490 796/388/490
f 771/380/491 788/387/491 803/386/491
f 802/389/492 782/390/492 799/391/492
f 787/376/493 797/384/493 800/385/493
f 715/302/494 721/303/495 696/402/496
f 796/373/497 794/127/497 802/392/497
f 817/409/498 812/19/498 810/410/498
f 73/169/22 74/411/22 49/167/22
f 811/412/499 812/19/499 813/413/499
f 815/7/74 814/8/74 811/412/74
f 807/414/500 806/400/501 816/399/22
f 830/415/502 828/416/502 831/8/502
f 575/417/74 536/418/74 545/419/74
f 808/420/503 807/414/503 816/399/503
f 185/100/504 195/143/505 198/141/110
f 769/421/22 789/422/22 776/423/22
f 464/424/506 458/425/507 457/426/508
f 183/427/509 200/116/510 196/125/108
f 544/428/511 559/429/512 560/430/512
f 717/375/513 720/377/514 723/374/515
f 44/26/516 47/431/517 46/432/518
f 102/65/519 84/41/520 88/42/521
f 636/369/522 626/175/523 618/174/524
f 104/56/525 32/433/525 23/434/525
f 88/42/526 89/37/16 87/39/18
f 89/37/16 83/435/527 85/40/19
f 89/37/528 84/41/528 83/435/528
f 243/204/529 247/436/530 242/437/531
f 41/438/532 62/17/7 61/439/7
f 18/440/533 87/39/533 11/441/533
f 8/442/22 9/443/22 17/444/22
f 817/445/534 819/446/535 812/19/536
f 133/447/537 106/68/537 126/448/537
f 78/449/74 43/31/74 42/33/74
f 110/66/538 146/450/538 137/451/538
f 141/452/22 146/450/22 145/453/22
f 105/46/23 91/454/539 90/47/24
f 93/49/540 92/52/540 101/50/540
f 105/46/28 97/48/31 103/54/29
f 101/50/541 100/53/36 99/61/38
f 111/62/39 102/65/42 109/63/40
f 111/62/44 95/455/542 94/67/45
f 83/78/62 91/456/543 105/457/544
f 90/47/50 93/49/545 107/51/51
f 92/69/53 95/458/546 111/70/54
f 45/459/547 48/460/548 80/461/549
f 32/433/22 29/462/22 28/463/22
f 35/464/22 120/96/22 121/87/22
f 254/183/550 264/465/551 257/466/552
f 77/467/22 33/468/22 131/469/22
f 134/470/22 135/471/22 136/472/22
f 147/473/22 16/474/22 79/475/22
f 38/476/1 21/43/1 159/477/1
f 40/478/553 112/479/553 155/480/554
f 60/481/5 57/482/5 58/483/5
f 3/484/555 87/39/555 18/440/555
f 87/39/556 3/484/556 4/485/556
f 134/470/557 146/450/557 110/66/557
f 1/486/558 134/470/558 110/66/558
f 87/39/559 4/485/559 16/474/559
f 148/487/560 1/486/560 110/66/560
f 106/68/561 133/447/561 36/488/561
f 20/44/562 104/56/562 19/45/562
f 20/44/563 32/433/563 104/56/563
f 19/45/564 104/56/564 34/233/564
f 106/68/565 36/488/565 35/464/565
f 106/68/566 35/464/566 131/469/566
f 147/473/567 80/489/567 41/490/567
f 147/473/568 41/490/568 135/471/568
f 39/491/569 155/492/569 145/453/569
f 39/491/570 145/453/570 136/472/570
f 82/493/571 37/97/571 17/444/571
f 39/491/74 135/471/74 41/490/74
f 17/444/572 37/97/572 5/98/572
f 160/93/573 79/475/573 15/94/573
f 77/467/574 130/494/574 161/89/574
f 130/494/575 121/87/575 161/89/575
f 132/86/576 2/495/576 40/88/576
f 33/468/577 78/496/577 159/477/577
f 33/468/578 159/477/578 21/43/578
f 38/476/579 149/497/579 31/498/579
f 38/476/580 31/498/580 22/499/580
f 424/500/581 412/277/582 417/286/583
f 234/141/584 220/142/585 232/143/586
f 485/501/351 477/502/587 481/503/357
f 172/504/1 168/115/1 167/505/1
f 166/100/76 167/102/588 163/101/77
f 164/427/589 165/103/81 168/105/83
f 179/110/87 173/107/590 170/109/88
f 175/506/74 164/427/74 170/507/74
f 180/116/94 179/110/87 176/111/89
f 175/508/186 174/112/90 177/114/92
f 176/111/89 164/427/591 168/115/93
f 185/100/95 186/102/592 182/117/96
f 183/427/589 184/103/81 187/105/83
f 194/112/109 189/119/101 191/121/103
f 189/119/101 190/124/593 192/120/102
f 199/110/107 193/123/105 197/122/104
f 193/123/105 192/120/594 190/124/106
f 202/171/1 213/509/1 209/510/1
f 192/511/1 187/115/1 186/505/1
f 196/512/74 194/513/74 181/171/74
f 208/514/74 215/515/74 210/516/74
f 200/116/510 199/110/107 196/125/108
f 195/508/505 194/112/109 198/126/110
f 208/130/114 204/517/595 205/131/115
f 211/134/118 209/138/596 210/135/119
f 217/137/121 210/135/597 209/138/122
f 216/133/124 212/139/123 211/134/598
f 215/141/125 206/144/599 202/142/126
f 224/144/127 225/518/600 221/145/128
f 222/427/601 223/146/130 226/148/132
f 231/150/134 227/154/602 229/151/135
f 230/153/137 229/151/603 227/154/138
f 59/519/22 70/22/22 61/258/22
f 236/155/139 230/153/604 228/152/140
f 233/158/141 222/427/605 226/115/148
f 251/520/74 245/521/74 246/522/74
f 286/521/7 288/523/7 287/522/7
f 243/181/1 240/180/1 248/524/1
f 250/525/1 247/523/1 244/526/1
f 245/521/5 247/523/5 246/522/5
f 254/183/606 262/182/606 263/527/606
f 818/227/607 816/399/608 819/528/609
f 716/387/610 702/393/611 719/394/612
f 683/529/613 674/390/614 665/530/615
f 328/531/616 322/532/617 331/533/618
f 438/534/619 426/4/2 425/535/620
f 81/536/621 75/537/622 48/168/623
f 203/538/624 201/132/625 205/131/626
f 727/395/441 726/396/440 699/397/627
f 644/430/628 642/539/629 619/540/630
f 276/196/177 275/200/631 274/197/178
f 272/199/632 276/196/177 273/185/179
f 270/198/633 275/200/631 276/196/177
f 268/186/634 273/185/634 274/197/634
f 267/184/635 272/199/635 273/185/635
f 291/541/1 286/521/1 287/522/1
f 284/204/636 288/436/637 283/437/638
f 43/542/639 81/543/640 49/544/641
f 290/545/74 288/523/74 285/526/74
f 250/546/642 277/202/643 249/547/644
f 171/106/645 178/113/91 174/112/90
f 42/33/646 50/548/647 78/449/648
f 219/147/649 221/145/650 225/518/651
f 410/549/652 405/268/284 404/550/653
f 204/517/654 218/159/144 213/158/143
f 303/224/655 313/551/229 307/552/656
f 304/553/657 317/554/658 308/555/659
f 284/181/660 282/556/661 304/553/657
f 338/219/662 329/246/663 330/247/664
f 315/557/220 314/241/665 312/185/666
f 306/558/667 307/559/656 310/235/228
f 307/559/656 313/236/229 310/235/228
f 309/237/668 316/234/227 313/236/229
f 308/240/669 311/239/669 312/185/669
f 351/533/670 342/532/671 348/531/672
f 262/178/673 271/560/674 264/176/675
f 388/265/676 389/246/677 387/222/678
f 327/561/679 334/562/680 319/256/681
f 334/216/682 332/563/682 331/214/682
f 336/220/683 332/563/683 333/248/683
f 358/219/684 349/246/685 356/250/686
f 371/533/687 362/532/688 368/531/689
f 368/265/690 369/246/691 370/247/692
f 341/161/693 353/564/694 349/565/695
f 354/216/696 352/563/696 353/248/696
f 353/248/697 352/563/697 355/220/697
f 378/219/698 369/246/699 376/250/700
f 388/531/680 382/532/701 391/533/702
f 62/3/22 65/566/22 60/1/22
f 328/265/703 329/246/704 327/222/705
f 361/161/706 373/564/707 369/565/708
f 374/216/709 372/563/709 373/248/709
f 373/248/710 372/563/710 375/220/710
f 286/206/711 292/567/712 281/180/713
f 59/568/5 65/569/714 159/570/5
f 669/571/715 681/422/716 682/572/717
f 387/561/718 394/562/616 379/256/719
f 568/260/74 537/262/74 541/261/74
f 394/216/720 392/563/720 391/214/720
f 396/220/721 392/563/721 393/248/721
f 407/232/224 406/270/286 417/573/222
f 406/270/286 416/269/285 417/573/222
f 399/266/722 407/232/224 411/231/223
f 400/267/416 399/266/722 408/383/287
f 231/150/723 234/140/584 232/508/586
f 402/574/724 401/575/725 414/576/726
f 403/577/727 402/574/724 409/578/728
f 410/549/652 403/577/727 409/578/728
f 404/550/653 403/577/727 410/549/652
f 85/80/729 119/579/730 115/580/731
f 401/575/725 413/382/289 414/576/726
f 399/266/722 411/231/223 408/383/287
f 410/581/732 409/582/732 415/583/732
f 408/271/733 411/584/733 412/272/733
f 410/581/652 415/583/734 416/585/285
f 412/277/293 418/586/735 420/278/294
f 415/280/296 419/288/736 422/281/297
f 413/279/299 420/278/737 421/283/300
f 416/282/738 422/281/738 423/285/738
f 417/286/304 423/285/303 424/500/739
f 414/287/305 421/587/740 419/288/306
f 206/144/741 203/538/742 202/142/743
f 418/586/744 424/500/364 420/278/745
f 419/288/746 421/587/366 422/281/365
f 431/588/747 436/589/313 442/590/309
f 431/588/747 442/590/309 437/591/308
f 432/592/748 431/588/747 437/591/308
f 425/535/620 432/592/748 443/593/310
f 428/36/15 427/6/4 434/34/13
f 87/39/749 148/487/750 110/66/751
f 430/594/752 429/35/14 435/595/753
f 431/588/747 430/594/754 436/589/313
f 430/594/752 435/595/753 436/589/755
f 425/535/620 443/593/310 438/534/619
f 432/592/748 437/591/308 443/593/310
f 433/5/3 434/34/13 427/6/4
f 435/292/756 434/596/756 440/293/756
f 433/597/3 439/598/757 440/599/758
f 434/596/759 433/600/759 440/293/759
f 438/299/318 450/406/760 447/300/319
f 441/298/317 445/297/316 448/306/761
f 439/301/762 447/300/762 444/304/762
f 442/73/329 448/306/328 449/74/763
f 440/296/326 444/601/325 445/297/764
f 446/72/765 449/74/766 450/406/767
f 451/602/768 459/603/769 466/604/339
f 459/603/769 458/425/507 465/605/770
f 284/204/771 280/164/772 282/205/773
f 451/602/768 466/604/339 460/606/774
f 452/607/775 451/602/775 460/606/775
f 453/608/776 452/607/777 461/609/347
f 454/610/778 453/608/776 462/611/779
f 455/612/780 454/610/778 469/613/343
f 463/614/342 455/612/780 469/613/343
f 456/615/781 455/612/780 463/614/342
f 464/424/506 456/615/781 463/614/342
f 457/426/508 456/615/781 464/424/506
f 454/610/778 462/611/779 469/613/343
f 459/603/769 465/605/770 466/604/339
f 461/609/347 462/611/779 453/608/776
f 452/607/777 460/606/345 461/609/347
f 470/616/344 469/617/343 468/618/782
f 462/326/779 468/325/782 469/318/343
f 466/314/339 465/619/770 471/315/340
f 460/320/783 466/314/783 467/316/783
f 460/320/345 467/316/784 468/321/346
f 465/619/785 464/323/785 471/315/785
f 479/620/786 478/621/787 486/622/788
f 107/51/789 99/61/790 106/68/791
f 472/623/792 479/620/786 482/624/355
f 473/92/71 472/623/792 482/624/355
f 265/190/171 240/180/793 259/625/794
f 475/626/795 474/91/70 484/627/796
f 476/628/797 475/626/795 489/629/798
f 477/502/587 476/628/797 480/630/799
f 480/630/799 481/503/357 477/502/587
f 489/629/798 480/630/799 476/628/797
f 478/621/787 485/501/351 486/622/788
f 484/627/796 489/629/798 475/626/795
f 479/620/786 486/622/788 482/624/355
f 473/92/71 482/624/355 483/90/69
f 485/327/800 481/335/800 491/315/800
f 490/631/801 489/632/798 488/312/337
f 484/338/796 488/337/337 489/329/798
f 486/633/788 485/327/351 487/328/353
f 482/332/802 486/633/802 487/328/802
f 482/332/355 487/328/803 488/333/356
f 481/335/357 480/331/799 490/330/358
f 510/369/804 497/634/804 509/173/804
f 510/369/805 509/173/805 508/635/805
f 414/636/726 409/578/728 402/574/724
f 674/407/806 677/408/807 678/637/808
f 267/638/809 268/639/810 243/181/811
f 495/262/812 502/428/812 516/539/812
f 492/350/813 494/640/813 505/641/813
f 495/642/814 498/342/814 502/344/814
f 498/342/815 501/345/815 500/343/815
f 492/350/816 505/643/816 506/348/816
f 496/351/817 493/644/817 508/352/817
f 507/354/818 511/645/818 497/355/818
f 504/646/819 513/647/820 515/359/821
f 829/19/822 828/416/823 830/415/824
f 629/419/74 620/418/74 659/417/74
f 534/174/825 536/418/825 541/261/825
f 534/174/826 541/261/826 542/175/826
f 551/173/827 539/634/827 552/369/827
f 54/82/828 64/648/828 63/649/828
f 306/650/667 295/183/829 283/651/830
f 535/540/831 557/359/832 553/358/833
f 556/652/834 555/647/835 545/419/836
f 558/539/837 544/428/837 537/262/837
f 547/641/838 536/640/838 534/362/838
f 544/344/839 540/342/839 537/642/839
f 542/360/840 543/345/840 540/342/840
f 548/348/841 547/643/841 534/362/841
f 550/363/842 535/644/842 538/364/842
f 539/355/843 553/653/843 549/365/843
f 586/428/844 601/429/845 602/430/845
f 578/418/1 587/419/1 617/417/1
f 733/421/22 753/422/22 761/654/22
f 579/262/1 610/260/1 609/655/1
f 576/174/846 578/418/846 583/261/846
f 576/174/847 583/261/847 584/175/847
f 593/173/848 581/634/848 594/369/848
f 551/173/849 534/174/850 542/175/851
f 577/540/852 599/359/853 595/358/854
f 600/539/855 586/428/855 579/262/855
f 301/213/856 315/557/220 317/554/658
f 589/641/857 578/640/857 576/362/857
f 586/344/858 582/342/858 579/642/858
f 584/360/859 585/345/859 582/342/859
f 590/348/860 589/643/860 576/362/860
f 592/363/861 577/644/861 580/364/861
f 581/355/862 595/653/862 591/365/862
f 597/647/863 596/656/864 588/646/865
f 37/657/866 150/658/866 149/659/867
f 621/262/74 653/660/74 625/261/74
f 636/369/868 623/634/868 635/173/868
f 636/369/869 635/173/869 634/635/869
f 499/261/870 492/174/871 500/175/872
f 518/430/873 516/539/874 493/540/875
f 519/357/876 511/358/877 515/359/878
f 621/262/879 628/428/879 642/539/879
f 618/350/880 620/640/880 631/641/880
f 621/642/881 624/342/881 628/344/881
f 624/342/882 627/345/882 626/343/882
f 618/350/883 631/643/883 632/348/883
f 622/351/884 619/644/884 634/352/884
f 633/354/885 637/645/885 623/355/885
f 630/646/886 639/647/887 641/359/888
f 533/417/1 503/419/1 494/418/1
f 782/407/889 785/408/890 786/637/891
f 710/407/892 713/408/893 722/403/894
f 661/370/895 668/423/895 660/371/895
f 691/661/22 680/662/22 663/663/22
f 705/193/896 708/194/897 706/664/1
f 735/665/22 746/390/22 763/666/22
f 668/195/898 672/194/898 673/254/898
f 791/529/899 782/390/900 773/530/901
f 705/571/902 717/422/903 704/423/904
f 690/381/905 663/380/905 695/386/905
f 691/391/906 662/379/906 694/389/906
f 679/376/907 681/375/907 689/384/907
f 685/264/908 660/371/908 668/423/908
f 674/390/909 694/389/909 686/667/909
f 694/392/910 695/404/910 688/373/910
f 696/371/911 704/423/911 697/370/911
f 723/374/912 715/376/912 717/375/912
f 661/421/22 681/422/22 668/423/22
f 741/193/913 744/194/914 742/664/74
f 721/264/915 709/254/915 704/195/915
f 755/529/916 746/390/917 752/662/918
f 741/571/919 753/422/920 740/423/921
f 699/665/22 710/390/22 727/666/22
f 699/397/922 726/396/922 731/386/922
f 698/668/923 727/395/923 730/389/923
f 725/384/924 717/375/924 715/376/924
f 704/423/925 696/371/925 721/264/925
f 730/392/926 722/127/926 724/129/926
f 732/371/927 740/423/927 733/370/927
f 799/661/22 788/662/22 771/663/22
f 759/374/928 751/376/928 753/375/928
f 697/421/22 717/422/22 725/654/22
f 777/193/929 780/194/930 776/195/931
f 757/264/932 745/254/932 740/195/932
f 471/669/340 468/618/782 467/670/341
f 777/571/933 789/422/934 790/572/935
f 667/253/74 673/254/74 671/255/74
f 735/397/936 762/396/936 767/386/936
f 734/668/937 763/395/937 766/389/937
f 761/384/938 753/375/938 751/376/938
f 740/423/939 732/371/939 757/264/939
f 766/392/940 758/127/940 760/129/940
f 769/370/941 776/423/941 768/371/941
f 5/98/22 4/485/22 3/484/22
f 46/671/942 50/210/943 74/411/944
f 776/195/945 780/194/945 781/254/945
f 719/529/946 710/390/947 716/662/948
f 798/381/949 771/380/949 803/386/949
f 799/391/950 770/379/950 802/389/950
f 787/376/951 789/375/951 797/384/951
f 793/264/952 768/371/952 776/423/952
f 782/390/953 802/389/953 794/667/953
f 802/392/954 803/404/954 796/373/954
f 819/446/955 806/21/955 812/19/955
f 833/672/956 835/409/957 829/19/958
f 814/8/959 809/673/959 811/412/959
f 811/412/960 813/413/960 815/7/960
f 811/674/5 809/675/5 810/410/5
f 811/412/961 810/410/961 812/19/961
f 812/19/7 806/21/7 813/676/7
f 825/227/962 834/399/963 826/677/964
f 821/228/965 835/678/966 825/227/967
f 829/19/968 822/21/968 833/446/968
f 449/679/766 445/680/335 447/681/334
f 835/409/969 827/410/969 829/19/969
f 832/7/970 823/682/970 830/415/970
f 65/566/971 56/683/971 58/684/971
f 824/414/503 826/677/503 834/399/503
f 60/1/1 58/685/1 56/2/1
f 426/4/2 439/686/757 433/5/3
f 832/7/1 830/415/1 831/8/1
f 299/10/5 294/687/5 293/11/5
f 68/13/6 51/308/6 52/14/6
f 55/16/7 61/439/7 62/17/7
f 829/19/7 830/688/7 823/20/7
f 70/22/8 69/689/8 57/23/8
f 80/25/1 79/690/1 44/26/1
f 2/495/972 129/691/22 128/692/973
f 128/692/973 127/693/22 126/448/974
f 126/448/974 106/68/975 98/28/9
f 98/28/9 108/694/976 110/66/977
f 110/66/977 137/451/978 138/695/978
f 139/696/979 140/697/22 155/480/980
f 110/66/977 138/695/978 139/696/979
f 128/692/973 126/448/974 98/28/9
f 153/30/11 152/698/22 2/495/972
f 2/495/972 128/692/973 98/28/9
f 110/66/977 139/696/979 155/480/980
f 155/480/980 156/699/22 158/29/10
f 158/29/10 157/700/22 154/701/22
f 154/701/22 112/479/981 151/702/22
f 153/30/11 2/495/972 98/28/9
f 154/701/22 151/702/22 153/30/11
f 110/66/977 155/480/980 158/29/10
f 158/29/10 154/701/22 153/30/11
f 98/28/9 110/66/977 158/29/10
f 43/31/12 49/703/12 74/32/12
f 434/34/13 435/595/753 429/35/14
f 21/43/22 22/499/22 20/44/22
f 238/704/982 269/367/983 261/57/33
f 266/705/984 271/560/674 262/182/673
f 277/706/985 238/704/982 261/57/33
f 266/705/984 262/182/673 239/58/34
f 249/59/35 277/706/985 261/57/33
f 261/57/33 266/705/984 239/58/34
f 239/58/34 242/651/74 249/59/35
f 446/72/56 443/405/986 442/73/57
f 48/77/61 75/707/987 71/75/59
f 71/75/59 67/708/988 55/709/988
f 56/76/60 63/710/989 48/77/61
f 71/75/59 55/709/988 56/76/60
f 83/78/62 105/457/544 96/79/63
f 47/81/65 53/711/990 54/82/66
f 123/84/68 127/693/22 128/692/22
f 123/84/68 128/692/22 124/85/22
f 133/447/22 126/448/22 122/712/68
f 133/447/22 122/712/68 123/84/68
f 129/691/22 2/495/22 132/86/22
f 125/713/22 129/691/22 132/86/22
f 132/86/22 133/447/22 123/84/68
f 124/85/22 125/713/22 132/86/22
f 121/87/1 120/96/1 40/88/1
f 483/90/69 484/627/796 474/91/70
f 37/97/74 160/93/74 6/95/74
f 722/127/111 700/714/991 702/128/112
f 229/715/74 230/716/74 236/155/74
f 236/155/74 226/115/74 219/717/74
f 219/717/74 225/718/74 224/156/74
f 224/156/74 234/515/74 235/157/74
f 235/157/74 229/715/74 236/155/74
f 236/155/74 219/717/74 224/156/74
f 217/137/142 214/136/992 213/158/143
f 324/160/145 323/242/993 321/161/146
f 296/163/149 282/205/994 280/164/150
f 293/166/152 294/719/995 296/163/153
f 49/167/155 81/536/996 48/168/156
f 222/427/1 233/509/1 228/170/1
f 228/170/1 227/720/1 231/721/1
f 231/721/1 232/506/1 220/171/1
f 220/171/1 221/722/1 223/172/1
f 223/172/1 222/427/1 228/170/1
f 228/170/1 231/721/1 220/171/1
f 255/163/158 241/205/997 239/164/159
f 584/175/163 592/635/998 593/173/161
f 593/173/161 594/369/999 576/174/162
f 820/187/168 821/228/1000 828/188/169
f 669/193/174 670/664/74 672/194/175
f 290/201/182 285/723/1001 318/202/183
f 177/141/92 166/100/1002 162/99/185
f 243/204/187 242/437/1003 239/164/188
f 245/206/190 251/724/1004 248/207/191
f 258/10/7 253/687/7 252/11/7
f 47/208/193 76/725/1005 72/209/194
f 331/214/197 325/249/1006 326/215/198
f 100/71/55 111/70/54 108/217/200
f 335/218/202 337/250/1007 338/219/203
f 252/166/205 253/719/1008 255/163/206
f 324/221/208 328/265/1009 327/222/209
f 303/224/211 307/552/1010 283/651/1011
f 283/651/1011 289/726/1 318/706/1012
f 318/706/1012 279/704/1 297/225/212
f 297/225/212 298/466/1 293/727/1
f 295/183/1013 310/728/1014 309/226/213
f 297/225/212 293/727/1 295/183/1013
f 303/224/211 283/651/1011 318/706/1012
f 309/226/213 313/551/1015 303/224/211
f 297/225/212 295/183/1013 309/226/213
f 303/224/211 318/706/1012 297/225/212
f 814/729/1016 808/420/1017 818/227/214
f 818/227/214 817/678/1018 804/187/215
f 805/228/216 814/729/1016 818/227/214
f 804/187/217 810/189/1019 809/188/218
f 417/230/222 412/272/1020 411/231/223
f 106/68/225 131/469/1021 34/233/226
f 344/160/233 342/162/147 341/161/234
f 346/243/236 339/256/265 340/244/237
f 398/219/239 397/250/1022 389/246/240
f 347/222/242 348/265/1023 344/221/243
f 351/214/246 354/216/1024 346/215/247
f 357/218/249 355/220/1025 358/219/250
f 364/160/236 362/162/265 361/161/237
f 366/243/233 359/256/147 360/244/234
f 73/251/252 45/27/252 44/26/252
f 367/222/253 368/265/1026 364/221/254
f 775/253/1 793/264/1 781/254/1
f 371/214/257 374/216/1027 366/215/258
f 377/218/260 375/220/1028 378/219/261
f 384/160/263 383/242/1029 381/161/264
f 386/243/145 385/245/993 380/244/146
f 57/257/74 59/519/74 61/258/74
f 384/221/266 388/265/1030 387/222/267
f 391/214/270 385/249/1031 386/215/271
f 395/218/273 397/250/1032 398/219/274
f 529/730/1 530/731/1 499/261/1
f 499/261/1 501/345/1 498/732/1
f 495/262/1 503/419/1033 523/733/1034
f 495/262/1 523/733/1034 524/734/1
f 499/261/1 498/732/1 495/262/1
f 528/735/1 529/730/1 499/261/1
f 527/660/1 528/735/1 499/261/1
f 495/262/1 524/734/1 525/655/1
f 526/260/1 527/660/1 499/261/1
f 495/262/1 525/655/1 526/260/1
f 326/243/263 325/245/1029 320/244/264
f 759/263/276 756/736/1035 739/253/277
f 348/265/279 347/222/1036 349/246/280
f 50/276/292 72/737/1037 76/274/290
f 76/274/290 47/738/1038 48/77/1039
f 48/77/1039 63/710/1040 64/739/1041
f 64/739/1041 58/740/1042 57/741/1042
f 68/275/291 67/708/1043 71/75/1044
f 64/739/1041 57/741/1042 68/275/291
f 76/274/290 48/77/1039 64/739/1041
f 71/75/1044 81/742/1045 50/276/292
f 76/274/290 64/739/1041 68/275/291
f 68/275/291 71/75/1044 50/276/292
f 679/302/321 660/402/496 685/303/322
f 81/307/330 52/14/1046 51/308/331
f 491/311/336 490/631/801 488/312/337
f 625/261/361 620/418/1047 618/174/362
f 421/341/366 420/743/745 424/339/364
f 424/339/364 423/744/1048 422/340/365
f 645/357/373 622/745/1049 637/358/374
f 107/51/51 106/68/1050 104/56/376
f 238/704/1051 256/225/1052 264/176/384
f 264/176/384 271/746/1053 266/368/385
f 266/368/385 261/57/1054 269/367/383
f 269/367/383 238/704/1051 264/176/384
f 510/369/392 508/635/1055 500/175/393
f 775/253/402 792/736/1035 795/263/403
f 774/128/405 772/714/1056 794/127/406
f 789/375/409 795/374/1057 792/377/410
f 770/379/413 799/391/439 771/380/414
f 413/382/289 401/575/725 400/267/416
f 729/372/413 697/370/439 725/384/414
f 739/253/74 743/255/74 745/254/74
f 787/302/421 768/402/449 793/303/422
f 667/253/426 684/736/1058 687/263/427
f 758/127/429 736/714/1056 738/128/430
f 752/387/432 760/401/1059 738/393/433
f 753/375/435 754/378/1060 756/377/436
f 763/395/414 734/668/415 762/396/413
f 823/398/22 824/414/22 834/399/22
f 765/372/440 733/370/627 761/384/441
f 751/302/447 759/263/1061 757/303/448
f 723/263/453 720/736/1058 703/253/454
f 666/128/456 664/714/991 686/127/457
f 788/387/459 791/394/1062 774/393/460
f 681/375/462 687/374/1063 684/377/463
f 662/379/440 691/391/627 663/380/441
f 703/253/1 707/255/1 709/254/1
f 801/372/466 800/385/1064 797/384/467
f 680/387/477 683/394/1065 666/393/478
f 443/405/480 446/72/1066 450/406/481
f 693/372/484 692/385/1067 689/384/485
f 746/407/487 737/747/1062 748/748/1068
f 746/407/487 748/748/1068 750/637/1069
f 747/749/74 736/714/74 758/403/489
f 746/407/487 750/637/1069 749/408/488
f 749/408/488 747/749/74 758/403/489
f 715/302/494 723/263/1070 721/303/495
f 73/169/22 46/671/22 74/411/22
f 815/7/74 808/750/74 814/8/74
f 807/414/500 813/398/1071 806/400/501
f 572/731/1072 541/261/1073 536/418/74
f 536/418/74 547/643/74 548/348/74
f 545/419/74 565/733/74 564/751/74
f 545/419/74 564/751/74 563/752/74
f 536/418/74 548/348/74 545/419/74
f 573/753/74 572/731/1072 536/418/74
f 574/754/74 573/753/74 536/418/74
f 545/419/74 563/752/74 562/755/74
f 575/417/74 574/754/74 536/418/74
f 545/419/74 562/755/74 575/417/74
f 808/420/503 815/756/503 807/414/503
f 185/100/504 181/118/1074 195/143/505
f 769/421/22 797/654/22 789/422/22
f 464/424/506 465/605/770 458/425/507
f 183/427/509 187/115/1075 200/116/510
f 561/357/1076 535/540/1077 544/428/511
f 544/428/511 558/539/512 559/429/512
f 560/430/512 561/357/1076 544/428/511
f 717/375/513 718/378/1078 720/377/514
f 44/26/516 79/690/1079 47/431/517
f 88/42/521 87/39/1080 110/66/1081
f 102/65/519 94/67/1082 84/41/520
f 88/42/521 110/66/1081 102/65/519
f 636/369/522 634/635/1083 626/175/523
f 243/204/529 248/207/1084 251/724/1085
f 243/204/529 251/724/1085 246/757/1086
f 250/546/1087 249/547/1088 242/437/531
f 243/204/529 246/757/1086 247/436/530
f 247/436/530 250/546/1087 242/437/531
f 77/758/1089 161/759/7 41/438/532
f 41/438/532 80/461/1090 48/460/1091
f 54/760/1092 63/761/7 56/18/7
f 41/438/532 48/460/1091 54/760/1092
f 52/762/1093 81/543/1094 77/758/1089
f 55/16/7 67/763/7 52/762/1093
f 70/764/7 55/16/7 52/762/1093
f 52/762/1093 77/758/1089 41/438/532
f 41/438/532 54/760/1092 56/18/7
f 41/438/532 56/18/7 66/765/1095
f 70/764/7 52/762/1093 41/438/532
f 61/439/7 70/764/7 41/438/532
f 41/438/532 66/765/1095 62/17/7
f 8/442/22 12/766/22 13/767/22
f 8/442/22 13/767/22 9/443/22
f 18/440/22 11/441/22 7/768/22
f 18/440/22 7/768/22 8/442/22
f 14/769/22 82/493/22 17/444/22
f 10/770/22 14/769/22 17/444/22
f 17/444/22 18/440/22 8/442/22
f 9/443/22 10/770/22 17/444/22
f 817/445/534 818/771/1096 819/446/535
f 78/449/74 77/772/74 43/31/74
f 143/773/22 139/696/22 138/695/22
f 143/773/22 138/695/22 142/774/22
f 155/492/22 140/697/22 144/775/22
f 143/773/22 142/774/22 141/452/22
f 145/453/22 155/492/22 144/775/22
f 145/453/22 144/775/22 143/773/22
f 141/452/22 137/451/22 146/450/22
f 145/453/22 143/773/22 141/452/22
f 45/459/547 73/776/1097 48/460/548
f 31/498/22 149/497/22 26/777/22
f 31/498/22 26/777/22 30/778/22
f 27/779/22 23/434/22 32/433/22
f 25/780/22 24/781/22 28/463/22
f 28/463/22 27/779/22 32/433/22
f 32/433/22 31/498/22 30/778/22
f 29/462/22 25/780/22 28/463/22
f 32/433/22 30/778/22 29/462/22
f 35/464/22 36/488/22 120/96/22
f 254/183/550 263/527/1098 264/465/551
f 264/465/551 256/225/1099 257/466/552
f 257/466/552 252/727/74 254/183/550
f 131/469/22 130/494/22 77/467/22
f 77/467/22 78/496/22 33/468/22
f 33/468/22 34/233/22 131/469/22
f 134/470/22 1/486/22 135/471/22
f 79/475/22 80/489/22 147/473/22
f 147/473/22 148/487/22 16/474/22
f 16/474/22 15/94/22 79/475/22
f 38/476/1 22/499/1 21/43/1
f 155/480/554 39/782/553 40/478/553
f 40/478/553 2/783/553 112/479/553
f 112/479/553 154/701/22 155/480/554
f 60/481/5 59/568/5 57/482/5
f 39/491/74 136/472/74 135/471/74
f 424/500/581 418/586/1100 412/277/582
f 234/141/584 224/144/599 220/142/585
f 485/501/351 478/621/787 477/502/587
f 167/505/1 166/156/1 177/784/1
f 177/784/1 178/785/1 172/504/1
f 172/504/1 173/786/1 179/787/1
f 179/787/1 180/116/1 168/115/1
f 168/115/1 169/788/1 167/505/1
f 167/505/1 177/784/1 172/504/1
f 172/504/1 179/787/1 168/115/1
f 171/789/74 174/513/74 175/506/74
f 175/506/74 162/790/74 163/791/74
f 163/791/74 165/792/74 164/427/74
f 164/427/74 176/793/74 170/507/74
f 170/507/74 171/789/74 175/506/74
f 175/506/74 163/791/74 164/427/74
f 211/794/1 212/795/1 202/171/1
f 202/171/1 203/796/1 205/797/1
f 205/797/1 204/517/1 213/509/1
f 213/509/1 214/798/1 209/510/1
f 209/510/1 211/794/1 202/171/1
f 202/171/1 205/797/1 213/509/1
f 186/505/1 185/156/1 198/799/1
f 198/799/1 191/800/1 192/511/1
f 192/511/1 193/801/1 199/787/1
f 199/787/1 200/116/1 187/115/1
f 187/115/1 188/788/1 186/505/1
f 186/505/1 198/799/1 192/511/1
f 192/511/1 199/787/1 187/115/1
f 181/171/74 182/802/74 184/792/74
f 184/792/74 183/427/74 196/512/74
f 196/512/74 197/803/74 190/804/74
f 190/804/74 189/805/74 194/513/74
f 194/513/74 195/506/74 181/171/74
f 181/171/74 184/792/74 196/512/74
f 196/512/74 190/804/74 194/513/74
f 217/806/74 218/159/74 208/514/74
f 208/514/74 201/807/74 207/808/74
f 207/808/74 206/156/74 215/515/74
f 215/515/74 216/809/74 210/516/74
f 210/516/74 217/806/74 208/514/74
f 208/514/74 207/808/74 215/515/74
f 59/519/22 69/689/22 70/22/22
f 286/521/7 285/526/7 288/523/7
f 245/521/5 244/526/5 247/523/5
f 818/227/607 808/420/1101 816/399/608
f 716/387/610 724/401/1102 702/393/611
f 683/529/613 680/662/948 674/390/614
f 332/810/1103 336/220/1104 338/811/1105
f 332/810/1103 338/811/1105 330/812/1106
f 320/813/1107 325/814/1108 331/533/618
f 331/533/618 332/810/1103 330/812/1106
f 328/531/616 324/815/1109 322/532/617
f 331/533/618 330/812/1106 328/531/616
f 322/532/617 320/813/1107 331/533/618
f 438/534/619 439/686/757 426/4/2
f 81/536/621 71/816/1110 75/537/622
f 203/538/624 207/817/1111 201/132/625
f 727/395/441 698/668/442 726/396/440
f 622/745/1112 645/357/1113 644/430/628
f 644/430/628 643/429/22 642/539/629
f 642/539/629 628/428/1114 619/540/630
f 619/540/630 622/745/1112 644/430/628
f 284/204/636 292/567/1115 291/818/1116
f 284/204/636 291/818/1116 287/757/1117
f 290/201/1118 289/203/1119 283/437/638
f 284/204/636 287/757/1117 288/436/637
f 288/436/637 290/201/1118 283/437/638
f 43/542/639 77/758/1120 81/543/640
f 250/546/642 244/723/1121 277/202/643
f 171/106/645 172/108/1122 178/113/91
f 42/33/646 74/819/1123 50/548/647
f 219/147/649 223/146/1124 221/145/650
f 410/549/652 416/269/285 405/268/284
f 204/517/654 208/514/1125 218/159/144
f 314/820/665 315/229/220 305/821/219
f 305/821/219 301/822/856 281/180/1126
f 281/180/1126 292/823/74 284/181/660
f 296/824/1127 294/825/74 299/826/1128
f 299/826/1128 278/827/1129 302/828/1130
f 296/824/1127 299/826/1128 302/828/1130
f 305/821/219 281/180/1126 284/181/660
f 314/820/665 305/821/219 284/181/660
f 296/824/1127 302/828/1130 304/553/657
f 308/555/659 314/820/665 284/181/660
f 282/556/661 296/824/1127 304/553/657
f 304/553/657 308/555/659 284/181/660
f 338/219/662 337/250/1131 329/246/663
f 358/219/1132 355/829/1133 352/810/1134
f 351/533/670 345/814/1135 340/813/1136
f 358/219/1132 352/810/1134 351/533/670
f 350/812/1137 358/219/1132 351/533/670
f 351/533/670 340/813/1136 342/532/671
f 342/532/671 344/815/1138 348/531/672
f 348/531/672 350/812/1137 351/533/670
f 388/265/676 390/247/692 389/246/677
f 329/565/1139 337/830/1140 335/831/1141
f 329/565/1139 335/831/1141 333/564/1142
f 321/161/1143 323/242/1144 327/561/679
f 327/561/679 329/565/1139 333/564/1142
f 334/562/680 326/243/1145 319/256/681
f 327/561/679 333/564/1142 334/562/680
f 319/256/681 321/161/1143 327/561/679
f 334/216/682 333/248/682 332/563/682
f 358/219/684 350/247/664 349/246/685
f 378/219/1146 375/829/1147 372/810/1148
f 371/533/687 365/814/1149 360/813/1150
f 378/219/1146 372/810/1148 371/533/687
f 370/812/1151 378/219/1146 371/533/687
f 371/533/687 360/813/1150 362/532/688
f 362/532/688 364/815/1152 368/531/689
f 368/531/689 370/812/1151 371/533/687
f 368/265/690 367/222/1153 369/246/691
f 347/561/1154 343/242/1155 341/161/693
f 341/161/693 339/256/1156 346/243/1157
f 341/161/693 346/243/1157 354/562/1158
f 349/565/695 347/561/1154 341/161/693
f 357/832/1159 356/830/1160 349/565/695
f 341/161/693 354/562/1158 353/564/694
f 353/564/694 357/832/1159 349/565/695
f 354/216/696 351/214/696 352/563/696
f 378/219/698 370/247/241 369/246/699
f 392/810/1161 396/220/1162 398/811/1163
f 392/810/1161 398/811/1163 390/812/1164
f 380/813/1165 385/814/1166 391/533/702
f 391/533/702 392/810/1161 390/812/1164
f 388/531/680 384/815/1145 382/532/701
f 391/533/702 390/812/1164 388/531/680
f 382/532/701 380/813/1165 391/533/702
f 62/3/22 66/833/22 65/566/22
f 328/265/703 330/247/281 329/246/704
f 367/561/1167 363/242/1168 361/161/706
f 361/161/706 359/256/1169 366/243/1170
f 361/161/706 366/243/1170 374/562/1171
f 369/565/708 367/561/1167 361/161/706
f 377/832/1172 376/830/1173 369/565/708
f 361/161/706 374/562/1171 373/564/707
f 373/564/707 377/832/1172 369/565/708
f 374/216/709 371/214/709 372/563/709
f 286/206/711 291/818/1174 292/567/712
f 65/569/714 58/834/5 64/835/5
f 53/836/1175 47/431/1176 79/690/1177
f 65/569/714 64/835/5 53/836/1175
f 68/837/5 57/482/5 69/838/5
f 78/449/1178 50/548/1179 51/839/1180
f 51/839/1180 68/837/5 69/838/5
f 159/570/5 78/449/1178 51/839/1180
f 79/690/1177 160/840/5 159/570/5
f 53/836/1175 79/690/1177 159/570/5
f 159/570/5 51/839/1180 69/838/5
f 59/568/5 60/481/1181 65/569/714
f 159/570/5 69/838/5 59/568/5
f 65/569/714 53/836/1175 159/570/5
f 669/571/715 668/423/904 681/422/716
f 389/565/1182 397/830/1183 395/831/1184
f 389/565/1182 395/831/1184 393/564/1185
f 381/161/1186 383/242/1187 387/561/718
f 387/561/718 389/565/1182 393/564/1185
f 394/562/616 386/243/1109 379/256/719
f 387/561/718 393/564/1185 394/562/616
f 379/256/719 381/161/1186 387/561/718
f 565/733/1188 545/419/1189 537/262/74
f 537/262/74 540/342/74 543/345/74
f 541/261/74 572/731/74 571/730/74
f 541/261/74 571/730/74 570/735/74
f 537/262/74 543/345/74 541/261/74
f 566/734/74 565/733/1188 537/262/74
f 567/655/74 566/734/74 537/262/74
f 541/261/74 570/735/74 569/660/74
f 568/260/74 567/655/74 537/262/74
f 541/261/74 569/660/74 568/260/74
f 394/216/720 393/248/720 392/563/720
f 231/150/723 235/149/1190 234/140/584
f 82/493/1191 14/769/22 13/767/1192
f 13/767/1192 12/766/22 11/441/1193
f 11/441/1193 87/39/1194 85/80/729
f 85/80/729 96/841/1195 104/56/1196
f 104/56/1196 23/434/1197 24/781/1197
f 25/780/1198 26/777/22 149/659/1199
f 104/56/1196 24/781/1197 25/780/1198
f 13/767/1192 11/441/1193 85/80/729
f 115/580/731 114/842/22 82/493/1191
f 82/493/1191 13/767/1192 85/80/729
f 104/56/1196 25/780/1198 149/659/1199
f 149/659/1199 117/843/22 119/579/730
f 119/579/730 118/844/22 116/845/22
f 116/845/22 150/658/22 113/846/22
f 115/580/731 82/493/1191 85/80/729
f 116/845/22 113/846/22 115/580/731
f 104/56/1196 149/659/1199 119/579/730
f 119/579/730 116/845/22 115/580/731
f 85/80/729 104/56/1196 119/579/730
f 206/144/741 207/817/1200 203/538/742
f 87/39/749 16/474/1201 148/487/750
f 284/204/771 283/437/1202 280/164/772
f 107/51/789 101/50/1203 99/61/790
f 265/190/171 270/192/173 272/847/1204
f 260/848/1205 237/827/1206 240/180/793
f 265/190/171 272/847/1204 260/848/1205
f 259/625/794 275/191/172 265/190/171
f 265/190/171 260/848/1205 240/180/793
f 414/636/726 415/583/1207 409/578/728
f 676/748/1208 665/747/612 674/407/806
f 686/667/1209 664/714/74 675/749/74
f 686/667/1209 675/749/74 677/408/807
f 678/637/808 676/748/1208 674/407/806
f 674/407/806 686/667/1209 677/408/807
f 237/827/1210 260/849/1211 272/847/1212
f 237/827/1210 272/847/1212 267/638/809
f 253/825/1 258/826/1 237/827/1210
f 243/181/811 241/556/1 255/824/1213
f 255/824/1213 253/825/1 237/827/1210
f 255/824/1213 237/827/1210 267/638/809
f 275/191/1214 259/179/1215 243/181/811
f 268/639/810 275/191/1214 243/181/811
f 243/181/811 255/824/1213 267/638/809
f 511/358/1216 507/850/1217 504/646/819
f 504/646/819 503/419/1218 495/262/1219
f 495/262/1219 516/539/22 512/656/1220
f 513/647/820 517/429/22 518/430/22
f 504/646/819 495/262/1219 512/656/1220
f 513/647/820 518/430/22 514/652/1042
f 504/646/819 512/656/1220 513/647/820
f 515/359/821 511/358/1216 504/646/819
f 513/647/820 514/652/1042 515/359/821
f 829/19/822 827/410/1221 828/416/823
f 648/751/74 649/733/74 629/419/74
f 629/419/74 632/348/74 631/643/74
f 620/418/74 625/261/1222 656/731/1223
f 620/418/74 656/731/1223 657/753/74
f 629/419/74 631/643/74 620/418/74
f 647/752/74 648/751/74 629/419/74
f 646/755/74 647/752/74 629/419/74
f 620/418/74 657/753/74 658/754/74
f 659/417/74 646/755/74 629/419/74
f 620/418/74 658/754/74 659/417/74
f 54/82/828 53/711/828 64/648/828
f 283/651/830 307/552/656 306/650/667
f 306/650/667 310/728/228 295/183/829
f 295/183/829 280/851/1 283/651/830
f 553/358/833 538/745/1224 535/540/831
f 535/540/831 561/357/1225 557/359/832
f 545/419/836 546/646/1226 549/850/1227
f 549/850/1227 553/358/1228 557/359/1229
f 556/652/834 560/430/22 559/429/22
f 549/850/1227 557/359/1229 556/652/834
f 558/539/1230 537/262/1231 545/419/836
f 554/656/1232 558/539/1230 545/419/836
f 545/419/836 549/850/1227 556/652/834
f 556/652/834 559/429/22 555/647/835
f 555/647/835 554/656/1232 545/419/836
f 603/357/1233 577/540/1234 586/428/844
f 586/428/844 600/539/845 601/429/845
f 602/430/845 603/357/1233 586/428/844
f 614/731/1235 583/261/1236 578/418/1
f 578/418/1 589/643/1 590/348/1
f 587/419/1 607/733/1 606/751/1
f 587/419/1 606/751/1 605/752/1
f 578/418/1 590/348/1 587/419/1
f 615/753/1 614/731/1235 578/418/1
f 616/754/1 615/753/1 578/418/1
f 587/419/1 605/752/1 604/755/1
f 617/417/1 616/754/1 578/418/1
f 587/419/1 604/755/1 617/417/1
f 733/421/22 740/423/22 753/422/22
f 579/262/1 582/342/1 585/345/1
f 583/261/1 614/731/1 613/730/1
f 583/261/1 613/730/1 612/735/1
f 579/262/1 585/345/1 583/261/1
f 607/733/1034 587/419/1033 579/262/1
f 608/734/1 607/733/1034 579/262/1
f 583/261/1 612/735/1 611/660/1
f 583/261/1 611/660/1 610/260/1
f 609/655/1 608/734/1 579/262/1
f 579/262/1 583/261/1 610/260/1
f 542/175/851 550/635/1237 551/173/849
f 551/173/849 552/369/1238 534/174/850
f 595/358/854 580/745/1239 577/540/852
f 577/540/852 603/357/1240 599/359/853
f 317/554/658 304/553/657 302/828/1130
f 302/828/1130 278/827/1129 281/180/1126
f 301/213/856 300/212/221 315/557/220
f 302/828/1130 281/180/1126 301/213/856
f 312/185/666 311/239/1241 317/554/658
f 317/554/658 302/828/1130 301/213/856
f 315/557/220 312/185/666 317/554/658
f 596/656/864 600/539/22 579/262/1242
f 579/262/1242 587/419/1243 588/646/865
f 588/646/865 591/850/1244 595/358/1245
f 595/358/1245 599/359/1246 598/652/1247
f 598/652/1247 602/430/22 601/429/22
f 598/652/1247 601/429/22 597/647/863
f 588/646/865 595/358/1245 598/652/1247
f 596/656/864 579/262/1242 588/646/865
f 588/646/865 598/652/1247 597/647/863
f 149/659/867 38/852/866 37/657/866
f 37/657/866 82/853/866 150/658/866
f 150/658/866 116/845/1248 149/659/867
f 627/345/74 624/732/74 621/262/74
f 621/262/74 629/419/1189 649/733/1188
f 621/262/74 649/733/1188 650/734/74
f 625/261/74 627/345/74 621/262/74
f 655/730/74 656/731/74 625/261/74
f 654/735/74 655/730/74 625/261/74
f 621/262/74 650/734/74 651/655/74
f 621/262/74 651/655/74 652/260/1249
f 653/660/74 654/735/74 625/261/74
f 621/262/74 652/260/1249 653/660/74
f 499/261/870 494/418/1250 492/174/871
f 496/745/1251 519/357/1252 518/430/873
f 518/430/873 517/429/22 516/539/874
f 516/539/874 502/428/1253 493/540/875
f 493/540/875 496/745/1251 518/430/873
f 519/357/876 496/745/1254 511/358/877
f 637/358/1255 633/850/1256 630/646/886
f 630/646/886 629/419/1257 621/262/1258
f 621/262/1258 642/539/22 638/656/1259
f 639/647/887 643/429/22 644/430/22
f 630/646/886 621/262/1258 638/656/1259
f 639/647/887 644/430/22 640/652/1042
f 630/646/886 638/656/1259 639/647/887
f 641/359/888 637/358/1255 630/646/886
f 639/647/887 640/652/1042 641/359/888
f 522/751/1 523/733/1 503/419/1
f 503/419/1 506/348/1 505/643/1
f 494/418/1 499/261/1260 530/731/1261
f 494/418/1 530/731/1261 531/753/1
f 503/419/1 505/643/1 494/418/1
f 521/752/1 522/751/1 503/419/1
f 520/755/1 521/752/1 503/419/1
f 494/418/1 531/753/1 532/754/1
f 533/417/1 520/755/1 503/419/1
f 494/418/1 532/754/1 533/417/1
f 784/748/1262 773/747/434 782/407/889
f 794/667/1263 772/714/1 783/749/1
f 794/667/1263 783/749/1 785/408/890
f 786/637/891 784/748/1262 782/407/889
f 782/407/889 794/667/1263 785/408/890
f 710/407/892 701/747/1065 712/748/1264
f 710/407/892 712/748/1264 714/637/1265
f 711/749/1 700/714/1 722/403/894
f 710/407/892 714/637/1265 713/408/893
f 713/408/893 711/749/1 722/403/894
f 691/661/22 674/390/22 680/662/22
f 705/193/896 704/195/1266 708/194/897
f 735/665/22 752/662/22 746/390/22
f 791/529/899 788/662/918 782/390/900
f 705/571/902 718/572/1267 717/422/903
f 661/421/22 689/654/22 681/422/22
f 741/193/913 740/195/1268 744/194/914
f 755/529/916 737/530/1269 746/390/917
f 741/571/919 754/572/1270 753/422/920
f 699/665/22 716/662/22 710/390/22
f 799/661/22 782/390/22 788/662/22
f 697/421/22 704/423/22 717/422/22
f 777/193/929 778/664/1 780/194/930
f 471/669/340 470/616/344 468/618/782
f 777/571/933 776/423/921 789/422/934
f 667/253/74 685/264/74 673/254/74
f 5/98/22 6/95/22 4/485/22
f 46/671/942 47/208/1271 50/210/943
f 719/529/946 701/530/1272 710/390/947
f 833/672/956 825/771/1273 835/409/957
f 825/227/962 833/528/1274 834/399/963
f 825/227/967 826/677/1275 831/729/1276
f 821/228/965 820/187/1277 835/678/966
f 825/227/967 831/729/1276 821/228/965
f 447/681/334 450/854/767 449/679/766
f 449/679/766 448/855/1278 445/680/335
f 65/566/971 66/833/971 56/683/971
f 824/414/503 832/756/503 826/677/503
