# Blender 5.1.2
# www.blender.org
mtllib WE6_nose_bogie_LOD1.mtl
o NoseBogieLOD1Export
g WE6_nose_bogie_LOD1
v 1.199999 0.897571 -1.182404
v 1.199999 0.897571 -1.992405
v 1.199999 0.897571 -0.932405
v 0.850000 0.897571 1.992408
v -0.850002 0.897571 -2.175686
v 1.199997 0.897571 1.992408
v 1.199997 0.897571 0.932407
v 0.850000 0.897571 0.932407
v 0.850000 0.897571 -2.175687
v 1.199997 0.897571 1.742408
v 1.199997 0.897571 1.182408
v 0.850000 0.897571 1.742408
v 0.850000 0.897571 1.182408
v 1.117998 0.897571 2.002310
v 1.087999 0.897571 2.002310
v 0.962000 0.897571 2.002310
v 0.931999 0.897571 2.002310
v 1.117998 0.897571 2.155643
v 1.087999 0.897571 2.155643
v 0.962000 0.897571 2.155647
v 0.931999 0.897571 2.155643
v 0.870000 0.897571 1.992408
v 1.179999 0.897571 1.992408
v 1.179999 0.897571 0.932407
v 0.870000 0.897571 0.932407
v 1.179999 0.897571 0.942407
v 0.870000 0.897571 0.942407
v 0.870000 0.897571 1.982408
v 1.179999 0.897571 1.982408
v -0.850004 0.897571 0.932406
v -1.200002 0.897571 0.932406
v -1.200002 0.897571 1.992406
v -0.850004 0.897571 1.992406
v -1.200002 0.897571 1.182405
v -1.200002 0.897571 1.742405
v -0.850004 0.897571 1.182405
v -0.850004 0.897571 1.742406
v -1.118002 0.897571 2.155634
v -1.088003 0.897571 2.155635
v -0.962004 0.897571 2.155635
v -0.932003 0.897571 2.155634
v -1.118002 0.897571 2.002301
v -1.088003 0.897571 2.002301
v -0.962004 0.897571 2.002297
v -0.932003 0.897571 2.002301
v -0.870004 0.897571 0.932406
v -1.180003 0.897571 0.932406
v -1.180003 0.897571 1.992406
v -0.870004 0.897571 1.992406
v -1.180003 0.897571 1.982406
v -0.870004 0.897571 1.982406
v -0.870004 0.897571 0.942406
v -1.180003 0.897571 0.942406
v -1.200000 0.897571 -1.182407
v -1.200000 0.897571 -1.742407
v 0.850000 1.225000 2.175683
v -0.850002 1.225000 2.175684
v 0.850000 1.225000 -2.175686
v -0.850002 1.225000 -2.175686
v 0.850000 1.225001 -0.074990
v -0.850002 0.279690 0.074988
v -0.850002 0.279690 -0.074992
v 0.850000 0.279690 0.074988
v 0.850000 0.279690 -0.074992
v 0.700000 0.149690 0.074988
v 0.700000 0.149690 -0.074992
v 0.700000 0.299690 0.074988
v 0.700000 0.299690 -0.074992
v -0.700002 0.299690 -0.074992
v -0.700002 0.149690 -0.074992
v -0.700002 0.149690 0.074988
v -0.700002 0.299690 0.074988
v -0.700002 0.897571 0.074988
v -0.700002 0.897571 -0.074992
v 0.700000 0.897571 0.074988
v 0.700000 0.897571 -0.074992
v -0.075001 0.299690 -0.074996
v 0.074999 0.299690 -0.074996
v -0.075001 0.299690 0.074984
v 0.074999 0.299690 0.074984
v -0.075001 0.897571 0.074984
v 0.074999 0.897571 0.074984
v -0.075001 0.897571 -0.074996
v 0.074999 0.897571 -0.074996
v 0.224999 0.299690 -0.074996
v 0.224999 0.299690 0.074984
v 0.549999 0.897571 0.074984
v 0.549999 0.897571 -0.074996
v -0.225001 0.299690 -0.074994
v -0.225001 0.299690 0.074986
v -0.550001 0.897571 0.074986
v -0.550001 0.897571 -0.074994
v 0.541632 0.299690 -0.274309
v 0.541632 0.299690 0.274314
v -0.541634 0.299690 -0.274309
v -0.541634 0.299690 0.274314
v -0.700002 0.149690 -0.115685
v 0.700000 0.149690 -0.115685
v 0.700000 0.149690 0.114313
v -0.700002 0.149690 0.114313
v 0.541632 0.269690 -0.274309
v -0.541634 0.269690 -0.274309
v 0.541632 0.269690 0.274314
v -0.541634 0.269690 0.274314
v -0.700002 0.269690 -0.115685
v 0.700000 0.269690 0.114313
v 0.700000 0.269690 -0.115685
v -0.700002 0.269690 0.114313
v -0.850002 0.897571 -0.074992
v -0.850002 0.897571 0.074988
v 0.850000 0.897571 0.074988
v 0.850000 0.897571 -0.074992
v -0.700002 0.299690 -0.115686
v -0.700002 0.299690 0.114314
v 0.700000 0.299690 -0.115686
v 0.700000 0.299690 0.114314
v -0.850003 0.897571 2.175683
v 0.850000 0.897571 2.175684
v 1.199997 0.897571 2.195930
v 0.870245 0.897571 2.525682
v 1.188761 0.897571 2.281276
v 1.155819 0.897571 2.360806
v 1.103415 0.897571 2.429100
v 1.035121 0.897571 2.481503
v 0.955591 0.897571 2.514446
v 0.870245 1.225000 2.525682
v 1.199997 1.225000 2.195930
v 0.955591 1.225000 2.514446
v 1.035121 1.225000 2.481503
v 1.103415 1.225000 2.429100
v 1.155819 1.225000 2.360806
v 1.188761 1.225000 2.281276
v 0.869055 0.917571 2.525682
v 1.199997 0.917571 2.194739
v 0.954709 0.917571 2.514405
v 1.034526 0.917571 2.481344
v 1.103066 0.917571 2.428751
v 1.155659 0.917571 2.360211
v 1.188721 0.917571 2.280394
v 1.199997 1.205000 2.194739
v 0.869055 1.205000 2.525682
v 1.188721 1.205000 2.280394
v 1.155659 1.205000 2.360211
v 1.103066 1.205000 2.428751
v 1.034526 1.205000 2.481344
v 0.954709 1.205000 2.514405
v 1.189997 0.917571 2.183617
v 0.857932 0.917571 2.515682
v 1.178683 0.917571 2.269562
v 1.145509 0.917571 2.349649
v 1.092738 0.917571 2.418422
v 1.023965 0.917571 2.471194
v 0.943877 0.917571 2.504367
v 1.189997 1.205000 2.183617
v 0.857932 1.205000 2.515682
v 1.178683 1.205000 2.269562
v 1.145509 1.205000 2.349649
v 1.092738 1.205000 2.418422
v 1.023965 1.205000 2.471194
v 0.943877 1.205000 2.504367
v -1.200001 1.225000 2.195930
v -0.870249 1.225000 2.525682
v -1.188765 1.225000 2.281276
v -1.155823 1.225000 2.360806
v -1.103419 1.225000 2.429100
v -1.035125 1.225000 2.481503
v -0.955595 1.225000 2.514446
v -0.870249 1.225000 -2.525686
v -1.200001 1.225000 -2.195933
v -0.955595 1.225000 -2.514450
v -1.035125 1.225000 -2.481507
v -1.103419 1.225000 -2.429104
v -1.155823 1.225000 -2.360810
v -1.188765 1.225000 -2.281280
v 1.199997 1.225000 -2.195933
v 0.870245 1.225000 -2.525686
v 1.188761 1.225000 -2.281280
v 1.155819 1.225000 -2.360810
v 1.103415 1.225000 -2.429104
v 1.035121 1.225000 -2.481507
v 0.955591 1.225000 -2.514450
v 0.870245 0.897571 -2.525686
v 1.199997 0.897571 -2.195933
v 0.955591 0.897571 -2.514450
v 1.035121 0.897571 -2.481507
v 1.103415 0.897571 -2.429104
v 1.155819 0.897571 -2.360810
v 1.188761 0.897571 -2.281280
v -1.200001 0.897571 -2.195933
v -0.870249 0.897571 -2.525686
v -1.188765 0.897571 -2.281280
v -1.155823 0.897571 -2.360810
v -1.103419 0.897571 -2.429104
v -1.035125 0.897571 -2.481507
v -0.955595 0.897571 -2.514450
v -0.870249 0.897571 2.525682
v -1.200001 0.897571 2.195930
v -0.955595 0.897571 2.514446
v -1.035125 0.897571 2.481503
v -1.103419 0.897571 2.429100
v -1.155823 0.897571 2.360806
v -1.188765 0.897571 2.281276
v -1.200001 0.917571 2.194739
v -0.869059 0.917571 2.525682
v -1.188725 0.917571 2.280394
v -1.155663 0.917571 2.360211
v -1.103070 0.917571 2.428751
v -1.034530 0.917571 2.481344
v -0.954713 0.917571 2.514405
v -1.200001 1.205000 2.194739
v -0.869059 1.205000 2.525682
v -1.188725 1.205000 2.280394
v -1.155663 1.205000 2.360211
v -1.103070 1.205000 2.428751
v -1.034530 1.205000 2.481344
v -0.954713 1.205000 2.514405
v -0.869059 0.917571 -2.525691
v -1.200001 0.917571 -2.194743
v -0.954713 0.917571 -2.514409
v -1.034530 0.917571 -2.481348
v -1.103070 0.917571 -2.428755
v -1.155663 0.917571 -2.360214
v -1.188725 0.917571 -2.280397
v -0.869059 1.205000 -2.525686
v -1.200001 1.205000 -2.194743
v -0.954713 1.205000 -2.514409
v -1.034530 1.205000 -2.481348
v -1.103070 1.205000 -2.428755
v -1.155663 1.205000 -2.360214
v -1.188725 1.205000 -2.280397
v 1.199997 0.917571 -2.194743
v 0.869055 0.917571 -2.525686
v 1.188721 0.917571 -2.280397
v 1.155659 0.917571 -2.360214
v 1.103066 0.917571 -2.428755
v 1.034526 0.917571 -2.481348
v 0.954709 0.917571 -2.514409
v 0.869055 1.205000 -2.525686
v 1.199997 1.205000 -2.194743
v 0.954709 1.205000 -2.514409
v 1.034526 1.205000 -2.481348
v 1.103066 1.205000 -2.428755
v 1.155659 1.205000 -2.360214
v 1.188721 1.205000 -2.280397
v -0.857936 0.917571 2.515682
v -1.190001 0.917571 2.183617
v -0.943881 0.917571 2.504367
v -1.023969 0.917571 2.471194
v -1.092741 0.917571 2.418422
v -1.145513 0.917571 2.349649
v -1.178686 0.917571 2.269562
v -0.857936 1.205000 2.515682
v -1.190001 1.205000 2.183617
v -0.943881 1.205000 2.504367
v -1.023969 1.205000 2.471194
v -1.092741 1.205000 2.418422
v -1.145513 1.205000 2.349649
v -1.178686 1.205000 2.269562
v -1.190001 0.917571 -2.183620
v -0.857936 0.917571 -2.515686
v -1.178686 0.917571 -2.269566
v -1.145513 0.917571 -2.349653
v -1.092741 0.917571 -2.418426
v -1.023969 0.917571 -2.471198
v -0.943881 0.917571 -2.504371
v -1.190001 1.205000 -2.183620
v -0.857936 1.205000 -2.515686
v -1.178686 1.205000 -2.269566
v -1.145513 1.205000 -2.349653
v -1.092741 1.205000 -2.418426
v -1.023969 1.205000 -2.471198
v -0.943881 1.205000 -2.504371
v 0.857932 0.917571 -2.515686
v 1.189997 0.917571 -2.183620
v 0.943877 0.917571 -2.504371
v 1.023965 0.917571 -2.471198
v 1.092738 0.917571 -2.418426
v 1.145509 0.917571 -2.349653
v 1.178683 0.917571 -2.269566
v 1.189997 1.205000 -2.183620
v 0.857932 1.205000 -2.515686
v 1.178683 1.205000 -2.269566
v 1.145509 1.205000 -2.349653
v 1.092738 1.205000 -2.418426
v 1.023965 1.205000 -2.471198
v 0.943877 1.205000 -2.504371
v 0.710558 0.897572 2.175683
v 0.789019 0.897572 2.175683
v 0.789019 0.897572 2.187053
v -0.710560 0.897572 -2.187053
v -0.789021 0.897572 -2.175683
v -0.710560 0.897572 -2.175683
v 0.744841 0.897572 2.187054
v 0.754735 0.897572 2.187054
v 0.744841 0.897572 2.287054
v 0.754735 0.897572 2.287054
v -0.789065 0.897572 2.175683
v -0.710604 0.897572 2.175683
v -0.754782 0.897572 2.187054
v -0.744888 0.897572 2.187054
v -0.754782 0.897572 2.287054
v -0.744888 0.897572 2.287054
v -0.850002 0.897571 -1.992406
v -1.200000 0.897571 -1.992406
v -1.200000 0.897571 -0.932406
v -0.850002 0.897571 -0.932407
v -0.850002 0.897571 -1.742407
v -0.850002 0.897571 -1.182407
v -1.118000 0.897571 -2.002309
v -1.088001 0.897571 -2.002309
v -0.962002 0.897571 -2.002309
v -0.932002 0.897571 -2.002309
v -1.118000 0.897571 -2.155642
v -1.088001 0.897571 -2.155643
v -0.962002 0.897571 -2.155646
v -0.932002 0.897571 -2.155642
v -0.870002 0.897571 -1.992406
v -1.180001 0.897571 -1.992406
v -1.180001 0.897571 -0.932406
v -0.870002 0.897571 -0.932406
v -1.180001 0.897571 -0.942406
v -0.870002 0.897571 -0.942406
v -0.870002 0.897571 -1.982406
v -1.180001 0.897571 -1.982406
v 0.850001 0.897571 -0.932405
v 1.199999 0.897571 -1.742404
v 0.850001 0.897571 -1.992405
v 0.850001 0.897571 -1.182404
v 0.850001 0.897571 -1.742405
v 1.117999 0.897571 -2.155633
v 1.088000 0.897571 -2.155634
v 0.962001 0.897571 -2.155634
v 0.932001 0.897571 -2.155633
v 1.117999 0.897571 -2.002300
v 1.088001 0.897571 -2.002300
v 0.962001 0.897571 -2.002296
v 0.932001 0.897571 -2.002300
v 0.870001 0.897571 -0.932405
v 1.180001 0.897571 -0.932405
v 1.180000 0.897571 -1.992405
v 0.870001 0.897571 -1.992405
v 1.180000 0.897571 -1.982405
v 0.870001 0.897571 -1.982405
v 0.870001 0.897571 -0.942405
v 1.180001 0.897571 -0.942405
v -0.789021 0.897572 -2.187053
v -0.710603 0.897572 2.187054
v -0.789065 0.897572 2.187054
v 0.710558 0.897572 2.187054
v -0.744843 0.897572 -2.187053
v -0.754737 0.897572 -2.187053
v -0.744843 0.897572 -2.287053
v -0.754737 0.897572 -2.287053
v 0.789062 0.897572 -2.175683
v 0.710602 0.897572 -2.175683
v 0.789062 0.897572 -2.187053
v 0.710601 0.897572 -2.187053
v 0.754779 0.897572 -2.187053
v 0.744885 0.897572 -2.187053
v 0.754779 0.897572 -2.287053
v 0.744885 0.897572 -2.287053
v -0.850002 1.225001 0.074989
v 0.850000 1.225001 0.074989
v -0.850002 1.225001 -0.074990
v 1.179999 0.770001 -1.692405
v 1.179999 0.350000 -1.692405
v 0.870001 0.350000 -1.232405
v 0.870001 0.770001 -1.232405
v 0.870001 0.770001 -1.692405
v 0.870001 0.350000 -1.692405
v 1.179999 0.350000 -1.232405
v 1.179999 0.770001 -1.232405
v 1.229999 0.770001 -1.692405
v 1.229999 0.350000 -1.692405
v 1.229999 0.350000 -1.232405
v 1.229999 0.770001 -1.232405
v 0.820001 0.350000 -1.232405
v 0.820001 0.770001 -1.232405
v 0.820001 0.770001 -1.692405
v 0.820001 0.350000 -1.692405
v 1.229999 0.396667 -1.232405
v 1.229999 0.723334 -1.232405
v 1.179999 0.396667 -1.232405
v 1.179999 0.723334 -1.232405
v 1.229999 0.436667 -1.192405
v 1.229999 0.683334 -1.192405
v 1.179999 0.436667 -1.192405
v 1.179999 0.683334 -1.192405
v 1.179999 0.723334 -1.692405
v 1.179999 0.396667 -1.692405
v 1.229999 0.723334 -1.692405
v 1.229999 0.396667 -1.692405
v 1.179999 0.683334 -1.732405
v 1.179999 0.436667 -1.732405
v 1.229999 0.683334 -1.732405
v 1.229999 0.436667 -1.732405
v 0.870001 0.723334 -1.692405
v 0.870001 0.396667 -1.692405
v 0.870001 0.396667 -1.232405
v 0.870001 0.723334 -1.232405
v 0.820001 0.396667 -1.232405
v 0.820001 0.723334 -1.232405
v 0.820001 0.723334 -1.692405
v 0.820001 0.396667 -1.692405
v 0.870001 0.436667 -1.192405
v 0.870001 0.683334 -1.192405
v 0.820001 0.436667 -1.192405
v 0.820001 0.683334 -1.192405
v 0.870001 0.683334 -1.732405
v 0.870001 0.436667 -1.732405
v 0.820001 0.683334 -1.732405
v 0.820001 0.436667 -1.732405
v 1.117999 0.350000 -1.539072
v 1.088000 0.350000 -1.539072
v 0.962001 0.350000 -1.539072
v 0.932001 0.350000 -1.539072
v 1.117999 0.350000 -1.385738
v 1.088001 0.350000 -1.385738
v 0.962001 0.350000 -1.385734
v 0.932001 0.350000 -1.385738
v 1.230000 0.560000 -1.662405
v 1.230000 0.520982 -1.658562
v 1.230000 0.483463 -1.647181
v 1.230000 0.448886 -1.628699
v 1.230000 0.418579 -1.603826
v 1.230000 0.393706 -1.573519
v 1.230000 0.375224 -1.538941
v 1.230000 0.363843 -1.501423
v 1.230000 0.360000 -1.462405
v 1.230000 0.363843 -1.423387
v 1.230000 0.375224 -1.385868
v 1.230000 0.393706 -1.351291
v 1.230000 0.418579 -1.320983
v 1.230000 0.448886 -1.296111
v 1.230000 0.483463 -1.277629
v 1.230000 0.520982 -1.266248
v 1.230000 0.560000 -1.262405
v 1.230000 0.599018 -1.266248
v 1.230000 0.636537 -1.277629
v 1.230000 0.671114 -1.296111
v 1.230000 0.701421 -1.320983
v 1.230000 0.726294 -1.351291
v 1.230000 0.744776 -1.385868
v 1.230000 0.756157 -1.423387
v 1.230000 0.760000 -1.462405
v 1.230000 0.756157 -1.501423
v 1.230000 0.744776 -1.538941
v 1.230000 0.726294 -1.573519
v 1.230000 0.701421 -1.603826
v 1.230000 0.671114 -1.628699
v 1.230000 0.636537 -1.647181
v 1.230000 0.599018 -1.658562
v -1.179999 0.770001 -1.692405
v -1.179999 0.350000 -1.692405
v -0.870001 0.350000 -1.232405
v -0.870001 0.770001 -1.232405
v -0.870001 0.770001 -1.692405
v -0.870001 0.350000 -1.692405
v -1.179999 0.350000 -1.232405
v -1.179999 0.770001 -1.232405
v -1.229999 0.770001 -1.692405
v -1.229999 0.350000 -1.692405
v -1.229999 0.350000 -1.232405
v -1.229999 0.770001 -1.232405
v -0.820001 0.350000 -1.232405
v -0.820001 0.770001 -1.232405
v -0.820001 0.770001 -1.692405
v -0.820001 0.350000 -1.692405
v -1.229999 0.396667 -1.232405
v -1.229999 0.723334 -1.232405
v -1.179999 0.396667 -1.232405
v -1.179999 0.723334 -1.232405
v -1.229999 0.436667 -1.192405
v -1.229999 0.683334 -1.192405
v -1.179999 0.436667 -1.192405
v -1.179999 0.683334 -1.192405
v -1.179999 0.723334 -1.692405
v -1.179999 0.396667 -1.692405
v -1.229999 0.723334 -1.692405
v -1.229999 0.396667 -1.692405
v -1.179999 0.683334 -1.732405
v -1.179999 0.436667 -1.732405
v -1.229999 0.683334 -1.732405
v -1.229999 0.436667 -1.732405
v -0.870001 0.723334 -1.692405
v -0.870001 0.396667 -1.692405
v -0.870001 0.396667 -1.232405
v -0.870001 0.723334 -1.232405
v -0.820001 0.396667 -1.232405
v -0.820001 0.723334 -1.232405
v -0.820001 0.723334 -1.692405
v -0.820001 0.396667 -1.692405
v -0.870001 0.436667 -1.192405
v -0.870001 0.683334 -1.192405
v -0.820001 0.436667 -1.192405
v -0.820001 0.683334 -1.192405
v -0.870001 0.683334 -1.732405
v -0.870001 0.436667 -1.732405
v -0.820001 0.683334 -1.732405
v -0.820001 0.436667 -1.732405
v -1.117999 0.350000 -1.539072
v -1.088000 0.350000 -1.539072
v -0.962001 0.350000 -1.539072
v -0.932001 0.350000 -1.539072
v -1.117999 0.350000 -1.385738
v -1.088001 0.350000 -1.385738
v -0.962001 0.350000 -1.385734
v -0.932001 0.350000 -1.385738
v -1.230000 0.560000 -1.662405
v -1.230000 0.520982 -1.658562
v -1.230000 0.483463 -1.647181
v -1.230000 0.448886 -1.628699
v -1.230000 0.418579 -1.603826
v -1.230000 0.393706 -1.573519
v -1.230000 0.375224 -1.538941
v -1.230000 0.363843 -1.501423
v -1.230000 0.360000 -1.462405
v -1.230000 0.363843 -1.423387
v -1.230000 0.375224 -1.385868
v -1.230000 0.393706 -1.351291
v -1.230000 0.418579 -1.320983
v -1.230000 0.448886 -1.296111
v -1.230000 0.483463 -1.277629
v -1.230000 0.520982 -1.266248
v -1.230000 0.560000 -1.262405
v -1.230000 0.599018 -1.266248
v -1.230000 0.636537 -1.277629
v -1.230000 0.671114 -1.296111
v -1.230000 0.701421 -1.320983
v -1.230000 0.726294 -1.351291
v -1.230000 0.744776 -1.385868
v -1.230000 0.756157 -1.423387
v -1.230000 0.760000 -1.462405
v -1.230000 0.756157 -1.501423
v -1.230000 0.744776 -1.538941
v -1.230000 0.726294 -1.573519
v -1.230000 0.701421 -1.603826
v -1.230000 0.671114 -1.628699
v -1.230000 0.636537 -1.647181
v -1.230000 0.599018 -1.658562
v 1.179999 0.770001 1.692405
v 1.179999 0.350000 1.692405
v 0.870001 0.350000 1.232405
v 0.870001 0.770001 1.232405
v 0.870001 0.770001 1.692405
v 0.870001 0.350000 1.692405
v 1.179999 0.350000 1.232405
v 1.179999 0.770001 1.232405
v 1.229999 0.770001 1.692405
v 1.229999 0.350000 1.692405
v 1.229999 0.350000 1.232405
v 1.229999 0.770001 1.232405
v 0.820001 0.350000 1.232405
v 0.820001 0.770001 1.232405
v 0.820001 0.770001 1.692405
v 0.820001 0.350000 1.692405
v 1.229999 0.396667 1.232405
v 1.229999 0.723334 1.232405
v 1.179999 0.396667 1.232405
v 1.179999 0.723334 1.232405
v 1.229999 0.436667 1.192405
v 1.229999 0.683334 1.192405
v 1.179999 0.436667 1.192405
v 1.179999 0.683334 1.192405
v 1.179999 0.723334 1.692405
v 1.179999 0.396667 1.692405
v 1.229999 0.723334 1.692405
v 1.229999 0.396667 1.692405
v 1.179999 0.683334 1.732405
v 1.179999 0.436667 1.732405
v 1.229999 0.683334 1.732405
v 1.229999 0.436667 1.732405
v 0.870001 0.723334 1.692405
v 0.870001 0.396667 1.692405
v 0.870001 0.396667 1.232405
v 0.870001 0.723334 1.232405
v 0.820001 0.396667 1.232405
v 0.820001 0.723334 1.232405
v 0.820001 0.723334 1.692405
v 0.820001 0.396667 1.692405
v 0.870001 0.436667 1.192405
v 0.870001 0.683334 1.192405
v 0.820001 0.436667 1.192405
v 0.820001 0.683334 1.192405
v 0.870001 0.683334 1.732405
v 0.870001 0.436667 1.732405
v 0.820001 0.683334 1.732405
v 0.820001 0.436667 1.732405
v 1.117999 0.350000 1.539072
v 1.088000 0.350000 1.539072
v 0.962001 0.350000 1.539072
v 0.932001 0.350000 1.539072
v 1.117999 0.350000 1.385738
v 1.088001 0.350000 1.385738
v 0.962001 0.350000 1.385734
v 0.932001 0.350000 1.385738
v 1.230000 0.560000 1.662405
v 1.230000 0.520982 1.658562
v 1.230000 0.483463 1.647181
v 1.230000 0.448886 1.628699
v 1.230000 0.418579 1.603826
v 1.230000 0.393706 1.573519
v 1.230000 0.375224 1.538941
v 1.230000 0.363843 1.501423
v 1.230000 0.360000 1.462405
v 1.230000 0.363843 1.423387
v 1.230000 0.375224 1.385868
v 1.230000 0.393706 1.351291
v 1.230000 0.418579 1.320983
v 1.230000 0.448886 1.296111
v 1.230000 0.483463 1.277629
v 1.230000 0.520982 1.266248
v 1.230000 0.560000 1.262405
v 1.230000 0.599018 1.266248
v 1.230000 0.636537 1.277629
v 1.230000 0.671114 1.296111
v 1.230000 0.701421 1.320983
v 1.230000 0.726294 1.351291
v 1.230000 0.744776 1.385868
v 1.230000 0.756157 1.423387
v 1.230000 0.760000 1.462405
v 1.230000 0.756157 1.501423
v 1.230000 0.744776 1.538941
v 1.230000 0.726294 1.573519
v 1.230000 0.701421 1.603826
v 1.230000 0.671114 1.628699
v 1.230000 0.636537 1.647181
v 1.230000 0.599018 1.658562
v -1.179999 0.770001 1.692405
v -1.179999 0.350000 1.692405
v -0.870001 0.350000 1.232405
v -0.870001 0.770001 1.232405
v -0.870001 0.770001 1.692405
v -0.870001 0.350000 1.692405
v -1.179999 0.350000 1.232405
v -1.179999 0.770001 1.232405
v -1.229999 0.770001 1.692405
v -1.229999 0.350000 1.692405
v -1.229999 0.350000 1.232405
v -1.229999 0.770001 1.232405
v -0.820001 0.350000 1.232405
v -0.820001 0.770001 1.232405
v -0.820001 0.770001 1.692405
v -0.820001 0.350000 1.692405
v -1.229999 0.396667 1.232405
v -1.229999 0.723334 1.232405
v -1.179999 0.396667 1.232405
v -1.179999 0.723334 1.232405
v -1.229999 0.436667 1.192405
v -1.229999 0.683334 1.192405
v -1.179999 0.436667 1.192405
v -1.179999 0.683334 1.192405
v -1.179999 0.723334 1.692405
v -1.179999 0.396667 1.692405
v -1.229999 0.723334 1.692405
v -1.229999 0.396667 1.692405
v -1.179999 0.683334 1.732405
v -1.179999 0.436667 1.732405
v -1.229999 0.683334 1.732405
v -1.229999 0.436667 1.732405
v -0.870001 0.723334 1.692405
v -0.870001 0.396667 1.692405
v -0.870001 0.396667 1.232405
v -0.870001 0.723334 1.232405
v -0.820001 0.396667 1.232405
v -0.820001 0.723334 1.232405
v -0.820001 0.723334 1.692405
v -0.820001 0.396667 1.692405
v -0.870001 0.436667 1.192405
v -0.870001 0.683334 1.192405
v -0.820001 0.436667 1.192405
v -0.820001 0.683334 1.192405
v -0.870001 0.683334 1.732405
v -0.870001 0.436667 1.732405
v -0.820001 0.683334 1.732405
v -0.820001 0.436667 1.732405
v -1.117999 0.350000 1.539072
v -1.088000 0.350000 1.539072
v -0.962001 0.350000 1.539072
v -0.932001 0.350000 1.539072
v -1.117999 0.350000 1.385738
v -1.088001 0.350000 1.385738
v -0.962001 0.350000 1.385734
v -0.932001 0.350000 1.385738
v -1.230000 0.560000 1.662405
v -1.230000 0.520982 1.658562
v -1.230000 0.483463 1.647181
v -1.230000 0.448886 1.628699
v -1.230000 0.418579 1.603826
v -1.230000 0.393706 1.573519
v -1.230000 0.375224 1.538941
v -1.230000 0.363843 1.501423
v -1.230000 0.360000 1.462405
v -1.230000 0.363843 1.423387
v -1.230000 0.375224 1.385868
v -1.230000 0.393706 1.351291
v -1.230000 0.418579 1.320983
v -1.230000 0.448886 1.296111
v -1.230000 0.483463 1.277629
v -1.230000 0.520982 1.266248
v -1.230000 0.560000 1.262405
v -1.230000 0.599018 1.266248
v -1.230000 0.636537 1.277629
v -1.230000 0.671114 1.296111
v -1.230000 0.701421 1.320983
v -1.230000 0.726294 1.351291
v -1.230000 0.744776 1.385868
v -1.230000 0.756157 1.423387
v -1.230000 0.760000 1.462405
v -1.230000 0.756157 1.501423
v -1.230000 0.744776 1.538941
v -1.230000 0.726294 1.573519
v -1.230000 0.701421 1.603826
v -1.230000 0.671114 1.628699
v -1.230000 0.636537 1.647181
v -1.230000 0.599018 1.658562
v 1.230000 0.543822 -1.662618
v 1.240000 0.576178 -1.662618
v 1.240000 0.498328 -1.653568
v 1.230000 0.483463 -1.647181
v 1.230000 0.435317 -1.619888
v 1.240000 0.429871 -1.615418
v 1.230000 0.393706 -1.573519
v 1.240000 0.393706 -1.573519
v 1.230000 0.368836 -1.524074
v 1.240000 0.366791 -1.517332
v 1.230000 0.359787 -1.446226
v 1.240000 0.360478 -1.439215
v 1.230000 0.381219 -1.370840
v 1.240000 0.384540 -1.364627
v 1.230000 0.429869 -1.309393
v 1.240000 0.418579 -1.320983
v 1.240000 0.468435 -1.283624
v 1.230000 0.498328 -1.271242
v 1.240000 0.543821 -1.262193
v 1.230000 0.576179 -1.262193
v 1.240000 0.621671 -1.271242
v 1.230000 0.651565 -1.283624
v 1.240000 0.690131 -1.309393
v 1.230000 0.701421 -1.320983
v 1.230000 0.735460 -1.364627
v 1.240000 0.738781 -1.370840
v 1.230000 0.759522 -1.439215
v 1.240000 0.760212 -1.446226
v 1.230000 0.753209 -1.517333
v 1.240000 0.751164 -1.524074
v 1.230000 0.726294 -1.573519
v 1.240000 0.713014 -1.592533
v 1.230000 0.690129 -1.615418
v 1.240000 0.651565 -1.641186
v 1.230000 0.621672 -1.653568
v 1.246053 0.525698 -1.626465
v 1.241309 0.575910 -1.630961
v 1.244821 0.495858 -1.617259
v 1.241309 0.452063 -1.592843
v 1.241264 0.420687 -1.557315
v 1.240981 0.404808 -1.528600
v 1.241309 0.391443 -1.478312
v 1.241265 0.394379 -1.431008
v 1.245299 0.405732 -1.396883
v 1.245675 0.420561 -1.369404
v 1.241309 0.453130 -1.331091
v 1.245675 0.495991 -1.307502
v 1.245299 0.525832 -1.298319
v 1.241264 0.558482 -1.293841
v 1.245299 0.594168 -1.298319
v 1.245675 0.624009 -1.307502
v 1.241309 0.667936 -1.331966
v 1.240981 0.699296 -1.367206
v 1.240939 0.719610 -1.406370
v 1.246052 0.724060 -1.428103
v 1.245180 0.727619 -1.461111
v 1.245668 0.724949 -1.492288
v 1.241309 0.708989 -1.542822
v 1.245674 0.678416 -1.581021
v 1.240856 0.663440 -1.596738
v 1.240981 0.626194 -1.617597
v 1.240008 0.510314 -1.626186
v 1.240008 0.409057 -1.381726
v 1.240008 0.510317 -1.298623
v 1.240008 0.609683 -1.298623
v 1.240008 0.730855 -1.476214
v 1.248021 0.579443 -1.629664
v 1.248001 0.466849 -1.601815
v 1.248088 0.430528 -1.570121
v 1.247792 0.399520 -1.513435
v 1.248286 0.392238 -1.447704
v 1.247792 0.451446 -1.333665
v 1.248001 0.560000 -1.294738
v 1.247792 0.665081 -1.330815
v 1.248020 0.707087 -1.380435
v 1.248021 0.709872 -1.539164
v 1.248020 0.641970 -1.609492
v 1.268018 0.515112 -1.601533
v 1.268018 0.571770 -1.608121
v 1.267820 0.465750 -1.574172
v 1.268077 0.430583 -1.530465
v 1.268001 0.417230 -1.490804
v 1.267819 0.414706 -1.446134
v 1.268077 0.431509 -1.392614
v 1.268001 0.457069 -1.359474
v 1.268018 0.493360 -1.332287
v 1.268001 0.531601 -1.319635
v 1.267820 0.576271 -1.317111
v 1.268077 0.629791 -1.333914
v 1.268248 0.674009 -1.370872
v 1.267819 0.700461 -1.421836
v 1.268248 0.705341 -1.478301
v 1.268018 0.687700 -1.533568
v 1.267820 0.651235 -1.576646
v 1.268001 0.615706 -1.596891
v 1.399998 0.531601 -1.605174
v 1.399795 0.576212 -1.607706
v 1.400075 0.491834 -1.591769
v 1.399795 0.448200 -1.556616
v 1.399998 0.425514 -1.518111
v 1.400017 0.414787 -1.479284
v 1.399998 0.417230 -1.434006
v 1.400017 0.429883 -1.395765
v 1.399998 0.457069 -1.359474
v 1.399795 0.489414 -1.334371
v 1.400271 0.544169 -1.317056
v 1.399796 0.600619 -1.321958
v 1.400271 0.651586 -1.348437
v 1.400075 0.688551 -1.392719
v 1.400075 0.705434 -1.447214
v 1.400075 0.700176 -1.504026
v 1.399795 0.674209 -1.553681
v 1.400271 0.630244 -1.590633
v 1.420000 0.523423 -1.582976
v 1.420007 0.572386 -1.588207
v 1.420007 0.479806 -1.560121
v 1.420002 0.447686 -1.519927
v 1.420005 0.434226 -1.472569
v 1.420001 0.439906 -1.423662
v 1.420025 0.470339 -1.372738
v 1.420004 0.523303 -1.341434
v 1.420012 0.587904 -1.338344
v 1.420004 0.639930 -1.365010
v 1.420022 0.676225 -1.410842
v 1.420005 0.685774 -1.472569
v 1.420001 0.672315 -1.519928
v 1.420017 0.633251 -1.566340
v -1.230000 0.543822 1.662618
v -1.240000 0.576178 1.662618
v -1.240000 0.498328 1.653568
v -1.230000 0.483463 1.647181
v -1.230000 0.435317 1.619888
v -1.240000 0.429871 1.615418
v -1.230000 0.393706 1.573519
v -1.240000 0.381219 1.553971
v -1.230000 0.368837 1.524076
v -1.240000 0.359788 1.478584
v -1.230000 0.359788 1.446226
v -1.240000 0.368837 1.400733
v -1.230000 0.381219 1.370839
v -1.240000 0.393706 1.351291
v -1.230000 0.429872 1.309391
v -1.240000 0.435318 1.304922
v -1.230000 0.498329 1.271242
v -1.240000 0.483463 1.277629
v -1.240000 0.543821 1.262193
v -1.230000 0.576179 1.262193
v -1.240000 0.621672 1.271242
v -1.230000 0.636537 1.277629
v -1.230000 0.684683 1.304922
v -1.240000 0.671114 1.296111
v -1.240000 0.717483 1.337722
v -1.230000 0.726294 1.351291
v -1.230000 0.751163 1.400733
v -1.240000 0.744776 1.385868
v -1.240000 0.760213 1.446226
v -1.230000 0.760213 1.478584
v -1.240000 0.751164 1.524077
v -1.230000 0.744776 1.538942
v -1.230000 0.717483 1.587088
v -1.240000 0.713014 1.592534
v -1.230000 0.671114 1.628699
v -1.240000 0.651566 1.641186
v -1.230000 0.621672 1.653568
v -1.240981 0.528819 1.628218
v -1.241309 0.575905 1.630962
v -1.245180 0.494659 1.616770
v -1.240855 0.475478 1.609379
v -1.241309 0.428688 1.569277
v -1.240981 0.404808 1.528600
v -1.241309 0.391443 1.478312
v -1.241265 0.394379 1.431009
v -1.245300 0.405733 1.396883
v -1.245675 0.420561 1.369404
v -1.241309 0.453130 1.331091
v -1.245675 0.495991 1.307502
v -1.245299 0.525832 1.298319
v -1.241264 0.558483 1.293841
v -1.245299 0.594168 1.298319
v -1.245675 0.624009 1.307502
v -1.241309 0.667937 1.331966
v -1.245675 0.699439 1.369405
v -1.245300 0.714268 1.396883
v -1.241265 0.725029 1.428031
v -1.245180 0.727619 1.461111
v -1.245668 0.724949 1.492288
v -1.241309 0.708989 1.542822
v -1.241265 0.680265 1.580525
v -1.246053 0.651754 1.602668
v -1.244821 0.624143 1.617259
v -1.240008 0.409057 1.381726
v -1.240008 0.510317 1.298623
v -1.240008 0.609684 1.298623
v -1.240006 0.710944 1.381725
v -1.240008 0.730855 1.476213
v -1.240008 0.640678 1.613349
v -1.248001 0.527290 1.626850
v -1.248021 0.579439 1.629665
v -1.248001 0.466849 1.601815
v -1.248088 0.430528 1.570121
v -1.248001 0.405096 1.526568
v -1.247792 0.392647 1.481143
v -1.248001 0.395555 1.429695
v -1.247792 0.451446 1.333665
v -1.248001 0.560000 1.294738
v -1.247792 0.665081 1.330815
v -1.248001 0.724445 1.429695
v -1.248001 0.714904 1.526568
v -1.248021 0.692018 1.566926
v -1.268017 0.515112 1.601533
v -1.268017 0.571770 1.608121
v -1.267819 0.465751 1.574172
v -1.268000 0.438966 1.543278
v -1.268076 0.419792 1.503909
v -1.268000 0.414433 1.462405
v -1.267819 0.420672 1.418103
v -1.268076 0.447596 1.368884
v -1.268000 0.479128 1.341371
v -1.268017 0.520025 1.321786
v -1.267819 0.576277 1.317112
v -1.268247 0.630303 1.334210
v -1.268017 0.674614 1.371657
v -1.267818 0.700461 1.421836
v -1.268000 0.705567 1.462405
v -1.268017 0.699131 1.507287
v -1.268000 0.681034 1.543278
v -1.267819 0.651234 1.576647
v -1.268000 0.615706 1.596891
v -1.400271 0.518997 1.602746
v -1.400017 0.576872 1.607618
v -1.399795 0.468725 1.576615
v -1.399998 0.438966 1.543278
v -1.400017 0.420870 1.507287
v -1.400017 0.414285 1.450628
v -1.400017 0.429883 1.395765
v -1.399998 0.457069 1.359474
v -1.400018 0.488838 1.334705
v -1.400271 0.544165 1.317057
v -1.399796 0.600618 1.321958
v -1.400271 0.651586 1.348437
v -1.400075 0.688551 1.392719
v -1.400075 0.705434 1.447214
v -1.400075 0.700177 1.504026
v -1.399796 0.674211 1.553679
v -1.400017 0.631161 1.590106
v -1.420000 0.523423 1.582978
v -1.420005 0.570164 1.588179
v -1.420007 0.479806 1.560121
v -1.420002 0.447686 1.519927
v -1.420005 0.434226 1.472571
v -1.420001 0.439906 1.423662
v -1.420032 0.472365 1.370294
v -1.420002 0.525494 1.341027
v -1.420004 0.572351 1.337018
v -1.420012 0.627994 1.354950
v -1.420022 0.676225 1.410842
v -1.420005 0.685774 1.472571
v -1.420001 0.672315 1.519928
v -1.420022 0.630854 1.568451
v -1.230001 0.583195 -1.262885
v -1.240001 0.536805 -1.262885
v -1.230001 0.505070 -1.269197
v -1.240001 0.483463 -1.277630
v -1.230001 0.435313 -1.304927
v -1.240001 0.429867 -1.309397
v -1.230001 0.384540 -1.364628
v -1.240001 0.381219 -1.370842
v -1.230001 0.363843 -1.423388
v -1.240001 0.363843 -1.423388
v -1.230001 0.359787 -1.478585
v -1.240001 0.360478 -1.485596
v -1.230001 0.381220 -1.553974
v -1.240001 0.384541 -1.560187
v -1.230001 0.429869 -1.615419
v -1.240001 0.435315 -1.619888
v -1.230001 0.498327 -1.653569
v -1.240001 0.505068 -1.655614
v -1.230001 0.560000 -1.662407
v -1.240001 0.560000 -1.662407
v -1.230001 0.614932 -1.655614
v -1.240001 0.621673 -1.653569
v -1.230001 0.684685 -1.619888
v -1.240001 0.690130 -1.615419
v -1.230001 0.735459 -1.560187
v -1.240001 0.738780 -1.553974
v -1.230001 0.759522 -1.485596
v -1.240001 0.760212 -1.478585
v -1.230001 0.756157 -1.423388
v -1.240001 0.756157 -1.423388
v -1.230001 0.738781 -1.370842
v -1.240001 0.735460 -1.364629
v -1.230001 0.690133 -1.309397
v -1.240001 0.684687 -1.304927
v -1.230001 0.636537 -1.277630
v -1.240001 0.614930 -1.269197
v -1.241310 0.542720 -1.293985
v -1.245180 0.494660 -1.308042
v -1.240726 0.475597 -1.315264
v -1.241265 0.441881 -1.342140
v -1.241310 0.410361 -1.383206
v -1.241266 0.394971 -1.428033
v -1.240982 0.391289 -1.460641
v -1.245669 0.396171 -1.497922
v -1.245300 0.405732 -1.527929
v -1.240982 0.418741 -1.554668
v -1.241266 0.439735 -1.580526
v -1.241310 0.480797 -1.612044
v -1.241265 0.525626 -1.627436
v -1.246053 0.561636 -1.630006
v -1.244822 0.592699 -1.626800
v -1.241265 0.623104 -1.618720
v -1.240982 0.652262 -1.603665
v -1.241310 0.691312 -1.569279
v -1.240820 0.719696 -1.518420
v -1.245669 0.723829 -1.497921
v -1.241265 0.728564 -1.463924
v -1.240982 0.725813 -1.431225
v -1.241310 0.708988 -1.381988
v -1.240982 0.680545 -1.344359
v -1.241265 0.654911 -1.323094
v -1.244821 0.624142 -1.307553
v -1.240736 0.604527 -1.298689
v -1.240010 0.396219 -1.512089
v -1.240009 0.576775 -1.632735
v -1.248001 0.527290 -1.297962
v -1.248021 0.579439 -1.295147
v -1.248001 0.466849 -1.322997
v -1.248088 0.430529 -1.354689
v -1.247792 0.399519 -1.411376
v -1.248001 0.392333 -1.462407
v -1.248088 0.429093 -1.568375
v -1.247792 0.478641 -1.609847
v -1.248001 0.527290 -1.626852
v -1.248001 0.624163 -1.617310
v -1.247792 0.665084 -1.593994
v -1.248021 0.707088 -1.544375
v -1.248001 0.727667 -1.462407
v -1.247792 0.721785 -1.415676
v -1.248020 0.692017 -1.357883
v -1.248001 0.653151 -1.322997
v -1.268010 0.548223 -1.316696
v -1.268018 0.481226 -1.337922
v -1.268007 0.432300 -1.391244
v -1.268042 0.412756 -1.458744
v -1.268020 0.435516 -1.541179
v -1.268009 0.490964 -1.591566
v -1.268042 0.563665 -1.609649
v -1.268018 0.644865 -1.582822
v -1.268007 0.690116 -1.529048
v -1.268042 0.707243 -1.458744
v -1.268006 0.687701 -1.391243
v -1.268009 0.652600 -1.349573
v -1.268007 0.604881 -1.323277
v 1.230001 0.543821 1.262194
v 1.240001 0.536810 1.262884
v 1.230001 0.483463 1.277630
v 1.240001 0.483463 1.277630
v 1.230001 0.435314 1.304927
v 1.240001 0.429868 1.309396
v 1.230001 0.393706 1.351292
v 1.240001 0.393706 1.351292
v 1.230001 0.368836 1.400737
v 1.240001 0.366791 1.407479
v 1.230001 0.359788 1.478585
v 1.240001 0.360478 1.485596
v 1.230001 0.381220 1.553974
v 1.240001 0.384541 1.560187
v 1.230001 0.429870 1.615419
v 1.240001 0.435316 1.619888
v 1.230001 0.498327 1.653569
v 1.240001 0.505068 1.655614
v 1.230001 0.560000 1.662407
v 1.240001 0.560000 1.662407
v 1.230001 0.614932 1.655614
v 1.240001 0.621673 1.653569
v 1.230001 0.684685 1.619888
v 1.240001 0.690131 1.615419
v 1.230001 0.735459 1.560187
v 1.240001 0.738780 1.553974
v 1.230001 0.759522 1.485596
v 1.240001 0.760213 1.478585
v 1.230001 0.753209 1.407478
v 1.240001 0.751164 1.400737
v 1.230001 0.726294 1.351292
v 1.240001 0.726294 1.351292
v 1.230001 0.690132 1.309396
v 1.240001 0.684687 1.304927
v 1.230001 0.621673 1.271243
v 1.240001 0.614932 1.269198
v 1.241310 0.542720 1.293985
v 1.245180 0.494660 1.308042
v 1.240726 0.475597 1.315264
v 1.241265 0.441881 1.342140
v 1.241310 0.410361 1.383206
v 1.241266 0.394971 1.428033
v 1.240982 0.391290 1.460641
v 1.245669 0.396171 1.497921
v 1.245300 0.405732 1.527928
v 1.240982 0.418741 1.554669
v 1.241310 0.453128 1.593719
v 1.245675 0.495991 1.617310
v 1.245300 0.525832 1.626492
v 1.240982 0.558235 1.631116
v 1.245300 0.594168 1.626492
v 1.245675 0.624009 1.617309
v 1.240981 0.652263 1.603664
v 1.241310 0.691312 1.569279
v 1.240820 0.719696 1.518420
v 1.245668 0.723829 1.497921
v 1.241265 0.728564 1.463924
v 1.240982 0.725813 1.431225
v 1.241310 0.708988 1.381988
v 1.240982 0.680545 1.344359
v 1.246053 0.651754 1.322144
v 1.244821 0.624143 1.307553
v 1.240982 0.594646 1.297283
v 1.240010 0.396219 1.512088
v 1.240010 0.510317 1.626186
v 1.240010 0.609683 1.626187
v 1.240010 0.640682 1.311467
v 1.248001 0.527290 1.297962
v 1.248021 0.579439 1.295147
v 1.248001 0.466849 1.322997
v 1.248088 0.430529 1.354689
v 1.247792 0.399520 1.411376
v 1.248001 0.392333 1.462407
v 1.248001 0.420590 1.555557
v 1.247792 0.451443 1.591144
v 1.248001 0.560000 1.630073
v 1.247792 0.665084 1.593994
v 1.248021 0.707088 1.544374
v 1.248001 0.727667 1.462407
v 1.247792 0.721785 1.415676
v 1.248020 0.692017 1.357883
v 1.268010 0.548223 1.316696
v 1.268018 0.481226 1.337922
v 1.268039 0.423503 1.405869
v 1.268016 0.415902 1.491068
v 1.268010 0.445387 1.553147
v 1.268009 0.490962 1.591564
v 1.268009 0.545692 1.607669
v 1.268005 0.599975 1.603026
v 1.268013 0.652903 1.575614
v 1.268007 0.690116 1.529049
v 1.268042 0.707244 1.458744
v 1.268006 0.687701 1.391243
v 1.268009 0.652600 1.349573
v 1.268007 0.604881 1.323277
v 0.649724 0.850421 -0.094355
v 0.649723 0.850421 -0.354355
v 0.657336 0.812153 -0.094355
v 0.657336 0.812153 -0.354355
v 0.679013 0.779710 -0.094355
v 0.679013 0.779710 -0.354355
v 0.711456 0.758033 -0.094355
v 0.711455 0.758033 -0.354355
v 0.749724 0.750421 -0.094355
v 0.749723 0.750421 -0.354355
v 0.787992 0.758033 -0.094355
v 0.787992 0.758033 -0.354355
v 0.820435 0.779710 -0.094355
v 0.820434 0.779710 -0.354355
v 0.842112 0.812153 -0.094355
v 0.842111 0.812153 -0.354355
v 0.849724 0.850421 -0.094355
v 0.849723 0.850421 -0.354355
v 0.842112 0.888689 -0.094355
v 0.842111 0.888689 -0.354355
v 0.820435 0.921132 -0.094355
v 0.820434 0.921132 -0.354355
v 0.787992 0.942809 -0.094355
v 0.787992 0.942809 -0.354355
v 0.749724 0.950421 -0.094355
v 0.749723 0.950421 -0.354355
v 0.711456 0.942809 -0.094355
v 0.711455 0.942809 -0.354355
v 0.679013 0.921132 -0.094355
v 0.679013 0.921132 -0.354355
v 0.657336 0.888689 -0.094355
v 0.657336 0.888689 -0.354355
v 0.639752 0.850421 -0.074355
v 0.648123 0.808337 -0.074355
v 0.671962 0.772659 -0.074355
v 0.707640 0.748820 -0.074355
v 0.749724 0.740449 -0.074355
v 0.791808 0.748820 -0.074355
v 0.827486 0.772659 -0.074355
v 0.859710 0.850419 -0.074355
v 0.827486 0.928183 -0.074355
v 0.791808 0.952021 -0.074355
v 0.749724 0.960393 -0.074355
v 0.707640 0.952021 -0.074355
v 0.671962 0.928183 -0.074355
v 0.648123 0.892505 -0.074355
v 0.657336 0.812153 -0.374355
v 0.649723 0.850421 -0.374355
v 0.679013 0.779710 -0.374355
v 0.711455 0.758033 -0.374355
v 0.749723 0.750421 -0.374355
v 0.787992 0.758033 -0.374355
v 0.820434 0.779710 -0.374355
v 0.842111 0.812153 -0.374355
v 0.849723 0.850421 -0.374355
v 0.842111 0.888689 -0.374355
v 0.820434 0.921132 -0.374355
v 0.787992 0.942809 -0.374355
v 0.749723 0.950421 -0.374355
v 0.711455 0.942809 -0.374355
v 0.679013 0.921132 -0.374355
v 0.657335 0.888689 -0.374355
v 0.639752 0.850421 -0.094355
v 0.648123 0.808337 -0.094355
v 0.648123 0.808337 -0.354355
v 0.639752 0.850421 -0.354355
v 0.671962 0.772659 -0.094355
v 0.671962 0.772659 -0.354355
v 0.707640 0.748820 -0.094355
v 0.707639 0.748820 -0.354355
v 0.749724 0.740449 -0.094355
v 0.749723 0.740449 -0.354355
v 0.791808 0.748820 -0.094355
v 0.791808 0.748820 -0.354355
v 0.827486 0.772659 -0.094355
v 0.827485 0.772659 -0.354355
v 0.859710 0.850423 -0.094355
v 0.859709 0.850423 -0.354355
v 0.827486 0.928183 -0.094355
v 0.827485 0.928183 -0.354355
v 0.791808 0.952021 -0.094355
v 0.791808 0.952021 -0.354355
v 0.749724 0.960393 -0.094355
v 0.749723 0.960393 -0.354355
v 0.707640 0.952021 -0.094355
v 0.707639 0.952021 -0.354355
v 0.671962 0.928183 -0.094355
v 0.671962 0.928183 -0.354355
v 0.648123 0.892505 -0.094355
v 0.648123 0.892505 -0.354355
v 0.648123 0.808337 -0.374355
v 0.639752 0.850421 -0.374355
v 0.671962 0.772659 -0.374355
v 0.707639 0.748820 -0.374355
v 0.749723 0.740449 -0.374355
v 0.791808 0.748820 -0.374355
v 0.827485 0.772659 -0.374355
v 0.859709 0.850423 -0.374355
v 0.827485 0.928183 -0.374355
v 0.791808 0.952021 -0.374355
v 0.749723 0.960393 -0.374355
v 0.707639 0.952021 -0.374355
v 0.671962 0.928183 -0.374355
v 0.648122 0.892505 -0.374355
v 0.702674 0.842829 -0.462540
v 0.721815 0.811775 -0.462521
v 0.759089 0.803341 -0.462551
v 0.790294 0.825398 -0.462526
v 0.796097 0.861411 -0.462540
v 0.774747 0.890994 -0.462521
v 0.740480 0.896881 -0.462533
v 0.711079 0.878327 -0.462526
v 0.851325 0.892504 -0.074355
v 0.851325 0.808334 -0.074355
v 0.851324 0.892504 -0.374355
v 0.851324 0.808334 -0.374355
v 0.851325 0.892504 -0.094355
v 0.851325 0.808334 -0.094355
v 0.851324 0.892504 -0.354355
v 0.851324 0.808334 -0.354355
v -0.849726 0.850421 -0.094355
v -0.849726 0.850421 -0.354355
v -0.842114 0.812153 -0.094355
v -0.842114 0.812153 -0.354355
v -0.820437 0.779710 -0.094355
v -0.820437 0.779710 -0.354355
v -0.787994 0.758033 -0.094355
v -0.787995 0.758033 -0.354355
v -0.749726 0.750421 -0.094355
v -0.749726 0.750421 -0.354355
v -0.711458 0.758033 -0.094355
v -0.711458 0.758033 -0.354355
v -0.679015 0.779710 -0.094355
v -0.679016 0.779710 -0.354355
v -0.657338 0.812153 -0.094355
v -0.657339 0.812153 -0.354355
v -0.649726 0.850421 -0.094355
v -0.649727 0.850421 -0.354355
v -0.657338 0.888689 -0.094355
v -0.657339 0.888689 -0.354355
v -0.679015 0.921132 -0.094355
v -0.679016 0.921132 -0.354355
v -0.711458 0.942809 -0.094355
v -0.711458 0.942809 -0.354355
v -0.749726 0.950421 -0.094355
v -0.749727 0.950421 -0.354355
v -0.787994 0.942809 -0.094355
v -0.787995 0.942809 -0.354355
v -0.820437 0.921132 -0.094355
v -0.820437 0.921132 -0.354355
v -0.842114 0.888689 -0.094355
v -0.842114 0.888689 -0.354355
v -0.859698 0.850421 -0.074355
v -0.851327 0.808337 -0.074355
v -0.827488 0.772659 -0.074355
v -0.791810 0.748820 -0.074355
v -0.749726 0.740449 -0.074355
v -0.707642 0.748820 -0.074355
v -0.671964 0.772659 -0.074355
v -0.639740 0.850419 -0.074355
v -0.671964 0.928183 -0.074355
v -0.707642 0.952021 -0.074355
v -0.749726 0.960393 -0.074355
v -0.791810 0.952021 -0.074355
v -0.827488 0.928183 -0.074355
v -0.851327 0.892505 -0.074355
v -0.842114 0.812153 -0.374355
v -0.849727 0.850421 -0.374355
v -0.820437 0.779710 -0.374355
v -0.787995 0.758033 -0.374355
v -0.749727 0.750421 -0.374355
v -0.711458 0.758033 -0.374355
v -0.679016 0.779710 -0.374355
v -0.657339 0.812153 -0.374355
v -0.649727 0.850421 -0.374355
v -0.657339 0.888689 -0.374355
v -0.679016 0.921132 -0.374355
v -0.711458 0.942809 -0.374355
v -0.749727 0.950421 -0.374355
v -0.787995 0.942809 -0.374355
v -0.820437 0.921132 -0.374355
v -0.842115 0.888689 -0.374355
v -0.859698 0.850421 -0.094355
v -0.851327 0.808337 -0.094355
v -0.851327 0.808337 -0.354355
v -0.859698 0.850421 -0.354355
v -0.827488 0.772659 -0.094355
v -0.827488 0.772659 -0.354355
v -0.791810 0.748820 -0.094355
v -0.791811 0.748820 -0.354355
v -0.749726 0.740449 -0.094355
v -0.749727 0.740449 -0.354355
v -0.707642 0.748820 -0.094355
v -0.707642 0.748820 -0.354355
v -0.671964 0.772659 -0.094355
v -0.671965 0.772659 -0.354355
v -0.639740 0.850423 -0.094355
v -0.639741 0.850423 -0.354355
v -0.671964 0.928183 -0.094355
v -0.671965 0.928183 -0.354355
v -0.707642 0.952021 -0.094355
v -0.707642 0.952021 -0.354355
v -0.749726 0.960393 -0.094355
v -0.749727 0.960393 -0.354355
v -0.791810 0.952021 -0.094355
v -0.791811 0.952021 -0.354355
v -0.827488 0.928183 -0.094355
v -0.827488 0.928183 -0.354355
v -0.851327 0.892505 -0.094355
v -0.851327 0.892505 -0.354355
v -0.851327 0.808337 -0.374355
v -0.859698 0.850421 -0.374355
v -0.827488 0.772659 -0.374355
v -0.791811 0.748820 -0.374355
v -0.749727 0.740449 -0.374355
v -0.707642 0.748820 -0.374355
v -0.671965 0.772659 -0.374355
v -0.639741 0.850423 -0.374355
v -0.671965 0.928183 -0.374355
v -0.707642 0.952021 -0.374355
v -0.749727 0.960393 -0.374355
v -0.791811 0.952021 -0.374355
v -0.827488 0.928183 -0.374355
v -0.851328 0.892505 -0.374355
v -0.796776 0.842832 -0.462540
v -0.777635 0.811775 -0.462521
v -0.749727 0.803502 -0.462496
v -0.721821 0.811776 -0.462526
v -0.702677 0.842831 -0.462540
v -0.711081 0.878329 -0.462521
v -0.731771 0.893769 -0.462496
v -0.758970 0.896881 -0.462533
v -0.788369 0.878329 -0.462526
v -0.648125 0.892504 -0.074355
v -0.648125 0.808334 -0.074355
v -0.648126 0.892504 -0.374355
v -0.648126 0.808334 -0.374355
v -0.648125 0.892504 -0.094355
v -0.648125 0.808334 -0.094355
v -0.648126 0.892504 -0.354355
v -0.648125 0.808334 -0.354355
v -0.649727 0.850421 0.094355
v -0.649726 0.850421 0.354355
v -0.657339 0.812153 0.094355
v -0.657338 0.812153 0.354355
v -0.679016 0.779710 0.094355
v -0.679015 0.779710 0.354355
v -0.711458 0.758033 0.094355
v -0.711458 0.758033 0.354355
v -0.749727 0.750421 0.094355
v -0.749726 0.750421 0.354355
v -0.787995 0.758033 0.094355
v -0.787994 0.758033 0.354355
v -0.820437 0.779710 0.094355
v -0.820437 0.779710 0.354355
v -0.842115 0.812153 0.094355
v -0.842114 0.812153 0.354355
v -0.849727 0.850421 0.094355
v -0.849726 0.850421 0.354355
v -0.842115 0.888689 0.094355
v -0.842114 0.888689 0.354355
v -0.820437 0.921132 0.094355
v -0.820437 0.921132 0.354355
v -0.787995 0.942809 0.094355
v -0.787994 0.942809 0.354355
v -0.749727 0.950421 0.094355
v -0.749726 0.950421 0.354355
v -0.711458 0.942809 0.094355
v -0.711458 0.942809 0.354355
v -0.679016 0.921132 0.094355
v -0.679015 0.921132 0.354355
v -0.657339 0.888689 0.094355
v -0.657338 0.888689 0.354355
v -0.639755 0.850421 0.074355
v -0.648126 0.808337 0.074355
v -0.671965 0.772659 0.074355
v -0.707642 0.748820 0.074355
v -0.749727 0.740449 0.074355
v -0.791811 0.748820 0.074355
v -0.827488 0.772659 0.074355
v -0.859713 0.850419 0.074355
v -0.827488 0.928183 0.074355
v -0.791811 0.952021 0.074355
v -0.749727 0.960393 0.074355
v -0.707642 0.952021 0.074355
v -0.671965 0.928183 0.074355
v -0.648126 0.892505 0.074355
v -0.657338 0.812153 0.374355
v -0.649726 0.850421 0.374355
v -0.679015 0.779710 0.374355
v -0.711457 0.758033 0.374355
v -0.749726 0.750421 0.374355
v -0.787994 0.758033 0.374355
v -0.820437 0.779710 0.374355
v -0.842114 0.812153 0.374355
v -0.849726 0.850421 0.374355
v -0.842114 0.888689 0.374355
v -0.820437 0.921132 0.374355
v -0.787994 0.942809 0.374355
v -0.749726 0.950421 0.374355
v -0.711458 0.942809 0.374355
v -0.679015 0.921132 0.374355
v -0.657338 0.888689 0.374355
v -0.639755 0.850421 0.094355
v -0.648126 0.808337 0.094355
v -0.648125 0.808337 0.354355
v -0.639754 0.850421 0.354355
v -0.671965 0.772659 0.094355
v -0.671964 0.772659 0.354355
v -0.707642 0.748820 0.094355
v -0.707641 0.748820 0.354355
v -0.749726 0.740449 0.094355
v -0.749726 0.740449 0.354355
v -0.791811 0.748820 0.094355
v -0.791810 0.748820 0.354355
v -0.827488 0.772659 0.094355
v -0.827488 0.772659 0.354355
v -0.859712 0.850423 0.094355
v -0.859712 0.850423 0.354355
v -0.827488 0.928183 0.094355
v -0.827488 0.928183 0.354355
v -0.791811 0.952021 0.094355
v -0.791810 0.952021 0.354355
v -0.749726 0.960393 0.094355
v -0.749726 0.960393 0.354355
v -0.707642 0.952021 0.094355
v -0.707642 0.952021 0.354355
v -0.671965 0.928183 0.094355
v -0.671964 0.928183 0.354355
v -0.648126 0.892505 0.094355
v -0.648125 0.892505 0.354355
v -0.648125 0.808337 0.374355
v -0.639754 0.850421 0.374355
v -0.671964 0.772659 0.374355
v -0.707641 0.748820 0.374355
v -0.749726 0.740449 0.374355
v -0.791810 0.748820 0.374355
v -0.827487 0.772659 0.374355
v -0.859712 0.850423 0.374355
v -0.827487 0.928183 0.374355
v -0.791810 0.952021 0.374355
v -0.749726 0.960393 0.374355
v -0.707641 0.952021 0.374355
v -0.671964 0.928183 0.374355
v -0.648125 0.892505 0.374355
v -0.702676 0.842831 0.462540
v -0.721819 0.811774 0.462521
v -0.749726 0.803502 0.462496
v -0.777633 0.811777 0.462525
v -0.796775 0.842832 0.462540
v -0.788370 0.878331 0.462521
v -0.758969 0.896881 0.462533
v -0.731770 0.893769 0.462496
v -0.711082 0.878328 0.462525
v -0.851328 0.892504 0.074355
v -0.851328 0.808334 0.074355
v -0.851327 0.892504 0.374355
v -0.851327 0.808334 0.374355
v -0.851328 0.892504 0.094355
v -0.851328 0.808334 0.094355
v -0.851327 0.892504 0.354355
v -0.851327 0.808334 0.354355
v 0.849723 0.850421 0.094355
v 0.849724 0.850421 0.354355
v 0.842111 0.812153 0.094355
v 0.842112 0.812153 0.354355
v 0.820434 0.779710 0.094355
v 0.820435 0.779710 0.354355
v 0.787992 0.758033 0.094355
v 0.787992 0.758033 0.354355
v 0.749723 0.750421 0.094355
v 0.749724 0.750421 0.354355
v 0.711455 0.758033 0.094355
v 0.711456 0.758033 0.354355
v 0.679013 0.779710 0.094355
v 0.679013 0.779710 0.354355
v 0.657335 0.812153 0.094355
v 0.657336 0.812153 0.354355
v 0.649723 0.850421 0.094355
v 0.649724 0.850421 0.354355
v 0.657335 0.888689 0.094355
v 0.657336 0.888689 0.354355
v 0.679013 0.921132 0.094355
v 0.679013 0.921132 0.354355
v 0.711455 0.942809 0.094355
v 0.711456 0.942809 0.354355
v 0.749723 0.950421 0.094355
v 0.749724 0.950421 0.354355
v 0.787992 0.942809 0.094355
v 0.787992 0.942809 0.354355
v 0.820434 0.921132 0.094355
v 0.820435 0.921132 0.354355
v 0.842111 0.888689 0.094355
v 0.842112 0.888689 0.354355
v 0.859695 0.850421 0.074355
v 0.851324 0.808337 0.074355
v 0.827485 0.772659 0.074355
v 0.791808 0.748820 0.074355
v 0.749723 0.740449 0.074355
v 0.707639 0.748820 0.074355
v 0.671962 0.772659 0.074355
v 0.639737 0.850419 0.074355
v 0.671962 0.928183 0.074355
v 0.707639 0.952021 0.074355
v 0.749723 0.960393 0.074355
v 0.791808 0.952021 0.074355
v 0.827485 0.928183 0.074355
v 0.851324 0.892505 0.074355
v 0.842112 0.812153 0.374355
v 0.849724 0.850421 0.374355
v 0.820435 0.779710 0.374355
v 0.787992 0.758033 0.374355
v 0.749724 0.750421 0.374355
v 0.711456 0.758033 0.374355
v 0.679013 0.779710 0.374355
v 0.657336 0.812153 0.374355
v 0.649724 0.850421 0.374355
v 0.657336 0.888689 0.374355
v 0.679013 0.921132 0.374355
v 0.711456 0.942809 0.374355
v 0.749724 0.950421 0.374355
v 0.787992 0.942809 0.374355
v 0.820435 0.921132 0.374355
v 0.842112 0.888689 0.374355
v 0.859695 0.850421 0.094355
v 0.851324 0.808337 0.094355
v 0.851325 0.808337 0.354355
v 0.859696 0.850421 0.354355
v 0.827485 0.772659 0.094355
v 0.827486 0.772659 0.354355
v 0.791808 0.748820 0.094355
v 0.791808 0.748820 0.354355
v 0.749723 0.740449 0.094355
v 0.749724 0.740449 0.354355
v 0.707639 0.748820 0.094355
v 0.707640 0.748820 0.354355
v 0.671962 0.772659 0.094355
v 0.671962 0.772659 0.354355
v 0.639738 0.850423 0.094355
v 0.639738 0.850423 0.354355
v 0.671962 0.928183 0.094355
v 0.671962 0.928183 0.354355
v 0.707639 0.952021 0.094355
v 0.707640 0.952021 0.354355
v 0.749723 0.960393 0.094355
v 0.749724 0.960393 0.354355
v 0.791808 0.952021 0.094355
v 0.791808 0.952021 0.354355
v 0.827485 0.928183 0.094355
v 0.827486 0.928183 0.354355
v 0.851324 0.892505 0.094355
v 0.851325 0.892505 0.354355
v 0.851325 0.808337 0.374355
v 0.859696 0.850421 0.374355
v 0.827486 0.772659 0.374355
v 0.791808 0.748820 0.374355
v 0.749724 0.740449 0.374355
v 0.707640 0.748820 0.374355
v 0.671962 0.772659 0.374355
v 0.639738 0.850423 0.374355
v 0.671962 0.928183 0.374355
v 0.707640 0.952021 0.374355
v 0.749724 0.960393 0.374355
v 0.791808 0.952021 0.374355
v 0.827486 0.928183 0.374355
v 0.851325 0.892505 0.374355
v 0.796774 0.842831 0.462540
v 0.777632 0.811774 0.462521
v 0.749724 0.803502 0.462496
v 0.721817 0.811777 0.462525
v 0.702675 0.842832 0.462540
v 0.711080 0.878331 0.462521
v 0.740481 0.896881 0.462533
v 0.767680 0.893769 0.462496
v 0.788368 0.878328 0.462525
v 0.648122 0.892504 0.074355
v 0.648122 0.808334 0.074355
v 0.648123 0.892504 0.374355
v 0.648123 0.808334 0.374355
v 0.648122 0.892504 0.094355
v 0.648122 0.808334 0.094355
v 0.648123 0.892504 0.354355
v 0.648123 0.808334 0.354355
v 1.117998 0.761647 0.749173
v 1.087999 0.747558 0.769174
v 0.962000 0.747558 0.769174
v 1.087999 0.747553 0.922513
v 0.962000 0.747553 0.922515
v 1.117999 0.747553 -0.922502
v 1.088000 0.747553 -0.922502
v 0.962002 0.747553 -0.922502
v 1.117999 0.761648 -0.749170
v 0.962002 0.747558 -0.769168
v 1.117998 0.520000 -0.073177
v 0.931999 0.500000 -0.076644
v 1.117998 0.520000 0.073222
v 0.931999 0.500000 0.076689
v 1.117998 0.747553 0.922513
v 0.931999 0.747553 0.922513
v 1.117998 0.797554 0.922513
v 0.931999 0.797554 0.922513
v 0.932000 0.747553 -0.922502
v 1.117998 0.797554 -0.922501
v 0.931999 0.797554 -0.922501
v 0.931999 0.747558 0.769174
v 0.932000 0.747558 -0.769170
v 1.117998 0.777563 -0.749170
v 1.088000 0.747558 -0.769170
v 1.117998 0.777562 0.749172
v 1.117998 0.500000 -0.076644
v 1.117998 0.500000 0.076689
v 1.117998 0.747558 0.769174
v 1.117999 0.747558 -0.769170
v 1.107998 0.520000 0.073222
v 1.107998 0.520000 -0.073177
v 1.107998 0.777562 0.749172
v 1.107998 0.761647 0.749173
v 1.107999 0.761648 -0.749170
v 1.107998 0.777563 -0.749170
v -1.117998 0.761647 0.749173
v -1.087999 0.747558 0.769174
v -0.962000 0.747558 0.769174
v -1.087999 0.747553 0.922513
v -0.962000 0.747553 0.922515
v -1.117999 0.747553 -0.922502
v -1.088000 0.747553 -0.922502
v -0.962002 0.747553 -0.922502
v -1.117999 0.761648 -0.749170
v -0.962002 0.747558 -0.769168
v -1.117998 0.520000 -0.073177
v -0.931999 0.500000 -0.076644
v -1.117998 0.520000 0.073222
v -0.931999 0.500000 0.076689
v -1.117998 0.747553 0.922513
v -0.931999 0.747553 0.922513
v -1.117998 0.797554 0.922513
v -0.931999 0.797554 0.922513
v -0.932000 0.747553 -0.922502
v -1.117998 0.797554 -0.922501
v -0.931999 0.797554 -0.922501
v -0.931999 0.747558 0.769174
v -0.932000 0.747558 -0.769170
v -1.117998 0.777563 -0.749170
v -1.088000 0.747558 -0.769170
v -1.117998 0.777562 0.749172
v -1.117998 0.500000 -0.076644
v -1.117998 0.500000 0.076689
v -1.117998 0.747558 0.769174
v -1.117999 0.747558 -0.769170
v -1.107998 0.520000 0.073222
v -1.107998 0.520000 -0.073177
v -1.107998 0.777562 0.749172
v -1.107998 0.761647 0.749173
v -1.107999 0.761648 -0.749170
v -1.107998 0.777563 -0.749170
v 0.490000 0.600000 1.874315
v 0.660000 0.600000 1.874315
v 0.490000 0.187500 1.474315
v 0.490000 0.201130 1.577842
v 0.490000 0.241090 1.674315
v 0.490000 0.304657 1.757158
v 0.490000 0.387500 1.820725
v 0.490000 0.483972 1.860685
v 0.490000 1.012500 1.474315
v 0.490000 0.716028 1.860685
v 0.490000 0.812500 1.820725
v 0.490000 0.895343 1.757158
v 0.490000 0.958910 1.674315
v 0.490000 0.998870 1.577842
v 0.660000 0.187500 1.474315
v 0.660000 0.483972 1.860685
v 0.660000 0.387500 1.820725
v 0.660000 0.304657 1.757158
v 0.660000 0.241090 1.674315
v 0.660000 0.201130 1.577842
v 0.660000 1.012500 1.474315
v 0.660000 0.998870 1.577842
v 0.660000 0.958910 1.674315
v 0.660000 0.895343 1.757158
v 0.660000 0.812500 1.820725
v 0.660000 0.716028 1.860685
v 0.490000 0.581776 0.624638
v 0.490000 0.364158 0.761762
v 0.490000 0.496582 0.647874
v 0.490000 0.413695 0.701070
v 0.490000 0.839893 0.768029
v 0.490000 0.792247 0.706568
v 0.490000 0.711194 0.651461
v 0.490000 0.641508 0.628664
v 0.660000 0.375878 0.742512
v 0.660000 0.600000 0.624316
v 0.660000 0.445566 0.676327
v 0.660000 0.534384 0.633759
v 0.660000 0.818740 0.735195
v 0.660000 0.665616 0.633759
v 0.660000 0.750787 0.674216
v 0.490000 0.190067 1.285555
v 0.490000 0.304346 0.870357
v 0.490000 0.251852 1.000319
v 0.490000 0.208621 1.165118
v 0.490000 1.011005 1.299071
v 0.490000 0.983496 1.124815
v 0.490000 0.917110 0.916521
v 0.660000 0.188995 1.299069
v 0.660000 0.216505 1.124812
v 0.660000 0.282890 0.916520
v 0.660000 1.009933 1.285555
v 0.660000 0.895654 0.870357
v 0.660000 0.948148 1.000318
v 0.660000 0.991379 1.165118
v -0.660002 0.600000 1.874315
v -0.490002 0.600000 1.874315
v -0.660002 0.187500 1.474315
v -0.660002 0.201130 1.577842
v -0.660002 0.241090 1.674315
v -0.660002 0.304657 1.757158
v -0.660002 0.387500 1.820725
v -0.660002 0.483972 1.860685
v -0.660002 1.012500 1.474315
v -0.660002 0.716028 1.860685
v -0.660002 0.812500 1.820725
v -0.660002 0.895343 1.757158
v -0.660002 0.958910 1.674315
v -0.660002 0.998870 1.577842
v -0.490002 0.187500 1.474315
v -0.490002 0.483972 1.860685
v -0.490002 0.387500 1.820725
v -0.490002 0.304657 1.757158
v -0.490002 0.241090 1.674315
v -0.490002 0.201130 1.577842
v -0.490002 1.012500 1.474315
v -0.490002 0.998870 1.577842
v -0.490002 0.958910 1.674315
v -0.490002 0.895343 1.757158
v -0.490002 0.812500 1.820725
v -0.490002 0.716028 1.860685
v -0.660002 0.581776 0.624638
v -0.660002 0.364158 0.761762
v -0.660002 0.496582 0.647874
v -0.660002 0.413694 0.701070
v -0.660002 0.839893 0.768029
v -0.660002 0.792247 0.706568
v -0.660002 0.711194 0.651461
v -0.660002 0.641508 0.628664
v -0.490002 0.375878 0.742512
v -0.490002 0.600000 0.624316
v -0.490002 0.445566 0.676327
v -0.490002 0.534384 0.633759
v -0.490002 0.818740 0.735195
v -0.490002 0.665616 0.633759
v -0.490002 0.750787 0.674216
v -0.660002 0.190067 1.285555
v -0.660002 0.304346 0.870357
v -0.660002 0.251852 1.000319
v -0.660002 0.208621 1.165118
v -0.660002 1.011005 1.299071
v -0.660002 0.983496 1.124815
v -0.660002 0.917110 0.916521
v -0.490002 0.188995 1.299069
v -0.490002 0.216505 1.124812
v -0.490002 0.282890 0.916520
v -0.490002 1.009933 1.285555
v -0.490002 0.895654 0.870357
v -0.490002 0.948148 1.000318
v -0.490002 0.991379 1.165118
v -0.490003 0.600000 -1.874314
v -0.660003 0.600000 -1.874314
v -0.490003 0.187500 -1.474314
v -0.490003 0.201130 -1.577842
v -0.490003 0.241090 -1.674314
v -0.490003 0.304657 -1.757157
v -0.490003 0.387500 -1.820724
v -0.490003 0.483972 -1.860684
v -0.490003 1.012500 -1.474314
v -0.490003 0.716028 -1.860684
v -0.490003 0.812500 -1.820724
v -0.490003 0.895343 -1.757157
v -0.490003 0.958910 -1.674314
v -0.490003 0.998870 -1.577841
v -0.660003 0.187500 -1.474314
v -0.660003 0.483972 -1.860684
v -0.660003 0.387500 -1.820724
v -0.660003 0.304657 -1.757157
v -0.660003 0.241090 -1.674314
v -0.660003 0.201130 -1.577842
v -0.660003 1.012500 -1.474314
v -0.660003 0.998870 -1.577842
v -0.660003 0.958910 -1.674314
v -0.660003 0.895343 -1.757157
v -0.660003 0.812500 -1.820724
v -0.660003 0.716028 -1.860684
v -0.490003 0.581781 -0.624637
v -0.490003 0.364161 -0.761758
v -0.490003 0.496583 -0.647873
v -0.490003 0.413695 -0.701068
v -0.490003 0.839893 -0.768028
v -0.490003 0.792246 -0.706567
v -0.490003 0.711194 -0.651460
v -0.490003 0.641508 -0.628663
v -0.660003 0.375878 -0.742511
v -0.660003 0.600000 -0.624315
v -0.660003 0.445566 -0.676326
v -0.660003 0.534384 -0.633758
v -0.660003 0.818740 -0.735195
v -0.660003 0.665616 -0.633758
v -0.660003 0.750787 -0.674215
v -0.490003 0.190067 -1.285554
v -0.490003 0.304346 -0.870356
v -0.490003 0.251853 -1.000314
v -0.490003 0.208621 -1.165117
v -0.490003 1.011005 -1.299070
v -0.490003 0.983496 -1.124814
v -0.490003 0.917110 -0.916520
v -0.660003 0.188995 -1.299068
v -0.660003 0.216504 -1.124815
v -0.660003 0.282889 -0.916520
v -0.660003 1.009933 -1.285555
v -0.660003 0.895654 -0.870356
v -0.660003 0.948147 -1.000314
v -0.660003 0.991379 -1.165117
v 0.659999 0.600000 -1.874314
v 0.489999 0.600000 -1.874314
v 0.660000 0.187500 -1.474314
v 0.659999 0.201130 -1.577842
v 0.659999 0.241090 -1.674314
v 0.659999 0.304657 -1.757157
v 0.659999 0.387500 -1.820724
v 0.659999 0.483972 -1.860684
v 0.660000 1.012500 -1.474314
v 0.659999 0.716028 -1.860684
v 0.659999 0.812500 -1.820724
v 0.659999 0.895343 -1.757157
v 0.659999 0.958910 -1.674314
v 0.659999 0.998870 -1.577841
v 0.490000 0.187500 -1.474314
v 0.489999 0.483972 -1.860684
v 0.489999 0.387500 -1.820724
v 0.489999 0.304657 -1.757157
v 0.489999 0.241090 -1.674314
v 0.490000 0.201130 -1.577842
v 0.490000 1.012500 -1.474314
v 0.490000 0.998870 -1.577842
v 0.489999 0.958910 -1.674314
v 0.489999 0.895343 -1.757157
v 0.489999 0.812500 -1.820724
v 0.489999 0.716028 -1.860684
v 0.660000 0.581781 -0.624637
v 0.660000 0.364161 -0.761758
v 0.660000 0.496583 -0.647873
v 0.660000 0.413695 -0.701068
v 0.660000 0.839893 -0.768028
v 0.660000 0.792246 -0.706567
v 0.660000 0.711194 -0.651460
v 0.660000 0.641508 -0.628663
v 0.490000 0.375878 -0.742511
v 0.490000 0.600000 -0.624315
v 0.490000 0.445566 -0.676326
v 0.490000 0.534384 -0.633758
v 0.490000 0.818740 -0.735195
v 0.490000 0.665616 -0.633758
v 0.490000 0.750787 -0.674215
v 0.660000 0.190067 -1.285554
v 0.660000 0.304346 -0.870356
v 0.660000 0.251853 -1.000314
v 0.660000 0.208621 -1.165117
v 0.660000 1.011005 -1.299070
v 0.660000 0.983496 -1.124814
v 0.660000 0.917110 -0.916520
v 0.490000 0.188995 -1.299068
v 0.490000 0.216504 -1.124815
v 0.490000 0.282889 -0.916520
v 0.490000 1.009933 -1.285555
v 0.490000 0.895654 -0.870356
v 0.490000 0.948147 -1.000314
v 0.490000 0.991379 -1.165117
v -1.118002 0.240000 1.539072
v -0.932003 0.240000 1.539072
v -1.118002 0.240000 1.385739
v -0.932003 0.240000 1.385739
v -1.108003 0.240000 1.539073
v -0.942004 0.240000 1.539073
v -1.108003 0.240000 1.385740
v -0.942004 0.240000 1.385735
v -1.108003 0.137500 1.539073
v -0.942004 0.137500 1.539073
v -1.108003 0.136667 1.385739
v -0.942004 0.138333 1.385735
v -1.108017 0.240000 0.755739
v -0.942019 0.240000 0.755735
v -0.942004 0.240000 2.169073
v -1.108003 0.240000 2.169073
v -1.108017 0.220000 0.755739
v -0.942019 0.220000 0.755735
v -1.108013 0.210000 0.947739
v -1.108013 0.220000 0.947739
v -0.942014 0.210000 0.947735
v -0.942014 0.220000 0.947735
v -1.108012 0.200000 1.002489
v -1.108012 0.210000 1.002489
v -0.942013 0.200000 1.002485
v -0.942013 0.210000 1.002485
v -1.108010 0.190000 1.057239
v -1.108010 0.200000 1.057239
v -0.942012 0.190000 1.057235
v -0.942012 0.200000 1.057235
v -1.108009 0.180000 1.111989
v -1.108009 0.190000 1.111989
v -0.942010 0.180000 1.111985
v -0.942010 0.190000 1.111985
v -1.108008 0.170000 1.166739
v -1.108008 0.180000 1.166739
v -0.942009 0.170000 1.166735
v -0.942009 0.180000 1.166735
v -1.108007 0.160000 1.221489
v -1.108007 0.170000 1.221489
v -0.942008 0.160000 1.221485
v -0.942008 0.170000 1.221485
v -1.108005 0.150000 1.276239
v -1.108005 0.160000 1.276239
v -0.942006 0.150000 1.276235
v -0.942006 0.160000 1.276235
v -1.108004 0.140000 1.330989
v -0.942005 0.140000 1.330985
v -1.108004 0.150000 1.330989
v -0.942005 0.150000 1.330985
v -1.108003 0.220000 2.169073
v -0.942004 0.220000 2.169073
v -1.108003 0.210000 1.977072
v -0.942004 0.220000 1.977072
v -0.942004 0.210000 1.977072
v -1.108003 0.200000 1.922323
v -0.942004 0.210000 1.922323
v -0.942004 0.200000 1.922323
v -1.108003 0.200000 1.867573
v -1.108003 0.190000 1.867573
v -0.942004 0.200000 1.867573
v -0.942004 0.190000 1.867573
v -1.108003 0.190000 1.812823
v -1.108003 0.180000 1.812823
v -0.942004 0.190000 1.812823
v -0.942004 0.180000 1.812823
v -1.108003 0.180000 1.758072
v -1.108003 0.170000 1.758072
v -0.942004 0.180000 1.758072
v -0.942004 0.170000 1.758072
v -1.108003 0.170000 1.703323
v -1.108003 0.160000 1.703323
v -0.942004 0.170000 1.703323
v -0.942004 0.160000 1.703323
v -1.108003 0.160000 1.648573
v -1.108003 0.150000 1.648573
v -0.942004 0.160000 1.648573
v -0.942004 0.150000 1.648573
v -1.108003 0.140000 1.593822
v -0.942004 0.140000 1.593822
v -0.942004 0.150000 1.593822
v -1.108003 0.150000 1.593822
v -1.108003 0.220000 1.977072
v -1.108003 0.210000 1.922323
v -1.118002 0.105000 1.539072
v -1.108003 0.105000 1.539073
v -0.942004 0.105000 1.539073
v -0.932003 0.105000 1.539072
v -1.118002 0.105000 1.385739
v -1.108003 0.105000 1.385739
v -0.942004 0.105000 1.385735
v -0.932003 0.105000 1.385739
v 1.118002 0.240000 1.539072
v 0.932003 0.240000 1.539072
v 1.118002 0.240000 1.385739
v 0.932003 0.240000 1.385739
v 1.108003 0.240000 1.539073
v 0.942004 0.240000 1.539073
v 1.108003 0.240000 1.385740
v 0.942004 0.240000 1.385735
v 1.108003 0.137500 1.539073
v 0.942004 0.137500 1.539073
v 1.108003 0.136667 1.385739
v 0.942004 0.138333 1.385735
v 1.108017 0.240000 0.755739
v 0.942019 0.240000 0.755735
v 0.942004 0.240000 2.169073
v 1.108003 0.240000 2.169073
v 1.108017 0.220000 0.755739
v 0.942019 0.220000 0.755735
v 1.108013 0.210000 0.947739
v 1.108013 0.220000 0.947739
v 0.942014 0.210000 0.947735
v 0.942014 0.220000 0.947735
v 1.108012 0.200000 1.002489
v 1.108012 0.210000 1.002489
v 0.942013 0.200000 1.002485
v 0.942013 0.210000 1.002485
v 1.108010 0.190000 1.057239
v 1.108010 0.200000 1.057239
v 0.942012 0.190000 1.057235
v 0.942012 0.200000 1.057235
v 1.108009 0.180000 1.111989
v 1.108009 0.190000 1.111989
v 0.942010 0.180000 1.111985
v 0.942010 0.190000 1.111985
v 1.108008 0.170000 1.166739
v 1.108008 0.180000 1.166739
v 0.942009 0.170000 1.166735
v 0.942009 0.180000 1.166735
v 1.108007 0.160000 1.221489
v 1.108007 0.170000 1.221489
v 0.942008 0.160000 1.221485
v 0.942008 0.170000 1.221485
v 1.108005 0.150000 1.276239
v 1.108005 0.160000 1.276239
v 0.942006 0.150000 1.276235
v 0.942006 0.160000 1.276235
v 1.108004 0.140000 1.330989
v 0.942005 0.140000 1.330985
v 1.108004 0.150000 1.330989
v 0.942005 0.150000 1.330985
v 1.108003 0.220000 2.169073
v 0.942004 0.220000 2.169073
v 1.108003 0.210000 1.977072
v 0.942004 0.220000 1.977072
v 0.942004 0.210000 1.977072
v 1.108003 0.200000 1.922323
v 0.942004 0.210000 1.922323
v 0.942004 0.200000 1.922323
v 1.108003 0.200000 1.867573
v 1.108003 0.190000 1.867573
v 0.942004 0.200000 1.867573
v 0.942004 0.190000 1.867573
v 1.108003 0.190000 1.812823
v 1.108003 0.180000 1.812823
v 0.942004 0.190000 1.812823
v 0.942004 0.180000 1.812823
v 1.108003 0.180000 1.758072
v 1.108003 0.170000 1.758072
v 0.942004 0.180000 1.758072
v 0.942004 0.170000 1.758072
v 1.108003 0.170000 1.703323
v 1.108003 0.160000 1.703323
v 0.942004 0.170000 1.703323
v 0.942004 0.160000 1.703323
v 1.108003 0.160000 1.648573
v 1.108003 0.150000 1.648573
v 0.942004 0.160000 1.648573
v 0.942004 0.150000 1.648573
v 1.108003 0.140000 1.593822
v 0.942004 0.140000 1.593822
v 0.942004 0.150000 1.593822
v 1.108003 0.150000 1.593822
v 1.108003 0.220000 1.977072
v 1.108003 0.210000 1.922323
v 1.118002 0.105000 1.539072
v 1.108003 0.105000 1.539073
v 0.942004 0.105000 1.539073
v 0.932003 0.105000 1.539072
v 1.118002 0.105000 1.385739
v 1.108003 0.105000 1.385739
v 0.942004 0.105000 1.385735
v 0.932003 0.105000 1.385739
v -1.118002 0.240000 -1.539072
v -0.932003 0.240000 -1.539072
v -1.118002 0.240000 -1.385739
v -0.932003 0.240000 -1.385739
v -1.108003 0.240000 -1.539073
v -0.942004 0.240000 -1.539073
v -1.108003 0.240000 -1.385740
v -0.942004 0.240000 -1.385735
v -1.108003 0.137500 -1.539073
v -0.942004 0.137500 -1.539073
v -1.108003 0.136667 -1.385739
v -0.942004 0.138333 -1.385735
v -1.108017 0.240000 -0.755739
v -0.942019 0.240000 -0.755735
v -0.942004 0.240000 -2.169073
v -1.108003 0.240000 -2.169073
v -1.108017 0.220000 -0.755739
v -0.942019 0.220000 -0.755735
v -1.108013 0.210000 -0.947739
v -1.108013 0.220000 -0.947739
v -0.942014 0.210000 -0.947735
v -0.942014 0.220000 -0.947735
v -1.108012 0.200000 -1.002489
v -1.108012 0.210000 -1.002489
v -0.942013 0.200000 -1.002485
v -0.942013 0.210000 -1.002485
v -1.108010 0.190000 -1.057239
v -1.108010 0.200000 -1.057239
v -0.942012 0.190000 -1.057235
v -0.942012 0.200000 -1.057235
v -1.108009 0.180000 -1.111989
v -1.108009 0.190000 -1.111989
v -0.942010 0.180000 -1.111985
v -0.942010 0.190000 -1.111985
v -1.108008 0.170000 -1.166739
v -1.108008 0.180000 -1.166739
v -0.942009 0.170000 -1.166735
v -0.942009 0.180000 -1.166735
v -1.108007 0.160000 -1.221489
v -1.108007 0.170000 -1.221489
v -0.942008 0.160000 -1.221485
v -0.942008 0.170000 -1.221485
v -1.108005 0.150000 -1.276239
v -1.108005 0.160000 -1.276239
v -0.942006 0.150000 -1.276235
v -0.942006 0.160000 -1.276235
v -1.108004 0.140000 -1.330989
v -0.942005 0.140000 -1.330985
v -1.108004 0.150000 -1.330989
v -0.942005 0.150000 -1.330985
v -1.108003 0.220000 -2.169073
v -0.942004 0.220000 -2.169073
v -1.108003 0.210000 -1.977072
v -0.942004 0.220000 -1.977072
v -0.942004 0.210000 -1.977072
v -1.108003 0.200000 -1.922323
v -0.942004 0.210000 -1.922323
v -0.942004 0.200000 -1.922323
v -1.108003 0.200000 -1.867573
v -1.108003 0.190000 -1.867573
v -0.942004 0.200000 -1.867573
v -0.942004 0.190000 -1.867573
v -1.108003 0.190000 -1.812823
v -1.108003 0.180000 -1.812823
v -0.942004 0.190000 -1.812823
v -0.942004 0.180000 -1.812823
v -1.108003 0.180000 -1.758072
v -1.108003 0.170000 -1.758072
v -0.942004 0.180000 -1.758072
v -0.942004 0.170000 -1.758072
v -1.108003 0.170000 -1.703323
v -1.108003 0.160000 -1.703323
v -0.942004 0.170000 -1.703323
v -0.942004 0.160000 -1.703323
v -1.108003 0.160000 -1.648573
v -1.108003 0.150000 -1.648573
v -0.942004 0.160000 -1.648573
v -0.942004 0.150000 -1.648573
v -1.108003 0.140000 -1.593822
v -0.942004 0.140000 -1.593822
v -0.942004 0.150000 -1.593822
v -1.108003 0.150000 -1.593822
v -1.108003 0.220000 -1.977072
v -1.108003 0.210000 -1.922323
v -1.118002 0.105000 -1.539072
v -1.108003 0.105000 -1.539073
v -0.942004 0.105000 -1.539073
v -0.932003 0.105000 -1.539072
v -1.118002 0.105000 -1.385739
v -1.108003 0.105000 -1.385739
v -0.942004 0.105000 -1.385735
v -0.932003 0.105000 -1.385739
v 1.118002 0.240000 -1.539072
v 0.932003 0.240000 -1.539072
v 1.118002 0.240000 -1.385739
v 0.932003 0.240000 -1.385739
v 1.108003 0.240000 -1.539073
v 0.942004 0.240000 -1.539073
v 1.108003 0.240000 -1.385740
v 0.942004 0.240000 -1.385735
v 1.108003 0.137500 -1.539073
v 0.942004 0.137500 -1.539073
v 1.108003 0.136667 -1.385739
v 0.942004 0.138333 -1.385735
v 1.108017 0.240000 -0.755739
v 0.942019 0.240000 -0.755735
v 0.942004 0.240000 -2.169073
v 1.108003 0.240000 -2.169073
v 1.108017 0.220000 -0.755739
v 0.942019 0.220000 -0.755735
v 1.108013 0.210000 -0.947739
v 1.108013 0.220000 -0.947739
v 0.942014 0.210000 -0.947735
v 0.942014 0.220000 -0.947735
v 1.108012 0.200000 -1.002489
v 1.108012 0.210000 -1.002489
v 0.942013 0.200000 -1.002485
v 0.942013 0.210000 -1.002485
v 1.108010 0.190000 -1.057239
v 1.108010 0.200000 -1.057239
v 0.942012 0.190000 -1.057235
v 0.942012 0.200000 -1.057235
v 1.108009 0.180000 -1.111989
v 1.108009 0.190000 -1.111989
v 0.942010 0.180000 -1.111985
v 0.942010 0.190000 -1.111985
v 1.108008 0.170000 -1.166739
v 1.108008 0.180000 -1.166739
v 0.942009 0.170000 -1.166735
v 0.942009 0.180000 -1.166735
v 1.108007 0.160000 -1.221489
v 1.108007 0.170000 -1.221489
v 0.942008 0.160000 -1.221485
v 0.942008 0.170000 -1.221485
v 1.108005 0.150000 -1.276239
v 1.108005 0.160000 -1.276239
v 0.942006 0.150000 -1.276235
v 0.942006 0.160000 -1.276235
v 1.108004 0.140000 -1.330989
v 0.942005 0.140000 -1.330985
v 1.108004 0.150000 -1.330989
v 0.942005 0.150000 -1.330985
v 1.108003 0.220000 -2.169073
v 0.942004 0.220000 -2.169073
v 1.108003 0.210000 -1.977072
v 0.942004 0.220000 -1.977072
v 0.942004 0.210000 -1.977072
v 1.108003 0.200000 -1.922323
v 0.942004 0.210000 -1.922323
v 0.942004 0.200000 -1.922323
v 1.108003 0.200000 -1.867573
v 1.108003 0.190000 -1.867573
v 0.942004 0.200000 -1.867573
v 0.942004 0.190000 -1.867573
v 1.108003 0.190000 -1.812823
v 1.108003 0.180000 -1.812823
v 0.942004 0.190000 -1.812823
v 0.942004 0.180000 -1.812823
v 1.108003 0.180000 -1.758072
v 1.108003 0.170000 -1.758072
v 0.942004 0.180000 -1.758072
v 0.942004 0.170000 -1.758072
v 1.108003 0.170000 -1.703323
v 1.108003 0.160000 -1.703323
v 0.942004 0.170000 -1.703323
v 0.942004 0.160000 -1.703323
v 1.108003 0.160000 -1.648573
v 1.108003 0.150000 -1.648573
v 0.942004 0.160000 -1.648573
v 0.942004 0.150000 -1.648573
v 1.108003 0.140000 -1.593822
v 0.942004 0.140000 -1.593822
v 0.942004 0.150000 -1.593822
v 1.108003 0.150000 -1.593822
v 1.108003 0.220000 -1.977072
v 1.108003 0.210000 -1.922323
v 1.118002 0.105000 -1.539072
v 1.108003 0.105000 -1.539073
v 0.942004 0.105000 -1.539073
v 0.932003 0.105000 -1.539072
v 1.118002 0.105000 -1.385739
v 1.108003 0.105000 -1.385739
v 0.942004 0.105000 -1.385735
v 0.932003 0.105000 -1.385739
v 1.036330 0.767808 2.008741
v 1.041407 0.787808 2.009751
v 1.082674 0.767808 2.037325
v 1.085550 0.787808 2.041629
v 1.094999 0.767808 2.078975
v 1.094999 0.787808 2.078975
v 1.085549 0.767808 2.116323
v 1.082674 0.787808 2.120627
v 1.051787 0.767808 2.143647
v 1.051787 0.787808 2.143647
v 1.013667 0.767808 2.149209
v 1.008589 0.787808 2.148199
v 0.975501 0.767808 2.128473
v 0.975501 0.787808 2.128473
v 0.955775 0.767808 2.095385
v 0.954765 0.787808 2.090307
v 0.960327 0.767808 2.052187
v 0.960327 0.787808 2.052187
v 0.983348 0.767808 2.021301
v 0.987652 0.787808 2.018425
v 1.036330 0.215000 2.008741
v 1.041407 0.257223 2.009751
v 1.082674 0.215000 2.037325
v 1.085550 0.257223 2.041629
v 1.094999 0.215000 2.078975
v 1.094999 0.257223 2.078975
v 1.085549 0.215000 2.116323
v 1.082674 0.257223 2.120627
v 1.051787 0.215000 2.143647
v 1.051787 0.257223 2.143647
v 1.013667 0.215000 2.149209
v 1.008589 0.257223 2.148199
v 0.975501 0.215000 2.128473
v 0.975501 0.257223 2.128473
v 0.955775 0.215000 2.095385
v 0.954765 0.257223 2.090307
v 0.960327 0.215000 2.052187
v 0.960327 0.257223 2.052187
v 0.983348 0.215000 2.021301
v 0.987652 0.257223 2.018425
v 1.024999 0.770000 2.048978
v 1.046212 0.770000 2.057765
v 1.054999 0.770000 2.078978
v 1.046212 0.770000 2.100191
v 1.024999 0.770000 2.108978
v 1.003786 0.770000 2.100191
v 0.994999 0.770000 2.078978
v 1.003786 0.770000 2.057765
v 1.024634 0.172373 2.049884
v 1.044726 0.171309 2.058398
v 1.054093 0.172373 2.078613
v 1.045522 0.171069 2.098573
v 1.025364 0.172373 2.108072
v 1.005272 0.171309 2.099558
v 0.995905 0.172373 2.079343
v 1.004476 0.171069 2.059383
v 1.023613 0.187197 2.030869
v 1.025494 0.215001 2.029550
v 1.066841 0.188652 2.053818
v 1.068053 0.215001 2.054692
v 1.067438 0.187534 2.102018
v 1.067558 0.215001 2.104121
v 1.025867 0.188652 2.127794
v 1.024504 0.215001 2.128407
v 0.987678 0.185001 2.100525
v 0.982423 0.189420 2.104095
v 0.981944 0.215001 2.103263
v 0.982288 0.188652 2.055323
v 0.982439 0.215001 2.053836
v 1.046461 0.185423 2.041810
v 1.067823 0.185264 2.078978
v 1.046430 0.185325 2.116096
v 1.003539 0.185423 2.116148
v 0.982078 0.185423 2.078978
v 1.003567 0.185325 2.041860
v -1.013670 0.767808 2.008741
v -1.008593 0.787808 2.009751
v -0.967326 0.767808 2.037325
v -0.964450 0.787808 2.041630
v -0.955001 0.767808 2.078975
v -0.955001 0.787808 2.078975
v -0.964451 0.767808 2.116323
v -0.967327 0.787808 2.120627
v -0.998213 0.767808 2.143647
v -0.998213 0.787808 2.143647
v -1.036334 0.767808 2.149209
v -1.041411 0.787808 2.148199
v -1.074499 0.767808 2.128473
v -1.074499 0.787808 2.128473
v -1.094225 0.767808 2.095385
v -1.095235 0.787808 2.090308
v -1.089673 0.767808 2.052187
v -1.089673 0.787808 2.052187
v -1.066652 0.767808 2.021301
v -1.062348 0.787808 2.018425
v -1.013670 0.215000 2.008741
v -1.008593 0.257223 2.009751
v -0.967326 0.215000 2.037325
v -0.964450 0.257223 2.041630
v -0.955001 0.215000 2.078975
v -0.955001 0.257223 2.078975
v -0.964451 0.215000 2.116323
v -0.967327 0.257223 2.120627
v -0.998213 0.215000 2.143647
v -0.998213 0.257223 2.143647
v -1.036334 0.215000 2.149209
v -1.041411 0.257223 2.148199
v -1.074499 0.215000 2.128473
v -1.074499 0.257223 2.128473
v -1.094225 0.215000 2.095385
v -1.095235 0.257223 2.090308
v -1.089673 0.215000 2.052187
v -1.089673 0.257223 2.052187
v -1.066652 0.215000 2.021301
v -1.062348 0.257223 2.018425
v -1.025001 0.770000 2.048978
v -1.003788 0.770000 2.057765
v -0.995001 0.770000 2.078978
v -1.003788 0.770000 2.100191
v -1.025001 0.770000 2.108978
v -1.046214 0.770000 2.100191
v -1.055001 0.770000 2.078978
v -1.046214 0.770000 2.057765
v -1.025366 0.172373 2.049884
v -1.005274 0.171309 2.058398
v -0.995907 0.172373 2.078613
v -1.004478 0.171069 2.098573
v -1.024637 0.172373 2.108072
v -1.044728 0.171309 2.099558
v -1.054095 0.172373 2.079343
v -1.045524 0.171069 2.059383
v -1.026387 0.187197 2.030869
v -1.024506 0.215001 2.029550
v -0.983159 0.188652 2.053818
v -0.981947 0.215001 2.054692
v -0.982562 0.187534 2.102018
v -0.982442 0.215001 2.104121
v -1.024133 0.188652 2.127794
v -1.025496 0.215001 2.128407
v -1.062322 0.185001 2.100525
v -1.067576 0.189419 2.104096
v -1.068055 0.215001 2.103264
v -1.067711 0.188652 2.055322
v -1.067560 0.215001 2.053835
v -1.003539 0.185423 2.041809
v -0.982177 0.185264 2.078978
v -1.003569 0.185325 2.116096
v -1.046461 0.185423 2.116148
v -1.067921 0.185423 2.078978
v -1.046433 0.185325 2.041860
v -1.025001 0.767808 -2.008974
v -1.025001 0.787808 -2.008974
v -1.062348 0.767808 -2.018424
v -1.066653 0.787808 -2.021300
v -1.094225 0.767808 -2.062564
v -1.089673 0.787808 -2.052186
v -1.094225 0.787808 -2.095384
v -1.089673 0.767808 -2.105762
v -1.066652 0.767808 -2.136650
v -1.062348 0.787808 -2.139526
v -1.013669 0.767808 -2.149208
v -1.008592 0.787808 -2.148198
v -0.967327 0.767808 -2.120626
v -0.975504 0.787808 -2.128472
v -0.954767 0.787808 -2.090304
v -0.954767 0.767808 -2.067644
v -0.960330 0.787808 -2.052186
v -0.983350 0.767808 -2.021300
v -0.987654 0.787808 -2.018424
v -1.025001 0.215000 -2.008974
v -1.025001 0.257223 -2.008974
v -1.062348 0.215000 -2.018424
v -1.066653 0.257223 -2.021300
v -1.094225 0.215000 -2.062564
v -1.089673 0.257223 -2.052186
v -1.094225 0.257223 -2.095384
v -1.089673 0.215000 -2.105762
v -1.066652 0.215000 -2.136650
v -1.062348 0.257223 -2.139526
v -1.013669 0.215000 -2.149208
v -1.008592 0.257223 -2.148198
v -0.967327 0.215000 -2.120626
v -0.975504 0.257223 -2.128472
v -0.954767 0.257223 -2.090304
v -0.954767 0.215000 -2.067644
v -0.960330 0.257223 -2.052186
v -0.983350 0.215000 -2.021300
v -0.987654 0.257223 -2.018424
v -1.025001 0.770000 -2.048977
v -1.046215 0.770000 -2.057764
v -1.055001 0.770000 -2.078977
v -1.046215 0.770000 -2.100190
v -1.025001 0.770000 -2.108977
v -1.003788 0.770000 -2.100190
v -0.995001 0.770000 -2.078977
v -1.003788 0.770000 -2.057764
v -1.024636 0.172373 -2.049883
v -1.044729 0.171309 -2.058398
v -1.054095 0.172373 -2.078613
v -1.045525 0.171069 -2.098572
v -1.025366 0.172373 -2.108071
v -1.005274 0.171308 -2.099557
v -0.995907 0.172373 -2.079342
v -1.004478 0.171069 -2.059382
v -1.023615 0.187197 -2.030868
v -1.025496 0.215001 -2.029549
v -1.066844 0.188652 -2.053817
v -1.068056 0.215001 -2.054691
v -1.067441 0.187533 -2.102016
v -1.067561 0.215001 -2.104120
v -1.025870 0.188652 -2.127794
v -1.024507 0.215001 -2.128406
v -0.987681 0.185001 -2.100524
v -0.982426 0.189419 -2.104095
v -0.981947 0.215001 -2.103263
v -0.982291 0.188652 -2.055321
v -0.982442 0.215001 -2.053834
v -1.046464 0.185423 -2.041808
v -1.067826 0.185264 -2.078978
v -1.046433 0.185325 -2.116096
v -1.003540 0.185423 -2.116147
v -0.982081 0.185423 -2.078978
v -1.003569 0.185325 -2.041860
v 1.024999 0.767808 -2.008974
v 1.036328 0.787808 -2.008740
v 0.987652 0.767808 -2.018424
v 0.983347 0.787808 -2.021300
v 0.955775 0.767808 -2.062564
v 0.960327 0.787808 -2.052186
v 0.955775 0.787808 -2.095384
v 0.960327 0.767808 -2.105762
v 0.983348 0.767808 -2.136650
v 0.987652 0.787808 -2.139526
v 1.036331 0.767808 -2.149208
v 1.041408 0.787808 -2.148198
v 1.082673 0.767808 -2.120626
v 1.074496 0.787808 -2.128472
v 1.095233 0.787808 -2.090304
v 1.095233 0.767808 -2.067644
v 1.082674 0.787808 -2.037323
v 1.066650 0.767808 -2.021300
v 1.024999 0.215000 -2.008974
v 1.036328 0.257223 -2.008740
v 0.987652 0.215000 -2.018424
v 0.983347 0.257223 -2.021300
v 0.955775 0.215000 -2.062564
v 0.960327 0.257223 -2.052186
v 0.955775 0.257223 -2.095384
v 0.960327 0.215000 -2.105762
v 0.983348 0.215000 -2.136650
v 0.987652 0.257223 -2.139526
v 1.036331 0.215000 -2.149208
v 1.041408 0.257223 -2.148198
v 1.082673 0.215000 -2.120626
v 1.074496 0.257223 -2.128472
v 1.095233 0.257223 -2.090304
v 1.095233 0.215000 -2.067644
v 1.082674 0.257223 -2.037323
v 1.066650 0.215000 -2.021300
v 1.024999 0.770000 -2.048977
v 1.003785 0.770000 -2.057764
v 0.994999 0.770000 -2.078977
v 1.003785 0.770000 -2.100190
v 1.024999 0.770000 -2.108977
v 1.046212 0.770000 -2.100190
v 1.054999 0.770000 -2.078977
v 1.046212 0.770000 -2.057764
v 1.025364 0.172373 -2.049883
v 1.005271 0.171309 -2.058398
v 0.995905 0.172373 -2.078613
v 1.004475 0.171069 -2.098572
v 1.024635 0.172373 -2.108071
v 1.044726 0.171308 -2.099557
v 1.054093 0.172373 -2.079342
v 1.045522 0.171069 -2.059382
v 1.026385 0.187197 -2.030868
v 1.024504 0.215001 -2.029549
v 0.983157 0.188652 -2.053817
v 0.981945 0.215001 -2.054691
v 0.982559 0.187533 -2.102016
v 0.982439 0.215001 -2.104120
v 1.024130 0.188652 -2.127794
v 1.025494 0.215001 -2.128406
v 1.062319 0.185001 -2.100524
v 1.067574 0.189419 -2.104095
v 1.068053 0.215001 -2.103263
v 1.067709 0.188652 -2.055321
v 1.067558 0.215001 -2.053834
v 1.003537 0.185423 -2.041808
v 0.982174 0.185264 -2.078978
v 1.003567 0.185325 -2.116096
v 1.046460 0.185423 -2.116147
v 1.067919 0.185423 -2.078978
v 1.046431 0.185325 -2.041860
v 1.008589 0.614882 0.776159
v 1.041409 0.634882 0.776159
v 1.051787 0.614882 0.780711
v 1.082674 0.614882 0.803732
v 1.085549 0.634882 0.808036
v 1.094999 0.614882 0.845383
v 1.094999 0.634882 0.845383
v 1.085550 0.614882 0.882729
v 1.082674 0.634882 0.887033
v 1.041407 0.614882 0.914607
v 1.036330 0.634882 0.915617
v 0.987652 0.614882 0.905933
v 0.983348 0.634882 0.903058
v 0.960327 0.614882 0.872171
v 0.960327 0.634882 0.872171
v 0.954765 0.614882 0.834050
v 0.955775 0.634882 0.828973
v 0.975501 0.614882 0.795885
v 0.987652 0.634882 0.784831
v 1.008589 0.215000 0.776159
v 1.041409 0.257223 0.776159
v 1.051787 0.215000 0.780711
v 1.082674 0.215000 0.803732
v 1.085549 0.257223 0.808036
v 1.094999 0.215000 0.845383
v 1.094999 0.257223 0.845383
v 1.085550 0.215000 0.882729
v 1.082674 0.257223 0.887033
v 1.041407 0.215000 0.914607
v 1.036330 0.257223 0.915617
v 0.987652 0.215000 0.905934
v 0.983348 0.257223 0.903058
v 0.960327 0.215000 0.872171
v 0.960327 0.257223 0.872171
v 0.954765 0.215000 0.834050
v 0.955775 0.257223 0.828973
v 0.975501 0.215000 0.795885
v 0.987652 0.257223 0.784831
v 1.024999 0.617073 0.815386
v 1.046212 0.617073 0.824172
v 1.054999 0.617073 0.845386
v 1.046212 0.617073 0.866599
v 1.024999 0.617073 0.875386
v 1.003786 0.617073 0.866599
v 0.994999 0.617073 0.845386
v 1.003786 0.617073 0.824172
v 1.024635 0.172373 0.816292
v 1.044726 0.171309 0.824805
v 1.054093 0.172373 0.845021
v 1.045522 0.171069 0.864981
v 1.025364 0.172373 0.874480
v 1.005272 0.171309 0.865966
v 0.995905 0.172373 0.845751
v 1.004476 0.171069 0.825791
v 1.023612 0.187197 0.797276
v 1.025494 0.215001 0.795957
v 1.066841 0.188652 0.820226
v 1.068053 0.215001 0.821100
v 1.067438 0.187534 0.868426
v 1.067558 0.215001 0.870529
v 1.025867 0.188652 0.894202
v 1.024504 0.215001 0.894815
v 0.987678 0.185001 0.866932
v 0.982423 0.189419 0.870503
v 0.981944 0.215001 0.869671
v 0.982288 0.188652 0.821731
v 0.982439 0.215001 0.820244
v 1.046457 0.185423 0.808215
v 1.067823 0.185264 0.845385
v 1.046428 0.185325 0.882505
v 1.003542 0.185423 0.882557
v 0.982078 0.185423 0.845385
v 1.003571 0.185325 0.808265
v 1.008589 0.614882 -0.914606
v 1.041410 0.634882 -0.914606
v 1.051787 0.614882 -0.910054
v 1.082675 0.614882 -0.887031
v 1.085550 0.634882 -0.882727
v 1.094999 0.614882 -0.845382
v 1.094999 0.634882 -0.845382
v 1.085549 0.614882 -0.808035
v 1.082674 0.634882 -0.803731
v 1.051787 0.614882 -0.780710
v 1.051787 0.634882 -0.780710
v 1.013667 0.614882 -0.775148
v 1.008589 0.634882 -0.776158
v 0.975501 0.614882 -0.795884
v 0.975501 0.634882 -0.795884
v 0.955775 0.614882 -0.828972
v 0.954765 0.634882 -0.834050
v 0.964446 0.614882 -0.882727
v 0.967322 0.634882 -0.887031
v 0.998211 0.634882 -0.910054
v 1.008589 0.215000 -0.914606
v 1.041410 0.257223 -0.914606
v 1.051787 0.215000 -0.910054
v 1.082675 0.215000 -0.887031
v 1.085550 0.257223 -0.882727
v 1.094999 0.215000 -0.845382
v 1.094999 0.257223 -0.845382
v 1.085549 0.215000 -0.808035
v 1.082674 0.257223 -0.803731
v 1.051787 0.215000 -0.780710
v 1.051787 0.257223 -0.780710
v 1.013667 0.215000 -0.775148
v 1.008589 0.257223 -0.776158
v 0.975501 0.215000 -0.795884
v 0.975501 0.257223 -0.795884
v 0.955775 0.215000 -0.828972
v 0.954765 0.257223 -0.834049
v 0.964446 0.215000 -0.882727
v 0.967322 0.257223 -0.887031
v 0.998211 0.257223 -0.910054
v 1.024999 0.617073 -0.875379
v 1.046212 0.617073 -0.866592
v 1.054999 0.617073 -0.845379
v 1.046212 0.617073 -0.824166
v 1.024999 0.617073 -0.815379
v 1.003786 0.617073 -0.824166
v 0.994999 0.617073 -0.845379
v 1.003786 0.617073 -0.866592
v 1.024634 0.172373 -0.874473
v 1.044726 0.171308 -0.865959
v 1.054093 0.172373 -0.845744
v 1.045522 0.171069 -0.825784
v 1.025364 0.172373 -0.816285
v 1.005272 0.171309 -0.824799
v 0.995905 0.172373 -0.845014
v 1.004476 0.171069 -0.864974
v 1.023613 0.187197 -0.893489
v 1.025494 0.215001 -0.894808
v 1.066841 0.188652 -0.870539
v 1.068053 0.215001 -0.869665
v 1.067438 0.187534 -0.822339
v 1.067558 0.215001 -0.820236
v 1.025867 0.188652 -0.796563
v 1.024504 0.215001 -0.795950
v 0.987678 0.185001 -0.823832
v 0.982423 0.189419 -0.820262
v 0.981944 0.215001 -0.821094
v 0.982288 0.188652 -0.869035
v 0.982439 0.215001 -0.870521
v 1.046461 0.185423 -0.882548
v 1.067823 0.185264 -0.845380
v 1.046431 0.185325 -0.808261
v 1.003538 0.185423 -0.808209
v 0.982078 0.185423 -0.845380
v 1.003568 0.185325 -0.882497
v -1.041412 0.614882 -0.914606
v -1.008590 0.634882 -0.914606
v -0.998213 0.614882 -0.910054
v -0.967326 0.614882 -0.887031
v -0.964450 0.634882 -0.882727
v -0.955001 0.614882 -0.845382
v -0.955001 0.634882 -0.845382
v -0.964450 0.614882 -0.808035
v -0.967326 0.634882 -0.803731
v -0.998213 0.614882 -0.780710
v -0.998213 0.634882 -0.780710
v -1.036334 0.614882 -0.775148
v -1.041411 0.634882 -0.776158
v -1.074499 0.614882 -0.795884
v -1.074499 0.634882 -0.795884
v -1.094225 0.614882 -0.828972
v -1.095235 0.634882 -0.834049
v -1.085554 0.614882 -0.882727
v -1.082678 0.634882 -0.887031
v -1.051789 0.634882 -0.910054
v -1.041412 0.215000 -0.914606
v -1.008590 0.257223 -0.914606
v -0.998213 0.215000 -0.910054
v -0.967326 0.215000 -0.887031
v -0.964450 0.257223 -0.882727
v -0.955001 0.215000 -0.845382
v -0.955001 0.257223 -0.845382
v -0.964450 0.215000 -0.808035
v -0.967326 0.257223 -0.803731
v -0.998213 0.215000 -0.780710
v -0.998213 0.257223 -0.780710
v -1.036334 0.215000 -0.775148
v -1.041411 0.257223 -0.776158
v -1.074499 0.215000 -0.795884
v -1.074499 0.257223 -0.795884
v -1.094225 0.215000 -0.828972
v -1.095235 0.257223 -0.834049
v -1.085554 0.215000 -0.882727
v -1.082678 0.257223 -0.887031
v -1.051789 0.257223 -0.910054
v -1.025001 0.617073 -0.875379
v -1.003788 0.617073 -0.866592
v -0.995001 0.617073 -0.845379
v -1.003788 0.617073 -0.824166
v -1.025001 0.617073 -0.815379
v -1.046214 0.617073 -0.824166
v -1.055001 0.617073 -0.845379
v -1.046214 0.617073 -0.866592
v -1.025366 0.172373 -0.874473
v -1.005274 0.171308 -0.865959
v -0.995907 0.172373 -0.845744
v -1.004478 0.171069 -0.825784
v -1.024636 0.172373 -0.816285
v -1.044728 0.171309 -0.824799
v -1.054095 0.172373 -0.845014
v -1.045524 0.171069 -0.864974
v -1.026387 0.187197 -0.893489
v -1.024506 0.215001 -0.894808
v -0.983159 0.188652 -0.870539
v -0.981947 0.215001 -0.869665
v -0.982562 0.187534 -0.822339
v -0.982442 0.215001 -0.820236
v -1.024133 0.188652 -0.796563
v -1.025496 0.215001 -0.795950
v -1.062322 0.185001 -0.823832
v -1.067576 0.189419 -0.820261
v -1.068055 0.215001 -0.821093
v -1.067711 0.188652 -0.869035
v -1.067560 0.215001 -0.870522
v -1.003539 0.185423 -0.882548
v -0.982177 0.185264 -0.845380
v -1.003569 0.185325 -0.808261
v -1.046462 0.185423 -0.808209
v -1.067921 0.185423 -0.845380
v -1.046432 0.185325 -0.882497
v -1.041412 0.614881 0.776159
v -1.008590 0.634881 0.776159
v -0.998213 0.614881 0.780711
v -0.967326 0.614881 0.803734
v -0.964450 0.634881 0.808038
v -0.955001 0.614881 0.845383
v -0.955001 0.634881 0.845383
v -0.964450 0.614881 0.882728
v -0.967326 0.634881 0.887032
v -1.008590 0.614881 0.914607
v -0.998213 0.634881 0.910055
v -1.041412 0.634881 0.914607
v -1.051789 0.614881 0.910055
v -1.082678 0.614881 0.887032
v -1.085554 0.634881 0.882728
v -1.095001 0.614881 0.845383
v -1.095001 0.634881 0.845383
v -1.085554 0.614881 0.808038
v -1.082678 0.634881 0.803734
v -1.051789 0.634881 0.780711
v -1.041412 0.214999 0.776159
v -1.008590 0.257222 0.776159
v -0.998213 0.214999 0.780711
v -0.967326 0.214999 0.803734
v -0.964450 0.257222 0.808038
v -0.955001 0.214999 0.845383
v -0.955001 0.257222 0.845383
v -0.964450 0.214999 0.882728
v -0.967326 0.257222 0.887032
v -1.008590 0.214999 0.914607
v -0.998213 0.257222 0.910055
v -1.041412 0.257222 0.914607
v -1.051789 0.214999 0.910055
v -1.082678 0.214999 0.887032
v -1.085554 0.257222 0.882728
v -1.095001 0.214999 0.845383
v -1.095001 0.257222 0.845383
v -1.085554 0.214999 0.808038
v -1.082678 0.257222 0.803734
v -1.051789 0.257222 0.780711
v -1.025001 0.617073 0.815386
v -1.003788 0.617073 0.824173
v -0.995001 0.617073 0.845386
v -1.003788 0.617073 0.866599
v -1.025001 0.617073 0.875386
v -1.046214 0.617073 0.866599
v -1.055001 0.617073 0.845386
v -1.046214 0.617073 0.824173
v -1.025366 0.172372 0.816292
v -1.005274 0.171308 0.824806
v -0.995907 0.172372 0.845021
v -1.004478 0.171068 0.864981
v -1.024636 0.172372 0.874480
v -1.044728 0.171308 0.865966
v -1.054095 0.172372 0.845751
v -1.045524 0.171068 0.825791
v -1.026387 0.187196 0.797277
v -1.024506 0.215000 0.795957
v -0.983160 0.188652 0.820226
v -0.981947 0.215000 0.821100
v -0.982562 0.187533 0.868425
v -0.982442 0.215000 0.870529
v -1.024133 0.188652 0.894202
v -1.025496 0.215000 0.894815
v -1.062322 0.185000 0.866933
v -1.067576 0.189419 0.870504
v -1.068055 0.215000 0.869672
v -1.067711 0.188652 0.821730
v -1.067560 0.215000 0.820243
v -1.003540 0.185422 0.808217
v -0.982177 0.185263 0.845385
v -1.003569 0.185324 0.882504
v -1.046462 0.185422 0.882556
v -1.067921 0.185422 0.845385
v -1.046432 0.185324 0.808268
v -1.200000 0.897568 -1.183445
v -1.200000 0.897571 -1.742407
v -0.850002 0.295000 -1.892407
v -0.850002 0.897571 -1.992406
v -1.200000 0.295000 -1.892407
v -1.200000 0.897571 -1.992406
v -1.200000 0.897571 -0.932406
v -0.850002 0.897571 -0.932407
v -1.200000 0.295000 -1.032407
v -0.850002 0.295000 -1.032407
v -1.180000 0.770001 -1.232407
v -1.180000 0.350000 -1.232407
v -0.870002 0.350000 -1.692407
v -0.870002 0.770001 -1.692407
v -0.870002 0.770001 -1.232407
v -0.870002 0.350000 -1.232407
v -1.180000 0.350000 -1.692407
v -1.180000 0.770001 -1.692407
v -1.200000 0.295000 -1.742407
v -1.180000 0.295000 -1.692407
v -1.180000 0.295000 -1.742407
v -1.180000 0.396667 -1.692407
v -1.180000 0.723334 -1.692407
v -1.180000 0.436667 -1.732407
v -1.180000 0.683334 -1.732407
v -1.200000 0.295000 -1.129407
v -1.180000 0.295000 -1.232407
v -1.180000 0.295000 -1.129407
v -1.180000 0.723334 -1.232407
v -1.180000 0.396667 -1.232407
v -1.180000 0.683334 -1.192407
v -1.180000 0.436667 -1.192407
v -0.850002 0.897571 -1.742407
v -0.850002 0.295000 -1.742407
v -0.850002 0.295000 -1.129407
v -0.850002 0.897567 -1.184902
v -0.870002 0.295000 -1.742407
v -0.870002 0.295000 -1.692407
v -0.870002 0.295000 -1.129407
v -0.870002 0.295000 -1.232407
v -1.180000 0.833786 -1.692407
v -1.180000 0.833786 -1.232407
v -0.870002 0.833786 -1.692407
v -0.870002 0.833786 -1.232407
v -0.870002 0.833786 -1.742407
v -0.870002 0.833786 -1.182407
v -1.180000 0.833786 -1.182407
v -1.180000 0.833786 -1.742407
v -1.180001 0.295000 -1.892407
v -0.870002 0.295000 -1.892407
v -0.870002 0.897571 -1.992406
v -1.180001 0.897571 -1.992406
v -1.180001 0.897571 -0.932406
v -0.870002 0.897571 -0.932406
v -0.870002 0.295000 -1.032407
v -1.180001 0.295000 -1.032407
v -1.180001 0.897571 -0.942406
v -0.870002 0.897571 -0.942406
v -0.870002 0.295000 -1.042407
v -1.180001 0.295000 -1.042407
v -1.180001 0.295000 -1.882407
v -0.870002 0.295000 -1.882407
v -0.870002 0.897571 -1.982406
v -1.180001 0.897571 -1.982406
v 1.200000 0.897569 -1.183653
v 1.200000 0.897571 -1.742407
v 0.850002 0.295000 -1.892407
v 0.850002 0.897571 -1.992406
v 1.200000 0.295000 -1.892407
v 1.200000 0.897571 -1.992406
v 1.200000 0.897571 -0.932406
v 0.850002 0.897571 -0.932407
v 1.200000 0.295000 -1.032407
v 0.850002 0.295000 -1.032407
v 1.180000 0.770001 -1.232407
v 1.180000 0.350000 -1.232407
v 0.870002 0.350000 -1.692407
v 0.870002 0.770001 -1.692407
v 0.870002 0.770001 -1.232407
v 0.870002 0.350000 -1.232407
v 1.180000 0.350000 -1.692407
v 1.180000 0.770001 -1.692407
v 1.200000 0.295000 -1.742407
v 1.180000 0.295000 -1.692407
v 1.180000 0.295000 -1.742407
v 1.180000 0.396667 -1.692407
v 1.180000 0.723334 -1.692407
v 1.180000 0.436667 -1.732407
v 1.180000 0.683334 -1.732407
v 1.200000 0.295000 -1.129407
v 1.180000 0.295000 -1.232407
v 1.180000 0.295000 -1.129407
v 1.180000 0.723334 -1.232407
v 1.180000 0.396667 -1.232407
v 1.180000 0.683334 -1.192407
v 1.180000 0.436667 -1.192407
v 0.850002 0.897571 -1.742407
v 0.850002 0.295000 -1.742407
v 0.850002 0.295000 -1.129407
v 0.850002 0.897567 -1.184902
v 0.870002 0.295000 -1.742407
v 0.870002 0.295000 -1.692407
v 0.870002 0.295000 -1.129407
v 0.870002 0.295000 -1.232407
v 1.180000 0.833786 -1.692407
v 1.180000 0.833786 -1.232407
v 0.870002 0.833786 -1.692407
v 0.870002 0.833786 -1.232407
v 0.870002 0.833786 -1.742407
v 0.870002 0.833786 -1.182407
v 1.180000 0.833786 -1.182407
v 1.180000 0.833786 -1.742407
v 1.180001 0.295000 -1.892407
v 0.870002 0.295000 -1.892407
v 0.870002 0.897571 -1.992406
v 1.180001 0.897571 -1.992406
v 1.180001 0.897571 -0.932406
v 0.870002 0.897571 -0.932406
v 0.870002 0.295000 -1.032407
v 1.180001 0.295000 -1.032407
v 1.180001 0.897571 -0.942406
v 0.870002 0.897571 -0.942406
v 0.870002 0.295000 -1.042407
v 1.180001 0.295000 -1.042407
v 1.180001 0.295000 -1.882407
v 0.870002 0.295000 -1.882407
v 0.870002 0.897571 -1.982406
v 1.180001 0.897571 -1.982406
v -1.200000 0.897569 1.183653
v -1.200000 0.897571 1.742407
v -0.850002 0.295000 1.892407
v -0.850002 0.897571 1.992406
v -1.200000 0.295000 1.892407
v -1.200000 0.897571 1.992406
v -1.200000 0.897571 0.932406
v -0.850002 0.897571 0.932407
v -1.200000 0.295000 1.032407
v -0.850002 0.295000 1.032407
v -1.180000 0.770001 1.232407
v -1.180000 0.350000 1.232407
v -0.870002 0.350000 1.692407
v -0.870002 0.770001 1.692407
v -0.870002 0.770001 1.232407
v -0.870002 0.350000 1.232407
v -1.180000 0.350000 1.692407
v -1.180000 0.770001 1.692407
v -1.200000 0.295000 1.742407
v -1.180000 0.295000 1.692407
v -1.180000 0.295000 1.742407
v -1.180000 0.396667 1.692407
v -1.180000 0.723334 1.692407
v -1.180000 0.436667 1.732407
v -1.180000 0.683334 1.732407
v -1.200000 0.295000 1.129407
v -1.180000 0.295000 1.232407
v -1.180000 0.295000 1.129407
v -1.180000 0.723334 1.232407
v -1.180000 0.396667 1.232407
v -1.180000 0.683334 1.192407
v -1.180000 0.436667 1.192407
v -0.850002 0.897571 1.742407
v -0.850002 0.295000 1.742407
v -0.850002 0.295000 1.129407
v -0.850002 0.897567 1.184902
v -0.870002 0.295000 1.742407
v -0.870002 0.295000 1.692407
v -0.870002 0.295000 1.129407
v -0.870002 0.295000 1.232407
v -1.180000 0.833786 1.692407
v -1.180000 0.833786 1.232407
v -0.870002 0.833786 1.692407
v -0.870002 0.833786 1.232407
v -0.870002 0.833786 1.742407
v -0.870002 0.833786 1.182407
v -1.180000 0.833786 1.182407
v -1.180000 0.833786 1.742407
v -1.180001 0.295000 1.892407
v -0.870002 0.295000 1.892407
v -0.870002 0.897571 1.992406
v -1.180001 0.897571 1.992406
v -1.180001 0.897571 0.932406
v -0.870002 0.897571 0.932406
v -0.870002 0.295000 1.032407
v -1.180001 0.295000 1.032407
v -1.180001 0.897571 0.942406
v -0.870002 0.897571 0.942406
v -0.870002 0.295000 1.042407
v -1.180001 0.295000 1.042407
v -1.180001 0.295000 1.882407
v -0.870002 0.295000 1.882407
v -0.870002 0.897571 1.982406
v -1.180001 0.897571 1.982406
v 1.200000 0.897569 1.183445
v 1.200000 0.897571 1.742407
v 0.850002 0.295000 1.892407
v 0.850002 0.897571 1.992406
v 1.200000 0.295000 1.892407
v 1.200000 0.897571 1.992406
v 1.200000 0.897571 0.932406
v 0.850002 0.897571 0.932407
v 1.200000 0.295000 1.032407
v 0.850002 0.295000 1.032407
v 1.180000 0.770001 1.232407
v 1.180000 0.350000 1.232407
v 0.870002 0.350000 1.692407
v 0.870002 0.770001 1.692407
v 0.870002 0.770001 1.232407
v 0.870002 0.350000 1.232407
v 1.180000 0.350000 1.692407
v 1.180000 0.770001 1.692407
v 1.200000 0.295000 1.742407
v 1.180000 0.295000 1.692407
v 1.180000 0.295000 1.742407
v 1.180000 0.396667 1.692407
v 1.180000 0.723334 1.692407
v 1.180000 0.436667 1.732407
v 1.180000 0.683334 1.732407
v 1.200000 0.295000 1.129407
v 1.180000 0.295000 1.232407
v 1.180000 0.295000 1.129407
v 1.180000 0.723334 1.232407
v 1.180000 0.396667 1.232407
v 1.180000 0.683334 1.192407
v 1.180000 0.436667 1.192407
v 0.850002 0.897571 1.742407
v 0.850002 0.295000 1.742407
v 0.850002 0.295000 1.129407
v 0.850002 0.897567 1.184902
v 0.870002 0.295000 1.742407
v 0.870002 0.295000 1.692407
v 0.870002 0.295000 1.129407
v 0.870002 0.295000 1.232407
v 1.180000 0.833786 1.692407
v 1.180000 0.833786 1.232407
v 0.870002 0.833786 1.692407
v 0.870002 0.833786 1.232407
v 0.870002 0.833786 1.742407
v 0.870002 0.833786 1.182407
v 1.180000 0.833786 1.182407
v 1.180000 0.833786 1.742407
v 1.180001 0.295000 1.892407
v 0.870002 0.295000 1.892407
v 0.870002 0.897571 1.992406
v 1.180001 0.897571 1.992406
v 1.180001 0.897571 0.932406
v 0.870002 0.897571 0.932406
v 0.870002 0.295000 1.032407
v 1.180001 0.295000 1.032407
v 1.180001 0.897571 0.942406
v 0.870002 0.897571 0.942406
v 0.870002 0.295000 1.042407
v 1.180001 0.295000 1.042407
v 1.180001 0.295000 1.882407
v 0.870002 0.295000 1.882407
v 0.870002 0.897571 1.982406
v 1.180001 0.897571 1.982406
v 1.117998 0.897571 2.002310
v 1.087999 0.897571 2.002310
v 0.962000 0.897571 2.002310
v 0.931999 0.897571 2.002310
v 1.117998 0.897571 2.155643
v 1.087999 0.897571 2.155643
v 0.962000 0.897571 2.155647
v 0.931999 0.897571 2.155643
v 1.117998 0.797571 2.002310
v 1.087999 0.797571 2.002310
v 0.962000 0.797571 2.002310
v 0.931999 0.797571 2.002310
v 1.117998 0.797571 2.155643
v 1.087999 0.797571 2.155643
v 0.962000 0.797571 2.155647
v 0.931999 0.797571 2.155643
v 1.117998 0.787571 2.002310
v 0.931999 0.787571 2.002310
v 1.117998 0.787571 2.155643
v 0.931999 0.787571 2.155643
v 1.087999 0.822614 2.044225
v 1.087999 0.822614 2.113728
v 0.931999 0.813785 2.105477
v 0.962000 0.822614 2.113732
v 1.117998 0.813785 2.105477
v 0.962000 0.822614 2.044225
v 0.931999 0.813784 2.052478
v 1.117998 0.813784 2.052478
v 0.992000 0.797571 2.155646
v 1.057999 0.797571 2.155644
v 0.991999 0.797571 2.002310
v 1.057999 0.797571 2.002310
v 0.962000 0.879770 2.107437
v 0.962000 0.888673 2.080484
v 0.962000 0.880753 2.051285
v 1.087999 0.880552 2.051785
v 1.087999 0.888673 2.077471
v 1.087999 0.881363 2.105471
v 0.992000 0.888673 2.077473
v 0.992000 0.881363 2.105473
v 1.058012 0.879775 2.107431
v 1.057959 0.888672 2.080482
v 0.992000 0.880552 2.051786
v 1.058523 0.880732 2.051265
v 1.117998 0.806640 2.078977
v 0.931999 0.806640 2.078977
v 0.962000 0.806221 2.078979
v 1.087999 0.806221 2.078977
v 0.924999 0.838525 2.053894
v 0.924999 0.818970 2.067735
v 0.924999 0.820945 2.092314
v 0.924999 0.841218 2.105084
v 0.924999 0.863170 2.093851
v 0.924999 0.867655 2.074931
v 0.924999 0.857448 2.058379
v 1.124442 0.846831 2.054350
v 1.124609 0.828189 2.058644
v 1.124442 0.817944 2.074716
v 1.124566 0.822213 2.093363
v 1.122023 0.832802 2.102564
v 1.124442 0.848059 2.103360
v 1.124723 0.860180 2.095879
v 1.124442 0.867198 2.083238
v 1.124566 0.862929 2.064590
v 1.118005 0.846618 2.053894
v 1.119992 0.838525 2.053894
v 1.118005 0.827695 2.058379
v 1.119992 0.857448 2.058379
v 1.119992 0.818970 2.067735
v 1.118005 0.817487 2.074931
v 1.119992 0.820945 2.092314
v 1.118005 0.821972 2.093851
v 1.118005 0.843925 2.105084
v 1.119992 0.846618 2.104061
v 1.119992 0.863170 2.093851
v 1.118005 0.864197 2.092314
v 1.119992 0.867655 2.074931
v 1.118005 0.866173 2.067735
v 1.118010 0.851304 2.046190
v 1.119992 0.826901 2.046505
v 1.118010 0.825564 2.049617
v 1.118034 0.809037 2.072308
v 1.118039 0.814142 2.097972
v 1.118010 0.833838 2.111763
v 1.119992 0.858244 2.111448
v 1.118010 0.859582 2.108335
v 1.118039 0.876106 2.085646
v 1.118010 0.871929 2.061967
v 1.119992 0.866321 2.055228
v -1.117998 0.897571 2.002310
v -1.087999 0.897571 2.002310
v -0.962000 0.897571 2.002310
v -0.931999 0.897571 2.002310
v -1.117998 0.897571 2.155643
v -1.087999 0.897571 2.155643
v -0.962000 0.897571 2.155647
v -0.931999 0.897571 2.155643
v -1.117998 0.797571 2.002310
v -1.087999 0.797571 2.002310
v -0.962000 0.797571 2.002310
v -0.931999 0.797571 2.002310
v -1.117998 0.797571 2.155643
v -1.087999 0.797571 2.155643
v -0.962000 0.797571 2.155647
v -0.931999 0.797571 2.155643
v -1.117998 0.787571 2.002310
v -0.931999 0.787571 2.002310
v -1.117998 0.787571 2.155643
v -0.931999 0.787571 2.155643
v -1.087999 0.822614 2.044225
v -1.087999 0.822614 2.113728
v -0.931999 0.813785 2.105477
v -0.962000 0.822614 2.113732
v -1.117998 0.813785 2.105477
v -0.962000 0.822614 2.044225
v -0.931999 0.813784 2.052478
v -1.117998 0.813784 2.052477
v -0.992000 0.797571 2.155646
v -1.057999 0.797571 2.155644
v -0.991999 0.797571 2.002310
v -1.057999 0.797571 2.002310
v -0.962000 0.879770 2.107437
v -0.962000 0.888673 2.080484
v -0.962000 0.880753 2.051285
v -1.087999 0.880552 2.051785
v -1.087999 0.888673 2.077471
v -1.087999 0.881363 2.105471
v -0.992000 0.888673 2.077473
v -0.992000 0.881363 2.105473
v -1.057999 0.879770 2.107435
v -1.057946 0.888673 2.080470
v -0.992000 0.880552 2.051786
v -1.058520 0.880735 2.051268
v -1.117998 0.806640 2.078977
v -0.931999 0.806640 2.078977
v -0.962000 0.806221 2.078979
v -1.087999 0.806221 2.078977
v -0.924999 0.848431 2.054254
v -0.924999 0.829232 2.057352
v -0.924999 0.817848 2.073117
v -0.924999 0.823154 2.096480
v -0.924999 0.846618 2.104061
v -0.924999 0.863170 2.093851
v -0.924999 0.867209 2.070236
v -1.124610 0.846779 2.054430
v -1.121746 0.830778 2.056161
v -1.124442 0.821449 2.065616
v -1.124680 0.818146 2.079458
v -1.124442 0.822144 2.093377
v -1.122430 0.832854 2.102436
v -1.124609 0.848077 2.103266
v -1.124442 0.863693 2.092337
v -1.124680 0.866997 2.078496
v -1.124442 0.862998 2.064576
v -1.118005 0.846617 2.053894
v -1.119992 0.848431 2.054254
v -1.118005 0.827695 2.058379
v -1.119992 0.817848 2.073117
v -1.118005 0.817488 2.074931
v -1.119992 0.820945 2.092314
v -1.118005 0.825068 2.098395
v -1.119992 0.846618 2.104061
v -1.118005 0.848431 2.103700
v -1.119992 0.863170 2.093851
v -1.118005 0.864197 2.092314
v -1.119992 0.867209 2.070236
v -1.118005 0.866173 2.067735
v -1.118010 0.851304 2.046190
v -1.119992 0.826901 2.046505
v -1.118010 0.825564 2.049617
v -1.118039 0.809037 2.072308
v -1.118010 0.813213 2.095987
v -1.119992 0.830690 2.113018
v -1.118010 0.833838 2.111763
v -1.118034 0.861567 2.107406
v -1.118010 0.875359 2.087707
v -1.119992 0.875043 2.063308
v -1.118010 0.871929 2.061967
v 1.117998 0.897571 -2.002310
v 1.087999 0.897571 -2.002310
v 0.962000 0.897571 -2.002310
v 0.931999 0.897571 -2.002310
v 1.117998 0.897571 -2.155643
v 1.087999 0.897571 -2.155643
v 0.962000 0.897571 -2.155647
v 0.931999 0.897571 -2.155643
v 1.117998 0.797571 -2.002310
v 1.087999 0.797571 -2.002310
v 0.962000 0.797571 -2.002310
v 0.931999 0.797571 -2.002310
v 1.117998 0.797571 -2.155643
v 1.087999 0.797571 -2.155643
v 0.962000 0.797571 -2.155647
v 0.931999 0.797571 -2.155643
v 1.117998 0.787571 -2.002310
v 0.931999 0.787571 -2.002310
v 1.117998 0.787571 -2.155643
v 0.931999 0.787571 -2.155643
v 1.087999 0.822613 -2.044225
v 1.087999 0.822613 -2.113728
v 0.931999 0.813785 -2.105477
v 0.962000 0.822613 -2.113732
v 1.117998 0.813785 -2.105477
v 0.962000 0.822613 -2.044225
v 0.931999 0.813784 -2.052478
v 1.117998 0.813784 -2.052477
v 0.992000 0.797571 -2.155646
v 1.057999 0.797571 -2.155644
v 0.991999 0.797571 -2.002310
v 1.057999 0.797571 -2.002310
v 0.962000 0.879770 -2.107437
v 0.962000 0.888672 -2.080484
v 0.962000 0.880753 -2.051285
v 1.087999 0.880552 -2.051785
v 1.087999 0.888672 -2.077471
v 1.087999 0.881363 -2.105471
v 0.992000 0.888672 -2.077473
v 0.992000 0.881363 -2.105473
v 1.057999 0.879770 -2.107435
v 1.057946 0.888672 -2.080470
v 0.992000 0.880552 -2.051786
v 1.058520 0.880735 -2.051268
v 1.117998 0.806640 -2.078977
v 0.931999 0.806640 -2.078977
v 0.962000 0.806221 -2.078979
v 1.087999 0.806221 -2.078977
v 0.924999 0.848430 -2.054254
v 0.924999 0.829231 -2.057352
v 0.924999 0.817848 -2.073117
v 0.924999 0.823153 -2.096480
v 0.924999 0.846618 -2.104061
v 0.924999 0.863170 -2.093851
v 0.924999 0.867209 -2.070236
v 1.124610 0.846778 -2.054430
v 1.121746 0.830777 -2.056161
v 1.124442 0.821449 -2.065616
v 1.124680 0.818145 -2.079458
v 1.124442 0.822144 -2.093377
v 1.122430 0.832854 -2.102436
v 1.124609 0.848076 -2.103266
v 1.124442 0.863693 -2.092337
v 1.124680 0.866996 -2.078496
v 1.124442 0.862998 -2.064576
v 1.118005 0.846617 -2.053894
v 1.119992 0.848430 -2.054254
v 1.118005 0.827694 -2.058379
v 1.119992 0.817848 -2.073117
v 1.118005 0.817487 -2.074931
v 1.119992 0.820945 -2.092314
v 1.118005 0.825068 -2.098395
v 1.119992 0.846618 -2.104061
v 1.118005 0.848431 -2.103700
v 1.119992 0.863170 -2.093851
v 1.118005 0.864197 -2.092314
v 1.119992 0.867209 -2.070236
v 1.118005 0.866172 -2.067735
v 1.118010 0.851304 -2.046190
v 1.119992 0.826901 -2.046505
v 1.118010 0.825563 -2.049617
v 1.118039 0.809036 -2.072308
v 1.118010 0.813213 -2.095987
v 1.119992 0.830690 -2.113018
v 1.118010 0.833838 -2.111763
v 1.118034 0.861567 -2.107406
v 1.118010 0.875358 -2.087707
v 1.119992 0.875043 -2.063308
v 1.118010 0.871929 -2.061967
v -1.117998 0.897571 -2.002310
v -1.087999 0.897571 -2.002310
v -0.962000 0.897571 -2.002310
v -0.931999 0.897571 -2.002310
v -1.117998 0.897571 -2.155643
v -1.087999 0.897571 -2.155643
v -0.962000 0.897571 -2.155647
v -0.931999 0.897571 -2.155643
v -1.117998 0.797571 -2.002310
v -1.087999 0.797571 -2.002310
v -0.962000 0.797571 -2.002310
v -0.931999 0.797571 -2.002310
v -1.117998 0.797571 -2.155643
v -1.087999 0.797571 -2.155643
v -0.962000 0.797571 -2.155647
v -0.931999 0.797571 -2.155643
v -1.117998 0.787571 -2.002310
v -0.931999 0.787571 -2.002310
v -1.117998 0.787571 -2.155643
v -0.931999 0.787571 -2.155643
v -1.087999 0.822613 -2.044225
v -1.087999 0.822613 -2.113728
v -0.931999 0.813785 -2.105477
v -0.962000 0.822613 -2.113732
v -1.117998 0.813785 -2.105477
v -0.962000 0.822613 -2.044225
v -0.931999 0.813784 -2.052478
v -1.117998 0.813784 -2.052478
v -0.992000 0.797571 -2.155646
v -1.057999 0.797571 -2.155644
v -0.991999 0.797571 -2.002310
v -1.057999 0.797571 -2.002310
v -0.962000 0.879770 -2.107437
v -0.962000 0.888672 -2.080484
v -0.962000 0.880753 -2.051285
v -1.087999 0.880552 -2.051785
v -1.087999 0.888672 -2.077471
v -1.087999 0.881363 -2.105471
v -0.992000 0.888672 -2.077473
v -0.992000 0.881363 -2.105473
v -1.058012 0.879775 -2.107431
v -1.057959 0.888672 -2.080482
v -0.992000 0.880552 -2.051786
v -1.058523 0.880732 -2.051265
v -1.117998 0.806640 -2.078977
v -0.931999 0.806640 -2.078977
v -0.962000 0.806221 -2.078979
v -1.087999 0.806221 -2.078977
v -0.924999 0.838524 -2.053894
v -0.924999 0.818969 -2.067735
v -0.924999 0.820945 -2.092314
v -0.924999 0.841217 -2.105084
v -0.924999 0.863170 -2.093851
v -0.924999 0.867655 -2.074931
v -0.924999 0.857447 -2.058379
v -1.124442 0.846830 -2.054350
v -1.124609 0.828188 -2.058644
v -1.124442 0.817944 -2.074716
v -1.124566 0.822213 -2.093363
v -1.122023 0.832801 -2.102564
v -1.124442 0.848059 -2.103360
v -1.124723 0.860180 -2.095879
v -1.124442 0.867198 -2.083238
v -1.124566 0.862929 -2.064590
v -1.118005 0.846617 -2.053894
v -1.119992 0.838524 -2.053894
v -1.118005 0.827694 -2.058379
v -1.119992 0.857447 -2.058379
v -1.119992 0.818969 -2.067735
v -1.118005 0.817487 -2.074931
v -1.119992 0.820945 -2.092314
v -1.118005 0.821972 -2.093851
v -1.118005 0.843924 -2.105084
v -1.119992 0.846618 -2.104061
v -1.119992 0.863170 -2.093851
v -1.118005 0.864197 -2.092314
v -1.119992 0.867655 -2.074931
v -1.118005 0.866172 -2.067735
v -1.118010 0.851304 -2.046190
v -1.119992 0.826901 -2.046505
v -1.118010 0.825563 -2.049617
v -1.118034 0.809036 -2.072308
v -1.118039 0.814142 -2.097972
v -1.118010 0.833838 -2.111763
v -1.119992 0.858244 -2.111448
v -1.118010 0.859582 -2.108335
v -1.118039 0.876105 -2.085646
v -1.118010 0.871928 -2.061967
v -1.119992 0.866321 -2.055228
v 1.117998 0.747557 0.769176
v 1.087999 0.747557 0.769176
v 0.962000 0.747557 0.769176
v 0.931999 0.747557 0.769176
v 1.117998 0.747557 0.922509
v 1.087999 0.747557 0.922510
v 0.962000 0.747557 0.922513
v 0.931999 0.747557 0.922509
v 1.117998 0.647557 0.769176
v 1.087999 0.647557 0.769176
v 0.962000 0.647557 0.769176
v 0.931999 0.647557 0.769176
v 1.117998 0.647557 0.922509
v 1.087999 0.647557 0.922510
v 0.962000 0.647557 0.922513
v 0.931999 0.647557 0.922509
v 1.117998 0.637557 0.769176
v 0.931999 0.637557 0.769176
v 1.117998 0.637557 0.922509
v 0.931999 0.637557 0.922509
v 1.087999 0.672601 0.811092
v 1.087999 0.672601 0.880594
v 0.931999 0.663772 0.872343
v 0.962000 0.672601 0.880598
v 1.117998 0.663772 0.872343
v 0.962000 0.672601 0.811092
v 0.931999 0.663771 0.819343
v 1.117998 0.663771 0.819343
v 0.992000 0.647557 0.922512
v 1.057999 0.647557 0.922511
v 0.991999 0.647557 0.769176
v 1.057999 0.647557 0.769176
v 0.962000 0.729756 0.874303
v 0.962000 0.738660 0.847350
v 0.962000 0.730738 0.818150
v 1.087999 0.730537 0.818651
v 1.087999 0.738660 0.844338
v 1.087999 0.731349 0.872337
v 0.992000 0.738660 0.844339
v 0.992000 0.731349 0.872339
v 1.058012 0.729761 0.874296
v 1.057959 0.738659 0.847348
v 0.992000 0.730537 0.818651
v 1.058523 0.730718 0.818131
v 1.117998 0.656627 0.845842
v 0.931999 0.656627 0.845842
v 0.962000 0.656208 0.845845
v 1.087999 0.656208 0.845842
v 0.924999 0.688510 0.820759
v 0.924999 0.671960 0.830967
v 0.924999 0.667474 0.849889
v 0.924999 0.677682 0.866442
v 0.924999 0.701298 0.870481
v 0.924999 0.717281 0.851703
v 0.924999 0.711976 0.828340
v 1.124442 0.696819 0.821216
v 1.124609 0.678176 0.825509
v 1.124442 0.667931 0.841583
v 1.121322 0.667452 0.852763
v 1.124566 0.679255 0.866926
v 1.124442 0.698046 0.870226
v 1.124609 0.713626 0.859126
v 1.124442 0.716941 0.840355
v 1.124680 0.709489 0.828231
v 1.118005 0.701298 0.821205
v 1.119992 0.688510 0.820759
v 1.118005 0.677682 0.825244
v 1.119992 0.671960 0.830967
v 1.118005 0.667474 0.841797
v 1.118005 0.671960 0.860719
v 1.119992 0.677682 0.866442
v 1.118005 0.688510 0.870927
v 1.119992 0.701298 0.870481
v 1.118005 0.711976 0.863346
v 1.119992 0.717281 0.851703
v 1.118005 0.717281 0.839982
v 1.119992 0.711976 0.828340
v 1.118034 0.699228 0.812308
v 1.118010 0.675547 0.816486
v 1.119992 0.658516 0.833964
v 1.118010 0.659770 0.837113
v 1.118039 0.664130 0.864839
v 1.118010 0.683826 0.878629
v 1.119992 0.708229 0.878314
v 1.118010 0.709567 0.875201
v 1.118010 0.725345 0.854576
v 1.119992 0.725029 0.830172
v 1.118010 0.721917 0.828834
v -1.117998 0.747557 0.769176
v -1.087999 0.747557 0.769176
v -0.962000 0.747557 0.769176
v -0.931999 0.747557 0.769176
v -1.117998 0.747557 0.922509
v -1.087999 0.747557 0.922510
v -0.962000 0.747557 0.922513
v -0.931999 0.747557 0.922509
v -1.117998 0.647557 0.769176
v -1.087999 0.647557 0.769176
v -0.962000 0.647557 0.769176
v -0.931999 0.647557 0.769176
v -1.117998 0.647557 0.922509
v -1.087999 0.647557 0.922510
v -0.962000 0.647557 0.922513
v -0.931999 0.647557 0.922509
v -1.117998 0.637557 0.769176
v -0.931999 0.637557 0.769176
v -1.117998 0.637557 0.922509
v -0.931999 0.637557 0.922509
v -1.087999 0.672601 0.811092
v -1.087999 0.672601 0.880594
v -0.931999 0.663772 0.872343
v -0.962000 0.672601 0.880598
v -1.117998 0.663772 0.872343
v -0.962000 0.672601 0.811092
v -0.931999 0.663771 0.819343
v -1.117998 0.663771 0.819343
v -0.992000 0.647557 0.922512
v -1.057999 0.647557 0.922511
v -0.991999 0.647557 0.769176
v -1.057999 0.647557 0.769176
v -0.962000 0.729756 0.874303
v -0.962000 0.738660 0.847350
v -0.962000 0.730738 0.818150
v -1.087999 0.730537 0.818651
v -1.087999 0.738660 0.844338
v -1.087999 0.731349 0.872337
v -0.992000 0.738660 0.844339
v -0.992000 0.731349 0.872339
v -1.057999 0.729756 0.874301
v -1.057946 0.738660 0.847336
v -0.992000 0.730537 0.818651
v -1.058520 0.730720 0.818133
v -1.117998 0.656627 0.845842
v -0.931999 0.656627 0.845842
v -0.962000 0.656208 0.845845
v -1.087999 0.656208 0.845842
v -0.924999 0.688510 0.820759
v -0.924999 0.671960 0.830967
v -0.924999 0.667474 0.849889
v -0.924999 0.677682 0.866442
v -0.924999 0.701298 0.870481
v -0.924999 0.717281 0.851703
v -0.924999 0.711976 0.828340
v -1.124609 0.687052 0.821553
v -1.124442 0.671436 0.832482
v -1.124566 0.668244 0.851342
v -1.124442 0.679197 0.866965
v -1.124723 0.693058 0.870246
v -1.124442 0.706958 0.866270
v -1.121747 0.717031 0.853639
v -1.124566 0.716872 0.840342
v -1.124442 0.705918 0.824721
v -1.118005 0.686697 0.821120
v -1.119992 0.688510 0.820759
v -1.118005 0.705895 0.824217
v -1.119992 0.671960 0.830967
v -1.118005 0.670933 0.832504
v -1.119992 0.667474 0.849889
v -1.118005 0.667835 0.851703
v -1.119992 0.677682 0.866442
v -1.118005 0.679219 0.867469
v -1.119992 0.701298 0.870481
v -1.118005 0.703799 0.869445
v -1.118005 0.718665 0.844489
v -1.119992 0.711976 0.828340
v -1.118010 0.701288 0.813055
v -1.119992 0.704436 0.811800
v -1.118010 0.675547 0.816486
v -1.119992 0.658516 0.833964
v -1.118010 0.659770 0.837113
v -1.118034 0.664130 0.864839
v -1.118010 0.683826 0.878629
v -1.119992 0.708229 0.878314
v -1.118010 0.709567 0.875201
v -1.118010 0.725345 0.854576
v -1.119992 0.726144 0.845843
v -1.118010 0.721917 0.828834
v -1.117998 0.747558 -0.769180
v -1.087999 0.747558 -0.769180
v -0.962000 0.747558 -0.769180
v -0.931999 0.747558 -0.769180
v -1.117998 0.747558 -0.922513
v -1.087999 0.747558 -0.922513
v -0.962000 0.747558 -0.922517
v -0.931999 0.747558 -0.922513
v -1.117998 0.647558 -0.769180
v -1.087999 0.647558 -0.769180
v -0.962000 0.647558 -0.769180
v -0.931999 0.647558 -0.769180
v -1.117998 0.647558 -0.922513
v -1.087999 0.647558 -0.922513
v -0.962000 0.647558 -0.922517
v -0.931999 0.647558 -0.922513
v -1.117998 0.637558 -0.769180
v -0.931999 0.637558 -0.769180
v -1.117998 0.637558 -0.922513
v -0.931999 0.637558 -0.922513
v -1.087999 0.672600 -0.811096
v -1.087999 0.672600 -0.880598
v -0.931999 0.663772 -0.872347
v -0.962000 0.672600 -0.880602
v -1.117998 0.663772 -0.872347
v -0.962000 0.672600 -0.811096
v -0.931999 0.663771 -0.819347
v -1.117998 0.663771 -0.819347
v -0.992000 0.647558 -0.922516
v -1.057999 0.647558 -0.922514
v -0.991999 0.647558 -0.769180
v -1.057999 0.647558 -0.769180
v -0.962000 0.729757 -0.874307
v -0.962000 0.738659 -0.847354
v -0.962000 0.730740 -0.818155
v -1.087999 0.730539 -0.818655
v -1.087999 0.738660 -0.844343
v -1.087999 0.731348 -0.872342
v -0.992000 0.738660 -0.844343
v -0.992000 0.731350 -0.872343
v -1.058012 0.729760 -0.874302
v -1.057959 0.738659 -0.847353
v -0.992000 0.730539 -0.818656
v -1.058523 0.730719 -0.818135
v -1.117998 0.656627 -0.845847
v -0.931999 0.656627 -0.845847
v -0.962000 0.656208 -0.845849
v -1.087999 0.656208 -0.845847
v -0.924999 0.683817 -0.821209
v -0.924999 0.667835 -0.839988
v -0.924999 0.670932 -0.859184
v -0.924999 0.686697 -0.870570
v -0.924999 0.710061 -0.865265
v -0.924999 0.717642 -0.841801
v -0.924999 0.707434 -0.825249
v -1.124442 0.687070 -0.821464
v -1.124723 0.674948 -0.828945
v -1.124442 0.667931 -0.841586
v -1.124566 0.672199 -0.860233
v -1.121532 0.684673 -0.870349
v -1.124442 0.698046 -0.870230
v -1.124723 0.710168 -0.862749
v -1.124442 0.717185 -0.850108
v -1.124566 0.712916 -0.831460
v -1.121697 0.705491 -0.823353
v -1.118005 0.701299 -0.821209
v -1.119992 0.683817 -0.821209
v -1.118005 0.677682 -0.825249
v -1.119992 0.667835 -0.839988
v -1.118005 0.667474 -0.841801
v -1.119992 0.670932 -0.859184
v -1.118005 0.675055 -0.865265
v -1.118005 0.698418 -0.870570
v -1.119992 0.710061 -0.865265
v -1.118005 0.714184 -0.859184
v -1.119992 0.717642 -0.841801
v -1.118005 0.717281 -0.839987
v -1.118010 0.701291 -0.813060
v -1.119992 0.676888 -0.813375
v -1.118010 0.675550 -0.816487
v -1.118034 0.659023 -0.839177
v -1.118010 0.663200 -0.862857
v -1.119992 0.680677 -0.879888
v -1.118010 0.683825 -0.878633
v -1.118010 0.709569 -0.875205
v -1.119992 0.726600 -0.857727
v -1.118010 0.725346 -0.854577
v -1.118010 0.721915 -0.828837
v -1.119992 0.716308 -0.822098
v 1.117998 0.747558 -0.769180
v 1.087999 0.747558 -0.769180
v 0.962000 0.747558 -0.769180
v 0.931999 0.747558 -0.769180
v 1.117998 0.747558 -0.922513
v 1.087998 0.747558 -0.922513
v 0.962000 0.747558 -0.922517
v 0.931999 0.747558 -0.922513
v 1.117998 0.647558 -0.769180
v 1.087999 0.647558 -0.769180
v 0.962000 0.647558 -0.769180
v 0.931999 0.647558 -0.769180
v 1.117998 0.647558 -0.922513
v 1.087998 0.647558 -0.922513
v 0.962000 0.647558 -0.922517
v 0.931999 0.647558 -0.922513
v 1.117998 0.637558 -0.769180
v 0.931999 0.637558 -0.769180
v 1.117998 0.637558 -0.922513
v 0.931999 0.637558 -0.922513
v 1.087999 0.672600 -0.811096
v 1.087998 0.672600 -0.880598
v 0.931999 0.663772 -0.872347
v 0.962000 0.672600 -0.880602
v 1.117998 0.663772 -0.872347
v 0.962000 0.672600 -0.811096
v 0.931999 0.663771 -0.819347
v 1.117998 0.663771 -0.819347
v 0.992000 0.647558 -0.922516
v 1.057998 0.647558 -0.922514
v 0.991999 0.647558 -0.769180
v 1.057999 0.647558 -0.769180
v 0.962000 0.729757 -0.874307
v 0.962000 0.738660 -0.847354
v 0.962000 0.730740 -0.818155
v 1.087999 0.730539 -0.818655
v 1.087999 0.738660 -0.844343
v 1.087999 0.731348 -0.872342
v 0.992000 0.738660 -0.844343
v 0.992000 0.731350 -0.872343
v 1.057998 0.729755 -0.874306
v 1.057945 0.738660 -0.847342
v 0.991999 0.730539 -0.818656
v 1.058520 0.730722 -0.818138
v 1.117998 0.656627 -0.845847
v 0.931999 0.656627 -0.845847
v 0.962000 0.656208 -0.845849
v 1.087999 0.656208 -0.845847
v 0.924999 0.679219 -0.824222
v 0.924999 0.667835 -0.839988
v 0.924999 0.673140 -0.863350
v 0.924999 0.696605 -0.870931
v 0.924999 0.713157 -0.860721
v 0.924999 0.717642 -0.841801
v 0.924999 0.703800 -0.822246
v 1.124608 0.696767 -0.821299
v 1.121747 0.680765 -0.823031
v 1.124441 0.671436 -0.832485
v 1.124679 0.668132 -0.846328
v 1.124441 0.672130 -0.860248
v 1.122430 0.682841 -0.869306
v 1.124608 0.698064 -0.870137
v 1.124441 0.713680 -0.859208
v 1.124679 0.716984 -0.845366
v 1.124441 0.712985 -0.831445
v 1.118005 0.701299 -0.821209
v 1.119992 0.703800 -0.822246
v 1.118005 0.677682 -0.825249
v 1.119992 0.667835 -0.839988
v 1.118005 0.667474 -0.841801
v 1.119992 0.670932 -0.859184
v 1.118005 0.675055 -0.865265
v 1.119992 0.696605 -0.870931
v 1.118005 0.698418 -0.870570
v 1.119992 0.713157 -0.860721
v 1.118005 0.714184 -0.859184
v 1.119992 0.717642 -0.841801
v 1.118005 0.717281 -0.839987
v 1.118010 0.701291 -0.813060
v 1.119992 0.676888 -0.813375
v 1.118010 0.675550 -0.816487
v 1.118039 0.659023 -0.839177
v 1.118010 0.663200 -0.862857
v 1.119992 0.680677 -0.879888
v 1.118010 0.683825 -0.878633
v 1.118010 0.709569 -0.875205
v 1.119992 0.726600 -0.857727
v 1.118010 0.725346 -0.854577
v 1.118039 0.720987 -0.826851
v 1.117998 0.899599 -0.076667
v 1.087999 0.899599 -0.076667
v 0.962000 0.899599 -0.076667
v 0.931999 0.899599 -0.076667
v 1.117998 0.899599 0.076666
v 1.087999 0.899599 0.076667
v 0.962000 0.899599 0.076670
v 0.931999 0.899599 0.076666
v 1.117998 0.799599 -0.076667
v 1.087999 0.799599 -0.076667
v 0.962000 0.799599 -0.076667
v 0.931999 0.799599 -0.076667
v 1.117998 0.799599 0.076666
v 1.087999 0.799599 0.076667
v 0.962000 0.799599 0.076670
v 0.931999 0.799599 0.076666
v 1.117998 0.789599 -0.076667
v 0.931999 0.789599 -0.076667
v 1.117998 0.789599 0.076666
v 0.931999 0.789599 0.076666
v 1.087999 0.824643 -0.034751
v 1.087999 0.824643 0.034751
v 0.931999 0.815814 0.026500
v 0.962000 0.824643 0.034755
v 1.117998 0.815814 0.026500
v 0.962000 0.824643 -0.034751
v 0.931999 0.815813 -0.026499
v 1.117998 0.815813 -0.026499
v 0.992000 0.799599 0.076669
v 1.057999 0.799599 0.076668
v 0.991999 0.799599 -0.076667
v 1.057999 0.799599 -0.076667
v 0.962000 0.881797 0.028460
v 0.962000 0.890702 0.001507
v 0.962000 0.882780 -0.027693
v 1.087999 0.882579 -0.027193
v 1.087999 0.890702 -0.001505
v 1.087999 0.883391 0.026494
v 0.992000 0.890702 -0.001504
v 0.992000 0.883391 0.026496
v 1.058012 0.881803 0.028454
v 1.057959 0.890701 0.001505
v 0.992000 0.882579 -0.027192
v 1.058523 0.882760 -0.027712
v 1.117998 0.808669 -0.000001
v 0.931999 0.808669 -0.000001
v 0.962000 0.808250 0.000001
v 1.087999 0.808250 -0.000001
v 0.924999 0.840554 -0.025084
v 0.924999 0.824002 -0.014877
v 0.924999 0.819516 0.004046
v 0.924999 0.833358 0.023601
v 0.924999 0.857937 0.021626
v 0.924999 0.869323 0.005860
v 0.924999 0.864018 -0.017503
v 1.124442 0.839112 -0.024383
v 1.124609 0.823532 -0.013283
v 1.124442 0.820217 0.005487
v 1.124566 0.831297 0.021082
v 1.124442 0.850088 0.024383
v 1.124609 0.865668 0.013283
v 1.124442 0.868983 -0.005488
v 1.124566 0.857902 -0.021082
v 1.118005 0.833358 -0.023602
v 1.119992 0.840554 -0.025084
v 1.118005 0.857937 -0.021626
v 1.119992 0.824002 -0.014877
v 1.118005 0.819516 -0.004046
v 1.119992 0.819516 0.004046
v 1.118005 0.824002 0.014876
v 1.119992 0.833358 0.023601
v 1.118005 0.840554 0.025084
v 1.119992 0.857937 0.021626
v 1.118005 0.864018 0.017503
v 1.119992 0.869323 0.005860
v 1.118005 0.869323 -0.005861
v 1.119992 0.864018 -0.017503
v 1.118034 0.851270 -0.033535
v 1.118010 0.827589 -0.029357
v 1.119992 0.810558 -0.011879
v 1.118010 0.811812 -0.008729
v 1.118039 0.816172 0.018996
v 1.118010 0.835870 0.032788
v 1.119992 0.860269 0.032472
v 1.118010 0.861610 0.029358
v 1.118010 0.877386 0.008733
v 1.119992 0.877071 -0.015671
v 1.118010 0.873958 -0.017009
v -1.117998 0.899599 -0.076667
v -1.087999 0.899599 -0.076667
v -0.962000 0.899599 -0.076667
v -0.931999 0.899599 -0.076667
v -1.117998 0.899599 0.076666
v -1.087999 0.899599 0.076667
v -0.962000 0.899599 0.076670
v -0.931999 0.899599 0.076666
v -1.117998 0.799599 -0.076667
v -1.087999 0.799599 -0.076667
v -0.962000 0.799599 -0.076667
v -0.931999 0.799599 -0.076667
v -1.117998 0.799599 0.076666
v -1.087999 0.799599 0.076667
v -0.962000 0.799599 0.076670
v -0.931999 0.799599 0.076666
v -1.117998 0.789599 -0.076667
v -0.931999 0.789599 -0.076667
v -1.117998 0.789599 0.076666
v -0.931999 0.789599 0.076666
v -1.087999 0.824643 -0.034751
v -1.087999 0.824643 0.034751
v -0.931999 0.815814 0.026500
v -0.962000 0.824643 0.034755
v -1.117998 0.815814 0.026500
v -0.962000 0.824643 -0.034751
v -0.931999 0.815813 -0.026499
v -1.117998 0.815813 -0.026499
v -0.992000 0.799599 0.076669
v -1.057999 0.799599 0.076668
v -0.991999 0.799599 -0.076667
v -1.057999 0.799599 -0.076667
v -0.962000 0.881797 0.028460
v -0.962000 0.890702 0.001507
v -0.962000 0.882780 -0.027693
v -1.087999 0.882579 -0.027193
v -1.087999 0.890702 -0.001505
v -1.087999 0.883391 0.026494
v -0.992000 0.890702 -0.001504
v -0.992000 0.883391 0.026496
v -1.057999 0.881797 0.028458
v -1.057946 0.890702 0.001493
v -0.992000 0.882579 -0.027192
v -1.058520 0.882762 -0.027710
v -1.117998 0.808669 -0.000001
v -0.931999 0.808669 -0.000001
v -0.962000 0.808250 0.000001
v -1.087999 0.808250 -0.000001
v -0.924999 0.840554 -0.025084
v -0.924999 0.824002 -0.014877
v -0.924999 0.819516 0.004046
v -0.924999 0.833358 0.023601
v -0.924999 0.862103 0.019418
v -0.924999 0.869684 -0.004047
v -0.924999 0.859474 -0.020599
v -1.124609 0.839095 -0.024290
v -1.124442 0.823478 -0.013361
v -1.124566 0.820286 0.005500
v -1.124442 0.831239 0.021122
v -1.124609 0.850106 0.024290
v -1.124442 0.865722 0.013361
v -1.124566 0.868914 -0.005501
v -1.124442 0.857960 -0.021122
v -1.118005 0.833358 -0.023602
v -1.119992 0.840554 -0.025084
v -1.118005 0.857937 -0.021626
v -1.119992 0.859474 -0.020599
v -1.119992 0.824002 -0.014877
v -1.118005 0.819516 -0.004046
v -1.119992 0.819516 0.004046
v -1.118005 0.824002 0.014876
v -1.119992 0.833358 0.023601
v -1.118005 0.840554 0.025084
v -1.119992 0.862103 0.019418
v -1.118005 0.864018 0.017503
v -1.119992 0.869684 -0.004047
v -1.118005 0.869323 -0.005861
v -1.118034 0.851270 -0.033535
v -1.118010 0.827589 -0.029357
v -1.119992 0.810558 -0.011879
v -1.118010 0.811812 -0.008729
v -1.118034 0.816172 0.018996
v -1.118010 0.835870 0.032788
v -1.119992 0.860269 0.032472
v -1.118010 0.861610 0.029358
v -1.118010 0.877386 0.008733
v -1.119992 0.877071 -0.015671
v -1.118010 0.873958 -0.017009
v 1.117998 0.350000 1.385741
v 1.087999 0.350000 1.385741
v 0.962000 0.350000 1.385741
v 0.931999 0.350000 1.385741
v 1.117998 0.350000 1.539075
v 1.087999 0.350000 1.539075
v 0.962000 0.350000 1.539079
v 0.931999 0.350000 1.539075
v 1.117998 0.250000 1.385741
v 1.087999 0.250000 1.385741
v 0.962000 0.250000 1.385741
v 0.931999 0.250000 1.385741
v 1.117998 0.250000 1.539075
v 1.087999 0.250000 1.539075
v 0.962000 0.250000 1.539079
v 0.931999 0.250000 1.539075
v 1.117998 0.240000 1.385741
v 0.931999 0.240000 1.385741
v 1.117998 0.240000 1.539075
v 0.931999 0.240000 1.539075
v 1.087999 0.275092 1.428279
v 1.087999 0.275092 1.496537
v 0.931999 0.266213 1.488907
v 0.962000 0.275043 1.497163
v 1.117998 0.266213 1.488907
v 0.962000 0.275092 1.428279
v 0.931999 0.266214 1.435908
v 1.117998 0.266214 1.435908
v 0.992000 0.250000 1.539078
v 1.057999 0.250000 1.539076
v 0.991999 0.250000 1.385741
v 1.057999 0.250000 1.385741
v 0.962000 0.264421 1.439428
v 1.087999 0.264421 1.485388
v 1.087999 0.264421 1.439428
v 0.962000 0.332199 1.490868
v 0.962000 0.341102 1.463915
v 0.962000 0.333182 1.434715
v 1.087999 0.332982 1.435217
v 1.087999 0.341102 1.460904
v 1.087999 0.333792 1.488903
v 0.992000 0.341102 1.460905
v 0.992000 0.333792 1.488904
v 1.058012 0.332204 1.490863
v 1.057959 0.341101 1.463913
v 0.992000 0.332981 1.435217
v 1.058523 0.333161 1.434696
v 1.117998 0.259069 1.462409
v 0.931999 0.259069 1.462409
v 0.962000 0.258650 1.462410
v 1.087999 0.258650 1.462408
v 0.924999 0.300861 1.437685
v 0.924999 0.281665 1.440782
v 0.924999 0.270277 1.456547
v 0.924999 0.275583 1.479911
v 0.924999 0.299046 1.487492
v 0.924999 0.318602 1.473650
v 0.924999 0.316626 1.449071
v 1.124442 0.289511 1.438025
v 1.124610 0.273931 1.449127
v 1.124442 0.270617 1.467896
v 1.124566 0.281698 1.483490
v 1.124442 0.300488 1.486791
v 1.124723 0.312609 1.479311
v 1.124442 0.319627 1.466669
v 1.124566 0.315358 1.448022
v 1.124160 0.304218 1.439493
v 1.118005 0.293646 1.436301
v 1.119992 0.300861 1.437685
v 1.119992 0.281665 1.440782
v 1.118005 0.273374 1.449073
v 1.119992 0.270277 1.456547
v 1.118005 0.270277 1.468269
v 1.119992 0.275583 1.479911
v 1.118005 0.281663 1.484034
v 1.119992 0.299046 1.487492
v 1.118005 0.300860 1.487131
v 1.119992 0.318602 1.473650
v 1.118005 0.319638 1.471149
v 1.119992 0.316626 1.449071
v 1.118005 0.315599 1.447534
v 1.118010 0.303732 1.429621
v 1.119992 0.279329 1.429937
v 1.118010 0.277991 1.433050
v 1.118010 0.262214 1.453675
v 1.119992 0.262529 1.478081
v 1.118010 0.265642 1.479419
v 1.118010 0.286271 1.495196
v 1.119992 0.295000 1.495995
v 1.118034 0.313999 1.490836
v 1.118010 0.327788 1.471137
v 1.119992 0.327472 1.446737
v 1.118010 0.324357 1.445397
v -1.117998 0.350000 1.385741
v -1.087999 0.350000 1.385741
v -0.962000 0.350000 1.385741
v -0.931999 0.350000 1.385741
v -1.117998 0.350000 1.539075
v -1.087999 0.350000 1.539075
v -0.962000 0.350000 1.539079
v -0.931999 0.350000 1.539075
v -1.117998 0.250000 1.385741
v -1.087999 0.250000 1.385741
v -0.962000 0.250000 1.385741
v -0.931999 0.250000 1.385741
v -1.117998 0.250000 1.539075
v -1.087999 0.250000 1.539075
v -0.962000 0.250000 1.539079
v -0.931999 0.250000 1.539075
v -1.117998 0.240000 1.385741
v -0.931999 0.240000 1.385741
v -1.117998 0.240000 1.539075
v -0.931999 0.240000 1.539075
v -1.087999 0.275092 1.428279
v -1.087999 0.275092 1.496537
v -0.931999 0.266213 1.488907
v -0.962000 0.275092 1.496541
v -1.117998 0.266213 1.488907
v -0.962000 0.275092 1.428279
v -0.931999 0.266214 1.435908
v -1.117998 0.266214 1.435908
v -0.992000 0.250000 1.539078
v -1.057999 0.250000 1.539076
v -0.991999 0.250000 1.385741
v -1.057999 0.250000 1.385741
v -0.962000 0.264421 1.439428
v -0.962000 0.264421 1.485392
v -1.087999 0.264421 1.485388
v -1.087999 0.264421 1.439428
v -0.962000 0.332199 1.490868
v -0.962000 0.341102 1.463915
v -0.962000 0.333182 1.434715
v -1.087999 0.332982 1.435217
v -1.087999 0.341102 1.460904
v -1.087999 0.333792 1.488903
v -0.992000 0.341102 1.460905
v -0.992000 0.333792 1.488904
v -1.057999 0.332198 1.490867
v -1.057946 0.341102 1.463901
v -0.992000 0.332981 1.435217
v -1.058520 0.333164 1.434699
v -1.117998 0.259069 1.462409
v -0.931999 0.259069 1.462409
v -0.962000 0.258650 1.462410
v -1.087999 0.258650 1.462408
v -0.924999 0.300861 1.437685
v -0.924999 0.281665 1.440782
v -0.924999 0.268893 1.461054
v -0.924999 0.280126 1.483007
v -0.924999 0.299046 1.487492
v -0.924999 0.318602 1.473650
v -0.924999 0.316626 1.449071
v -1.124609 0.299210 1.437861
v -1.124442 0.280601 1.441980
v -1.122023 0.271413 1.452639
v -1.124566 0.270686 1.467909
v -1.124442 0.281640 1.483530
v -1.124723 0.295500 1.486811
v -1.124442 0.309402 1.482835
v -1.124566 0.319568 1.466630
v -1.124442 0.315427 1.448008
v -1.118005 0.293646 1.436301
v -1.119992 0.300861 1.437685
v -1.119992 0.281665 1.440782
v -1.118005 0.273374 1.449073
v -1.119992 0.269917 1.466455
v -1.118005 0.270277 1.468269
v -1.119992 0.280126 1.483007
v -1.118005 0.281663 1.484034
v -1.119992 0.299046 1.487492
v -1.118005 0.300860 1.487131
v -1.119992 0.318602 1.473650
v -1.118005 0.319638 1.471149
v -1.119992 0.316626 1.449071
v -1.118005 0.315599 1.447533
v -1.118010 0.303732 1.429621
v -1.119992 0.279329 1.429937
v -1.118010 0.277991 1.433050
v -1.118010 0.262214 1.453675
v -1.119992 0.262529 1.478081
v -1.118010 0.265642 1.479419
v -1.118010 0.286271 1.495196
v -1.119992 0.295000 1.495995
v -1.118034 0.313999 1.490836
v -1.118010 0.327788 1.471137
v -1.119992 0.327472 1.446737
v -1.118010 0.324357 1.445397
v -1.117998 0.350000 -1.385740
v -1.087999 0.350000 -1.385740
v -0.962000 0.350000 -1.385740
v -0.932000 0.350000 -1.385741
v -1.117998 0.350000 -1.539074
v -1.087999 0.350000 -1.539074
v -0.962000 0.350000 -1.539078
v -0.932000 0.350000 -1.539074
v -1.117998 0.250000 -1.385740
v -1.087999 0.250000 -1.385740
v -0.962000 0.250000 -1.385740
v -0.932000 0.250000 -1.385741
v -1.117998 0.250000 -1.539074
v -1.087999 0.250000 -1.539074
v -0.962000 0.250000 -1.539078
v -0.932000 0.250000 -1.539074
v -1.117998 0.240000 -1.385740
v -0.932000 0.240000 -1.385741
v -1.117998 0.240000 -1.539074
v -0.932000 0.240000 -1.539074
v -1.087999 0.275042 -1.427656
v -1.087999 0.275092 -1.496536
v -0.932000 0.266213 -1.488907
v -0.962000 0.275092 -1.496540
v -1.117998 0.266213 -1.488907
v -0.962000 0.275042 -1.427656
v -0.932000 0.266214 -1.435907
v -1.117998 0.266214 -1.435907
v -0.992001 0.250000 -1.539077
v -1.057999 0.250000 -1.539075
v -0.991999 0.250000 -1.385740
v -1.057999 0.250000 -1.385740
v -0.962000 0.264421 -1.485391
v -1.087999 0.264421 -1.485387
v -0.962000 0.332199 -1.490868
v -0.962000 0.341101 -1.463914
v -0.962000 0.333182 -1.434716
v -1.087999 0.332981 -1.435216
v -1.087999 0.341101 -1.460903
v -1.087999 0.333792 -1.488902
v -0.992000 0.341101 -1.460903
v -0.992000 0.333792 -1.488904
v -1.058012 0.332204 -1.490861
v -1.057959 0.341101 -1.463913
v -0.992000 0.332981 -1.435217
v -1.058524 0.333161 -1.434695
v -1.117998 0.259069 -1.462408
v -0.932000 0.259069 -1.462408
v -0.962000 0.258650 -1.462410
v -1.087999 0.258650 -1.462408
v -0.924999 0.296354 -1.436300
v -0.924999 0.271398 -1.451166
v -0.924999 0.273374 -1.475746
v -0.924999 0.293646 -1.488514
v -0.924999 0.315598 -1.477283
v -0.924999 0.319638 -1.453667
v -1.124442 0.289511 -1.438024
v -1.124609 0.273931 -1.449125
v -1.124442 0.270617 -1.467895
v -1.124566 0.281696 -1.483489
v -1.124442 0.300488 -1.486790
v -1.124723 0.312609 -1.479310
v -1.124442 0.319627 -1.466668
v -1.124566 0.315358 -1.448021
v -1.124160 0.304218 -1.439492
v -1.118006 0.289139 -1.437684
v -1.119993 0.300861 -1.437684
v -1.119993 0.277497 -1.442989
v -1.118006 0.312503 -1.442989
v -1.118006 0.273374 -1.449070
v -1.119993 0.269916 -1.466454
v -1.118006 0.270277 -1.468267
v -1.119993 0.283757 -1.486008
v -1.118006 0.281660 -1.484032
v -1.118006 0.306242 -1.486009
v -1.119993 0.308339 -1.484032
v -1.119993 0.319723 -1.468267
v -1.118006 0.320083 -1.466453
v -1.119993 0.316626 -1.449070
v -1.118011 0.303732 -1.429621
v -1.119993 0.279329 -1.429936
v -1.118011 0.277991 -1.433049
v -1.118035 0.261465 -1.455737
v -1.118011 0.265643 -1.479418
v -1.119993 0.283120 -1.496449
v -1.118011 0.286270 -1.495195
v -1.118035 0.313998 -1.490835
v -1.118011 0.327788 -1.471136
v -1.119993 0.327472 -1.446736
v -1.118011 0.324357 -1.445396
v 1.117997 0.350000 -1.385741
v 1.087998 0.350000 -1.385741
v 0.961999 0.350000 -1.385741
v 0.931999 0.350000 -1.385741
v 1.117997 0.350000 -1.539075
v 1.087998 0.350000 -1.539075
v 0.961999 0.350000 -1.539078
v 0.931999 0.350000 -1.539074
v 1.117997 0.250000 -1.385741
v 1.087998 0.250000 -1.385741
v 0.961999 0.250000 -1.385741
v 0.931999 0.250000 -1.385741
v 1.117997 0.250000 -1.539075
v 1.087998 0.250000 -1.539075
v 0.961999 0.250000 -1.539078
v 0.931999 0.250000 -1.539074
v 1.117997 0.240000 -1.385741
v 0.931999 0.240000 -1.385741
v 1.117997 0.240000 -1.539075
v 0.931999 0.240000 -1.539074
v 1.087998 0.275092 -1.428279
v 1.087998 0.275092 -1.496537
v 0.931999 0.266214 -1.488908
v 0.961999 0.275042 -1.497163
v 1.117997 0.266213 -1.488907
v 0.961999 0.275092 -1.428279
v 0.931999 0.266213 -1.435909
v 1.117997 0.266213 -1.435908
v 0.991999 0.250000 -1.539078
v 1.057998 0.250000 -1.539076
v 0.991998 0.250000 -1.385741
v 1.057998 0.250000 -1.385741
v 0.961999 0.264421 -1.439428
v 1.087998 0.264421 -1.485388
v 1.087998 0.264421 -1.439428
v 0.961999 0.332199 -1.490868
v 0.961999 0.341102 -1.463915
v 0.961999 0.333181 -1.434715
v 1.087998 0.332981 -1.435216
v 1.087998 0.341101 -1.460903
v 1.087998 0.333792 -1.488902
v 0.991999 0.341102 -1.460904
v 0.991999 0.333792 -1.488904
v 1.057998 0.332199 -1.490866
v 1.057945 0.341102 -1.463901
v 0.991999 0.332981 -1.435217
v 1.058519 0.333164 -1.434698
v 1.117997 0.259069 -1.462409
v 0.931999 0.259069 -1.462408
v 0.961999 0.258650 -1.462410
v 1.087998 0.258650 -1.462408
v 0.924998 0.290953 -1.437324
v 0.924998 0.274402 -1.447532
v 0.924998 0.269916 -1.466454
v 0.924998 0.280123 -1.483006
v 0.924998 0.299046 -1.487492
v 0.924998 0.315598 -1.477285
v 0.924998 0.320084 -1.458362
v 0.924998 0.309876 -1.441810
v 1.124608 0.289494 -1.438118
v 1.124441 0.273877 -1.449048
v 1.124565 0.270686 -1.467909
v 1.124441 0.281638 -1.483530
v 1.124722 0.295500 -1.486812
v 1.124441 0.309402 -1.482835
v 1.124565 0.319568 -1.466630
v 1.124441 0.315427 -1.448007
v 1.124159 0.304218 -1.439493
v 1.118004 0.299047 -1.437324
v 1.119991 0.300860 -1.437685
v 1.119991 0.277497 -1.442991
v 1.118004 0.280125 -1.441810
v 1.118004 0.268893 -1.463761
v 1.119991 0.269916 -1.466454
v 1.119991 0.280123 -1.483006
v 1.118004 0.286259 -1.487046
v 1.119991 0.299046 -1.487492
v 1.118004 0.309877 -1.483006
v 1.119991 0.318601 -1.473650
v 1.118004 0.320084 -1.466455
v 1.119991 0.316626 -1.449071
v 1.118004 0.315598 -1.447533
v 1.118009 0.303732 -1.429621
v 1.119991 0.279329 -1.429937
v 1.118009 0.277991 -1.433050
v 1.118038 0.261465 -1.455738
v 1.118009 0.265643 -1.479419
v 1.119991 0.283120 -1.496450
v 1.118009 0.286270 -1.495196
v 1.118033 0.313998 -1.490836
v 1.118009 0.327788 -1.471137
v 1.119991 0.327472 -1.446737
v 1.118009 0.324357 -1.445397
v -1.199999 0.269998 -1.034486
v -1.199999 0.295000 -1.034486
v -1.199999 0.269998 -1.841320
v -1.199999 0.295000 -1.841320
v -1.155342 0.269998 -1.034486
v -1.155342 0.295000 -1.034486
v -1.155342 0.269998 -1.841320
v -1.155342 0.295000 -1.841320
v -0.894661 0.269998 -1.034486
v -0.894661 0.295000 -1.034486
v -0.894661 0.269998 -1.841320
v -0.894661 0.295000 -1.841320
v -0.850003 0.269998 -1.034486
v -0.850003 0.295000 -1.034486
v -0.850003 0.269998 -1.841320
v -0.850003 0.295000 -1.841320
v 0.850000 0.269998 -1.034486
v 0.850000 0.295000 -1.034486
v 0.850000 0.269998 -1.841320
v 0.850000 0.295000 -1.841320
v 0.894658 0.269998 -1.034486
v 0.894658 0.295000 -1.034486
v 0.894658 0.269998 -1.841320
v 0.894658 0.295000 -1.841320
v 1.155339 0.269998 -1.034486
v 1.155339 0.295000 -1.034486
v 1.155339 0.269998 -1.841320
v 1.155339 0.295000 -1.841320
v 1.199997 0.269998 -1.034486
v 1.199997 0.295000 -1.034486
v 1.199997 0.269998 -1.841320
v 1.199997 0.295000 -1.841320
v -1.199999 0.269999 1.863417
v -1.199999 0.295000 1.863417
v -1.199999 0.269999 1.056584
v -1.199999 0.295000 1.056584
v -1.155342 0.269999 1.863417
v -1.155342 0.295000 1.863417
v -1.155342 0.269999 1.056584
v -1.155342 0.295000 1.056584
v -0.894661 0.269999 1.863417
v -0.894661 0.295000 1.863417
v -0.894661 0.269999 1.056584
v -0.894661 0.295000 1.056584
v -0.850003 0.269999 1.863417
v -0.850003 0.295000 1.863417
v -0.850003 0.269999 1.056584
v -0.850003 0.295000 1.056584
v 0.850000 0.269999 1.863417
v 0.850000 0.295000 1.863417
v 0.850000 0.269999 1.056584
v 0.850000 0.295000 1.056584
v 0.894658 0.269999 1.863417
v 0.894658 0.295000 1.863417
v 0.894658 0.269999 1.056584
v 0.894658 0.295000 1.056584
v 1.155339 0.269998 1.863417
v 1.155339 0.295000 1.863417
v 1.155339 0.269998 1.056584
v 1.155339 0.295000 1.056584
v 1.199997 0.269998 1.863417
v 1.199997 0.295000 1.863417
v 1.199997 0.269998 1.056584
v 1.199997 0.295000 1.056584
v -0.450001 1.050000 0.144316
v 0.449999 1.050000 0.144316
v -0.450001 1.050000 1.174314
v -0.450001 0.250000 0.324315
v -0.450001 0.150000 0.424315
v 0.449999 1.050000 1.174314
v 0.449999 0.150000 0.424315
v 0.449999 0.250000 0.324315
v -0.450001 0.150000 1.224314
v 0.449999 0.150000 1.224314
v -0.200001 0.950000 1.274314
v 0.199999 0.950000 1.274314
v 0.199999 0.200000 1.274314
v -0.200001 0.200000 1.274314
v 0.199999 0.649999 1.574314
v 0.449999 0.649999 1.574314
v -0.200001 0.500001 1.574314
v -0.450001 0.500001 1.574314
v 0.449999 0.500001 1.574314
v -0.450001 0.649999 1.574314
v -0.200001 0.649999 1.574314
v 0.199999 0.500001 1.574314
v 0.449999 0.550000 1.596703
v 0.449999 0.600000 1.596703
v -0.450001 0.600000 1.596703
v -0.450001 0.550000 1.596703
v 0.199999 0.600000 1.596703
v 0.199999 0.550000 1.596703
v -0.200001 0.600000 1.596703
v -0.200001 0.550000 1.596703
v -0.450001 0.837293 0.094316
v 0.449999 0.837293 0.094316
v -0.450001 0.837293 0.274315
v -0.450001 0.787293 0.324315
v 0.449999 0.787293 0.324315
v 0.449999 0.837293 0.274315
v -0.450001 1.000000 0.094316
v 0.449999 1.000000 0.094316
v -0.470001 0.624267 0.473994
v 0.469999 0.624267 0.473994
v -0.470001 0.507495 0.487568
v 0.469999 0.541473 0.480078
v 0.469999 0.453332 0.511124
v -0.470001 0.409147 0.541762
v 0.469999 0.387868 0.562181
v -0.470001 0.350559 0.607642
v 0.469999 0.331829 0.636963
v -0.470001 0.322836 0.659508
v -0.470001 0.299681 0.750040
v 0.469999 0.299681 0.750040
v -0.470001 0.313253 0.866815
v 0.469999 0.305764 0.832841
v 0.469999 0.334684 0.916133
v -0.470001 0.350559 0.940985
v -0.470001 0.412974 1.010537
v 0.469999 0.387868 0.986445
v 0.469999 0.462650 1.042484
v -0.470001 0.517609 1.064127
v 0.469999 0.541473 1.068549
v -0.470001 0.634789 1.073596
v 0.469999 0.634789 1.073596
v -0.470001 0.746669 1.037502
v 0.469999 0.746669 1.037502
v -0.470001 0.836225 0.961338
v 0.469999 0.836225 0.961338
v -0.470001 0.889815 0.856702
v 0.469999 0.889815 0.856702
v -0.470001 0.899283 0.739524
v 0.469999 0.899283 0.739524
v -0.470001 0.863189 0.627644
v 0.469999 0.863189 0.627644
v -0.470001 0.812132 0.562181
v 0.469999 0.812132 0.562181
v -0.470001 0.737348 0.506143
v 0.469999 0.737348 0.506143
v -0.450001 0.565211 1.073596
v -0.450001 0.682391 1.064127
v -0.450001 0.404805 1.003833
v -0.450001 0.787026 1.010537
v -0.450001 0.485195 1.051477
v -0.450001 0.310185 0.856702
v -0.450001 0.350559 0.940985
v -0.450001 0.300717 0.739524
v -0.450001 0.334682 0.632497
v -0.450001 0.849441 0.940985
v -0.450001 0.886747 0.866814
v -0.450001 0.900319 0.750040
v -0.450001 0.868171 0.636963
v -0.450001 0.462652 0.506143
v -0.450001 0.746668 0.511124
v -0.450001 0.575734 0.473994
v -0.450001 0.658527 0.480078
v -0.450001 0.387868 0.562181
v -0.450001 0.812132 0.562181
v 0.449999 0.350559 0.940985
v 0.449999 0.310185 0.856702
v 0.449999 0.300717 0.739524
v 0.449999 0.336811 0.627644
v 0.449999 0.387868 0.562181
v 0.449999 0.462652 0.506143
v 0.449999 0.575734 0.473994
v 0.449999 0.658527 0.480078
v 0.449999 0.746668 0.511124
v 0.449999 0.565211 1.073596
v 0.449999 0.485195 1.051477
v 0.449999 0.682391 1.064127
v 0.449999 0.409150 1.006867
v 0.449999 0.787026 1.010537
v 0.449999 0.863188 0.920986
v 0.449999 0.899283 0.809104
v 0.449999 0.868171 0.636963
v 0.449999 0.812132 0.562181
v 0.449999 0.894236 0.715786
v -0.470001 0.592901 0.686435
v 0.469999 0.563964 0.693097
v 0.469999 0.607100 0.686435
v -0.470001 0.559809 0.695842
v -0.470001 0.532837 0.717197
v 0.469999 0.530876 0.719587
v -0.470001 0.516093 0.747246
v 0.469999 0.512451 0.759154
v -0.470001 0.512451 0.789473
v 0.469999 0.516092 0.801381
v -0.470001 0.530876 0.829040
v 0.469999 0.532837 0.831430
v -0.470001 0.563964 0.855530
v 0.469999 0.559808 0.852785
v 0.469999 0.592901 0.862192
v -0.470001 0.607100 0.862192
v 0.469999 0.636036 0.855530
v -0.470001 0.647509 0.849397
v 0.469999 0.669124 0.829040
v -0.470001 0.677013 0.817234
v 0.469999 0.684805 0.798422
v -0.470001 0.687576 0.784493
v 0.469999 0.687576 0.764134
v -0.470001 0.684805 0.750205
v 0.469999 0.677013 0.731393
v -0.470001 0.669124 0.719587
v 0.469999 0.647509 0.699230
v -0.470001 0.636036 0.693097
v -0.490773 0.607099 0.686435
v -0.490773 0.563965 0.693097
v 0.490770 0.592901 0.686435
v 0.490770 0.552491 0.699230
v -0.490773 0.530876 0.719587
v 0.490770 0.522987 0.731393
v -0.490773 0.512451 0.759154
v 0.490770 0.512424 0.764134
v -0.490773 0.516092 0.801381
v 0.490770 0.515195 0.798422
v -0.490773 0.532837 0.831430
v 0.490770 0.530876 0.829040
v -0.490773 0.559808 0.852785
v 0.490770 0.563964 0.855530
v -0.490773 0.592901 0.862192
v 0.490770 0.607100 0.862192
v -0.490773 0.636036 0.855530
v 0.490770 0.640192 0.852785
v -0.490773 0.669125 0.829040
v 0.490770 0.667163 0.831430
v -0.490773 0.684805 0.798422
v 0.490770 0.683908 0.801381
v -0.490773 0.687576 0.764134
v 0.490770 0.687549 0.759154
v -0.490773 0.677013 0.731393
v 0.490770 0.669124 0.719587
v -0.490773 0.647510 0.699230
v 0.490770 0.636035 0.693097
v -0.450001 0.950000 1.274310
v 0.449999 1.050000 -0.144315
v -0.450001 1.050000 -0.144315
v 0.449999 1.050000 -1.174313
v 0.449999 0.250000 -0.324315
v 0.449999 0.150000 -0.424315
v -0.450001 1.050000 -1.174312
v -0.450001 0.150000 -0.424314
v -0.450001 0.250000 -0.324314
v 0.449998 0.150000 -1.224313
v -0.450001 0.150000 -1.224313
v 0.199998 0.950000 -1.274313
v -0.200002 0.950000 -1.274313
v -0.200002 0.200000 -1.274313
v 0.199999 0.200000 -1.274313
v -0.200002 0.649999 -1.574313
v -0.450002 0.649999 -1.574312
v 0.199998 0.500001 -1.574313
v 0.449998 0.500001 -1.574313
v -0.450002 0.500001 -1.574312
v 0.449998 0.649999 -1.574313
v 0.199998 0.649999 -1.574313
v -0.200002 0.500001 -1.574313
v -0.450002 0.550000 -1.596702
v -0.450002 0.600000 -1.596702
v 0.449998 0.600000 -1.596702
v 0.449998 0.550000 -1.596702
v -0.200002 0.600000 -1.596702
v -0.200002 0.550000 -1.596702
v 0.199998 0.600000 -1.596702
v 0.199998 0.550000 -1.596702
v 0.449999 0.837293 -0.094315
v -0.450001 0.837293 -0.094315
v 0.449999 0.837293 -0.274315
v 0.449999 0.787293 -0.324315
v -0.450001 0.787293 -0.324314
v -0.450001 0.837293 -0.274314
v 0.449999 1.000000 -0.094315
v -0.450001 1.000000 -0.094315
v 0.469999 0.565211 -0.475030
v -0.470001 0.624265 -0.473993
v -0.470001 0.507492 -0.487568
v 0.469999 0.485195 -0.497149
v 0.469999 0.409149 -0.541760
v -0.470001 0.433329 -0.524871
v -0.470001 0.363777 -0.587285
v 0.469999 0.350559 -0.607642
v 0.469999 0.310186 -0.691922
v -0.470001 0.310186 -0.691921
v 0.469999 0.300717 -0.809102
v -0.470001 0.300717 -0.809101
v 0.469999 0.336811 -0.920982
v -0.470001 0.334682 -0.916128
v 0.469999 0.412974 -1.010537
v -0.470001 0.387868 -0.986444
v -0.470001 0.462650 -1.042483
v 0.469999 0.517609 -1.064126
v -0.470001 0.541473 -1.068548
v 0.469999 0.600000 -1.074313
v -0.470001 0.634789 -1.073595
v 0.469999 0.692504 -1.061058
v -0.470001 0.746669 -1.037501
v 0.469999 0.766671 -1.023754
v 0.469999 0.836223 -0.961340
v -0.470001 0.836223 -0.961339
v 0.469999 0.889814 -0.856704
v -0.470001 0.889814 -0.856703
v 0.469999 0.899283 -0.739524
v -0.470001 0.899283 -0.739523
v 0.469999 0.863189 -0.627644
v -0.470001 0.863189 -0.627643
v 0.469999 0.812132 -0.562181
v -0.470001 0.787027 -0.538089
v 0.469999 0.737349 -0.506142
v -0.470001 0.714805 -0.497148
v 0.469999 0.658527 -0.480077
v 0.449999 0.600000 -1.074313
v 0.449999 0.507496 -1.061058
v 0.449999 0.682391 -1.064126
v 0.449999 0.404805 -1.003833
v 0.449999 0.766671 -1.023754
v 0.449999 0.331829 -0.911662
v 0.449999 0.300717 -0.739524
v 0.449999 0.334682 -0.632497
v 0.449999 0.305764 -0.832840
v 0.449999 0.829519 -0.969509
v 0.449999 0.899283 -0.809102
v 0.449999 0.877164 -0.889118
v 0.449999 0.894236 -0.715786
v 0.449999 0.868171 -0.636964
v 0.449999 0.462650 -0.506142
v 0.449999 0.746669 -0.511124
v 0.449999 0.634789 -0.475030
v 0.449999 0.541473 -0.480077
v 0.449999 0.387868 -0.562181
v 0.449999 0.812132 -0.562181
v -0.450001 0.350559 -0.940983
v -0.450001 0.310186 -0.856703
v -0.450001 0.300717 -0.739523
v -0.450001 0.336811 -0.627643
v -0.450001 0.412973 -0.538089
v -0.450001 0.485195 -0.497148
v -0.450001 0.575735 -0.473993
v -0.450001 0.692508 -0.487568
v -0.450001 0.565211 -1.073595
v -0.450001 0.485195 -1.051476
v -0.450001 0.682391 -1.064126
v -0.450001 0.409149 -1.006866
v -0.450001 0.787027 -1.010535
v -0.450001 0.863189 -0.920981
v -0.450001 0.899283 -0.809101
v -0.450001 0.868171 -0.636963
v -0.450001 0.795196 -0.544793
v -0.450001 0.894236 -0.715785
v 0.469999 0.592900 -0.686434
v -0.470001 0.589816 -0.686737
v 0.469999 0.559813 -0.695839
v -0.470001 0.557080 -0.697299
v 0.469999 0.527375 -0.723125
v -0.470001 0.530876 -0.719586
v -0.470001 0.515195 -0.750205
v 0.469999 0.512424 -0.764135
v -0.470001 0.512424 -0.784491
v 0.469999 0.515195 -0.798421
v -0.470001 0.527375 -0.825500
v 0.469999 0.530876 -0.829039
v 0.469999 0.557080 -0.851326
v -0.470001 0.559813 -0.852786
v 0.469999 0.589816 -0.861888
v -0.470001 0.592901 -0.862191
v 0.469999 0.631948 -0.857222
v -0.470001 0.627072 -0.858219
v -0.470001 0.657121 -0.841471
v 0.469999 0.672627 -0.825498
v -0.470001 0.682909 -0.806261
v 0.469999 0.687576 -0.784492
v -0.470001 0.687576 -0.764133
v 0.469999 0.682909 -0.742365
v -0.470001 0.677013 -0.731392
v 0.469999 0.657121 -0.707154
v -0.470001 0.654726 -0.705188
v 0.469999 0.627072 -0.690407
v -0.470001 0.624106 -0.689506
v 0.490770 0.607099 -0.686434
v 0.490770 0.572928 -0.690406
v -0.490773 0.575894 -0.689506
v -0.490773 0.610184 -0.686737
v 0.490770 0.542879 -0.707154
v -0.490773 0.545274 -0.705188
v 0.490770 0.517091 -0.742364
v -0.490773 0.522987 -0.731392
v -0.490773 0.512424 -0.764133
v 0.490770 0.512424 -0.784492
v -0.490773 0.517091 -0.806261
v 0.490770 0.522987 -0.817233
v 0.490770 0.545274 -0.843437
v -0.490773 0.542879 -0.841471
v 0.490770 0.575894 -0.859119
v -0.490773 0.572928 -0.858219
v 0.490770 0.610184 -0.861888
v -0.490773 0.607099 -0.862191
v 0.490770 0.642920 -0.851326
v -0.490773 0.640187 -0.852786
v 0.490770 0.675082 -0.821824
v -0.490773 0.672625 -0.825500
v 0.490770 0.688825 -0.772103
v -0.490773 0.687576 -0.784491
v -0.490773 0.684805 -0.750204
v 0.490770 0.672625 -0.723125
v -0.490773 0.669124 -0.719586
v 0.490770 0.640187 -0.695839
v -0.490773 0.642920 -0.697299
v 0.449998 0.950000 -1.274309
v 0.362528 0.817290 0.119592
v 0.367605 0.837290 0.120602
v 0.408870 0.817290 0.148174
v 0.400693 0.837290 0.140328
v 0.421430 0.837290 0.178496
v 0.421430 0.817290 0.201155
v 0.408870 0.837290 0.231477
v 0.392847 0.817290 0.247500
v 0.362525 0.837290 0.260060
v 0.351196 0.817290 0.259826
v 0.313848 0.817290 0.250376
v 0.309544 0.837290 0.247500
v 0.281972 0.817290 0.206235
v 0.280962 0.837290 0.201158
v 0.286524 0.817290 0.163038
v 0.293520 0.837290 0.148175
v 0.309545 0.817290 0.132150
v 0.324408 0.837290 0.125154
v 0.362528 0.264481 0.119592
v 0.367605 0.306704 0.120602
v 0.408870 0.264481 0.148174
v 0.411746 0.306704 0.152478
v 0.421430 0.264481 0.201155
v 0.421196 0.306704 0.189826
v 0.408870 0.306704 0.231477
v 0.392847 0.264481 0.247500
v 0.362525 0.306704 0.260060
v 0.351196 0.264481 0.259826
v 0.313848 0.264481 0.250376
v 0.309544 0.306704 0.247500
v 0.281972 0.264481 0.206235
v 0.280962 0.306704 0.201158
v 0.286524 0.264481 0.163038
v 0.293520 0.306704 0.148175
v 0.309545 0.264481 0.132150
v 0.324408 0.306704 0.125154
v 0.351196 0.819481 0.159828
v 0.372409 0.819481 0.168615
v 0.381196 0.819481 0.189828
v 0.372409 0.819481 0.211042
v 0.351196 0.819481 0.219828
v 0.329982 0.819481 0.211042
v 0.321196 0.819481 0.189828
v 0.329982 0.819481 0.168615
v 0.350831 0.221854 0.160734
v 0.370923 0.220790 0.169248
v 0.380290 0.221854 0.189463
v 0.371719 0.220550 0.209423
v 0.351560 0.221854 0.218922
v 0.331469 0.220790 0.210409
v 0.322102 0.221854 0.190192
v 0.330672 0.220550 0.170234
v 0.349809 0.236679 0.141719
v 0.351691 0.264482 0.140399
v 0.393038 0.238134 0.164668
v 0.394250 0.264482 0.165542
v 0.393635 0.237015 0.212867
v 0.393755 0.264482 0.214971
v 0.352064 0.238134 0.238644
v 0.350700 0.264482 0.239257
v 0.313875 0.234482 0.211375
v 0.308620 0.238901 0.214946
v 0.308141 0.264482 0.214114
v 0.308485 0.238134 0.166172
v 0.308636 0.264482 0.164685
v 0.372654 0.234904 0.152657
v 0.394020 0.234745 0.189829
v 0.372625 0.234806 0.226948
v 0.329737 0.234904 0.227000
v 0.308275 0.234904 0.189829
v 0.329767 0.234806 0.152708
v 0.129194 0.817290 0.119592
v 0.134272 0.837290 0.120602
v 0.175538 0.817290 0.148175
v 0.178414 0.837290 0.152479
v 0.188096 0.817290 0.201158
v 0.187086 0.837290 0.206235
v 0.159514 0.817290 0.247500
v 0.167360 0.837290 0.239323
v 0.129192 0.837290 0.260060
v 0.106532 0.817290 0.260060
v 0.076211 0.837290 0.247501
v 0.060188 0.817290 0.231477
v 0.047628 0.837290 0.201155
v 0.047862 0.817290 0.189826
v 0.057311 0.817290 0.152479
v 0.060187 0.837290 0.148175
v 0.091074 0.817290 0.125154
v 0.091074 0.837290 0.125154
v 0.129194 0.264481 0.119592
v 0.134272 0.306704 0.120602
v 0.175538 0.264481 0.148175
v 0.178414 0.306704 0.152479
v 0.188096 0.264481 0.201158
v 0.187086 0.306704 0.206235
v 0.159514 0.264481 0.247500
v 0.167360 0.306704 0.239323
v 0.129192 0.306704 0.260060
v 0.106532 0.264481 0.260060
v 0.076211 0.306704 0.247501
v 0.060188 0.264481 0.231477
v 0.047628 0.306704 0.201155
v 0.047862 0.264481 0.189826
v 0.057311 0.264481 0.152479
v 0.060187 0.306704 0.148175
v 0.091074 0.264481 0.125154
v 0.091074 0.306704 0.125154
v 0.117862 0.819481 0.159828
v 0.139075 0.819481 0.168615
v 0.147862 0.819481 0.189828
v 0.139075 0.819481 0.211042
v 0.117862 0.819481 0.219828
v 0.096649 0.819481 0.211042
v 0.087862 0.819481 0.189828
v 0.096649 0.819481 0.168615
v 0.117497 0.221854 0.160734
v 0.137589 0.220790 0.169248
v 0.146956 0.221854 0.189463
v 0.138385 0.220550 0.209423
v 0.118226 0.221854 0.218922
v 0.098135 0.220790 0.210409
v 0.088768 0.221854 0.190193
v 0.097339 0.220550 0.170234
v 0.116475 0.236679 0.141719
v 0.118357 0.264482 0.140399
v 0.159704 0.238133 0.164668
v 0.160916 0.264482 0.165542
v 0.160301 0.237015 0.212867
v 0.160421 0.264482 0.214971
v 0.118731 0.238134 0.238644
v 0.117367 0.264482 0.239257
v 0.080542 0.234482 0.211375
v 0.075287 0.238901 0.214946
v 0.074808 0.264482 0.214114
v 0.075152 0.238134 0.166172
v 0.075303 0.264482 0.164685
v 0.139319 0.234904 0.152657
v 0.160686 0.234745 0.189829
v 0.139290 0.234806 0.226949
v 0.096404 0.234904 0.227000
v 0.074942 0.234904 0.189829
v 0.096434 0.234806 0.152708
v -0.131881 0.817290 0.120602
v -0.126803 0.837290 0.119592
v -0.088683 0.817290 0.125154
v -0.088683 0.837290 0.125154
v -0.057796 0.817290 0.148174
v -0.054920 0.837290 0.152479
v -0.045237 0.817290 0.201155
v -0.045471 0.837290 0.189826
v -0.057797 0.837290 0.231477
v -0.073820 0.817290 0.247501
v -0.104141 0.837290 0.260060
v -0.126801 0.817290 0.260060
v -0.157123 0.837290 0.247500
v -0.164969 0.817290 0.239323
v -0.184695 0.817290 0.206235
v -0.185705 0.837290 0.201158
v -0.176023 0.817290 0.152479
v -0.173147 0.837290 0.148175
v -0.131881 0.264481 0.120602
v -0.126803 0.306704 0.119592
v -0.088683 0.264481 0.125154
v -0.088683 0.306704 0.125154
v -0.057796 0.264481 0.148175
v -0.054920 0.306704 0.152479
v -0.045237 0.264481 0.201155
v -0.045471 0.306704 0.189826
v -0.057797 0.306704 0.231477
v -0.073820 0.264481 0.247501
v -0.104141 0.306704 0.260060
v -0.126801 0.264481 0.260060
v -0.157123 0.306704 0.247500
v -0.164969 0.264481 0.239323
v -0.184695 0.264481 0.206235
v -0.185705 0.306704 0.201158
v -0.176023 0.264481 0.152479
v -0.173147 0.306704 0.148175
v -0.115471 0.819481 0.159828
v -0.094258 0.819481 0.168615
v -0.085471 0.819481 0.189828
v -0.094258 0.819481 0.211042
v -0.115471 0.819481 0.219828
v -0.136684 0.819481 0.211042
v -0.145471 0.819481 0.189828
v -0.136684 0.819481 0.168615
v -0.115836 0.221854 0.160734
v -0.095744 0.220790 0.169248
v -0.086377 0.221854 0.189463
v -0.094948 0.220550 0.209423
v -0.115107 0.221854 0.218922
v -0.135198 0.220790 0.210409
v -0.144565 0.221854 0.190193
v -0.135994 0.220550 0.170234
v -0.116858 0.236679 0.141719
v -0.114976 0.264482 0.140399
v -0.073629 0.238134 0.164668
v -0.072417 0.264482 0.165542
v -0.073032 0.237015 0.212867
v -0.072912 0.264482 0.214971
v -0.114602 0.238134 0.238644
v -0.115966 0.264482 0.239257
v -0.152792 0.234482 0.211375
v -0.158046 0.238901 0.214946
v -0.158525 0.264482 0.214114
v -0.158181 0.238133 0.166172
v -0.158030 0.264482 0.164685
v -0.094013 0.234904 0.152657
v -0.072647 0.234745 0.189829
v -0.094042 0.234806 0.226948
v -0.136929 0.234904 0.227000
v -0.158391 0.234904 0.189829
v -0.136898 0.234806 0.152708
v -0.337472 0.817290 0.119592
v -0.332395 0.837290 0.120602
v -0.291130 0.817290 0.148174
v -0.288254 0.837290 0.152478
v -0.278570 0.817290 0.201155
v -0.278804 0.837290 0.189826
v -0.291130 0.837290 0.231477
v -0.307153 0.817290 0.247500
v -0.337475 0.837290 0.260060
v -0.348804 0.817290 0.259826
v -0.386152 0.817290 0.250376
v -0.390456 0.837290 0.247500
v -0.418028 0.817290 0.206235
v -0.419038 0.837290 0.201158
v -0.413476 0.817290 0.163038
v -0.406480 0.837290 0.148175
v -0.390455 0.817290 0.132150
v -0.375592 0.837290 0.125154
v -0.337472 0.264481 0.119592
v -0.332395 0.306704 0.120602
v -0.291130 0.264481 0.148174
v -0.288254 0.306704 0.152478
v -0.278570 0.264481 0.201155
v -0.278804 0.306704 0.189826
v -0.291130 0.306704 0.231477
v -0.307153 0.264481 0.247500
v -0.337475 0.306704 0.260060
v -0.348804 0.264481 0.259826
v -0.386152 0.264481 0.250376
v -0.390456 0.306704 0.247500
v -0.418028 0.264481 0.206235
v -0.419038 0.306704 0.201158
v -0.413476 0.264481 0.163038
v -0.406480 0.306704 0.148175
v -0.390455 0.264481 0.132150
v -0.375592 0.306704 0.125154
v -0.348804 0.819481 0.159828
v -0.327591 0.819481 0.168615
v -0.318805 0.819481 0.189828
v -0.327591 0.819481 0.211042
v -0.348804 0.819481 0.219828
v -0.370018 0.819481 0.211042
v -0.378804 0.819481 0.189828
v -0.370018 0.819481 0.168615
v -0.349169 0.221854 0.160734
v -0.329077 0.220790 0.169248
v -0.319711 0.221854 0.189463
v -0.328281 0.220550 0.209424
v -0.348439 0.221854 0.218922
v -0.368532 0.220790 0.210409
v -0.377898 0.221854 0.190193
v -0.369328 0.220550 0.170233
v -0.350191 0.236679 0.141719
v -0.348310 0.264482 0.140399
v -0.306962 0.238134 0.164668
v -0.305750 0.264482 0.165542
v -0.306365 0.237015 0.212867
v -0.306245 0.264482 0.214971
v -0.347936 0.238134 0.238644
v -0.349299 0.264482 0.239257
v -0.386125 0.234482 0.211375
v -0.391380 0.238901 0.214946
v -0.391859 0.264482 0.214114
v -0.391515 0.238134 0.166172
v -0.391364 0.264482 0.164685
v -0.327346 0.234904 0.152657
v -0.305980 0.234745 0.189829
v -0.327375 0.234806 0.226948
v -0.370263 0.234904 0.227000
v -0.391725 0.234904 0.189829
v -0.370233 0.234806 0.152708
v -0.334788 0.817290 -0.120601
v -0.367608 0.837290 -0.120601
v -0.388543 0.817290 -0.129272
v -0.411751 0.837290 -0.152480
v -0.415870 0.817290 -0.163037
v -0.421432 0.817290 -0.201157
v -0.420422 0.837290 -0.206234
v -0.392850 0.817290 -0.247499
v -0.400696 0.837290 -0.239322
v -0.362528 0.837290 -0.260059
v -0.351198 0.817290 -0.259825
v -0.313852 0.817290 -0.250376
v -0.309548 0.837290 -0.247500
v -0.281974 0.817290 -0.206234
v -0.280964 0.837290 -0.201158
v -0.290645 0.817290 -0.152480
v -0.286526 0.837290 -0.163037
v -0.313853 0.837290 -0.129272
v -0.334788 0.264481 -0.120601
v -0.367608 0.306704 -0.120601
v -0.388543 0.264481 -0.129272
v -0.411751 0.306704 -0.152480
v -0.415870 0.264481 -0.163037
v -0.421432 0.264481 -0.201157
v -0.420422 0.306704 -0.206234
v -0.392850 0.264481 -0.247499
v -0.400696 0.306704 -0.239322
v -0.362528 0.306704 -0.260059
v -0.351198 0.264481 -0.259825
v -0.313852 0.264481 -0.250376
v -0.309548 0.306704 -0.247500
v -0.281974 0.264481 -0.206234
v -0.280964 0.306704 -0.201157
v -0.290645 0.264481 -0.152480
v -0.286526 0.306704 -0.163037
v -0.313853 0.306704 -0.129272
v -0.351198 0.819481 -0.159827
v -0.372411 0.819481 -0.168614
v -0.381198 0.819481 -0.189827
v -0.372411 0.819481 -0.211041
v -0.351198 0.819481 -0.219827
v -0.329985 0.819481 -0.211041
v -0.321198 0.819481 -0.189827
v -0.329985 0.819481 -0.168614
v -0.350833 0.221854 -0.160733
v -0.370925 0.220790 -0.169247
v -0.380292 0.221854 -0.189462
v -0.371721 0.220550 -0.209422
v -0.351562 0.221854 -0.218921
v -0.331471 0.220790 -0.210408
v -0.322104 0.221854 -0.190192
v -0.330675 0.220550 -0.170232
v -0.349811 0.236679 -0.141718
v -0.351693 0.264482 -0.140398
v -0.393040 0.238134 -0.164667
v -0.394252 0.264482 -0.165541
v -0.393637 0.237015 -0.212866
v -0.393757 0.264482 -0.214970
v -0.352067 0.238134 -0.238643
v -0.350703 0.264482 -0.239256
v -0.313878 0.234482 -0.211374
v -0.308623 0.238901 -0.214945
v -0.308144 0.264482 -0.214113
v -0.308488 0.238134 -0.166171
v -0.308639 0.264482 -0.164684
v -0.372656 0.234903 -0.152657
v -0.394022 0.234745 -0.189828
v -0.372627 0.234806 -0.226947
v -0.329740 0.234904 -0.226999
v -0.308278 0.234904 -0.189828
v -0.329769 0.234806 -0.152708
v -0.101455 0.817290 -0.120601
v -0.106533 0.837290 -0.119591
v -0.144653 0.817290 -0.125153
v -0.144653 0.837290 -0.125153
v -0.175540 0.817290 -0.148174
v -0.178416 0.837290 -0.152478
v -0.188099 0.817290 -0.201154
v -0.187865 0.837290 -0.189825
v -0.175539 0.837290 -0.231476
v -0.159515 0.817290 -0.247500
v -0.129195 0.837290 -0.260059
v -0.117865 0.817290 -0.259825
v -0.080518 0.817290 -0.250376
v -0.076214 0.837290 -0.247500
v -0.053193 0.817290 -0.216613
v -0.053193 0.837290 -0.216613
v -0.047631 0.817290 -0.178493
v -0.048641 0.837290 -0.173415
v -0.068367 0.817290 -0.140327
v -0.068367 0.837290 -0.140327
v -0.101455 0.264481 -0.120601
v -0.106533 0.306704 -0.119591
v -0.144653 0.264481 -0.125153
v -0.144653 0.306704 -0.125153
v -0.175540 0.264481 -0.148174
v -0.178416 0.306704 -0.152478
v -0.188099 0.264481 -0.201154
v -0.187865 0.306704 -0.189825
v -0.175539 0.306704 -0.231476
v -0.159515 0.264481 -0.247500
v -0.129195 0.306704 -0.260059
v -0.117865 0.264481 -0.259825
v -0.080518 0.264481 -0.250376
v -0.076214 0.306704 -0.247500
v -0.053193 0.264481 -0.216613
v -0.053193 0.306704 -0.216613
v -0.047631 0.264481 -0.178493
v -0.048641 0.306704 -0.173415
v -0.068367 0.264481 -0.140327
v -0.068367 0.306704 -0.140327
v -0.117865 0.819481 -0.159828
v -0.139078 0.819481 -0.168614
v -0.147865 0.819481 -0.189828
v -0.139078 0.819481 -0.211041
v -0.117865 0.819481 -0.219828
v -0.096651 0.819481 -0.211041
v -0.087865 0.819481 -0.189828
v -0.096651 0.819481 -0.168614
v -0.117500 0.221854 -0.160734
v -0.137592 0.220790 -0.169247
v -0.146959 0.221854 -0.189463
v -0.138388 0.220550 -0.209422
v -0.118230 0.221854 -0.218922
v -0.098137 0.220790 -0.210408
v -0.088771 0.221854 -0.190193
v -0.097341 0.220550 -0.170232
v -0.116478 0.236678 -0.141719
v -0.118360 0.264482 -0.140399
v -0.159707 0.238134 -0.164668
v -0.160919 0.264482 -0.165542
v -0.160304 0.237015 -0.212867
v -0.160424 0.264482 -0.214971
v -0.118733 0.238134 -0.238644
v -0.117370 0.264482 -0.239257
v -0.080544 0.234482 -0.211374
v -0.075289 0.238901 -0.214946
v -0.074810 0.264482 -0.214114
v -0.075154 0.238134 -0.166172
v -0.075305 0.264482 -0.164685
v -0.139323 0.234904 -0.152657
v -0.160689 0.234745 -0.189827
v -0.139294 0.234806 -0.226947
v -0.096408 0.234903 -0.226999
v -0.074944 0.234904 -0.189827
v -0.096437 0.234806 -0.152707
v 0.104137 0.817290 -0.119591
v 0.099059 0.837290 -0.120601
v 0.065971 0.817290 -0.140327
v 0.065971 0.837290 -0.140327
v 0.046245 0.817290 -0.173415
v 0.045235 0.837290 -0.178493
v 0.050797 0.817290 -0.216613
v 0.050797 0.837290 -0.216613
v 0.073818 0.817290 -0.247500
v 0.078122 0.837290 -0.250376
v 0.126798 0.817290 -0.260059
v 0.115469 0.837290 -0.259825
v 0.157120 0.837290 -0.247499
v 0.173144 0.817290 -0.231476
v 0.185703 0.837290 -0.201155
v 0.185469 0.817290 -0.189825
v 0.176020 0.817290 -0.152478
v 0.173144 0.837290 -0.148174
v 0.142257 0.817290 -0.125153
v 0.142257 0.837290 -0.125153
v 0.104137 0.264481 -0.119591
v 0.099059 0.306704 -0.120601
v 0.065971 0.264481 -0.140327
v 0.065971 0.306704 -0.140327
v 0.046245 0.264481 -0.173415
v 0.045235 0.306704 -0.178493
v 0.050797 0.264481 -0.216613
v 0.050797 0.306704 -0.216613
v 0.073818 0.264481 -0.247500
v 0.078122 0.306704 -0.250376
v 0.126798 0.264481 -0.260059
v 0.115469 0.306704 -0.259825
v 0.157120 0.306704 -0.247499
v 0.173144 0.264481 -0.231475
v 0.185703 0.306704 -0.201155
v 0.185469 0.264481 -0.189825
v 0.176020 0.264481 -0.152478
v 0.173144 0.306704 -0.148174
v 0.142257 0.264481 -0.125153
v 0.142257 0.306704 -0.125153
v 0.115469 0.819481 -0.159828
v 0.094255 0.819481 -0.168614
v 0.085469 0.819481 -0.189828
v 0.094255 0.819481 -0.211041
v 0.115469 0.819481 -0.219828
v 0.136682 0.819481 -0.211041
v 0.145469 0.819481 -0.189828
v 0.136682 0.819481 -0.168614
v 0.115833 0.221854 -0.160734
v 0.095742 0.220790 -0.169247
v 0.086375 0.221854 -0.189463
v 0.094945 0.220550 -0.209422
v 0.115105 0.221854 -0.218922
v 0.135196 0.220790 -0.210408
v 0.144563 0.221854 -0.190193
v 0.135992 0.220550 -0.170233
v 0.116856 0.236678 -0.141719
v 0.114974 0.264482 -0.140399
v 0.073627 0.238134 -0.164668
v 0.072414 0.264482 -0.165542
v 0.073029 0.237015 -0.212867
v 0.072909 0.264482 -0.214971
v 0.114601 0.238134 -0.238644
v 0.115964 0.264482 -0.239257
v 0.152789 0.234482 -0.211375
v 0.158044 0.238901 -0.214946
v 0.158523 0.264482 -0.214114
v 0.158179 0.238134 -0.166172
v 0.158028 0.264482 -0.164685
v 0.094009 0.234904 -0.152657
v 0.072644 0.234745 -0.189827
v 0.094039 0.234806 -0.226947
v 0.136926 0.234903 -0.226999
v 0.158389 0.234904 -0.189827
v 0.136898 0.234806 -0.152708
v 0.337470 0.817290 -0.119591
v 0.332392 0.837290 -0.120601
v 0.299304 0.817290 -0.140327
v 0.288250 0.837290 -0.152478
v 0.279578 0.817290 -0.173415
v 0.279578 0.837290 -0.206235
v 0.284130 0.817290 -0.216613
v 0.307151 0.817290 -0.247500
v 0.311455 0.837290 -0.250376
v 0.348802 0.817290 -0.259825
v 0.348802 0.837290 -0.259825
v 0.386147 0.817290 -0.250376
v 0.390451 0.837290 -0.247501
v 0.418026 0.817290 -0.206236
v 0.413474 0.837290 -0.216613
v 0.418026 0.837290 -0.173415
v 0.413474 0.817290 -0.163037
v 0.390451 0.817290 -0.132148
v 0.386147 0.837290 -0.129272
v 0.337470 0.264481 -0.119591
v 0.332392 0.306704 -0.120601
v 0.299304 0.264481 -0.140327
v 0.288250 0.306704 -0.152478
v 0.279578 0.264481 -0.173415
v 0.279578 0.306704 -0.206235
v 0.284130 0.264481 -0.216613
v 0.307151 0.264481 -0.247500
v 0.311455 0.306704 -0.250376
v 0.348802 0.264481 -0.259825
v 0.348802 0.306704 -0.259825
v 0.386147 0.264481 -0.250376
v 0.390451 0.306704 -0.247501
v 0.418026 0.264481 -0.206236
v 0.413474 0.306704 -0.216613
v 0.418026 0.306704 -0.173415
v 0.413474 0.264481 -0.163037
v 0.390451 0.264481 -0.132148
v 0.386147 0.306704 -0.129272
v 0.348802 0.819481 -0.159828
v 0.327589 0.819481 -0.168615
v 0.318802 0.819481 -0.189828
v 0.327589 0.819481 -0.211041
v 0.348802 0.819481 -0.219828
v 0.370015 0.819481 -0.211041
v 0.378802 0.819481 -0.189828
v 0.370015 0.819481 -0.168615
v 0.349167 0.221854 -0.160734
v 0.329075 0.220789 -0.169248
v 0.319708 0.221854 -0.189463
v 0.328279 0.220550 -0.209422
v 0.348437 0.221854 -0.218922
v 0.368529 0.220790 -0.210408
v 0.377896 0.221854 -0.190193
v 0.369325 0.220550 -0.170233
v 0.350189 0.236679 -0.141718
v 0.348307 0.264482 -0.140399
v 0.306961 0.238134 -0.164668
v 0.305748 0.264482 -0.165542
v 0.306363 0.237015 -0.212867
v 0.306243 0.264482 -0.214971
v 0.347934 0.238134 -0.238644
v 0.349297 0.264482 -0.239257
v 0.386122 0.234482 -0.211375
v 0.391377 0.238901 -0.214946
v 0.391856 0.264482 -0.214114
v 0.391512 0.238134 -0.166172
v 0.391361 0.264482 -0.164685
v 0.327341 0.234904 -0.152658
v 0.305978 0.234745 -0.189827
v 0.327373 0.234806 -0.226947
v 0.370261 0.234903 -0.226998
v 0.391722 0.234904 -0.189827
v 0.370234 0.234806 -0.152710
v 0.450870 0.269689 0.264312
v 0.450870 0.159999 0.114313
v 0.450870 0.269689 0.114313
v 0.488200 0.269689 0.264312
v 0.488200 0.159999 0.114313
v 0.488200 0.269689 0.114313
v 0.450870 0.159999 0.174312
v 0.450870 0.249999 0.264312
v 0.488200 0.249999 0.264312
v 0.488200 0.159999 0.174312
v 0.215870 0.269689 0.264312
v 0.215870 0.159999 0.114313
v 0.215870 0.269689 0.114313
v 0.253200 0.269689 0.264312
v 0.253200 0.159999 0.114313
v 0.253200 0.269689 0.114313
v 0.215870 0.159999 0.174312
v 0.215870 0.249999 0.264312
v 0.253200 0.249999 0.264312
v 0.253200 0.159999 0.174312
v -0.019130 0.269689 0.264312
v -0.019130 0.159999 0.114313
v -0.019130 0.269689 0.114313
v 0.018200 0.269689 0.264312
v 0.018200 0.159999 0.114313
v 0.018200 0.269689 0.114313
v -0.019130 0.159999 0.174312
v -0.019130 0.249999 0.264312
v 0.018200 0.249999 0.264312
v 0.018200 0.159999 0.174312
v -0.254130 0.269689 0.264312
v -0.254130 0.159999 0.114313
v -0.254130 0.269689 0.114313
v -0.216800 0.269689 0.264312
v -0.216800 0.159999 0.114313
v -0.216800 0.269689 0.114313
v -0.254130 0.159999 0.174312
v -0.254130 0.249999 0.264312
v -0.216800 0.249999 0.264312
v -0.216800 0.159999 0.174312
v -0.489130 0.269689 0.264312
v -0.489130 0.159999 0.114313
v -0.489130 0.269689 0.114313
v -0.451800 0.269689 0.264312
v -0.451800 0.159999 0.114313
v -0.451800 0.269689 0.114313
v -0.489130 0.159999 0.174312
v -0.489130 0.249999 0.264312
v -0.451800 0.249999 0.264312
v -0.451800 0.159999 0.174312
v -0.451800 0.269689 -0.265685
v -0.451800 0.159999 -0.115687
v -0.451800 0.269689 -0.115687
v -0.489130 0.269689 -0.265685
v -0.489130 0.159999 -0.115687
v -0.489130 0.269689 -0.115687
v -0.451800 0.159999 -0.175685
v -0.451800 0.249999 -0.265685
v -0.489130 0.249999 -0.265685
v -0.489130 0.159999 -0.175685
v -0.216800 0.269689 -0.265685
v -0.216800 0.159999 -0.115687
v -0.216800 0.269689 -0.115687
v -0.254130 0.269689 -0.265685
v -0.254130 0.159999 -0.115687
v -0.254130 0.269689 -0.115687
v -0.216800 0.159999 -0.175685
v -0.216800 0.249999 -0.265685
v -0.254130 0.249999 -0.265685
v -0.254130 0.159999 -0.175685
v 0.018200 0.269689 -0.265685
v 0.018200 0.159999 -0.115687
v 0.018200 0.269689 -0.115687
v -0.019130 0.269689 -0.265685
v -0.019130 0.159999 -0.115687
v -0.019130 0.269689 -0.115687
v 0.018200 0.159999 -0.175685
v 0.018200 0.249999 -0.265685
v -0.019130 0.249999 -0.265685
v -0.019130 0.159999 -0.175685
v 0.253200 0.269689 -0.265685
v 0.253200 0.159999 -0.115687
v 0.253200 0.269689 -0.115687
v 0.215870 0.269689 -0.265685
v 0.215870 0.159999 -0.115687
v 0.215870 0.269689 -0.115687
v 0.253200 0.159999 -0.175685
v 0.253200 0.249999 -0.265685
v 0.215870 0.249999 -0.265685
v 0.215870 0.159999 -0.175686
v 0.488200 0.269689 -0.265686
v 0.488200 0.159999 -0.115687
v 0.488200 0.269689 -0.115687
v 0.450870 0.269689 -0.265686
v 0.450870 0.159999 -0.115687
v 0.450870 0.269689 -0.115687
v 0.488200 0.159999 -0.175686
v 0.488200 0.249999 -0.265686
v 0.450870 0.249999 -0.265686
v 0.450870 0.159999 -0.175686
vn -0.0000 -1.0000 -0.0000
vn -0.0000 -0.0000 -1.0000
vn -0.7077 -0.0000 -0.7065
vn -0.0000 -0.0000 1.0000
vn -0.7830 0.6221 -0.0000
vn 1.0000 -0.0000 -0.0000
vn -1.0000 -0.0000 -0.0000
vn 0.7830 0.6221 -0.0000
vn 0.7830 -0.6221 -0.0000
vn -0.7830 -0.6221 -0.0000
vn -0.0000 1.0000 -0.0000
vn 0.7107 -0.0000 0.7035
vn 0.7077 -0.0000 -0.7065
vn -0.7107 -0.0000 0.7035
vn -0.6549 -0.7557 -0.0000
vn 0.6549 -0.7557 -0.0000
vn 0.9979 -0.0000 0.0654
vn 0.9659 -0.0000 0.2588
vn 0.8660 -0.0000 0.5000
vn 0.7071 -0.0000 0.7071
vn 0.5000 -0.0000 0.8660
vn 0.2588 -0.0000 0.9659
vn 0.0654 -0.0000 0.9979
vn 0.9914 0.0078 0.1305
vn 0.9667 0.0132 0.2554
vn 0.9649 0.0135 0.2622
vn 0.8667 0.0218 0.4983
vn 0.8649 0.0218 0.5014
vn 0.7069 0.0247 0.7069
vn 0.5014 0.0218 0.8649
vn 0.4983 0.0217 0.8667
vn 0.2622 0.0135 0.9649
vn 0.2554 0.0132 0.9667
vn 0.0679 0.0040 0.9977
vn 0.9977 -0.0040 0.0679
vn 0.9667 -0.0132 0.2554
vn 0.9980 -0.0037 0.0629
vn 0.9649 -0.0135 0.2622
vn 0.8667 -0.0218 0.4983
vn 0.8649 -0.0218 0.5014
vn 0.7069 -0.0247 0.7069
vn 0.5014 -0.0218 0.8649
vn 0.4983 -0.0217 0.8667
vn 0.2622 -0.0135 0.9649
vn 0.2554 -0.0132 0.9667
vn 0.0679 -0.0040 0.9977
vn 0.0629 -0.0037 0.9980
vn -0.0679 -0.0040 0.9977
vn -0.2554 -0.0132 0.9667
vn -0.0629 -0.0037 0.9980
vn -0.2622 -0.0135 0.9649
vn -0.4983 -0.0217 0.8667
vn -0.5014 -0.0218 0.8649
vn -0.7069 -0.0247 0.7069
vn -0.8649 -0.0218 0.5014
vn -0.8667 -0.0218 0.4983
vn -0.9649 -0.0135 0.2622
vn -0.9667 -0.0132 0.2554
vn -0.9977 -0.0040 0.0679
vn -0.9980 -0.0037 0.0629
vn -0.9977 -0.0040 -0.0679
vn -0.9667 -0.0132 -0.2554
vn -0.9980 -0.0037 -0.0629
vn -0.9649 -0.0135 -0.2622
vn -0.8667 -0.0218 -0.4983
vn -0.8649 -0.0219 -0.5014
vn -0.7069 -0.0247 -0.7069
vn -0.5014 -0.0218 -0.8649
vn -0.4983 -0.0217 -0.8667
vn -0.2622 -0.0135 -0.9649
vn -0.2554 -0.0132 -0.9667
vn -0.0679 -0.0040 -0.9977
vn -0.0629 -0.0037 -0.9980
vn -0.0654 -0.0000 0.9979
vn -0.2588 -0.0000 0.9659
vn -0.5000 -0.0000 0.8660
vn -0.7071 -0.0000 0.7071
vn -0.8660 -0.0000 0.5000
vn -0.9659 -0.0000 0.2588
vn -0.9979 -0.0000 0.0654
vn -0.9979 -0.0000 -0.0654
vn -0.9659 -0.0000 -0.2588
vn -0.8660 -0.0000 -0.5000
vn -0.7071 -0.0000 -0.7071
vn -0.5000 -0.0000 -0.8660
vn -0.2588 -0.0000 -0.9659
vn -0.0654 -0.0000 -0.9979
vn 0.0654 -0.0000 -0.9979
vn 0.2588 -0.0000 -0.9659
vn 0.5000 -0.0000 -0.8660
vn 0.7071 -0.0000 -0.7071
vn 0.8660 -0.0000 -0.5000
vn 0.9659 -0.0000 -0.2588
vn 0.9979 -0.0000 -0.0654
vn 0.0679 -0.0040 -0.9977
vn 0.2554 -0.0132 -0.9667
vn 0.0629 -0.0037 -0.9980
vn 0.2622 -0.0135 -0.9649
vn 0.4983 -0.0217 -0.8667
vn 0.5014 -0.0218 -0.8649
vn 0.7069 -0.0247 -0.7069
vn 0.8649 -0.0219 -0.5014
vn 0.8667 -0.0218 -0.4983
vn 0.9649 -0.0135 -0.2622
vn 0.9667 -0.0132 -0.2554
vn 0.9977 -0.0040 -0.0679
vn 0.9980 -0.0038 -0.0629
vn -0.9914 0.0078 -0.1305
vn -0.9667 0.0132 -0.2554
vn -0.9649 0.0135 -0.2622
vn -0.8667 0.0218 -0.4983
vn -0.8649 0.0219 -0.5014
vn -0.7069 0.0247 -0.7069
vn -0.5014 0.0218 -0.8649
vn -0.4983 0.0217 -0.8667
vn -0.2622 0.0135 -0.9649
vn -0.2554 0.0132 -0.9667
vn -0.0679 0.0038 -0.9977
vn -0.0679 0.0040 0.9977
vn -0.2554 0.0132 0.9667
vn -0.2622 0.0135 0.9649
vn -0.4983 0.0217 0.8667
vn -0.5014 0.0218 0.8649
vn -0.7069 0.0247 0.7069
vn -0.8649 0.0218 0.5014
vn -0.8667 0.0218 0.4983
vn -0.9649 0.0135 0.2622
vn -0.9667 0.0132 0.2554
vn -0.9914 0.0078 0.1305
vn 0.0679 0.0040 -0.9977
vn 0.2554 0.0132 -0.9667
vn 0.2622 0.0135 -0.9649
vn 0.4983 0.0217 -0.8667
vn 0.5014 0.0218 -0.8649
vn 0.7069 0.0247 -0.7069
vn 0.8649 0.0219 -0.5014
vn 0.8667 0.0218 -0.4983
vn 0.9649 0.0135 -0.2622
vn 0.9667 0.0132 -0.2554
vn 0.9914 0.0078 -0.1305
vn -0.0630 0.0035 -0.9980
vn 0.0629 0.0037 0.9980
vn -0.0000 -1.0000 0.0001
vn -0.0000 0.8272 0.5619
vn 1.0000 0.0002 -0.0000
vn -1.0000 0.0002 -0.0000
vn -1.0000 -0.0001 -0.0000
vn -0.0000 -1.0000 -0.0001
vn -0.9973 -0.0000 -0.0739
vn -0.0000 0.8769 0.4807
vn 0.5619 -0.7253 -0.3976
vn -0.0000 1.0000 0.0001
vn -0.0629 0.0037 0.9980
vn 0.0629 0.0037 -0.9980
vn -0.0000 -0.5496 0.8354
vn -0.0000 -1.0000 0.0072
vn 0.0001 0.0003 1.0000
vn -0.0000 -0.0000 -0.0000
vn 1.0000 0.0001 -0.0000
vn -1.0000 0.0001 -0.0000
vn -0.7071 0.7071 -0.0000
vn -0.0000 -0.7071 0.7071
vn -0.0000 0.7071 0.7071
vn -0.0000 -0.7071 -0.7071
vn -0.0000 0.7071 -0.7071
vn 1.0000 -0.0001 -0.0000
vn 0.9938 -0.1031 -0.0406
vn 0.9993 -0.0357 0.0071
vn 0.9994 -0.0201 -0.0289
vn -0.1678 -0.2929 -0.9413
vn 0.1006 -0.4491 -0.8878
vn -0.2430 -0.2403 -0.9398
vn 0.0567 -0.5721 -0.8182
vn -0.0297 -0.6734 -0.7386
vn -0.0061 -0.8308 -0.5565
vn 0.0061 -0.8321 -0.5547
vn 0.0297 -0.9401 -0.3395
vn -0.0431 -0.9759 -0.2137
vn 0.0374 -0.9989 0.0274
vn -0.0374 -0.9851 0.1680
vn 0.0374 -0.9124 0.4075
vn -0.0510 -0.8463 0.5303
vn 0.1678 -0.6308 0.7576
vn -0.3500 -0.4560 0.8183
vn -0.3500 -0.1082 0.9305
vn -0.3500 0.2562 0.9011
vn -0.1678 0.6308 0.7576
vn 0.1006 0.7547 0.6483
vn -0.2430 0.5817 0.7763
vn 0.0510 0.8463 0.5303
vn -0.0374 0.9124 0.4075
vn 0.0374 0.9851 0.1680
vn -0.0374 0.9989 0.0274
vn 0.0431 0.9759 -0.2137
vn -0.0161 0.9396 -0.3419
vn 0.1503 0.8521 -0.5014
vn -0.1655 0.7656 -0.6217
vn -0.2307 0.7366 -0.6358
vn -0.3500 0.4560 -0.8183
vn -0.3499 0.1082 -0.9305
vn 0.1704 0.6607 0.7311
vn 0.3463 0.7058 0.6181
vn 0.3844 0.6914 0.6117
vn 0.6747 -0.2653 -0.6888
vn 0.6155 -0.2554 -0.7456
vn 0.6998 -0.1518 -0.6980
vn 0.1118 -0.4907 -0.8641
vn -0.0603 -0.4824 -0.8739
vn 0.1252 -0.4907 -0.8623
vn 0.1072 -0.7514 0.6510
vn 0.1562 -0.5957 0.7878
vn 0.1094 -0.7511 0.6510
vn 0.5004 -0.1499 0.8527
vn 0.5771 -0.2123 0.7886
vn 0.6951 -0.2496 0.6742
vn 0.1454 -0.0175 0.9892
vn 0.1075 0.4919 0.8640
vn 0.1097 0.4919 0.8637
vn 0.3194 0.9347 0.1557
vn 0.5921 0.8051 -0.0351
vn -0.1711 0.9724 0.1588
vn 0.1080 0.9453 -0.3079
vn 0.1487 0.8506 -0.5044
vn 0.1112 0.9449 -0.3080
vn 0.7134 0.6973 -0.0700
vn 0.5373 0.8420 0.0487
vn -0.1161 0.8816 0.4574
vn -0.1555 -0.9859 0.0611
vn 0.1178 -0.6687 0.7341
vn 0.1044 0.9059 -0.4104
vn 0.6940 0.5163 -0.5018
vn 0.7141 0.3536 -0.6041
vn 0.4723 0.5613 -0.6796
vn 0.1286 0.0149 0.9916
vn -0.1153 -0.4766 -0.8715
vn -0.0895 0.4864 -0.8691
vn -0.0237 0.4652 -0.8849
vn 0.3101 0.3130 -0.8977
vn 0.1278 0.1515 -0.9802
vn 0.1638 0.0449 -0.9855
vn -0.1596 -0.7398 -0.6536
vn 0.1217 0.5963 0.7935
vn 0.3467 -0.8236 -0.4489
vn 0.3575 -0.8192 -0.4484
vn 0.3635 -0.8168 -0.4481
vn -0.1783 -0.9513 -0.2517
vn -0.0160 0.9937 -0.1106
vn 0.0149 0.9589 -0.2832
vn -0.0160 0.8743 -0.4850
vn 0.4971 -0.8176 0.2906
vn 0.7093 -0.6236 0.3287
vn 0.6906 -0.6053 0.3958
vn 0.7348 -0.4936 0.4653
vn 0.7300 -0.4431 0.5203
vn 0.7360 0.6025 -0.3087
vn 0.7415 0.5787 -0.3396
vn 0.7115 -0.3071 0.6320
vn 0.7409 0.0324 -0.6708
vn 0.7179 -0.2084 -0.6642
vn 0.7275 0.4508 -0.5173
vn 0.7143 -0.1532 0.6828
vn 0.7251 -0.0036 0.6886
vn 0.7285 0.1040 0.6771
vn 0.7343 -0.3554 -0.5783
vn 0.7525 -0.4202 -0.5070
vn 0.4984 0.1493 0.8540
vn 0.7457 -0.5164 -0.4209
vn 0.7347 0.0709 -0.6747
vn 0.7385 0.2410 -0.6297
vn 0.7254 0.3086 0.6152
vn 0.7023 0.2398 0.6702
vn 0.7341 0.4212 0.5326
vn 0.7337 -0.5982 -0.3222
vn 0.7302 -0.6524 -0.2027
vn 0.7387 -0.6703 0.0703
vn 0.7375 -0.6655 -0.1149
vn 0.7481 -0.6569 0.0940
vn 0.7381 0.5935 0.3209
vn 0.7359 0.5251 0.4275
vn 0.7268 0.6642 0.1747
vn 0.7186 -0.0672 0.6921
vn 0.7136 -0.2064 0.6695
vn 0.7060 0.1569 0.6906
vn -0.0022 -0.7032 0.7109
vn 0.0024 -0.4661 0.8847
vn 0.0025 -0.4582 0.8888
vn -0.0074 0.0695 -0.9976
vn 0.0067 -0.1871 -0.9823
vn -0.0140 -0.3038 -0.9526
vn 0.0153 0.7795 -0.6262
vn -0.0118 0.6373 -0.7705
vn 0.0107 -0.1139 0.9934
vn -0.0006 -0.1946 0.9809
vn -0.0123 0.1215 0.9925
vn 0.0120 -0.4790 -0.8777
vn -0.0153 -0.6439 -0.7649
vn 0.0138 0.4791 -0.8776
vn -0.0068 0.3724 -0.9281
vn 0.0069 0.1225 -0.9924
vn 0.0158 0.2789 0.9602
vn -0.0153 0.4788 0.8778
vn 0.0125 -0.7579 -0.6523
vn -0.0044 -0.8813 -0.4725
vn 0.0159 0.6268 0.7790
vn -0.0159 0.7796 0.6260
vn 0.0009 -0.9933 -0.1154
vn -0.0010 -0.9805 -0.1966
vn -0.0070 -0.9920 0.1261
vn 0.0156 0.8785 0.4775
vn -0.0158 0.9603 0.2786
vn -0.0025 -0.8886 0.4587
vn -0.0018 -0.8861 0.4635
vn 0.0156 0.9945 0.1039
vn 0.0018 -0.7123 0.7019
vn 1.0000 0.0001 -0.0001
vn 1.0000 -0.0000 0.0001
vn 0.6941 0.2203 0.6854
vn 0.7081 -0.3337 -0.6223
vn 0.7049 -0.4514 -0.5471
vn 0.7049 -0.5421 -0.4573
vn 0.7083 0.3183 -0.6301
vn 0.7145 0.0789 -0.6952
vn 0.7003 0.0907 -0.7081
vn 0.7122 -0.6264 -0.3169
vn 0.7185 0.4357 0.5422
vn 0.7152 0.4479 0.5365
vn 0.7106 -0.6981 -0.0878
vn 0.7153 -0.6965 -0.0563
vn 0.7068 0.6462 0.2880
vn 0.7051 0.6103 0.3610
vn 0.7048 -0.6987 0.1232
vn 0.7219 -0.6584 0.2131
vn 0.7164 0.6933 0.0781
vn 0.7196 -0.6123 0.3276
vn 0.7161 -0.4942 0.4929
vn 0.7122 0.7001 -0.0513
vn 0.7042 0.6808 -0.2016
vn 0.6837 -0.5188 0.5133
vn 0.7172 -0.3350 0.6111
vn 0.7104 0.6226 -0.3283
vn 0.7103 0.5487 -0.4408
vn 0.7045 -0.1244 -0.6987
vn 0.7185 -0.1967 -0.6671
vn -0.9984 -0.0502 0.0250
vn -0.9993 -0.0385 0.0031
vn -0.9994 -0.0200 0.0265
vn 0.1678 -0.2929 0.9413
vn -0.1006 -0.4491 0.8878
vn 0.2430 -0.2403 0.9398
vn -0.0567 -0.5721 0.8182
vn 0.0161 -0.6755 0.7372
vn -0.1503 -0.7893 0.5954
vn 0.1655 -0.8673 0.4694
vn 0.2307 -0.8693 0.4372
vn 0.3500 -0.9305 0.1082
vn 0.3500 -0.9011 -0.2562
vn 0.1503 -0.7893 -0.5954
vn -0.0161 -0.6754 -0.7372
vn -0.1655 -0.8674 -0.4694
vn 0.3500 -0.1082 -0.9305
vn 0.1820 0.2902 -0.9395
vn -0.1006 0.4491 -0.8878
vn 0.2430 0.2403 -0.9398
vn -0.1529 0.6314 -0.7602
vn 0.1529 0.7602 -0.6314
vn -0.1005 0.8667 -0.4887
vn -0.1820 0.9395 -0.2902
vn 0.3500 0.9305 -0.1082
vn 0.1678 0.9413 0.2929
vn -0.1006 0.8878 0.4491
vn 0.2430 0.9398 0.2403
vn -0.0567 0.8182 0.5721
vn 0.0161 0.7372 0.6755
vn -0.1504 0.5954 0.7893
vn 0.1655 0.4694 0.8673
vn 0.2307 0.4372 0.8692
vn 0.3499 0.1082 0.9305
vn -0.9998 0.0174 -0.0068
vn -0.9999 0.0075 -0.0083
vn -0.9999 0.0111 -0.0109
vn -0.1072 -0.7515 -0.6510
vn -0.1562 -0.5957 -0.7878
vn -0.1094 -0.7512 -0.6510
vn -0.4928 -0.1437 -0.8582
vn -0.5772 -0.2123 -0.7886
vn -0.6925 -0.2717 -0.6683
vn -0.1454 -0.0175 -0.9892
vn -0.1075 0.4919 -0.8640
vn -0.1563 0.6565 -0.7380
vn -0.1097 0.4919 -0.8637
vn -0.5081 0.8029 -0.3118
vn -0.5771 0.7320 -0.3620
vn -0.6951 0.6126 -0.3763
vn -0.1490 0.9655 -0.2134
vn -0.0984 0.9465 0.3074
vn 0.0755 0.9527 0.2944
vn -0.1112 0.9449 0.3080
vn -0.6807 0.2862 0.6744
vn -0.5680 0.3892 0.7251
vn -0.4931 0.5065 0.7073
vn -0.1212 0.2631 0.9571
vn -0.1596 0.0594 0.9854
vn -0.1250 0.2627 0.9567
vn -0.7227 0.6784 -0.1322
vn -0.7182 0.6957 0.0158
vn -0.5106 0.8590 -0.0370
vn -0.1547 -0.9861 0.0602
vn -0.1331 -0.9713 -0.1971
vn -0.1431 -0.9756 -0.1668
vn -0.1297 0.9745 -0.1833
vn -0.1177 -0.6687 -0.7341
vn 0.1400 0.9476 0.2872
vn -0.1476 -0.1974 0.9691
vn -0.1448 -0.1646 0.9757
vn 0.1623 0.7850 0.5979
vn -0.1286 0.0149 -0.9916
vn -0.6663 -0.2930 0.6857
vn -0.4315 -0.5298 0.7302
vn -0.3207 -0.4615 0.8271
vn -0.1171 -0.7444 0.6574
vn -0.1350 -0.7775 0.6142
vn -0.1066 0.1581 0.9817
vn -0.1177 0.5895 -0.7992
vn -0.1430 -0.9199 0.3651
vn -0.1512 -0.9034 0.4012
vn -0.1220 -0.9820 0.1440
vn -0.4983 -0.8085 -0.3131
vn -0.7212 -0.5504 -0.4206
vn -0.7024 -0.6105 -0.3660
vn -0.7006 0.7069 0.0968
vn -0.7272 0.6568 0.1995
vn -0.7260 -0.4381 -0.5300
vn -0.7414 0.5226 0.4209
vn -0.7384 0.5710 0.3586
vn -0.7297 -0.3571 -0.5831
vn -0.7159 -0.1938 -0.6708
vn -0.7350 -0.1347 0.6646
vn -0.7488 0.0444 0.6613
vn -0.7338 -0.2175 0.6436
vn -0.7193 0.4267 0.5483
vn -0.7308 -0.0067 -0.6825
vn -0.7312 0.0975 -0.6751
vn -0.7485 -0.4184 0.5144
vn -0.7110 0.2712 0.6488
vn -0.4983 0.1492 -0.8541
vn -0.7460 -0.5194 0.4168
vn -0.7320 0.0939 0.6748
vn -0.7251 0.3118 -0.6141
vn -0.7015 0.2397 -0.6711
vn -0.7320 0.4291 -0.5292
vn -0.7386 -0.6424 0.2043
vn -0.7507 -0.6004 0.2757
vn -0.7207 0.5538 -0.4171
vn -0.7365 -0.6728 0.0697
vn -0.7314 0.6466 -0.2168
vn -0.7302 -0.6688 -0.1399
vn -0.7452 -0.6667 -0.0112
vn -0.7285 -0.6438 -0.2340
vn -0.7047 -0.0744 -0.7056
vn -0.7107 -0.2041 -0.6733
vn -0.7109 0.0760 -0.6992
vn 0.0042 -0.7738 -0.6334
vn -0.0040 -0.4753 -0.8798
vn 0.0011 -0.5560 -0.8312
vn -0.0026 0.9527 0.3040
vn -0.0100 0.7836 0.6212
vn 0.0009 0.8311 0.5562
vn 0.0121 -0.2637 -0.9645
vn 0.0042 0.0670 0.9977
vn -0.0047 -0.2780 0.9606
vn 0.0042 -0.3064 0.9519
vn 0.0092 0.6286 0.7777
vn -0.0157 -0.1107 -0.9937
vn 0.0153 0.1112 -0.9937
vn -0.0036 -0.6136 0.7896
vn 0.0021 -0.6311 0.7757
vn -0.0139 0.4834 0.8753
vn 0.0068 0.3726 0.9280
vn -0.0082 0.1118 0.9937
vn -0.0156 0.2789 -0.9602
vn 0.0157 0.4824 -0.8758
vn -0.0018 -0.8277 0.5611
vn 0.0016 -0.8336 0.5524
vn -0.0022 -0.9575 0.2883
vn -0.0027 -0.9593 0.2825
vn -0.0156 0.6268 -0.7790
vn 0.0157 0.7826 -0.6223
vn -0.0105 -0.9971 -0.0759
vn 0.0010 -1.0000 0.0016
vn -0.0157 0.8784 -0.4776
vn 0.0120 0.9558 -0.2938
vn 0.0119 -0.9498 -0.3127
vn -0.0135 0.9948 -0.1010
vn 0.0064 0.9999 0.0114
vn -0.0130 -0.8951 -0.4457
vn -0.0065 0.9585 0.2849
vn -1.0000 0.0001 0.0001
vn -0.7102 -0.1991 0.6753
vn -0.7091 -0.4429 0.5487
vn -0.7003 -0.4366 0.5648
vn -0.7087 0.1977 -0.6773
vn -0.7105 0.0942 0.6974
vn -0.7023 0.3945 0.5925
vn -0.7116 0.0634 0.6998
vn -0.7056 -0.5796 0.4076
vn -0.7189 -0.6157 0.3226
vn -0.7072 -0.6764 0.2058
vn -0.7065 -0.7050 0.0619
vn -0.7157 0.4604 -0.5251
vn -0.7129 0.6391 -0.2886
vn -0.7051 0.6103 -0.3610
vn -0.7026 -0.7091 -0.0604
vn -0.7109 -0.6685 -0.2185
vn -0.7164 0.6933 -0.0781
vn -0.7177 -0.6173 -0.3223
vn -0.7145 -0.4860 -0.5032
vn -0.7122 0.7001 0.0513
vn -0.7042 0.6808 0.2016
vn -0.7113 0.6211 0.3290
vn -0.7128 0.5459 0.4403
vn -0.7174 -0.3302 -0.6134
vn -0.7152 -0.2093 0.6669
vn 0.9996 0.0276 0.0109
vn 0.9988 0.0480 0.0005
vn 1.0000 0.0092 -0.0010
vn 1.0000 0.0002 -0.0001
vn 0.9994 0.0281 0.0188
vn 0.9994 0.0195 0.0289
vn 0.9991 0.0206 0.0376
vn 0.9997 -0.0055 0.0238
vn 0.9996 -0.0213 0.0158
vn 0.9994 -0.0010 -0.0334
vn 0.9995 0.0238 -0.0213
vn 0.9999 0.0043 0.0121
vn 0.9957 0.0910 -0.0188
vn 0.9994 0.0196 -0.0282
vn 0.9990 0.0079 0.0436
vn 0.9999 -0.0073 0.0112
vn 0.9986 0.0243 -0.0477
vn 0.9991 -0.0017 -0.0413
vn 0.9985 -0.0234 0.0492
vn 0.9999 -0.0036 -0.0109
vn 0.9999 -0.0114 0.0056
vn 0.9987 -0.0435 0.0258
vn 0.9990 -0.0187 -0.0396
vn 0.9975 -0.0678 -0.0203
vn 0.9969 -0.0717 -0.0330
vn -0.1006 -0.7547 0.6483
vn 0.2430 -0.5817 0.7763
vn 0.3500 -0.2562 0.9011
vn 0.3500 0.1082 0.9305
vn 0.3500 0.4560 0.8183
vn 0.3500 0.5815 -0.7344
vn 0.3500 0.2562 -0.9011
vn 0.1483 -0.0743 -0.9862
vn 0.1445 -0.0747 -0.9867
vn 0.5754 -0.7335 0.3618
vn 0.3367 -0.9047 0.2612
vn 0.1248 -0.4881 0.8638
vn 0.1206 -0.4880 0.8645
vn 0.5755 0.2117 0.7899
vn 0.6890 0.7143 -0.1222
vn -0.2458 0.7429 -0.6227
vn -0.2671 0.7372 -0.6206
vn 0.5247 -0.8457 -0.0976
vn 0.4607 0.8420 0.2808
vn 0.3426 -0.9028 0.2599
vn 0.4032 -0.6011 -0.6900
vn 0.3457 -0.8240 -0.4489
vn 0.0003 -0.9240 -0.3824
vn 0.0010 -0.9811 0.1934
vn 1.0000 -0.0002 0.0005
vn 1.0000 0.0004 -0.0002
vn 1.0000 -0.0002 -0.0001
vn 1.0000 0.0006 0.0009
vn 1.0000 0.0011 -0.0011
vn 1.0000 0.0004 -0.0000
vn 1.0000 0.0004 0.0004
vn 0.7080 0.4102 -0.5749
vn 0.7062 -0.6585 -0.2600
vn -0.9972 0.0746 0.0051
vn -0.9999 0.0128 0.0019
vn -1.0000 0.0002 0.0001
vn -0.9996 -0.0176 -0.0233
vn -0.9959 0.0359 -0.0828
vn -0.9997 -0.0055 -0.0236
vn -0.9994 0.0055 0.0338
vn -0.9994 0.0258 0.0249
vn -0.9999 0.0056 -0.0122
vn -0.9954 0.0942 0.0186
vn -0.9987 0.0218 0.0456
vn -0.9990 0.0079 -0.0436
vn -0.9999 -0.0065 -0.0114
vn -0.9999 0.0055 0.0116
vn -0.9991 0.0120 0.0412
vn -0.9991 -0.0275 -0.0312
vn -0.9987 -0.0152 0.0485
vn -0.9999 -0.0124 -0.0053
vn -0.9994 -0.0144 0.0326
vn -0.9929 -0.1070 -0.0514
vn -0.9982 -0.0527 0.0297
vn -0.9991 -0.0412 0.0075
vn -0.3500 -0.9011 0.2562
vn -0.3500 -0.9305 -0.1082
vn -0.2307 -0.8693 -0.4372
vn -0.3500 0.1082 -0.9305
vn 0.1006 0.4886 -0.8667
vn 0.1006 0.8878 -0.4491
vn -0.2430 0.9398 -0.2403
vn -0.3500 0.9305 0.1082
vn -0.1247 0.7520 -0.6473
vn 0.1180 -0.3286 0.9371
vn 0.1345 -0.3297 0.9345
vn -0.5754 -0.7335 -0.3618
vn -0.1248 -0.4881 -0.8638
vn -0.1207 -0.4880 -0.8644
vn -0.5755 0.2117 -0.7899
vn -0.1205 0.7526 -0.6474
vn -0.6042 0.7960 0.0364
vn -0.3524 0.6102 0.7095
vn -0.3940 0.7996 0.4532
vn -0.3614 0.6090 0.7060
vn -0.7395 0.6211 0.2596
vn -0.7255 -0.5913 0.3523
vn -0.0005 -0.7079 -0.7063
vn -1.0000 -0.0002 0.0004
vn -1.0000 -0.0003 -0.0006
vn -1.0000 0.0004 0.0002
vn -1.0000 -0.0004 0.0002
vn -1.0000 -0.0001 -0.0003
vn -1.0000 0.0013 0.0014
vn -1.0000 0.0004 -0.0000
vn -1.0000 0.0004 -0.0004
vn -0.6971 0.3246 0.6393
vn -0.7099 0.3790 -0.5936
vn -0.6788 -0.5286 -0.5097
vn 0.3500 -0.0754 0.9337
vn 0.1503 -0.4300 0.8902
vn -0.0161 -0.5913 0.8063
vn -0.1655 -0.2911 0.9423
vn 0.0431 -0.6927 0.7199
vn -0.0431 -0.8412 0.5390
vn 0.0297 -0.9049 0.4247
vn 0.0061 -0.9806 0.1962
vn -0.0061 -0.9810 0.1940
vn -0.0297 -0.9985 -0.0461
vn 0.0431 -0.9834 -0.1760
vn -0.0374 -0.9124 -0.4075
vn 0.0374 -0.8458 -0.5322
vn -0.0374 -0.6870 -0.7257
vn 0.0374 -0.5777 -0.8154
vn -0.0431 -0.3645 -0.9302
vn 0.0297 -0.2400 -0.9703
vn 0.0061 -0.0011 -1.0000
vn -0.0061 0.0011 -1.0000
vn -0.0297 0.2400 -0.9703
vn 0.0431 0.3645 -0.9302
vn -0.0374 0.5777 -0.8154
vn 0.0374 0.6870 -0.7257
vn -0.0374 0.8458 -0.5322
vn 0.0374 0.9124 -0.4075
vn -0.0431 0.9834 -0.1760
vn 0.0297 0.9985 -0.0461
vn 0.0061 0.9810 0.1940
vn -0.0061 0.9806 0.1962
vn -0.0297 0.9049 0.4247
vn 0.0431 0.8412 0.5390
vn -0.0431 0.6927 0.7199
vn 0.0161 0.5913 0.8063
vn -0.1503 0.4300 0.8902
vn 0.1655 0.2911 0.9423
vn 0.2307 0.2592 0.9379
vn -0.4913 -0.7928 -0.3608
vn -0.5375 -0.8049 -0.2515
vn -0.5271 -0.8364 -0.1504
vn -0.2724 -0.8326 -0.4823
vn -0.4859 0.2041 -0.8498
vn -0.5421 0.0974 -0.8346
vn -0.4728 -0.0195 -0.8810
vn -0.1510 0.3663 -0.9182
vn 0.1451 0.9772 -0.1549
vn -0.1336 0.9909 -0.0163
vn 0.1658 0.9736 -0.1571
vn -0.2519 -0.9551 0.1561
vn -0.1519 -0.9883 -0.0162
vn -0.1560 -0.9877 0.0145
vn 0.2293 0.8490 -0.4760
vn -0.1267 0.9917 0.0237
vn -0.4041 -0.7022 -0.5861
vn -0.2816 0.9547 0.0960
vn -0.3635 0.9280 0.0812
vn -0.2810 -0.6328 -0.7215
vn 0.1783 0.9307 0.3192
vn -0.1323 -0.5104 -0.8497
vn -0.1546 -0.4333 -0.8879
vn 0.1426 0.7902 0.5960
vn 0.0803 0.7804 0.6201
vn -0.2599 0.6604 0.7045
vn -0.1332 -0.1899 -0.9727
vn -0.1426 -0.2201 -0.9650
vn -0.1406 0.5397 0.8300
vn -0.1256 0.5603 0.8187
vn -0.6752 -0.2855 0.6802
vn -0.4192 -0.5363 0.7326
vn -0.3381 -0.4568 0.8228
vn -0.2757 -0.6070 0.7453
vn -0.3822 -0.5723 0.7255
vn -0.6679 0.2667 0.6949
vn -0.7245 0.1044 0.6814
vn -0.5102 0.2637 0.8186
vn -0.1261 0.4039 -0.9061
vn 0.1966 -0.7779 0.5969
vn 0.2249 0.0719 0.9717
vn -0.2816 0.4541 -0.8453
vn -0.3635 0.4302 -0.8263
vn 0.1783 0.6511 -0.7377
vn 0.1676 -0.9324 0.3203
vn 0.1061 -0.9479 0.3004
vn -1.0000 -0.0000 0.0001
vn -0.7368 -0.5835 -0.3417
vn -0.7158 0.6978 -0.0256
vn -0.7425 0.6698 0.0025
vn -0.7526 0.6302 0.1909
vn -0.7417 0.5914 0.3164
vn -0.7539 -0.3140 -0.5770
vn -0.7362 -0.3374 -0.5867
vn -0.7423 0.5262 0.4149
vn -0.7478 0.4198 0.5144
vn -0.7526 -0.1359 -0.6443
vn -0.7299 0.0317 -0.6828
vn -0.7409 -0.1581 0.6528
vn -0.7392 -0.3494 0.5758
vn -0.7312 0.3606 0.5791
vn -0.7239 0.2221 0.6531
vn -0.7584 -0.5003 0.4177
vn -0.7587 0.2194 -0.6134
vn -0.7499 0.3825 -0.5398
vn -0.7321 0.4494 -0.5119
vn -0.7471 -0.5815 0.3221
vn -0.7516 -0.6282 0.2011
vn -0.7438 0.5821 -0.3284
vn -0.7483 0.5945 -0.2943
vn -0.7155 -0.6983 -0.0214
vn -0.7442 -0.6680 0.0003
vn -0.7375 0.6565 -0.1588
vn -0.0297 -0.1496 -0.9883
vn -0.0061 -0.3817 -0.9243
vn 0.0431 -0.0192 -0.9989
vn 0.0061 -0.3837 -0.9234
vn 0.0354 -0.5864 -0.8093
vn -0.0354 -0.6793 -0.7330
vn 0.0061 -0.8321 -0.5546
vn -0.0374 -0.8458 0.5322
vn 0.0374 -0.6870 0.7257
vn -0.0374 -0.5777 0.8154
vn 0.0431 -0.3645 0.9302
vn -0.0297 -0.2400 0.9703
vn -0.0061 -0.0011 1.0000
vn 0.0061 0.0011 1.0000
vn 0.0297 0.2400 0.9703
vn -0.0431 0.3645 0.9302
vn 0.0374 0.5777 0.8154
vn -0.0374 0.6870 0.7257
vn 0.0374 0.8458 0.5322
vn -0.0297 0.9401 -0.3395
vn -0.0061 0.8321 -0.5546
vn 0.0061 0.8308 -0.5565
vn 0.0297 0.6735 -0.7386
vn -0.0431 0.5709 -0.8199
vn 0.0374 0.3570 -0.9334
vn -0.0374 0.2217 -0.9744
vn 0.4965 -0.7851 0.3702
vn 0.5375 -0.8049 0.2515
vn 0.4885 -0.8589 0.1538
vn 0.1493 -0.8282 0.5402
vn 0.5099 -0.1510 0.8469
vn 0.5770 -0.2122 0.7887
vn 0.6966 -0.2465 0.6737
vn 0.1606 -0.0196 0.9868
vn 0.4996 0.3697 0.7834
vn 0.3160 0.4547 0.8327
vn 0.5411 0.2398 0.8060
vn -0.1451 0.9772 0.1549
vn 0.1336 0.9909 0.0163
vn -0.1658 0.9736 0.1571
vn 0.4939 0.3007 -0.8159
vn 0.5417 0.3830 -0.7483
vn 0.4995 0.5023 -0.7058
vn 0.3140 0.2755 -0.9086
vn 0.2519 -0.9551 -0.1561
vn 0.1519 -0.9883 0.0162
vn 0.1560 -0.9877 -0.0145
vn -0.2293 0.8490 0.4760
vn 0.1267 0.9917 -0.0237
vn 0.1397 -0.8065 0.5745
vn 0.2816 0.9547 -0.0960
vn 0.3635 0.9280 -0.0812
vn 0.1225 -0.6644 0.7372
vn 0.1568 -0.5917 0.7907
vn -0.1783 0.9307 -0.3192
vn -0.1426 0.7902 -0.5960
vn 0.1429 0.0167 0.9896
vn 0.6752 -0.2855 -0.6802
vn 0.4192 -0.5363 -0.7326
vn 0.3381 -0.4568 -0.8228
vn 0.2757 -0.6070 -0.7453
vn 0.3822 -0.5723 -0.7255
vn 0.7005 0.1134 -0.7045
vn -0.1966 -0.7779 -0.5969
vn -0.1658 0.0615 -0.9842
vn 0.6977 0.4227 0.5784
vn -0.1783 0.6511 0.7377
vn -0.1676 -0.9324 -0.3203
vn -0.1061 -0.9479 -0.3004
vn 1.0000 0.0001 0.0001
vn 0.7492 -0.5303 0.3967
vn 0.7509 -0.5742 0.3262
vn 0.7158 0.6978 0.0256
vn 0.7425 0.6698 -0.0025
vn 0.7526 0.6302 -0.1909
vn 0.7410 -0.4241 0.5207
vn 0.7417 0.5914 -0.3164
vn 0.7369 0.5253 -0.4256
vn 0.7265 0.4245 -0.5403
vn 0.7204 -0.3109 0.6199
vn 0.7330 -0.0882 0.6745
vn 0.7409 -0.1581 -0.6528
vn 0.7441 -0.3500 -0.5691
vn 0.7207 0.2311 -0.6536
vn 0.7293 0.0055 0.6841
vn 0.7182 0.2008 0.6662
vn 0.4862 0.1417 0.8623
vn 0.7754 -0.4864 -0.4027
vn 0.7387 0.4245 0.5237
vn 0.7442 -0.6155 -0.2595
vn 0.7286 -0.6584 -0.1886
vn 0.7395 0.5890 0.3259
vn 0.7472 0.5991 0.2876
vn 0.7601 -0.6496 -0.0140
vn 0.7313 -0.6667 0.1440
vn 0.7375 0.6565 0.1588
vn -0.2307 -0.2592 0.9379
vn -0.9994 0.0341 -0.0038
vn -0.9995 0.0289 -0.0134
vn -0.9995 0.0296 -0.0087
vn -0.9993 0.0323 0.0189
vn -0.9997 0.0059 0.0255
vn -0.9994 -0.0053 0.0348
vn -0.9996 0.0024 -0.0267
vn -0.9985 0.0347 -0.0418
vn -0.9977 0.0442 -0.0519
vn -1.0000 -0.0000 -0.0001
vn -0.9992 -0.0275 -0.0294
vn -0.9998 -0.0180 -0.0067
vn -0.9992 -0.0349 0.0187
vn -0.9992 0.0411 0.0025
vn -0.9991 0.0419 0.0094
vn -0.9993 0.0122 -0.0368
vn -0.9991 0.0369 0.0190
vn -1.0000 -0.0035 -0.0078
vn -0.9985 0.0349 0.0422
vn -0.4592 -0.0803 -0.8847
vn -0.9950 0.0678 0.0737
vn -0.9985 -0.0200 -0.0509
vn -0.9982 -0.0188 -0.0576
vn -0.9996 0.0029 0.0267
vn -0.9988 -0.0396 -0.0276
vn -0.9987 -0.0442 -0.0233
vn -0.9991 -0.0034 0.0414
vn -0.9996 0.0172 0.0236
vn -0.9963 -0.0481 0.0706
vn -0.9994 -0.0342 -0.0016
vn -0.9969 -0.0789 0.0031
vn -0.9926 -0.0683 0.1006
vn -0.9991 -0.0363 0.0201
vn -0.3500 0.0754 0.9337
vn -0.5225 0.6496 -0.5523
vn 0.2452 -0.2903 0.9250
vn 0.2536 -0.2903 0.9227
vn 0.1285 -0.2879 0.9490
vn 0.1299 0.4350 0.8910
vn 0.1463 0.4325 0.8897
vn -0.4646 0.8403 -0.2793
vn -0.5225 0.7588 0.3888
vn -0.4245 -0.0490 0.9041
vn 0.0938 -0.2865 0.9535
vn -0.5179 -0.7516 0.4084
vn -1.0000 -0.0001 -0.0002
vn -1.0000 -0.0019 -0.0000
vn -1.0000 -0.0001 0.0013
vn -1.0000 -0.0001 -0.0001
vn -1.0000 0.0014 0.0001
vn -1.0000 -0.0001 0.0001
vn -0.7500 -0.0629 0.6584
vn 0.9994 0.0346 0.0036
vn 0.9995 0.0289 0.0134
vn 0.9995 0.0296 0.0087
vn 0.9994 0.0291 -0.0212
vn 0.9997 0.0112 -0.0203
vn 0.9993 -0.0063 -0.0358
vn 0.9999 0.0020 0.0105
vn 0.9989 0.0272 0.0372
vn 0.9977 0.0443 0.0519
vn 0.9998 -0.0037 0.0205
vn 0.9992 -0.0207 0.0330
vn 0.9998 -0.0179 0.0062
vn 0.9992 -0.0318 -0.0224
vn 0.9992 0.0411 -0.0025
vn 0.9989 0.0460 -0.0121
vn 1.0000 0.0012 -0.0002
vn 0.9988 0.0447 -0.0174
vn 0.9970 -0.0116 0.0763
vn 0.9992 0.0230 -0.0314
vn 0.6832 0.0610 -0.7277
vn 0.9992 -0.0332 0.0200
vn 0.9991 -0.0215 0.0353
vn 0.9989 -0.0041 0.0472
vn 0.9995 0.0122 -0.0283
vn 0.9988 -0.0430 0.0231
vn 0.9991 -0.0053 -0.0410
vn 0.9996 0.0172 -0.0236
vn 0.9983 -0.0302 -0.0498
vn 0.9993 -0.0368 -0.0011
vn 0.9842 -0.1764 -0.0133
vn 0.9975 -0.0375 -0.0598
vn 0.9989 -0.0427 -0.0187
vn 0.5225 0.6496 0.5523
vn -0.2452 -0.2903 -0.9250
vn -0.2536 -0.2903 -0.9227
vn -0.1285 -0.2879 -0.9490
vn 0.1246 -0.4881 0.8638
vn 0.1204 -0.4880 0.8645
vn 0.3546 0.6096 -0.7090
vn 0.4645 0.8404 0.2793
vn 0.5225 0.7588 -0.3888
vn 0.4245 -0.0490 -0.9041
vn -0.0938 -0.2865 -0.9535
vn 0.3638 0.6084 -0.7054
vn 0.5179 -0.7516 -0.4084
vn 1.0000 -0.0001 0.0002
vn 1.0000 -0.0002 -0.0000
vn 1.0000 -0.0019 -0.0000
vn 1.0000 -0.0003 -0.0004
vn 1.0000 0.0001 -0.0002
vn 1.0000 -0.0001 0.0001
vn 1.0000 0.0008 0.0003
vn 0.7500 -0.0629 -0.6584
vn -0.9239 -0.3827 -0.0000
vn -0.7071 -0.7071 -0.0000
vn 0.3827 -0.9239 -0.0000
vn 0.7071 -0.7071 -0.0000
vn 0.9239 -0.3827 -0.0000
vn 0.9239 0.3827 -0.0000
vn 0.7071 0.7071 -0.0000
vn 0.3827 0.9239 -0.0000
vn -0.3827 0.9239 -0.0000
vn -0.9239 0.3827 -0.0000
vn 0.9238 -0.3828 -0.0000
vn -0.3827 -0.9239 -0.0000
vn 0.9238 0.3828 -0.0000
vn -0.0002 -0.0002 -1.0000
vn -0.0003 0.0003 -1.0000
vn 0.0001 0.0003 -1.0000
vn -0.3202 -0.7937 -0.5173
vn 0.1627 -0.8178 -0.5521
vn -0.0088 -0.8570 -0.5152
vn 0.0065 0.8561 -0.5168
vn 0.4419 0.7105 -0.5477
vn -0.1636 0.8223 -0.5451
vn -0.3337 0.7884 -0.5168
vn 0.5995 -0.6107 -0.5173
vn 0.7088 -0.4417 -0.5499
vn -0.6801 0.4873 -0.5477
vn -0.6009 0.6111 -0.5152
vn -0.7940 0.3211 -0.5162
vn 0.8564 -0.0072 -0.5162
vn 0.8131 0.1929 -0.5492
vn -0.8570 0.0072 -0.5152
vn -0.8251 -0.1329 -0.5492
vn -0.7885 -0.3344 -0.5162
vn -0.4859 -0.6793 -0.5500
vn -0.6111 -0.6009 -0.5152
vn 0.6107 0.6005 -0.5162
vn 0.3213 0.7945 -0.5152
vn 0.0012 0.0001 -1.0000
vn 0.0003 -0.0001 -1.0000
vn 0.0002 -0.0008 -1.0000
vn -0.0012 -0.0002 -1.0000
vn -0.0004 0.0017 -1.0000
vn 0.3361 -0.7884 -0.5152
vn 0.7945 -0.3213 -0.5152
vn 0.7891 0.3346 -0.5152
vn 0.3298 0.7880 -0.5199
vn 0.7001 0.4710 -0.5367
vn 0.3211 0.7882 -0.5249
vn -0.0000 0.0004 -1.0000
vn -0.0003 -0.0003 -1.0000
vn 0.0002 -0.0004 -1.0000
vn -0.3251 -0.7954 -0.5115
vn -0.0000 -0.8442 -0.5360
vn -0.0000 -0.8566 -0.5159
vn 0.0034 0.8589 -0.5121
vn -0.1867 0.8198 -0.5413
vn 0.3251 -0.7954 -0.5115
vn 0.5091 -0.6663 -0.5449
vn 0.7885 -0.3344 -0.5162
vn 0.8250 -0.1329 -0.5492
vn 0.7940 0.3211 -0.5162
vn -0.5091 -0.6663 -0.5449
vn 0.6009 0.6111 -0.5152
vn 0.0002 -0.0000 -1.0000
vn 0.0018 0.0041 -1.0000
vn 0.0002 -0.0001 -1.0000
vn -0.0012 0.0003 -1.0000
vn -0.0001 -0.0033 -1.0000
vn 0.6111 -0.6009 -0.5152
vn 0.8570 0.0072 -0.5152
vn -0.3337 0.7884 0.5168
vn -0.6801 0.4873 0.5477
vn -0.1867 0.8198 0.5413
vn -0.9238 -0.3828 -0.0000
vn -0.9238 0.3828 -0.0000
vn 0.0002 -0.0001 1.0000
vn 0.0003 -0.0003 1.0000
vn -0.0002 -0.0004 1.0000
vn 0.3251 -0.7954 0.5115
vn -0.0000 -0.8442 0.5360
vn -0.0000 -0.8566 0.5159
vn -0.3251 -0.7954 0.5115
vn -0.5091 -0.6663 0.5449
vn 0.0034 0.8589 0.5121
vn 0.3212 0.7882 0.5249
vn 0.3298 0.7880 0.5199
vn 0.7001 0.4710 0.5367
vn 0.6009 0.6111 0.5152
vn -0.7885 -0.3344 0.5162
vn -0.8250 -0.1329 0.5492
vn 0.7940 0.3211 0.5162
vn 0.8570 0.0072 0.5152
vn 0.8251 -0.1329 0.5492
vn 0.7885 -0.3344 0.5162
vn -0.7940 0.3211 0.5162
vn 0.5091 -0.6663 0.5449
vn 0.6111 -0.6009 0.5152
vn -0.6009 0.6111 0.5152
vn -0.0000 0.0004 1.0000
vn 0.0019 0.0044 1.0000
vn 0.0001 -0.0000 1.0000
vn -0.0012 0.0001 1.0000
vn 0.0012 0.0003 1.0000
vn 0.0001 -0.0033 1.0000
vn -0.6111 -0.6009 0.5152
vn -0.8570 0.0072 0.5152
vn -0.9238 -0.3829 -0.0000
vn -0.8251 -0.1329 0.5492
vn -0.0000 -0.9416 -0.3366
vn -0.0000 -0.9416 0.3366
vn -0.0000 -0.0001 -1.0000
vn -0.0000 0.9416 -0.3366
vn -0.0000 0.9416 0.3366
vn -0.0001 -0.0000 1.0000
vn -0.0000 -0.9981 0.0611
vn -0.0000 -0.9659 0.2588
vn -0.0013 -0.9982 0.0599
vn -0.0000 -0.8660 0.5000
vn -0.0000 -0.5000 0.8660
vn -0.0000 -0.2521 0.9677
vn 0.0013 0.9982 0.0599
vn -0.0000 0.9659 0.2588
vn -0.0000 0.8660 0.5000
vn -0.0000 0.5000 0.8660
vn -0.0000 0.2521 0.9677
vn -0.0123 -0.6665 -0.7454
vn 0.0148 -0.5665 -0.8240
vn 0.0126 -0.7969 -0.6040
vn -0.0139 -0.4066 -0.9135
vn 0.0112 -0.2882 -0.9575
vn -0.0117 -0.0956 -0.9954
vn 0.0093 0.0013 -1.0000
vn 0.0118 0.7802 -0.6254
vn -0.0134 0.6846 -0.7288
vn -0.0094 0.8437 -0.5367
vn 0.0138 0.5542 -0.8323
vn -0.0113 0.4396 -0.8981
vn 0.0109 0.2857 -0.9583
vn -0.0099 0.1885 -0.9820
vn -0.0017 0.9962 -0.0876
vn -0.0060 0.9739 -0.2267
vn -0.0015 0.9968 -0.0801
vn 0.0010 0.9494 -0.3140
vn -0.0101 0.9223 -0.3864
vn 0.0064 0.8995 -0.4370
vn 0.0017 -0.9962 -0.0876
vn 0.0060 -0.9739 -0.2267
vn 0.0015 -0.9968 -0.0801
vn -0.0010 -0.9494 -0.3140
vn 0.0114 -0.9205 -0.3907
vn 0.0006 -0.9001 -0.4356
vn -0.0000 0.9981 0.0611
vn -0.0052 -0.8329 -0.5534
vn 0.0009 0.9807 -0.1956
vn -0.0009 -0.9807 -0.1956
vn 0.0148 -0.5665 -0.8239
vn -0.0000 -0.9981 -0.0611
vn -0.0000 -0.9659 -0.2588
vn 0.0013 -0.9982 -0.0599
vn -0.0000 -0.8660 -0.5000
vn -0.0000 -0.5000 -0.8660
vn -0.0000 -0.2521 -0.9677
vn -0.0013 0.9982 -0.0599
vn -0.0000 0.9659 -0.2588
vn -0.0000 0.8660 -0.5000
vn -0.0000 0.5000 -0.8660
vn -0.0000 0.2521 -0.9677
vn 0.0123 -0.6665 0.7454
vn -0.0148 -0.5665 0.8239
vn -0.0126 -0.7969 0.6040
vn 0.0139 -0.4066 0.9135
vn -0.0112 -0.2882 0.9575
vn 0.0117 -0.0956 0.9954
vn -0.0093 0.0013 1.0000
vn -0.0118 0.7802 0.6254
vn 0.0134 0.6846 0.7288
vn 0.0094 0.8437 0.5367
vn -0.0138 0.5542 0.8323
vn 0.0113 0.4396 0.8981
vn -0.0109 0.2857 0.9583
vn 0.0099 0.1885 0.9820
vn 0.0017 0.9962 0.0876
vn 0.0060 0.9739 0.2267
vn 0.0015 0.9968 0.0801
vn -0.0010 0.9494 0.3140
vn 0.0101 0.9223 0.3864
vn -0.0064 0.8995 0.4370
vn -0.0017 -0.9962 0.0876
vn -0.0060 -0.9739 0.2267
vn -0.0015 -0.9968 0.0801
vn 0.0010 -0.9494 0.3140
vn -0.0114 -0.9205 0.3907
vn -0.0006 -0.9001 0.4356
vn -0.0000 0.9981 -0.0611
vn 0.0052 -0.8329 0.5534
vn -0.0009 0.9807 0.1956
vn 0.0009 -0.9807 0.1956
vn 0.0004 -0.0000 -1.0000
vn 0.0060 -0.9998 -0.0210
vn 0.0080 -0.9985 -0.0546
vn -0.0000 -0.9995 -0.0304
vn 0.0026 -0.9997 0.0227
vn -0.0000 -0.9990 0.0456
vn -0.0000 -0.9997 0.0255
vn 0.0074 -0.9995 -0.0303
vn 0.0001 -0.0000 -1.0000
vn -0.0004 -0.0000 -1.0000
vn -0.0002 -0.0000 1.0000
vn -0.0060 -0.9998 -0.0210
vn -0.0080 -0.9985 -0.0546
vn -0.0074 -0.9995 -0.0303
vn -0.0026 -0.9997 0.0227
vn -0.0001 -0.0000 -1.0000
vn 0.0004 -0.0000 1.0000
vn 0.0060 -0.9998 0.0210
vn 0.0080 -0.9985 0.0546
vn 0.0074 -0.9995 0.0303
vn -0.0000 -0.9990 -0.0456
vn 0.0026 -0.9997 -0.0227
vn -0.0000 -0.9997 -0.0255
vn -0.0004 -0.0000 1.0000
vn -0.0060 -0.9998 0.0210
vn -0.0080 -0.9985 0.0546
vn -0.0000 -0.9995 0.0304
vn -0.0026 -0.9997 -0.0227
vn -0.0074 -0.9995 0.0303
vn -0.0000 -0.0001 1.0000
vn 0.2646 0.9273 0.2646
vn 0.2646 0.9274 0.2646
vn 0.7071 0.0001 0.7071
vn -0.2646 0.9274 0.2646
vn -0.2646 0.9273 0.2646
vn 0.2406 0.8430 0.4811
vn 0.2406 0.8429 0.4812
vn -0.7071 0.0001 -0.7071
vn 0.2646 0.9274 -0.2646
vn 0.2646 0.9273 -0.2646
vn -0.2406 0.8430 -0.4811
vn -0.2406 0.8429 -0.4812
vn -0.2646 0.9273 -0.2646
vn -0.2646 0.9274 -0.2646
vn 0.5373 -0.0518 -0.8418
vn 0.5721 0.0518 -0.8186
vn 0.5228 -0.0899 -0.8477
vn 0.9603 -0.0564 -0.2732
vn 0.9999 -0.0121 -0.0061
vn 0.9561 -0.0766 -0.2829
vn 0.9999 0.0121 0.0061
vn 0.9603 0.0564 0.2732
vn 0.6199 -0.0564 0.7827
vn 0.3882 -0.0121 0.9215
vn 0.6273 -0.0766 0.7750
vn 0.3770 0.0121 0.9261
vn 0.1151 0.0564 0.9918
vn -0.4859 -0.0564 0.8722
vn -0.7028 -0.0121 0.7113
vn -0.4760 -0.0766 0.8761
vn -0.7113 0.0121 0.7028
vn -0.8722 0.0564 0.4859
vn -0.9918 -0.0564 -0.1151
vn -0.9261 -0.0121 -0.3770
vn -0.9916 -0.0766 -0.1045
vn -0.9215 0.0121 -0.3883
vn -0.7827 0.0564 -0.6199
vn -0.2153 -0.0518 -0.9752
vn -0.1743 0.0518 -0.9833
vn -0.2297 -0.0899 -0.9691
vn 0.5506 -0.0070 -0.8347
vn 0.5605 0.0069 -0.8281
vn 0.5245 -0.0427 -0.8504
vn 0.9641 -0.0184 -0.2648
vn 0.9999 -0.0100 -0.0105
vn 0.9583 -0.0364 -0.2836
vn 0.9999 0.0100 0.0106
vn 0.9641 0.0185 0.2648
vn 0.6136 -0.0184 0.7894
vn 0.3924 -0.0100 0.9197
vn 0.6287 -0.0364 0.7768
vn 0.3729 0.0100 0.9278
vn 0.1243 0.0185 0.9921
vn -0.4945 -0.0184 0.8690
vn -0.6996 -0.0100 0.7145
vn -0.4771 -0.0364 0.8781
vn -0.7145 0.0100 0.6996
vn -0.8690 0.0184 0.4945
vn -0.9921 -0.0184 -0.1243
vn -0.9278 -0.0100 -0.3729
vn -0.9938 -0.0364 -0.1047
vn -0.9197 0.0100 -0.3924
vn -0.7894 0.0185 -0.6136
vn -0.2009 -0.0069 -0.9796
vn -0.1893 0.0070 -0.9819
vn -0.2305 -0.0427 -0.9721
vn 0.0228 -0.9995 0.0211
vn -0.0270 -0.9992 0.0286
vn -0.0228 -0.9995 -0.0211
vn 0.3829 -0.0019 -0.9238
vn 0.3899 -0.0016 -0.9208
vn 0.3901 -0.0016 -0.9208
vn -0.3837 -0.0012 -0.9234
vn -0.4251 -0.0029 -0.9051
vn -0.4261 -0.0029 -0.9047
vn 0.9235 -0.0012 -0.3836
vn 0.9078 -0.0027 -0.4194
vn 0.9074 -0.0027 -0.4203
vn 0.9238 -0.0021 0.3830
vn 0.9190 -0.0016 0.3942
vn 0.9189 -0.0016 0.3945
vn 0.3837 -0.0012 0.9234
vn 0.4251 -0.0029 0.9051
vn 0.4261 -0.0029 0.9047
vn -0.3829 -0.0019 0.9238
vn -0.3899 -0.0016 0.9209
vn -0.3901 -0.0016 0.9208
vn -0.9235 -0.0012 0.3836
vn -0.9078 -0.0027 0.4194
vn -0.9074 -0.0027 0.4203
vn -0.9238 -0.0021 -0.3830
vn -0.9190 -0.0016 -0.3942
vn -0.9189 -0.0016 -0.3945
vn 0.0649 -0.9978 -0.0103
vn -0.0041 -1.0000 0.0021
vn -0.0236 -0.9983 -0.0526
vn 0.4720 -0.0301 -0.8811
vn 0.5082 0.0042 -0.8612
vn 0.4855 -0.0181 -0.8740
vn -0.5109 -0.0202 -0.8594
vn -0.4879 -0.0014 -0.8729
vn -0.4967 -0.0034 -0.8679
vn 0.9997 -0.0204 -0.0132
vn 0.9999 -0.0013 0.0122
vn 1.0000 -0.0074 0.0004
vn 0.5237 -0.0282 0.8514
vn 0.4924 0.0029 0.8704
vn 0.5130 -0.0189 0.8582
vn -0.4828 -0.0162 0.8756
vn -0.5043 0.0089 0.8635
vn -0.4864 -0.0173 0.8736
vn -1.0000 -0.0060 0.0023
vn -0.9999 0.0042 -0.0095
vn -1.0000 -0.0028 -0.0021
vn 0.5831 0.0899 -0.8074
vn 0.9561 0.0766 0.2829
vn 0.1045 0.0766 0.9916
vn -0.8761 0.0766 0.4760
vn -0.7750 0.0766 -0.6273
vn -0.1586 0.0899 -0.9832
vn 0.5849 0.0427 -0.8100
vn 0.9583 0.0364 0.2836
vn 0.1047 0.0364 0.9938
vn -0.8781 0.0364 0.4771
vn -0.7768 0.0364 -0.6287
vn -0.1591 0.0427 -0.9863
vn 0.0027 -0.9915 -0.1304
vn 0.0270 -0.9992 -0.0287
vn 0.1310 -0.9913 -0.0085
vn -0.0027 -0.9915 0.1304
vn -0.1310 -0.9913 0.0085
vn 0.3827 -0.0019 -0.9239
vn -0.3827 -0.0012 -0.9239
vn 0.9239 -0.0012 -0.3827
vn 0.9239 -0.0021 0.3827
vn 0.3827 -0.0012 0.9239
vn -0.3827 -0.0019 0.9239
vn -0.9239 -0.0012 0.3827
vn -0.9239 -0.0021 -0.3827
vn -0.3963 -0.8142 0.4243
vn -0.4920 -0.8205 0.2911
vn -0.4997 -0.8200 0.2793
vn -0.5820 -0.8018 0.1356
vn -0.0454 -0.9987 0.0218
vn 0.2342 -0.9622 -0.1387
vn 0.0278 -0.9974 0.0669
vn -0.0019 -0.9627 0.2705
vn -0.0022 -0.9974 0.0716
vn -0.0651 -0.9973 -0.0351
vn -0.2350 -0.9628 -0.1335
vn 0.0210 -0.9980 -0.0594
vn 0.1697 -0.9805 0.0994
vn 0.4263 -0.0716 -0.9018
vn 0.5086 0.0052 -0.8610
vn -0.5390 -0.0444 -0.8411
vn -0.4913 -0.0081 -0.8710
vn 0.9980 -0.0444 -0.0449
vn 0.9999 -0.0051 0.0100
vn 0.5603 -0.0657 0.8257
vn 0.4913 0.0052 0.8710
vn -0.4570 -0.0443 0.8884
vn -0.5086 0.0185 0.8608
vn -0.9997 -0.0182 0.0166
vn -0.9999 0.0052 -0.0100
vn -0.9215 0.0121 -0.3882
vn -0.8690 0.0185 0.4945
vn -0.9921 -0.0185 -0.1243
vn -0.7894 0.0184 -0.6136
vn 0.3899 -0.0016 -0.9209
vn -1.0000 -0.0059 0.0023
vn -0.4921 -0.8204 0.2911
vn -0.4997 -0.8199 0.2793
vn -0.5821 -0.8018 0.1356
vn 0.4262 -0.0716 -0.9018
vn -0.5391 -0.0444 -0.8411
vn -0.0061 0.0121 0.9999
vn -0.2732 0.0564 0.9603
vn 0.0061 -0.0121 0.9999
vn -0.8049 -0.0978 0.5852
vn -0.7998 -0.1134 0.5894
vn -0.8074 -0.0899 0.5831
vn -0.9957 -0.0792 -0.0483
vn -0.9801 -0.1695 -0.1033
vn -0.9957 0.0792 0.0483
vn -0.7998 0.1134 -0.5894
vn -0.8050 0.0978 -0.5852
vn -0.7954 0.1266 -0.5928
vn 0.5197 -0.0978 -0.8487
vn 0.5134 -0.1134 -0.8506
vn 0.9448 -0.1575 -0.2874
vn 0.9414 -0.2529 -0.2232
vn 0.9091 0.0551 -0.4129
vn 0.8970 -0.0363 0.4406
vn 0.7981 0.0116 0.6024
vn 0.9555 0.0400 0.2921
vn 0.2732 -0.0564 0.9603
vn 0.2829 -0.0766 0.9561
vn -0.0105 0.0100 0.9999
vn -0.2648 0.0184 0.9641
vn 0.0106 -0.0100 0.9999
vn -0.8060 -0.0501 0.5898
vn -0.8056 -0.0509 0.5903
vn -0.8100 -0.0427 0.5849
vn -1.0000 0.0004 0.0005
vn -0.9912 -0.0812 -0.1045
vn -1.0000 -0.0004 -0.0005
vn -0.8056 0.0509 -0.5903
vn -0.8060 0.0501 -0.5898
vn -0.8003 0.0603 -0.5965
vn -0.2009 -0.0070 -0.9796
vn -0.1893 0.0069 -0.9819
vn -0.2304 -0.0427 -0.9722
vn 0.5189 -0.0501 -0.8534
vn 0.5183 -0.0509 -0.8537
vn 0.9839 0.0064 -0.1786
vn 0.9839 -0.0556 0.1700
vn 0.9341 -0.0219 -0.3564
vn 0.9087 0.0118 0.4173
vn 0.8152 -0.0211 0.5788
vn 0.2648 -0.0184 0.9641
vn 0.2836 -0.0364 0.9583
vn 0.0270 -0.9992 -0.0286
vn -0.9238 -0.0021 -0.3829
vn -0.9189 -0.0016 -0.3944
vn -0.0649 -0.9978 0.0103
vn 0.0041 -1.0000 -0.0021
vn 0.0236 -0.9983 0.0526
vn -0.4720 -0.0301 0.8811
vn -0.5082 0.0042 0.8612
vn -0.4855 -0.0181 0.8740
vn 0.5110 -0.0202 0.8594
vn 0.4879 -0.0014 0.8729
vn 0.4967 -0.0034 0.8679
vn -0.9997 -0.0204 0.0132
vn -0.9999 -0.0013 -0.0122
vn -1.0000 -0.0074 -0.0004
vn -0.5237 -0.0282 -0.8514
vn -0.4924 0.0029 -0.8704
vn -0.5129 -0.0189 -0.8582
vn 0.4828 -0.0162 -0.8756
vn 0.5043 0.0090 -0.8635
vn 0.4864 -0.0173 -0.8736
vn 1.0000 -0.0059 -0.0023
vn 0.9999 0.0042 0.0095
vn 1.0000 -0.0028 0.0021
vn -0.2829 0.0766 0.9561
vn -0.7953 -0.1266 0.5928
vn -0.9801 0.1695 0.1033
vn -0.8074 0.0899 -0.5831
vn 0.5080 -0.1266 -0.8520
vn 0.8660 0.1695 -0.4705
vn 0.9765 0.1615 0.1425
vn 0.7750 0.0766 0.6273
vn -0.2836 0.0364 0.9583
vn -0.8003 -0.0603 0.5965
vn -0.9912 0.0812 0.1045
vn -0.8100 0.0427 -0.5849
vn 0.5111 -0.0603 -0.8574
vn 0.8758 0.0812 -0.4758
vn 0.7768 0.0364 0.6287
vn -0.0270 -0.9992 0.0287
vn 0.0027 -0.9915 -0.1303
vn 0.3963 -0.8142 -0.4243
vn 0.4922 -0.8203 -0.2912
vn 0.4997 -0.8200 -0.2792
vn 0.5820 -0.8018 -0.1356
vn 0.0454 -0.9987 -0.0218
vn -0.2342 -0.9622 0.1387
vn -0.0278 -0.9974 -0.0669
vn 0.0019 -0.9627 -0.2705
vn 0.0022 -0.9974 -0.0716
vn 0.0651 -0.9973 0.0351
vn 0.2350 -0.9628 0.1335
vn -0.0210 -0.9980 0.0594
vn -0.1697 -0.9805 -0.0994
vn -0.4262 -0.0716 0.9018
vn -0.5086 0.0052 0.8610
vn 0.5391 -0.0444 0.8411
vn 0.4913 -0.0081 0.8710
vn -0.9980 -0.0444 0.0449
vn -0.9999 -0.0051 -0.0100
vn -0.5603 -0.0657 -0.8257
vn -0.4913 0.0052 -0.8710
vn 0.4569 -0.0443 -0.8884
vn 0.5086 0.0185 -0.8608
vn 0.9997 -0.0182 -0.0166
vn 0.9999 0.0052 0.0100
vn -0.2385 0.1134 0.9645
vn -0.2327 0.0978 0.9676
vn -0.2433 0.1266 0.9617
vn -0.7999 0.1134 -0.5894
vn 0.8235 -0.2529 0.5079
vn 0.3509 -0.0550 0.9348
vn 0.2797 -0.1695 0.9450
vn 0.4648 0.1575 0.8713
vn -0.2371 0.0509 0.9701
vn -0.2365 0.0501 0.9703
vn -0.2448 0.0603 0.9677
vn 0.9384 -0.0320 -0.3441
vn 0.9657 -0.1229 -0.2289
vn 0.9174 -0.0128 0.3978
vn 0.8447 -0.1229 0.5210
vn 0.9300 0.0128 0.3674
vn 0.4085 0.0219 0.9125
vn 0.2828 -0.0812 0.9557
vn 0.4202 0.0320 0.9069
vn -0.4855 -0.0181 0.8741
vn -0.5238 -0.0282 -0.8514
vn -0.5129 -0.0188 -0.8582
vn -0.2297 0.0899 0.9691
vn 0.9414 0.2528 0.2232
vn 0.5079 0.2528 0.8235
vn -0.2305 0.0427 0.9721
vn 0.9657 0.1229 0.2289
vn 0.5210 0.1229 0.8447
vn 0.3963 -0.8142 -0.4242
vn 0.0336 -0.0551 -0.9979
vn 0.1033 -0.1695 -0.9801
vn -0.0960 0.1575 -0.9828
vn 0.5894 0.1134 -0.7998
vn 0.5852 0.0977 -0.8049
vn 0.5928 0.1266 -0.7953
vn 0.5721 -0.0518 0.8186
vn 0.5373 0.0518 0.8418
vn 0.5831 -0.0899 0.8074
vn -0.1743 -0.0518 0.9833
vn -0.2153 0.0518 0.9752
vn -0.1586 -0.0899 0.9832
vn -0.7827 -0.0564 0.6199
vn -0.9215 -0.0121 0.3882
vn -0.7750 -0.0766 0.6273
vn -0.9261 0.0121 0.3770
vn -0.9918 0.0564 0.1151
vn -0.8620 -0.0116 -0.5068
vn -0.7503 0.0363 -0.6601
vn -0.8761 -0.0766 -0.4760
vn -0.6355 -0.0400 -0.7710
vn -0.5054 -0.1615 -0.8477
vn -0.0282 0.0219 -0.9994
vn 0.1045 -0.0812 -0.9912
vn -0.2115 -0.0064 -0.9774
vn 0.5903 0.0509 -0.8056
vn 0.5898 0.0501 -0.8060
vn 0.5965 0.0603 -0.8003
vn 0.9999 -0.0100 -0.0106
vn 0.9999 0.0100 0.0105
vn 0.9641 0.0184 0.2648
vn 0.5605 -0.0069 0.8281
vn 0.5506 0.0070 0.8347
vn 0.5849 -0.0427 0.8100
vn -0.1893 -0.0070 0.9819
vn -0.2009 0.0069 0.9796
vn -0.1592 -0.0427 0.9863
vn -0.7894 -0.0184 0.6136
vn -0.9197 -0.0100 0.3924
vn -0.7768 -0.0364 0.6287
vn -0.9278 0.0100 0.3729
vn -0.9921 0.0184 0.1243
vn -0.8467 0.0211 -0.5317
vn -0.7333 -0.0118 -0.6799
vn -0.8781 -0.0364 -0.4771
vn -0.5336 0.0556 -0.8439
vn 0.3829 -0.0026 -0.9238
vn 0.3898 -0.0022 -0.9209
vn 0.3901 -0.0022 -0.9208
vn -0.3841 -0.0016 -0.9233
vn -0.4247 -0.0039 -0.9053
vn -0.4260 -0.0039 -0.9047
vn 0.9234 -0.0016 -0.3839
vn 0.9080 -0.0036 -0.4191
vn 0.9074 -0.0036 -0.4202
vn 0.9237 -0.0028 0.3831
vn 0.9191 -0.0022 0.3940
vn 0.9189 -0.0022 0.3944
vn 0.3841 -0.0016 0.9233
vn 0.4247 -0.0039 0.9053
vn 0.4261 -0.0039 0.9047
vn -0.3829 -0.0026 0.9238
vn -0.3898 -0.0022 0.9209
vn -0.3901 -0.0022 0.9208
vn -0.9234 -0.0016 0.3839
vn -0.9079 -0.0036 0.4191
vn -0.9074 -0.0036 0.4203
vn -0.9237 -0.0028 -0.3830
vn -0.9191 -0.0022 -0.3940
vn -0.9189 -0.0022 -0.3944
vn -0.5110 -0.0202 -0.8594
vn 0.5228 0.0899 0.8477
vn -0.9916 0.0766 0.1045
vn -0.1541 0.2529 -0.9552
vn 0.5245 0.0427 0.8504
vn -0.2304 0.0427 0.9721
vn -0.9938 0.0364 0.1047
vn 0.3827 -0.0026 -0.9239
vn -0.3827 -0.0016 -0.9239
vn 0.9239 -0.0016 -0.3827
vn 0.9239 -0.0028 0.3827
vn 0.3827 -0.0016 0.9239
vn -0.3827 -0.0026 0.9239
vn -0.9239 -0.0016 0.3827
vn -0.9239 -0.0028 -0.3827
vn -0.0019 -0.9627 0.2706
vn 0.5602 -0.0657 0.8257
vn 0.0483 -0.0792 -0.9957
vn -0.0483 0.0792 -0.9957
vn 0.5853 0.0977 -0.8049
vn 0.1151 0.0564 0.9917
vn -0.9833 -0.0518 -0.1743
vn -0.9752 0.0518 -0.2152
vn -0.9832 -0.0899 -0.1586
vn -0.5852 -0.0977 -0.8049
vn -0.5894 -0.1134 -0.7998
vn -0.5831 -0.0899 -0.8074
vn -0.0005 0.0004 -1.0000
vn 0.0005 -0.0004 -1.0000
vn 0.5904 0.0509 -0.8055
vn -0.9819 -0.0069 -0.1893
vn -0.9796 0.0069 -0.2009
vn -0.9863 -0.0427 -0.1591
vn -0.5898 -0.0501 -0.8060
vn -0.5903 -0.0509 -0.8055
vn -0.5849 -0.0427 -0.8100
vn 0.9079 -0.0036 -0.4191
vn 0.9074 -0.0036 -0.4203
vn 0.4260 -0.0039 0.9047
vn -0.9237 -0.0028 -0.3831
vn 1.0000 -0.0074 0.0003
vn -0.9691 0.0899 -0.2297
vn -0.5928 -0.1266 -0.7953
vn -0.1033 0.1695 -0.9801
vn 0.5850 0.0427 -0.8099
vn -0.9722 0.0427 -0.2304
vn -0.5965 -0.0603 -0.8003
vn -0.1044 0.0812 -0.9912
vn -0.4922 -0.8204 0.2911
vn -0.5853 -0.0978 -0.8049
vn 0.1044 -0.0812 -0.9912
vn -0.4945 -0.0185 0.8690
vn -0.9796 0.0070 -0.2009
vn -0.4261 -0.0039 -0.9047
vn 0.5849 0.0427 -0.8099
vn -0.5821 -0.8017 0.1356
vn 0.5853 -0.0978 0.8049
vn 0.5894 -0.1134 0.7998
vn -0.0482 -0.0792 0.9957
vn -0.1033 -0.1695 0.9801
vn 0.0483 0.0792 0.9957
vn -0.5894 0.1134 0.7998
vn -0.5853 0.0978 0.8049
vn -0.5928 0.1266 0.7953
vn -0.9603 -0.0564 0.2731
vn -0.9999 -0.0121 0.0061
vn -0.9561 -0.0766 0.2829
vn -0.9999 0.0121 -0.0061
vn -0.9603 0.0564 -0.2731
vn -0.5853 -0.0977 -0.8049
vn 0.5898 -0.0501 0.8060
vn 0.5904 -0.0509 0.8055
vn 0.5850 -0.0427 0.8099
vn 0.0005 0.0004 1.0000
vn -0.1044 -0.0812 0.9912
vn -0.0005 -0.0004 1.0000
vn -0.5903 0.0509 0.8055
vn -0.5898 0.0501 0.8060
vn -0.5965 0.0603 0.8003
vn -0.9641 -0.0184 0.2648
vn -0.9999 -0.0100 0.0106
vn -0.9583 -0.0364 0.2835
vn -0.9999 0.0100 -0.0106
vn -0.9641 0.0185 -0.2648
vn 0.5238 -0.0282 0.8514
vn 0.5928 -0.1266 0.7953
vn 0.1033 0.1695 0.9801
vn -0.5831 0.0899 0.8074
vn -0.9561 0.0766 -0.2829
vn 0.5965 -0.0603 0.8003
vn 0.1045 0.0812 0.9912
vn -0.5849 0.0427 0.8100
vn -0.9583 0.0364 -0.2835
vn -0.3964 -0.8141 0.4244
vn -0.4921 -0.8204 0.2912
vn -0.4998 -0.8199 0.2793
vn -0.5822 -0.8017 0.1356
vn 0.2343 -0.9622 -0.1387
vn 0.9980 -0.0444 -0.0450
vn -0.0000 -0.1637 -0.9865
vn -0.0000 -0.1637 0.9865
vn 0.0001 -0.1637 0.9865
vn 0.1653 -0.0959 -0.9816
vn 0.0040 -0.0918 -0.9958
vn 0.1848 -0.0962 -0.9781
vn -0.0055 -0.0977 -0.9952
vn -0.1357 -0.0593 -0.9890
vn -0.0000 -0.0979 -0.9952
vn -0.0456 -0.0330 -0.9984
vn -0.0042 -0.0378 -0.9993
vn -0.0037 -0.0356 -0.9994
vn -0.0001 -0.1637 0.9865
vn -0.0040 -0.0918 -0.9958
vn -0.0295 -0.0494 -0.9983
vn -0.1151 -0.0748 -0.9905
vn 0.0053 -0.0977 -0.9952
vn 0.1305 -0.0609 -0.9896
vn 0.0493 -0.0350 -0.9982
vn 0.0036 -0.0380 -0.9993
vn 0.0001 -0.1637 -0.9865
vn 0.0040 -0.0918 0.9958
vn 0.0295 -0.0494 0.9983
vn 0.1151 -0.0748 0.9905
vn -0.0053 -0.0977 0.9952
vn -0.1305 -0.0609 0.9896
vn -0.0493 -0.0350 0.9982
vn -0.0036 -0.0380 0.9993
vn -0.0001 -0.1637 -0.9865
vn -0.1653 -0.0959 0.9816
vn -0.0040 -0.0918 0.9958
vn -0.1848 -0.0962 0.9781
vn 0.0055 -0.0977 0.9952
vn 0.1357 -0.0593 0.9890
vn -0.0000 -0.0979 0.9952
vn 0.0456 -0.0330 0.9984
vn 0.0042 -0.0378 0.9993
vn 0.0037 -0.0356 0.9994
vn -0.0000 -0.0917 -0.9958
vn -0.0000 -0.0195 -0.9998
vn -0.0000 -0.0917 0.9958
vn -0.0000 -0.0195 0.9998
vn -0.0782 -0.9318 0.3545
vn -0.0725 -0.9344 0.3488
vn 0.0135 -0.9654 0.2603
vn -0.0000 -0.4881 -0.8728
vn -0.0001 -0.6094 -0.7929
vn 0.0181 -0.4935 0.8696
vn 0.0699 -0.5080 0.8585
vn 0.0845 -0.5119 0.8549
vn 0.0782 -0.9318 -0.3545
vn 0.0725 -0.9344 -0.3488
vn -0.0135 -0.9654 -0.2603
vn -0.0782 -0.9318 -0.3545
vn -0.0725 -0.9344 -0.3488
vn -0.1472 -0.8946 -0.4220
vn 0.0782 -0.9318 0.3545
vn 0.0725 -0.9344 0.3488
vn 0.1471 -0.8946 0.4220
vn -0.0012 0.9594 0.2820
vn -0.0030 0.9588 0.2840
vn -0.0298 0.9492 0.3134
vn -0.0078 0.9594 -0.2819
vn -0.0089 0.9597 -0.2808
vn -0.0263 0.9645 -0.2626
vn -0.0012 0.9594 0.2821
vn -0.0145 0.9995 0.0290
vn -0.0299 0.9491 0.3135
vn 0.0082 0.9995 -0.0321
vn -0.0087 0.9599 -0.2803
vn 0.0235 0.5121 0.8586
vn 0.0056 0.5074 0.8617
vn 0.0289 0.5135 0.8576
vn 0.0144 0.5112 -0.8594
vn 0.0034 0.5083 -0.8612
vn -0.0000 0.5074 -0.8617
vn 0.0034 0.5082 -0.8612
vn 0.0148 0.5111 -0.8594
vn 0.0183 0.5120 -0.8588
vn -0.0000 0.5059 0.8626
vn -0.9993 -0.0353 -0.0097
vn -0.9991 -0.0423 -0.0068
vn -0.9991 -0.0411 -0.0086
vn -0.0001 -0.4881 0.8728
vn -0.0001 -0.6094 0.7929
vn -0.0181 -0.4935 -0.8696
vn -0.0699 -0.5080 -0.8585
vn -0.0845 -0.5119 -0.8549
vn 1.0000 0.0038 0.0050
vn 0.9971 -0.0313 0.0698
vn 1.0000 -0.0035 -0.0048
vn -0.3140 0.2190 -0.9238
vn -0.4131 -0.5261 -0.7434
vn -0.3349 -0.9392 0.0755
vn 0.0082 -0.6548 0.7558
vn -0.0355 0.5247 0.8505
vn -0.0333 0.5253 0.8503
vn -0.0360 0.5246 0.8506
vn -0.3140 0.9238 0.2190
vn -0.2938 0.8136 -0.5017
vn 0.0118 0.5976 -0.8017
vn -0.0112 0.5846 -0.8113
vn -0.0130 0.8511 -0.5249
vn 0.0098 0.9959 0.0897
vn -0.0022 0.9757 0.2189
vn -0.0033 0.9730 0.2306
vn 0.0031 0.5269 0.8499
vn -0.0056 0.4617 0.8870
vn -0.0064 0.4555 0.8902
vn 0.0056 -0.4617 0.8870
vn -0.0031 -0.5269 0.8499
vn -0.0039 -0.5330 0.8461
vn 0.0022 -0.9757 0.2189
vn -0.0098 -0.9959 0.0898
vn -0.0106 -0.9967 0.0801
vn 0.0112 -0.5846 -0.8113
vn -0.0118 -0.5976 -0.8017
vn -0.0119 -0.1892 -0.9819
vn 0.0119 0.1892 -0.9819
vn 0.9727 -0.2261 0.0520
vn 0.9711 -0.2322 0.0560
vn 0.9788 -0.2050 -0.0036
vn -0.7004 0.4336 -0.5669
vn -0.3539 0.7563 0.5503
vn -0.8265 0.0743 0.5581
vn -0.3539 -0.7562 -0.5504
vn -0.8264 -0.0743 -0.5581
vn -0.0000 0.0001 1.0000
vn -0.0000 -0.0006 1.0000
vn -0.0001 -0.0011 1.0000
vn 0.9800 0.1991 -0.0011
vn 0.9945 0.0906 -0.0520
vn 0.9790 0.2019 0.0269
vn 0.1472 -0.8946 0.4220
vn -0.0000 -0.4881 0.8728
vn 0.0001 -0.6094 0.7929
vn 0.1472 -0.8946 -0.4220
vn -0.1471 -0.8946 0.4220
vn 0.0031 0.9588 0.2841
vn 0.0013 0.9594 0.2820
vn 0.0299 0.9491 0.3134
vn 0.0088 0.9597 -0.2808
vn 0.0077 0.9594 -0.2819
vn 0.0262 0.9645 -0.2627
vn 0.0145 0.9995 0.0290
vn 0.0012 0.9594 0.2821
vn 0.0299 0.9491 0.3135
vn 0.0087 0.9599 -0.2803
vn -0.0082 0.9995 -0.0321
vn -0.0235 0.5121 0.8586
vn -0.0056 0.5074 0.8617
vn -0.0144 0.5112 -0.8594
vn -0.0034 0.5083 -0.8612
vn -0.0178 0.5120 -0.8588
vn -0.0034 0.5082 -0.8612
vn -0.0148 0.5111 -0.8594
vn -0.0000 0.5073 -0.8618
vn -0.0289 0.5135 0.8576
vn 1.0000 0.0014 0.0024
vn 0.0700 -0.5080 0.8585
vn 0.0183 -0.4935 0.8696
vn 0.0001 -0.4881 0.8728
vn -0.9982 -0.0192 0.0575
vn -1.0000 0.0060 -0.0001
vn -0.9972 -0.0277 -0.0692
vn 0.0007 -0.1074 -0.9942
vn 0.4069 -0.7056 -0.5801
vn -0.1265 -0.9587 0.2549
vn 0.1064 -0.9789 0.1744
vn 0.1510 -0.9759 0.1574
vn 0.0080 -0.6466 0.7628
vn -0.1757 0.5592 0.8102
vn -0.0102 0.5315 0.8470
vn 0.0194 0.5249 0.8510
vn 0.2360 0.9512 0.1988
vn 0.0910 0.9805 0.1743
vn 0.0585 0.9840 0.1683
vn 0.3349 0.6107 -0.7175
vn 0.0056 0.6428 -0.7660
vn -0.0031 0.5836 -0.8121
vn 0.0064 0.6481 -0.7615
vn 0.0031 0.9869 0.1615
vn -0.0056 0.9962 0.0871
vn 0.0039 0.9857 0.1686
vn 0.0029 0.5289 0.8487
vn -0.0029 0.5817 0.8134
vn 0.0033 0.5250 0.8511
vn 0.0056 -0.3008 0.9537
vn -0.0031 -0.2284 0.9736
vn 0.0064 -0.3074 0.9516
vn 0.0031 -0.9736 0.2284
vn -0.0056 -0.9537 0.3008
vn 0.0039 -0.9752 0.2214
vn 0.0029 -0.8134 -0.5816
vn -0.0029 -0.8487 -0.5288
vn 0.0033 -0.8107 -0.5854
vn 0.0029 -0.1639 -0.9865
vn -0.0029 -0.2262 -0.9741
vn 0.0033 -0.1593 -0.9872
vn -0.9738 -0.2270 -0.0119
vn -0.9768 -0.0523 0.2075
vn -0.8116 -0.5312 0.2432
vn 0.3851 0.5607 -0.7330
vn 0.8265 0.5580 -0.0744
vn 0.3538 0.1455 0.9239
vn 0.8264 -0.3421 0.4473
vn 0.3537 -0.7563 -0.5503
vn 0.8264 -0.0743 -0.5581
vn 0.0001 -0.0011 1.0000
vn -0.1472 -0.8946 0.4220
vn 0.1471 -0.8946 -0.4220
vn -0.0031 0.9588 -0.2841
vn -0.0013 0.9594 -0.2820
vn -0.0299 0.9491 -0.3134
vn -0.0088 0.9597 0.2808
vn -0.0077 0.9594 0.2819
vn -0.0262 0.9645 0.2627
vn -0.0145 0.9995 -0.0290
vn -0.0012 0.9594 -0.2821
vn -0.0299 0.9491 -0.3135
vn -0.0087 0.9599 0.2803
vn 0.0082 0.9995 0.0321
vn 0.0235 0.5121 -0.8586
vn 0.0056 0.5074 -0.8617
vn -0.0000 0.5059 -0.8626
vn 0.0144 0.5112 0.8594
vn 0.0034 0.5083 0.8612
vn 0.0178 0.5120 0.8588
vn 0.0034 0.5082 0.8612
vn 0.0148 0.5111 0.8594
vn -0.0000 0.5073 0.8618
vn 0.0289 0.5135 -0.8576
vn -1.0000 0.0014 -0.0024
vn -0.0700 -0.5080 -0.8585
vn -0.0183 -0.4935 -0.8696
vn -0.0001 -0.4881 -0.8728
vn 0.9982 -0.0192 -0.0575
vn 1.0000 0.0060 0.0001
vn 0.9972 -0.0277 0.0692
vn -0.0007 -0.1074 0.9942
vn -0.4069 -0.7056 0.5801
vn 0.1265 -0.9587 -0.2549
vn -0.1064 -0.9789 -0.1744
vn -0.1510 -0.9759 -0.1574
vn -0.0080 -0.6466 -0.7628
vn 0.1757 0.5592 -0.8102
vn 0.0102 0.5315 -0.8470
vn -0.0194 0.5249 -0.8510
vn -0.2360 0.9512 -0.1988
vn -0.0910 0.9805 -0.1743
vn -0.0585 0.9840 -0.1683
vn -0.3349 0.6107 0.7175
vn -0.0056 0.6428 0.7660
vn 0.0031 0.5836 0.8121
vn -0.0064 0.6481 0.7615
vn -0.0031 0.9869 -0.1615
vn 0.0056 0.9962 -0.0871
vn -0.0039 0.9857 -0.1686
vn -0.0029 0.5289 -0.8487
vn 0.0029 0.5817 -0.8134
vn -0.0033 0.5250 -0.8511
vn -0.0056 -0.3008 -0.9537
vn 0.0031 -0.2284 -0.9736
vn -0.0064 -0.3074 -0.9516
vn -0.0031 -0.9736 -0.2284
vn 0.0056 -0.9537 -0.3008
vn -0.0039 -0.9752 -0.2214
vn -0.0029 -0.8134 0.5816
vn 0.0029 -0.8487 0.5288
vn -0.0033 -0.8107 0.5854
vn -0.0029 -0.1639 0.9865
vn 0.0029 -0.2262 0.9741
vn -0.0033 -0.1593 0.9872
vn 0.9738 -0.2270 0.0119
vn 0.9768 -0.0523 -0.2075
vn 0.8116 -0.5312 -0.2432
vn -0.3851 0.5607 0.7330
vn -0.8265 0.5580 0.0744
vn -0.3538 0.1455 -0.9239
vn -0.8264 -0.3421 -0.4473
vn -0.3537 -0.7563 0.5503
vn -0.8264 -0.0743 0.5581
vn -0.0001 -0.0011 -1.0000
vn -0.0000 0.0001 -1.0000
vn -0.1471 -0.8946 -0.4220
vn 0.0012 0.9594 -0.2820
vn 0.0030 0.9588 -0.2840
vn 0.0298 0.9492 -0.3134
vn 0.0078 0.9594 0.2819
vn 0.0089 0.9597 0.2808
vn 0.0263 0.9645 0.2626
vn 0.0012 0.9594 -0.2821
vn 0.0145 0.9995 -0.0290
vn 0.0299 0.9491 -0.3135
vn -0.0082 0.9995 0.0321
vn 0.0087 0.9599 0.2803
vn -0.0235 0.5121 -0.8586
vn -0.0056 0.5074 -0.8617
vn -0.0289 0.5135 -0.8576
vn -0.0144 0.5112 0.8594
vn -0.0034 0.5083 0.8612
vn -0.0000 0.5074 0.8617
vn -0.0034 0.5082 0.8612
vn -0.0148 0.5111 0.8594
vn -0.0183 0.5120 0.8588
vn 0.9993 -0.0353 0.0097
vn 0.9991 -0.0423 0.0068
vn 0.9991 -0.0411 0.0086
vn 0.0001 -0.4881 -0.8728
vn 0.0001 -0.6094 -0.7929
vn -1.0000 0.0038 -0.0050
vn -0.9971 -0.0313 -0.0698
vn -1.0000 -0.0035 0.0048
vn 0.3140 0.2190 0.9238
vn 0.4131 -0.5261 0.7434
vn 0.3349 -0.9392 -0.0755
vn -0.0082 -0.6548 -0.7558
vn 0.0355 0.5247 -0.8505
vn 0.0333 0.5253 -0.8503
vn 0.0360 0.5246 -0.8506
vn 0.3140 0.9238 -0.2190
vn 0.2938 0.8136 0.5017
vn -0.0118 0.5976 0.8017
vn 0.0112 0.5846 0.8113
vn 0.0130 0.8511 0.5249
vn -0.0098 0.9959 -0.0897
vn 0.0022 0.9757 -0.2189
vn 0.0033 0.9730 -0.2306
vn -0.0031 0.5269 -0.8499
vn 0.0056 0.4617 -0.8870
vn 0.0064 0.4555 -0.8902
vn -0.0056 -0.4617 -0.8870
vn 0.0031 -0.5269 -0.8499
vn 0.0039 -0.5330 -0.8461
vn -0.0022 -0.9757 -0.2189
vn 0.0098 -0.9959 -0.0898
vn 0.0106 -0.9967 -0.0801
vn -0.0112 -0.5846 0.8113
vn 0.0118 -0.5976 0.8017
vn 0.0119 -0.1892 0.9819
vn -0.0119 0.1892 0.9819
vn -0.9727 -0.2261 -0.0520
vn -0.9711 -0.2322 -0.0560
vn -0.9788 -0.2050 0.0036
vn 0.7004 0.4336 0.5669
vn 0.3539 0.7563 -0.5503
vn 0.8265 0.0743 -0.5581
vn 0.3539 -0.7562 0.5504
vn 0.8264 -0.0743 0.5581
vn -0.0000 -0.0006 -1.0000
vn 0.0001 -0.0011 -1.0000
vn -0.9800 0.1991 0.0011
vn -0.9945 0.0906 0.0520
vn -0.9790 0.2019 -0.0269
vn 0.0845 -0.5119 -0.8549
vn 0.0480 -0.6285 -0.7763
vn 0.0467 -0.6283 -0.7766
vn 0.0135 -0.9654 -0.2603
vn -0.0135 -0.9654 0.2603
vn 0.0253 0.9673 0.2525
vn 0.0112 0.9534 -0.3014
vn 0.0114 0.9534 -0.3014
vn 0.0178 0.5120 -0.8588
vn -1.0000 0.0063 -0.0000
vn -0.9999 -0.0052 -0.0092
vn -0.0846 -0.5119 0.8549
vn -0.0481 -0.6285 0.7763
vn -0.0468 -0.6282 0.7766
vn 0.9960 -0.0280 0.0847
vn 0.8867 -0.1631 0.4327
vn 0.9998 0.0045 -0.0193
vn 1.0000 0.0071 -0.0069
vn 0.9993 0.0368 -0.0018
vn 0.9998 -0.0197 -0.0021
vn 0.4549 -0.1960 -0.8687
vn 0.5396 -0.7125 -0.4485
vn 0.2143 -0.9524 0.2166
vn 0.1803 -0.0797 0.9804
vn -0.0323 0.5255 0.8502
vn 0.3296 0.8286 0.4526
vn 0.4548 0.8688 -0.1959
vn 0.4531 0.4760 -0.7538
vn 0.0106 0.9967 0.0801
vn 0.0039 0.5330 0.8461
vn 0.0064 -0.4555 0.8902
vn 0.0033 -0.9730 0.2306
vn 0.0130 -0.8511 -0.5249
vn 0.9495 0.1683 -0.2649
vn 0.9747 0.1198 -0.1885
vn 0.9982 0.0552 -0.0255
vn 0.9902 -0.0789 0.1148
vn 0.3172 -0.2899 0.9030
vn 0.9723 -0.2239 0.0663
vn 0.9987 -0.0188 -0.0465
vn 0.9817 -0.1855 -0.0443
vn -0.0001 -0.0019 1.0000
vn 0.9423 0.0723 -0.3268
vn 0.9093 0.4096 -0.0734
vn 0.9886 0.1454 0.0392
vn -0.0845 -0.5119 0.8549
vn -0.0480 -0.6285 0.7763
vn -0.0467 -0.6283 0.7766
vn -0.0252 0.9673 0.2525
vn -0.0112 0.9534 -0.3014
vn -0.0114 0.9534 -0.3014
vn -0.0183 0.5120 -0.8588
vn 1.0000 0.0063 -0.0000
vn 0.9998 -0.0137 -0.0159
vn 0.0846 -0.5119 0.8549
vn -0.8697 -0.2042 -0.4494
vn -0.9947 -0.0470 -0.0916
vn -0.9967 -0.0344 0.0733
vn -0.9119 -0.1514 0.3815
vn -1.0000 -0.0059 -0.0000
vn -0.9993 0.0274 0.0237
vn -0.9994 0.0256 -0.0245
vn -0.3585 -0.9066 -0.2225
vn -0.1885 -0.9430 0.2741
vn -0.1939 -0.0811 0.9777
vn -0.2062 0.5625 0.8006
vn 0.3343 0.9180 0.2133
vn -0.4785 0.8417 -0.2500
vn -0.2172 0.5193 -0.8265
vn -0.0039 0.5777 -0.8162
vn -0.0064 0.9968 0.0801
vn -0.0033 0.5855 0.8107
vn -0.0039 -0.2214 0.9752
vn -0.0064 -0.9516 0.3074
vn -0.0033 -0.8512 -0.5249
vn -0.0033 -0.2307 -0.9730
vn -0.9760 -0.2167 -0.0231
vn -0.9855 -0.0930 -0.1417
vn -0.9864 -0.0639 -0.1517
vn -0.9902 -0.1371 0.0254
vn -0.9792 0.1008 0.1762
vn -0.9727 -0.1183 0.1999
vn 0.0001 -0.0019 1.0000
vn -0.0000 -0.0007 1.0000
vn -0.9805 0.1293 0.1483
vn -0.9903 0.1145 0.0790
vn -0.9990 0.0443 -0.0112
vn -0.9729 0.0762 -0.2183
vn -0.9997 0.0089 -0.0243
vn -0.9171 0.3615 0.1677
vn 0.0252 0.9673 -0.2525
vn 0.0112 0.9534 0.3014
vn 0.0114 0.9534 0.3014
vn 0.0183 0.5120 0.8588
vn -0.9998 -0.0137 0.0159
vn -0.0846 -0.5119 -0.8549
vn 0.8697 -0.2042 0.4494
vn 0.9947 -0.0470 0.0916
vn 0.9967 -0.0344 -0.0733
vn 0.9119 -0.1514 -0.3815
vn 1.0000 -0.0059 -0.0000
vn 0.9993 0.0274 -0.0237
vn 0.9994 0.0256 0.0245
vn 0.3585 -0.9066 0.2225
vn 0.1885 -0.9430 -0.2741
vn 0.1939 -0.0811 -0.9777
vn 0.2062 0.5625 -0.8006
vn -0.3343 0.9180 -0.2133
vn 0.4785 0.8417 0.2500
vn 0.2172 0.5193 0.8265
vn 0.0039 0.5777 0.8162
vn 0.0064 0.9968 -0.0801
vn 0.0033 0.5855 -0.8107
vn 0.0039 -0.2214 -0.9752
vn 0.0064 -0.9516 -0.3074
vn 0.0033 -0.8512 0.5249
vn 0.0033 -0.2307 0.9730
vn 0.9760 -0.2167 0.0231
vn 0.9855 -0.0930 0.1417
vn 0.9864 -0.0639 0.1517
vn 0.9902 -0.1371 -0.0254
vn 0.9792 0.1008 -0.1762
vn 0.9727 -0.1183 -0.1999
vn -0.0001 -0.0019 -1.0000
vn -0.0000 -0.0007 -1.0000
vn 0.9805 0.1293 -0.1483
vn 0.9903 0.1145 -0.0790
vn 0.9990 0.0443 0.0112
vn 0.9729 0.0762 0.2183
vn 0.9997 0.0089 0.0243
vn 0.9171 0.3615 -0.1677
vn -0.0253 0.9673 -0.2525
vn -0.0112 0.9534 0.3014
vn -0.0114 0.9534 0.3014
vn -0.0178 0.5120 0.8588
vn 0.9999 -0.0052 0.0092
vn 0.0846 -0.5119 -0.8549
vn 0.0481 -0.6285 -0.7763
vn 0.0468 -0.6282 -0.7766
vn -0.9960 -0.0280 -0.0847
vn -0.8867 -0.1631 -0.4327
vn -0.9998 0.0045 0.0193
vn -1.0000 0.0071 0.0069
vn -0.9993 0.0368 0.0018
vn -0.9998 -0.0197 0.0021
vn -0.4549 -0.1960 0.8687
vn -0.5396 -0.7125 0.4485
vn -0.2143 -0.9524 -0.2166
vn -0.1803 -0.0797 -0.9804
vn 0.0323 0.5255 -0.8502
vn -0.3296 0.8286 -0.4526
vn -0.4548 0.8688 0.1959
vn -0.4531 0.4760 0.7538
vn -0.0106 0.9967 -0.0801
vn -0.0039 0.5330 -0.8461
vn -0.0064 -0.4555 -0.8902
vn -0.0033 -0.9730 -0.2306
vn -0.0130 -0.8511 0.5249
vn -0.9495 0.1683 0.2649
vn -0.9747 0.1198 0.1885
vn -0.9982 0.0552 0.0255
vn -0.9902 -0.0789 -0.1148
vn -0.3172 -0.2899 -0.9030
vn -0.9723 -0.2239 -0.0663
vn -0.9987 -0.0188 0.0465
vn -0.9817 -0.1855 0.0443
vn 0.0001 -0.0019 -1.0000
vn -0.9423 0.0723 0.3268
vn -0.9093 0.4096 0.0734
vn -0.9886 0.1454 -0.0392
vn 0.0182 -0.4935 0.8695
vn -0.0030 0.9588 0.2841
vn -0.0298 0.9491 0.3135
vn -0.0089 0.9597 -0.2809
vn -0.0263 0.9645 -0.2627
vn -0.0299 0.9491 0.3136
vn -0.0087 0.9599 -0.2804
vn -0.0181 -0.4935 -0.8695
vn -0.0699 -0.5081 -0.8585
vn 1.0000 0.0041 0.0041
vn 1.0000 -0.0026 0.0045
vn 1.0000 -0.0045 -0.0032
vn -0.4301 0.2775 -0.8591
vn -0.2868 -0.5029 -0.8154
vn -0.4289 -0.8895 -0.1578
vn -0.0487 -0.1689 0.9844
vn -0.0651 -0.1720 0.9829
vn -0.0463 -0.1684 0.9846
vn -0.4021 0.6972 0.5935
vn -0.4403 0.8756 -0.1988
vn 0.0163 0.9713 -0.2371
vn -0.0111 0.9664 -0.2568
vn -0.0163 0.9713 0.2371
vn 0.0111 0.9664 0.2569
vn -0.0182 0.7614 0.6481
vn 0.0141 -0.1225 0.9924
vn -0.0111 -0.1325 0.9911
vn -0.0119 -0.5605 0.8281
vn 0.0098 -0.8107 0.5854
vn -0.0098 -0.9872 0.1592
vn 0.0098 -0.9872 -0.1592
vn -0.0098 -0.8107 -0.5854
vn 0.0119 -0.5605 -0.8281
vn -0.0141 -0.1225 -0.9924
vn 0.0111 -0.1325 -0.9911
vn -0.0182 0.3074 -0.9514
vn 0.9481 -0.2937 0.1214
vn 0.9559 -0.2063 0.2091
vn 0.9955 -0.0749 -0.0587
vn -0.3538 0.5504 -0.7562
vn -0.8264 0.5581 -0.0743
vn -0.3857 0.7328 0.5606
vn -0.8264 0.0743 0.5582
vn -0.3534 -0.9241 0.1456
vn -0.8265 -0.4471 -0.3420
vn 0.0013 0.9594 0.2821
vn 0.0088 0.9597 -0.2809
vn 0.0077 0.9594 -0.2820
vn 0.0299 0.9491 0.3136
vn 0.0087 0.9599 -0.2804
vn -1.0000 0.0009 0.0062
vn -0.9961 0.0832 0.0276
vn -1.0000 -0.0013 -0.0058
vn 0.3349 0.2896 -0.8966
vn -0.1758 -0.5592 -0.8102
vn -0.0102 -0.5315 -0.8470
vn 0.0195 -0.5248 -0.8510
vn -0.1816 -0.9679 -0.1738
vn 0.0027 -0.9749 -0.2226
vn 0.0360 -0.9724 -0.2305
vn -0.1755 -0.8101 0.5595
vn -0.0065 -0.8471 0.5315
vn 0.0235 -0.8509 0.5248
vn 0.2293 -0.1978 0.9531
vn 0.0900 -0.1741 0.9806
vn 0.0585 -0.1683 0.9840
vn 0.3063 0.7113 0.6326
vn 0.5508 0.8250 -0.1266
vn 0.0130 0.9691 -0.2464
vn -0.0130 0.8595 -0.5110
vn 0.0153 0.9751 -0.2214
vn 0.0046 0.7715 0.6362
vn -0.0114 0.8521 0.5233
vn 0.0064 0.7615 0.6482
vn 0.0031 -0.1615 0.9869
vn -0.0056 -0.0871 0.9962
vn 0.0039 -0.1686 0.9857
vn -0.0029 -0.8134 0.5817
vn 0.0033 -0.8511 0.5249
vn 0.0029 -0.9741 -0.2262
vn -0.0029 -0.9865 -0.1639
vn 0.0033 -0.9730 -0.2307
vn 0.0029 -0.5289 -0.8487
vn -0.0029 -0.5817 -0.8134
vn 0.0033 -0.5249 -0.8511
vn 0.0098 0.2982 -0.9545
vn -0.0022 0.1712 -0.9852
vn 0.0106 0.3074 -0.9515
vn -0.9989 -0.0417 -0.0198
vn -0.9805 -0.1483 0.1293
vn -0.9885 -0.1308 0.0753
vn 0.8265 0.3421 -0.4472
vn 0.7005 0.7075 -0.0942
vn 0.3857 0.7328 0.5606
vn 0.8264 0.0743 0.5582
vn 0.3536 -0.9240 0.1456
vn 0.8265 -0.4471 -0.3420
vn 0.3855 -0.1219 -0.9146
vn -0.9856 0.1351 -0.1013
vn -0.9987 0.0177 -0.0478
vn -0.9999 0.0131 -0.0106
vn 0.0253 0.9673 0.2526
vn 0.0111 0.9534 -0.3015
vn 0.0114 0.9534 -0.3015
vn 0.0288 0.5135 0.8576
vn -0.0468 -0.6283 0.7766
vn 0.8449 -0.4899 0.2148
vn 0.9994 0.0008 -0.0354
vn 1.0000 0.0042 -0.0043
vn 0.9993 0.0361 -0.0026
vn 0.9998 0.0032 0.0196
vn 0.9999 -0.0141 0.0014
vn 0.4550 -0.1959 -0.8687
vn 0.4526 -0.7541 -0.4759
vn 0.2030 -0.7746 0.5991
vn -0.0702 -0.1730 0.9824
vn 0.4242 0.5225 0.7397
vn 0.4526 0.8788 0.1512
vn 0.4043 0.7827 -0.4732
vn 0.2286 0.4683 -0.8535
vn 0.0182 0.7614 -0.6481
vn 0.0182 0.3074 0.9514
vn 0.9052 -0.1690 0.3899
vn 0.9990 0.0112 0.0443
vn 0.9902 -0.0790 0.1148
vn 0.9998 -0.0041 -0.0185
vn 0.9179 -0.1357 -0.3730
vn 0.9903 -0.0251 -0.1368
vn 0.9812 0.0141 -0.1927
vn 0.9990 0.0429 -0.0157
vn 0.9729 0.2183 0.0762
vn -0.0252 0.9673 0.2526
vn -0.0112 0.9534 -0.3015
vn -0.0114 0.9534 -0.3015
vn -0.9957 0.0846 0.0371
vn -0.8708 0.4578 0.1792
vn -0.9998 -0.0174 -0.0095
vn -1.0000 -0.0099 0.0007
vn -0.9993 -0.0265 0.0266
vn -0.9998 0.0116 -0.0161
vn -0.2171 0.1635 -0.9624
vn -0.2063 -0.5625 -0.8006
vn -0.2142 -0.9629 -0.1644
vn -0.2062 -0.8005 0.5628
vn 0.3231 -0.2118 0.9224
vn -0.4780 0.2505 0.8419
vn -0.5400 0.6871 -0.4861
vn -0.0153 0.8460 -0.5329
vn -0.0130 0.8590 0.5117
vn -0.0064 -0.0801 0.9968
vn -0.0033 -0.9872 -0.1593
vn -0.0033 -0.5855 -0.8107
vn -0.0033 0.1593 -0.9872
vn -0.9903 -0.0789 0.1145
vn -0.9988 0.0088 0.0489
vn -0.9171 -0.1678 0.3616
vn -0.8713 0.4297 0.2371
vn -0.9494 0.2749 0.1517
vn -0.9423 0.2822 -0.1799
vn -0.9729 -0.1005 -0.2083
vn -0.4489 0.6292 0.6345
vn -0.9895 0.1126 -0.0911
vn -0.0000 -0.6094 0.7929
vn 0.0030 0.9588 -0.2841
vn 0.0298 0.9491 -0.3135
vn 0.9991 -0.0412 0.0086
vn -0.0000 -0.6094 -0.7929
vn -1.0000 0.0048 -0.0059
vn -0.9965 -0.0346 -0.0764
vn -1.0000 -0.0048 0.0059
vn 0.3453 -0.7147 0.6083
vn 0.0026 -0.9859 -0.1675
vn -0.1816 -0.9607 -0.2098
vn 0.0360 -0.9866 -0.1592
vn 0.0034 -0.6304 -0.7763
vn 0.5620 0.1295 -0.8169
vn 0.4301 0.8591 -0.2775
vn 0.4251 0.7374 0.5250
vn -0.0098 0.7677 0.6407
vn 0.0022 0.8448 0.5351
vn 0.0033 0.8512 0.5249
vn -0.0022 0.9852 -0.1712
vn 0.0098 0.9545 -0.2982
vn 0.0106 0.9515 -0.3074
vn -0.0133 0.1998 -0.9797
vn 0.0118 0.2454 -0.9694
vn 0.0133 -0.1999 -0.9797
vn -0.0118 -0.2454 -0.9694
vn 0.0130 -0.5854 -0.8106
vn -0.0098 -0.9545 -0.2982
vn 0.0022 -0.9852 -0.1712
vn 0.0033 -0.9872 -0.1593
vn -0.0022 -0.8448 0.5351
vn 0.0098 -0.7677 0.6407
vn 0.0106 -0.7615 0.6481
vn -0.0130 -0.1432 0.9896
vn 0.0130 0.1432 0.9896
vn 0.0153 0.1686 0.9856
vn -0.8218 -0.5182 -0.2369
vn -0.9870 -0.0458 -0.1543
vn -0.9737 -0.2276 0.0119
vn 0.3853 0.9147 0.1219
vn 0.8265 0.4471 -0.3420
vn 0.3855 0.1218 -0.9146
vn 0.8264 -0.3421 -0.4472
vn 0.3540 -0.7561 0.5504
vn 0.8264 -0.0743 0.5582
vn -0.9998 0.0199 0.0013
vn -0.9772 0.2093 0.0365
vn -0.9986 0.0457 -0.0252
vn -0.0013 0.9594 -0.2821
vn -1.0000 0.0014 -0.0025
vn 0.9982 -0.0191 -0.0575
vn -0.2787 -0.0539 0.9589
vn -0.4072 -0.7055 0.5801
vn -0.1065 -0.9789 -0.1744
vn -0.1512 -0.9759 -0.1575
vn -0.0081 -0.6466 -0.7628
vn 0.0101 0.5315 -0.8470
vn -0.0195 0.5249 -0.8510
vn -0.0386 0.9722 -0.2311
vn -0.0365 0.9724 -0.2306
vn -0.0360 0.9724 -0.2305
vn -0.4404 0.7328 0.5187
vn -0.0031 0.8121 0.5836
vn 0.0056 0.7660 0.6428
vn -0.0039 0.8162 0.5777
vn -0.0029 0.9741 -0.2261
vn 0.0029 0.9865 -0.1638
vn -0.0033 0.9730 -0.2306
vn 0.9738 -0.2271 0.0119
vn 0.9766 -0.0524 -0.2087
vn -0.3534 0.9241 0.1456
vn -0.8265 0.4471 -0.3420
vn -0.3855 0.1218 -0.9146
vn -0.8264 -0.3421 -0.4472
vn -0.3539 -0.7562 0.5503
vn -0.8264 -0.0743 0.5582
vn 0.9989 0.0416 -0.0198
vn 0.9850 0.1432 0.0966
vn 0.9889 0.1277 0.0761
vn -0.0253 0.9672 -0.2526
vn -0.0111 0.9534 0.3014
vn -0.0288 0.5135 -0.8576
vn -0.9962 0.0270 0.0823
vn -0.8655 0.1770 0.4685
vn -0.9942 0.0427 0.0987
vn -0.9939 -0.0354 -0.1040
vn -0.8572 -0.1822 -0.4817
vn -0.9993 -0.0368 -0.0018
vn 0.0160 0.0997 0.9949
vn -0.3932 -0.4762 0.7865
vn -0.1886 -0.8604 0.4735
vn -0.2142 -0.9525 -0.2166
vn -0.4053 0.4733 -0.7821
vn -0.2299 0.8530 -0.4685
vn -0.4547 0.8688 0.1959
vn -0.0106 0.7615 0.6481
vn -0.0033 0.9872 -0.1593
vn -0.0130 0.5854 -0.8106
vn -0.0106 -0.9515 -0.3074
vn -0.0033 -0.8512 0.5249
vn -0.0153 -0.1686 0.9856
vn -0.9903 -0.1368 -0.0251
vn -0.9988 -0.0192 0.0457
vn -0.9806 -0.1953 0.0161
vn -0.9886 -0.0291 -0.1474
vn -0.9760 0.0471 0.2128
vn -0.8712 0.4717 0.1362
vn -0.9729 0.1005 -0.2083
vn -0.9999 0.0064 -0.0128
vn -0.6729 0.0202 0.7395
vn -0.9879 0.1545 0.0105
vn 0.0252 0.9672 -0.2526
vn -0.9998 -0.0138 0.0160
vn 0.8698 -0.2042 0.4492
vn 0.9947 -0.0470 0.0915
vn 0.9120 -0.1513 -0.3813
vn 0.9993 0.0273 -0.0237
vn 0.3586 -0.9066 0.2225
vn 0.1937 -0.0811 -0.9777
vn 0.2062 0.5626 -0.8006
vn -0.0395 0.9721 -0.2313
vn 0.3294 0.9060 0.2659
vn 0.5403 0.4503 0.7108
vn 0.0064 0.7615 0.6481
vn 0.0033 0.9872 -0.1593
vn 0.9855 -0.0932 0.1417
vn 0.9860 -0.0922 0.1388
vn 0.9988 0.0240 -0.0426
vn 0.9726 -0.1183 -0.1999
vn 0.9729 0.1005 -0.2083
vn 0.9902 0.0790 0.1148
vn 0.9765 0.0674 0.2045
vn 0.4581 0.2783 0.8443
vn 0.9856 0.1382 0.0978
vn 1.0000 0.0037 0.0023
vn 1.0000 -0.0033 0.0052
vn 1.0000 -0.0037 -0.0023
vn -0.3164 0.2916 -0.9027
vn -0.0020 -0.5321 -0.8467
vn 0.1842 -0.5617 -0.8066
vn -0.0360 -0.5246 -0.8506
vn 0.0101 -0.9747 -0.2232
vn 0.1757 -0.9683 -0.1775
vn -0.0195 -0.9728 -0.2306
vn -0.0574 -0.8148 0.5770
vn -0.0502 -0.8142 0.5784
vn -0.0585 -0.8148 0.5767
vn -0.4300 0.0723 0.8999
vn -0.2868 0.7766 0.5609
vn -0.4402 0.8756 -0.1988
vn 0.0133 0.9797 -0.1998
vn -0.0118 0.9694 -0.2454
vn -0.0133 0.9797 0.1998
vn 0.0118 0.9694 0.2454
vn -0.0130 0.8106 0.5854
vn 0.0090 0.2900 0.9570
vn -0.0090 0.0983 0.9951
vn -0.0106 0.0801 0.9967
vn 0.0112 -0.8113 0.5846
vn -0.0118 -0.8017 0.5976
vn -0.0119 -0.9819 0.1892
vn 0.0119 -0.9819 -0.1892
vn -0.0112 -0.8113 -0.5846
vn 0.0118 -0.8017 -0.5976
vn -0.0130 -0.5249 -0.8511
vn 0.0090 0.0983 -0.9951
vn -0.0090 0.2900 -0.9570
vn -0.0106 0.3074 -0.9515
vn 0.9889 -0.1277 0.0761
vn 0.9850 -0.1432 0.0966
vn 0.9991 -0.0366 -0.0230
vn -0.3539 0.5504 -0.7562
vn -0.3853 0.7330 0.5606
vn -0.8265 0.0744 0.5580
vn -1.0000 0.0010 0.0043
vn -1.0000 0.0060 -0.0014
vn -1.0000 -0.0010 -0.0043
vn -0.1842 0.1731 -0.9675
vn 0.0019 0.2224 -0.9750
vn 0.0359 0.2305 -0.9724
vn -0.1758 -0.5591 -0.8102
vn -0.0102 -0.5314 -0.8471
vn -0.1817 -0.9679 -0.1738
vn 0.0651 -0.8167 0.5734
vn 0.0487 -0.8155 0.5767
vn 0.0462 -0.8153 0.5771
vn 0.5565 0.1197 0.8222
vn 0.3349 0.8966 0.2897
vn -0.1754 0.8100 -0.5596
vn -0.0065 0.8470 -0.5315
vn 0.0236 0.8509 -0.5249
vn 0.0029 0.8487 -0.5289
vn -0.0029 0.8134 -0.5817
vn 0.0033 0.8511 -0.5250
vn 0.0056 0.9537 0.3008
vn -0.0031 0.9736 0.2284
vn 0.0064 0.9516 0.3074
vn 0.0114 0.1573 0.9875
vn -0.0046 0.2925 0.9563
vn 0.0130 0.1440 0.9895
vn 0.0118 -0.8017 0.5976
vn -0.0112 -0.8113 0.5846
vn 0.0119 -0.9819 0.1892
vn -0.0119 -0.9819 -0.1892
vn 0.0112 -0.8113 -0.5846
vn -0.0118 -0.8017 -0.5976
vn 0.0130 -0.5249 -0.8511
vn 0.0022 0.2189 -0.9757
vn -0.0098 0.0897 -0.9959
vn 0.0033 0.2306 -0.9730
vn -0.9991 -0.0366 -0.0230
vn -0.9849 -0.1436 0.0968
vn -0.9888 -0.1281 0.0763
vn 0.3539 0.5504 -0.7562
vn 0.8264 0.5582 -0.0743
vn 0.3853 0.7330 0.5606
vn 0.8265 0.0744 0.5580
vn 0.3535 -0.9240 0.1456
vn 0.9998 -0.0032 -0.0196
vn 1.0000 0.0033 -0.0052
vn 0.9998 0.0191 -0.0056
vn 0.9998 -0.0191 0.0056
vn 0.2062 0.1680 -0.9640
vn 0.2172 -0.5648 -0.7961
vn 0.2063 -0.9639 -0.1684
vn -0.0480 -0.8141 0.5788
vn 0.4225 -0.1541 0.8932
vn 0.4550 0.5135 0.7276
vn 0.5406 0.6878 -0.4844
vn 0.0130 0.8106 -0.5854
vn 0.0106 0.3074 0.9515
vn 0.0130 -0.5249 0.8511
vn 0.0106 0.0801 -0.9967
vn 0.9902 -0.0790 0.1149
vn 0.4581 -0.2783 0.8442
vn 0.9856 -0.1382 0.0978
vn 0.9179 -0.1357 -0.3729
vn 0.9903 -0.0252 -0.1368
vn 0.9993 0.0345 0.0120
vn -0.9998 -0.0175 -0.0095
vn -1.0000 -0.0060 0.0014
vn -0.9998 -0.0116 0.0161
vn -0.9998 0.0174 0.0095
vn -0.2172 0.1635 -0.9623
vn -0.2064 -0.5625 -0.8006
vn -0.2143 -0.9628 -0.1644
vn 0.0702 -0.8171 0.5723
vn -0.4242 -0.1536 0.8925
vn -0.5395 0.4867 0.6871
vn -0.2142 0.9629 0.1644
vn -0.2061 0.8004 -0.5629
vn -0.0033 0.8107 -0.5855
vn -0.0039 0.9752 0.2214
vn -0.0064 0.3074 0.9516
vn -0.0130 -0.5249 0.8511
vn -0.0106 0.0801 -0.9967
vn -0.9903 -0.0790 0.1145
vn -0.4572 -0.2784 0.8446
vn -0.9855 -0.1385 0.0981
vn -0.9993 0.0345 0.0120
vn -0.9729 0.2183 0.0762
vn -0.9989 0.0435 -0.0155
vn -0.9805 0.0135 -0.1963
vn -0.9903 -0.0251 -0.1368
vn -0.9145 -0.1391 -0.3799
vn -0.9885 0.0393 -0.1457
vn 0.0479 -0.9367 -0.3470
vn -0.0016 -0.8854 -0.4648
vn -0.0022 -0.6181 -0.7861
vn 0.0306 -0.8060 0.5911
vn 0.0219 -0.9676 0.2514
vn -0.0000 -0.4938 -0.8696
vn 0.0001 -0.6146 -0.7889
vn 0.0141 -0.4980 0.8670
vn 0.0194 -0.5966 0.8023
vn -0.0306 -0.8060 -0.5911
vn -0.0219 -0.9676 -0.2514
vn 0.0219 -0.9676 -0.2514
vn -0.0298 0.9491 0.3134
vn 0.0035 0.5082 -0.8612
vn -0.0141 -0.4980 -0.8670
vn -0.0194 -0.5966 -0.8023
vn 1.0000 0.0048 0.0045
vn 1.0000 -0.0065 0.0075
vn 1.0000 -0.0041 -0.0034
vn -0.3140 -0.1512 -0.9373
vn -0.2867 -0.7766 -0.5609
vn -0.4402 -0.8756 0.1988
vn -0.3165 -0.2916 0.9027
vn -0.0900 0.5702 0.8165
vn -0.2293 0.5340 0.8138
vn -0.0586 0.5767 0.8148
vn -0.3349 0.9392 -0.0755
vn -0.0384 0.5881 -0.8079
vn -0.1106 0.5999 -0.7924
vn -0.0236 0.5853 -0.8105
vn 0.0098 0.4641 -0.8857
vn -0.0022 0.5757 -0.8177
vn -0.0033 0.5855 -0.8107
vn 0.0031 0.9869 -0.1615
vn -0.0056 0.9962 -0.0871
vn -0.0064 0.9968 -0.0801
vn 0.0056 0.6428 0.7660
vn -0.0031 0.5836 0.8121
vn -0.0039 0.5777 0.8162
vn 0.0022 -0.1712 0.9852
vn -0.0098 -0.2982 0.9545
vn -0.0106 -0.3074 0.9515
vn 0.0112 -0.9732 0.2296
vn -0.0118 -0.9694 0.2454
vn -0.0119 -0.9795 -0.2009
vn 0.0119 -0.8347 -0.5505
vn -0.0112 -0.5258 -0.8505
vn 0.0118 -0.5120 -0.8589
vn -0.0130 -0.1592 -0.9872
vn -0.3853 0.5607 -0.7329
vn -0.8265 0.5580 -0.0744
vn -0.7359 0.1058 0.6688
vn -0.3856 -0.5605 0.7329
vn -0.8265 -0.5581 0.0743
vn -0.3857 -0.7328 -0.5606
vn -0.0016 -0.8854 0.4648
vn 0.0195 -0.5966 0.8023
vn 0.0016 -0.8854 -0.4648
vn 0.0479 -0.9367 -0.3469
vn -0.0478 -0.9367 0.3470
vn 0.0016 -0.8854 0.4648
vn 0.0022 -0.6181 0.7861
vn -0.0219 -0.9676 0.2514
vn -0.0000 -0.4938 0.8696
vn -0.0001 -0.6146 0.7889
vn 0.0142 -0.4980 0.8670
vn 0.0001 -0.4938 0.8696
vn -0.0000 -0.6146 -0.7889
vn -1.0000 -0.0000 0.0066
vn -1.0000 0.0099 0.0002
vn -1.0000 0.0002 -0.0053
vn -0.1758 -0.2065 -0.9625
vn -0.0102 -0.1668 -0.9859
vn 0.0194 -0.1592 -0.9871
vn 0.0048 -0.7569 -0.6535
vn -0.1754 -0.8100 0.5596
vn -0.0065 -0.8470 0.5315
vn 0.0236 -0.8509 0.5248
vn 0.0331 -0.2299 0.9727
vn 0.0354 -0.2304 0.9725
vn 0.0359 -0.2305 0.9724
vn 0.4402 0.5187 0.7329
vn 0.3165 0.9455 -0.0760
vn -0.1841 0.5303 -0.8276
vn 0.0019 0.5786 -0.8156
vn 0.0359 0.5851 -0.8102
vn 0.0022 0.5757 -0.8177
vn -0.0098 0.4641 -0.8857
vn 0.0029 -0.2261 0.9741
vn -0.0029 -0.1638 0.9865
vn 0.0033 -0.2306 0.9730
vn 0.0098 -0.8857 0.4641
vn -0.0022 -0.8177 0.5757
vn 0.0106 -0.8902 0.4555
vn 0.0118 -0.8589 -0.5120
vn -0.0133 -0.8341 -0.5514
vn 0.0133 -0.5514 -0.8341
vn -0.0118 -0.5120 -0.8589
vn 0.0130 -0.1592 -0.9872
vn 0.3853 0.5607 -0.7330
vn 0.7358 0.1058 0.6688
vn 0.3856 -0.5605 0.7329
vn 0.8265 -0.5581 0.0743
vn 0.3856 -0.7328 -0.5606
vn 0.8264 -0.0743 -0.5582
vn 0.0660 -0.5126 -0.8561
vn 0.0304 -0.6290 -0.7768
vn 0.0292 -0.6288 -0.7770
vn 0.0111 0.9534 -0.3014
vn 0.9998 0.0036 -0.0219
vn 0.9962 0.0274 -0.0831
vn 0.9998 0.0086 -0.0151
vn 0.9993 -0.0000 0.0376
vn 0.3270 0.1001 -0.9397
vn 0.4549 -0.5135 -0.7276
vn 0.4526 -0.8788 -0.1511
vn 0.5405 -0.6878 0.4844
vn 0.2062 -0.1680 0.9640
vn -0.3231 0.5024 0.8020
vn 0.4781 0.7724 0.4182
vn 0.2143 0.9525 -0.2166
vn -0.1475 0.6046 -0.7827
vn 0.0106 0.4555 -0.8902
vn 0.0039 0.9857 -0.1686
vn 0.0064 0.6481 0.7615
vn 0.0033 -0.1593 0.9872
vn 0.0130 -0.8106 0.5854
vn 0.9950 -0.0142 0.0986
vn 0.8712 -0.2372 0.4299
vn 0.9986 -0.0501 0.0145
vn 0.9729 -0.2183 -0.0762
vn 0.9988 -0.0170 -0.0456
vn 1.0000 -0.0003 -0.0000
vn 0.9729 0.0762 -0.2183
vn 0.9993 0.0120 -0.0345
vn 0.9903 0.1145 0.0790
vn 0.9864 0.1132 0.1196
vn 1.0000 0.0003 -0.0000
vn 0.9786 0.1414 0.1494
vn 0.4577 0.8444 0.2783
vn -0.0660 -0.5126 0.8561
vn -0.0303 -0.6290 0.7768
vn -0.0292 -0.6288 0.7770
vn -0.9966 -0.0756 -0.0337
vn -0.8876 -0.4287 -0.1682
vn -0.9974 -0.0687 -0.0237
vn -0.9993 -0.0266 0.0266
vn -0.9993 0.0273 0.0248
vn -0.9998 0.0169 -0.0104
vn -0.2063 -0.2133 -0.9550
vn -0.1896 -0.9788 -0.0781
vn -0.2061 -0.8004 0.5629
vn 0.0321 -0.2296 0.9727
vn -0.3296 0.2658 0.9059
vn -0.5406 0.7108 0.4501
vn -0.2061 0.9549 -0.2137
vn -0.2170 0.5194 -0.8265
vn -0.0106 0.4555 -0.8902
vn -0.0033 -0.8107 0.5855
vn -0.0130 -0.9872 -0.1592
vn -0.9871 0.1566 -0.0337
vn -0.9957 0.0906 -0.0195
vn -0.9970 0.0592 -0.0503
vn -0.9729 -0.2183 -0.0762
vn -0.9984 0.0168 0.0537
vn -0.8712 -0.2372 0.4299
vn -0.9960 -0.0032 0.0892
vn -0.9958 0.0735 0.0544
vn -0.0026 -0.9442 -0.3294
vn -0.9748 0.1885 0.1198
vn -0.9495 0.2648 0.1683
vn -0.9993 0.0120 -0.0345
vn -0.9875 0.1026 0.1194
vn -0.9855 0.0980 0.1385
vn -0.4577 0.8444 0.2783
vn -0.0016 -0.8854 -0.4649
vn -0.0021 -0.6181 -0.7861
vn -0.0035 0.5082 0.8612
vn 0.9993 -0.0354 0.0097
vn 0.9991 -0.0424 0.0068
vn 0.9991 -0.0412 0.0084
vn 0.0001 -0.4938 -0.8696
vn 0.0182 -0.4935 0.8696
vn -1.0000 0.0048 -0.0045
vn -1.0000 -0.0065 -0.0075
vn -1.0000 -0.0041 0.0034
vn 0.4404 -0.1988 0.8755
vn 0.3103 -0.9046 0.2923
vn 0.0574 -0.8148 -0.5770
vn 0.0503 -0.8142 -0.5784
vn 0.0586 -0.8148 -0.5767
vn 0.4302 0.0723 -0.8998
vn 0.1017 0.8159 -0.5692
vn -0.1270 0.8577 -0.4982
vn 0.1459 0.8021 -0.5791
vn 0.0027 0.9859 0.1675
vn -0.1817 0.9607 0.2098
vn 0.0360 0.9866 0.1592
vn 0.0384 0.5881 0.8079
vn 0.1106 0.5999 0.7924
vn 0.0236 0.5853 0.8105
vn -0.0119 0.2579 0.9661
vn 0.0195 0.5723 0.8198
vn 0.0222 0.5977 0.8014
vn -0.0163 0.9881 -0.1526
vn 0.0111 0.9911 -0.1325
vn 0.0163 0.8067 -0.5908
vn -0.0111 0.7946 -0.6071
vn 0.0182 0.4554 -0.8901
vn -0.0141 -0.4929 -0.8699
vn 0.0111 -0.5017 -0.8650
vn 0.0121 -0.5526 -0.8334
vn -0.0067 -0.9900 0.1406
vn 0.0129 -0.9967 -0.0801
vn 0.0116 -0.9978 -0.0651
vn 0.0038 -0.5788 0.8155
vn 0.0123 -0.5166 0.8561
vn 0.0130 -0.5117 0.8590
vn -0.9204 -0.3675 -0.1337
vn -0.9990 -0.0245 -0.0372
vn -0.9812 -0.1927 0.0141
vn 0.3853 0.5606 0.7330
vn 0.8265 0.5580 0.0744
vn 0.3535 0.1456 -0.9240
vn 0.8265 -0.3420 -0.4471
vn 0.3538 -0.7562 0.5504
vn 0.0478 -0.9367 -0.3470
vn -0.0031 0.9588 -0.2840
vn -0.0000 -0.6146 0.7889
vn 1.0000 0.0002 -0.0066
vn 1.0000 0.0086 0.0007
vn 0.9999 0.0028 0.0135
vn -0.4132 -0.2017 0.8880
vn -0.3349 -0.8966 0.2897
vn 0.1754 -0.8100 -0.5595
vn 0.0064 -0.8471 -0.5315
vn -0.0237 -0.8509 -0.5248
vn -0.0333 -0.2299 -0.9727
vn -0.0355 -0.2304 -0.9724
vn -0.0360 -0.2305 -0.9724
vn -0.4403 0.5187 -0.7328
vn -0.3166 0.9455 0.0760
vn -0.1120 0.5971 0.7943
vn -0.0489 0.5874 0.8078
vn -0.0361 0.5851 0.8102
vn -0.0098 0.5854 0.8107
vn 0.0098 0.8107 0.5854
vn -0.0098 0.9872 0.1592
vn 0.0098 0.9872 -0.1592
vn -0.0098 0.8106 -0.5855
vn 0.0119 0.5605 -0.8281
vn -0.0112 0.1603 -0.9870
vn 0.0118 0.1443 -0.9895
vn -0.0130 -0.2307 -0.9729
vn 0.0038 -0.8468 -0.5319
vn 0.0123 -0.8049 -0.5933
vn 0.0028 -0.8512 -0.5249
vn -0.0084 -0.9730 0.2307
vn 0.0116 -0.8970 0.4420
vn -0.0067 -0.9685 0.2490
vn -0.0097 -0.5249 0.8511
vn 0.0085 -0.2498 0.9683
vn -0.0098 -0.1592 0.9872
vn 0.0098 0.1593 0.9872
vn 0.9833 -0.1814 0.0162
vn 0.9991 -0.0230 -0.0367
vn 0.9185 -0.3725 -0.1328
vn -0.3853 0.5606 0.7330
vn -0.3535 0.1456 -0.9240
vn -0.8265 -0.3420 -0.4472
vn -0.3538 -0.7562 0.5504
vn -0.0000 -0.0005 1.0000
vn 0.0661 -0.5126 -0.8561
vn 0.0305 -0.6290 -0.7768
vn 0.0293 -0.6288 -0.7770
vn -0.9998 0.0037 0.0219
vn -0.9962 0.0274 0.0831
vn -0.9998 0.0085 0.0151
vn -0.9993 -0.0000 -0.0375
vn -0.9998 -0.0190 -0.0056
vn -0.3271 0.1001 0.9397
vn -0.5403 -0.4844 0.6880
vn -0.2063 -0.9639 0.1684
vn 0.0481 -0.8141 -0.5788
vn -0.4226 -0.1541 -0.8931
vn -0.3596 0.4840 -0.7978
vn -0.1887 0.8604 -0.4734
vn -0.2143 0.9525 0.2166
vn 0.1476 0.6046 0.7827
vn -0.0182 0.9514 0.3074
vn -0.0182 -0.0801 -0.9966
vn -0.0097 -0.8107 -0.5854
vn -0.0084 -0.9872 0.1593
vn 0.0028 -0.5855 0.8107
vn -0.0153 0.2214 0.9751
vn -0.9990 -0.0157 0.0429
vn -0.9729 0.0762 0.2183
vn -0.9993 0.0122 0.0350
vn -0.9903 0.1145 -0.0790
vn -0.9806 0.1267 -0.1495
vn -0.9737 0.1525 -0.1694
vn -0.7900 0.5744 -0.2142
vn -0.7552 0.6167 -0.2220
vn 0.0303 -0.6290 -0.7768
vn 0.9998 0.0132 0.0176
vn 0.9958 0.0381 0.0831
vn 0.9998 -0.0174 0.0095
vn 1.0000 -0.0099 -0.0007
vn 0.9993 -0.0266 -0.0266
vn 0.9993 0.0273 -0.0248
vn 0.3288 0.0977 0.9393
vn 0.5395 -0.4867 0.6871
vn 0.2142 -0.9629 0.1644
vn 0.2062 -0.8004 -0.5628
vn -0.0323 -0.2296 -0.9727
vn 0.3296 0.2658 -0.9059
vn 0.5406 0.7108 -0.4501
vn 0.2061 0.9549 0.2137
vn -0.1430 0.6009 0.7864
vn 0.0130 -0.8015 -0.5978
vn 0.0129 -0.8902 0.4555
vn 0.9888 0.0763 -0.1281
vn 0.9948 -0.1004 0.0183
vn 0.9991 -0.0167 0.0397
vn 0.9993 0.0120 0.0345
vn 0.9729 0.0762 0.2184
vn 0.9849 0.0968 -0.1436
vn 0.9855 0.0981 -0.1385
vn 0.4576 0.8445 -0.2783
vn -0.0000 -0.5673 0.8235
vn -0.0000 0.2090 0.9779
vn -0.0000 0.5673 0.8235
vn -0.0000 -0.2090 0.9779
vn 0.0603 0.0835 -0.9947
vn -0.2105 -0.0868 -0.9737
vn -0.2698 -0.1112 -0.9565
vn -0.0964 -0.2438 -0.9650
vn 0.0052 -0.4254 -0.9050
vn 0.0733 -0.0887 -0.9934
vn -0.2595 -0.4661 -0.8458
vn -0.2128 -0.4851 -0.8482
vn 0.0784 -0.6176 -0.7826
vn -0.0186 -0.5133 -0.8580
vn -0.0061 -0.7061 -0.7081
vn 0.0061 -0.7081 -0.7061
vn 0.0138 -0.8627 -0.5055
vn 0.0480 -0.8094 -0.5852
vn -0.0356 -0.7265 -0.6862
vn -0.0186 -0.8842 -0.4668
vn 0.0860 -0.9399 -0.3305
vn -0.0226 -0.9109 -0.4119
vn 0.0178 -0.9878 -0.1545
vn -0.0018 -0.9902 -0.1397
vn 0.0226 -0.9992 -0.0320
vn -0.0313 -0.9986 -0.0437
vn 0.0793 -0.9559 0.2828
vn -0.0226 -0.9738 0.2263
vn 0.0138 -0.9448 0.3274
vn -0.0867 -0.8862 0.4551
vn 0.0356 -0.8147 0.5787
vn 0.0061 -0.8323 0.5544
vn -0.0061 -0.8306 0.5568
vn -0.0356 -0.7265 0.6862
vn -0.0186 -0.6709 0.7414
vn 0.0052 -0.5937 0.8046
vn -0.0928 -0.4655 0.8802
vn 0.0633 -0.3209 0.9450
vn 0.0867 -0.6192 0.7804
vn -0.0964 -0.4274 0.8989
vn 0.0603 -0.2760 0.9593
vn 0.0898 -0.0974 0.9912
vn -0.2106 -0.1049 0.9719
vn -0.2698 -0.0776 0.9598
vn -0.2247 0.0646 0.9723
vn -0.2698 0.0776 0.9598
vn -0.2698 0.2956 0.9164
vn -0.2698 0.4390 0.8570
vn -0.2698 0.6238 0.7335
vn -0.2247 0.6418 0.7332
vn 0.0763 0.7722 0.6308
vn -0.2698 0.7335 0.6238
vn -0.0313 0.9393 0.3418
vn 0.0178 0.9718 0.2353
vn -0.2698 0.9164 0.2956
vn -0.0178 0.9990 -0.0412
vn 0.0178 0.9878 -0.1545
vn -0.0763 0.9921 -0.1000
vn 0.0621 0.9643 -0.2573
vn 0.2247 0.9723 0.0646
vn 0.0362 0.9095 -0.4140
vn -0.0226 0.9109 -0.4119
vn 0.0138 0.8627 -0.5055
vn -0.0138 0.8627 -0.5055
vn -0.0061 0.7081 -0.7061
vn 0.0061 0.7081 -0.7061
vn -0.0061 0.7061 -0.7081
vn 0.0061 0.7061 -0.7081
vn 0.0186 0.5133 -0.8580
vn -0.0186 0.5133 -0.8580
vn 0.0052 0.4254 -0.9050
vn -0.0052 0.4254 -0.9050
vn 0.0964 0.2438 -0.9650
vn -0.0964 0.2438 -0.9650
vn -0.0733 0.0887 -0.9934
vn -0.0096 -0.9540 0.2996
vn 0.0096 -0.7792 0.6267
vn 0.0033 -0.7512 0.6601
vn 0.0033 0.9662 0.2578
vn 0.0036 0.9859 -0.1671
vn -0.0194 0.9961 -0.0864
vn 0.0103 0.9606 -0.2776
vn -0.0103 0.9937 -0.1112
vn 0.0103 0.9937 0.1112
vn 0.0036 -0.4088 0.9126
vn 0.0204 -0.7834 0.6212
vn 0.0048 0.8743 -0.4853
vn -0.0194 -0.4815 0.8762
vn -0.0045 0.7720 -0.6356
vn -0.0184 0.8698 -0.4931
vn -0.0036 0.0880 -0.9961
vn 0.0036 -0.0880 -0.9961
vn -0.0028 -0.3855 -0.9227
vn 0.0194 -0.4815 -0.8762
vn -0.0036 -0.4088 -0.9126
vn -0.0048 -0.0822 -0.9966
vn 0.0036 0.7794 -0.6266
vn -0.0028 0.5530 -0.8332
vn 0.0048 -0.0822 0.9966
vn 0.0028 0.3855 -0.9227
vn 0.0036 0.0880 0.9961
vn -0.0033 -0.7512 -0.6601
vn -0.0048 0.0822 0.9966
vn -0.0036 0.4088 0.9126
vn 0.0028 -0.5530 -0.8332
vn -0.0036 -0.7794 -0.6266
vn 0.0028 0.5530 0.8332
vn -0.0028 0.3855 0.9227
vn 0.0064 -0.9446 -0.3281
vn -0.0204 -0.7834 -0.6212
vn -0.0048 -0.8743 -0.4853
vn -0.0036 -0.9859 -0.1671
vn -0.0033 0.7512 0.6601
vn -0.0096 0.7792 0.6267
vn 0.0184 0.8698 0.4931
vn 0.0045 0.7720 0.6356
vn -0.0080 -0.9858 0.1675
vn 0.0080 -0.9858 -0.1675
vn 0.0096 0.9540 0.2996
vn -0.0033 -0.9662 0.2578
vn -0.0103 0.9606 0.2776
vn -0.0064 -0.9446 0.3281
vn 0.2698 -0.2633 -0.9262
vn -0.0632 -0.9895 0.1303
vn -0.0621 -0.2573 0.9643
vn 0.2698 0.0776 0.9598
vn 0.2698 0.2956 0.9164
vn 0.2698 0.4389 0.8570
vn 0.2698 0.6238 0.7335
vn -0.0621 0.8638 0.4999
vn 0.2698 0.8571 0.4389
vn 0.2698 0.9598 0.0776
vn 0.0194 0.4815 0.8762
vn 0.0194 -0.9961 -0.0864
vn -0.0000 -0.5673 -0.8235
vn -0.0000 0.2090 -0.9779
vn -0.0000 0.5673 -0.8235
vn -0.0000 -0.2090 -0.9779
vn 0.0898 -0.2889 0.9531
vn -0.0621 -0.4405 0.8956
vn -0.2247 -0.1263 0.9662
vn -0.0981 -0.0997 0.9902
vn 0.0928 -0.4655 0.8802
vn -0.0633 -0.3209 0.9450
vn -0.0898 -0.6320 0.7697
vn -0.0867 -0.6192 0.7804
vn 0.2247 -0.7332 0.6418
vn 0.2698 -0.7335 0.6238
vn -0.0356 -0.8148 0.5787
vn 0.0356 -0.7265 0.6862
vn 0.0784 -0.8880 0.4531
vn -0.2128 -0.9265 0.3103
vn 0.2698 -0.9164 0.2956
vn 0.2698 -0.9598 0.0776
vn 0.2247 -0.9723 0.0646
vn -0.0763 -0.9921 -0.1000
vn 0.2698 -0.9598 -0.0776
vn 0.0313 -0.9058 -0.4225
vn -0.0178 -0.8535 -0.5208
vn 0.0784 -0.8880 -0.4531
vn -0.0356 -0.8148 -0.5787
vn -0.2128 -0.9265 -0.3103
vn 0.0356 -0.7265 -0.6862
vn 0.0178 -0.6773 -0.7355
vn -0.0178 -0.5892 -0.8078
vn 0.0928 -0.4655 -0.8802
vn -0.0633 -0.3209 -0.9450
vn -0.0867 -0.6192 -0.7804
vn 0.0226 -0.3529 -0.9354
vn -0.0138 -0.2526 -0.9675
vn -0.0898 -0.0974 -0.9912
vn -0.0061 -0.0014 -1.0000
vn 0.0061 0.0014 -1.0000
vn 0.2247 0.0646 -0.9723
vn 0.2698 0.0776 -0.9598
vn 0.0186 0.2437 -0.9697
vn -0.0186 0.3361 -0.9416
vn 0.2698 0.4390 -0.8570
vn -0.0061 0.5544 -0.8323
vn 0.0061 0.5568 -0.8307
vn 0.0186 0.7413 -0.6709
vn -0.0052 0.8046 -0.5937
vn 0.2698 0.7335 -0.6238
vn 0.0964 0.8989 -0.4274
vn -0.0603 0.9593 -0.2760
vn 0.2698 0.9164 -0.2956
vn 0.1754 0.9803 -0.0910
vn -0.0763 0.9921 0.1000
vn 0.0763 0.9921 0.1000
vn -0.0621 0.9643 0.2573
vn -0.2247 0.9723 -0.0646
vn -0.0313 0.9058 0.4225
vn 0.0362 0.9095 0.4140
vn -0.0138 0.8627 0.5055
vn 0.0178 0.8535 0.5208
vn -0.0178 0.6773 0.7355
vn -0.0061 0.7081 0.7061
vn 0.0061 0.7061 0.7081
vn 0.0138 0.5055 0.8627
vn -0.0362 0.4140 0.9095
vn 0.0313 0.5911 0.8060
vn -0.0763 0.2916 0.9535
vn 0.0846 0.1023 0.9911
vn -0.0621 0.2573 0.9643
vn 0.2247 0.1263 0.9662
vn 0.2698 0.1112 0.9565
vn -0.0136 0.9355 -0.3531
vn -0.0014 0.9929 -0.1189
vn 0.0178 0.9945 0.1037
vn 0.0398 0.9367 0.3478
vn 0.0088 0.9996 0.0252
vn 0.0025 0.9877 -0.1563
vn -0.0103 -0.4830 -0.8756
vn 0.0103 -0.6241 -0.7813
vn -0.0103 -0.7813 -0.6241
vn 0.0103 0.8756 0.4830
vn -0.0135 -0.8133 -0.5817
vn -0.0014 -0.6505 -0.7595
vn 0.0178 -0.4663 -0.8845
vn -0.0014 0.6505 0.7595
vn -0.0057 0.8176 0.5757
vn -0.0178 -0.1037 -0.9944
vn 0.0103 -0.2776 -0.9607
vn -0.0178 -0.4663 0.8845
vn 0.0103 -0.3029 0.9530
vn -0.0103 -0.0848 0.9963
vn -0.0103 0.7813 0.6241
vn 0.0103 0.6241 0.7813
vn -0.0103 -0.3029 -0.9530
vn 0.0103 -0.0848 -0.9963
vn 0.0103 -0.1112 0.9937
vn -0.0103 -0.2776 0.9607
vn 0.0103 -0.4830 0.8756
vn -0.0103 0.3029 0.9530
vn 0.0178 0.4663 0.8845
vn -0.0135 0.3700 -0.9289
vn -0.0084 0.1100 -0.9939
vn 0.0136 -0.8133 0.5817
vn 0.0014 -0.6505 0.7595
vn -0.0103 0.4830 0.8756
vn 0.0103 0.2776 0.9607
vn -0.0103 0.0848 -0.9963
vn 0.0103 0.3029 -0.9530
vn -0.0103 -0.6241 0.7813
vn 0.0103 -0.7813 0.6241
vn 0.0103 0.0848 0.9963
vn -0.0103 0.1112 0.9937
vn -0.0178 0.4663 -0.8845
vn 0.0014 0.6505 -0.7595
vn -0.0103 -0.8756 0.4830
vn 0.0103 -0.9606 0.2776
vn -0.0174 0.8061 -0.5915
vn -0.0085 0.5307 -0.8475
vn -0.0014 -0.9929 0.1189
vn -0.0136 -0.9355 0.3531
vn 0.0135 0.8133 -0.5817
vn -0.0178 -0.9945 0.1037
vn 0.0014 -0.9929 -0.1189
vn -0.0103 -0.9606 -0.2776
vn 0.0178 -0.9945 -0.1037
vn 0.0174 0.8550 -0.5184
vn 0.0136 -0.9355 -0.3531
vn 0.0103 -0.8756 -0.4830
vn -0.2698 -0.1112 0.9565
vn 0.0621 -0.2573 0.9643
vn 0.0621 -0.4999 0.8638
vn -0.2698 -0.8570 0.4390
vn -0.2595 -0.9205 0.2921
vn -0.2698 -0.9598 0.0776
vn 0.0621 -0.9643 -0.2573
vn -0.2595 -0.9205 -0.2921
vn 0.0621 -0.2573 -0.9643
vn -0.2698 0.2956 -0.9164
vn -0.2698 0.6238 -0.7335
vn -0.2698 0.8570 -0.4390
vn -0.2698 0.9598 -0.0776
vn 0.0621 0.9643 0.2573
vn 0.0621 0.4405 0.8956
vn 0.9414 -0.2528 -0.2232
vn 0.3509 -0.0551 0.9348
vn -0.8186 -0.0518 0.5721
vn -0.8418 0.0518 0.5373
vn -0.9903 -0.0116 -0.1384
vn -0.9458 0.0363 -0.3227
vn -0.8297 0.0084 -0.5582
vn -0.5582 -0.0084 -0.8297
vn -0.3227 -0.0363 -0.9458
vn -0.1384 0.0116 -0.9903
vn 0.5506 -0.0069 -0.8347
vn 0.5605 0.0069 -0.8282
vn 0.9703 -0.0501 -0.2365
vn 0.9701 -0.0509 -0.2371
vn 0.9721 -0.0427 -0.2305
vn 0.9069 -0.0320 0.4202
vn 0.9125 -0.0219 0.4085
vn -0.8282 -0.0069 0.5605
vn -0.8347 0.0069 0.5506
vn -0.9857 0.0211 -0.1672
vn -0.9376 -0.0118 -0.3475
vn -0.8336 0.0382 -0.5510
vn -0.5510 -0.0382 -0.8336
vn -0.3475 0.0118 -0.9376
vn -0.1672 -0.0211 -0.9857
vn 0.3837 -0.0012 0.9235
vn 0.4251 -0.0029 0.9052
vn -0.3828 -0.0019 0.9238
vn -0.9235 -0.0012 0.3835
vn -0.9190 -0.0016 -0.3941
vn 0.4720 -0.0302 -0.8811
vn 0.4855 -0.0182 -0.8741
vn 0.5129 -0.0188 0.8582
vn -0.5043 0.0090 0.8635
vn 0.9752 -0.0518 -0.2153
vn 0.9833 0.0518 -0.1743
vn 0.9691 -0.0899 -0.2297
vn 0.8487 -0.0978 0.5197
vn 0.8506 -0.1134 0.5134
vn 0.8477 -0.0899 0.5228
vn 0.2874 -0.1575 0.9448
vn 0.2232 -0.2529 0.9414
vn 0.4129 0.0551 0.9091
vn -0.5079 -0.2529 0.8235
vn -0.9348 -0.0551 0.3509
vn -0.9450 -0.1695 0.2797
vn -0.8713 0.1575 0.4648
vn -0.9645 0.1134 -0.2385
vn -0.9676 0.0978 -0.2327
vn -0.9617 0.1266 -0.2433
vn -0.6199 -0.0564 -0.7827
vn -0.3882 -0.0121 -0.9215
vn -0.6273 -0.0766 -0.7750
vn -0.3770 0.0121 -0.9261
vn -0.1151 0.0564 -0.9917
vn 0.9796 -0.0070 -0.2009
vn 0.9819 0.0069 -0.1893
vn 0.9722 -0.0427 -0.2304
vn 0.8534 -0.0501 0.5189
vn 0.8537 -0.0509 0.5183
vn 0.8504 -0.0427 0.5245
vn 0.3441 -0.0320 0.9384
vn 0.2289 -0.1229 0.9657
vn 0.3564 -0.0219 0.9341
vn -0.3978 -0.0128 0.9174
vn -0.5210 -0.1229 0.8447
vn -0.3674 0.0128 0.9300
vn -0.9125 0.0219 0.4085
vn -0.9557 -0.0812 0.2828
vn -0.9069 0.0320 0.4202
vn -0.9701 0.0509 -0.2371
vn -0.9703 0.0501 -0.2365
vn -0.9677 0.0603 -0.2448
vn -0.6136 -0.0184 -0.7894
vn -0.3924 -0.0100 -0.9197
vn -0.6287 -0.0364 -0.7768
vn -0.3729 0.0100 -0.9278
vn -0.1243 0.0184 -0.9921
vn 0.1151 -0.0564 -0.9917
vn 0.3770 -0.0121 -0.9261
vn 0.1045 -0.0766 -0.9916
vn 0.3882 0.0121 -0.9215
vn 0.6199 0.0564 -0.7827
vn 0.9676 -0.0978 -0.2327
vn 0.9645 -0.1134 -0.2385
vn 0.8713 -0.1575 0.4648
vn 0.9348 0.0551 0.3509
vn -0.4129 -0.0551 0.9091
vn -0.4705 -0.1695 0.8660
vn -0.2874 0.1575 0.9448
vn -0.8506 0.1134 0.5134
vn -0.8487 0.0978 0.5197
vn -0.8520 0.1266 0.5080
vn -0.9752 0.0518 -0.2153
vn -0.5721 -0.0518 -0.8186
vn -0.5373 0.0518 -0.8418
vn 0.1243 -0.0184 -0.9921
vn 0.3729 -0.0100 -0.9278
vn 0.1047 -0.0364 -0.9938
vn 0.3924 0.0100 -0.9197
vn 0.6136 0.0184 -0.7894
vn 0.3674 -0.0128 0.9300
vn 0.3978 0.0128 0.9174
vn -0.3564 0.0219 0.9341
vn -0.4758 -0.0812 0.8758
vn -0.3441 0.0320 0.9384
vn -0.8537 0.0509 0.5183
vn -0.8534 0.0501 0.5189
vn -0.8574 0.0603 0.5111
vn -0.5605 -0.0070 -0.8282
vn -0.5506 0.0069 -0.8347
vn -0.3837 -0.0012 -0.9235
vn 0.9238 -0.0021 0.3829
vn 0.9191 -0.0016 0.3941
vn 0.9189 -0.0016 0.3944
vn -0.8477 0.0899 0.5228
vn -0.1045 0.0766 -0.9916
vn 0.9677 -0.0603 -0.2448
vn 0.9557 0.0812 0.2828
vn -0.8504 0.0427 0.5245
vn -0.1047 0.0364 -0.9938
vn -0.0027 -0.9915 0.1303
vn -0.3826 -0.0019 0.9239
vn -0.9239 -0.0012 0.3826
vn -0.0454 -0.9987 0.0219
vn -0.4569 -0.0443 0.8884
vn 0.9832 0.0899 -0.1586
vn 0.8520 -0.1266 0.5080
vn 0.4705 0.1695 0.8660
vn -0.2232 0.2529 0.9414
vn -0.8235 0.2529 0.5079
vn 0.9863 0.0427 -0.1591
vn 0.8574 -0.0603 0.5111
vn 0.4758 0.0812 0.8758
vn -0.2289 0.1229 0.9657
vn -0.8447 0.1229 0.5210
vn -0.9721 0.0427 -0.2305
vn 0.6273 0.0766 -0.7750
vn 0.9617 -0.1266 -0.2433
vn 0.9450 0.1695 0.2797
vn 0.5079 0.2529 0.8235
vn -0.5228 0.0899 -0.8477
vn 0.6287 0.0364 -0.7768
vn -0.5245 0.0427 -0.8504
vn 0.9239 -0.0021 0.3826
vn -0.1541 -0.2528 0.9552
vn -0.7294 -0.0551 0.6819
vn -0.7661 -0.1695 0.6200
vn -0.6271 0.1575 0.7628
vn -0.9823 0.1134 0.1488
vn -0.9830 0.0978 0.1554
vn -0.9816 0.1266 0.1432
vn -0.8487 -0.0978 -0.5197
vn -0.8506 -0.1134 -0.5134
vn -0.8477 -0.0899 -0.5228
vn -0.3365 -0.0792 -0.9384
vn -0.2797 -0.1695 -0.9450
vn -0.4256 0.0792 -0.9014
vn 0.2385 0.1134 -0.9645
vn 0.2327 0.0978 -0.9676
vn 0.2433 0.1266 -0.9617
vn 0.8186 -0.0518 -0.5721
vn 0.8418 0.0518 -0.5374
vn 0.8074 -0.0899 -0.5831
vn 0.9830 -0.0978 0.1553
vn 0.9823 -0.1134 0.1488
vn 0.9832 -0.0899 0.1586
vn 0.6271 -0.1575 0.7628
vn 0.5664 -0.2529 0.7844
vn 0.7294 0.0551 0.6819
vn -0.0165 -0.0128 0.9998
vn -0.1580 -0.1229 0.9798
vn 0.0165 0.0128 0.9998
vn -0.6867 0.0219 0.7266
vn -0.7747 -0.0812 0.6270
vn -0.6770 0.0320 0.7352
vn -0.9870 0.0509 0.1522
vn -0.9870 0.0501 0.1528
vn -0.9877 0.0603 0.1441
vn -0.8534 -0.0501 -0.5189
vn -0.8537 -0.0509 -0.5183
vn -0.8504 -0.0427 -0.5245
vn -0.3831 0.0004 -0.9237
vn -0.2828 -0.0812 -0.9557
vn -0.3822 -0.0004 -0.9241
vn 0.2371 0.0509 -0.9701
vn 0.2365 0.0501 -0.9703
vn 0.2448 0.0603 -0.9677
vn 0.8281 -0.0069 -0.5605
vn 0.8347 0.0070 -0.5507
vn 0.8100 -0.0427 -0.5849
vn 0.9870 -0.0501 0.1528
vn 0.9870 -0.0509 0.1522
vn 0.9863 -0.0427 0.1591
vn 0.6770 -0.0320 0.7352
vn 0.5810 -0.1229 0.8046
vn 0.6867 -0.0219 0.7266
vn -0.3899 -0.0016 0.9208
vn -0.4251 -0.0029 -0.9052
vn 0.3828 -0.0019 -0.9238
vn -0.4855 -0.0182 0.8741
vn -0.1151 -0.0564 0.9917
vn -0.3770 -0.0121 0.9261
vn -0.1045 -0.0766 0.9916
vn -0.3882 0.0121 0.9215
vn -0.6199 0.0564 0.7827
vn -0.9676 -0.0978 0.2327
vn -0.9645 -0.1134 0.2385
vn -0.9691 -0.0899 0.2297
vn -0.8713 -0.1575 -0.4648
vn -0.8235 -0.2529 -0.5079
vn -0.9348 0.0551 -0.3509
vn -0.3509 -0.0551 -0.9348
vn -0.4648 0.1575 -0.8713
vn 0.7827 -0.0564 -0.6199
vn 0.9215 -0.0121 -0.3882
vn 0.7750 -0.0766 -0.6273
vn 0.9261 0.0121 -0.3770
vn 0.9917 0.0564 -0.1151
vn 0.8722 -0.0564 0.4859
vn 0.7113 -0.0121 0.7028
vn 0.8761 -0.0766 0.4760
vn 0.7028 0.0121 0.7113
vn 0.4859 0.0564 0.8722
vn -0.1243 -0.0184 0.9921
vn -0.3729 -0.0100 0.9278
vn -0.1047 -0.0364 0.9938
vn -0.3924 0.0100 0.9197
vn -0.6136 0.0184 0.7894
vn -0.9703 -0.0501 0.2365
vn -0.9701 -0.0509 0.2371
vn -0.9721 -0.0427 0.2305
vn -0.9069 -0.0320 -0.4202
vn -0.8447 -0.1229 -0.5210
vn -0.9125 -0.0219 -0.4085
vn -0.4085 0.0219 -0.9125
vn -0.4202 0.0320 -0.9069
vn 0.7894 -0.0184 -0.6136
vn 0.9197 -0.0100 -0.3924
vn 0.7768 -0.0364 -0.6287
vn 0.9278 0.0100 -0.3729
vn 0.9921 0.0184 -0.1243
vn 0.8690 -0.0184 0.4945
vn 0.7145 -0.0100 0.6996
vn 0.8781 -0.0364 0.4771
vn 0.6996 0.0100 0.7145
vn 0.4945 0.0184 0.8690
vn 0.5109 -0.0202 0.8594
vn -0.5130 -0.0189 -0.8582
vn 0.5043 0.0089 -0.8635
vn 0.4863 -0.0174 -0.8736
vn 1.0000 -0.0060 -0.0023
vn -0.9917 -0.0564 -0.1151
vn -0.2327 -0.0978 -0.9676
vn -0.2385 -0.1134 -0.9645
vn 0.4648 -0.1575 -0.8713
vn 0.5079 -0.2529 -0.8235
vn 0.3509 0.0551 -0.9348
vn 0.9348 -0.0551 -0.3509
vn 0.9450 -0.1695 -0.2797
vn 0.8713 0.1575 -0.4648
vn 0.9645 0.1134 0.2385
vn 0.9676 0.0978 0.2327
vn 0.9617 0.1266 0.2433
vn -0.2365 -0.0501 -0.9703
vn -0.2371 -0.0509 -0.9701
vn 0.4202 -0.0320 -0.9069
vn 0.5210 -0.1229 -0.8447
vn 0.4085 -0.0219 -0.9125
vn 0.9125 0.0219 -0.4085
vn 0.9557 -0.0812 -0.2828
vn 0.9069 0.0320 -0.4202
vn 0.9701 0.0509 0.2371
vn 0.9703 0.0501 0.2365
vn 0.9677 0.0603 0.2448
vn 0.1243 0.0184 0.9921
vn -0.5068 -0.0116 0.8620
vn -0.6601 0.0363 0.7503
vn -0.7710 -0.0400 0.6355
vn -0.8477 -0.1615 0.5054
vn -0.9979 -0.0551 -0.0336
vn -0.9828 0.1575 0.0960
vn -0.8049 0.0978 -0.5852
vn -0.7953 0.1266 -0.5928
vn -0.2732 -0.0564 -0.9603
vn -0.0061 -0.0121 -0.9999
vn -0.2829 -0.0766 -0.9561
vn 0.0061 0.0121 -0.9999
vn 0.2732 0.0564 -0.9603
vn 0.8049 -0.0977 -0.5853
vn 0.7998 -0.1134 -0.5894
vn 0.9957 -0.0792 0.0483
vn 0.9801 -0.1695 0.1033
vn 0.9957 0.0792 -0.0483
vn 0.7998 0.1134 0.5894
vn 0.8049 0.0978 0.5853
vn 0.7953 0.1266 0.5928
vn 0.2152 -0.0518 0.9752
vn 0.1743 0.0518 0.9833
vn 0.2297 -0.0899 0.9691
vn -0.5317 0.0211 0.8467
vn -0.6799 -0.0118 0.7333
vn -0.8439 0.0556 0.5336
vn -0.9774 -0.0064 0.2115
vn -0.9994 0.0219 0.0282
vn -0.2648 -0.0185 -0.9641
vn -0.0106 -0.0100 -0.9999
vn -0.2836 -0.0364 -0.9583
vn 0.0105 0.0100 -0.9999
vn 0.2648 0.0184 -0.9641
vn 0.8060 -0.0501 -0.5898
vn 0.8055 -0.0509 -0.5904
vn 0.8099 -0.0427 -0.5850
vn 1.0000 0.0004 -0.0005
vn 0.9912 -0.0812 0.1044
vn 1.0000 -0.0004 0.0005
vn 0.8055 0.0509 0.5903
vn 0.8060 0.0501 0.5898
vn 0.8003 0.0603 0.5965
vn 0.2009 -0.0069 0.9796
vn 0.1893 0.0069 0.9819
vn 0.2304 -0.0427 0.9722
vn -0.5664 0.2528 0.7844
vn -0.9832 0.0899 0.1586
vn -0.8520 -0.1266 -0.5080
vn -0.4705 0.1695 -0.8660
vn 0.2297 0.0899 -0.9691
vn 0.8477 0.0899 -0.5228
vn 0.9816 -0.1266 0.1432
vn 0.7661 0.1695 0.6200
vn 0.1541 0.2528 0.9552
vn -0.5810 0.1229 0.8046
vn -0.9863 0.0427 0.1591
vn -0.8574 -0.0603 -0.5111
vn -0.4758 0.0812 -0.8758
vn 0.2305 0.0427 -0.9721
vn 0.8503 0.0427 -0.5245
vn 0.9877 -0.0603 0.1441
vn 0.7747 0.0812 0.6270
vn 0.1580 0.1229 0.9798
vn 0.4921 -0.8204 -0.2912
vn 0.4997 -0.8199 -0.2793
vn 0.5821 -0.8017 -0.1356
vn 0.0454 -0.9987 -0.0219
vn 0.0019 -0.9627 -0.2706
vn 0.5390 -0.0444 0.8411
vn -0.6273 0.0766 0.7750
vn -0.9617 -0.1266 0.2433
vn -0.9450 0.1695 -0.2797
vn -0.5079 0.2529 -0.8235
vn 0.9916 0.0766 -0.1045
vn 0.4760 0.0766 0.8761
vn -0.6287 0.0364 0.7768
vn -0.9677 -0.0603 0.2448
vn -0.9557 0.0812 -0.2828
vn -0.5210 0.1229 -0.8447
vn 0.9938 0.0364 -0.1047
vn 0.4771 0.0364 0.8781
vn 0.3826 -0.0012 0.9239
vn 0.4570 -0.0443 -0.8884
vn 0.5085 0.0185 -0.8608
vn -0.2433 -0.1266 -0.9617
vn 0.2797 0.1695 -0.9450
vn 0.8235 0.2529 -0.5079
vn 0.9691 0.0899 0.2297
vn -0.2448 -0.0603 -0.9677
vn 0.2828 0.0812 -0.9557
vn 0.8447 0.1229 -0.5210
vn 0.9721 0.0427 0.2305
vn -0.9980 -0.0444 0.0450
vn -0.5602 -0.0657 -0.8257
vn -0.9552 0.2529 0.1541
vn 0.2829 0.0766 -0.9561
vn 0.7953 -0.1266 -0.5928
vn 0.9801 0.1695 -0.1033
vn 0.8074 0.0899 0.5831
vn 0.1586 0.0899 0.9832
vn 0.2836 0.0364 -0.9583
vn 0.8003 -0.0603 -0.5965
vn 0.9912 0.0812 -0.1045
vn 0.8100 0.0427 0.5849
vn 0.1591 0.0427 0.9863
vn -0.2343 -0.9622 0.1387
vt 0.423007 0.575621
vt 0.369896 0.608895
vt 0.369865 0.575688
vt 0.264786 0.842415
vt 0.264786 0.856649
vt 0.131921 0.856649
vt 0.264786 0.860511
vt 0.131921 0.871899
vt 0.131921 0.860511
vt 0.637921 0.002344
vt 0.740727 0.005191
vt 0.637921 0.005191
vt 0.755757 0.020245
vt 0.742742 0.003180
vt 0.757772 0.018234
vt 0.740727 0.057258
vt 0.637921 0.060105
vt 0.637921 0.057258
vt 0.708200 0.133672
vt 0.693964 0.076931
vt 0.708200 0.076931
vt 0.879218 0.379536
vt 0.893451 0.424615
vt 0.879218 0.424615
vt 0.862973 0.711627
vt 0.877206 0.666548
vt 0.877207 0.711627
vt 0.879218 0.497084
vt 0.893451 0.497084
vt 0.893451 0.379536
vt 0.879218 0.322795
vt 0.893451 0.322795
vt 0.862973 0.768368
vt 0.877207 0.768368
vt 0.862973 0.594079
vt 0.877207 0.594079
vt 0.150197 0.765505
vt 0.206938 0.779739
vt 0.150197 0.779739
vt 0.279407 0.765506
vt 0.279407 0.779739
vt 0.893451 0.502704
vt 0.879218 0.575173
vt 0.879217 0.502704
vt 0.893451 0.631914
vt 0.893451 0.575173
vt 0.708200 0.266795
vt 0.693964 0.210054
vt 0.708200 0.210054
vt 0.696442 0.024107
vt 0.710678 0.024107
vt 0.710678 0.038341
vt 0.755757 0.024107
vt 0.131921 0.838683
vt 0.264786 0.827295
vt 0.264786 0.838683
vt 0.622891 0.042073
vt 0.635898 0.059261
vt 0.620868 0.044076
vt 0.622891 0.020245
vt 0.635906 0.003180
vt 0.755757 0.042073
vt 0.742751 0.059261
vt 0.781750 0.178980
vt 0.264786 0.871899
vt 0.146951 0.886953
vt 0.146951 0.812110
vt 0.249757 0.812110
vt 0.606180 0.075033
vt 0.620413 0.056195
vt 0.620413 0.075033
vt 0.795984 0.056195
vt 0.781750 0.075033
vt 0.781750 0.056195
vt 0.606180 0.133672
vt 0.795984 0.075033
vt 0.781750 0.133672
vt 0.769993 0.038341
vt 0.758604 0.042073
vt 0.758604 0.020245
vt 0.769993 0.020245
vt 0.608656 0.024107
vt 0.620044 0.020245
vt 0.622891 0.038341
vt 0.620044 0.042073
vt 0.608656 0.042073
vt 0.536207 0.145459
vt 0.503028 0.092295
vt 0.536247 0.092317
vt 0.527174 0.027121
vt 0.513698 0.053077
vt 0.510845 0.053073
vt 0.464928 0.545383
vt 0.473167 0.572644
vt 0.464942 0.572658
vt 0.473153 0.545387
vt 0.481378 0.572623
vt 0.481363 0.545400
vt 0.489577 0.572607
vt 0.489563 0.545407
vt 0.497770 0.572594
vt 0.497756 0.545412
vt 0.505964 0.572584
vt 0.505950 0.545413
vt 0.514141 0.572551
vt 0.466030 0.575535
vt 0.473886 0.573809
vt 0.473937 0.575639
vt 0.481742 0.573921
vt 0.481766 0.575738
vt 0.489579 0.573950
vt 0.489583 0.575764
vt 0.497393 0.575707
vt 0.497411 0.573892
vt 0.505210 0.575584
vt 0.505253 0.573752
vt 0.513147 0.575443
vt 0.466008 0.542505
vt 0.473870 0.544221
vt 0.465915 0.544379
vt 0.473919 0.542391
vt 0.481726 0.544101
vt 0.481749 0.542284
vt 0.489564 0.544064
vt 0.497375 0.542298
vt 0.497395 0.544114
vt 0.505193 0.542414
vt 0.505237 0.544246
vt 0.513130 0.542546
vt 0.513208 0.544392
vt 0.462227 0.583329
vt 0.446728 0.575585
vt 0.488205 0.584659
vt 0.528540 0.447673
vt 0.525695 0.447672
vt 0.534418 0.446730
vt 0.022193 0.591356
vt 0.053107 0.598305
vt 0.053106 0.601152
vt 0.569274 0.002175
vt 0.567579 0.010068
vt 0.567428 0.002098
vt 0.569411 0.010112
vt 0.567714 0.017910
vt 0.569530 0.017929
vt 0.567768 0.025742
vt 0.569553 0.033556
vt 0.567735 0.033579
vt 0.569450 0.041386
vt 0.567619 0.041435
vt 0.569340 0.049296
vt 0.567466 0.049391
vt 0.569363 0.466025
vt 0.567642 0.473885
vt 0.567489 0.465930
vt 0.569473 0.473934
vt 0.567758 0.481741
vt 0.569576 0.481764
vt 0.567791 0.489578
vt 0.569553 0.497391
vt 0.567737 0.497410
vt 0.569434 0.505208
vt 0.567602 0.505252
vt 0.569297 0.513145
vt 0.567451 0.513222
vt 0.566382 0.001180
vt 0.539241 0.009357
vt 0.539269 0.001180
vt 0.566411 0.009357
vt 0.539235 0.017550
vt 0.566417 0.017550
vt 0.539226 0.025743
vt 0.566426 0.025743
vt 0.539214 0.033943
vt 0.566437 0.033943
vt 0.539197 0.042153
vt 0.566454 0.042153
vt 0.539188 0.050378
vt 0.566485 0.464941
vt 0.539220 0.473167
vt 0.539211 0.464942
vt 0.566477 0.473167
vt 0.539237 0.481377
vt 0.566460 0.481377
vt 0.539248 0.489577
vt 0.566449 0.489577
vt 0.539257 0.497770
vt 0.566440 0.497770
vt 0.539263 0.505964
vt 0.566434 0.505964
vt 0.539291 0.514141
vt 0.001163 0.545681
vt 0.009354 0.572819
vt 0.001177 0.572795
vt 0.009340 0.545649
vt 0.017547 0.572821
vt 0.017533 0.545638
vt 0.025741 0.572826
vt 0.025727 0.545625
vt 0.033941 0.572833
vt 0.033926 0.545609
vt 0.042151 0.572845
vt 0.042137 0.545588
vt 0.050376 0.572850
vt 0.002157 0.542789
vt 0.010051 0.544480
vt 0.002081 0.544635
vt 0.010094 0.542648
vt 0.017893 0.544340
vt 0.017911 0.542525
vt 0.025725 0.544283
vt 0.033538 0.542494
vt 0.033562 0.544311
vt 0.041368 0.542593
vt 0.041418 0.544423
vt 0.049277 0.542698
vt 0.049374 0.544572
vt 0.536336 0.466025
vt 0.538055 0.473885
vt 0.536224 0.473934
vt 0.537938 0.481741
vt 0.536121 0.481764
vt 0.537906 0.489578
vt 0.536091 0.489581
vt 0.536144 0.497391
vt 0.537959 0.497410
vt 0.536263 0.505208
vt 0.538095 0.505252
vt 0.536399 0.513145
vt 0.536377 0.002175
vt 0.538073 0.010068
vt 0.536241 0.010112
vt 0.537937 0.017910
vt 0.536121 0.017929
vt 0.537883 0.025742
vt 0.536068 0.025739
vt 0.536098 0.033556
vt 0.537916 0.033579
vt 0.536202 0.041385
vt 0.538032 0.041435
vt 0.536310 0.049292
vt 0.002174 0.575686
vt 0.010066 0.573987
vt 0.010111 0.575819
vt 0.017908 0.574118
vt 0.017928 0.575934
vt 0.025740 0.574168
vt 0.025739 0.575983
vt 0.033555 0.575949
vt 0.033578 0.574131
vt 0.041385 0.575841
vt 0.041434 0.574011
vt 0.049295 0.575726
vt 0.822180 0.300525
vt 0.824078 0.135458
vt 0.824078 0.300412
vt 0.843990 0.320533
vt 0.842092 0.485600
vt 0.842092 0.320646
vt 0.812916 0.320646
vt 0.811018 0.485713
vt 0.811018 0.320533
vt 0.853254 0.300412
vt 0.855152 0.135345
vt 0.855152 0.300525
vt 0.566462 0.050378
vt 0.825027 0.299356
vt 0.852305 0.136514
vt 0.852305 0.299356
vt 0.841143 0.321702
vt 0.813865 0.484544
vt 0.813865 0.321702
vt 0.050362 0.545575
vt 0.069540 0.607035
vt 0.067653 0.598308
vt 0.067653 0.586357
vt 0.620413 0.164746
vt 0.634649 0.133672
vt 0.648885 0.133672
vt 0.447700 0.598174
vt 0.446774 0.606911
vt 0.446729 0.577481
vt 0.746727 0.322455
vt 0.777801 0.470562
vt 0.777801 0.478008
vt 0.504942 0.069516
vt 0.513679 0.067636
vt 0.525643 0.067650
vt 0.092313 0.575729
vt 0.145456 0.608933
vt 0.092316 0.608936
vt 0.510908 0.462228
vt 0.503118 0.446744
vt 0.510899 0.447680
vt 0.536294 0.369868
vt 0.503103 0.423021
vt 0.503079 0.369882
vt 0.504877 0.169180
vt 0.534391 0.346141
vt 0.504969 0.346161
vt 0.169177 0.607031
vt 0.169181 0.577608
vt 0.346150 0.577618
vt 0.513744 0.447679
vt 0.525707 0.462215
vt 0.513754 0.462225
vt 0.919443 0.298603
vt 0.888368 0.150496
vt 0.888368 0.143050
vt 0.169180 0.575707
vt 0.049389 0.573854
vt 0.346148 0.575728
vt 0.536179 0.169176
vt 0.538207 0.465930
vt 0.169179 0.608931
vt 0.051199 0.640003
vt 0.264791 0.640036
vt 0.423046 0.608839
vt 0.472058 0.464153
vt 0.471942 0.264814
vt 0.471962 0.051147
vt 0.503000 0.145445
vt 0.502986 0.169176
vt 0.788371 0.473816
vt 0.778880 0.470562
vt 0.778880 0.335688
vt 0.887289 0.150496
vt 0.887289 0.285370
vt 0.877799 0.288623
vt 0.825027 0.136514
vt 0.853254 0.135458
vt 0.002096 0.573840
vt 0.841143 0.484544
vt 0.538184 0.049390
vt 0.812916 0.485600
vt 0.131921 0.842415
vt 0.740727 0.002344
vt 0.740727 0.060105
vt 0.693964 0.133672
vt 0.862973 0.666548
vt 0.206938 0.765505
vt 0.879218 0.631914
vt 0.693964 0.266795
vt 0.682206 0.024107
vt 0.667971 0.024107
vt 0.622891 0.024107
vt 0.667971 0.038341
vt 0.682206 0.038341
vt 0.696442 0.038341
vt 0.755757 0.038341
vt 0.131921 0.827295
vt 0.620876 0.018234
vt 0.757781 0.044076
vt 0.634649 0.281031
vt 0.620413 0.268694
vt 0.620413 0.210054
vt 0.620413 0.178980
vt 0.781750 0.210054
vt 0.781750 0.268694
vt 0.767515 0.281031
vt 0.767515 0.266795
vt 0.767515 0.210054
vt 0.722435 0.266795
vt 0.634649 0.266795
vt 0.679728 0.266795
vt 0.634649 0.210054
vt 0.753279 0.210054
vt 0.648885 0.210054
vt 0.249757 0.886953
vt 0.606180 0.056195
vt 0.620413 0.133672
vt 0.795984 0.133672
vt 0.769993 0.042073
vt 0.769993 0.024107
vt 0.608656 0.020245
vt 0.608656 0.038341
vt 0.503056 0.051159
vt 0.505035 0.017908
vt 0.513142 0.018989
vt 0.520693 0.022132
vt 0.532142 0.033618
vt 0.535259 0.041180
vt 0.536270 0.068595
vt 0.534375 0.068595
vt 0.528492 0.067649
vt 0.528518 0.053100
vt 0.504942 0.068567
vt 0.503043 0.068563
vt 0.510830 0.067633
vt 0.525665 0.053095
vt 0.514126 0.545437
vt 0.465930 0.573661
vt 0.513223 0.573597
vt 0.489565 0.542250
vt 0.493197 0.591136
vt 0.496344 0.598685
vt 0.497429 0.606791
vt 0.464181 0.608788
vt 0.446777 0.608811
vt 0.447705 0.601023
vt 0.462264 0.601001
vt 0.462259 0.598148
vt 0.462234 0.586181
vt 0.474142 0.576582
vt 0.481705 0.579694
vt 0.447678 0.583362
vt 0.535278 0.474123
vt 0.532160 0.481672
vt 0.527195 0.488156
vt 0.520720 0.493134
vt 0.513177 0.496267
vt 0.505081 0.497340
vt 0.503129 0.464135
vt 0.528554 0.462213
vt 0.536313 0.446730
vt 0.505017 0.445795
vt 0.534419 0.445782
vt 0.505016 0.446744
vt 0.068593 0.608934
vt 0.051201 0.608932
vt 0.017995 0.606997
vt 0.019065 0.598900
vt 0.027168 0.584878
vt 0.033650 0.579909
vt 0.041197 0.576787
vt 0.068590 0.575739
vt 0.068591 0.577633
vt 0.067652 0.583512
vt 0.053112 0.583505
vt 0.067653 0.601154
vt 0.068592 0.607036
vt 0.053111 0.586352
vt 0.569583 0.025739
vt 0.569606 0.489581
vt 0.566405 0.514141
vt 0.025721 0.542468
vt 0.538245 0.513222
vt 0.538223 0.002098
vt 0.822180 0.135345
vt 0.843990 0.485713
vt 0.069539 0.577632
vt 0.767515 0.062695
vt 0.781750 0.164746
vt 0.634649 0.062695
vt 0.767515 0.076931
vt 0.722435 0.076931
vt 0.767515 0.133672
vt 0.634649 0.076931
vt 0.753279 0.133672
vt 0.679728 0.076931
vt 0.447680 0.586211
vt 0.445824 0.606913
vt 0.445779 0.577481
vt 0.777802 0.483791
vt 0.746727 0.483791
vt 0.777801 0.322455
vt 0.777801 0.328242
vt 0.777801 0.335688
vt 0.534375 0.069545
vt 0.145453 0.575717
vt 0.536310 0.423007
vt 0.503068 0.346160
vt 0.503013 0.264792
vt 0.502999 0.250559
vt 0.504876 0.168232
vt 0.534289 0.168226
vt 0.534289 0.169175
vt 0.536292 0.346141
vt 0.534392 0.347091
vt 0.504969 0.347110
vt 0.264782 0.608951
vt 0.250548 0.608945
vt 0.168228 0.607031
vt 0.168232 0.577608
vt 0.346160 0.607031
vt 0.346166 0.608921
vt 0.347099 0.577617
vt 0.347109 0.607030
vt 0.888368 0.137266
vt 0.919443 0.137266
vt 0.888368 0.298603
vt 0.888368 0.292816
vt 0.888368 0.285370
vt 0.250542 0.640016
vt 0.464209 0.639882
vt 0.471914 0.250566
vt 0.778880 0.478008
vt 0.778880 0.474754
vt 0.788371 0.474754
vt 0.778880 0.328242
vt 0.788370 0.331496
vt 0.778880 0.331496
vt 0.778880 0.332435
vt 0.788370 0.332435
vt 0.778880 0.473816
vt 0.887289 0.143050
vt 0.887289 0.146303
vt 0.877799 0.146303
vt 0.877799 0.289562
vt 0.887289 0.289562
vt 0.887289 0.292816
vt 0.877799 0.147242
vt 0.887289 0.147242
vt 0.887289 0.288623
vt 0.406868 0.012884
vt 0.445386 0.070040
vt 0.406868 0.070040
vt 0.303739 0.012884
vt 0.334554 0.031936
vt 0.311443 0.031936
vt 0.342257 0.012884
vt 0.348470 0.012884
vt 0.348470 0.070040
vt 0.396916 0.075010
vt 0.402715 0.081223
vt 0.396916 0.081223
vt 0.402715 0.001701
vt 0.396916 0.007914
vt 0.396916 0.001701
vt 0.346411 0.075010
vt 0.352210 0.081223
vt 0.346411 0.081223
vt 0.352210 0.075010
vt 0.359238 0.081223
vt 0.359238 0.075010
vt 0.389887 0.081223
vt 0.389887 0.075010
vt 0.352210 0.001701
vt 0.346411 0.007914
vt 0.346411 0.001701
vt 0.359238 0.007914
vt 0.352210 0.007914
vt 0.389887 0.001701
vt 0.359238 0.001701
vt 0.057044 0.002177
vt 0.063257 0.007976
vt 0.057044 0.007976
vt 0.016530 0.002177
vt 0.022742 0.007976
vt 0.016530 0.007976
vt 0.016530 0.052682
vt 0.022742 0.058480
vt 0.016530 0.058480
vt 0.011560 0.010034
vt 0.016530 0.045653
vt 0.011560 0.050623
vt 0.057045 0.052682
vt 0.063257 0.058480
vt 0.057045 0.058480
vt 0.063257 0.045653
vt 0.063257 0.052682
vt 0.057045 0.015004
vt 0.057045 0.045653
vt 0.068227 0.050623
vt 0.063257 0.015004
vt 0.068227 0.010034
vt 0.016530 0.015004
vt 0.022742 0.045653
vt 0.022742 0.052682
vt 0.330826 0.050988
vt 0.315170 0.031936
vt 0.330826 0.031936
vt 0.398936 0.046310
vt 0.399413 0.041462
vt 0.400656 0.070040
vt 0.350190 0.036614
vt 0.349712 0.041462
vt 0.445386 0.012884
vt 0.311443 0.050988
vt 0.303739 0.070040
vt 0.315170 0.050989
vt 0.334554 0.050988
vt 0.397522 0.050972
vt 0.395225 0.055268
vt 0.451599 0.012884
vt 0.451599 0.070040
vt 0.400656 0.012884
vt 0.342257 0.070040
vt 0.297527 0.070040
vt 0.297527 0.012884
vt 0.402715 0.075010
vt 0.402715 0.007914
vt 0.389887 0.007914
vt 0.063257 0.002177
vt 0.022742 0.002177
vt 0.022742 0.015004
vt 0.394857 0.070040
vt 0.365053 0.064421
vt 0.369715 0.065835
vt 0.374563 0.066313
vt 0.379411 0.065835
vt 0.388369 0.020800
vt 0.394857 0.012884
vt 0.392135 0.023890
vt 0.384073 0.064421
vt 0.395225 0.027656
vt 0.397522 0.031952
vt 0.388369 0.062125
vt 0.392135 0.059034
vt 0.398936 0.036614
vt 0.354268 0.012884
vt 0.384073 0.018503
vt 0.379411 0.017089
vt 0.374563 0.016612
vt 0.369715 0.017089
vt 0.354268 0.070040
vt 0.360757 0.062125
vt 0.365053 0.018503
vt 0.356991 0.059034
vt 0.360757 0.020800
vt 0.356991 0.023890
vt 0.353900 0.055268
vt 0.351604 0.050972
vt 0.353900 0.027656
vt 0.351604 0.031952
vt 0.350190 0.046310
vt 0.045714 0.376423
vt 0.035791 0.379079
vt 0.054708 0.372973
vt 0.062362 0.375986
vt 0.061535 0.374160
vt 0.066880 0.378330
vt 0.055647 0.372080
vt 0.061352 0.374062
vt 0.048885 0.371582
vt 0.048885 0.372641
vt 0.042834 0.373125
vt 0.048678 0.371602
vt 0.042549 0.374388
vt 0.035570 0.377803
vt 0.030649 0.384904
vt 0.031343 0.385999
vt 0.028822 0.393348
vt 0.030359 0.398200
vt 0.030364 0.401849
vt 0.033641 0.405743
vt 0.035042 0.409113
vt 0.039560 0.411457
vt 0.042144 0.414033
vt 0.047215 0.414470
vt 0.048678 0.415841
vt 0.054915 0.415509
vt 0.048885 0.415861
vt 0.055440 0.414324
vt 0.062951 0.412337
vt 0.062983 0.411042
vt 0.069162 0.406332
vt 0.068696 0.405123
vt 0.072210 0.400276
vt 0.071709 0.397469
vt 0.073101 0.394094
vt 0.072270 0.400077
vt 0.071563 0.389243
vt 0.071558 0.385594
vt 0.068281 0.381700
vt 0.332193 0.310808
vt 0.329250 0.316391
vt 0.329214 0.314768
vt 0.345244 0.352329
vt 0.343275 0.352323
vt 0.341840 0.350911
vt 0.350928 0.353725
vt 0.358465 0.304620
vt 0.353547 0.302944
vt 0.360243 0.304679
vt 0.345500 0.303535
vt 0.347055 0.302665
vt 0.348784 0.303143
vt 0.342160 0.304027
vt 0.336416 0.307549
vt 0.337467 0.306068
vt 0.327122 0.321389
vt 0.325700 0.326209
vt 0.327350 0.318839
vt 0.326376 0.328309
vt 0.326787 0.333893
vt 0.329819 0.326817
vt 0.326433 0.324799
vt 0.366959 0.309571
vt 0.365410 0.309136
vt 0.364455 0.307410
vt 0.353886 0.303688
vt 0.327367 0.333170
vt 0.328996 0.338567
vt 0.331921 0.342690
vt 0.329669 0.340936
vt 0.342392 0.304681
vt 0.348913 0.352785
vt 0.332636 0.344883
vt 0.337010 0.347732
vt 0.337024 0.348686
vt 0.354273 0.352987
vt 0.356331 0.353647
vt 0.333025 0.310941
vt 0.361345 0.351638
vt 0.360056 0.352945
vt 0.365532 0.350690
vt 0.391818 0.736786
vt 0.389053 0.750766
vt 0.385669 0.736786
vt 0.361456 0.305962
vt 0.358534 0.308144
vt 0.354627 0.306781
vt 0.330606 0.332944
vt 0.350146 0.306347
vt 0.339437 0.345436
vt 0.345058 0.348348
vt 0.333017 0.338544
vt 0.346153 0.306718
vt 0.341905 0.308156
vt 0.351225 0.349636
vt 0.339245 0.305758
vt 0.335648 0.342160
vt 0.337135 0.311184
vt 0.357495 0.349224
vt 0.366614 0.349257
vt 0.361998 0.347870
vt 0.364857 0.346391
vt 0.333248 0.315584
vt 0.330735 0.320951
vt 0.419345 0.750766
vt 0.422208 0.753748
vt 0.414360 0.753748
vt 0.429763 0.736786
vt 0.425430 0.750766
vt 0.424958 0.736786
vt 0.370556 0.736786
vt 0.366295 0.750766
vt 0.364512 0.736786
vt 0.383118 0.750766
vt 0.379689 0.736786
vt 0.420696 0.736786
vt 0.415956 0.736786
vt 0.361853 0.750766
vt 0.358532 0.736786
vt 0.377032 0.750766
vt 0.375362 0.736786
vt 0.371028 0.750766
vt 0.413342 0.750766
vt 0.410014 0.736786
vt 0.355918 0.750766
vt 0.352590 0.736786
vt 0.407255 0.750766
vt 0.403907 0.736786
vt 0.346922 0.750766
vt 0.348161 0.736786
vt 0.345139 0.736786
vt 0.401142 0.750766
vt 0.397822 0.736786
vt 0.440134 0.736786
vt 0.434568 0.750766
vt 0.434193 0.736786
vt 0.395098 0.750766
vt 0.429763 0.750766
vt 0.245797 0.088001
vt 0.262064 0.095183
vt 0.254987 0.112704
vt 0.358739 0.753748
vt 0.370828 0.753748
vt 0.352460 0.753748
vt 0.407095 0.753748
vt 0.346415 0.753748
vt 0.399969 0.753748
vt 0.438830 0.750766
vt 0.441645 0.753748
vt 0.437084 0.753748
vt 0.429839 0.753748
vt 0.392219 0.753748
vt 0.386174 0.753748
vt 0.364783 0.753748
vt 0.038939 0.376401
vt 0.046483 0.373119
vt 0.042834 0.373125
vt 0.033226 0.382320
vt 0.030649 0.384904
vt 0.030691 0.387573
vt 0.028822 0.393349
vt 0.029881 0.394095
vt 0.040387 0.413283
vt 0.046276 0.415363
vt 0.040571 0.413381
vt 0.051334 0.414802
vt 0.053037 0.415861
vt 0.059089 0.414318
vt 0.053244 0.415841
vt 0.066352 0.409640
vt 0.068696 0.405123
vt 0.070523 0.404295
vt 0.072602 0.398407
vt 0.070621 0.404112
vt 0.071709 0.397468
vt 0.073101 0.391645
vt 0.073080 0.391439
vt 0.054471 0.411366
vt 0.057110 0.413992
vt 0.358465 0.304620
vt 0.360243 0.304679
vt 0.345500 0.303535
vt 0.348784 0.303143
vt 0.332193 0.310808
vt 0.328112 0.318083
vt 0.328248 0.316241
vt 0.329651 0.315021
vt 0.326618 0.321264
vt 0.325700 0.326209
vt 0.332964 0.344588
vt 0.331317 0.343572
vt 0.330839 0.341653
vt 0.337025 0.348686
vt 0.327321 0.321438
vt 0.329858 0.325137
vt 0.364047 0.307956
vt 0.364455 0.307410
vt 0.327010 0.331772
vt 0.341930 0.350713
vt 0.341599 0.351444
vt 0.328431 0.336523
vt 0.328551 0.338787
vt 0.345255 0.352290
vt 0.347525 0.353382
vt 0.354273 0.352987
vt 0.354696 0.353739
vt 0.337011 0.347732
vt 0.359843 0.352161
vt 0.364744 0.350219
vt 0.361456 0.305962
vt 0.355889 0.307159
vt 0.329998 0.329949
vt 0.330926 0.334163
vt 0.351823 0.306360
vt 0.347312 0.306562
vt 0.333017 0.338544
vt 0.341904 0.308156
vt 0.351225 0.349636
vt 0.337089 0.311223
vt 0.360585 0.348364
vt 0.333192 0.315669
vt 0.364411 0.312162
vt 0.360930 0.309439
vt 0.419345 0.750766
vt 0.421973 0.753748
vt 0.416162 0.753748
vt 0.431170 0.736786
vt 0.425501 0.750766
vt 0.426741 0.736786
vt 0.388691 0.736786
vt 0.383119 0.750766
vt 0.384429 0.736786
vt 0.421935 0.736786
vt 0.370556 0.736786
vt 0.364943 0.750766
vt 0.379689 0.736786
vt 0.415956 0.736786
vt 0.358940 0.750766
vt 0.358532 0.736786
vt 0.377144 0.750766
vt 0.371099 0.750766
vt 0.413342 0.750766
vt 0.409952 0.736786
vt 0.354206 0.750766
vt 0.354206 0.736786
vt 0.349943 0.750766
vt 0.349568 0.736786
vt 0.407255 0.750766
vt 0.403802 0.736786
vt 0.345139 0.750766
vt 0.441852 0.736786
vt 0.440612 0.750766
vt 0.437113 0.736786
vt 0.395098 0.750766
vt 0.393496 0.736786
vt 0.389053 0.750766
vt 0.241842 0.090115
vt 0.254987 0.112704
vt 0.358739 0.753748
vt 0.378447 0.753748
vt 0.370594 0.753748
vt 0.352460 0.753748
vt 0.346415 0.753748
vt 0.399970 0.753748
vt 0.429487 0.753748
vt 0.392219 0.753748
vt 0.386174 0.753748
vt 0.057846 0.410342
vt 0.063457 0.406667
vt 0.052733 0.411712
vt 0.047684 0.411412
vt 0.029881 0.391645
vt 0.040967 0.408680
vt 0.067673 0.400387
vt 0.068951 0.393722
vt 0.036987 0.405189
vt 0.034340 0.400606
vt 0.068260 0.388474
vt 0.065788 0.383529
vt 0.032971 0.393959
vt 0.060956 0.378763
vt 0.034341 0.386837
vt 0.036987 0.382254
vt 0.054238 0.376031
vt 0.040769 0.378896
vt 0.049189 0.375731
vt 0.363199 0.311109
vt 0.351183 0.750766
vt 0.441852 0.750766
vt 0.249919 0.113712
vt 0.243444 0.111892
vt 0.238776 0.107631
vt 0.236884 0.102822
vt 0.237456 0.096332
vt 0.240553 0.091104
vt 0.252502 0.087480
vt 0.258258 0.090317
vt 0.263162 0.100234
vt 0.262244 0.105320
vt 0.259283 0.109833
vt 0.378675 0.753748
vt 0.059483 0.409664
vt 0.063457 0.406667
vt 0.044812 0.413992
vt 0.047684 0.411412
vt 0.030691 0.399870
vt 0.068951 0.395493
vt 0.068605 0.390212
vt 0.065787 0.383529
vt 0.062429 0.379748
vt 0.034341 0.386837
vt 0.057846 0.377101
vt 0.050723 0.375731
vt 0.040769 0.378896
vt 0.366502 0.310081
vt 0.355810 0.349560
vt 0.250153 0.113712
vt 0.243726 0.112033
vt 0.238776 0.107631
vt 0.236884 0.102822
vt 0.237456 0.096332
vt 0.247334 0.087480
vt 0.252272 0.087434
vt 0.258007 0.090101
vt 0.263162 0.100234
vt 0.262244 0.105320
vt 0.259283 0.109833
vt 0.408899 0.753748
vt 0.060154 0.249568
vt 0.057113 0.252618
vt 0.062920 0.244236
vt 0.057162 0.255767
vt 0.054955 0.262584
vt 0.056205 0.263465
vt 0.056776 0.272616
vt 0.058268 0.272952
vt 0.060720 0.279578
vt 0.061760 0.278884
vt 0.066202 0.284505
vt 0.060876 0.279767
vt 0.067629 0.283955
vt 0.075556 0.288565
vt 0.076663 0.287511
vt 0.085751 0.288737
vt 0.086370 0.287339
vt 0.095235 0.284994
vt 0.095273 0.283466
vt 0.101294 0.279768
vt 0.100410 0.278884
vt 0.105057 0.273429
vt 0.101449 0.279578
vt 0.104239 0.272138
vt 0.107214 0.263464
vt 0.105964 0.262584
vt 0.105394 0.253432
vt 0.103902 0.253096
vt 0.099872 0.244859
vt 0.098366 0.245120
vt 0.093564 0.239937
vt 0.092870 0.240976
vt 0.086615 0.237483
vt 0.093348 0.239821
vt 0.085507 0.238537
vt 0.076420 0.237311
vt 0.075800 0.238709
vt 0.068822 0.239821
vt 0.066897 0.242582
vt 0.068606 0.239937
vt 0.010833 0.209694
vt 0.010729 0.207329
vt 0.012328 0.205560
vt 0.009384 0.213926
vt 0.017112 0.238416
vt 0.015190 0.237142
vt 0.014696 0.234837
vt 0.019783 0.241869
vt 0.039320 0.249287
vt 0.043512 0.249728
vt 0.036261 0.249597
vt 0.063996 0.204347
vt 0.060844 0.201932
vt 0.061471 0.201366
vt 0.029207 0.247645
vt 0.032858 0.247934
vt 0.043425 0.248870
vt 0.010219 0.216063
vt 0.049083 0.247639
vt 0.047643 0.249042
vt 0.009172 0.218386
vt 0.053681 0.246691
vt 0.010844 0.224503
vt 0.010086 0.225279
vt 0.056213 0.244263
vt 0.058696 0.243636
vt 0.012881 0.230928
vt 0.012055 0.231302
vt 0.061085 0.240295
vt 0.061685 0.240870
vt 0.069086 0.222847
vt 0.068713 0.218978
vt 0.069665 0.220283
vt 0.067621 0.213475
vt 0.068924 0.215005
vt 0.063908 0.237499
vt 0.066292 0.232489
vt 0.065756 0.235605
vt 0.020382 0.241204
vt 0.066850 0.209199
vt 0.068588 0.228483
vt 0.025275 0.244726
vt 0.023186 0.244583
vt 0.064531 0.206654
vt 0.373962 0.058190
vt 0.353855 0.041669
vt 0.370444 0.022467
vt 0.014496 0.214080
vt 0.043477 0.244963
vt 0.051765 0.242652
vt 0.014732 0.223946
vt 0.057223 0.238959
vt 0.018607 0.232927
vt 0.068250 0.226655
vt 0.065097 0.219689
vt 0.061453 0.234004
vt 0.026343 0.240752
vt 0.063205 0.211503
vt 0.034478 0.244463
vt 0.014611 0.201799
vt 0.017120 0.205561
vt 0.060154 0.249568
vt 0.056007 0.255289
vt 0.059604 0.248141
vt 0.054955 0.262584
vt 0.055936 0.255523
vt 0.056205 0.263465
vt 0.055936 0.270525
vt 0.057162 0.270281
vt 0.059115 0.277174
vt 0.056007 0.270759
vt 0.060643 0.277213
vt 0.091491 0.239052
vt 0.090199 0.239870
vt 0.083779 0.236919
vt 0.083535 0.238145
vt 0.076420 0.237311
vt 0.083535 0.236895
vt 0.075799 0.238709
vt 0.066935 0.241054
vt 0.066897 0.242582
vt 0.010833 0.209694
vt 0.010730 0.207329
vt 0.009384 0.213926
vt 0.012557 0.231074
vt 0.010982 0.229340
vt 0.011084 0.226984
vt 0.014114 0.235205
vt 0.020180 0.241429
vt 0.023186 0.244583
vt 0.018036 0.240517
vt 0.043512 0.249728
vt 0.036261 0.249597
vt 0.063202 0.239501
vt 0.061255 0.240458
vt 0.066414 0.234351
vt 0.061471 0.201366
vt 0.029207 0.247645
vt 0.032858 0.247934
vt 0.010334 0.214048
vt 0.010238 0.220236
vt 0.009379 0.220902
vt 0.014912 0.234701
vt 0.068588 0.228482
vt 0.025275 0.244726
vt 0.367914 0.058070
vt 0.354575 0.035149
vt 0.014157 0.216100
vt 0.043477 0.244963
vt 0.014731 0.223945
vt 0.017326 0.230976
vt 0.021454 0.236759
vt 0.017160 0.238375
vt 0.027452 0.241578
vt 0.062235 0.209811
vt 0.034478 0.244463
vt 0.058388 0.204399
vt 0.016414 0.207308
vt 0.098739 0.251228
vt 0.102317 0.265115
vt 0.101854 0.258607
vt 0.094620 0.246532
vt 0.091142 0.244208
vt 0.101501 0.269217
vt 0.084952 0.242145
vt 0.098739 0.274820
vt 0.078994 0.241792
vt 0.094620 0.279516
vt 0.074892 0.242608
vt 0.089469 0.282533
vt 0.069289 0.245370
vt 0.083176 0.284256
vt 0.078994 0.284256
vt 0.063275 0.251461
vt 0.072960 0.282640
vt 0.060261 0.258882
vt 0.067550 0.279516
vt 0.064593 0.276559
vt 0.059853 0.265115
vt 0.061576 0.271408
vt 0.013763 0.201339
vt 0.378987 0.023765
vt 0.384792 0.027794
vt 0.388492 0.033443
vt 0.389870 0.040052
vt 0.387800 0.048442
vt 0.382088 0.055251
vt 0.363692 0.056411
vt 0.356705 0.050433
vt 0.356142 0.031520
vt 0.361967 0.025138
vt 0.064266 0.227865
vt 0.059299 0.205447
vt 0.098739 0.251228
vt 0.101854 0.258607
vt 0.100701 0.271149
vt 0.097577 0.276559
vt 0.092881 0.280678
vt 0.072960 0.243408
vt 0.085502 0.283793
vt 0.067550 0.246532
vt 0.063275 0.251461
vt 0.072960 0.282640
vt 0.013763 0.201339
vt 0.387800 0.048442
vt 0.382088 0.055251
vt 0.375294 0.058133
vt 0.361701 0.055429
vt 0.356705 0.050433
vt 0.353939 0.043590
vt 0.360392 0.026499
vt 0.065594 0.463412
vt 0.070159 0.493835
vt 0.065594 0.493835
vt 0.070159 0.463412
vt 0.074725 0.493835
vt 0.015373 0.463412
vt 0.010808 0.493835
vt 0.010808 0.463412
vt 0.019939 0.493835
vt 0.015373 0.493835
vt 0.019939 0.463412
vt 0.024504 0.493835
vt 0.024504 0.463412
vt 0.029070 0.493835
vt 0.029070 0.463412
vt 0.033635 0.493835
vt 0.033635 0.463412
vt 0.038201 0.493835
vt 0.038201 0.463412
vt 0.042766 0.493835
vt 0.042766 0.463412
vt 0.047332 0.493835
vt 0.047332 0.463412
vt 0.051897 0.493835
vt 0.051897 0.463412
vt 0.056463 0.493835
vt 0.032866 0.302147
vt 0.037660 0.301003
vt 0.037432 0.302147
vt 0.056463 0.463412
vt 0.061028 0.493835
vt 0.061028 0.463412
vt 0.032570 0.288553
vt 0.042681 0.273422
vt 0.057811 0.283532
vt 0.926075 0.117346
vt 0.924929 0.122138
vt 0.924929 0.117118
vt 0.082620 0.302148
vt 0.077827 0.301003
vt 0.082847 0.301003
vt 0.926073 0.102282
vt 0.924929 0.107075
vt 0.924929 0.102055
vt 0.921444 0.127387
vt 0.922589 0.132180
vt 0.921444 0.131952
vt 0.926073 0.097261
vt 0.924929 0.097034
vt 0.921444 0.167098
vt 0.922589 0.162305
vt 0.922589 0.167325
vt 0.037887 0.302147
vt 0.042680 0.301003
vt 0.042453 0.302147
vt 0.926073 0.092241
vt 0.924929 0.092013
vt 0.002742 0.302147
vt 0.007535 0.301003
vt 0.007307 0.302147
vt 0.926073 0.087220
vt 0.924929 0.086992
vt 0.922589 0.122138
vt 0.921443 0.117346
vt 0.922589 0.117118
vt 0.926073 0.167098
vt 0.924929 0.162305
vt 0.926073 0.162532
vt 0.047701 0.301003
vt 0.052494 0.302149
vt 0.047928 0.302148
vt 0.926073 0.162077
vt 0.924929 0.157284
vt 0.926073 0.157511
vt 0.921444 0.162077
vt 0.922589 0.157284
vt 0.007763 0.302147
vt 0.012556 0.301003
vt 0.012328 0.302147
vt 0.922589 0.112096
vt 0.921443 0.116889
vt 0.921444 0.112324
vt 0.924929 0.112096
vt 0.921444 0.107303
vt 0.922589 0.107075
vt 0.082847 0.298663
vt 0.027618 0.301003
vt 0.032639 0.298663
vt 0.032639 0.301003
vt 0.012556 0.298663
vt 0.062764 0.301003
vt 0.067785 0.298663
vt 0.067785 0.301003
vt 0.042680 0.298663
vt 0.017577 0.298663
vt 0.017577 0.301003
vt 0.072806 0.301003
vt 0.077827 0.298663
vt 0.022597 0.301003
vt 0.027618 0.298663
vt 0.002514 0.301003
vt 0.007535 0.298663
vt 0.037660 0.298663
vt 0.072806 0.298663
vt 0.022597 0.298663
vt 0.922589 0.152263
vt 0.924929 0.147242
vt 0.924929 0.152263
vt 0.922589 0.086992
vt 0.922589 0.092013
vt 0.922589 0.137201
vt 0.924929 0.142221
vt 0.922589 0.142221
vt 0.922589 0.102055
vt 0.922589 0.127159
vt 0.924929 0.132180
vt 0.922589 0.097034
vt 0.922589 0.147242
vt 0.924929 0.167325
vt 0.924929 0.137201
vt 0.921444 0.087220
vt 0.921444 0.091785
vt 0.926073 0.107303
vt 0.926073 0.111868
vt 0.921444 0.136973
vt 0.926075 0.116889
vt 0.077599 0.302148
vt 0.926073 0.122366
vt 0.924929 0.127159
vt 0.027846 0.302147
vt 0.032411 0.302147
vt 0.921444 0.092241
vt 0.921444 0.096806
vt 0.926073 0.131952
vt 0.926073 0.127387
vt 0.921444 0.141994
vt 0.926073 0.136973
vt 0.926073 0.132408
vt 0.072578 0.302148
vt 0.926073 0.141994
vt 0.926073 0.137428
vt 0.022825 0.302147
vt 0.027390 0.302147
vt 0.921444 0.097261
vt 0.921444 0.101827
vt 0.926073 0.147015
vt 0.926073 0.142449
vt 0.921444 0.147015
vt 0.926073 0.152035
vt 0.926073 0.147470
vt 0.067557 0.302147
vt 0.926073 0.157056
vt 0.926073 0.152491
vt 0.017804 0.302147
vt 0.022370 0.302147
vt 0.921444 0.102282
vt 0.921444 0.106848
vt 0.921444 0.152035
vt 0.047474 0.302147
vt 0.042908 0.302147
vt 0.012783 0.302147
vt 0.017349 0.302147
vt 0.921444 0.157056
vt 0.057744 0.301003
vt 0.062537 0.302147
vt 0.057971 0.302148
vt 0.231501 0.055670
vt 0.229178 0.063650
vt 0.220949 0.058817
vt 0.224587 0.079331
vt 0.225705 0.066416
vt 0.228999 0.078157
vt 0.241849 0.048037
vt 0.228715 0.052719
vt 0.239644 0.044040
vt 0.236683 0.073311
vt 0.227668 0.048721
vt 0.236683 0.040564
vt 0.233086 0.037753
vt 0.241849 0.065838
vt 0.231155 0.059898
vt 0.228999 0.035719
vt 0.223907 0.046759
vt 0.224587 0.034544
vt 0.220538 0.046305
vt 0.220029 0.034277
vt 0.243669 0.056938
vt 0.220029 0.079598
vt 0.221404 0.067519
vt 0.052722 0.298663
vt 0.052722 0.301003
vt 0.047701 0.298663
vt 0.062764 0.298663
vt 0.052951 0.302149
vt 0.921444 0.122366
vt 0.006242 0.463412
vt 0.001677 0.493835
vt 0.001677 0.463412
vt 0.006242 0.493835
vt 0.074725 0.463412
vt 0.057811 0.288553
vt 0.055890 0.293191
vt 0.052341 0.296743
vt 0.038042 0.296741
vt 0.034492 0.293191
vt 0.032570 0.283532
vt 0.034492 0.278893
vt 0.038042 0.275343
vt 0.047701 0.273422
vt 0.052340 0.275343
vt 0.055890 0.278893
vt 0.926073 0.121911
vt 0.078054 0.302148
vt 0.926073 0.106848
vt 0.926073 0.101827
vt 0.921444 0.162532
vt 0.926073 0.096806
vt 0.926073 0.091785
vt 0.921444 0.121911
vt 0.243209 0.052395
vt 0.921444 0.157511
vt 0.921444 0.111868
vt 0.002514 0.298663
vt 0.921444 0.132408
vt 0.926073 0.112324
vt 0.073033 0.302148
vt 0.926073 0.126932
vt 0.921444 0.137428
vt 0.068013 0.302147
vt 0.921444 0.142449
vt 0.062992 0.302147
vt 0.921444 0.147470
vt 0.921444 0.152491
vt 0.221519 0.054732
vt 0.224809 0.052246
vt 0.223614 0.062204
vt 0.233086 0.076123
vt 0.239644 0.069836
vt 0.243209 0.061480
vt 0.057744 0.298663
vt 0.057516 0.302148
vt 0.921444 0.126932
vt 0.231542 0.057802
vt 0.231414 0.054806
vt 0.227668 0.065155
vt 0.220949 0.058817
vt 0.224746 0.066894
vt 0.228715 0.052719
vt 0.227668 0.048721
vt 0.230357 0.061874
vt 0.223907 0.046759
vt 0.221404 0.067519
vt 0.231013 0.054886
vt 0.221519 0.054732
vt 0.224810 0.052246
vt 0.222670 0.061696
vt 0.231542 0.057801
vt 0.231095 0.053784
vt 0.227668 0.065155
vt 0.220949 0.058817
vt 0.229741 0.050886
vt 0.227668 0.048721
vt 0.230357 0.061874
vt 0.223907 0.046759
vt 0.221405 0.067519
vt 0.224809 0.052246
vt 0.227772 0.052212
vt 0.221519 0.054732
vt 0.231095 0.053784
vt 0.220949 0.058817
vt 0.227668 0.048721
vt 0.230357 0.061874
vt 0.223907 0.046759
vt 0.221405 0.067519
vt 0.224809 0.052246
vt 0.221519 0.054732
vt 0.234396 0.705428
vt 0.024999 0.702924
vt 0.256108 0.702924
vt 0.512058 0.771989
vt 0.513328 0.584304
vt 0.513311 0.771989
vt 0.236901 0.673363
vt 0.256108 0.679626
vt 0.044206 0.673363
vt 0.150160 0.740196
vt 0.130953 0.763495
vt 0.130953 0.740196
vt 0.510065 0.771989
vt 0.479805 0.668977
vt 0.512076 0.584304
vt 0.512076 0.583052
vt 0.510082 0.584304
vt 0.510082 0.583051
vt 0.259866 0.709187
vt 0.279407 0.702924
vt 0.024999 0.679626
vt 0.005458 0.709186
vt 0.001701 0.702923
vt 0.038830 0.759737
vt 0.038830 0.740196
vt 0.242278 0.743954
vt 0.242278 0.759737
vt 0.149725 0.737691
vt 0.131387 0.737691
vt 0.510065 0.773241
vt 0.512058 0.773241
vt 0.478624 0.687737
vt 0.508885 0.772410
vt 0.508903 0.583882
vt 0.478626 0.668555
vt 0.478553 0.668977
vt 0.479804 0.687315
vt 0.478551 0.687315
vt 0.261485 0.743954
vt 0.261485 0.759737
vt 0.038830 0.743954
vt 0.019623 0.759737
vt 0.019623 0.743954
vt 0.046711 0.705428
vt 0.256108 0.709187
vt 0.001700 0.709186
vt 0.046711 0.707422
vt 0.044206 0.709187
vt 0.024999 0.709187
vt 0.236901 0.709187
vt 0.234396 0.707422
vt 0.130952 0.642354
vt 0.150159 0.642354
vt 0.256108 0.673363
vt 0.024999 0.673362
vt 0.150160 0.763495
vt 0.279407 0.709187
vt 0.275649 0.709187
vt 0.021241 0.709187
vt 0.038830 0.763495
vt 0.242278 0.763495
vt 0.242278 0.740196
vt 0.264728 0.016106
vt 0.251107 0.039347
vt 0.244473 0.026906
vt 0.271362 0.028547
vt 0.257741 0.051789
vt 0.277996 0.040989
vt 0.264375 0.064230
vt 0.284630 0.053430
vt 0.271009 0.076672
vt 0.291264 0.065872
vt 0.277642 0.089114
vt 0.297898 0.078313
vt 0.285064 0.103033
vt 0.345911 0.168360
vt 0.319022 0.166719
vt 0.339277 0.155919
vt 0.332643 0.143477
vt 0.312388 0.154277
vt 0.326009 0.131036
vt 0.305754 0.141836
vt 0.319375 0.118594
vt 0.299120 0.129394
vt 0.312742 0.106152
vt 0.292486 0.116953
vt 0.305320 0.092233
vt 0.404025 0.326139
vt 0.421726 0.310548
vt 0.427834 0.322003
vt 0.397766 0.314399
vt 0.415467 0.298809
vt 0.392152 0.303872
vt 0.411254 0.290909
vt 0.395250 0.260894
vt 0.377459 0.276315
vt 0.372520 0.267054
vt 0.401049 0.271770
vt 0.383688 0.287998
vt 0.407042 0.283008
vt 0.388347 0.296736
vt 0.279650 0.296110
vt 0.306565 0.158735
vt 0.349444 0.251708
vt 0.398203 0.232898
vt 0.425117 0.095523
vt 0.467997 0.188496
vt 0.358369 0.190588
vt 0.344156 0.222709
vt 0.336411 0.200227
vt 0.376470 0.225672
vt 0.361886 0.247109
vt 0.347996 0.221059
vt 0.385373 0.242369
vt 0.444348 0.401762
vt 0.454257 0.371559
vt 0.465464 0.392577
vt 0.425783 0.366945
vt 0.440367 0.345508
vt 0.416880 0.350248
vt 0.256787 0.001212
vt 0.236532 0.012012
vt 0.357905 0.190855
vt 0.325656 0.179160
vt 0.409003 0.335475
vt 0.341848 0.296206
vt 0.335177 0.303487
vt 0.328236 0.307564
vt 0.265317 0.283776
vt 0.249518 0.267071
vt 0.239817 0.253801
vt 0.227359 0.231573
vt 0.222405 0.218372
vt 0.221038 0.204339
vt 0.223349 0.190430
vt 0.229181 0.177593
vt 0.238136 0.166703
vt 0.251095 0.157707
vt 0.265785 0.151960
vt 0.279819 0.150592
vt 0.293728 0.152903
vt 0.317455 0.167691
vt 0.349831 0.274271
vt 0.347970 0.284550
vt 0.316677 0.310180
vt 0.303493 0.309097
vt 0.293730 0.305155
vt 0.383869 0.220564
vt 0.368071 0.203859
vt 0.340958 0.155159
vt 0.339590 0.141126
vt 0.341901 0.127217
vt 0.347733 0.114380
vt 0.356689 0.103490
vt 0.369648 0.094495
vt 0.384338 0.088747
vt 0.398371 0.087380
vt 0.412280 0.089691
vt 0.436007 0.104479
vt 0.444208 0.115948
vt 0.467843 0.215052
vt 0.463958 0.227313
vt 0.456108 0.237961
vt 0.449060 0.243430
vt 0.440592 0.246234
vt 0.427942 0.246871
vt 0.416114 0.243777
vt 0.454964 0.137014
vt 0.462709 0.159496
vt 0.365645 0.205371
vt 0.436608 0.387247
vt 0.421726 0.310548
vt 0.463958 0.227313
vt 0.416114 0.243777
vt 0.404025 0.326139
vt 0.397766 0.314399
vt 0.415467 0.298809
vt 0.392152 0.303872
vt 0.395250 0.260894
vt 0.377459 0.276315
vt 0.372520 0.267054
vt 0.401049 0.271770
vt 0.383688 0.287998
vt 0.407042 0.283008
vt 0.349444 0.251708
vt 0.467997 0.188496
vt 0.358369 0.190588
vt 0.344156 0.222709
vt 0.336411 0.200227
vt 0.376470 0.225672
vt 0.361886 0.247109
vt 0.347996 0.221059
vt 0.444348 0.401762
vt 0.454257 0.371559
vt 0.465464 0.392577
vt 0.425783 0.366945
vt 0.440367 0.345508
vt 0.357905 0.190855
vt 0.409003 0.335474
vt 0.341848 0.296206
vt 0.328237 0.307564
vt 0.265317 0.283777
vt 0.239817 0.253801
vt 0.349831 0.274271
vt 0.347970 0.284550
vt 0.316677 0.310180
vt 0.303493 0.309097
vt 0.293731 0.305155
vt 0.383869 0.220564
vt 0.467843 0.215052
vt 0.463958 0.227313
vt 0.440592 0.246234
vt 0.427942 0.246871
vt 0.416114 0.243777
vt 0.462708 0.159496
vt 0.059143 0.131420
vt 0.079253 0.108581
vt 0.079252 0.131421
vt 0.022500 0.131419
vt 0.017534 0.132909
vt 0.002391 0.131419
vt 0.017659 0.107089
vt 0.022500 0.108579
vt 0.002391 0.107089
vt 0.070316 0.074469
vt 0.073296 0.058159
vt 0.079253 0.107091
vt 0.079255 0.010269
vt 0.103982 0.013249
vt 0.079255 0.013248
vt 0.008351 0.058157
vt 0.009840 0.066312
vt 0.103979 0.132911
vt 0.079249 0.226753
vt 0.079252 0.132910
vt 0.103979 0.107092
vt 0.028460 0.061099
vt 0.053186 0.069255
vt 0.028460 0.069255
vt 0.028458 0.207835
vt 0.053185 0.209324
vt 0.028458 0.209324
vt 0.028458 0.198190
vt 0.053185 0.199679
vt 0.028458 0.199679
vt 0.028458 0.188545
vt 0.053185 0.190034
vt 0.028458 0.190034
vt 0.028458 0.178900
vt 0.053185 0.180390
vt 0.028458 0.180390
vt 0.028458 0.169255
vt 0.053185 0.170745
vt 0.028458 0.170745
vt 0.028458 0.159610
vt 0.053185 0.161100
vt 0.028458 0.161100
vt 0.028458 0.149965
vt 0.053185 0.151455
vt 0.028458 0.151455
vt 0.028458 0.140320
vt 0.053185 0.141810
vt 0.028458 0.141810
vt 0.028458 0.131917
vt 0.053185 0.140320
vt 0.103975 0.229733
vt 0.079249 0.229732
vt 0.028458 0.237924
vt 0.053185 0.237924
vt 0.053185 0.207835
vt 0.053185 0.198190
vt 0.053185 0.188545
vt 0.053185 0.178900
vt 0.053185 0.169255
vt 0.053185 0.159610
vt 0.053185 0.149965
vt 0.002391 0.132908
vt 0.011327 0.165530
vt 0.008348 0.181841
vt 0.071803 0.173687
vt 0.070314 0.165531
vt 0.053187 0.030676
vt 0.028461 0.032165
vt 0.028461 0.030675
vt 0.053187 0.041810
vt 0.028460 0.049965
vt 0.028460 0.041810
vt 0.053187 0.040321
vt 0.028460 0.040320
vt 0.053187 0.049965
vt 0.028460 0.051454
vt 0.053187 0.059610
vt 0.028460 0.059610
vt 0.028459 0.090034
vt 0.053186 0.098190
vt 0.028459 0.098190
vt 0.028460 0.070744
vt 0.028459 0.088545
vt 0.053186 0.080390
vt 0.053186 0.088545
vt 0.053186 0.078900
vt 0.028459 0.080389
vt 0.028459 0.078900
vt 0.053186 0.070745
vt 0.053187 0.051455
vt 0.028459 0.099679
vt 0.028459 0.108207
vt 0.053186 0.099680
vt 0.053185 0.108207
vt 0.053188 0.002076
vt 0.057654 0.131420
vt 0.053185 0.131668
vt 0.057654 0.108580
vt 0.059144 0.108580
vt 0.023990 0.108579
vt 0.002391 0.108579
vt 0.063860 0.132910
vt 0.059143 0.132910
vt 0.022500 0.107090
vt 0.012819 0.082623
vt 0.012817 0.157375
vt 0.073292 0.181842
vt 0.028461 0.002075
vt 0.023989 0.131420
vt 0.022500 0.132909
vt 0.063984 0.107091
vt 0.064357 0.098935
vt 0.065847 0.098936
vt 0.065847 0.090780
vt 0.067337 0.090780
vt 0.076276 0.013248
vt 0.074785 0.050003
vt 0.074786 0.041848
vt 0.076275 0.041848
vt 0.067337 0.082625
vt 0.068826 0.082625
vt 0.068827 0.074469
vt 0.070316 0.066314
vt 0.071806 0.066314
vt 0.071806 0.058159
vt 0.073296 0.050003
vt 0.103982 0.010270
vt 0.011329 0.074468
vt 0.012819 0.074468
vt 0.014308 0.082623
vt 0.014308 0.090779
vt 0.015798 0.090779
vt 0.015798 0.098934
vt 0.017287 0.098934
vt 0.002393 0.013247
vt 0.005373 0.013247
vt 0.005372 0.041846
vt 0.006861 0.041846
vt 0.006861 0.050002
vt 0.011330 0.066312
vt 0.008351 0.050002
vt 0.009840 0.058157
vt 0.103975 0.226754
vt 0.053187 0.061100
vt 0.017286 0.141064
vt 0.015797 0.141064
vt 0.015796 0.149220
vt 0.014307 0.149220
vt 0.005368 0.226752
vt 0.002388 0.226751
vt 0.006858 0.189996
vt 0.006858 0.198152
vt 0.005368 0.198152
vt 0.014307 0.157375
vt 0.012817 0.165530
vt 0.011327 0.173686
vt 0.009838 0.173686
vt 0.009837 0.181841
vt 0.008348 0.189996
vt 0.076270 0.226753
vt 0.076271 0.198153
vt 0.074781 0.198153
vt 0.074781 0.189998
vt 0.064356 0.141065
vt 0.067335 0.149221
vt 0.065845 0.149221
vt 0.065846 0.141065
vt 0.073292 0.189998
vt 0.071803 0.181842
vt 0.070313 0.173687
vt 0.068824 0.165531
vt 0.068824 0.157376
vt 0.067335 0.157376
vt 0.053187 0.032165
vt 0.053186 0.090035
vt 0.059144 0.107091
vt 0.277246 0.520125
vt 0.282459 0.517044
vt 0.278693 0.521971
vt 0.281012 0.515199
vt 0.285461 0.513116
vt 0.283658 0.511737
vt 0.288107 0.509655
vt 0.286660 0.507809
vt 0.291110 0.505727
vt 0.289306 0.504348
vt 0.293756 0.502265
vt 0.292309 0.500419
vt 0.296759 0.498337
vt 0.294955 0.496958
vt 0.299405 0.494876
vt 0.268594 0.531443
vt 0.272281 0.530359
vt 0.270398 0.532822
vt 0.270477 0.528980
vt 0.274927 0.526897
vt 0.273957 0.500716
vt 0.284211 0.506913
vt 0.273480 0.525052
vt 0.294213 0.511948
vt 0.297082 0.523580
vt 0.288992 0.526688
vt 0.246388 0.290300
vt 0.239171 0.291849
vt 0.242937 0.286922
vt 0.242622 0.295227
vt 0.236169 0.295777
vt 0.239977 0.298688
vt 0.233523 0.299239
vt 0.236974 0.302616
vt 0.230520 0.303167
vt 0.234328 0.306078
vt 0.227874 0.306628
vt 0.231325 0.310006
vt 0.224871 0.310556
vt 0.228679 0.313467
vt 0.222225 0.314018
vt 0.255040 0.278982
vt 0.249349 0.278535
vt 0.251232 0.276072
vt 0.253157 0.281446
vt 0.246703 0.281996
vt 0.249678 0.309709
vt 0.239424 0.303512
vt 0.250154 0.285374
vt 0.227417 0.296946
vt 0.224548 0.285313
vt 0.232638 0.282205
vt 0.766968 0.503987
vt 0.762866 0.505274
vt 0.761289 0.501466
vt 0.834971 0.496065
vt 0.766996 0.498765
vt 0.767122 0.496121
vt 0.834971 0.493459
vt 0.766968 0.493561
vt 0.834971 0.498672
vt 0.767122 0.501334
vt 0.834971 0.501278
vt 0.834971 0.503885
vt 0.767122 0.506547
vt 0.834971 0.506491
vt 0.766996 0.509191
vt 0.834971 0.509098
vt 0.767122 0.511648
vt 0.834971 0.490852
vt 0.767122 0.490908
vt 0.933293 0.039621
vt 0.933651 0.030079
vt 0.939193 0.033746
vt 0.935708 0.049042
vt 0.937008 0.041933
vt 0.938471 0.045685
vt 0.931578 0.052753
vt 0.938317 0.050701
vt 0.935685 0.053627
vt 0.926300 0.051031
vt 0.929281 0.041889
vt 0.934560 0.043609
vt 0.929330 0.038834
vt 0.922469 0.044314
vt 0.924973 0.041180
vt 0.925151 0.045599
vt 0.924043 0.052874
vt 0.922359 0.048769
vt 0.931805 0.055711
vt 0.927825 0.055101
vt 0.297958 0.493030
vt 0.269930 0.512399
vt 0.268594 0.507731
vt 0.270154 0.503736
vt 0.278244 0.500629
vt 0.282489 0.502986
vt 0.274805 0.515843
vt 0.297306 0.514918
vt 0.298642 0.519586
vt 0.284117 0.523244
vt 0.293280 0.526601
vt 0.225676 0.317395
vt 0.253704 0.298026
vt 0.255040 0.302694
vt 0.253480 0.306689
vt 0.245391 0.309796
vt 0.241145 0.307440
vt 0.248829 0.294582
vt 0.224324 0.293976
vt 0.222988 0.289307
vt 0.237513 0.285649
vt 0.228350 0.282293
vt 0.762866 0.499889
vt 0.761289 0.503697
vt 0.834971 0.511704
vt 0.922426 0.051474
vt 0.925295 0.054733
vt 0.937724 0.038443
vt 0.929994 0.035795
vt 0.929962 0.033328
vt 0.931375 0.031479
vt 0.936137 0.030439
vt 0.938309 0.031650
vt 0.939278 0.036470
vt 0.288107 0.509655
vt 0.299405 0.494876
vt 0.274927 0.526897
vt 0.242622 0.295227
vt 0.233523 0.299239
vt 0.236974 0.302616
vt 0.231325 0.310006
vt 0.222225 0.314018
vt 0.250154 0.285374
vt 0.224548 0.285313
vt 0.766968 0.503987
vt 0.767122 0.496121
vt 0.766968 0.493561
vt 0.933293 0.039621
vt 0.939193 0.033746
vt 0.937008 0.041933
vt 0.938471 0.045685
vt 0.931579 0.052752
vt 0.938318 0.050701
vt 0.926299 0.051031
vt 0.929330 0.038834
vt 0.922469 0.044314
vt 0.924973 0.041181
vt 0.925151 0.045599
vt 0.924043 0.052873
vt 0.922359 0.048769
vt 0.931805 0.055711
vt 0.927825 0.055101
vt 0.297958 0.493030
vt 0.278244 0.500629
vt 0.284117 0.523244
vt 0.225676 0.317395
vt 0.253704 0.298026
vt 0.245391 0.309796
vt 0.248829 0.294582
vt 0.937724 0.038443
vt 0.929994 0.035795
vt 0.931375 0.031479
vt 0.936137 0.030439
vt 0.276126 0.521590
vt 0.280576 0.519508
vt 0.277930 0.522969
vt 0.279129 0.517662
vt 0.284341 0.514581
vt 0.284778 0.510272
vt 0.287344 0.510653
vt 0.289990 0.507192
vt 0.288543 0.505346
vt 0.293756 0.502265
vt 0.292309 0.500419
vt 0.297522 0.497339
vt 0.297958 0.493030
vt 0.300525 0.493411
vt 0.274927 0.526897
vt 0.271161 0.531824
vt 0.283119 0.504073
vt 0.273480 0.525052
vt 0.292431 0.511474
vt 0.298319 0.520800
vt 0.288992 0.526688
vt 0.247508 0.288835
vt 0.241054 0.289386
vt 0.243700 0.285924
vt 0.244505 0.292764
vt 0.237289 0.294312
vt 0.238857 0.300153
vt 0.234286 0.298240
vt 0.231640 0.301702
vt 0.235091 0.305079
vt 0.227874 0.306628
vt 0.231325 0.310006
vt 0.224108 0.311554
vt 0.225676 0.317396
vt 0.221105 0.315483
vt 0.246703 0.281996
vt 0.250469 0.277070
vt 0.240515 0.306353
vt 0.250154 0.285374
vt 0.229199 0.297420
vt 0.223311 0.288093
vt 0.232638 0.282205
vt 0.766996 0.498765
vt 0.766968 0.493561
vt 0.767122 0.501334
vt 0.766996 0.509191
vt 0.767122 0.511648
vt 0.767122 0.490908
vt 0.933292 0.039621
vt 0.939193 0.033746
vt 0.935708 0.049042
vt 0.937008 0.041933
vt 0.938471 0.045685
vt 0.938317 0.050701
vt 0.935685 0.053627
vt 0.926300 0.051031
vt 0.929282 0.041889
vt 0.922469 0.044314
vt 0.924973 0.041181
vt 0.924043 0.052873
vt 0.922359 0.048769
vt 0.931806 0.055711
vt 0.927825 0.055101
vt 0.281775 0.514201
vt 0.269930 0.512399
vt 0.270154 0.503737
vt 0.273023 0.515369
vt 0.278244 0.500629
vt 0.284747 0.524331
vt 0.283025 0.520404
vt 0.288144 0.511561
vt 0.297306 0.514918
vt 0.294875 0.525675
vt 0.241859 0.296225
vt 0.253704 0.298026
vt 0.253480 0.306689
vt 0.250611 0.295056
vt 0.245391 0.309796
vt 0.236883 0.284562
vt 0.238604 0.288490
vt 0.233486 0.297332
vt 0.224324 0.293976
vt 0.226755 0.283218
vt 0.937724 0.038443
vt 0.929994 0.035795
vt 0.931375 0.031479
vt 0.936137 0.030439
vt 0.275363 0.522588
vt 0.284341 0.514581
vt 0.284778 0.510272
vt 0.293756 0.502265
vt 0.292309 0.500419
vt 0.271597 0.527515
vt 0.274927 0.526897
vt 0.271161 0.531824
vt 0.248271 0.287837
vt 0.241054 0.289386
vt 0.237289 0.294312
vt 0.238857 0.300153
vt 0.227874 0.306628
vt 0.231325 0.310006
vt 0.224108 0.311554
vt 0.252037 0.282911
vt 0.246703 0.281996
vt 0.250469 0.277070
vt 0.240515 0.306353
vt 0.232638 0.282205
vt 0.766996 0.498765
vt 0.939193 0.033746
vt 0.937008 0.041933
vt 0.938471 0.045685
vt 0.938318 0.050701
vt 0.935685 0.053627
vt 0.926299 0.051031
vt 0.929282 0.041889
vt 0.929330 0.038834
vt 0.922469 0.044314
vt 0.924973 0.041181
vt 0.925151 0.045599
vt 0.924043 0.052873
vt 0.922359 0.048769
vt 0.931806 0.055711
vt 0.927825 0.055101
vt 0.272025 0.514606
vt 0.268838 0.509559
vt 0.294875 0.525675
vt 0.251609 0.295819
vt 0.254796 0.300866
vt 0.226755 0.283218
vt 0.937724 0.038443
vt 0.929994 0.035795
vt 0.931375 0.031479
vt 0.936137 0.030439
vt 0.461465 0.494491
vt 0.463959 0.494861
vt 0.461040 0.498679
vt 0.466531 0.491497
vt 0.465124 0.489703
vt 0.469449 0.487679
vt 0.467696 0.486339
vt 0.472021 0.484315
vt 0.470614 0.482522
vt 0.475680 0.479528
vt 0.474274 0.477734
vt 0.479340 0.474740
vt 0.477933 0.472946
vt 0.482258 0.470922
vt 0.480505 0.469582
vt 0.484088 0.468528
vt 0.454145 0.504067
vt 0.458469 0.502043
vt 0.455551 0.505861
vt 0.459478 0.475467
vt 0.457804 0.499279
vt 0.478924 0.487286
vt 0.481484 0.496879
vt 0.470178 0.499667
vt 0.482177 0.014933
vt 0.477736 0.013074
vt 0.480654 0.009256
vt 0.475164 0.016438
vt 0.478518 0.019721
vt 0.472246 0.020256
vt 0.475947 0.023085
vt 0.469674 0.023620
vt 0.473029 0.026903
vt 0.466014 0.028408
vt 0.469369 0.031690
vt 0.462354 0.033195
vt 0.465709 0.036478
vt 0.459437 0.037013
vt 0.463137 0.039842
vt 0.457607 0.039407
vt 0.489498 0.005358
vt 0.483225 0.005893
vt 0.486143 0.002075
vt 0.484165 0.033958
vt 0.485838 0.010145
vt 0.462771 0.020650
vt 0.460211 0.011056
vt 0.471516 0.008269
vt 0.614276 0.278922
vt 0.613025 0.274935
vt 0.616725 0.273403
vt 0.621974 0.328140
vt 0.619350 0.278950
vt 0.621919 0.279073
vt 0.624507 0.328140
vt 0.624408 0.278922
vt 0.619441 0.328140
vt 0.616853 0.279073
vt 0.616908 0.328140
vt 0.614375 0.328140
vt 0.611787 0.279073
vt 0.611842 0.328140
vt 0.609218 0.278950
vt 0.609309 0.328140
vt 0.606830 0.279073
vt 0.627040 0.328140
vt 0.626985 0.279073
vt 0.932959 0.178598
vt 0.933308 0.169325
vt 0.938694 0.172890
vt 0.935307 0.187754
vt 0.936571 0.180845
vt 0.937992 0.184493
vt 0.931293 0.191361
vt 0.937843 0.189366
vt 0.935284 0.192210
vt 0.926163 0.189688
vt 0.929061 0.180802
vt 0.934191 0.182475
vt 0.929109 0.177833
vt 0.922440 0.183159
vt 0.924874 0.180114
vt 0.925047 0.184409
vt 0.923970 0.191478
vt 0.922333 0.187489
vt 0.931514 0.194236
vt 0.927645 0.193643
vt 0.482335 0.467188
vt 0.453371 0.481266
vt 0.455661 0.477140
vt 0.459093 0.490329
vt 0.454354 0.486983
vt 0.465136 0.476745
vt 0.478597 0.499885
vt 0.474060 0.501183
vt 0.467243 0.495972
vt 0.482021 0.492191
vt 0.461307 0.042236
vt 0.490272 0.028159
vt 0.487982 0.032284
vt 0.484550 0.019095
vt 0.489288 0.022441
vt 0.478506 0.032678
vt 0.463098 0.008050
vt 0.467634 0.006752
vt 0.474452 0.011963
vt 0.459674 0.015744
vt 0.618258 0.274935
vt 0.614558 0.273403
vt 0.606775 0.328140
vt 0.922398 0.190118
vt 0.925186 0.193286
vt 0.937266 0.177454
vt 0.929754 0.174880
vt 0.929722 0.172483
vt 0.931095 0.170685
vt 0.935724 0.169675
vt 0.937835 0.170852
vt 0.938776 0.175536
vt 0.461465 0.494491
vt 0.461040 0.498679
vt 0.466531 0.491497
vt 0.465124 0.489703
vt 0.472021 0.484315
vt 0.470614 0.482522
vt 0.474939 0.480498
vt 0.473186 0.479158
vt 0.477510 0.477134
vt 0.476104 0.475340
vt 0.480428 0.473316
vt 0.478675 0.471976
vt 0.483000 0.469952
vt 0.453057 0.505491
vt 0.457380 0.503467
vt 0.454810 0.506831
vt 0.458268 0.475628
vt 0.455974 0.501673
vt 0.477954 0.486544
vt 0.480742 0.497849
vt 0.470178 0.499668
vt 0.482177 0.014933
vt 0.480654 0.009256
vt 0.475164 0.016438
vt 0.478518 0.019721
vt 0.469674 0.023620
vt 0.473029 0.026903
vt 0.466756 0.027438
vt 0.470457 0.030266
vt 0.464184 0.030801
vt 0.467539 0.034084
vt 0.461266 0.034619
vt 0.464967 0.037448
vt 0.458696 0.037983
vt 0.490586 0.003934
vt 0.484313 0.004469
vt 0.486885 0.001105
vt 0.485375 0.033796
vt 0.487668 0.007751
vt 0.463741 0.021392
vt 0.460953 0.010086
vt 0.471516 0.008268
vt 0.614276 0.278922
vt 0.619350 0.278950
vt 0.624408 0.278922
vt 0.611787 0.279073
vt 0.609218 0.278950
vt 0.606830 0.279073
vt 0.626985 0.279073
vt 0.938694 0.172889
vt 0.936571 0.180845
vt 0.937991 0.184492
vt 0.931293 0.191361
vt 0.937843 0.189366
vt 0.935284 0.192211
vt 0.929061 0.180802
vt 0.922440 0.183159
vt 0.924875 0.180114
vt 0.922333 0.187489
vt 0.927646 0.193643
vt 0.481593 0.468158
vt 0.459093 0.490329
vt 0.454967 0.488039
vt 0.453294 0.484222
vt 0.462434 0.475544
vt 0.466560 0.477834
vt 0.454573 0.478564
vt 0.458546 0.498309
vt 0.480960 0.489430
vt 0.482258 0.493967
vt 0.475837 0.500946
vt 0.462049 0.041266
vt 0.484550 0.019095
vt 0.488676 0.021385
vt 0.490349 0.025203
vt 0.481208 0.033881
vt 0.477082 0.031590
vt 0.489070 0.030860
vt 0.485096 0.011115
vt 0.460734 0.018505
vt 0.459437 0.013968
vt 0.465858 0.006989
vt 0.937265 0.177454
vt 0.929754 0.174880
vt 0.931095 0.170685
vt 0.935724 0.169675
vt 0.461040 0.498679
vt 0.466531 0.491497
vt 0.472021 0.484315
vt 0.476104 0.475340
vt 0.483000 0.469952
vt 0.457380 0.503467
vt 0.455974 0.501673
vt 0.480743 0.497849
vt 0.470178 0.499668
vt 0.482177 0.014933
vt 0.480654 0.009256
vt 0.475164 0.016438
vt 0.478518 0.019721
vt 0.469674 0.023620
vt 0.473029 0.026903
vt 0.467538 0.034084
vt 0.458696 0.037983
vt 0.484314 0.004469
vt 0.487668 0.007751
vt 0.460952 0.010086
vt 0.471516 0.008268
vt 0.616853 0.279073
vt 0.932959 0.178598
vt 0.938694 0.172889
vt 0.935308 0.187754
vt 0.931293 0.191361
vt 0.937843 0.189366
vt 0.935284 0.192211
vt 0.926163 0.189687
vt 0.934191 0.182475
vt 0.929109 0.177833
vt 0.922440 0.183159
vt 0.924875 0.180114
vt 0.925047 0.184409
vt 0.923970 0.191478
vt 0.922333 0.187489
vt 0.931514 0.194236
vt 0.927645 0.193643
vt 0.481593 0.468158
vt 0.459093 0.490329
vt 0.454573 0.478564
vt 0.462049 0.041266
vt 0.484550 0.019095
vt 0.490349 0.025203
vt 0.481208 0.033881
vt 0.489070 0.030860
vt 0.465858 0.006989
vt 0.929754 0.174880
vt 0.931095 0.170685
vt 0.935724 0.169675
vt 0.466531 0.491497
vt 0.472021 0.484315
vt 0.470614 0.482522
vt 0.475680 0.479528
vt 0.476104 0.475340
vt 0.478598 0.475710
vt 0.481170 0.472346
vt 0.479764 0.470552
vt 0.456717 0.476527
vt 0.478924 0.487285
vt 0.481944 0.495147
vt 0.470178 0.499668
vt 0.482177 0.014933
vt 0.480654 0.009256
vt 0.475164 0.016438
vt 0.478518 0.019721
vt 0.469674 0.023620
vt 0.473029 0.026903
vt 0.466015 0.028408
vt 0.467538 0.034084
vt 0.463096 0.032225
vt 0.460525 0.035589
vt 0.463878 0.038872
vt 0.486926 0.032897
vt 0.487668 0.007751
vt 0.462771 0.020651
vt 0.459751 0.012788
vt 0.471516 0.008268
vt 0.614276 0.278922
vt 0.932959 0.178598
vt 0.938694 0.172889
vt 0.936571 0.180845
vt 0.937991 0.184492
vt 0.931293 0.191361
vt 0.937843 0.189366
vt 0.935284 0.192211
vt 0.929109 0.177833
vt 0.922440 0.183159
vt 0.922333 0.187489
vt 0.931514 0.194236
vt 0.927645 0.193643
vt 0.459093 0.490329
vt 0.462434 0.475544
vt 0.453831 0.479534
vt 0.479654 0.499273
vt 0.481859 0.490980
vt 0.484550 0.019095
vt 0.490349 0.025203
vt 0.481208 0.033881
vt 0.489811 0.029890
vt 0.462041 0.008662
vt 0.459835 0.016955
vt 0.937265 0.177454
vt 0.931095 0.170685
vt 0.339973 0.726883
vt 0.306870 0.650459
vt 0.339947 0.644959
vt 0.300415 0.668877
vt 0.257997 0.667258
vt 0.299012 0.660438
vt 0.282166 0.460069
vt 0.321867 0.475093
vt 0.280813 0.468516
vt 0.346939 0.405923
vt 0.328489 0.476153
vt 0.335590 0.423349
vt 0.342629 0.644958
vt 0.342655 0.726882
vt 0.362840 0.490586
vt 0.365062 0.408648
vt 0.365522 0.490571
vt 0.423865 0.659301
vt 0.409410 0.730155
vt 0.422616 0.650422
vt 0.320771 0.774944
vt 0.306674 0.735139
vt 0.313951 0.733929
vt 0.442241 0.410403
vt 0.451775 0.465923
vt 0.446614 0.475490
vt 0.412057 0.730594
vt 0.429083 0.668837
vt 0.419878 0.724412
vt 0.335609 0.359550
vt 0.336316 0.401771
vt 0.329033 0.400604
vt 0.279752 0.475138
vt 0.320807 0.481714
vt 0.256897 0.660642
vt 0.305627 0.659338
vt 0.317481 0.730623
vt 0.307614 0.679464
vt 0.409746 0.490322
vt 0.411968 0.408384
vt 0.412428 0.490307
vt 0.409285 0.408399
vt 0.408421 0.490110
vt 0.407961 0.408187
vt 0.386880 0.726869
vt 0.389536 0.644943
vt 0.389562 0.726868
vt 0.385531 0.645164
vt 0.386854 0.644944
vt 0.366384 0.408421
vt 0.366844 0.490344
vt 0.349957 0.403956
vt 0.356534 0.362902
vt 0.368056 0.364747
vt 0.343978 0.727102
vt 0.385556 0.727089
vt 0.343953 0.645177
vt 0.320567 0.732829
vt 0.339090 0.729749
vt 0.327387 0.773844
vt 0.445475 0.484632
vt 0.427377 0.405471
vt 0.329731 0.485282
vt 0.349533 0.406605
vt 0.362379 0.408663
vt 0.320127 0.730183
vt 0.299155 0.644943
vt 0.297912 0.653822
vt 0.322102 0.490586
vt 0.275750 0.483161
vt 0.330357 0.456016
vt 0.313041 0.712100
vt 0.361479 0.405802
vt 0.424790 0.406182
vt 0.329731 0.485282
vt 0.322102 0.490586
vt 0.259400 0.675697
vt 0.323221 0.466645
vt 0.332131 0.411022
vt 0.333298 0.403738
vt 0.324211 0.460465
vt 0.331141 0.417203
vt 0.313494 0.776154
vt 0.440992 0.403133
vt 0.453223 0.474355
vt 0.418673 0.731689
vt 0.430481 0.660397
vt 0.342893 0.360717
vt 0.310865 0.731723
vt 0.309655 0.724446
vt 0.308629 0.718272
vt 0.301442 0.675052
vt 0.362804 0.406014
vt 0.356958 0.360253
vt 0.369804 0.362311
vt 0.369380 0.364959
vt 0.347673 0.773190
vt 0.327827 0.776490
vt 0.345910 0.770764
vt 0.347233 0.770544
vt 0.340413 0.729529
vt 0.252848 0.652643
vt 0.323211 0.080000
vt 0.323211 0.087243
vt 0.322114 0.093827
vt 0.340038 0.093827
vt 0.323211 0.094925
vt 0.323211 0.093827
vt 0.274762 0.136867
vt 0.263505 0.136692
vt 0.277733 0.131636
vt 0.323211 0.073415
vt 0.340038 0.072318
vt 0.340038 0.073416
vt 0.281261 0.012807
vt 0.285609 0.013796
vt 0.282746 0.015422
vt 0.289531 0.027370
vt 0.287749 0.017564
vt 0.292394 0.025745
vt 0.275961 0.003475
vt 0.283469 0.010029
vt 0.340038 0.087243
vt 0.279110 0.135878
vt 0.276248 0.134252
vt 0.284231 0.018038
vt 0.276972 0.139645
vt 0.412482 0.371498
vt 0.409190 0.374340
vt 0.409190 0.371222
vt 0.412482 0.374670
vt 0.409235 0.377657
vt 0.418936 0.271922
vt 0.422229 0.269080
vt 0.422229 0.272199
vt 0.418936 0.268750
vt 0.422229 0.265767
vt 0.418936 0.282655
vt 0.418937 0.255175
vt 0.422229 0.255175
vt 0.412482 0.377629
vt 0.412482 0.388245
vt 0.412482 0.360765
vt 0.409190 0.360765
vt 0.409060 0.277329
vt 0.278824 0.001849
vt 0.290983 0.010069
vt 0.269463 0.146200
vt 0.272326 0.147826
vt 0.283032 0.122303
vt 0.281249 0.132110
vt 0.284485 0.139605
vt 0.289153 0.147826
vt 0.278312 0.027616
vt 0.323211 0.076708
vt 0.340038 0.090535
vt 0.323211 0.090535
vt 0.925590 0.079611
vt 0.928299 0.079611
vt 0.932581 0.079611
vt 0.922372 0.398245
vt 0.926455 0.397844
vt 0.926480 0.401595
vt 0.924612 0.402397
vt 0.925704 0.402682
vt 0.923293 0.402605
vt 0.927573 0.400439
vt 0.927255 0.399714
vt 0.926890 0.397578
vt 0.925131 0.396805
vt 0.923546 0.397281
vt 0.921721 0.398435
vt 0.923480 0.396785
vt 0.921929 0.399754
vt 0.921643 0.400845
vt 0.922728 0.401623
vt 0.340038 0.094925
vt 0.323211 0.115336
vt 0.931211 0.058430
vt 0.930440 0.079611
vt 0.928502 0.058430
vt 0.925859 0.058430
vt 0.923150 0.058430
vt 0.922947 0.079611
vt 0.921443 0.058430
vt 0.921443 0.079611
vt 0.935996 0.058430
vt 0.937365 0.079611
vt 0.934722 0.079611
vt 0.933854 0.058430
vt 0.924339 0.388227
vt 0.923844 0.387251
vt 0.926739 0.387263
vt 0.927323 0.393816
vt 0.928725 0.392437
vt 0.926523 0.394383
vt 0.921980 0.391636
vt 0.923813 0.394239
vt 0.921644 0.391998
vt 0.921826 0.389065
vt 0.928572 0.389866
vt 0.928907 0.389505
vt 0.340039 0.080000
vt 0.340039 0.076708
vt 0.341136 0.093827
vt 0.925174 0.393442
vt 0.322114 0.073415
vt 0.274762 0.136867
vt 0.284231 0.018038
vt 0.409190 0.374341
vt 0.412482 0.371498
vt 0.409190 0.371222
vt 0.409235 0.377657
vt 0.418936 0.268750
vt 0.422229 0.282656
vt 0.432105 0.277329
vt 0.418936 0.265791
vt 0.412482 0.377629
vt 0.422359 0.382919
vt 0.409190 0.388245
vt 0.399313 0.366091
vt 0.295651 0.001849
vt 0.285895 0.123929
vt 0.926159 0.079611
vt 0.927400 0.083874
vt 0.931445 0.084133
vt 0.923548 0.397291
vt 0.921967 0.400261
vt 0.924616 0.402384
vt 0.926461 0.402025
vt 0.924491 0.402883
vt 0.927741 0.399835
vt 0.927066 0.400728
vt 0.927219 0.399216
vt 0.925131 0.396851
vt 0.926461 0.397837
vt 0.921951 0.401263
vt 0.922113 0.398754
vt 0.922733 0.401641
vt 0.933652 0.079611
vt 0.931211 0.058430
vt 0.930917 0.079611
vt 0.926361 0.058430
vt 0.923718 0.058430
vt 0.923424 0.079611
vt 0.937934 0.079611
vt 0.935793 0.079611
vt 0.926739 0.387263
vt 0.922320 0.389047
vt 0.928725 0.392437
vt 0.926161 0.394047
vt 0.926523 0.394383
vt 0.923589 0.394201
vt 0.921775 0.392183
vt 0.924029 0.387120
vt 0.271813 0.122059
vt 0.323211 0.072318
vt 0.432105 0.260502
vt 0.422359 0.366091
vt 0.409060 0.260502
vt 0.399310 0.382918
vt 0.270003 0.012983
vt 0.931996 0.083238
vt 0.930110 0.084837
vt 0.927640 0.084276
vt 0.340039 0.115336
vt 0.938136 0.058430
vt 0.922994 0.389227
vt 0.922585 0.390650
vt 0.926837 0.388653
vt 0.341136 0.073416
vt 0.927966 0.390853
vt 0.923301 0.392583
vt 0.927107 0.392726
vt 0.929572 0.084992
vt 0.938137 0.058430
vt 0.926399 0.388304
vt 0.927800 0.389815
vt 0.927723 0.391875
vt 0.925629 0.393327
vt 0.274762 0.136867
vt 0.277733 0.131636
vt 0.281261 0.012807
vt 0.285609 0.013796
vt 0.282746 0.015422
vt 0.287749 0.017564
vt 0.283469 0.010029
vt 0.284231 0.018038
vt 0.276972 0.139645
vt 0.412482 0.371498
vt 0.409235 0.377657
vt 0.418936 0.271922
vt 0.422229 0.272199
vt 0.418936 0.268750
vt 0.422229 0.265767
vt 0.412482 0.377629
vt 0.281249 0.132110
vt 0.927024 0.083425
vt 0.929370 0.079611
vt 0.932013 0.079611
vt 0.922127 0.398744
vt 0.925582 0.397267
vt 0.926480 0.401596
vt 0.924612 0.402397
vt 0.925704 0.402682
vt 0.922800 0.402218
vt 0.927463 0.401033
vt 0.927255 0.399714
vt 0.927276 0.398463
vt 0.922982 0.397127
vt 0.925891 0.396863
vt 0.921443 0.399633
vt 0.922139 0.400780
vt 0.930643 0.058430
vt 0.928000 0.058430
vt 0.926661 0.079611
vt 0.925291 0.058430
vt 0.924018 0.079611
vt 0.923150 0.058430
vt 0.921877 0.079611
vt 0.938570 0.079611
vt 0.936863 0.079611
vt 0.935995 0.058430
vt 0.933352 0.058430
vt 0.925377 0.388061
vt 0.923844 0.387251
vt 0.926980 0.387795
vt 0.926161 0.394047
vt 0.928764 0.392214
vt 0.926522 0.394383
vt 0.923589 0.394201
vt 0.921980 0.391636
vt 0.921644 0.391998
vt 0.921826 0.389065
vt 0.926962 0.387302
vt 0.928907 0.389504
vt 0.409190 0.371221
vt 0.409235 0.377657
vt 0.418936 0.265791
vt 0.928535 0.084826
vt 0.931996 0.083238
vt 0.924076 0.397112
vt 0.922153 0.400790
vt 0.925640 0.402175
vt 0.925704 0.402682
vt 0.923603 0.402211
vt 0.927540 0.398622
vt 0.927066 0.400728
vt 0.927037 0.398690
vt 0.922982 0.397127
vt 0.925586 0.397260
vt 0.921649 0.399443
vt 0.922691 0.397870
vt 0.930166 0.058430
vt 0.926954 0.058430
vt 0.924220 0.058430
vt 0.922079 0.058430
vt 0.921876 0.079611
vt 0.937066 0.058430
vt 0.934925 0.058430
vt 0.932784 0.058430
vt 0.923844 0.387251
vt 0.925377 0.388061
vt 0.928725 0.392437
vt 0.928232 0.392456
vt 0.924557 0.394366
vt 0.926617 0.392996
vt 0.930594 0.084749
vt 0.928535 0.084826
vt 0.923100 0.401957
vt 0.923546 0.397281
vt 0.923444 0.388777
vt 0.922688 0.391132
vt 0.927250 0.388920
vt 0.927966 0.390853
vt 0.924152 0.393199
vt 0.938570 0.058430
vt 0.922688 0.391132
vt 0.927966 0.390853
vt 0.274762 0.136867
vt 0.281261 0.012807
vt 0.285609 0.013796
vt 0.282746 0.015422
vt 0.287749 0.017564
vt 0.283469 0.010029
vt 0.412482 0.371498
vt 0.409190 0.374340
vt 0.409190 0.371222
vt 0.412482 0.374670
vt 0.418936 0.271922
vt 0.412482 0.377629
vt 0.281249 0.132110
vt 0.926780 0.082403
vt 0.927731 0.079611
vt 0.922372 0.398245
vt 0.926456 0.397844
vt 0.926811 0.401222
vt 0.927741 0.399835
vt 0.926121 0.402375
vt 0.927255 0.399714
vt 0.924882 0.396783
vt 0.923546 0.397281
vt 0.922107 0.397941
vt 0.921929 0.399754
vt 0.921643 0.400845
vt 0.922728 0.401624
vt 0.923603 0.402528
vt 0.930643 0.058430
vt 0.930440 0.079611
vt 0.925088 0.079611
vt 0.923718 0.058430
vt 0.937934 0.079611
vt 0.935199 0.079611
vt 0.933377 0.058430
vt 0.924339 0.388227
vt 0.922320 0.389047
vt 0.926739 0.387263
vt 0.928725 0.392438
vt 0.926523 0.394383
vt 0.923571 0.393708
vt 0.923589 0.394201
vt 0.921826 0.389065
vt 0.924029 0.387120
vt 0.928572 0.389866
vt 0.928907 0.389505
vt 0.925174 0.393442
vt 0.409190 0.374341
vt 0.409190 0.371221
vt 0.412482 0.374670
vt 0.926159 0.079611
vt 0.927400 0.083874
vt 0.931445 0.084133
vt 0.923548 0.397291
vt 0.921967 0.400261
vt 0.924615 0.402384
vt 0.926461 0.402025
vt 0.923887 0.402715
vt 0.927066 0.400728
vt 0.927219 0.399216
vt 0.925131 0.396851
vt 0.926461 0.397837
vt 0.921721 0.398435
vt 0.923480 0.396785
vt 0.922733 0.401641
vt 0.933083 0.079611
vt 0.923424 0.079611
vt 0.926707 0.394252
vt 0.924029 0.387120
vt 0.931716 0.083614
vt 0.929572 0.084992
vt 0.925638 0.402186
vt 0.927852 0.390398
vt 0.922828 0.389628
vt 0.923030 0.392093
vt 0.927107 0.392726
vt 0.927800 0.389815
vt 0.922585 0.390650
vt 0.927374 0.392312
vt 0.923301 0.392583
vt 0.274762 0.136867
vt 0.281261 0.012807
vt 0.285609 0.013796
vt 0.282746 0.015422
vt 0.287749 0.017564
vt 0.283469 0.010029
vt 0.279110 0.135877
vt 0.284231 0.018038
vt 0.412482 0.371498
vt 0.409190 0.374340
vt 0.412482 0.374670
vt 0.409235 0.377657
vt 0.422229 0.272200
vt 0.422229 0.265767
vt 0.412482 0.377629
vt 0.926935 0.082941
vt 0.925582 0.397267
vt 0.927057 0.400723
vt 0.923602 0.402201
vt 0.925704 0.402682
vt 0.925638 0.402186
vt 0.927463 0.401033
vt 0.927044 0.398687
vt 0.925297 0.396752
vt 0.922437 0.397435
vt 0.922139 0.400780
vt 0.930643 0.058430
vt 0.927229 0.079611
vt 0.925291 0.058430
vt 0.924520 0.079611
vt 0.923150 0.058430
vt 0.936863 0.079611
vt 0.935493 0.058430
vt 0.934722 0.079611
vt 0.923844 0.387251
vt 0.926980 0.387795
vt 0.926161 0.394047
vt 0.928764 0.392214
vt 0.926522 0.394383
vt 0.921980 0.391636
vt 0.921644 0.391998
vt 0.921826 0.389065
vt 0.926962 0.387302
vt 0.928907 0.389504
vt 0.283469 0.010029
vt 0.281249 0.132110
vt 0.409190 0.374341
vt 0.412482 0.371498
vt 0.409235 0.377657
vt 0.412482 0.374670
vt 0.418936 0.265791
vt 0.412482 0.377629
vt 0.927706 0.079611
vt 0.928535 0.084826
vt 0.931996 0.083238
vt 0.923549 0.397291
vt 0.922153 0.400790
vt 0.925640 0.402175
vt 0.923603 0.402211
vt 0.923293 0.402605
vt 0.927066 0.400728
vt 0.927037 0.398690
vt 0.922168 0.397879
vt 0.921643 0.400845
vt 0.922113 0.398753
vt 0.932581 0.079611
vt 0.930440 0.079611
vt 0.932784 0.058430
vt 0.926980 0.387795
vt 0.923844 0.387251
vt 0.928764 0.392214
vt 0.923589 0.394201
vt 0.926962 0.387302
vt 0.930594 0.084749
vt 0.927250 0.388920
vt 0.923177 0.389190
vt 0.922751 0.391688
vt 0.926617 0.392996
vt 0.925586 0.397260
vt 0.923030 0.392064
vt 0.927107 0.392726
vt 0.925174 0.393442
vt 0.284231 0.018038
vt 0.286889 0.016052
vt 0.287726 0.017524
vt 0.274762 0.136867
vt 0.277733 0.131636
vt 0.281261 0.012807
vt 0.285609 0.013796
vt 0.282746 0.015422
vt 0.283492 0.010069
vt 0.412482 0.371498
vt 0.409190 0.371222
vt 0.412482 0.374670
vt 0.409235 0.377657
vt 0.422229 0.269080
vt 0.422229 0.265767
vt 0.412482 0.377629
vt 0.281227 0.132150
vt 0.927373 0.083863
vt 0.928801 0.079611
vt 0.933652 0.079611
vt 0.922372 0.398245
vt 0.927057 0.400723
vt 0.925638 0.402186
vt 0.926747 0.402032
vt 0.924491 0.402883
vt 0.927741 0.399835
vt 0.927044 0.398687
vt 0.926384 0.397249
vt 0.923546 0.397281
vt 0.921611 0.399029
vt 0.921929 0.399754
vt 0.922293 0.401889
vt 0.922728 0.401623
vt 0.931713 0.058430
vt 0.931511 0.079611
vt 0.929095 0.058430
vt 0.926361 0.058430
vt 0.923449 0.079611
vt 0.922079 0.058430
vt 0.937066 0.058430
vt 0.937934 0.079611
vt 0.935792 0.079611
vt 0.934423 0.058430
vt 0.926161 0.394047
vt 0.928725 0.392437
vt 0.926523 0.394383
vt 0.921661 0.390032
vt 0.921775 0.392183
vt 0.921826 0.389065
vt 0.924390 0.387456
vt 0.924028 0.387120
vt 0.926962 0.387302
vt 0.928571 0.389866
vt 0.928907 0.389505
vt 0.277830 0.138132
vt 0.276994 0.139605
vt 0.280391 0.133622
vt 0.284329 0.011542
vt 0.409190 0.374341
vt 0.409190 0.371221
vt 0.409235 0.377657
vt 0.929091 0.084889
vt 0.931445 0.084133
vt 0.921937 0.399766
vt 0.924615 0.402384
vt 0.927521 0.400273
vt 0.926489 0.401603
vt 0.925891 0.396863
vt 0.927037 0.398689
vt 0.927540 0.398622
vt 0.925586 0.397260
vt 0.922691 0.397870
vt 0.922733 0.401641
vt 0.931713 0.058430
vt 0.924018 0.079611
vt 0.921877 0.079611
vt 0.938166 0.079611
vt 0.924029 0.387120
vt 0.926962 0.387302
vt 0.928572 0.389866
vt 0.928907 0.389505
vt 0.929572 0.084992
vt 0.924049 0.402418
vt 0.923934 0.388506
vt 0.927800 0.389815
vt 0.926399 0.388304
vt 0.923715 0.392850
vt 0.927723 0.391875
vt 0.926212 0.393276
vt 0.927024 0.083425
vt 0.926800 0.388470
vt 0.923444 0.388777
vt 0.925377 0.388061
vt 0.926212 0.393276
vt 0.274762 0.136867
vt 0.277733 0.131636
vt 0.281261 0.012807
vt 0.285609 0.013796
vt 0.282746 0.015422
vt 0.287749 0.017564
vt 0.276248 0.134252
vt 0.284231 0.018038
vt 0.409190 0.374340
vt 0.409190 0.371222
vt 0.422229 0.269080
vt 0.418936 0.268750
vt 0.926895 0.081948
vt 0.928299 0.079611
vt 0.934129 0.079611
vt 0.922372 0.398245
vt 0.925582 0.397267
vt 0.927057 0.400723
vt 0.925638 0.402186
vt 0.927076 0.401526
vt 0.927540 0.398622
vt 0.927044 0.398687
vt 0.925297 0.396752
vt 0.923546 0.397281
vt 0.922437 0.397435
vt 0.921443 0.399633
vt 0.921929 0.399754
vt 0.922728 0.401623
vt 0.932282 0.058430
vt 0.930942 0.079611
vt 0.929572 0.058430
vt 0.926929 0.058430
vt 0.924220 0.058430
vt 0.922947 0.079611
vt 0.922079 0.058430
vt 0.937340 0.079611
vt 0.922319 0.389047
vt 0.926739 0.387263
vt 0.928725 0.392437
vt 0.926523 0.394383
vt 0.921775 0.392183
vt 0.924028 0.387120
vt 0.276971 0.139645
vt 0.412482 0.371498
vt 0.409190 0.371222
vt 0.418936 0.265791
vt 0.928535 0.084826
vt 0.924076 0.397112
vt 0.921937 0.399766
vt 0.925640 0.402175
vt 0.927076 0.401526
vt 0.927066 0.400728
vt 0.925891 0.396863
vt 0.927037 0.398689
vt 0.925586 0.397260
vt 0.922691 0.397870
vt 0.922733 0.401641
vt 0.932581 0.079611
vt 0.931713 0.058430
vt 0.928299 0.079611
vt 0.927432 0.058430
vt 0.924814 0.058430
vt 0.924017 0.079611
vt 0.938271 0.058430
vt 0.935995 0.058430
vt 0.933854 0.058430
vt 0.924028 0.387120
vt 0.418936 0.265791
vt 0.930131 0.084817
vt 0.927640 0.084276
vt 0.924049 0.402418
vt 0.937066 0.058430
vt 0.927521 0.389410
vt 0.923177 0.389190
vt 0.922751 0.391688
vt 0.927723 0.391875
vt 0.924152 0.393199
vt 0.927024 0.083425
vt 0.930594 0.084749
vt 0.924049 0.402418
vt 0.923444 0.388777
vt 0.927521 0.389410
vt 0.851683 0.538163
vt 0.742739 0.534787
vt 0.851683 0.534787
vt 0.742739 0.538163
vt 0.736709 0.534787
vt 0.742739 0.525381
vt 0.851683 0.528757
vt 0.742739 0.528757
vt 0.857713 0.538163
vt 0.857713 0.534787
vt 0.851683 0.544193
vt 0.742739 0.544193
vt 0.736709 0.538163
vt 0.851683 0.525381
vt 0.109644 0.112684
vt 0.217674 0.095709
vt 0.217674 0.112684
vt 0.217674 0.208711
vt 0.139652 0.217198
vt 0.109644 0.208711
vt 0.896700 0.035435
vt 0.894357 0.092505
vt 0.883969 0.099092
vt 0.109644 0.268124
vt 0.833043 0.099092
vt 0.799092 0.065141
vt 0.862750 0.001484
vt 0.139652 0.280702
vt 0.109644 0.287278
vt 0.109644 0.280702
vt 0.217674 0.287278
vt 0.187665 0.280702
vt 0.217674 0.280702
vt 0.187665 0.217198
vt 0.217674 0.268124
vt 0.187665 0.268124
vt 0.187665 0.338203
vt 0.217674 0.355179
vt 0.271689 0.304478
vt 0.283692 0.307165
vt 0.801436 0.008071
vt 0.811824 0.001484
vt 0.001614 0.349177
vt 0.049627 0.304478
vt 0.061630 0.307165
vt 0.217674 0.274700
vt 0.187665 0.274700
vt 0.139652 0.274700
vt 0.139652 0.268124
vt 0.109644 0.274700
vt 0.217674 0.022728
vt 0.109644 0.031216
vt 0.109644 0.022728
vt 0.109644 0.095709
vt 0.217674 0.001122
vt 0.109644 0.487300
vt 0.217674 0.506831
vt 0.109644 0.506831
vt 0.084112 0.463208
vt 0.109644 0.478813
vt 0.103642 0.484814
vt 0.217674 0.478813
vt 0.243206 0.463208
vt 0.223675 0.484814
vt 0.774705 0.870343
vt 0.800907 0.872285
vt 0.799345 0.877192
vt 0.845566 0.878591
vt 0.819978 0.875729
vt 0.843081 0.864828
vt 0.030166 0.428655
vt 0.039295 0.435096
vt 0.013617 0.457207
vt 0.081092 0.428655
vt 0.087533 0.419526
vt 0.274570 0.438918
vt 0.313700 0.457207
vt 0.249207 0.457207
vt 0.236087 0.399048
vt 0.816098 0.913228
vt 0.810364 0.916194
vt 0.802116 0.912981
vt 0.765967 0.874427
vt 0.765700 0.863910
vt 0.768368 0.878591
vt 0.795682 0.913526
vt 0.789819 0.907753
vt 0.762997 0.863656
vt 0.759963 0.853778
vt 0.757967 0.855112
vt 0.751902 0.846515
vt 0.759664 0.853414
vt 0.781893 0.900801
vt 0.785187 0.907490
vt 0.777936 0.899200
vt 0.777971 0.894931
vt 0.749513 0.847807
vt 0.738213 0.840578
vt 0.772350 0.886038
vt 0.774458 0.884326
vt 0.736500 0.842685
vt 0.723294 0.840330
vt 0.772103 0.871119
vt 0.716416 0.844848
vt 0.712237 0.843981
vt 0.775753 0.860063
vt 0.777971 0.860981
vt 0.707286 0.850120
vt 0.711822 0.844202
vt 0.782243 0.851367
vt 0.784838 0.852167
vt 0.699982 0.858574
vt 0.696377 0.859648
vt 0.703093 0.850919
vt 0.791421 0.844202
vt 0.796601 0.844605
vt 0.692752 0.869874
vt 0.696155 0.860063
vt 0.801647 0.840578
vt 0.810364 0.842120
vt 0.694294 0.878591
vt 0.692505 0.884794
vt 0.816567 0.840330
vt 0.824029 0.845090
vt 0.697265 0.892256
vt 0.697986 0.898672
vt 0.830445 0.845811
vt 0.835518 0.853065
vt 0.705239 0.903746
vt 0.708360 0.909397
vt 0.844813 0.862738
vt 0.717003 0.911308
vt 0.722048 0.915335
vt 0.109644 0.355179
vt 0.051485 0.367590
vt 0.032404 0.375892
vt 0.025688 0.383186
vt 0.847966 0.877323
vt 0.730765 0.913793
vt 0.733660 0.916194
vt 0.744178 0.913526
vt 0.734129 0.916148
vt 0.325704 0.445203
vt 0.288023 0.435096
vt 0.297152 0.428655
vt 0.845299 0.892003
vt 0.842595 0.892256
vt 0.001614 0.445203
vt 0.020027 0.407336
vt 0.744431 0.910822
vt 0.754309 0.907789
vt 0.325704 0.349177
vt 0.301630 0.383186
vt 0.294423 0.375490
vt 0.839561 0.902135
vt 0.837565 0.900801
vt 0.752975 0.905793
vt 0.761572 0.899727
vt 0.754673 0.907490
vt 0.307291 0.407336
vt 0.831500 0.909397
vt 0.829112 0.908105
vt 0.760280 0.897339
vt 0.766808 0.889328
vt 0.275833 0.367590
vt 0.821101 0.914634
vt 0.765402 0.884326
vt 0.766945 0.888878
vt 0.246226 0.428655
vt 0.254236 0.434498
vt 0.091355 0.406074
vt 0.052748 0.438918
vt 0.078110 0.457207
vt 0.083563 0.324470
vt 0.088425 0.324778
vt 0.087814 0.327223
vt 0.105304 0.312446
vt 0.100819 0.308756
vt 0.103299 0.307795
vt 0.726290 0.887716
vt 0.730317 0.888443
vt 0.724151 0.869340
vt 0.734316 0.887573
vt 0.721309 0.872285
vt 0.818552 0.883628
vt 0.820051 0.879820
vt 0.804596 0.868898
vt 0.740017 0.874689
vt 0.805887 0.887716
vt 0.809915 0.888443
vt 0.738340 0.884361
vt 0.695671 0.867503
vt 0.719809 0.876093
vt 0.802446 0.885503
vt 0.737415 0.870410
vt 0.814862 0.887015
vt 0.814409 0.868655
vt 0.809544 0.867470
vt 0.740452 0.879820
vt 0.720245 0.881224
vt 0.722847 0.885503
vt 0.818345 0.871976
vt 0.727903 0.867708
vt 0.726601 0.842120
vt 0.101226 0.321141
vt 0.085064 0.322444
vt 0.083552 0.310027
vt 0.060861 0.393320
vt 0.052238 0.403456
vt 0.039888 0.392949
vt 0.045579 0.405197
vt 0.048146 0.403383
vt 0.050560 0.406114
vt 0.062652 0.389203
vt 0.057920 0.385851
vt 0.059421 0.383825
vt 0.099666 0.304265
vt 0.093374 0.325544
vt 0.092796 0.328140
vt 0.041327 0.402444
vt 0.044393 0.401750
vt 0.087471 0.303240
vt 0.086939 0.306338
vt 0.082520 0.307136
vt 0.039479 0.386078
vt 0.041316 0.388001
vt 0.037607 0.390784
vt 0.096795 0.305544
vt 0.093676 0.302313
vt 0.097749 0.327081
vt 0.038097 0.397066
vt 0.041073 0.397815
vt 0.063141 0.395485
vt 0.043009 0.382445
vt 0.098281 0.323983
vt 0.102700 0.323185
vt 0.079843 0.312810
vt 0.060464 0.401159
vt 0.059433 0.398268
vt 0.091845 0.304777
vt 0.047660 0.380441
vt 0.044703 0.384312
vt 0.082124 0.314975
vt 0.080332 0.319092
vt 0.102858 0.317388
vt 0.105377 0.317511
vt 0.055513 0.405055
vt 0.056045 0.401957
vt 0.053926 0.380742
vt 0.049609 0.382751
vt 0.102931 0.313297
vt 0.054558 0.383517
vt 0.139652 0.338204
vt 0.109644 0.338204
vt 0.896700 0.086360
vt 0.890113 0.096748
vt 0.139652 0.287278
vt 0.187665 0.287278
vt 0.265687 0.307165
vt 0.277690 0.304478
vt 0.799092 0.014216
vt 0.805680 0.003828
vt 0.097640 0.343176
vt 0.043626 0.307165
vt 0.055629 0.304478
vt 0.217674 0.031216
vt 0.109644 0.001122
vt 0.217674 0.487300
vt 0.084112 0.484814
vt 0.243206 0.484814
vt 0.024024 0.420085
vt 0.062654 0.438510
vt 0.073081 0.434498
vt 0.785551 0.907789
vt 0.775975 0.859648
vt 0.791836 0.843981
vt 0.839263 0.853414
vt 0.089739 0.392183
vt 0.065424 0.368714
vt 0.085570 0.383186
vt 0.077873 0.375088
vt 0.839561 0.853778
vt 0.041848 0.369923
vt 0.021151 0.393397
vt 0.302995 0.420644
vt 0.306167 0.393397
vt 0.285469 0.369923
vt 0.839263 0.902498
vt 0.261893 0.368714
vt 0.240383 0.385739
vt 0.249445 0.375088
vt 0.264663 0.438510
vt 0.236371 0.410217
vt 0.239785 0.419526
vt 0.820651 0.914770
vt 0.800112 0.882141
vt 0.732907 0.867921
vt 0.082851 0.319002
vt 0.060134 0.389293
vt 0.776863 0.863656
vt 0.799408 0.876093
vt 0.819978 0.875729
vt 0.843081 0.864828
vt 0.039295 0.435096
vt 0.274570 0.438918
vt 0.236087 0.399048
vt 0.765155 0.870342
vt 0.766945 0.867035
vt 0.768368 0.878591
vt 0.809095 0.913793
vt 0.795682 0.913526
vt 0.799276 0.912416
vt 0.762276 0.857240
vt 0.766808 0.866585
vt 0.789819 0.907753
vt 0.755022 0.852167
vt 0.776378 0.891084
vt 0.743259 0.844605
vt 0.738213 0.840578
vt 0.773893 0.877322
vt 0.729496 0.842120
vt 0.723293 0.840330
vt 0.774160 0.863910
vt 0.716417 0.844848
vt 0.784838 0.852167
vt 0.699982 0.858574
vt 0.703093 0.850919
vt 0.794511 0.842873
vt 0.796601 0.844605
vt 0.692752 0.869875
vt 0.805731 0.839765
vt 0.806200 0.842120
vt 0.694294 0.878591
vt 0.692505 0.884794
vt 0.816567 0.840330
vt 0.817342 0.842932
vt 0.697265 0.892256
vt 0.827623 0.843981
vt 0.826704 0.846198
vt 0.836319 0.850470
vt 0.835518 0.853065
vt 0.705239 0.903746
vt 0.708360 0.909398
vt 0.082929 0.379967
vt 0.075635 0.373251
vt 0.843483 0.859648
vt 0.717003 0.911308
vt 0.722049 0.915335
vt 0.055629 0.367182
vt 0.032404 0.375892
vt 0.023725 0.386858
vt 0.847108 0.869875
vt 0.744178 0.913526
vt 0.020027 0.407336
vt 0.744431 0.910822
vt 0.756720 0.905442
vt 0.294423 0.375490
vt 0.307291 0.407336
vt 0.831500 0.909397
vt 0.829112 0.908105
vt 0.755920 0.902848
vt 0.765215 0.893175
vt 0.275833 0.367590
vt 0.817811 0.915335
vt 0.820182 0.912416
vt 0.765402 0.884325
vt 0.091231 0.399048
vt 0.059773 0.438794
vt 0.105419 0.313700
vt 0.102369 0.311319
vt 0.103299 0.307795
vt 0.725451 0.887257
vt 0.730317 0.888443
vt 0.724997 0.868898
vt 0.721309 0.872285
vt 0.803749 0.869340
vt 0.740617 0.877770
vt 0.817276 0.885240
vt 0.819765 0.880732
vt 0.805888 0.887716
vt 0.809915 0.888443
vt 0.737677 0.885240
vt 0.807501 0.867708
vt 0.739748 0.873772
vt 0.761889 0.860981
vt 0.812505 0.867921
vt 0.801846 0.884759
vt 0.761889 0.894931
vt 0.739890 0.881798
vt 0.737415 0.870410
vt 0.813914 0.887573
vt 0.719882 0.880184
vt 0.733972 0.868197
vt 0.799481 0.880184
vt 0.721515 0.883937
vt 0.729945 0.867470
vt 0.817613 0.871155
vt 0.101226 0.321141
vt 0.085808 0.323044
vt 0.085326 0.307614
vt 0.060696 0.391271
vt 0.049098 0.403468
vt 0.044472 0.404596
vt 0.050560 0.406114
vt 0.062295 0.387996
vt 0.059196 0.387463
vt 0.059421 0.383825
vt 0.100156 0.307877
vt 0.099666 0.304265
vt 0.086709 0.326622
vt 0.090382 0.325409
vt 0.092796 0.328140
vt 0.039685 0.400500
vt 0.043572 0.401017
vt 0.063354 0.392948
vt 0.039479 0.386078
vt 0.040757 0.388950
vt 0.037607 0.390784
vt 0.096795 0.305544
vt 0.094960 0.302394
vt 0.094474 0.325482
vt 0.085244 0.304472
vt 0.081715 0.308104
vt 0.037680 0.395849
vt 0.040615 0.396976
vt 0.061836 0.399036
vt 0.060623 0.395363
vt 0.044123 0.381860
vt 0.043090 0.385588
vt 0.092796 0.304674
vt 0.089896 0.302467
vt 0.098281 0.323983
vt 0.101919 0.324207
vt 0.082993 0.310976
vt 0.079843 0.312810
vt 0.088769 0.305401
vt 0.104673 0.319956
vt 0.082124 0.314975
vt 0.079916 0.317875
vt 0.056625 0.404409
vt 0.058990 0.399115
vt 0.050188 0.380155
vt 0.047598 0.383099
vt 0.102943 0.316436
vt 0.082851 0.319002
vt 0.081921 0.322526
vt 0.055169 0.381072
vt 0.052602 0.382886
vt 0.055036 0.402428
vt 0.056355 0.384519
vt 0.048604 0.438510
vt 0.024024 0.420085
vt 0.073081 0.434498
vt 0.090947 0.410217
vt 0.806200 0.916194
vt 0.805731 0.916148
vt 0.771492 0.874427
vt 0.771538 0.873959
vt 0.806200 0.839719
vt 0.828038 0.844202
vt 0.088898 0.389412
vt 0.065424 0.368714
vt 0.843705 0.860063
vt 0.044619 0.369083
vt 0.020311 0.396167
vt 0.847966 0.881486
vt 0.302995 0.420644
vt 0.285469 0.436461
vt 0.293933 0.431296
vt 0.847920 0.881954
vt 0.306167 0.393397
vt 0.240382 0.385740
vt 0.249445 0.375088
vt 0.260678 0.437301
vt 0.239785 0.419526
vt 0.248464 0.430492
vt 0.277246 0.520125
vt 0.282459 0.517045
vt 0.278693 0.521971
vt 0.282895 0.512735
vt 0.286224 0.512118
vt 0.286660 0.507809
vt 0.289990 0.507192
vt 0.290426 0.502883
vt 0.292993 0.503263
vt 0.295639 0.499802
vt 0.294192 0.497956
vt 0.299405 0.494876
vt 0.274927 0.526897
vt 0.275202 0.500550
vt 0.284211 0.506913
vt 0.279093 0.515756
vt 0.274243 0.524053
vt 0.292431 0.511474
vt 0.297082 0.523580
vt 0.288992 0.526688
vt 0.246388 0.290300
vt 0.239171 0.291849
vt 0.242937 0.286923
vt 0.242622 0.295227
vt 0.235406 0.296775
vt 0.236974 0.302616
vt 0.231640 0.301702
vt 0.233208 0.307543
vt 0.228637 0.305630
vt 0.225991 0.309091
vt 0.229442 0.312469
vt 0.222225 0.314018
vt 0.246703 0.281996
vt 0.248433 0.309875
vt 0.239424 0.303512
vt 0.249391 0.286372
vt 0.229199 0.297420
vt 0.224548 0.285313
vt 0.232638 0.282205
vt 0.766968 0.503987
vt 0.766996 0.498765
vt 0.766968 0.493561
vt 0.767122 0.490908
vt 0.939194 0.033747
vt 0.935708 0.049042
vt 0.937009 0.041933
vt 0.938471 0.045686
vt 0.931579 0.052753
vt 0.938317 0.050701
vt 0.935686 0.053627
vt 0.926299 0.051031
vt 0.929282 0.041889
vt 0.934560 0.043609
vt 0.929331 0.038834
vt 0.922469 0.044314
vt 0.924973 0.041181
vt 0.922359 0.048769
vt 0.931805 0.055711
vt 0.277246 0.520125
vt 0.282459 0.517045
vt 0.278693 0.521971
vt 0.281012 0.515199
vt 0.286224 0.512118
vt 0.284778 0.510272
vt 0.290426 0.502883
vt 0.293756 0.502265
vt 0.294192 0.497956
vt 0.297522 0.497339
vt 0.273044 0.529360
vt 0.275202 0.500550
vt 0.284044 0.505668
vt 0.271597 0.527515
vt 0.276047 0.525432
vt 0.292431 0.511474
vt 0.298319 0.520800
vt 0.287210 0.526214
vt 0.246388 0.290300
vt 0.239171 0.291849
vt 0.242937 0.286923
vt 0.242622 0.295227
vt 0.235406 0.296775
vt 0.238857 0.300153
vt 0.231640 0.301702
vt 0.233208 0.307543
vt 0.227874 0.306628
vt 0.229442 0.312469
vt 0.224108 0.311554
vt 0.225676 0.317396
vt 0.248586 0.279533
vt 0.248433 0.309875
vt 0.239590 0.304757
vt 0.252037 0.282911
vt 0.245583 0.283461
vt 0.229199 0.297420
vt 0.223311 0.288093
vt 0.234420 0.282679
vt 0.766968 0.503987
vt 0.767122 0.496121
vt 0.767122 0.511648
vt 0.933293 0.039621
vt 0.939194 0.033747
vt 0.935708 0.049042
vt 0.937009 0.041933
vt 0.938471 0.045686
vt 0.931579 0.052752
vt 0.938317 0.050701
vt 0.935686 0.053627
vt 0.926300 0.051031
vt 0.929331 0.038834
vt 0.922469 0.044314
vt 0.924973 0.041181
vt 0.924043 0.052873
vt 0.922359 0.048769
vt 0.931805 0.055711
vt 0.927825 0.055101
vt 0.275363 0.522588
vt 0.279813 0.520506
vt 0.276810 0.524434
vt 0.278009 0.519127
vt 0.281012 0.515199
vt 0.289990 0.507192
vt 0.290426 0.502883
vt 0.293756 0.502265
vt 0.273044 0.529361
vt 0.292431 0.511474
vt 0.286212 0.525451
vt 0.248271 0.287837
vt 0.241817 0.288388
vt 0.244820 0.284459
vt 0.245625 0.291298
vt 0.239171 0.291849
vt 0.242622 0.295227
vt 0.235406 0.296775
vt 0.231640 0.301702
vt 0.233208 0.307543
vt 0.227874 0.306628
vt 0.248586 0.279533
vt 0.229199 0.297420
vt 0.224548 0.285313
vt 0.235418 0.283442
vt 0.766968 0.503987
vt 0.767122 0.511648
vt 0.933292 0.039621
vt 0.939194 0.033747
vt 0.935708 0.049042
vt 0.938471 0.045686
vt 0.938317 0.050701
vt 0.935686 0.053627
vt 0.926300 0.051031
vt 0.929282 0.041889
vt 0.934560 0.043609
vt 0.929331 0.038834
vt 0.924973 0.041181
vt 0.922359 0.048769
vt 0.931805 0.055711
vt 0.927825 0.055101
vt 0.277246 0.520125
vt 0.282459 0.517045
vt 0.281012 0.515199
vt 0.289990 0.507192
vt 0.292431 0.511474
vt 0.239171 0.291849
vt 0.242937 0.286923
vt 0.235406 0.296775
vt 0.236974 0.302616
vt 0.231640 0.301702
vt 0.246703 0.281996
vt 0.239424 0.303512
vt 0.229199 0.297420
vt 0.232638 0.282205
vt 0.767122 0.506548
vt 0.935708 0.049042
vt 0.938471 0.045686
vt 0.935686 0.053627
vt 0.934560 0.043609
vt 0.922469 0.044314
vt 0.924973 0.041181
vt 0.924043 0.052873
vt 0.922359 0.048769
vt 0.279892 0.516664
vt 0.297958 0.493030
vt 0.274805 0.515843
vt 0.270560 0.513486
vt 0.270154 0.503736
vt 0.281024 0.501866
vt 0.296676 0.513831
vt 0.298398 0.517758
vt 0.284117 0.523244
vt 0.225676 0.317395
vt 0.248829 0.294582
vt 0.253074 0.296939
vt 0.254796 0.300866
vt 0.253480 0.306689
vt 0.242610 0.308560
vt 0.224954 0.295063
vt 0.223232 0.291135
vt 0.237513 0.285649
vt 0.937724 0.038443
vt 0.929994 0.035795
vt 0.931375 0.031479
vt 0.936137 0.030439
vt 0.287423 0.506811
vt 0.274805 0.515843
vt 0.270154 0.503737
vt 0.281024 0.501866
vt 0.295962 0.525045
vt 0.292034 0.526767
vt 0.284117 0.523244
vt 0.297306 0.514918
vt 0.236211 0.303614
vt 0.248829 0.294582
vt 0.254796 0.300866
vt 0.242610 0.308559
vt 0.225668 0.283848
vt 0.229596 0.282126
vt 0.237513 0.285649
vt 0.224324 0.293976
vt 0.937724 0.038443
vt 0.929994 0.035795
vt 0.931375 0.031479
vt 0.936137 0.030439
vt 0.276019 0.516166
vt 0.272025 0.514606
vt 0.268838 0.509559
vt 0.281024 0.501866
vt 0.297306 0.514918
vt 0.283192 0.521649
vt 0.292034 0.526767
vt 0.225676 0.317395
vt 0.247615 0.294259
vt 0.251609 0.295819
vt 0.254796 0.300866
vt 0.242610 0.308559
vt 0.224324 0.293976
vt 0.238438 0.287245
vt 0.229596 0.282126
vt 0.937724 0.038443
vt 0.929994 0.035795
vt 0.931375 0.031479
vt 0.936137 0.030439
vt 0.297958 0.493030
vt 0.270154 0.503736
vt 0.254796 0.300866
vt 0.223232 0.291135
vt 0.237513 0.285649
vt 0.937724 0.038443
vt 0.929994 0.035795
vt 0.931375 0.031479
vt 0.277246 0.520125
vt 0.280576 0.519508
vt 0.276810 0.524434
vt 0.281012 0.515199
vt 0.283578 0.515579
vt 0.286224 0.512118
vt 0.290426 0.502883
vt 0.295639 0.499802
vt 0.294192 0.497956
vt 0.273044 0.529361
vt 0.275202 0.500550
vt 0.273480 0.525051
vt 0.286212 0.525451
vt 0.246388 0.290300
vt 0.241054 0.289386
vt 0.244820 0.284459
vt 0.242622 0.295227
vt 0.238052 0.293314
vt 0.225991 0.309091
vt 0.229442 0.312469
vt 0.248586 0.279533
vt 0.248433 0.309875
vt 0.250154 0.285374
vt 0.224548 0.285313
vt 0.235418 0.283442
vt 0.766968 0.493561
vt 0.933293 0.039621
vt 0.939194 0.033747
vt 0.935708 0.049042
vt 0.937009 0.041933
vt 0.938471 0.045686
vt 0.938317 0.050701
vt 0.935686 0.053627
vt 0.926300 0.051031
vt 0.929281 0.041889
vt 0.922469 0.044314
vt 0.924973 0.041181
vt 0.927825 0.055101
vt 0.286224 0.512118
vt 0.295639 0.499802
vt 0.294192 0.497956
vt 0.298642 0.495874
vt 0.296838 0.494495
vt 0.269714 0.529978
vt 0.274164 0.527895
vt 0.271161 0.531824
vt 0.275202 0.500550
vt 0.272360 0.526517
vt 0.297845 0.522582
vt 0.239171 0.291849
vt 0.235406 0.296775
vt 0.225991 0.309091
vt 0.229442 0.312469
vt 0.222988 0.313020
vt 0.226796 0.315930
vt 0.253920 0.280448
vt 0.247466 0.280998
vt 0.250469 0.277070
vt 0.248433 0.309875
vt 0.239424 0.303512
vt 0.251274 0.283909
vt 0.223785 0.286311
vt 0.235418 0.283442
vt 0.767122 0.496121
vt 0.767122 0.506547
vt 0.933292 0.039621
vt 0.939194 0.033747
vt 0.937009 0.041933
vt 0.938471 0.045686
vt 0.938317 0.050701
vt 0.935686 0.053627
vt 0.929331 0.038834
vt 0.922469 0.044314
vt 0.924973 0.041181
vt 0.924043 0.052873
vt 0.922359 0.048769
vt 0.931806 0.055711
vt 0.927825 0.055101
vt 0.281696 0.518043
vt 0.278693 0.521971
vt 0.282895 0.512736
vt 0.285541 0.509274
vt 0.288543 0.505346
vt 0.293756 0.502265
vt 0.294192 0.497956
vt 0.297522 0.497339
vt 0.297958 0.493030
vt 0.271597 0.527515
vt 0.298319 0.520800
vt 0.239934 0.290851
vt 0.243742 0.293762
vt 0.237289 0.294312
vt 0.240740 0.297690
vt 0.238094 0.301151
vt 0.231640 0.301702
vt 0.235091 0.305079
vt 0.227874 0.306628
vt 0.224108 0.311554
vt 0.225676 0.317396
vt 0.248433 0.309875
vt 0.240515 0.306353
vt 0.244542 0.294670
vt 0.229199 0.297420
vt 0.223311 0.288093
vt 0.766996 0.509191
vt 0.933293 0.039621
vt 0.939194 0.033747
vt 0.935708 0.049042
vt 0.938471 0.045685
vt 0.938317 0.050701
vt 0.935685 0.053627
vt 0.929331 0.038834
vt 0.922469 0.044314
vt 0.924973 0.041181
vt 0.925151 0.045599
vt 0.924043 0.052873
vt 0.922359 0.048769
vt 0.931805 0.055711
vt 0.927825 0.055101
vt 0.281012 0.515199
vt 0.284778 0.510272
vt 0.288543 0.505346
vt 0.291189 0.501885
vt 0.295639 0.499802
vt 0.294192 0.497956
vt 0.299405 0.494876
vt 0.269714 0.529978
vt 0.274927 0.526897
vt 0.275202 0.500550
vt 0.283119 0.504073
vt 0.273480 0.525051
vt 0.297082 0.523580
vt 0.288992 0.526688
vt 0.246388 0.290300
vt 0.242622 0.295227
vt 0.238857 0.300153
vt 0.231640 0.301702
vt 0.232445 0.308541
vt 0.225991 0.309091
vt 0.229442 0.312469
vt 0.222225 0.314018
vt 0.253920 0.280448
vt 0.246703 0.281996
vt 0.248433 0.309875
vt 0.229199 0.297420
vt 0.224548 0.285313
vt 0.232638 0.282205
vt 0.767122 0.496121
vt 0.933293 0.039621
vt 0.935708 0.049042
vt 0.937009 0.041933
vt 0.938471 0.045685
vt 0.938317 0.050701
vt 0.935685 0.053627
vt 0.934560 0.043609
vt 0.924973 0.041181
vt 0.924043 0.052873
vt 0.922359 0.048769
vt 0.931805 0.055711
vt 0.927825 0.055101
vt 0.269930 0.512399
vt 0.274805 0.515843
vt 0.281024 0.501866
vt 0.298398 0.517758
vt 0.283026 0.520404
vt 0.292035 0.526767
vt 0.253704 0.298026
vt 0.248829 0.294582
vt 0.242610 0.308559
vt 0.223232 0.291135
vt 0.238604 0.288490
vt 0.229595 0.282126
vt 0.937724 0.038443
vt 0.936137 0.030439
vt 0.298721 0.492032
vt 0.268917 0.506517
vt 0.271274 0.502271
vt 0.269005 0.510804
vt 0.298398 0.517758
vt 0.294875 0.525676
vt 0.290206 0.527011
vt 0.224913 0.318394
vt 0.254717 0.303908
vt 0.252360 0.308154
vt 0.254629 0.299621
vt 0.242610 0.308559
vt 0.223232 0.291135
vt 0.226755 0.283218
vt 0.231424 0.281882
vt 0.937724 0.038443
vt 0.929994 0.035795
vt 0.931375 0.031479
vt 0.936137 0.030439
vt 0.284455 0.508741
vt 0.270154 0.503737
vt 0.280026 0.501103
vt 0.282781 0.518576
vt 0.297306 0.514918
vt 0.239180 0.301684
vt 0.253480 0.306689
vt 0.243608 0.309322
vt 0.237513 0.285649
vt 0.238848 0.290318
vt 0.229596 0.282126
vt 0.224324 0.293976
vt 0.937724 0.038443
vt 0.929994 0.035795
vt 0.931375 0.031479
vt 0.936137 0.030439
vt 0.268917 0.506517
vt 0.298398 0.517758
vt 0.254717 0.303908
vt 0.253704 0.298026
vt 0.237513 0.285649
vt 0.223232 0.291135
vt 0.937724 0.038443
vt 0.929994 0.035795
vt 0.358710 0.334659
vt 0.350122 0.318942
vt 0.362275 0.331095
vt 0.364439 0.340388
vt 0.368003 0.336823
vt 0.370376 0.316284
vt 0.370376 0.331095
vt 0.344678 0.320626
vt 0.346558 0.322506
vt 0.343899 0.342760
vt 0.350122 0.316284
vt 0.348242 0.317062
vt 0.358710 0.342760
vt 0.343899 0.322506
s 1
usemtl Bogie.003
f 10/1/1 13/2/1 11/3/1
f 71/4/1 70/5/1 66/6/1
f 97/7/2 107/8/2 98/9/2
f 101/10/2 95/11/2 93/12/2
f 113/13/3 102/14/3 105/15/3
f 96/16/4 103/17/4 94/18/4
f 82/19/4 79/20/4 80/21/4
f 82/22/1 88/23/1 87/24/1
f 81/25/1 92/26/1 83/27/1
f 80/28/5 88/23/5 78/29/5
f 84/30/6 80/31/6 78/32/6
f 79/33/7 83/27/7 77/34/7
f 92/26/8 79/35/8 77/36/8
f 67/37/7 76/38/7 68/39/7
f 76/38/9 86/40/9 85/41/9
f 90/42/10 74/43/10 89/44/10
f 72/45/6 74/43/6 73/46/6
f 78/47/2 83/48/2 84/49/2
f 77/50/11 95/11/11 89/51/11
f 90/52/11 69/53/11 96/16/11
f 99/54/4 108/55/4 100/56/4
f 116/57/12 103/58/12 106/59/12
f 115/60/13 101/61/13 93/12/13
f 114/62/14 104/63/14 96/16/14
f 60/64/2 84/49/2 83/48/2
f 105/65/1 101/66/1 107/8/1
f 108/55/1 103/67/1 104/68/1
f 62/69/15 71/70/15 61/71/15
f 66/72/16 63/73/16 65/74/16
f 61/71/7 109/75/7 62/69/7
f 64/76/6 111/77/6 63/73/6
f 71/78/7 108/79/7 114/62/7
f 69/53/7 105/80/7 97/81/7
f 66/82/6 107/83/6 115/60/6
f 67/84/6 106/85/6 99/86/6
f 34/87/1 37/88/1 35/89/1
f 200/90/1 40/91/1 41/92/1
f 154/93/17 149/94/18 147/95/17
f 156/96/18 150/97/19 149/94/18
f 157/98/19 151/99/20 150/97/19
f 158/100/20 152/101/21 151/99/20
f 159/102/21 153/103/22 152/101/21
f 160/104/22 148/105/23 153/103/22
f 119/106/24 139/107/25 121/108/26
f 121/108/26 138/109/27 122/110/28
f 122/110/28 137/111/29 123/112/29
f 137/111/29 124/113/30 123/112/29
f 136/114/31 125/115/32 124/113/30
f 135/116/33 120/117/34 125/115/32
f 127/118/35 142/119/36 140/120/37
f 132/121/38 143/122/39 142/119/36
f 131/123/40 144/124/41 143/122/39
f 144/124/41 129/125/42 145/126/43
f 145/126/43 128/127/44 146/128/45
f 146/128/45 126/129/46 141/130/47
f 18/131/1 6/132/1 123/133/1
f 309/134/1 310/135/1 318/136/1
f 185/137/1 332/138/1 333/139/1
f 162/140/48 216/141/49 211/142/50
f 167/143/51 215/144/52 216/141/49
f 166/145/53 214/146/54 215/144/52
f 214/146/54 164/147/55 213/148/56
f 213/148/56 163/149/57 212/150/58
f 212/150/58 161/151/59 210/152/60
f 169/153/61 230/154/62 225/155/63
f 174/156/64 229/157/65 230/154/62
f 173/158/66 228/159/67 229/157/65
f 228/159/67 171/160/68 227/161/69
f 227/161/69 170/162/70 226/163/71
f 226/163/71 168/164/72 224/165/73
f 138/109/11 149/94/11 150/97/11
f 252/166/74 247/167/75 245/168/74
f 254/169/75 248/170/76 247/167/75
f 255/171/76 249/172/77 248/170/76
f 256/173/77 250/174/78 249/172/77
f 257/175/78 251/176/79 250/174/78
f 258/177/79 246/178/80 251/176/79
f 266/179/81 261/180/82 259/181/81
f 268/182/82 262/183/83 261/180/82
f 269/184/83 263/185/84 262/183/83
f 270/186/84 264/187/85 263/185/84
f 271/188/85 265/189/86 264/187/85
f 272/190/86 260/191/87 265/189/86
f 281/192/88 275/193/89 273/194/88
f 286/195/89 276/196/90 275/193/89
f 285/197/90 277/198/91 276/196/90
f 284/199/91 278/200/92 277/198/91
f 283/201/92 279/202/93 278/200/92
f 282/203/93 274/204/94 279/202/93
f 176/205/95 240/206/96 238/207/97
f 181/208/98 241/209/99 240/206/96
f 180/210/100 242/211/101 241/209/99
f 242/211/101 178/212/102 243/213/103
f 243/213/103 177/214/104 244/215/105
f 244/215/105 175/216/106 239/217/107
f 189/218/108 223/219/109 191/220/110
f 191/220/110 222/221/111 192/222/112
f 192/222/112 221/223/113 193/224/113
f 221/223/113 194/225/114 193/224/113
f 220/226/115 195/227/116 194/225/114
f 219/228/117 190/229/118 195/227/116
f 196/230/119 209/231/120 198/232/121
f 198/232/121 208/233/122 199/234/123
f 199/234/123 207/235/124 200/236/124
f 207/235/124 201/237/125 200/236/124
f 206/238/126 202/239/127 201/237/125
f 205/240/128 197/241/129 202/239/127
f 182/242/130 237/243/131 184/244/132
f 184/244/132 236/245/133 185/246/134
f 185/246/134 235/247/135 186/248/135
f 235/247/135 187/249/136 186/248/135
f 234/250/137 188/251/138 187/249/136
f 233/252/139 183/253/140 188/251/138
f 126/254/46 211/255/50 141/256/47
f 161/151/59 225/155/63 210/152/60
f 168/257/72 238/258/97 224/259/73
f 239/217/107 127/118/35 140/120/37
f 217/260/141 182/261/130 190/262/118
f 133/263/142 196/264/119 120/265/34
f 266/179/81 246/178/80 253/266/80
f 155/267/23 245/268/74 148/269/23
f 267/270/87 273/271/88 260/272/87
f 147/95/17 280/273/94 154/93/17
f 343/274/1 336/275/1 335/276/1
f 362/277/4 73/278/4 91/279/4
f 276/196/11 277/198/11 235/247/11
f 271/188/143 228/159/1 226/163/1
f 266/179/1 210/152/1 225/155/1
f 16/280/1 22/281/1 23/282/1
f 59/283/4 355/284/4 354/285/4
f 51/286/1 44/287/1 43/288/1
f 326/289/1 328/290/1 329/291/1
f 316/292/1 303/293/1 312/294/1
f 54/295/1 307/296/1 308/297/1
f 46/298/1 319/299/1 320/300/1
f 338/301/1 339/302/1 24/303/1
f 311/304/143 314/305/144 315/306/1
f 56/307/2 298/308/2 297/309/2
f 3/310/145 231/311/145 7/312/145
f 31/313/146 34/87/146 218/314/147
f 328/290/7 325/315/7 58/316/7
f 363/317/7 13/2/7 12/318/7
f 307/296/6 59/319/6 364/320/6
f 57/321/6 36/322/6 30/323/6
f 361/324/1 357/325/1 290/326/1
f 347/327/1 349/328/1 295/329/1
f 252/330/1 141/256/1 211/255/1
f 204/331/11 148/269/11 245/268/11
f 232/332/11 275/193/11 237/243/11
f 255/171/148 216/141/1 214/146/1
f 280/273/1 239/217/1 140/120/1
f 281/333/1 224/259/1 238/258/1
f 218/314/11 203/334/11 246/178/11
f 217/260/11 273/271/11 232/335/11
f 10/1/1 12/318/1 13/2/1
f 65/336/1 99/54/1 100/56/1
f 65/336/1 100/56/1 71/4/1
f 97/7/1 98/9/1 66/6/1
f 66/6/1 65/336/1 71/4/1
f 70/5/1 97/7/1 66/6/1
f 97/7/2 105/65/2 107/8/2
f 101/10/2 102/337/2 95/11/2
f 113/13/3 95/11/3 102/14/3
f 96/16/4 104/338/4 103/17/4
f 82/19/4 81/339/4 79/20/4
f 82/22/1 84/30/1 88/23/1
f 81/25/1 91/340/1 92/26/1
f 80/28/5 87/24/5 88/23/5
f 84/30/6 82/22/6 80/31/6
f 79/33/7 81/25/7 83/27/7
f 92/26/8 91/340/8 79/35/8
f 67/37/7 75/341/7 76/38/7
f 76/38/9 75/341/9 86/40/9
f 90/42/10 73/46/10 74/43/10
f 72/45/6 69/342/6 74/43/6
f 78/47/2 77/343/2 83/48/2
f 77/50/11 93/12/11 95/11/11
f 93/12/11 77/50/11 78/344/11
f 93/12/11 78/344/11 85/345/11
f 68/346/11 115/60/11 93/12/11
f 94/18/11 116/57/11 67/84/11
f 67/84/11 68/346/11 93/12/11
f 93/12/11 85/345/11 86/347/11
f 86/347/11 80/348/11 79/349/11
f 90/52/11 89/51/11 95/11/11
f 86/347/11 79/349/11 90/52/11
f 67/84/11 93/12/11 86/347/11
f 96/16/11 94/18/11 67/84/11
f 72/350/11 114/62/11 96/16/11
f 95/11/11 113/13/11 69/53/11
f 69/53/11 72/350/11 96/16/11
f 96/16/11 67/84/11 86/347/11
f 90/52/11 95/11/11 69/53/11
f 96/16/11 86/347/11 90/52/11
f 99/54/4 106/351/4 108/55/4
f 116/57/12 94/18/12 103/58/12
f 115/60/13 107/352/13 101/61/13
f 114/62/14 108/353/14 104/63/14
f 70/354/2 62/355/2 109/356/2
f 109/356/2 364/357/2 60/64/2
f 60/64/149 112/358/149 64/359/149
f 64/359/2 66/360/2 68/361/2
f 76/362/2 85/363/2 78/47/2
f 64/359/2 68/361/2 76/362/2
f 69/364/2 70/354/2 109/356/2
f 77/343/2 89/365/2 74/366/2
f 74/366/2 69/364/2 109/356/2
f 60/64/2 64/359/2 76/362/2
f 76/362/2 78/47/2 88/367/2
f 60/64/2 76/362/2 88/367/2
f 74/366/2 109/356/2 60/64/2
f 92/368/2 77/343/2 74/366/2
f 92/368/2 74/366/2 60/64/2
f 60/64/2 88/367/2 84/49/2
f 83/48/2 92/368/2 60/64/2
f 105/65/1 102/369/1 101/66/1
f 108/55/1 106/351/1 103/67/1
f 62/69/15 70/370/15 71/70/15
f 66/72/16 64/76/16 63/73/16
f 61/71/7 110/371/7 109/75/7
f 64/76/6 112/372/6 111/77/6
f 114/62/7 72/350/7 71/78/7
f 71/78/7 100/373/7 108/79/7
f 97/81/7 70/374/7 69/53/7
f 69/53/7 113/13/7 105/80/7
f 115/60/6 68/346/6 66/82/6
f 66/82/6 98/375/6 107/83/6
f 99/86/6 65/376/6 67/84/6
f 67/84/6 116/57/6 106/85/6
f 34/87/1 36/322/1 37/88/1
f 117/377/1 196/378/1 198/379/1
f 198/379/1 199/380/1 200/90/1
f 200/90/1 201/381/1 202/382/1
f 202/382/1 197/241/1 32/383/1
f 32/383/1 48/384/1 42/385/1
f 32/383/1 42/385/1 38/386/1
f 200/90/1 202/382/1 32/383/1
f 117/377/1 198/379/1 200/90/1
f 49/387/1 33/388/1 117/377/1
f 41/92/1 45/389/1 49/387/1
f 41/92/1 49/387/1 117/377/1
f 200/90/1 32/383/1 38/386/1
f 200/90/1 38/386/1 39/390/1
f 41/92/1 117/377/1 200/90/1
f 200/90/1 39/390/1 40/91/1
f 154/93/17 156/96/18 149/94/18
f 156/96/18 157/98/19 150/97/19
f 157/98/19 158/100/20 151/99/20
f 158/100/20 159/102/21 152/101/21
f 159/102/21 160/104/22 153/103/22
f 160/104/22 155/391/23 148/105/23
f 119/106/24 134/392/24 139/107/25
f 121/108/26 139/107/25 138/109/27
f 122/110/28 138/109/27 137/111/29
f 137/111/29 136/114/31 124/113/30
f 136/114/31 135/116/33 125/115/32
f 135/116/33 133/393/142 120/117/34
f 127/118/35 132/121/38 142/119/36
f 132/121/38 131/123/40 143/122/39
f 131/123/40 130/394/41 144/124/41
f 144/124/41 130/394/41 129/125/42
f 145/126/43 129/125/42 128/127/44
f 146/128/45 128/127/44 126/129/46
f 124/395/1 125/396/1 120/397/1
f 120/397/1 118/398/1 4/399/1
f 4/399/1 17/400/1 21/401/1
f 20/402/1 19/403/1 18/131/1
f 120/397/1 4/399/1 21/401/1
f 120/397/1 21/401/1 20/402/1
f 123/133/1 124/395/1 120/397/1
f 121/404/1 122/405/1 123/133/1
f 6/132/1 119/106/1 121/404/1
f 14/406/1 23/282/1 6/132/1
f 120/397/1 20/402/1 18/131/1
f 18/131/1 14/406/1 6/132/1
f 6/132/1 121/404/1 123/133/1
f 123/133/1 120/397/1 18/131/1
f 191/407/1 192/408/1 193/409/1
f 193/409/1 194/410/1 195/411/1
f 195/411/1 190/412/1 5/413/1
f 5/413/1 316/292/1 315/306/1
f 315/306/150 314/305/151 313/414/150
f 5/413/1 315/306/1 313/414/1
f 193/409/1 195/411/1 5/413/1
f 189/218/1 191/407/1 193/409/1
f 318/136/1 304/415/1 189/218/1
f 323/416/1 324/417/1 318/136/1
f 312/294/1 303/293/1 317/418/1
f 317/418/1 323/416/1 318/136/1
f 318/136/1 189/218/1 193/409/1
f 193/409/1 5/413/1 313/414/1
f 318/136/1 193/409/1 313/414/1
f 312/294/1 317/418/1 318/136/1
f 311/304/143 312/294/1 318/136/1
f 318/136/1 313/414/1 309/134/1
f 310/135/1 311/304/143 318/136/1
f 327/419/1 9/420/1 182/421/1
f 182/421/1 184/422/1 185/137/1
f 185/137/1 186/423/1 187/424/1
f 187/424/1 188/425/1 183/253/1
f 183/253/1 2/426/1 340/427/1
f 340/427/1 334/428/1 330/429/1
f 183/253/1 340/427/1 330/429/1
f 185/137/1 187/424/1 183/253/1
f 327/419/1 182/421/1 185/137/1
f 337/430/1 341/431/1 327/419/1
f 333/139/1 337/430/1 327/419/1
f 185/137/1 183/253/1 330/429/1
f 185/137/1 330/429/1 331/432/1
f 333/139/1 327/419/1 185/137/1
f 185/137/1 331/432/1 332/138/1
f 162/140/48 167/143/51 216/141/49
f 167/143/51 166/145/53 215/144/52
f 166/145/53 165/433/54 214/146/54
f 214/146/54 165/433/54 164/147/55
f 213/148/56 164/147/55 163/149/57
f 212/150/58 163/149/57 161/151/59
f 169/153/61 174/156/64 230/154/62
f 174/156/64 173/158/66 229/157/65
f 173/158/66 172/434/67 228/159/67
f 228/159/67 172/434/67 171/160/68
f 227/161/69 171/160/68 170/162/70
f 226/163/71 170/162/70 168/164/72
f 153/103/152 148/105/11 133/393/11
f 133/393/11 135/116/11 136/114/11
f 136/114/11 137/111/11 138/109/11
f 138/109/11 139/107/11 134/392/11
f 231/311/11 233/252/11 234/250/11
f 234/250/11 278/200/11 279/202/11
f 231/311/11 234/250/11 279/202/11
f 153/103/152 133/393/11 136/114/11
f 152/101/11 153/103/152 136/114/11
f 231/311/11 279/202/11 274/204/11
f 231/311/11 274/204/11 147/95/11
f 151/99/11 152/101/11 136/114/11
f 151/99/11 136/114/11 138/109/11
f 134/392/11 231/311/11 147/95/11
f 134/392/11 147/95/11 149/94/11
f 150/97/11 151/99/11 138/109/11
f 138/109/11 134/392/11 149/94/11
f 252/166/74 254/169/75 247/167/75
f 254/169/75 255/171/76 248/170/76
f 255/171/76 256/173/77 249/172/77
f 256/173/77 257/175/78 250/174/78
f 257/175/78 258/177/79 251/176/79
f 258/177/79 253/266/80 246/178/80
f 266/179/81 268/182/82 261/180/82
f 268/182/82 269/184/83 262/183/83
f 269/184/83 270/186/84 263/185/84
f 270/186/84 271/188/85 264/187/85
f 271/188/85 272/190/86 265/189/86
f 272/190/86 267/435/87 260/191/87
f 281/192/88 286/195/89 275/193/89
f 286/195/89 285/197/90 276/196/90
f 285/197/90 284/199/91 277/198/91
f 284/199/91 283/201/92 278/200/92
f 283/201/92 282/203/93 279/202/93
f 282/203/93 280/273/94 274/204/94
f 176/205/95 181/208/98 240/206/96
f 181/208/98 180/210/100 241/209/99
f 180/210/100 179/436/101 242/211/101
f 242/211/101 179/436/101 178/212/102
f 243/213/103 178/212/102 177/214/104
f 244/215/105 177/214/104 175/216/106
f 189/218/108 218/314/108 223/219/109
f 191/220/110 223/219/109 222/221/111
f 192/222/112 222/221/111 221/223/113
f 221/223/113 220/226/115 194/225/114
f 220/226/115 219/228/117 195/227/116
f 219/228/117 217/437/141 190/229/118
f 196/230/119 204/438/153 209/231/120
f 198/232/121 209/231/120 208/233/122
f 199/234/123 208/233/122 207/235/124
f 207/235/124 206/238/126 201/237/125
f 206/238/126 205/240/128 202/239/127
f 205/240/128 203/334/129 197/241/129
f 182/242/130 232/332/154 237/243/131
f 184/244/132 237/243/131 236/245/133
f 185/246/134 236/245/133 235/247/135
f 235/247/135 234/250/137 187/249/136
f 234/250/137 233/252/139 188/251/138
f 233/252/139 231/311/140 183/253/140
f 126/254/46 162/439/48 211/255/50
f 161/151/59 169/153/61 225/155/63
f 168/257/72 176/440/95 238/258/97
f 239/217/107 175/216/106 127/118/35
f 217/260/141 232/335/154 182/261/130
f 133/263/142 204/331/153 196/264/119
f 266/179/81 259/181/81 246/178/80
f 155/267/23 252/330/74 245/268/74
f 267/270/87 281/333/88 273/271/88
f 147/95/17 274/204/94 280/273/94
f 335/276/1 334/428/1 340/427/1
f 340/427/1 342/441/1 343/274/1
f 343/274/1 341/431/1 337/430/1
f 336/275/1 332/138/1 331/432/1
f 343/274/1 337/430/1 336/275/1
f 335/276/1 340/427/1 343/274/1
f 336/275/1 331/432/1 335/276/1
f 65/442/4 63/73/4 111/77/4
f 111/77/4 363/443/4 362/277/4
f 110/371/4 61/71/4 71/444/4
f 67/445/4 65/442/4 111/77/4
f 80/21/4 86/446/4 75/447/4
f 75/447/4 67/445/4 111/77/4
f 362/277/4 110/371/4 71/444/4
f 362/277/4 71/444/4 72/448/4
f 75/447/4 111/77/4 362/277/4
f 87/449/4 80/21/4 75/447/4
f 81/339/155 82/19/155 87/449/155
f 90/450/4 79/20/4 91/279/4
f 81/339/156 87/449/156 75/447/156
f 73/278/4 90/450/4 91/279/4
f 81/339/4 75/447/4 362/277/4
f 91/279/4 81/339/4 362/277/4
f 362/277/4 72/448/4 73/278/4
f 235/247/11 236/245/11 237/243/11
f 237/243/11 275/193/11 276/196/11
f 277/198/11 278/200/11 234/250/11
f 235/247/11 237/243/11 276/196/11
f 277/198/11 234/250/11 235/247/11
f 226/163/1 224/165/1 267/435/1
f 226/163/1 267/435/1 272/190/1
f 228/159/1 227/161/1 226/163/1
f 269/184/1 229/157/1 228/159/1
f 270/186/1 269/184/1 228/159/1
f 226/163/1 272/190/1 271/188/143
f 271/188/143 270/186/1 228/159/1
f 225/155/1 230/154/1 229/157/1
f 229/157/1 269/184/1 268/182/1
f 225/155/1 229/157/1 268/182/1
f 258/177/1 212/150/1 210/152/1
f 253/266/1 258/177/1 210/152/1
f 225/155/1 268/182/1 266/179/1
f 266/179/1 253/266/1 210/152/1
f 15/451/1 19/403/1 20/402/1
f 16/280/1 17/400/1 4/399/1
f 15/451/1 20/402/1 16/280/1
f 23/282/1 14/406/1 15/451/1
f 28/452/1 29/453/1 23/282/1
f 16/280/1 4/399/1 22/281/1
f 22/281/1 28/452/1 23/282/1
f 23/282/1 15/451/1 16/280/1
f 9/454/4 58/455/4 59/283/4
f 59/283/4 5/456/4 291/457/4
f 59/283/4 291/457/4 292/458/4
f 354/285/157 9/454/157 59/283/157
f 59/283/4 292/458/4 355/284/4
f 43/288/1 42/385/1 48/384/1
f 48/384/1 50/459/1 51/286/1
f 51/286/1 49/387/1 45/389/1
f 44/287/1 40/91/1 39/390/1
f 51/286/1 45/389/1 44/287/1
f 43/288/1 48/384/1 51/286/1
f 44/287/1 39/390/1 43/288/1
f 326/289/1 1/460/1 328/290/1
f 316/292/1 5/413/1 303/293/1
f 54/295/1 55/461/1 307/296/1
f 306/462/158 109/463/158 110/464/158
f 110/464/1 30/323/1 46/298/1
f 46/298/1 52/465/1 53/466/1
f 47/467/1 31/313/1 305/468/1
f 46/298/1 53/466/1 47/467/1
f 306/462/1 110/464/1 46/298/1
f 321/469/1 322/470/1 320/300/1
f 320/300/1 306/462/1 46/298/1
f 46/298/1 47/467/1 305/468/1
f 319/299/1 321/469/1 320/300/1
f 46/298/1 305/468/1 319/299/1
f 111/471/1 112/472/1 325/315/1
f 338/301/1 344/473/1 345/474/1
f 111/471/1 325/315/1 338/301/1
f 25/475/1 8/476/1 111/471/1
f 26/477/1 27/478/1 25/475/1
f 3/310/1 7/312/1 24/303/1
f 24/303/1 26/477/1 25/475/1
f 25/475/1 111/471/1 338/301/1
f 338/301/1 345/474/1 339/302/1
f 339/302/1 3/310/1 24/303/1
f 24/303/1 25/475/1 338/301/1
f 311/304/143 310/135/1 314/305/144
f 117/479/2 57/480/2 56/307/2
f 56/307/2 118/481/2 288/482/2
f 56/307/2 288/482/2 287/483/2
f 297/309/2 117/479/2 56/307/2
f 56/307/2 287/483/2 298/308/2
f 2/426/6 183/253/6 231/311/6
f 231/311/6 134/392/6 119/106/6
f 119/106/158 6/132/158 10/1/158
f 231/311/6 119/106/6 10/1/145
f 326/289/159 2/426/159 231/311/159
f 1/460/159 326/289/159 231/311/159
f 231/311/6 10/1/6 11/3/6
f 231/311/6 11/3/6 7/312/159
f 3/310/145 1/460/159 231/311/145
f 218/314/7 189/218/7 304/415/7
f 218/314/7 304/415/7 55/461/7
f 197/241/7 203/334/7 218/314/160
f 35/89/161 32/383/161 197/241/161
f 35/89/147 197/241/7 218/314/160
f 218/314/147 55/461/7 54/295/147
f 218/314/147 54/295/147 305/468/147
f 34/87/7 35/89/147 218/314/160
f 218/314/147 305/468/147 31/313/146
f 325/315/7 112/472/7 60/484/7
f 58/316/7 9/420/7 327/419/7
f 58/316/7 327/419/7 329/291/7
f 325/315/7 60/484/7 58/316/7
f 58/316/7 329/291/7 328/290/7
f 118/398/7 56/485/7 363/317/7
f 363/317/7 111/471/7 8/476/7
f 4/399/7 118/398/7 363/317/7
f 12/318/7 4/399/7 363/317/7
f 363/317/7 8/476/7 13/2/7
f 364/320/6 109/463/6 306/462/6
f 364/320/6 306/462/6 308/297/6
f 303/293/6 5/413/6 59/319/6
f 364/320/6 308/297/6 307/296/6
f 307/296/6 303/293/6 59/319/6
f 30/323/6 110/464/6 362/486/6
f 57/321/6 117/377/6 33/388/6
f 57/321/6 33/388/6 37/88/6
f 30/323/6 362/486/6 57/321/6
f 57/321/6 37/88/6 36/322/6
f 291/457/1 5/456/1 190/262/1
f 182/261/1 9/454/1 354/285/1
f 356/487/1 358/488/1 360/489/1
f 182/261/1 354/285/1 356/487/1
f 346/490/1 291/457/1 190/262/1
f 353/491/1 351/492/1 346/490/1
f 290/326/1 350/493/1 352/494/1
f 353/491/1 346/490/1 190/262/1
f 352/494/1 353/491/1 190/262/1
f 182/261/1 356/487/1 360/489/1
f 361/324/1 359/495/1 357/325/1
f 182/261/1 360/489/1 361/324/1
f 352/494/1 190/262/1 182/261/1
f 355/284/1 292/458/1 290/326/1
f 290/326/1 352/494/1 182/261/1
f 290/326/1 182/261/1 361/324/1
f 357/325/1 355/284/1 290/326/1
f 196/264/1 117/479/1 297/309/1
f 348/496/1 299/497/1 301/498/1
f 196/264/1 297/309/1 348/496/1
f 288/482/1 118/481/1 120/265/1
f 296/499/1 294/500/1 289/501/1
f 289/501/1 288/482/1 120/265/1
f 196/264/1 348/496/1 301/498/1
f 302/502/1 300/503/1 347/327/1
f 196/264/1 301/498/1 302/502/1
f 296/499/1 289/501/1 120/265/1
f 349/328/1 293/504/1 295/329/1
f 295/329/1 296/499/1 120/265/1
f 120/265/1 196/264/1 302/502/1
f 347/327/1 298/308/1 287/483/1
f 120/265/1 302/502/1 347/327/1
f 295/329/1 120/265/1 347/327/1
f 347/327/1 287/483/1 349/328/1
f 252/330/1 155/267/1 141/256/1
f 204/331/11 133/263/11 148/269/11
f 232/332/11 273/194/11 275/193/11
f 214/146/1 213/148/1 212/150/1
f 212/150/1 258/177/1 257/175/1
f 214/146/1 212/150/1 257/175/1
f 216/141/1 215/144/1 214/146/1
f 252/166/1 211/142/1 216/141/1
f 254/169/1 252/166/1 216/141/1
f 214/146/1 257/175/1 256/173/1
f 255/171/148 254/169/1 216/141/1
f 214/146/1 256/173/1 255/171/148
f 146/128/1 141/130/1 155/391/1
f 146/128/1 155/391/1 160/104/1
f 144/124/1 145/126/1 146/128/1
f 142/119/1 143/122/1 144/124/1
f 243/213/1 244/215/1 239/217/1
f 241/209/1 242/211/1 243/213/1
f 238/207/1 240/206/1 241/209/1
f 286/195/1 281/192/1 238/207/1
f 286/195/1 238/207/1 241/209/1
f 146/128/1 160/104/1 159/102/1
f 144/124/1 146/128/1 159/102/1
f 285/197/1 286/195/1 241/209/1
f 284/199/1 285/197/1 241/209/1
f 144/124/1 159/102/1 158/100/1
f 144/124/1 158/100/1 157/98/1
f 284/199/1 241/209/1 243/213/1
f 283/201/1 284/199/1 243/213/1
f 142/119/1 144/124/1 157/98/1
f 142/119/1 157/98/1 156/96/1
f 282/203/1 283/201/1 243/213/1
f 282/203/1 243/213/1 239/217/1
f 140/120/1 142/119/1 156/96/1
f 140/120/1 156/96/1 154/93/1
f 280/273/1 282/203/1 239/217/1
f 140/120/1 154/93/1 280/273/1
f 281/333/1 267/270/1 224/259/1
f 265/189/11 260/191/11 217/437/11
f 217/437/11 219/228/11 220/226/11
f 220/226/11 221/223/11 222/221/11
f 222/221/11 223/219/11 218/314/11
f 203/334/11 205/240/11 206/238/11
f 206/238/11 207/235/11 208/233/11
f 208/233/11 209/231/11 204/438/11
f 204/438/11 245/168/11 247/167/11
f 208/233/11 204/438/11 247/167/11
f 265/189/11 217/437/11 220/226/11
f 264/187/11 265/189/11 220/226/11
f 208/233/11 247/167/11 248/170/11
f 208/233/11 248/170/11 249/172/11
f 263/185/11 264/187/11 220/226/11
f 263/185/11 220/226/11 222/221/11
f 206/238/11 208/233/11 249/172/11
f 206/238/11 249/172/11 250/174/11
f 262/183/11 263/185/11 222/221/11
f 261/180/11 262/183/11 222/221/11
f 206/238/11 250/174/11 251/176/11
f 203/334/11 206/238/11 251/176/11
f 261/180/11 222/221/11 218/314/11
f 259/181/11 261/180/11 218/314/11
f 203/334/11 251/176/11 246/178/11
f 246/178/11 259/181/11 218/314/11
f 217/260/11 260/272/11 273/271/11
f 365/505/11 368/506/11 372/507/11
f 370/508/1 413/509/1 416/510/1
f 366/511/1 374/512/1 375/513/1
f 382/514/4 372/515/4 384/516/4
f 365/517/2 391/518/2 389/519/2
f 375/520/4 383/521/4 371/522/4
f 381/523/162 387/524/162 383/521/162
f 385/525/4 388/526/4 387/524/4
f 384/516/163 386/527/163 382/514/163
f 390/528/2 374/529/2 366/530/2
f 390/528/164 396/531/164 392/532/164
f 393/533/2 396/531/2 394/534/2
f 391/518/165 393/533/165 389/519/165
f 377/535/4 399/536/4 401/537/4
f 370/538/2 404/539/2 398/540/2
f 397/541/2 379/542/2 369/543/2
f 398/544/6 409/545/6 397/546/6
f 402/547/4 368/548/4 378/549/4
f 402/547/163 406/550/163 400/551/163
f 407/552/4 406/550/4 408/553/4
f 399/536/162 407/552/162 401/537/162
f 400/554/6 405/555/6 399/556/6
f 410/557/2 411/558/2 409/545/2
f 403/559/165 409/545/165 411/558/165
f 404/539/164 410/557/164 398/540/164
f 418/560/1 415/561/1 414/562/1
f 444/563/6 445/564/159 376/565/6
f 428/566/6 429/567/166 374/512/6
f 460/507/11 456/506/11 457/568/11
f 508/569/1 455/570/1 507/571/1
f 463/513/1 454/511/1 505/572/1
f 460/515/4 470/514/4 472/516/4
f 479/518/2 453/517/2 477/519/2
f 471/521/4 463/520/4 459/522/4
f 475/524/162 469/523/162 471/521/162
f 476/526/4 473/525/4 475/524/4
f 474/527/163 472/516/163 470/514/163
f 462/529/2 478/528/2 454/530/2
f 484/531/164 478/528/164 480/532/164
f 484/531/2 481/533/2 482/534/2
f 481/533/165 479/518/165 477/519/165
f 487/536/4 465/535/4 489/537/4
f 492/539/2 458/538/2 486/540/2
f 467/542/2 485/541/2 457/543/2
f 497/545/7 486/544/7 485/546/7
f 456/548/4 490/547/4 466/549/4
f 494/550/163 490/547/163 488/551/163
f 494/550/4 495/552/4 496/553/4
f 495/552/162 487/536/162 489/537/162
f 493/555/7 488/554/7 487/556/7
f 499/558/2 498/557/2 497/545/2
f 491/559/165 497/545/165 485/541/165
f 498/557/164 492/539/164 486/540/164
f 503/561/1 506/560/1 502/562/1
f 464/565/7 531/573/7 530/574/7
f 462/512/7 517/567/147 516/566/7
f 548/507/11 544/506/11 545/568/11
f 596/569/1 543/570/1 595/571/1
f 551/513/1 542/511/1 593/572/1
f 548/515/2 558/514/2 560/516/2
f 567/518/4 541/517/4 565/519/4
f 559/521/2 551/520/2 547/522/2
f 563/524/164 557/523/164 559/521/164
f 564/526/2 561/525/2 563/524/2
f 562/527/165 560/516/165 558/514/165
f 550/529/4 566/528/4 542/530/4
f 572/531/162 566/528/162 568/532/162
f 572/531/4 569/533/4 570/534/4
f 569/533/163 567/518/163 565/519/163
f 575/536/2 553/535/2 577/537/2
f 580/539/4 546/538/4 574/540/4
f 555/542/4 573/541/4 545/543/4
f 585/545/6 574/544/6 573/546/6
f 544/548/2 578/547/2 554/549/2
f 582/550/165 578/547/165 576/551/165
f 582/550/2 583/552/2 584/553/2
f 583/552/164 575/536/164 577/537/164
f 581/555/6 576/554/6 575/556/6
f 587/558/4 586/557/4 585/545/4
f 579/559/163 585/545/163 573/541/163
f 586/557/162 580/539/162 574/540/162
f 591/561/1 594/560/1 590/562/1
f 552/565/6 619/573/6 618/574/6
f 550/512/6 605/567/166 604/566/6
f 629/505/11 632/506/11 636/507/11
f 634/508/1 677/509/1 680/510/1
f 630/511/1 638/512/1 639/513/1
f 646/514/2 636/515/2 648/516/2
f 629/517/4 655/518/4 653/519/4
f 639/520/2 647/521/2 635/522/2
f 645/523/164 651/524/164 647/521/164
f 649/525/2 652/526/2 651/524/2
f 648/516/165 650/527/165 646/514/165
f 654/528/4 638/529/4 630/530/4
f 654/528/162 660/531/162 656/532/162
f 657/533/4 660/531/4 658/534/4
f 655/518/163 657/533/163 653/519/163
f 641/535/2 663/536/2 665/537/2
f 634/538/4 668/539/4 662/540/4
f 661/541/4 643/542/4 633/543/4
f 662/544/7 673/545/7 661/546/7
f 666/547/2 632/548/2 642/549/2
f 666/547/165 670/550/165 664/551/165
f 671/552/2 670/550/2 672/553/2
f 663/536/164 671/552/164 665/537/164
f 664/554/7 669/555/7 663/556/7
f 674/557/4 675/558/4 673/545/4
f 667/559/163 673/545/163 675/558/163
f 668/539/162 674/557/162 662/540/162
f 682/560/1 679/561/1 678/562/1
f 708/563/7 709/564/160 640/565/7
f 692/566/7 693/567/147 638/512/7
f 369/568/11 379/575/11 378/576/11
f 369/568/11 378/576/11 368/506/11
f 376/565/11 373/577/11 365/505/11
f 365/505/11 369/568/11 368/506/11
f 372/507/11 376/565/11 365/505/11
f 419/571/1 418/560/1 417/572/1
f 417/572/1 371/578/1 367/570/1
f 367/570/1 377/579/1 380/580/1
f 367/570/1 380/580/1 370/508/1
f 419/571/1 417/572/1 367/570/1
f 420/569/1 419/571/1 367/570/1
f 370/508/1 366/511/1 413/509/1
f 413/509/11 414/562/11 415/561/11
f 416/510/1 420/569/1 367/570/1
f 413/509/1 415/561/1 416/510/1
f 416/510/1 367/570/1 370/508/1
f 375/513/1 371/578/1 417/572/1
f 417/572/1 413/509/1 366/511/1
f 375/513/1 417/572/1 366/511/1
f 382/514/4 376/581/4 372/515/4
f 365/517/2 373/582/2 391/518/2
f 375/520/4 381/523/4 383/521/4
f 381/523/162 385/525/162 387/524/162
f 385/525/4 386/527/4 388/526/4
f 384/516/163 388/526/163 386/527/163
f 390/528/2 392/532/2 374/529/2
f 390/528/164 394/534/164 396/531/164
f 393/533/2 395/583/2 396/531/2
f 391/518/165 395/583/165 393/533/165
f 377/535/4 367/584/4 399/536/4
f 370/538/2 380/585/2 404/539/2
f 397/541/2 403/559/2 379/542/2
f 398/544/6 410/557/6 409/545/6
f 402/547/4 400/551/4 368/548/4
f 402/547/163 408/553/163 406/550/163
f 407/552/4 405/555/4 406/550/4
f 399/536/162 405/555/162 407/552/162
f 400/554/6 406/550/6 405/555/6
f 410/557/2 412/586/2 411/558/2
f 403/559/165 397/541/165 409/545/165
f 404/539/164 412/586/164 410/557/164
f 418/560/1 419/571/1 415/561/1
f 382/587/6 386/527/6 385/525/6
f 385/525/6 435/588/6 436/589/6
f 385/525/6 436/589/6 437/590/6
f 382/587/6 385/525/6 437/590/6
f 382/587/6 437/590/6 438/591/6
f 450/592/6 391/593/6 373/577/6
f 449/594/6 450/592/6 373/577/6
f 376/565/6 382/587/6 438/591/6
f 376/565/6 438/591/6 439/595/6
f 448/596/6 449/594/6 373/577/6
f 447/597/6 448/596/6 373/577/6
f 376/565/6 439/595/6 440/598/6
f 376/565/6 440/598/6 441/599/6
f 446/600/6 447/597/6 373/577/6
f 445/564/159 446/600/6 373/577/6
f 376/565/6 441/599/6 442/574/6
f 376/565/6 442/574/6 443/573/6
f 445/564/159 373/577/6 376/565/6
f 376/565/6 443/573/6 444/563/6
f 392/601/6 396/531/6 395/583/6
f 395/583/6 391/593/6 450/592/6
f 395/583/6 450/592/6 451/602/6
f 395/583/6 451/602/6 452/603/6
f 395/583/6 452/603/6 421/604/6
f 392/601/6 395/583/6 421/604/6
f 392/601/6 421/604/6 422/605/6
f 435/588/6 385/525/6 381/606/6
f 434/607/6 435/588/6 381/606/6
f 374/512/6 392/601/6 422/605/6
f 374/512/6 422/605/6 423/608/6
f 434/607/6 381/606/6 375/513/6
f 433/609/6 434/607/6 375/513/6
f 374/512/6 423/608/6 424/610/6
f 374/512/6 424/610/6 425/611/6
f 432/612/6 433/609/6 375/513/6
f 431/613/6 432/612/6 375/513/6
f 374/512/6 425/611/6 426/614/6
f 374/512/6 426/614/6 427/615/6
f 430/616/6 431/613/6 375/513/6
f 429/567/166 430/616/6 375/513/6
f 374/512/6 427/615/6 428/566/6
f 429/567/166 375/513/6 374/512/6
f 453/505/11 461/577/11 464/565/11
f 453/505/11 464/565/11 460/507/11
f 466/576/11 467/575/11 457/568/11
f 457/568/11 453/505/11 460/507/11
f 456/506/11 466/576/11 457/568/11
f 504/510/11 503/561/11 502/562/11
f 504/510/1 502/562/1 501/509/1
f 504/510/1 501/509/1 454/511/1
f 458/508/1 468/580/1 465/579/1
f 504/510/1 454/511/1 458/508/1
f 508/569/1 504/510/1 458/508/1
f 458/508/1 465/579/1 455/570/1
f 455/570/1 459/578/1 505/572/1
f 505/572/1 506/560/1 507/571/1
f 508/569/1 458/508/1 455/570/1
f 455/570/1 505/572/1 507/571/1
f 505/572/1 459/578/1 463/513/1
f 463/513/1 462/512/1 454/511/1
f 454/511/1 501/509/1 505/572/1
f 460/515/4 464/581/4 470/514/4
f 479/518/2 461/582/2 453/517/2
f 471/521/4 469/523/4 463/520/4
f 475/524/162 473/525/162 469/523/162
f 476/526/4 474/527/4 473/525/4
f 474/527/163 476/526/163 472/516/163
f 462/529/2 480/532/2 478/528/2
f 484/531/164 482/534/164 478/528/164
f 484/531/2 483/583/2 481/533/2
f 481/533/165 483/583/165 479/518/165
f 487/536/4 455/584/4 465/535/4
f 492/539/2 468/585/2 458/538/2
f 467/542/2 491/559/2 485/541/2
f 497/545/7 498/557/7 486/544/7
f 456/548/4 488/551/4 490/547/4
f 494/550/163 496/553/163 490/547/163
f 494/550/4 493/555/4 495/552/4
f 495/552/162 493/555/162 487/536/162
f 493/555/7 494/550/7 488/554/7
f 499/558/2 500/586/2 498/557/2
f 491/559/165 499/558/165 497/545/165
f 498/557/164 500/586/164 492/539/164
f 503/561/1 507/571/1 506/560/1
f 461/577/7 479/593/7 538/592/7
f 461/577/7 538/592/7 537/594/7
f 473/525/7 474/527/7 470/587/7
f 524/589/7 523/588/7 473/525/7
f 525/590/7 524/589/7 473/525/7
f 525/590/7 473/525/7 470/587/7
f 526/591/7 525/590/7 470/587/7
f 461/577/7 537/594/7 536/596/7
f 461/577/7 536/596/7 535/597/7
f 526/591/7 470/587/7 464/565/7
f 527/595/7 526/591/7 464/565/7
f 461/577/7 535/597/7 534/600/7
f 461/577/7 534/600/7 533/564/160
f 528/598/7 527/595/7 464/565/7
f 529/599/7 528/598/7 464/565/7
f 464/565/7 461/577/7 533/564/160
f 464/565/7 533/564/160 532/563/7
f 530/574/7 529/599/7 464/565/7
f 464/565/7 532/563/7 531/573/7
f 469/606/7 473/525/7 523/588/7
f 469/606/7 523/588/7 522/607/7
f 483/583/7 484/531/7 480/601/7
f 538/592/7 479/593/7 483/583/7
f 539/602/7 538/592/7 483/583/7
f 540/603/7 539/602/7 483/583/7
f 509/604/7 540/603/7 483/583/7
f 509/604/7 483/583/7 480/601/7
f 510/605/7 509/604/7 480/601/7
f 463/513/7 469/606/7 522/607/7
f 463/513/7 522/607/7 521/609/7
f 510/605/7 480/601/7 462/512/7
f 511/608/7 510/605/7 462/512/7
f 463/513/7 521/609/7 520/612/7
f 463/513/7 520/612/7 519/613/7
f 512/610/7 511/608/7 462/512/7
f 513/611/7 512/610/7 462/512/7
f 463/513/7 519/613/7 518/616/7
f 463/513/7 518/616/7 517/567/147
f 514/614/7 513/611/7 462/512/7
f 515/615/7 514/614/7 462/512/7
f 462/512/7 463/513/7 517/567/147
f 516/566/7 515/615/7 462/512/7
f 541/505/11 549/577/11 552/565/11
f 541/505/11 552/565/11 548/507/11
f 554/576/11 555/575/11 545/568/11
f 545/568/11 541/505/11 548/507/11
f 544/506/11 554/576/11 545/568/11
f 592/510/11 591/561/11 590/562/11
f 592/510/1 590/562/1 589/509/1
f 592/510/1 589/509/1 542/511/1
f 546/508/1 556/580/1 553/579/1
f 592/510/1 542/511/1 546/508/1
f 596/569/1 592/510/1 546/508/1
f 546/508/1 553/579/1 543/570/1
f 543/570/1 547/578/1 593/572/1
f 593/572/1 594/560/1 595/571/1
f 596/569/1 546/508/1 543/570/1
f 543/570/1 593/572/1 595/571/1
f 593/572/1 547/578/1 551/513/1
f 551/513/1 550/512/1 542/511/1
f 542/511/1 589/509/1 593/572/1
f 548/515/2 552/581/2 558/514/2
f 567/518/4 549/582/4 541/517/4
f 559/521/2 557/523/2 551/520/2
f 563/524/164 561/525/164 557/523/164
f 564/526/2 562/527/2 561/525/2
f 562/527/165 564/526/165 560/516/165
f 550/529/4 568/532/4 566/528/4
f 572/531/162 570/534/162 566/528/162
f 572/531/4 571/583/4 569/533/4
f 569/533/163 571/583/163 567/518/163
f 575/536/2 543/584/2 553/535/2
f 580/539/4 556/585/4 546/538/4
f 555/542/4 579/559/4 573/541/4
f 585/545/6 586/557/6 574/544/6
f 544/548/2 576/551/2 578/547/2
f 582/550/165 584/553/165 578/547/165
f 582/550/2 581/555/2 583/552/2
f 583/552/164 581/555/164 575/536/164
f 581/555/6 582/550/6 576/554/6
f 587/558/4 588/586/4 586/557/4
f 579/559/163 587/558/163 585/545/163
f 586/557/162 588/586/162 580/539/162
f 591/561/1 595/571/1 594/560/1
f 549/577/6 567/593/6 626/592/6
f 549/577/6 626/592/6 625/594/6
f 561/525/6 562/527/6 558/587/6
f 612/589/6 611/588/6 561/525/6
f 613/590/6 612/589/6 561/525/6
f 613/590/6 561/525/6 558/587/6
f 614/591/6 613/590/6 558/587/6
f 549/577/6 625/594/6 624/596/6
f 549/577/6 624/596/6 623/597/6
f 614/591/6 558/587/6 552/565/6
f 615/595/6 614/591/6 552/565/6
f 549/577/6 623/597/6 622/600/6
f 549/577/6 622/600/6 621/564/159
f 616/598/6 615/595/6 552/565/6
f 617/599/6 616/598/6 552/565/6
f 552/565/6 549/577/6 621/564/159
f 552/565/6 621/564/159 620/563/6
f 618/574/6 617/599/6 552/565/6
f 552/565/6 620/563/6 619/573/6
f 557/606/6 561/525/6 611/588/6
f 557/606/6 611/588/6 610/607/6
f 571/583/6 572/531/6 568/601/6
f 626/592/6 567/593/6 571/583/6
f 627/602/6 626/592/6 571/583/6
f 628/603/6 627/602/6 571/583/6
f 597/604/6 628/603/6 571/583/6
f 597/604/6 571/583/6 568/601/6
f 598/605/6 597/604/6 568/601/6
f 551/513/6 557/606/6 610/607/6
f 551/513/6 610/607/6 609/609/6
f 598/605/6 568/601/6 550/512/6
f 599/608/6 598/605/6 550/512/6
f 551/513/6 609/609/6 608/612/6
f 551/513/6 608/612/6 607/613/6
f 600/610/6 599/608/6 550/512/6
f 601/611/6 600/610/6 550/512/6
f 551/513/6 607/613/6 606/616/6
f 551/513/6 606/616/6 605/567/166
f 602/614/6 601/611/6 550/512/6
f 603/615/6 602/614/6 550/512/6
f 550/512/6 551/513/6 605/567/166
f 604/566/6 603/615/6 550/512/6
f 633/568/11 643/575/11 642/576/11
f 633/568/11 642/576/11 632/506/11
f 640/565/11 637/577/11 629/505/11
f 629/505/11 633/568/11 632/506/11
f 636/507/11 640/565/11 629/505/11
f 683/571/1 682/560/1 681/572/1
f 681/572/1 635/578/1 631/570/1
f 631/570/1 641/579/1 644/580/1
f 631/570/1 644/580/1 634/508/1
f 683/571/1 681/572/1 631/570/1
f 684/569/1 683/571/1 631/570/1
f 634/508/1 630/511/1 677/509/1
f 677/509/11 678/562/11 679/561/11
f 680/510/1 684/569/1 631/570/1
f 677/509/1 679/561/1 680/510/1
f 680/510/1 631/570/1 634/508/1
f 639/513/1 635/578/1 681/572/1
f 681/572/1 677/509/1 630/511/1
f 639/513/1 681/572/1 630/511/1
f 646/514/2 640/581/2 636/515/2
f 629/517/4 637/582/4 655/518/4
f 639/520/2 645/523/2 647/521/2
f 645/523/164 649/525/164 651/524/164
f 649/525/2 650/527/2 652/526/2
f 648/516/165 652/526/165 650/527/165
f 654/528/4 656/532/4 638/529/4
f 654/528/162 658/534/162 660/531/162
f 657/533/4 659/583/4 660/531/4
f 655/518/163 659/583/163 657/533/163
f 641/535/2 631/584/2 663/536/2
f 634/538/4 644/585/4 668/539/4
f 661/541/4 667/559/4 643/542/4
f 662/544/7 674/557/7 673/545/7
f 666/547/2 664/551/2 632/548/2
f 666/547/165 672/553/165 670/550/165
f 671/552/2 669/555/2 670/550/2
f 663/536/164 669/555/164 671/552/164
f 664/554/7 670/550/7 669/555/7
f 674/557/4 676/586/4 675/558/4
f 667/559/163 661/541/163 673/545/163
f 668/539/162 676/586/162 674/557/162
f 682/560/1 683/571/1 679/561/1
f 646/587/7 650/527/7 649/525/7
f 649/525/7 699/588/7 700/589/7
f 649/525/7 700/589/7 701/590/7
f 646/587/7 649/525/7 701/590/7
f 646/587/7 701/590/7 702/591/7
f 714/592/7 655/593/7 637/577/7
f 713/594/7 714/592/7 637/577/7
f 640/565/7 646/587/7 702/591/7
f 640/565/7 702/591/7 703/595/7
f 712/596/7 713/594/7 637/577/7
f 711/597/7 712/596/7 637/577/7
f 640/565/7 703/595/7 704/598/7
f 640/565/7 704/598/7 705/599/7
f 710/600/7 711/597/7 637/577/7
f 709/564/160 710/600/7 637/577/7
f 640/565/7 705/599/7 706/574/7
f 640/565/7 706/574/7 707/573/7
f 709/564/160 637/577/7 640/565/7
f 640/565/7 707/573/7 708/563/7
f 656/601/7 660/531/7 659/583/7
f 659/583/7 655/593/7 714/592/7
f 659/583/7 714/592/7 715/602/7
f 659/583/7 715/602/7 716/603/7
f 659/583/7 716/603/7 685/604/7
f 656/601/7 659/583/7 685/604/7
f 656/601/7 685/604/7 686/605/7
f 699/588/7 649/525/7 645/606/7
f 698/607/7 699/588/7 645/606/7
f 638/512/7 656/601/7 686/605/7
f 638/512/7 686/605/7 687/608/7
f 698/607/7 645/606/7 639/513/7
f 697/609/7 698/607/7 639/513/7
f 638/512/7 687/608/7 688/610/7
f 638/512/7 688/610/7 689/611/7
f 696/612/7 697/609/7 639/513/7
f 695/613/7 696/612/7 639/513/7
f 638/512/7 689/611/7 690/614/7
f 638/512/7 690/614/7 691/615/7
f 694/616/7 695/613/7 639/513/7
f 693/567/147 694/616/7 639/513/7
f 638/512/7 691/615/7 692/566/7
f 693/567/147 639/513/7 638/512/7
f 757/617/167 728/618/168 722/619/169
f 719/620/170 720/621/171 717/622/172
f 719/620/170 721/623/173 720/624/171
f 722/619/174 723/625/175 721/623/173
f 724/626/176 725/627/177 723/628/175
f 726/629/178 727/630/179 725/627/177
f 728/618/180 729/631/181 727/630/179
f 730/632/182 731/633/183 729/631/181
f 733/634/184 734/635/184 731/633/184
f 735/636/185 736/637/185 734/635/185
f 737/638/186 738/639/186 736/637/186
f 739/640/187 740/641/188 738/639/189
f 739/640/187 741/642/190 740/643/188
f 742/644/191 743/645/192 741/642/190
f 744/646/193 745/647/194 743/645/192
f 746/648/195 747/649/196 745/647/194
f 748/650/197 749/651/198 747/652/196
f 750/653/199 751/654/199 749/651/199
f 718/655/200 717/622/200 751/654/200
f 768/656/201 791/657/202 769/658/203
f 754/659/204 778/660/205 752/661/206
f 754/659/207 755/662/208 778/660/209
f 761/663/210 762/664/211 779/665/212
f 764/666/213 780/667/214 763/668/215
f 764/666/213 765/669/216 780/667/214
f 767/670/217 768/656/201 781/671/218
f 771/672/219 782/673/220 770/674/221
f 773/675/222 774/676/223 782/673/224
f 771/672/219 808/677/225 772/678/226
f 769/658/227 791/657/227 770/674/227
f 758/679/228 787/680/228 759/681/228
f 761/663/210 788/682/229 762/664/211
f 773/675/222 792/683/230 774/676/223
f 775/684/231 793/685/232 776/686/233
f 764/666/213 789/687/234 765/669/216
f 754/659/207 784/688/235 755/662/208
f 776/686/236 793/685/237 777/689/238
f 777/689/238 783/690/239 753/691/240
f 755/662/241 785/692/241 756/693/241
f 767/670/217 790/694/242 768/656/201
f 756/693/243 786/695/244 757/696/245
f 757/696/246 786/695/246 758/697/246
f 808/698/247 827/699/248 809/700/249
f 760/701/250 800/702/251 761/663/252
f 761/663/252 801/703/253 788/682/254
f 792/683/255 808/677/225 809/704/256
f 788/682/254 801/703/253 802/705/257
f 752/661/206 795/706/258 794/707/259
f 775/684/231 809/704/256 810/708/260
f 764/666/213 802/705/257 803/709/261
f 752/661/206 794/707/259 754/659/204
f 789/687/262 803/709/261 804/710/263
f 784/688/264 794/707/259 796/711/265
f 789/687/262 804/710/263 766/712/266
f 784/688/264 796/711/265 785/692/267
f 783/690/268 811/713/269 795/706/258
f 766/712/266 805/714/270 767/670/271
f 767/670/271 805/714/270 790/694/272
f 785/692/267 797/715/273 786/695/274
f 787/716/275 798/717/276 799/718/277
f 791/657/278 806/719/279 807/720/280
f 787/680/275 800/702/251 760/701/250
f 822/721/281 837/722/282 838/723/283
f 801/724/284 821/725/285 802/726/286
f 795/727/287 812/728/288 794/729/289
f 809/700/249 828/730/290 810/731/291
f 802/726/286 822/721/292 803/732/293
f 803/732/293 822/721/292 804/733/294
f 794/729/289 814/734/295 796/735/296
f 810/731/291 829/736/297 811/737/298
f 811/737/298 813/738/299 795/727/287
f 804/733/294 823/739/300 805/740/301
f 796/735/296 815/741/302 797/742/303
f 805/740/301 824/743/304 806/744/305
f 797/742/303 817/745/306 798/746/307
f 798/746/307 817/745/306 799/747/308
f 806/744/305 825/748/309 807/749/310
f 799/750/308 819/751/311 800/752/312
f 807/749/310 826/753/313 808/698/247
f 800/752/312 820/754/314 801/724/284
f 838/755/6 835/756/315 830/757/316
f 822/721/281 838/723/283 823/739/317
f 814/734/318 832/758/319 815/741/320
f 829/736/321 831/759/322 813/738/323
f 815/741/320 832/758/319 833/760/324
f 824/743/325 838/723/283 839/761/326
f 817/745/327 833/760/324 834/762/328
f 824/743/325 840/763/329 825/748/330
f 818/764/331 834/765/328 835/766/332
f 825/748/330 840/763/329 826/753/333
f 819/751/334 835/766/332 836/767/335
f 826/753/333 841/768/336 827/699/337
f 820/754/338 836/767/335 821/725/339
f 827/699/337 842/769/340 828/730/341
f 812/728/342 831/759/322 830/770/343
f 812/728/342 830/770/343 814/734/318
f 886/617/344 853/771/345 849/619/346
f 846/620/347 847/621/348 844/622/349
f 846/620/347 848/623/350 847/624/348
f 849/619/351 850/625/352 848/623/350
f 851/772/353 852/773/354 850/628/352
f 853/771/355 854/630/355 852/773/355
f 855/774/356 856/775/356 854/630/356
f 857/776/357 858/777/358 856/775/359
f 859/778/173 860/635/170 858/777/358
f 862/636/360 863/637/360 860/635/360
f 864/638/361 865/779/362 863/637/363
f 864/638/361 866/780/364 865/781/362
f 868/782/365 869/783/366 866/780/364
f 868/782/365 870/784/367 869/785/366
f 872/646/368 873/786/368 870/784/368
f 874/787/369 875/788/370 873/786/371
f 874/787/369 876/789/372 875/790/370
f 877/791/373 878/792/374 876/789/372
f 879/653/375 880/654/376 878/793/374
f 845/655/377 844/622/377 880/654/377
f 868/782/378 910/794/379 871/795/380
f 890/796/381 891/664/382 907/797/383
f 893/798/384 908/667/385 892/799/386
f 893/798/384 894/669/387 908/667/385
f 896/670/388 897/800/389 909/671/390
f 899/801/391 910/802/392 898/803/393
f 899/801/391 900/804/394 910/802/392
f 902/675/395 903/676/396 911/805/397
f 906/806/398 912/807/399 905/808/400
f 906/806/401 882/809/402 912/807/403
f 923/810/404 940/811/405 901/678/406
f 887/679/407 919/812/408 888/813/409
f 899/801/391 923/810/410 900/804/394
f 890/796/381 920/682/411 891/664/382
f 902/675/395 924/814/412 903/676/396
f 882/809/402 913/815/413 881/816/414
f 903/676/415 925/817/415 904/818/415
f 893/798/384 921/687/416 894/669/387
f 883/819/417 915/688/418 884/820/419
f 884/820/419 916/821/420 885/822/421
f 906/806/401 914/823/422 882/809/402
f 896/670/388 922/694/423 897/800/389
f 885/822/421 917/824/424 886/696/425
f 886/696/425 918/825/426 887/697/407
f 889/826/427 933/827/428 890/796/429
f 902/675/430 940/811/405 941/828/431
f 890/796/429 933/827/428 920/682/432
f 925/817/433 941/828/431 942/829/434
f 892/799/386 934/830/435 935/831/436
f 913/815/437 927/706/438 926/707/439
f 925/817/433 942/829/434 943/832/440
f 913/815/437 926/707/439 883/819/417
f 921/687/441 935/831/436 936/833/442
f 915/688/418 926/707/439 928/834/443
f 905/808/400 944/713/444 906/806/398
f 921/687/441 936/833/442 895/712/445
f 915/688/418 928/834/443 916/821/446
f 914/823/447 944/713/444 927/706/438
f 895/712/445 937/835/448 896/670/449
f 896/670/449 937/835/448 922/694/450
f 916/821/446 930/836/451 917/824/452
f 922/694/450 937/835/448 938/837/453
f 917/824/452 930/836/451 918/825/454
f 899/801/391 938/837/453 939/720/455
f 919/812/456 931/838/457 932/839/458
f 919/812/456 932/839/458 889/826/427
f 954/840/459 969/841/460 970/842/461
f 933/843/462 953/844/463 934/845/464
f 941/846/465 960/847/466 942/848/467
f 934/845/464 953/844/463 935/849/468
f 927/850/469 945/851/470 926/729/471
f 942/848/467 960/847/466 943/852/472
f 935/849/468 954/840/473 936/853/474
f 926/729/471 947/854/475 928/855/476
f 943/852/472 961/856/477 944/737/478
f 944/737/478 946/857/479 927/850/469
f 936/853/474 955/858/480 937/859/481
f 928/855/476 948/860/482 929/861/483
f 929/861/483 949/862/484 930/863/485
f 937/859/481 956/864/486 938/865/487
f 930/863/485 950/866/488 931/747/489
f 938/865/487 957/748/490 939/749/491
f 931/867/489 950/868/488 932/869/492
f 939/749/491 958/870/493 940/871/494
f 932/869/492 951/751/495 933/843/462
f 940/871/494 959/872/496 941/846/465
f 971/873/147 967/756/497 962/874/7
f 945/851/498 964/875/499 947/854/500
f 954/840/459 970/842/461 955/858/501
f 946/857/502 975/876/503 963/877/504
f 948/860/505 964/875/499 965/878/506
f 949/862/507 965/878/506 966/879/508
f 956/864/509 972/880/510 957/748/511
f 950/868/512 966/765/508 967/766/513
f 957/748/511 972/880/510 958/870/514
f 951/751/515 967/766/513 968/881/516
f 958/870/514 973/882/517 959/872/518
f 959/872/518 974/883/519 960/847/520
f 953/844/521 968/881/516 969/841/460
f 945/851/498 963/877/504 962/770/522
f 742/644/523 770/884/524 782/885/525
f 746/648/526 744/646/6 742/644/523
f 726/629/6 724/626/6 722/619/169
f 769/886/527 742/644/523 739/640/528
f 768/887/529 769/886/527 739/640/528
f 739/640/528 737/638/6 735/636/530
f 735/636/530 733/634/6 732/888/531
f 732/888/531 730/632/6 728/618/168
f 728/618/168 726/629/6 722/619/169
f 722/619/169 719/620/6 718/655/532
f 718/655/532 750/653/6 748/650/533
f 746/648/526 742/644/523 782/885/525
f 781/889/534 768/887/529 739/640/528
f 748/650/533 746/648/526 782/885/525
f 748/650/533 782/885/525 774/890/535
f 781/889/534 739/640/528 735/636/530
f 748/650/533 774/890/535 776/891/536
f 765/892/537 781/889/534 735/636/530
f 780/893/538 765/892/537 735/636/530
f 748/650/533 776/891/536 777/894/539
f 780/893/538 735/636/530 732/888/531
f 718/655/532 748/650/533 777/894/539
f 718/655/532 777/894/539 753/895/540
f 762/896/541 780/893/538 732/888/531
f 718/655/532 753/895/540 778/897/542
f 779/898/543 762/896/541 732/888/531
f 722/619/169 718/655/532 778/897/542
f 779/898/543 732/888/531 728/618/168
f 759/899/544 779/898/543 728/618/168
f 722/619/169 778/897/542 755/900/545
f 758/901/546 759/899/544 728/618/168
f 722/619/169 755/900/545 756/902/547
f 757/617/167 758/901/546 728/618/168
f 722/619/169 756/902/547 757/617/167
f 718/655/360 719/620/360 717/622/360
f 719/620/170 722/619/174 721/623/173
f 722/619/174 724/626/176 723/625/175
f 724/626/176 726/629/178 725/627/177
f 726/629/178 728/618/180 727/630/179
f 728/618/180 730/632/182 729/631/181
f 730/632/182 732/888/548 731/633/183
f 732/888/548 733/634/549 731/633/183
f 733/634/550 735/636/550 734/635/550
f 735/636/551 737/638/551 736/637/551
f 737/638/552 739/640/552 738/639/552
f 739/640/187 742/644/191 741/642/190
f 742/644/191 744/646/193 743/645/192
f 744/646/193 746/648/195 745/647/194
f 746/648/195 748/650/197 747/649/196
f 748/650/553 750/653/553 749/651/553
f 750/653/554 718/655/554 751/654/554
f 768/656/201 790/694/242 791/657/202
f 742/644/523 769/886/527 770/884/524
f 752/661/555 778/660/556 753/691/240
f 760/701/250 779/665/557 759/681/558
f 760/701/250 761/663/252 779/665/557
f 763/668/559 780/667/560 762/664/211
f 766/712/266 781/671/561 765/669/216
f 766/712/266 767/670/271 781/671/561
f 771/672/219 772/678/226 782/673/220
f 772/678/226 773/675/562 782/673/220
f 775/684/563 776/686/564 774/676/223
f 771/672/219 807/720/280 808/677/225
f 758/697/565 786/695/565 787/716/565
f 770/674/566 791/657/566 771/672/566
f 759/681/558 787/680/567 760/701/250
f 762/664/211 788/682/229 763/668/559
f 753/691/240 783/690/239 752/661/555
f 774/676/223 792/683/230 775/684/563
f 765/669/216 789/687/234 766/712/266
f 755/662/568 784/688/568 785/692/568
f 777/689/238 793/685/237 783/690/239
f 756/693/243 785/692/569 786/695/244
f 773/675/562 772/678/226 808/677/225
f 761/663/252 800/702/251 801/703/253
f 792/683/255 773/675/562 808/677/225
f 763/668/215 788/682/254 802/705/257
f 752/661/206 783/690/268 795/706/258
f 775/684/231 792/683/255 809/704/256
f 764/666/213 763/668/215 802/705/257
f 793/685/232 775/684/231 810/708/260
f 789/687/262 764/666/213 803/709/261
f 784/688/264 754/659/204 794/707/259
f 793/685/232 810/708/260 811/713/269
f 783/690/268 793/685/232 811/713/269
f 766/712/266 804/710/263 805/714/270
f 785/692/267 796/711/265 797/715/273
f 790/694/272 805/714/270 806/719/279
f 786/695/274 797/715/273 798/717/276
f 791/657/278 790/694/272 806/719/279
f 787/716/275 786/695/274 798/717/276
f 771/672/219 791/657/278 807/720/280
f 787/680/275 799/903/277 800/702/251
f 801/724/284 820/754/314 821/725/285
f 809/700/249 827/699/248 828/730/290
f 795/727/287 813/738/299 812/728/288
f 802/726/286 821/725/285 822/721/292
f 794/729/289 812/728/288 814/734/295
f 810/731/291 828/730/290 829/736/297
f 804/733/294 822/721/292 823/739/300
f 796/735/296 814/734/295 815/741/302
f 811/737/298 829/736/297 813/738/299
f 805/740/301 823/739/300 824/743/304
f 797/742/303 815/741/302 816/904/570
f 797/742/303 816/904/570 817/745/306
f 806/744/305 824/743/304 825/748/309
f 799/750/308 817/905/306 818/764/571
f 807/749/310 825/748/309 826/753/313
f 799/750/308 818/764/571 819/751/311
f 808/698/247 826/753/313 827/699/248
f 800/752/312 819/751/311 820/754/314
f 830/757/316 831/906/166 843/907/572
f 842/908/6 841/909/573 840/910/574
f 840/910/574 839/911/575 838/755/6
f 837/912/6 836/913/576 835/756/315
f 835/756/315 834/914/577 833/915/159
f 833/915/159 832/916/578 830/757/316
f 830/757/316 843/907/572 842/908/6
f 842/908/6 840/910/574 838/755/6
f 838/755/6 837/912/6 835/756/315
f 835/756/315 833/915/159 830/757/316
f 830/757/316 842/908/6 838/755/6
f 814/734/318 830/770/343 832/758/319
f 829/736/321 843/917/579 831/759/322
f 824/743/325 823/739/317 838/723/283
f 816/904/580 815/741/320 833/760/324
f 817/745/327 816/904/580 833/760/324
f 824/743/325 839/761/326 840/763/329
f 818/764/331 817/905/327 834/765/328
f 819/751/334 818/764/331 835/766/332
f 826/753/333 840/763/329 841/768/336
f 820/754/338 819/751/334 836/767/335
f 827/699/337 841/768/336 842/769/340
f 821/725/339 836/767/335 837/722/282
f 812/728/342 813/738/323 831/759/322
f 828/730/341 842/769/340 843/917/579
f 822/721/281 821/725/339 837/722/282
f 829/736/321 828/730/341 843/917/579
f 871/795/380 910/794/379 900/918/581
f 871/795/380 900/918/581 911/919/582
f 874/787/583 872/646/7 871/795/380
f 859/778/584 857/776/7 855/774/7
f 868/782/378 867/920/7 864/638/7
f 897/921/585 910/794/379 868/782/378
f 868/782/378 864/638/7 862/636/586
f 862/636/586 861/922/7 859/778/584
f 859/778/584 855/774/7 853/771/345
f 853/771/345 851/772/7 849/619/346
f 849/619/346 846/620/7 845/655/587
f 845/655/587 879/653/7 877/791/588
f 874/787/583 871/795/380 911/919/582
f 909/889/589 897/921/585 868/782/378
f 877/791/588 874/787/583 911/919/582
f 877/791/588 911/919/582 903/890/590
f 909/889/589 868/782/378 862/636/586
f 877/791/588 903/890/590 904/923/591
f 894/892/592 909/889/589 862/636/586
f 908/893/593 894/892/592 862/636/586
f 877/791/588 904/923/591 912/924/594
f 908/893/593 862/636/586 859/778/584
f 845/655/587 877/791/588 912/924/594
f 845/655/587 912/924/594 882/925/595
f 891/896/596 908/893/593 859/778/584
f 845/655/587 882/925/595 881/926/597
f 907/927/598 891/896/596 859/778/584
f 849/619/346 845/655/587 881/926/597
f 849/619/346 881/926/597 884/928/599
f 907/927/598 859/778/584 853/771/345
f 888/899/600 907/927/598 853/771/345
f 849/619/346 884/928/599 885/929/601
f 887/930/602 888/899/600 853/771/345
f 886/617/344 887/930/602 853/771/345
f 849/619/346 885/929/601 886/617/344
f 845/655/185 846/620/185 844/622/185
f 846/620/347 849/619/351 848/623/350
f 849/619/351 851/772/353 850/625/352
f 851/772/603 853/771/603 852/773/603
f 853/771/604 855/774/604 854/630/604
f 855/774/605 857/776/357 856/775/359
f 857/776/357 859/778/173 858/777/358
f 859/778/173 861/922/171 860/635/170
f 861/922/171 862/636/172 860/635/170
f 862/636/606 864/638/606 863/637/606
f 864/638/361 867/920/607 866/780/364
f 867/920/607 868/782/365 866/780/364
f 868/782/365 871/795/608 870/784/367
f 871/795/608 872/646/609 870/784/367
f 872/646/610 874/787/610 873/786/610
f 874/787/369 877/791/373 876/789/372
f 877/791/373 879/653/375 878/792/374
f 879/653/186 845/655/186 880/654/186
f 897/800/389 922/694/423 898/803/611
f 883/819/612 884/820/613 881/816/414
f 889/826/427 907/797/614 888/813/409
f 889/826/427 890/796/429 907/797/614
f 892/799/615 908/667/616 891/664/382
f 895/712/445 909/671/617 894/669/387
f 895/712/445 896/670/449 909/671/617
f 898/803/611 910/802/618 897/800/389
f 900/804/394 901/678/406 911/805/619
f 901/678/406 902/675/430 911/805/619
f 905/808/400 912/807/399 904/818/620
f 923/810/404 939/720/455 940/811/405
f 887/679/407 918/931/426 919/812/408
f 888/813/409 919/812/408 889/826/427
f 900/804/394 923/810/410 901/678/406
f 903/676/621 924/814/621 925/817/621
f 891/664/382 920/682/411 892/799/615
f 882/809/402 914/823/422 913/815/413
f 881/816/414 913/815/413 883/819/612
f 904/818/620 925/817/622 905/808/400
f 894/669/387 921/687/416 895/712/445
f 884/820/419 915/688/418 916/821/420
f 885/822/421 916/821/420 917/824/424
f 886/696/425 917/824/424 918/825/426
f 889/826/427 932/839/458 933/827/428
f 902/675/430 901/678/406 940/811/405
f 924/814/623 902/675/430 941/828/431
f 920/682/432 933/827/428 934/830/435
f 925/817/433 924/814/623 941/828/431
f 892/799/386 920/682/432 934/830/435
f 913/815/437 914/823/447 927/706/438
f 893/798/384 892/799/386 935/831/436
f 905/808/400 925/817/433 943/832/440
f 921/687/441 893/798/384 935/831/436
f 915/688/418 883/819/417 926/707/439
f 905/808/400 943/832/440 944/713/444
f 914/823/447 906/806/398 944/713/444
f 895/712/445 936/833/442 937/835/448
f 916/821/446 928/834/443 929/932/624
f 916/821/446 929/932/624 930/836/451
f 898/803/393 922/694/450 938/837/453
f 918/825/454 930/836/451 931/718/457
f 899/801/391 898/803/393 938/837/453
f 919/812/456 918/931/454 931/838/457
f 923/810/404 899/801/391 939/720/455
f 933/843/462 952/754/625 953/844/463
f 941/846/465 959/872/496 960/847/466
f 927/850/469 946/857/479 945/851/470
f 935/849/468 953/844/463 954/840/473
f 943/852/472 960/847/466 961/856/477
f 926/729/471 945/851/470 947/854/475
f 936/853/474 954/840/473 955/858/480
f 944/737/478 961/856/477 946/857/479
f 928/855/476 947/854/475 948/860/482
f 937/859/481 955/858/480 956/864/486
f 929/861/483 948/860/482 949/862/484
f 938/865/487 956/864/486 957/748/490
f 930/863/485 949/862/484 950/866/488
f 939/749/491 957/748/490 958/870/493
f 932/869/492 950/868/488 951/751/495
f 940/871/494 958/870/493 959/872/496
f 933/843/462 951/751/495 952/754/625
f 962/874/7 963/933/626 975/934/627
f 974/935/7 973/936/628 972/937/629
f 971/873/147 970/938/630 969/939/497
f 969/939/497 968/940/631 967/756/497
f 967/756/497 966/941/632 965/942/160
f 965/942/160 964/943/633 962/874/7
f 962/874/7 975/934/627 974/935/7
f 974/935/7 972/937/629 971/873/147
f 971/873/147 969/939/497 967/756/497
f 967/756/497 965/942/160 962/874/7
f 962/874/7 974/935/7 971/873/147
f 945/851/498 962/770/522 964/875/499
f 946/857/502 961/856/634 975/876/503
f 955/858/501 970/842/461 971/944/635
f 948/860/505 947/854/500 964/875/499
f 956/864/509 955/858/501 971/944/635
f 949/862/507 948/860/505 965/878/506
f 956/864/509 971/944/635 972/880/510
f 950/866/512 949/862/507 966/879/508
f 951/751/515 950/868/512 967/766/513
f 958/870/514 972/880/510 973/882/517
f 952/754/636 951/751/515 968/881/516
f 959/872/518 973/882/517 974/883/519
f 953/844/521 952/754/636 968/881/516
f 945/851/498 946/857/502 963/877/504
f 960/847/520 974/883/519 975/876/503
f 954/840/459 953/844/521 969/841/460
f 961/856/634 960/847/520 975/876/503
f 977/945/637 978/946/637 976/947/637
f 979/948/638 980/949/639 978/946/640
f 981/950/641 982/951/642 980/949/639
f 983/952/643 984/953/644 982/951/642
f 985/954/645 986/955/646 984/956/644
f 987/957/647 988/958/648 986/955/646
f 989/959/649 990/960/650 988/958/648
f 991/961/651 992/962/652 990/960/650
f 993/963/653 994/964/654 992/962/652
f 995/965/655 996/966/656 994/967/654
f 997/968/657 998/969/658 996/966/656
f 999/970/659 1000/971/660 998/969/658
f 1001/972/661 1002/973/662 1000/971/660
f 1003/974/663 1004/975/664 1002/973/662
f 1005/976/665 1006/977/666 1004/978/664
f 1007/979/667 1008/980/668 1006/977/666
f 1009/981/669 1010/982/670 1008/980/668
f 1011/983/671 976/947/672 1010/984/670
f 1020/985/673 1039/986/674 1019/987/675
f 1020/985/673 1021/988/676 1039/986/674
f 1026/989/677 1040/990/678 1025/991/679
f 1026/989/677 1027/992/680 1040/990/678
f 1031/993/681 1032/994/682 1030/995/683
f 1017/996/684 1046/997/685 1018/998/686
f 1029/999/687 1052/1000/687 1030/995/687
f 1031/993/681 1053/1001/688 1032/994/682
f 1020/985/673 1047/1002/689 1021/988/676
f 1032/994/682 1054/1003/690 1033/1004/691
f 1021/988/676 1047/1002/689 1022/1005/692
f 1033/1004/693 1054/1003/693 1034/1006/693
f 1022/1005/692 1048/1007/694 1023/1008/695
f 1034/1006/696 1055/1009/697 1035/1010/698
f 1023/1008/695 1049/1011/699 1024/1012/700
f 1035/1010/698 1056/1013/701 1036/1014/702
f 1013/1015/703 1043/1016/704 1014/1017/705
f 1014/1017/705 1044/1018/706 1015/1019/707
f 1037/1020/708 1042/1021/709 1038/1022/710
f 1026/989/677 1050/1023/711 1027/992/680
f 1015/1019/712 1044/1018/712 1016/1024/712
f 1038/1022/713 1042/1021/713 1012/1025/713
f 1027/992/680 1051/1026/714 1028/1027/715
f 1028/1027/716 1051/1026/716 1029/999/716
f 1016/1024/717 1045/1028/718 1017/996/684
f 1064/1029/719 1061/1030/160 1058/1031/7
f 1020/985/673 1061/1032/720 1047/1002/689
f 1053/1001/721 1066/1033/722 1054/1003/723
f 1054/1003/723 1066/1033/722 1067/1034/724
f 1047/1002/689 1062/1035/725 1048/1007/726
f 1055/1009/727 1067/1034/724 1068/1036/728
f 1049/1011/729 1062/1035/725 1063/1037/730
f 1041/1038/731 1058/1039/732 1013/1015/703
f 1056/1013/733 1069/1040/734 1037/1020/708
f 1025/991/679 1063/1037/730 1026/989/677
f 1043/1016/704 1058/1039/732 1044/1018/735
f 1050/1023/736 1063/1037/730 1064/1041/737
f 1050/1023/736 1064/1041/737 1051/1026/738
f 1044/1018/735 1059/1042/739 1045/1028/740
f 1052/1000/741 1064/1041/737 1065/1043/742
f 1046/1044/743 1060/1045/744 1019/987/675
f 1031/993/745 1065/1043/742 1066/1033/722
f 1019/987/675 1061/1032/720 1020/985/673
f 1071/1046/746 1072/1047/747 1070/1048/748
f 1073/948/749 1074/1049/750 1072/1050/747
f 1075/1051/751 1076/1052/175 1074/1049/750
f 1077/1053/752 1078/1054/177 1076/1055/175
f 1079/1056/178 1080/955/179 1078/1054/177
f 1081/957/180 1082/958/181 1080/955/179
f 1083/959/753 1084/960/754 1082/958/181
f 1085/961/755 1086/962/756 1084/960/754
f 1087/963/757 1088/964/758 1086/962/756
f 1089/965/759 1090/966/760 1088/967/758
f 1091/968/761 1092/969/762 1090/966/760
f 1093/970/763 1094/971/764 1092/969/762
f 1095/972/191 1096/973/192 1094/971/764
f 1097/974/193 1098/1057/194 1096/973/192
f 1099/1058/765 1100/1059/766 1098/1057/194
f 1101/1060/767 1102/1061/768 1100/1062/766
f 1103/1063/769 1104/1064/770 1102/1061/768
f 1105/1065/771 1070/1048/748 1104/1064/770
f 1114/1066/772 1133/1067/773 1113/987/774
f 1114/1066/772 1115/1068/775 1133/1067/773
f 1118/1069/776 1134/1070/777 1117/1071/778
f 1118/1069/776 1119/1072/779 1134/1070/777
f 1121/1073/780 1122/1074/781 1135/1075/782
f 1125/993/783 1126/1076/784 1124/1077/785
f 1131/1020/786 1136/1078/787 1130/1079/788
f 1131/1020/786 1132/1080/789 1136/1078/787
f 1111/996/790 1142/997/791 1112/1081/792
f 1123/1082/793 1147/1083/793 1124/1077/793
f 1125/993/783 1148/1001/794 1126/1076/784
f 1114/1066/772 1143/1084/795 1115/1068/775
f 1126/1076/784 1149/1003/796 1127/1004/797
f 1115/1068/775 1144/1085/798 1116/1086/799
f 1127/1004/800 1149/1003/800 1128/1006/800
f 1128/1006/801 1150/1009/801 1129/1010/801
f 1118/1069/776 1145/1087/802 1119/1072/779
f 1107/1015/803 1139/1016/804 1108/1017/805
f 1108/1017/805 1140/1018/806 1109/1019/807
f 1131/1020/786 1138/1021/808 1132/1080/789
f 1109/1019/809 1140/1018/809 1110/1024/809
f 1132/1080/810 1138/1021/810 1106/1088/810
f 1121/1073/780 1146/1089/811 1122/1074/781
f 1122/1074/812 1146/1089/812 1123/1082/812
f 1110/1024/813 1141/1028/814 1111/996/790
f 1158/1090/6 1154/1091/815 1152/1031/159
f 1114/1066/772 1155/1092/816 1143/1084/817
f 1148/1001/818 1161/1093/819 1149/1003/820
f 1143/1084/817 1155/1092/816 1144/1085/821
f 1149/1003/820 1161/1093/819 1162/1034/822
f 1150/1009/823 1162/1034/822 1163/1036/824
f 1118/1069/776 1156/1094/825 1157/1095/826
f 1137/1038/827 1152/1039/828 1107/1015/803
f 1130/1079/788 1164/1040/829 1131/1020/786
f 1145/1087/830 1158/1096/831 1120/1097/832
f 1139/1016/804 1152/1039/828 1140/1018/833
f 1120/1097/832 1158/1096/831 1121/1073/780
f 1121/1073/780 1159/1098/834 1146/1089/811
f 1140/1018/833 1153/1099/835 1141/1028/836
f 1147/1083/837 1159/1098/834 1160/1100/838
f 1142/997/839 1153/1099/835 1154/1101/840
f 1142/1044/839 1154/1102/840 1113/987/774
f 1125/993/841 1160/1100/838 1161/1093/819
f 1113/987/774 1154/1102/840 1114/1066/772
f 977/945/842 979/948/638 978/946/640
f 979/948/638 981/950/641 980/949/639
f 981/950/641 983/952/643 982/951/642
f 983/952/643 985/954/645 984/953/644
f 985/954/645 987/957/647 986/955/646
f 987/957/647 989/959/649 988/958/648
f 989/959/649 991/961/651 990/960/650
f 991/961/651 993/963/653 992/962/652
f 993/963/653 995/965/655 994/964/654
f 995/965/655 997/968/657 996/966/656
f 997/968/657 999/970/659 998/969/658
f 999/970/659 1001/972/661 1000/971/660
f 1001/972/661 1003/974/663 1002/973/662
f 1003/974/663 1005/976/665 1004/975/664
f 1005/976/665 1007/979/667 1006/977/666
f 1007/979/667 1009/981/669 1008/980/668
f 1009/981/669 1011/983/671 1010/982/670
f 1003/974/843 1001/972/844 1030/1103/845
f 1007/979/846 1005/976/7 1003/974/843
f 1011/983/847 1009/981/7 1007/979/846
f 981/950/7 979/948/7 977/945/848
f 997/968/849 995/965/7 993/963/7
f 1028/1104/850 1029/1105/851 1001/972/844
f 1001/972/844 999/970/7 997/968/849
f 997/968/849 993/963/7 991/961/852
f 991/961/853 989/959/7 987/957/854
f 987/957/854 985/954/7 983/952/855
f 983/952/855 981/950/7 977/945/848
f 1003/974/843 1030/1103/845 1032/1106/856
f 1003/974/843 1032/1106/856 1033/1107/857
f 1028/1104/850 1001/972/844 997/968/849
f 1027/1108/858 1028/1104/850 997/968/849
f 1007/979/846 1003/974/843 1033/1107/857
f 1007/979/846 1033/1107/857 1034/1109/859
f 1040/1110/860 1027/1108/858 997/968/849
f 1007/979/846 1034/1109/859 1035/1111/861
f 1040/1110/860 997/968/849 991/961/852
f 1024/1112/862 1040/1110/862 991/961/862
f 1011/983/847 1007/979/846 1035/1111/861
f 1011/983/847 1035/1111/861 1036/1113/863
f 1023/1114/864 1024/1112/865 991/961/853
f 1011/983/847 1036/1113/863 1038/1115/866
f 1022/1116/867 1023/1114/864 991/961/853
f 1021/1117/868 1022/1116/867 991/961/853
f 977/945/848 1011/983/847 1038/1115/866
f 977/945/848 1038/1115/866 1012/1118/869
f 1021/1117/868 991/961/853 987/957/854
f 1039/1119/870 1021/1117/868 987/957/854
f 977/945/848 1012/1118/869 1014/1120/871
f 1018/1121/872 1039/1119/870 987/957/854
f 983/952/855 977/945/848 1014/1120/871
f 1018/1121/872 987/957/854 983/952/855
f 1017/1122/873 1018/1121/872 983/952/855
f 983/952/855 1014/1120/871 1015/1123/874
f 983/952/855 1015/1123/874 1016/1124/875
f 1016/1124/875 1017/1122/873 983/952/855
f 1011/983/876 977/945/876 976/947/876
f 1029/999/877 1051/1026/877 1052/1000/877
f 1001/972/844 1029/1105/851 1030/1103/845
f 1013/1015/878 1014/1017/879 1012/1025/880
f 1019/987/675 1039/986/674 1018/1125/686
f 1025/991/679 1040/990/678 1024/1012/700
f 1037/1020/881 1038/1022/882 1036/1014/702
f 1053/1001/721 1031/993/745 1066/1033/722
f 1017/996/684 1045/1028/718 1046/997/685
f 1018/1125/686 1046/1044/685 1019/987/675
f 1030/995/883 1052/1000/883 1031/993/883
f 1032/994/682 1053/1001/688 1054/1003/690
f 1022/1005/692 1047/1002/689 1048/1007/694
f 1034/1006/884 1054/1003/884 1055/1009/884
f 1012/1025/885 1042/1021/885 1041/1038/885
f 1023/1008/695 1048/1007/694 1049/1011/699
f 1012/1025/880 1041/1038/886 1013/1015/878
f 1035/1010/698 1055/1009/697 1056/1013/701
f 1024/1012/700 1049/1011/699 1025/991/679
f 1036/1014/702 1056/1013/701 1037/1020/881
f 1014/1017/705 1043/1016/704 1044/1018/706
f 1027/992/680 1050/1023/711 1051/1026/714
f 1016/1024/887 1044/1018/887 1045/1028/887
f 1058/1031/7 1057/1126/497 1069/1127/497
f 1069/1127/497 1068/1128/888 1067/1129/147
f 1067/1129/147 1066/1130/889 1065/1131/7
f 1064/1029/719 1063/1132/890 1062/1133/891
f 1061/1030/160 1060/1134/892 1059/1135/893
f 1058/1031/7 1069/1127/497 1067/1129/147
f 1067/1129/147 1065/1131/7 1064/1029/719
f 1064/1029/719 1062/1133/891 1061/1030/160
f 1061/1030/160 1059/1135/893 1058/1031/7
f 1058/1031/7 1067/1129/147 1064/1029/719
f 1047/1002/689 1061/1032/720 1062/1035/725
f 1055/1009/727 1054/1003/723 1067/1034/724
f 1041/1038/731 1042/1021/709 1057/1136/894
f 1049/1011/729 1048/1007/726 1062/1035/725
f 1041/1038/731 1057/1136/894 1058/1039/732
f 1056/1013/733 1055/1009/727 1068/1036/728
f 1025/991/679 1049/1011/729 1063/1037/730
f 1043/1016/704 1013/1015/703 1058/1039/732
f 1056/1013/733 1068/1036/728 1069/1040/734
f 1042/1021/709 1037/1020/708 1069/1040/734
f 1050/1023/736 1026/989/677 1063/1037/730
f 1044/1018/735 1058/1039/732 1059/1042/739
f 1042/1021/709 1069/1040/734 1057/1136/894
f 1045/1028/740 1059/1042/739 1060/1137/744
f 1052/1000/741 1051/1026/738 1064/1041/737
f 1046/997/743 1045/1028/740 1060/1137/744
f 1031/993/745 1052/1000/741 1065/1043/742
f 1019/987/675 1060/1045/744 1061/1032/720
f 1071/1046/746 1073/948/749 1072/1047/747
f 1073/948/749 1075/1051/751 1074/1049/750
f 1075/1051/751 1077/1053/752 1076/1052/175
f 1077/1053/752 1079/1056/178 1078/1054/177
f 1079/1056/178 1081/957/180 1080/955/179
f 1081/957/180 1083/959/753 1082/958/181
f 1083/959/753 1085/961/755 1084/960/754
f 1085/961/755 1087/963/757 1086/962/756
f 1087/963/757 1089/965/759 1088/964/758
f 1089/965/759 1091/968/761 1090/966/760
f 1091/968/761 1093/970/763 1092/969/762
f 1093/970/763 1095/972/191 1094/971/764
f 1095/972/191 1097/974/193 1096/973/192
f 1097/974/193 1099/1058/765 1098/1057/194
f 1099/1058/765 1101/1060/767 1100/1059/766
f 1101/1060/767 1103/1063/769 1102/1061/768
f 1103/1063/769 1105/1065/771 1104/1064/770
f 1097/974/895 1095/972/896 1124/1138/897
f 1101/1060/898 1099/1058/6 1097/974/895
f 1105/1065/899 1103/1063/6 1101/1060/898
f 1075/1051/6 1073/948/6 1071/1046/900
f 1091/968/901 1089/965/6 1087/963/6
f 1122/1104/902 1123/1139/903 1095/972/896
f 1095/972/896 1093/970/6 1091/968/901
f 1091/968/901 1087/963/6 1085/961/904
f 1085/961/905 1083/959/6 1081/957/906
f 1081/957/906 1079/1056/6 1077/1053/907
f 1077/1053/907 1075/1051/6 1071/1046/900
f 1097/974/895 1124/1138/897 1126/1106/908
f 1097/974/895 1126/1106/908 1127/1107/909
f 1122/1104/902 1095/972/896 1091/968/901
f 1135/1140/910 1122/1104/902 1091/968/901
f 1101/1060/898 1097/974/895 1127/1107/909
f 1101/1060/898 1127/1107/909 1128/1109/911
f 1119/1141/912 1135/1140/910 1091/968/901
f 1101/1060/898 1128/1109/911 1129/1111/913
f 1119/1141/912 1091/968/901 1085/961/904
f 1134/1142/914 1119/1141/914 1085/961/914
f 1105/1065/899 1101/1060/898 1129/1111/913
f 1105/1065/899 1129/1111/913 1136/1143/915
f 1116/1144/916 1134/1142/917 1085/961/905
f 1105/1065/899 1136/1143/915 1132/1145/918
f 1115/1117/919 1116/1144/916 1085/961/905
f 1071/1046/900 1105/1065/899 1132/1145/918
f 1071/1046/900 1132/1145/918 1106/1146/920
f 1115/1117/919 1085/961/905 1081/957/906
f 1133/1147/921 1115/1117/919 1081/957/906
f 1071/1046/900 1106/1146/920 1108/1120/922
f 1112/1121/923 1133/1147/921 1081/957/906
f 1077/1053/907 1071/1046/900 1108/1120/922
f 1112/1121/923 1081/957/906 1077/1053/907
f 1111/1122/924 1112/1121/923 1077/1053/907
f 1077/1053/907 1108/1120/922 1109/1123/925
f 1077/1053/907 1109/1123/925 1110/1124/926
f 1110/1124/926 1111/1122/924 1077/1053/907
f 1105/1065/771 1071/1046/746 1070/1048/748
f 1123/1082/927 1146/1089/927 1147/1083/927
f 1095/972/896 1123/1139/903 1124/1138/897
f 1107/1015/928 1108/1017/929 1106/1088/930
f 1113/987/774 1133/1067/773 1112/1148/792
f 1117/1071/931 1134/1070/932 1116/1086/799
f 1120/1097/832 1135/1075/782 1119/1072/779
f 1120/1097/832 1121/1073/780 1135/1075/782
f 1130/1079/788 1136/1078/787 1129/1010/933
f 1148/1001/818 1125/993/841 1161/1093/819
f 1111/996/790 1141/1028/814 1142/997/791
f 1112/1148/792 1142/1044/791 1113/987/774
f 1124/1077/934 1147/1083/934 1125/993/934
f 1126/1076/784 1148/1001/794 1149/1003/796
f 1115/1068/775 1143/1084/795 1144/1085/798
f 1128/1006/935 1149/1003/935 1150/1009/935
f 1116/1086/799 1144/1085/798 1117/1071/931
f 1106/1088/936 1138/1021/936 1137/1038/936
f 1106/1088/930 1137/1038/937 1107/1015/928
f 1129/1010/933 1150/1009/938 1130/1079/788
f 1119/1072/779 1145/1087/802 1120/1097/832
f 1108/1017/805 1139/1016/804 1140/1018/806
f 1110/1024/939 1140/1018/939 1141/1028/939
f 1152/1031/159 1151/1126/315 1164/1127/315
f 1164/1127/315 1163/1128/940 1162/1129/941
f 1162/1129/941 1161/1149/942 1160/1150/941
f 1160/1150/941 1159/1151/943 1158/1090/6
f 1158/1090/6 1157/1152/944 1156/1153/6
f 1156/1153/6 1155/1154/945 1154/1091/815
f 1152/1031/159 1164/1127/315 1162/1129/941
f 1162/1129/941 1160/1150/941 1158/1090/6
f 1158/1090/6 1156/1153/6 1154/1091/815
f 1154/1091/815 1153/1155/946 1152/1031/159
f 1152/1031/159 1162/1129/941 1158/1090/6
f 1114/1066/772 1154/1102/840 1155/1092/816
f 1144/1085/821 1155/1092/816 1156/1094/825
f 1150/1009/823 1149/1003/820 1162/1034/822
f 1117/1071/778 1144/1085/821 1156/1094/825
f 1137/1038/827 1138/1021/808 1151/1136/947
f 1118/1069/776 1117/1071/778 1156/1094/825
f 1137/1038/827 1151/1136/947 1152/1039/828
f 1130/1079/788 1150/1009/823 1163/1036/824
f 1145/1087/830 1118/1069/776 1157/1095/826
f 1139/1016/804 1107/1015/803 1152/1039/828
f 1130/1079/788 1163/1036/824 1164/1040/829
f 1145/1087/830 1157/1095/826 1158/1096/831
f 1138/1021/808 1131/1020/786 1164/1040/829
f 1140/1018/833 1152/1039/828 1153/1099/835
f 1138/1021/808 1164/1040/829 1151/1136/947
f 1121/1073/780 1158/1096/831 1159/1098/834
f 1147/1083/837 1146/1089/811 1159/1098/834
f 1142/997/839 1141/1028/836 1153/1099/835
f 1125/993/841 1147/1083/837 1160/1100/838
f 1166/1156/7 1167/1157/948 1165/1158/7
f 1168/1159/948 1169/1160/949 1167/1157/948
f 1176/1161/950 1173/1162/1 1174/1163/1
f 1176/1161/950 1177/1164/951 1175/1165/950
f 1178/1166/951 1179/1167/952 1177/1164/951
f 1180/1168/952 1181/1169/6 1179/1167/952
f 1182/1170/6 1183/1171/953 1181/1169/6
f 1184/1172/953 1185/1173/954 1183/1171/953
f 1186/1174/954 1187/1175/955 1185/1173/954
f 1188/1176/955 1189/1177/11 1187/1175/955
f 1190/1178/11 1191/1179/956 1189/1177/11
f 1192/1180/956 1193/1181/161 1191/1179/956
f 1189/1182/2 1245/1183/2 1187/1184/2
f 1194/1185/161 1195/1186/957 1193/1181/161
f 1196/1187/957 1165/1158/7 1195/1186/957
f 1208/1188/4 1198/1189/4 1202/1190/4
f 1219/1191/2 1279/1192/2 1262/1193/2
f 1169/1194/2 1233/1195/2 1231/1196/2
f 1216/1197/2 1261/1198/2 1260/1199/2
f 1186/1200/4 1246/1201/4 1188/1202/4
f 1215/1203/2 1260/1199/2 1259/1204/2
f 1170/1205/4 1229/1206/4 1232/1207/4
f 1187/1208/2 1243/1209/2 1185/1210/2
f 1214/1211/2 1259/1204/2 1258/1212/2
f 1169/1213/2 1228/1214/2 1167/1215/2
f 1213/1216/2 1258/1212/2 1257/1217/2
f 1283/1218/4 1182/1219/4 1242/1220/4
f 1213/1221/2 1255/1222/2 1211/1223/2
f 1281/1224/2 1181/1225/2 1183/1226/2
f 1211/1227/2 1256/1228/2 1212/1229/2
f 1168/1230/4 1230/1231/4 1229/1206/4
f 1167/1232/2 1227/1233/2 1165/1234/2
f 1284/1235/4 1182/1236/4 1180/1237/4
f 1280/1238/958 1242/1220/6 1284/1235/958
f 1284/1235/4 1178/1239/4 1240/1240/4
f 1233/1195/959 1199/1241/949 1231/1196/949
f 1249/1242/956 1207/1243/11 1247/1244/11
f 1228/1214/948 1197/1245/7 1227/1233/7
f 1239/1246/951 1202/1247/950 1237/1248/950
f 1245/1183/955 1205/1249/954 1243/1209/954
f 1227/1233/7 1210/1250/957 1253/1251/957
f 1235/1252/1 1200/1253/959 1233/1195/959
f 1251/1254/161 1208/1255/956 1249/1242/956
f 1231/1256/949 1198/1257/948 1228/1214/948
f 1247/1244/11 1206/1258/955 1245/1183/955
f 1237/1248/950 1201/1259/1 1235/1252/1
f 1253/1251/957 1209/1260/161 1251/1254/161
f 1254/1261/957 1267/1262/161 1268/1263/957
f 1232/1264/949 1258/1212/959 1234/1265/959
f 1230/1231/7 1255/1222/948 1229/1206/948
f 1248/1266/11 1266/1267/956 1250/1268/956
f 1238/1269/950 1261/1198/951 1240/1240/951
f 1244/1270/954 1264/1271/955 1246/1201/955
f 1230/1231/7 1268/1263/957 1256/1228/7
f 1234/1265/959 1259/1204/1 1236/1272/1
f 1250/1268/956 1267/1262/161 1252/1273/161
f 1229/1206/948 1257/1274/949 1232/1207/949
f 1246/1201/955 1265/1275/11 1248/1266/11
f 1236/1272/1 1260/1199/950 1238/1269/950
f 1170/1276/4 1234/1265/4 1172/1277/4
f 1280/1238/2 1217/1278/2 1218/1279/2
f 1190/1280/4 1246/1201/4 1248/1266/4
f 1280/1238/2 1219/1281/2 1262/1193/2
f 1171/1282/2 1235/1252/2 1233/1195/2
f 1220/1283/2 1263/1284/2 1279/1192/2
f 1191/1285/2 1247/1244/2 1189/1286/2
f 1172/1287/4 1236/1272/4 1174/1288/4
f 1222/1289/2 1263/1284/2 1221/1290/2
f 1192/1291/4 1248/1266/4 1250/1268/4
f 1223/1292/2 1264/1271/2 1222/1293/2
f 1173/1294/2 1237/1248/2 1235/1252/2
f 1224/1295/2 1265/1275/2 1223/1296/2
f 1193/1297/2 1249/1242/2 1191/1298/2
f 1174/1299/4 1238/1269/4 1176/1300/4
f 1225/1301/2 1266/1267/2 1224/1302/2
f 1194/1303/4 1250/1268/4 1252/1273/4
f 1226/1304/2 1267/1262/2 1225/1305/2
f 1175/1306/2 1239/1246/2 1237/1248/2
f 1212/1307/2 1268/1263/2 1226/1308/2
f 1195/1309/2 1251/1254/2 1193/1310/2
f 1176/1311/4 1240/1240/4 1178/1312/4
f 1196/1313/4 1252/1273/4 1254/1261/4
f 1243/1209/2 1183/1314/2 1185/1315/2
f 1165/1316/2 1253/1251/2 1195/1317/2
f 1279/1192/960 1242/1220/6 1262/1193/6
f 1166/1318/4 1254/1261/4 1230/1231/4
f 1282/1319/2 1177/1320/2 1179/1321/2
f 1274/1322/961 1272/1323/962 1270/1324/963
f 1214/1325/964 1271/1326/965 1215/1327/966
f 1223/1328/967 1274/1322/968 1275/1329/969
f 1223/1328/967 1275/1329/969 1224/1330/970
f 1217/1331/971 1271/1326/965 1272/1323/972
f 1224/1330/970 1276/1332/973 1225/1333/974
f 1225/1333/974 1276/1332/973 1226/1334/975
f 1219/1335/976 1272/1323/972 1273/1336/977
f 1212/1337/978 1269/1338/979 1211/1339/980
f 1226/1334/975 1269/1338/979 1212/1337/978
f 1211/1339/980 1270/1340/981 1213/1341/982
f 1221/1342/983 1273/1336/977 1274/1322/968
f 1213/1343/982 1270/1344/981 1214/1325/964
f 1204/1345/6 1282/1319/958 1241/1346/6
f 1241/1346/6 1277/1347/960 1204/1345/6
f 1205/1249/954 1281/1224/960 1243/1209/954
f 1282/1319/958 1203/1348/951 1239/1246/951
f 1244/1270/954 1279/1192/960 1263/1284/954
f 1282/1319/2 1181/1349/2 1241/1346/2
f 1244/1270/4 1184/1350/4 1283/1218/4
f 1280/1238/958 1240/1240/951 1261/1198/951
f 1172/1351/959 1169/1352/949 1170/1353/949
f 1174/1163/1 1171/1354/959 1172/1351/959
f 1166/1156/7 1168/1159/948 1167/1157/948
f 1168/1159/948 1170/1355/949 1169/1160/949
f 1176/1161/950 1175/1165/950 1173/1162/1
f 1176/1161/950 1178/1166/951 1177/1164/951
f 1178/1166/951 1180/1168/952 1179/1167/952
f 1180/1168/952 1182/1170/6 1181/1169/6
f 1182/1170/6 1184/1172/953 1183/1171/953
f 1184/1172/953 1186/1174/954 1185/1173/954
f 1186/1174/954 1188/1176/955 1187/1175/955
f 1188/1176/955 1190/1178/11 1189/1177/11
f 1190/1178/11 1192/1180/956 1191/1179/956
f 1192/1180/956 1194/1185/161 1193/1181/161
f 1189/1182/2 1247/1244/2 1245/1183/2
f 1194/1185/161 1196/1187/957 1195/1186/957
f 1196/1187/957 1166/1156/7 1165/1158/7
f 1202/1190/4 1203/1356/4 1278/1357/4
f 1278/1357/4 1204/1358/4 1277/1347/4
f 1277/1347/4 1205/1249/4 1206/1359/4
f 1206/1359/4 1207/1360/4 1208/1188/4
f 1208/1188/4 1209/1361/4 1210/1362/4
f 1210/1362/4 1197/1363/4 1198/1189/4
f 1198/1189/4 1199/1364/4 1200/1365/4
f 1200/1365/4 1201/1366/4 1202/1190/4
f 1202/1190/4 1278/1357/4 1277/1347/4
f 1277/1347/4 1206/1359/4 1208/1188/4
f 1208/1188/4 1210/1362/4 1198/1189/4
f 1198/1189/4 1200/1365/4 1202/1190/4
f 1202/1190/4 1277/1347/4 1208/1188/4
f 1219/1191/2 1220/1367/2 1279/1192/2
f 1169/1194/2 1171/1368/2 1233/1195/2
f 1216/1197/2 1217/1369/2 1261/1198/2
f 1186/1200/4 1244/1270/4 1246/1201/4
f 1215/1203/2 1216/1370/2 1260/1199/2
f 1170/1205/4 1168/1371/4 1229/1206/4
f 1187/1208/2 1245/1183/2 1243/1209/2
f 1214/1211/2 1215/1372/2 1259/1204/2
f 1169/1213/2 1231/1256/2 1228/1214/2
f 1213/1216/2 1214/1373/2 1258/1212/2
f 1283/1218/4 1184/1374/4 1182/1219/4
f 1222/1375/984 1221/1342/983 1274/1322/968
f 1213/1221/2 1257/1274/2 1255/1222/2
f 1281/1224/2 1241/1346/2 1181/1225/2
f 1211/1227/2 1255/1222/2 1256/1228/2
f 1168/1230/4 1166/1376/4 1230/1231/4
f 1167/1232/2 1228/1214/2 1227/1233/2
f 1284/1235/4 1242/1220/4 1182/1236/4
f 1280/1238/958 1262/1193/6 1242/1220/6
f 1284/1235/4 1180/1377/4 1178/1239/4
f 1233/1195/959 1200/1253/959 1199/1241/949
f 1249/1242/956 1208/1255/956 1207/1243/11
f 1228/1214/948 1198/1257/948 1197/1245/7
f 1239/1246/951 1203/1348/951 1202/1247/950
f 1245/1183/955 1206/1258/955 1205/1249/954
f 1227/1233/7 1197/1245/7 1210/1250/957
f 1235/1252/1 1201/1259/1 1200/1253/959
f 1251/1254/161 1209/1260/161 1208/1255/956
f 1231/1256/949 1199/1378/949 1198/1257/948
f 1247/1244/11 1207/1243/11 1206/1258/955
f 1237/1248/950 1202/1247/950 1201/1259/1
f 1253/1251/957 1210/1250/957 1209/1260/161
f 1254/1261/957 1252/1273/161 1267/1262/161
f 1232/1264/949 1257/1217/949 1258/1212/959
f 1230/1231/7 1256/1228/7 1255/1222/948
f 1248/1266/11 1265/1275/11 1266/1267/956
f 1238/1269/950 1260/1199/950 1261/1198/951
f 1244/1270/954 1263/1284/954 1264/1271/955
f 1230/1231/7 1254/1261/957 1268/1263/957
f 1234/1265/959 1258/1212/959 1259/1204/1
f 1250/1268/956 1266/1267/956 1267/1262/161
f 1229/1206/948 1255/1222/948 1257/1274/949
f 1246/1201/955 1264/1271/955 1265/1275/11
f 1236/1272/1 1259/1204/1 1260/1199/950
f 1170/1276/4 1232/1264/4 1234/1265/4
f 1280/1238/2 1261/1198/2 1217/1278/2
f 1190/1280/4 1188/1379/4 1246/1201/4
f 1280/1238/2 1218/1380/2 1219/1281/2
f 1171/1282/2 1173/1381/2 1235/1252/2
f 1220/1283/2 1221/1382/2 1263/1284/2
f 1191/1285/2 1249/1242/2 1247/1244/2
f 1172/1287/4 1234/1265/4 1236/1272/4
f 1222/1289/2 1264/1271/2 1263/1284/2
f 1192/1291/4 1190/1383/4 1248/1266/4
f 1223/1292/2 1265/1275/2 1264/1271/2
f 1173/1294/2 1175/1384/2 1237/1248/2
f 1224/1295/2 1266/1267/2 1265/1275/2
f 1193/1297/2 1251/1254/2 1249/1242/2
f 1174/1299/4 1236/1272/4 1238/1269/4
f 1225/1301/2 1267/1262/2 1266/1267/2
f 1194/1303/4 1192/1385/4 1250/1268/4
f 1226/1304/2 1268/1263/2 1267/1262/2
f 1175/1306/2 1177/1386/2 1239/1246/2
f 1212/1307/2 1256/1228/2 1268/1263/2
f 1195/1309/2 1253/1251/2 1251/1254/2
f 1176/1311/4 1238/1269/4 1240/1240/4
f 1196/1313/4 1194/1387/4 1252/1273/4
f 1243/1209/2 1281/1224/2 1183/1314/2
f 1165/1316/2 1227/1233/2 1253/1251/2
f 1279/1192/960 1283/1218/960 1242/1220/6
f 1166/1318/4 1196/1388/4 1254/1261/4
f 1282/1319/2 1239/1246/2 1177/1320/2
f 1270/1324/963 1269/1389/985 1276/1390/986
f 1276/1390/986 1275/1329/987 1274/1322/961
f 1274/1322/961 1273/1336/988 1272/1323/962
f 1272/1323/962 1271/1391/989 1270/1324/963
f 1270/1324/963 1276/1390/986 1274/1322/961
f 1214/1325/964 1270/1344/981 1271/1326/965
f 1223/1328/967 1222/1375/984 1274/1322/968
f 1216/1392/990 1215/1327/966 1271/1326/965
f 1217/1331/971 1216/1392/990 1271/1326/965
f 1224/1330/970 1275/1329/969 1276/1332/973
f 1218/1393/991 1217/1331/971 1272/1323/972
f 1219/1335/976 1218/1393/991 1272/1323/972
f 1226/1334/975 1276/1332/973 1269/1338/979
f 1220/1394/992 1219/1335/976 1273/1336/977
f 1211/1339/980 1269/1338/979 1270/1340/981
f 1221/1342/983 1220/1394/992 1273/1336/977
f 1204/1345/6 1278/1395/958 1282/1319/958
f 1241/1346/6 1281/1224/960 1277/1347/960
f 1205/1249/954 1277/1347/960 1281/1224/960
f 1282/1319/958 1278/1395/958 1203/1348/951
f 1244/1270/954 1283/1218/960 1279/1192/960
f 1282/1319/2 1179/1396/2 1181/1349/2
f 1244/1270/4 1186/1397/4 1184/1350/4
f 1280/1238/958 1284/1235/958 1240/1240/951
f 1172/1351/959 1171/1354/959 1169/1352/949
f 1174/1163/1 1173/1162/1 1171/1354/959
f 1286/1156/7 1287/1157/948 1285/1158/7
f 1288/1159/948 1289/1160/949 1287/1157/948
f 1296/1161/950 1293/1162/1 1294/1163/1
f 1296/1161/950 1297/1164/951 1295/1165/950
f 1298/1166/951 1299/1167/952 1297/1164/951
f 1300/1168/952 1301/1169/6 1299/1167/952
f 1302/1170/6 1303/1171/953 1301/1169/6
f 1304/1172/953 1305/1173/954 1303/1171/953
f 1306/1174/954 1307/1175/955 1305/1173/954
f 1308/1176/955 1309/1177/11 1307/1175/955
f 1310/1178/11 1311/1179/956 1309/1177/11
f 1312/1180/956 1313/1181/161 1311/1179/956
f 1309/1182/2 1365/1183/2 1307/1184/2
f 1314/1185/161 1315/1186/957 1313/1181/161
f 1316/1187/957 1285/1158/7 1315/1186/957
f 1328/1188/4 1318/1189/4 1322/1190/4
f 1339/1191/2 1400/1192/2 1382/1193/2
f 1289/1194/2 1353/1195/2 1351/1196/2
f 1336/1197/2 1381/1198/2 1380/1199/2
f 1306/1200/4 1366/1201/4 1308/1202/4
f 1335/1203/2 1380/1199/2 1379/1204/2
f 1290/1205/4 1349/1206/4 1352/1207/4
f 1307/1208/2 1363/1209/2 1305/1210/2
f 1334/1211/2 1379/1204/2 1378/1212/2
f 1289/1213/2 1348/1214/2 1287/1215/2
f 1333/1216/2 1378/1212/2 1377/1217/2
f 1404/1218/4 1302/1219/4 1362/1220/4
f 1342/1375/993 1394/1398/994 1395/1399/995
f 1333/1221/2 1375/1222/2 1331/1223/2
f 1402/1224/2 1301/1225/2 1303/1226/2
f 1331/1227/2 1376/1228/2 1332/1229/2
f 1288/1230/4 1350/1231/4 1349/1206/4
f 1287/1232/2 1347/1233/2 1285/1234/2
f 1405/1235/4 1302/1236/4 1300/1237/4
f 1401/1238/958 1362/1220/6 1405/1235/958
f 1405/1235/4 1298/1239/4 1360/1240/4
f 1353/1195/959 1319/1241/949 1351/1196/949
f 1369/1242/956 1327/1243/11 1367/1244/11
f 1348/1214/948 1317/1245/7 1347/1233/7
f 1359/1246/951 1322/1247/950 1357/1248/950
f 1365/1183/955 1325/1249/954 1363/1209/954
f 1347/1233/7 1330/1250/957 1373/1251/957
f 1355/1252/1 1320/1253/959 1353/1195/959
f 1371/1254/161 1328/1255/956 1369/1242/956
f 1351/1256/949 1318/1257/948 1348/1214/948
f 1367/1244/11 1326/1258/955 1365/1183/955
f 1357/1248/950 1321/1259/1 1355/1252/1
f 1373/1251/957 1329/1260/161 1371/1254/161
f 1374/1261/957 1387/1262/161 1388/1263/957
f 1352/1264/949 1378/1212/959 1354/1265/959
f 1350/1231/7 1375/1222/948 1349/1206/948
f 1368/1266/11 1386/1267/956 1370/1268/956
f 1358/1269/950 1381/1198/951 1360/1240/951
f 1364/1270/954 1384/1271/955 1366/1201/955
f 1350/1231/7 1388/1263/957 1376/1228/7
f 1354/1265/959 1379/1204/1 1356/1272/1
f 1370/1268/956 1387/1262/161 1372/1273/161
f 1349/1206/948 1377/1274/949 1352/1207/949
f 1366/1201/955 1385/1275/11 1368/1266/11
f 1356/1272/1 1380/1199/950 1358/1269/950
f 1290/1276/4 1354/1265/4 1292/1277/4
f 1401/1238/2 1337/1278/2 1338/1279/2
f 1310/1280/4 1366/1201/4 1368/1266/4
f 1401/1238/2 1339/1281/2 1382/1193/2
f 1291/1282/2 1355/1252/2 1353/1195/2
f 1340/1283/2 1383/1284/2 1400/1192/2
f 1311/1285/2 1367/1244/2 1309/1286/2
f 1292/1287/4 1356/1272/4 1294/1288/4
f 1342/1289/2 1383/1284/2 1341/1290/2
f 1312/1291/4 1368/1266/4 1370/1268/4
f 1343/1292/2 1384/1271/2 1342/1293/2
f 1293/1294/2 1357/1248/2 1355/1252/2
f 1344/1295/2 1385/1275/2 1343/1296/2
f 1313/1297/2 1369/1242/2 1311/1298/2
f 1294/1299/4 1358/1269/4 1296/1300/4
f 1345/1301/2 1386/1267/2 1344/1302/2
f 1314/1303/4 1370/1268/4 1372/1273/4
f 1346/1304/2 1387/1262/2 1345/1305/2
f 1295/1306/2 1359/1246/2 1357/1248/2
f 1332/1307/2 1388/1263/2 1346/1308/2
f 1315/1309/2 1371/1254/2 1313/1310/2
f 1296/1311/4 1360/1240/4 1298/1312/4
f 1316/1313/4 1372/1273/4 1374/1261/4
f 1363/1209/2 1303/1314/2 1305/1315/2
f 1285/1316/2 1373/1251/2 1315/1317/2
f 1400/1192/960 1362/1220/6 1382/1193/6
f 1286/1318/4 1374/1261/4 1350/1231/4
f 1403/1319/2 1297/1320/2 1299/1321/2
f 1394/1398/996 1392/1400/997 1390/1401/998
f 1334/1325/999 1391/1402/1000 1335/1327/1001
f 1343/1328/1002 1395/1399/995 1396/1403/1003
f 1336/1392/1004 1391/1402/1000 1392/1400/1005
f 1343/1328/1002 1396/1403/1003 1344/1330/970
f 1344/1330/970 1397/1404/973 1345/1333/974
f 1338/1393/1006 1392/1400/1005 1393/1405/1007
f 1345/1333/974 1397/1404/973 1346/1334/975
f 1332/1337/978 1389/1406/979 1331/1339/980
f 1346/1334/975 1389/1406/979 1332/1337/978
f 1340/1394/1008 1393/1405/1007 1394/1398/994
f 1331/1339/980 1390/1340/1009 1333/1341/982
f 1333/1343/982 1390/1407/1009 1334/1325/999
f 1324/1345/6 1403/1319/958 1361/1346/6
f 1361/1346/6 1398/1347/960 1324/1345/6
f 1325/1249/954 1402/1224/960 1363/1209/954
f 1403/1319/958 1323/1348/951 1359/1246/951
f 1364/1270/954 1400/1192/960 1383/1284/954
f 1403/1319/2 1301/1349/2 1361/1346/2
f 1364/1270/4 1304/1350/4 1404/1218/4
f 1401/1238/958 1360/1240/951 1381/1198/951
f 1292/1351/959 1289/1352/949 1290/1353/949
f 1294/1163/1 1291/1354/959 1292/1351/959
f 1286/1156/7 1288/1159/948 1287/1157/948
f 1288/1159/948 1290/1355/949 1289/1160/949
f 1296/1161/950 1295/1165/950 1293/1162/1
f 1296/1161/950 1298/1166/951 1297/1164/951
f 1298/1166/951 1300/1168/952 1299/1167/952
f 1300/1168/952 1302/1170/6 1301/1169/6
f 1302/1170/6 1304/1172/953 1303/1171/953
f 1304/1172/953 1306/1174/954 1305/1173/954
f 1306/1174/954 1308/1176/955 1307/1175/955
f 1308/1176/955 1310/1178/11 1309/1177/11
f 1310/1178/11 1312/1180/956 1311/1179/956
f 1312/1180/956 1314/1185/161 1313/1181/161
f 1309/1182/2 1367/1244/2 1365/1183/2
f 1314/1185/161 1316/1187/957 1315/1186/957
f 1316/1187/957 1286/1156/7 1285/1158/7
f 1322/1190/4 1323/1356/4 1399/1357/4
f 1399/1357/4 1324/1358/4 1398/1347/4
f 1398/1347/4 1325/1249/4 1326/1359/4
f 1326/1359/4 1327/1360/4 1328/1188/4
f 1328/1188/4 1329/1361/4 1330/1362/4
f 1330/1362/4 1317/1363/4 1318/1189/4
f 1318/1189/4 1319/1364/4 1320/1365/4
f 1320/1365/4 1321/1366/4 1322/1190/4
f 1322/1190/4 1399/1357/4 1398/1347/4
f 1398/1347/4 1326/1359/4 1328/1188/4
f 1328/1188/4 1330/1362/4 1318/1189/4
f 1318/1189/4 1320/1365/4 1322/1190/4
f 1322/1190/4 1398/1347/4 1328/1188/4
f 1339/1191/2 1340/1367/2 1400/1192/2
f 1289/1194/2 1291/1368/2 1353/1195/2
f 1336/1197/2 1337/1369/2 1381/1198/2
f 1306/1200/4 1364/1270/4 1366/1201/4
f 1335/1203/2 1336/1370/2 1380/1199/2
f 1290/1205/4 1288/1371/4 1349/1206/4
f 1307/1208/2 1365/1183/2 1363/1209/2
f 1334/1211/2 1335/1372/2 1379/1204/2
f 1289/1213/2 1351/1256/2 1348/1214/2
f 1333/1216/2 1334/1373/2 1378/1212/2
f 1404/1218/4 1304/1374/4 1302/1219/4
f 1342/1375/993 1341/1342/1010 1394/1398/994
f 1333/1221/2 1377/1274/2 1375/1222/2
f 1402/1224/2 1361/1346/2 1301/1225/2
f 1331/1227/2 1375/1222/2 1376/1228/2
f 1288/1230/4 1286/1376/4 1350/1231/4
f 1287/1232/2 1348/1214/2 1347/1233/2
f 1405/1235/4 1362/1220/4 1302/1236/4
f 1401/1238/958 1382/1193/6 1362/1220/6
f 1405/1235/4 1300/1377/4 1298/1239/4
f 1353/1195/959 1320/1253/959 1319/1241/949
f 1369/1242/956 1328/1255/956 1327/1243/11
f 1348/1214/948 1318/1257/948 1317/1245/7
f 1359/1246/951 1323/1348/951 1322/1247/950
f 1365/1183/955 1326/1258/955 1325/1249/954
f 1347/1233/7 1317/1245/7 1330/1250/957
f 1355/1252/1 1321/1259/1 1320/1253/959
f 1371/1254/161 1329/1260/161 1328/1255/956
f 1351/1256/949 1319/1378/949 1318/1257/948
f 1367/1244/11 1327/1243/11 1326/1258/955
f 1357/1248/950 1322/1247/950 1321/1259/1
f 1373/1251/957 1330/1250/957 1329/1260/161
f 1374/1261/957 1372/1273/161 1387/1262/161
f 1352/1264/949 1377/1217/949 1378/1212/959
f 1350/1231/7 1376/1228/7 1375/1222/948
f 1368/1266/11 1385/1275/11 1386/1267/956
f 1358/1269/950 1380/1199/950 1381/1198/951
f 1364/1270/954 1383/1284/954 1384/1271/955
f 1350/1231/7 1374/1261/957 1388/1263/957
f 1354/1265/959 1378/1212/959 1379/1204/1
f 1370/1268/956 1386/1267/956 1387/1262/161
f 1349/1206/948 1375/1222/948 1377/1274/949
f 1366/1201/955 1384/1271/955 1385/1275/11
f 1356/1272/1 1379/1204/1 1380/1199/950
f 1290/1276/4 1352/1264/4 1354/1265/4
f 1401/1238/2 1381/1198/2 1337/1278/2
f 1310/1280/4 1308/1379/4 1366/1201/4
f 1401/1238/2 1338/1380/2 1339/1281/2
f 1291/1282/2 1293/1381/2 1355/1252/2
f 1340/1283/2 1341/1382/2 1383/1284/2
f 1311/1285/2 1369/1242/2 1367/1244/2
f 1292/1287/4 1354/1265/4 1356/1272/4
f 1342/1289/2 1384/1271/2 1383/1284/2
f 1312/1291/4 1310/1383/4 1368/1266/4
f 1343/1292/2 1385/1275/2 1384/1271/2
f 1293/1294/2 1295/1384/2 1357/1248/2
f 1344/1295/2 1386/1267/2 1385/1275/2
f 1313/1297/2 1371/1254/2 1369/1242/2
f 1294/1299/4 1356/1272/4 1358/1269/4
f 1345/1301/2 1387/1262/2 1386/1267/2
f 1314/1303/4 1312/1385/4 1370/1268/4
f 1346/1304/2 1388/1263/2 1387/1262/2
f 1295/1306/2 1297/1386/2 1359/1246/2
f 1332/1307/2 1376/1228/2 1388/1263/2
f 1315/1309/2 1373/1251/2 1371/1254/2
f 1296/1311/4 1358/1269/4 1360/1240/4
f 1316/1313/4 1314/1387/4 1372/1273/4
f 1363/1209/2 1402/1224/2 1303/1314/2
f 1285/1316/2 1347/1233/2 1373/1251/2
f 1400/1192/960 1404/1218/960 1362/1220/6
f 1286/1318/4 1316/1388/4 1374/1261/4
f 1403/1319/2 1359/1246/2 1297/1320/2
f 1396/1403/1011 1395/1408/1012 1394/1398/996
f 1390/1401/998 1389/1409/985 1397/1410/1013
f 1397/1410/1013 1396/1403/1011 1394/1398/996
f 1394/1398/996 1393/1405/1014 1392/1400/997
f 1392/1400/997 1391/1411/1015 1390/1401/998
f 1390/1401/998 1397/1410/1013 1394/1398/996
f 1334/1325/999 1390/1407/1009 1391/1402/1000
f 1343/1328/1002 1342/1375/993 1395/1399/995
f 1336/1392/1004 1335/1327/1001 1391/1402/1000
f 1337/1331/1016 1336/1392/1004 1392/1400/1005
f 1344/1330/970 1396/1403/1003 1397/1404/973
f 1338/1393/1006 1337/1331/1016 1392/1400/1005
f 1339/1335/1017 1338/1393/1006 1393/1405/1007
f 1346/1334/975 1397/1404/973 1389/1406/979
f 1340/1394/1008 1339/1335/1017 1393/1405/1007
f 1331/1339/980 1389/1406/979 1390/1340/1009
f 1341/1342/1010 1340/1394/1008 1394/1398/994
f 1324/1345/6 1399/1395/958 1403/1319/958
f 1361/1346/6 1402/1224/960 1398/1347/960
f 1325/1249/954 1398/1347/960 1402/1224/960
f 1403/1319/958 1399/1395/958 1323/1348/951
f 1364/1270/954 1404/1218/960 1400/1192/960
f 1403/1319/2 1299/1396/2 1301/1349/2
f 1364/1270/4 1306/1397/4 1304/1350/4
f 1401/1238/958 1405/1235/958 1360/1240/951
f 1292/1351/959 1291/1354/959 1289/1352/949
f 1294/1163/1 1293/1162/1 1291/1354/959
f 1407/1156/6 1408/1157/952 1406/1158/6
f 1409/1159/952 1410/1160/951 1408/1157/952
f 1417/1161/959 1414/1162/1 1415/1163/1
f 1417/1161/959 1418/1164/949 1416/1165/959
f 1419/1166/949 1420/1167/948 1418/1164/949
f 1421/1168/948 1422/1169/7 1420/1167/948
f 1423/1170/7 1424/1171/957 1422/1169/7
f 1425/1172/957 1426/1173/161 1424/1171/957
f 1427/1174/161 1428/1175/956 1426/1173/161
f 1429/1176/956 1430/1177/11 1428/1175/956
f 1431/1178/11 1432/1179/955 1430/1177/11
f 1433/1180/955 1434/1181/954 1432/1179/955
f 1430/1182/4 1486/1183/4 1428/1184/4
f 1435/1185/954 1436/1186/953 1434/1181/954
f 1437/1187/953 1406/1158/6 1436/1186/953
f 1449/1188/2 1439/1189/2 1443/1190/2
f 1460/1191/4 1521/1192/4 1503/1193/4
f 1410/1194/4 1474/1195/4 1472/1196/4
f 1457/1197/4 1502/1198/4 1501/1199/4
f 1427/1200/2 1487/1201/2 1429/1202/2
f 1456/1203/4 1501/1199/4 1500/1204/4
f 1411/1205/2 1470/1206/2 1473/1207/2
f 1428/1208/4 1484/1209/4 1426/1210/4
f 1455/1211/4 1500/1204/4 1499/1212/4
f 1410/1213/4 1469/1214/4 1408/1215/4
f 1454/1216/4 1499/1212/4 1498/1217/4
f 1525/1218/2 1423/1219/2 1483/1220/2
f 1463/1375/1018 1515/1412/1019 1516/1413/1020
f 1454/1221/4 1496/1222/4 1452/1223/4
f 1523/1224/4 1422/1225/4 1424/1226/4
f 1452/1227/4 1497/1228/4 1453/1229/4
f 1409/1230/2 1471/1231/2 1470/1206/2
f 1408/1232/4 1468/1233/4 1406/1234/4
f 1526/1235/2 1423/1236/2 1421/1237/2
f 1522/1238/1021 1483/1220/7 1526/1235/1021
f 1526/1235/2 1419/1239/2 1481/1240/2
f 1474/1195/950 1440/1241/951 1472/1196/951
f 1490/1242/955 1448/1243/11 1488/1244/11
f 1469/1214/952 1438/1245/6 1468/1233/6
f 1480/1246/949 1443/1247/959 1478/1248/959
f 1486/1183/956 1446/1249/161 1484/1209/161
f 1468/1233/6 1451/1250/953 1494/1251/953
f 1476/1252/1 1441/1253/950 1474/1195/950
f 1492/1254/954 1449/1255/955 1490/1242/955
f 1472/1256/951 1439/1257/952 1469/1214/952
f 1488/1244/11 1447/1258/956 1486/1183/956
f 1478/1248/959 1442/1259/1 1476/1252/1
f 1494/1251/953 1450/1260/954 1492/1254/954
f 1495/1261/953 1508/1262/954 1509/1263/953
f 1473/1264/951 1499/1212/950 1475/1265/950
f 1471/1231/6 1496/1222/952 1470/1206/952
f 1489/1266/11 1507/1267/955 1491/1268/955
f 1479/1269/959 1502/1198/949 1481/1240/949
f 1485/1270/161 1505/1271/956 1487/1201/956
f 1471/1231/6 1509/1263/953 1497/1228/6
f 1475/1265/950 1500/1204/1 1477/1272/1
f 1491/1268/955 1508/1262/954 1493/1273/954
f 1470/1206/952 1498/1274/951 1473/1207/951
f 1487/1201/956 1506/1275/11 1489/1266/11
f 1477/1272/1 1501/1199/959 1479/1269/959
f 1411/1276/2 1475/1265/2 1413/1277/2
f 1522/1238/4 1458/1278/4 1459/1279/4
f 1431/1280/2 1487/1201/2 1489/1266/2
f 1522/1238/4 1460/1281/4 1503/1193/4
f 1412/1282/4 1476/1252/4 1474/1195/4
f 1461/1283/4 1504/1284/4 1521/1192/4
f 1432/1285/4 1488/1244/4 1430/1286/4
f 1413/1287/2 1477/1272/2 1415/1288/2
f 1463/1289/4 1504/1284/4 1462/1290/4
f 1433/1291/2 1489/1266/2 1491/1268/2
f 1464/1292/4 1505/1271/4 1463/1293/4
f 1414/1294/4 1478/1248/4 1476/1252/4
f 1465/1295/4 1506/1275/4 1464/1296/4
f 1434/1297/4 1490/1242/4 1432/1298/4
f 1415/1299/2 1479/1269/2 1417/1300/2
f 1466/1301/4 1507/1267/4 1465/1302/4
f 1435/1303/2 1491/1268/2 1493/1273/2
f 1467/1304/4 1508/1262/4 1466/1305/4
f 1416/1306/4 1480/1246/4 1478/1248/4
f 1453/1307/4 1509/1263/4 1467/1308/4
f 1436/1309/4 1492/1254/4 1434/1310/4
f 1417/1311/2 1481/1240/2 1419/1312/2
f 1437/1313/2 1493/1273/2 1495/1261/2
f 1484/1209/4 1424/1314/4 1426/1315/4
f 1406/1316/4 1494/1251/4 1436/1317/4
f 1521/1192/1022 1483/1220/7 1503/1193/7
f 1407/1318/2 1495/1261/2 1471/1231/2
f 1524/1319/4 1418/1320/4 1420/1321/4
f 1515/1412/1023 1513/1414/1024 1511/1415/1025
f 1455/1325/1026 1512/1402/1027 1456/1327/1028
f 1457/1392/1029 1512/1402/1027 1513/1414/1030
f 1464/1328/1031 1517/1416/1032 1465/1330/1033
f 1465/1330/1033 1518/1417/1034 1466/1333/1035
f 1459/1393/1036 1513/1414/1030 1514/1418/1037
f 1466/1333/1035 1518/1417/1034 1467/1334/1038
f 1453/1337/1039 1510/1419/1040 1452/1339/1041
f 1467/1334/1038 1510/1419/1040 1453/1337/1039
f 1461/1394/1042 1514/1418/1037 1515/1412/1019
f 1452/1339/1041 1511/1340/1043 1454/1341/1044
f 1454/1343/1044 1511/1420/1043 1455/1325/1026
f 1445/1345/7 1524/1319/1021 1482/1346/7
f 1482/1346/7 1519/1347/1022 1445/1345/7
f 1446/1249/161 1523/1224/1022 1484/1209/161
f 1524/1319/1021 1444/1348/949 1480/1246/949
f 1485/1270/161 1521/1192/1022 1504/1284/161
f 1524/1319/4 1422/1349/4 1482/1346/4
f 1485/1270/2 1425/1350/2 1525/1218/2
f 1522/1238/1021 1481/1240/949 1502/1198/949
f 1413/1351/950 1410/1352/951 1411/1353/951
f 1415/1163/1 1412/1354/950 1413/1351/950
f 1407/1156/6 1409/1159/952 1408/1157/952
f 1409/1159/952 1411/1355/951 1410/1160/951
f 1417/1161/959 1416/1165/959 1414/1162/1
f 1417/1161/959 1419/1166/949 1418/1164/949
f 1419/1166/949 1421/1168/948 1420/1167/948
f 1421/1168/948 1423/1170/7 1422/1169/7
f 1423/1170/7 1425/1172/957 1424/1171/957
f 1425/1172/957 1427/1174/161 1426/1173/161
f 1427/1174/161 1429/1176/956 1428/1175/956
f 1429/1176/956 1431/1178/11 1430/1177/11
f 1431/1178/11 1433/1180/955 1432/1179/955
f 1433/1180/955 1435/1185/954 1434/1181/954
f 1430/1182/4 1488/1244/4 1486/1183/4
f 1435/1185/954 1437/1187/953 1436/1186/953
f 1437/1187/953 1407/1156/6 1406/1158/6
f 1443/1190/2 1444/1356/2 1520/1357/2
f 1520/1357/2 1445/1358/2 1519/1347/2
f 1519/1347/2 1446/1249/2 1447/1359/2
f 1447/1359/2 1448/1360/2 1449/1188/2
f 1449/1188/2 1450/1361/2 1451/1362/2
f 1451/1362/2 1438/1363/2 1439/1189/2
f 1439/1189/2 1440/1364/2 1441/1365/2
f 1441/1365/2 1442/1366/2 1443/1190/2
f 1443/1190/2 1520/1357/2 1519/1347/2
f 1519/1347/2 1447/1359/2 1449/1188/2
f 1449/1188/2 1451/1362/2 1439/1189/2
f 1439/1189/2 1441/1365/2 1443/1190/2
f 1443/1190/2 1519/1347/2 1449/1188/2
f 1460/1191/4 1461/1367/4 1521/1192/4
f 1410/1194/4 1412/1368/4 1474/1195/4
f 1457/1197/4 1458/1369/4 1502/1198/4
f 1427/1200/2 1485/1270/2 1487/1201/2
f 1456/1203/4 1457/1370/4 1501/1199/4
f 1411/1205/2 1409/1371/2 1470/1206/2
f 1428/1208/4 1486/1183/4 1484/1209/4
f 1455/1211/4 1456/1372/4 1500/1204/4
f 1410/1213/4 1472/1256/4 1469/1214/4
f 1454/1216/4 1455/1373/4 1499/1212/4
f 1525/1218/2 1425/1374/2 1423/1219/2
f 1463/1375/1018 1462/1342/1045 1515/1412/1019
f 1454/1221/4 1498/1274/4 1496/1222/4
f 1523/1224/4 1482/1346/4 1422/1225/4
f 1452/1227/4 1496/1222/4 1497/1228/4
f 1409/1230/2 1407/1376/2 1471/1231/2
f 1408/1232/4 1469/1214/4 1468/1233/4
f 1526/1235/2 1483/1220/2 1423/1236/2
f 1522/1238/1021 1503/1193/7 1483/1220/7
f 1526/1235/2 1421/1377/2 1419/1239/2
f 1474/1195/950 1441/1253/950 1440/1241/951
f 1490/1242/955 1449/1255/955 1448/1243/11
f 1469/1214/952 1439/1257/952 1438/1245/6
f 1480/1246/949 1444/1348/949 1443/1247/959
f 1486/1183/956 1447/1258/956 1446/1249/161
f 1468/1233/6 1438/1245/6 1451/1250/953
f 1476/1252/1 1442/1259/1 1441/1253/950
f 1492/1254/954 1450/1260/954 1449/1255/955
f 1472/1256/951 1440/1378/951 1439/1257/952
f 1488/1244/11 1448/1243/11 1447/1258/956
f 1478/1248/959 1443/1247/959 1442/1259/1
f 1494/1251/953 1451/1250/953 1450/1260/954
f 1495/1261/953 1493/1273/954 1508/1262/954
f 1473/1264/951 1498/1217/951 1499/1212/950
f 1471/1231/6 1497/1228/6 1496/1222/952
f 1489/1266/11 1506/1275/11 1507/1267/955
f 1479/1269/959 1501/1199/959 1502/1198/949
f 1485/1270/161 1504/1284/161 1505/1271/956
f 1471/1231/6 1495/1261/953 1509/1263/953
f 1475/1265/950 1499/1212/950 1500/1204/1
f 1491/1268/955 1507/1267/955 1508/1262/954
f 1470/1206/952 1496/1222/952 1498/1274/951
f 1487/1201/956 1505/1271/956 1506/1275/11
f 1477/1272/1 1500/1204/1 1501/1199/959
f 1411/1276/2 1473/1264/2 1475/1265/2
f 1522/1238/4 1502/1198/4 1458/1278/4
f 1431/1280/2 1429/1379/2 1487/1201/2
f 1522/1238/4 1459/1380/4 1460/1281/4
f 1412/1282/4 1414/1381/4 1476/1252/4
f 1461/1283/4 1462/1382/4 1504/1284/4
f 1432/1285/4 1490/1242/4 1488/1244/4
f 1413/1287/2 1475/1265/2 1477/1272/2
f 1463/1289/4 1505/1271/4 1504/1284/4
f 1433/1291/2 1431/1383/2 1489/1266/2
f 1464/1292/4 1506/1275/4 1505/1271/4
f 1414/1294/4 1416/1384/4 1478/1248/4
f 1465/1295/4 1507/1267/4 1506/1275/4
f 1434/1297/4 1492/1254/4 1490/1242/4
f 1415/1299/2 1477/1272/2 1479/1269/2
f 1466/1301/4 1508/1262/4 1507/1267/4
f 1435/1303/2 1433/1385/2 1491/1268/2
f 1467/1304/4 1509/1263/4 1508/1262/4
f 1416/1306/4 1418/1386/4 1480/1246/4
f 1453/1307/4 1497/1228/4 1509/1263/4
f 1436/1309/4 1494/1251/4 1492/1254/4
f 1417/1311/2 1479/1269/2 1481/1240/2
f 1437/1313/2 1435/1387/2 1493/1273/2
f 1484/1209/4 1523/1224/4 1424/1314/4
f 1406/1316/4 1468/1233/4 1494/1251/4
f 1521/1192/1022 1525/1218/1022 1483/1220/7
f 1407/1318/2 1437/1388/2 1495/1261/2
f 1524/1319/4 1480/1246/4 1418/1320/4
f 1518/1421/1046 1517/1422/1047 1516/1413/1048
f 1511/1415/1025 1510/1423/1049 1518/1421/1046
f 1518/1421/1046 1516/1413/1048 1515/1412/1023
f 1515/1412/1023 1514/1418/1050 1513/1414/1024
f 1513/1414/1024 1512/1411/1051 1511/1415/1025
f 1511/1415/1025 1518/1421/1046 1515/1412/1023
f 1455/1325/1026 1511/1420/1043 1512/1402/1027
f 1464/1328/1031 1463/1375/1018 1516/1413/1020
f 1457/1392/1029 1456/1327/1028 1512/1402/1027
f 1464/1328/1031 1516/1413/1020 1517/1416/1032
f 1458/1331/1052 1457/1392/1029 1513/1414/1030
f 1465/1330/1033 1517/1416/1032 1518/1417/1034
f 1459/1393/1036 1458/1331/1052 1513/1414/1030
f 1460/1335/1053 1459/1393/1036 1514/1418/1037
f 1467/1334/1038 1518/1417/1034 1510/1419/1040
f 1461/1394/1042 1460/1335/1053 1514/1418/1037
f 1452/1339/1041 1510/1419/1040 1511/1340/1043
f 1462/1342/1045 1461/1394/1042 1515/1412/1019
f 1445/1345/7 1520/1395/1054 1524/1319/1021
f 1482/1346/7 1523/1224/1022 1519/1347/1022
f 1446/1249/161 1519/1347/1022 1523/1224/1022
f 1524/1319/1021 1520/1395/1054 1444/1348/949
f 1485/1270/161 1525/1218/1022 1521/1192/1022
f 1524/1319/4 1420/1396/4 1422/1349/4
f 1485/1270/2 1427/1397/2 1425/1350/2
f 1522/1238/1021 1526/1235/1021 1481/1240/949
f 1413/1351/950 1412/1354/950 1410/1352/951
f 1415/1163/1 1414/1162/1 1412/1354/950
f 1528/1156/6 1529/1157/952 1527/1158/6
f 1530/1159/952 1531/1160/951 1529/1157/952
f 1538/1161/959 1535/1162/1 1536/1163/1
f 1538/1161/959 1539/1164/949 1537/1165/959
f 1540/1166/949 1541/1167/948 1539/1164/949
f 1542/1168/948 1543/1169/7 1541/1167/948
f 1544/1170/7 1545/1171/957 1543/1169/7
f 1546/1172/957 1547/1173/161 1545/1171/957
f 1548/1174/161 1549/1175/956 1547/1173/161
f 1550/1176/956 1551/1177/11 1549/1175/956
f 1552/1178/11 1553/1179/955 1551/1177/11
f 1554/1180/955 1555/1181/954 1553/1179/955
f 1551/1182/4 1607/1183/4 1549/1184/4
f 1556/1185/954 1557/1186/953 1555/1181/954
f 1558/1187/953 1527/1158/6 1557/1186/953
f 1570/1188/2 1560/1189/2 1564/1190/2
f 1581/1191/4 1642/1192/4 1624/1193/4
f 1531/1194/4 1595/1195/4 1593/1196/4
f 1578/1197/4 1623/1198/4 1622/1199/4
f 1548/1200/2 1608/1201/2 1550/1202/2
f 1577/1203/4 1622/1199/4 1621/1204/4
f 1532/1205/2 1591/1206/2 1594/1207/2
f 1549/1208/4 1605/1209/4 1547/1210/4
f 1576/1211/4 1621/1204/4 1620/1212/4
f 1531/1213/4 1590/1214/4 1529/1215/4
f 1575/1216/4 1620/1212/4 1619/1217/4
f 1646/1218/2 1544/1219/2 1604/1220/2
f 1584/1375/1018 1636/1412/1019 1637/1424/1020
f 1575/1221/4 1617/1222/4 1573/1223/4
f 1644/1224/4 1543/1225/4 1545/1226/4
f 1573/1227/4 1618/1228/4 1574/1229/4
f 1530/1230/2 1592/1231/2 1591/1206/2
f 1529/1232/4 1589/1233/4 1527/1234/4
f 1647/1235/2 1544/1236/2 1542/1237/2
f 1643/1238/1021 1604/1220/7 1647/1235/1021
f 1647/1235/2 1540/1239/2 1602/1240/2
f 1595/1195/950 1561/1241/951 1593/1196/951
f 1611/1242/955 1569/1243/11 1609/1244/11
f 1590/1214/952 1559/1245/6 1589/1233/6
f 1601/1246/949 1564/1247/959 1599/1248/959
f 1607/1183/956 1567/1249/161 1605/1209/161
f 1589/1233/6 1572/1250/953 1615/1251/953
f 1597/1252/1 1562/1253/950 1595/1195/950
f 1613/1254/954 1570/1255/955 1611/1242/955
f 1593/1256/951 1560/1257/952 1590/1214/952
f 1609/1244/11 1568/1258/956 1607/1183/956
f 1599/1248/959 1563/1259/1 1597/1252/1
f 1615/1251/953 1571/1260/954 1613/1254/954
f 1616/1261/953 1629/1262/954 1630/1263/953
f 1594/1264/951 1620/1212/950 1596/1265/950
f 1592/1231/6 1617/1222/952 1591/1206/952
f 1610/1266/11 1628/1267/955 1612/1268/955
f 1600/1269/959 1623/1198/949 1602/1240/949
f 1606/1270/161 1626/1271/956 1608/1201/956
f 1592/1231/6 1630/1263/953 1618/1228/6
f 1596/1265/950 1621/1204/1 1598/1272/1
f 1612/1268/955 1629/1262/954 1614/1273/954
f 1591/1206/952 1619/1274/951 1594/1207/951
f 1608/1201/956 1627/1275/11 1610/1266/11
f 1598/1272/1 1622/1199/959 1600/1269/959
f 1532/1276/2 1596/1265/2 1534/1277/2
f 1643/1238/4 1579/1278/4 1580/1279/4
f 1552/1280/2 1608/1201/2 1610/1266/2
f 1643/1238/4 1581/1281/4 1624/1193/4
f 1533/1282/4 1597/1252/4 1595/1195/4
f 1582/1283/4 1625/1284/4 1642/1192/4
f 1553/1285/4 1609/1244/4 1551/1286/4
f 1534/1287/2 1598/1272/2 1536/1288/2
f 1584/1289/4 1625/1284/4 1583/1290/4
f 1554/1291/2 1610/1266/2 1612/1268/2
f 1585/1292/4 1626/1271/4 1584/1293/4
f 1535/1294/4 1599/1248/4 1597/1252/4
f 1586/1295/4 1627/1275/4 1585/1296/4
f 1555/1297/4 1611/1242/4 1553/1298/4
f 1536/1299/2 1600/1269/2 1538/1300/2
f 1587/1301/4 1628/1267/4 1586/1302/4
f 1556/1303/2 1612/1268/2 1614/1273/2
f 1588/1304/4 1629/1262/4 1587/1305/4
f 1537/1306/4 1601/1246/4 1599/1248/4
f 1574/1307/4 1630/1263/4 1588/1308/4
f 1557/1309/4 1613/1254/4 1555/1310/4
f 1538/1311/2 1602/1240/2 1540/1312/2
f 1558/1313/2 1614/1273/2 1616/1261/2
f 1605/1209/4 1545/1314/4 1547/1315/4
f 1527/1316/4 1615/1251/4 1557/1317/4
f 1642/1192/1022 1604/1220/7 1624/1193/7
f 1528/1318/2 1616/1261/2 1592/1231/2
f 1645/1319/4 1539/1320/4 1541/1321/4
f 1636/1412/1023 1634/1414/1024 1632/1425/1025
f 1576/1325/1026 1633/1402/1027 1577/1327/1028
f 1578/1392/1029 1633/1402/1027 1634/1414/1030
f 1585/1328/1031 1638/1416/1032 1586/1330/1033
f 1586/1330/1033 1639/1426/1034 1587/1333/1035
f 1580/1393/1036 1634/1414/1030 1635/1427/1055
f 1587/1333/1035 1639/1426/1034 1588/1334/1038
f 1574/1337/1039 1631/1428/1040 1573/1339/1041
f 1588/1334/1038 1631/1428/1040 1574/1337/1039
f 1582/1394/1042 1635/1427/1055 1636/1412/1019
f 1573/1339/1041 1632/1340/1043 1575/1341/1044
f 1575/1343/1044 1632/1429/1043 1576/1325/1026
f 1566/1345/7 1645/1319/1021 1603/1346/7
f 1603/1346/7 1640/1347/1022 1566/1345/7
f 1567/1249/161 1644/1224/1022 1605/1209/161
f 1645/1319/1021 1565/1348/949 1601/1246/949
f 1606/1270/161 1642/1192/1022 1625/1284/161
f 1645/1319/4 1543/1349/4 1603/1346/4
f 1606/1270/2 1546/1350/2 1646/1218/2
f 1643/1238/1021 1602/1240/949 1623/1198/949
f 1534/1351/950 1531/1352/951 1532/1353/951
f 1536/1163/1 1533/1354/950 1534/1351/950
f 1528/1156/6 1530/1159/952 1529/1157/952
f 1530/1159/952 1532/1355/951 1531/1160/951
f 1538/1161/959 1537/1165/959 1535/1162/1
f 1538/1161/959 1540/1166/949 1539/1164/949
f 1540/1166/949 1542/1168/948 1541/1167/948
f 1542/1168/948 1544/1170/7 1543/1169/7
f 1544/1170/7 1546/1172/957 1545/1171/957
f 1546/1172/957 1548/1174/161 1547/1173/161
f 1548/1174/161 1550/1176/956 1549/1175/956
f 1550/1176/956 1552/1178/11 1551/1177/11
f 1552/1178/11 1554/1180/955 1553/1179/955
f 1554/1180/955 1556/1185/954 1555/1181/954
f 1551/1182/4 1609/1244/4 1607/1183/4
f 1556/1185/954 1558/1187/953 1557/1186/953
f 1558/1187/953 1528/1156/6 1527/1158/6
f 1564/1190/2 1565/1356/2 1641/1357/2
f 1641/1357/2 1566/1358/2 1640/1347/2
f 1640/1347/2 1567/1249/2 1568/1359/2
f 1568/1359/2 1569/1360/2 1570/1188/2
f 1570/1188/2 1571/1361/2 1572/1362/2
f 1572/1362/2 1559/1363/2 1560/1189/2
f 1560/1189/2 1561/1364/2 1562/1365/2
f 1562/1365/2 1563/1366/2 1564/1190/2
f 1564/1190/2 1641/1357/2 1640/1347/2
f 1640/1347/2 1568/1359/2 1570/1188/2
f 1570/1188/2 1572/1362/2 1560/1189/2
f 1560/1189/2 1562/1365/2 1564/1190/2
f 1564/1190/2 1640/1347/2 1570/1188/2
f 1581/1191/4 1582/1367/4 1642/1192/4
f 1531/1194/4 1533/1368/4 1595/1195/4
f 1578/1197/4 1579/1369/4 1623/1198/4
f 1548/1200/2 1606/1270/2 1608/1201/2
f 1577/1203/4 1578/1370/4 1622/1199/4
f 1532/1205/2 1530/1371/2 1591/1206/2
f 1549/1208/4 1607/1183/4 1605/1209/4
f 1576/1211/4 1577/1372/4 1621/1204/4
f 1531/1213/4 1593/1256/4 1590/1214/4
f 1575/1216/4 1576/1373/4 1620/1212/4
f 1646/1218/2 1546/1374/2 1544/1219/2
f 1584/1375/1018 1583/1342/1045 1636/1412/1019
f 1575/1221/4 1619/1274/4 1617/1222/4
f 1644/1224/4 1603/1346/4 1543/1225/4
f 1573/1227/4 1617/1222/4 1618/1228/4
f 1530/1230/2 1528/1376/2 1592/1231/2
f 1529/1232/4 1590/1214/4 1589/1233/4
f 1647/1235/2 1604/1220/2 1544/1236/2
f 1643/1238/1021 1624/1193/7 1604/1220/7
f 1647/1235/2 1542/1377/2 1540/1239/2
f 1595/1195/950 1562/1253/950 1561/1241/951
f 1611/1242/955 1570/1255/955 1569/1243/11
f 1590/1214/952 1560/1257/952 1559/1245/6
f 1601/1246/949 1565/1348/949 1564/1247/959
f 1607/1183/956 1568/1258/956 1567/1249/161
f 1589/1233/6 1559/1245/6 1572/1250/953
f 1597/1252/1 1563/1259/1 1562/1253/950
f 1613/1254/954 1571/1260/954 1570/1255/955
f 1593/1256/951 1561/1378/951 1560/1257/952
f 1609/1244/11 1569/1243/11 1568/1258/956
f 1599/1248/959 1564/1247/959 1563/1259/1
f 1615/1251/953 1572/1250/953 1571/1260/954
f 1616/1261/953 1614/1273/954 1629/1262/954
f 1594/1264/951 1619/1217/951 1620/1212/950
f 1592/1231/6 1618/1228/6 1617/1222/952
f 1610/1266/11 1627/1275/11 1628/1267/955
f 1600/1269/959 1622/1199/959 1623/1198/949
f 1606/1270/161 1625/1284/161 1626/1271/956
f 1592/1231/6 1616/1261/953 1630/1263/953
f 1596/1265/950 1620/1212/950 1621/1204/1
f 1612/1268/955 1628/1267/955 1629/1262/954
f 1591/1206/952 1617/1222/952 1619/1274/951
f 1608/1201/956 1626/1271/956 1627/1275/11
f 1598/1272/1 1621/1204/1 1622/1199/959
f 1532/1276/2 1594/1264/2 1596/1265/2
f 1643/1238/4 1623/1198/4 1579/1278/4
f 1552/1280/2 1550/1379/2 1608/1201/2
f 1643/1238/4 1580/1380/4 1581/1281/4
f 1533/1282/4 1535/1381/4 1597/1252/4
f 1582/1283/4 1583/1382/4 1625/1284/4
f 1553/1285/4 1611/1242/4 1609/1244/4
f 1534/1287/2 1596/1265/2 1598/1272/2
f 1584/1289/4 1626/1271/4 1625/1284/4
f 1554/1291/2 1552/1383/2 1610/1266/2
f 1585/1292/4 1627/1275/4 1626/1271/4
f 1535/1294/4 1537/1384/4 1599/1248/4
f 1586/1295/4 1628/1267/4 1627/1275/4
f 1555/1297/4 1613/1254/4 1611/1242/4
f 1536/1299/2 1598/1272/2 1600/1269/2
f 1587/1301/4 1629/1262/4 1628/1267/4
f 1556/1303/2 1554/1385/2 1612/1268/2
f 1588/1304/4 1630/1263/4 1629/1262/4
f 1537/1306/4 1539/1386/4 1601/1246/4
f 1574/1307/4 1618/1228/4 1630/1263/4
f 1557/1309/4 1615/1251/4 1613/1254/4
f 1538/1311/2 1600/1269/2 1602/1240/2
f 1558/1313/2 1556/1387/2 1614/1273/2
f 1605/1209/4 1644/1224/4 1545/1314/4
f 1527/1316/4 1589/1233/4 1615/1251/4
f 1642/1192/1022 1646/1218/1022 1604/1220/7
f 1528/1318/2 1558/1388/2 1616/1261/2
f 1645/1319/4 1601/1246/4 1539/1320/4
f 1639/1430/1046 1638/1422/1047 1637/1424/1048
f 1632/1425/1025 1631/1431/1049 1639/1430/1046
f 1639/1430/1046 1637/1424/1048 1636/1412/1023
f 1636/1412/1023 1635/1427/1050 1634/1414/1024
f 1634/1414/1024 1633/1411/1051 1632/1425/1025
f 1632/1425/1025 1639/1430/1046 1636/1412/1023
f 1576/1325/1026 1632/1429/1043 1633/1402/1027
f 1585/1328/1031 1584/1375/1018 1637/1424/1020
f 1578/1392/1029 1577/1327/1028 1633/1402/1027
f 1585/1328/1031 1637/1424/1020 1638/1416/1032
f 1579/1331/1052 1578/1392/1029 1634/1414/1030
f 1586/1330/1033 1638/1416/1032 1639/1426/1034
f 1580/1393/1036 1579/1331/1052 1634/1414/1030
f 1581/1335/1053 1580/1393/1036 1635/1427/1055
f 1588/1334/1038 1639/1426/1034 1631/1428/1040
f 1582/1394/1042 1581/1335/1053 1635/1427/1055
f 1573/1339/1041 1631/1428/1040 1632/1340/1043
f 1583/1342/1045 1582/1394/1042 1636/1412/1019
f 1566/1345/7 1641/1395/1054 1645/1319/1021
f 1603/1346/7 1644/1224/1022 1640/1347/1022
f 1567/1249/161 1640/1347/1022 1644/1224/1022
f 1645/1319/1021 1641/1395/1054 1565/1348/949
f 1606/1270/161 1646/1218/1022 1642/1192/1022
f 1645/1319/4 1541/1396/4 1543/1349/4
f 1606/1270/2 1548/1397/2 1546/1350/2
f 1643/1238/1021 1647/1235/1021 1602/1240/949
f 1534/1351/950 1533/1354/950 1531/1352/951
f 1536/1163/1 1535/1162/1 1533/1354/950
f 1673/1432/6 1667/1433/6 1664/1434/6
f 1680/1435/1 1671/1436/1 1673/1437/1
f 1669/1438/7 1665/1439/7 1670/1440/7
f 1675/1441/1 1659/1442/1 1674/1443/1
f 1681/1444/6 1679/1445/6 1683/1446/6
f 1671/1447/4 1682/1448/4 1656/1449/4
f 1651/1450/4 1664/1434/4 1665/1451/4
f 1665/1439/11 1667/1433/11 1668/1452/11
f 1655/1453/2 1668/1454/2 1667/1433/2
f 1659/1442/1056 1657/1455/1056 1677/1456/1056
f 1675/1441/1057 1649/1457/1057 1650/1458/1057
f 1660/1459/6 1674/1443/6 1658/1460/6
f 1648/1461/1058 1680/1435/1058 1673/1462/1058
f 1660/1463/1059 1681/1444/1059 1648/1464/1059
f 1656/1465/1060 1679/1445/1060 1658/1466/1060
f 1658/1467/11 1678/1468/11 1660/1469/11
f 1650/1458/1 1651/1470/1 1652/1471/1
f 1672/1472/1 1655/1473/1 1654/1474/1
f 1700/1434/7 1703/1433/7 1707/1475/7
f 1707/1436/1 1716/1435/1 1709/1437/1
f 1706/1440/6 1701/1439/6 1705/1438/6
f 1695/1442/1 1711/1441/1 1710/1443/1
f 1719/1446/7 1715/1445/7 1717/1444/7
f 1718/1448/4 1707/1447/4 1692/1449/4
f 1701/1451/4 1698/1476/4 1687/1450/4
f 1703/1433/11 1701/1439/11 1704/1452/11
f 1703/1433/2 1702/1477/2 1691/1453/2
f 1713/1456/1056 1693/1455/1056 1695/1442/1056
f 1686/1458/1057 1685/1457/1057 1711/1441/1057
f 1710/1443/7 1696/1459/7 1694/1460/7
f 1716/1435/1058 1684/1461/1058 1709/1462/1058
f 1717/1444/1059 1696/1463/1059 1684/1464/1059
f 1715/1445/1060 1692/1465/1060 1694/1466/1060
f 1714/1468/11 1694/1467/11 1696/1469/11
f 1687/1470/1 1686/1458/1 1688/1471/1
f 1691/1473/1 1708/1472/1 1690/1474/1
f 1656/1478/6 1658/1460/6 1674/1443/6
f 1677/1479/6 1653/1480/6 1667/1433/6
f 1656/1478/6 1674/1443/6 1677/1479/6
f 1671/1475/6 1656/1478/6 1677/1479/6
f 1664/1434/6 1662/1476/6 1676/1481/6
f 1676/1481/6 1675/1441/6 1660/1459/6
f 1676/1481/6 1660/1459/6 1648/1482/6
f 1671/1475/6 1677/1479/6 1667/1433/6
f 1676/1481/6 1648/1482/6 1673/1432/6
f 1673/1432/6 1671/1475/6 1667/1433/6
f 1664/1434/6 1676/1481/6 1673/1432/6
f 1680/1435/1 1683/1446/1 1671/1436/1
f 1659/1483/7 1661/1484/7 1669/1438/7
f 1669/1438/7 1663/1485/7 1665/1439/7
f 1665/1439/7 1668/1452/7 1666/1486/7
f 1670/1440/7 1659/1483/7 1669/1438/7
f 1665/1439/7 1666/1486/7 1670/1440/7
f 1675/1441/1 1661/1487/1 1659/1442/1
f 1683/1446/6 1680/1435/6 1681/1444/6
f 1681/1444/6 1678/1468/6 1679/1445/6
f 1679/1445/6 1682/1448/159 1683/1446/6
f 1671/1447/4 1683/1446/4 1682/1448/4
f 1665/1451/1061 1663/1488/1061 1652/1489/1061
f 1651/1450/4 1662/1476/4 1664/1434/4
f 1665/1451/4 1652/1489/4 1651/1450/4
f 1665/1439/11 1664/1434/11 1667/1433/11
f 1667/1433/2 1653/1480/2 1654/1490/2
f 1655/1453/2 1666/1477/2 1668/1454/2
f 1667/1433/2 1654/1490/2 1655/1453/2
f 1677/1456/1056 1674/1443/1056 1659/1442/1056
f 1659/1442/1056 1670/1491/1056 1657/1455/1056
f 1657/1455/1 1672/1472/1 1677/1456/148
f 1669/1492/1057 1661/1487/1057 1675/1441/1057
f 1675/1441/1057 1676/1493/1057 1649/1457/1057
f 1650/1458/1057 1669/1492/1057 1675/1441/1057
f 1660/1459/6 1675/1441/6 1674/1443/6
f 1648/1461/1058 1681/1444/1058 1680/1435/1058
f 1660/1463/1059 1678/1468/1059 1681/1444/1059
f 1656/1465/1060 1682/1448/1060 1679/1445/1060
f 1658/1467/11 1679/1445/11 1678/1468/11
f 1650/1458/1 1649/1457/1 1651/1470/1
f 1672/1472/1 1657/1455/1 1655/1473/1
f 1684/1482/7 1696/1459/7 1711/1441/7
f 1712/1481/7 1698/1476/7 1700/1434/7
f 1684/1482/7 1711/1441/7 1712/1481/7
f 1709/1432/7 1684/1482/7 1712/1481/7
f 1703/1433/7 1689/1480/7 1713/1479/7
f 1713/1479/7 1710/1443/7 1694/1460/7
f 1713/1479/7 1694/1460/7 1692/1478/7
f 1709/1432/7 1712/1481/7 1700/1434/7
f 1713/1479/7 1692/1478/7 1707/1475/7
f 1707/1475/7 1709/1432/7 1700/1434/7
f 1703/1433/7 1713/1479/7 1707/1475/7
f 1707/1436/1 1719/1446/1 1716/1435/1
f 1705/1438/6 1697/1484/6 1695/1483/6
f 1706/1440/6 1702/1486/6 1704/1452/6
f 1705/1438/6 1695/1483/6 1706/1440/6
f 1701/1439/6 1699/1485/6 1705/1438/6
f 1706/1440/6 1704/1452/6 1701/1439/6
f 1695/1442/1 1697/1487/1 1711/1441/1
f 1717/1444/7 1716/1435/7 1719/1446/7
f 1719/1446/7 1718/1448/160 1715/1445/7
f 1715/1445/7 1714/1468/7 1717/1444/7
f 1718/1448/4 1719/1446/4 1707/1447/4
f 1688/1489/4 1699/1488/1048 1701/1451/4
f 1701/1451/4 1700/1434/4 1698/1476/4
f 1687/1450/4 1688/1489/4 1701/1451/4
f 1703/1433/11 1700/1434/11 1701/1439/11
f 1690/1490/2 1689/1480/2 1703/1433/2
f 1703/1433/2 1704/1454/2 1702/1477/2
f 1691/1453/2 1690/1490/2 1703/1433/2
f 1695/1442/1056 1710/1443/1056 1713/1456/1056
f 1713/1456/1 1708/1472/1 1693/1455/148
f 1693/1455/1056 1706/1491/1056 1695/1442/1056
f 1711/1441/1057 1697/1487/1057 1705/1492/1057
f 1711/1441/1057 1705/1492/1057 1686/1458/1057
f 1685/1457/1057 1712/1493/1057 1711/1441/1057
f 1710/1443/7 1711/1441/7 1696/1459/7
f 1716/1435/1058 1717/1444/1058 1684/1461/1058
f 1717/1444/1059 1714/1468/1059 1696/1463/1059
f 1715/1445/1060 1718/1448/1060 1692/1465/1060
f 1714/1468/11 1715/1445/11 1694/1467/11
f 1687/1470/1 1685/1457/1 1686/1458/1
f 1691/1473/1 1693/1455/1 1708/1472/1
f 1734/1494/1062 1723/1495/1063 1722/1496/1064
f 1739/1497/1063 1724/1498/1065 1723/1495/1063
f 1738/1499/1065 1725/1500/162 1724/1498/1065
f 1737/1501/162 1726/1502/1066 1725/1500/162
f 1736/1503/1066 1727/1504/1067 1726/1502/1066
f 1735/1505/1067 1720/1506/4 1727/1504/1067
f 1740/1507/1068 1733/1508/1069 1741/1509/1069
f 1733/1508/1069 1742/1510/1070 1741/1509/1069
f 1732/1511/1070 1743/1512/163 1742/1510/1070
f 1731/1513/163 1744/1514/1071 1743/1512/163
f 1730/1515/1071 1745/1516/1072 1744/1514/1071
f 1729/1517/1072 1721/1518/4 1745/1516/1072
f 1749/1519/1073 1756/1520/1074 1754/1521/1075
f 1748/1522/1076 1757/1523/1077 1756/1520/1074
f 1746/1524/1078 1755/1525/1079 1757/1523/1077
f 1758/1526/1080 1751/1527/1081 1750/1528/1082
f 1760/1529/1083 1752/1530/1084 1751/1527/1081
f 1759/1531/1085 1753/1532/1086 1752/1530/1084
f 1753/1532/1086 1755/1525/1079 1746/1524/1078
f 1762/1533/7 1732/1534/7 1767/1535/7
f 1772/1536/6 1738/1537/6 1770/1538/6
f 1771/1539/1087 1766/1540/1088 1765/1541/1089
f 1773/1542/1090 1767/1543/1091 1766/1544/1088
f 1772/1545/1092 1750/1528/1082 1767/1543/1091
f 1761/1546/1093 1769/1547/1094 1768/1548/1095
f 1763/1549/1096 1770/1550/1097 1769/1547/1094
f 1762/1551/1098 1754/1521/1075 1770/1550/1097
f 1768/1552/1095 1722/1496/1064 1761/1553/1093
f 1765/1541/1089 1740/1507/1068 1771/1554/1087
f 1734/1494/1062 1739/1497/1063 1723/1495/1063
f 1739/1497/1063 1738/1499/1065 1724/1498/1065
f 1738/1499/1065 1737/1501/162 1725/1500/162
f 1737/1501/162 1736/1503/1066 1726/1502/1066
f 1736/1503/1066 1735/1505/1067 1727/1504/1067
f 1735/1505/1067 1721/1518/4 1720/1506/4
f 1740/1507/1068 1728/1555/1099 1733/1508/1069
f 1733/1508/1069 1732/1511/1070 1742/1510/1070
f 1732/1511/1070 1731/1513/163 1743/1512/163
f 1731/1513/163 1730/1515/1071 1744/1514/1071
f 1730/1515/1071 1729/1517/1072 1745/1516/1072
f 1729/1517/1072 1720/1506/4 1721/1518/4
f 1747/1556/1100 1749/1519/1073 1754/1521/1075
f 1749/1519/1073 1748/1522/1076 1756/1520/1074
f 1748/1522/1076 1746/1524/1078 1757/1523/1077
f 1758/1526/1080 1760/1529/1083 1751/1527/1081
f 1752/1530/1084 1760/1529/1083 1759/1531/1085
f 1753/1532/1086 1759/1531/1085 1755/1525/1079
f 1752/1557/7 1753/1558/7 1746/1559/7
f 1763/1560/7 1764/1561/7 1761/1562/7
f 1722/1563/7 1723/1564/7 1724/1565/7
f 1724/1565/7 1725/1566/7 1726/1567/7
f 1726/1567/7 1727/1568/7 1720/1569/7
f 1720/1569/7 1729/1570/7 1730/1571/7
f 1730/1571/7 1731/1572/7 1732/1534/7
f 1732/1534/7 1733/1573/7 1728/1555/7
f 1767/1535/7 1750/1574/7 1751/1575/7
f 1751/1575/7 1752/1557/7 1746/1559/7
f 1746/1559/7 1748/1576/7 1749/1577/7
f 1749/1577/7 1747/1578/7 1762/1533/7
f 1762/1533/7 1763/1560/7 1761/1562/7
f 1761/1562/7 1722/1563/7 1724/1565/7
f 1724/1565/7 1726/1567/7 1720/1569/7
f 1720/1569/7 1730/1571/7 1732/1534/7
f 1732/1534/7 1728/1555/7 1765/1541/7
f 1765/1541/7 1766/1540/7 1767/1535/7
f 1767/1535/7 1751/1575/7 1746/1559/7
f 1746/1559/7 1749/1577/7 1762/1533/7
f 1762/1533/7 1761/1562/7 1724/1565/7
f 1724/1565/7 1720/1569/7 1732/1534/7
f 1732/1534/7 1765/1541/7 1767/1535/7
f 1767/1535/7 1746/1559/7 1762/1533/7
f 1762/1533/7 1724/1565/7 1732/1534/7
f 1773/1579/6 1774/1580/6 1771/1539/6
f 1740/1507/6 1741/1581/6 1742/1582/6
f 1742/1582/6 1743/1583/6 1744/1584/6
f 1744/1584/6 1745/1585/6 1721/1586/6
f 1721/1586/6 1735/1587/6 1736/1588/6
f 1736/1588/6 1737/1589/6 1738/1537/6
f 1738/1537/6 1739/1590/6 1734/1591/6
f 1770/1538/6 1754/1592/6 1756/1593/6
f 1756/1593/6 1757/1594/6 1755/1595/6
f 1755/1595/6 1759/1596/6 1760/1597/6
f 1760/1597/6 1758/1598/6 1772/1536/6
f 1772/1536/6 1773/1579/6 1771/1539/6
f 1771/1539/6 1740/1507/6 1742/1582/6
f 1742/1582/6 1744/1584/6 1721/1586/6
f 1721/1586/6 1736/1588/6 1738/1537/6
f 1738/1537/6 1734/1591/6 1768/1599/6
f 1768/1599/6 1769/1600/6 1770/1538/6
f 1770/1538/6 1756/1593/6 1755/1595/6
f 1755/1595/6 1760/1597/6 1772/1536/6
f 1772/1536/6 1771/1539/6 1742/1582/6
f 1742/1582/6 1721/1586/6 1738/1537/6
f 1738/1537/6 1768/1599/6 1770/1538/6
f 1770/1538/6 1755/1595/6 1772/1536/6
f 1772/1536/6 1742/1582/6 1738/1537/6
f 1771/1539/1087 1774/1601/1101 1766/1540/1088
f 1774/1601/1101 1773/1542/1090 1766/1544/1088
f 1773/1542/1090 1772/1545/1092 1767/1543/1091
f 1772/1545/1092 1758/1526/1080 1750/1528/1082
f 1761/1546/1093 1764/1602/1102 1769/1547/1094
f 1764/1602/1102 1763/1549/1096 1769/1547/1094
f 1763/1549/1096 1762/1551/1098 1770/1550/1097
f 1762/1551/1098 1747/1556/1100 1754/1521/1075
f 1768/1552/1095 1734/1494/1062 1722/1496/1064
f 1765/1541/1089 1728/1555/1099 1740/1507/1068
f 1789/1494/1062 1778/1495/1063 1777/1496/1064
f 1794/1497/1063 1779/1498/1065 1778/1495/1063
f 1793/1499/1065 1780/1500/162 1779/1498/1065
f 1792/1501/162 1781/1502/1066 1780/1500/162
f 1791/1503/1066 1782/1504/1067 1781/1502/1066
f 1790/1505/1067 1775/1506/4 1782/1504/1067
f 1795/1507/1068 1788/1508/1069 1796/1509/1069
f 1788/1508/1069 1797/1510/1070 1796/1509/1069
f 1787/1511/1070 1798/1512/163 1797/1510/1070
f 1786/1513/163 1799/1514/1071 1798/1512/163
f 1785/1515/1071 1800/1516/1072 1799/1514/1071
f 1784/1517/1072 1776/1518/4 1800/1516/1072
f 1804/1519/1073 1811/1603/1103 1809/1521/1075
f 1803/1522/1076 1812/1523/1077 1811/1603/1103
f 1801/1524/1078 1810/1525/1079 1812/1523/1077
f 1813/1526/1080 1806/1527/1081 1805/1528/1082
f 1815/1529/1083 1807/1530/1084 1806/1527/1081
f 1814/1531/1085 1808/1532/1086 1807/1530/1084
f 1808/1532/1086 1810/1525/1079 1801/1524/1078
f 1817/1533/7 1787/1534/7 1822/1535/7
f 1827/1536/6 1793/1537/6 1825/1538/6
f 1826/1539/1087 1821/1540/1088 1820/1541/1089
f 1828/1542/1090 1822/1543/1091 1821/1544/1088
f 1827/1545/1092 1805/1528/1082 1822/1543/1091
f 1816/1546/1093 1824/1547/1094 1823/1548/1095
f 1818/1549/1096 1825/1550/1097 1824/1547/1094
f 1817/1551/1098 1809/1521/1075 1825/1550/1097
f 1823/1552/1095 1777/1496/1064 1816/1553/1093
f 1820/1541/1089 1795/1507/1068 1826/1554/1087
f 1789/1494/1062 1794/1497/1063 1778/1495/1063
f 1794/1497/1063 1793/1499/1065 1779/1498/1065
f 1793/1499/1065 1792/1501/162 1780/1500/162
f 1792/1501/162 1791/1503/1066 1781/1502/1066
f 1791/1503/1066 1790/1505/1067 1782/1504/1067
f 1790/1505/1067 1776/1518/4 1775/1506/4
f 1795/1507/1068 1783/1555/1099 1788/1508/1069
f 1788/1508/1069 1787/1511/1070 1797/1510/1070
f 1787/1511/1070 1786/1513/163 1798/1512/163
f 1786/1513/163 1785/1515/1071 1799/1514/1071
f 1785/1515/1071 1784/1517/1072 1800/1516/1072
f 1784/1517/1072 1775/1506/4 1776/1518/4
f 1802/1556/1100 1804/1519/1073 1809/1521/1075
f 1804/1519/1073 1803/1522/1076 1811/1603/1103
f 1803/1522/1076 1801/1524/1078 1812/1523/1077
f 1813/1526/1080 1815/1529/1083 1806/1527/1081
f 1807/1530/1084 1815/1529/1083 1814/1531/1085
f 1808/1532/1086 1814/1531/1085 1810/1525/1079
f 1807/1557/7 1808/1558/7 1801/1559/7
f 1818/1560/7 1819/1561/7 1816/1562/7
f 1777/1563/7 1778/1564/7 1779/1565/7
f 1779/1565/7 1780/1566/7 1781/1567/7
f 1781/1567/7 1782/1568/7 1775/1569/7
f 1775/1569/7 1784/1570/7 1785/1571/7
f 1785/1571/7 1786/1572/7 1787/1534/7
f 1787/1534/7 1788/1573/7 1783/1555/7
f 1822/1535/7 1805/1574/7 1806/1575/7
f 1806/1575/7 1807/1557/7 1801/1559/7
f 1801/1559/7 1803/1576/7 1804/1577/7
f 1804/1577/7 1802/1578/7 1817/1533/7
f 1817/1533/7 1818/1560/7 1816/1562/7
f 1816/1562/7 1777/1563/7 1779/1565/7
f 1779/1565/7 1781/1567/7 1775/1569/7
f 1775/1569/7 1785/1571/7 1787/1534/7
f 1787/1534/7 1783/1555/7 1820/1541/7
f 1820/1541/7 1821/1540/7 1822/1535/7
f 1822/1535/7 1806/1575/7 1801/1559/7
f 1801/1559/7 1804/1577/7 1817/1533/7
f 1817/1533/7 1816/1562/7 1779/1565/7
f 1779/1565/7 1775/1569/7 1787/1534/7
f 1787/1534/7 1820/1541/7 1822/1535/7
f 1822/1535/7 1801/1559/7 1817/1533/7
f 1817/1533/7 1779/1565/7 1787/1534/7
f 1828/1579/6 1829/1580/6 1826/1539/6
f 1795/1507/6 1796/1581/6 1797/1582/6
f 1797/1582/6 1798/1583/6 1799/1584/6
f 1799/1584/6 1800/1585/6 1776/1586/6
f 1776/1586/6 1790/1587/6 1791/1588/6
f 1791/1588/6 1792/1589/6 1793/1537/6
f 1793/1537/6 1794/1590/6 1789/1591/6
f 1825/1538/6 1809/1592/6 1811/1604/6
f 1811/1604/6 1812/1594/6 1810/1595/6
f 1810/1595/6 1814/1596/6 1815/1597/6
f 1815/1597/6 1813/1605/6 1827/1536/6
f 1827/1536/6 1828/1579/6 1826/1539/6
f 1826/1539/6 1795/1507/6 1797/1582/6
f 1797/1582/6 1799/1584/6 1776/1586/6
f 1776/1586/6 1791/1588/6 1793/1537/6
f 1793/1537/6 1789/1591/6 1823/1599/6
f 1823/1599/6 1824/1600/6 1825/1538/6
f 1825/1538/6 1811/1604/6 1810/1595/6
f 1810/1595/6 1815/1597/6 1827/1536/6
f 1827/1536/6 1826/1539/6 1797/1582/6
f 1797/1582/6 1776/1586/6 1793/1537/6
f 1793/1537/6 1823/1599/6 1825/1538/6
f 1825/1538/6 1810/1595/6 1827/1536/6
f 1827/1536/6 1797/1582/6 1793/1537/6
f 1826/1539/1087 1829/1601/1101 1821/1540/1088
f 1829/1601/1101 1828/1542/1090 1821/1544/1088
f 1828/1542/1090 1827/1545/1092 1822/1543/1091
f 1827/1545/1092 1813/1526/1080 1805/1528/1082
f 1816/1546/1093 1819/1602/1102 1824/1547/1094
f 1819/1602/1102 1818/1549/1096 1824/1547/1094
f 1818/1549/1096 1817/1551/1098 1825/1550/1097
f 1817/1551/1098 1802/1556/1100 1809/1521/1075
f 1823/1552/1095 1789/1494/1062 1777/1496/1064
f 1820/1541/1089 1783/1555/1099 1795/1507/1068
f 1844/1494/1104 1833/1495/1105 1832/1496/1106
f 1849/1497/1105 1834/1498/1107 1833/1495/1105
f 1848/1499/1107 1835/1500/164 1834/1498/1107
f 1847/1501/164 1836/1502/1108 1835/1500/164
f 1846/1503/1108 1837/1504/1109 1836/1502/1108
f 1845/1505/1109 1830/1506/2 1837/1504/1109
f 1850/1507/1110 1843/1508/1111 1851/1509/1111
f 1843/1508/1111 1852/1510/1112 1851/1509/1111
f 1842/1511/1112 1853/1512/165 1852/1510/1112
f 1841/1513/165 1854/1514/1113 1853/1512/165
f 1840/1515/1113 1855/1516/1114 1854/1514/1113
f 1839/1517/1114 1831/1518/2 1855/1516/1114
f 1859/1606/1115 1866/1603/1116 1864/1521/1117
f 1858/1607/1118 1867/1608/1119 1866/1603/1116
f 1856/1609/1120 1865/1525/1121 1867/1608/1119
f 1868/1610/1122 1861/1611/1123 1860/1612/1124
f 1870/1613/1125 1862/1614/1126 1861/1611/1123
f 1869/1615/1127 1863/1532/1128 1862/1614/1126
f 1863/1532/1128 1865/1525/1121 1856/1609/1120
f 1872/1533/6 1842/1534/6 1877/1616/6
f 1882/1536/7 1848/1537/7 1880/1617/7
f 1881/1618/1129 1876/1619/1130 1875/1620/1131
f 1883/1621/1132 1877/1622/1133 1876/1623/1130
f 1882/1545/1134 1860/1612/1124 1877/1622/1133
f 1871/1624/1135 1879/1625/1136 1878/1626/1137
f 1873/1627/1138 1880/1628/1139 1879/1625/1136
f 1872/1551/1140 1864/1521/1117 1880/1628/1139
f 1878/1552/1137 1832/1496/1106 1871/1553/1135
f 1875/1620/1131 1850/1507/1110 1881/1629/1129
f 1844/1494/1104 1849/1497/1105 1833/1495/1105
f 1849/1497/1105 1848/1499/1107 1834/1498/1107
f 1848/1499/1107 1847/1501/164 1835/1500/164
f 1847/1501/164 1846/1503/1108 1836/1502/1108
f 1846/1503/1108 1845/1505/1109 1837/1504/1109
f 1845/1505/1109 1831/1518/2 1830/1506/2
f 1850/1507/1110 1838/1555/1141 1843/1508/1111
f 1843/1508/1111 1842/1511/1112 1852/1510/1112
f 1842/1511/1112 1841/1513/165 1853/1512/165
f 1841/1513/165 1840/1515/1113 1854/1514/1113
f 1840/1515/1113 1839/1517/1114 1855/1516/1114
f 1839/1517/1114 1830/1506/2 1831/1518/2
f 1857/1630/1142 1859/1606/1115 1864/1521/1117
f 1859/1606/1115 1858/1607/1118 1866/1603/1116
f 1858/1607/1118 1856/1609/1120 1867/1608/1119
f 1868/1610/1122 1870/1613/1125 1861/1611/1123
f 1862/1614/1126 1870/1613/1125 1869/1615/1127
f 1863/1532/1128 1869/1615/1127 1865/1525/1121
f 1862/1631/6 1863/1558/6 1856/1632/6
f 1873/1633/6 1874/1561/6 1871/1634/6
f 1832/1563/6 1833/1564/6 1834/1565/6
f 1834/1565/6 1835/1566/6 1836/1567/6
f 1836/1567/6 1837/1568/6 1830/1569/6
f 1830/1569/6 1839/1570/6 1840/1571/6
f 1840/1571/6 1841/1572/6 1842/1534/6
f 1842/1534/6 1843/1573/6 1838/1555/6
f 1877/1616/6 1860/1635/6 1861/1636/6
f 1861/1636/6 1862/1631/6 1856/1632/6
f 1856/1632/6 1858/1637/6 1859/1638/6
f 1859/1638/6 1857/1639/6 1872/1533/6
f 1872/1533/6 1873/1633/6 1871/1634/6
f 1871/1634/6 1832/1563/6 1834/1565/6
f 1834/1565/6 1836/1567/6 1830/1569/6
f 1830/1569/6 1840/1571/6 1842/1534/6
f 1842/1534/6 1838/1555/6 1875/1620/6
f 1875/1620/6 1876/1619/6 1877/1616/6
f 1877/1616/6 1861/1636/6 1856/1632/6
f 1856/1632/6 1859/1638/6 1872/1533/6
f 1872/1533/6 1871/1634/6 1834/1565/6
f 1834/1565/6 1830/1569/6 1842/1534/6
f 1842/1534/6 1875/1620/6 1877/1616/6
f 1877/1616/6 1856/1632/6 1872/1533/6
f 1872/1533/6 1834/1565/6 1842/1534/6
f 1883/1640/7 1884/1580/7 1881/1618/7
f 1850/1507/7 1851/1581/7 1852/1582/7
f 1852/1582/7 1853/1583/7 1854/1584/7
f 1854/1584/7 1855/1585/7 1831/1586/7
f 1831/1586/7 1845/1587/7 1846/1588/7
f 1846/1588/7 1847/1589/7 1848/1537/7
f 1848/1537/7 1849/1590/7 1844/1591/7
f 1880/1617/7 1864/1641/7 1866/1642/7
f 1866/1642/7 1867/1594/7 1865/1595/7
f 1865/1595/7 1869/1643/7 1870/1644/7
f 1870/1644/7 1868/1645/7 1882/1536/7
f 1882/1536/7 1883/1640/7 1881/1618/7
f 1881/1618/7 1850/1507/7 1852/1582/7
f 1852/1582/7 1854/1584/7 1831/1586/7
f 1831/1586/7 1846/1588/7 1848/1537/7
f 1848/1537/7 1844/1591/7 1878/1599/7
f 1878/1599/7 1879/1646/7 1880/1617/7
f 1880/1617/7 1866/1642/7 1865/1595/7
f 1865/1595/7 1870/1644/7 1882/1536/7
f 1882/1536/7 1881/1618/7 1852/1582/7
f 1852/1582/7 1831/1586/7 1848/1537/7
f 1848/1537/7 1878/1599/7 1880/1617/7
f 1880/1617/7 1865/1595/7 1882/1536/7
f 1882/1536/7 1852/1582/7 1848/1537/7
f 1881/1618/1129 1884/1601/1143 1876/1619/1130
f 1884/1601/1143 1883/1621/1132 1876/1623/1130
f 1883/1621/1132 1882/1545/1134 1877/1622/1133
f 1882/1545/1134 1868/1610/1122 1860/1612/1124
f 1871/1624/1135 1874/1602/1144 1879/1625/1136
f 1874/1602/1144 1873/1627/1138 1879/1625/1136
f 1873/1627/1138 1872/1551/1140 1880/1628/1139
f 1872/1551/1140 1857/1630/1142 1864/1521/1117
f 1878/1552/1137 1844/1494/1104 1832/1496/1106
f 1875/1620/1131 1838/1555/1141 1850/1507/1110
f 1899/1494/1104 1888/1495/1105 1887/1496/1106
f 1904/1497/1105 1889/1498/1107 1888/1495/1105
f 1903/1499/1107 1890/1500/164 1889/1498/1107
f 1902/1501/164 1891/1502/1108 1890/1500/164
f 1901/1503/1108 1892/1504/1109 1891/1502/1108
f 1900/1505/1109 1885/1506/2 1892/1504/1109
f 1905/1507/1110 1898/1508/1111 1906/1509/1111
f 1898/1508/1111 1907/1510/1112 1906/1509/1111
f 1897/1511/1112 1908/1512/165 1907/1510/1112
f 1896/1513/165 1909/1514/1113 1908/1512/165
f 1895/1515/1113 1910/1516/1114 1909/1514/1113
f 1894/1517/1114 1886/1518/2 1910/1516/1114
f 1914/1606/1115 1921/1603/1116 1919/1521/1117
f 1913/1607/1118 1922/1608/1119 1921/1603/1116
f 1911/1609/1120 1920/1525/1121 1922/1608/1119
f 1923/1610/1122 1916/1611/1123 1915/1612/1124
f 1925/1613/1125 1917/1614/1126 1916/1611/1123
f 1924/1615/1127 1918/1532/1128 1917/1614/1126
f 1918/1532/1128 1920/1525/1121 1911/1609/1120
f 1927/1533/6 1897/1534/6 1932/1616/6
f 1937/1536/7 1903/1537/7 1935/1617/7
f 1936/1618/1129 1931/1619/1130 1930/1620/1131
f 1938/1621/1132 1932/1622/1133 1931/1623/1130
f 1937/1545/1134 1915/1612/1124 1932/1622/1133
f 1926/1624/1135 1934/1625/1136 1933/1626/1137
f 1928/1627/1138 1935/1628/1139 1934/1625/1136
f 1927/1551/1140 1919/1521/1117 1935/1628/1139
f 1933/1552/1137 1887/1496/1106 1926/1553/1135
f 1930/1620/1131 1905/1507/1110 1936/1629/1129
f 1899/1494/1104 1904/1497/1105 1888/1495/1105
f 1904/1497/1105 1903/1499/1107 1889/1498/1107
f 1903/1499/1107 1902/1501/164 1890/1500/164
f 1902/1501/164 1901/1503/1108 1891/1502/1108
f 1901/1503/1108 1900/1505/1109 1892/1504/1109
f 1900/1505/1109 1886/1518/2 1885/1506/2
f 1905/1507/1110 1893/1555/1141 1898/1508/1111
f 1898/1508/1111 1897/1511/1112 1907/1510/1112
f 1897/1511/1112 1896/1513/165 1908/1512/165
f 1896/1513/165 1895/1515/1113 1909/1514/1113
f 1895/1515/1113 1894/1517/1114 1910/1516/1114
f 1894/1517/1114 1885/1506/2 1886/1518/2
f 1912/1630/1142 1914/1606/1115 1919/1521/1117
f 1914/1606/1115 1913/1607/1118 1921/1603/1116
f 1913/1607/1118 1911/1609/1120 1922/1608/1119
f 1923/1610/1122 1925/1613/1125 1916/1611/1123
f 1917/1614/1126 1925/1613/1125 1924/1615/1127
f 1918/1532/1128 1924/1615/1127 1920/1525/1121
f 1917/1631/6 1918/1558/6 1911/1632/6
f 1928/1633/6 1929/1561/6 1926/1634/6
f 1887/1563/6 1888/1564/6 1889/1565/6
f 1889/1565/6 1890/1566/6 1891/1567/6
f 1891/1567/6 1892/1568/6 1885/1569/6
f 1885/1569/6 1894/1570/6 1895/1571/6
f 1895/1571/6 1896/1572/6 1897/1534/6
f 1897/1534/6 1898/1573/6 1893/1555/6
f 1932/1616/6 1915/1635/6 1916/1636/6
f 1916/1636/6 1917/1631/6 1911/1632/6
f 1911/1632/6 1913/1637/6 1914/1638/6
f 1914/1638/6 1912/1639/6 1927/1533/6
f 1927/1533/6 1928/1633/6 1926/1634/6
f 1926/1634/6 1887/1563/6 1889/1565/6
f 1889/1565/6 1891/1567/6 1885/1569/6
f 1885/1569/6 1895/1571/6 1897/1534/6
f 1897/1534/6 1893/1555/6 1930/1620/6
f 1930/1620/6 1931/1619/6 1932/1616/6
f 1932/1616/6 1916/1636/6 1911/1632/6
f 1911/1632/6 1914/1638/6 1927/1533/6
f 1927/1533/6 1926/1634/6 1889/1565/6
f 1889/1565/6 1885/1569/6 1897/1534/6
f 1897/1534/6 1930/1620/6 1932/1616/6
f 1932/1616/6 1911/1632/6 1927/1533/6
f 1927/1533/6 1889/1565/6 1897/1534/6
f 1938/1640/7 1939/1580/7 1936/1618/7
f 1905/1507/7 1906/1581/7 1907/1582/7
f 1907/1582/7 1908/1583/7 1909/1584/7
f 1909/1584/7 1910/1585/7 1886/1586/7
f 1886/1586/7 1900/1587/7 1901/1588/7
f 1901/1588/7 1902/1589/7 1903/1537/7
f 1903/1537/7 1904/1590/7 1899/1591/7
f 1935/1617/7 1919/1641/7 1921/1642/7
f 1921/1642/7 1922/1594/7 1920/1595/7
f 1920/1595/7 1924/1643/7 1925/1644/7
f 1925/1644/7 1923/1645/7 1937/1536/7
f 1937/1536/7 1938/1640/7 1936/1618/7
f 1936/1618/7 1905/1507/7 1907/1582/7
f 1907/1582/7 1909/1584/7 1886/1586/7
f 1886/1586/7 1901/1588/7 1903/1537/7
f 1903/1537/7 1899/1591/7 1933/1599/7
f 1933/1599/7 1934/1646/7 1935/1617/7
f 1935/1617/7 1921/1642/7 1920/1595/7
f 1920/1595/7 1925/1644/7 1937/1536/7
f 1937/1536/7 1936/1618/7 1907/1582/7
f 1907/1582/7 1886/1586/7 1903/1537/7
f 1903/1537/7 1933/1599/7 1935/1617/7
f 1935/1617/7 1920/1595/7 1937/1536/7
f 1937/1536/7 1907/1582/7 1903/1537/7
f 1936/1618/1129 1939/1601/1143 1931/1619/1130
f 1939/1601/1143 1938/1621/1132 1931/1623/1130
f 1938/1621/1132 1937/1545/1134 1932/1622/1133
f 1937/1545/1134 1923/1610/1122 1915/1612/1124
f 1926/1624/1135 1929/1602/1144 1934/1625/1136
f 1929/1602/1144 1928/1627/1138 1934/1625/1136
f 1928/1627/1138 1927/1551/1140 1935/1628/1139
f 1927/1551/1140 1912/1630/1142 1919/1521/1117
f 1933/1552/1137 1899/1494/1104 1887/1496/1106
f 1930/1620/1131 1893/1555/1141 1905/1507/1110
f 2028/1647/7 1940/1648/7 1942/1649/7
f 2031/1650/1145 1951/1651/1145 1943/1652/1145
f 1949/1653/1048 2027/1654/1048 1945/1655/1048
f 2006/1656/7 1998/1657/7 1944/1658/7
f 1990/1659/4 1954/1660/4 1955/1661/4
f 1945/1655/6 2000/1662/6 2004/1663/6
f 1947/1664/11 1952/1665/11 1946/1666/11
f 1944/1658/11 1954/1660/11 1945/1667/11
f 2005/1668/1 2006/1669/1 2008/1670/1
f 1960/1671/2 1959/1672/2 1961/1673/2
f 1964/1674/2 1963/1675/2 1965/1676/2
f 1968/1677/2 1967/1678/2 1969/1679/2
f 1972/1680/2 1971/1681/2 1973/1682/2
f 1976/1683/2 1975/1684/2 1977/1685/2
f 1980/1686/2 1979/1687/2 1981/1688/2
f 1984/1689/2 1983/1690/2 1985/1691/2
f 1987/1692/2 1988/1693/2 1989/1694/2
f 1951/1695/1146 1986/1696/1147 1987/1692/1148
f 1952/1665/2 1957/1697/2 1956/1698/2
f 1957/1699/1 1959/1672/1 1956/1700/1
f 1958/1701/1 1965/1676/1 1963/1675/1
f 1964/1674/1 1967/1678/1 1962/1702/1
f 1966/1703/1 1973/1682/1 1971/1681/1
f 1972/1680/1 1975/1684/1 1970/1704/1
f 1974/1705/1 1981/1688/1 1979/1687/1
f 1980/1686/1 1983/1690/1 1978/1706/1
f 1982/1707/1 1989/1694/1 1988/1693/1
f 1947/1708/6 1977/1709/6 1969/1710/6
f 1946/1666/7 1971/1711/7 1975/1712/7
f 2022/1713/4 1994/1714/4 1993/1715/4
f 1995/1716/1 2000/1717/1 1997/1718/1
f 2023/1719/4 1997/1718/4 1996/1720/4
f 1998/1721/4 2001/1722/4 2000/1717/4
f 2002/1723/4 2005/1668/4 2004/1724/4
f 2017/1725/1 2021/1726/1 2020/1727/1
f 2006/1669/4 2009/1728/4 2008/1670/4
f 2016/1729/1 2011/1730/1 2014/1731/1
f 2010/1732/4 2013/1733/4 2012/1734/4
f 2012/1734/1 2007/1735/1 2010/1732/1
f 2014/1731/4 2017/1725/4 2016/1729/4
f 1999/1736/1 2004/1724/1 2001/1722/1
f 2021/1726/4 2019/1737/4 2020/1727/4
f 1949/1738/1149 2018/1739/1150 1948/1740/1151
f 1993/1715/1 1990/1741/1 2022/1713/1
f 1994/1714/1 2023/1719/1 1996/1720/1
f 1948/1740/6 2029/1742/6 1950/1743/6
f 1949/1738/1149 1950/1743/1152 1951/1695/1146
f 2028/1647/1 2025/1744/1 2024/1745/1
f 2026/1746/1 2031/1650/1 2027/1654/1
f 1951/1695/7 2026/1746/7 1949/1738/7
f 2027/1654/6 1943/1652/6 1941/1747/6
f 2028/1647/2 1950/1748/1058 2029/1749/2
f 1950/1748/1058 1942/1649/1153 1946/1666/1153
f 2032/1648/6 2120/1647/6 2034/1649/6
f 2043/1651/1154 2123/1650/1154 2035/1652/1154
f 2033/1747/1061 2118/1750/1061 2041/1653/1155
f 2036/1658/6 2090/1657/6 2098/1656/6
f 2046/1660/4 2082/1659/4 2047/1661/4
f 2092/1662/7 2037/1655/7 2104/1751/7
f 2044/1665/11 2039/1664/11 2038/1666/11
f 2046/1660/11 2036/1658/11 2037/1667/11
f 2098/1669/1 2097/1668/1 2100/1670/1
f 2051/1672/2 2052/1671/2 2053/1673/2
f 2055/1675/2 2056/1674/2 2057/1676/2
f 2059/1678/2 2060/1677/2 2061/1679/2
f 2063/1681/2 2064/1680/2 2065/1682/2
f 2067/1684/2 2068/1683/2 2069/1685/2
f 2071/1687/2 2072/1686/2 2073/1688/2
f 2075/1690/2 2076/1689/2 2077/1691/2
f 2080/1693/2 2079/1692/2 2081/1694/2
f 2043/1695/1156 2078/1696/1157 2042/1743/1158
f 2049/1697/2 2044/1665/2 2048/1698/2
f 2051/1672/1 2049/1699/1 2048/1700/1
f 2050/1701/1 2057/1676/1 2052/1671/1
f 2059/1678/1 2056/1674/1 2054/1702/1
f 2058/1703/1 2065/1682/1 2060/1677/1
f 2067/1684/1 2064/1680/1 2062/1704/1
f 2066/1705/1 2073/1688/1 2068/1683/1
f 2075/1690/1 2072/1686/1 2070/1706/1
f 2074/1707/1 2081/1694/1 2076/1689/1
f 2039/1708/7 2069/1709/7 2073/1752/7
f 2038/1666/6 2067/1712/6 2059/1753/6
f 2086/1714/4 2114/1713/4 2085/1715/4
f 2092/1717/1 2087/1716/1 2089/1718/1
f 2089/1718/4 2115/1719/4 2088/1720/4
f 2093/1722/4 2090/1721/4 2092/1717/4
f 2097/1668/4 2094/1723/4 2096/1724/4
f 2113/1726/1 2109/1725/1 2112/1727/1
f 2101/1728/4 2098/1669/4 2100/1670/4
f 2103/1730/1 2108/1729/1 2106/1731/1
f 2105/1733/4 2102/1732/4 2104/1734/4
f 2099/1735/1 2104/1734/1 2102/1732/1
f 2109/1725/4 2106/1731/4 2108/1729/4
f 2096/1724/1 2091/1736/1 2093/1722/1
f 2111/1737/4 2113/1726/4 2112/1727/4
f 2110/1739/1150 2041/1738/1159 2040/1740/1151
f 2085/1715/1 2082/1741/1 2083/1754/1
f 2115/1719/1 2086/1714/1 2088/1720/1
f 2121/1742/7 2040/1740/7 2042/1743/7
f 2042/1743/1158 2041/1738/1159 2043/1695/1156
f 2117/1744/1 2120/1647/1 2116/1745/1
f 2118/1746/1 2123/1650/1 2122/1755/1
f 2118/1746/6 2043/1695/6 2041/1738/6
f 2035/1652/7 2119/1654/7 2033/1747/7
f 2043/1651/1154 2035/1652/1154 2039/1708/1154
f 2120/1647/2 2042/1748/2 2034/1649/1160
f 2034/1649/1160 2042/1748/2 2038/1666/1160
f 2124/1648/7 2212/1647/7 2126/1649/7
f 2135/1651/1161 2215/1650/1161 2127/1652/1161
f 2125/1747/1153 2210/1750/1153 2133/1653/1011
f 2128/1658/7 2182/1657/7 2190/1656/7
f 2138/1660/2 2174/1659/2 2139/1661/2
f 2184/1662/6 2129/1655/6 2196/1751/6
f 2136/1665/11 2131/1664/11 2130/1666/11
f 2138/1660/11 2128/1658/11 2129/1667/11
f 2190/1669/1 2189/1668/1 2192/1670/1
f 2143/1672/4 2144/1671/4 2145/1673/4
f 2147/1675/4 2148/1674/4 2149/1676/4
f 2151/1678/4 2152/1677/4 2153/1679/4
f 2155/1681/4 2156/1680/4 2157/1682/4
f 2159/1684/4 2160/1683/4 2161/1685/4
f 2163/1687/4 2164/1686/4 2165/1688/4
f 2167/1690/4 2168/1689/4 2169/1691/4
f 2172/1693/4 2171/1692/4 2173/1694/4
f 2135/1695/1162 2170/1696/1163 2134/1743/1164
f 2141/1697/4 2136/1665/4 2140/1698/4
f 2143/1672/1 2141/1699/1 2140/1700/1
f 2142/1701/1 2149/1676/1 2144/1671/1
f 2151/1678/1 2148/1674/1 2146/1702/1
f 2150/1703/1 2157/1682/1 2152/1677/1
f 2159/1684/1 2156/1680/1 2154/1704/1
f 2158/1705/1 2165/1688/1 2160/1683/1
f 2167/1690/1 2164/1686/1 2162/1706/1
f 2166/1707/1 2173/1694/1 2168/1689/1
f 2131/1708/6 2161/1709/6 2165/1752/6
f 2130/1666/7 2159/1712/7 2151/1753/7
f 2178/1714/2 2206/1713/2 2177/1715/2
f 2184/1717/1 2179/1716/1 2181/1718/1
f 2181/1718/2 2207/1719/2 2180/1720/2
f 2185/1722/2 2182/1721/2 2184/1717/2
f 2189/1668/2 2186/1723/2 2188/1724/2
f 2205/1726/1 2201/1725/1 2204/1727/1
f 2193/1728/2 2190/1669/2 2192/1670/2
f 2195/1730/1 2200/1729/1 2198/1731/1
f 2197/1733/2 2194/1732/2 2196/1734/2
f 2191/1735/1 2196/1734/1 2194/1732/1
f 2201/1725/2 2198/1731/2 2200/1729/2
f 2188/1724/1 2183/1736/1 2185/1722/1
f 2203/1737/2 2205/1726/2 2204/1727/2
f 2202/1739/1165 2133/1738/1166 2132/1740/1167
f 2177/1715/1 2174/1741/1 2175/1754/1
f 2207/1719/1 2178/1714/1 2180/1720/1
f 2213/1742/6 2132/1740/6 2134/1743/6
f 2134/1743/1164 2133/1738/1166 2135/1695/1162
f 2209/1744/1 2212/1647/1 2208/1745/1
f 2210/1746/1 2215/1650/1 2214/1755/1
f 2210/1746/7 2135/1695/7 2133/1738/7
f 2127/1652/6 2211/1654/6 2125/1747/6
f 2135/1651/1161 2127/1652/1161 2131/1708/1161
f 2212/1647/4 2134/1748/4 2126/1649/1048
f 2126/1649/1048 2134/1748/4 2130/1666/1048
f 2304/1647/6 2216/1648/6 2218/1649/6
f 2307/1650/1168 2227/1651/1168 2219/1652/1168
f 2225/1653/1160 2303/1654/1160 2221/1655/1160
f 2282/1656/6 2274/1657/6 2220/1658/6
f 2266/1659/2 2230/1660/2 2231/1661/2
f 2221/1655/7 2276/1662/7 2280/1663/7
f 2223/1664/11 2228/1665/11 2222/1666/11
f 2220/1658/11 2230/1660/11 2221/1667/11
f 2281/1668/1 2282/1669/1 2284/1670/1
f 2236/1671/4 2235/1672/4 2237/1673/4
f 2240/1674/4 2239/1675/4 2241/1676/4
f 2244/1677/4 2243/1678/4 2245/1679/4
f 2248/1680/4 2247/1681/4 2249/1682/4
f 2252/1683/4 2251/1684/4 2253/1685/4
f 2256/1686/4 2255/1687/4 2257/1688/4
f 2260/1689/4 2259/1690/4 2261/1691/4
f 2263/1692/4 2264/1693/4 2265/1694/4
f 2227/1695/1169 2262/1696/1170 2263/1692/1171
f 2228/1665/4 2233/1697/4 2232/1698/4
f 2233/1699/1 2235/1672/1 2232/1700/1
f 2234/1701/1 2241/1676/1 2239/1675/1
f 2240/1674/1 2243/1678/1 2238/1702/1
f 2242/1703/1 2249/1682/1 2247/1681/1
f 2248/1680/1 2251/1684/1 2246/1704/1
f 2250/1705/1 2257/1688/1 2255/1687/1
f 2256/1686/1 2259/1690/1 2254/1706/1
f 2258/1707/1 2265/1694/1 2264/1693/1
f 2223/1708/7 2253/1709/7 2245/1710/7
f 2222/1666/6 2247/1711/6 2251/1712/6
f 2298/1713/2 2270/1714/2 2269/1715/2
f 2271/1716/1 2276/1717/1 2273/1718/1
f 2299/1719/2 2273/1718/2 2272/1720/2
f 2274/1721/2 2277/1722/2 2276/1717/2
f 2278/1723/2 2281/1668/2 2280/1724/2
f 2293/1725/1 2297/1726/1 2296/1727/1
f 2282/1669/2 2285/1728/2 2284/1670/2
f 2292/1729/1 2287/1730/1 2290/1731/1
f 2286/1732/2 2289/1733/2 2288/1734/2
f 2288/1734/1 2283/1735/1 2286/1732/1
f 2290/1731/2 2293/1725/2 2292/1729/2
f 2275/1736/1 2280/1724/1 2277/1722/1
f 2297/1726/2 2295/1737/2 2296/1727/2
f 2225/1738/1172 2294/1739/1165 2224/1740/1167
f 2269/1715/1 2266/1741/1 2298/1713/1
f 2270/1714/1 2299/1719/1 2272/1720/1
f 2224/1740/7 2305/1742/7 2226/1743/7
f 2225/1738/1172 2226/1743/1173 2227/1695/1169
f 2304/1647/1 2301/1744/1 2300/1745/1
f 2302/1746/1 2307/1650/1 2303/1654/1
f 2227/1695/6 2302/1746/6 2225/1738/6
f 2303/1654/7 2219/1652/7 2217/1747/7
f 2304/1647/4 2226/1748/1174 2305/1749/4
f 2226/1748/1174 2218/1649/1061 2222/1666/1061
f 2028/1647/7 2024/1745/7 1940/1648/7
f 2031/1650/1145 2030/1756/1145 1951/1651/1145
f 1949/1653/1048 2026/1750/1048 2027/1654/1048
f 2027/1654/1048 1941/1747/1048 1945/1655/1048
f 1944/1658/7 1948/1757/7 2018/1758/7
f 2021/1759/7 2015/1760/7 2014/1761/7
f 1944/1658/7 2018/1758/7 2021/1759/7
f 1990/1762/7 1955/1661/7 1944/1658/7
f 2023/1763/7 1992/1764/7 2022/1765/7
f 2022/1765/7 1990/1762/7 1944/1658/7
f 1944/1658/7 2021/1759/7 2014/1761/7
f 2014/1761/7 2011/1766/7 2010/1767/7
f 2010/1767/7 2007/1768/7 2006/1656/7
f 2006/1656/7 2003/1769/7 2002/1770/7
f 2002/1770/7 1999/1771/7 1998/1657/7
f 1998/1657/7 1995/1772/7 2023/1763/7
f 2023/1763/7 2022/1765/7 1944/1658/7
f 1944/1658/7 2014/1761/7 2010/1767/7
f 2006/1656/7 2002/1770/7 1998/1657/7
f 1944/1658/7 2010/1767/7 2006/1656/7
f 1998/1657/7 2023/1763/7 1944/1658/7
f 1990/1659/4 1991/1773/4 1954/1660/4
f 2008/1774/6 2009/1775/6 2012/1751/6
f 2012/1751/6 2013/1776/6 2016/1777/6
f 2016/1777/6 2017/1778/6 2020/1779/6
f 2020/1779/6 2019/1780/6 1949/1653/6
f 1945/1655/6 1954/1781/6 1991/1782/6
f 1993/1783/6 1994/1784/6 1996/1785/6
f 1945/1655/6 1991/1782/6 1993/1783/6
f 2020/1779/6 1949/1653/6 1945/1655/6
f 2012/1751/6 2016/1777/6 2020/1779/6
f 2004/1663/6 2005/1786/6 2008/1774/6
f 2012/1751/6 2020/1779/6 1945/1655/6
f 2008/1774/6 2012/1751/6 1945/1655/6
f 1945/1655/6 1993/1783/6 1996/1785/6
f 1996/1785/6 1997/1787/6 2000/1662/6
f 2000/1662/6 2001/1788/6 2004/1663/6
f 2004/1663/6 2008/1774/6 1945/1655/6
f 1945/1655/6 1996/1785/6 2000/1662/6
f 1947/1664/11 1953/1789/11 1952/1665/11
f 1944/1658/11 1955/1661/11 1954/1660/11
f 2005/1668/1 2003/1790/1 2006/1669/1
f 1960/1671/2 1958/1701/2 1959/1672/2
f 1964/1674/2 1962/1702/2 1963/1675/2
f 1968/1677/2 1966/1703/2 1967/1678/2
f 1972/1680/2 1970/1704/2 1971/1681/2
f 1976/1683/2 1974/1705/2 1975/1684/2
f 1980/1686/2 1978/1706/2 1979/1687/2
f 1984/1689/2 1982/1707/2 1983/1690/2
f 1987/1692/2 1986/1696/2 1988/1693/2
f 1951/1695/1146 1950/1743/1152 1986/1696/1147
f 1952/1665/2 1953/1789/2 1957/1697/2
f 1957/1699/1 1961/1673/1 1959/1672/1
f 1958/1701/1 1960/1671/1 1965/1676/1
f 1964/1674/1 1969/1679/1 1967/1678/1
f 1966/1703/1 1968/1677/1 1973/1682/1
f 1972/1680/1 1977/1685/1 1975/1684/1
f 1974/1705/1 1976/1683/1 1981/1688/1
f 1980/1686/1 1985/1691/1 1983/1690/1
f 1982/1707/1 1984/1689/1 1989/1694/1
f 1947/1708/6 1951/1651/6 1987/1791/6
f 1989/1792/6 1984/1793/6 1985/1794/6
f 1947/1708/6 1987/1791/6 1989/1792/6
f 1957/1795/6 1953/1796/6 1947/1708/6
f 1965/1797/6 1960/1798/6 1961/1799/159
f 1961/1799/159 1957/1795/6 1947/1708/6
f 1947/1708/6 1989/1792/6 1985/1794/6
f 1985/1794/6 1980/1800/6 1981/1752/6
f 1981/1752/6 1976/1801/6 1977/1709/6
f 1977/1709/6 1972/1802/6 1973/1803/6
f 1973/1803/6 1968/1804/6 1969/1710/6
f 1969/1710/6 1964/1805/6 1965/1797/6
f 1965/1797/6 1961/1799/159 1947/1708/6
f 1947/1708/6 1985/1794/6 1981/1752/6
f 1977/1709/1175 1973/1803/1175 1969/1710/1176
f 1947/1708/6 1981/1752/6 1977/1709/6
f 1969/1710/6 1965/1797/6 1947/1708/6
f 1946/1666/7 1952/1665/7 1956/1806/7
f 1959/1807/7 1958/1808/7 1963/1809/7
f 1946/1666/7 1956/1806/7 1959/1807/7
f 1986/1810/7 1950/1748/7 1946/1666/7
f 1983/1811/7 1982/1812/7 1988/1813/7
f 1988/1813/7 1986/1810/7 1946/1666/7
f 1946/1666/7 1959/1807/7 1963/1809/7
f 1963/1809/7 1962/1814/7 1967/1753/7
f 1967/1753/7 1966/1815/7 1971/1711/7
f 1971/1711/7 1970/1816/7 1975/1712/7
f 1975/1712/7 1974/1817/7 1979/1818/7
f 1979/1818/7 1978/1819/7 1983/1811/7
f 1983/1811/7 1988/1813/7 1946/1666/7
f 1946/1666/7 1963/1809/7 1967/1753/7
f 1979/1818/7 1983/1811/7 1946/1666/7
f 1946/1666/7 1967/1753/7 1971/1711/7
f 1975/1712/7 1979/1818/7 1946/1666/7
f 2022/1713/4 1992/1820/4 1994/1714/4
f 1995/1716/1 1998/1721/1 2000/1717/1
f 2023/1719/4 1995/1716/4 1997/1718/4
f 1998/1721/4 1999/1736/4 2001/1722/4
f 2002/1723/4 2003/1790/4 2005/1668/4
f 2017/1725/1 2015/1821/1 2021/1726/1
f 2006/1669/4 2007/1735/4 2009/1728/4
f 2016/1729/1 2013/1733/1 2011/1730/1
f 2010/1732/4 2011/1730/4 2013/1733/4
f 2012/1734/1 2009/1728/1 2007/1735/1
f 2014/1731/4 2015/1821/4 2017/1725/4
f 1999/1736/1 2002/1723/1 2004/1724/1
f 2021/1726/4 2018/1739/4 2019/1737/4
f 1949/1738/1149 2019/1737/1150 2018/1739/1150
f 1993/1715/1 1991/1754/1 1990/1741/1
f 1994/1714/1 1992/1820/1 2023/1719/1
f 1948/1740/6 2025/1744/6 2029/1742/6
f 1949/1738/1149 1948/1740/1151 1950/1743/1152
f 2028/1647/1 2029/1742/1 2025/1744/1
f 2026/1746/1 2030/1755/1 2031/1650/1
f 1951/1695/7 2030/1755/7 2026/1746/7
f 2027/1654/6 2031/1650/6 1943/1652/6
f 1944/1658/1061 1940/1648/1061 2024/1745/1061
f 2024/1745/1061 2025/1822/1061 1948/1757/1061
f 1948/1757/1061 1944/1658/1061 2024/1745/1061
f 1951/1651/1145 1947/1708/1145 1943/1652/1145
f 2028/1647/2 1942/1649/1153 1950/1748/1058
f 2032/1648/6 2116/1745/6 2120/1647/6
f 2043/1651/1154 2122/1756/1154 2123/1650/1154
f 2041/1653/1155 2037/1655/1061 2033/1747/1061
f 2033/1747/1061 2119/1654/1061 2118/1750/1061
f 2110/1758/6 2040/1757/6 2036/1658/6
f 2036/1658/6 2047/1661/6 2082/1762/6
f 2114/1765/6 2084/1764/6 2115/1763/6
f 2036/1658/6 2082/1762/6 2114/1765/6
f 2113/1759/6 2110/1758/6 2036/1658/6
f 2106/1761/6 2107/1760/6 2113/1759/6
f 2102/1767/6 2103/1766/6 2106/1761/6
f 2098/1656/6 2099/1768/6 2102/1767/6
f 2094/1770/6 2095/1769/6 2098/1656/6
f 2090/1657/6 2091/1771/6 2094/1770/6
f 2115/1763/6 2087/1772/6 2090/1657/6
f 2036/1658/6 2114/1765/6 2115/1763/6
f 2106/1761/6 2113/1759/6 2036/1658/6
f 2102/1767/6 2106/1761/6 2036/1658/6
f 2036/1658/6 2115/1763/6 2090/1657/6
f 2090/1657/6 2094/1770/6 2098/1656/6
f 2098/1656/6 2102/1767/6 2036/1658/6
f 2046/1660/4 2083/1773/4 2082/1659/4
f 2100/1774/7 2097/1786/7 2096/1663/7
f 2096/1663/7 2093/1788/7 2092/1662/160
f 2092/1662/7 2089/1787/7 2088/1785/7
f 2088/1785/7 2086/1784/7 2085/1783/7
f 2085/1783/7 2083/1782/7 2046/1781/7
f 2037/1655/7 2041/1653/7 2111/1780/7
f 2112/1779/7 2109/1778/7 2108/1777/7
f 2037/1655/7 2111/1780/7 2112/1779/7
f 2085/1783/7 2046/1781/7 2037/1655/7
f 2088/1785/7 2085/1783/7 2037/1655/7
f 2037/1655/7 2112/1779/7 2108/1777/7
f 2108/1777/7 2105/1776/7 2104/1751/7
f 2104/1751/7 2101/1775/7 2100/1774/7
f 2100/1774/7 2096/1663/7 2092/1662/160
f 2092/1662/7 2088/1785/7 2037/1655/7
f 2037/1655/7 2108/1777/7 2104/1751/7
f 2104/1751/20 2100/1774/20 2092/1662/1177
f 2044/1665/11 2045/1789/11 2039/1664/11
f 2046/1660/11 2047/1661/11 2036/1658/11
f 2098/1669/1 2095/1790/1 2097/1668/1
f 2051/1672/2 2050/1701/2 2052/1671/2
f 2055/1675/2 2054/1702/2 2056/1674/2
f 2059/1678/2 2058/1703/2 2060/1677/2
f 2063/1681/2 2062/1704/2 2064/1680/2
f 2067/1684/2 2066/1705/2 2068/1683/2
f 2071/1687/2 2070/1706/2 2072/1686/2
f 2075/1690/2 2074/1707/2 2076/1689/2
f 2080/1693/2 2078/1696/2 2079/1692/2
f 2043/1695/1156 2079/1692/1148 2078/1696/1157
f 2049/1697/2 2045/1789/2 2044/1665/2
f 2051/1672/1 2053/1673/1 2049/1699/1
f 2050/1701/1 2055/1675/1 2057/1676/1
f 2059/1678/1 2061/1679/1 2056/1674/1
f 2058/1703/1 2063/1681/1 2065/1682/1
f 2067/1684/1 2069/1685/1 2064/1680/1
f 2066/1705/1 2071/1687/1 2073/1688/1
f 2075/1690/1 2077/1691/1 2072/1686/1
f 2074/1707/1 2080/1693/1 2081/1694/1
f 2039/1708/7 2045/1796/7 2049/1795/7
f 2053/1799/7 2052/1798/7 2057/1797/7
f 2039/1708/7 2049/1795/7 2053/1799/7
f 2079/1791/7 2043/1651/7 2039/1708/7
f 2077/1794/7 2076/1793/7 2081/1792/7
f 2081/1792/7 2079/1791/7 2039/1708/7
f 2039/1708/7 2053/1799/7 2057/1797/7
f 2057/1797/7 2056/1805/7 2061/1710/7
f 2061/1710/7 2060/1804/7 2065/1803/7
f 2065/1803/7 2064/1802/7 2069/1709/7
f 2069/1709/7 2068/1801/7 2073/1752/7
f 2073/1752/7 2072/1800/7 2077/1794/7
f 2077/1794/7 2081/1792/7 2039/1708/7
f 2039/1708/7 2057/1797/7 2061/1710/7
f 2061/1710/1178 2065/1803/1179 2069/1709/1178
f 2073/1752/7 2077/1794/7 2039/1708/7
f 2039/1708/7 2061/1710/7 2069/1709/7
f 2038/1666/6 2042/1748/6 2078/1810/6
f 2080/1813/6 2074/1812/6 2075/1811/6
f 2038/1666/6 2078/1810/6 2080/1813/6
f 2048/1806/6 2044/1665/6 2038/1666/6
f 2055/1809/6 2050/1808/6 2051/1807/6
f 2051/1807/6 2048/1806/6 2038/1666/6
f 2038/1666/6 2080/1813/6 2075/1811/6
f 2075/1811/6 2070/1819/6 2071/1818/6
f 2071/1818/6 2066/1817/6 2067/1712/6
f 2067/1712/6 2062/1816/6 2063/1711/6
f 2063/1711/6 2058/1815/6 2059/1753/6
f 2059/1753/6 2054/1814/6 2055/1809/6
f 2055/1809/6 2051/1807/6 2038/1666/6
f 2038/1666/6 2075/1811/6 2071/1818/6
f 2067/1712/1180 2063/1711/1181 2059/1753/1181
f 2038/1666/6 2071/1818/6 2067/1712/6
f 2059/1753/6 2055/1809/6 2038/1666/6
f 2086/1714/4 2084/1820/4 2114/1713/4
f 2092/1717/1 2090/1721/1 2087/1716/1
f 2089/1718/4 2087/1716/4 2115/1719/4
f 2093/1722/4 2091/1736/4 2090/1721/4
f 2097/1668/4 2095/1790/4 2094/1723/4
f 2113/1726/1 2107/1821/1 2109/1725/1
f 2101/1728/4 2099/1735/4 2098/1669/4
f 2103/1730/1 2105/1733/1 2108/1729/1
f 2105/1733/4 2103/1730/4 2102/1732/4
f 2099/1735/1 2101/1728/1 2104/1734/1
f 2109/1725/4 2107/1821/4 2106/1731/4
f 2096/1724/1 2094/1723/1 2091/1736/1
f 2111/1737/4 2110/1739/4 2113/1726/4
f 2110/1739/1150 2111/1737/1150 2041/1738/1159
f 2085/1715/1 2114/1713/1 2082/1741/1
f 2115/1719/1 2084/1820/1 2086/1714/1
f 2121/1742/7 2117/1744/7 2040/1740/7
f 2042/1743/1158 2040/1740/1151 2041/1738/1159
f 2117/1744/1 2121/1742/1 2120/1647/1
f 2118/1746/1 2119/1654/1 2123/1650/1
f 2118/1746/6 2122/1755/6 2043/1695/6
f 2035/1652/7 2123/1650/7 2119/1654/7
f 2116/1745/1048 2032/1648/1048 2036/1658/1048
f 2116/1745/1048 2036/1658/1048 2040/1757/1048
f 2040/1757/1048 2117/1822/1048 2116/1745/1048
f 2120/1647/2 2121/1749/2 2042/1748/2
f 2124/1648/7 2208/1745/7 2212/1647/7
f 2135/1651/1161 2214/1756/1161 2215/1650/1161
f 2133/1653/1011 2129/1655/1153 2125/1747/1153
f 2125/1747/1153 2211/1654/1153 2210/1750/1153
f 2202/1758/7 2132/1757/7 2128/1658/7
f 2128/1658/7 2139/1661/7 2174/1762/7
f 2206/1765/7 2176/1764/7 2207/1763/7
f 2128/1658/7 2174/1762/7 2206/1765/7
f 2205/1759/7 2202/1758/7 2128/1658/7
f 2198/1761/7 2199/1760/7 2205/1759/7
f 2194/1767/7 2195/1766/7 2198/1761/7
f 2190/1656/7 2191/1768/7 2194/1767/7
f 2186/1770/7 2187/1769/7 2190/1656/7
f 2182/1657/7 2183/1771/7 2186/1770/7
f 2207/1763/7 2179/1772/7 2182/1657/7
f 2128/1658/7 2206/1765/7 2207/1763/7
f 2198/1761/7 2205/1759/7 2128/1658/7
f 2194/1767/7 2198/1761/7 2128/1658/7
f 2128/1658/7 2207/1763/7 2182/1657/7
f 2182/1657/7 2186/1770/7 2190/1656/7
f 2190/1656/7 2194/1767/7 2128/1658/7
f 2138/1660/2 2175/1773/2 2174/1659/2
f 2192/1774/6 2189/1786/6 2188/1663/6
f 2188/1663/6 2185/1788/6 2184/1662/159
f 2184/1662/6 2181/1787/6 2180/1785/6
f 2180/1785/6 2178/1784/6 2177/1783/6
f 2177/1783/6 2175/1782/6 2138/1781/6
f 2129/1655/6 2133/1653/6 2203/1780/6
f 2204/1779/6 2201/1778/6 2200/1777/6
f 2129/1655/6 2203/1780/6 2204/1779/6
f 2177/1783/6 2138/1781/6 2129/1655/6
f 2180/1785/6 2177/1783/6 2129/1655/6
f 2129/1655/6 2204/1779/6 2200/1777/6
f 2200/1777/6 2197/1776/6 2196/1751/6
f 2196/1751/6 2193/1775/6 2192/1774/6
f 2192/1774/6 2188/1663/6 2184/1662/159
f 2184/1662/6 2180/1785/6 2129/1655/6
f 2129/1655/6 2200/1777/6 2196/1751/6
f 2196/1751/84 2192/1774/84 2184/1662/1182
f 2136/1665/11 2137/1789/11 2131/1664/11
f 2138/1660/11 2139/1661/11 2128/1658/11
f 2190/1669/1 2187/1790/1 2189/1668/1
f 2143/1672/4 2142/1701/4 2144/1671/4
f 2147/1675/4 2146/1702/4 2148/1674/4
f 2151/1678/4 2150/1703/4 2152/1677/4
f 2155/1681/4 2154/1704/4 2156/1680/4
f 2159/1684/4 2158/1705/4 2160/1683/4
f 2163/1687/4 2162/1706/4 2164/1686/4
f 2167/1690/4 2166/1707/4 2168/1689/4
f 2172/1693/4 2170/1696/4 2171/1692/4
f 2135/1695/1162 2171/1692/1171 2170/1696/1163
f 2141/1697/4 2137/1789/4 2136/1665/4
f 2143/1672/1 2145/1673/1 2141/1699/1
f 2142/1701/1 2147/1675/1 2149/1676/1
f 2151/1678/1 2153/1679/1 2148/1674/1
f 2150/1703/1 2155/1681/1 2157/1682/1
f 2159/1684/1 2161/1685/1 2156/1680/1
f 2158/1705/1 2163/1687/1 2165/1688/1
f 2167/1690/1 2169/1691/1 2164/1686/1
f 2166/1707/1 2172/1693/1 2173/1694/1
f 2131/1708/6 2137/1796/6 2141/1795/6
f 2145/1799/6 2144/1798/6 2149/1797/6
f 2131/1708/6 2141/1795/6 2145/1799/6
f 2171/1791/6 2135/1651/6 2131/1708/6
f 2169/1794/6 2168/1793/6 2173/1792/6
f 2173/1792/6 2171/1791/6 2131/1708/6
f 2131/1708/6 2145/1799/6 2149/1797/6
f 2149/1797/6 2148/1805/6 2153/1710/6
f 2153/1710/6 2152/1804/6 2157/1803/6
f 2157/1803/6 2156/1802/6 2161/1709/6
f 2161/1709/6 2160/1801/6 2165/1752/6
f 2165/1752/6 2164/1800/6 2169/1794/6
f 2169/1794/6 2173/1792/6 2131/1708/6
f 2131/1708/6 2149/1797/6 2153/1710/6
f 2153/1710/1183 2157/1803/1184 2161/1709/1183
f 2165/1752/6 2169/1794/6 2131/1708/6
f 2131/1708/6 2153/1710/6 2161/1709/6
f 2130/1666/7 2134/1748/7 2170/1810/7
f 2172/1813/7 2166/1812/7 2167/1811/7
f 2130/1666/7 2170/1810/7 2172/1813/7
f 2140/1806/7 2136/1665/7 2130/1666/7
f 2147/1809/7 2142/1808/7 2143/1807/7
f 2143/1807/7 2140/1806/7 2130/1666/7
f 2130/1666/7 2172/1813/7 2167/1811/7
f 2167/1811/7 2162/1819/7 2163/1818/7
f 2163/1818/7 2158/1817/7 2159/1712/7
f 2159/1712/7 2154/1816/7 2155/1711/7
f 2155/1711/7 2150/1815/7 2151/1753/7
f 2151/1753/7 2146/1814/7 2147/1809/7
f 2147/1809/7 2143/1807/7 2130/1666/7
f 2130/1666/7 2167/1811/7 2163/1818/7
f 2159/1712/1185 2155/1711/1186 2151/1753/1186
f 2130/1666/7 2163/1818/7 2159/1712/7
f 2151/1753/7 2147/1809/7 2130/1666/7
f 2178/1714/2 2176/1820/2 2206/1713/2
f 2184/1717/1 2182/1721/1 2179/1716/1
f 2181/1718/2 2179/1716/2 2207/1719/2
f 2185/1722/2 2183/1736/2 2182/1721/2
f 2189/1668/2 2187/1790/2 2186/1723/2
f 2205/1726/1 2199/1821/1 2201/1725/1
f 2193/1728/2 2191/1735/2 2190/1669/2
f 2195/1730/1 2197/1733/1 2200/1729/1
f 2197/1733/2 2195/1730/2 2194/1732/2
f 2191/1735/1 2193/1728/1 2196/1734/1
f 2201/1725/2 2199/1821/2 2198/1731/2
f 2188/1724/1 2186/1723/1 2183/1736/1
f 2203/1737/2 2202/1739/2 2205/1726/2
f 2202/1739/1165 2203/1737/1165 2133/1738/1166
f 2177/1715/1 2206/1713/1 2174/1741/1
f 2207/1719/1 2176/1820/1 2178/1714/1
f 2213/1742/6 2209/1744/6 2132/1740/6
f 2134/1743/1164 2132/1740/1167 2133/1738/1166
f 2209/1744/1 2213/1742/1 2212/1647/1
f 2210/1746/1 2211/1654/1 2215/1650/1
f 2210/1746/7 2214/1755/7 2135/1695/7
f 2127/1652/6 2215/1650/6 2211/1654/6
f 2208/1745/1160 2124/1648/1160 2128/1658/1160
f 2208/1745/1160 2128/1658/1160 2132/1757/1160
f 2132/1757/1160 2209/1822/1160 2208/1745/1160
f 2212/1647/4 2213/1749/4 2134/1748/4
f 2304/1647/6 2300/1745/6 2216/1648/6
f 2307/1650/1168 2306/1756/1168 2227/1651/1168
f 2225/1653/1160 2302/1750/1160 2303/1654/1160
f 2303/1654/1160 2217/1747/1160 2221/1655/1160
f 2220/1658/6 2224/1757/6 2294/1758/6
f 2297/1759/6 2291/1760/6 2290/1761/6
f 2220/1658/6 2294/1758/6 2297/1759/6
f 2266/1762/6 2231/1661/6 2220/1658/6
f 2299/1763/6 2268/1764/6 2298/1765/6
f 2298/1765/6 2266/1762/6 2220/1658/6
f 2220/1658/6 2297/1759/6 2290/1761/6
f 2290/1761/6 2287/1766/6 2286/1767/6
f 2286/1767/6 2283/1768/6 2282/1656/6
f 2282/1656/6 2279/1769/6 2278/1770/6
f 2278/1770/6 2275/1771/6 2274/1657/6
f 2274/1657/6 2271/1772/6 2299/1763/6
f 2299/1763/6 2298/1765/6 2220/1658/6
f 2220/1658/6 2290/1761/6 2286/1767/6
f 2282/1656/6 2278/1770/6 2274/1657/6
f 2220/1658/6 2286/1767/6 2282/1656/6
f 2274/1657/6 2299/1763/6 2220/1658/6
f 2266/1659/2 2267/1773/2 2230/1660/2
f 2284/1774/7 2285/1775/7 2288/1751/7
f 2288/1751/7 2289/1776/7 2292/1777/7
f 2292/1777/7 2293/1778/7 2296/1779/7
f 2296/1779/7 2295/1780/7 2225/1653/7
f 2221/1655/7 2230/1781/7 2267/1782/7
f 2269/1783/7 2270/1784/7 2272/1785/7
f 2221/1655/7 2267/1782/7 2269/1783/7
f 2296/1779/7 2225/1653/7 2221/1655/7
f 2288/1751/7 2292/1777/7 2296/1779/7
f 2280/1663/7 2281/1786/7 2284/1774/7
f 2288/1751/7 2296/1779/7 2221/1655/7
f 2284/1774/7 2288/1751/7 2221/1655/7
f 2221/1655/7 2269/1783/7 2272/1785/7
f 2272/1785/7 2273/1787/7 2276/1662/7
f 2276/1662/7 2277/1788/7 2280/1663/7
f 2280/1663/7 2284/1774/7 2221/1655/7
f 2221/1655/7 2272/1785/7 2276/1662/7
f 2223/1664/11 2229/1789/11 2228/1665/11
f 2220/1658/11 2231/1661/11 2230/1660/11
f 2281/1668/1 2279/1790/1 2282/1669/1
f 2236/1671/4 2234/1701/4 2235/1672/4
f 2240/1674/4 2238/1702/4 2239/1675/4
f 2244/1677/4 2242/1703/4 2243/1678/4
f 2248/1680/4 2246/1704/4 2247/1681/4
f 2252/1683/4 2250/1705/4 2251/1684/4
f 2256/1686/4 2254/1706/4 2255/1687/4
f 2260/1689/4 2258/1707/4 2259/1690/4
f 2263/1692/4 2262/1696/4 2264/1693/4
f 2227/1695/1169 2226/1743/1173 2262/1696/1170
f 2228/1665/4 2229/1789/4 2233/1697/4
f 2233/1699/1 2237/1673/1 2235/1672/1
f 2234/1701/1 2236/1671/1 2241/1676/1
f 2240/1674/1 2245/1679/1 2243/1678/1
f 2242/1703/1 2244/1677/1 2249/1682/1
f 2248/1680/1 2253/1685/1 2251/1684/1
f 2250/1705/1 2252/1683/1 2257/1688/1
f 2256/1686/1 2261/1691/1 2259/1690/1
f 2258/1707/1 2260/1689/1 2265/1694/1
f 2223/1708/7 2227/1651/7 2263/1791/7
f 2265/1792/7 2260/1793/7 2261/1794/7
f 2223/1708/7 2263/1791/7 2265/1792/7
f 2233/1795/7 2229/1796/7 2223/1708/7
f 2241/1797/7 2236/1798/7 2237/1799/160
f 2237/1799/160 2233/1795/7 2223/1708/7
f 2223/1708/7 2265/1792/7 2261/1794/7
f 2261/1794/7 2256/1800/7 2257/1752/7
f 2257/1752/7 2252/1801/7 2253/1709/7
f 2253/1709/7 2248/1802/7 2249/1803/7
f 2249/1803/7 2244/1804/7 2245/1710/7
f 2245/1710/7 2240/1805/7 2241/1797/7
f 2241/1797/7 2237/1799/160 2223/1708/7
f 2223/1708/7 2261/1794/7 2257/1752/7
f 2253/1709/1187 2249/1803/1187 2245/1710/1188
f 2223/1708/7 2257/1752/7 2253/1709/7
f 2245/1710/7 2241/1797/7 2223/1708/7
f 2222/1666/6 2228/1665/6 2232/1806/6
f 2235/1807/6 2234/1808/6 2239/1809/6
f 2222/1666/6 2232/1806/6 2235/1807/6
f 2262/1810/6 2226/1748/6 2222/1666/6
f 2259/1811/6 2258/1812/6 2264/1813/6
f 2264/1813/6 2262/1810/6 2222/1666/6
f 2222/1666/6 2235/1807/6 2239/1809/6
f 2239/1809/6 2238/1814/6 2243/1753/6
f 2243/1753/6 2242/1815/6 2247/1711/6
f 2247/1711/6 2246/1816/6 2251/1712/6
f 2251/1712/6 2250/1817/6 2255/1818/6
f 2255/1818/6 2254/1819/6 2259/1811/6
f 2259/1811/6 2264/1813/6 2222/1666/6
f 2222/1666/6 2239/1809/6 2243/1753/6
f 2255/1818/6 2259/1811/6 2222/1666/6
f 2222/1666/6 2243/1753/6 2247/1711/6
f 2251/1712/6 2255/1818/6 2222/1666/6
f 2298/1713/2 2268/1820/2 2270/1714/2
f 2271/1716/1 2274/1721/1 2276/1717/1
f 2299/1719/2 2271/1716/2 2273/1718/2
f 2274/1721/2 2275/1736/2 2277/1722/2
f 2278/1723/2 2279/1790/2 2281/1668/2
f 2293/1725/1 2291/1821/1 2297/1726/1
f 2282/1669/2 2283/1735/2 2285/1728/2
f 2292/1729/1 2289/1733/1 2287/1730/1
f 2286/1732/2 2287/1730/2 2289/1733/2
f 2288/1734/1 2285/1728/1 2283/1735/1
f 2290/1731/2 2291/1821/2 2293/1725/2
f 2275/1736/1 2278/1723/1 2280/1724/1
f 2297/1726/2 2294/1739/2 2295/1737/2
f 2225/1738/1172 2295/1737/1165 2294/1739/1165
f 2269/1715/1 2267/1754/1 2266/1741/1
f 2270/1714/1 2268/1820/1 2299/1719/1
f 2224/1740/7 2301/1744/7 2305/1742/7
f 2225/1738/1172 2224/1740/1167 2226/1743/1173
f 2304/1647/1 2305/1742/1 2301/1744/1
f 2302/1746/1 2306/1755/1 2307/1650/1
f 2227/1695/6 2306/1755/6 2302/1746/6
f 2303/1654/7 2307/1650/7 2219/1652/7
f 2220/1658/1153 2216/1648/1153 2300/1745/1153
f 2300/1745/1153 2301/1822/1153 2224/1757/1153
f 2224/1757/1153 2220/1658/1153 2300/1745/1153
f 2227/1651/1168 2223/1708/1168 2219/1652/1168
f 2304/1647/4 2218/1649/1061 2226/1748/1174
f 2309/1823/1189 2310/1824/1190 2308/1825/1191
f 2311/1826/1192 2312/1827/1193 2310/1824/1194
f 2313/1828/1195 2314/1829/1196 2312/1827/1193
f 2315/1830/1197 2316/1831/1198 2314/1829/1199
f 2317/1832/1200 2318/1833/1201 2316/1831/1198
f 2319/1834/1202 2320/1835/1203 2318/1833/1204
f 2321/1836/1205 2322/1837/1206 2320/1835/1203
f 2323/1838/1207 2324/1839/1208 2322/1840/1209
f 2325/1841/1210 2326/1842/1211 2324/1839/1208
f 2321/1843/11 2315/1844/11 2311/1826/11
f 2327/1845/1212 2308/1825/1213 2326/1842/1214
f 2316/1846/1 2322/1847/1 2326/1848/1
f 2329/1849/1215 2330/1850/1216 2328/1851/1217
f 2331/1852/1218 2332/1853/1219 2330/1850/1220
f 2333/1854/1221 2334/1855/1222 2332/1853/1219
f 2335/1856/1223 2336/1857/1224 2334/1855/1225
f 2337/1858/1226 2338/1859/1227 2336/1857/1224
f 2339/1860/1228 2340/1861/1229 2338/1859/1230
f 2341/1862/1231 2342/1863/1232 2340/1861/1229
f 2343/1864/1233 2344/1865/1234 2342/1866/1235
f 2345/1867/1236 2346/1868/1237 2344/1865/1234
f 2341/1869/11 2335/1870/11 2331/1852/11
f 2347/1871/1238 2328/1851/1239 2346/1868/1240
f 2336/1872/1 2342/1873/1 2346/1874/1
f 2359/1875/1241 2361/1876/1242 2363/1877/1243
f 2348/1878/1244 2357/1879/1245 2356/1880/1246
f 2355/1881/1247 2356/1880/1248 2363/1882/1249
f 2349/1883/1250 2358/1884/1251 2357/1879/1252
f 2350/1885/1253 2359/1875/1254 2358/1884/1255
f 2351/1886/1256 2360/1887/1257 2359/1875/1258
f 2352/1888/1259 2361/1889/1260 2360/1887/1261
f 2353/1890/1262 2362/1891/1263 2361/1889/1264
f 2354/1892/1265 2363/1882/1266 2362/1893/1267
f 2378/1894/1268 2372/1895/1269 2382/1896/1270
f 2365/1897/1271 2366/1898/1272 2377/1899/1273
f 2376/1900/1274 2364/1901/1275 2382/1902/1276
f 2365/1897/11 2374/1903/11 2369/1904/11
f 2367/1905/1277 2368/1906/1278 2378/1894/1279
f 2369/1904/1280 2370/1907/1281 2379/1908/1282
f 2371/1909/1283 2373/1910/1284 2380/1911/1285
f 2374/1903/1286 2375/1912/1287 2381/1913/1288
f 2309/1823/1189 2311/1826/1289 2310/1824/1190
f 2311/1826/1192 2313/1828/1195 2312/1827/1193
f 2313/1828/1195 2315/1830/1290 2314/1829/1196
f 2315/1830/1197 2317/1832/1200 2316/1831/1198
f 2317/1832/1200 2319/1834/1291 2318/1833/1201
f 2319/1834/1202 2321/1836/1205 2320/1835/1203
f 2321/1836/1205 2323/1914/1292 2322/1837/1206
f 2323/1838/1207 2325/1841/1210 2324/1839/1208
f 2325/1841/1210 2327/1845/1293 2326/1842/1211
f 2327/1915/11 2325/1916/11 2323/1917/11
f 2319/1918/11 2317/1919/11 2315/1844/11
f 2311/1826/11 2309/1920/11 2327/1915/11
f 2327/1915/11 2323/1917/11 2321/1843/11
f 2321/1843/11 2319/1918/11 2315/1844/11
f 2315/1844/11 2313/1828/11 2311/1826/11
f 2311/1826/11 2327/1915/11 2321/1843/11
f 2327/1845/1212 2309/1823/1294 2308/1825/1213
f 2310/1824/1 2312/1827/1 2314/1829/1
f 2318/1921/1 2320/1922/1 2322/1847/1
f 2326/1848/1 2308/1923/1 2310/1824/1
f 2310/1824/1 2314/1829/1 2316/1846/1
f 2316/1846/1 2318/1921/1 2322/1847/1
f 2322/1847/1 2324/1924/1 2326/1848/1
f 2326/1848/1 2310/1824/1 2316/1846/1
f 2329/1849/1215 2331/1852/1295 2330/1850/1216
f 2331/1852/1218 2333/1854/1221 2332/1853/1219
f 2333/1854/1221 2335/1856/1296 2334/1855/1222
f 2335/1856/1223 2337/1858/1226 2336/1857/1224
f 2337/1858/1226 2339/1860/1297 2338/1859/1227
f 2339/1860/1228 2341/1862/1231 2340/1861/1229
f 2341/1862/1231 2343/1925/1298 2342/1863/1232
f 2343/1864/1233 2345/1867/1236 2344/1865/1234
f 2345/1867/1236 2347/1871/1299 2346/1868/1237
f 2347/1926/11 2345/1927/11 2343/1928/11
f 2339/1929/11 2337/1930/11 2335/1870/11
f 2331/1852/11 2329/1931/11 2347/1926/11
f 2347/1926/11 2343/1928/11 2341/1869/11
f 2341/1869/11 2339/1929/11 2335/1870/11
f 2335/1870/11 2333/1854/11 2331/1852/11
f 2331/1852/11 2347/1926/11 2341/1869/11
f 2347/1871/1238 2329/1849/1300 2328/1851/1239
f 2330/1850/1 2332/1853/1 2334/1855/1
f 2338/1932/1 2340/1933/1 2342/1873/1
f 2346/1874/1 2328/1934/1 2330/1850/1
f 2330/1850/1 2334/1855/1 2336/1872/1
f 2336/1872/1 2338/1932/1 2342/1873/1
f 2342/1873/1 2344/1935/1 2346/1874/1
f 2346/1874/1 2330/1850/1 2336/1872/1
f 2363/1877/1243 2356/1936/1301 2357/1879/1302
f 2357/1879/1302 2358/1884/1303 2359/1875/1241
f 2359/1875/1241 2360/1887/1304 2361/1876/1242
f 2361/1876/1242 2362/1937/1305 2363/1877/1243
f 2363/1877/1243 2357/1879/1302 2359/1875/1241
f 2348/1878/1244 2349/1883/1306 2357/1879/1245
f 2355/1881/1247 2348/1878/1307 2356/1880/1248
f 2349/1883/1250 2350/1885/1308 2358/1884/1251
f 2350/1885/1253 2351/1886/1309 2359/1875/1254
f 2351/1886/1256 2352/1888/1310 2360/1887/1257
f 2352/1888/1259 2353/1890/1311 2361/1889/1260
f 2353/1890/1262 2354/1938/1312 2362/1891/1263
f 2354/1892/1265 2355/1881/1313 2363/1882/1266
f 2380/1911/1314 2373/1910/1315 2372/1939/1316
f 2372/1940/1316 2373/1910/1315 2381/1913/1317
f 2377/1941/1318 2366/1898/1319 2378/1894/1268
f 2379/1942/1320 2370/1943/1321 2380/1944/1322
f 2381/1945/1323 2375/1946/1324 2382/1896/1270
f 2364/1947/1325 2377/1941/1318 2378/1894/1268
f 2378/1894/1268 2368/1906/1326 2379/1942/1320
f 2379/1942/1320 2380/1944/1322 2372/1895/1269
f 2372/1895/1269 2381/1945/1323 2382/1896/1270
f 2382/1896/1270 2364/1947/1325 2378/1894/1268
f 2378/1894/1268 2379/1942/1320 2372/1895/1269
f 2377/1899/1273 2364/1901/1327 2365/1897/1271
f 2365/1897/1271 2367/1905/1328 2366/1898/1272
f 2382/1902/1276 2375/1912/1329 2376/1900/1274
f 2376/1900/1274 2365/1897/1330 2364/1901/1275
f 2369/1904/11 2367/1905/11 2365/1897/11
f 2365/1897/11 2376/1900/11 2374/1903/11
f 2374/1903/11 2371/1909/11 2369/1904/11
f 2378/1894/1279 2366/1898/1331 2367/1905/1277
f 2367/1905/1277 2369/1904/1332 2368/1906/1278
f 2379/1908/1282 2368/1906/1333 2369/1904/1280
f 2369/1904/1280 2371/1909/1334 2370/1907/1281
f 2380/1911/1285 2370/1907/1335 2371/1909/1283
f 2371/1909/1283 2374/1903/1336 2373/1910/1284
f 2381/1913/1288 2373/1910/1337 2374/1903/1286
f 2374/1903/1286 2376/1900/1338 2375/1912/1287
f 2384/1823/1189 2385/1824/1190 2383/1825/1191
f 2386/1826/1192 2387/1827/1193 2385/1824/1194
f 2388/1828/1195 2389/1948/1196 2387/1827/1193
f 2390/1830/1197 2391/1831/1198 2389/1948/1199
f 2392/1832/1200 2393/1833/1201 2391/1831/1198
f 2394/1834/1202 2395/1835/1203 2393/1833/1204
f 2396/1836/1205 2397/1949/1206 2395/1835/1203
f 2398/1838/1207 2399/1839/1208 2397/1840/1209
f 2400/1841/1339 2401/1950/1211 2399/1839/1208
f 2396/1843/11 2390/1844/11 2386/1826/11
f 2402/1845/1212 2383/1825/1213 2401/1950/1214
f 2391/1846/1 2397/1847/1 2401/1848/1
f 2404/1849/1215 2405/1850/1216 2403/1851/1217
f 2406/1951/1218 2407/1853/1219 2405/1850/1220
f 2408/1854/1221 2409/1952/1222 2407/1853/1219
f 2410/1953/1223 2411/1857/1224 2409/1952/1225
f 2412/1858/1226 2413/1859/1227 2411/1857/1224
f 2414/1954/1228 2415/1861/1229 2413/1859/1230
f 2416/1862/1231 2417/1955/1340 2415/1861/1229
f 2418/1864/1341 2419/1865/1234 2417/1866/1235
f 2420/1867/1236 2421/1868/1342 2419/1865/1234
f 2416/1869/11 2410/1870/11 2406/1951/11
f 2422/1956/1238 2403/1851/1239 2421/1868/1240
f 2411/1872/1 2417/1957/1 2421/1874/1
f 2434/1958/1241 2436/1876/1242 2438/1877/1243
f 2423/1878/1244 2432/1879/1343 2431/1959/1246
f 2430/1881/1247 2431/1959/1248 2438/1960/1249
f 2424/1883/1250 2433/1884/1251 2432/1879/1252
f 2425/1885/1253 2434/1958/1254 2433/1884/1255
f 2426/1886/1256 2435/1887/1257 2434/1958/1258
f 2427/1888/1259 2436/1889/1260 2435/1887/1261
f 2428/1890/1262 2437/1891/1263 2436/1889/1264
f 2429/1892/1265 2438/1960/1266 2437/1893/1267
f 2453/1961/1268 2447/1895/1269 2457/1962/1270
f 2440/1897/1271 2441/1963/1272 2452/1964/1273
f 2451/1965/1274 2439/1966/1275 2457/1902/1276
f 2440/1897/11 2449/1967/11 2444/1904/11
f 2442/1905/1277 2443/1968/1278 2453/1961/1279
f 2444/1904/1280 2445/1969/1281 2454/1970/1282
f 2446/1971/1283 2448/1972/1284 2455/1973/1285
f 2449/1967/1344 2450/1974/1287 2456/1975/1288
f 2384/1823/1189 2386/1826/1289 2385/1824/1190
f 2386/1826/1192 2388/1828/1195 2387/1827/1193
f 2388/1828/1195 2390/1830/1290 2389/1948/1196
f 2390/1830/1197 2392/1832/1200 2391/1831/1198
f 2392/1832/1200 2394/1834/1291 2393/1833/1201
f 2394/1834/1202 2396/1836/1205 2395/1835/1203
f 2396/1836/1205 2398/1976/1292 2397/1949/1206
f 2398/1838/1207 2400/1841/1339 2399/1839/1208
f 2400/1841/1339 2402/1845/1293 2401/1950/1211
f 2402/1915/11 2400/1916/11 2398/1917/11
f 2394/1977/11 2392/1919/11 2390/1844/11
f 2386/1826/11 2384/1920/11 2402/1915/11
f 2402/1915/11 2398/1917/11 2396/1843/11
f 2396/1843/11 2394/1977/11 2390/1844/11
f 2390/1844/11 2388/1828/11 2386/1826/11
f 2386/1826/11 2402/1915/11 2396/1843/11
f 2402/1845/1212 2384/1823/1294 2383/1825/1213
f 2385/1824/1 2387/1827/1 2389/1948/1
f 2393/1921/1 2395/1922/1 2397/1847/1
f 2401/1848/1 2383/1978/1 2385/1824/1
f 2385/1824/1 2389/1948/1 2391/1846/1
f 2391/1846/1 2393/1921/1 2397/1847/1
f 2397/1847/1 2399/1924/1 2401/1848/1
f 2401/1848/1 2385/1824/1 2391/1846/1
f 2404/1849/1215 2406/1951/1295 2405/1850/1216
f 2406/1951/1218 2408/1854/1221 2407/1853/1219
f 2408/1854/1221 2410/1953/1296 2409/1952/1222
f 2410/1953/1223 2412/1858/1226 2411/1857/1224
f 2412/1858/1226 2414/1954/1297 2413/1859/1227
f 2414/1954/1228 2416/1862/1231 2415/1861/1229
f 2416/1862/1231 2418/1979/1298 2417/1955/1340
f 2418/1864/1341 2420/1867/1236 2419/1865/1234
f 2420/1867/1236 2422/1956/1299 2421/1868/1342
f 2422/1980/11 2420/1927/11 2418/1928/11
f 2414/1981/11 2412/1930/11 2410/1870/11
f 2406/1951/11 2404/1982/11 2422/1980/11
f 2422/1980/11 2418/1928/11 2416/1869/11
f 2416/1869/11 2414/1981/11 2410/1870/11
f 2410/1870/11 2408/1854/11 2406/1951/11
f 2406/1951/11 2422/1980/11 2416/1869/11
f 2422/1956/1238 2404/1849/1300 2403/1851/1239
f 2405/1850/1 2407/1853/1 2409/1952/1
f 2413/1932/1 2415/1933/1 2417/1957/1
f 2421/1874/1 2403/1934/1 2405/1850/1
f 2405/1850/1 2409/1952/1 2411/1872/1
f 2411/1872/1 2413/1932/1 2417/1957/1
f 2417/1957/1 2419/1935/1 2421/1874/1
f 2421/1874/1 2405/1850/1 2411/1872/1
f 2438/1877/1243 2431/1936/1301 2432/1879/1302
f 2432/1879/1302 2433/1884/1303 2434/1958/1241
f 2434/1958/1241 2435/1887/1304 2436/1876/1242
f 2436/1876/1242 2437/1937/1305 2438/1877/1243
f 2438/1877/1243 2432/1879/1302 2434/1958/1241
f 2423/1878/1244 2424/1883/1306 2432/1879/1343
f 2430/1881/1247 2423/1878/1307 2431/1959/1248
f 2424/1883/1250 2425/1885/1308 2433/1884/1251
f 2425/1885/1253 2426/1886/1309 2434/1958/1254
f 2426/1886/1256 2427/1888/1310 2435/1887/1257
f 2427/1888/1259 2428/1890/1311 2436/1889/1260
f 2428/1890/1262 2429/1938/1312 2437/1891/1263
f 2429/1892/1265 2430/1881/1313 2438/1960/1266
f 2455/1973/1314 2448/1972/1345 2447/1939/1346
f 2447/1940/1346 2448/1972/1345 2456/1975/1347
f 2452/1983/1318 2441/1963/1319 2453/1961/1268
f 2454/1984/1320 2445/1943/1321 2455/1985/1322
f 2456/1986/1323 2450/1946/1324 2457/1962/1270
f 2439/1947/1325 2452/1983/1318 2453/1961/1268
f 2453/1961/1268 2443/1968/1326 2454/1984/1320
f 2454/1984/1320 2455/1985/1322 2447/1895/1269
f 2447/1895/1269 2456/1986/1323 2457/1962/1270
f 2457/1962/1270 2439/1947/1325 2453/1961/1268
f 2453/1961/1268 2454/1984/1320 2447/1895/1269
f 2452/1964/1273 2439/1966/1348 2440/1897/1271
f 2440/1897/1271 2442/1905/1328 2441/1963/1272
f 2457/1902/1276 2450/1974/1349 2451/1965/1274
f 2451/1965/1274 2440/1897/1330 2439/1966/1275
f 2444/1904/11 2442/1905/11 2440/1897/11
f 2440/1897/11 2451/1965/11 2449/1967/11
f 2449/1967/11 2446/1971/11 2444/1904/11
f 2453/1961/1279 2441/1963/1331 2442/1905/1277
f 2442/1905/1277 2444/1904/1332 2443/1968/1278
f 2454/1970/1282 2443/1968/1333 2444/1904/1280
f 2444/1904/1280 2446/1971/1334 2445/1969/1281
f 2455/1973/1285 2445/1969/1335 2446/1971/1283
f 2446/1971/1283 2449/1967/1336 2448/1972/1284
f 2456/1975/1288 2448/1972/1337 2449/1967/1344
f 2449/1967/1344 2451/1965/1338 2450/1974/1287
f 2459/1987/1350 2460/1988/1351 2458/1989/1352
f 2461/1990/1353 2462/1991/1354 2460/1988/1355
f 2464/1992/1356 2465/1993/1357 2462/1991/1358
f 2464/1992/1359 2466/1994/1360 2465/1993/1361
f 2467/1995/1212 2468/1996/1213 2466/1994/1214
f 2469/1997/1362 2470/1998/1363 2468/1996/1191
f 2472/1999/1364 2473/2000/1365 2470/1998/1366
f 2474/1841/1367 2475/2001/1368 2473/2002/1369
f 2471/1843/11 2467/2003/11 2461/1990/11
f 2476/2004/1370 2458/1989/1352 2475/2001/1371
f 2466/2005/1 2470/2006/1 2475/2007/1
f 2478/2008/1372 2479/2009/1373 2477/2010/1374
f 2480/2011/1375 2481/2012/1376 2479/2009/1377
f 2483/2013/1378 2484/2014/1379 2481/2012/1380
f 2483/2013/1381 2485/2015/1382 2484/2014/1383
f 2486/2016/1384 2487/2017/1385 2485/2015/1386
f 2488/2018/1387 2489/2019/1388 2487/2017/1217
f 2491/2020/1389 2492/2021/1390 2489/2019/1391
f 2493/1867/1392 2494/2022/1393 2492/2023/1390
f 2490/1869/11 2486/2024/11 2480/2011/11
f 2495/2025/1394 2477/2010/1374 2494/2022/1395
f 2485/2026/1 2489/2027/1 2494/2028/1
f 2507/1875/1243 2509/1876/1396 2511/1877/1241
f 2496/1878/1259 2505/2029/1260 2504/1959/1261
f 2503/1881/1256 2504/1959/1257 2511/2030/1258
f 2497/1883/1262 2506/2031/1263 2505/2029/1264
f 2498/1885/1397 2507/1875/1266 2506/2031/1398
f 2499/1886/1247 2508/1887/1248 2507/1875/1249
f 2500/1888/1244 2509/2032/1343 2508/1887/1246
f 2501/1890/1250 2510/2033/1251 2509/2032/1252
f 2502/1892/1253 2511/2030/1254 2510/2034/1255
f 2526/2035/1399 2520/1895/1400 2530/2036/1401
f 2513/2037/1402 2514/2038/1403 2525/2039/1404
f 2524/1965/1405 2512/2040/1406 2530/2041/1407
f 2513/2037/11 2522/2042/11 2517/2043/11
f 2515/1905/1408 2516/1968/1409 2526/2035/1410
f 2517/2043/1411 2518/2044/1412 2527/2045/1413
f 2519/1971/1414 2521/2046/1415 2528/2047/1416
f 2522/2042/1417 2523/2048/1418 2529/2049/1419
f 2459/1987/1350 2461/1990/1420 2460/1988/1351
f 2461/1990/1353 2463/2050/1421 2462/1991/1354
f 2463/2050/1422 2464/1992/1356 2462/1991/1358
f 2464/1992/1359 2467/1995/1423 2466/1994/1360
f 2467/1995/1212 2469/1997/1294 2468/1996/1213
f 2469/1997/1362 2471/1836/1424 2470/1998/1363
f 2471/1836/1425 2472/1999/1364 2470/1998/1366
f 2472/1838/1426 2474/1841/1367 2473/2002/1369
f 2474/1841/1367 2476/2004/1427 2475/2001/1368
f 2476/2051/11 2474/1916/11 2472/2052/11
f 2464/1992/11 2463/2050/11 2461/1990/11
f 2461/1990/11 2459/2053/11 2476/2051/11
f 2476/2051/11 2472/2052/11 2471/1843/11
f 2471/1843/11 2469/2054/11 2467/2003/11
f 2467/2003/11 2464/1992/11 2461/1990/11
f 2461/1990/11 2476/2051/11 2471/1843/11
f 2476/2004/1370 2459/1987/1350 2458/1989/1352
f 2475/2007/1 2458/2055/1 2460/2056/1
f 2475/2007/1 2460/2056/1 2462/1991/1
f 2462/1991/1 2465/2057/1 2466/2005/1
f 2466/2005/1 2468/2058/1 2470/2006/1
f 2470/2006/1 2473/2059/1 2475/2007/1
f 2475/2007/1 2462/1991/1 2466/2005/1
f 2478/2008/1372 2480/2011/1428 2479/2009/1373
f 2480/2011/1375 2482/2060/1429 2481/2012/1376
f 2482/2060/1430 2483/2013/1378 2481/2012/1380
f 2483/2013/1381 2486/2016/1431 2485/2015/1382
f 2486/2016/1384 2488/2018/1300 2487/2017/1385
f 2488/2018/1387 2490/1862/1432 2489/2019/1388
f 2490/1862/1433 2491/2020/1389 2489/2019/1391
f 2491/1864/1389 2493/1867/1392 2492/2023/1390
f 2493/1867/1392 2495/2025/1434 2494/2022/1393
f 2495/2061/11 2493/1927/11 2491/2062/11
f 2483/2013/11 2482/2060/11 2480/2011/11
f 2480/2011/11 2478/2063/11 2495/2061/11
f 2495/2061/11 2491/2062/11 2490/1869/11
f 2490/1869/11 2488/2064/11 2486/2024/11
f 2486/2024/11 2483/2013/11 2480/2011/11
f 2480/2011/11 2495/2061/11 2490/1869/11
f 2495/2025/1394 2478/2008/1372 2477/2010/1374
f 2494/2028/1 2477/2065/1 2479/2066/1
f 2494/2028/1 2479/2066/1 2481/2012/1
f 2481/2012/1 2484/2067/1 2485/2026/1
f 2485/2026/1 2487/2068/1 2489/2027/1
f 2489/2027/1 2492/2069/1 2494/2028/1
f 2494/2028/1 2481/2012/1 2485/2026/1
f 2511/1877/1241 2504/1936/1304 2505/2029/1435
f 2505/2029/1435 2506/2031/1305 2507/1875/1243
f 2507/1875/1243 2508/1887/1436 2509/1876/1396
f 2509/1876/1396 2510/1937/1303 2511/1877/1241
f 2511/1877/1241 2505/2029/1435 2507/1875/1243
f 2496/1878/1259 2497/1883/1311 2505/2029/1260
f 2503/1881/1256 2496/1878/1310 2504/1959/1257
f 2497/1883/1262 2498/1885/1312 2506/2031/1263
f 2498/1885/1397 2499/1886/1313 2507/1875/1266
f 2499/1886/1247 2500/1888/1307 2508/1887/1248
f 2500/1888/1244 2501/1890/1306 2509/2032/1343
f 2501/1890/1250 2502/1938/1308 2510/2033/1251
f 2502/1892/1253 2503/1881/1309 2511/2030/1254
f 2528/2047/1437 2521/2046/1438 2520/1939/1439
f 2520/1940/1439 2521/2046/1438 2529/2049/1440
f 2525/2070/1441 2514/2038/1442 2526/2035/1399
f 2527/2071/1443 2518/1943/1444 2528/2072/1445
f 2529/2073/1446 2523/1946/1447 2530/2036/1401
f 2512/1947/1448 2525/2070/1441 2526/2035/1399
f 2526/2035/1399 2516/1968/1449 2527/2071/1443
f 2527/2071/1443 2528/2072/1445 2520/1895/1400
f 2520/1895/1400 2529/2073/1446 2530/2036/1401
f 2530/2036/1401 2512/1947/1448 2526/2035/1399
f 2526/2035/1399 2527/2071/1443 2520/1895/1400
f 2525/2039/1404 2512/2040/1450 2513/2037/1402
f 2513/2037/1402 2515/1905/1451 2514/2038/1403
f 2530/2041/1407 2523/2048/1452 2524/1965/1405
f 2524/1965/1405 2513/2037/1453 2512/2040/1406
f 2517/2043/11 2515/1905/11 2513/2037/11
f 2513/2037/11 2524/1965/11 2522/2042/11
f 2522/2042/11 2519/1971/11 2517/2043/11
f 2526/2035/1410 2514/2038/1454 2515/1905/1408
f 2515/1905/1408 2517/2043/1455 2516/1968/1409
f 2527/2045/1413 2516/1968/1456 2517/2043/1411
f 2517/2043/1411 2519/1971/1457 2518/2044/1412
f 2528/2047/1416 2518/2044/1458 2519/1971/1414
f 2519/1971/1414 2522/2042/1459 2521/2046/1415
f 2529/2049/1419 2521/2046/1460 2522/2042/1417
f 2522/2042/1417 2524/1965/1461 2523/2048/1418
f 2532/2074/1462 2533/1988/1463 2531/1989/1464
f 2534/1990/1353 2535/2075/1354 2533/1988/1355
f 2537/2076/1356 2538/1993/1357 2535/2075/1358
f 2537/2076/1465 2539/1994/1360 2538/1993/1361
f 2540/1995/1212 2541/2077/1213 2539/1994/1214
f 2542/2078/1362 2543/1998/1363 2541/2077/1191
f 2545/1999/1364 2546/2000/1365 2543/1998/1366
f 2547/2079/1466 2548/2080/1466 2546/2081/1466
f 2544/1843/11 2540/2003/11 2534/1990/11
f 2532/2074/1467 2531/1989/1468 2548/2080/1469
f 2539/2005/1 2543/2006/1 2548/2007/1
f 2550/2082/1470 2551/2083/1471 2549/2010/1472
f 2552/2011/1375 2553/2084/1376 2551/2083/1377
f 2555/2085/1378 2556/2014/1379 2553/2084/1380
f 2555/2085/1381 2557/2015/1382 2556/2014/1383
f 2558/2016/1384 2559/2086/1385 2557/2015/1386
f 2560/2087/1387 2561/2088/1388 2559/2086/1217
f 2563/2020/1473 2564/2021/1474 2561/2088/1391
f 2565/2089/1475 2566/2090/1476 2564/2091/1477
f 2562/1869/11 2558/2092/11 2552/2011/11
f 2550/2082/1478 2549/2010/1479 2566/2090/1480
f 2557/2026/1 2561/2027/1 2566/2093/1
f 2578/1875/1243 2580/1876/1396 2582/1877/1241
f 2567/1878/1259 2576/2094/1260 2575/1959/1261
f 2574/1881/1256 2575/1959/1257 2582/2030/1258
f 2568/1883/1262 2577/2031/1263 2576/2094/1264
f 2569/1885/1397 2578/1875/1266 2577/2031/1398
f 2570/1886/1247 2579/1887/1248 2578/1875/1249
f 2571/1888/1244 2580/1889/1343 2579/1887/1246
f 2572/1890/1250 2581/2033/1251 2580/1889/1252
f 2573/1892/1253 2582/2030/1254 2581/2034/1255
f 2597/2035/1399 2591/1895/1400 2601/2095/1401
f 2584/1897/1402 2585/2096/1403 2596/2097/1481
f 2595/1965/1405 2583/2098/1406 2601/2099/1407
f 2584/1897/11 2593/2100/11 2588/2101/11
f 2586/1905/1408 2587/2102/1409 2597/2035/1410
f 2588/2101/1482 2589/2103/1412 2598/2104/1483
f 2590/2105/1414 2592/2106/1415 2599/2107/1416
f 2593/2100/1417 2594/2108/1418 2600/2109/1419
f 2532/2074/1462 2534/1990/1484 2533/1988/1463
f 2534/1990/1353 2536/2050/1421 2535/2075/1354
f 2536/2050/1422 2537/2076/1356 2535/2075/1358
f 2537/2076/1465 2540/1995/1423 2539/1994/1360
f 2540/1995/1212 2542/2078/1294 2541/2077/1213
f 2542/2078/1362 2544/1836/1424 2543/1998/1363
f 2544/1836/1425 2545/1999/1364 2543/1998/1366
f 2545/1838/1485 2547/2079/1485 2546/2081/1485
f 2537/2076/11 2536/2050/11 2534/1990/11
f 2534/1990/11 2532/2110/11 2547/2111/11
f 2547/2111/11 2545/2052/11 2544/1843/11
f 2544/1843/11 2542/2054/11 2540/2003/11
f 2540/2003/11 2537/2076/11 2534/1990/11
f 2534/1990/11 2547/2111/11 2544/1843/11
f 2547/2079/1486 2532/2074/1467 2548/2080/1469
f 2548/2007/1 2531/2055/1 2533/2056/1
f 2548/2007/1 2533/2056/1 2535/2075/1
f 2535/2075/1 2538/2057/1 2539/2005/1
f 2539/2005/1 2541/2058/1 2543/2006/1
f 2543/2006/1 2546/2112/1 2548/2007/1
f 2548/2007/1 2535/2075/1 2539/2005/1
f 2550/2082/1470 2552/2011/1487 2551/2083/1471
f 2552/2011/1375 2554/2060/1429 2553/2084/1376
f 2554/2060/1430 2555/2085/1378 2553/2084/1380
f 2555/2085/1381 2558/2016/1431 2557/2015/1382
f 2558/2016/1384 2560/2087/1300 2559/2086/1385
f 2560/2087/1387 2562/1862/1432 2561/2088/1388
f 2562/1862/1433 2563/2020/1473 2561/2088/1391
f 2563/1864/1488 2565/2089/1475 2564/2091/1477
f 2555/2085/11 2554/2060/11 2552/2011/11
f 2552/2011/11 2550/2113/11 2565/2114/11
f 2565/2114/11 2563/2062/11 2562/1869/11
f 2562/1869/11 2560/2064/11 2558/2092/11
f 2558/2092/11 2555/2085/11 2552/2011/11
f 2552/2011/11 2565/2114/11 2562/1869/11
f 2565/2089/1489 2550/2082/1478 2566/2090/1480
f 2566/2093/1 2549/2065/1 2551/2066/1
f 2566/2093/1 2551/2066/1 2553/2084/1
f 2553/2084/1 2556/2067/1 2557/2026/1
f 2557/2026/1 2559/2068/1 2561/2027/1
f 2561/2027/1 2564/2115/1 2566/2093/1
f 2566/2093/1 2553/2084/1 2557/2026/1
f 2582/1877/1241 2575/1936/1304 2576/2094/1435
f 2576/2094/1435 2577/2031/1305 2578/1875/1243
f 2578/1875/1243 2579/1887/1436 2580/1876/1396
f 2580/1876/1396 2581/1937/1303 2582/1877/1241
f 2582/1877/1241 2576/2094/1435 2578/1875/1243
f 2567/1878/1259 2568/1883/1311 2576/2094/1260
f 2574/1881/1256 2567/1878/1310 2575/1959/1257
f 2568/1883/1262 2569/1885/1312 2577/2031/1263
f 2569/1885/1397 2570/1886/1313 2578/1875/1266
f 2570/1886/1247 2571/1888/1307 2579/1887/1248
f 2571/1888/1244 2572/1890/1306 2580/1889/1343
f 2572/1890/1250 2573/1938/1308 2581/2033/1251
f 2573/1892/1253 2574/1881/1309 2582/2030/1254
f 2599/2107/1490 2592/2106/1438 2591/1939/1439
f 2591/1940/1439 2592/2106/1438 2600/2109/1440
f 2596/2116/1441 2585/2096/1442 2597/2035/1399
f 2598/2117/1443 2589/1943/1444 2599/2118/1445
f 2600/2119/1446 2594/1946/1447 2601/2095/1401
f 2583/1947/1448 2596/2116/1441 2597/2035/1399
f 2597/2035/1399 2587/2102/1449 2598/2117/1443
f 2598/2117/1443 2599/2118/1445 2591/1895/1400
f 2591/1895/1400 2600/2119/1446 2601/2095/1401
f 2601/2095/1401 2583/1947/1448 2597/2035/1399
f 2597/2035/1399 2598/2117/1443 2591/1895/1400
f 2596/2097/1481 2583/2098/1450 2584/1897/1402
f 2584/1897/1402 2586/1905/1451 2585/2096/1403
f 2601/2099/1407 2594/2108/1452 2595/1965/1405
f 2595/1965/1405 2584/1897/1453 2583/2098/1406
f 2588/2101/11 2586/1905/11 2584/1897/11
f 2584/1897/11 2595/1965/11 2593/2100/11
f 2593/2100/11 2590/2105/11 2588/2101/11
f 2597/2035/1410 2585/2096/1454 2586/1905/1408
f 2586/1905/1408 2588/2101/1455 2587/2102/1409
f 2598/2104/1483 2587/2102/1456 2588/2101/1482
f 2588/2101/1482 2590/2105/1457 2589/2103/1412
f 2599/2107/1416 2589/2103/1458 2590/2105/1414
f 2590/2105/1414 2593/2100/1459 2592/2106/1415
f 2600/2109/1419 2592/2106/1460 2593/2100/1417
f 2593/2100/1417 2595/1965/1461 2594/2108/1418
f 2603/2120/1491 2604/2121/1492 2602/2122/1493
f 2603/2120/1494 2605/2123/1495 2604/2121/1496
f 2606/2124/1192 2607/2125/1193 2605/2123/1194
f 2608/2126/1195 2609/2127/1196 2607/2125/1193
f 2610/2128/1497 2611/2129/1498 2609/2127/1499
f 2612/2130/1500 2613/2131/1501 2611/2129/1502
f 2614/2132/1503 2615/2133/1504 2613/2131/1505
f 2616/2134/1506 2617/2135/1507 2615/2133/1504
f 2618/2136/1508 2619/2137/1509 2617/2138/1510
f 2614/2139/11 2610/2128/11 2606/2124/11
f 2620/2140/1511 2602/2122/1512 2619/2137/1509
f 2611/2141/1 2615/2142/1 2602/2143/1
f 2622/2144/1513 2623/2145/1514 2621/2146/1515
f 2622/2144/1516 2624/2147/1517 2623/2145/1518
f 2625/2148/1218 2626/2149/1519 2624/2147/1220
f 2627/2150/1520 2628/2151/1521 2626/2149/1519
f 2629/2152/1522 2630/2153/1523 2628/2151/1524
f 2631/2154/1525 2632/2155/1526 2630/2153/1527
f 2633/2156/1528 2634/2157/1529 2632/2155/1530
f 2635/2158/1531 2636/2159/1532 2634/2157/1529
f 2637/2160/1533 2638/2161/1534 2636/2162/1535
f 2633/2163/11 2629/2152/11 2625/2148/11
f 2639/2164/1536 2621/2146/1515 2638/2161/1534
f 2630/2165/1 2634/2166/1 2621/2167/1
f 2651/2168/1241 2653/2169/1242 2655/2170/1243
f 2640/2171/1537 2649/2172/1538 2648/2173/1539
f 2647/2174/1540 2648/2173/1541 2655/2175/1542
f 2641/2176/1543 2650/2177/1544 2649/2172/1545
f 2642/2178/1546 2651/2168/1547 2650/2177/1548
f 2643/2179/1549 2652/2180/1550 2651/2168/1551
f 2644/2181/1552 2653/2182/1553 2652/2180/1554
f 2645/2183/1555 2654/2184/1556 2653/2182/1557
f 2646/2185/1558 2655/2175/1559 2654/2186/1560
f 2670/2187/1268 2664/2188/1269 2674/2189/1270
f 2657/2190/1271 2658/2191/1272 2669/2192/1273
f 2668/2193/1561 2656/2194/1275 2674/2195/1276
f 2657/2190/11 2666/2196/11 2661/2197/11
f 2659/2198/1277 2660/2199/1278 2670/2187/1279
f 2661/2197/1280 2662/2200/1281 2671/2201/1282
f 2663/2202/1283 2665/2203/1284 2672/2204/1285
f 2666/2196/1286 2667/2205/1287 2673/2206/1288
f 2603/2120/1494 2606/2124/1289 2605/2123/1495
f 2606/2124/1192 2608/2126/1195 2607/2125/1193
f 2608/2126/1195 2610/2128/1290 2609/2127/1196
f 2610/2128/1497 2612/2130/1562 2611/2129/1498
f 2612/2130/1500 2614/2132/1484 2613/2131/1501
f 2614/2132/1503 2616/2134/1506 2615/2133/1504
f 2616/2134/1506 2618/2207/1563 2617/2135/1507
f 2618/2136/1508 2620/2140/1511 2619/2137/1509
f 2618/2208/11 2616/2209/11 2614/2139/11
f 2606/2124/11 2603/2210/11 2620/2211/11
f 2620/2211/11 2618/2208/11 2614/2139/11
f 2614/2139/11 2612/2212/11 2610/2128/11
f 2610/2128/11 2608/2126/11 2606/2124/11
f 2606/2124/11 2620/2211/11 2614/2139/11
f 2620/2140/1564 2603/2120/1491 2602/2122/1493
f 2605/2123/1 2607/2125/1 2609/2127/1
f 2617/2213/1 2619/2214/1 2602/2143/1
f 2602/2143/1 2604/2215/1 2605/2123/1
f 2605/2123/1 2609/2127/1 2611/2141/1
f 2611/2141/1 2613/2216/1 2615/2142/1
f 2615/2142/1 2617/2213/1 2602/2143/1
f 2602/2143/1 2605/2123/1 2611/2141/1
f 2622/2144/1516 2625/2148/1295 2624/2147/1517
f 2625/2148/1218 2627/2150/1520 2626/2149/1519
f 2627/2150/1520 2629/2152/1296 2628/2151/1521
f 2629/2152/1522 2631/2154/1565 2630/2153/1523
f 2631/2154/1525 2633/2156/1566 2632/2155/1526
f 2633/2156/1528 2635/2158/1531 2634/2157/1529
f 2635/2158/1531 2637/2217/1567 2636/2159/1532
f 2637/2160/1533 2639/2164/1536 2638/2161/1534
f 2637/2218/11 2635/2219/11 2633/2163/11
f 2625/2148/11 2622/2220/11 2639/2221/11
f 2639/2221/11 2637/2218/11 2633/2163/11
f 2633/2163/11 2631/2222/11 2629/2152/11
f 2629/2152/11 2627/2150/11 2625/2148/11
f 2625/2148/11 2639/2221/11 2633/2163/11
f 2639/2164/1536 2622/2144/1513 2621/2146/1515
f 2624/2147/1 2626/2149/1 2628/2151/1
f 2636/2223/1 2638/2224/1 2621/2167/1
f 2621/2167/1 2623/2225/1 2624/2147/1
f 2624/2147/1 2628/2151/1 2630/2165/1
f 2630/2165/1 2632/2226/1 2634/2166/1
f 2634/2166/1 2636/2223/1 2621/2167/1
f 2621/2167/1 2624/2147/1 2630/2165/1
f 2655/2170/1243 2648/2227/1436 2649/2172/1396
f 2649/2172/1396 2650/2177/1303 2651/2168/1241
f 2651/2168/1241 2652/2180/1304 2653/2169/1242
f 2653/2169/1242 2654/2228/1305 2655/2170/1243
f 2655/2170/1243 2649/2172/1396 2651/2168/1241
f 2640/2171/1537 2641/2176/1568 2649/2172/1538
f 2647/2174/1540 2640/2171/1569 2648/2173/1541
f 2641/2176/1543 2642/2178/1570 2650/2177/1544
f 2642/2178/1546 2643/2179/1571 2651/2168/1547
f 2643/2179/1549 2644/2181/1572 2652/2180/1550
f 2644/2181/1552 2645/2183/1573 2653/2182/1553
f 2645/2183/1555 2646/2229/1574 2654/2184/1556
f 2646/2185/1558 2647/2174/1575 2655/2175/1559
f 2672/2204/1314 2665/2203/1315 2664/2230/1316
f 2664/2231/1316 2665/2203/1315 2673/2206/1317
f 2669/2232/1318 2658/2191/1319 2670/2187/1268
f 2671/2233/1320 2662/2234/1576 2672/2235/1322
f 2673/2236/1323 2667/2237/1324 2674/2189/1270
f 2656/2238/1325 2669/2232/1318 2670/2187/1268
f 2670/2187/1268 2660/2199/1326 2671/2233/1320
f 2671/2233/1320 2672/2235/1322 2664/2188/1269
f 2664/2188/1269 2673/2236/1323 2674/2189/1270
f 2674/2189/1270 2656/2238/1325 2670/2187/1268
f 2670/2187/1268 2671/2233/1320 2664/2188/1269
f 2669/2192/1273 2656/2194/1348 2657/2190/1271
f 2657/2190/1271 2659/2198/1328 2658/2191/1272
f 2674/2195/1276 2667/2205/1349 2668/2193/1561
f 2668/2193/1561 2657/2190/1330 2656/2194/1275
f 2661/2197/11 2659/2198/11 2657/2190/11
f 2657/2190/11 2668/2193/11 2666/2196/11
f 2666/2196/11 2663/2202/11 2661/2197/11
f 2670/2187/1279 2658/2191/1331 2659/2198/1277
f 2659/2198/1277 2661/2197/1332 2660/2199/1278
f 2671/2201/1282 2660/2199/1577 2661/2197/1280
f 2661/2197/1280 2663/2202/1334 2662/2200/1281
f 2672/2204/1285 2662/2200/1335 2663/2202/1283
f 2663/2202/1283 2666/2196/1336 2665/2203/1284
f 2673/2206/1288 2665/2203/1337 2666/2196/1286
f 2666/2196/1286 2668/2193/1338 2667/2205/1287
f 2676/2239/1578 2677/2121/1492 2675/2240/1579
f 2676/2239/1494 2678/2241/1580 2677/2121/1496
f 2679/2242/1192 2680/2125/1193 2678/2241/1194
f 2681/2126/1195 2682/2243/1196 2680/2125/1193
f 2683/2244/1197 2684/2245/1198 2682/2243/1199
f 2685/2246/1200 2686/2247/1581 2684/2245/1198
f 2687/2248/1202 2688/2249/1203 2686/2247/1204
f 2689/2250/1205 2690/2251/1206 2688/2249/1203
f 2691/2252/1582 2692/2253/1583 2690/2254/1584
f 2689/2255/11 2683/2244/11 2679/2242/11
f 2693/2256/1585 2675/2240/1586 2692/2253/1587
f 2684/2257/1 2690/2258/1 2675/2259/1
f 2696/2260/1588 2697/2145/1514 2695/2261/1589
f 2696/2260/1590 2698/2262/1517 2697/2145/1518
f 2699/2263/1218 2700/2149/1219 2698/2262/1220
f 2701/2150/1221 2702/2264/1222 2700/2149/1219
f 2703/2265/1223 2704/2266/1224 2702/2264/1225
f 2705/2267/1226 2706/2268/1227 2704/2266/1224
f 2707/2269/1228 2708/2270/1229 2706/2268/1230
f 2709/2271/1231 2710/2272/1340 2708/2270/1229
f 2711/2273/1591 2712/2274/1592 2710/2275/1593
f 2709/2276/11 2703/2265/11 2699/2263/11
f 2713/2277/1594 2695/2261/1595 2712/2274/1596
f 2704/2278/1 2710/2279/1 2695/2280/1
f 2726/2281/1241 2728/2169/1435 2730/2170/1243
f 2715/2171/1537 2724/2282/1538 2723/2173/1539
f 2722/2174/1540 2723/2173/1541 2730/2283/1542
f 2716/2176/1543 2725/2177/1597 2724/2282/1598
f 2717/2178/1546 2726/2281/1547 2725/2177/1548
f 2718/2179/1549 2727/2284/1550 2726/2281/1599
f 2719/2181/1552 2728/2285/1553 2727/2284/1554
f 2720/2183/1555 2729/2286/1556 2728/2285/1557
f 2721/2185/1600 2730/2283/1559 2729/2287/1560
f 2745/2187/1268 2739/2188/1269 2749/2288/1270
f 2732/2190/1271 2733/2289/1272 2744/2290/1273
f 2743/2291/1561 2731/2292/1275 2749/2293/1276
f 2732/2190/11 2741/2196/11 2736/2294/11
f 2734/2198/1277 2735/2199/1278 2745/2187/1601
f 2736/2294/1280 2737/2295/1281 2746/2296/1282
f 2738/2202/1283 2740/2203/1284 2747/2297/1285
f 2741/2196/1286 2742/2205/1287 2748/2298/1288
f 2676/2239/1494 2679/2242/1289 2678/2241/1580
f 2679/2242/1192 2681/2126/1195 2680/2125/1193
f 2681/2126/1195 2683/2244/1290 2682/2243/1196
f 2683/2244/1197 2685/2246/1200 2684/2245/1198
f 2685/2246/1200 2687/2248/1291 2686/2247/1581
f 2687/2248/1202 2689/2250/1205 2688/2249/1203
f 2689/2250/1205 2691/2299/1292 2690/2251/1206
f 2691/2252/1582 2693/2256/1602 2692/2253/1583
f 2676/2300/11 2694/2301/11 2693/2302/11
f 2687/2303/11 2685/2304/11 2683/2244/11
f 2679/2242/11 2676/2300/11 2693/2302/11
f 2693/2302/11 2691/2305/11 2689/2255/11
f 2689/2255/11 2687/2303/11 2683/2244/11
f 2683/2244/11 2681/2126/11 2679/2242/11
f 2679/2242/11 2693/2302/11 2689/2255/11
f 2693/2256/1585 2694/2306/1603 2675/2240/1586
f 2694/2306/1604 2676/2239/1578 2675/2240/1579
f 2678/2241/1 2680/2125/1 2682/2243/1
f 2686/2307/1 2688/2308/1 2690/2258/1
f 2675/2259/1 2677/2215/1 2678/2241/1
f 2678/2241/1 2682/2243/1 2684/2257/1
f 2684/2257/1 2686/2307/1 2690/2258/1
f 2690/2258/1 2692/2309/1 2675/2259/1
f 2675/2259/1 2678/2241/1 2684/2257/1
f 2696/2260/1590 2699/2263/1605 2698/2262/1517
f 2699/2263/1218 2701/2150/1221 2700/2149/1219
f 2701/2150/1221 2703/2265/1296 2702/2264/1222
f 2703/2265/1223 2705/2267/1226 2704/2266/1224
f 2705/2267/1226 2707/2269/1297 2706/2268/1227
f 2707/2269/1228 2709/2271/1231 2708/2270/1229
f 2709/2271/1231 2711/2310/1298 2710/2272/1340
f 2711/2273/1591 2713/2277/1606 2712/2274/1592
f 2696/2311/11 2714/2312/11 2713/2313/11
f 2707/2314/11 2705/2315/11 2703/2265/11
f 2699/2263/11 2696/2311/11 2713/2313/11
f 2713/2313/11 2711/2316/11 2709/2276/11
f 2709/2276/11 2707/2314/11 2703/2265/11
f 2703/2265/11 2701/2150/11 2699/2263/11
f 2699/2263/11 2713/2313/11 2709/2276/11
f 2713/2277/1594 2714/2317/1607 2695/2261/1595
f 2714/2317/1608 2696/2260/1588 2695/2261/1589
f 2698/2262/1 2700/2149/1 2702/2264/1
f 2706/2318/1 2708/2319/1 2710/2279/1
f 2695/2280/1 2697/2225/1 2698/2262/1
f 2698/2262/1 2702/2264/1 2704/2278/1
f 2704/2278/1 2706/2318/1 2710/2279/1
f 2710/2279/1 2712/2320/1 2695/2280/1
f 2695/2280/1 2698/2262/1 2704/2278/1
f 2730/2170/1243 2723/2227/1301 2724/2282/1396
f 2724/2282/1396 2725/2177/1303 2726/2281/1241
f 2726/2281/1241 2727/2284/1304 2728/2169/1435
f 2728/2169/1435 2729/2228/1305 2730/2170/1243
f 2730/2170/1243 2724/2282/1396 2726/2281/1241
f 2715/2171/1537 2716/2176/1568 2724/2282/1538
f 2722/2174/1540 2715/2171/1569 2723/2173/1541
f 2716/2176/1543 2717/2178/1570 2725/2177/1597
f 2717/2178/1546 2718/2179/1571 2726/2281/1547
f 2718/2179/1549 2719/2181/1572 2727/2284/1550
f 2719/2181/1552 2720/2183/1573 2728/2285/1553
f 2720/2183/1555 2721/2229/1574 2729/2286/1556
f 2721/2185/1600 2722/2174/1575 2730/2283/1559
f 2747/2297/1314 2740/2203/1609 2739/2230/1346
f 2739/2231/1346 2740/2203/1609 2748/2298/1347
f 2744/2321/1318 2733/2289/1319 2745/2187/1268
f 2746/2322/1320 2737/2234/1321 2747/2323/1322
f 2748/2324/1323 2742/2237/1324 2749/2288/1270
f 2731/2238/1325 2744/2321/1318 2745/2187/1268
f 2745/2187/1268 2735/2199/1326 2746/2322/1320
f 2746/2322/1320 2747/2323/1322 2739/2188/1269
f 2739/2188/1269 2748/2324/1323 2749/2288/1270
f 2749/2288/1270 2731/2238/1325 2745/2187/1268
f 2745/2187/1268 2746/2322/1320 2739/2188/1269
f 2744/2290/1273 2731/2292/1348 2732/2190/1271
f 2732/2190/1271 2734/2198/1328 2733/2289/1272
f 2749/2293/1276 2742/2205/1349 2743/2291/1561
f 2743/2291/1561 2732/2190/1330 2731/2292/1275
f 2736/2294/11 2734/2198/11 2732/2190/11
f 2732/2190/11 2743/2291/11 2741/2196/11
f 2741/2196/11 2738/2202/11 2736/2294/11
f 2745/2187/1601 2733/2289/1331 2734/2198/1277
f 2734/2198/1277 2736/2294/1332 2735/2199/1278
f 2746/2296/1282 2735/2199/1333 2736/2294/1280
f 2736/2294/1280 2738/2202/1334 2737/2295/1281
f 2747/2297/1285 2737/2295/1335 2738/2202/1283
f 2738/2202/1283 2741/2196/1336 2740/2203/1284
f 2748/2298/1288 2740/2203/1337 2741/2196/1286
f 2741/2196/1286 2743/2291/1338 2742/2205/1287
f 2751/2239/1578 2752/2121/1492 2750/2325/1579
f 2751/2239/1494 2753/2326/1580 2752/2121/1496
f 2754/2242/1192 2755/2125/1193 2753/2326/1194
f 2756/2126/1195 2757/2327/1196 2755/2125/1193
f 2758/2244/1197 2759/2245/1198 2757/2327/1199
f 2760/2246/1200 2761/2247/1581 2759/2245/1198
f 2762/2328/1202 2763/2249/1203 2761/2247/1204
f 2764/2250/1205 2765/2329/1206 2763/2249/1203
f 2766/2252/1582 2767/2330/1583 2765/2254/1584
f 2764/2255/11 2758/2244/11 2754/2242/11
f 2768/2331/1610 2750/2325/1586 2767/2330/1587
f 2759/2257/1 2765/2332/1 2750/2333/1
f 2771/2334/1588 2772/2145/1611 2770/2335/1589
f 2771/2334/1590 2773/2336/1517 2772/2145/1518
f 2774/2337/1218 2775/2149/1219 2773/2336/1220
f 2776/2150/1221 2777/2338/1521 2775/2149/1219
f 2778/2339/1223 2779/2266/1224 2777/2338/1225
f 2780/2267/1226 2781/2268/1227 2779/2266/1224
f 2782/2340/1612 2783/2270/1229 2781/2268/1230
f 2784/2271/1231 2785/2341/1340 2783/2270/1229
f 2786/2273/1591 2787/2342/1613 2785/2275/1593
f 2784/2276/11 2778/2339/11 2774/2337/11
f 2788/2343/1594 2770/2335/1595 2787/2342/1596
f 2779/2278/1 2785/2344/1 2770/2345/1
f 2801/2281/1241 2803/2169/1435 2805/2170/1243
f 2790/2171/1537 2799/2282/1538 2798/2173/1539
f 2797/2174/1540 2798/2173/1541 2805/2283/1614
f 2791/2176/1543 2800/2346/1597 2799/2282/1598
f 2792/2178/1546 2801/2281/1547 2800/2346/1548
f 2793/2179/1549 2802/2284/1550 2801/2281/1599
f 2794/2181/1552 2803/2285/1553 2802/2284/1554
f 2795/2183/1555 2804/2184/1556 2803/2285/1557
f 2796/2185/1600 2805/2283/1559 2804/2186/1560
f 2820/2347/1268 2814/2188/1269 2824/2348/1270
f 2807/2349/1271 2808/2191/1272 2819/2290/1273
f 2818/2350/1274 2806/2351/1275 2824/2352/1276
f 2807/2349/11 2816/2353/11 2811/2197/11
f 2809/2354/1277 2810/2355/1278 2820/2347/1279
f 2811/2197/1280 2812/2356/1281 2821/2357/1282
f 2813/2358/1283 2815/2359/1284 2822/2360/1285
f 2816/2353/1344 2817/2361/1287 2823/2362/1288
f 2751/2239/1494 2754/2242/1289 2753/2326/1580
f 2754/2242/1192 2756/2126/1195 2755/2125/1193
f 2756/2126/1195 2758/2244/1290 2757/2327/1196
f 2758/2244/1197 2760/2246/1200 2759/2245/1198
f 2760/2246/1200 2762/2328/1291 2761/2247/1581
f 2762/2328/1202 2764/2250/1205 2763/2249/1203
f 2764/2250/1205 2766/2363/1292 2765/2329/1206
f 2766/2252/1582 2768/2331/1602 2767/2330/1583
f 2751/2364/11 2769/2301/11 2768/2302/11
f 2762/2303/11 2760/2304/11 2758/2244/11
f 2754/2242/11 2751/2364/11 2768/2302/11
f 2768/2302/11 2766/2365/11 2764/2255/11
f 2764/2255/11 2762/2303/11 2758/2244/11
f 2758/2244/11 2756/2126/11 2754/2242/11
f 2754/2242/11 2768/2302/11 2764/2255/11
f 2768/2331/1610 2769/2306/1603 2750/2325/1586
f 2769/2306/1604 2751/2239/1578 2750/2325/1579
f 2753/2326/1 2755/2125/1 2757/2327/1
f 2761/2307/1 2763/2308/1 2765/2332/1
f 2750/2333/1 2752/2215/1 2753/2326/1
f 2753/2326/1 2757/2327/1 2759/2257/1
f 2759/2257/1 2761/2307/1 2765/2332/1
f 2765/2332/1 2767/2309/1 2750/2333/1
f 2750/2333/1 2753/2326/1 2759/2257/1
f 2771/2334/1590 2774/2337/1615 2773/2336/1517
f 2774/2337/1218 2776/2150/1221 2775/2149/1219
f 2776/2150/1221 2778/2339/1296 2777/2338/1521
f 2778/2339/1223 2780/2267/1226 2779/2266/1224
f 2780/2267/1226 2782/2340/1297 2781/2268/1227
f 2782/2340/1612 2784/2271/1231 2783/2270/1229
f 2784/2271/1231 2786/2366/1298 2785/2341/1340
f 2786/2273/1591 2788/2343/1606 2787/2342/1613
f 2771/2367/11 2789/2312/11 2788/2368/11
f 2782/2369/11 2780/2315/11 2778/2339/11
f 2774/2337/11 2771/2367/11 2788/2368/11
f 2788/2368/11 2786/2370/11 2784/2276/11
f 2784/2276/11 2782/2369/11 2778/2339/11
f 2778/2339/11 2776/2150/11 2774/2337/11
f 2774/2337/11 2788/2368/11 2784/2276/11
f 2788/2343/1594 2789/2317/1607 2770/2335/1595
f 2789/2317/1608 2771/2334/1588 2770/2335/1589
f 2773/2336/1 2775/2149/1 2777/2338/1
f 2781/2318/1 2783/2319/1 2785/2344/1
f 2770/2345/1 2772/2225/1 2773/2336/1
f 2773/2336/1 2777/2338/1 2779/2278/1
f 2779/2278/1 2781/2318/1 2785/2344/1
f 2785/2344/1 2787/2371/1 2770/2345/1
f 2770/2345/1 2773/2336/1 2779/2278/1
f 2805/2170/1243 2798/2227/1436 2799/2282/1396
f 2799/2282/1396 2800/2346/1303 2801/2281/1241
f 2801/2281/1241 2802/2284/1304 2803/2169/1435
f 2803/2169/1435 2804/2228/1305 2805/2170/1243
f 2805/2170/1243 2799/2282/1396 2801/2281/1241
f 2790/2171/1537 2791/2176/1568 2799/2282/1538
f 2797/2174/1540 2790/2171/1569 2798/2173/1541
f 2791/2176/1543 2792/2178/1570 2800/2346/1597
f 2792/2178/1546 2793/2179/1571 2801/2281/1547
f 2793/2179/1549 2794/2181/1572 2802/2284/1550
f 2794/2181/1552 2795/2183/1573 2803/2285/1553
f 2795/2183/1555 2796/2229/1574 2804/2184/1556
f 2796/2185/1600 2797/2174/1575 2805/2283/1559
f 2822/2360/1314 2815/2359/1345 2814/2230/1346
f 2814/2231/1346 2815/2359/1345 2823/2362/1616
f 2819/2321/1318 2808/2191/1319 2820/2347/1268
f 2821/2372/1320 2812/2234/1321 2822/2373/1322
f 2823/2374/1323 2817/2237/1324 2824/2348/1270
f 2806/2238/1325 2819/2321/1318 2820/2347/1268
f 2820/2347/1268 2810/2355/1326 2821/2372/1320
f 2821/2372/1320 2822/2373/1322 2814/2188/1269
f 2814/2188/1269 2823/2374/1323 2824/2348/1270
f 2824/2348/1270 2806/2238/1325 2820/2347/1268
f 2820/2347/1268 2821/2372/1320 2814/2188/1269
f 2819/2290/1273 2806/2351/1348 2807/2349/1271
f 2807/2349/1271 2809/2354/1328 2808/2191/1272
f 2824/2352/1276 2817/2361/1349 2818/2350/1274
f 2818/2350/1274 2807/2349/1330 2806/2351/1275
f 2811/2197/11 2809/2354/11 2807/2349/11
f 2807/2349/11 2818/2350/11 2816/2353/11
f 2816/2353/11 2813/2358/11 2811/2197/11
f 2820/2347/1279 2808/2191/1331 2809/2354/1277
f 2809/2354/1277 2811/2197/1332 2810/2355/1278
f 2821/2357/1282 2810/2355/1333 2811/2197/1280
f 2811/2197/1280 2813/2358/1334 2812/2356/1281
f 2822/2360/1285 2812/2356/1335 2813/2358/1283
f 2813/2358/1283 2816/2353/1336 2815/2359/1284
f 2823/2362/1288 2815/2359/1337 2816/2353/1344
f 2816/2353/1344 2818/2350/1338 2817/2361/1287
f 2826/2239/1578 2827/2121/1492 2825/2325/1579
f 2826/2239/1494 2828/2375/1580 2827/2121/1496
f 2829/2242/1192 2830/2125/1193 2828/2375/1194
f 2831/2126/1195 2832/2376/1196 2830/2125/1193
f 2833/2377/1617 2834/2378/1618 2832/2376/1499
f 2836/2379/1619 2837/2380/1620 2834/2378/1621
f 2836/2379/1622 2838/2381/1623 2837/2380/1624
f 2839/2382/1625 2840/2135/1626 2838/2381/1627
f 2841/2252/1628 2842/2330/1629 2840/2254/1626
f 2839/2383/11 2833/2377/11 2829/2242/11
f 2843/2256/1630 2825/2325/1586 2842/2330/1587
f 2834/2384/1 2838/2385/1 2825/2386/1
f 2846/2387/1588 2847/2145/1611 2845/2388/1589
f 2846/2387/1590 2848/2389/1517 2847/2145/1518
f 2849/2390/1218 2850/2149/1519 2848/2389/1220
f 2851/2150/1221 2852/2391/1521 2850/2149/1519
f 2853/2392/1631 2854/2393/1632 2852/2391/1633
f 2856/2394/1634 2857/2395/1635 2854/2393/1636
f 2856/2394/1637 2858/2396/1638 2857/2395/1639
f 2859/2397/1640 2860/2159/1641 2858/2396/1642
f 2861/2273/1643 2862/2342/1644 2860/2275/1641
f 2859/2398/11 2853/2392/11 2849/2390/11
f 2863/2399/1594 2845/2388/1595 2862/2342/1596
f 2854/2400/1 2858/2401/1 2845/2402/1
f 2876/2403/1241 2878/2169/1435 2880/2170/1243
f 2865/2171/1537 2874/2282/1538 2873/2173/1539
f 2872/2174/1540 2873/2173/1541 2880/2283/1614
f 2866/2176/1543 2875/2346/1597 2874/2282/1598
f 2867/2178/1546 2876/2403/1547 2875/2346/1548
f 2868/2179/1549 2877/2284/1550 2876/2403/1599
f 2869/2181/1552 2878/2285/1553 2877/2284/1554
f 2870/2183/1555 2879/2184/1556 2878/2285/1557
f 2871/2185/1600 2880/2283/1559 2879/2186/1560
f 2895/2404/1268 2889/2188/1269 2899/2405/1270
f 2882/2190/1271 2883/2406/1272 2894/2407/1273
f 2893/2408/1561 2881/2409/1275 2899/2410/1276
f 2882/2190/11 2891/2353/11 2886/2294/11
f 2884/2198/1277 2885/2411/1278 2895/2404/1279
f 2886/2294/1645 2887/2412/1281 2896/2357/1282
f 2888/2358/1283 2890/2359/1284 2897/2413/1285
f 2891/2353/1344 2892/2414/1287 2898/2415/1288
f 2826/2239/1494 2829/2242/1289 2828/2375/1580
f 2829/2242/1192 2831/2126/1195 2830/2125/1193
f 2831/2126/1195 2833/2377/1290 2832/2376/1196
f 2833/2377/1617 2835/2246/1646 2834/2378/1618
f 2835/2246/1647 2836/2379/1619 2834/2378/1621
f 2836/2379/1622 2839/2382/1648 2838/2381/1623
f 2839/2382/1625 2841/2207/1628 2840/2135/1626
f 2841/2252/1628 2843/2256/1649 2842/2330/1629
f 2826/2416/11 2844/2301/11 2843/2302/11
f 2836/2417/11 2835/2304/11 2833/2377/11
f 2829/2242/11 2826/2416/11 2843/2302/11
f 2843/2302/11 2841/2418/11 2839/2383/11
f 2839/2383/11 2836/2417/11 2833/2377/11
f 2833/2377/11 2831/2126/11 2829/2242/11
f 2829/2242/11 2843/2302/11 2839/2383/11
f 2843/2256/1630 2844/2306/1603 2825/2325/1586
f 2844/2306/1604 2826/2239/1578 2825/2325/1579
f 2828/2375/1 2830/2125/1 2832/2376/1
f 2838/2385/1 2840/2419/1 2842/2309/1
f 2825/2386/1 2827/2215/1 2828/2375/1
f 2828/2375/1 2832/2376/1 2834/2384/1
f 2834/2384/1 2837/2420/1 2838/2385/1
f 2838/2385/1 2842/2309/1 2825/2386/1
f 2825/2386/1 2828/2375/1 2834/2384/1
f 2846/2387/1590 2849/2390/1615 2848/2389/1517
f 2849/2390/1218 2851/2150/1221 2850/2149/1519
f 2851/2150/1221 2853/2392/1296 2852/2391/1521
f 2853/2392/1631 2855/2267/1650 2854/2393/1632
f 2855/2267/1651 2856/2394/1634 2854/2393/1636
f 2856/2394/1637 2859/2397/1652 2858/2396/1638
f 2859/2397/1640 2861/2217/1643 2860/2159/1641
f 2861/2273/1643 2863/2399/1653 2862/2342/1644
f 2846/2421/11 2864/2312/11 2863/2422/11
f 2856/2423/11 2855/2315/11 2853/2392/11
f 2849/2390/11 2846/2421/11 2863/2422/11
f 2863/2422/11 2861/2424/11 2859/2398/11
f 2859/2398/11 2856/2423/11 2853/2392/11
f 2853/2392/11 2851/2150/11 2849/2390/11
f 2849/2390/11 2863/2422/11 2859/2398/11
f 2863/2399/1594 2864/2317/1607 2845/2388/1595
f 2864/2317/1608 2846/2387/1588 2845/2388/1589
f 2848/2389/1 2850/2149/1 2852/2391/1
f 2858/2401/1 2860/2425/1 2862/2371/1
f 2845/2402/1 2847/2225/1 2848/2389/1
f 2848/2389/1 2852/2391/1 2854/2400/1
f 2854/2400/1 2857/2426/1 2858/2401/1
f 2858/2401/1 2862/2371/1 2845/2402/1
f 2845/2402/1 2848/2389/1 2854/2400/1
f 2880/2170/1243 2873/2227/1436 2874/2282/1396
f 2874/2282/1396 2875/2346/1303 2876/2403/1241
f 2876/2403/1241 2877/2284/1304 2878/2169/1435
f 2878/2169/1435 2879/2228/1305 2880/2170/1243
f 2880/2170/1243 2874/2282/1396 2876/2403/1241
f 2865/2171/1537 2866/2176/1568 2874/2282/1538
f 2872/2174/1540 2865/2171/1569 2873/2173/1541
f 2866/2176/1543 2867/2178/1570 2875/2346/1597
f 2867/2178/1546 2868/2179/1571 2876/2403/1547
f 2868/2179/1549 2869/2181/1572 2877/2284/1550
f 2869/2181/1552 2870/2183/1573 2878/2285/1553
f 2870/2183/1555 2871/2229/1574 2879/2184/1556
f 2871/2185/1600 2872/2174/1575 2880/2283/1559
f 2897/2413/1654 2890/2359/1655 2889/2230/1656
f 2889/2231/1656 2890/2359/1655 2898/2415/1657
f 2894/2427/1318 2883/2406/1658 2895/2404/1268
f 2896/2372/1320 2887/2234/1576 2897/2428/1322
f 2898/2236/1323 2892/2237/1324 2899/2405/1270
f 2881/2238/1325 2894/2427/1318 2895/2404/1268
f 2895/2404/1268 2885/2411/1326 2896/2372/1320
f 2896/2372/1320 2897/2428/1322 2889/2188/1269
f 2889/2188/1269 2898/2236/1323 2899/2405/1270
f 2899/2405/1270 2881/2238/1325 2895/2404/1268
f 2895/2404/1268 2896/2372/1320 2889/2188/1269
f 2894/2407/1273 2881/2409/1348 2882/2190/1271
f 2882/2190/1271 2884/2198/1328 2883/2406/1272
f 2899/2410/1276 2892/2414/1349 2893/2408/1561
f 2893/2408/1561 2882/2190/1330 2881/2409/1275
f 2886/2294/11 2884/2198/11 2882/2190/11
f 2882/2190/11 2893/2408/11 2891/2353/11
f 2891/2353/11 2888/2358/11 2886/2294/11
f 2895/2404/1279 2883/2406/1659 2884/2198/1277
f 2884/2198/1277 2886/2294/1332 2885/2411/1278
f 2896/2357/1282 2885/2411/1333 2886/2294/1645
f 2886/2294/1645 2888/2358/1334 2887/2412/1281
f 2897/2413/1285 2887/2412/1335 2888/2358/1283
f 2888/2358/1283 2891/2353/1336 2890/2359/1284
f 2898/2415/1288 2890/2359/1337 2891/2353/1344
f 2891/2353/1344 2893/2408/1338 2892/2414/1287
f 2904/2429/7 2901/2430/7 2905/2431/7
f 2917/2432/4 2942/2433/4 2940/2434/4
f 2914/2435/2 2941/2436/2 2943/2437/2
f 2927/2438/7 2946/2439/7 2931/2440/7
f 2904/2429/1660 2951/2441/1660 2948/2442/1660
f 2906/2443/1661 2955/2444/1661 2952/2445/1661
f 2944/2446/4 2933/2447/4 2932/2448/4
f 2937/2449/4 2916/2450/4 2919/2451/4
f 2915/2452/6 2914/2453/6 2945/2454/6
f 2936/2455/6 2913/2456/6 2912/2457/6
f 2915/2458/2 2926/2459/2 2911/2460/2
f 2945/2461/11 2941/2436/11 2946/2462/11
f 2944/2463/11 2940/2434/11 2942/2433/11
f 2947/2464/7 2920/2465/7 2924/2466/7
f 2953/2467/1662 2909/2468/1662 2907/2469/1662
f 2954/2470/7 2957/2471/7 2958/2472/7
f 2949/2473/1660 2903/2474/1660 2902/2475/1660
f 2949/2473/7 2962/2476/7 2950/2477/7
f 2957/2471/1661 2959/2478/1661 2958/2472/1661
f 2955/2444/6 2956/2479/6 2952/2445/6
f 2927/2480/1 2938/2481/1 2958/2482/1
f 2960/2483/1660 2962/2476/1660 2961/2484/1660
f 2948/2442/6 2963/2485/6 2960/2483/6
f 2920/2486/1 2960/2487/1 2936/2488/1
f 2935/2489/1663 2938/2490/1664 2945/2454/1665
f 2900/2491/7 2925/2492/7 2908/2493/7
f 2932/2448/6 2902/2475/6 2903/2474/6
f 2947/2464/4 2918/2494/4 2920/2465/4
f 2944/2463/4 2901/2495/4 2947/2496/4
f 2925/2492/1666 2946/2439/1667 2927/2438/1668
f 2900/2497/1669 2935/2498/1670 2945/2461/1671
f 2965/2430/6 2968/2429/6 2969/2431/6
f 3006/2433/4 2981/2432/4 3004/2434/4
f 3005/2436/2 2978/2435/2 3007/2437/2
f 2994/2499/6 3010/2439/6 2991/2438/6
f 3015/2441/1660 2968/2429/1660 3012/2442/1660
f 3019/2444/1661 2970/2443/1661 3016/2445/1661
f 3008/2446/4 2997/2447/4 3000/2455/4
f 2980/2450/4 3001/2449/4 2983/2451/4
f 2990/2459/2 2979/2458/2 2975/2460/2
f 3005/2436/11 3009/2461/11 3010/2462/11
f 3008/2463/11 3004/2434/11 3011/2496/11
f 2987/2500/6 2984/2465/6 3011/2464/6
f 2973/2468/1661 3017/2467/1672 2971/2469/1672
f 3018/2470/6 3021/2471/6 3017/2467/6
f 2967/2474/1660 3013/2473/1660 2966/2475/1660
f 3026/2476/6 3013/2473/6 3014/2477/6
f 3022/2472/1661 3020/2479/1661 3021/2471/1661
f 3020/2479/7 3019/2444/7 3016/2445/7
f 3023/2501/1 3002/2481/1 2991/2480/1
f 3026/2476/1660 3024/2483/1660 3025/2484/1660
f 3012/2442/7 3027/2485/7 3015/2441/7
f 3000/2488/1 3024/2487/1 2984/2486/1
f 3002/2490/1673 2999/2489/1674 3009/2454/1675
f 2999/2489/7 2998/2502/7 2973/2468/7
f 2966/2475/7 2996/2448/7 2967/2474/7
f 2982/2494/4 3011/2464/4 2984/2465/4
f 2965/2495/4 3008/2463/4 3011/2496/4
f 2989/2492/1676 3010/2439/1677 2964/2503/1678
f 3009/2461/1675 2999/2498/1674 2964/2504/1679
f 3029/2430/7 3032/2429/7 3033/2431/7
f 3070/2433/2 3045/2432/2 3068/2434/2
f 3069/2436/4 3042/2435/4 3071/2437/4
f 3058/2499/7 3074/2439/7 3055/2438/7
f 3079/2441/1661 3032/2429/1661 3076/2442/1661
f 3083/2444/1660 3034/2443/1660 3080/2445/1660
f 3072/2446/2 3061/2447/2 3064/2455/2
f 3044/2450/2 3065/2449/2 3047/2451/2
f 3054/2459/4 3043/2458/4 3039/2460/4
f 3069/2436/11 3073/2461/11 3074/2462/11
f 3072/2463/11 3068/2434/11 3075/2496/11
f 3051/2500/7 3048/2465/7 3075/2464/7
f 3037/2468/1660 3081/2467/1680 3035/2469/1680
f 3082/2470/7 3085/2471/7 3081/2467/7
f 3031/2474/1661 3077/2473/1661 3030/2475/1661
f 3090/2476/7 3077/2473/7 3078/2477/7
f 3086/2472/1660 3084/2479/1660 3085/2471/1660
f 3084/2479/6 3083/2444/6 3080/2445/6
f 3087/2501/1 3066/2481/1 3055/2480/1
f 3090/2476/1661 3088/2483/1661 3089/2484/1661
f 3076/2442/6 3091/2485/6 3079/2441/6
f 3064/2488/1 3088/2487/1 3048/2486/1
f 3066/2490/1681 3063/2489/1682 3073/2454/1683
f 3063/2489/6 3062/2502/6 3037/2468/6
f 3030/2475/6 3060/2448/6 3031/2474/6
f 3046/2494/2 3075/2464/2 3048/2465/2
f 3029/2495/2 3072/2463/2 3075/2496/2
f 3053/2492/1684 3074/2439/1685 3028/2503/1686
f 3073/2461/1683 3063/2498/1682 3028/2504/1687
f 3096/2429/6 3093/2430/6 3097/2431/6
f 3109/2432/2 3134/2433/2 3132/2434/2
f 3106/2435/4 3133/2436/4 3135/2437/4
f 3119/2438/6 3138/2439/6 3123/2440/6
f 3096/2429/1661 3143/2441/1661 3140/2442/1661
f 3098/2443/1660 3147/2444/1660 3144/2445/1660
f 3136/2446/2 3125/2447/2 3124/2448/2
f 3129/2449/2 3108/2450/2 3111/2451/2
f 3107/2452/7 3106/2453/7 3137/2454/7
f 3128/2455/7 3105/2456/7 3104/2457/7
f 3107/2458/4 3118/2459/4 3103/2460/4
f 3137/2461/11 3133/2436/11 3138/2462/11
f 3136/2463/11 3132/2434/11 3134/2433/11
f 3139/2464/6 3112/2465/6 3116/2466/6
f 3145/2467/1688 3101/2468/1688 3099/2469/1688
f 3146/2470/6 3149/2471/6 3150/2472/6
f 3141/2473/1661 3095/2474/1661 3094/2475/1661
f 3141/2473/6 3154/2476/6 3142/2477/6
f 3149/2471/1660 3151/2478/1660 3150/2472/1660
f 3147/2444/7 3148/2479/7 3144/2445/7
f 3119/2480/1 3130/2481/1 3150/2482/1
f 3152/2483/1661 3154/2476/1661 3153/2484/1661
f 3140/2442/7 3155/2485/7 3152/2483/7
f 3112/2486/1 3152/2487/1 3128/2488/1
f 3127/2489/1689 3130/2490/1690 3137/2454/1691
f 3092/2491/6 3117/2492/6 3100/2493/6
f 3124/2448/7 3094/2475/7 3095/2474/7
f 3139/2464/2 3110/2494/2 3112/2465/2
f 3136/2463/2 3093/2495/2 3139/2496/2
f 3117/2492/1692 3138/2439/1693 3119/2438/1694
f 3092/2497/1695 3127/2498/1696 3137/2461/1697
f 2904/2429/7 2918/2494/7 2901/2430/7
f 2917/2432/4 2913/2505/4 2942/2433/4
f 2914/2435/2 2910/2506/2 2941/2436/2
f 2911/2507/7 2926/2508/7 2927/2438/7
f 2946/2439/7 2941/2436/7 2910/2506/7
f 2910/2506/7 2928/2509/7 2930/2499/7
f 2931/2440/7 2929/2510/7 2911/2507/7
f 2946/2439/7 2910/2506/7 2930/2499/7
f 2931/2440/7 2911/2507/7 2927/2438/7
f 2946/2439/7 2930/2499/7 2931/2440/7
f 2904/2429/1660 2905/2431/1660 2951/2441/1660
f 2906/2443/1661 2908/2493/1661 2955/2444/1661
f 2944/2446/4 2936/2455/4 2933/2447/4
f 2937/2449/4 2912/2511/4 2916/2450/4
f 2945/2454/6 2938/2490/6 2939/2512/6
f 2945/2454/6 2939/2512/6 2915/2452/6
f 2914/2453/6 2943/2513/6 2945/2454/6
f 2912/2457/6 2937/2514/6 2936/2455/6
f 2936/2455/6 2944/2446/6 2942/2515/6
f 2936/2455/6 2942/2515/6 2913/2456/6
f 2915/2458/2 2939/2516/2 2926/2459/2
f 2945/2461/11 2943/2437/11 2941/2436/11
f 2944/2463/11 2947/2496/11 2940/2434/11
f 2917/2432/7 2940/2434/7 2947/2464/7
f 2920/2465/7 2919/2517/7 2916/2518/7
f 2916/2518/7 2921/2519/7 2923/2500/7
f 2924/2466/7 2922/2520/7 2917/2432/7
f 2920/2465/7 2916/2518/7 2923/2500/7
f 2924/2466/7 2917/2432/7 2947/2464/7
f 2920/2465/7 2923/2500/7 2924/2466/7
f 2953/2467/1661 2954/2470/1661 2909/2468/1661
f 2954/2470/7 2953/2467/7 2957/2471/7
f 2949/2473/1660 2950/2477/1660 2903/2474/1660
f 2949/2473/7 2961/2484/7 2962/2476/7
f 2957/2471/1661 2956/2479/1661 2959/2478/1661
f 2955/2444/6 2959/2478/6 2956/2479/6
f 2959/2501/1 2955/2521/1 2908/2493/1
f 2908/2493/1 2925/2492/1 2927/2480/1
f 2927/2480/1 2926/2459/1 2939/2516/1
f 2938/2481/1 2934/2522/1 2909/2523/1
f 2927/2480/1 2939/2516/1 2938/2481/1
f 2959/2501/1 2908/2493/1 2927/2480/1
f 2909/2523/1 2954/2524/1 2958/2482/1
f 2958/2482/1 2959/2501/1 2927/2480/1
f 2938/2481/1 2909/2523/1 2958/2482/1
f 2960/2483/1660 2963/2485/1660 2962/2476/1660
f 2948/2442/6 2951/2441/6 2963/2485/6
f 2936/2488/1 2937/2449/1 2919/2451/1
f 2920/2486/1 2918/2494/1 2904/2429/1
f 2936/2488/1 2919/2451/1 2920/2486/1
f 2902/2525/1 2933/2526/1 2936/2488/1
f 2961/2527/1 2949/2528/1 2902/2525/1
f 2904/2429/1 2948/2529/1 2960/2487/1
f 2961/2527/1 2902/2525/1 2936/2488/1
f 2920/2486/1 2904/2429/1 2960/2487/1
f 2960/2487/1 2961/2527/1 2936/2488/1
f 2935/2489/1663 2934/2502/1698 2938/2490/1664
f 2935/2489/6 2907/2469/6 2909/2468/6
f 2909/2468/6 2934/2502/6 2935/2489/6
f 2908/2493/7 2906/2443/7 2900/2491/7
f 2932/2448/6 2933/2447/6 2902/2475/6
f 2947/2464/4 2901/2430/4 2918/2494/4
f 2944/2463/4 2932/2530/4 2901/2495/4
f 2925/2492/1666 2900/2491/1669 2946/2439/1667
f 2945/2461/1671 2946/2462/1667 2900/2497/1669
f 2965/2430/6 2982/2494/6 2968/2429/6
f 3006/2433/4 2977/2505/4 2981/2432/4
f 3005/2436/2 2974/2506/2 2978/2435/2
f 2991/2438/6 2990/2508/6 2975/2507/6
f 2975/2507/6 2993/2510/6 2995/2440/6
f 2994/2499/6 2992/2509/6 2974/2506/6
f 2991/2438/6 2975/2507/6 2995/2440/6
f 2994/2499/6 2974/2506/6 3005/2436/6
f 2991/2438/6 2995/2440/6 2994/2499/6
f 2994/2499/6 3005/2436/6 3010/2439/6
f 3015/2441/1660 2969/2431/1660 2968/2429/1660
f 3019/2444/1661 2972/2493/1661 2970/2443/1661
f 3008/2446/4 2996/2448/4 2997/2447/4
f 2980/2450/4 2976/2511/4 3001/2449/4
f 3003/2512/7 3002/2490/7 3009/2454/7
f 3009/2454/7 3007/2513/7 2978/2453/7
f 2979/2452/7 3003/2512/7 3009/2454/7
f 3009/2454/7 2978/2453/7 2979/2452/7
f 3000/2455/7 3001/2514/7 2976/2457/7
f 3006/2515/7 3008/2446/7 3000/2455/7
f 2977/2456/7 3006/2515/7 3000/2455/7
f 3000/2455/7 2976/2457/7 2977/2456/7
f 2990/2459/2 3003/2516/2 2979/2458/2
f 3005/2436/11 3007/2437/11 3009/2461/11
f 3008/2463/11 3006/2433/11 3004/2434/11
f 3011/2464/6 3004/2434/6 2981/2432/6
f 2981/2432/6 2986/2520/6 2988/2466/6
f 2987/2500/6 2985/2519/6 2980/2518/6
f 3011/2464/6 2981/2432/6 2988/2466/6
f 2987/2500/6 2980/2518/6 2983/2517/6
f 3011/2464/6 2988/2466/6 2987/2500/6
f 2987/2500/6 2983/2517/6 2984/2465/6
f 2973/2468/1661 3018/2470/1661 3017/2467/1672
f 3018/2470/6 3022/2472/6 3021/2471/6
f 2967/2474/1660 3014/2477/1660 3013/2473/1660
f 3026/2476/6 3025/2484/6 3013/2473/6
f 3022/2472/1661 3023/2478/1661 3020/2479/1661
f 3020/2479/7 3023/2478/7 3019/2444/7
f 3022/2482/1 3018/2524/1 2973/2523/1
f 2973/2523/1 2998/2522/1 3002/2481/1
f 3002/2481/1 3003/2516/1 2990/2459/1
f 2991/2480/1 2989/2492/1 2972/2493/1
f 3002/2481/1 2990/2459/1 2991/2480/1
f 3022/2482/1 2973/2523/1 3002/2481/1
f 2972/2493/1 3019/2521/1 3023/2501/1
f 3023/2501/1 3022/2482/1 3002/2481/1
f 2991/2480/1 2972/2493/1 3023/2501/1
f 3026/2476/1660 3027/2485/1660 3024/2483/1660
f 3012/2442/7 3024/2483/7 3027/2485/7
f 2983/2451/1 3001/2449/1 3000/2488/1
f 3000/2488/1 2997/2526/1 2966/2525/1
f 2966/2525/1 3013/2528/1 3025/2527/1
f 3024/2487/1 3012/2529/1 2968/2429/1
f 3000/2488/1 2966/2525/1 3025/2527/1
f 3024/2487/1 2968/2429/1 2982/2494/1
f 3000/2488/1 3025/2527/1 3024/2487/1
f 2984/2486/1 2983/2451/1 3000/2488/1
f 3024/2487/1 2982/2494/1 2984/2486/1
f 3002/2490/1673 2998/2502/1698 2999/2489/1674
f 2973/2468/7 2971/2469/7 2999/2489/7
f 2964/2503/6 2970/2443/6 2972/2493/6
f 2972/2493/6 2989/2492/6 2964/2503/6
f 2966/2475/7 2997/2447/7 2996/2448/7
f 2982/2494/4 2965/2430/4 3011/2464/4
f 2965/2495/4 2996/2530/4 3008/2463/4
f 2989/2492/1676 2991/2438/1668 3010/2439/1677
f 2964/2504/1678 3010/2462/1677 3009/2461/1699
f 3029/2430/7 3046/2494/7 3032/2429/7
f 3070/2433/2 3041/2505/2 3045/2432/2
f 3069/2436/4 3038/2506/4 3042/2435/4
f 3055/2438/7 3054/2508/7 3039/2507/7
f 3039/2507/7 3057/2510/7 3059/2440/7
f 3058/2499/7 3056/2509/7 3038/2506/7
f 3055/2438/7 3039/2507/7 3059/2440/7
f 3058/2499/7 3038/2506/7 3069/2436/7
f 3055/2438/7 3059/2440/7 3058/2499/7
f 3058/2499/7 3069/2436/7 3074/2439/7
f 3079/2441/1661 3033/2431/1661 3032/2429/1661
f 3083/2444/1660 3036/2493/1660 3034/2443/1660
f 3072/2446/2 3060/2448/2 3061/2447/2
f 3044/2450/2 3040/2511/2 3065/2449/2
f 3067/2512/6 3066/2490/6 3073/2454/6
f 3073/2454/6 3071/2513/6 3042/2453/6
f 3043/2452/6 3067/2512/6 3073/2454/6
f 3073/2454/6 3042/2453/6 3043/2452/6
f 3064/2455/6 3065/2514/6 3040/2457/6
f 3070/2515/6 3072/2446/6 3064/2455/6
f 3041/2456/6 3070/2515/6 3064/2455/6
f 3064/2455/6 3040/2457/6 3041/2456/6
f 3054/2459/4 3067/2516/4 3043/2458/4
f 3069/2436/11 3071/2437/11 3073/2461/11
f 3072/2463/11 3070/2433/11 3068/2434/11
f 3075/2464/7 3068/2434/7 3045/2432/7
f 3045/2432/7 3050/2520/7 3052/2466/7
f 3051/2500/7 3049/2519/7 3044/2518/7
f 3075/2464/7 3045/2432/7 3052/2466/7
f 3051/2500/7 3044/2518/7 3047/2517/7
f 3075/2464/7 3052/2466/7 3051/2500/7
f 3051/2500/7 3047/2517/7 3048/2465/7
f 3037/2468/1660 3082/2470/1660 3081/2467/1680
f 3082/2470/7 3086/2472/7 3085/2471/7
f 3031/2474/1661 3078/2477/1661 3077/2473/1661
f 3090/2476/7 3089/2484/7 3077/2473/7
f 3086/2472/1660 3087/2478/1660 3084/2479/1660
f 3084/2479/6 3087/2478/6 3083/2444/6
f 3086/2482/1 3082/2524/1 3037/2523/1
f 3037/2523/1 3062/2522/1 3066/2481/1
f 3066/2481/1 3067/2516/1 3054/2459/1
f 3055/2480/1 3053/2492/1 3036/2493/1
f 3066/2481/1 3054/2459/1 3055/2480/1
f 3086/2482/1 3037/2523/1 3066/2481/1
f 3036/2493/1 3083/2521/1 3087/2501/1
f 3087/2501/1 3086/2482/1 3066/2481/1
f 3055/2480/1 3036/2493/1 3087/2501/1
f 3090/2476/1661 3091/2485/1661 3088/2483/1661
f 3076/2442/6 3088/2483/6 3091/2485/6
f 3047/2451/1 3065/2449/1 3064/2488/1
f 3064/2488/1 3061/2526/1 3030/2525/1
f 3030/2525/1 3077/2528/1 3089/2527/1
f 3088/2487/1 3076/2529/1 3032/2429/1
f 3064/2488/1 3030/2525/1 3089/2527/1
f 3088/2487/1 3032/2429/1 3046/2494/1
f 3064/2488/1 3089/2527/1 3088/2487/1
f 3048/2486/1 3047/2451/1 3064/2488/1
f 3088/2487/1 3046/2494/1 3048/2486/1
f 3066/2490/1681 3062/2502/1700 3063/2489/1682
f 3037/2468/6 3035/2469/6 3063/2489/6
f 3028/2503/7 3034/2443/7 3036/2493/7
f 3036/2493/7 3053/2492/7 3028/2503/7
f 3030/2475/6 3061/2447/6 3060/2448/6
f 3046/2494/2 3029/2430/2 3075/2464/2
f 3029/2495/2 3060/2530/2 3072/2463/2
f 3053/2492/1684 3055/2438/1694 3074/2439/1685
f 3028/2504/1686 3074/2462/1685 3073/2461/1701
f 3096/2429/6 3110/2494/6 3093/2430/6
f 3109/2432/2 3105/2505/2 3134/2433/2
f 3106/2435/4 3102/2506/4 3133/2436/4
f 3103/2507/6 3118/2508/6 3119/2438/6
f 3138/2439/6 3133/2436/6 3102/2506/6
f 3102/2506/6 3120/2509/6 3122/2499/6
f 3123/2440/6 3121/2510/6 3103/2507/6
f 3138/2439/6 3102/2506/6 3122/2499/6
f 3123/2440/6 3103/2507/6 3119/2438/6
f 3138/2439/6 3122/2499/6 3123/2440/6
f 3096/2429/1661 3097/2431/1661 3143/2441/1661
f 3098/2443/1660 3100/2493/1660 3147/2444/1660
f 3136/2446/2 3128/2455/2 3125/2447/2
f 3129/2449/2 3104/2511/2 3108/2450/2
f 3137/2454/7 3130/2490/7 3131/2512/7
f 3137/2454/7 3131/2512/7 3107/2452/7
f 3106/2453/7 3135/2513/7 3137/2454/7
f 3104/2457/7 3129/2514/7 3128/2455/7
f 3128/2455/7 3136/2446/7 3134/2515/7
f 3128/2455/7 3134/2515/7 3105/2456/7
f 3107/2458/4 3131/2516/4 3118/2459/4
f 3137/2461/11 3135/2437/11 3133/2436/11
f 3136/2463/11 3139/2496/11 3132/2434/11
f 3109/2432/6 3132/2434/6 3139/2464/6
f 3112/2465/6 3111/2517/6 3108/2518/6
f 3108/2518/6 3113/2519/6 3115/2500/6
f 3116/2466/6 3114/2520/6 3109/2432/6
f 3112/2465/6 3108/2518/6 3115/2500/6
f 3116/2466/6 3109/2432/6 3139/2464/6
f 3112/2465/6 3115/2500/6 3116/2466/6
f 3145/2467/1660 3146/2470/1660 3101/2468/1660
f 3146/2470/6 3145/2467/6 3149/2471/6
f 3141/2473/1661 3142/2477/1661 3095/2474/1661
f 3141/2473/6 3153/2484/6 3154/2476/6
f 3149/2471/1660 3148/2479/1660 3151/2478/1660
f 3147/2444/7 3151/2478/7 3148/2479/7
f 3151/2501/1 3147/2521/1 3100/2493/1
f 3100/2493/1 3117/2492/1 3119/2480/1
f 3119/2480/1 3118/2459/1 3131/2516/1
f 3130/2481/1 3126/2522/1 3101/2523/1
f 3119/2480/1 3131/2516/1 3130/2481/1
f 3151/2501/1 3100/2493/1 3119/2480/1
f 3101/2523/1 3146/2524/1 3150/2482/1
f 3150/2482/1 3151/2501/1 3119/2480/1
f 3130/2481/1 3101/2523/1 3150/2482/1
f 3152/2483/1661 3155/2485/1661 3154/2476/1661
f 3140/2442/7 3143/2441/7 3155/2485/7
f 3128/2488/1 3129/2449/1 3111/2451/1
f 3112/2486/1 3110/2494/1 3096/2429/1
f 3128/2488/1 3111/2451/1 3112/2486/1
f 3094/2525/1 3125/2526/1 3128/2488/1
f 3153/2527/1 3141/2528/1 3094/2525/1
f 3096/2429/1 3140/2529/1 3152/2487/1
f 3153/2527/1 3094/2525/1 3128/2488/1
f 3112/2486/1 3096/2429/1 3152/2487/1
f 3152/2487/1 3153/2527/1 3128/2488/1
f 3127/2489/1689 3126/2502/1700 3130/2490/1690
f 3127/2489/7 3099/2469/7 3101/2468/7
f 3101/2468/7 3126/2502/7 3127/2489/7
f 3100/2493/6 3098/2443/6 3092/2491/6
f 3124/2448/7 3125/2447/7 3094/2475/7
f 3139/2464/2 3093/2430/2 3110/2494/2
f 3136/2463/2 3124/2530/2 3093/2495/2
f 3117/2492/1692 3092/2491/1695 3138/2439/1693
f 3137/2461/1697 3138/2462/1693 3092/2497/1695
f 3186/2531/2 3187/2532/2 3172/2533/2
f 3168/2534/6 3172/2535/6 3164/2536/6
f 3178/2537/7 3163/2538/7 3182/2539/7
f 3167/2540/7 3175/2541/7 3171/2542/7
f 3180/2543/1702 3203/2544/1703 3200/2545/1704
f 3156/2546/1705 3176/2547/1706 3157/2548/1705
f 3160/2549/1707 3177/2550/1708 3180/2543/1709
f 3186/2531/11 3185/2551/11 3187/2532/11
f 3182/2539/1710 3202/2552/1711 3201/2553/1712
f 3183/2554/1713 3203/2544/1714 3176/2547/1715
f 3178/2537/1716 3202/2552/1717 3179/2555/1718
f 3193/2556/1719 3197/2557/1720 3196/2558/1721
f 3192/2559/1722 3199/2560/1723 3197/2557/1724
f 3195/2561/1725 3189/2562/1726 3188/2563/1727
f 3194/2564/1728 3190/2565/1729 3189/2562/1726
f 3188/2563/1730 3184/2566/1731 3195/2561/1732
f 3188/2563/7 3189/2562/7 3190/2565/7
f 3190/2565/1733 3186/2567/1734 3166/2568/1735
f 3191/2569/6 3192/2559/6 3193/2556/6
f 3165/2570/1736 3199/2560/1737 3191/2569/1738
f 3169/2571/1731 3196/2558/1730 3185/2572/1739
f 3194/2564/6 3195/2561/6 3184/2573/6
f 3196/2558/1740 3197/2557/1741 3199/2560/1742
f 3161/2574/7 3176/2575/7 3177/2550/7
f 3163/2576/1743 3179/2555/1744 3162/2577/1743
f 3159/2578/1745 3181/2579/1746 3182/2539/1747
f 3162/2577/6 3181/2580/6 3158/2581/6
f 3183/2554/6 3156/2582/6 3180/2543/6
f 3171/2542/11 3166/2583/11 3167/2540/11
f 3169/2584/11 3164/2536/11 3165/2585/11
f 3207/2586/7 3208/2587/7 3210/2588/7
f 3217/2589/1748 3214/2590/1749 3212/2591/1750
f 3211/2592/1751 3221/2593/1751 3223/2594/1751
f 3212/2591/1752 3224/2595/1752 3221/2593/1752
f 3213/2596/1753 3226/2597/1753 3224/2595/1753
f 3214/2590/1754 3215/2598/1754 3226/2597/1754
f 3216/2599/1755 3230/2600/1756 3229/2601/1757
f 3218/2602/1758 3232/2603/1758 3230/2600/1758
f 3219/2604/1759 3223/2594/1759 3232/2603/1759
f 3174/2605/1 3173/2606/1 3172/2535/1
f 3233/2607/1760 3210/2588/1761 3209/2608/1762
f 3231/2609/1763 3209/2608/1764 3208/2587/1765
f 3228/2610/1766 3208/2587/1767 3207/2586/1768
f 3227/2611/1769 3207/2586/1770 3206/2612/1771
f 3225/2613/1772 3206/2612/1773 3205/2614/1774
f 3222/2615/1775 3205/2616/1776 3204/2617/1777
f 3220/2618/1778 3204/2617/1777 3210/2588/1761
f 3226/2619/1779 3238/2620/1780 3237/2621/1781
f 3244/2622/1782 3234/2623/1782 3243/2624/1782
f 3240/2625/1783 3242/2626/1783 3241/2627/1783
f 3240/2625/1784 3241/2627/1784 3239/2628/1784
f 3235/2629/1785 3237/2621/1785 3236/2630/1785
f 3235/2629/1786 3236/2630/1786 3234/2623/1786
f 3184/2631/1787 3170/2632/1788 3174/2633/1789
f 3232/2634/1790 3244/2622/1791 3242/2626/1792
f 3262/2635/2 3276/2532/2 3275/2531/2
f 3261/2535/7 3257/2534/7 3253/2536/7
f 3252/2538/6 3267/2636/6 3290/2553/6
f 3264/2541/6 3256/2540/6 3260/2542/6
f 3269/2543/1716 3292/2544/1717 3266/2550/1793
f 3265/2547/1746 3245/2546/1745 3246/2548/1705
f 3249/2549/1794 3266/2550/1795 3250/2574/1794
f 3274/2551/11 3275/2531/11 3276/2532/11
f 3271/2539/1713 3291/2552/1714 3270/2579/1715
f 3292/2544/1711 3272/2637/1710 3265/2547/1796
f 3291/2552/1703 3267/2636/1702 3268/2555/1797
f 3286/2638/1798 3282/2639/1799 3285/2640/1800
f 3288/2641/1801 3281/2559/1802 3286/2638/1803
f 3278/2562/1804 3284/2561/1805 3277/2563/1806
f 3279/2565/1807 3283/2642/1808 3278/2562/1804
f 3277/2563/1809 3273/2566/1810 3259/2643/1739
f 3278/2562/6 3277/2563/6 3259/2644/6
f 3279/2565/1811 3275/2567/1812 3287/2645/1813
f 3281/2559/7 3280/2646/7 3254/2647/7
f 3254/2570/1814 3288/2641/1815 3276/2648/1816
f 3258/2571/1810 3285/2640/1809 3282/2639/1817
f 3284/2561/7 3283/2642/7 3287/2645/7
f 3286/2638/1818 3285/2640/1818 3274/2649/1818
f 3250/2574/6 3265/2575/6 3246/2650/6
f 3268/2555/1819 3252/2576/1820 3251/2577/1821
f 3248/2578/1705 3270/2579/1706 3247/2651/1705
f 3270/2580/7 3251/2577/7 3247/2581/7
f 3245/2582/7 3272/2637/7 3289/2545/7
f 3255/2583/11 3260/2542/11 3256/2540/11
f 3253/2536/11 3258/2584/11 3254/2585/11
f 3297/2652/6 3296/2653/6 3294/2654/6
f 3306/2655/1822 3308/2656/1823 3300/2657/1824
f 3301/2658/1825 3300/2657/1825 3311/2659/1825
f 3313/2660/1826 3302/2661/1826 3301/2658/1826
f 3315/2597/1827 3303/2662/1828 3313/2660/1829
f 3305/2663/1830 3304/2664/1830 3315/2597/1830
f 3319/2600/1831 3306/2655/1832 3317/2601/1833
f 3321/2665/1834 3307/2666/1835 3319/2600/1836
f 3311/2659/1837 3309/2667/1837 3321/2665/1837
f 3262/2606/1 3263/2605/1 3261/2535/1
f 3293/2668/1838 3322/2669/1839 3299/2670/1840
f 3299/2670/1841 3320/2609/1842 3298/2587/1843
f 3298/2587/1844 3318/2671/1845 3297/2652/1846
f 3297/2652/1847 3316/2672/1848 3296/2673/1849
f 3296/2673/1850 3314/2613/1851 3295/2614/1852
f 3295/2674/1853 3312/2615/1854 3294/2675/1855
f 3294/2675/1856 3310/2618/1857 3293/2668/1858
f 3326/2676/1859 3328/2677/1860 3315/2619/1861
f 3323/2678/1862 3332/2679/1862 3333/2680/1862
f 3333/2680/1863 3332/2679/1863 3331/2681/1863
f 3330/2682/1864 3328/2677/1864 3329/2628/1864
f 3329/2628/1865 3328/2677/1865 3327/2683/1865
f 3326/2676/1866 3324/2629/1866 3325/2630/1866
f 3325/2630/1867 3324/2629/1867 3323/2678/1867
f 3263/2633/1868 3273/2631/1787 3274/2551/1787
f 3351/2635/4 3365/2532/4 3364/2531/4
f 3350/2535/6 3346/2534/6 3342/2536/6
f 3341/2538/7 3356/2636/7 3379/2553/7
f 3353/2541/7 3345/2540/7 3349/2542/7
f 3358/2543/1713 3381/2544/1714 3355/2550/1715
f 3354/2547/1708 3334/2546/1707 3335/2548/1794
f 3338/2549/1705 3355/2550/1706 3339/2574/1705
f 3363/2551/11 3364/2531/11 3365/2532/11
f 3360/2539/1716 3380/2552/1717 3359/2579/1793
f 3381/2544/1703 3361/2637/1702 3354/2547/1869
f 3380/2552/1711 3356/2636/1710 3357/2555/1870
f 3375/2638/1871 3371/2639/1872 3374/2640/1873
f 3377/2641/1874 3370/2559/1875 3375/2638/1876
f 3367/2562/1877 3373/2561/1878 3366/2563/1879
f 3368/2565/1880 3372/2642/1881 3367/2562/1877
f 3366/2563/1882 3362/2566/1883 3348/2643/1884
f 3367/2562/7 3366/2563/7 3348/2644/7
f 3368/2565/1885 3364/2567/1886 3376/2645/1887
f 3370/2559/6 3369/2646/6 3343/2647/6
f 3343/2570/1888 3377/2641/1889 3365/2648/1890
f 3347/2571/1883 3374/2640/1882 3371/2639/1891
f 3373/2561/6 3372/2642/6 3376/2645/6
f 3375/2638/1892 3374/2640/1892 3363/2649/1892
f 3339/2574/7 3354/2575/7 3335/2650/7
f 3357/2555/1893 3341/2576/1894 3340/2577/1895
f 3337/2578/1794 3359/2579/1795 3336/2651/1794
f 3359/2580/6 3340/2577/6 3336/2581/6
f 3334/2582/6 3361/2637/6 3378/2545/6
f 3344/2583/11 3349/2542/11 3345/2540/11
f 3342/2536/11 3347/2584/11 3343/2585/11
f 3386/2652/7 3385/2653/7 3383/2654/7
f 3395/2655/1896 3397/2656/1897 3389/2657/1898
f 3390/2658/1899 3389/2657/1899 3400/2659/1899
f 3402/2660/1900 3391/2661/1900 3390/2658/1900
f 3404/2597/1901 3392/2662/1902 3402/2660/1903
f 3394/2663/1904 3393/2664/1904 3404/2597/1904
f 3408/2600/1905 3395/2655/1906 3406/2601/1907
f 3410/2665/1908 3396/2666/1909 3408/2600/1910
f 3400/2659/1911 3398/2667/1911 3410/2665/1911
f 3351/2606/1 3352/2605/1 3350/2535/1
f 3382/2668/1912 3411/2669/1913 3388/2670/1914
f 3388/2670/1915 3409/2609/1916 3387/2587/1917
f 3387/2587/1918 3407/2671/1919 3386/2652/1920
f 3386/2652/1921 3405/2672/1922 3385/2673/1923
f 3385/2673/1924 3403/2613/1925 3384/2614/1926
f 3384/2674/1927 3401/2615/1928 3383/2675/1929
f 3383/2675/1930 3399/2618/1931 3382/2668/1932
f 3415/2676/1933 3417/2677/1934 3404/2619/1935
f 3412/2678/1936 3421/2679/1936 3422/2680/1936
f 3422/2680/1937 3421/2679/1937 3420/2681/1937
f 3419/2682/1938 3417/2677/1938 3418/2628/1938
f 3418/2628/1939 3417/2677/1939 3416/2683/1939
f 3415/2676/1940 3413/2629/1940 3414/2630/1940
f 3414/2630/1941 3413/2629/1941 3412/2678/1941
f 3352/2633/1942 3362/2631/1943 3363/2551/1943
f 3453/2531/4 3454/2532/4 3439/2533/4
f 3435/2534/7 3439/2535/7 3431/2536/7
f 3445/2537/6 3430/2538/6 3449/2539/6
f 3434/2540/6 3442/2541/6 3438/2542/6
f 3447/2543/1710 3470/2544/1711 3467/2545/1712
f 3423/2546/1794 3443/2547/1795 3424/2548/1794
f 3427/2549/1745 3444/2550/1746 3447/2543/1747
f 3453/2531/11 3452/2551/11 3454/2532/11
f 3449/2539/1702 3469/2552/1703 3468/2553/1704
f 3450/2554/1716 3470/2544/1717 3443/2547/1793
f 3445/2537/1713 3469/2552/1714 3446/2555/1944
f 3460/2556/1945 3464/2557/1946 3463/2558/1947
f 3459/2559/1948 3466/2560/1949 3464/2557/1950
f 3462/2561/1951 3456/2562/1952 3455/2563/1953
f 3461/2564/1954 3457/2565/1955 3456/2562/1952
f 3455/2563/1956 3451/2566/1957 3462/2561/1958
f 3455/2563/6 3456/2562/6 3457/2565/6
f 3457/2565/1959 3453/2567/1960 3433/2568/1961
f 3458/2569/7 3459/2559/7 3460/2556/7
f 3432/2570/1962 3466/2560/1963 3458/2569/1964
f 3436/2571/1957 3463/2558/1956 3452/2572/1884
f 3461/2564/7 3462/2561/7 3451/2573/7
f 3463/2558/1965 3464/2557/1966 3466/2560/1967
f 3428/2574/6 3443/2575/6 3444/2550/6
f 3430/2576/1968 3446/2555/1969 3429/2577/1968
f 3426/2578/1707 3448/2579/1708 3449/2539/1709
f 3429/2577/7 3448/2580/7 3425/2581/7
f 3450/2554/7 3423/2582/7 3447/2543/7
f 3438/2542/11 3433/2583/11 3434/2540/11
f 3436/2584/11 3431/2536/11 3432/2585/11
f 3474/2586/6 3475/2587/6 3477/2588/6
f 3484/2589/1970 3481/2590/1971 3479/2591/1972
f 3478/2592/1973 3488/2593/1973 3490/2594/1973
f 3479/2591/1974 3491/2595/1974 3488/2593/1974
f 3480/2596/1975 3493/2597/1975 3491/2595/1975
f 3481/2590/1976 3482/2598/1976 3493/2597/1976
f 3483/2599/1977 3497/2600/1978 3496/2601/1979
f 3485/2602/1980 3499/2603/1980 3497/2600/1980
f 3486/2604/1981 3490/2594/1981 3499/2603/1981
f 3441/2605/1 3440/2606/1 3439/2535/1
f 3500/2607/1982 3477/2588/1983 3476/2608/1984
f 3498/2609/1985 3476/2608/1986 3475/2587/1987
f 3495/2610/1988 3475/2587/1989 3474/2586/1990
f 3494/2611/1991 3474/2586/1992 3473/2612/1993
f 3492/2613/1994 3473/2612/1995 3472/2614/1996
f 3489/2615/1997 3472/2616/1998 3471/2617/1999
f 3487/2618/2000 3471/2617/1999 3477/2588/1983
f 3493/2619/2001 3505/2620/2002 3504/2621/2003
f 3511/2622/2004 3501/2623/2004 3510/2624/2004
f 3507/2625/2005 3509/2626/2005 3508/2627/2005
f 3507/2625/2006 3508/2627/2006 3506/2628/2006
f 3502/2629/2007 3504/2621/2007 3503/2630/2007
f 3502/2629/2008 3503/2630/2008 3501/2623/2008
f 3451/2631/1943 3437/2632/2009 3441/2633/2010
f 3499/2634/2011 3511/2622/2012 3509/2626/2013
f 3165/2585/2 3164/2536/2 3172/2533/2
f 3172/2533/2 3173/2635/2 3167/2540/2
f 3172/2533/2 3167/2540/2 3166/2583/2
f 3187/2532/2 3165/2585/2 3172/2533/2
f 3172/2533/2 3166/2583/2 3186/2531/2
f 3168/2534/6 3174/2605/6 3172/2535/6
f 3163/2538/7 3159/2684/7 3182/2539/7
f 3182/2539/7 3201/2553/7 3178/2537/7
f 3167/2540/7 3173/2685/7 3175/2541/7
f 3180/2543/1702 3177/2550/1869 3203/2544/1703
f 3156/2546/2014 3183/2554/2015 3176/2547/2016
f 3160/2549/1707 3161/2574/1794 3177/2550/1708
f 3186/2531/11 3184/2631/11 3185/2551/11
f 3182/2539/1710 3181/2579/1796 3202/2552/1711
f 3183/2554/1713 3200/2545/2017 3203/2544/1714
f 3178/2537/1716 3201/2553/2018 3202/2552/1717
f 3193/2556/1719 3192/2559/2019 3197/2557/1720
f 3192/2559/1722 3191/2569/2020 3199/2560/1723
f 3195/2561/1725 3194/2564/1728 3189/2562/1726
f 3194/2564/1728 3198/2645/2021 3190/2565/1729
f 3188/2563/1730 3170/2643/1739 3184/2566/1731
f 3190/2565/7 3166/2686/7 3170/2644/7
f 3190/2565/7 3170/2644/7 3188/2563/7
f 3190/2565/1733 3198/2645/2022 3186/2567/1734
f 3193/2556/6 3169/2687/6 3165/2647/6
f 3193/2556/6 3165/2647/6 3191/2569/6
f 3165/2570/1736 3187/2648/1816 3199/2560/1737
f 3169/2571/1731 3193/2556/1732 3196/2558/1730
f 3184/2573/6 3186/2688/6 3198/2645/6
f 3184/2573/6 3198/2645/6 3194/2564/6
f 3199/2560/2023 3187/2689/2023 3185/2649/2023
f 3199/2560/2024 3185/2649/2024 3196/2558/2024
f 3161/2574/7 3157/2650/7 3176/2575/7
f 3163/2576/2025 3178/2537/2026 3179/2555/2027
f 3159/2578/1745 3158/2651/1705 3181/2579/1746
f 3162/2577/6 3179/2555/6 3181/2580/6
f 3156/2582/6 3160/2690/6 3180/2543/6
f 3180/2543/6 3200/2545/6 3183/2554/6
f 3171/2542/11 3170/2632/11 3166/2583/11
f 3169/2584/11 3168/2534/11 3164/2536/11
f 3210/2588/7 3204/2691/7 3205/2692/7
f 3205/2692/7 3206/2693/7 3207/2586/7
f 3208/2587/7 3209/2608/7 3210/2588/7
f 3210/2588/7 3205/2692/7 3207/2586/7
f 3216/2599/2028 3215/2598/2029 3214/2590/1749
f 3212/2591/1750 3211/2592/2030 3219/2604/2031
f 3219/2604/2031 3218/2602/2032 3217/2589/1748
f 3217/2589/1748 3216/2599/2028 3214/2590/1749
f 3214/2590/1749 3213/2596/2033 3212/2591/1750
f 3212/2591/1750 3219/2604/2031 3217/2589/1748
f 3211/2592/2034 3212/2591/2034 3221/2593/2034
f 3212/2591/2035 3213/2596/2035 3224/2595/2035
f 3213/2596/2036 3214/2590/2036 3226/2597/2036
f 3215/2598/2037 3216/2599/2037 3229/2601/2037
f 3216/2599/1755 3217/2589/2038 3230/2600/1756
f 3217/2589/2039 3218/2602/2039 3230/2600/2039
f 3218/2602/2040 3219/2604/2040 3232/2603/2040
f 3219/2604/2041 3211/2592/2041 3223/2594/2041
f 3174/2605/1 3175/2694/1 3173/2606/1
f 3233/2607/1760 3220/2618/1778 3210/2588/1761
f 3231/2609/1763 3233/2607/2042 3209/2608/1764
f 3228/2610/1766 3231/2609/2043 3208/2587/1767
f 3227/2611/1769 3228/2610/2044 3207/2586/1770
f 3225/2613/1772 3227/2611/2045 3206/2612/1773
f 3222/2615/1775 3225/2695/2046 3205/2616/1776
f 3220/2618/1778 3222/2615/1775 3204/2617/1777
f 3215/2696/2047 3229/2697/2048 3240/2625/2049
f 3240/2625/2050 3239/2628/2050 3238/2620/2050
f 3215/2696/2051 3240/2625/2051 3238/2620/2051
f 3226/2619/1779 3215/2696/2052 3238/2620/1780
f 3237/2621/1781 3235/2629/2053 3224/2698/2054
f 3237/2621/1781 3224/2698/2054 3226/2619/1779
f 3174/2633/1789 3168/2534/4 3169/2584/1787
f 3174/2633/1789 3169/2584/1787 3185/2551/1787
f 3171/2542/2055 3175/2699/4 3174/2633/1789
f 3170/2632/1788 3171/2542/2055 3174/2633/1789
f 3174/2633/1789 3185/2551/1787 3184/2631/1787
f 3221/2700/6 3224/2698/2054 3235/2629/2053
f 3235/2629/2053 3234/2623/2056 3244/2622/1791
f 3244/2622/1791 3243/2624/2057 3242/2626/1792
f 3240/2625/2049 3229/2697/2048 3230/2701/2058
f 3221/2700/6 3235/2629/2053 3244/2622/1791
f 3223/2702/6 3221/2700/6 3244/2622/1791
f 3242/2626/1792 3240/2625/2049 3230/2701/2058
f 3242/2626/1792 3230/2701/2058 3232/2634/1790
f 3232/2634/1790 3223/2702/6 3244/2622/1791
f 3255/2583/2 3256/2540/2 3262/2635/2
f 3262/2635/2 3261/2533/2 3253/2536/2
f 3262/2635/2 3253/2536/2 3254/2585/2
f 3275/2531/2 3255/2583/2 3262/2635/2
f 3262/2635/2 3254/2585/2 3276/2532/2
f 3261/2535/7 3263/2605/7 3257/2534/7
f 3271/2539/6 3248/2684/6 3252/2538/6
f 3290/2553/6 3271/2539/6 3252/2538/6
f 3264/2541/6 3262/2685/6 3256/2540/6
f 3269/2543/1716 3289/2545/2018 3292/2544/1717
f 3265/2547/1746 3272/2637/1747 3245/2546/1745
f 3249/2549/2059 3269/2543/2060 3266/2550/2061
f 3274/2551/11 3273/2631/11 3275/2531/11
f 3271/2539/1713 3290/2553/2017 3291/2552/1714
f 3292/2544/1711 3289/2545/1712 3272/2637/1710
f 3291/2552/1703 3290/2553/1704 3267/2636/1702
f 3286/2638/1798 3281/2559/2062 3282/2639/1799
f 3288/2641/1801 3280/2646/2063 3281/2559/1802
f 3278/2562/1804 3283/2642/1808 3284/2561/1805
f 3279/2565/1807 3287/2645/2064 3283/2642/1808
f 3277/2563/1809 3284/2561/1817 3273/2566/1810
f 3259/2644/6 3255/2686/6 3279/2565/6
f 3259/2644/6 3279/2565/6 3278/2562/6
f 3279/2565/1811 3255/2568/1735 3275/2567/1812
f 3254/2647/7 3258/2687/7 3282/2639/7
f 3254/2647/7 3282/2639/7 3281/2559/7
f 3254/2570/1814 3280/2646/2065 3288/2641/1815
f 3258/2571/1810 3274/2572/1739 3285/2640/1809
f 3287/2645/7 3275/2688/7 3273/2573/7
f 3287/2645/7 3273/2573/7 3284/2561/7
f 3274/2649/2066 3276/2689/2066 3288/2641/2066
f 3274/2649/2067 3288/2641/2067 3286/2638/2067
f 3250/2574/6 3266/2550/6 3265/2575/6
f 3268/2555/1819 3267/2636/2068 3252/2576/1820
f 3248/2578/2014 3271/2539/2015 3270/2579/2016
f 3270/2580/7 3268/2555/7 3251/2577/7
f 3269/2543/7 3249/2690/7 3245/2582/7
f 3289/2545/7 3269/2543/7 3245/2582/7
f 3255/2583/11 3259/2632/11 3260/2542/11
f 3253/2536/11 3257/2534/11 3258/2584/11
f 3294/2654/6 3293/2668/6 3299/2670/6
f 3299/2670/6 3298/2587/6 3297/2652/6
f 3296/2653/6 3295/2703/6 3294/2654/6
f 3294/2654/6 3299/2670/6 3297/2652/6
f 3300/2657/1824 3301/2658/2069 3302/2661/2070
f 3304/2664/2071 3305/2663/2072 3306/2655/1822
f 3300/2657/1824 3302/2661/2070 3303/2662/2073
f 3303/2662/2073 3304/2664/2071 3306/2655/1822
f 3306/2655/1822 3307/2666/2074 3308/2656/1823
f 3308/2656/1823 3309/2667/2075 3300/2657/1824
f 3300/2657/1824 3303/2662/2073 3306/2655/1822
f 3313/2660/2076 3303/2662/2076 3302/2661/2076
f 3315/2597/1827 3304/2664/2077 3303/2662/1828
f 3317/2601/2078 3306/2655/2078 3305/2663/2078
f 3319/2600/1831 3307/2666/2079 3306/2655/1832
f 3321/2665/1834 3308/2656/2080 3307/2666/1835
f 3321/2665/2081 3309/2667/2081 3308/2656/2081
f 3311/2659/2082 3300/2657/2082 3309/2667/2082
f 3262/2606/1 3264/2694/1 3263/2605/1
f 3293/2668/1838 3310/2618/2083 3322/2669/1839
f 3299/2670/1841 3322/2669/2084 3320/2609/1842
f 3298/2587/1844 3320/2609/2085 3318/2671/1845
f 3297/2652/1847 3318/2671/2086 3316/2672/1848
f 3296/2673/1850 3316/2672/2087 3314/2613/1851
f 3295/2674/1853 3314/2704/2088 3312/2615/1854
f 3294/2675/1856 3312/2615/2089 3310/2618/1857
f 3313/2705/2090 3301/2706/2091 3324/2629/2092
f 3326/2676/2093 3327/2683/2093 3328/2677/2093
f 3328/2677/1860 3317/2697/2094 3305/2696/2095
f 3328/2677/1860 3305/2696/2095 3315/2619/1861
f 3313/2705/2090 3324/2629/2092 3326/2676/1859
f 3315/2619/1861 3313/2705/2090 3326/2676/1859
f 3258/2584/1787 3257/2534/4 3263/2633/1868
f 3263/2633/1868 3264/2699/4 3260/2542/2096
f 3263/2633/1868 3260/2542/2096 3259/2632/2097
f 3274/2551/1787 3258/2584/1787 3263/2633/1868
f 3263/2633/1868 3259/2632/2097 3273/2631/1787
f 3330/2682/2098 3331/2681/2099 3332/2679/2100
f 3332/2679/2100 3323/2678/2101 3324/2629/2092
f 3324/2629/2092 3301/2706/2091 3311/2707/2102
f 3317/2697/2094 3328/2677/1860 3330/2682/2098
f 3319/2701/2103 3317/2697/2094 3330/2682/2098
f 3319/2701/2103 3330/2682/2098 3332/2679/2100
f 3332/2679/2100 3324/2629/2092 3311/2707/2102
f 3332/2679/2100 3311/2707/2102 3321/2708/7
f 3321/2708/7 3319/2701/2103 3332/2679/2100
f 3344/2583/4 3345/2540/4 3351/2635/4
f 3351/2635/4 3350/2533/4 3342/2536/4
f 3351/2635/4 3342/2536/4 3343/2585/4
f 3364/2531/4 3344/2583/4 3351/2635/4
f 3351/2635/4 3343/2585/4 3365/2532/4
f 3350/2535/6 3352/2605/6 3346/2534/6
f 3360/2539/7 3337/2684/7 3341/2538/7
f 3379/2553/7 3360/2539/7 3341/2538/7
f 3353/2541/7 3351/2685/7 3345/2540/7
f 3358/2543/1713 3378/2545/2017 3381/2544/1714
f 3354/2547/1708 3361/2637/1709 3334/2546/1707
f 3338/2549/2014 3358/2543/2015 3355/2550/2016
f 3363/2551/11 3362/2631/11 3364/2531/11
f 3360/2539/1716 3379/2553/2018 3380/2552/1717
f 3381/2544/1703 3378/2545/1704 3361/2637/1702
f 3380/2552/1711 3379/2553/1712 3356/2636/1710
f 3375/2638/1871 3370/2559/2104 3371/2639/1872
f 3377/2641/1874 3369/2646/2105 3370/2559/1875
f 3367/2562/1877 3372/2642/1881 3373/2561/1878
f 3368/2565/1880 3376/2645/2106 3372/2642/1881
f 3366/2563/1882 3373/2561/1891 3362/2566/1883
f 3348/2644/7 3344/2686/7 3368/2565/7
f 3348/2644/7 3368/2565/7 3367/2562/7
f 3368/2565/1885 3344/2568/1961 3364/2567/1886
f 3343/2647/6 3347/2687/6 3371/2639/6
f 3343/2647/6 3371/2639/6 3370/2559/6
f 3343/2570/1888 3369/2646/2107 3377/2641/1889
f 3347/2571/1883 3363/2572/1884 3374/2640/1882
f 3376/2645/6 3364/2688/6 3362/2573/6
f 3376/2645/6 3362/2573/6 3373/2561/6
f 3363/2649/2023 3365/2689/2023 3377/2641/2023
f 3363/2649/2108 3377/2641/2108 3375/2638/2108
f 3339/2574/7 3355/2550/7 3354/2575/7
f 3357/2555/1893 3356/2636/2109 3341/2576/1894
f 3337/2578/2059 3360/2539/2060 3359/2579/2061
f 3359/2580/6 3357/2555/6 3340/2577/6
f 3358/2543/6 3338/2690/6 3334/2582/6
f 3378/2545/6 3358/2543/6 3334/2582/6
f 3344/2583/11 3348/2632/11 3349/2542/11
f 3342/2536/11 3346/2534/11 3347/2584/11
f 3383/2654/7 3382/2668/7 3388/2670/7
f 3388/2670/7 3387/2587/7 3386/2652/7
f 3385/2653/7 3384/2703/7 3383/2654/7
f 3383/2654/7 3388/2670/7 3386/2652/7
f 3389/2657/1898 3390/2658/2110 3391/2661/2111
f 3393/2664/2112 3394/2663/2113 3395/2655/1896
f 3389/2657/1898 3391/2661/2111 3392/2662/2114
f 3392/2662/2114 3393/2664/2112 3395/2655/1896
f 3395/2655/1896 3396/2666/2115 3397/2656/1897
f 3397/2656/1897 3398/2667/2116 3389/2657/1898
f 3389/2657/1898 3392/2662/2114 3395/2655/1896
f 3402/2660/2117 3392/2662/2117 3391/2661/2117
f 3404/2597/1901 3393/2664/2118 3392/2662/1902
f 3406/2601/2119 3395/2655/2119 3394/2663/2119
f 3408/2600/1905 3396/2666/2120 3395/2655/1906
f 3410/2665/1908 3397/2656/2121 3396/2666/1909
f 3410/2665/2122 3398/2667/2122 3397/2656/2122
f 3400/2659/2123 3389/2657/2123 3398/2667/2123
f 3351/2606/1 3353/2694/1 3352/2605/1
f 3382/2668/1912 3399/2618/2124 3411/2669/1913
f 3388/2670/1915 3411/2669/2125 3409/2609/1916
f 3387/2587/1918 3409/2609/2126 3407/2671/1919
f 3386/2652/1921 3407/2671/2127 3405/2672/1922
f 3385/2673/1924 3405/2672/2128 3403/2613/1925
f 3384/2674/1927 3403/2704/2129 3401/2615/1928
f 3383/2675/1930 3401/2615/2130 3399/2618/1931
f 3402/2705/2131 3390/2706/2132 3413/2629/2133
f 3415/2676/2134 3416/2683/2134 3417/2677/2134
f 3417/2677/1934 3406/2697/2135 3394/2696/2136
f 3417/2677/1934 3394/2696/2136 3404/2619/1935
f 3402/2705/2131 3413/2629/2133 3415/2676/1933
f 3404/2619/1935 3402/2705/2131 3415/2676/1933
f 3347/2584/1943 3346/2534/2 3352/2633/1942
f 3352/2633/1942 3353/2699/2 3349/2542/2137
f 3352/2633/1942 3349/2542/2137 3348/2632/2138
f 3363/2551/1943 3347/2584/1943 3352/2633/1942
f 3352/2633/1942 3348/2632/2138 3362/2631/1943
f 3419/2682/2139 3420/2681/2140 3421/2679/2141
f 3421/2679/2141 3412/2678/2142 3413/2629/2133
f 3413/2629/2133 3390/2706/2132 3400/2707/2143
f 3406/2697/2135 3417/2677/1934 3419/2682/2139
f 3408/2701/2144 3406/2697/2135 3419/2682/2139
f 3408/2701/2144 3419/2682/2139 3421/2679/2141
f 3421/2679/2141 3413/2629/2133 3400/2707/2143
f 3421/2679/2141 3400/2707/2143 3410/2708/6
f 3410/2708/6 3408/2701/2144 3421/2679/2141
f 3432/2585/4 3431/2536/4 3439/2533/4
f 3439/2533/4 3440/2635/4 3434/2540/4
f 3439/2533/4 3434/2540/4 3433/2583/4
f 3454/2532/4 3432/2585/4 3439/2533/4
f 3439/2533/4 3433/2583/4 3453/2531/4
f 3435/2534/7 3441/2605/7 3439/2535/7
f 3430/2538/6 3426/2684/6 3449/2539/6
f 3449/2539/6 3468/2553/6 3445/2537/6
f 3434/2540/6 3440/2685/6 3442/2541/6
f 3447/2543/1710 3444/2550/1796 3470/2544/1711
f 3423/2546/2059 3450/2554/2060 3443/2547/2061
f 3427/2549/1745 3428/2574/1705 3444/2550/1746
f 3453/2531/11 3451/2631/11 3452/2551/11
f 3449/2539/1702 3448/2579/1869 3469/2552/1703
f 3450/2554/1716 3467/2545/2018 3470/2544/1717
f 3445/2537/1713 3468/2553/2017 3469/2552/1714
f 3460/2556/1945 3459/2559/2145 3464/2557/1946
f 3459/2559/1948 3458/2569/2146 3466/2560/1949
f 3462/2561/1951 3461/2564/1954 3456/2562/1952
f 3461/2564/1954 3465/2645/2147 3457/2565/1955
f 3455/2563/1956 3437/2643/1884 3451/2566/1957
f 3457/2565/6 3433/2686/6 3437/2644/6
f 3457/2565/6 3437/2644/6 3455/2563/6
f 3457/2565/1959 3465/2645/2148 3453/2567/1960
f 3460/2556/7 3436/2687/7 3432/2647/7
f 3460/2556/7 3432/2647/7 3458/2569/7
f 3432/2570/1962 3454/2648/1890 3466/2560/1963
f 3436/2571/1957 3460/2556/1958 3463/2558/1956
f 3451/2573/7 3453/2688/7 3465/2645/7
f 3451/2573/7 3465/2645/7 3461/2564/7
f 3466/2560/2066 3454/2689/2066 3452/2649/2066
f 3466/2560/2149 3452/2649/2149 3463/2558/2149
f 3428/2574/6 3424/2650/6 3443/2575/6
f 3430/2576/2150 3445/2537/2151 3446/2555/2152
f 3426/2578/1707 3425/2651/1794 3448/2579/1708
f 3429/2577/7 3446/2555/7 3448/2580/7
f 3423/2582/7 3427/2690/7 3447/2543/7
f 3447/2543/7 3467/2545/7 3450/2554/7
f 3438/2542/11 3437/2632/11 3433/2583/11
f 3436/2584/11 3435/2534/11 3431/2536/11
f 3477/2588/6 3471/2691/6 3472/2692/6
f 3472/2692/6 3473/2693/6 3474/2586/6
f 3475/2587/6 3476/2608/6 3477/2588/6
f 3477/2588/6 3472/2692/6 3474/2586/6
f 3483/2599/2153 3482/2598/2154 3481/2590/1971
f 3479/2591/1972 3478/2592/2155 3486/2604/2156
f 3486/2604/2156 3485/2602/2157 3484/2589/1970
f 3484/2589/1970 3483/2599/2153 3481/2590/1971
f 3481/2590/1971 3480/2596/2158 3479/2591/1972
f 3479/2591/1972 3486/2604/2156 3484/2589/1970
f 3478/2592/2159 3479/2591/2159 3488/2593/2159
f 3479/2591/2160 3480/2596/2160 3491/2595/2160
f 3480/2596/2161 3481/2590/2161 3493/2597/2161
f 3482/2598/2162 3483/2599/2162 3496/2601/2162
f 3483/2599/1977 3484/2589/2163 3497/2600/1978
f 3484/2589/2164 3485/2602/2164 3497/2600/2164
f 3485/2602/2165 3486/2604/2165 3499/2603/2165
f 3486/2604/2166 3478/2592/2166 3490/2594/2166
f 3441/2605/1 3442/2694/1 3440/2606/1
f 3500/2607/1982 3487/2618/2000 3477/2588/1983
f 3498/2609/1985 3500/2607/2167 3476/2608/1986
f 3495/2610/1988 3498/2609/2168 3475/2587/1989
f 3494/2611/1991 3495/2610/2169 3474/2586/1992
f 3492/2613/1994 3494/2611/2170 3473/2612/1995
f 3489/2615/1997 3492/2695/2171 3472/2616/1998
f 3487/2618/2000 3489/2615/1997 3471/2617/1999
f 3482/2696/2172 3496/2697/2173 3507/2625/2174
f 3507/2625/2175 3506/2628/2175 3505/2620/2175
f 3482/2696/2176 3507/2625/2176 3505/2620/2176
f 3493/2619/2001 3482/2696/2177 3505/2620/2002
f 3504/2621/2003 3502/2629/2178 3491/2698/2179
f 3504/2621/2003 3491/2698/2179 3493/2619/2001
f 3441/2633/2010 3435/2534/2 3436/2584/1943
f 3441/2633/2010 3436/2584/1943 3452/2551/1943
f 3438/2542/2180 3442/2699/2 3441/2633/2010
f 3437/2632/2009 3438/2542/2180 3441/2633/2010
f 3441/2633/2010 3452/2551/1943 3451/2631/1943
f 3488/2700/7 3491/2698/2179 3502/2629/2178
f 3502/2629/2178 3501/2623/2181 3511/2622/2012
f 3511/2622/2012 3510/2624/2182 3509/2626/2013
f 3507/2625/2174 3496/2697/2173 3497/2701/2183
f 3488/2700/7 3502/2629/2178 3511/2622/2012
f 3490/2702/7 3488/2700/7 3511/2622/2012
f 3509/2626/2013 3507/2625/2174 3497/2701/2183
f 3509/2626/2013 3497/2701/2183 3499/2634/2011
f 3499/2634/2011 3490/2702/7 3511/2622/2012
f 3542/2531/2 3543/2532/2 3528/2533/2
f 3524/2534/6 3528/2535/6 3520/2536/6
f 3534/2709/7 3519/2538/7 3538/2710/7
f 3523/2540/7 3531/2541/7 3527/2542/7
f 3536/2711/1702 3559/2712/1703 3556/2713/1704
f 3512/2546/1705 3532/2714/1706 3513/2548/1705
f 3516/2549/2184 3533/2715/1708 3536/2711/1709
f 3542/2531/11 3541/2551/11 3543/2532/11
f 3538/2710/1710 3558/2552/1711 3557/2553/1712
f 3539/2716/1713 3559/2712/1714 3532/2714/1715
f 3534/2709/1716 3558/2552/1717 3535/2717/1793
f 3549/2718/1725 3553/2557/2185 3552/2558/2186
f 3548/2559/1722 3555/2719/2187 3553/2557/2188
f 3551/2720/1725 3545/2562/1726 3544/2721/2189
f 3550/2722/1728 3546/2723/2190 3545/2562/1726
f 3544/2721/1730 3540/2566/1731 3551/2720/1732
f 3544/2721/7 3545/2562/7 3546/2723/7
f 3546/2723/1733 3542/2567/1734 3522/2568/1735
f 3547/2724/6 3548/2559/6 3549/2718/6
f 3521/2570/1736 3555/2719/1737 3547/2724/1738
f 3525/2571/1731 3552/2558/1730 3541/2572/1739
f 3550/2722/6 3551/2720/6 3540/2573/6
f 3552/2558/1740 3553/2557/1741 3555/2719/1742
f 3517/2574/7 3532/2575/7 3533/2715/7
f 3519/2576/1743 3535/2717/1744 3518/2577/1743
f 3515/2578/2191 3537/2725/2192 3538/2710/1747
f 3518/2577/6 3537/2580/6 3514/2581/6
f 3539/2716/6 3512/2582/6 3536/2711/6
f 3527/2542/11 3522/2583/11 3523/2540/11
f 3525/2584/11 3520/2536/11 3521/2585/11
f 3563/2726/7 3565/2727/7 3566/2728/7
f 3573/2729/2193 3571/2730/2194 3568/2731/2195
f 3567/2732/2196 3577/2733/2196 3588/2734/2196
f 3568/2731/2197 3579/2735/2197 3577/2733/2197
f 3569/2736/2198 3570/2737/2198 3579/2735/2198
f 3571/2730/2199 3584/2738/2200 3582/2739/2201
f 3573/2729/2202 3586/2740/2202 3584/2738/2202
f 3574/2741/2203 3588/2734/2203 3586/2740/2203
f 3530/2605/1 3529/2606/1 3528/2535/1
f 3587/2742/2204 3566/2728/2205 3565/2727/2206
f 3585/2743/2207 3565/2727/2206 3564/2744/2208
f 3583/2745/2209 3564/2744/2210 3563/2746/2211
f 3581/2747/2212 3563/2746/2211 3562/2748/2213
f 3580/2695/2214 3562/2749/2213 3561/2750/2215
f 3578/2751/2216 3561/2750/2215 3560/2617/2217
f 3576/2752/2218 3560/2617/2217 3566/2728/2219
f 3570/2753/2220 3593/2754/2221 3591/2755/2222
f 3598/2756/2223 3589/2757/2223 3599/2758/2223
f 3598/2756/2224 3599/2758/2224 3597/2759/2224
f 3595/2760/2225 3597/2759/2225 3596/2761/2225
f 3595/2760/2226 3596/2761/2226 3594/2762/2226
f 3591/2755/2227 3593/2754/2227 3592/2763/2227
f 3591/2755/2228 3592/2763/2228 3590/2764/2228
f 3540/2631/1787 3526/2632/1788 3530/2633/1789
f 3617/2635/2 3631/2532/2 3630/2531/2
f 3616/2535/7 3612/2534/7 3608/2536/7
f 3607/2538/6 3622/2709/6 3645/2553/6
f 3619/2541/6 3611/2540/6 3615/2542/6
f 3624/2711/1716 3647/2712/1717 3621/2715/1793
f 3620/2714/2192 3600/2546/2191 3601/2548/1705
f 3604/2549/1794 3621/2715/1795 3605/2574/1794
f 3629/2551/11 3630/2531/11 3631/2532/11
f 3626/2710/1713 3646/2552/1714 3625/2725/1715
f 3647/2712/1711 3627/2716/1710 3620/2714/1796
f 3646/2552/1703 3622/2709/1702 3623/2717/1869
f 3641/2638/1798 3637/2718/2229 3640/2765/1806
f 3643/2766/2230 3636/2559/2231 3641/2638/1803
f 3633/2562/1804 3639/2720/1805 3632/2721/2232
f 3634/2723/2233 3638/2722/1808 3633/2562/1804
f 3632/2721/1809 3628/2566/1810 3614/2643/1739
f 3633/2562/6 3632/2721/6 3614/2644/6
f 3634/2723/1811 3630/2567/1812 3642/2767/1813
f 3636/2559/7 3635/2724/7 3609/2647/7
f 3609/2570/1814 3643/2766/1815 3631/2648/1816
f 3613/2571/1810 3640/2765/1809 3637/2718/1817
f 3639/2720/7 3638/2722/7 3642/2767/7
f 3641/2638/1818 3640/2765/1818 3629/2649/1818
f 3605/2574/6 3620/2575/6 3601/2650/6
f 3623/2717/1819 3607/2576/1820 3606/2577/1821
f 3603/2578/1705 3625/2725/1706 3602/2651/1705
f 3625/2580/7 3606/2577/7 3602/2581/7
f 3600/2582/7 3627/2716/7 3644/2713/7
f 3610/2583/11 3615/2542/11 3611/2540/11
f 3608/2536/11 3613/2584/11 3609/2585/11
f 3652/2744/6 3650/2768/6 3648/2769/6
f 3659/2770/2234 3662/2771/2235 3655/2772/2236
f 3665/2773/2237 3663/2774/2237 3676/2734/2237
f 3667/2735/2238 3655/2772/2239 3665/2773/2240
f 3669/2775/2241 3656/2776/2242 3667/2735/2243
f 3671/2739/2244 3657/2777/2245 3669/2775/2246
f 3673/2778/2247 3658/2779/2248 3671/2739/2249
f 3661/2780/2250 3660/2781/2250 3673/2778/2250
f 3676/2734/2251 3662/2771/2251 3661/2780/2251
f 3617/2606/1 3618/2605/1 3616/2535/1
f 3654/2728/2252 3675/2782/2253 3653/2727/2254
f 3653/2727/2255 3674/2783/2256 3652/2744/2257
f 3652/2744/2258 3672/2784/2259 3651/2746/2260
f 3651/2746/1928 3670/2785/2261 3650/2786/2262
f 3650/2749/2263 3668/2787/2264 3649/2750/2265
f 3649/2750/2266 3664/2788/2267 3648/2617/2268
f 3648/2617/2269 3666/2789/2270 3654/2728/2271
f 3680/2755/2272 3682/2790/2273 3669/2791/2274
f 3677/2792/2275 3678/2793/2275 3688/2758/2275
f 3688/2758/2276 3687/2794/2276 3686/2759/2276
f 3686/2759/2277 3684/2760/2277 3685/2761/2277
f 3685/2761/2278 3684/2760/2278 3683/2762/2278
f 3682/2790/2279 3680/2755/2279 3681/2763/2279
f 3681/2763/2280 3680/2755/2280 3679/2764/2280
f 3679/2764/2281 3678/2793/2281 3677/2792/2281
f 3618/2633/1868 3628/2631/1787 3629/2551/1174
f 3687/2794/2282 3678/2793/2283 3676/2795/2284
f 3521/2585/2 3520/2536/2 3528/2533/2
f 3528/2533/2 3529/2635/2 3523/2540/2
f 3528/2533/2 3523/2540/2 3522/2583/2
f 3543/2532/2 3521/2585/2 3528/2533/2
f 3528/2533/2 3522/2583/2 3542/2531/2
f 3524/2534/6 3530/2605/6 3528/2535/6
f 3519/2538/7 3515/2684/7 3538/2710/7
f 3538/2710/7 3557/2553/7 3534/2709/7
f 3523/2540/7 3529/2685/7 3531/2541/7
f 3536/2711/1702 3533/2715/1869 3559/2712/1703
f 3512/2546/2014 3539/2716/2015 3532/2714/2016
f 3516/2549/2184 3517/2574/1794 3533/2715/1708
f 3542/2531/11 3540/2631/11 3541/2551/11
f 3538/2710/1710 3537/2725/1796 3558/2552/1711
f 3539/2716/1713 3556/2713/2017 3559/2712/1714
f 3534/2709/1716 3557/2553/2018 3558/2552/1717
f 3549/2718/1725 3548/2559/2285 3553/2557/2185
f 3548/2559/1722 3547/2724/2286 3555/2719/2187
f 3551/2720/1725 3550/2722/1728 3545/2562/1726
f 3550/2722/1728 3554/2767/2287 3546/2723/2190
f 3544/2721/1730 3526/2643/1739 3540/2566/1731
f 3546/2723/7 3522/2686/7 3526/2644/7
f 3546/2723/7 3526/2644/7 3544/2721/7
f 3546/2723/1733 3554/2767/2022 3542/2567/1734
f 3549/2718/6 3525/2687/6 3521/2647/6
f 3549/2718/6 3521/2647/6 3547/2724/6
f 3521/2570/1736 3543/2648/1816 3555/2719/1737
f 3525/2571/1731 3549/2718/2288 3552/2558/1730
f 3540/2573/6 3542/2688/6 3554/2767/6
f 3540/2573/6 3554/2767/6 3550/2722/6
f 3555/2719/2023 3543/2689/2023 3541/2649/2023
f 3555/2719/2024 3541/2649/2024 3552/2558/2024
f 3517/2574/7 3513/2650/7 3532/2575/7
f 3519/2576/2025 3534/2709/2026 3535/2717/2289
f 3515/2578/2191 3514/2651/1705 3537/2725/2192
f 3518/2577/6 3535/2717/6 3537/2580/6
f 3512/2582/6 3516/2690/6 3536/2711/6
f 3536/2711/6 3556/2713/6 3539/2716/6
f 3527/2542/11 3526/2632/11 3522/2583/11
f 3525/2584/11 3524/2534/11 3520/2536/11
f 3566/2728/7 3560/2769/7 3561/2796/7
f 3561/2796/7 3562/2797/7 3563/2726/7
f 3563/2726/7 3564/2744/7 3565/2727/7
f 3566/2728/7 3561/2796/7 3563/2726/7
f 3571/2730/2290 3570/2737/2290 3569/2736/2290
f 3568/2731/2195 3567/2732/2291 3575/2798/2292
f 3575/2798/2292 3574/2741/2293 3573/2729/2193
f 3573/2729/2193 3572/2799/2294 3571/2730/2194
f 3571/2730/2194 3569/2736/2295 3568/2731/2195
f 3568/2731/2195 3575/2798/2292 3573/2729/2193
f 3567/2732/2296 3568/2731/2296 3577/2733/2296
f 3568/2731/2297 3569/2736/2297 3579/2735/2297
f 3570/2737/2298 3571/2730/2298 3582/2739/2298
f 3571/2730/2199 3572/2799/2299 3584/2738/2200
f 3572/2799/2300 3573/2729/2300 3584/2738/2300
f 3573/2729/2301 3574/2741/2301 3586/2740/2301
f 3574/2741/2302 3575/2798/2302 3588/2734/2302
f 3575/2798/2303 3567/2732/2303 3588/2734/2303
f 3530/2605/1 3531/2694/1 3529/2606/1
f 3587/2742/2204 3576/2752/2304 3566/2728/2205
f 3585/2743/2207 3587/2742/2204 3565/2727/2206
f 3583/2745/2209 3585/2743/2305 3564/2744/2210
f 3581/2747/2212 3583/2745/2209 3563/2746/2211
f 3580/2613/2214 3581/2747/2212 3562/2748/2213
f 3578/2751/2216 3580/2695/2214 3561/2750/2215
f 3576/2752/2218 3578/2751/2216 3560/2617/2217
f 3582/2800/2306 3584/2801/6 3595/2760/2307
f 3595/2760/2307 3594/2762/2308 3593/2754/2221
f 3591/2755/2222 3579/2802/2309 3570/2753/2220
f 3582/2800/2306 3595/2760/2307 3593/2754/2221
f 3570/2753/2220 3582/2800/2306 3593/2754/2221
f 3530/2633/1789 3524/2534/4 3525/2584/4
f 3530/2633/1789 3525/2584/4 3541/2551/1174
f 3527/2542/2055 3531/2699/4 3530/2633/1789
f 3526/2632/1788 3527/2542/2055 3530/2633/1789
f 3530/2633/1789 3541/2551/1174 3540/2631/1787
f 3577/2803/2310 3579/2802/2309 3591/2755/2222
f 3591/2755/2222 3590/2764/2311 3589/2757/2312
f 3598/2756/2313 3597/2759/2314 3595/2760/2307
f 3577/2803/2310 3591/2755/2222 3589/2757/2312
f 3595/2760/2307 3584/2801/6 3586/2804/6
f 3577/2803/2310 3589/2757/2312 3598/2756/2313
f 3588/2795/6 3577/2803/2310 3598/2756/2313
f 3598/2756/2313 3595/2760/2307 3586/2804/6
f 3598/2756/2313 3586/2804/6 3588/2795/6
f 3610/2583/2 3611/2540/2 3617/2635/2
f 3617/2635/2 3616/2533/2 3608/2536/2
f 3617/2635/2 3608/2536/2 3609/2585/2
f 3630/2531/2 3610/2583/2 3617/2635/2
f 3617/2635/2 3609/2585/2 3631/2532/2
f 3616/2535/7 3618/2605/7 3612/2534/7
f 3626/2710/6 3603/2684/6 3607/2538/6
f 3645/2553/6 3626/2710/6 3607/2538/6
f 3619/2541/6 3617/2685/6 3611/2540/6
f 3624/2711/1716 3644/2713/2018 3647/2712/1717
f 3620/2714/2192 3627/2716/1747 3600/2546/2191
f 3604/2549/2059 3624/2711/2060 3621/2715/2061
f 3629/2551/11 3628/2631/11 3630/2531/11
f 3626/2710/1713 3645/2553/2017 3646/2552/1714
f 3647/2712/1711 3644/2713/1712 3627/2716/1710
f 3646/2552/1703 3645/2553/1704 3622/2709/1702
f 3641/2638/1798 3636/2559/2315 3637/2718/2229
f 3643/2766/2230 3635/2724/2316 3636/2559/2231
f 3633/2562/1804 3638/2722/1808 3639/2720/1805
f 3634/2723/2233 3642/2767/2317 3638/2722/1808
f 3632/2721/1809 3639/2720/1817 3628/2566/1810
f 3614/2644/6 3610/2686/6 3634/2723/6
f 3614/2644/6 3634/2723/6 3633/2562/6
f 3634/2723/1811 3610/2568/1735 3630/2567/1812
f 3609/2647/7 3613/2687/7 3637/2718/7
f 3609/2647/7 3637/2718/7 3636/2559/7
f 3609/2570/1814 3635/2724/2065 3643/2766/1815
f 3613/2571/1810 3629/2572/1739 3640/2765/1809
f 3642/2767/7 3630/2688/7 3628/2573/7
f 3642/2767/7 3628/2573/7 3639/2720/7
f 3629/2649/2066 3631/2689/2066 3643/2766/2066
f 3629/2649/2067 3643/2766/2067 3641/2638/2067
f 3605/2574/6 3621/2715/6 3620/2575/6
f 3623/2717/1819 3622/2709/2068 3607/2576/1820
f 3603/2578/2014 3626/2710/2015 3625/2725/2016
f 3625/2580/7 3623/2717/7 3606/2577/7
f 3624/2711/7 3604/2690/7 3600/2582/7
f 3644/2713/7 3624/2711/7 3600/2582/7
f 3610/2583/11 3614/2632/11 3615/2542/11
f 3608/2536/11 3612/2534/11 3613/2584/11
f 3654/2728/6 3653/2727/6 3652/2744/6
f 3652/2744/6 3651/2726/6 3650/2768/6
f 3650/2768/6 3649/2796/6 3648/2769/6
f 3648/2769/6 3654/2728/6 3652/2744/6
f 3660/2781/2318 3661/2780/2319 3662/2771/2235
f 3655/2772/2236 3656/2776/2320 3657/2777/2321
f 3657/2777/2321 3658/2779/2322 3659/2770/2234
f 3659/2770/2234 3660/2781/2318 3662/2771/2235
f 3662/2771/2235 3663/2774/2323 3655/2772/2236
f 3655/2772/2236 3657/2777/2321 3659/2770/2234
f 3665/2773/2324 3655/2772/2324 3663/2774/2324
f 3667/2735/2238 3656/2776/2325 3655/2772/2239
f 3669/2775/2241 3657/2777/2326 3656/2776/2242
f 3671/2739/2244 3658/2779/2327 3657/2777/2245
f 3673/2778/2247 3659/2770/2328 3658/2779/2248
f 3673/2778/2329 3660/2781/2329 3659/2770/2329
f 3676/2734/2330 3663/2774/2330 3662/2771/2330
f 3617/2606/1 3619/2694/1 3618/2605/1
f 3654/2728/2252 3666/2789/2331 3675/2782/2253
f 3653/2727/2255 3675/2782/2332 3674/2783/2256
f 3652/2744/2258 3674/2783/2333 3672/2784/2259
f 3651/2746/1928 3672/2784/1929 3670/2785/2261
f 3650/2749/2263 3670/2805/2334 3668/2787/2264
f 3649/2750/2266 3668/2787/2335 3664/2788/2267
f 3648/2617/2269 3664/2788/2336 3666/2789/2270
f 3682/2790/2273 3683/2762/2337 3684/2760/2338
f 3684/2760/2338 3673/2806/7 3671/2800/2339
f 3669/2791/2274 3667/2802/7 3680/2755/2272
f 3682/2790/2273 3684/2760/2338 3671/2800/2339
f 3682/2790/2273 3671/2800/2339 3669/2791/2274
f 3613/2584/4 3612/2534/4 3618/2633/1868
f 3618/2633/1868 3619/2699/4 3615/2542/2096
f 3618/2633/1868 3615/2542/2096 3614/2632/2097
f 3629/2551/1174 3613/2584/4 3618/2633/1868
f 3618/2633/1868 3614/2632/2097 3628/2631/1787
f 3684/2760/2338 3686/2759/2340 3687/2794/2341
f 3687/2794/2282 3688/2758/2342 3678/2793/2283
f 3678/2793/2283 3679/2764/2343 3680/2755/2272
f 3680/2755/2272 3667/2802/7 3665/2807/7
f 3678/2793/2283 3680/2755/2272 3665/2807/7
f 3678/2793/2283 3665/2807/7 3676/2795/2284
f 3673/2806/7 3684/2760/2338 3687/2794/2341
f 3661/2804/2344 3673/2806/2344 3687/2794/2344
f 3676/2795/2284 3661/2804/2345 3687/2794/2282
f 3719/2531/4 3720/2532/4 3705/2533/4
f 3701/2534/7 3705/2535/7 3697/2536/7
f 3711/2808/6 3696/2538/6 3715/2710/6
f 3700/2540/6 3708/2541/6 3704/2542/6
f 3713/2809/1710 3736/2810/1711 3733/2811/1712
f 3689/2546/1794 3709/2812/2346 3690/2548/1794
f 3693/2549/1745 3710/2813/1746 3713/2809/1747
f 3719/2531/11 3718/2551/11 3720/2532/11
f 3715/2710/1702 3735/2552/1703 3734/2553/1704
f 3716/2637/1716 3736/2810/1717 3709/2812/1793
f 3711/2808/1713 3735/2552/1714 3712/2717/1715
f 3726/2814/1951 3730/2815/2347 3729/2816/2348
f 3725/2817/1948 3732/2560/1949 3730/2815/1950
f 3728/2818/1951 3722/2562/1952 3721/2563/1953
f 3727/2564/1954 3723/2565/1955 3722/2562/1952
f 3721/2563/1956 3717/2566/1957 3728/2818/1958
f 3721/2563/6 3722/2562/6 3723/2565/6
f 3723/2565/1959 3719/2567/1960 3699/2568/1961
f 3724/2819/7 3725/2817/7 3726/2814/7
f 3698/2570/1962 3732/2560/1963 3724/2819/1964
f 3702/2571/1957 3729/2816/1956 3718/2572/1884
f 3727/2564/7 3728/2818/7 3717/2573/7
f 3729/2816/1965 3730/2815/1966 3732/2560/2349
f 3694/2574/6 3709/2575/6 3710/2813/6
f 3696/2576/1968 3712/2717/2350 3695/2577/1968
f 3692/2578/1707 3714/2820/1708 3715/2710/1709
f 3695/2577/7 3714/2580/7 3691/2581/7
f 3716/2637/7 3689/2582/7 3713/2809/7
f 3704/2542/11 3699/2583/11 3700/2540/11
f 3702/2584/11 3697/2536/11 3698/2585/11
f 3740/2821/6 3741/2822/6 3743/2588/6
f 3750/2823/2351 3747/2824/2352 3745/2825/2353
f 3745/2825/2354 3757/2826/2354 3755/2827/2354
f 3746/2828/2355 3759/2597/2356 3757/2826/2357
f 3747/2824/2358 3748/2829/2358 3759/2597/2358
f 3749/2830/2359 3762/2831/2359 3748/2829/2359
f 3751/2832/2360 3764/2833/2360 3762/2831/2360
f 3752/2834/2361 3753/2835/2361 3764/2833/2361
f 3707/2605/1 3706/2606/1 3705/2535/1
f 3765/2836/2362 3743/2588/2363 3742/2837/2364
f 3763/2609/2365 3742/2837/2366 3741/2822/2367
f 3761/2671/2368 3741/2822/2369 3740/2838/2370
f 3760/2839/2371 3740/2838/2370 3739/2612/2372
f 3758/2613/2373 3739/2612/2374 3738/2614/2375
f 3756/2615/2376 3738/2840/2377 3737/2841/2378
f 3754/2842/2379 3737/2841/2380 3743/2588/2381
f 3759/2843/2382 3771/2844/2383 3769/2845/2384
f 3777/2622/2004 3766/2846/2004 3776/2847/2004
f 3774/2848/2385 3776/2847/2385 3775/2849/2385
f 3774/2848/2386 3775/2849/2386 3773/2627/2386
f 3771/2844/2387 3773/2627/2387 3772/2850/2387
f 3771/2844/2388 3772/2850/2388 3770/2851/2388
f 3767/2852/2389 3769/2845/2389 3768/2853/2389
f 3767/2852/2390 3768/2853/2390 3766/2846/2390
f 3717/2631/1943 3703/2632/2009 3707/2633/2010
f 3764/2854/2391 3777/2622/2392 3774/2848/2393
f 3795/2635/4 3809/2532/4 3808/2531/4
f 3794/2535/6 3790/2534/6 3786/2536/6
f 3785/2538/7 3800/2808/7 3823/2553/7
f 3797/2541/7 3789/2540/7 3793/2542/7
f 3802/2809/1713 3825/2810/1714 3799/2813/1715
f 3798/2812/1708 3778/2546/1707 3779/2548/1794
f 3782/2549/1705 3799/2813/1706 3783/2574/1705
f 3807/2551/11 3808/2531/11 3809/2532/11
f 3804/2710/1716 3824/2552/1717 3803/2820/1793
f 3825/2810/1703 3805/2637/1702 3798/2812/1869
f 3824/2552/1711 3800/2808/1710 3801/2717/1870
f 3819/2855/1871 3815/2814/2394 3818/2856/1879
f 3821/2641/1874 3814/2857/1875 3819/2855/1876
f 3811/2562/1877 3817/2818/1878 3810/2563/1879
f 3812/2565/1880 3816/2642/1881 3811/2562/1877
f 3810/2563/1882 3806/2566/1883 3792/2643/1884
f 3811/2562/7 3810/2563/7 3792/2644/7
f 3812/2565/1885 3808/2567/1886 3820/2645/1887
f 3814/2857/6 3813/2819/6 3787/2647/6
f 3787/2570/1888 3821/2641/1889 3809/2648/1890
f 3791/2571/1883 3818/2856/1882 3815/2814/1891
f 3817/2818/6 3816/2642/6 3820/2645/6
f 3819/2855/2395 3818/2856/2395 3807/2649/2395
f 3783/2574/7 3798/2575/7 3779/2650/7
f 3801/2717/1893 3785/2576/1894 3784/2577/1895
f 3781/2578/1794 3803/2820/1795 3780/2651/1794
f 3803/2580/6 3784/2577/6 3780/2581/6
f 3778/2582/6 3805/2637/6 3822/2811/6
f 3788/2583/11 3793/2542/11 3789/2540/11
f 3786/2536/11 3791/2584/11 3787/2585/11
f 3829/2858/7 3828/2859/7 3826/2860/7
f 3839/2861/2396 3841/2862/1897 3833/2863/1898
f 3834/2864/2397 3833/2863/2397 3844/2865/2397
f 3846/2826/2398 3835/2866/2398 3834/2864/2398
f 3848/2597/1901 3836/2867/2399 3846/2826/2400
f 3838/2868/2401 3837/2869/2401 3848/2597/2401
f 3852/2870/1905 3839/2861/2402 3850/2871/2403
f 3854/2833/2404 3840/2666/2405 3852/2870/2406
f 3844/2865/2407 3842/2872/2407 3854/2833/2407
f 3795/2606/1 3796/2605/1 3794/2535/1
f 3832/2873/2408 3855/2836/2409 3831/2837/2410
f 3831/2837/2411 3853/2609/2412 3830/2587/2413
f 3830/2587/1918 3851/2671/1919 3829/2858/1920
f 3829/2858/1921 3849/2839/1922 3828/2874/1923
f 3828/2874/1924 3847/2613/1925 3827/2614/1926
f 3827/2840/2261 3845/2615/1928 3826/2675/1929
f 3826/2675/2259 3843/2842/2258 3832/2873/2333
f 3859/2676/2414 3861/2844/2415 3848/2843/1935
f 3866/2875/2416 3864/2848/2416 3865/2849/2416
f 3865/2849/2417 3864/2848/2417 3863/2627/2417
f 3863/2627/2418 3861/2844/2418 3862/2850/2418
f 3862/2850/2419 3861/2844/2419 3860/2876/2419
f 3859/2676/2420 3857/2629/2420 3858/2853/2420
f 3858/2853/2421 3857/2629/2421 3856/2846/2421
f 3796/2633/1942 3806/2631/1943 3807/2551/1943
f 3864/2848/2422 3866/2875/2423 3854/2854/2424
f 3698/2585/4 3697/2536/4 3705/2533/4
f 3705/2533/4 3706/2635/4 3700/2540/4
f 3705/2533/4 3700/2540/4 3699/2583/4
f 3720/2532/4 3698/2585/4 3705/2533/4
f 3705/2533/4 3699/2583/4 3719/2531/4
f 3701/2534/7 3707/2605/7 3705/2535/7
f 3696/2538/6 3692/2684/6 3715/2710/6
f 3715/2710/6 3734/2553/6 3711/2808/6
f 3700/2540/6 3706/2685/6 3708/2541/6
f 3713/2809/1710 3710/2813/1796 3736/2810/1711
f 3689/2546/2059 3716/2637/2060 3709/2812/2061
f 3693/2549/1745 3694/2574/1705 3710/2813/1746
f 3719/2531/11 3717/2631/11 3718/2551/11
f 3715/2710/1702 3714/2820/1869 3735/2552/1703
f 3716/2637/1716 3733/2811/2018 3736/2810/1717
f 3711/2808/1713 3734/2553/2017 3735/2552/1714
f 3726/2814/1951 3725/2817/2425 3730/2815/2347
f 3725/2817/1948 3724/2819/2426 3732/2560/1949
f 3728/2818/1951 3727/2564/1954 3722/2562/1952
f 3727/2564/1954 3731/2645/2147 3723/2565/1955
f 3721/2563/1956 3703/2643/1884 3717/2566/1957
f 3723/2565/6 3699/2686/6 3703/2644/6
f 3723/2565/6 3703/2644/6 3721/2563/6
f 3723/2565/1959 3731/2645/2148 3719/2567/1960
f 3726/2814/7 3702/2687/7 3698/2647/7
f 3726/2814/7 3698/2647/7 3724/2819/7
f 3698/2570/1962 3720/2648/1890 3732/2560/1963
f 3702/2571/1957 3726/2814/2427 3729/2816/1956
f 3717/2573/7 3719/2688/7 3731/2645/7
f 3717/2573/7 3731/2645/7 3727/2564/7
f 3732/2560/2066 3720/2689/2066 3718/2649/2066
f 3732/2560/2149 3718/2649/2149 3729/2816/2149
f 3694/2574/6 3690/2650/6 3709/2575/6
f 3696/2576/2150 3711/2808/2151 3712/2717/2152
f 3692/2578/1707 3691/2651/1794 3714/2820/1708
f 3695/2577/7 3712/2717/7 3714/2580/7
f 3689/2582/7 3693/2690/7 3713/2809/7
f 3713/2809/7 3733/2811/7 3716/2637/7
f 3704/2542/11 3703/2632/11 3699/2583/11
f 3702/2584/11 3701/2534/11 3697/2536/11
f 3743/2588/6 3737/2877/6 3738/2878/6
f 3738/2878/6 3739/2693/6 3740/2821/6
f 3741/2822/6 3742/2837/6 3743/2588/6
f 3743/2588/6 3738/2878/6 3740/2821/6
f 3744/2879/2428 3753/2835/2429 3752/2834/2430
f 3749/2830/2431 3748/2829/2432 3747/2824/2352
f 3745/2825/2353 3744/2879/2428 3752/2834/2430
f 3752/2834/2430 3751/2832/2157 3750/2823/2351
f 3750/2823/2351 3749/2830/2431 3747/2824/2352
f 3747/2824/2352 3746/2828/2433 3745/2825/2353
f 3745/2825/2353 3752/2834/2430 3750/2823/2351
f 3753/2835/2434 3744/2879/2434 3755/2827/2434
f 3744/2879/2435 3745/2825/2435 3755/2827/2435
f 3745/2825/2436 3746/2828/2436 3757/2826/2436
f 3746/2828/2355 3747/2824/2437 3759/2597/2356
f 3749/2830/2438 3750/2823/2438 3762/2831/2438
f 3750/2823/2439 3751/2832/2439 3762/2831/2439
f 3751/2832/2440 3752/2834/2440 3764/2833/2440
f 3707/2605/1 3708/2694/1 3706/2606/1
f 3765/2836/2362 3754/2842/2441 3743/2588/2363
f 3763/2609/2365 3765/2836/2442 3742/2837/2366
f 3761/2671/2368 3763/2609/2443 3741/2822/2369
f 3760/2839/2371 3761/2671/2368 3740/2838/2370
f 3758/2613/2373 3760/2839/2444 3739/2612/2374
f 3756/2615/2376 3758/2695/2445 3738/2840/2377
f 3754/2842/2379 3756/2615/2446 3737/2841/2380
f 3771/2844/2447 3770/2851/2447 3769/2845/2447
f 3767/2852/2448 3755/2880/7 3757/2705/2449
f 3759/2843/2382 3748/2881/2450 3771/2844/2383
f 3769/2845/2384 3767/2852/2448 3757/2705/2449
f 3769/2845/2384 3757/2705/2449 3759/2843/2382
f 3707/2633/2010 3701/2534/2 3702/2584/1943
f 3707/2633/2010 3702/2584/1943 3718/2551/1943
f 3704/2542/2180 3708/2699/2 3707/2633/2010
f 3703/2632/2009 3704/2542/2180 3707/2633/2010
f 3707/2633/2010 3718/2551/1943 3717/2631/1943
f 3767/2852/2448 3766/2846/2181 3777/2622/2451
f 3777/2622/2392 3776/2847/2452 3774/2848/2393
f 3774/2848/2393 3773/2627/2453 3771/2844/2383
f 3771/2844/2383 3748/2881/2450 3762/2882/2454
f 3774/2848/2393 3771/2844/2383 3762/2882/2454
f 3755/2880/7 3767/2852/2448 3777/2622/2451
f 3753/2883/2455 3755/2880/2455 3777/2622/2455
f 3774/2848/2393 3762/2882/2454 3764/2854/2391
f 3764/2854/2391 3753/2883/2456 3777/2622/2392
f 3788/2583/4 3789/2540/4 3795/2635/4
f 3795/2635/4 3794/2533/4 3786/2536/4
f 3795/2635/4 3786/2536/4 3787/2585/4
f 3808/2531/4 3788/2583/4 3795/2635/4
f 3795/2635/4 3787/2585/4 3809/2532/4
f 3794/2535/6 3796/2605/6 3790/2534/6
f 3804/2710/7 3781/2684/7 3785/2538/7
f 3823/2553/7 3804/2710/7 3785/2538/7
f 3797/2541/7 3795/2685/7 3789/2540/7
f 3802/2809/1713 3822/2811/2017 3825/2810/1714
f 3798/2812/1708 3805/2637/1709 3778/2546/1707
f 3782/2549/2014 3802/2809/2015 3799/2813/2016
f 3807/2551/11 3806/2631/11 3808/2531/11
f 3804/2710/1716 3823/2553/2018 3824/2552/1717
f 3825/2810/1703 3822/2811/1704 3805/2637/1702
f 3824/2552/1711 3823/2553/1712 3800/2808/1710
f 3819/2855/1871 3814/2857/2457 3815/2814/2394
f 3821/2641/1874 3813/2819/2105 3814/2857/1875
f 3811/2562/1877 3816/2642/1881 3817/2818/1878
f 3812/2565/1880 3820/2645/2106 3816/2642/1881
f 3810/2563/1882 3817/2818/1891 3806/2566/1883
f 3792/2644/7 3788/2686/7 3812/2565/7
f 3792/2644/7 3812/2565/7 3811/2562/7
f 3812/2565/1885 3788/2568/1961 3808/2567/1886
f 3787/2647/6 3791/2687/6 3815/2814/6
f 3787/2647/6 3815/2814/6 3814/2857/6
f 3787/2570/1888 3813/2819/2107 3821/2641/1889
f 3791/2571/1883 3807/2572/1884 3818/2856/1882
f 3820/2645/6 3808/2688/6 3806/2573/6
f 3820/2645/6 3806/2573/6 3817/2818/6
f 3807/2649/2023 3809/2689/2023 3821/2641/2023
f 3807/2649/2458 3821/2641/2458 3819/2855/2458
f 3783/2574/7 3799/2813/7 3798/2575/7
f 3801/2717/1893 3800/2808/2109 3785/2576/1894
f 3781/2578/2059 3804/2710/2060 3803/2820/2061
f 3803/2580/6 3801/2717/6 3784/2577/6
f 3802/2809/6 3782/2690/6 3778/2582/6
f 3822/2811/6 3802/2809/6 3778/2582/6
f 3788/2583/11 3792/2632/11 3793/2542/11
f 3786/2536/11 3790/2534/11 3791/2584/11
f 3826/2860/7 3832/2873/7 3831/2837/7
f 3831/2837/7 3830/2587/7 3829/2858/7
f 3828/2859/7 3827/2878/7 3826/2860/7
f 3826/2860/7 3831/2837/7 3829/2858/7
f 3833/2863/1898 3834/2864/2459 3835/2866/2460
f 3837/2869/2112 3838/2868/2461 3839/2861/2396
f 3833/2863/1898 3835/2866/2460 3836/2867/2114
f 3836/2867/2114 3837/2869/2112 3839/2861/2396
f 3839/2861/2396 3840/2666/2462 3841/2862/1897
f 3841/2862/1897 3842/2872/2116 3833/2863/1898
f 3833/2863/1898 3836/2867/2114 3839/2861/2396
f 3846/2826/2463 3836/2867/2463 3835/2866/2463
f 3848/2597/1901 3837/2869/2118 3836/2867/2399
f 3850/2871/2464 3839/2861/2464 3838/2868/2464
f 3852/2870/1905 3840/2666/2465 3839/2861/2402
f 3854/2833/2404 3841/2862/2466 3840/2666/2405
f 3854/2833/2467 3842/2872/2467 3841/2862/2467
f 3844/2865/2468 3833/2863/2468 3842/2872/2468
f 3795/2606/1 3797/2694/1 3796/2605/1
f 3832/2873/2408 3843/2842/2469 3855/2836/2409
f 3831/2837/2411 3855/2836/2470 3853/2609/2412
f 3830/2587/1918 3853/2609/2126 3851/2671/1919
f 3829/2858/1921 3851/2671/2127 3849/2839/1922
f 3828/2874/1924 3849/2839/2128 3847/2613/1925
f 3827/2840/2261 3847/2695/2129 3845/2615/1928
f 3826/2675/2259 3845/2615/2260 3843/2842/2258
f 3846/2705/2131 3834/2884/2471 3857/2629/2472
f 3859/2676/2134 3860/2876/2134 3861/2844/2134
f 3861/2844/2415 3850/2885/2473 3838/2696/2474
f 3861/2844/2415 3838/2696/2474 3848/2843/1935
f 3846/2705/2131 3857/2629/2472 3859/2676/2414
f 3848/2843/1935 3846/2705/2131 3859/2676/2414
f 3791/2584/1943 3790/2534/2 3796/2633/1942
f 3796/2633/1942 3797/2699/2 3793/2542/2137
f 3796/2633/1942 3793/2542/2137 3792/2632/2138
f 3807/2551/1943 3791/2584/1943 3796/2633/1942
f 3796/2633/1942 3792/2632/2138 3806/2631/1943
f 3861/2844/2415 3863/2627/2475 3864/2848/2422
f 3866/2875/2476 3856/2846/2476 3857/2629/2476
f 3857/2629/2472 3834/2884/2471 3844/2886/2477
f 3850/2885/2473 3861/2844/2415 3864/2848/2422
f 3852/2887/6 3850/2885/2473 3864/2848/2422
f 3866/2875/2478 3857/2629/2478 3844/2886/2478
f 3854/2854/2424 3852/2887/6 3864/2848/2422
f 3866/2875/2423 3844/2886/2479 3854/2854/2424
f 3897/2531/2 3898/2532/2 3883/2533/2
f 3879/2534/6 3883/2535/6 3875/2536/6
f 3889/2888/7 3874/2538/7 3893/2539/7
f 3878/2540/7 3886/2541/7 3882/2542/7
f 3891/2889/1702 3914/2890/1703 3911/2891/1704
f 3867/2546/1705 3887/2892/2350 3868/2548/1705
f 3871/2549/2184 3888/2893/1708 3891/2889/1709
f 3897/2531/11 3896/2551/11 3898/2532/11
f 3893/2539/1710 3913/2894/1711 3912/2553/1712
f 3894/2895/1713 3914/2890/1714 3887/2892/1715
f 3889/2888/1716 3913/2894/1717 3890/2717/1793
f 3904/2896/1725 3908/2897/2185 3907/2558/2186
f 3903/2898/1722 3910/2899/2187 3908/2897/2188
f 3906/2720/1725 3900/2562/1726 3899/2900/2189
f 3905/2722/1728 3901/2901/2190 3900/2562/1726
f 3899/2900/1730 3895/2566/1731 3906/2720/1732
f 3899/2900/7 3900/2562/7 3901/2901/7
f 3901/2901/1733 3897/2567/1734 3877/2568/1735
f 3902/2902/6 3903/2898/6 3904/2896/6
f 3876/2570/1736 3910/2899/1737 3902/2902/1738
f 3880/2571/1731 3907/2558/1730 3896/2572/1739
f 3905/2722/6 3906/2720/6 3895/2573/6
f 3907/2558/1740 3908/2897/1741 3910/2899/1742
f 3872/2574/7 3887/2575/7 3888/2893/7
f 3874/2576/1743 3890/2717/1744 3873/2577/1743
f 3870/2578/2191 3892/2820/2192 3893/2539/1747
f 3873/2577/6 3892/2580/6 3869/2581/6
f 3894/2895/6 3867/2582/6 3891/2889/6
f 3882/2542/11 3877/2583/11 3878/2540/11
f 3880/2584/11 3875/2536/11 3876/2585/11
f 3918/2903/7 3920/2727/7 3921/2728/7
f 3927/2729/2480 3925/2904/2481 3923/2905/2482
f 3929/2906/2483 3931/2907/2483 3943/2734/2483
f 3922/2908/2484 3933/2909/2485 3931/2907/2486
f 3923/2905/2487 3935/2775/2488 3933/2909/2489
f 3924/2910/2490 3937/2911/2491 3935/2775/2492
f 3926/2799/2493 3939/2912/2493 3937/2911/2493
f 3927/2729/2494 3941/2740/2494 3939/2912/2494
f 3928/2913/2495 3943/2734/2495 3941/2740/2495
f 3885/2605/1 3884/2606/1 3883/2535/1
f 3942/2914/2496 3921/2728/2497 3920/2727/2498
f 3940/2743/2499 3920/2727/2498 3919/2915/2500
f 3938/2916/2501 3919/2915/2502 3918/2917/2503
f 3936/2918/2504 3918/2917/2505 3917/2748/2506
f 3934/2695/2507 3917/2749/2506 3916/2919/2508
f 3930/2920/2509 3916/2919/2508 3915/2921/2510
f 3932/2789/2511 3915/2921/2512 3921/2728/2513
f 3935/2791/2514 3948/2922/2515 3946/2923/2516
f 3953/2924/2517 3944/2925/2517 3954/2926/2517
f 3953/2924/2224 3954/2926/2224 3952/2759/2224
f 3950/2927/2518 3952/2759/2518 3951/2928/2518
f 3950/2927/2519 3951/2928/2519 3949/2929/2519
f 3946/2923/2227 3948/2922/2227 3947/2930/2227
f 3946/2923/2228 3947/2930/2228 3945/2931/2228
f 3895/2631/1787 3881/2632/1788 3885/2633/1789
f 3972/2635/2 3986/2532/2 3985/2531/2
f 3971/2535/7 3967/2534/7 3963/2536/7
f 3962/2538/6 3977/2888/6 4000/2553/6
f 3974/2541/6 3966/2540/6 3970/2542/6
f 3979/2889/1716 4002/2890/1717 3976/2932/1793
f 3975/2892/2192 3955/2546/2191 3956/2548/1705
f 3959/2549/1794 3976/2932/1795 3960/2574/1794
f 3984/2551/11 3985/2531/11 3986/2532/11
f 3981/2539/1713 4001/2894/1714 3980/2933/1715
f 4002/2890/1711 3982/2895/1710 3975/2892/1796
f 4001/2894/1703 3977/2888/1702 3978/2717/1869
f 3996/2934/1798 3992/2935/2229 3995/2765/1806
f 3998/2936/2230 3991/2937/2231 3996/2934/1803
f 3988/2562/1804 3994/2720/1805 3987/2900/2232
f 3989/2901/2233 3993/2722/1808 3988/2562/1804
f 3987/2900/1809 3983/2566/1810 3969/2643/1739
f 3988/2562/6 3987/2900/6 3969/2644/6
f 3989/2901/1811 3985/2567/1812 3997/2938/1813
f 3991/2937/7 3990/2939/7 3964/2647/7
f 3964/2570/1814 3998/2936/1815 3986/2648/1816
f 3968/2571/1810 3995/2765/1809 3992/2935/1817
f 3994/2720/7 3993/2722/7 3997/2938/7
f 3996/2934/1818 3995/2765/1818 3984/2649/1818
f 3960/2574/6 3975/2575/6 3956/2650/6
f 3978/2717/1819 3962/2576/1820 3961/2577/1821
f 3958/2578/1705 3980/2933/1706 3957/2651/1705
f 3980/2580/7 3961/2577/7 3957/2581/7
f 3955/2582/7 3982/2895/7 3999/2891/7
f 3965/2583/11 3970/2542/11 3966/2540/11
f 3963/2536/11 3968/2584/11 3964/2585/11
f 4007/2940/6 4005/2941/6 4003/2942/6
f 4014/2943/2520 4016/2944/2521 4010/2945/2522
f 4019/2907/2523 4017/2946/2524 4021/2947/2525
f 4022/2909/2526 4010/2945/2527 4019/2907/2240
f 4024/2775/2528 4011/2948/2242 4022/2909/2243
f 4026/2911/2529 4012/2949/2530 4024/2775/2531
f 4028/2950/2532 4014/2943/2532 4026/2911/2532
f 4030/2951/2533 4015/2952/2533 4028/2950/2533
f 4021/2947/2534 4016/2944/2535 4030/2951/2536
f 3972/2606/1 3973/2605/1 3971/2535/1
f 4009/2953/2537 4031/2914/2538 4008/2954/2539
f 4008/2954/2540 4029/2743/2541 4007/2940/2542
f 4007/2940/2543 4027/2916/2544 4006/2917/2545
f 4006/2917/2546 4025/2918/2547 4005/2748/2548
f 4005/2749/2548 4023/2695/2549 4004/2919/2550
f 4004/2919/2550 4018/2920/2551 4003/2921/2552
f 4003/2921/2553 4020/2955/2554 4009/2953/2555
f 4034/2956/2556 4036/2957/2557 4024/2791/2558
f 4032/2958/2559 4041/2756/2559 4042/2926/2559
f 4042/2926/2560 4041/2756/2560 4040/2959/2560
f 4040/2959/2561 4038/2927/2561 4039/2928/2561
f 4039/2928/2562 4038/2927/2562 4037/2929/2562
f 4036/2957/2563 4034/2956/2563 4035/2960/2563
f 4035/2960/2280 4034/2956/2280 4033/2764/2280
f 3973/2633/1868 3983/2631/1787 3984/2551/1174
f 3876/2585/2 3875/2536/2 3883/2533/2
f 3883/2533/2 3884/2635/2 3878/2540/2
f 3883/2533/2 3878/2540/2 3877/2583/2
f 3898/2532/2 3876/2585/2 3883/2533/2
f 3883/2533/2 3877/2583/2 3897/2531/2
f 3879/2534/6 3885/2605/6 3883/2535/6
f 3874/2538/7 3870/2684/7 3893/2539/7
f 3893/2539/7 3912/2553/7 3889/2888/7
f 3878/2540/7 3884/2685/7 3886/2541/7
f 3891/2889/1702 3888/2893/1869 3914/2890/1703
f 3867/2546/2014 3894/2895/2015 3887/2892/2016
f 3871/2549/2184 3872/2574/1794 3888/2893/1708
f 3897/2531/11 3895/2631/11 3896/2551/11
f 3893/2539/1710 3892/2820/1796 3913/2894/1711
f 3894/2895/1713 3911/2891/2017 3914/2890/1714
f 3889/2888/1716 3912/2553/2018 3913/2894/1717
f 3904/2896/1725 3903/2898/2285 3908/2897/2185
f 3903/2898/1722 3902/2902/2286 3910/2899/2187
f 3906/2720/1725 3905/2722/1728 3900/2562/1726
f 3905/2722/1728 3909/2938/2287 3901/2901/2190
f 3899/2900/1730 3881/2643/1739 3895/2566/1731
f 3901/2901/7 3877/2686/7 3881/2644/7
f 3901/2901/7 3881/2644/7 3899/2900/7
f 3901/2901/1733 3909/2938/2022 3897/2567/1734
f 3904/2896/6 3880/2687/6 3876/2647/6
f 3904/2896/6 3876/2647/6 3902/2902/6
f 3876/2570/1736 3898/2648/1816 3910/2899/1737
f 3880/2571/1731 3904/2896/2288 3907/2558/1730
f 3895/2573/6 3897/2688/6 3909/2938/6
f 3895/2573/6 3909/2938/6 3905/2722/6
f 3910/2899/2023 3898/2689/2023 3896/2649/2023
f 3910/2899/2024 3896/2649/2024 3907/2558/2024
f 3872/2574/7 3868/2650/7 3887/2575/7
f 3874/2576/2025 3889/2888/2026 3890/2717/2289
f 3870/2578/2191 3869/2651/1705 3892/2820/2192
f 3873/2577/6 3890/2717/6 3892/2580/6
f 3867/2582/6 3871/2690/6 3891/2889/6
f 3891/2889/6 3911/2891/6 3894/2895/6
f 3882/2542/11 3881/2632/11 3877/2583/11
f 3880/2584/11 3879/2534/11 3875/2536/11
f 3921/2728/7 3915/2942/7 3916/2961/7
f 3916/2961/7 3917/2941/7 3918/2903/7
f 3918/2903/7 3919/2915/7 3920/2727/7
f 3921/2728/7 3916/2961/7 3918/2903/7
f 3923/2905/2482 3922/2908/2564 3929/2906/2565
f 3929/2906/2565 3928/2913/2566 3927/2729/2480
f 3927/2729/2480 3926/2799/2294 3925/2904/2481
f 3925/2904/2481 3924/2910/2567 3923/2905/2482
f 3923/2905/2482 3929/2906/2565 3927/2729/2480
f 3929/2906/2568 3922/2908/2568 3931/2907/2568
f 3922/2908/2484 3923/2905/2569 3933/2909/2485
f 3923/2905/2487 3924/2910/2570 3935/2775/2488
f 3924/2910/2490 3925/2904/2571 3937/2911/2491
f 3925/2904/2572 3926/2799/2572 3937/2911/2572
f 3926/2799/2573 3927/2729/2573 3939/2912/2573
f 3927/2729/2301 3928/2913/2301 3941/2740/2301
f 3928/2913/2574 3929/2906/2574 3943/2734/2574
f 3885/2605/1 3886/2694/1 3884/2606/1
f 3942/2914/2496 3932/2789/2575 3921/2728/2497
f 3940/2743/2499 3942/2914/2496 3920/2727/2498
f 3938/2916/2501 3940/2743/2576 3919/2915/2502
f 3936/2918/2504 3938/2916/2577 3918/2917/2505
f 3934/2613/2507 3936/2918/2504 3917/2748/2506
f 3930/2920/2509 3934/2695/2507 3916/2919/2508
f 3932/2789/2511 3930/2920/2578 3915/2921/2512
f 3950/2927/2579 3949/2929/2579 3948/2922/2579
f 3946/2923/2516 3933/2962/6 3935/2791/2514
f 3937/2963/2580 3950/2927/2580 3948/2922/2580
f 3935/2791/2514 3937/2963/2581 3948/2922/2515
f 3885/2633/1789 3879/2534/4 3880/2584/4
f 3885/2633/1789 3880/2584/4 3896/2551/1174
f 3882/2542/2055 3886/2699/4 3885/2633/1789
f 3881/2632/1788 3882/2542/2055 3885/2633/1789
f 3885/2633/1789 3896/2551/1174 3895/2631/1787
f 3931/2700/2582 3933/2962/6 3946/2923/2516
f 3946/2923/2516 3945/2931/2583 3944/2925/2312
f 3953/2924/2313 3952/2759/2314 3950/2927/2584
f 3950/2927/2584 3937/2963/6 3939/2964/6
f 3931/2700/2582 3946/2923/2516 3944/2925/2312
f 3950/2927/2584 3939/2964/6 3941/2804/6
f 3931/2700/2582 3944/2925/2312 3953/2924/2313
f 3943/2965/6 3931/2700/2582 3953/2924/2313
f 3953/2924/2313 3950/2927/2584 3941/2804/6
f 3953/2924/2313 3941/2804/6 3943/2965/6
f 3965/2583/2 3966/2540/2 3972/2635/2
f 3972/2635/2 3971/2533/2 3963/2536/2
f 3972/2635/2 3963/2536/2 3964/2585/2
f 3985/2531/2 3965/2583/2 3972/2635/2
f 3972/2635/2 3964/2585/2 3986/2532/2
f 3971/2535/7 3973/2605/7 3967/2534/7
f 3981/2539/6 3958/2684/6 3962/2538/6
f 4000/2553/6 3981/2539/6 3962/2538/6
f 3974/2541/6 3972/2685/6 3966/2540/6
f 3979/2889/1716 3999/2891/2018 4002/2890/1717
f 3975/2892/2192 3982/2895/1747 3955/2546/2191
f 3959/2549/2059 3979/2889/2060 3976/2932/2061
f 3984/2551/11 3983/2631/11 3985/2531/11
f 3981/2539/1713 4000/2553/2017 4001/2894/1714
f 4002/2890/1711 3999/2891/1712 3982/2895/1710
f 4001/2894/1703 4000/2553/1704 3977/2888/1702
f 3996/2934/1798 3991/2937/2315 3992/2935/2229
f 3998/2936/2230 3990/2939/2316 3991/2937/2231
f 3988/2562/1804 3993/2722/1808 3994/2720/1805
f 3989/2901/2233 3997/2938/2317 3993/2722/1808
f 3987/2900/1809 3994/2720/1817 3983/2566/1810
f 3969/2644/6 3965/2686/6 3989/2901/6
f 3969/2644/6 3989/2901/6 3988/2562/6
f 3989/2901/1811 3965/2568/1735 3985/2567/1812
f 3964/2647/7 3968/2687/7 3992/2935/7
f 3964/2647/7 3992/2935/7 3991/2937/7
f 3964/2570/1814 3990/2939/2065 3998/2936/1815
f 3968/2571/1810 3984/2572/1739 3995/2765/1809
f 3997/2938/7 3985/2688/7 3983/2573/7
f 3997/2938/7 3983/2573/7 3994/2720/7
f 3984/2649/2066 3986/2689/2066 3998/2936/2066
f 3984/2649/2067 3998/2936/2067 3996/2934/2067
f 3960/2574/6 3976/2932/6 3975/2575/6
f 3978/2717/1819 3977/2888/2068 3962/2576/1820
f 3958/2578/2014 3981/2539/2015 3980/2933/2016
f 3980/2580/7 3978/2717/7 3961/2577/7
f 3979/2889/7 3959/2690/7 3955/2582/7
f 3999/2891/7 3979/2889/7 3955/2582/7
f 3965/2583/11 3969/2632/11 3970/2542/11
f 3963/2536/11 3967/2534/11 3968/2584/11
f 4003/2942/6 4009/2953/6 4008/2954/6
f 4007/2940/6 4006/2903/6 4005/2941/6
f 4005/2941/6 4004/2961/6 4003/2942/6
f 4003/2942/6 4008/2954/6 4007/2940/6
f 4010/2945/2522 4011/2948/2585 4012/2949/2586
f 4012/2949/2586 4013/2966/2587 4014/2943/2520
f 4014/2943/2520 4015/2952/2588 4016/2944/2521
f 4016/2944/2521 4017/2946/2323 4010/2945/2522
f 4010/2945/2522 4012/2949/2586 4014/2943/2520
f 4019/2907/2523 4010/2945/2589 4017/2946/2524
f 4022/2909/2526 4011/2948/2590 4010/2945/2527
f 4024/2775/2528 4012/2949/2591 4011/2948/2242
f 4026/2911/2529 4013/2966/2592 4012/2949/2530
f 4026/2911/2593 4014/2943/2593 4013/2966/2593
f 4028/2950/2594 4015/2952/2594 4014/2943/2594
f 4030/2951/2595 4016/2944/2595 4015/2952/2595
f 4021/2947/2534 4017/2946/2596 4016/2944/2535
f 3972/2606/1 3974/2694/1 3973/2605/1
f 4009/2953/2537 4020/2955/2597 4031/2914/2538
f 4008/2954/2540 4031/2914/2598 4029/2743/2541
f 4007/2940/2543 4029/2743/2599 4027/2916/2544
f 4006/2917/2546 4027/2916/2600 4025/2918/2547
f 4005/2748/2548 4025/2918/2547 4023/2613/2549
f 4004/2919/2550 4023/2695/2549 4018/2920/2551
f 4003/2921/2553 4018/2920/2601 4020/2955/2554
f 4036/2957/2602 4037/2929/2602 4038/2927/2602
f 4024/2791/2558 4022/2962/7 4034/2956/2556
f 4036/2957/2603 4038/2927/2603 4026/2963/2603
f 4036/2957/2557 4026/2963/2604 4024/2791/2558
f 3968/2584/4 3967/2534/4 3973/2633/1868
f 3973/2633/1868 3974/2699/4 3970/2542/2096
f 3973/2633/1868 3970/2542/2096 3969/2632/2097
f 3984/2551/1174 3968/2584/4 3973/2633/1868
f 3973/2633/1868 3969/2632/2097 3983/2631/1787
f 4028/2967/7 4026/2963/7 4038/2927/2605
f 4038/2927/2605 4040/2959/2606 4041/2756/2607
f 4032/2958/2608 4033/2764/2609 4034/2956/2556
f 4034/2956/2556 4022/2962/7 4019/2700/2610
f 4032/2958/2608 4034/2956/2556 4019/2700/2610
f 4032/2958/2608 4019/2700/2610 4021/2968/2611
f 4028/2967/7 4038/2927/2605 4041/2756/2607
f 4041/2756/2607 4032/2958/2608 4021/2968/2611
f 4030/2969/7 4028/2967/7 4041/2756/2607
f 4041/2756/2607 4021/2968/2611 4030/2969/7
f 4073/2531/2 4074/2532/2 4059/2533/2
f 4055/2534/6 4059/2535/6 4051/2536/6
f 4070/2970/2612 4077/2971/2613 4063/2972/2614
f 4065/2973/7 4050/2538/7 4069/2974/7
f 4054/2540/7 4062/2541/7 4058/2542/7
f 4067/2975/2615 4093/2976/2616 4090/2977/1704
f 4043/2546/2617 4063/2972/2618 4044/2548/2617
f 4047/2549/2619 4064/2978/2620 4067/2975/2615
f 4073/2531/11 4072/2551/11 4074/2532/11
f 4069/2974/2621 4092/2552/2622 4091/2553/1712
f 4070/2970/2612 4093/2976/2623 4077/2971/2613
f 4065/2973/1716 4092/2552/1717 4066/2555/1793
f 4083/2979/1719 4087/2557/1720 4086/2980/2624
f 4082/2981/1722 4089/2982/1723 4087/2557/1724
f 4085/2818/1725 4079/2983/1726 4078/2563/1727
f 4084/2642/1728 4080/2984/1729 4079/2983/1726
f 4078/2563/1730 4071/2566/1731 4085/2818/1732
f 4078/2563/7 4079/2983/7 4080/2984/7
f 4080/2984/1733 4073/2567/1734 4053/2568/1735
f 4081/2985/6 4082/2981/6 4083/2979/6
f 4052/2570/2625 4089/2982/1737 4081/2985/1738
f 4056/2571/1731 4086/2980/1730 4072/2572/1739
f 4084/2642/6 4085/2818/6 4071/2573/6
f 4086/2980/1740 4087/2557/1741 4089/2982/1742
f 4048/2574/7 4063/2575/7 4064/2978/7
f 4050/2576/1743 4066/2555/2346 4049/2577/1743
f 4046/2578/2626 4068/2986/2627 4069/2974/2621
f 4049/2577/6 4068/2580/6 4045/2581/6
f 4070/2970/6 4043/2582/6 4067/2975/6
f 4058/2542/11 4053/2583/11 4054/2540/11
f 4056/2584/11 4051/2536/11 4052/2585/11
f 4097/2987/7 4099/2988/7 4094/2989/7
f 4106/2990/2628 4104/2730/2629 4102/2991/2630
f 4101/2992/2631 4112/2993/2631 4111/2994/2631
f 4102/2991/2632 4114/2995/2632 4112/2993/2632
f 4103/2996/2633 4116/2997/2633 4114/2995/2633
f 4104/2730/2634 4118/2601/2634 4116/2997/2634
f 4105/2998/2635 4120/2999/2636 4118/2601/2637
f 4107/3000/2638 4122/3001/2638 4120/2999/2638
f 4108/3002/2639 4111/2994/2640 4122/3001/2641
f 4061/2605/1 4060/2606/1 4059/2535/1
f 4123/3003/2642 4094/2989/2643 4100/3004/2644
f 4121/3005/2645 4100/3004/2646 4099/2988/2647
f 4119/3006/2648 4099/2988/2649 4098/2652/2650
f 4117/2784/2651 4098/2652/2652 4097/3007/2653
f 4115/3008/2654 4097/3007/2655 4096/2614/2656
f 4113/3009/2657 4096/3010/2656 4095/3011/2658
f 4110/3012/2659 4095/3011/2658 4094/2989/2660
f 4134/3013/2661 4124/3014/2661 4135/3015/2661
f 4134/3013/2662 4135/3015/2662 4133/2849/2662
f 4131/3016/2663 4132/3017/2663 4130/3018/2663
f 4128/3019/2664 4130/3018/2664 4129/3020/2664
f 4128/3019/2665 4129/3020/2665 4127/3021/2665
f 4125/3022/2666 4127/3021/2666 4126/3023/2666
f 4125/3022/1786 4126/3023/1786 4124/3014/1786
f 4071/2631/1787 4057/2632/1788 4061/2633/1789
f 4153/2635/2 4167/2532/2 4166/2531/2
f 4169/3024/2667 4158/2973/2615 4159/3025/2668
f 4152/2535/7 4148/2534/7 4144/2536/7
f 4171/2971/2669 4163/2970/2621 4156/2972/2627
f 4162/2974/2670 4168/3026/2613 4161/2986/2614
f 4160/2975/2671 4170/3027/2672 4157/2978/2673
f 4143/2538/6 4158/2973/6 4185/2553/6
f 4155/2541/6 4147/2540/6 4151/2542/6
f 4160/2975/2671 4187/2976/2674 4170/3027/2672
f 4156/2972/2627 4136/2546/2626 4137/2548/2617
f 4140/2549/2675 4157/2978/2676 4141/2574/2675
f 4165/2551/11 4166/2531/11 4167/2532/11
f 4162/2974/2670 4186/2552/2623 4168/3026/2613
f 4187/2976/2622 4163/2970/2621 4171/2971/2669
f 4186/2552/2616 4158/2973/2615 4169/3024/2667
f 4181/3028/1798 4177/2639/1799 4180/3029/1800
f 4183/3030/1801 4176/2981/1802 4181/3028/1803
f 4173/2983/1804 4179/2818/1805 4172/2563/1806
f 4174/2984/1807 4178/2642/1808 4173/2983/1804
f 4172/2563/1809 4164/2566/1810 4150/2643/1739
f 4173/2983/6 4172/2563/6 4150/2644/6
f 4174/2984/1811 4166/2567/1812 4182/2645/1813
f 4176/2981/7 4175/2985/7 4145/2647/7
f 4145/2570/1814 4183/3030/1815 4167/2648/1816
f 4149/2571/1810 4180/3029/1809 4177/2639/1817
f 4179/2818/7 4178/2642/7 4182/2645/7
f 4181/3028/1818 4180/3029/1818 4165/2649/1818
f 4141/2574/6 4156/2575/6 4137/2650/6
f 4159/3025/2668 4143/2576/2677 4142/2577/2678
f 4139/2578/2617 4161/2986/2679 4138/2651/2617
f 4161/2580/7 4142/2577/7 4138/2581/7
f 4136/2582/7 4163/2970/7 4184/2977/7
f 4146/2583/11 4151/2542/11 4147/2540/11
f 4144/2536/11 4149/2584/11 4145/2585/11
f 4192/2652/6 4190/3031/6 4189/3032/6
f 4200/2770/2680 4202/3033/2681 4195/3034/2682
f 4206/2993/2683 4195/3034/2684 4205/2994/2685
f 4197/3035/2686 4196/3036/2686 4206/2993/2686
f 4210/3037/2687 4198/3038/2688 4208/3039/2689
f 4212/2601/2690 4199/3040/2691 4210/3037/2692
f 4214/2999/2693 4201/3041/2693 4212/2601/2693
f 4216/3001/2694 4202/3033/2694 4214/2999/2694
f 4205/2994/2695 4203/3042/2696 4216/3001/2697
f 4153/2606/1 4154/2605/1 4152/2535/1
f 4188/2989/2698 4217/3043/2699 4194/3004/2126
f 4194/3004/1916 4215/3005/1915 4193/2988/2125
f 4193/2988/1913 4213/3006/1912 4192/2652/2124
f 4192/2652/2700 4211/2784/2701 4191/3044/2702
f 4191/3044/2703 4209/3008/2704 4190/3045/2705
f 4190/3046/2706 4207/3009/2707 4189/3011/2708
f 4189/3011/2708 4204/3012/2709 4188/2989/2710
f 4218/3014/2711 4228/3013/2711 4229/3015/2711
f 4229/3015/1863 4228/3013/1863 4227/2849/1863
f 4226/3017/2712 4225/3016/2712 4224/3018/2712
f 4224/3018/2713 4222/3019/2713 4223/3047/2713
f 4223/3047/2714 4222/3019/2714 4221/3048/2714
f 4221/3048/2715 4219/3049/2715 4220/3050/2715
f 4220/3050/2716 4219/3049/2716 4218/3014/2716
f 4154/2633/1868 4164/2631/1787 4165/2551/1787
f 4052/2585/2 4051/2536/2 4059/2533/2
f 4059/2533/2 4060/2635/2 4054/2540/2
f 4059/2533/2 4054/2540/2 4053/2583/2
f 4074/2532/2 4052/2585/2 4059/2533/2
f 4059/2533/2 4053/2583/2 4073/2531/2
f 4055/2534/6 4061/2605/6 4059/2535/6
f 4069/2974/2621 4068/2986/2627 4075/3026/2669
f 4067/2975/2615 4064/2978/2620 4076/3027/2667
f 4050/2538/7 4046/2684/7 4069/2974/7
f 4069/2974/7 4091/2553/7 4065/2973/7
f 4054/2540/7 4060/2685/7 4062/2541/7
f 4067/2975/2615 4076/3027/2667 4093/2976/2616
f 4043/2546/2717 4070/2970/2718 4063/2972/2719
f 4047/2549/2619 4048/2574/2675 4064/2978/2620
f 4073/2531/11 4071/2631/11 4072/2551/11
f 4069/2974/2621 4075/3026/2669 4092/2552/2622
f 4070/2970/2612 4090/2977/2017 4093/2976/2623
f 4065/2973/1716 4091/2553/2018 4092/2552/1717
f 4083/2979/1719 4082/2981/2019 4087/2557/1720
f 4082/2981/1722 4081/2985/2720 4089/2982/1723
f 4085/2818/1725 4084/2642/1728 4079/2983/1726
f 4084/2642/1728 4088/2645/2021 4080/2984/1729
f 4078/2563/1730 4057/2643/1739 4071/2566/1731
f 4080/2984/7 4053/2686/7 4057/2644/7
f 4080/2984/7 4057/2644/7 4078/2563/7
f 4080/2984/1733 4088/2645/2022 4073/2567/1734
f 4083/2979/6 4056/2687/6 4052/2647/6
f 4083/2979/6 4052/2647/6 4081/2985/6
f 4052/2570/2625 4074/2648/1816 4089/2982/1737
f 4056/2571/1731 4083/2979/2288 4086/2980/1730
f 4071/2573/6 4073/2688/6 4088/2645/6
f 4071/2573/6 4088/2645/6 4084/2642/6
f 4089/2982/2023 4074/2689/2023 4072/2649/2023
f 4089/2982/2024 4072/2649/2024 4086/2980/2024
f 4048/2574/7 4044/2650/7 4063/2575/7
f 4050/2576/2025 4065/2973/2026 4066/2555/2289
f 4046/2578/2626 4045/2651/2617 4068/2986/2627
f 4049/2577/6 4066/2555/6 4068/2580/6
f 4043/2582/6 4047/2690/6 4067/2975/6
f 4067/2975/6 4090/2977/6 4070/2970/6
f 4058/2542/11 4057/2632/11 4053/2583/11
f 4056/2584/11 4055/2534/11 4051/2536/11
f 4094/2989/7 4095/3032/7 4096/3051/7
f 4097/2987/7 4098/2652/7 4099/2988/7
f 4099/2988/7 4100/3004/7 4094/2989/7
f 4094/2989/7 4096/3051/7 4097/2987/7
f 4101/2992/2721 4109/3052/2722 4108/3002/2723
f 4102/2991/2630 4101/2992/2721 4108/3002/2723
f 4108/3002/2723 4107/3000/2032 4106/2990/2628
f 4106/2990/2628 4105/2998/2724 4104/2730/2629
f 4104/2730/2629 4103/2996/2567 4102/2991/2630
f 4102/2991/2630 4108/3002/2723 4106/2990/2628
f 4109/3052/2725 4101/2992/2725 4111/2994/2725
f 4101/2992/2726 4102/2991/2726 4112/2993/2726
f 4102/2991/2727 4103/2996/2727 4114/2995/2727
f 4103/2996/2728 4104/2730/2728 4116/2997/2728
f 4104/2730/2729 4105/2998/2729 4118/2601/2729
f 4105/2998/2635 4106/2990/2730 4120/2999/2636
f 4106/2990/2731 4107/3000/2731 4120/2999/2731
f 4107/3000/2732 4108/3002/2732 4122/3001/2732
f 4108/3002/2639 4109/3052/2733 4111/2994/2640
f 4061/2605/1 4062/2694/1 4060/2606/1
f 4123/3003/2642 4110/3012/2734 4094/2989/2643
f 4121/3005/2645 4123/3003/2735 4100/3004/2646
f 4119/3006/2648 4121/3005/2736 4099/2988/2649
f 4117/2784/2651 4119/3006/2737 4098/2652/2652
f 4115/3008/2654 4117/2784/2738 4097/3007/2655
f 4113/3009/2657 4115/2805/2654 4096/3010/2656
f 4110/3012/2659 4113/3009/2657 4095/3011/2658
f 4116/3053/6 4118/2697/6 4131/3016/2739
f 4131/3016/2739 4130/3018/2740 4128/3019/2741
f 4128/3019/2741 4127/3021/2742 4125/3022/2743
f 4125/3022/2743 4112/3054/6 4114/3055/2744
f 4116/3053/6 4131/3016/2739 4128/3019/2741
f 4128/3019/2741 4125/3022/2743 4114/3055/2744
f 4128/3019/2741 4114/3055/2744 4116/3053/6
f 4061/2633/1789 4055/2534/4 4056/2584/1787
f 4061/2633/1789 4056/2584/1787 4072/2551/1787
f 4058/2542/2055 4062/2699/4 4061/2633/1789
f 4057/2632/1788 4058/2542/2055 4061/2633/1789
f 4061/2633/1789 4072/2551/1787 4071/2631/1787
f 4125/3022/2743 4124/3014/2745 4134/3013/2746
f 4134/3013/2747 4133/2849/2747 4132/3017/2747
f 4131/3016/2739 4118/2697/6 4120/3056/2748
f 4111/3057/2749 4112/3054/6 4125/3022/2743
f 4132/3017/2750 4131/3016/2739 4120/3056/2748
f 4111/3057/2749 4125/3022/2743 4134/3013/2746
f 4134/3013/2751 4132/3017/2751 4120/3056/2751
f 4122/3058/6 4111/3057/2749 4134/3013/2746
f 4134/3013/2746 4120/3056/6 4122/3058/6
f 4146/2583/2 4147/2540/2 4153/2635/2
f 4153/2635/2 4152/2533/2 4144/2536/2
f 4153/2635/2 4144/2536/2 4145/2585/2
f 4166/2531/2 4146/2583/2 4153/2635/2
f 4153/2635/2 4145/2585/2 4167/2532/2
f 4152/2535/7 4154/2605/7 4148/2534/7
f 4162/2974/6 4139/2684/6 4143/2538/6
f 4185/2553/6 4162/2974/6 4143/2538/6
f 4155/2541/6 4153/2685/6 4147/2540/6
f 4160/2975/2671 4184/2977/2018 4187/2976/2674
f 4156/2972/2627 4163/2970/2621 4136/2546/2626
f 4140/2549/2752 4160/2975/2753 4157/2978/2754
f 4165/2551/11 4164/2631/11 4166/2531/11
f 4162/2974/2670 4185/2553/2017 4186/2552/2623
f 4187/2976/2622 4184/2977/1712 4163/2970/2621
f 4186/2552/2616 4185/2553/1704 4158/2973/2615
f 4181/3028/1798 4176/2981/2062 4177/2639/1799
f 4183/3030/1801 4175/2985/2063 4176/2981/1802
f 4173/2983/1804 4178/2642/1808 4179/2818/1805
f 4174/2984/1807 4182/2645/2064 4178/2642/1808
f 4172/2563/1809 4179/2818/1817 4164/2566/1810
f 4150/2644/6 4146/2686/6 4174/2984/6
f 4150/2644/6 4174/2984/6 4173/2983/6
f 4174/2984/1811 4146/2568/1735 4166/2567/1812
f 4145/2647/7 4149/2687/7 4177/2639/7
f 4145/2647/7 4177/2639/7 4176/2981/7
f 4145/2570/1814 4175/2985/2065 4183/3030/1815
f 4149/2571/1810 4165/2572/1739 4180/3029/1809
f 4182/2645/7 4166/2688/7 4164/2573/7
f 4182/2645/7 4164/2573/7 4179/2818/7
f 4165/2649/2066 4167/2689/2066 4183/3030/2066
f 4165/2649/2067 4183/3030/2067 4181/3028/2067
f 4141/2574/6 4157/2978/6 4156/2575/6
f 4159/3025/2668 4158/2973/2615 4143/2576/2677
f 4139/2578/2717 4162/2974/2718 4161/2986/2719
f 4161/2580/7 4159/3025/7 4142/2577/7
f 4160/2975/7 4140/2690/7 4136/2582/7
f 4184/2977/7 4160/2975/7 4136/2582/7
f 4146/2583/11 4150/2632/11 4151/2542/11
f 4144/2536/11 4148/2534/11 4149/2584/11
f 4189/3032/6 4188/2989/6 4194/3004/6
f 4194/3004/6 4193/2988/6 4192/2652/6
f 4192/2652/6 4191/3059/6 4190/3031/6
f 4189/3032/6 4194/3004/6 4192/2652/6
f 4196/3036/2755 4197/3035/2756 4198/3038/2757
f 4195/3034/2682 4196/3036/2755 4198/3038/2757
f 4198/3038/2757 4199/3040/2758 4200/2770/2680
f 4200/2770/2680 4201/3041/2759 4202/3033/2681
f 4202/3033/2681 4203/3042/2760 4195/3034/2682
f 4195/3034/2682 4198/3038/2757 4200/2770/2680
f 4206/2993/2683 4196/3036/2761 4195/3034/2684
f 4208/3039/2762 4198/3038/2762 4197/3035/2762
f 4210/3037/2687 4199/3040/2763 4198/3038/2688
f 4212/2601/2690 4200/2770/2764 4199/3040/2691
f 4212/2601/2765 4201/3041/2765 4200/2770/2765
f 4214/2999/2766 4202/3033/2766 4201/3041/2766
f 4216/3001/2767 4203/3042/2767 4202/3033/2767
f 4205/2994/2695 4195/3034/2768 4203/3042/2696
f 4153/2606/1 4155/2694/1 4154/2605/1
f 4188/2989/2698 4204/3012/2769 4217/3043/2699
f 4194/3004/1916 4217/3043/1917 4215/3005/1915
f 4193/2988/1913 4215/3005/1914 4213/3006/1912
f 4192/2652/2700 4213/3006/1932 4211/2784/2701
f 4191/3044/2703 4211/2784/2770 4209/3008/2704
f 4190/3046/2706 4209/2805/2771 4207/3009/2707
f 4189/3011/2708 4207/3009/2707 4204/3012/2709
f 4197/3060/2772 4206/3054/2773 4219/3049/2774
f 4219/3049/2775 4221/3048/2775 4222/3019/2775
f 4222/3019/2776 4224/3018/2777 4225/3016/2778
f 4225/3016/2778 4212/2697/2779 4210/3061/7
f 4197/3060/2780 4219/3049/2780 4222/3019/2780
f 4208/3062/2781 4197/3060/2782 4222/3019/2776
f 4222/3019/2776 4225/3016/2778 4210/3061/7
f 4222/3019/2776 4210/3061/7 4208/3062/2781
f 4149/2584/1787 4148/2534/4 4154/2633/1868
f 4154/2633/1868 4155/2699/4 4151/2542/2096
f 4154/2633/1868 4151/2542/2096 4150/2632/1788
f 4165/2551/1787 4149/2584/1787 4154/2633/1868
f 4154/2633/1868 4150/2632/1788 4164/2631/1787
f 4226/3017/2099 4227/2849/2099 4228/3013/2099
f 4228/3013/2783 4218/3014/2101 4219/3049/2774
f 4219/3049/2774 4206/3054/2773 4205/3057/7
f 4212/2697/2779 4225/3016/2778 4226/3017/2784
f 4214/3056/2785 4212/2697/2779 4226/3017/2784
f 4214/3056/2786 4226/3017/2786 4228/3013/2786
f 4228/3013/2783 4219/3049/2774 4205/3057/7
f 4228/3013/2783 4205/3057/7 4216/3063/7
f 4216/3063/7 4214/3056/7 4228/3013/2783
f 4260/2531/4 4261/2532/4 4246/2533/4
f 4252/3064/2612 4262/3024/2787 4253/3025/2788
f 4242/2534/7 4246/2535/7 4238/2536/7
f 4252/3064/6 4237/2538/6 4256/3065/6
f 4241/2540/6 4249/2541/6 4245/2542/6
f 4254/3066/2621 4279/3067/2622 4276/3068/1712
f 4230/2546/1794 4250/3069/2346 4231/2548/1794
f 4234/2549/2626 4251/2978/2627 4254/3066/2621
f 4260/2531/11 4259/2551/11 4261/2532/11
f 4256/3065/1702 4278/2552/1703 4277/3070/1704
f 4257/3071/1716 4279/3067/1717 4250/3069/1793
f 4252/3064/2612 4278/2552/2623 4262/3024/2787
f 4269/2979/1945 4273/3072/1946 4272/3073/1947
f 4268/2898/1948 4275/2560/1949 4273/3072/1950
f 4271/2818/1951 4265/3074/1952 4264/2563/1953
f 4270/3075/1954 4266/2565/1955 4265/3074/1952
f 4264/2563/1956 4258/2566/1957 4271/2818/1958
f 4264/2563/6 4265/3074/6 4266/2565/6
f 4266/2565/1959 4260/2567/1960 4240/2568/1961
f 4267/2646/7 4268/2898/7 4269/2979/7
f 4239/2570/2789 4275/2560/1963 4267/2646/1964
f 4243/2571/1957 4272/3073/1956 4259/2572/1884
f 4270/3075/7 4271/2818/7 4258/2573/7
f 4272/3073/2790 4273/3072/2791 4275/2560/2792
f 4235/2574/6 4250/2575/6 4251/2978/6
f 4237/2576/2793 4253/3025/2618 4236/2577/2793
f 4233/2578/2794 4255/2579/1708 4256/3065/1709
f 4236/2577/7 4255/2580/7 4232/2581/7
f 4257/3071/7 4230/2582/7 4254/3066/7
f 4245/2542/11 4240/2583/11 4241/2540/11
f 4243/2584/11 4238/2536/11 4239/2585/11
f 4283/3076/6 4284/3077/6 4280/3078/6
f 4291/3079/2795 4289/3080/2796 4287/3081/2797
f 4286/3082/2798 4297/3083/2798 4296/2994/2798
f 4287/3081/2799 4300/3084/2799 4297/3083/2799
f 4288/3085/2800 4302/3086/2801 4300/3084/2802
f 4290/3087/2803 4305/3088/2803 4302/3086/2803
f 4291/3079/2804 4306/3089/2805 4305/3088/2806
f 4292/3090/2807 4308/3001/2808 4306/3089/2809
f 4293/3091/2810 4296/2994/2811 4308/3001/2812
f 4248/2605/1 4247/2606/1 4246/2535/1
f 4298/3092/2813 4280/3078/2814 4285/3093/2815
f 4307/3094/2816 4285/3093/2817 4284/3077/2818
f 4304/3095/2819 4284/3077/2818 4283/3076/2820
f 4303/3096/2821 4283/3076/2822 4282/3097/2823
f 4301/3098/2824 4282/3097/2825 4281/2614/2826
f 4295/2788/2827 4281/3099/2828 4280/3078/2829
f 4300/2791/2830 4314/3100/2831 4312/3101/2832
f 4318/3013/2833 4309/3102/2833 4319/3103/2833
f 4318/3013/2834 4319/3103/2834 4317/2849/2834
f 4314/3100/2835 4316/3104/2835 4315/2929/2835
f 4314/3100/2836 4315/2929/2836 4313/3105/2836
f 4310/3049/2837 4312/3101/2837 4311/3023/2837
f 4310/3049/2008 4311/3023/2008 4309/3102/2008
f 4258/2631/1943 4244/2632/2009 4248/2633/2010
f 4337/2635/4 4351/2532/4 4350/2531/4
f 4336/2535/6 4332/2534/6 4328/2536/6
f 4354/2971/2667 4347/2970/2615 4340/2972/2620
f 4346/2539/2671 4352/3026/2672 4345/2986/2673
f 4344/2975/2838 4353/3027/2613 4341/2978/2614
f 4327/2538/7 4342/2709/7 4368/2553/7
f 4339/2541/7 4331/2540/7 4335/2542/7
f 4344/2975/2838 4370/2976/2623 4353/3027/2613
f 4340/2972/2620 4320/2546/2619 4321/2548/2675
f 4324/2549/2617 4341/2978/2618 4325/2574/2617
f 4349/2551/11 4350/2531/11 4351/2532/11
f 4346/2539/2671 4369/2552/2674 4352/3026/2672
f 4370/2976/2616 4347/2970/2615 4354/2971/2667
f 4369/2552/1711 4342/2709/1710 4343/3106/1796
f 4364/3028/2839 4360/3107/1872 4363/3108/1873
f 4366/2641/1874 4359/2898/1875 4364/3028/1876
f 4356/2983/1877 4362/2818/1878 4355/2563/1879
f 4357/2984/1880 4361/2722/1881 4356/2983/1877
f 4355/2563/1882 4348/2566/1883 4334/2643/1884
f 4356/2983/7 4355/2563/7 4334/2644/7
f 4357/2984/1885 4350/2567/1886 4365/3109/1887
f 4359/2898/6 4358/2646/6 4329/2647/6
f 4329/2570/1888 4366/2641/1889 4351/2648/1890
f 4333/2571/1883 4363/3108/1882 4360/3107/1891
f 4362/2818/6 4361/2722/6 4365/3109/6
f 4364/3028/1892 4363/3108/1892 4349/2649/1892
f 4325/2574/7 4340/2575/7 4321/2650/7
f 4343/3106/1893 4327/2576/1894 4326/2577/1895
f 4323/2578/2675 4345/2986/2840 4322/2651/2675
f 4345/2580/6 4326/2577/6 4322/2581/6
f 4320/2582/6 4347/2970/6 4367/2977/6
f 4330/2583/11 4335/2542/11 4331/2540/11
f 4328/2536/11 4333/2584/11 4329/2585/11
f 4375/2652/7 4373/3110/7 4371/2942/7
f 4383/3111/2841 4385/3112/2842 4379/3113/2843
f 4390/3114/2844 4379/3113/2844 4389/2994/2844
f 4393/2775/2845 4380/3115/2845 4390/3114/2845
f 4394/3116/2846 4381/3117/2847 4393/2775/2848
f 4396/2601/2849 4382/3118/2850 4394/3116/2851
f 4398/2999/2852 4384/3119/2852 4396/2601/2852
f 4400/3001/2853 4385/3112/2853 4398/2999/2853
f 4389/2994/2854 4386/3120/2855 4400/3001/2856
f 4337/2606/1 4338/2605/1 4336/2535/1
f 4378/3121/2857 4401/3122/2858 4377/2837/2859
f 4377/2837/2859 4399/3094/2860 4376/3123/2861
f 4376/3123/2861 4397/3124/2862 4375/2652/2863
f 4375/2652/2863 4395/3125/2864 4374/3126/2865
f 4374/3126/2866 4392/2785/2867 4373/2748/2868
f 4373/2749/2869 4392/3127/2870 4372/2750/2871
f 4372/2750/2872 4391/3128/2873 4371/2921/2874
f 4371/2921/2874 4388/3129/2875 4378/3121/2857
f 4405/2676/2876 4407/3100/2877 4393/2753/2878
f 4402/3014/2879 4411/3013/2879 4412/3015/2879
f 4412/3015/1937 4411/3013/1937 4410/2849/1937
f 4409/3017/2880 4407/3100/2880 4408/3018/2880
f 4408/3018/2881 4407/3100/2881 4406/3130/2881
f 4405/2676/2882 4403/3049/2882 4404/3050/2882
f 4404/3050/2421 4403/3049/2421 4402/3014/2421
f 4338/2633/1942 4348/2631/2 4349/2551/1943
f 4239/2585/4 4238/2536/4 4246/2533/4
f 4246/2533/4 4247/2635/4 4241/2540/4
f 4246/2533/4 4241/2540/4 4240/2583/2883
f 4261/2532/4 4239/2585/4 4246/2533/4
f 4246/2533/4 4240/2583/2883 4260/2531/4
f 4242/2534/7 4248/2605/7 4246/2535/7
f 4254/3066/2621 4251/2978/2627 4263/3027/2669
f 4237/2538/6 4233/2684/6 4256/3065/6
f 4256/3065/6 4277/3070/6 4252/3064/6
f 4241/2540/6 4247/2685/6 4249/2541/6
f 4254/3066/2621 4263/3027/2669 4279/3067/2622
f 4230/2546/2059 4257/3071/2060 4250/3069/2061
f 4234/2549/2626 4235/2574/2617 4251/2978/2627
f 4260/2531/11 4258/2631/11 4259/2551/11
f 4256/3065/1702 4255/2579/1869 4278/2552/1703
f 4257/3071/1716 4276/3068/2018 4279/3067/1717
f 4252/3064/2612 4277/3070/2017 4278/2552/2623
f 4269/2979/1945 4268/2898/2145 4273/3072/1946
f 4268/2898/1948 4267/2646/2146 4275/2560/1949
f 4271/2818/1951 4270/3075/1954 4265/3074/1952
f 4270/3075/1954 4274/3131/2147 4266/2565/1955
f 4264/2563/1956 4244/2643/1884 4258/2566/1957
f 4266/2565/6 4240/2686/6 4244/2644/6
f 4266/2565/6 4244/2644/6 4264/2563/6
f 4266/2565/1959 4274/3131/2148 4260/2567/1960
f 4269/2979/7 4243/2687/7 4239/2647/7
f 4269/2979/7 4239/2647/7 4267/2646/7
f 4239/2570/2789 4261/2648/1890 4275/2560/1963
f 4243/2571/1957 4269/2979/2427 4272/3073/1956
f 4258/2573/7 4260/2688/7 4274/3131/7
f 4258/2573/7 4274/3131/7 4270/3075/7
f 4275/2560/2066 4261/2689/2066 4259/2649/2066
f 4275/2560/2149 4259/2649/2149 4272/3073/2149
f 4235/2574/6 4231/2650/6 4250/2575/6
f 4237/2576/2884 4252/3064/2885 4253/3025/2886
f 4233/2578/2794 4232/2651/1794 4255/2579/1708
f 4236/2577/7 4253/3025/7 4255/2580/7
f 4230/2582/7 4234/2690/7 4254/3066/7
f 4254/3066/7 4276/3068/7 4257/3071/7
f 4245/2542/11 4244/2632/11 4240/2583/11
f 4243/2584/11 4242/2534/11 4238/2536/11
f 4281/3132/6 4282/3133/6 4283/3076/6
f 4284/3077/6 4285/3093/6 4280/3078/6
f 4280/3078/6 4281/3132/6 4283/3076/6
f 4286/3082/2887 4294/3134/2888 4293/3091/2889
f 4287/3081/2797 4286/3082/2887 4293/3091/2889
f 4293/3091/2889 4292/3090/2157 4291/3079/2795
f 4291/3079/2795 4290/3087/2890 4289/3080/2796
f 4289/3080/2796 4288/3085/2891 4287/3081/2797
f 4287/3081/2797 4293/3091/2889 4291/3079/2795
f 4294/3134/2892 4286/3082/2892 4296/2994/2892
f 4286/3082/2893 4287/3081/2893 4297/3083/2893
f 4287/3081/2894 4288/3085/2894 4300/3084/2894
f 4288/3085/2800 4289/3080/2895 4302/3086/2801
f 4289/3080/2896 4290/3087/2896 4302/3086/2896
f 4290/3087/2897 4291/3079/2897 4305/3088/2897
f 4291/3079/2804 4292/3090/2898 4306/3089/2805
f 4292/3090/2807 4293/3091/2899 4308/3001/2808
f 4293/3091/2810 4294/3134/2900 4296/2994/2811
f 4248/2605/1 4249/2694/1 4247/2606/1
f 4307/3094/2816 4298/3092/2901 4285/3093/2817
f 4304/3095/2819 4307/3094/2816 4284/3077/2818
f 4303/3096/2821 4304/3095/2902 4283/3076/2822
f 4301/3098/2903 4303/3096/2821 4282/3097/2823
f 4299/3135/2904 4301/2805/2824 4281/3099/2826
f 4295/2788/2827 4299/3135/2905 4281/3099/2828
f 4298/3092/2813 4295/2788/2906 4280/3078/2814
f 4314/3100/2831 4313/3105/2447 4312/3101/2832
f 4310/3049/2907 4297/3136/7 4300/2791/2830
f 4312/3101/2832 4310/3049/2907 4300/2791/2830
f 4300/2791/2830 4302/3137/7 4314/3100/2831
f 4248/2633/2010 4242/2534/2 4243/2584/1943
f 4248/2633/2010 4243/2584/1943 4259/2551/1943
f 4245/2542/2180 4249/2699/2 4248/2633/2010
f 4244/2632/2009 4245/2542/2180 4248/2633/2010
f 4248/2633/2010 4259/2551/1943 4258/2631/1943
f 4310/3049/2907 4309/3102/2908 4318/3013/2909
f 4318/3013/2910 4317/2849/2910 4316/3104/2910
f 4314/3100/2831 4302/3137/7 4305/3138/2911
f 4296/3139/7 4297/3136/7 4310/3049/2907
f 4316/3104/2912 4314/3100/2831 4305/3138/2911
f 4316/3104/2912 4305/3138/2911 4306/3140/2913
f 4296/3139/7 4310/3049/2907 4318/3013/2909
f 4318/3013/2914 4316/3104/2912 4306/3140/2913
f 4308/3063/7 4296/3139/7 4318/3013/2909
f 4318/3013/2909 4306/3140/7 4308/3063/7
f 4330/2583/4 4331/2540/4 4337/2635/4
f 4337/2635/4 4336/2533/4 4328/2536/4
f 4337/2635/4 4328/2536/4 4329/2585/4
f 4350/2531/4 4330/2583/4 4337/2635/4
f 4337/2635/4 4329/2585/4 4351/2532/4
f 4336/2535/6 4338/2605/6 4332/2534/6
f 4346/2539/7 4323/2684/7 4327/2538/7
f 4368/2553/7 4346/2539/7 4327/2538/7
f 4339/2541/7 4337/2685/7 4331/2540/7
f 4344/2975/2838 4367/2977/2017 4370/2976/2623
f 4340/2972/2620 4347/2970/2615 4320/2546/2619
f 4324/2549/2717 4344/2975/2915 4341/2978/2719
f 4349/2551/11 4348/2631/11 4350/2531/11
f 4346/2539/2671 4368/2553/2018 4369/2552/2674
f 4370/2976/2616 4367/2977/1704 4347/2970/2615
f 4369/2552/1711 4368/2553/1712 4342/2709/1710
f 4364/3028/2839 4359/2898/2104 4360/3107/1872
f 4366/2641/1874 4358/2646/2105 4359/2898/1875
f 4356/2983/1877 4361/2722/1881 4362/2818/1878
f 4357/2984/1880 4365/3109/2106 4361/2722/1881
f 4355/2563/1882 4362/2818/1891 4348/2566/1883
f 4334/2644/7 4330/2686/7 4357/2984/7
f 4334/2644/7 4357/2984/7 4356/2983/7
f 4357/2984/1885 4330/2568/1961 4350/2567/1886
f 4329/2647/6 4333/2687/6 4360/3107/6
f 4329/2647/6 4360/3107/6 4359/2898/6
f 4329/2570/1888 4358/2646/2107 4366/2641/1889
f 4333/2571/1883 4349/2572/1884 4363/3108/1882
f 4365/3109/6 4350/2688/6 4348/2573/6
f 4365/3109/6 4348/2573/6 4362/2818/6
f 4349/2649/2023 4351/2689/2023 4366/2641/2023
f 4349/2649/2108 4366/2641/2108 4364/3028/2108
f 4325/2574/7 4341/2978/7 4340/2575/7
f 4343/3106/1893 4342/2709/2109 4327/2576/1894
f 4323/2578/2752 4346/2539/2753 4345/2986/2754
f 4345/2580/6 4343/3106/6 4326/2577/6
f 4344/2975/6 4324/2690/6 4320/2582/6
f 4367/2977/6 4344/2975/6 4320/2582/6
f 4330/2583/11 4334/2632/11 4335/2542/11
f 4328/2536/11 4332/2534/11 4333/2584/11
f 4371/2942/7 4378/3121/7 4377/2837/7
f 4377/2837/7 4376/3123/7 4375/2652/7
f 4375/2652/7 4374/3141/7 4373/3110/7
f 4373/3110/7 4372/3142/7 4371/2942/7
f 4371/2942/7 4377/2837/7 4375/2652/7
f 4386/3120/2916 4387/3143/2917 4379/3113/2843
f 4379/3113/2843 4380/3115/2918 4381/3117/2919
f 4381/3117/2919 4382/3118/2920 4383/3111/2841
f 4383/3111/2841 4384/3119/2921 4385/3112/2842
f 4385/3112/2842 4386/3120/2916 4379/3113/2843
f 4379/3113/2843 4381/3117/2919 4383/3111/2841
f 4389/2994/2922 4379/3113/2922 4387/3143/2922
f 4390/3114/2923 4380/3115/2923 4379/3113/2923
f 4393/2775/2924 4381/3117/2924 4380/3115/2924
f 4394/3116/2846 4382/3118/2925 4381/3117/2847
f 4396/2601/2849 4383/3111/2926 4382/3118/2850
f 4396/2601/2927 4384/3119/2927 4383/3111/2927
f 4398/2999/2928 4385/3112/2928 4384/3119/2928
f 4400/3001/2929 4386/3120/2929 4385/3112/2929
f 4389/2994/2854 4387/3143/2930 4386/3120/2855
f 4337/2606/1 4339/2694/1 4338/2605/1
f 4378/3121/2857 4388/3129/2875 4401/3122/2858
f 4377/2837/2859 4401/3122/2858 4399/3094/2860
f 4376/3123/2861 4399/3094/2860 4397/3124/2862
f 4375/2652/2863 4397/3124/2862 4395/3125/2864
f 4374/3126/2866 4395/3125/2931 4392/2785/2867
f 4372/2750/2871 4392/3127/2870 4391/3128/2932
f 4371/2921/2874 4391/3128/2873 4388/3129/2875
f 4405/2676/2876 4406/3130/2134 4407/3100/2877
f 4407/3100/2877 4396/2697/2933 4394/3144/6
f 4390/3145/2934 4403/3049/2935 4405/2676/2876
f 4393/2753/2878 4390/3145/2934 4405/2676/2876
f 4407/3100/2877 4394/3144/6 4393/2753/2878
f 4333/2584/1943 4332/2534/2 4338/2633/1942
f 4338/2633/1942 4339/2699/2 4335/2542/2137
f 4338/2633/1942 4335/2542/2137 4334/2632/2009
f 4349/2551/1943 4333/2584/1943 4338/2633/1942
f 4338/2633/1942 4334/2632/2009 4348/2631/2
f 4409/3017/2140 4410/2849/2140 4411/3013/2140
f 4411/3013/2936 4402/3014/2937 4403/3049/2935
f 4403/3049/2935 4390/3145/2934 4389/3057/159
f 4396/2697/2933 4407/3100/2877 4409/3017/2938
f 4398/3056/2939 4396/2697/2933 4409/3017/2938
f 4398/3056/2940 4409/3017/2940 4411/3013/2940
f 4411/3013/2936 4403/3049/2935 4389/3057/159
f 4411/3013/2936 4389/3057/159 4400/3063/6
f 4400/3063/6 4398/3056/6 4411/3013/2936
f 4414/3146/7 4415/3147/7 4413/3148/7
f 4416/3149/2 4419/3150/2 4415/3147/2
f 4420/3151/6 4417/3152/6 4419/3153/6
f 4418/3154/4 4413/3148/4 4417/3155/4
f 4419/3153/1 4413/3148/1 4415/3147/1
f 4416/3149/11 4418/3156/11 4420/3157/11
f 4414/3146/7 4416/3149/7 4415/3147/7
f 4416/3149/2 4420/3158/2 4419/3150/2
f 4420/3151/6 4418/3159/6 4417/3152/6
f 4418/3154/4 4414/3146/4 4413/3148/4
f 4419/3153/1 4417/3152/1 4413/3148/1
f 4416/3149/11 4414/3146/11 4418/3156/11
f 4422/3146/7 4423/3147/7 4421/3148/7
f 4424/3149/2 4427/3150/2 4423/3147/2
f 4428/3151/6 4425/3152/6 4427/3153/6
f 4426/3154/4 4421/3148/4 4425/3155/4
f 4427/3153/1 4421/3148/1 4423/3147/1
f 4424/3149/11 4426/3156/11 4428/3157/11
f 4422/3146/7 4424/3149/7 4423/3147/7
f 4424/3149/2 4428/3158/2 4427/3150/2
f 4428/3151/6 4426/3159/6 4425/3152/6
f 4426/3154/4 4422/3146/4 4421/3148/4
f 4427/3153/1 4425/3152/1 4421/3148/1
f 4424/3149/11 4422/3146/11 4426/3156/11
f 4430/3146/7 4431/3147/7 4429/3148/7
f 4432/3149/2 4435/3150/2 4431/3147/2
f 4436/3151/6 4433/3152/6 4435/3153/6
f 4434/3154/4 4429/3148/4 4433/3155/4
f 4435/3153/1 4429/3148/1 4431/3147/1
f 4432/3149/11 4434/3156/11 4436/3157/11
f 4430/3146/7 4432/3149/7 4431/3147/7
f 4432/3149/2 4436/3158/2 4435/3150/2
f 4436/3151/6 4434/3159/6 4433/3152/6
f 4434/3154/4 4430/3146/4 4429/3148/4
f 4435/3153/1 4433/3152/1 4429/3148/1
f 4432/3149/11 4430/3146/11 4434/3156/11
f 4438/3146/7 4439/3147/7 4437/3148/7
f 4440/3149/2 4443/3150/2 4439/3147/2
f 4444/3151/6 4441/3152/6 4443/3153/6
f 4442/3154/4 4437/3148/4 4441/3155/4
f 4443/3153/1 4437/3148/1 4439/3147/1
f 4440/3149/11 4442/3156/11 4444/3157/11
f 4438/3146/7 4440/3149/7 4439/3147/7
f 4440/3149/2 4444/3158/2 4443/3150/2
f 4444/3151/6 4442/3159/6 4441/3152/6
f 4442/3154/4 4438/3146/4 4437/3148/4
f 4443/3153/1 4441/3152/1 4437/3148/1
f 4440/3149/11 4438/3146/11 4442/3156/11
f 4446/3146/7 4447/3147/7 4445/3148/7
f 4448/3149/2 4451/3150/2 4447/3147/2
f 4452/3151/6 4449/3152/6 4451/3153/6
f 4450/3154/4 4445/3148/4 4449/3155/4
f 4451/3153/1 4445/3148/1 4447/3147/1
f 4448/3149/11 4450/3156/11 4452/3157/11
f 4446/3146/7 4448/3149/7 4447/3147/7
f 4448/3149/2 4452/3158/2 4451/3150/2
f 4452/3151/6 4450/3159/6 4449/3152/6
f 4450/3154/4 4446/3146/4 4445/3148/4
f 4451/3153/1 4449/3152/1 4445/3148/1
f 4448/3149/11 4446/3146/11 4450/3156/11
f 4454/3146/7 4455/3147/7 4453/3148/7
f 4456/3149/2 4459/3150/2 4455/3147/2
f 4460/3151/6 4457/3152/6 4459/3153/6
f 4458/3154/4 4453/3148/4 4457/3155/4
f 4459/3153/1 4453/3148/1 4455/3147/1
f 4456/3149/11 4458/3156/11 4460/3157/11
f 4454/3146/7 4456/3149/7 4455/3147/7
f 4456/3149/2 4460/3158/2 4459/3150/2
f 4460/3151/6 4458/3159/6 4457/3152/6
f 4458/3154/4 4454/3146/4 4453/3148/4
f 4459/3153/1 4457/3152/1 4453/3148/1
f 4456/3149/11 4454/3146/11 4458/3156/11
f 4462/3146/7 4463/3147/7 4461/3148/7
f 4464/3149/2 4467/3150/2 4463/3147/2
f 4468/3151/6 4465/3152/6 4467/3153/6
f 4466/3154/4 4461/3148/4 4465/3155/4
f 4467/3153/1 4461/3148/1 4463/3147/1
f 4464/3149/11 4466/3156/11 4468/3157/11
f 4462/3146/7 4464/3149/7 4463/3147/7
f 4464/3149/2 4468/3158/2 4467/3150/2
f 4468/3151/6 4466/3159/6 4465/3152/6
f 4466/3154/4 4462/3146/4 4461/3148/4
f 4467/3153/1 4465/3152/1 4461/3148/1
f 4464/3149/11 4462/3146/11 4466/3156/11
f 4470/3146/7 4471/3147/7 4469/3148/7
f 4472/3149/2 4475/3150/2 4471/3147/2
f 4476/3151/6 4473/3152/6 4475/3153/6
f 4474/3154/4 4469/3148/4 4473/3155/4
f 4475/3153/1 4469/3148/1 4471/3147/1
f 4472/3149/11 4474/3156/11 4476/3157/11
f 4470/3146/7 4472/3149/7 4471/3147/7
f 4472/3149/2 4476/3158/2 4475/3150/2
f 4476/3151/6 4474/3159/6 4473/3152/6
f 4474/3154/4 4470/3146/4 4469/3148/4
f 4475/3153/1 4473/3152/1 4469/3148/1
f 4472/3149/11 4470/3146/11 4474/3156/11
f 4481/3160/164 4484/3161/164 4483/3162/164
f 4486/3163/162 4490/3164/162 4485/3165/162
f 4483/3162/1 4485/3165/1 4481/3160/1
f 4489/3166/7 4504/3167/7 4491/3168/7
f 4490/3164/162 4494/3169/2941 4485/3165/162
f 4488/3170/4 4487/3171/4 4490/3172/4
f 4505/3173/2942 4496/3174/2943 4501/3175/2942
f 4492/3176/2943 4503/3177/2942 4500/3178/2942
f 4489/3179/162 4495/3180/2941 4498/3181/2941
f 4488/3182/163 4492/3176/2943 4482/3183/163
f 4482/3183/6 4500/3184/6 4495/3185/6
f 4487/3171/6 4505/3186/6 4493/3187/6
f 4485/3188/7 4502/3189/7 4496/3190/7
f 4499/3191/2944 4498/3181/2941 4495/3180/2941
f 4500/3178/2942 4504/3192/2944 4499/3191/2944
f 4506/3193/2944 4494/3169/2941 4493/3194/2941
f 4505/3173/2942 4502/3195/2944 4506/3193/2944
f 4512/3196/164 4510/3197/164 4509/3198/164
f 4510/3197/2 4484/3161/2 4480/3199/2
f 4509/3198/1 4508/3200/1 4512/3196/1
f 4513/3201/2 4508/3202/2 4507/3203/2
f 4509/3204/7 4477/3205/7 4513/3206/7
f 4478/3207/6 4512/3208/6 4514/3209/6
f 4527/3210/7 4600/3211/7 4598/3212/7
f 4544/3213/7 4611/3214/7 4542/3215/7
f 4569/3216/7 4565/3217/7 4480/3218/7
f 4570/3219/7 4564/3220/7 4477/3205/7
f 4577/3221/6 4484/3222/6 4511/3223/6
f 4586/3224/6 4478/3207/6 4482/3183/6
f 4515/3225/2945 4567/3226/2946 4517/3227/2947
f 4518/3228/2948 4576/3229/2949 4577/3230/2950
f 4517/3227/2951 4565/3231/2952 4520/3232/2953
f 4519/3233/2954 4575/3234/2955 4576/3229/2949
f 4521/3235/2956 4574/3236/2957 4575/3237/2955
f 4522/3238/2958 4569/3239/2959 4560/3240/2960
f 4522/3238/2958 4560/3240/2960 4524/3241/2961
f 4523/3242/2962 4573/3243/2963 4574/3236/2957
f 4524/3241/2961 4559/3244/2964 4525/3245/2965
f 4526/3246/2966 4572/3247/2967 4573/3243/2963
f 4525/3245/2965 4557/3248/2968 4527/3210/2969
f 4529/3249/2970 4571/3250/2971 4572/3247/2967
f 4527/3210/2969 4558/3251/2972 4530/3252/2973
f 4532/3253/2974 4571/3254/2971 4529/3249/2970
f 4530/3252/2973 4554/3255/2975 4531/3256/2976
f 4533/3257/2977 4581/3258/2978 4583/3259/2979
f 4531/3256/2976 4556/3260/2980 4534/3261/2981
f 4533/3257/2977 4580/3262/2982 4581/3263/2978
f 4534/3261/2981 4552/3264/2983 4536/3265/2984
f 4537/3266/2985 4582/3267/2986 4580/3262/2982
f 4536/3265/2987 4553/3268/2987 4538/3269/2987
f 4539/3270/2988 4584/3271/2988 4582/3267/2988
f 4538/3269/2989 4555/3272/2990 4540/3273/2991
f 4541/3274/2992 4585/3275/2992 4584/3271/2992
f 4540/3273/2991 4562/3276/2993 4542/3215/2994
f 4543/3277/2995 4586/3278/2995 4585/3275/2995
f 4485/3188/7 4479/3279/7 4552/3280/7
f 4485/3188/7 4554/3281/7 4558/3282/7
f 4542/3215/2994 4563/3283/2996 4544/3213/2997
f 4545/3284/2998 4589/3285/2999 4586/3278/3000
f 4545/3284/2998 4587/3286/3001 4589/3287/2999
f 4483/3288/6 4576/3289/6 4575/3290/6
f 4544/3213/2997 4564/3291/3002 4546/3292/3003
f 4481/3293/7 4485/3188/7 4559/3294/7
f 4547/3295/3004 4588/3296/3005 4587/3286/3001
f 4486/3297/6 4571/3298/6 4583/3299/6
f 4546/3292/3003 4570/3300/3006 4548/3301/3007
f 4549/3302/3008 4579/3303/3009 4588/3304/3005
f 4573/3305/6 4486/3297/6 4483/3288/6
f 4548/3301/3007 4566/3306/3010 4550/3307/3011
f 4551/3308/3012 4578/3309/3013 4579/3303/3009
f 4580/3310/6 4482/3183/6 4486/3297/6
f 4550/3307/3011 4568/3311/3014 4515/3225/2945
f 4516/3312/3015 4577/3230/2950 4578/3313/3013
f 4478/3207/6 4588/3314/6 4579/3315/6
f 4479/3279/7 4477/3205/7 4563/3316/7
f 4480/3218/7 4567/3317/7 4510/3318/7
f 4599/3319/3016 4629/3320/3017 4601/3321/3018
f 4610/3322/3019 4641/3323/3020 4612/3324/3021
f 4545/3284/6 4610/3325/6 4612/3326/6
f 4531/3256/7 4600/3211/7 4530/3252/7
f 4529/3249/6 4601/3327/6 4532/3253/6
f 4545/3284/6 4614/3328/6 4547/3295/6
f 4532/3253/6 4603/3329/6 4533/3257/6
f 4546/3292/7 4615/3330/7 4613/3331/7
f 4534/3261/7 4602/3332/7 4531/3256/7
f 4516/3312/6 4591/3333/6 4518/3228/6
f 4517/3227/7 4593/3334/7 4590/3335/7
f 4547/3295/6 4616/3336/6 4549/3302/6
f 4535/3337/6 4603/3329/6 4604/3338/6
f 4518/3228/6 4591/3333/6 4519/3233/6
f 4550/3307/7 4615/3330/7 4548/3301/7
f 4536/3265/7 4602/3332/7 4534/3261/7
f 4520/3232/7 4594/3339/7 4593/3334/7
f 4521/3235/6 4591/3333/6 4595/3340/6
f 4515/3225/7 4617/3341/7 4550/3307/7
f 4536/3265/7 4607/3342/7 4605/3343/7
f 4522/3238/7 4594/3339/7 4520/3232/7
f 4516/3312/6 4616/3336/6 4592/3344/6
f 4537/3266/6 4606/3345/6 4539/3270/6
f 4524/3241/7 4594/3339/7 4522/3238/7
f 4540/3273/7 4607/3342/7 4538/3269/7
f 4539/3270/6 4608/3346/6 4541/3274/6
f 4542/3215/7 4609/3347/7 4540/3273/7
f 4541/3274/6 4610/3325/6 4543/3277/6
f 4526/3246/6 4599/3348/6 4528/3349/6
f 4528/3349/6 4599/3348/6 4529/3249/6
f 4635/3350/6 4627/3351/6 4621/3352/6
f 4632/3353/7 4638/3354/7 4618/3355/7
f 4613/3356/3022 4640/3357/3023 4611/3358/3024
f 4602/3359/3025 4628/3360/3018 4600/3361/3026
f 4612/3324/3021 4641/3323/3020 4614/3362/3027
f 4601/3321/3018 4631/3363/3025 4603/3364/3028
f 4615/3365/3029 4642/3366/3030 4613/3356/3022
f 4592/3367/3031 4620/3368/3032 4591/3369/3033
f 4593/3370/3034 4619/3371/3035 4590/3372/3036
f 4614/3362/3027 4643/3373/3037 4616/3374/3038
f 4603/3364/3028 4631/3363/3025 4604/3375/3039
f 4617/3376/3040 4644/3377/3038 4615/3365/3029
f 4605/3378/3041 4632/3353/3039 4602/3359/3025
f 4594/3379/3042 4619/3371/3035 4593/3370/3034
f 4604/3375/3039 4633/3380/3043 4606/3381/3044
f 4591/3369/3033 4621/3352/3045 4595/3382/3046
f 4607/3383/3047 4634/3384/3048 4605/3378/3041
f 4616/3374/3038 4645/3385/3040 4592/3367/3031
f 4590/3372/3036 4618/3355/3031 4617/3376/3040
f 4596/3386/3049 4622/3387/3050 4594/3379/3042
f 4595/3382/3046 4623/3388/3051 4597/3389/3052
f 4606/3381/3044 4637/3390/3053 4608/3391/3054
f 4609/3392/3055 4636/3393/3056 4607/3383/3047
f 4598/3394/3057 4624/3395/3058 4596/3386/3049
f 4608/3391/3054 4639/3396/3059 4610/3322/3019
f 4597/3389/3052 4627/3351/3060 4599/3319/3016
f 4611/3358/3024 4638/3354/3061 4609/3392/3055
f 4600/3361/3026 4626/3397/3062 4598/3394/3057
f 4496/3174/2943 4487/3398/163 4646/3399/163
f 4481/3160/164 4480/3199/164 4484/3161/164
f 4486/3163/162 4489/3179/162 4490/3164/162
f 4483/3162/1 4486/3163/1 4485/3165/1
f 4491/3168/7 4488/3170/7 4489/3166/7
f 4489/3166/7 4498/3400/7 4504/3167/7
f 4504/3167/7 4503/3401/7 4491/3168/7
f 4490/3164/162 4493/3194/2941 4494/3169/2941
f 4490/3172/4 4489/3166/4 4488/3170/4
f 4505/3173/2942 4497/3402/2943 4496/3174/2943
f 4492/3176/2943 4491/3403/2943 4503/3177/2942
f 4489/3179/162 4486/3163/162 4495/3180/2941
f 4488/3182/163 4491/3403/2943 4492/3176/2943
f 4495/3185/6 4486/3297/6 4482/3183/6
f 4482/3183/6 4492/3404/6 4500/3184/6
f 4500/3184/6 4499/3405/6 4495/3185/6
f 4493/3187/6 4490/3172/6 4487/3171/6
f 4487/3171/6 4497/3406/6 4505/3186/6
f 4505/3186/6 4506/3407/6 4493/3187/6
f 4646/3408/7 4479/3279/7 4485/3188/7
f 4485/3188/7 4494/3409/7 4502/3189/7
f 4502/3189/7 4501/3410/7 4496/3190/7
f 4496/3190/7 4646/3408/7 4485/3188/7
f 4499/3191/2944 4504/3192/2944 4498/3181/2941
f 4500/3178/2942 4503/3177/2942 4504/3192/2944
f 4506/3193/2944 4502/3195/2944 4494/3169/2941
f 4505/3173/2942 4501/3175/2942 4502/3195/2944
f 4512/3196/164 4511/3411/164 4510/3197/164
f 4510/3197/2 4511/3411/2 4484/3161/2
f 4509/3198/1 4507/3412/1 4508/3200/1
f 4513/3201/2 4514/3413/2 4508/3202/2
f 4509/3204/7 4510/3318/7 4477/3205/7
f 4513/3206/7 4507/3414/7 4509/3204/7
f 4478/3207/6 4511/3223/6 4512/3208/6
f 4512/3208/6 4508/3415/6 4514/3209/6
f 4527/3210/7 4530/3252/7 4600/3211/7
f 4480/3218/7 4481/3293/7 4559/3294/7
f 4565/3217/7 4567/3317/7 4480/3218/7
f 4480/3218/7 4559/3294/7 4560/3416/7
f 4480/3218/7 4560/3416/7 4569/3216/7
f 4510/3318/7 4567/3317/7 4568/3417/7
f 4510/3318/7 4568/3417/7 4566/3418/7
f 4564/3220/7 4563/3316/7 4477/3205/7
f 4477/3205/7 4510/3318/7 4566/3418/7
f 4477/3205/7 4566/3418/7 4570/3219/7
f 4516/3312/3015 4518/3228/2948 4577/3230/2950
f 4518/3228/2948 4519/3233/2954 4576/3229/2949
f 4517/3227/3063 4567/3226/3063 4565/3231/3063
f 4519/3233/2954 4521/3235/2956 4575/3234/2955
f 4520/3232/2953 4565/3231/2952 4569/3419/2959
f 4521/3235/2956 4523/3242/2962 4574/3236/2957
f 4522/3238/2958 4520/3232/2953 4569/3239/2959
f 4523/3242/2962 4526/3246/2966 4573/3243/2963
f 4524/3241/2961 4560/3240/2960 4559/3244/2964
f 4526/3246/2966 4528/3349/3064 4572/3247/2967
f 4525/3245/2965 4559/3244/2964 4557/3248/2968
f 4528/3349/3064 4529/3249/2970 4572/3247/2967
f 4527/3210/2969 4557/3248/2968 4558/3251/2972
f 4532/3253/2974 4583/3259/2979 4571/3254/2971
f 4530/3252/2973 4558/3420/2972 4554/3255/2975
f 4532/3253/2974 4533/3257/2977 4583/3259/2979
f 4531/3256/2976 4554/3255/2975 4556/3260/2980
f 4533/3257/2977 4535/3337/3065 4580/3262/2982
f 4534/3261/2981 4556/3421/2980 4552/3264/2983
f 4535/3337/3065 4537/3266/2985 4580/3262/2982
f 4536/3265/3066 4552/3264/3066 4553/3268/3066
f 4537/3266/3067 4539/3270/3067 4582/3267/3067
f 4538/3269/3068 4553/3268/3068 4555/3272/3068
f 4539/3270/3069 4541/3274/3069 4584/3271/3069
f 4540/3273/2991 4555/3272/2990 4561/3422/3070
f 4541/3274/3071 4543/3277/3071 4585/3275/3071
f 4479/3279/7 4563/3316/7 4562/3423/7
f 4553/3424/7 4552/3280/7 4479/3279/7
f 4479/3279/7 4562/3423/7 4561/3425/7
f 4479/3279/7 4561/3425/7 4555/3426/7
f 4555/3426/7 4553/3424/7 4479/3279/7
f 4540/3273/2991 4561/3427/3070 4562/3276/2993
f 4543/3277/3072 4545/3284/2998 4586/3278/3000
f 4485/3188/7 4552/3280/7 4556/3428/7
f 4557/3429/7 4559/3294/7 4485/3188/7
f 4485/3188/7 4556/3428/7 4554/3281/7
f 4558/3282/7 4557/3429/7 4485/3188/7
f 4542/3215/2994 4562/3276/2993 4563/3283/2996
f 4545/3284/2998 4547/3295/3004 4587/3286/3001
f 4483/3288/6 4484/3222/6 4577/3221/6
f 4574/3430/6 4573/3305/6 4483/3288/6
f 4483/3288/6 4577/3221/6 4576/3289/6
f 4575/3290/6 4574/3430/6 4483/3288/6
f 4544/3213/2997 4563/3283/2996 4564/3291/3002
f 4547/3295/3004 4549/3302/3008 4588/3296/3005
f 4486/3297/6 4573/3305/6 4572/3431/6
f 4581/3432/6 4580/3310/6 4486/3297/6
f 4583/3299/6 4581/3432/6 4486/3297/6
f 4486/3297/6 4572/3431/6 4571/3298/6
f 4546/3292/3003 4564/3291/3002 4570/3300/3006
f 4549/3302/3008 4551/3308/3012 4579/3303/3009
f 4548/3301/3007 4570/3433/3006 4566/3306/3010
f 4482/3183/6 4580/3310/6 4582/3434/6
f 4585/3435/6 4586/3224/6 4482/3183/6
f 4482/3183/6 4582/3434/6 4584/3436/6
f 4584/3436/6 4585/3435/6 4482/3183/6
f 4551/3308/3012 4516/3312/3015 4578/3309/3013
f 4550/3307/3011 4566/3306/3010 4568/3311/3014
f 4578/3437/6 4577/3221/6 4511/3223/6
f 4478/3207/6 4586/3224/6 4589/3438/6
f 4478/3207/6 4589/3438/6 4587/3439/6
f 4578/3437/6 4511/3223/6 4478/3207/6
f 4579/3315/6 4578/3437/6 4478/3207/6
f 4478/3207/6 4587/3439/6 4588/3314/6
f 4515/3225/2945 4568/3440/3014 4567/3226/2946
f 4599/3319/3016 4627/3351/3060 4629/3320/3017
f 4610/3322/3019 4639/3396/3059 4641/3323/3020
f 4545/3284/6 4543/3277/6 4610/3325/6
f 4529/3249/6 4599/3348/6 4601/3327/6
f 4544/3213/7 4613/3331/7 4611/3214/7
f 4544/3213/7 4546/3292/7 4613/3331/7
f 4531/3256/7 4602/3332/7 4600/3211/7
f 4545/3284/6 4612/3326/6 4614/3328/6
f 4532/3253/6 4601/3327/6 4603/3329/6
f 4515/3225/7 4517/3227/7 4590/3335/7
f 4516/3312/6 4592/3344/6 4591/3333/6
f 4546/3292/7 4548/3301/7 4615/3330/7
f 4547/3295/6 4614/3328/6 4616/3336/6
f 4535/3337/6 4533/3257/6 4603/3329/6
f 4550/3307/7 4617/3341/7 4615/3330/7
f 4536/3265/7 4605/3343/7 4602/3332/7
f 4517/3227/7 4520/3232/7 4593/3334/7
f 4551/3308/6 4549/3302/6 4616/3336/6
f 4537/3266/6 4535/3337/6 4604/3338/6
f 4537/3266/6 4604/3338/6 4606/3345/6
f 4521/3235/6 4519/3233/6 4591/3333/6
f 4536/3265/7 4538/3269/7 4607/3342/7
f 4516/3312/6 4551/3308/6 4616/3336/6
f 4523/3242/6 4521/3235/6 4595/3340/6
f 4515/3225/7 4590/3335/7 4617/3341/7
f 4524/3241/7 4596/3441/7 4594/3339/7
f 4523/3242/6 4595/3340/6 4597/3442/6
f 4524/3241/7 4525/3245/7 4596/3441/7
f 4539/3270/6 4606/3345/6 4608/3346/6
f 4526/3246/6 4523/3242/6 4597/3442/6
f 4540/3273/7 4609/3347/7 4607/3342/7
f 4525/3245/7 4598/3212/7 4596/3441/7
f 4525/3245/7 4527/3210/7 4598/3212/7
f 4541/3274/6 4608/3346/6 4610/3325/6
f 4526/3246/6 4597/3442/6 4599/3348/6
f 4542/3215/7 4611/3214/7 4609/3347/7
f 4621/3352/6 4620/3368/6 4645/3385/6
f 4645/3385/6 4643/3373/6 4641/3323/6
f 4639/3396/6 4637/3390/6 4635/3350/6
f 4635/3350/6 4633/3380/6 4631/3363/6
f 4631/3363/6 4629/3320/6 4627/3351/6
f 4627/3351/6 4625/3443/6 4623/3388/6
f 4621/3352/6 4645/3385/6 4641/3323/6
f 4641/3323/6 4639/3396/6 4635/3350/6
f 4635/3350/6 4631/3363/6 4627/3351/6
f 4627/3351/6 4623/3388/6 4621/3352/6
f 4621/3352/6 4641/3323/6 4635/3350/6
f 4619/3371/7 4622/3387/7 4624/3395/7
f 4624/3395/7 4626/3397/7 4628/3360/7
f 4628/3360/7 4630/3444/7 4632/3353/7
f 4634/3384/7 4636/3393/7 4638/3354/7
f 4638/3354/7 4640/3357/7 4642/3366/7
f 4642/3366/7 4644/3377/7 4618/3355/7
f 4618/3355/7 4619/3371/7 4624/3395/7
f 4624/3395/7 4628/3360/7 4632/3353/7
f 4632/3353/7 4634/3384/7 4638/3354/7
f 4638/3354/7 4642/3366/7 4618/3355/7
f 4618/3355/7 4624/3395/7 4632/3353/7
f 4613/3356/3022 4642/3366/3030 4640/3357/3023
f 4602/3359/3025 4630/3444/3028 4628/3360/3018
f 4601/3321/3018 4629/3320/3017 4631/3363/3025
f 4590/3372/3036 4619/3371/3035 4618/3355/3031
f 4614/3362/3027 4641/3323/3020 4643/3373/3037
f 4615/3365/3029 4644/3377/3038 4642/3366/3030
f 4602/3359/3025 4632/3353/3039 4630/3444/3028
f 4591/3369/3033 4620/3368/3032 4621/3352/3045
f 4616/3374/3038 4643/3373/3037 4645/3385/3040
f 4604/3375/3039 4631/3363/3025 4633/3380/3043
f 4605/3378/3041 4634/3384/3048 4632/3353/3039
f 4594/3379/3042 4622/3387/3050 4619/3371/3035
f 4617/3376/3040 4618/3355/3031 4644/3377/3038
f 4606/3381/3044 4633/3380/3043 4635/3350/3073
f 4595/3382/3046 4621/3352/3045 4623/3388/3051
f 4596/3386/3049 4624/3395/3058 4622/3387/3050
f 4592/3367/3031 4645/3385/3040 4620/3368/3032
f 4607/3383/3047 4636/3393/3056 4634/3384/3048
f 4606/3381/3044 4635/3350/3073 4637/3390/3053
f 4597/3389/3052 4623/3388/3051 4625/3443/3074
f 4609/3392/3055 4638/3354/3061 4636/3393/3056
f 4598/3394/3057 4626/3397/3062 4624/3395/3058
f 4608/3391/3054 4637/3390/3053 4639/3396/3059
f 4597/3389/3052 4625/3443/3074 4627/3351/3060
f 4611/3358/3024 4640/3357/3023 4638/3354/3061
f 4600/3361/3026 4628/3360/3018 4626/3397/3062
f 4496/3174/2943 4497/3402/2943 4487/3398/163
f 4651/3160/162 4654/3161/162 4653/3162/162
f 4656/3163/164 4660/3164/164 4655/3165/164
f 4653/3162/1 4655/3165/1 4651/3160/1
f 4659/3166/6 4674/3167/6 4661/3168/6
f 4660/3164/164 4664/3169/3075 4655/3165/164
f 4658/3170/2 4657/3171/2 4660/3172/2
f 4675/3173/3076 4666/3174/3077 4671/3175/3076
f 4662/3176/3077 4673/3177/3076 4670/3178/3076
f 4659/3179/164 4665/3180/3075 4668/3181/3075
f 4658/3182/165 4662/3176/3077 4652/3183/165
f 4652/3183/7 4670/3184/7 4665/3185/7
f 4657/3171/7 4675/3186/7 4663/3187/7
f 4655/3188/6 4672/3189/6 4666/3190/6
f 4669/3191/3078 4668/3181/3075 4665/3180/3075
f 4670/3178/3076 4674/3192/3078 4669/3191/3078
f 4676/3193/3078 4664/3169/3075 4663/3194/3075
f 4675/3173/3076 4672/3195/3078 4676/3193/3078
f 4682/3196/162 4680/3197/162 4679/3198/162
f 4680/3197/4 4654/3161/4 4650/3199/4
f 4679/3198/1 4678/3200/1 4682/3196/1
f 4683/3201/4 4678/3202/4 4677/3203/4
f 4679/3204/6 4647/3205/6 4683/3206/6
f 4648/3207/7 4682/3208/7 4684/3209/7
f 4697/3445/6 4771/3211/6 4769/3446/6
f 4713/3213/6 4781/3447/6 4711/3448/6
f 4740/3216/6 4736/3449/6 4650/3218/6
f 4741/3219/6 4735/3220/6 4647/3205/6
f 4748/3450/7 4654/3222/7 4681/3223/7
f 4756/3451/7 4648/3207/7 4652/3183/7
f 4687/3452/3079 4747/3453/3080 4748/3454/3081
f 4685/3455/3082 4736/3456/3083 4688/3457/3084
f 4687/3452/3079 4746/3458/3085 4747/3459/3080
f 4688/3457/3084 4736/3456/3083 4689/3460/3086
f 4691/3461/3087 4745/3236/3088 4746/3458/3085
f 4692/3238/3089 4740/3239/3090 4729/3240/3091
f 4692/3238/3089 4729/3240/3091 4693/3462/3092
f 4694/3463/3093 4744/3464/3093 4745/3236/3093
f 4693/3462/3094 4728/3244/3095 4695/3465/3096
f 4696/3466/3097 4743/3467/3097 4744/3464/3097
f 4695/3465/3096 4727/3468/3098 4697/3445/3099
f 4698/3469/3100 4742/3250/3101 4743/3467/3102
f 4700/3253/3103 4742/3254/3101 4698/3469/3100
f 4697/3445/3099 4725/3255/3104 4699/3470/3105
f 4701/3471/3106 4751/3258/3107 4753/3472/3108
f 4699/3470/3105 4723/3473/3109 4702/3474/3110
f 4701/3471/3106 4750/3475/3111 4751/3263/3107
f 4702/3474/3110 4722/3476/3112 4704/3477/3113
f 4705/3478/3114 4752/3479/3115 4750/3475/3111
f 4704/3477/3113 4724/3480/3116 4706/3481/3117
f 4707/3482/3118 4754/3271/3118 4752/3479/3118
f 4706/3481/3117 4726/3483/3119 4708/3484/3120
f 4708/3484/3120 4731/3485/3121 4709/3486/3122
f 4710/3487/3123 4755/3488/3123 4754/3271/3123
f 4649/3279/6 4731/3489/6 4726/3490/6
f 4709/3486/3122 4733/3491/3124 4711/3448/3125
f 4712/3492/3126 4756/3493/3126 4755/3488/3126
f 4655/3188/6 4649/3279/6 4722/3494/6
f 4655/3188/6 4725/3495/6 4727/3496/6
f 4711/3448/3125 4732/3497/3127 4713/3213/3128
f 4714/3284/3129 4759/3285/3130 4756/3493/3131
f 4714/3284/3129 4757/3498/3132 4759/3287/3130
f 4713/3213/3128 4735/3291/3133 4715/3292/3134
f 4651/3293/6 4655/3188/6 4728/3499/6
f 4716/3500/3135 4758/3501/3136 4757/3498/3132
f 4656/3297/7 4742/3298/7 4753/3502/7
f 4715/3292/3134 4741/3300/3137 4717/3301/3138
f 4744/3503/7 4656/3297/7 4653/3288/7
f 4717/3301/3138 4737/3504/3139 4719/3505/3140
f 4718/3506/3141 4749/3507/3142 4758/3501/3136
f 4750/3508/7 4652/3183/7 4656/3297/7
f 4719/3505/3140 4738/3509/3143 4721/3510/3144
f 4686/3511/3145 4748/3454/3146 4749/3507/3142
f 4721/3510/3144 4738/3509/3143 4685/3455/3082
f 4649/3279/6 4647/3205/6 4732/3512/6
f 4650/3218/6 4738/3513/6 4680/3318/6
f 4780/3514/3147 4812/3515/3148 4782/3516/3149
f 4714/3284/7 4780/3517/7 4782/3518/7
f 4699/3470/6 4771/3211/6 4697/3445/6
f 4698/3469/7 4770/3519/7 4700/3253/7
f 4714/3284/7 4784/3328/7 4716/3500/7
f 4700/3253/7 4773/3520/7 4701/3471/7
f 4702/3474/6 4772/3521/6 4699/3470/6
f 4686/3511/7 4761/3522/7 4687/3452/7
f 4715/3292/6 4785/3523/6 4783/3524/6
f 4685/3455/6 4762/3525/6 4760/3526/6
f 4716/3500/7 4786/3527/7 4718/3506/7
f 4703/3337/7 4773/3520/7 4775/3338/7
f 4719/3505/6 4785/3523/6 4717/3301/6
f 4704/3477/6 4774/3528/6 4702/3474/6
f 4687/3452/7 4763/3529/7 4690/3530/7
f 4704/3477/6 4776/3531/6 4774/3528/6
f 4689/3460/6 4764/3532/6 4762/3525/6
f 4720/3533/7 4786/3527/7 4788/3534/7
f 4691/3461/7 4763/3529/7 4765/3535/7
f 4721/3510/6 4787/3536/6 4719/3505/6
f 4692/3238/6 4764/3532/6 4689/3460/6
f 4705/3478/7 4777/3537/7 4707/3482/7
f 4685/3455/6 4787/3536/6 4721/3510/6
f 4708/3484/6 4776/3531/6 4706/3481/6
f 4693/3462/6 4764/3532/6 4692/3238/6
f 4686/3511/7 4788/3534/7 4761/3522/7
f 4691/3461/7 4766/3538/7 4694/3463/7
f 4709/3486/6 4776/3531/6 4708/3484/6
f 4693/3462/6 4767/3539/6 4764/3532/6
f 4707/3482/7 4778/3540/7 4710/3487/7
f 4695/3465/6 4767/3539/6 4693/3462/6
f 4710/3487/7 4778/3540/7 4780/3517/7
f 4696/3466/7 4766/3538/7 4768/3541/7
f 4711/3448/6 4779/3542/6 4709/3486/6
f 4695/3465/6 4769/3446/6 4767/3539/6
f 4710/3487/7 4780/3517/7 4712/3492/7
f 4697/3445/6 4769/3446/6 4695/3465/6
f 4696/3466/7 4770/3519/7 4698/3469/7
f 4808/3543/7 4799/3544/7 4791/3545/7
f 4803/3546/6 4811/3547/6 4789/3355/6
f 4783/3548/3150 4811/3547/3151 4781/3549/3152
f 4772/3550/3153 4801/3551/3154 4771/3552/3155
f 4782/3516/3149 4813/3553/3061 4784/3554/3156
f 4770/3555/3157 4802/3556/3158 4773/3557/3159
f 4785/3558/3160 4814/3559/3161 4783/3548/3150
f 4774/3560/3162 4803/3546/3163 4772/3550/3153
f 4762/3561/3164 4790/3562/3165 4760/3563/3166
f 4784/3554/3156 4815/3564/3167 4786/3565/3168
f 4773/3557/3159 4804/3566/3169 4775/3375/3170
f 4761/3567/3171 4791/3545/3172 4763/3568/3173
f 4787/3569/3174 4816/3570/3175 4785/3558/3160
f 4776/3571/3176 4805/3572/3177 4774/3560/3162
f 4764/3573/3178 4793/3574/3179 4762/3561/3164
f 4786/3565/3168 4817/3575/3180 4788/3576/3181
f 4775/3375/3170 4806/3577/3182 4777/3578/3183
f 4763/3568/3173 4794/3579/3184 4765/3580/3185
f 4760/3563/3166 4789/3355/3186 4787/3569/3174
f 4788/3576/3181 4792/3581/3187 4761/3567/3171
f 4777/3578/3183 4808/3543/3188 4778/3582/3189
f 4765/3580/3185 4796/3583/3190 4766/3584/3191
f 4779/3585/3192 4807/3586/3193 4776/3571/3176
f 4767/3587/3194 4795/3588/3195 4764/3573/3178
f 4778/3582/3189 4810/3589/3196 4780/3514/3147
f 4766/3584/3191 4797/3590/3197 4768/3591/3198
f 4769/3592/3199 4798/3593/3200 4767/3587/3194
f 4781/3549/3152 4809/3594/3201 4779/3585/3192
f 4768/3591/3198 4799/3544/3202 4770/3555/3157
f 4771/3552/3155 4800/3595/3203 4769/3592/3199
f 4666/3174/3077 4657/3398/165 4818/3399/165
f 4651/3160/162 4650/3199/162 4654/3161/162
f 4656/3163/164 4659/3179/164 4660/3164/164
f 4653/3162/1 4656/3163/1 4655/3165/1
f 4661/3168/6 4658/3170/6 4659/3166/6
f 4659/3166/6 4668/3400/6 4674/3167/6
f 4674/3167/6 4673/3401/6 4661/3168/6
f 4660/3164/164 4663/3194/3075 4664/3169/3075
f 4660/3172/2 4659/3166/2 4658/3170/2
f 4675/3173/3076 4667/3402/3077 4666/3174/3077
f 4662/3176/3077 4661/3403/3077 4673/3177/3076
f 4659/3179/164 4656/3163/164 4665/3180/3075
f 4658/3182/165 4661/3403/3077 4662/3176/3077
f 4665/3185/7 4656/3297/7 4652/3183/7
f 4652/3183/7 4662/3404/7 4670/3184/7
f 4670/3184/7 4669/3405/7 4665/3185/7
f 4663/3187/7 4660/3172/7 4657/3171/7
f 4657/3171/7 4667/3406/7 4675/3186/7
f 4675/3186/7 4676/3407/7 4663/3187/7
f 4818/3408/6 4649/3279/6 4655/3188/6
f 4655/3188/6 4664/3409/6 4672/3189/6
f 4672/3189/6 4671/3410/6 4666/3190/6
f 4666/3190/6 4818/3408/6 4655/3188/6
f 4669/3191/3078 4674/3192/3078 4668/3181/3075
f 4670/3178/3076 4673/3177/3076 4674/3192/3078
f 4676/3193/3078 4672/3195/3078 4664/3169/3075
f 4675/3173/3076 4671/3175/3076 4672/3195/3078
f 4682/3196/162 4681/3411/162 4680/3197/162
f 4680/3197/4 4681/3411/4 4654/3161/4
f 4679/3198/1 4677/3412/1 4678/3200/1
f 4683/3201/4 4684/3413/4 4678/3202/4
f 4679/3204/6 4680/3318/6 4647/3205/6
f 4683/3206/6 4677/3414/6 4679/3204/6
f 4648/3207/7 4681/3223/7 4682/3208/7
f 4682/3208/7 4678/3415/7 4684/3209/7
f 4650/3218/6 4651/3293/6 4728/3499/6
f 4739/3596/6 4738/3513/6 4650/3218/6
f 4736/3449/6 4739/3596/6 4650/3218/6
f 4650/3218/6 4728/3499/6 4729/3597/6
f 4650/3218/6 4729/3597/6 4740/3216/6
f 4680/3318/6 4738/3513/6 4737/3598/6
f 4734/3599/6 4732/3512/6 4647/3205/6
f 4735/3220/6 4734/3599/6 4647/3205/6
f 4647/3205/6 4680/3318/6 4737/3598/6
f 4647/3205/6 4737/3598/6 4741/3219/6
f 4686/3511/3204 4687/3452/3079 4748/3454/3081
f 4685/3455/3082 4738/3509/3143 4739/3600/3205
f 4685/3455/3082 4739/3601/3205 4736/3456/3083
f 4687/3452/3079 4690/3530/3206 4746/3458/3085
f 4690/3530/3206 4691/3461/3087 4746/3458/3085
f 4689/3460/3086 4736/3456/3083 4740/3419/3090
f 4692/3238/3089 4689/3460/3086 4740/3239/3090
f 4691/3461/3207 4694/3463/3207 4745/3236/3207
f 4693/3462/3092 4729/3240/3091 4728/3244/3208
f 4694/3463/3209 4696/3466/3209 4744/3464/3209
f 4695/3465/3096 4728/3244/3095 4730/3602/3210
f 4696/3466/3211 4698/3469/3100 4743/3467/3102
f 4695/3465/3096 4730/3603/3210 4727/3468/3098
f 4700/3253/3103 4753/3472/3108 4742/3254/3101
f 4697/3445/3099 4727/3468/3098 4725/3255/3104
f 4700/3253/3103 4701/3471/3106 4753/3472/3108
f 4699/3470/3105 4725/3255/3104 4723/3473/3109
f 4701/3471/3106 4703/3337/3212 4750/3475/3111
f 4703/3337/3212 4705/3478/3114 4750/3475/3111
f 4702/3474/3110 4723/3473/3109 4722/3476/3112
f 4704/3477/3113 4722/3604/3112 4724/3480/3116
f 4705/3478/3213 4707/3482/3213 4752/3479/3213
f 4706/3481/3117 4724/3480/3116 4726/3483/3119
f 4707/3482/3214 4710/3487/3214 4754/3271/3214
f 4708/3484/3120 4726/3605/3119 4731/3485/3121
f 4710/3487/3215 4712/3492/3215 4755/3488/3215
f 4649/3279/6 4732/3512/6 4733/3606/6
f 4724/3607/6 4722/3494/6 4649/3279/6
f 4649/3279/6 4733/3606/6 4731/3489/6
f 4726/3490/6 4724/3607/6 4649/3279/6
f 4709/3486/3122 4731/3485/3121 4733/3491/3124
f 4711/3448/3125 4733/3608/3124 4732/3497/3127
f 4712/3492/3216 4714/3284/3129 4756/3493/3131
f 4655/3188/6 4722/3494/6 4723/3609/6
f 4730/3610/6 4728/3499/6 4655/3188/6
f 4727/3496/6 4730/3610/6 4655/3188/6
f 4655/3188/6 4723/3609/6 4725/3495/6
f 4713/3213/3128 4732/3497/3127 4734/3611/3217
f 4714/3284/3129 4716/3500/3135 4757/3498/3132
f 4653/3288/7 4654/3222/7 4748/3450/7
f 4745/3612/7 4744/3503/7 4653/3288/7
f 4653/3288/7 4748/3450/7 4747/3613/7
f 4653/3288/7 4747/3613/7 4746/3614/7
f 4746/3614/7 4745/3612/7 4653/3288/7
f 4713/3213/3128 4734/3615/3217 4735/3291/3133
f 4716/3500/3135 4718/3506/3141 4758/3501/3136
f 4656/3297/7 4744/3503/7 4743/3616/7
f 4751/3432/7 4750/3508/7 4656/3297/7
f 4753/3502/7 4751/3432/7 4656/3297/7
f 4656/3297/7 4743/3616/7 4742/3298/7
f 4715/3292/3134 4735/3291/3133 4741/3300/3137
f 4717/3301/3138 4741/3433/3137 4737/3504/3139
f 4718/3506/3141 4720/3533/3218 4749/3507/3142
f 4652/3183/7 4750/3508/7 4752/3434/7
f 4755/3617/7 4756/3451/7 4652/3183/7
f 4652/3183/7 4752/3434/7 4754/3618/7
f 4754/3618/7 4755/3617/7 4652/3183/7
f 4720/3533/3218 4686/3511/3145 4749/3507/3142
f 4719/3505/3140 4737/3504/3139 4738/3509/3143
f 4749/3619/7 4748/3450/7 4681/3223/7
f 4648/3207/7 4756/3451/7 4759/3438/7
f 4648/3207/7 4759/3438/7 4757/3620/7
f 4749/3619/7 4681/3223/7 4648/3207/7
f 4648/3207/7 4757/3620/7 4758/3621/7
f 4758/3621/7 4749/3619/7 4648/3207/7
f 4714/3284/7 4712/3492/7 4780/3517/7
f 4713/3213/6 4783/3524/6 4781/3447/6
f 4713/3213/6 4715/3292/6 4783/3524/6
f 4699/3470/6 4772/3521/6 4771/3211/6
f 4714/3284/7 4782/3518/7 4784/3328/7
f 4700/3253/7 4770/3519/7 4773/3520/7
f 4715/3292/6 4717/3301/6 4785/3523/6
f 4702/3474/6 4774/3528/6 4772/3521/6
f 4685/3455/6 4688/3457/6 4762/3525/6
f 4716/3500/7 4784/3328/7 4786/3527/7
f 4703/3337/7 4701/3471/7 4773/3520/7
f 4687/3452/7 4761/3522/7 4763/3529/7
f 4688/3457/6 4689/3460/6 4762/3525/6
f 4705/3478/7 4703/3337/7 4775/3338/7
f 4719/3505/6 4787/3536/6 4785/3523/6
f 4704/3477/6 4706/3481/6 4776/3531/6
f 4720/3533/7 4718/3506/7 4786/3527/7
f 4705/3478/7 4775/3338/7 4777/3537/7
f 4691/3461/7 4690/3530/7 4763/3529/7
f 4686/3511/7 4720/3533/7 4788/3534/7
f 4685/3455/6 4760/3526/6 4787/3536/6
f 4707/3482/7 4777/3537/7 4778/3540/7
f 4691/3461/7 4765/3535/7 4766/3538/7
f 4709/3486/6 4779/3542/6 4776/3531/6
f 4696/3466/7 4694/3463/7 4766/3538/7
f 4711/3448/6 4781/3447/6 4779/3542/6
f 4696/3466/7 4768/3541/7 4770/3519/7
f 4791/3545/7 4792/3581/7 4817/3575/7
f 4817/3575/7 4815/3564/7 4813/3553/7
f 4813/3553/7 4812/3515/7 4810/3589/7
f 4808/3543/7 4806/3577/7 4804/3566/7
f 4804/3566/7 4802/3556/7 4799/3544/7
f 4799/3544/7 4797/3590/7 4796/3583/7
f 4796/3583/7 4794/3579/7 4791/3545/7
f 4791/3545/7 4817/3575/7 4813/3553/7
f 4813/3553/7 4810/3589/7 4808/3543/7
f 4808/3543/7 4804/3566/7 4799/3544/7
f 4799/3544/7 4796/3583/7 4791/3545/7
f 4791/3545/7 4813/3553/7 4808/3543/7
f 4789/3355/6 4790/3562/6 4793/3574/6
f 4795/3588/6 4798/3593/6 4800/3595/6
f 4800/3595/6 4801/3551/6 4803/3546/6
f 4803/3546/6 4805/3572/6 4807/3586/6
f 4807/3586/6 4809/3594/6 4811/3547/6
f 4814/3559/6 4816/3570/6 4789/3355/6
f 4789/3355/6 4793/3574/6 4795/3588/6
f 4795/3588/6 4800/3595/6 4803/3546/6
f 4803/3546/6 4807/3586/6 4811/3547/6
f 4811/3547/6 4814/3559/6 4789/3355/6
f 4789/3355/6 4795/3588/6 4803/3546/6
f 4771/3552/3155 4801/3551/3154 4800/3595/3203
f 4782/3516/3149 4812/3515/3148 4813/3553/3061
f 4770/3555/3157 4799/3544/3202 4802/3556/3158
f 4783/3548/3150 4814/3559/3161 4811/3547/3151
f 4772/3550/3153 4803/3546/3163 4801/3551/3154
f 4760/3563/3166 4790/3562/3165 4789/3355/3186
f 4784/3554/3156 4813/3553/3061 4815/3564/3167
f 4773/3557/3159 4802/3556/3158 4804/3566/3169
f 4761/3567/3171 4792/3581/3187 4791/3545/3172
f 4785/3558/3160 4816/3570/3175 4814/3559/3161
f 4774/3560/3162 4805/3572/3177 4803/3546/3163
f 4762/3561/3164 4793/3574/3179 4790/3562/3165
f 4786/3565/3168 4815/3564/3167 4817/3575/3180
f 4775/3375/3170 4804/3566/3169 4806/3577/3182
f 4763/3568/3173 4791/3545/3172 4794/3579/3184
f 4787/3569/3174 4789/3355/3186 4816/3570/3175
f 4776/3571/3176 4807/3586/3193 4805/3572/3177
f 4764/3573/3178 4795/3588/3195 4793/3574/3179
f 4788/3576/3181 4817/3575/3180 4792/3581/3187
f 4777/3578/3183 4806/3577/3182 4808/3543/3188
f 4765/3580/3185 4794/3579/3184 4796/3583/3190
f 4779/3585/3192 4809/3594/3201 4807/3586/3193
f 4778/3582/3189 4808/3543/3188 4810/3589/3196
f 4766/3584/3191 4796/3583/3190 4797/3590/3197
f 4767/3587/3194 4798/3593/3200 4795/3588/3195
f 4768/3591/3198 4797/3590/3197 4799/3544/3202
f 4781/3549/3152 4811/3547/3151 4809/3594/3201
f 4769/3592/3199 4800/3595/3203 4798/3593/3200
f 4780/3514/3147 4810/3589/3196 4812/3515/3148
f 4666/3174/3077 4667/3402/3077 4657/3398/165
f 4820/3622/1362 4821/3623/1363 4819/3624/1191
f 4823/3625/1364 4824/3626/3219 4821/3623/1366
f 4825/3627/1466 4826/3628/1466 4824/3626/1466
f 4827/3629/3220 4828/3630/1468 4826/3628/1469
f 4827/3629/1462 4829/3631/1463 4828/3630/1464
f 4830/3632/3221 4831/3633/3222 4829/3631/1355
f 4832/1838/3223 4833/1839/3224 4831/1840/1209
f 4834/2079/3225 4835/3634/3226 4833/1839/3224
f 4830/3635/11 4825/3636/11 4822/3637/11
f 4836/3638/3227 4819/3624/3228 4835/3634/3226
f 4826/3639/1 4831/3640/1 4835/3641/1
f 4838/3642/3229 4839/3643/3230 4837/3644/1217
f 4840/3645/3231 4841/3646/3232 4839/3643/3233
f 4843/3647/3234 4844/3648/1476 4841/3646/3235
f 4845/3649/1478 4846/3650/1479 4844/3648/1480
f 4845/3649/1470 4847/3651/1471 4846/3650/1472
f 4848/3652/3236 4849/3653/3237 4847/3651/1377
f 4850/1864/3238 4851/1865/3239 4849/1866/1235
f 4852/2089/3240 4853/3654/3241 4851/1865/3239
f 4848/3655/11 4843/3656/11 4840/3645/11
f 4854/3657/3242 4837/3644/3243 4853/3654/3241
f 4844/3658/1 4849/3659/1 4853/3660/1
f 4866/3661/1241 4868/1876/1242 4870/1877/1243
f 4855/1878/1244 4864/3662/1245 4863/1880/1246
f 4862/1881/1247 4863/1880/1248 4870/3663/1249
f 4856/1883/1250 4865/1884/1251 4864/3662/1252
f 4857/1885/1253 4866/3661/1254 4865/1884/1255
f 4858/1886/3244 4867/1887/3245 4866/3661/1258
f 4859/1888/3246 4868/2032/1260 4867/1887/1261
f 4860/1890/3247 4869/1891/1263 4868/2032/1264
f 4861/1892/1397 4870/3663/3248 4869/3664/1398
f 4885/2035/1268 4879/1895/1269 4889/3665/1270
f 4872/3666/3249 4873/3667/1272 4884/3668/3250
f 4883/3669/1274 4871/3670/1275 4889/3671/1276
f 4872/3666/11 4881/3672/11 4876/3673/11
f 4874/3674/1277 4875/3675/1278 4885/2035/1279
f 4876/3673/1645 4877/3676/1281 4886/3677/3251
f 4878/1971/1283 4880/2046/3252 4887/3678/1285
f 4881/3672/1344 4882/3679/1287 4888/2109/1288
f 4891/3680/1189 4892/3681/1190 4890/3682/1191
f 4893/3683/3253 4894/3684/3254 4892/3681/3255
f 4895/3685/3256 4896/3628/3257 4894/3684/3258
f 4898/3686/3259 4899/3687/3260 4896/3628/3261
f 4900/3688/3262 4901/3689/3262 4899/3687/3262
f 4902/1999/3263 4903/2000/3264 4901/3689/3265
f 4902/1838/3266 4904/3690/3267 4903/1840/3268
f 4900/3691/11 4897/3692/11 4893/3683/11
f 4905/3693/3269 4906/3694/3270 4904/3690/3271
f 4907/3638/3272 4890/3682/3273 4906/3694/3270
f 4896/3695/1 4901/3696/1 4906/3697/1
f 4909/3698/3229 4910/3699/3230 4908/3700/1217
f 4911/3701/3274 4912/3702/3275 4910/3699/3276
f 4913/3703/3277 4914/3704/3278 4912/3702/3279
f 4916/3705/3280 4917/3706/3281 4914/3704/3282
f 4918/3707/3283 4919/3708/3284 4917/3706/3285
f 4920/3709/3286 4921/2021/3287 4919/3708/3288
f 4920/1864/3289 4922/3710/3290 4921/1866/3291
f 4918/3711/11 4915/3712/11 4911/3701/11
f 4923/3713/3292 4924/3714/3293 4922/3710/3294
f 4925/3657/3295 4908/3700/3296 4924/3714/3293
f 4914/3715/1 4919/3716/1 4924/3717/1
f 4937/3718/1241 4939/1876/1242 4941/1877/1243
f 4926/1878/1244 4935/2029/1245 4934/3719/1246
f 4933/1881/1247 4934/3719/1248 4941/3663/1249
f 4927/1883/1250 4936/2031/1251 4935/2029/1252
f 4928/1885/1253 4937/3718/1254 4936/2031/1255
f 4929/1886/3244 4938/1887/3245 4937/3718/1258
f 4930/1888/3246 4939/2032/1260 4938/1887/1261
f 4931/1890/1262 4940/3720/1263 4939/2032/1264
f 4932/1892/1265 4941/3663/1266 4940/2034/1267
f 4956/3721/1268 4950/1895/1269 4960/3722/1270
f 4943/3723/1271 4944/3724/1272 4955/3725/3250
f 4954/3726/1274 4942/3727/1275 4960/3728/1276
f 4943/3723/11 4952/3729/11 4947/1904/11
f 4945/3674/1277 4946/3730/1278 4956/3721/1279
f 4947/1904/1645 4948/3731/1281 4957/3732/3251
f 4949/1971/1283 4951/3733/3252 4958/3734/1285
f 4952/3729/1286 4953/3735/1287 4959/3736/1288
f 4962/3737/3297 4963/3738/3298 4961/3739/3299
f 4964/3740/3300 4965/3681/3301 4963/3738/3298
f 4966/3741/3302 4967/3626/3303 4965/3681/3255
f 4969/1830/3304 4970/3742/1466 4967/3626/3305
f 4971/3743/3260 4972/3744/3260 4970/3742/3260
f 4973/3632/3306 4974/1835/3307 4972/3744/3308
f 4973/3632/3309 4975/3633/3310 4974/1835/3311
f 4976/1838/1582 4977/3745/3312 4975/1840/1584
f 4973/3635/11 4969/1844/11 4966/3741/11
f 4978/2079/3313 4961/3739/3314 4977/3745/1587
f 4970/3746/1 4975/3640/1 4961/3747/1
f 4980/3748/3315 4981/3749/3316 4979/3750/3317
f 4982/3751/3318 4983/3752/3319 4981/3749/3316
f 4984/3753/3231 4985/3754/3232 4983/3752/3233
f 4987/1856/3234 4988/3755/1476 4985/3754/3235
f 4989/3756/3320 4990/3757/3281 4988/3755/3321
f 4991/3652/3322 4992/1861/3323 4990/3757/3324
f 4991/3652/3325 4993/3653/3326 4992/1861/3327
f 4994/1864/1591 4995/3758/1613 4993/1866/1593
f 4991/3655/11 4987/1870/11 4984/3753/11
f 4996/2089/3328 4979/3750/3329 4995/3758/1596
f 4988/3759/1 4993/3760/1 4979/3761/1
f 5008/3762/1241 5010/1876/1242 5012/1877/1243
f 4997/1878/1244 5006/2094/1245 5005/3719/1246
f 5004/1881/1247 5005/3719/1248 5012/1960/1249
f 4998/1883/1250 5007/1884/1251 5006/2094/1252
f 4999/1885/1253 5008/3762/1254 5007/1884/1255
f 5000/1886/3244 5009/1887/3245 5008/3762/1258
f 5001/1888/3246 5010/2032/1260 5009/1887/1261
f 5002/1890/1262 5011/3763/1263 5010/2032/1264
f 5003/1892/1265 5012/1960/1266 5011/1893/1267
f 5027/3764/1268 5021/1895/1269 5031/3765/1270
f 5014/3766/1271 5015/3667/1272 5026/3767/3250
f 5025/3726/1274 5013/3768/1275 5031/3769/1276
f 5014/3766/11 5023/3770/11 5018/3771/11
f 5016/3772/1277 5017/3773/1278 5027/3764/1279
f 5018/3771/1645 5019/3731/1281 5028/3774/3251
f 5020/1971/1283 5022/2046/3252 5029/3775/1285
f 5023/3770/1286 5024/3776/1287 5030/3777/1288
f 5033/3778/1189 5034/3779/1190 5032/3624/1191
f 5035/3780/3302 5036/3626/3303 5034/3779/3255
f 5038/3627/3304 5039/3781/1466 5036/3626/3305
f 5040/3629/3220 5041/3630/1468 5039/3781/1469
f 5040/3629/1462 5042/3631/1463 5041/3630/1464
f 5043/3632/3221 5044/3633/3222 5042/3631/1355
f 5045/1838/3223 5046/1839/3224 5044/1840/1209
f 5047/2079/3225 5048/3634/3226 5046/1839/3224
f 5043/3635/11 5038/3636/11 5035/3780/11
f 5049/3638/3227 5032/3624/3228 5048/3634/3226
f 5039/3782/1 5044/3640/1 5048/3641/1
f 5051/3642/3229 5052/3783/3230 5050/3784/1217
f 5053/3645/3231 5054/3785/3232 5052/3783/3233
f 5056/3786/3234 5057/3787/1476 5054/3785/3235
f 5058/3649/1478 5059/3650/1479 5057/3787/1480
f 5058/3649/1470 5060/3651/1471 5059/3650/1472
f 5061/3652/3236 5062/3653/3237 5060/3651/1377
f 5063/1864/3238 5064/1865/3239 5062/1866/1235
f 5065/2089/3240 5066/3788/3241 5064/1865/3239
f 5061/3655/11 5056/3789/11 5053/3645/11
f 5067/3657/3242 5050/3784/3243 5066/3788/3241
f 5057/3790/1 5062/3760/1 5066/3791/1
f 5079/3661/1241 5081/1876/1242 5083/1877/1243
f 5068/1878/1244 5077/2029/1245 5076/1959/1246
f 5075/1881/3330 5076/1959/1248 5083/2030/1249
f 5069/1883/1250 5078/2031/1251 5077/2029/1252
f 5070/1885/3331 5079/3661/3332 5078/2031/3333
f 5071/1886/3244 5080/3792/3245 5079/3661/1258
f 5072/1888/3246 5081/2032/1260 5080/3792/1261
f 5073/1890/3247 5082/1891/1263 5081/2032/1264
f 5074/1892/1397 5083/2030/3248 5082/3664/1398
f 5098/2035/1268 5092/1895/1269 5102/3665/1270
f 5085/3793/3249 5086/3667/1272 5097/3794/3250
f 5096/3726/1274 5084/3670/1275 5102/3795/1276
f 5085/3793/11 5094/3729/11 5089/1904/11
f 5087/3796/1277 5088/3675/1278 5098/2035/1279
f 5089/1904/1645 5090/3797/1281 5099/3798/3251
f 5091/1971/1283 5093/3799/3252 5100/3800/1285
f 5094/3729/1344 5095/3679/1287 5101/2109/1288
f 4820/3622/1362 4822/3801/1424 4821/3623/1363
f 4822/3801/1425 4823/3625/1364 4821/3623/1366
f 4823/3625/1485 4825/3627/1485 4824/3626/1485
f 4825/3627/1486 4827/3629/3220 4826/3628/1469
f 4827/3629/1462 4830/3632/1484 4829/3631/1463
f 4830/3632/3221 4832/3802/3334 4831/3633/3222
f 4832/1838/3223 4834/2079/3225 4833/1839/3224
f 4820/3803/11 4836/3804/11 4834/2111/11
f 4822/3637/11 4820/3803/11 4834/2111/11
f 4834/2111/11 4832/3805/11 4830/3635/11
f 4830/3635/11 4827/3806/11 4825/3636/11
f 4825/3636/11 4823/3625/11 4822/3637/11
f 4822/3637/11 4834/2111/11 4830/3635/11
f 4834/2079/3225 4836/3638/3227 4835/3634/3226
f 4836/3638/3227 4820/3622/3335 4819/3624/3228
f 4826/3639/1 4828/3807/1 4829/3808/1
f 4835/3641/1 4819/3809/1 4821/3623/1
f 4821/3623/1 4824/3626/1 4826/3639/1
f 4826/3639/1 4829/3808/1 4831/3640/1
f 4831/3640/1 4833/1924/1 4835/3641/1
f 4835/3641/1 4821/3623/1 4826/3639/1
f 4838/3642/3229 4840/3645/1295 4839/3643/3230
f 4840/3645/3231 4842/1854/3336 4841/3646/3232
f 4842/1854/3337 4843/3647/3234 4841/3646/3235
f 4843/3647/1489 4845/3649/1478 4844/3648/1480
f 4845/3649/1470 4848/3652/1487 4847/3651/1471
f 4848/3652/3236 4850/3810/3338 4849/3653/3237
f 4850/1864/3238 4852/2089/3240 4851/1865/3239
f 4838/3811/11 4854/3812/11 4852/3813/11
f 4840/3645/11 4838/3811/11 4852/3813/11
f 4852/3813/11 4850/3814/11 4848/3655/11
f 4848/3655/11 4845/3815/11 4843/3656/11
f 4843/3656/11 4842/1854/11 4840/3645/11
f 4840/3645/11 4852/3813/11 4848/3655/11
f 4852/2089/3240 4854/3657/3242 4853/3654/3241
f 4854/3657/3242 4838/3642/3339 4837/3644/3243
f 4844/3658/1 4846/3816/1 4847/3817/1
f 4853/3660/1 4837/3818/1 4839/3643/1
f 4839/3643/1 4841/3646/1 4844/3658/1
f 4844/3658/1 4847/3817/1 4849/3659/1
f 4849/3659/1 4851/1935/1 4853/3660/1
f 4853/3660/1 4839/3643/1 4844/3658/1
f 4870/1877/1243 4863/1936/1436 4864/3662/1396
f 4864/3662/1396 4865/1884/1303 4866/3661/1241
f 4866/3661/1241 4867/1887/3340 4868/1876/1242
f 4868/1876/1242 4869/1937/1305 4870/1877/1243
f 4870/1877/1243 4864/3662/1396 4866/3661/1241
f 4855/1878/1244 4856/1883/1306 4864/3662/1245
f 4862/1881/1247 4855/1878/1307 4863/1880/1248
f 4856/1883/1250 4857/1885/1308 4865/1884/1251
f 4857/1885/1253 4858/1886/1309 4866/3661/1254
f 4858/1886/3244 4859/1888/1310 4867/1887/3245
f 4859/1888/3246 4860/1890/3341 4868/2032/1260
f 4860/1890/3247 4861/1938/3342 4869/1891/1263
f 4861/1892/1397 4862/1881/1313 4870/3663/3248
f 4887/3678/1314 4880/2046/1655 4879/1939/1346
f 4879/1940/1346 4880/2046/1655 4888/2109/1616
f 4884/3819/3343 4873/3667/1319 4885/2035/1268
f 4886/3820/1320 4877/1943/1576 4887/3821/1322
f 4888/3822/1323 4882/1946/1324 4889/3665/1270
f 4871/1947/1325 4884/3819/3343 4885/2035/1268
f 4885/2035/1268 4875/3675/1326 4886/3820/1320
f 4886/3820/1320 4887/3821/1322 4879/1895/1269
f 4879/1895/1269 4888/3822/1323 4889/3665/1270
f 4889/3665/1270 4871/1947/1325 4885/2035/1268
f 4885/2035/1268 4886/3820/1320 4879/1895/1269
f 4884/3668/3250 4871/3670/1348 4872/3666/3249
f 4872/3666/3249 4874/3674/1328 4873/3667/1272
f 4889/3671/1276 4882/3679/1329 4883/3669/1274
f 4883/3669/1274 4872/3666/1330 4871/3670/1275
f 4876/3673/11 4874/3674/11 4872/3666/11
f 4872/3666/11 4883/3669/11 4881/3672/11
f 4881/3672/11 4878/1971/11 4876/3673/11
f 4885/2035/1279 4873/3667/1331 4874/3674/1277
f 4874/3674/1277 4876/3673/1332 4875/3675/1278
f 4886/3677/3251 4875/3675/1333 4876/3673/1645
f 4876/3673/1645 4878/1971/1334 4877/3676/1281
f 4887/3678/1285 4877/3676/3344 4878/1971/1283
f 4878/1971/1283 4881/3672/1336 4880/2046/3252
f 4888/2109/1288 4880/2046/1337 4881/3672/1344
f 4881/3672/1344 4883/3669/1338 4882/3679/1287
f 4891/3680/1189 4893/3683/1289 4892/3681/1190
f 4893/3683/3253 4895/3685/3345 4894/3684/3254
f 4895/3685/3256 4897/3823/3346 4896/3628/3257
f 4897/3823/3347 4898/3686/3259 4896/3628/3261
f 4898/3686/3348 4900/3688/3348 4899/3687/3348
f 4900/3688/3349 4902/1999/3263 4901/3689/3265
f 4902/1838/3266 4905/3693/1602 4904/3690/3267
f 4891/3824/11 4907/3804/11 4905/2111/11
f 4893/3683/11 4891/3824/11 4905/2111/11
f 4905/2111/11 4902/3825/11 4900/3691/11
f 4900/3691/11 4898/3826/11 4897/3692/11
f 4897/3692/11 4895/3685/11 4893/3683/11
f 4893/3683/11 4905/2111/11 4900/3691/11
f 4905/3693/3269 4907/3638/3272 4906/3694/3270
f 4907/3638/3272 4891/3680/3335 4890/3682/3273
f 4901/3696/1 4903/3827/1 4904/3828/1
f 4906/3697/1 4890/3829/1 4892/3681/1
f 4892/3681/1 4894/3684/1 4896/3695/1
f 4896/3695/1 4899/3830/1 4901/3696/1
f 4901/3696/1 4904/3828/1 4906/3697/1
f 4906/3697/1 4892/3681/1 4896/3695/1
f 4909/3698/3229 4911/3701/1295 4910/3699/3230
f 4911/3701/3274 4913/3703/3350 4912/3702/3275
f 4913/3703/3277 4915/3831/3351 4914/3704/3278
f 4915/3831/3352 4916/3705/3280 4914/3704/3282
f 4916/3705/3353 4918/3707/3283 4917/3706/3285
f 4918/3707/3354 4920/3709/3286 4919/3708/3288
f 4920/1864/3289 4923/3713/3355 4922/3710/3290
f 4909/3832/11 4925/3812/11 4923/3833/11
f 4911/3701/11 4909/3832/11 4923/3833/11
f 4923/3833/11 4920/2062/11 4918/3711/11
f 4918/3711/11 4916/3834/11 4915/3712/11
f 4915/3712/11 4913/3703/11 4911/3701/11
f 4911/3701/11 4923/3833/11 4918/3711/11
f 4923/3713/3292 4925/3657/3295 4924/3714/3293
f 4925/3657/3295 4909/3698/3339 4908/3700/3296
f 4919/3716/1 4921/3835/1 4922/3836/1
f 4924/3717/1 4908/3837/1 4910/3699/1
f 4910/3699/1 4912/3702/1 4914/3715/1
f 4914/3715/1 4917/3838/1 4919/3716/1
f 4919/3716/1 4922/3836/1 4924/3717/1
f 4924/3717/1 4910/3699/1 4914/3715/1
f 4941/1877/1243 4934/1936/1301 4935/2029/1302
f 4935/2029/1302 4936/2031/1303 4937/3718/1241
f 4937/3718/1241 4938/1887/3340 4939/1876/1242
f 4939/1876/1242 4940/1937/1305 4941/1877/1243
f 4941/1877/1243 4935/2029/1302 4937/3718/1241
f 4926/1878/1244 4927/1883/1306 4935/2029/1245
f 4933/1881/1247 4926/1878/1307 4934/3719/1248
f 4927/1883/1250 4928/1885/1308 4936/2031/1251
f 4928/1885/1253 4929/1886/1309 4937/3718/1254
f 4929/1886/3244 4930/1888/1310 4938/1887/3245
f 4930/1888/3246 4931/1890/1311 4939/2032/1260
f 4931/1890/1262 4932/1938/1312 4940/3720/1263
f 4932/1892/1265 4933/1881/1313 4941/3663/1266
f 4958/3734/1314 4951/3733/1655 4950/1939/1346
f 4950/1940/1346 4951/3733/1655 4959/3736/1616
f 4955/3839/3343 4944/3724/1319 4956/3721/1268
f 4957/3840/1320 4948/1943/1576 4958/3841/1322
f 4959/3842/1323 4953/1946/1324 4960/3722/1270
f 4942/1947/1325 4955/3839/3343 4956/3721/1268
f 4956/3721/1268 4946/3730/1326 4957/3840/1320
f 4957/3840/1320 4958/3841/1322 4950/1895/1269
f 4950/1895/1269 4959/3842/1323 4960/3722/1270
f 4960/3722/1270 4942/1947/1325 4956/3721/1268
f 4956/3721/1268 4957/3840/1320 4950/1895/1269
f 4955/3725/3250 4942/3727/1348 4943/3723/1271
f 4943/3723/1271 4945/3674/1328 4944/3724/1272
f 4960/3728/1276 4953/3735/1329 4954/3726/1274
f 4954/3726/1274 4943/3723/1330 4942/3727/1275
f 4947/1904/11 4945/3674/11 4943/3723/11
f 4943/3723/11 4954/3726/11 4952/3729/11
f 4952/3729/11 4949/1971/11 4947/1904/11
f 4956/3721/1279 4944/3724/1331 4945/3674/1277
f 4945/3674/1277 4947/1904/1332 4946/3730/1278
f 4957/3732/3251 4946/3730/1333 4947/1904/1645
f 4947/1904/1645 4949/1971/1334 4948/3731/1281
f 4958/3734/1285 4948/3731/3344 4949/1971/1283
f 4949/1971/1283 4952/3729/1336 4951/3733/3252
f 4959/3736/1288 4951/3733/1337 4952/3729/1286
f 4952/3729/1286 4954/3726/1338 4953/3735/1287
f 4962/3737/3297 4964/3740/3300 4963/3738/3298
f 4964/3740/3300 4966/3741/3356 4965/3681/3301
f 4966/3741/3302 4968/1828/3357 4967/3626/3303
f 4968/1828/3358 4969/1830/3304 4967/3626/3305
f 4969/1830/3359 4971/3743/3359 4970/3742/3359
f 4971/3743/3348 4973/3632/3306 4972/3744/3308
f 4973/3632/3309 4976/3802/3334 4975/3633/3310
f 4976/1838/1582 4978/2079/1602 4977/3745/3312
f 4966/3741/11 4964/3843/11 4962/3844/11
f 4966/3741/11 4962/3844/11 4978/3845/11
f 4978/3845/11 4976/3805/11 4973/3635/11
f 4973/3635/11 4971/3846/11 4969/1844/11
f 4969/1844/11 4968/1828/11 4966/3741/11
f 4966/3741/11 4978/3845/11 4973/3635/11
f 4978/2079/3313 4962/3737/3360 4961/3739/3314
f 4972/3847/1 4974/1922/1 4975/3640/1
f 4961/3747/1 4963/3848/1 4965/3681/1
f 4965/3681/1 4967/3626/1 4970/3746/1
f 4970/3746/1 4972/3847/1 4975/3640/1
f 4975/3640/1 4977/3849/1 4961/3747/1
f 4961/3747/1 4965/3681/1 4970/3746/1
f 4980/3748/3315 4982/3751/3318 4981/3749/3316
f 4982/3751/3318 4984/3753/3361 4983/3752/3319
f 4984/3753/3231 4986/1854/3336 4985/3754/3232
f 4986/1854/3337 4987/1856/3234 4985/3754/3235
f 4987/1856/1489 4989/3756/3320 4988/3755/3321
f 4989/3756/3353 4991/3652/3322 4990/3757/3324
f 4991/3652/3325 4994/3850/3338 4993/3653/3326
f 4994/1864/1591 4996/2089/1606 4995/3758/1613
f 4984/3753/11 4982/3851/11 4980/3852/11
f 4984/3753/11 4980/3852/11 4996/3853/11
f 4996/3853/11 4994/3814/11 4991/3655/11
f 4991/3655/11 4989/3854/11 4987/1870/11
f 4987/1870/11 4986/1854/11 4984/3753/11
f 4984/3753/11 4996/3853/11 4991/3655/11
f 4996/2089/3328 4980/3748/3362 4979/3750/3329
f 4990/3855/1 4992/1933/1 4993/3760/1
f 4979/3761/1 4981/3856/1 4983/3752/1
f 4983/3752/1 4985/3754/1 4988/3759/1
f 4988/3759/1 4990/3855/1 4993/3760/1
f 4993/3760/1 4995/3857/1 4979/3761/1
f 4979/3761/1 4983/3752/1 4988/3759/1
f 5012/1877/1243 5005/1936/1301 5006/2094/1302
f 5006/2094/1302 5007/1884/1303 5008/3762/1241
f 5008/3762/1241 5009/1887/1304 5010/1876/1242
f 5010/1876/1242 5011/1937/1305 5012/1877/1243
f 5012/1877/1243 5006/2094/1302 5008/3762/1241
f 4997/1878/1244 4998/1883/1306 5006/2094/1245
f 5004/1881/1247 4997/1878/1307 5005/3719/1248
f 4998/1883/1250 4999/1885/1308 5007/1884/1251
f 4999/1885/1253 5000/1886/1309 5008/3762/1254
f 5000/1886/3244 5001/1888/1310 5009/1887/3245
f 5001/1888/3246 5002/1890/1311 5010/2032/1260
f 5002/1890/1262 5003/1938/1312 5011/3763/1263
f 5003/1892/1265 5004/1881/1313 5012/1960/1266
f 5029/3775/1654 5022/2046/1655 5021/1939/1656
f 5021/1940/1656 5022/2046/1655 5030/3777/1657
f 5026/3858/3343 5015/3667/1319 5027/3764/1268
f 5028/3859/1320 5019/1943/1576 5029/3860/1322
f 5030/3861/1323 5024/1946/1324 5031/3765/1270
f 5013/1947/1325 5026/3858/3343 5027/3764/1268
f 5027/3764/1268 5017/3773/1326 5028/3859/1320
f 5028/3859/1320 5029/3860/1322 5021/1895/1269
f 5021/1895/1269 5030/3861/1323 5031/3765/1270
f 5031/3765/1270 5013/1947/1325 5027/3764/1268
f 5027/3764/1268 5028/3859/1320 5021/1895/1269
f 5026/3767/3250 5013/3768/1348 5014/3766/1271
f 5014/3766/1271 5016/3772/1328 5015/3667/1272
f 5031/3769/1276 5024/3776/1329 5025/3726/1274
f 5025/3726/1274 5014/3766/1330 5013/3768/1275
f 5018/3771/11 5016/3772/11 5014/3766/11
f 5014/3766/11 5025/3726/11 5023/3770/11
f 5023/3770/11 5020/1971/11 5018/3771/11
f 5027/3764/1279 5015/3667/1331 5016/3772/1277
f 5016/3772/1277 5018/3771/1332 5017/3773/1278
f 5028/3774/3251 5017/3773/1333 5018/3771/1645
f 5018/3771/1645 5020/1971/1334 5019/3731/1281
f 5029/3775/1285 5019/3731/3344 5020/1971/1283
f 5020/1971/1283 5023/3770/1336 5022/2046/3252
f 5030/3777/1288 5022/2046/1337 5023/3770/1286
f 5023/3770/1286 5025/3726/1338 5024/3776/1287
f 5033/3778/1189 5035/3780/1289 5034/3779/1190
f 5035/3780/3302 5037/1828/3357 5036/3626/3303
f 5037/1828/3358 5038/3627/3304 5036/3626/3305
f 5038/3627/1486 5040/3629/3220 5039/3781/1469
f 5040/3629/1462 5043/3632/1484 5042/3631/1463
f 5043/3632/3221 5045/3862/3334 5044/3633/3222
f 5045/1838/3223 5047/2079/3225 5046/1839/3224
f 5033/3803/11 5049/3804/11 5047/2111/11
f 5035/3780/11 5033/3803/11 5047/2111/11
f 5047/2111/11 5045/3863/11 5043/3635/11
f 5043/3635/11 5040/3806/11 5038/3636/11
f 5038/3636/11 5037/1828/11 5035/3780/11
f 5035/3780/11 5047/2111/11 5043/3635/11
f 5047/2079/3225 5049/3638/3227 5048/3634/3226
f 5049/3638/3227 5033/3778/3335 5032/3624/3228
f 5039/3782/1 5041/3807/1 5042/3808/1
f 5048/3641/1 5032/3809/1 5034/3779/1
f 5034/3779/1 5036/3626/1 5039/3782/1
f 5039/3782/1 5042/3808/1 5044/3640/1
f 5044/3640/1 5046/1924/1 5048/3641/1
f 5048/3641/1 5034/3779/1 5039/3782/1
f 5051/3642/3229 5053/3645/1295 5052/3783/3230
f 5053/3645/3231 5055/1854/3336 5054/3785/3232
f 5055/1854/3337 5056/3786/3234 5054/3785/3235
f 5056/3786/1489 5058/3649/1478 5057/3787/1480
f 5058/3649/1470 5061/3652/1487 5060/3651/1471
f 5061/3652/3236 5063/3810/3338 5062/3653/3237
f 5063/1864/3238 5065/2089/3240 5064/1865/3239
f 5051/3811/11 5067/3812/11 5065/3864/11
f 5053/3645/11 5051/3811/11 5065/3864/11
f 5065/3864/11 5063/3814/11 5061/3655/11
f 5061/3655/11 5058/3815/11 5056/3789/11
f 5056/3789/11 5055/1854/11 5053/3645/11
f 5053/3645/11 5065/3864/11 5061/3655/11
f 5065/2089/3240 5067/3657/3242 5066/3788/3241
f 5067/3657/3242 5051/3642/3339 5050/3784/3243
f 5057/3790/1 5059/3816/1 5060/3865/1
f 5066/3791/1 5050/3866/1 5052/3783/1
f 5052/3783/1 5054/3785/1 5057/3790/1
f 5057/3790/1 5060/3865/1 5062/3760/1
f 5062/3760/1 5064/1935/1 5066/3791/1
f 5066/3791/1 5052/3783/1 5057/3790/1
f 5083/1877/1243 5076/1936/1436 5077/2029/1396
f 5077/2029/1396 5078/2031/1303 5079/3661/1241
f 5079/3661/1241 5080/3792/3340 5081/1876/1242
f 5081/1876/1242 5082/1937/1305 5083/1877/1243
f 5083/1877/1243 5077/2029/1396 5079/3661/1241
f 5068/1878/1244 5069/1883/1306 5077/2029/1245
f 5075/1881/3330 5068/1878/1307 5076/1959/1248
f 5069/1883/1250 5070/1885/1308 5078/2031/1251
f 5070/1885/3331 5071/1886/3363 5079/3661/3332
f 5071/1886/3244 5072/1888/1310 5080/3792/3245
f 5072/1888/3246 5073/1890/3341 5081/2032/1260
f 5073/1890/3247 5074/1938/3342 5082/1891/1263
f 5074/1892/1397 5075/1881/1313 5083/2030/3248
f 5100/3800/1314 5093/3799/1655 5092/1939/1346
f 5092/1940/1346 5093/3799/1655 5101/2109/1616
f 5097/3867/3343 5086/3667/1319 5098/2035/1268
f 5099/3868/1320 5090/1943/1576 5100/3869/1322
f 5101/3861/1323 5095/1946/1324 5102/3665/1270
f 5084/1947/1325 5097/3867/3343 5098/2035/1268
f 5098/2035/1268 5088/3675/1326 5099/3868/1320
f 5099/3868/1320 5100/3869/1322 5092/1895/1269
f 5092/1895/1269 5101/3861/1323 5102/3665/1270
f 5102/3665/1270 5084/1947/1325 5098/2035/1268
f 5098/2035/1268 5099/3868/1320 5092/1895/1269
f 5097/3794/3250 5084/3670/1348 5085/3793/3249
f 5085/3793/3249 5087/3796/1328 5086/3667/1272
f 5102/3795/1276 5095/3679/1329 5096/3726/1274
f 5096/3726/1274 5085/3793/1330 5084/3670/1275
f 5089/1904/11 5087/3796/11 5085/3793/11
f 5085/3793/11 5096/3726/11 5094/3729/11
f 5094/3729/11 5091/1971/11 5089/1904/11
f 5098/2035/1279 5086/3667/1331 5087/3796/1277
f 5087/3796/1277 5089/1904/1332 5088/3675/1278
f 5099/3798/3251 5088/3675/1333 5089/1904/1645
f 5089/1904/1645 5091/1971/1334 5090/3797/1281
f 5100/3800/1285 5090/3797/3344 5091/1971/1283
f 5091/1971/1283 5094/3729/1336 5093/3799/3252
f 5101/2109/1288 5093/3799/1337 5094/3729/1344
f 5094/3729/1344 5096/3726/1338 5095/3679/1287
f 5104/3870/3364 5105/3871/3364 5103/3872/3364
f 5106/3873/3365 5107/3874/3366 5105/3871/3367
f 5106/3873/3368 5108/3875/3369 5107/3874/3370
f 5109/3685/3371 5110/3628/3372 5108/3875/3373
f 5112/3876/3374 5113/3630/3375 5110/3628/3376
f 5112/3876/3377 5114/3877/3378 5113/3630/3379
f 5115/3878/3380 5116/1949/3381 5114/3877/3382
f 5117/1838/3383 5118/3879/3384 5116/1840/3385
f 5115/3880/11 5111/3692/11 5106/3873/11
f 5120/3881/3386 5103/3872/3387 5118/3879/3388
f 5110/3639/1 5116/1847/1 5103/3882/1
f 5122/3883/3389 5123/3884/3390 5121/3885/3391
f 5124/3886/3392 5125/3887/3393 5123/3884/3394
f 5124/3886/3395 5126/3702/3396 5125/3887/3397
f 5127/3703/3398 5128/3704/3399 5126/3702/3400
f 5130/3705/3401 5131/3650/3402 5128/3704/3403
f 5130/3705/3404 5132/3888/3405 5131/3650/3406
f 5133/3889/3407 5134/1955/3408 5132/3888/3409
f 5135/1864/3410 5136/3890/3411 5134/1866/3412
f 5133/3891/11 5129/3712/11 5124/3886/11
f 5138/3892/3413 5121/3885/3414 5136/3890/3415
f 5128/3715/1 5134/3893/1 5121/3894/1
f 5150/3718/1243 5152/1876/1396 5154/1877/1241
f 5139/1878/1259 5148/2094/3416 5147/3719/1261
f 5146/1881/1256 5147/3719/1257 5154/3895/1258
f 5140/1883/1262 5149/2031/1263 5148/2094/1264
f 5141/1885/1397 5150/3718/1266 5149/2031/1267
f 5142/1886/3330 5151/1887/3417 5150/3718/1249
f 5143/1888/3418 5152/2032/1343 5151/1887/1246
f 5144/1890/1250 5153/2033/1251 5152/2032/1252
f 5145/1892/1253 5154/3895/1254 5153/2034/1255
f 5169/3896/1399 5163/1895/1400 5173/3897/1401
f 5156/3898/1402 5157/3899/1403 5168/3900/3419
f 5167/3726/1405 5155/3901/1406 5173/3902/1407
f 5156/3898/11 5165/3903/11 5160/3904/11
f 5158/3796/1408 5159/3675/1409 5169/3896/1410
f 5160/3904/1482 5161/3905/1412 5170/3906/1483
f 5162/1971/1414 5164/3799/1415 5171/3734/1416
f 5165/3903/1417 5166/3735/1418 5172/3907/1419
f 5175/3737/3420 5176/3738/3421 5174/3739/3422
f 5177/3740/3423 5178/3681/3424 5176/3738/3421
f 5179/3741/3425 5180/3908/3426 5178/3681/3427
f 5182/1830/3428 5183/3742/3429 5180/3908/3430
f 5184/3743/3431 5185/3630/3375 5183/3742/3432
f 5184/3743/3377 5186/3909/3378 5185/3630/3379
f 5187/3910/3433 5188/3911/3434 5186/3909/3435
f 5189/3912/3436 5190/2000/3437 5188/3911/3434
f 5191/3913/3438 5192/3914/3439 5190/3915/3440
f 5187/3916/11 5182/1844/11 5179/3741/11
f 5193/3917/3441 5174/3739/3442 5192/3914/3439
f 5183/3746/1 5188/3918/1 5174/3747/1
f 5195/3748/3443 5196/3749/3444 5194/3750/3445
f 5197/3751/3446 5198/3919/3447 5196/3749/3444
f 5199/3753/3448 5200/3920/3449 5198/3919/3450
f 5202/1856/3451 5203/3755/3452 5200/3920/3453
f 5204/3756/3454 5205/3650/3402 5203/3755/3455
f 5204/3756/3404 5206/3921/3405 5205/3650/3406
f 5207/3922/3456 5208/3923/3457 5206/3921/3458
f 5209/3924/3459 5210/2021/3460 5208/3923/3457
f 5211/3925/3461 5212/3926/3462 5210/3927/3463
f 5207/3928/11 5202/3929/11 5199/3753/11
f 5213/3930/3464 5194/3750/3465 5212/3926/3462
f 5203/3759/1 5208/3931/1 5194/3932/1
f 5225/3661/1243 5227/1876/1396 5229/1877/1241
f 5214/1878/3246 5223/2029/1260 5222/3933/1261
f 5221/1881/3244 5222/3933/3245 5229/2030/1258
f 5215/1883/1262 5224/1884/1263 5223/2029/1264
f 5216/1885/1265 5225/3661/1266 5224/1884/1267
f 5217/1886/1247 5226/3934/1248 5225/3661/1249
f 5218/1888/1244 5227/2032/1343 5226/3934/1246
f 5219/1890/1250 5228/3763/1251 5227/2032/1252
f 5220/1892/3331 5229/2030/3332 5228/3664/3333
f 5244/3935/1399 5238/1895/1400 5248/3936/1401
f 5231/3793/1402 5232/3937/1403 5243/3938/1404
f 5242/1965/3466 5230/3939/1406 5248/3940/1407
f 5231/3793/11 5240/3770/11 5235/3771/11
f 5233/3796/1408 5234/3941/1409 5244/3935/1410
f 5235/3771/1411 5236/3942/1412 5245/3943/3467
f 5237/1971/1414 5239/3944/3468 5246/3945/3469
f 5240/3770/3470 5241/3946/1418 5247/3947/1419
f 5250/3622/1202 5251/3948/1203 5249/3949/1204
f 5252/3801/1205 5253/2075/1206 5251/3948/1203
f 5254/3950/3471 5255/1993/1208 5253/2075/1209
f 5256/3951/1339 5257/1994/1211 5255/1993/1208
f 5258/3952/3472 5259/3953/3473 5257/1994/1214
f 5261/3954/3474 5262/3955/3475 5259/3953/3476
f 5263/3956/3477 5264/2000/3478 5262/3955/3479
f 5263/1838/3480 5265/3690/3481 5264/1840/3482
f 5261/3916/11 5258/2003/11 5252/3637/11
f 5266/3957/1197 5267/3694/1198 5265/3690/1199
f 5268/3638/1200 5249/3949/1581 5267/3694/1198
f 5257/2005/1 5262/3958/1 5267/3697/1
f 5270/3698/1228 5271/3959/1229 5269/3700/1230
f 5272/3960/1231 5273/3961/1232 5271/3959/1229
f 5274/3962/1233 5275/2014/1234 5273/3961/1235
f 5276/3963/1236 5277/3964/1342 5275/2014/1234
f 5278/3965/3483 5279/3966/3484 5277/3964/1240
f 5281/3922/3485 5282/3967/3486 5279/3966/3487
f 5283/3968/3488 5284/2021/3489 5282/3967/3490
f 5283/1864/3491 5285/3710/3492 5284/1866/3493
f 5281/3969/11 5278/3970/11 5272/3971/11
f 5286/3713/1223 5287/3714/1224 5285/3710/1225
f 5288/3657/1226 5269/3700/3494 5287/3714/1224
f 5277/3972/1 5282/3973/1 5287/3717/1
f 5300/3762/1243 5302/1876/1396 5304/1877/1241
f 5289/1878/3246 5298/3662/1260 5297/3933/1261
f 5296/1881/3244 5297/3933/3245 5304/2030/1258
f 5290/1883/3247 5299/2031/1263 5298/3662/1264
f 5291/1885/1397 5300/3762/3248 5299/2031/1398
f 5292/1886/1247 5301/3934/1248 5300/3762/1249
f 5293/1888/1244 5302/3974/1245 5301/3934/1246
f 5294/1890/1250 5303/2033/1251 5302/3974/1252
f 5295/1892/1253 5304/2030/1254 5303/2034/1255
f 5319/3975/1399 5313/1895/1400 5323/3976/1401
f 5306/3977/1402 5307/3937/1403 5318/3978/1481
f 5317/1965/1405 5305/3979/1406 5323/3980/1407
f 5306/3977/11 5315/3729/11 5310/1904/11
f 5308/1905/1408 5309/3981/1409 5319/3975/1410
f 5310/1904/1411 5311/3982/1412 5320/3983/1413
f 5312/3984/1414 5314/3985/3468 5321/3986/1416
f 5315/3729/3470 5316/3987/1418 5322/3988/1419
f 5325/3622/3495 5326/3948/3496 5324/3682/1204
f 5327/3989/3497 5328/2075/3498 5326/3948/3496
f 5329/3990/3499 5330/1993/1357 5328/2075/3500
f 5329/3990/1359 5331/1994/3501 5330/1993/3502
f 5332/3991/3503 5333/3630/3504 5331/1994/3505
f 5334/3992/3506 5335/3993/3507 5333/3630/3504
f 5336/3994/3508 5337/3995/3509 5335/3993/3382
f 5339/3996/3510 5340/1839/3511 5337/1840/3512
f 5339/3996/3513 5341/3997/3514 5340/1839/3515
f 5336/3998/11 5332/3999/11 5327/3989/11
f 5342/4000/3516 5324/3682/3517 5341/3997/3518
f 5331/2005/1 5337/4001/1 5341/4002/1
f 5344/4003/3519 5345/3959/3520 5343/3700/1230
f 5346/4004/3521 5347/3961/3522 5345/3959/3520
f 5348/4005/3523 5349/2014/1379 5347/3961/3522
f 5348/4005/1381 5350/4006/1382 5349/2014/1383
f 5351/3965/3524 5352/3650/3525 5350/4006/3526
f 5353/4007/3527 5354/4008/3528 5352/3650/3525
f 5355/4009/3529 5356/4010/3530 5354/4008/3531
f 5358/4011/3532 5359/1865/3533 5356/1866/3534
f 5358/4011/3535 5360/4012/3536 5359/1865/3537
f 5355/4013/11 5351/3970/11 5346/4004/11
f 5361/3892/3538 5343/3700/3539 5360/4012/3540
f 5350/4014/1 5356/4015/1 5360/4016/1
f 5373/3718/1243 5375/1876/1302 5377/1877/1241
f 5362/1878/1259 5371/1879/3416 5370/4017/1261
f 5369/1881/1256 5370/4017/1257 5377/1960/1258
f 5363/1883/1262 5372/1884/1263 5371/1879/1264
f 5364/1885/1265 5373/3718/1266 5372/1884/1267
f 5365/1886/1247 5374/3934/1248 5373/3718/1249
f 5366/1888/1244 5375/2032/1245 5374/3934/1246
f 5367/1890/1250 5376/2033/1251 5375/2032/1252
f 5368/1892/1253 5377/1960/1254 5376/2034/1255
f 5392/4018/1399 5386/1895/1400 5396/1896/1401
f 5379/4019/1402 5380/4020/1403 5391/4021/1404
f 5390/3726/1405 5378/4022/1406 5396/4023/1407
f 5379/4019/11 5388/3770/11 5383/3904/11
f 5381/4024/1408 5382/3981/1409 5392/4018/1410
f 5383/3904/1411 5384/3676/1412 5393/4025/3467
f 5385/1971/1414 5387/4026/3468 5394/4027/1416
f 5388/3770/3470 5389/4028/1418 5395/4029/1419
f 5104/3870/3541 5106/3873/3365 5105/3871/3367
f 5106/3873/3368 5109/3685/3542 5108/3875/3369
f 5109/3685/3371 5111/3823/3543 5110/3628/3372
f 5111/3823/3544 5112/3876/3374 5110/3628/3376
f 5112/3876/3377 5115/3878/3545 5114/3877/3378
f 5115/3878/3380 5117/1976/3546 5116/1949/3381
f 5117/1838/3383 5119/1841/3547 5118/3879/3384
f 5119/1841/3548 5120/3881/3386 5118/3879/3388
f 5120/4030/11 5119/1916/11 5117/1917/11
f 5106/3873/11 5104/4031/11 5120/4030/11
f 5120/4030/11 5117/1917/11 5115/3880/11
f 5115/3880/11 5112/4032/11 5111/3692/11
f 5111/3692/11 5109/3685/11 5106/3873/11
f 5106/3873/11 5120/4030/11 5115/3880/11
f 5120/3881/3549 5104/3870/3549 5103/3872/3549
f 5110/3639/1 5113/3807/1 5114/4033/1
f 5103/3882/1 5105/4034/1 5107/3874/1
f 5107/3874/1 5108/3875/1 5110/3639/1
f 5110/3639/1 5114/4033/1 5116/1847/1
f 5116/1847/1 5118/4035/1 5103/3882/1
f 5103/3882/1 5107/3874/1 5110/3639/1
f 5122/3883/3550 5124/3886/3392 5123/3884/3394
f 5124/3886/3395 5127/3703/3551 5126/3702/3396
f 5127/3703/3398 5129/3831/3552 5128/3704/3399
f 5129/3831/3553 5130/3705/3401 5128/3704/3403
f 5130/3705/3404 5133/3889/3554 5132/3888/3405
f 5133/3889/3407 5135/1979/3555 5134/1955/3408
f 5135/1864/3410 5137/1867/3556 5136/3890/3411
f 5137/1867/3557 5138/3892/3413 5136/3890/3415
f 5138/4036/11 5137/1927/11 5135/1928/11
f 5124/3886/11 5122/4037/11 5138/4036/11
f 5138/4036/11 5135/1928/11 5133/3891/11
f 5133/3891/11 5130/4038/11 5129/3712/11
f 5129/3712/11 5127/3703/11 5124/3886/11
f 5124/3886/11 5138/4036/11 5133/3891/11
f 5138/3892/3558 5122/3883/3389 5121/3885/3391
f 5128/3715/1 5131/3816/1 5132/4039/1
f 5121/3894/1 5123/4040/1 5125/3887/1
f 5125/3887/1 5126/3702/1 5128/3715/1
f 5128/3715/1 5132/4039/1 5134/3893/1
f 5134/3893/1 5136/4041/1 5121/3894/1
f 5121/3894/1 5125/3887/1 5128/3715/1
f 5154/1877/1241 5147/1936/1304 5148/2094/1242
f 5148/2094/1242 5149/2031/1305 5150/3718/1243
f 5150/3718/1243 5151/1887/1436 5152/1876/1396
f 5152/1876/1396 5153/1937/1303 5154/1877/1241
f 5154/1877/1241 5148/2094/1242 5150/3718/1243
f 5139/1878/1259 5140/1883/1311 5148/2094/3416
f 5146/1881/1256 5139/1878/1310 5147/3719/1257
f 5140/1883/1262 5141/1885/1312 5149/2031/1263
f 5141/1885/1397 5142/1886/1313 5150/3718/1266
f 5142/1886/3330 5143/1888/1307 5151/1887/3417
f 5143/1888/3418 5144/1890/1306 5152/2032/1343
f 5144/1890/1250 5145/1938/1308 5153/2033/1251
f 5145/1892/1253 5146/1881/1309 5154/3895/1254
f 5171/3734/1437 5164/3799/3559 5163/1939/3560
f 5163/1940/3560 5164/3799/3559 5172/3907/3561
f 5168/4042/3562 5157/3899/1442 5169/3896/1399
f 5170/3820/1443 5161/1943/3563 5171/3841/1445
f 5172/4043/1446 5166/1946/1447 5173/3897/1401
f 5155/1947/1448 5168/4042/3562 5169/3896/1399
f 5169/3896/1399 5159/3675/1449 5170/3820/1443
f 5170/3820/1443 5171/3841/1445 5163/1895/1400
f 5163/1895/1400 5172/4043/1446 5173/3897/1401
f 5173/3897/1401 5155/1947/1448 5169/3896/1399
f 5169/3896/1399 5170/3820/1443 5163/1895/1400
f 5168/3900/3419 5155/3901/1450 5156/3898/1402
f 5156/3898/1402 5158/3796/1451 5157/3899/1403
f 5173/3902/1407 5166/3735/3564 5167/3726/1405
f 5167/3726/1405 5156/3898/1453 5155/3901/1406
f 5160/3904/11 5158/3796/11 5156/3898/11
f 5156/3898/11 5167/3726/11 5165/3903/11
f 5165/3903/11 5162/1971/11 5160/3904/11
f 5169/3896/1410 5157/3899/1454 5158/3796/1408
f 5158/3796/1408 5160/3904/1455 5159/3675/1409
f 5170/3906/1483 5159/3675/1456 5160/3904/1482
f 5160/3904/1482 5162/1971/1457 5161/3905/1412
f 5171/3734/1416 5161/3905/1458 5162/1971/1414
f 5162/1971/1414 5165/3903/1459 5164/3799/1415
f 5172/3907/1419 5164/3799/1460 5165/3903/1417
f 5165/3903/1417 5167/3726/1461 5166/3735/1418
f 5175/3737/3420 5177/3740/3423 5176/3738/3421
f 5177/3740/3423 5179/3741/3565 5178/3681/3424
f 5179/3741/3425 5181/1828/3566 5180/3908/3426
f 5181/1828/3567 5182/1830/3428 5180/3908/3430
f 5182/1830/3568 5184/3743/3431 5183/3742/3432
f 5184/3743/3377 5187/3910/3545 5186/3909/3378
f 5187/3910/3433 5189/3912/3436 5188/3911/3434
f 5189/3912/3436 5191/4044/3569 5190/2000/3437
f 5191/3913/3438 5193/3917/3441 5192/3914/3439
f 5179/3741/11 5177/3843/11 5175/3844/11
f 5191/4045/11 5189/4046/11 5187/3916/11
f 5179/3741/11 5175/3844/11 5193/4047/11
f 5193/4047/11 5191/4045/11 5187/3916/11
f 5187/3916/11 5184/3846/11 5182/1844/11
f 5182/1844/11 5181/1828/11 5179/3741/11
f 5179/3741/11 5193/4047/11 5187/3916/11
f 5193/3917/3441 5175/3737/3570 5174/3739/3442
f 5183/3746/1 5185/3807/1 5186/4048/1
f 5190/4049/1 5192/4050/1 5174/3747/1
f 5174/3747/1 5176/3848/1 5178/3681/1
f 5178/3681/1 5180/3908/1 5183/3746/1
f 5183/3746/1 5186/4048/1 5188/3918/1
f 5188/3918/1 5190/4049/1 5174/3747/1
f 5174/3747/1 5178/3681/1 5183/3746/1
f 5195/3748/3443 5197/3751/3446 5196/3749/3444
f 5197/3751/3446 5199/3753/3571 5198/3919/3447
f 5199/3753/3448 5201/1854/3572 5200/3920/3449
f 5201/1854/3573 5202/1856/3451 5200/3920/3453
f 5202/1856/3574 5204/3756/3454 5203/3755/3455
f 5204/3756/3404 5207/3922/3554 5206/3921/3405
f 5207/3922/3456 5209/3924/3459 5208/3923/3457
f 5209/3924/3459 5211/4051/3575 5210/2021/3460
f 5211/3925/3461 5213/3930/3464 5212/3926/3462
f 5199/3753/11 5197/3851/11 5195/3852/11
f 5211/4052/11 5209/4053/11 5207/3928/11
f 5199/3753/11 5195/3852/11 5213/4054/11
f 5213/4054/11 5211/4052/11 5207/3928/11
f 5207/3928/11 5204/4055/11 5202/3929/11
f 5202/3929/11 5201/1854/11 5199/3753/11
f 5199/3753/11 5213/4054/11 5207/3928/11
f 5213/3930/3464 5195/3748/3576 5194/3750/3465
f 5203/3759/1 5205/3816/1 5206/4056/1
f 5210/4057/1 5212/4058/1 5194/3932/1
f 5194/3932/1 5196/3856/1 5198/3919/1
f 5198/3919/1 5200/3920/1 5203/3759/1
f 5203/3759/1 5206/4056/1 5208/3931/1
f 5208/3931/1 5210/4057/1 5194/3932/1
f 5194/3932/1 5198/3919/1 5203/3759/1
f 5229/1877/1241 5222/1936/3340 5223/2029/1242
f 5223/2029/1242 5224/1884/1305 5225/3661/1243
f 5225/3661/1243 5226/3934/1436 5227/1876/1396
f 5227/1876/1396 5228/1937/1303 5229/1877/1241
f 5229/1877/1241 5223/2029/1242 5225/3661/1243
f 5214/1878/3246 5215/1883/1311 5223/2029/1260
f 5221/1881/3244 5214/1878/3577 5222/3933/3245
f 5215/1883/1262 5216/1885/1312 5224/1884/1263
f 5216/1885/1265 5217/1886/1313 5225/3661/1266
f 5217/1886/1247 5218/1888/1307 5226/3934/1248
f 5218/1888/1244 5219/1890/1306 5227/2032/1343
f 5219/1890/1250 5220/1938/1308 5228/3763/1251
f 5220/1892/3331 5221/1881/3363 5229/2030/3332
f 5246/3945/1437 5239/3944/3559 5238/1939/3560
f 5238/1940/3560 5239/3944/3559 5247/3947/3561
f 5243/4059/1441 5232/3937/1442 5244/3935/1399
f 5245/4060/1443 5236/1943/3563 5246/4061/1445
f 5247/4062/1446 5241/1946/1447 5248/3936/1401
f 5230/1947/1448 5243/4059/1441 5244/3935/1399
f 5244/3935/1399 5234/3941/1449 5245/4060/1443
f 5245/4060/1443 5246/4061/1445 5238/1895/1400
f 5238/1895/1400 5247/4062/1446 5248/3936/1401
f 5248/3936/1401 5230/1947/1448 5244/3935/1399
f 5244/3935/1399 5245/4060/1443 5238/1895/1400
f 5243/3938/1404 5230/3939/1450 5231/3793/1402
f 5231/3793/1402 5233/3796/1451 5232/3937/1403
f 5248/3940/1407 5241/3946/1452 5242/1965/3466
f 5242/1965/3466 5231/3793/1453 5230/3939/1406
f 5235/3771/11 5233/3796/11 5231/3793/11
f 5231/3793/11 5242/1965/11 5240/3770/11
f 5240/3770/11 5237/1971/11 5235/3771/11
f 5244/3935/1410 5232/3937/1454 5233/3796/1408
f 5233/3796/1408 5235/3771/1455 5234/3941/1409
f 5245/3943/3467 5234/3941/1456 5235/3771/1411
f 5235/3771/1411 5237/1971/1457 5236/3942/1412
f 5246/3945/3469 5236/3942/3578 5237/1971/1414
f 5237/1971/1414 5240/3770/3579 5239/3944/3468
f 5247/3947/1419 5239/3944/1460 5240/3770/3470
f 5240/3770/3470 5242/1965/1461 5241/3946/1418
f 5250/3622/1202 5252/3801/1205 5251/3948/1203
f 5252/3801/1205 5254/3950/1292 5253/2075/1206
f 5254/3950/3471 5256/3951/1339 5255/1993/1208
f 5256/3951/1339 5258/3952/1293 5257/1994/1211
f 5258/3952/3472 5260/3992/3580 5259/3953/3473
f 5260/3992/3581 5261/3954/3474 5259/3953/3476
f 5261/3954/3582 5263/3956/3477 5262/3955/3479
f 5263/1838/3480 5266/3957/3583 5265/3690/3481
f 5250/3824/11 5268/3804/11 5266/2111/11
f 5258/2003/11 5256/4063/11 5254/3950/11
f 5252/3637/11 5250/3824/11 5266/2111/11
f 5266/2111/11 5263/4064/11 5261/3916/11
f 5261/3916/11 5260/4065/11 5258/2003/11
f 5258/2003/11 5254/3950/11 5252/3637/11
f 5252/3637/11 5266/2111/11 5261/3916/11
f 5266/3957/1197 5268/3638/1200 5267/3694/1198
f 5268/3638/1200 5250/3622/1291 5249/3949/1581
f 5249/3829/1 5251/4066/1 5253/2075/1
f 5262/3958/1 5264/3827/1 5265/3828/1
f 5267/3697/1 5249/3829/1 5253/2075/1
f 5253/2075/1 5255/2057/1 5257/2005/1
f 5257/2005/1 5259/4067/1 5262/3958/1
f 5262/3958/1 5265/3828/1 5267/3697/1
f 5267/3697/1 5253/2075/1 5257/2005/1
f 5270/3698/1228 5272/3960/1231 5271/3959/1229
f 5272/3960/1231 5274/3962/1298 5273/3961/1232
f 5274/3962/1233 5276/3963/1236 5275/2014/1234
f 5276/3963/1236 5278/3965/1299 5277/3964/1342
f 5278/3965/3483 5280/4007/3584 5279/3966/3484
f 5280/4007/3585 5281/3922/3485 5279/3966/3487
f 5281/3922/3586 5283/3968/3488 5282/3967/3490
f 5283/1864/3491 5286/3713/3587 5285/3710/3492
f 5270/3832/11 5288/3812/11 5286/3833/11
f 5278/3970/11 5276/4068/11 5274/3962/11
f 5272/3971/11 5270/3832/11 5286/3833/11
f 5286/3833/11 5283/4069/11 5281/3969/11
f 5281/3969/11 5280/4070/11 5278/3970/11
f 5278/3970/11 5274/3962/11 5272/3971/11
f 5272/3971/11 5286/3833/11 5281/3969/11
f 5286/3713/1223 5288/3657/1226 5287/3714/1224
f 5288/3657/1226 5270/3698/1297 5269/3700/3494
f 5269/4071/1 5271/4072/1 5273/3961/1
f 5282/3973/1 5284/3835/1 5285/4073/1
f 5287/3717/1 5269/4071/1 5273/3961/1
f 5273/3961/1 5275/2067/1 5277/3972/1
f 5277/3972/1 5279/4074/1 5282/3973/1
f 5282/3973/1 5285/4073/1 5287/3717/1
f 5287/3717/1 5273/3961/1 5277/3972/1
f 5304/1877/1241 5297/1936/3340 5298/3662/1242
f 5298/3662/1242 5299/2031/1305 5300/3762/1243
f 5300/3762/1243 5301/3934/1436 5302/1876/1396
f 5302/1876/1396 5303/1937/1303 5304/1877/1241
f 5304/1877/1241 5298/3662/1242 5300/3762/1243
f 5289/1878/3246 5290/1883/3341 5298/3662/1260
f 5296/1881/3244 5289/1878/1310 5297/3933/3245
f 5290/1883/3247 5291/1885/3342 5299/2031/1263
f 5291/1885/1397 5292/1886/1313 5300/3762/3248
f 5292/1886/1247 5293/1888/1307 5301/3934/1248
f 5293/1888/1244 5294/1890/1306 5302/3974/1245
f 5294/1890/1250 5295/1938/1308 5303/2033/1251
f 5295/1892/1253 5296/1881/1309 5304/2030/1254
f 5321/3986/1437 5314/3985/3559 5313/1939/3560
f 5313/1940/3560 5314/3985/3559 5322/3988/3561
f 5318/4075/1441 5307/3937/1442 5319/3975/1399
f 5320/4076/1443 5311/1943/3563 5321/4077/1445
f 5322/4078/1446 5316/1946/1447 5323/3976/1401
f 5305/1947/1448 5318/4075/1441 5319/3975/1399
f 5319/3975/1399 5309/3981/1449 5320/4076/1443
f 5320/4076/1443 5321/4077/1445 5313/1895/1400
f 5313/1895/1400 5322/4078/1446 5323/3976/1401
f 5323/3976/1401 5305/1947/1448 5319/3975/1399
f 5319/3975/1399 5320/4076/1443 5313/1895/1400
f 5318/3978/1481 5305/3979/1450 5306/3977/1402
f 5306/3977/1402 5308/1905/1451 5307/3937/1403
f 5323/3980/1407 5316/3987/1452 5317/1965/1405
f 5317/1965/1405 5306/3977/1453 5305/3979/1406
f 5310/1904/11 5308/1905/11 5306/3977/11
f 5306/3977/11 5317/1965/11 5315/3729/11
f 5315/3729/11 5312/3984/11 5310/1904/11
f 5319/3975/1410 5307/3937/3588 5308/1905/1408
f 5308/1905/1408 5310/1904/1455 5309/3981/1409
f 5320/3983/1413 5309/3981/3589 5310/1904/1411
f 5310/1904/1411 5312/3984/1457 5311/3982/1412
f 5321/3986/1416 5311/3982/3578 5312/3984/1414
f 5312/3984/1414 5315/3729/1459 5314/3985/3468
f 5322/3988/1419 5314/3985/1460 5315/3729/3470
f 5315/3729/3470 5317/1965/1461 5316/3987/1418
f 5325/3622/3495 5327/3989/3497 5326/3948/3496
f 5327/3989/3590 5329/3990/3499 5328/2075/3500
f 5329/3990/1359 5332/3991/1423 5331/1994/3501
f 5332/3991/3503 5334/3992/3506 5333/3630/3504
f 5334/3992/3506 5336/3994/3591 5335/3993/3507
f 5336/3994/3508 5338/3912/3592 5337/3995/3509
f 5338/3912/3593 5339/4044/3510 5337/3995/3512
f 5339/3996/3513 5342/4000/3594 5341/3997/3514
f 5339/4079/11 5338/4046/11 5336/3998/11
f 5327/3989/11 5325/3824/11 5342/4030/11
f 5342/4030/11 5339/4079/11 5336/3998/11
f 5336/3998/11 5334/4065/11 5332/3999/11
f 5332/3999/11 5329/3990/11 5327/3989/11
f 5327/3989/11 5342/4030/11 5336/3998/11
f 5342/4000/3516 5325/3622/3595 5324/3682/3517
f 5324/3829/1 5326/4066/1 5328/2075/1
f 5331/2005/1 5333/3807/1 5335/4080/1
f 5341/4002/1 5324/3829/1 5328/2075/1
f 5328/2075/1 5330/2057/1 5331/2005/1
f 5331/2005/1 5335/4080/1 5337/4001/1
f 5337/4001/1 5340/1924/1 5341/4002/1
f 5341/4002/1 5328/2075/1 5331/2005/1
f 5344/4003/3519 5346/4004/3521 5345/3959/3520
f 5346/4004/3521 5348/4005/3523 5347/3961/3522
f 5348/4005/1381 5351/3965/1431 5350/4006/1382
f 5351/3965/3524 5353/4007/3527 5352/3650/3525
f 5353/4007/3527 5355/4009/3596 5354/4008/3528
f 5355/4009/3529 5357/3924/3597 5356/4010/3530
f 5357/3924/3598 5358/4051/3532 5356/4010/3534
f 5358/4011/3535 5361/3892/3599 5360/4012/3536
f 5358/4081/11 5357/4053/11 5355/4013/11
f 5346/4004/11 5344/3832/11 5361/4082/11
f 5361/4082/11 5358/4081/11 5355/4013/11
f 5355/4013/11 5353/4070/11 5351/3970/11
f 5351/3970/11 5348/4005/11 5346/4004/11
f 5346/4004/11 5361/4082/11 5355/4013/11
f 5361/3892/3538 5344/4003/3600 5343/3700/3539
f 5343/4083/1 5345/4072/1 5347/3961/1
f 5350/4014/1 5352/3816/1 5354/4084/1
f 5360/4016/1 5343/4083/1 5347/3961/1
f 5347/3961/1 5349/2067/1 5350/4014/1
f 5350/4014/1 5354/4084/1 5356/4015/1
f 5356/4015/1 5359/1935/1 5360/4016/1
f 5360/4016/1 5347/3961/1 5350/4014/1
f 5377/1877/1241 5370/1936/3340 5371/1879/1242
f 5371/1879/1242 5372/1884/1305 5373/3718/1243
f 5373/3718/1243 5374/3934/1301 5375/1876/1302
f 5375/1876/1302 5376/1937/1303 5377/1877/1241
f 5377/1877/1241 5371/1879/1242 5373/3718/1243
f 5362/1878/1259 5363/1883/1311 5371/1879/3416
f 5369/1881/1256 5362/1878/1310 5370/4017/1257
f 5363/1883/1262 5364/1885/1312 5372/1884/1263
f 5364/1885/1265 5365/1886/1313 5373/3718/1266
f 5365/1886/1247 5366/1888/1307 5374/3934/1248
f 5366/1888/1244 5367/1890/1306 5375/2032/1245
f 5367/1890/1250 5368/1938/1308 5376/2033/1251
f 5368/1892/1253 5369/1881/1309 5377/1960/1254
f 5394/4027/1437 5387/4026/3559 5386/1939/3560
f 5386/1940/3560 5387/4026/3559 5395/4029/3561
f 5391/4085/1441 5380/4020/3601 5392/4018/1399
f 5393/4086/1443 5384/1943/3563 5394/3841/1445
f 5395/4078/1446 5389/1946/1447 5396/1896/1401
f 5378/1947/1448 5391/4085/1441 5392/4018/1399
f 5392/4018/1399 5382/3981/1449 5393/4086/1443
f 5393/4086/1443 5394/3841/1445 5386/1895/1400
f 5386/1895/1400 5395/4078/1446 5396/1896/1401
f 5396/1896/1401 5378/1947/1448 5392/4018/1399
f 5392/4018/1399 5393/4086/1443 5386/1895/1400
f 5391/4021/1404 5378/4022/1450 5379/4019/1402
f 5379/4019/1402 5381/4024/1451 5380/4020/1403
f 5396/4023/1407 5389/4028/1452 5390/3726/1405
f 5390/3726/1405 5379/4019/1453 5378/4022/1406
f 5383/3904/11 5381/4024/11 5379/4019/11
f 5379/4019/11 5390/3726/11 5388/3770/11
f 5388/3770/11 5385/1971/11 5383/3904/11
f 5392/4018/1410 5380/4020/3588 5381/4024/1408
f 5381/4024/1408 5383/3904/1455 5382/3981/1409
f 5393/4025/3467 5382/3981/1456 5383/3904/1411
f 5383/3904/1411 5385/1971/1457 5384/3676/1412
f 5394/4027/1416 5384/3676/3578 5385/1971/1414
f 5385/1971/1414 5388/3770/1459 5387/4026/3468
f 5395/4029/1419 5387/4026/1460 5388/3770/3470
f 5388/3770/3470 5390/3726/1461 5389/4028/1418
f 5406/4087/162 5404/4088/162 5403/4089/162
f 5401/4090/1 5403/4089/1 5398/4091/1
f 5404/4088/7 5399/4092/7 5398/4093/7
f 5400/4094/4 5404/4088/4 5405/4095/4
f 5402/4096/6 5405/4095/6 5406/4087/6
f 5416/4087/162 5414/4088/162 5413/4089/162
f 5411/4090/1 5413/4089/1 5408/4091/1
f 5414/4088/7 5409/4092/7 5408/4093/7
f 5410/4094/4 5414/4088/4 5415/4095/4
f 5412/4096/6 5415/4095/6 5416/4087/6
f 5426/4087/162 5424/4088/162 5423/4089/162
f 5421/4090/1 5423/4089/1 5418/4091/1
f 5424/4088/7 5419/4092/7 5418/4093/7
f 5420/4094/4 5424/4088/4 5425/4095/4
f 5422/4096/6 5425/4095/6 5426/4087/6
f 5436/4087/162 5434/4088/162 5433/4089/162
f 5431/4090/1 5433/4089/1 5428/4091/1
f 5434/4088/7 5429/4092/7 5428/4093/7
f 5430/4094/4 5434/4088/4 5435/4095/4
f 5432/4096/6 5435/4095/6 5436/4087/6
f 5446/4087/162 5444/4088/162 5443/4089/162
f 5441/4090/1 5443/4089/1 5438/4091/1
f 5444/4088/7 5439/4092/7 5438/4093/7
f 5440/4094/4 5444/4088/4 5445/4095/4
f 5442/4096/6 5445/4095/6 5446/4087/6
f 5456/4087/164 5454/4088/164 5453/4089/164
f 5451/4090/1 5453/4089/1 5448/4091/1
f 5454/4088/6 5449/4092/6 5448/4093/6
f 5450/4094/2 5454/4088/2 5455/4095/2
f 5452/4096/7 5455/4095/7 5456/4087/7
f 5466/4087/164 5464/4088/164 5463/4089/164
f 5461/4090/1 5463/4089/1 5458/4091/1
f 5464/4088/6 5459/4092/6 5458/4093/6
f 5460/4094/2 5464/4088/2 5465/4095/2
f 5462/4096/7 5465/4095/7 5466/4087/7
f 5476/4087/164 5474/4088/164 5473/4089/164
f 5471/4090/1 5473/4089/1 5468/4091/1
f 5474/4088/6 5469/4092/6 5468/4093/6
f 5470/4094/2 5474/4088/2 5475/4095/2
f 5472/4096/7 5475/4095/7 5476/4087/7
f 5486/4087/164 5484/4088/164 5483/4089/164
f 5481/4090/1 5483/4089/1 5478/4091/1
f 5484/4088/6 5479/4092/6 5478/4093/6
f 5480/4094/2 5484/4088/2 5485/4095/2
f 5482/4096/7 5485/4095/7 5486/4087/7
f 5496/4087/164 5494/4088/164 5493/4089/164
f 5491/4090/1 5493/4089/1 5488/4091/1
f 5494/4088/6 5489/4092/6 5488/4093/6
f 5490/4094/2 5494/4088/2 5495/4095/2
f 5492/4096/7 5495/4095/7 5496/4087/7
f 5406/4087/162 5405/4095/162 5404/4088/162
f 5401/4090/1 5406/4087/1 5403/4089/1
f 5398/4093/7 5403/4089/7 5404/4088/7
f 5404/4088/7 5397/4097/7 5399/4092/7
f 5400/4094/4 5397/4098/4 5404/4088/4
f 5406/4087/6 5401/4099/6 5402/4096/6
f 5402/4096/6 5400/4100/6 5405/4095/6
f 5416/4087/162 5415/4095/162 5414/4088/162
f 5411/4090/1 5416/4087/1 5413/4089/1
f 5408/4093/7 5413/4089/7 5414/4088/7
f 5414/4088/7 5407/4097/7 5409/4092/7
f 5410/4094/4 5407/4098/4 5414/4088/4
f 5416/4087/6 5411/4099/6 5412/4096/6
f 5412/4096/6 5410/4100/6 5415/4095/6
f 5426/4087/162 5425/4095/162 5424/4088/162
f 5421/4090/1 5426/4087/1 5423/4089/1
f 5418/4093/7 5423/4089/7 5424/4088/7
f 5424/4088/7 5417/4097/7 5419/4092/7
f 5420/4094/4 5417/4098/4 5424/4088/4
f 5426/4087/6 5421/4099/6 5422/4096/6
f 5422/4096/6 5420/4100/6 5425/4095/6
f 5436/4087/162 5435/4095/162 5434/4088/162
f 5431/4090/1 5436/4087/1 5433/4089/1
f 5428/4093/7 5433/4089/7 5434/4088/7
f 5434/4088/7 5427/4097/7 5429/4092/7
f 5430/4094/4 5427/4098/4 5434/4088/4
f 5436/4087/6 5431/4099/6 5432/4096/6
f 5432/4096/6 5430/4100/6 5435/4095/6
f 5446/4087/162 5445/4095/162 5444/4088/162
f 5441/4090/1 5446/4087/1 5443/4089/1
f 5438/4093/7 5443/4089/7 5444/4088/7
f 5444/4088/7 5437/4097/7 5439/4092/7
f 5440/4094/4 5437/4098/4 5444/4088/4
f 5446/4087/6 5441/4099/6 5442/4096/6
f 5442/4096/6 5440/4100/6 5445/4095/6
f 5456/4087/164 5455/4095/164 5454/4088/164
f 5451/4090/1 5456/4087/1 5453/4089/1
f 5448/4093/6 5453/4089/6 5454/4088/6
f 5454/4088/6 5447/4097/6 5449/4092/6
f 5450/4094/2 5447/4098/2 5454/4088/2
f 5456/4087/7 5451/4099/7 5452/4096/7
f 5452/4096/7 5450/4100/7 5455/4095/7
f 5466/4087/164 5465/4095/164 5464/4088/164
f 5461/4090/1 5466/4087/1 5463/4089/1
f 5458/4093/6 5463/4089/6 5464/4088/6
f 5464/4088/6 5457/4097/6 5459/4092/6
f 5460/4094/2 5457/4098/2 5464/4088/2
f 5466/4087/7 5461/4099/7 5462/4096/7
f 5462/4096/7 5460/4100/7 5465/4095/7
f 5476/4087/164 5475/4095/164 5474/4088/164
f 5471/4090/1 5476/4087/1 5473/4089/1
f 5468/4093/6 5473/4089/6 5474/4088/6
f 5474/4088/6 5467/4097/6 5469/4092/6
f 5470/4094/2 5467/4098/2 5474/4088/2
f 5476/4087/7 5471/4099/7 5472/4096/7
f 5472/4096/7 5470/4100/7 5475/4095/7
f 5486/4087/164 5485/4095/164 5484/4088/164
f 5481/4090/1 5486/4087/1 5483/4089/1
f 5478/4093/6 5483/4089/6 5484/4088/6
f 5484/4088/6 5477/4097/6 5479/4092/6
f 5480/4094/2 5477/4098/2 5484/4088/2
f 5486/4087/7 5481/4099/7 5482/4096/7
f 5482/4096/7 5480/4100/7 5485/4095/7
f 5496/4087/164 5495/4095/164 5494/4088/164
f 5491/4090/1 5496/4087/1 5493/4089/1
f 5488/4093/6 5493/4089/6 5494/4088/6
f 5494/4088/6 5487/4097/6 5489/4092/6
f 5490/4094/2 5487/4098/2 5494/4088/2
f 5496/4087/7 5491/4099/7 5492/4096/7
f 5492/4096/7 5490/4100/7 5495/4095/7
