# Blender 5.0.1
# www.blender.org
mtllib WE6_brake_rigging.mtl
o BrakeRigging.008
g WE6_brake_rigging
v 0.749723 0.869900 -0.761960
v 0.763866 0.864042 -0.761959
v 0.769723 0.849900 -0.761959
v 0.763866 0.835757 -0.761959
v 0.735581 0.835757 -0.761959
v 0.729723 0.849900 -0.761959
v 0.735581 0.864042 -0.761959
v 0.749723 0.829900 -0.761960
v 0.763866 0.864082 -0.453704
v 0.769724 0.849900 -0.456254
v 0.763866 0.835718 -0.458803
v 0.735581 0.835718 -0.458803
v 0.729724 0.849900 -0.456254
v 0.735581 0.864082 -0.453704
v 0.749724 0.869956 -0.452649
v 0.749724 0.829843 -0.459859
v 0.774723 0.867900 -0.829960
v 0.774723 0.869900 -0.827960
v 0.774723 0.869314 -0.829375
v 0.774723 0.829900 -0.827960
v 0.774723 0.831900 -0.829960
v 0.774723 0.830485 -0.829375
v 0.729723 0.829900 -0.827960
v 0.729723 0.831900 -0.829960
v 0.729723 0.830485 -0.829375
v 0.724723 0.831900 -0.829960
v 0.724723 0.829900 -0.827960
v 0.724723 0.830485 -0.829375
v 0.724723 0.869900 -0.827960
v 0.724723 0.867900 -0.829960
v 0.724723 0.869314 -0.829375
v 0.769723 0.869900 -0.827960
v 0.769723 0.867900 -0.829960
v 0.769723 0.869314 -0.829375
v 0.769723 0.831900 -0.829960
v 0.769723 0.829900 -0.827960
v 0.769723 0.830485 -0.829375
v 0.729723 0.867900 -0.829960
v 0.729723 0.869900 -0.827960
v 0.729723 0.869314 -0.829375
v 0.774723 0.869900 -0.763961
v 0.772723 0.869900 -0.761961
v 0.774138 0.869900 -0.762547
v 0.774723 0.829900 -0.763961
v 0.772723 0.829900 -0.761961
v 0.774138 0.829900 -0.762547
v 0.724723 0.829900 -0.763961
v 0.726723 0.829900 -0.761961
v 0.725309 0.829900 -0.762547
v 0.724723 0.869900 -0.763961
v 0.726723 0.869900 -0.761961
v 0.725309 0.869900 -0.762547
v 0.767723 0.829900 -0.766960
v 0.769723 0.829900 -0.768960
v 0.769138 0.829900 -0.767546
v 0.729723 0.829900 -0.768960
v 0.731723 0.829900 -0.766960
v 0.730309 0.829900 -0.767546
v 0.731723 0.869900 -0.766960
v 0.729723 0.869900 -0.768960
v 0.730309 0.869900 -0.767546
v 0.769723 0.869900 -0.768960
v 0.767723 0.869900 -0.766960
v 0.769138 0.869900 -0.767546
v 0.735582 1.073117 -0.880382
v 0.729724 1.087259 -0.880382
v 0.774723 1.239964 -2.117981
v 0.774723 1.237964 -2.119981
v 0.749723 1.199965 -2.051980
v 0.735581 1.234107 -2.051979
v 0.729723 1.219965 -2.051979
v 0.735581 1.205822 -2.051979
v 0.763865 1.205822 -2.051979
v 0.769723 1.219965 -2.051979
v 0.763865 1.234107 -2.051979
v 0.749723 1.239965 -2.051980
v 0.763866 1.234146 -1.244109
v 0.763875 1.224803 -1.205767
v 0.763867 1.232895 -1.231593
v 0.763870 1.229475 -1.217559
v 0.769723 1.219965 -1.246663
v 0.769737 1.210608 -1.208306
v 0.769725 1.218712 -1.234143
v 0.769730 1.215287 -1.220104
v 0.763866 1.205784 -1.249207
v 0.763875 1.196425 -1.210868
v 0.763867 1.204530 -1.236692
v 0.763870 1.201104 -1.222659
v 0.735581 1.205784 -1.249207
v 0.735572 1.196425 -1.210868
v 0.735580 1.204530 -1.236692
v 0.735577 1.201104 -1.222659
v 0.729723 1.219965 -1.246663
v 0.729710 1.210608 -1.208306
v 0.729722 1.218712 -1.234143
v 0.729717 1.215287 -1.220104
v 0.735581 1.234146 -1.244109
v 0.735572 1.224803 -1.205767
v 0.735580 1.232895 -1.231593
v 0.735577 1.229475 -1.217559
v 0.749723 1.230686 -1.204721
v 0.749723 1.240020 -1.243049
v 0.749723 1.235354 -1.216508
v 0.749723 1.238770 -1.230537
v 0.749723 1.199910 -1.250259
v 0.749723 1.190553 -1.211936
v 0.749723 1.198656 -1.237747
v 0.749723 1.195231 -1.223720
v 0.749724 1.107329 -0.944500
v 0.749724 1.116687 -0.982808
v 0.749724 1.108598 -0.957016
v 0.749724 1.112023 -0.971037
v 0.763989 1.110816 -0.983957
v 0.763951 1.101459 -0.945632
v 0.763988 1.106149 -0.972181
v 0.763974 1.102724 -0.958153
v 0.769898 1.096636 -0.986717
v 0.769847 1.087285 -0.948374
v 0.769896 1.091965 -0.974935
v 0.769878 1.088543 -0.960901
v 0.763989 1.082445 -0.989456
v 0.763955 1.073110 -0.951127
v 0.763988 1.077776 -0.977680
v 0.763976 1.074359 -0.963651
v 0.735458 1.082445 -0.989456
v 0.735492 1.073110 -0.951127
v 0.735459 1.077776 -0.977680
v 0.735472 1.074359 -0.963651
v 0.729549 1.096636 -0.986717
v 0.729600 1.087285 -0.948374
v 0.729551 1.091965 -0.974935
v 0.729570 1.088543 -0.960901
v 0.735458 1.110816 -0.983957
v 0.735496 1.101459 -0.945632
v 0.735460 1.106149 -0.972181
v 0.735474 1.102724 -0.958153
v 0.749724 1.076564 -0.990585
v 0.749724 1.067237 -0.952268
v 0.749724 1.071897 -0.978815
v 0.749724 1.068483 -0.964790
v 0.750070 1.249970 -2.010011
v 0.750070 1.249970 -1.710011
v 0.776051 1.234970 -2.010011
v 0.776051 1.234970 -1.710011
v 0.776051 1.204970 -2.010011
v 0.776051 1.204970 -1.710011
v 0.750070 1.189970 -2.010011
v 0.750070 1.189970 -1.710011
v 0.724089 1.204970 -2.010011
v 0.724089 1.204970 -1.710011
v 0.724089 1.234970 -2.010011
v 0.724089 1.234970 -1.710011
v 0.749897 1.239917 -1.700029
v 0.749896 1.239895 -2.020015
v 0.763865 1.234109 -2.020010
v 0.763865 1.234120 -1.700030
v 0.769723 1.219965 -2.020010
v 0.769723 1.219965 -1.700030
v 0.763865 1.205821 -2.020010
v 0.763865 1.205806 -1.700030
v 0.749896 1.200035 -2.020005
v 0.749897 1.200013 -1.700030
v 0.735581 1.205820 -2.020010
v 0.735581 1.205810 -1.700030
v 0.729723 1.219970 -2.020010
v 0.729723 1.219965 -1.700030
v 0.735581 1.234109 -2.020010
v 0.735581 1.234124 -1.700030
v 0.730640 1.177878 -1.152316
v 0.733581 1.185252 -1.148593
v 0.730639 1.217429 -1.321165
v 0.733581 1.225133 -1.321165
v 0.727640 1.179172 -1.154388
v 0.727640 1.183969 -1.151981
v 0.727640 1.217429 -1.318835
v 0.727640 1.222328 -1.318835
v 0.733581 1.225133 -1.227198
v 0.727640 1.222328 -1.227976
v 0.768726 1.177878 -1.152317
v 0.765785 1.185252 -1.148593
v 0.768726 1.217429 -1.321165
v 0.765784 1.225133 -1.321165
v 0.771726 1.179172 -1.154388
v 0.771726 1.183969 -1.151981
v 0.771726 1.217429 -1.318835
v 0.771726 1.222328 -1.318835
v 0.765785 1.225133 -1.227198
v 0.771726 1.222328 -1.227976
v 0.730640 1.130957 -1.046900
v 0.733581 1.123583 -1.050623
v 0.730640 1.091405 -0.878051
v 0.733582 1.083702 -0.878051
v 0.727640 1.129662 -1.044829
v 0.727640 1.124866 -1.047235
v 0.727640 1.091405 -0.880382
v 0.727640 1.086507 -0.880382
v 0.733582 1.083702 -0.972019
v 0.727640 1.086507 -0.971241
v 0.768726 1.130957 -1.046900
v 0.765785 1.123583 -1.050623
v 0.768727 1.091405 -0.878051
v 0.765785 1.083702 -0.878051
v 0.771726 1.129662 -1.044829
v 0.771726 1.124866 -1.047236
v 0.771726 1.091405 -0.880382
v 0.771726 1.086507 -0.880382
v 0.765785 1.083702 -0.972019
v 0.771726 1.086507 -0.971241
v 0.774723 1.239378 -2.119395
v 0.774723 1.199964 -2.117981
v 0.774723 1.201964 -2.119981
v 0.774723 1.200550 -2.119395
v 0.729723 1.199964 -2.117981
v 0.729723 1.201964 -2.119981
v 0.729723 1.200550 -2.119395
v 0.724723 1.201964 -2.119981
v 0.724723 1.199964 -2.117981
v 0.724723 1.200550 -2.119395
v 0.724723 1.239964 -2.117981
v 0.724723 1.237964 -2.119981
v 0.724723 1.239378 -2.119395
v 0.769723 1.239964 -2.117981
v 0.769723 1.237964 -2.119981
v 0.769723 1.239378 -2.119395
v 0.769723 1.201964 -2.119981
v 0.769723 1.199964 -2.117981
v 0.769723 1.200550 -2.119395
v 0.729723 1.237964 -2.119981
v 0.729723 1.239964 -2.117981
v 0.729723 1.239378 -2.119395
v 0.774723 1.239964 -2.053981
v 0.772723 1.239964 -2.051981
v 0.774137 1.239964 -2.052567
v 0.774723 1.199964 -2.053981
v 0.772723 1.199964 -2.051981
v 0.774137 1.199965 -2.052567
v 0.724723 1.199964 -2.053981
v 0.726723 1.199964 -2.051981
v 0.725309 1.199965 -2.052567
v 0.724723 1.239964 -2.053981
v 0.726723 1.239964 -2.051981
v 0.725309 1.239964 -2.052567
v 0.767723 1.199964 -2.056980
v 0.769723 1.199964 -2.058980
v 0.769137 1.199964 -2.057566
v 0.729723 1.199964 -2.058980
v 0.731723 1.199964 -2.056980
v 0.730309 1.199964 -2.057566
v 0.731723 1.239964 -2.056980
v 0.729723 1.239964 -2.058980
v 0.730309 1.239964 -2.057566
v 0.769723 1.239964 -2.058980
v 0.767723 1.239964 -2.056980
v 0.769137 1.239964 -2.057566
v 0.724724 1.107259 -0.814381
v 0.724724 1.105259 -0.812381
v 0.749724 1.067259 -0.880381
v 0.763866 1.101401 -0.880382
v 0.769724 1.087259 -0.880382
v 0.763866 1.073117 -0.880382
v 0.735582 1.101401 -0.880382
v 0.749724 1.107259 -0.880381
v 0.724724 1.106673 -0.812967
v 0.724724 1.067259 -0.814381
v 0.724724 1.069259 -0.812381
v 0.724724 1.067845 -0.812967
v 0.769724 1.067259 -0.814381
v 0.769724 1.069259 -0.812381
v 0.769724 1.067845 -0.812967
v 0.774724 1.069259 -0.812381
v 0.774724 1.067259 -0.814381
v 0.774724 1.067845 -0.812967
v 0.774724 1.107259 -0.814381
v 0.774724 1.105259 -0.812381
v 0.774724 1.106673 -0.812967
v 0.729724 1.107259 -0.814381
v 0.729724 1.105259 -0.812381
v 0.729724 1.106673 -0.812967
v 0.729724 1.069259 -0.812381
v 0.729724 1.067259 -0.814381
v 0.729724 1.067845 -0.812967
v 0.769724 1.105259 -0.812381
v 0.769724 1.107259 -0.814381
v 0.769724 1.106673 -0.812967
v 0.724724 1.107259 -0.878381
v 0.726724 1.107259 -0.880381
v 0.725309 1.107259 -0.879795
v 0.724724 1.067259 -0.878381
v 0.726724 1.067259 -0.880381
v 0.725309 1.067259 -0.879795
v 0.774724 1.067259 -0.878381
v 0.772724 1.067259 -0.880381
v 0.774138 1.067259 -0.879795
v 0.774724 1.107259 -0.878381
v 0.772724 1.107259 -0.880381
v 0.774138 1.107259 -0.879795
v 0.731724 1.067259 -0.875382
v 0.729724 1.067259 -0.873382
v 0.730309 1.067259 -0.874796
v 0.769724 1.067259 -0.873382
v 0.767724 1.067259 -0.875382
v 0.769138 1.067259 -0.874796
v 0.767724 1.107259 -0.875382
v 0.769724 1.107259 -0.873382
v 0.769138 1.107259 -0.874796
v 0.729724 1.107259 -0.873382
v 0.731724 1.107259 -0.875382
v 0.730309 1.107259 -0.874796
v 0.794739 0.515000 -2.086296
v 0.794739 0.605000 -2.086296
v 0.704739 0.605000 -2.086296
v 0.704739 0.515000 -2.086296
v 0.724734 0.515000 -2.086296
v 0.774744 0.605000 -2.086296
v 0.769743 0.515000 -2.086296
v 0.729734 0.515000 -2.086296
v 0.729734 0.605000 -2.086296
v 0.769743 0.605000 -2.086296
v 0.774744 0.515000 -2.086296
v 0.724734 0.605000 -2.086296
v 0.749723 0.497033 -2.088457
v 0.749723 0.499033 -2.086292
v 0.735581 0.499033 -2.092150
v 0.737111 0.497033 -2.093681
v 0.729723 0.499033 -2.106292
v 0.731888 0.497033 -2.106292
v 0.735581 0.499033 -2.120434
v 0.737111 0.497033 -2.118903
v 0.749723 0.499033 -2.126292
v 0.749723 0.497033 -2.124127
v 0.763865 0.499033 -2.120434
v 0.762334 0.497033 -2.118903
v 0.769723 0.499033 -2.106292
v 0.767558 0.497033 -2.106292
v 0.763865 0.499033 -2.092150
v 0.762334 0.497033 -2.093681
v 0.794739 0.520000 -2.045571
v 0.794739 0.515000 -2.050571
v 0.794739 0.516464 -2.047035
v 0.794739 0.605000 -2.050571
v 0.794739 0.600000 -2.045571
v 0.794739 0.603535 -2.047035
v 0.704739 0.515000 -2.050571
v 0.704739 0.520000 -2.045571
v 0.704739 0.516464 -2.047035
v 0.704739 0.600000 -2.045571
v 0.704739 0.605000 -2.050571
v 0.704739 0.603535 -2.047035
v 0.769743 0.520000 -2.117014
v 0.769743 0.515000 -2.112014
v 0.769743 0.516464 -2.115550
v 0.729734 0.515000 -2.112014
v 0.729734 0.520000 -2.117014
v 0.729734 0.516464 -2.115550
v 0.729734 0.600000 -2.117014
v 0.729734 0.605000 -2.112014
v 0.729734 0.603535 -2.115550
v 0.769743 0.605000 -2.112014
v 0.769743 0.600000 -2.117014
v 0.769743 0.603535 -2.115550
v 0.724734 0.520000 -2.117014
v 0.724734 0.515000 -2.112014
v 0.724734 0.516464 -2.115550
v 0.774744 0.600000 -2.117014
v 0.774744 0.605000 -2.112014
v 0.774744 0.603535 -2.115550
v 0.774744 0.515000 -2.112014
v 0.774744 0.520000 -2.117014
v 0.774744 0.516464 -2.115550
v 0.724734 0.605000 -2.112014
v 0.724734 0.600000 -2.117014
v 0.724734 0.603535 -2.115550
v 0.749723 1.241999 -2.088457
v 0.749723 1.239998 -2.086292
v 0.749723 1.242001 -2.124127
v 0.749723 1.240001 -2.126292
v 0.762334 1.242001 -2.118903
v 0.763865 1.240001 -2.120434
v 0.767558 1.242001 -2.106292
v 0.769723 1.240001 -2.106292
v 0.762334 1.242001 -2.093681
v 0.763865 1.240001 -2.092150
v 0.737111 1.241998 -2.093681
v 0.735581 1.239998 -2.092150
v 0.731888 1.241998 -2.106292
v 0.729723 1.239998 -2.106292
v 0.737111 1.241998 -2.118903
v 0.735581 1.239998 -2.120434
v 0.704707 0.515000 -0.836065
v 0.704707 0.605000 -0.836065
v 0.794707 0.605000 -0.836066
v 0.794707 0.515000 -0.836066
v 0.774713 0.515000 -0.836065
v 0.724702 0.605000 -0.836065
v 0.729703 0.515000 -0.836065
v 0.769712 0.515000 -0.836066
v 0.769712 0.605000 -0.836066
v 0.729703 0.605000 -0.836066
v 0.724702 0.515000 -0.836065
v 0.774713 0.605000 -0.836065
v 0.749723 0.497033 -0.833905
v 0.749723 0.499034 -0.836070
v 0.763866 0.499034 -0.830212
v 0.762335 0.497033 -0.828681
v 0.769723 0.499034 -0.816070
v 0.767559 0.497033 -0.816070
v 0.763866 0.499034 -0.801928
v 0.762335 0.497033 -0.803458
v 0.749723 0.499034 -0.796070
v 0.749723 0.497033 -0.798234
v 0.735581 0.499034 -0.801928
v 0.737112 0.497033 -0.803458
v 0.729724 0.499034 -0.816070
v 0.731888 0.497033 -0.816070
v 0.735581 0.499034 -0.830212
v 0.737112 0.497033 -0.828681
v 0.704707 0.520000 -0.876791
v 0.704707 0.515000 -0.871791
v 0.704707 0.516464 -0.875326
v 0.704707 0.605000 -0.871791
v 0.704707 0.600000 -0.876791
v 0.704707 0.603535 -0.875326
v 0.794707 0.515000 -0.871791
v 0.794707 0.520000 -0.876791
v 0.794707 0.516464 -0.875327
v 0.794707 0.600000 -0.876791
v 0.794707 0.605000 -0.871791
v 0.794707 0.603535 -0.875327
v 0.729703 0.520000 -0.805348
v 0.729703 0.515000 -0.810348
v 0.729703 0.516464 -0.806812
v 0.769712 0.515000 -0.810348
v 0.769712 0.520000 -0.805348
v 0.769712 0.516464 -0.806812
v 0.769712 0.600000 -0.805348
v 0.769712 0.605000 -0.810348
v 0.769712 0.603535 -0.806812
v 0.729703 0.605000 -0.810348
v 0.729703 0.600000 -0.805348
v 0.729703 0.603535 -0.806812
v 0.774713 0.520000 -0.805348
v 0.774713 0.515000 -0.810348
v 0.774713 0.516464 -0.806812
v 0.724702 0.600000 -0.805347
v 0.724702 0.605000 -0.810347
v 0.724702 0.603536 -0.806812
v 0.724702 0.515000 -0.810347
v 0.724702 0.520000 -0.805347
v 0.724702 0.516464 -0.806812
v 0.774713 0.605000 -0.810348
v 0.774713 0.600000 -0.805348
v 0.774713 0.603536 -0.806812
v 0.749723 1.108980 -0.833905
v 0.749723 1.106979 -0.836070
v 0.749723 1.106982 -0.796070
v 0.749723 1.108982 -0.798235
v 0.737112 1.108983 -0.803458
v 0.735581 1.106982 -0.801928
v 0.731888 1.108983 -0.816070
v 0.729724 1.106982 -0.816070
v 0.737112 1.108982 -0.828681
v 0.735581 1.106982 -0.830212
v 0.763866 1.106979 -0.830212
v 0.762335 1.108979 -0.828681
v 0.767559 1.108979 -0.816070
v 0.769723 1.106979 -0.816070
v 0.762335 1.108980 -0.803458
v 0.763866 1.106979 -0.801928
vn -0.6850 0.7285 -0.0001
vn -0.0000 1.0000 -0.0001
vn -0.7071 0.7071 -0.0001
vn -0.9991 0.0433 -0.0000
vn -1.0000 -0.0000 -0.0000
vn -0.7286 -0.6850 -0.0001
vn -0.7071 -0.7071 -0.0001
vn -0.0000 -1.0000 -0.0001
vn -0.0000 -1.0000 -0.0002
vn 0.7071 -0.7071 -0.0001
vn 1.0000 -0.0000 -0.0000
vn 0.7286 -0.6850 -0.0001
vn 0.7071 0.7071 -0.0001
vn 0.9991 0.0433 -0.0000
vn 0.6850 0.7285 -0.0001
vn -0.0000 -0.9808 -0.1951
vn -0.0000 -0.7071 -0.7071
vn -0.0000 -0.1951 -0.9808
vn -0.0000 0.9808 -0.1951
vn -0.0000 0.7071 -0.7071
vn -0.0000 0.1951 -0.9808
vn -0.0004 -0.0000 1.0000
vn -0.1952 0.0001 0.9808
vn -0.1952 -0.0001 0.9808
vn -0.0001 1.0000 0.0001
vn 0.0001 1.0000 0.0001
vn 0.1952 0.0001 0.9808
vn 0.7071 -0.0000 0.7071
vn -0.7071 -0.0000 0.7071
vn 0.9808 -0.0000 0.1951
vn -0.0001 -1.0000 -0.0001
vn 0.0001 -1.0000 -0.0001
vn -0.0000 -1.0000 0.0001
vn 0.0004 -0.0000 1.0000
vn 0.1952 -0.0001 0.9808
vn -0.9808 -0.0000 0.1951
vn -0.1951 -0.0000 -0.9808
vn -0.7071 -0.0000 -0.7071
vn -0.9808 -0.0000 -0.1951
vn 0.9808 -0.0000 -0.1951
vn 0.7071 -0.0000 -0.7071
vn 0.1951 -0.0000 -0.9808
vn -0.0000 -0.0000 -1.0000
vn 0.0001 -0.0000 -1.0000
vn -0.8683 -0.4583 -0.1899
vn -0.0000 -0.9239 -0.3827
vn -0.6303 -0.5490 -0.5490
vn -0.0005 -0.0000 1.0000
vn -0.0000 0.9119 0.4104
vn -0.7014 0.6792 0.2161
vn -0.6982 0.6519 0.2957
vn -0.0000 0.9536 0.3011
vn -0.7034 0.7007 0.1197
vn -0.0000 0.9987 0.0512
vn -0.7037 0.7096 0.0352
vn -0.9999 0.0155 0.0068
vn -0.9999 0.0104 0.0074
vn -0.9999 0.0165 0.0024
vn -0.9999 0.0123 -0.0010
vn -0.7180 -0.6630 -0.2118
vn -0.7097 -0.6412 -0.2919
vn -0.7203 -0.6837 -0.1172
vn -0.7158 -0.6975 -0.0348
vn -0.0000 -0.9520 -0.3060
vn -0.0000 -0.9091 -0.4166
vn -0.0000 -0.9857 -0.1688
vn -0.0000 -0.9988 -0.0484
vn 0.7097 -0.6412 -0.2919
vn 0.7180 -0.6630 -0.2118
vn 0.7203 -0.6837 -0.1172
vn 0.7158 -0.6975 -0.0348
vn 0.9999 0.0104 0.0074
vn 0.9999 0.0155 0.0068
vn 0.9999 0.0165 0.0024
vn 0.9999 0.0123 -0.0010
vn 0.6982 0.6519 0.2957
vn 0.7014 0.6792 0.2161
vn 0.7034 0.7007 0.1197
vn 0.7037 0.7096 0.0352
vn -0.0000 0.9857 0.1686
vn -0.7143 0.6988 0.0366
vn -0.0000 0.9856 0.1693
vn -0.7190 0.6848 0.1187
vn -0.7171 0.6640 0.2120
vn -0.0000 0.9522 0.3055
vn -0.7092 0.6420 0.2913
vn -0.9999 -0.0125 0.0031
vn -0.9999 -0.0168 -0.0007
vn -0.9999 -0.0157 -0.0063
vn -0.9999 -0.0102 -0.0080
vn -0.7022 -0.7111 -0.0343
vn -0.7021 -0.7020 -0.1191
vn -0.7005 -0.6801 -0.2163
vn -0.6976 -0.6522 -0.2966
vn -0.0000 -0.9987 -0.0510
vn -0.0000 -0.9857 -0.1685
vn -0.0000 -0.9535 -0.3014
vn -0.0000 -0.9116 -0.4112
vn 0.7021 -0.7020 -0.1191
vn 0.7022 -0.7111 -0.0343
vn 0.7005 -0.6801 -0.2163
vn 0.6976 -0.6522 -0.2966
vn 0.9999 -0.0168 -0.0007
vn 0.9999 -0.0125 0.0031
vn 0.9999 -0.0157 -0.0063
vn 0.9999 -0.0102 -0.0080
vn 0.7190 0.6848 0.1187
vn 0.7143 0.6988 0.0366
vn 0.7171 0.6640 0.2120
vn 0.7092 0.6420 0.2913
vn -0.0000 0.9988 0.0494
vn -0.0000 0.9095 0.4157
vn -0.7070 0.7072 0.0014
vn 0.7070 0.7072 0.0014
vn 1.0000 -0.0000 0.0017
vn 0.7069 -0.7073 0.0011
vn -0.0000 -1.0000 0.0006
vn -0.7069 -0.7073 0.0011
vn -1.0000 -0.0000 0.0017
vn 0.5000 0.8660 -0.0000
vn 0.5000 -0.8660 -0.0000
vn -0.5000 -0.8660 -0.0000
vn -0.5000 0.8660 -0.0000
vn 0.0044 1.0000 -0.0001
vn 0.7071 0.7071 -0.0000
vn 0.0056 1.0000 0.0021
vn 0.7075 0.7067 -0.0000
vn 1.0000 0.0001 -0.0000
vn 0.7074 -0.7068 -0.0000
vn 0.7071 -0.7071 -0.0000
vn 0.0043 -1.0000 -0.0002
vn 0.0056 -1.0000 0.0022
vn -0.6227 0.2576 0.7388
vn -0.7437 0.1535 0.6506
vn -0.7729 -0.0000 0.6345
vn -0.7045 -0.7097 -0.0002
vn -0.7049 -0.7093 0.0016
vn -0.0001 -1.0000 0.0006
vn -0.7444 -0.1536 -0.6498
vn -0.7444 0.1536 -0.6499
vn -0.7733 -0.0000 -0.6341
vn -1.0000 0.0002 -0.0000
vn -0.6232 -0.2580 -0.7382
vn -0.7044 0.7098 -0.0000
vn -0.7049 0.7093 0.0015
vn 0.7223 0.1459 -0.6760
vn 0.7224 -0.1459 -0.6759
vn 0.7448 -0.0000 -0.6673
vn 0.6036 0.2500 -0.7571
vn -0.0001 1.0000 0.0006
vn 0.3404 0.6952 -0.6331
vn 0.3782 0.7062 -0.5985
vn 0.2795 0.6741 -0.6837
vn 0.3405 0.6951 0.6332
vn 0.3783 0.7062 0.5985
vn 0.4127 0.7148 0.5647
vn -0.3400 0.7038 0.6238
vn -0.3830 0.7171 0.5823
vn -0.2751 0.6798 0.6799
vn -0.7438 -0.1535 0.6505
vn -0.6228 -0.2577 0.7387
vn -0.3832 -0.7172 0.5820
vn -0.3401 -0.7040 0.6235
vn -0.2754 -0.6801 0.6795
vn 0.3405 -0.6955 0.6328
vn 0.3785 -0.7066 0.5979
vn 0.2797 -0.6744 0.6834
vn 0.7217 0.1458 0.6767
vn 0.6031 0.2496 0.7576
vn 0.7443 -0.0000 0.6678
vn 0.6037 -0.2500 -0.7570
vn 0.3783 -0.7065 -0.5981
vn 0.3402 -0.6954 -0.6330
vn 0.2790 -0.6742 -0.6838
vn -0.3398 -0.7040 -0.6236
vn -0.3830 -0.7173 -0.5821
vn -0.2745 -0.6799 -0.6800
vn -0.6231 0.2581 -0.7383
vn -0.3400 0.7038 -0.6238
vn -0.3829 0.7170 -0.5825
vn -0.4194 0.7264 -0.5445
vn 0.6033 -0.2496 0.7575
vn 0.7218 -0.1458 0.6766
vn 0.9982 -0.0530 -0.0269
vn -0.4259 0.1626 -0.8901
vn -0.6297 -0.3484 0.6943
vn -0.1734 -0.9592 -0.2232
vn -0.4331 0.8047 0.4062
vn -0.4269 0.9043 -0.0000
vn -0.9310 -0.3555 -0.0822
vn 0.6135 -0.0000 -0.7897
vn 0.6297 -0.3484 0.6943
vn 0.2541 -0.9417 -0.2206
vn 0.4331 0.8047 0.4062
vn 0.4269 0.9043 -0.0000
vn 0.9982 0.0530 0.0269
vn -0.6298 0.3484 -0.6943
vn -0.1734 0.9592 0.2232
vn -0.4331 -0.8047 -0.4062
vn -0.4269 -0.9043 -0.0000
vn -0.9310 0.3555 0.0822
vn 0.6298 0.3484 -0.6943
vn 0.2541 0.9417 0.2206
vn 0.4331 -0.8047 -0.4062
vn 0.4269 -0.9043 -0.0000
vn 0.7072 -0.0000 0.7071
vn -0.0001 -1.0000 -0.0000
vn 0.0001 -1.0000 -0.0000
vn 0.0005 -0.0000 1.0000
vn -0.7071 -0.0000 -0.7072
vn -0.1950 -0.0000 -0.9808
vn -0.7072 -0.0000 -0.7070
vn 0.7072 -0.0000 -0.7070
vn 0.7071 -0.0000 -0.7072
vn 0.1950 -0.0000 -0.9808
vn -0.0000 -0.9808 0.1951
vn -0.0000 -0.7071 0.7071
vn -0.0000 0.7071 0.7071
vn -0.0000 0.1951 0.9808
vn -0.0000 0.9808 0.1951
vn 0.8683 -0.4583 0.1899
vn -0.0000 -0.9239 0.3827
vn 0.6303 -0.5490 0.5490
vn -0.0000 -0.1951 0.9808
vn 0.0003 -0.0000 -1.0000
vn 0.0001 1.0000 -0.0001
vn -0.0001 1.0000 -0.0001
vn -0.0000 1.0000 0.0001
vn 0.0001 -1.0000 0.0001
vn -0.0001 -1.0000 0.0001
vn -0.0000 -1.0000 -0.0000
vn -0.0003 -0.0000 -1.0000
vn 0.1951 -0.0000 0.9808
vn -0.1951 -0.0000 0.9808
vn -0.4798 -0.7345 0.4798
vn -0.0000 -0.7345 0.6786
vn -0.6786 -0.7345 -0.0000
vn -0.4798 -0.7345 -0.4798
vn -0.0000 -0.7345 -0.6786
vn 0.4798 -0.7345 -0.4798
vn 0.6786 -0.7345 -0.0000
vn 0.4798 -0.7345 0.4798
vn 0.0001 0.1951 -0.9808
vn -0.0000 1.0000 -0.0000
vn 0.4798 0.7345 -0.4798
vn -0.0001 0.7346 -0.6785
vn 0.6786 0.7345 -0.0000
vn 0.4797 0.7346 0.4798
vn -0.0001 0.7344 0.6787
vn -0.4798 0.7345 0.4798
vn -0.6786 0.7345 -0.0000
vn -0.4800 0.7344 -0.4798
vn -0.0000 -0.0000 1.0000
vn -0.0001 1.0000 -0.0000
vn -0.4798 -0.7345 0.4799
vn -0.4799 -0.7345 -0.4798
vn 0.0001 0.7346 0.6785
vn -0.4798 0.7345 0.4799
vn -0.4797 0.7346 -0.4798
vn 0.0001 0.7344 -0.6787
vn 0.4800 0.7344 0.4798
vn 0.4799 0.7345 -0.4798
vn 0.0001 1.0000 -0.0000
vn -0.0000 1.0000 -0.0002
vn -0.0001 0.0001 1.0000
vn -0.0000 0.0002 1.0000
vn -0.0000 -0.0002 1.0000
vn -0.0001 -0.0001 1.0000
vn -0.0005 1.0000 -0.0000
vn -0.0000 1.0000 0.0005
vn 0.0005 1.0000 -0.0000
vn -0.0005 -1.0000 -0.0000
vn -0.0000 -1.0000 -0.0005
vn 0.0005 -1.0000 -0.0000
vn 0.0001 -0.0001 1.0000
vn 0.0001 0.0001 1.0000
vn -0.0001 -0.0000 -1.0000
vn -0.0001 0.0002 1.0000
vn -0.0000 0.0003 1.0000
vn -0.0000 -0.0003 1.0000
vn -0.0001 -0.0002 1.0000
vn -0.0000 1.0000 0.0011
vn 0.4127 0.7148 -0.5645
vn 0.2797 0.6740 0.6837
vn -0.4194 0.7264 0.5444
vn -0.4195 -0.7266 0.5441
vn 0.4129 -0.7152 0.5640
vn 0.4129 -0.7151 -0.5640
vn -0.4196 -0.7267 -0.5440
vn -0.2750 0.6798 -0.6799
vn 0.9390 -0.3350 -0.0785
vn 0.9342 -0.3567 -0.0000
vn -0.6135 -0.0000 -0.7897
vn -0.4348 -0.2616 0.8617
vn -0.2541 -0.9417 -0.2206
vn -0.4108 0.8131 0.4125
vn -0.9390 -0.3350 -0.0785
vn 0.4259 0.1626 -0.8901
vn 0.4348 -0.2616 0.8617
vn 0.1734 -0.9592 -0.2232
vn 0.4108 0.8131 0.4125
vn 0.9390 0.3350 0.0785
vn 0.9342 0.3567 -0.0000
vn -0.4348 0.2616 -0.8617
vn -0.2541 0.9417 0.2206
vn -0.4108 -0.8131 -0.4125
vn -0.9390 0.3350 0.0785
vn 0.4348 0.2616 -0.8617
vn 0.1734 0.9592 0.2232
vn 0.4108 -0.8131 -0.4125
vn -0.0000 1.0000 0.0006
vn -0.7072 -0.0000 0.7071
vn -0.0000 -1.0000 -0.0004
vn 0.0001 -0.0002 1.0000
vn 0.0001 0.0002 1.0000
vn -0.0000 0.0001 -1.0000
vn -0.0000 0.0002 -1.0000
vn -0.0000 -0.0002 -1.0000
vn -0.0000 -0.0001 -1.0000
vn -0.0000 1.0000 -0.0006
vn -0.0000 1.0000 0.0003
vn -0.0000 -1.0000 0.0005
vn -0.0002 1.0000 -0.0000
vn 0.0002 1.0000 -0.0000
vt 0.043572 0.295928
vt 0.041319 0.250715
vt 0.043565 0.250715
vt 0.045822 0.295553
vt 0.045810 0.250714
vt 0.030086 0.295180
vt 0.027848 0.250714
vt 0.030093 0.250715
vt 0.032332 0.295026
vt 0.032339 0.250715
vt 0.034584 0.250715
vt 0.036829 0.250715
vt 0.034578 0.295181
vt 0.039074 0.250715
vt 0.036829 0.295555
vt 0.039080 0.295929
vt 0.281984 0.045825
vt 0.281251 0.046050
vt 0.281251 0.045825
vt 0.281984 0.046050
vt 0.281251 0.046274
vt 0.274650 0.052003
vt 0.275384 0.051779
vt 0.275384 0.052003
vt 0.274650 0.051779
vt 0.275384 0.051554
vt 0.275384 0.045825
vt 0.274650 0.046050
vt 0.274650 0.045825
vt 0.275384 0.046050
vt 0.274650 0.046274
vt 0.281251 0.052003
vt 0.281984 0.051779
vt 0.281984 0.052003
vt 0.281251 0.051779
vt 0.281984 0.051554
vt 0.116910 0.247327
vt 0.113976 0.246887
vt 0.119843 0.246887
vt 0.274650 0.051554
vt 0.281251 0.051554
vt 0.281898 0.061598
vt 0.274736 0.061598
vt 0.280957 0.060951
vt 0.112794 0.012488
vt 0.106927 0.012263
vt 0.112794 0.012263
vt 0.119843 0.246663
vt 0.114062 0.236844
vt 0.119550 0.236758
vt 0.119843 0.237051
vt 0.112794 0.012039
vt 0.274736 0.036231
vt 0.281898 0.036231
vt 0.275677 0.036878
vt 0.109860 0.012928
vt 0.106927 0.012488
vt 0.107013 0.002444
vt 0.112500 0.002359
vt 0.112794 0.002652
vt 0.113976 0.246438
vt 0.119843 0.246438
vt 0.084595 0.272588
vt 0.078728 0.272812
vt 0.078728 0.272588
vt 0.084595 0.272812
vt 0.078728 0.273037
vt 0.084595 0.266858
vt 0.078728 0.267083
vt 0.078728 0.266858
vt 0.084595 0.267083
vt 0.078728 0.267307
vt 0.084595 0.267307
vt 0.084509 0.281898
vt 0.079022 0.281984
vt 0.078728 0.281691
vt 0.078814 0.257997
vt 0.084302 0.257911
vt 0.084595 0.258205
vt 0.020841 0.144517
vt 0.019253 0.140684
vt 0.023086 0.139096
vt 0.107222 0.215907
vt 0.107956 0.215682
vt 0.107956 0.215907
vt 0.114556 0.209953
vt 0.113823 0.210177
vt 0.113823 0.209953
vt 0.107956 0.209953
vt 0.107222 0.210177
vt 0.107222 0.209953
vt 0.107956 0.209728
vt 0.107222 0.209728
vt 0.113823 0.215907
vt 0.114556 0.215682
vt 0.114556 0.215907
vt 0.113823 0.215682
vt 0.114556 0.215458
vt 0.107222 0.215682
vt 0.107956 0.215458
vt 0.109860 0.093999
vt 0.106927 0.093558
vt 0.112794 0.093558
vt 0.114556 0.209728
vt 0.113823 0.209728
vt 0.114556 0.210177
vt 0.326763 0.053572
vt 0.324605 0.055070
vt 0.324620 0.053290
vt 0.326701 0.055234
vt 0.324547 0.057092
vt 0.326645 0.058768
vt 0.324465 0.058868
vt 0.322317 0.054715
vt 0.322422 0.052697
vt 0.322213 0.057042
vt 0.322156 0.059114
vt 0.340140 0.053576
vt 0.338017 0.054934
vt 0.338003 0.053043
vt 0.340159 0.055183
vt 0.338025 0.057090
vt 0.340252 0.058690
vt 0.338011 0.058986
vt 0.335673 0.054787
vt 0.335720 0.052771
vt 0.335662 0.057108
vt 0.335687 0.059129
vt 0.333389 0.052859
vt 0.333273 0.054843
vt 0.333253 0.057119
vt 0.333337 0.059100
vt 0.331104 0.053189
vt 0.330948 0.055034
vt 0.330918 0.057129
vt 0.331024 0.058959
vt 0.328907 0.053504
vt 0.328771 0.055204
vt 0.328732 0.057129
vt 0.328800 0.058815
vt 0.326658 0.057117
vt 0.326592 0.011412
vt 0.328849 0.013316
vt 0.326509 0.013271
vt 0.326443 0.015405
vt 0.328779 0.015593
vt 0.326410 0.017286
vt 0.324404 0.011625
vt 0.324348 0.013245
vt 0.324299 0.015110
vt 0.324263 0.016739
vt 0.339694 0.011839
vt 0.341855 0.013518
vt 0.339636 0.013523
vt 0.339610 0.015458
vt 0.341834 0.015733
vt 0.339622 0.017178
vt 0.337626 0.011922
vt 0.337611 0.013506
vt 0.337573 0.015316
vt 0.337519 0.016919
vt 0.335614 0.013472
vt 0.335574 0.011844
vt 0.335560 0.015330
vt 0.335421 0.016975
vt 0.333502 0.013425
vt 0.333442 0.011653
vt 0.333439 0.015457
vt 0.333268 0.017251
vt 0.331225 0.013370
vt 0.331197 0.011446
vt 0.331158 0.015590
vt 0.331014 0.017533
vt 0.328885 0.011344
vt 0.328693 0.017581
vt 0.341798 0.017711
vt 0.326770 0.002025
vt 0.331118 0.002055
vt 0.333285 0.002046
vt 0.335445 0.002028
vt 0.337599 0.002017
vt 0.339752 0.002021
vt 0.341871 0.011598
vt 0.324600 0.001988
vt 0.401839 0.607477
vt 0.397439 0.563475
vt 0.401839 0.563475
vt 0.393038 0.607477
vt 0.393038 0.563475
vt 0.388638 0.563475
vt 0.388638 0.607477
vt 0.384238 0.563475
vt 0.410639 0.607477
vt 0.406239 0.563475
vt 0.410639 0.563475
vt 0.406239 0.607477
vt 0.328210 0.126771
vt 0.011165 0.041646
vt 0.015854 0.039428
vt 0.015855 0.041646
vt 0.330470 0.126712
vt 0.332759 0.126653
vt 0.015854 0.043891
vt 0.335049 0.126594
vt 0.011165 0.046136
vt 0.015854 0.046137
vt 0.337309 0.126537
vt 0.015855 0.048354
vt 0.406262 0.609713
vt 0.408440 0.609158
vt 0.339617 0.126479
vt 0.015858 0.050619
vt 0.011165 0.048382
vt 0.408439 0.561791
vt 0.341906 0.126423
vt 0.011173 0.052872
vt 0.015862 0.052865
vt 0.015862 0.059922
vt 0.013688 0.059392
vt 0.015862 0.057675
vt 0.325902 0.126832
vt 0.323611 0.126893
vt 0.011169 0.037156
vt 0.015862 0.034919
vt 0.015858 0.037163
vt 0.395238 0.561739
vt 0.397407 0.561159
vt 0.011165 0.039401
vt 0.398923 0.561698
vt 0.401133 0.561515
vt 0.398924 0.609251
vt 0.397439 0.607477
vt 0.404841 0.609222
vt 0.402585 0.609417
vt 0.011916 0.063446
vt 0.011916 0.061210
vt 0.014099 0.061744
vt 0.385636 0.609222
vt 0.387893 0.609416
vt 0.391552 0.609250
vt 0.389341 0.609431
vt 0.397409 0.609791
vt 0.395238 0.609210
vt 0.393068 0.561159
vt 0.391553 0.561699
vt 0.389343 0.561517
vt 0.385635 0.561727
vt 0.387892 0.561533
vt 0.406264 0.561237
vt 0.404843 0.561726
vt 0.393066 0.609791
vt 0.058068 0.143272
vt 0.065209 0.155123
vt 0.065126 0.168051
vt 0.057709 0.143141
vt 0.056990 0.143698
vt 0.056557 0.142772
vt 0.063320 0.167818
vt 0.056990 0.157025
vt 0.063604 0.168309
vt 0.062616 0.168171
vt 0.057709 0.143698
vt 0.056089 0.157386
vt 0.056026 0.157139
vt 0.056026 0.143356
vt 0.056109 0.094030
vt 0.062080 0.068720
vt 0.063167 0.069252
vt 0.063527 0.069120
vt 0.064245 0.069677
vt 0.063527 0.069677
vt 0.058619 0.094150
vt 0.057915 0.093797
vt 0.057631 0.094288
vt 0.057395 0.094024
vt 0.065146 0.083365
vt 0.064245 0.083004
vt 0.065209 0.083118
vt 0.016696 0.175418
vt 0.015487 0.161636
vt 0.021240 0.150058
vt 0.022760 0.151061
vt 0.023706 0.163537
vt 0.017852 0.175510
vt 0.022721 0.150495
vt 0.023547 0.151052
vt 0.017207 0.175194
vt 0.024674 0.163609
vt 0.024622 0.163858
vt 0.018568 0.176240
vt 0.110565 0.167682
vt 0.116318 0.193042
vt 0.115109 0.193042
vt 0.113953 0.193134
vt 0.108258 0.168676
vt 0.109045 0.168685
vt 0.109084 0.168119
vt 0.109412 0.168252
vt 0.107132 0.181233
vt 0.108100 0.181162
vt 0.107184 0.181482
vt 0.107956 0.210177
vt 0.107308 0.200134
vt 0.114470 0.200134
vt 0.108249 0.200781
vt 0.185052 0.327958
vt 0.179185 0.327733
vt 0.185052 0.327733
vt 0.112794 0.093334
vt 0.107013 0.083515
vt 0.112500 0.083429
vt 0.112794 0.083722
vt 0.185052 0.327509
vt 0.114470 0.225501
vt 0.107308 0.225501
vt 0.113529 0.224854
vt 0.182119 0.328398
vt 0.179185 0.327958
vt 0.179271 0.317914
vt 0.184759 0.317828
vt 0.185052 0.318122
vt 0.106927 0.093109
vt 0.112794 0.093109
vt 0.089882 0.300786
vt 0.084015 0.301011
vt 0.084015 0.300786
vt 0.089882 0.301011
vt 0.084015 0.301235
vt 0.089882 0.295057
vt 0.084015 0.295281
vt 0.084015 0.295057
vt 0.089882 0.295281
vt 0.084015 0.295506
vt 0.089882 0.295506
vt 0.089796 0.310097
vt 0.084309 0.310183
vt 0.084015 0.309889
vt 0.084101 0.286196
vt 0.089589 0.286110
vt 0.089882 0.286403
vt 0.313707 0.010577
vt 0.312974 0.010802
vt 0.312974 0.010577
vt 0.306374 0.016531
vt 0.307107 0.016306
vt 0.307107 0.016531
vt 0.312974 0.016531
vt 0.313707 0.016306
vt 0.313707 0.016531
vt 0.312974 0.016755
vt 0.313707 0.016755
vt 0.307107 0.010577
vt 0.306374 0.010802
vt 0.306374 0.010577
vt 0.307107 0.010802
vt 0.306374 0.011026
vt 0.313707 0.010802
vt 0.312974 0.011026
vt 0.004116 0.236167
vt 0.007050 0.236607
vt 0.001183 0.236607
vt 0.306374 0.016756
vt 0.307107 0.016756
vt 0.306374 0.016306
vt 0.312974 0.016306
vt 0.313621 0.026350
vt 0.306460 0.026350
vt 0.312681 0.025703
vt 0.001183 0.254231
vt 0.007050 0.254455
vt 0.001183 0.254455
vt 0.001183 0.236831
vt 0.006964 0.246650
vt 0.001476 0.246736
vt 0.001183 0.246443
vt 0.001183 0.254680
vt 0.306460 0.000983
vt 0.313621 0.000983
vt 0.307400 0.001630
vt 0.004116 0.252072
vt 0.007050 0.254231
vt 0.006964 0.264274
vt 0.001476 0.264360
vt 0.001183 0.264067
vt 0.007050 0.237056
vt 0.001183 0.237056
vt 0.307840 0.068156
vt 0.313707 0.067932
vt 0.313707 0.068156
vt 0.307840 0.067932
vt 0.313707 0.067707
vt 0.307840 0.073886
vt 0.313707 0.073661
vt 0.313707 0.073886
vt 0.307840 0.073661
vt 0.313707 0.073437
vt 0.307840 0.073437
vt 0.307926 0.058846
vt 0.313414 0.058760
vt 0.313707 0.059053
vt 0.313621 0.082747
vt 0.308134 0.082833
vt 0.307840 0.082540
vt 0.721604 0.558651
vt 0.718671 0.545450
vt 0.721604 0.545450
vt 0.204438 0.250461
vt 0.191238 0.256330
vt 0.191238 0.250461
vt 0.693523 0.558651
vt 0.690590 0.545450
vt 0.693523 0.545450
vt 0.248734 0.220376
vt 0.250966 0.219943
vt 0.250964 0.220377
vt 0.246629 0.219917
vt 0.248745 0.219950
vt 0.264360 0.220346
vt 0.262111 0.219943
vt 0.264225 0.219911
vt 0.259890 0.220371
vt 0.262119 0.220369
vt 0.257658 0.220369
vt 0.259890 0.219937
vt 0.255423 0.219940
vt 0.257659 0.219930
vt 0.255425 0.220374
vt 0.253194 0.219940
vt 0.253194 0.220376
vt 0.259219 0.216094
vt 0.253827 0.218369
vt 0.699497 0.591044
vt 0.712698 0.591605
vt 0.699497 0.591605
vt 0.712698 0.592167
vt 0.699497 0.592167
vt 0.699497 0.559040
vt 0.712697 0.558479
vt 0.712697 0.559040
vt 0.699497 0.558479
vt 0.712697 0.557918
vt 0.709765 0.582032
vt 0.709031 0.581470
vt 0.709765 0.581470
vt 0.709031 0.580909
vt 0.709765 0.580909
vt 0.702429 0.568053
vt 0.703163 0.568614
vt 0.702429 0.568614
vt 0.703163 0.569175
vt 0.702429 0.569175
vt 0.702429 0.582032
vt 0.703163 0.581470
vt 0.703163 0.582032
vt 0.702429 0.581470
vt 0.703163 0.580909
vt 0.709765 0.568053
vt 0.709031 0.568614
vt 0.709031 0.568053
vt 0.709765 0.568614
vt 0.709031 0.569175
vt 0.703163 0.585804
vt 0.709031 0.585804
vt 0.712912 0.545665
vt 0.699497 0.546184
vt 0.712697 0.546184
vt 0.709031 0.564280
vt 0.703163 0.564280
vt 0.699497 0.557918
vt 0.698763 0.558651
vt 0.191971 0.260835
vt 0.191238 0.260102
vt 0.204438 0.256330
vt 0.203705 0.245956
vt 0.204438 0.246689
vt 0.702429 0.580909
vt 0.686085 0.546184
vt 0.686818 0.545450
vt 0.690590 0.558651
vt 0.726109 0.557918
vt 0.725376 0.558651
vt 0.257656 0.329037
vt 0.259885 0.329471
vt 0.257654 0.329474
vt 0.255424 0.329471
vt 0.255425 0.329036
vt 0.253196 0.329468
vt 0.253194 0.329034
vt 0.250966 0.329466
vt 0.250964 0.329032
vt 0.248734 0.329033
vt 0.246629 0.329492
vt 0.246494 0.329057
vt 0.262117 0.329038
vt 0.264222 0.329496
vt 0.262106 0.329463
vt 0.259887 0.329036
vt 0.248745 0.329459
vt 0.257646 0.334856
vt 0.253843 0.333274
vt 0.246494 0.220353
vt 0.708215 0.596590
vt 0.711147 0.609791
vt 0.708215 0.609791
vt 0.318994 0.320957
vt 0.305794 0.326826
vt 0.305794 0.320957
vt 0.736295 0.596590
vt 0.739228 0.609791
vt 0.736295 0.609791
vt 0.201733 0.268123
vt 0.199504 0.267685
vt 0.201734 0.267688
vt 0.197273 0.268124
vt 0.199503 0.268122
vt 0.195043 0.267692
vt 0.197273 0.267688
vt 0.192814 0.268127
vt 0.195043 0.268127
vt 0.190593 0.267702
vt 0.192813 0.267693
vt 0.188346 0.268103
vt 0.190585 0.268127
vt 0.203962 0.268122
vt 0.206066 0.267664
vt 0.206201 0.268099
vt 0.203951 0.267697
vt 0.193460 0.263889
vt 0.197263 0.262305
vt 0.717121 0.564197
vt 0.730322 0.563636
vt 0.730322 0.564197
vt 0.717121 0.563636
vt 0.730322 0.563075
vt 0.730321 0.596201
vt 0.717121 0.596762
vt 0.717121 0.596201
vt 0.730321 0.597323
vt 0.717121 0.597323
vt 0.720053 0.573209
vt 0.720787 0.573771
vt 0.720053 0.573771
vt 0.720787 0.574332
vt 0.720053 0.574332
vt 0.727389 0.587188
vt 0.726655 0.586627
vt 0.727389 0.586627
vt 0.726655 0.586066
vt 0.727389 0.586066
vt 0.727389 0.573209
vt 0.726655 0.573771
vt 0.726655 0.573209
vt 0.727389 0.573771
vt 0.726655 0.574332
vt 0.720053 0.587188
vt 0.720787 0.586627
vt 0.720787 0.587188
vt 0.720053 0.586627
vt 0.720787 0.586066
vt 0.726655 0.569437
vt 0.720787 0.569437
vt 0.716906 0.609576
vt 0.730321 0.609057
vt 0.717121 0.609057
vt 0.720787 0.590961
vt 0.726655 0.590961
vt 0.731055 0.596590
vt 0.306527 0.331331
vt 0.305794 0.330598
vt 0.318994 0.326826
vt 0.318261 0.316452
vt 0.318994 0.317185
vt 0.727389 0.574332
vt 0.743733 0.609057
vt 0.743000 0.609791
vt 0.739228 0.596590
vt 0.703709 0.597323
vt 0.704442 0.596590
vt 0.190586 0.357241
vt 0.192815 0.357235
vt 0.195045 0.357231
vt 0.197274 0.357228
vt 0.199504 0.357226
vt 0.201733 0.357225
vt 0.192813 0.357669
vt 0.190592 0.357668
vt 0.188346 0.357264
vt 0.188481 0.357700
vt 0.206200 0.357250
vt 0.203956 0.357652
vt 0.203961 0.357227
vt 0.201736 0.357659
vt 0.197275 0.357663
vt 0.195043 0.357666
vt 0.199507 0.357662
vt 0.198859 0.361471
vt 0.195051 0.363055
vt 0.041326 0.296083
vt 0.027835 0.295553
vt 0.281984 0.046274
vt 0.275384 0.046274
vt 0.114835 0.248187
vt 0.113976 0.250261
vt 0.119843 0.250261
vt 0.118984 0.248187
vt 0.281251 0.060657
vt 0.281984 0.061391
vt 0.281691 0.061684
vt 0.278317 0.061684
vt 0.274944 0.061684
vt 0.274650 0.061391
vt 0.275384 0.060657
vt 0.281165 0.060865
vt 0.275470 0.060865
vt 0.275677 0.060951
vt 0.113976 0.246663
vt 0.113976 0.237051
vt 0.114270 0.236758
vt 0.119757 0.236844
vt 0.106927 0.012039
vt 0.275384 0.037171
vt 0.274650 0.036438
vt 0.274944 0.036145
vt 0.278317 0.036144
vt 0.281691 0.036145
vt 0.281984 0.036438
vt 0.281251 0.037171
vt 0.275470 0.036964
vt 0.281165 0.036964
vt 0.280957 0.036878
vt 0.107786 0.013787
vt 0.106927 0.015862
vt 0.112794 0.015862
vt 0.111934 0.013787
vt 0.106927 0.002652
vt 0.107220 0.002359
vt 0.112708 0.002444
vt 0.084595 0.273037
vt 0.084595 0.281691
vt 0.084302 0.281984
vt 0.078814 0.281898
vt 0.078728 0.258205
vt 0.079022 0.257911
vt 0.084509 0.257997
vt 0.024674 0.140684
vt 0.024674 0.142929
vt 0.023086 0.144517
vt 0.019253 0.142929
vt 0.020841 0.139096
vt 0.113823 0.215458
vt 0.107222 0.215458
vt 0.107786 0.094858
vt 0.106927 0.096932
vt 0.112794 0.096932
vt 0.111934 0.094858
vt 0.340205 0.057044
vt 0.328945 0.002046
vt 0.341906 0.002031
vt 0.384238 0.607477
vt 0.011165 0.043891
vt 0.011169 0.050627
vt 0.011173 0.034910
vt 0.401135 0.609432
vt 0.402586 0.561531
vt 0.063840 0.168045
vt 0.059155 0.142741
vt 0.062667 0.169190
vt 0.061925 0.168922
vt 0.056026 0.081102
vt 0.064679 0.068751
vt 0.058568 0.095170
vt 0.059310 0.094901
vt 0.065209 0.069335
vt 0.022393 0.150628
vt 0.015487 0.175418
vt 0.023950 0.150114
vt 0.024498 0.150682
vt 0.116318 0.179260
vt 0.114599 0.192818
vt 0.107856 0.167738
vt 0.107307 0.168306
vt 0.113238 0.193864
vt 0.107956 0.201074
vt 0.107222 0.200341
vt 0.107516 0.200048
vt 0.110889 0.200048
vt 0.114263 0.200048
vt 0.114556 0.200341
vt 0.113823 0.201074
vt 0.108042 0.200867
vt 0.113737 0.200867
vt 0.113529 0.200781
vt 0.106927 0.093334
vt 0.106927 0.083722
vt 0.107220 0.083429
vt 0.112708 0.083515
vt 0.179185 0.327509
vt 0.113823 0.224561
vt 0.114556 0.225294
vt 0.114263 0.225587
vt 0.110889 0.225587
vt 0.107516 0.225587
vt 0.107222 0.225294
vt 0.107956 0.224561
vt 0.113737 0.224768
vt 0.108042 0.224768
vt 0.108249 0.224854
vt 0.180044 0.329257
vt 0.179185 0.331331
vt 0.185052 0.331331
vt 0.184193 0.329257
vt 0.179185 0.318122
vt 0.179478 0.317828
vt 0.184966 0.317914
vt 0.089882 0.301235
vt 0.089882 0.309889
vt 0.089589 0.310183
vt 0.084101 0.310097
vt 0.084015 0.286403
vt 0.084309 0.286110
vt 0.089796 0.286196
vt 0.307107 0.011026
vt 0.313707 0.011026
vt 0.006190 0.235307
vt 0.007050 0.233233
vt 0.001183 0.233233
vt 0.002042 0.235307
vt 0.312974 0.025409
vt 0.313707 0.026143
vt 0.313414 0.026436
vt 0.310040 0.026436
vt 0.306667 0.026436
vt 0.306374 0.026143
vt 0.307107 0.025409
vt 0.312888 0.025617
vt 0.307193 0.025617
vt 0.307400 0.025703
vt 0.007050 0.236831
vt 0.007050 0.246443
vt 0.006756 0.246736
vt 0.001269 0.246650
vt 0.007050 0.254680
vt 0.307107 0.001923
vt 0.306374 0.001190
vt 0.306667 0.000897
vt 0.310040 0.000897
vt 0.313414 0.000897
vt 0.313707 0.001190
vt 0.312974 0.001923
vt 0.307193 0.001716
vt 0.312888 0.001716
vt 0.312681 0.001630
vt 0.006190 0.252931
vt 0.007050 0.250857
vt 0.001183 0.250857
vt 0.002042 0.252931
vt 0.007050 0.264067
vt 0.006756 0.264360
vt 0.001268 0.264274
vt 0.307840 0.067707
vt 0.307840 0.059053
vt 0.308134 0.058760
vt 0.313621 0.058846
vt 0.313707 0.082540
vt 0.313414 0.082833
vt 0.307926 0.082747
vt 0.718671 0.558651
vt 0.253813 0.216129
vt 0.255386 0.214535
vt 0.257626 0.214521
vt 0.259234 0.218331
vt 0.712698 0.591044
vt 0.709031 0.582032
vt 0.703163 0.568053
vt 0.709765 0.569175
vt 0.712698 0.585804
vt 0.699497 0.585804
vt 0.702430 0.585804
vt 0.709765 0.585804
vt 0.713431 0.558651
vt 0.712912 0.558436
vt 0.713431 0.545450
vt 0.712697 0.564280
vt 0.709765 0.564280
vt 0.702429 0.564280
vt 0.699497 0.564280
vt 0.698763 0.545450
vt 0.699282 0.545665
vt 0.699282 0.558436
vt 0.204438 0.260102
vt 0.204224 0.260621
vt 0.203705 0.260835
vt 0.191453 0.260621
vt 0.191238 0.246689
vt 0.191453 0.246171
vt 0.191971 0.245956
vt 0.204224 0.246171
vt 0.686818 0.558651
vt 0.686300 0.558436
vt 0.686085 0.557918
vt 0.686300 0.545665
vt 0.725376 0.545450
vt 0.725894 0.545665
vt 0.726109 0.546184
vt 0.725894 0.558436
vt 0.264357 0.329061
vt 0.259228 0.331053
vt 0.259225 0.333282
vt 0.255417 0.334853
vt 0.253846 0.331045
vt 0.711147 0.596590
vt 0.188481 0.267668
vt 0.198843 0.263879
vt 0.198847 0.266109
vt 0.193464 0.266118
vt 0.195034 0.262309
vt 0.717121 0.563074
vt 0.730321 0.596762
vt 0.720787 0.573209
vt 0.726655 0.587188
vt 0.720053 0.586066
vt 0.717121 0.569437
vt 0.730322 0.569437
vt 0.727389 0.569437
vt 0.720054 0.569437
vt 0.716387 0.596590
vt 0.716906 0.596805
vt 0.716387 0.609791
vt 0.717121 0.590961
vt 0.720053 0.590961
vt 0.727389 0.590961
vt 0.730321 0.590961
vt 0.731055 0.609791
vt 0.730536 0.609576
vt 0.730536 0.596805
vt 0.318994 0.330598
vt 0.318780 0.331117
vt 0.318261 0.331331
vt 0.306009 0.331117
vt 0.305794 0.317185
vt 0.306009 0.316667
vt 0.306527 0.316452
vt 0.318780 0.316667
vt 0.743000 0.596590
vt 0.743518 0.596805
vt 0.743733 0.597323
vt 0.743518 0.609576
vt 0.704442 0.609791
vt 0.703924 0.609576
vt 0.703709 0.609057
vt 0.703924 0.596805
vt 0.206066 0.357685
vt 0.193471 0.361479
vt 0.193467 0.359247
vt 0.198855 0.359239
vt 0.197283 0.363051
s 1
usemtl Bogie
f 14/1/1 1/2/2 7/3/3
f 13/4/4 7/3/3 6/5/5
f 12/6/6 6/7/5 5/8/7
f 16/9/8 5/8/7 8/10/9
f 4/11/10 16/9/8 8/10/9
f 3/12/11 11/13/12 4/11/10
f 2/14/13 10/15/14 3/12/11
f 1/2/2 9/16/15 2/14/13
f 27/17/16 25/18/17 23/19/16
f 28/20/17 24/21/18 25/18/17
f 18/22/19 34/23/20 32/24/19
f 19/25/20 33/26/21 34/23/20
f 36/27/16 22/28/17 20/29/16
f 37/30/17 21/31/18 22/28/17
f 39/32/19 31/33/20 29/34/19
f 40/35/20 30/36/21 31/33/20
f 6/37/22 51/38/23 48/39/24
f 21/31/18 33/26/21 17/40/21
f 24/21/18 30/36/21 38/41/21
f 52/42/25 43/43/26 59/44/2
f 42/45/27 46/46/28 43/47/28
f 51/38/23 49/48/29 48/39/24
f 31/49/5 26/50/5 27/51/5
f 46/46/28 41/52/30 43/47/28
f 46/53/31 49/54/32 53/55/33
f 3/56/34 45/57/35 42/45/27
f 22/58/11 17/59/11 18/60/11
f 49/48/29 50/61/36 47/62/36
f 63/63/37 55/64/38 53/65/37
f 64/66/38 54/67/39 55/64/38
f 60/68/40 58/69/41 56/70/40
f 61/71/41 57/72/42 58/69/41
f 53/65/37 59/73/42 63/63/37
f 34/74/5 35/75/5 36/76/5
f 25/77/11 38/78/11 39/79/11
f 257/80/43 66/81/44 262/82/43
f 217/83/16 215/84/17 213/85/16
f 209/86/20 223/87/21 224/88/20
f 230/89/20 220/90/21 221/91/20
f 229/92/19 221/91/20 219/93/19
f 226/94/45 212/95/17 210/96/46
f 227/97/47 211/98/18 212/95/17
f 218/99/17 214/100/18 215/84/17
f 71/101/48 241/102/23 238/103/24
f 67/104/19 224/88/20 222/105/19
f 211/98/18 223/87/21 68/106/21
f 101/107/49 100/108/50 98/109/51
f 103/110/52 99/111/53 100/108/50
f 99/111/53 102/112/54 97/113/55
f 98/109/51 96/114/56 94/115/57
f 100/108/50 95/116/58 96/114/56
f 95/116/58 97/113/55 93/117/59
f 94/118/57 92/119/60 90/120/61
f 96/121/56 91/122/62 92/119/60
f 91/122/62 93/123/59 89/124/63
f 90/120/61 108/125/64 106/126/65
f 92/119/60 107/127/66 108/125/64
f 107/127/66 89/124/63 105/128/67
f 86/129/68 108/125/64 88/130/69
f 88/130/69 107/127/66 87/131/70
f 107/127/66 85/132/71 87/131/70
f 82/133/72 88/130/69 84/134/73
f 84/134/73 87/131/70 83/135/74
f 87/131/70 81/136/75 83/135/74
f 78/137/76 84/134/73 80/138/77
f 80/138/77 83/135/74 79/139/78
f 83/135/74 77/140/79 79/139/78
f 101/107/49 80/138/77 103/110/52
f 103/110/52 79/139/78 104/141/80
f 79/139/78 102/112/54 104/141/80
f 134/142/81 111/143/82 136/144/83
f 111/143/82 135/145/84 136/144/83
f 112/146/85 133/147/86 135/145/84
f 130/148/87 136/144/83 132/149/88
f 136/144/83 131/150/89 132/149/88
f 135/145/84 129/151/90 131/150/89
f 126/152/91 132/153/88 128/154/92
f 132/153/88 127/155/93 128/154/92
f 131/156/89 125/157/94 127/155/93
f 138/158/95 128/154/92 140/159/96
f 128/154/92 139/160/97 140/159/96
f 127/155/93 137/161/98 139/160/97
f 138/158/95 124/162/99 122/163/100
f 124/162/99 139/160/97 123/164/101
f 123/164/101 137/161/98 121/165/102
f 122/163/100 120/166/103 118/167/104
f 120/166/103 123/164/101 119/168/105
f 119/168/105 121/165/102 117/169/106
f 118/167/104 116/170/107 114/171/108
f 116/170/107 119/168/105 115/172/109
f 115/172/109 117/169/106 113/173/110
f 114/171/108 111/143/82 109/174/111
f 111/143/82 115/172/109 112/146/85
f 112/146/85 113/173/110 110/175/112
f 113/173/110 82/133/72 78/137/76
f 110/175/112 78/137/76 101/107/49
f 117/169/106 86/129/68 82/133/72
f 121/165/102 106/126/65 86/129/68
f 90/120/61 129/176/90 94/118/57
f 106/126/65 125/157/94 90/120/61
f 94/115/57 133/147/86 98/109/51
f 98/109/51 110/175/112 101/107/49
f 261/177/113 109/174/111 134/142/81
f 109/174/111 258/178/114 114/171/108
f 114/171/108 259/179/115 118/167/104
f 118/167/104 260/180/116 122/163/100
f 122/163/100 257/181/117 138/158/95
f 65/182/118 130/183/87 126/152/91
f 257/181/117 126/152/91 138/158/95
f 66/184/119 134/142/81 130/148/87
f 142/185/120 143/186/120 141/187/120
f 143/186/11 146/188/11 145/189/11
f 146/188/121 147/190/121 145/189/121
f 148/191/122 149/192/122 147/190/122
f 150/193/5 151/194/5 149/195/5
f 152/196/123 141/187/123 151/194/123
f 77/140/79 153/197/124 102/112/54
f 75/198/125 154/199/126 155/200/125
f 156/201/127 81/136/75 158/202/128
f 157/203/11 75/198/125 155/200/125
f 158/202/128 85/132/71 160/204/129
f 73/205/130 157/203/11 159/206/130
f 160/204/129 105/128/67 162/207/131
f 161/208/132 73/205/130 159/206/130
f 168/209/133 152/196/134 166/210/135
f 105/128/67 164/211/136 162/207/131
f 163/212/137 69/213/138 161/208/132
f 149/195/139 151/194/140 165/214/141
f 89/124/63 166/215/5 164/211/136
f 71/216/5 163/212/137 165/217/142
f 163/218/143 149/219/139 165/220/141
f 93/117/59 168/221/144 166/222/5
f 70/223/3 165/224/142 167/225/145
f 143/186/146 145/189/147 157/226/148
f 157/226/148 155/227/149 143/186/146
f 97/113/55 153/197/124 168/221/144
f 76/228/150 167/225/145 154/199/126
f 141/187/151 155/229/152 154/230/153
f 142/185/154 156/231/155 144/232/156
f 142/185/157 168/233/158 153/234/159
f 150/235/160 164/236/161 166/237/135
f 164/238/162 148/191/163 162/239/164
f 148/191/165 160/240/166 162/241/167
f 144/232/168 156/242/169 158/243/170
f 145/189/147 159/244/171 157/226/148
f 159/245/172 147/190/173 161/246/174
f 147/190/175 163/247/176 161/248/177
f 151/194/140 167/249/178 165/214/141
f 141/187/179 167/250/180 151/194/181
f 152/196/134 150/193/160 166/210/135
f 158/243/170 160/251/182 146/188/183
f 146/188/183 144/232/168 158/243/170
s 0
f 171/252/184 177/253/184 170/254/184
f 171/255/185 176/256/185 172/257/185
f 173/258/5 178/259/5 176/256/5
f 169/260/186 174/261/186 173/258/186
f 171/252/187 173/258/187 175/262/187
f 174/261/188 177/263/188 178/259/188
f 176/256/189 177/264/189 172/265/189
f 180/266/190 182/267/190 181/268/190
f 181/269/191 186/270/191 185/271/191
f 186/270/11 184/272/11 183/273/11
f 184/272/192 179/274/192 183/273/192
f 181/268/193 183/273/193 179/275/193
f 187/276/194 184/272/194 188/277/194
f 186/270/195 187/278/195 188/277/195
f 191/279/196 197/280/196 190/281/196
f 193/282/5 198/283/5 196/284/5
f 189/285/197 194/286/197 193/282/197
f 191/279/198 193/282/198 195/287/198
f 194/286/199 197/288/199 198/283/199
f 196/284/200 197/289/200 192/290/200
f 200/291/201 202/292/201 201/293/201
f 206/294/11 204/295/11 203/296/11
f 204/295/202 199/297/202 203/296/202
f 201/293/203 203/296/203 199/298/203
f 207/299/204 204/295/204 208/300/204
f 206/294/205 207/301/205 208/300/205
s 1
f 214/100/18 220/90/21 228/302/21
f 242/303/25 233/304/26 249/305/2
f 232/306/27 236/307/28 233/308/206
f 241/102/23 239/309/29 238/103/24
f 221/310/5 216/311/5 217/312/5
f 236/307/28 231/313/30 233/308/206
f 236/314/207 239/315/208 243/316/33
f 74/317/209 235/318/35 232/306/27
f 212/319/11 68/320/11 67/321/11
f 239/309/29 240/322/36 237/323/36
f 253/324/37 245/325/210 243/326/211
f 254/327/212 244/328/39 245/325/210
f 250/329/40 248/330/213 246/331/40
f 251/332/214 247/333/42 248/330/213
f 243/326/211 249/334/215 253/324/37
f 224/335/5 225/336/5 226/337/45
f 215/338/11 228/339/11 229/340/11
f 271/341/216 269/342/217 267/343/216
f 263/344/218 277/345/219 278/346/218
f 284/347/218 274/348/219 275/349/218
f 283/350/220 275/349/218 273/351/220
f 280/352/221 266/353/217 264/354/222
f 281/355/223 265/356/224 266/353/217
f 272/357/217 268/358/224 269/342/217
f 259/359/225 295/360/42 292/361/42
f 255/362/220 278/346/218 276/363/220
f 265/356/224 277/345/219 256/364/219
f 268/358/224 274/348/219 282/365/219
f 296/366/226 287/367/227 303/368/228
f 286/369/37 290/370/38 287/371/38
f 295/360/42 293/372/41 292/361/42
f 275/373/11 270/374/11 271/375/11
f 290/370/38 285/376/39 287/371/38
f 290/377/229 293/378/230 297/379/231
f 66/380/232 289/381/37 286/369/37
f 266/382/5 256/383/5 255/384/5
f 293/372/41 294/385/40 291/386/40
f 307/387/233 299/388/28 297/389/233
f 308/390/28 298/391/30 299/388/28
f 304/392/36 302/393/29 300/394/36
f 305/395/29 301/396/234 302/393/29
f 297/389/233 303/397/234 307/387/233
f 278/398/11 279/399/11 280/400/221
f 269/401/5 282/402/5 283/403/5
f 314/404/43 309/405/43 319/406/43
f 317/407/43 315/408/43 316/409/43
f 311/410/43 313/411/43 312/412/43
f 323/413/235 321/414/236 322/415/236
f 323/413/235 326/416/237 324/417/235
f 325/418/237 328/419/238 326/420/237
f 329/421/239 328/419/238 327/422/238
f 331/423/240 330/424/239 329/421/239
f 331/423/240 334/425/241 332/426/240
f 333/427/241 336/428/242 334/425/241
f 322/415/236 336/428/242 335/429/242
f 328/430/231 332/426/231 336/431/231
f 343/432/216 339/433/217 345/434/217
f 345/434/217 337/435/224 344/436/224
f 347/437/220 342/438/218 340/439/220
f 348/440/218 341/441/219 342/438/218
f 367/442/16 351/443/17 369/444/17
f 369/444/17 349/445/18 368/446/18
f 370/447/19 357/448/20 372/449/20
f 372/449/20 355/450/243 371/451/21
f 362/452/16 354/453/17 352/454/16
f 363/455/17 353/456/18 354/453/17
f 365/457/19 360/458/20 358/459/19
f 366/460/20 359/461/21 360/458/20
f 343/432/216 316/462/231 315/463/231
f 341/441/11 339/464/11 309/405/11
f 341/441/219 344/465/224 337/466/224
f 318/467/244 317/468/244 347/437/220
f 346/469/5 347/470/5 312/412/5
f 359/461/21 368/446/18 349/445/18
f 349/471/5 350/472/5 318/473/5
f 355/474/11 356/475/11 316/409/11
f 371/451/21 353/456/18 361/476/18
f 361/477/5 362/478/5 320/479/5
f 364/480/11 365/481/11 319/406/11
f 378/482/245 375/483/246 377/484/245
f 378/482/245 379/485/247 380/486/247
f 380/486/247 381/487/248 382/488/248
f 382/488/248 373/489/249 374/490/249
f 384/491/250 385/492/251 386/493/251
f 388/494/252 385/495/251 387/496/252
f 376/497/246 387/496/252 375/483/246
f 374/490/249 383/498/250 384/491/250
f 335/429/28 374/490/253 322/415/253
f 322/415/253 384/491/29 323/413/29
f 385/499/254 373/500/254 379/485/254
f 376/497/43 331/423/41 329/421/43
f 388/494/38 329/421/43 327/422/38
f 378/482/41 333/427/11 331/423/41
f 380/486/11 335/429/28 333/427/11
f 384/491/29 325/501/5 323/413/29
f 325/418/5 388/494/38 327/422/38
f 394/502/253 389/503/253 399/504/253
f 397/505/253 395/506/253 396/507/253
f 391/508/253 393/509/253 392/510/253
f 402/511/239 404/512/240 401/513/239
f 405/514/241 404/512/240 403/515/240
f 405/514/241 408/516/242 406/517/241
f 409/518/236 408/516/242 407/519/242
f 409/518/236 412/520/255 410/521/236
f 413/522/237 412/520/255 411/523/255
f 415/524/256 414/525/237 413/526/237
f 415/524/256 401/513/239 416/527/256
f 408/516/231 412/528/231 416/529/231
f 418/530/16 425/531/17 423/532/16
f 419/533/17 424/534/18 425/531/17
f 427/535/19 422/536/20 420/537/19
f 422/536/20 426/538/21 421/539/21
f 447/540/216 431/541/217 449/542/217
f 449/542/217 429/543/224 448/544/224
f 450/545/220 437/546/218 452/547/218
f 452/547/218 435/548/219 451/549/219
f 442/550/216 434/551/217 432/552/216
f 443/553/217 433/554/224 434/551/217
f 445/555/220 440/556/218 438/557/220
f 446/558/218 439/559/219 440/556/218
f 423/532/16 396/560/231 395/561/231
f 421/539/5 419/562/5 389/503/5
f 421/539/21 424/563/18 417/564/18
f 398/565/244 397/566/244 427/535/19
f 426/538/11 427/567/11 392/510/11
f 439/559/219 448/544/224 429/543/224
f 429/568/11 430/569/11 398/570/11
f 435/571/5 436/572/5 396/507/5
f 451/549/219 433/554/224 441/573/224
f 441/574/11 442/575/11 400/576/11
f 444/577/5 445/578/5 399/504/5
f 458/579/29 413/522/5 411/523/29
f 455/580/253 411/523/29 409/518/253
f 468/581/28 409/518/253 407/519/28
f 466/582/11 407/519/28 405/514/11
f 463/583/41 405/514/11 403/515/41
f 415/524/38 454/584/43 402/511/43
f 454/584/43 403/515/41 402/511/43
f 458/579/250 456/585/257 457/586/258
f 460/587/251 457/586/258 459/588/251
f 460/589/251 461/590/259 462/591/259
f 462/591/259 453/592/260 454/584/260
f 463/583/245 465/593/247 466/582/247
f 468/581/261 465/593/247 467/594/261
f 455/580/257 467/594/261 456/585/257
f 454/584/260 464/595/262 463/583/245
f 465/593/263 453/596/263 459/597/263
f 460/589/5 415/524/38 413/526/5
f 14/1/1 15/598/264 1/2/2
f 13/4/4 14/1/1 7/3/3
f 12/6/6 13/599/4 6/7/5
f 16/9/8 12/6/6 5/8/7
f 4/11/10 11/13/12 16/9/8
f 3/12/11 10/15/14 11/13/12
f 2/14/13 9/16/15 10/15/14
f 1/2/2 15/598/264 9/16/15
f 27/17/16 28/20/17 25/18/17
f 28/20/17 26/600/18 24/21/18
f 18/22/19 19/25/20 34/23/20
f 19/25/20 17/40/21 33/26/21
f 36/27/16 37/30/17 22/28/17
f 37/30/17 35/601/18 21/31/18
f 39/32/19 40/35/20 31/33/20
f 40/35/20 38/41/21 30/36/21
f 7/602/265 1/603/266 51/38/23
f 48/39/24 8/604/267 5/605/268
f 6/37/22 7/602/265 51/38/23
f 48/39/24 5/605/268 6/37/22
f 21/31/18 35/601/18 33/26/21
f 24/21/18 26/600/18 30/36/21
f 60/606/263 39/32/19 29/34/19
f 29/34/19 50/607/269 52/42/25
f 52/42/25 51/608/270 1/609/270
f 1/609/270 42/610/270 43/43/26
f 43/43/26 41/611/271 18/22/19
f 18/22/19 32/24/19 62/612/254
f 43/43/26 18/22/19 62/612/254
f 52/42/25 1/609/270 43/43/26
f 60/606/263 29/34/19 52/42/25
f 61/613/244 60/606/263 52/42/25
f 43/43/26 62/612/254 64/614/244
f 43/43/26 64/614/244 63/615/2
f 59/44/2 61/613/244 52/42/25
f 43/43/26 63/615/2 59/44/2
f 42/45/27 45/57/35 46/46/28
f 51/38/23 52/616/29 49/48/29
f 27/51/5 47/62/36 50/61/36
f 50/61/36 29/617/5 31/49/5
f 31/49/5 30/618/5 26/50/5
f 26/50/5 28/619/5 27/51/5
f 27/51/5 50/61/36 31/49/5
f 46/46/28 44/620/30 41/52/30
f 54/621/231 36/27/16 20/29/16
f 20/29/16 44/622/272 46/53/31
f 46/53/31 45/623/273 8/624/273
f 8/624/273 48/625/273 49/54/32
f 49/54/32 47/626/274 27/17/16
f 27/17/16 23/19/16 56/627/231
f 49/54/32 27/17/16 56/627/231
f 46/53/31 8/624/273 49/54/32
f 54/621/231 20/29/16 46/53/31
f 55/628/231 54/621/231 46/53/31
f 49/54/32 56/627/231 58/629/231
f 49/54/32 58/629/231 57/630/33
f 53/55/33 55/628/231 46/53/31
f 49/54/32 57/630/33 53/55/33
f 4/631/275 8/632/267 45/57/35
f 42/45/27 1/633/266 2/634/276
f 3/56/34 4/631/275 45/57/35
f 42/45/27 2/634/276 3/56/34
f 18/60/11 41/52/30 44/620/30
f 44/620/30 20/635/11 22/58/11
f 22/58/11 21/636/11 17/59/11
f 17/59/11 19/637/11 18/60/11
f 18/60/11 44/620/30 22/58/11
f 49/48/29 52/616/29 50/61/36
f 63/63/37 64/66/38 55/64/38
f 64/66/38 62/638/39 54/67/39
f 60/68/40 61/71/41 58/69/41
f 61/71/41 59/73/42 57/72/42
f 53/65/37 57/72/42 59/73/42
f 36/76/5 54/67/39 62/638/39
f 62/638/39 32/639/5 34/74/5
f 34/74/5 33/640/5 35/75/5
f 35/75/5 37/641/5 36/76/5
f 36/76/5 62/638/39 34/74/5
f 39/79/11 60/68/40 56/70/40
f 56/70/40 23/642/11 25/77/11
f 25/77/11 24/643/11 38/78/11
f 38/78/11 40/644/11 39/79/11
f 39/79/11 56/70/40 25/77/11
f 262/82/43 258/645/277 259/646/277
f 259/646/277 260/647/277 257/80/43
f 257/80/43 65/648/44 66/81/44
f 66/81/44 261/649/44 262/82/43
f 262/82/43 259/646/277 257/80/43
f 217/83/16 218/99/17 215/84/17
f 209/86/20 68/106/21 223/87/21
f 230/89/20 228/302/21 220/90/21
f 229/92/19 230/89/20 221/91/20
f 226/94/45 227/97/47 212/95/17
f 227/97/47 225/650/18 211/98/18
f 218/99/17 216/651/18 214/100/18
f 70/652/278 76/653/279 241/102/23
f 238/103/24 69/654/280 72/655/281
f 71/101/48 70/652/278 241/102/23
f 238/103/24 72/655/281 71/101/48
f 67/104/19 209/86/20 224/88/20
f 211/98/18 225/650/18 223/87/21
f 101/107/49 103/110/52 100/108/50
f 103/110/52 104/141/80 99/111/53
f 99/111/53 104/141/80 102/112/54
f 98/109/51 100/108/50 96/114/56
f 100/108/50 99/111/53 95/116/58
f 95/116/58 99/111/53 97/113/55
f 94/118/57 96/121/56 92/119/60
f 96/121/56 95/656/58 91/122/62
f 91/122/62 95/656/58 93/123/59
f 90/120/61 92/119/60 108/125/64
f 92/119/60 91/122/62 107/127/66
f 107/127/66 91/122/62 89/124/63
f 86/129/68 106/126/65 108/125/64
f 88/130/69 108/125/64 107/127/66
f 107/127/66 105/128/67 85/132/71
f 82/133/72 86/129/68 88/130/69
f 84/134/73 88/130/69 87/131/70
f 87/131/70 85/132/71 81/136/75
f 78/137/76 82/133/72 84/134/73
f 80/138/77 84/134/73 83/135/74
f 83/135/74 81/136/75 77/140/79
f 101/107/49 78/137/76 80/138/77
f 103/110/52 80/138/77 79/139/78
f 79/139/78 77/140/79 102/112/54
f 134/142/81 109/174/111 111/143/82
f 111/143/82 112/146/85 135/145/84
f 112/146/85 110/175/112 133/147/86
f 130/148/87 134/142/81 136/144/83
f 136/144/83 135/145/84 131/150/89
f 135/145/84 133/147/86 129/151/90
f 126/152/91 130/183/87 132/153/88
f 132/153/88 131/156/89 127/155/93
f 131/156/89 129/176/90 125/157/94
f 138/158/95 126/152/91 128/154/92
f 128/154/92 127/155/93 139/160/97
f 127/155/93 125/157/94 137/161/98
f 138/158/95 140/159/96 124/162/99
f 124/162/99 140/159/96 139/160/97
f 123/164/101 139/160/97 137/161/98
f 122/163/100 124/162/99 120/166/103
f 120/166/103 124/162/99 123/164/101
f 119/168/105 123/164/101 121/165/102
f 118/167/104 120/166/103 116/170/107
f 116/170/107 120/166/103 119/168/105
f 115/172/109 119/168/105 117/169/106
f 114/171/108 116/170/107 111/143/82
f 111/143/82 116/170/107 115/172/109
f 112/146/85 115/172/109 113/173/110
f 113/173/110 117/169/106 82/133/72
f 110/175/112 113/173/110 78/137/76
f 117/169/106 121/165/102 86/129/68
f 121/165/102 137/161/98 106/126/65
f 90/120/61 125/157/94 129/176/90
f 106/126/65 137/161/98 125/157/94
f 94/115/57 129/151/90 133/147/86
f 98/109/51 133/147/86 110/175/112
f 261/177/113 262/657/282 109/174/111
f 109/174/111 262/657/282 258/178/114
f 114/171/108 258/178/114 259/179/115
f 118/167/104 259/179/115 260/180/116
f 122/163/100 260/180/116 257/181/117
f 65/182/118 66/658/119 130/183/87
f 257/181/117 65/182/118 126/152/91
f 66/184/119 261/177/113 134/142/81
f 142/185/120 144/232/120 143/186/120
f 143/186/11 144/232/11 146/188/11
f 146/188/121 148/191/121 147/190/121
f 148/191/122 150/659/122 149/192/122
f 150/193/5 152/196/5 151/194/5
f 152/196/123 142/185/123 141/187/123
f 77/140/79 156/201/127 153/197/124
f 75/198/125 76/228/150 154/199/126
f 156/201/127 77/140/79 81/136/75
f 157/203/11 74/660/11 75/198/125
f 158/202/128 81/136/75 85/132/71
f 73/205/130 74/660/11 157/203/11
f 160/204/129 85/132/71 105/128/67
f 161/208/132 69/213/138 73/205/130
f 105/128/67 89/124/63 164/211/136
f 163/212/137 72/661/7 69/213/138
f 89/124/63 93/123/59 166/215/5
f 71/216/5 72/661/7 163/212/137
f 93/117/59 97/113/55 168/221/144
f 70/223/3 71/662/5 165/224/142
f 97/113/55 102/112/54 153/197/124
f 76/228/150 70/223/3 167/225/145
f 141/187/151 143/186/283 155/229/152
f 142/185/154 153/663/284 156/231/155
f 142/185/157 152/196/285 168/233/158
f 164/238/162 150/659/286 148/191/163
f 148/191/165 146/188/287 160/240/166
f 159/245/172 145/189/288 147/190/173
f 147/190/175 149/192/289 163/247/176
f 141/187/179 154/664/290 167/250/180
s 0
f 170/254/291 169/665/291 171/252/291
f 171/252/292 172/666/292 177/253/292
f 171/255/293 175/262/293 176/256/293
f 176/256/5 175/262/5 173/258/5
f 173/258/5 174/261/5 178/259/5
f 169/260/294 170/667/294 174/261/294
f 171/252/295 169/665/295 173/258/295
f 174/261/296 170/668/296 177/263/296
f 176/256/189 178/259/189 177/264/189
f 181/268/297 179/275/297 180/266/297
f 180/266/5 187/669/5 182/267/5
f 181/269/298 182/670/298 186/270/298
f 183/273/11 185/271/11 186/270/11
f 186/270/11 188/277/11 184/272/11
f 184/272/299 180/671/299 179/274/299
f 181/268/300 185/271/300 183/273/300
f 187/276/301 180/672/301 184/272/301
f 186/270/195 182/673/195 187/278/195
f 190/281/302 189/674/302 191/279/302
f 191/279/303 192/675/303 197/280/303
f 196/284/5 195/287/5 193/282/5
f 193/282/5 194/286/5 198/283/5
f 189/285/304 190/676/304 194/286/304
f 191/279/305 189/674/305 193/282/305
f 194/286/306 190/677/306 197/288/306
f 196/284/200 198/283/200 197/289/200
f 201/293/307 199/298/307 200/291/307
f 200/291/5 207/678/5 202/292/5
f 203/296/11 205/679/11 206/294/11
f 206/294/11 208/300/11 204/295/11
f 204/295/308 200/680/308 199/297/308
f 201/293/309 205/679/309 203/296/309
f 207/299/310 200/681/310 204/295/310
f 206/294/205 202/682/205 207/301/205
s 1
f 214/100/18 216/651/18 220/90/21
f 250/683/263 229/92/19 219/93/19
f 219/93/19 240/684/269 242/303/25
f 242/303/25 241/685/311 76/686/264
f 76/686/264 232/687/270 233/304/26
f 233/304/26 231/688/271 67/104/19
f 67/104/19 222/105/19 252/689/254
f 233/304/26 67/104/19 252/689/254
f 242/303/25 76/686/264 233/304/26
f 250/683/263 219/93/19 242/303/25
f 251/690/244 250/683/263 242/303/25
f 233/304/26 252/689/254 254/691/244
f 233/304/26 254/691/244 253/692/2
f 249/305/2 251/690/244 242/303/25
f 233/304/26 253/692/2 249/305/2
f 232/306/27 235/318/35 236/307/28
f 241/102/23 242/693/312 239/309/29
f 217/312/5 237/323/36 240/322/36
f 240/322/36 219/694/5 221/310/5
f 221/310/5 220/695/5 216/311/5
f 216/311/5 218/696/5 217/312/5
f 217/312/5 240/322/36 221/310/5
f 236/307/28 234/697/30 231/313/30
f 244/698/231 226/94/231 210/96/231
f 210/96/231 234/699/272 236/314/207
f 236/314/207 235/700/313 69/701/33
f 69/701/33 238/702/273 239/315/208
f 239/315/208 237/703/274 217/83/16
f 217/83/16 213/85/16 246/704/231
f 239/315/208 217/83/16 246/704/231
f 236/314/207 69/701/33 239/315/208
f 244/698/231 210/96/231 236/314/207
f 245/705/231 244/698/231 236/314/207
f 239/315/208 246/704/231 248/706/231
f 239/315/208 248/706/231 247/707/33
f 243/316/33 245/705/231 236/314/207
f 239/315/208 247/707/33 243/316/33
f 73/708/314 69/709/280 235/318/35
f 232/306/27 76/710/279 75/711/315
f 74/317/209 73/708/314 235/318/35
f 232/306/27 75/711/315 74/317/209
f 67/321/11 231/313/30 234/697/30
f 234/697/30 210/712/11 212/319/11
f 212/319/11 211/713/11 68/320/11
f 68/320/11 209/714/11 67/321/11
f 67/321/11 234/697/30 212/319/11
f 239/309/29 242/693/312 240/322/36
f 253/324/37 254/327/212 245/325/210
f 254/327/212 252/715/39 244/328/39
f 250/329/40 251/332/214 248/330/213
f 251/332/214 249/334/215 247/333/42
f 243/326/211 247/333/42 249/334/215
f 226/337/45 244/328/39 252/715/39
f 252/715/39 222/716/5 224/335/5
f 224/335/5 223/717/5 225/336/5
f 225/336/5 227/718/47 226/337/45
f 226/337/45 252/715/39 224/335/5
f 229/340/11 250/329/40 246/331/40
f 246/331/40 213/719/11 215/338/11
f 215/338/11 214/720/11 228/339/11
f 228/339/11 230/721/11 229/340/11
f 229/340/11 246/331/40 215/338/11
f 271/341/216 272/357/217 269/342/217
f 263/344/218 256/364/219 277/345/219
f 284/347/218 282/365/219 274/348/219
f 283/350/220 284/347/218 275/349/218
f 280/352/221 281/355/223 266/353/217
f 281/355/223 279/722/224 265/356/224
f 272/357/217 270/723/224 268/358/224
f 258/724/316 262/725/317 295/360/42
f 292/361/42 257/726/318 260/727/319
f 259/359/225 258/724/316 295/360/42
f 292/361/42 260/727/319 259/359/225
f 255/362/220 263/344/218 278/346/218
f 265/356/224 279/722/224 277/345/219
f 268/358/224 270/723/224 274/348/219
f 304/728/254 283/350/220 273/351/220
f 273/351/220 294/729/271 296/366/226
f 296/366/226 295/730/320 262/731/321
f 262/731/321 286/732/320 287/367/227
f 287/367/227 285/733/269 255/362/220
f 255/362/220 276/363/220 306/734/263
f 287/367/227 255/362/220 306/734/263
f 296/366/226 262/731/321 287/367/227
f 304/728/254 273/351/220 296/366/226
f 305/735/244 304/728/254 296/366/226
f 287/367/227 306/734/263 308/736/244
f 287/367/227 308/736/244 307/737/228
f 303/368/228 305/735/244 296/366/226
f 287/367/227 307/737/228 303/368/228
f 286/369/37 289/381/37 290/370/38
f 295/360/42 296/738/41 293/372/41
f 271/375/11 291/386/40 294/385/40
f 294/385/40 273/739/11 275/373/11
f 275/373/11 274/740/11 270/374/11
f 270/374/11 272/741/11 271/375/11
f 271/375/11 294/385/40 275/373/11
f 290/370/38 288/742/39 285/376/39
f 298/743/231 280/352/231 264/354/231
f 264/354/231 288/744/274 290/377/229
f 290/377/229 289/745/322 257/746/9
f 257/746/9 292/747/322 293/378/230
f 293/378/230 291/748/272 271/341/216
f 271/341/216 267/343/216 300/749/231
f 293/378/230 271/341/216 300/749/231
f 290/377/229 257/746/9 293/378/230
f 298/743/231 264/354/231 290/377/229
f 299/750/231 298/743/231 290/377/229
f 293/378/230 300/749/231 302/751/231
f 293/378/230 302/751/231 301/752/8
f 297/379/231 299/750/231 290/377/229
f 293/378/230 301/752/8 297/379/231
f 65/753/319 257/754/318 289/381/37
f 286/369/37 262/755/317 261/756/316
f 66/380/232 65/753/319 289/381/37
f 286/369/37 261/756/316 66/380/232
f 255/384/5 285/376/39 288/742/39
f 288/742/39 264/757/5 266/382/5
f 266/382/5 265/758/5 256/383/5
f 256/383/5 263/759/5 255/384/5
f 255/384/5 288/742/39 266/382/5
f 293/372/41 296/738/41 294/385/40
f 307/387/233 308/390/28 299/388/28
f 308/390/28 306/760/30 298/391/30
f 304/392/36 305/395/29 302/393/29
f 305/395/29 303/397/234 301/396/234
f 297/389/233 301/396/234 303/397/234
f 280/400/221 298/391/30 306/760/30
f 306/760/30 276/761/11 278/398/11
f 278/398/11 277/762/11 279/399/11
f 279/399/11 281/763/223 280/400/221
f 280/400/221 306/760/30 278/398/11
f 283/403/5 304/392/36 300/394/36
f 300/394/36 267/764/5 269/401/5
f 269/401/5 268/765/5 282/402/5
f 282/402/5 284/766/5 283/403/5
f 283/403/5 300/394/36 269/401/5
f 314/404/43 310/767/43 309/405/43
f 317/407/43 318/473/43 315/408/43
f 311/410/43 320/479/43 313/411/43
f 323/413/235 324/417/235 321/414/236
f 323/413/235 325/501/237 326/416/237
f 325/418/237 327/422/238 328/419/238
f 329/421/239 330/424/239 328/419/238
f 331/423/240 332/426/240 330/424/239
f 331/423/240 333/427/241 334/425/241
f 333/427/241 335/429/242 336/428/242
f 322/415/236 321/414/236 336/428/242
f 336/431/231 321/768/231 324/769/231
f 324/769/231 326/770/231 328/430/231
f 328/430/231 330/771/231 332/426/231
f 332/426/231 334/425/231 336/431/231
f 336/431/231 324/769/231 328/430/231
f 343/432/216 338/772/216 339/433/217
f 345/434/217 339/433/217 337/435/224
f 347/437/220 348/440/218 342/438/218
f 348/440/218 346/469/219 341/441/219
f 367/442/16 350/773/16 351/443/17
f 369/444/17 351/443/17 349/445/18
f 370/447/19 356/774/19 357/448/20
f 372/449/20 357/448/20 355/450/243
f 362/452/16 363/455/17 354/453/17
f 363/455/17 361/476/18 353/456/18
f 365/457/19 366/460/20 360/458/20
f 366/460/20 364/775/21 359/461/21
f 309/776/231 338/772/216 343/432/216
f 343/432/216 312/777/231 313/778/231
f 313/778/231 362/452/16 352/454/16
f 313/778/231 352/454/16 316/462/231
f 319/779/231 309/776/231 343/432/216
f 350/773/16 367/442/16 319/779/231
f 315/463/231 350/773/16 319/779/231
f 343/432/216 313/778/231 316/462/231
f 315/463/231 319/779/231 343/432/216
f 309/405/11 310/767/11 340/780/11
f 340/780/11 342/781/11 341/441/11
f 341/441/11 337/466/11 339/464/11
f 339/464/11 338/782/11 309/405/11
f 309/405/11 340/780/11 341/441/11
f 341/441/219 346/469/219 344/465/224
f 347/437/220 340/439/220 310/783/244
f 314/784/244 365/457/19 358/459/19
f 347/437/220 310/783/244 314/784/244
f 320/785/244 311/786/244 347/437/220
f 356/774/19 370/447/19 320/785/244
f 317/468/244 356/774/19 320/785/244
f 314/784/244 358/459/19 318/467/244
f 317/468/244 320/785/244 347/437/220
f 347/437/220 314/784/244 318/467/244
f 312/412/5 343/787/5 345/788/5
f 345/788/5 344/465/5 346/469/5
f 346/469/5 348/789/5 347/470/5
f 347/470/5 311/410/5 312/412/5
f 312/412/5 345/788/5 346/469/5
f 359/461/21 364/775/21 368/446/18
f 318/473/5 358/790/5 360/791/5
f 360/791/5 359/792/5 349/471/5
f 349/471/5 351/793/5 350/472/5
f 350/472/5 315/408/5 318/473/5
f 318/473/5 360/791/5 349/471/5
f 316/409/11 352/794/11 354/795/11
f 354/795/11 353/796/11 355/474/11
f 355/474/11 357/797/11 356/475/11
f 356/475/11 317/407/11 316/409/11
f 316/409/11 354/795/11 355/474/11
f 371/451/21 355/450/243 353/456/18
f 320/479/5 370/798/5 372/799/5
f 372/799/5 371/800/5 361/477/5
f 361/477/5 363/801/5 362/478/5
f 362/478/5 313/411/5 320/479/5
f 320/479/5 372/799/5 361/477/5
f 319/406/11 367/802/11 369/803/11
f 369/803/11 368/804/11 364/480/11
f 364/480/11 366/805/11 365/481/11
f 365/481/11 314/404/11 319/406/11
f 319/406/11 369/803/11 364/480/11
f 378/482/245 376/497/246 375/483/246
f 378/482/245 377/484/245 379/485/247
f 380/486/247 379/485/247 381/487/248
f 382/488/248 381/487/248 373/489/249
f 384/491/250 383/498/250 385/492/251
f 388/494/252 386/806/251 385/495/251
f 376/497/246 388/494/252 387/496/252
f 374/490/249 373/489/249 383/498/250
f 335/429/28 382/488/28 374/490/253
f 322/415/253 374/490/253 384/491/29
f 379/485/254 377/484/254 375/807/254
f 375/807/254 387/808/323 385/499/254
f 385/499/254 383/809/254 373/500/254
f 373/500/254 381/810/323 379/485/254
f 379/485/254 375/807/254 385/499/254
f 376/497/43 378/482/41 331/423/41
f 388/494/38 376/497/43 329/421/43
f 378/482/41 380/486/11 333/427/11
f 380/486/11 382/488/28 335/429/28
f 384/491/29 386/493/5 325/501/5
f 325/418/5 386/806/5 388/494/38
f 394/502/253 390/811/253 389/503/253
f 397/505/253 398/570/253 395/506/253
f 391/508/253 400/576/253 393/509/253
f 402/511/239 403/515/240 404/512/240
f 405/514/241 406/517/241 404/512/240
f 405/514/241 407/519/242 408/516/242
f 409/518/236 410/521/236 408/516/242
f 409/518/236 411/523/255 412/520/255
f 413/522/237 414/812/237 412/520/255
f 415/524/256 416/527/256 414/525/237
f 415/524/256 402/511/239 401/513/239
f 416/529/231 401/813/231 404/814/231
f 404/814/231 406/517/231 408/516/231
f 408/516/231 410/815/231 412/528/231
f 412/528/231 414/816/231 416/529/231
f 416/529/231 404/814/231 408/516/231
f 418/530/16 419/533/17 425/531/17
f 419/533/17 417/817/18 424/534/18
f 427/535/19 428/818/20 422/536/20
f 422/536/20 428/818/20 426/538/21
f 447/540/216 430/819/216 431/541/217
f 449/542/217 431/541/217 429/543/224
f 450/545/220 436/820/220 437/546/218
f 452/547/218 437/546/218 435/548/219
f 442/550/216 443/553/217 434/551/217
f 443/553/217 441/573/224 433/554/224
f 445/555/220 446/558/218 440/556/218
f 446/558/218 444/821/219 439/559/219
f 389/822/231 418/530/16 423/532/16
f 423/532/16 392/823/231 393/824/231
f 393/824/231 442/550/216 432/552/216
f 393/824/231 432/552/216 396/560/231
f 399/825/231 389/822/231 423/532/16
f 430/819/216 447/540/216 399/825/231
f 395/561/231 430/819/216 399/825/231
f 423/532/16 393/824/231 396/560/231
f 395/561/231 399/825/231 423/532/16
f 389/503/5 390/811/5 420/826/5
f 420/826/5 422/827/5 421/539/5
f 421/539/5 417/564/5 419/562/5
f 419/562/5 418/828/5 389/503/5
f 389/503/5 420/826/5 421/539/5
f 421/539/21 426/538/21 424/563/18
f 427/535/19 420/537/19 390/829/244
f 394/830/244 445/555/220 438/557/220
f 427/535/19 390/829/244 394/830/244
f 400/831/244 391/832/244 427/535/19
f 436/820/220 450/545/220 400/831/244
f 397/566/244 436/820/220 400/831/244
f 394/830/244 438/557/220 398/565/244
f 397/566/244 400/831/244 427/535/19
f 427/535/19 394/830/244 398/565/244
f 392/510/11 423/833/11 425/834/11
f 425/834/11 424/563/11 426/538/11
f 426/538/11 428/835/11 427/567/11
f 427/567/11 391/508/11 392/510/11
f 392/510/11 425/834/11 426/538/11
f 439/559/219 444/821/219 448/544/224
f 398/570/11 438/836/11 440/837/11
f 440/837/11 439/838/11 429/568/11
f 429/568/11 431/839/11 430/569/11
f 430/569/11 395/506/11 398/570/11
f 398/570/11 440/837/11 429/568/11
f 396/507/5 432/840/5 434/841/5
f 434/841/5 433/842/5 435/571/5
f 435/571/5 437/843/5 436/572/5
f 436/572/5 397/505/5 396/507/5
f 396/507/5 434/841/5 435/571/5
f 451/549/219 435/548/219 433/554/224
f 400/576/11 450/844/11 452/845/11
f 452/845/11 451/846/11 441/574/11
f 441/574/11 443/847/11 442/575/11
f 442/575/11 393/509/11 400/576/11
f 400/576/11 452/845/11 441/574/11
f 399/504/5 447/848/5 449/849/5
f 449/849/5 448/850/5 444/577/5
f 444/577/5 446/851/5 445/578/5
f 445/578/5 394/502/5 399/504/5
f 399/504/5 449/849/5 444/577/5
f 458/579/29 460/587/5 413/522/5
f 455/580/253 458/579/29 411/523/29
f 468/581/28 455/580/253 409/518/253
f 466/582/11 468/581/28 407/519/28
f 463/583/41 466/582/11 405/514/11
f 415/524/38 462/591/38 454/584/43
f 454/584/43 463/583/41 403/515/41
f 458/579/250 455/580/257 456/585/257
f 460/587/251 458/579/250 457/586/258
f 460/589/251 459/852/251 461/590/259
f 462/591/259 461/590/259 453/592/260
f 463/583/245 464/595/262 465/593/247
f 468/581/261 466/582/247 465/593/247
f 455/580/257 468/581/261 467/594/261
f 454/584/260 453/592/260 464/595/262
f 459/597/263 457/853/263 456/854/263
f 456/854/263 467/594/324 465/593/263
f 465/593/263 464/855/263 453/596/263
f 453/596/263 461/856/324 459/597/263
f 459/597/263 456/854/263 465/593/263
f 460/589/5 462/591/38 415/524/38
o BrakeRigging.009
v -0.749727 0.869900 -0.761960
v -0.735584 0.864042 -0.761959
v -0.729727 0.849900 -0.761959
v -0.735584 0.835757 -0.761959
v -0.763869 0.835757 -0.761959
v -0.769727 0.849900 -0.761959
v -0.763869 0.864042 -0.761959
v -0.749727 0.829900 -0.761960
v -0.735584 0.864082 -0.453704
v -0.729726 0.849900 -0.456254
v -0.735584 0.835718 -0.458803
v -0.763869 0.835718 -0.458803
v -0.769726 0.849900 -0.456254
v -0.763869 0.864082 -0.453704
v -0.749726 0.869956 -0.452649
v -0.749726 0.829843 -0.459859
v -0.724727 0.867900 -0.829960
v -0.724727 0.869900 -0.827960
v -0.724727 0.869314 -0.829375
v -0.724727 0.829900 -0.827960
v -0.724727 0.831900 -0.829960
v -0.724727 0.830485 -0.829375
v -0.769727 0.829900 -0.827960
v -0.769727 0.831900 -0.829960
v -0.769727 0.830485 -0.829375
v -0.774727 0.831900 -0.829960
v -0.774727 0.829900 -0.827960
v -0.774727 0.830485 -0.829375
v -0.774727 0.869900 -0.827960
v -0.774727 0.867900 -0.829960
v -0.774727 0.869314 -0.829375
v -0.729727 0.869900 -0.827960
v -0.729727 0.867900 -0.829960
v -0.729727 0.869314 -0.829375
v -0.729727 0.831900 -0.829960
v -0.729727 0.829900 -0.827960
v -0.729727 0.830485 -0.829375
v -0.769727 0.867900 -0.829960
v -0.769727 0.869900 -0.827960
v -0.769727 0.869314 -0.829375
v -0.724727 0.869900 -0.763961
v -0.726727 0.869900 -0.761961
v -0.725312 0.869900 -0.762547
v -0.724727 0.829900 -0.763961
v -0.726727 0.829900 -0.761961
v -0.725312 0.829900 -0.762547
v -0.774727 0.829900 -0.763961
v -0.772727 0.829900 -0.761961
v -0.774141 0.829900 -0.762547
v -0.774727 0.869900 -0.763961
v -0.772727 0.869900 -0.761961
v -0.774141 0.869900 -0.762547
v -0.731727 0.829900 -0.766960
v -0.729727 0.829900 -0.768960
v -0.730312 0.829900 -0.767546
v -0.769727 0.829900 -0.768960
v -0.767727 0.829900 -0.766960
v -0.769141 0.829900 -0.767546
v -0.767727 0.869900 -0.766960
v -0.769727 0.869900 -0.768960
v -0.769141 0.869900 -0.767546
v -0.729727 0.869900 -0.768960
v -0.731727 0.869900 -0.766960
v -0.730312 0.869900 -0.767546
v -0.763868 1.073117 -0.880382
v -0.769726 1.087259 -0.880382
v -0.724727 1.239964 -2.117981
v -0.724727 1.237964 -2.119981
v -0.749727 1.199965 -2.051980
v -0.763869 1.234107 -2.051979
v -0.769727 1.219965 -2.051979
v -0.763869 1.205822 -2.051979
v -0.735585 1.205822 -2.051979
v -0.729727 1.219965 -2.051979
v -0.735585 1.234107 -2.051979
v -0.749727 1.239965 -2.051980
v -0.735584 1.234146 -1.244109
v -0.735575 1.224803 -1.205767
v -0.735583 1.232895 -1.231593
v -0.735580 1.229475 -1.217559
v -0.729727 1.219965 -1.246663
v -0.729713 1.210608 -1.208306
v -0.729725 1.218712 -1.234143
v -0.729720 1.215287 -1.220104
v -0.735584 1.205784 -1.249207
v -0.735575 1.196425 -1.210868
v -0.735583 1.204530 -1.236692
v -0.735580 1.201104 -1.222659
v -0.763869 1.205784 -1.249207
v -0.763878 1.196425 -1.210868
v -0.763870 1.204530 -1.236692
v -0.763873 1.201104 -1.222659
v -0.769727 1.219965 -1.246663
v -0.769740 1.210608 -1.208306
v -0.769728 1.218712 -1.234143
v -0.769733 1.215287 -1.220104
v -0.763869 1.234146 -1.244109
v -0.763878 1.224803 -1.205767
v -0.763870 1.232895 -1.231593
v -0.763873 1.229475 -1.217559
v -0.749727 1.230686 -1.204721
v -0.749727 1.240020 -1.243049
v -0.749727 1.235354 -1.216508
v -0.749727 1.238770 -1.230537
v -0.749727 1.199910 -1.250259
v -0.749727 1.190553 -1.211936
v -0.749727 1.198656 -1.237747
v -0.749727 1.195231 -1.223720
v -0.749726 1.107329 -0.944500
v -0.749726 1.116687 -0.982808
v -0.749726 1.108598 -0.957016
v -0.749726 1.112023 -0.971037
v -0.735461 1.110816 -0.983957
v -0.735499 1.101459 -0.945632
v -0.735462 1.106149 -0.972181
v -0.735476 1.102724 -0.958153
v -0.729552 1.096636 -0.986717
v -0.729603 1.087285 -0.948374
v -0.729554 1.091965 -0.974935
v -0.729572 1.088543 -0.960901
v -0.735461 1.082445 -0.989456
v -0.735495 1.073110 -0.951127
v -0.735462 1.077776 -0.977680
v -0.735474 1.074359 -0.963651
v -0.763992 1.082445 -0.989456
v -0.763958 1.073110 -0.951127
v -0.763991 1.077776 -0.977680
v -0.763978 1.074359 -0.963651
v -0.769901 1.096636 -0.986717
v -0.769850 1.087285 -0.948374
v -0.769899 1.091965 -0.974935
v -0.769880 1.088543 -0.960901
v -0.763992 1.110816 -0.983957
v -0.763954 1.101459 -0.945632
v -0.763990 1.106149 -0.972181
v -0.763976 1.102724 -0.958153
v -0.749726 1.076564 -0.990585
v -0.749726 1.067237 -0.952268
v -0.749726 1.071897 -0.978815
v -0.749726 1.068483 -0.964790
v -0.749380 1.249970 -2.010011
v -0.749380 1.249970 -1.710011
v -0.723399 1.234970 -2.010011
v -0.723399 1.234970 -1.710011
v -0.723399 1.204970 -2.010011
v -0.723399 1.204970 -1.710011
v -0.749380 1.189970 -2.010011
v -0.749380 1.189970 -1.710011
v -0.775361 1.204970 -2.010011
v -0.775361 1.204970 -1.710011
v -0.775361 1.234970 -2.010011
v -0.775361 1.234970 -1.710011
v -0.749554 1.239917 -1.700029
v -0.749554 1.239895 -2.020015
v -0.735585 1.234109 -2.020010
v -0.735585 1.234120 -1.700030
v -0.729727 1.219965 -2.020010
v -0.729727 1.219965 -1.700030
v -0.735585 1.205821 -2.020010
v -0.735585 1.205806 -1.700030
v -0.749554 1.200035 -2.020005
v -0.749553 1.200013 -1.700030
v -0.763869 1.205820 -2.020010
v -0.763869 1.205810 -1.700030
v -0.769727 1.219970 -2.020010
v -0.769727 1.219965 -1.700030
v -0.763869 1.234109 -2.020010
v -0.763869 1.234124 -1.700030
v -0.768810 1.177878 -1.152316
v -0.765869 1.185252 -1.148593
v -0.768811 1.217429 -1.321165
v -0.765869 1.225133 -1.321165
v -0.771810 1.179172 -1.154388
v -0.771810 1.183969 -1.151981
v -0.771810 1.217429 -1.318835
v -0.771810 1.222328 -1.318835
v -0.765869 1.225133 -1.227198
v -0.771810 1.222328 -1.227976
v -0.730724 1.177878 -1.152317
v -0.733665 1.185252 -1.148593
v -0.730724 1.217429 -1.321165
v -0.733666 1.225133 -1.321165
v -0.727724 1.179172 -1.154388
v -0.727724 1.183969 -1.151981
v -0.727724 1.217429 -1.318835
v -0.727724 1.222328 -1.318835
v -0.733666 1.225133 -1.227198
v -0.727724 1.222328 -1.227976
v -0.768810 1.130957 -1.046900
v -0.765869 1.123583 -1.050623
v -0.768810 1.091405 -0.878051
v -0.765868 1.083702 -0.878051
v -0.771810 1.129662 -1.044829
v -0.771810 1.124866 -1.047235
v -0.771810 1.091405 -0.880382
v -0.771810 1.086507 -0.880382
v -0.765868 1.083702 -0.972019
v -0.771810 1.086507 -0.971241
v -0.730724 1.130957 -1.046900
v -0.733665 1.123583 -1.050623
v -0.730723 1.091405 -0.878051
v -0.733665 1.083702 -0.878051
v -0.727724 1.129662 -1.044829
v -0.727724 1.124866 -1.047236
v -0.727724 1.091405 -0.880382
v -0.727724 1.086507 -0.880382
v -0.733665 1.083702 -0.972019
v -0.727724 1.086507 -0.971241
v -0.724727 1.239378 -2.119395
v -0.724727 1.199964 -2.117981
v -0.724727 1.201964 -2.119981
v -0.724727 1.200550 -2.119395
v -0.769727 1.199964 -2.117981
v -0.769727 1.201964 -2.119981
v -0.769727 1.200550 -2.119395
v -0.774727 1.201964 -2.119981
v -0.774727 1.199964 -2.117981
v -0.774727 1.200550 -2.119395
v -0.774727 1.239964 -2.117981
v -0.774727 1.237964 -2.119981
v -0.774727 1.239378 -2.119395
v -0.729727 1.239964 -2.117981
v -0.729727 1.237964 -2.119981
v -0.729727 1.239378 -2.119395
v -0.729727 1.201964 -2.119981
v -0.729727 1.199964 -2.117981
v -0.729727 1.200550 -2.119395
v -0.769727 1.237964 -2.119981
v -0.769727 1.239964 -2.117981
v -0.769727 1.239378 -2.119395
v -0.724727 1.239964 -2.053981
v -0.726727 1.239964 -2.051981
v -0.725313 1.239964 -2.052567
v -0.724727 1.199964 -2.053981
v -0.726727 1.199964 -2.051981
v -0.725313 1.199965 -2.052567
v -0.774727 1.199964 -2.053981
v -0.772727 1.199964 -2.051981
v -0.774141 1.199965 -2.052567
v -0.774727 1.239964 -2.053981
v -0.772727 1.239964 -2.051981
v -0.774141 1.239964 -2.052567
v -0.731727 1.199964 -2.056980
v -0.729727 1.199964 -2.058980
v -0.730313 1.199964 -2.057566
v -0.769727 1.199964 -2.058980
v -0.767727 1.199964 -2.056980
v -0.769141 1.199964 -2.057566
v -0.767727 1.239964 -2.056980
v -0.769727 1.239964 -2.058980
v -0.769141 1.239964 -2.057566
v -0.729727 1.239964 -2.058980
v -0.731727 1.239964 -2.056980
v -0.730313 1.239964 -2.057566
v -0.774726 1.107259 -0.814381
v -0.774726 1.105259 -0.812381
v -0.749726 1.067259 -0.880381
v -0.735584 1.101401 -0.880382
v -0.729726 1.087259 -0.880382
v -0.735584 1.073117 -0.880382
v -0.763868 1.101401 -0.880382
v -0.749726 1.107259 -0.880381
v -0.774726 1.106673 -0.812967
v -0.774726 1.067259 -0.814381
v -0.774726 1.069259 -0.812381
v -0.774726 1.067845 -0.812967
v -0.729726 1.067259 -0.814381
v -0.729726 1.069259 -0.812381
v -0.729726 1.067845 -0.812967
v -0.724726 1.069259 -0.812381
v -0.724726 1.067259 -0.814381
v -0.724726 1.067845 -0.812967
v -0.724726 1.107259 -0.814381
v -0.724726 1.105259 -0.812381
v -0.724726 1.106673 -0.812967
v -0.769726 1.107259 -0.814381
v -0.769726 1.105259 -0.812381
v -0.769726 1.106673 -0.812967
v -0.769726 1.069259 -0.812381
v -0.769726 1.067259 -0.814381
v -0.769726 1.067845 -0.812967
v -0.729726 1.105259 -0.812381
v -0.729726 1.107259 -0.814381
v -0.729726 1.106673 -0.812967
v -0.774726 1.107259 -0.878381
v -0.772726 1.107259 -0.880381
v -0.774141 1.107259 -0.879795
v -0.774726 1.067259 -0.878381
v -0.772726 1.067259 -0.880381
v -0.774141 1.067259 -0.879795
v -0.724726 1.067259 -0.878381
v -0.726726 1.067259 -0.880381
v -0.725312 1.067259 -0.879795
v -0.724726 1.107259 -0.878381
v -0.726726 1.107259 -0.880381
v -0.725312 1.107259 -0.879795
v -0.767726 1.067259 -0.875382
v -0.769726 1.067259 -0.873382
v -0.769141 1.067259 -0.874796
v -0.729726 1.067259 -0.873382
v -0.731726 1.067259 -0.875382
v -0.730312 1.067259 -0.874796
v -0.731726 1.107259 -0.875382
v -0.729726 1.107259 -0.873382
v -0.730312 1.107259 -0.874796
v -0.769726 1.107259 -0.873382
v -0.767726 1.107259 -0.875382
v -0.769141 1.107259 -0.874796
v -0.704711 0.515000 -2.086296
v -0.704711 0.605000 -2.086296
v -0.794711 0.605000 -2.086296
v -0.794711 0.515000 -2.086296
v -0.774716 0.515000 -2.086296
v -0.724706 0.605000 -2.086296
v -0.729707 0.515000 -2.086296
v -0.769716 0.515000 -2.086296
v -0.769716 0.605000 -2.086296
v -0.729707 0.605000 -2.086296
v -0.724706 0.515000 -2.086296
v -0.774716 0.605000 -2.086296
v -0.749727 0.497033 -2.088457
v -0.749727 0.499033 -2.086292
v -0.763869 0.499033 -2.092150
v -0.762339 0.497033 -2.093681
v -0.769727 0.499033 -2.106292
v -0.767563 0.497033 -2.106292
v -0.763869 0.499033 -2.120434
v -0.762339 0.497033 -2.118903
v -0.749727 0.499033 -2.126292
v -0.749727 0.497033 -2.124127
v -0.735585 0.499033 -2.120434
v -0.737116 0.497033 -2.118903
v -0.729727 0.499033 -2.106292
v -0.731892 0.497033 -2.106292
v -0.735585 0.499033 -2.092150
v -0.737116 0.497033 -2.093681
v -0.704711 0.520000 -2.045571
v -0.704711 0.515000 -2.050571
v -0.704711 0.516464 -2.047035
v -0.704711 0.605000 -2.050571
v -0.704711 0.600000 -2.045571
v -0.704711 0.603535 -2.047035
v -0.794711 0.515000 -2.050571
v -0.794711 0.520000 -2.045571
v -0.794711 0.516464 -2.047035
v -0.794711 0.600000 -2.045571
v -0.794711 0.605000 -2.050571
v -0.794711 0.603535 -2.047035
v -0.729707 0.520000 -2.117014
v -0.729707 0.515000 -2.112014
v -0.729707 0.516464 -2.115550
v -0.769716 0.515000 -2.112014
v -0.769716 0.520000 -2.117014
v -0.769716 0.516464 -2.115550
v -0.769716 0.600000 -2.117014
v -0.769716 0.605000 -2.112014
v -0.769716 0.603535 -2.115550
v -0.729707 0.605000 -2.112014
v -0.729707 0.600000 -2.117014
v -0.729707 0.603535 -2.115550
v -0.774716 0.520000 -2.117014
v -0.774716 0.515000 -2.112014
v -0.774716 0.516464 -2.115550
v -0.724706 0.600000 -2.117014
v -0.724706 0.605000 -2.112014
v -0.724706 0.603535 -2.115550
v -0.724706 0.515000 -2.112014
v -0.724706 0.520000 -2.117014
v -0.724706 0.516464 -2.115550
v -0.774716 0.605000 -2.112014
v -0.774716 0.600000 -2.117014
v -0.774716 0.603535 -2.115550
v -0.749727 1.241999 -2.088457
v -0.749727 1.239998 -2.086292
v -0.749727 1.242001 -2.124127
v -0.749727 1.240001 -2.126292
v -0.737116 1.242001 -2.118903
v -0.735585 1.240001 -2.120434
v -0.731892 1.242001 -2.106292
v -0.729727 1.240001 -2.106292
v -0.737116 1.242001 -2.093681
v -0.735585 1.240001 -2.092150
v -0.762339 1.241998 -2.093681
v -0.763869 1.239998 -2.092150
v -0.767563 1.241998 -2.106292
v -0.769727 1.239998 -2.106292
v -0.762339 1.241998 -2.118903
v -0.763869 1.239998 -2.120434
v -0.794743 0.515000 -0.836065
v -0.794743 0.605000 -0.836065
v -0.704743 0.605000 -0.836066
v -0.704743 0.515000 -0.836066
v -0.724738 0.515000 -0.836065
v -0.774748 0.605000 -0.836065
v -0.769747 0.515000 -0.836065
v -0.729738 0.515000 -0.836066
v -0.729738 0.605000 -0.836066
v -0.769747 0.605000 -0.836066
v -0.774748 0.515000 -0.836065
v -0.724738 0.605000 -0.836065
v -0.749727 0.497033 -0.833905
v -0.749727 0.499034 -0.836070
v -0.735584 0.499034 -0.830212
v -0.737115 0.497033 -0.828681
v -0.729727 0.499034 -0.816070
v -0.731891 0.497033 -0.816070
v -0.735584 0.499034 -0.801928
v -0.737115 0.497033 -0.803458
v -0.749727 0.499034 -0.796070
v -0.749727 0.497033 -0.798234
v -0.763869 0.499034 -0.801928
v -0.762338 0.497033 -0.803458
v -0.769727 0.499034 -0.816070
v -0.767562 0.497033 -0.816070
v -0.763869 0.499034 -0.830212
v -0.762338 0.497033 -0.828681
v -0.794743 0.520000 -0.876791
v -0.794743 0.515000 -0.871791
v -0.794743 0.516464 -0.875326
v -0.794743 0.605000 -0.871791
v -0.794743 0.600000 -0.876791
v -0.794743 0.603535 -0.875326
v -0.704743 0.515000 -0.871791
v -0.704743 0.520000 -0.876791
v -0.704743 0.516464 -0.875327
v -0.704743 0.600000 -0.876791
v -0.704743 0.605000 -0.871791
v -0.704743 0.603535 -0.875327
v -0.769747 0.520000 -0.805348
v -0.769747 0.515000 -0.810348
v -0.769747 0.516464 -0.806812
v -0.729738 0.515000 -0.810348
v -0.729738 0.520000 -0.805348
v -0.729738 0.516464 -0.806812
v -0.729738 0.600000 -0.805348
v -0.729738 0.605000 -0.810348
v -0.729738 0.603535 -0.806812
v -0.769747 0.605000 -0.810348
v -0.769747 0.600000 -0.805348
v -0.769747 0.603535 -0.806812
v -0.724738 0.520000 -0.805348
v -0.724738 0.515000 -0.810348
v -0.724738 0.516464 -0.806812
v -0.774748 0.600000 -0.805347
v -0.774748 0.605000 -0.810347
v -0.774748 0.603536 -0.806812
v -0.774748 0.515000 -0.810347
v -0.774748 0.520000 -0.805347
v -0.774748 0.516464 -0.806812
v -0.724738 0.605000 -0.810348
v -0.724738 0.600000 -0.805348
v -0.724738 0.603536 -0.806812
v -0.749727 1.108980 -0.833905
v -0.749727 1.106979 -0.836070
v -0.749727 1.106982 -0.796070
v -0.749727 1.108982 -0.798235
v -0.762338 1.108983 -0.803458
v -0.763869 1.106982 -0.801928
v -0.767562 1.108983 -0.816070
v -0.769727 1.106982 -0.816070
v -0.762338 1.108982 -0.828681
v -0.763869 1.106982 -0.830212
v -0.735584 1.106979 -0.830212
v -0.737115 1.108979 -0.828681
v -0.731891 1.108979 -0.816070
v -0.729727 1.106979 -0.816070
v -0.737115 1.108980 -0.803458
v -0.735584 1.106979 -0.801928
vn -0.6850 0.7285 -0.0001
vn -0.0000 1.0000 -0.0001
vn -0.7071 0.7071 -0.0001
vn -0.9991 0.0433 -0.0000
vn -1.0000 -0.0000 -0.0000
vn -0.7286 -0.6850 -0.0001
vn -0.7071 -0.7071 -0.0001
vn -0.0000 -1.0000 -0.0001
vn -0.0000 -1.0000 -0.0002
vn 0.7071 -0.7071 -0.0001
vn 1.0000 -0.0000 -0.0000
vn 0.7286 -0.6850 -0.0001
vn 0.7071 0.7071 -0.0001
vn 0.9991 0.0433 -0.0000
vn 0.6850 0.7285 -0.0001
vn -0.0000 -0.9808 -0.1951
vn -0.0000 -0.7071 -0.7071
vn -0.0000 -0.1951 -0.9808
vn -0.0000 0.9808 -0.1951
vn -0.0000 0.7071 -0.7071
vn -0.0000 0.1951 -0.9808
vn -0.0004 -0.0000 1.0000
vn -0.1952 0.0001 0.9808
vn -0.1952 -0.0001 0.9808
vn -0.0001 1.0000 0.0001
vn 0.0001 1.0000 0.0001
vn 0.1952 0.0001 0.9808
vn 0.7071 -0.0000 0.7071
vn -0.7071 -0.0000 0.7071
vn 0.9808 -0.0000 0.1951
vn -0.0001 -1.0000 -0.0001
vn 0.0001 -1.0000 -0.0001
vn -0.0000 -1.0000 0.0001
vn 0.0004 -0.0000 1.0000
vn 0.1952 -0.0001 0.9808
vn -0.9808 -0.0000 0.1951
vn -0.1951 -0.0000 -0.9808
vn -0.7071 -0.0000 -0.7071
vn -0.9808 -0.0000 -0.1951
vn 0.9808 -0.0000 -0.1951
vn 0.7071 -0.0000 -0.7071
vn 0.1951 -0.0000 -0.9808
vn -0.0000 -0.0000 -1.0000
vn 0.0001 -0.0000 -1.0000
vn -0.8683 -0.4583 -0.1899
vn -0.0000 -0.9239 -0.3827
vn -0.6303 -0.5490 -0.5490
vn -0.0005 -0.0000 1.0000
vn -0.0000 0.9119 0.4104
vn -0.7014 0.6792 0.2161
vn -0.6982 0.6519 0.2957
vn -0.0000 0.9536 0.3011
vn -0.7034 0.7007 0.1197
vn -0.0000 0.9987 0.0512
vn -0.7037 0.7096 0.0352
vn -0.9999 0.0155 0.0068
vn -0.9999 0.0104 0.0074
vn -0.9999 0.0165 0.0024
vn -0.9999 0.0123 -0.0010
vn -0.7180 -0.6630 -0.2118
vn -0.7097 -0.6412 -0.2919
vn -0.7203 -0.6837 -0.1172
vn -0.7158 -0.6975 -0.0348
vn -0.0000 -0.9520 -0.3060
vn -0.0000 -0.9091 -0.4166
vn -0.0000 -0.9857 -0.1688
vn -0.0000 -0.9988 -0.0484
vn 0.7097 -0.6412 -0.2919
vn 0.7180 -0.6630 -0.2118
vn 0.7203 -0.6837 -0.1172
vn 0.7158 -0.6975 -0.0348
vn 0.9999 0.0104 0.0074
vn 0.9999 0.0155 0.0068
vn 0.9999 0.0165 0.0024
vn 0.9999 0.0123 -0.0010
vn 0.6982 0.6519 0.2957
vn 0.7014 0.6792 0.2161
vn 0.7034 0.7007 0.1197
vn 0.7037 0.7096 0.0352
vn -0.0000 0.9857 0.1686
vn -0.7143 0.6988 0.0366
vn -0.0000 0.9856 0.1693
vn -0.7190 0.6848 0.1187
vn -0.7171 0.6640 0.2120
vn -0.0000 0.9522 0.3055
vn -0.7092 0.6420 0.2913
vn -0.9999 -0.0125 0.0031
vn -0.9999 -0.0168 -0.0007
vn -0.9999 -0.0157 -0.0063
vn -0.9999 -0.0102 -0.0080
vn -0.7022 -0.7111 -0.0343
vn -0.7021 -0.7020 -0.1191
vn -0.7005 -0.6801 -0.2163
vn -0.6976 -0.6522 -0.2966
vn -0.0000 -0.9987 -0.0510
vn -0.0000 -0.9857 -0.1685
vn -0.0000 -0.9535 -0.3014
vn -0.0000 -0.9116 -0.4112
vn 0.7021 -0.7020 -0.1191
vn 0.7022 -0.7111 -0.0343
vn 0.7005 -0.6801 -0.2163
vn 0.6976 -0.6522 -0.2966
vn 0.9999 -0.0168 -0.0007
vn 0.9999 -0.0125 0.0031
vn 0.9999 -0.0157 -0.0063
vn 0.9999 -0.0102 -0.0080
vn 0.7190 0.6848 0.1187
vn 0.7143 0.6988 0.0366
vn 0.7171 0.6640 0.2120
vn 0.7092 0.6420 0.2913
vn -0.0000 0.9988 0.0494
vn -0.0000 0.9095 0.4157
vn -0.7070 0.7072 0.0014
vn 0.7070 0.7072 0.0014
vn 1.0000 -0.0000 0.0017
vn 0.7069 -0.7073 0.0011
vn -0.0000 -1.0000 0.0006
vn -0.7069 -0.7073 0.0011
vn -1.0000 -0.0000 0.0017
vn 0.5000 0.8660 -0.0000
vn 0.5000 -0.8660 -0.0000
vn -0.5000 -0.8660 -0.0000
vn -0.5000 0.8660 -0.0000
vn 0.0044 1.0000 -0.0001
vn 0.7071 0.7071 -0.0000
vn 0.0056 1.0000 0.0021
vn 0.7075 0.7067 -0.0000
vn 1.0000 0.0001 -0.0000
vn 0.7074 -0.7068 -0.0000
vn 0.7071 -0.7071 -0.0000
vn 0.0043 -1.0000 -0.0002
vn 0.0056 -1.0000 0.0022
vn -0.6227 0.2576 0.7388
vn -0.7437 0.1535 0.6506
vn -0.7729 -0.0000 0.6345
vn -0.7045 -0.7097 -0.0002
vn -0.7049 -0.7093 0.0016
vn -0.0001 -1.0000 0.0006
vn -0.7444 -0.1536 -0.6498
vn -0.7444 0.1536 -0.6499
vn -0.7733 -0.0000 -0.6341
vn -1.0000 0.0002 -0.0000
vn -0.6232 -0.2580 -0.7382
vn -0.7044 0.7098 -0.0000
vn -0.7049 0.7093 0.0015
vn 0.7223 0.1459 -0.6760
vn 0.7224 -0.1459 -0.6759
vn 0.7448 -0.0000 -0.6673
vn 0.6036 0.2500 -0.7571
vn -0.0001 1.0000 0.0006
vn 0.3404 0.6952 -0.6331
vn 0.3782 0.7062 -0.5985
vn 0.2795 0.6741 -0.6837
vn 0.3405 0.6951 0.6332
vn 0.3783 0.7062 0.5985
vn 0.4127 0.7148 0.5647
vn -0.3400 0.7038 0.6238
vn -0.3830 0.7171 0.5823
vn -0.2751 0.6798 0.6799
vn -0.7438 -0.1535 0.6505
vn -0.6228 -0.2577 0.7387
vn -0.3832 -0.7172 0.5820
vn -0.3401 -0.7040 0.6235
vn -0.2754 -0.6801 0.6795
vn 0.3405 -0.6955 0.6328
vn 0.3785 -0.7066 0.5979
vn 0.2797 -0.6744 0.6834
vn 0.7217 0.1458 0.6767
vn 0.6031 0.2496 0.7576
vn 0.7443 -0.0000 0.6678
vn 0.6037 -0.2500 -0.7570
vn 0.3783 -0.7065 -0.5981
vn 0.3402 -0.6954 -0.6330
vn 0.2790 -0.6742 -0.6838
vn -0.3398 -0.7040 -0.6236
vn -0.3830 -0.7173 -0.5821
vn -0.2745 -0.6799 -0.6800
vn -0.6231 0.2581 -0.7383
vn -0.3400 0.7038 -0.6238
vn -0.3829 0.7170 -0.5825
vn -0.4194 0.7264 -0.5445
vn 0.6033 -0.2496 0.7575
vn 0.7218 -0.1458 0.6766
vn 0.9982 -0.0530 -0.0269
vn -0.4259 0.1626 -0.8901
vn -0.6297 -0.3484 0.6943
vn -0.1734 -0.9592 -0.2232
vn -0.4331 0.8047 0.4062
vn -0.4269 0.9043 -0.0000
vn -0.9310 -0.3555 -0.0822
vn 0.6135 -0.0000 -0.7897
vn 0.6297 -0.3484 0.6943
vn 0.2541 -0.9417 -0.2206
vn 0.4331 0.8047 0.4062
vn 0.4269 0.9043 -0.0000
vn 0.9982 0.0530 0.0269
vn -0.6298 0.3484 -0.6943
vn -0.1734 0.9592 0.2232
vn -0.4331 -0.8047 -0.4062
vn -0.4269 -0.9043 -0.0000
vn -0.9310 0.3555 0.0822
vn 0.6298 0.3484 -0.6943
vn 0.2541 0.9417 0.2206
vn 0.4331 -0.8047 -0.4062
vn 0.4269 -0.9043 -0.0000
vn 0.7072 -0.0000 0.7071
vn -0.0001 -1.0000 -0.0000
vn 0.0001 -1.0000 -0.0000
vn 0.0005 -0.0000 1.0000
vn -0.7071 -0.0000 -0.7072
vn -0.1950 -0.0000 -0.9808
vn -0.7072 -0.0000 -0.7070
vn 0.7072 -0.0000 -0.7070
vn 0.7071 -0.0000 -0.7072
vn 0.1950 -0.0000 -0.9808
vn -0.0000 -0.9808 0.1951
vn -0.0000 -0.7071 0.7071
vn -0.0000 0.7071 0.7071
vn -0.0000 0.1951 0.9808
vn -0.0000 0.9808 0.1951
vn 0.8683 -0.4583 0.1899
vn -0.0000 -0.9239 0.3827
vn 0.6303 -0.5490 0.5490
vn -0.0000 -0.1951 0.9808
vn 0.0003 -0.0000 -1.0000
vn 0.0001 1.0000 -0.0001
vn -0.0001 1.0000 -0.0001
vn -0.0000 1.0000 0.0001
vn 0.0001 -1.0000 0.0001
vn -0.0001 -1.0000 0.0001
vn -0.0000 -1.0000 -0.0000
vn -0.0003 -0.0000 -1.0000
vn 0.1951 -0.0000 0.9808
vn -0.1951 -0.0000 0.9808
vn -0.4798 -0.7345 0.4798
vn -0.0000 -0.7345 0.6786
vn -0.6786 -0.7345 -0.0000
vn -0.4798 -0.7345 -0.4798
vn -0.0000 -0.7345 -0.6786
vn 0.4798 -0.7345 -0.4798
vn 0.6786 -0.7345 -0.0000
vn 0.4798 -0.7345 0.4798
vn 0.0001 0.1951 -0.9808
vn -0.0000 1.0000 -0.0000
vn 0.4798 0.7345 -0.4798
vn -0.0001 0.7346 -0.6785
vn 0.6786 0.7345 -0.0000
vn 0.4797 0.7346 0.4798
vn -0.0001 0.7344 0.6787
vn -0.4798 0.7345 0.4798
vn -0.6786 0.7345 -0.0000
vn -0.4800 0.7344 -0.4798
vn -0.0000 -0.0000 1.0000
vn -0.0001 1.0000 -0.0000
vn -0.4798 -0.7345 0.4799
vn -0.4799 -0.7345 -0.4798
vn 0.0001 0.7346 0.6785
vn -0.4798 0.7345 0.4799
vn -0.4797 0.7346 -0.4798
vn 0.0001 0.7344 -0.6787
vn 0.4800 0.7344 0.4798
vn 0.4799 0.7345 -0.4798
vn 0.0001 1.0000 -0.0000
vn -0.0000 1.0000 -0.0002
vn -0.0001 0.0001 1.0000
vn -0.0000 0.0002 1.0000
vn -0.0000 -0.0002 1.0000
vn -0.0001 -0.0001 1.0000
vn -0.0005 1.0000 -0.0000
vn -0.0000 1.0000 0.0005
vn 0.0005 1.0000 -0.0000
vn -0.0005 -1.0000 -0.0000
vn -0.0000 -1.0000 -0.0005
vn 0.0005 -1.0000 -0.0000
vn 0.0001 -0.0001 1.0000
vn 0.0001 0.0001 1.0000
vn -0.0001 -0.0000 -1.0000
vn -0.0001 0.0002 1.0000
vn -0.0000 0.0003 1.0000
vn -0.0000 -0.0003 1.0000
vn -0.0001 -0.0002 1.0000
vn -0.0000 1.0000 0.0011
vn 0.4127 0.7148 -0.5645
vn 0.2797 0.6740 0.6837
vn -0.4194 0.7264 0.5444
vn -0.4195 -0.7266 0.5441
vn 0.4129 -0.7152 0.5640
vn 0.4129 -0.7151 -0.5640
vn -0.4196 -0.7267 -0.5440
vn -0.2750 0.6798 -0.6799
vn 0.9390 -0.3350 -0.0785
vn 0.9342 -0.3567 -0.0000
vn -0.6135 -0.0000 -0.7897
vn -0.4348 -0.2616 0.8617
vn -0.2541 -0.9417 -0.2206
vn -0.4108 0.8131 0.4125
vn -0.9390 -0.3350 -0.0785
vn 0.4259 0.1626 -0.8901
vn 0.4348 -0.2616 0.8617
vn 0.1734 -0.9592 -0.2232
vn 0.4108 0.8131 0.4125
vn 0.9390 0.3350 0.0785
vn 0.9342 0.3567 -0.0000
vn -0.4348 0.2616 -0.8617
vn -0.2541 0.9417 0.2206
vn -0.4108 -0.8131 -0.4125
vn -0.9390 0.3350 0.0785
vn 0.4348 0.2616 -0.8617
vn 0.1734 0.9592 0.2232
vn 0.4108 -0.8131 -0.4125
vn -0.0000 1.0000 0.0006
vn -0.7072 -0.0000 0.7071
vn -0.0000 -1.0000 -0.0004
vn 0.0001 -0.0002 1.0000
vn 0.0001 0.0002 1.0000
vn -0.0000 0.0001 -1.0000
vn -0.0000 0.0002 -1.0000
vn -0.0000 -0.0002 -1.0000
vn -0.0000 -0.0001 -1.0000
vn -0.0000 1.0000 -0.0006
vn -0.0000 1.0000 0.0003
vn -0.0000 -1.0000 0.0005
vn -0.0002 1.0000 -0.0000
vn 0.0002 1.0000 -0.0000
vt 0.043572 0.295928
vt 0.041319 0.250715
vt 0.043565 0.250715
vt 0.045822 0.295553
vt 0.045810 0.250714
vt 0.030086 0.295180
vt 0.027848 0.250714
vt 0.030093 0.250715
vt 0.032332 0.295026
vt 0.032339 0.250715
vt 0.034584 0.250715
vt 0.036829 0.250715
vt 0.034578 0.295181
vt 0.039074 0.250715
vt 0.036829 0.295555
vt 0.039080 0.295929
vt 0.281984 0.045825
vt 0.281251 0.046050
vt 0.281251 0.045825
vt 0.281984 0.046050
vt 0.281251 0.046274
vt 0.274650 0.052003
vt 0.275384 0.051779
vt 0.275384 0.052003
vt 0.274650 0.051779
vt 0.275384 0.051554
vt 0.275384 0.045825
vt 0.274650 0.046050
vt 0.274650 0.045825
vt 0.275384 0.046050
vt 0.274650 0.046274
vt 0.281251 0.052003
vt 0.281984 0.051779
vt 0.281984 0.052003
vt 0.281251 0.051779
vt 0.281984 0.051554
vt 0.116910 0.247327
vt 0.113976 0.246887
vt 0.119843 0.246887
vt 0.274650 0.051554
vt 0.281251 0.051554
vt 0.281898 0.061598
vt 0.274736 0.061598
vt 0.280957 0.060951
vt 0.112794 0.012488
vt 0.106927 0.012263
vt 0.112794 0.012263
vt 0.119843 0.246663
vt 0.114062 0.236844
vt 0.119550 0.236758
vt 0.119843 0.237051
vt 0.112794 0.012039
vt 0.274736 0.036231
vt 0.281898 0.036231
vt 0.275677 0.036878
vt 0.109860 0.012928
vt 0.106927 0.012488
vt 0.107013 0.002444
vt 0.112500 0.002359
vt 0.112794 0.002652
vt 0.113976 0.246438
vt 0.119843 0.246438
vt 0.084595 0.272588
vt 0.078728 0.272812
vt 0.078728 0.272588
vt 0.084595 0.272812
vt 0.078728 0.273037
vt 0.084595 0.266858
vt 0.078728 0.267083
vt 0.078728 0.266858
vt 0.084595 0.267083
vt 0.078728 0.267307
vt 0.084595 0.267307
vt 0.084509 0.281898
vt 0.079022 0.281984
vt 0.078728 0.281691
vt 0.078814 0.257997
vt 0.084302 0.257911
vt 0.084595 0.258205
vt 0.020841 0.144517
vt 0.019253 0.140684
vt 0.023086 0.139096
vt 0.107222 0.215907
vt 0.107956 0.215682
vt 0.107956 0.215907
vt 0.114556 0.209953
vt 0.113823 0.210177
vt 0.113823 0.209953
vt 0.107956 0.209953
vt 0.107222 0.210177
vt 0.107222 0.209953
vt 0.107956 0.209728
vt 0.107222 0.209728
vt 0.113823 0.215907
vt 0.114556 0.215682
vt 0.114556 0.215907
vt 0.113823 0.215682
vt 0.114556 0.215458
vt 0.107222 0.215682
vt 0.107956 0.215458
vt 0.109860 0.093999
vt 0.106927 0.093558
vt 0.112794 0.093558
vt 0.114556 0.209728
vt 0.113823 0.209728
vt 0.114556 0.210177
vt 0.326763 0.053572
vt 0.324605 0.055070
vt 0.324620 0.053290
vt 0.326701 0.055234
vt 0.324547 0.057092
vt 0.326645 0.058768
vt 0.324465 0.058868
vt 0.322317 0.054715
vt 0.322422 0.052697
vt 0.322213 0.057042
vt 0.322156 0.059114
vt 0.340140 0.053576
vt 0.338017 0.054934
vt 0.338003 0.053043
vt 0.340159 0.055183
vt 0.338025 0.057090
vt 0.340252 0.058690
vt 0.338011 0.058986
vt 0.335673 0.054787
vt 0.335720 0.052771
vt 0.335662 0.057108
vt 0.335687 0.059129
vt 0.333389 0.052859
vt 0.333273 0.054843
vt 0.333253 0.057119
vt 0.333337 0.059100
vt 0.331104 0.053189
vt 0.330948 0.055034
vt 0.330918 0.057129
vt 0.331024 0.058959
vt 0.328907 0.053504
vt 0.328771 0.055204
vt 0.328732 0.057129
vt 0.328800 0.058815
vt 0.326658 0.057117
vt 0.326592 0.011412
vt 0.328849 0.013316
vt 0.326509 0.013271
vt 0.326443 0.015405
vt 0.328779 0.015593
vt 0.326410 0.017286
vt 0.324404 0.011625
vt 0.324348 0.013245
vt 0.324299 0.015110
vt 0.324263 0.016739
vt 0.339694 0.011839
vt 0.341855 0.013518
vt 0.339636 0.013523
vt 0.339610 0.015458
vt 0.341834 0.015733
vt 0.339622 0.017178
vt 0.337626 0.011922
vt 0.337611 0.013506
vt 0.337573 0.015316
vt 0.337519 0.016919
vt 0.335614 0.013472
vt 0.335574 0.011844
vt 0.335560 0.015330
vt 0.335421 0.016975
vt 0.333502 0.013425
vt 0.333442 0.011653
vt 0.333439 0.015457
vt 0.333268 0.017251
vt 0.331225 0.013370
vt 0.331197 0.011446
vt 0.331158 0.015590
vt 0.331014 0.017533
vt 0.328885 0.011344
vt 0.328693 0.017581
vt 0.341798 0.017711
vt 0.326770 0.002025
vt 0.331118 0.002055
vt 0.333285 0.002046
vt 0.335445 0.002028
vt 0.337599 0.002017
vt 0.339752 0.002021
vt 0.341871 0.011598
vt 0.324600 0.001988
vt 0.401839 0.607477
vt 0.397439 0.563475
vt 0.401839 0.563475
vt 0.393038 0.607477
vt 0.393038 0.563475
vt 0.388638 0.563475
vt 0.388638 0.607477
vt 0.384238 0.563475
vt 0.410639 0.607477
vt 0.406239 0.563475
vt 0.410639 0.563475
vt 0.406239 0.607477
vt 0.328210 0.126771
vt 0.011165 0.041646
vt 0.015854 0.039428
vt 0.015855 0.041646
vt 0.330470 0.126712
vt 0.332759 0.126653
vt 0.015854 0.043891
vt 0.335049 0.126594
vt 0.011165 0.046136
vt 0.015854 0.046137
vt 0.337309 0.126537
vt 0.015855 0.048354
vt 0.406262 0.609713
vt 0.408440 0.609158
vt 0.339617 0.126479
vt 0.015858 0.050619
vt 0.011165 0.048382
vt 0.408439 0.561791
vt 0.341906 0.126423
vt 0.011173 0.052872
vt 0.015862 0.052865
vt 0.015862 0.059922
vt 0.013688 0.059392
vt 0.015862 0.057675
vt 0.325902 0.126832
vt 0.323611 0.126893
vt 0.011169 0.037156
vt 0.015862 0.034919
vt 0.015858 0.037163
vt 0.395238 0.561739
vt 0.397407 0.561159
vt 0.011165 0.039401
vt 0.398923 0.561698
vt 0.401133 0.561515
vt 0.398924 0.609251
vt 0.397439 0.607477
vt 0.404841 0.609222
vt 0.402585 0.609417
vt 0.011916 0.063446
vt 0.011916 0.061210
vt 0.014099 0.061744
vt 0.385636 0.609222
vt 0.387893 0.609416
vt 0.391552 0.609250
vt 0.389341 0.609431
vt 0.397409 0.609791
vt 0.395238 0.609210
vt 0.393068 0.561159
vt 0.391553 0.561699
vt 0.389343 0.561517
vt 0.385635 0.561727
vt 0.387892 0.561533
vt 0.406264 0.561237
vt 0.404843 0.561726
vt 0.393066 0.609791
vt 0.058068 0.143272
vt 0.065209 0.155123
vt 0.065126 0.168051
vt 0.057709 0.143141
vt 0.056990 0.143698
vt 0.056557 0.142772
vt 0.063320 0.167818
vt 0.056990 0.157025
vt 0.063604 0.168309
vt 0.062616 0.168171
vt 0.057709 0.143698
vt 0.056089 0.157386
vt 0.056026 0.157139
vt 0.056026 0.143356
vt 0.056109 0.094030
vt 0.062080 0.068720
vt 0.063167 0.069252
vt 0.063527 0.069120
vt 0.064245 0.069677
vt 0.063527 0.069677
vt 0.058619 0.094150
vt 0.057915 0.093797
vt 0.057631 0.094288
vt 0.057395 0.094024
vt 0.065146 0.083365
vt 0.064245 0.083004
vt 0.065209 0.083118
vt 0.016696 0.175418
vt 0.015487 0.161636
vt 0.021240 0.150058
vt 0.022760 0.151061
vt 0.023706 0.163537
vt 0.017852 0.175510
vt 0.022721 0.150495
vt 0.023547 0.151052
vt 0.017207 0.175194
vt 0.024674 0.163609
vt 0.024622 0.163858
vt 0.018568 0.176240
vt 0.110565 0.167682
vt 0.116318 0.193042
vt 0.115109 0.193042
vt 0.113953 0.193134
vt 0.108258 0.168676
vt 0.109045 0.168685
vt 0.109084 0.168119
vt 0.109412 0.168252
vt 0.107132 0.181233
vt 0.108100 0.181162
vt 0.107184 0.181482
vt 0.107956 0.210177
vt 0.107308 0.200134
vt 0.114470 0.200134
vt 0.108249 0.200781
vt 0.185052 0.327958
vt 0.179185 0.327733
vt 0.185052 0.327733
vt 0.112794 0.093334
vt 0.107013 0.083515
vt 0.112500 0.083429
vt 0.112794 0.083722
vt 0.185052 0.327509
vt 0.114470 0.225501
vt 0.107308 0.225501
vt 0.113529 0.224854
vt 0.182119 0.328398
vt 0.179185 0.327958
vt 0.179271 0.317914
vt 0.184759 0.317828
vt 0.185052 0.318122
vt 0.106927 0.093109
vt 0.112794 0.093109
vt 0.089882 0.300786
vt 0.084015 0.301011
vt 0.084015 0.300786
vt 0.089882 0.301011
vt 0.084015 0.301235
vt 0.089882 0.295057
vt 0.084015 0.295281
vt 0.084015 0.295057
vt 0.089882 0.295281
vt 0.084015 0.295506
vt 0.089882 0.295506
vt 0.089796 0.310097
vt 0.084309 0.310183
vt 0.084015 0.309889
vt 0.084101 0.286196
vt 0.089589 0.286110
vt 0.089882 0.286403
vt 0.313707 0.010577
vt 0.312974 0.010802
vt 0.312974 0.010577
vt 0.306374 0.016531
vt 0.307107 0.016306
vt 0.307107 0.016531
vt 0.312974 0.016531
vt 0.313707 0.016306
vt 0.313707 0.016531
vt 0.312974 0.016755
vt 0.313707 0.016755
vt 0.307107 0.010577
vt 0.306374 0.010802
vt 0.306374 0.010577
vt 0.307107 0.010802
vt 0.306374 0.011026
vt 0.313707 0.010802
vt 0.312974 0.011026
vt 0.004116 0.236167
vt 0.007050 0.236607
vt 0.001183 0.236607
vt 0.306374 0.016756
vt 0.307107 0.016756
vt 0.306374 0.016306
vt 0.312974 0.016306
vt 0.313621 0.026350
vt 0.306460 0.026350
vt 0.312681 0.025703
vt 0.001183 0.254231
vt 0.007050 0.254455
vt 0.001183 0.254455
vt 0.001183 0.236831
vt 0.006964 0.246650
vt 0.001476 0.246736
vt 0.001183 0.246443
vt 0.001183 0.254680
vt 0.306460 0.000983
vt 0.313621 0.000983
vt 0.307400 0.001630
vt 0.004116 0.252072
vt 0.007050 0.254231
vt 0.006964 0.264274
vt 0.001476 0.264360
vt 0.001183 0.264067
vt 0.007050 0.237056
vt 0.001183 0.237056
vt 0.307840 0.068156
vt 0.313707 0.067932
vt 0.313707 0.068156
vt 0.307840 0.067932
vt 0.313707 0.067707
vt 0.307840 0.073886
vt 0.313707 0.073661
vt 0.313707 0.073886
vt 0.307840 0.073661
vt 0.313707 0.073437
vt 0.307840 0.073437
vt 0.307926 0.058846
vt 0.313414 0.058760
vt 0.313707 0.059053
vt 0.313621 0.082747
vt 0.308134 0.082833
vt 0.307840 0.082540
vt 0.721604 0.558651
vt 0.718671 0.545450
vt 0.721604 0.545450
vt 0.204438 0.250461
vt 0.191238 0.256330
vt 0.191238 0.250461
vt 0.693523 0.558651
vt 0.690590 0.545450
vt 0.693523 0.545450
vt 0.248734 0.220376
vt 0.250966 0.219943
vt 0.250964 0.220377
vt 0.246629 0.219917
vt 0.248745 0.219950
vt 0.264360 0.220346
vt 0.262111 0.219943
vt 0.264225 0.219911
vt 0.259890 0.220371
vt 0.262119 0.220369
vt 0.257658 0.220369
vt 0.259890 0.219937
vt 0.255423 0.219940
vt 0.257659 0.219930
vt 0.255425 0.220374
vt 0.253194 0.219940
vt 0.253194 0.220376
vt 0.259219 0.216094
vt 0.253827 0.218369
vt 0.699497 0.591044
vt 0.712698 0.591605
vt 0.699497 0.591605
vt 0.712698 0.592167
vt 0.699497 0.592167
vt 0.699497 0.559040
vt 0.712697 0.558479
vt 0.712697 0.559040
vt 0.699497 0.558479
vt 0.712697 0.557918
vt 0.709765 0.582032
vt 0.709031 0.581470
vt 0.709765 0.581470
vt 0.709031 0.580909
vt 0.709765 0.580909
vt 0.702429 0.568053
vt 0.703163 0.568614
vt 0.702429 0.568614
vt 0.703163 0.569175
vt 0.702429 0.569175
vt 0.702429 0.582032
vt 0.703163 0.581470
vt 0.703163 0.582032
vt 0.702429 0.581470
vt 0.703163 0.580909
vt 0.709765 0.568053
vt 0.709031 0.568614
vt 0.709031 0.568053
vt 0.709765 0.568614
vt 0.709031 0.569175
vt 0.703163 0.585804
vt 0.709031 0.585804
vt 0.712912 0.545665
vt 0.699497 0.546184
vt 0.712697 0.546184
vt 0.709031 0.564280
vt 0.703163 0.564280
vt 0.699497 0.557918
vt 0.698763 0.558651
vt 0.191971 0.260835
vt 0.191238 0.260102
vt 0.204438 0.256330
vt 0.203705 0.245956
vt 0.204438 0.246689
vt 0.702429 0.580909
vt 0.686085 0.546184
vt 0.686818 0.545450
vt 0.690590 0.558651
vt 0.726109 0.557918
vt 0.725376 0.558651
vt 0.257656 0.329037
vt 0.259885 0.329471
vt 0.257654 0.329474
vt 0.255424 0.329471
vt 0.255425 0.329036
vt 0.253196 0.329468
vt 0.253194 0.329034
vt 0.250966 0.329466
vt 0.250964 0.329032
vt 0.248734 0.329033
vt 0.246629 0.329492
vt 0.246494 0.329057
vt 0.262117 0.329038
vt 0.264222 0.329496
vt 0.262106 0.329463
vt 0.259887 0.329036
vt 0.248745 0.329459
vt 0.257646 0.334856
vt 0.253843 0.333274
vt 0.246494 0.220353
vt 0.708215 0.596590
vt 0.711147 0.609791
vt 0.708215 0.609791
vt 0.318994 0.320957
vt 0.305794 0.326826
vt 0.305794 0.320957
vt 0.736295 0.596590
vt 0.739228 0.609791
vt 0.736295 0.609791
vt 0.201733 0.268123
vt 0.199504 0.267685
vt 0.201734 0.267688
vt 0.197273 0.268124
vt 0.199503 0.268122
vt 0.195043 0.267692
vt 0.197273 0.267688
vt 0.192814 0.268127
vt 0.195043 0.268127
vt 0.190593 0.267702
vt 0.192813 0.267693
vt 0.188346 0.268103
vt 0.190585 0.268127
vt 0.203962 0.268122
vt 0.206066 0.267664
vt 0.206201 0.268099
vt 0.203951 0.267697
vt 0.193460 0.263889
vt 0.197263 0.262305
vt 0.717121 0.564197
vt 0.730322 0.563636
vt 0.730322 0.564197
vt 0.717121 0.563636
vt 0.730322 0.563075
vt 0.730321 0.596201
vt 0.717121 0.596762
vt 0.717121 0.596201
vt 0.730321 0.597323
vt 0.717121 0.597323
vt 0.720053 0.573209
vt 0.720787 0.573771
vt 0.720053 0.573771
vt 0.720787 0.574332
vt 0.720053 0.574332
vt 0.727389 0.587188
vt 0.726655 0.586627
vt 0.727389 0.586627
vt 0.726655 0.586066
vt 0.727389 0.586066
vt 0.727389 0.573209
vt 0.726655 0.573771
vt 0.726655 0.573209
vt 0.727389 0.573771
vt 0.726655 0.574332
vt 0.720053 0.587188
vt 0.720787 0.586627
vt 0.720787 0.587188
vt 0.720053 0.586627
vt 0.720787 0.586066
vt 0.726655 0.569437
vt 0.720787 0.569437
vt 0.716906 0.609576
vt 0.730321 0.609057
vt 0.717121 0.609057
vt 0.720787 0.590961
vt 0.726655 0.590961
vt 0.731055 0.596590
vt 0.306527 0.331331
vt 0.305794 0.330598
vt 0.318994 0.326826
vt 0.318261 0.316452
vt 0.318994 0.317185
vt 0.727389 0.574332
vt 0.743733 0.609057
vt 0.743000 0.609791
vt 0.739228 0.596590
vt 0.703709 0.597323
vt 0.704442 0.596590
vt 0.190586 0.357241
vt 0.192815 0.357235
vt 0.195045 0.357231
vt 0.197274 0.357228
vt 0.199504 0.357226
vt 0.201733 0.357225
vt 0.192813 0.357669
vt 0.190592 0.357668
vt 0.188346 0.357264
vt 0.188481 0.357700
vt 0.206200 0.357250
vt 0.203956 0.357652
vt 0.203961 0.357227
vt 0.201736 0.357659
vt 0.197275 0.357663
vt 0.195043 0.357666
vt 0.199507 0.357662
vt 0.198859 0.361471
vt 0.195051 0.363055
vt 0.041326 0.296083
vt 0.027835 0.295553
vt 0.281984 0.046274
vt 0.275384 0.046274
vt 0.114835 0.248187
vt 0.113976 0.250261
vt 0.119843 0.250261
vt 0.118984 0.248187
vt 0.281251 0.060657
vt 0.281984 0.061391
vt 0.281691 0.061684
vt 0.278317 0.061684
vt 0.274944 0.061684
vt 0.274650 0.061391
vt 0.275384 0.060657
vt 0.281165 0.060865
vt 0.275470 0.060865
vt 0.275677 0.060951
vt 0.113976 0.246663
vt 0.113976 0.237051
vt 0.114270 0.236758
vt 0.119757 0.236844
vt 0.106927 0.012039
vt 0.275384 0.037171
vt 0.274650 0.036438
vt 0.274944 0.036145
vt 0.278317 0.036144
vt 0.281691 0.036145
vt 0.281984 0.036438
vt 0.281251 0.037171
vt 0.275470 0.036964
vt 0.281165 0.036964
vt 0.280957 0.036878
vt 0.107786 0.013787
vt 0.106927 0.015862
vt 0.112794 0.015862
vt 0.111934 0.013787
vt 0.106927 0.002652
vt 0.107220 0.002359
vt 0.112708 0.002444
vt 0.084595 0.273037
vt 0.084595 0.281691
vt 0.084302 0.281984
vt 0.078814 0.281898
vt 0.078728 0.258205
vt 0.079022 0.257911
vt 0.084509 0.257997
vt 0.024674 0.140684
vt 0.024674 0.142929
vt 0.023086 0.144517
vt 0.019253 0.142929
vt 0.020841 0.139096
vt 0.113823 0.215458
vt 0.107222 0.215458
vt 0.107786 0.094858
vt 0.106927 0.096932
vt 0.112794 0.096932
vt 0.111934 0.094858
vt 0.340205 0.057044
vt 0.328945 0.002046
vt 0.341906 0.002031
vt 0.384238 0.607477
vt 0.011165 0.043891
vt 0.011169 0.050627
vt 0.011173 0.034910
vt 0.401135 0.609432
vt 0.402586 0.561531
vt 0.063840 0.168045
vt 0.059155 0.142741
vt 0.062667 0.169190
vt 0.061925 0.168922
vt 0.056026 0.081102
vt 0.064679 0.068751
vt 0.058568 0.095170
vt 0.059310 0.094901
vt 0.065209 0.069335
vt 0.022393 0.150628
vt 0.015487 0.175418
vt 0.023950 0.150114
vt 0.024498 0.150682
vt 0.116318 0.179260
vt 0.114599 0.192818
vt 0.107856 0.167738
vt 0.107307 0.168306
vt 0.113238 0.193864
vt 0.107956 0.201074
vt 0.107222 0.200341
vt 0.107516 0.200048
vt 0.110889 0.200048
vt 0.114263 0.200048
vt 0.114556 0.200341
vt 0.113823 0.201074
vt 0.108042 0.200867
vt 0.113737 0.200867
vt 0.113529 0.200781
vt 0.106927 0.093334
vt 0.106927 0.083722
vt 0.107220 0.083429
vt 0.112708 0.083515
vt 0.179185 0.327509
vt 0.113823 0.224561
vt 0.114556 0.225294
vt 0.114263 0.225587
vt 0.110889 0.225587
vt 0.107516 0.225587
vt 0.107222 0.225294
vt 0.107956 0.224561
vt 0.113737 0.224768
vt 0.108042 0.224768
vt 0.108249 0.224854
vt 0.180044 0.329257
vt 0.179185 0.331331
vt 0.185052 0.331331
vt 0.184193 0.329257
vt 0.179185 0.318122
vt 0.179478 0.317828
vt 0.184966 0.317914
vt 0.089882 0.301235
vt 0.089882 0.309889
vt 0.089589 0.310183
vt 0.084101 0.310097
vt 0.084015 0.286403
vt 0.084309 0.286110
vt 0.089796 0.286196
vt 0.307107 0.011026
vt 0.313707 0.011026
vt 0.006190 0.235307
vt 0.007050 0.233233
vt 0.001183 0.233233
vt 0.002042 0.235307
vt 0.312974 0.025409
vt 0.313707 0.026143
vt 0.313414 0.026436
vt 0.310040 0.026436
vt 0.306667 0.026436
vt 0.306374 0.026143
vt 0.307107 0.025409
vt 0.312888 0.025617
vt 0.307193 0.025617
vt 0.307400 0.025703
vt 0.007050 0.236831
vt 0.007050 0.246443
vt 0.006756 0.246736
vt 0.001269 0.246650
vt 0.007050 0.254680
vt 0.307107 0.001923
vt 0.306374 0.001190
vt 0.306667 0.000897
vt 0.310040 0.000897
vt 0.313414 0.000897
vt 0.313707 0.001190
vt 0.312974 0.001923
vt 0.307193 0.001716
vt 0.312888 0.001716
vt 0.312681 0.001630
vt 0.006190 0.252931
vt 0.007050 0.250857
vt 0.001183 0.250857
vt 0.002042 0.252931
vt 0.007050 0.264067
vt 0.006756 0.264360
vt 0.001268 0.264274
vt 0.307840 0.067707
vt 0.307840 0.059053
vt 0.308134 0.058760
vt 0.313621 0.058846
vt 0.313707 0.082540
vt 0.313414 0.082833
vt 0.307926 0.082747
vt 0.718671 0.558651
vt 0.253813 0.216129
vt 0.255386 0.214535
vt 0.257626 0.214521
vt 0.259234 0.218331
vt 0.712698 0.591044
vt 0.709031 0.582032
vt 0.703163 0.568053
vt 0.709765 0.569175
vt 0.712698 0.585804
vt 0.699497 0.585804
vt 0.702430 0.585804
vt 0.709765 0.585804
vt 0.713431 0.558651
vt 0.712912 0.558436
vt 0.713431 0.545450
vt 0.712697 0.564280
vt 0.709765 0.564280
vt 0.702429 0.564280
vt 0.699497 0.564280
vt 0.698763 0.545450
vt 0.699282 0.545665
vt 0.699282 0.558436
vt 0.204438 0.260102
vt 0.204224 0.260621
vt 0.203705 0.260835
vt 0.191453 0.260621
vt 0.191238 0.246689
vt 0.191453 0.246171
vt 0.191971 0.245956
vt 0.204224 0.246171
vt 0.686818 0.558651
vt 0.686300 0.558436
vt 0.686085 0.557918
vt 0.686300 0.545665
vt 0.725376 0.545450
vt 0.725894 0.545665
vt 0.726109 0.546184
vt 0.725894 0.558436
vt 0.264357 0.329061
vt 0.259228 0.331053
vt 0.259225 0.333282
vt 0.255417 0.334853
vt 0.253846 0.331045
vt 0.711147 0.596590
vt 0.188481 0.267668
vt 0.198843 0.263879
vt 0.198847 0.266109
vt 0.193464 0.266118
vt 0.195034 0.262309
vt 0.717121 0.563074
vt 0.730321 0.596762
vt 0.720787 0.573209
vt 0.726655 0.587188
vt 0.720053 0.586066
vt 0.717121 0.569437
vt 0.730322 0.569437
vt 0.727389 0.569437
vt 0.720054 0.569437
vt 0.716387 0.596590
vt 0.716906 0.596805
vt 0.716387 0.609791
vt 0.717121 0.590961
vt 0.720053 0.590961
vt 0.727389 0.590961
vt 0.730321 0.590961
vt 0.731055 0.609791
vt 0.730536 0.609576
vt 0.730536 0.596805
vt 0.318994 0.330598
vt 0.318780 0.331117
vt 0.318261 0.331331
vt 0.306009 0.331117
vt 0.305794 0.317185
vt 0.306009 0.316667
vt 0.306527 0.316452
vt 0.318780 0.316667
vt 0.743000 0.596590
vt 0.743518 0.596805
vt 0.743733 0.597323
vt 0.743518 0.609576
vt 0.704442 0.609791
vt 0.703924 0.609576
vt 0.703709 0.609057
vt 0.703924 0.596805
vt 0.206066 0.357685
vt 0.193471 0.361479
vt 0.193467 0.359247
vt 0.198855 0.359239
vt 0.197283 0.363051
s 1
usemtl Bogie
f 482/857/325 469/858/326 475/859/327
f 481/860/328 475/859/327 474/861/329
f 480/862/330 474/863/329 473/864/331
f 484/865/332 473/864/331 476/866/333
f 472/867/334 484/865/332 476/866/333
f 471/868/335 479/869/336 472/867/334
f 470/870/337 478/871/338 471/868/335
f 469/858/326 477/872/339 470/870/337
f 495/873/340 493/874/341 491/875/340
f 496/876/341 492/877/342 493/874/341
f 486/878/343 502/879/344 500/880/343
f 487/881/344 501/882/345 502/879/344
f 504/883/340 490/884/341 488/885/340
f 505/886/341 489/887/342 490/884/341
f 507/888/343 499/889/344 497/890/343
f 508/891/344 498/892/345 499/889/344
f 474/893/346 519/894/347 516/895/348
f 489/887/342 501/882/345 485/896/345
f 492/877/342 498/892/345 506/897/345
f 520/898/349 511/899/350 527/900/326
f 510/901/351 514/902/352 511/903/352
f 519/894/347 517/904/353 516/895/348
f 499/905/329 494/906/329 495/907/329
f 514/902/352 509/908/354 511/903/352
f 514/909/355 517/910/356 521/911/357
f 471/912/358 513/913/359 510/901/351
f 490/914/335 485/915/335 486/916/335
f 517/904/353 518/917/360 515/918/360
f 531/919/361 523/920/362 521/921/361
f 532/922/362 522/923/363 523/920/362
f 528/924/364 526/925/365 524/926/364
f 529/927/365 525/928/366 526/925/365
f 521/921/361 527/929/366 531/919/361
f 502/930/329 503/931/329 504/932/329
f 493/933/335 506/934/335 507/935/335
f 725/936/367 534/937/368 730/938/367
f 685/939/340 683/940/341 681/941/340
f 677/942/344 691/943/345 692/944/344
f 698/945/344 688/946/345 689/947/344
f 697/948/343 689/947/344 687/949/343
f 694/950/369 680/951/341 678/952/370
f 695/953/371 679/954/342 680/951/341
f 686/955/341 682/956/342 683/940/341
f 539/957/372 709/958/347 706/959/348
f 535/960/343 692/944/344 690/961/343
f 679/954/342 691/943/345 536/962/345
f 569/963/373 568/964/374 566/965/375
f 571/966/376 567/967/377 568/964/374
f 567/967/377 570/968/378 565/969/379
f 566/965/375 564/970/380 562/971/381
f 568/964/374 563/972/382 564/970/380
f 563/972/382 565/969/379 561/973/383
f 562/974/381 560/975/384 558/976/385
f 564/977/380 559/978/386 560/975/384
f 559/978/386 561/979/383 557/980/387
f 558/976/385 576/981/388 574/982/389
f 560/975/384 575/983/390 576/981/388
f 575/983/390 557/980/387 573/984/391
f 554/985/392 576/981/388 556/986/393
f 556/986/393 575/983/390 555/987/394
f 575/983/390 553/988/395 555/987/394
f 550/989/396 556/986/393 552/990/397
f 552/990/397 555/987/394 551/991/398
f 555/987/394 549/992/399 551/991/398
f 546/993/400 552/990/397 548/994/401
f 548/994/401 551/991/398 547/995/402
f 551/991/398 545/996/403 547/995/402
f 569/963/373 548/994/401 571/966/376
f 571/966/376 547/995/402 572/997/404
f 547/995/402 570/968/378 572/997/404
f 602/998/405 579/999/406 604/1000/407
f 579/999/406 603/1001/408 604/1000/407
f 580/1002/409 601/1003/410 603/1001/408
f 598/1004/411 604/1000/407 600/1005/412
f 604/1000/407 599/1006/413 600/1005/412
f 603/1001/408 597/1007/414 599/1006/413
f 594/1008/415 600/1009/412 596/1010/416
f 600/1009/412 595/1011/417 596/1010/416
f 599/1012/413 593/1013/418 595/1011/417
f 606/1014/419 596/1010/416 608/1015/420
f 596/1010/416 607/1016/421 608/1015/420
f 595/1011/417 605/1017/422 607/1016/421
f 606/1014/419 592/1018/423 590/1019/424
f 592/1018/423 607/1016/421 591/1020/425
f 591/1020/425 605/1017/422 589/1021/426
f 590/1019/424 588/1022/427 586/1023/428
f 588/1022/427 591/1020/425 587/1024/429
f 587/1024/429 589/1021/426 585/1025/430
f 586/1023/428 584/1026/431 582/1027/432
f 584/1026/431 587/1024/429 583/1028/433
f 583/1028/433 585/1025/430 581/1029/434
f 582/1027/432 579/999/406 577/1030/435
f 579/999/406 583/1028/433 580/1002/409
f 580/1002/409 581/1029/434 578/1031/436
f 581/1029/434 550/989/396 546/993/400
f 578/1031/436 546/993/400 569/963/373
f 585/1025/430 554/985/392 550/989/396
f 589/1021/426 574/982/389 554/985/392
f 558/976/385 597/1032/414 562/974/381
f 574/982/389 593/1013/418 558/976/385
f 562/971/381 601/1003/410 566/965/375
f 566/965/375 578/1031/436 569/963/373
f 729/1033/437 577/1030/435 602/998/405
f 577/1030/435 726/1034/438 582/1027/432
f 582/1027/432 727/1035/439 586/1023/428
f 586/1023/428 728/1036/440 590/1019/424
f 590/1019/424 725/1037/441 606/1014/419
f 533/1038/442 598/1039/411 594/1008/415
f 725/1037/441 594/1008/415 606/1014/419
f 534/1040/443 602/998/405 598/1004/411
f 610/1041/444 611/1042/444 609/1043/444
f 611/1042/335 614/1044/335 613/1045/335
f 614/1044/445 615/1046/445 613/1045/445
f 616/1047/446 617/1048/446 615/1046/446
f 618/1049/329 619/1050/329 617/1051/329
f 620/1052/447 609/1043/447 619/1050/447
f 545/996/403 621/1053/448 570/968/378
f 543/1054/449 622/1055/450 623/1056/449
f 624/1057/451 549/992/399 626/1058/452
f 625/1059/335 543/1054/449 623/1056/449
f 626/1058/452 553/988/395 628/1060/453
f 541/1061/454 625/1059/335 627/1062/454
f 628/1060/453 573/984/391 630/1063/455
f 629/1064/456 541/1061/454 627/1062/454
f 636/1065/457 620/1052/458 634/1066/459
f 573/984/391 632/1067/460 630/1063/455
f 631/1068/461 537/1069/462 629/1064/456
f 617/1051/463 619/1050/464 633/1070/465
f 557/980/387 634/1071/329 632/1067/460
f 539/1072/329 631/1068/461 633/1073/466
f 631/1074/467 617/1075/463 633/1076/465
f 561/973/383 636/1077/468 634/1078/329
f 538/1079/327 633/1080/466 635/1081/469
f 611/1042/470 613/1045/471 625/1082/472
f 625/1082/472 623/1083/473 611/1042/470
f 565/969/379 621/1053/448 636/1077/468
f 544/1084/474 635/1081/469 622/1055/450
f 609/1043/475 623/1085/476 622/1086/477
f 610/1041/478 624/1087/479 612/1088/480
f 610/1041/481 636/1089/482 621/1090/483
f 618/1091/484 632/1092/485 634/1093/459
f 632/1094/486 616/1047/487 630/1095/488
f 616/1047/489 628/1096/490 630/1097/491
f 612/1088/492 624/1098/493 626/1099/494
f 613/1045/471 627/1100/495 625/1082/472
f 627/1101/496 615/1046/497 629/1102/498
f 615/1046/499 631/1103/500 629/1104/501
f 619/1050/464 635/1105/502 633/1070/465
f 609/1043/503 635/1106/504 619/1050/505
f 620/1052/458 618/1049/484 634/1066/459
f 626/1099/494 628/1107/506 614/1044/507
f 614/1044/507 612/1088/492 626/1099/494
s 0
f 639/1108/508 645/1109/508 638/1110/508
f 639/1111/509 644/1112/509 640/1113/509
f 641/1114/329 646/1115/329 644/1112/329
f 637/1116/510 642/1117/510 641/1114/510
f 639/1108/511 641/1114/511 643/1118/511
f 642/1117/512 645/1119/512 646/1115/512
f 644/1112/513 645/1120/513 640/1121/513
f 648/1122/514 650/1123/514 649/1124/514
f 649/1125/515 654/1126/515 653/1127/515
f 654/1126/335 652/1128/335 651/1129/335
f 652/1128/516 647/1130/516 651/1129/516
f 649/1124/517 651/1129/517 647/1131/517
f 655/1132/518 652/1128/518 656/1133/518
f 654/1126/519 655/1134/519 656/1133/519
f 659/1135/520 665/1136/520 658/1137/520
f 661/1138/329 666/1139/329 664/1140/329
f 657/1141/521 662/1142/521 661/1138/521
f 659/1135/522 661/1138/522 663/1143/522
f 662/1142/523 665/1144/523 666/1139/523
f 664/1140/524 665/1145/524 660/1146/524
f 668/1147/525 670/1148/525 669/1149/525
f 674/1150/335 672/1151/335 671/1152/335
f 672/1151/526 667/1153/526 671/1152/526
f 669/1149/527 671/1152/527 667/1154/527
f 675/1155/528 672/1151/528 676/1156/528
f 674/1150/529 675/1157/529 676/1156/529
s 1
f 682/956/342 688/946/345 696/1158/345
f 710/1159/349 701/1160/350 717/1161/326
f 700/1162/351 704/1163/352 701/1164/530
f 709/958/347 707/1165/353 706/959/348
f 689/1166/329 684/1167/329 685/1168/329
f 704/1163/352 699/1169/354 701/1164/530
f 704/1170/531 707/1171/532 711/1172/357
f 542/1173/533 703/1174/359 700/1162/351
f 680/1175/335 536/1176/335 535/1177/335
f 707/1165/353 708/1178/360 705/1179/360
f 721/1180/361 713/1181/534 711/1182/535
f 722/1183/536 712/1184/363 713/1181/534
f 718/1185/364 716/1186/537 714/1187/364
f 719/1188/538 715/1189/366 716/1186/537
f 711/1182/535 717/1190/539 721/1180/361
f 692/1191/329 693/1192/329 694/1193/369
f 683/1194/335 696/1195/335 697/1196/335
f 739/1197/540 737/1198/541 735/1199/540
f 731/1200/542 745/1201/543 746/1202/542
f 752/1203/542 742/1204/543 743/1205/542
f 751/1206/544 743/1205/542 741/1207/544
f 748/1208/545 734/1209/541 732/1210/546
f 749/1211/547 733/1212/548 734/1209/541
f 740/1213/541 736/1214/548 737/1198/541
f 727/1215/549 763/1216/366 760/1217/366
f 723/1218/544 746/1202/542 744/1219/544
f 733/1212/548 745/1201/543 724/1220/543
f 736/1214/548 742/1204/543 750/1221/543
f 764/1222/550 755/1223/551 771/1224/552
f 754/1225/361 758/1226/362 755/1227/362
f 763/1216/366 761/1228/365 760/1217/366
f 743/1229/335 738/1230/335 739/1231/335
f 758/1226/362 753/1232/363 755/1227/362
f 758/1233/553 761/1234/554 765/1235/555
f 534/1236/556 757/1237/361 754/1225/361
f 734/1238/329 724/1239/329 723/1240/329
f 761/1228/365 762/1241/364 759/1242/364
f 775/1243/557 767/1244/352 765/1245/557
f 776/1246/352 766/1247/354 767/1244/352
f 772/1248/360 770/1249/353 768/1250/360
f 773/1251/353 769/1252/558 770/1249/353
f 765/1245/557 771/1253/558 775/1243/557
f 746/1254/335 747/1255/335 748/1256/545
f 737/1257/329 750/1258/329 751/1259/329
f 782/1260/367 777/1261/367 787/1262/367
f 785/1263/367 783/1264/367 784/1265/367
f 779/1266/367 781/1267/367 780/1268/367
f 791/1269/559 789/1270/560 790/1271/560
f 791/1269/559 794/1272/561 792/1273/559
f 793/1274/561 796/1275/562 794/1276/561
f 797/1277/563 796/1275/562 795/1278/562
f 799/1279/564 798/1280/563 797/1277/563
f 799/1279/564 802/1281/565 800/1282/564
f 801/1283/565 804/1284/566 802/1281/565
f 790/1271/560 804/1284/566 803/1285/566
f 796/1286/555 800/1282/555 804/1287/555
f 811/1288/540 807/1289/541 813/1290/541
f 813/1290/541 805/1291/548 812/1292/548
f 815/1293/544 810/1294/542 808/1295/544
f 816/1296/542 809/1297/543 810/1294/542
f 835/1298/340 819/1299/341 837/1300/341
f 837/1300/341 817/1301/342 836/1302/342
f 838/1303/343 825/1304/344 840/1305/344
f 840/1305/344 823/1306/567 839/1307/345
f 830/1308/340 822/1309/341 820/1310/340
f 831/1311/341 821/1312/342 822/1309/341
f 833/1313/343 828/1314/344 826/1315/343
f 834/1316/344 827/1317/345 828/1314/344
f 811/1288/540 784/1318/555 783/1319/555
f 809/1297/335 807/1320/335 777/1261/335
f 809/1297/543 812/1321/548 805/1322/548
f 786/1323/568 785/1324/568 815/1293/544
f 814/1325/329 815/1326/329 780/1268/329
f 827/1317/345 836/1302/342 817/1301/342
f 817/1327/329 818/1328/329 786/1329/329
f 823/1330/335 824/1331/335 784/1265/335
f 839/1307/345 821/1312/342 829/1332/342
f 829/1333/329 830/1334/329 788/1335/329
f 832/1336/335 833/1337/335 787/1262/335
f 846/1338/569 843/1339/570 845/1340/569
f 846/1338/569 847/1341/571 848/1342/571
f 848/1342/571 849/1343/572 850/1344/572
f 850/1344/572 841/1345/573 842/1346/573
f 852/1347/574 853/1348/575 854/1349/575
f 856/1350/576 853/1351/575 855/1352/576
f 844/1353/570 855/1352/576 843/1339/570
f 842/1346/573 851/1354/574 852/1347/574
f 803/1285/352 842/1346/577 790/1271/577
f 790/1271/577 852/1347/353 791/1269/353
f 853/1355/578 841/1356/578 847/1341/578
f 844/1353/367 799/1279/365 797/1277/367
f 856/1350/362 797/1277/367 795/1278/362
f 846/1338/365 801/1283/335 799/1279/365
f 848/1342/335 803/1285/352 801/1283/335
f 852/1347/353 793/1357/329 791/1269/353
f 793/1274/329 856/1350/362 795/1278/362
f 862/1358/577 857/1359/577 867/1360/577
f 865/1361/577 863/1362/577 864/1363/577
f 859/1364/577 861/1365/577 860/1366/577
f 870/1367/563 872/1368/564 869/1369/563
f 873/1370/565 872/1368/564 871/1371/564
f 873/1370/565 876/1372/566 874/1373/565
f 877/1374/560 876/1372/566 875/1375/566
f 877/1374/560 880/1376/579 878/1377/560
f 881/1378/561 880/1376/579 879/1379/579
f 883/1380/580 882/1381/561 881/1382/561
f 883/1380/580 869/1369/563 884/1383/580
f 876/1372/555 880/1384/555 884/1385/555
f 886/1386/340 893/1387/341 891/1388/340
f 887/1389/341 892/1390/342 893/1387/341
f 895/1391/343 890/1392/344 888/1393/343
f 890/1392/344 894/1394/345 889/1395/345
f 915/1396/540 899/1397/541 917/1398/541
f 917/1398/541 897/1399/548 916/1400/548
f 918/1401/544 905/1402/542 920/1403/542
f 920/1403/542 903/1404/543 919/1405/543
f 910/1406/540 902/1407/541 900/1408/540
f 911/1409/541 901/1410/548 902/1407/541
f 913/1411/544 908/1412/542 906/1413/544
f 914/1414/542 907/1415/543 908/1412/542
f 891/1388/340 864/1416/555 863/1417/555
f 889/1395/329 887/1418/329 857/1359/329
f 889/1395/345 892/1419/342 885/1420/342
f 866/1421/568 865/1422/568 895/1391/343
f 894/1394/335 895/1423/335 860/1366/335
f 907/1415/543 916/1400/548 897/1399/548
f 897/1424/335 898/1425/335 866/1426/335
f 903/1427/329 904/1428/329 864/1363/329
f 919/1405/543 901/1410/548 909/1429/548
f 909/1430/335 910/1431/335 868/1432/335
f 912/1433/329 913/1434/329 867/1360/329
f 926/1435/353 881/1378/329 879/1379/353
f 923/1436/577 879/1379/353 877/1374/577
f 936/1437/352 877/1374/577 875/1375/352
f 934/1438/335 875/1375/352 873/1370/335
f 931/1439/365 873/1370/335 871/1371/365
f 883/1380/362 922/1440/367 870/1367/367
f 922/1440/367 871/1371/365 870/1367/367
f 926/1435/574 924/1441/581 925/1442/582
f 928/1443/575 925/1442/582 927/1444/575
f 928/1445/575 929/1446/583 930/1447/583
f 930/1447/583 921/1448/584 922/1440/584
f 931/1439/569 933/1449/571 934/1438/571
f 936/1437/585 933/1449/571 935/1450/585
f 923/1436/581 935/1450/585 924/1441/581
f 922/1440/584 932/1451/586 931/1439/569
f 933/1449/587 921/1452/587 927/1453/587
f 928/1445/329 883/1380/362 881/1382/329
f 482/857/325 483/1454/588 469/858/326
f 481/860/328 482/857/325 475/859/327
f 480/862/330 481/1455/328 474/863/329
f 484/865/332 480/862/330 473/864/331
f 472/867/334 479/869/336 484/865/332
f 471/868/335 478/871/338 479/869/336
f 470/870/337 477/872/339 478/871/338
f 469/858/326 483/1454/588 477/872/339
f 495/873/340 496/876/341 493/874/341
f 496/876/341 494/1456/342 492/877/342
f 486/878/343 487/881/344 502/879/344
f 487/881/344 485/896/345 501/882/345
f 504/883/340 505/886/341 490/884/341
f 505/886/341 503/1457/342 489/887/342
f 507/888/343 508/891/344 499/889/344
f 508/891/344 506/897/345 498/892/345
f 475/1458/589 469/1459/590 519/894/347
f 516/895/348 476/1460/591 473/1461/592
f 474/893/346 475/1458/589 519/894/347
f 516/895/348 473/1461/592 474/893/346
f 489/887/342 503/1457/342 501/882/345
f 492/877/342 494/1456/342 498/892/345
f 528/1462/587 507/888/343 497/890/343
f 497/890/343 518/1463/593 520/898/349
f 520/898/349 519/1464/594 469/1465/594
f 469/1465/594 510/1466/594 511/899/350
f 511/899/350 509/1467/595 486/878/343
f 486/878/343 500/880/343 530/1468/578
f 511/899/350 486/878/343 530/1468/578
f 520/898/349 469/1465/594 511/899/350
f 528/1462/587 497/890/343 520/898/349
f 529/1469/568 528/1462/587 520/898/349
f 511/899/350 530/1468/578 532/1470/568
f 511/899/350 532/1470/568 531/1471/326
f 527/900/326 529/1469/568 520/898/349
f 511/899/350 531/1471/326 527/900/326
f 510/901/351 513/913/359 514/902/352
f 519/894/347 520/1472/353 517/904/353
f 495/907/329 515/918/360 518/917/360
f 518/917/360 497/1473/329 499/905/329
f 499/905/329 498/1474/329 494/906/329
f 494/906/329 496/1475/329 495/907/329
f 495/907/329 518/917/360 499/905/329
f 514/902/352 512/1476/354 509/908/354
f 522/1477/555 504/883/340 488/885/340
f 488/885/340 512/1478/596 514/909/355
f 514/909/355 513/1479/597 476/1480/597
f 476/1480/597 516/1481/597 517/910/356
f 517/910/356 515/1482/598 495/873/340
f 495/873/340 491/875/340 524/1483/555
f 517/910/356 495/873/340 524/1483/555
f 514/909/355 476/1480/597 517/910/356
f 522/1477/555 488/885/340 514/909/355
f 523/1484/555 522/1477/555 514/909/355
f 517/910/356 524/1483/555 526/1485/555
f 517/910/356 526/1485/555 525/1486/357
f 521/911/357 523/1484/555 514/909/355
f 517/910/356 525/1486/357 521/911/357
f 472/1487/599 476/1488/591 513/913/359
f 510/901/351 469/1489/590 470/1490/600
f 471/912/358 472/1487/599 513/913/359
f 510/901/351 470/1490/600 471/912/358
f 486/916/335 509/908/354 512/1476/354
f 512/1476/354 488/1491/335 490/914/335
f 490/914/335 489/1492/335 485/915/335
f 485/915/335 487/1493/335 486/916/335
f 486/916/335 512/1476/354 490/914/335
f 517/904/353 520/1472/353 518/917/360
f 531/919/361 532/922/362 523/920/362
f 532/922/362 530/1494/363 522/923/363
f 528/924/364 529/927/365 526/925/365
f 529/927/365 527/929/366 525/928/366
f 521/921/361 525/928/366 527/929/366
f 504/932/329 522/923/363 530/1494/363
f 530/1494/363 500/1495/329 502/930/329
f 502/930/329 501/1496/329 503/931/329
f 503/931/329 505/1497/329 504/932/329
f 504/932/329 530/1494/363 502/930/329
f 507/935/335 528/924/364 524/926/364
f 524/926/364 491/1498/335 493/933/335
f 493/933/335 492/1499/335 506/934/335
f 506/934/335 508/1500/335 507/935/335
f 507/935/335 524/926/364 493/933/335
f 730/938/367 726/1501/601 727/1502/601
f 727/1502/601 728/1503/601 725/936/367
f 725/936/367 533/1504/368 534/937/368
f 534/937/368 729/1505/368 730/938/367
f 730/938/367 727/1502/601 725/936/367
f 685/939/340 686/955/341 683/940/341
f 677/942/344 536/962/345 691/943/345
f 698/945/344 696/1158/345 688/946/345
f 697/948/343 698/945/344 689/947/344
f 694/950/369 695/953/371 680/951/341
f 695/953/371 693/1506/342 679/954/342
f 686/955/341 684/1507/342 682/956/342
f 538/1508/602 544/1509/603 709/958/347
f 706/959/348 537/1510/604 540/1511/605
f 539/957/372 538/1508/602 709/958/347
f 706/959/348 540/1511/605 539/957/372
f 535/960/343 677/942/344 692/944/344
f 679/954/342 693/1506/342 691/943/345
f 569/963/373 571/966/376 568/964/374
f 571/966/376 572/997/404 567/967/377
f 567/967/377 572/997/404 570/968/378
f 566/965/375 568/964/374 564/970/380
f 568/964/374 567/967/377 563/972/382
f 563/972/382 567/967/377 565/969/379
f 562/974/381 564/977/380 560/975/384
f 564/977/380 563/1512/382 559/978/386
f 559/978/386 563/1512/382 561/979/383
f 558/976/385 560/975/384 576/981/388
f 560/975/384 559/978/386 575/983/390
f 575/983/390 559/978/386 557/980/387
f 554/985/392 574/982/389 576/981/388
f 556/986/393 576/981/388 575/983/390
f 575/983/390 573/984/391 553/988/395
f 550/989/396 554/985/392 556/986/393
f 552/990/397 556/986/393 555/987/394
f 555/987/394 553/988/395 549/992/399
f 546/993/400 550/989/396 552/990/397
f 548/994/401 552/990/397 551/991/398
f 551/991/398 549/992/399 545/996/403
f 569/963/373 546/993/400 548/994/401
f 571/966/376 548/994/401 547/995/402
f 547/995/402 545/996/403 570/968/378
f 602/998/405 577/1030/435 579/999/406
f 579/999/406 580/1002/409 603/1001/408
f 580/1002/409 578/1031/436 601/1003/410
f 598/1004/411 602/998/405 604/1000/407
f 604/1000/407 603/1001/408 599/1006/413
f 603/1001/408 601/1003/410 597/1007/414
f 594/1008/415 598/1039/411 600/1009/412
f 600/1009/412 599/1012/413 595/1011/417
f 599/1012/413 597/1032/414 593/1013/418
f 606/1014/419 594/1008/415 596/1010/416
f 596/1010/416 595/1011/417 607/1016/421
f 595/1011/417 593/1013/418 605/1017/422
f 606/1014/419 608/1015/420 592/1018/423
f 592/1018/423 608/1015/420 607/1016/421
f 591/1020/425 607/1016/421 605/1017/422
f 590/1019/424 592/1018/423 588/1022/427
f 588/1022/427 592/1018/423 591/1020/425
f 587/1024/429 591/1020/425 589/1021/426
f 586/1023/428 588/1022/427 584/1026/431
f 584/1026/431 588/1022/427 587/1024/429
f 583/1028/433 587/1024/429 585/1025/430
f 582/1027/432 584/1026/431 579/999/406
f 579/999/406 584/1026/431 583/1028/433
f 580/1002/409 583/1028/433 581/1029/434
f 581/1029/434 585/1025/430 550/989/396
f 578/1031/436 581/1029/434 546/993/400
f 585/1025/430 589/1021/426 554/985/392
f 589/1021/426 605/1017/422 574/982/389
f 558/976/385 593/1013/418 597/1032/414
f 574/982/389 605/1017/422 593/1013/418
f 562/971/381 597/1007/414 601/1003/410
f 566/965/375 601/1003/410 578/1031/436
f 729/1033/437 730/1513/606 577/1030/435
f 577/1030/435 730/1513/606 726/1034/438
f 582/1027/432 726/1034/438 727/1035/439
f 586/1023/428 727/1035/439 728/1036/440
f 590/1019/424 728/1036/440 725/1037/441
f 533/1038/442 534/1514/443 598/1039/411
f 725/1037/441 533/1038/442 594/1008/415
f 534/1040/443 729/1033/437 602/998/405
f 610/1041/444 612/1088/444 611/1042/444
f 611/1042/335 612/1088/335 614/1044/335
f 614/1044/445 616/1047/445 615/1046/445
f 616/1047/446 618/1515/446 617/1048/446
f 618/1049/329 620/1052/329 619/1050/329
f 620/1052/447 610/1041/447 609/1043/447
f 545/996/403 624/1057/451 621/1053/448
f 543/1054/449 544/1084/474 622/1055/450
f 624/1057/451 545/996/403 549/992/399
f 625/1059/335 542/1516/335 543/1054/449
f 626/1058/452 549/992/399 553/988/395
f 541/1061/454 542/1516/335 625/1059/335
f 628/1060/453 553/988/395 573/984/391
f 629/1064/456 537/1069/462 541/1061/454
f 573/984/391 557/980/387 632/1067/460
f 631/1068/461 540/1517/331 537/1069/462
f 557/980/387 561/979/383 634/1071/329
f 539/1072/329 540/1517/331 631/1068/461
f 561/973/383 565/969/379 636/1077/468
f 538/1079/327 539/1518/329 633/1080/466
f 565/969/379 570/968/378 621/1053/448
f 544/1084/474 538/1079/327 635/1081/469
f 609/1043/475 611/1042/607 623/1085/476
f 610/1041/478 621/1519/608 624/1087/479
f 610/1041/481 620/1052/609 636/1089/482
f 632/1094/486 618/1515/610 616/1047/487
f 616/1047/489 614/1044/611 628/1096/490
f 627/1101/496 613/1045/612 615/1046/497
f 615/1046/499 617/1048/613 631/1103/500
f 609/1043/503 622/1520/614 635/1106/504
s 0
f 638/1110/615 637/1521/615 639/1108/615
f 639/1108/616 640/1522/616 645/1109/616
f 639/1111/617 643/1118/617 644/1112/617
f 644/1112/329 643/1118/329 641/1114/329
f 641/1114/329 642/1117/329 646/1115/329
f 637/1116/618 638/1523/618 642/1117/618
f 639/1108/619 637/1521/619 641/1114/619
f 642/1117/620 638/1524/620 645/1119/620
f 644/1112/513 646/1115/513 645/1120/513
f 649/1124/621 647/1131/621 648/1122/621
f 648/1122/329 655/1525/329 650/1123/329
f 649/1125/622 650/1526/622 654/1126/622
f 651/1129/335 653/1127/335 654/1126/335
f 654/1126/335 656/1133/335 652/1128/335
f 652/1128/623 648/1527/623 647/1130/623
f 649/1124/624 653/1127/624 651/1129/624
f 655/1132/625 648/1528/625 652/1128/625
f 654/1126/519 650/1529/519 655/1134/519
f 658/1137/626 657/1530/626 659/1135/626
f 659/1135/627 660/1531/627 665/1136/627
f 664/1140/329 663/1143/329 661/1138/329
f 661/1138/329 662/1142/329 666/1139/329
f 657/1141/628 658/1532/628 662/1142/628
f 659/1135/629 657/1530/629 661/1138/629
f 662/1142/630 658/1533/630 665/1144/630
f 664/1140/524 666/1139/524 665/1145/524
f 669/1149/631 667/1154/631 668/1147/631
f 668/1147/329 675/1534/329 670/1148/329
f 671/1152/335 673/1535/335 674/1150/335
f 674/1150/335 676/1156/335 672/1151/335
f 672/1151/632 668/1536/632 667/1153/632
f 669/1149/633 673/1535/633 671/1152/633
f 675/1155/634 668/1537/634 672/1151/634
f 674/1150/529 670/1538/529 675/1157/529
s 1
f 682/956/342 684/1507/342 688/946/345
f 718/1539/587 697/948/343 687/949/343
f 687/949/343 708/1540/593 710/1159/349
f 710/1159/349 709/1541/635 544/1542/588
f 544/1542/588 700/1543/594 701/1160/350
f 701/1160/350 699/1544/595 535/960/343
f 535/960/343 690/961/343 720/1545/578
f 701/1160/350 535/960/343 720/1545/578
f 710/1159/349 544/1542/588 701/1160/350
f 718/1539/587 687/949/343 710/1159/349
f 719/1546/568 718/1539/587 710/1159/349
f 701/1160/350 720/1545/578 722/1547/568
f 701/1160/350 722/1547/568 721/1548/326
f 717/1161/326 719/1546/568 710/1159/349
f 701/1160/350 721/1548/326 717/1161/326
f 700/1162/351 703/1174/359 704/1163/352
f 709/958/347 710/1549/636 707/1165/353
f 685/1168/329 705/1179/360 708/1178/360
f 708/1178/360 687/1550/329 689/1166/329
f 689/1166/329 688/1551/329 684/1167/329
f 684/1167/329 686/1552/329 685/1168/329
f 685/1168/329 708/1178/360 689/1166/329
f 704/1163/352 702/1553/354 699/1169/354
f 712/1554/555 694/950/555 678/952/555
f 678/952/555 702/1555/596 704/1170/531
f 704/1170/531 703/1556/637 537/1557/357
f 537/1557/357 706/1558/597 707/1171/532
f 707/1171/532 705/1559/598 685/939/340
f 685/939/340 681/941/340 714/1560/555
f 707/1171/532 685/939/340 714/1560/555
f 704/1170/531 537/1557/357 707/1171/532
f 712/1554/555 678/952/555 704/1170/531
f 713/1561/555 712/1554/555 704/1170/531
f 707/1171/532 714/1560/555 716/1562/555
f 707/1171/532 716/1562/555 715/1563/357
f 711/1172/357 713/1561/555 704/1170/531
f 707/1171/532 715/1563/357 711/1172/357
f 541/1564/638 537/1565/604 703/1174/359
f 700/1162/351 544/1566/603 543/1567/639
f 542/1173/533 541/1564/638 703/1174/359
f 700/1162/351 543/1567/639 542/1173/533
f 535/1177/335 699/1169/354 702/1553/354
f 702/1553/354 678/1568/335 680/1175/335
f 680/1175/335 679/1569/335 536/1176/335
f 536/1176/335 677/1570/335 535/1177/335
f 535/1177/335 702/1553/354 680/1175/335
f 707/1165/353 710/1549/636 708/1178/360
f 721/1180/361 722/1183/536 713/1181/534
f 722/1183/536 720/1571/363 712/1184/363
f 718/1185/364 719/1188/538 716/1186/537
f 719/1188/538 717/1190/539 715/1189/366
f 711/1182/535 715/1189/366 717/1190/539
f 694/1193/369 712/1184/363 720/1571/363
f 720/1571/363 690/1572/329 692/1191/329
f 692/1191/329 691/1573/329 693/1192/329
f 693/1192/329 695/1574/371 694/1193/369
f 694/1193/369 720/1571/363 692/1191/329
f 697/1196/335 718/1185/364 714/1187/364
f 714/1187/364 681/1575/335 683/1194/335
f 683/1194/335 682/1576/335 696/1195/335
f 696/1195/335 698/1577/335 697/1196/335
f 697/1196/335 714/1187/364 683/1194/335
f 739/1197/540 740/1213/541 737/1198/541
f 731/1200/542 724/1220/543 745/1201/543
f 752/1203/542 750/1221/543 742/1204/543
f 751/1206/544 752/1203/542 743/1205/542
f 748/1208/545 749/1211/547 734/1209/541
f 749/1211/547 747/1578/548 733/1212/548
f 740/1213/541 738/1579/548 736/1214/548
f 726/1580/640 730/1581/641 763/1216/366
f 760/1217/366 725/1582/642 728/1583/643
f 727/1215/549 726/1580/640 763/1216/366
f 760/1217/366 728/1583/643 727/1215/549
f 723/1218/544 731/1200/542 746/1202/542
f 733/1212/548 747/1578/548 745/1201/543
f 736/1214/548 738/1579/548 742/1204/543
f 772/1584/578 751/1206/544 741/1207/544
f 741/1207/544 762/1585/595 764/1222/550
f 764/1222/550 763/1586/644 730/1587/645
f 730/1587/645 754/1588/644 755/1223/551
f 755/1223/551 753/1589/593 723/1218/544
f 723/1218/544 744/1219/544 774/1590/587
f 755/1223/551 723/1218/544 774/1590/587
f 764/1222/550 730/1587/645 755/1223/551
f 772/1584/578 741/1207/544 764/1222/550
f 773/1591/568 772/1584/578 764/1222/550
f 755/1223/551 774/1590/587 776/1592/568
f 755/1223/551 776/1592/568 775/1593/552
f 771/1224/552 773/1591/568 764/1222/550
f 755/1223/551 775/1593/552 771/1224/552
f 754/1225/361 757/1237/361 758/1226/362
f 763/1216/366 764/1594/365 761/1228/365
f 739/1231/335 759/1242/364 762/1241/364
f 762/1241/364 741/1595/335 743/1229/335
f 743/1229/335 742/1596/335 738/1230/335
f 738/1230/335 740/1597/335 739/1231/335
f 739/1231/335 762/1241/364 743/1229/335
f 758/1226/362 756/1598/363 753/1232/363
f 766/1599/555 748/1208/555 732/1210/555
f 732/1210/555 756/1600/598 758/1233/553
f 758/1233/553 757/1601/646 725/1602/333
f 725/1602/333 760/1603/646 761/1234/554
f 761/1234/554 759/1604/596 739/1197/540
f 739/1197/540 735/1199/540 768/1605/555
f 761/1234/554 739/1197/540 768/1605/555
f 758/1233/553 725/1602/333 761/1234/554
f 766/1599/555 732/1210/555 758/1233/553
f 767/1606/555 766/1599/555 758/1233/553
f 761/1234/554 768/1605/555 770/1607/555
f 761/1234/554 770/1607/555 769/1608/332
f 765/1235/555 767/1606/555 758/1233/553
f 761/1234/554 769/1608/332 765/1235/555
f 533/1609/643 725/1610/642 757/1237/361
f 754/1225/361 730/1611/641 729/1612/640
f 534/1236/556 533/1609/643 757/1237/361
f 754/1225/361 729/1612/640 534/1236/556
f 723/1240/329 753/1232/363 756/1598/363
f 756/1598/363 732/1613/329 734/1238/329
f 734/1238/329 733/1614/329 724/1239/329
f 724/1239/329 731/1615/329 723/1240/329
f 723/1240/329 756/1598/363 734/1238/329
f 761/1228/365 764/1594/365 762/1241/364
f 775/1243/557 776/1246/352 767/1244/352
f 776/1246/352 774/1616/354 766/1247/354
f 772/1248/360 773/1251/353 770/1249/353
f 773/1251/353 771/1253/558 769/1252/558
f 765/1245/557 769/1252/558 771/1253/558
f 748/1256/545 766/1247/354 774/1616/354
f 774/1616/354 744/1617/335 746/1254/335
f 746/1254/335 745/1618/335 747/1255/335
f 747/1255/335 749/1619/547 748/1256/545
f 748/1256/545 774/1616/354 746/1254/335
f 751/1259/329 772/1248/360 768/1250/360
f 768/1250/360 735/1620/329 737/1257/329
f 737/1257/329 736/1621/329 750/1258/329
f 750/1258/329 752/1622/329 751/1259/329
f 751/1259/329 768/1250/360 737/1257/329
f 782/1260/367 778/1623/367 777/1261/367
f 785/1263/367 786/1329/367 783/1264/367
f 779/1266/367 788/1335/367 781/1267/367
f 791/1269/559 792/1273/559 789/1270/560
f 791/1269/559 793/1357/561 794/1272/561
f 793/1274/561 795/1278/562 796/1275/562
f 797/1277/563 798/1280/563 796/1275/562
f 799/1279/564 800/1282/564 798/1280/563
f 799/1279/564 801/1283/565 802/1281/565
f 801/1283/565 803/1285/566 804/1284/566
f 790/1271/560 789/1270/560 804/1284/566
f 804/1287/555 789/1624/555 792/1625/555
f 792/1625/555 794/1626/555 796/1286/555
f 796/1286/555 798/1627/555 800/1282/555
f 800/1282/555 802/1281/555 804/1287/555
f 804/1287/555 792/1625/555 796/1286/555
f 811/1288/540 806/1628/540 807/1289/541
f 813/1290/541 807/1289/541 805/1291/548
f 815/1293/544 816/1296/542 810/1294/542
f 816/1296/542 814/1325/543 809/1297/543
f 835/1298/340 818/1629/340 819/1299/341
f 837/1300/341 819/1299/341 817/1301/342
f 838/1303/343 824/1630/343 825/1304/344
f 840/1305/344 825/1304/344 823/1306/567
f 830/1308/340 831/1311/341 822/1309/341
f 831/1311/341 829/1332/342 821/1312/342
f 833/1313/343 834/1316/344 828/1314/344
f 834/1316/344 832/1631/345 827/1317/345
f 777/1632/555 806/1628/540 811/1288/540
f 811/1288/540 780/1633/555 781/1634/555
f 781/1634/555 830/1308/340 820/1310/340
f 781/1634/555 820/1310/340 784/1318/555
f 787/1635/555 777/1632/555 811/1288/540
f 818/1629/340 835/1298/340 787/1635/555
f 783/1319/555 818/1629/340 787/1635/555
f 811/1288/540 781/1634/555 784/1318/555
f 783/1319/555 787/1635/555 811/1288/540
f 777/1261/335 778/1623/335 808/1636/335
f 808/1636/335 810/1637/335 809/1297/335
f 809/1297/335 805/1322/335 807/1320/335
f 807/1320/335 806/1638/335 777/1261/335
f 777/1261/335 808/1636/335 809/1297/335
f 809/1297/543 814/1325/543 812/1321/548
f 815/1293/544 808/1295/544 778/1639/568
f 782/1640/568 833/1313/343 826/1315/343
f 815/1293/544 778/1639/568 782/1640/568
f 788/1641/568 779/1642/568 815/1293/544
f 824/1630/343 838/1303/343 788/1641/568
f 785/1324/568 824/1630/343 788/1641/568
f 782/1640/568 826/1315/343 786/1323/568
f 785/1324/568 788/1641/568 815/1293/544
f 815/1293/544 782/1640/568 786/1323/568
f 780/1268/329 811/1643/329 813/1644/329
f 813/1644/329 812/1321/329 814/1325/329
f 814/1325/329 816/1645/329 815/1326/329
f 815/1326/329 779/1266/329 780/1268/329
f 780/1268/329 813/1644/329 814/1325/329
f 827/1317/345 832/1631/345 836/1302/342
f 786/1329/329 826/1646/329 828/1647/329
f 828/1647/329 827/1648/329 817/1327/329
f 817/1327/329 819/1649/329 818/1328/329
f 818/1328/329 783/1264/329 786/1329/329
f 786/1329/329 828/1647/329 817/1327/329
f 784/1265/335 820/1650/335 822/1651/335
f 822/1651/335 821/1652/335 823/1330/335
f 823/1330/335 825/1653/335 824/1331/335
f 824/1331/335 785/1263/335 784/1265/335
f 784/1265/335 822/1651/335 823/1330/335
f 839/1307/345 823/1306/567 821/1312/342
f 788/1335/329 838/1654/329 840/1655/329
f 840/1655/329 839/1656/329 829/1333/329
f 829/1333/329 831/1657/329 830/1334/329
f 830/1334/329 781/1267/329 788/1335/329
f 788/1335/329 840/1655/329 829/1333/329
f 787/1262/335 835/1658/335 837/1659/335
f 837/1659/335 836/1660/335 832/1336/335
f 832/1336/335 834/1661/335 833/1337/335
f 833/1337/335 782/1260/335 787/1262/335
f 787/1262/335 837/1659/335 832/1336/335
f 846/1338/569 844/1353/570 843/1339/570
f 846/1338/569 845/1340/569 847/1341/571
f 848/1342/571 847/1341/571 849/1343/572
f 850/1344/572 849/1343/572 841/1345/573
f 852/1347/574 851/1354/574 853/1348/575
f 856/1350/576 854/1662/575 853/1351/575
f 844/1353/570 856/1350/576 855/1352/576
f 842/1346/573 841/1345/573 851/1354/574
f 803/1285/352 850/1344/352 842/1346/577
f 790/1271/577 842/1346/577 852/1347/353
f 847/1341/578 845/1340/578 843/1663/578
f 843/1663/578 855/1664/647 853/1355/578
f 853/1355/578 851/1665/578 841/1356/578
f 841/1356/578 849/1666/647 847/1341/578
f 847/1341/578 843/1663/578 853/1355/578
f 844/1353/367 846/1338/365 799/1279/365
f 856/1350/362 844/1353/367 797/1277/367
f 846/1338/365 848/1342/335 801/1283/335
f 848/1342/335 850/1344/352 803/1285/352
f 852/1347/353 854/1349/329 793/1357/329
f 793/1274/329 854/1662/329 856/1350/362
f 862/1358/577 858/1667/577 857/1359/577
f 865/1361/577 866/1426/577 863/1362/577
f 859/1364/577 868/1432/577 861/1365/577
f 870/1367/563 871/1371/564 872/1368/564
f 873/1370/565 874/1373/565 872/1368/564
f 873/1370/565 875/1375/566 876/1372/566
f 877/1374/560 878/1377/560 876/1372/566
f 877/1374/560 879/1379/579 880/1376/579
f 881/1378/561 882/1668/561 880/1376/579
f 883/1380/580 884/1383/580 882/1381/561
f 883/1380/580 870/1367/563 869/1369/563
f 884/1385/555 869/1669/555 872/1670/555
f 872/1670/555 874/1373/555 876/1372/555
f 876/1372/555 878/1671/555 880/1384/555
f 880/1384/555 882/1672/555 884/1385/555
f 884/1385/555 872/1670/555 876/1372/555
f 886/1386/340 887/1389/341 893/1387/341
f 887/1389/341 885/1673/342 892/1390/342
f 895/1391/343 896/1674/344 890/1392/344
f 890/1392/344 896/1674/344 894/1394/345
f 915/1396/540 898/1675/540 899/1397/541
f 917/1398/541 899/1397/541 897/1399/548
f 918/1401/544 904/1676/544 905/1402/542
f 920/1403/542 905/1402/542 903/1404/543
f 910/1406/540 911/1409/541 902/1407/541
f 911/1409/541 909/1429/548 901/1410/548
f 913/1411/544 914/1414/542 908/1412/542
f 914/1414/542 912/1677/543 907/1415/543
f 857/1678/555 886/1386/340 891/1388/340
f 891/1388/340 860/1679/555 861/1680/555
f 861/1680/555 910/1406/540 900/1408/540
f 861/1680/555 900/1408/540 864/1416/555
f 867/1681/555 857/1678/555 891/1388/340
f 898/1675/540 915/1396/540 867/1681/555
f 863/1417/555 898/1675/540 867/1681/555
f 891/1388/340 861/1680/555 864/1416/555
f 863/1417/555 867/1681/555 891/1388/340
f 857/1359/329 858/1667/329 888/1682/329
f 888/1682/329 890/1683/329 889/1395/329
f 889/1395/329 885/1420/329 887/1418/329
f 887/1418/329 886/1684/329 857/1359/329
f 857/1359/329 888/1682/329 889/1395/329
f 889/1395/345 894/1394/345 892/1419/342
f 895/1391/343 888/1393/343 858/1685/568
f 862/1686/568 913/1411/544 906/1413/544
f 895/1391/343 858/1685/568 862/1686/568
f 868/1687/568 859/1688/568 895/1391/343
f 904/1676/544 918/1401/544 868/1687/568
f 865/1422/568 904/1676/544 868/1687/568
f 862/1686/568 906/1413/544 866/1421/568
f 865/1422/568 868/1687/568 895/1391/343
f 895/1391/343 862/1686/568 866/1421/568
f 860/1366/335 891/1689/335 893/1690/335
f 893/1690/335 892/1419/335 894/1394/335
f 894/1394/335 896/1691/335 895/1423/335
f 895/1423/335 859/1364/335 860/1366/335
f 860/1366/335 893/1690/335 894/1394/335
f 907/1415/543 912/1677/543 916/1400/548
f 866/1426/335 906/1692/335 908/1693/335
f 908/1693/335 907/1694/335 897/1424/335
f 897/1424/335 899/1695/335 898/1425/335
f 898/1425/335 863/1362/335 866/1426/335
f 866/1426/335 908/1693/335 897/1424/335
f 864/1363/329 900/1696/329 902/1697/329
f 902/1697/329 901/1698/329 903/1427/329
f 903/1427/329 905/1699/329 904/1428/329
f 904/1428/329 865/1361/329 864/1363/329
f 864/1363/329 902/1697/329 903/1427/329
f 919/1405/543 903/1404/543 901/1410/548
f 868/1432/335 918/1700/335 920/1701/335
f 920/1701/335 919/1702/335 909/1430/335
f 909/1430/335 911/1703/335 910/1431/335
f 910/1431/335 861/1365/335 868/1432/335
f 868/1432/335 920/1701/335 909/1430/335
f 867/1360/329 915/1704/329 917/1705/329
f 917/1705/329 916/1706/329 912/1433/329
f 912/1433/329 914/1707/329 913/1434/329
f 913/1434/329 862/1358/329 867/1360/329
f 867/1360/329 917/1705/329 912/1433/329
f 926/1435/353 928/1443/329 881/1378/329
f 923/1436/577 926/1435/353 879/1379/353
f 936/1437/352 923/1436/577 877/1374/577
f 934/1438/335 936/1437/352 875/1375/352
f 931/1439/365 934/1438/335 873/1370/335
f 883/1380/362 930/1447/362 922/1440/367
f 922/1440/367 931/1439/365 871/1371/365
f 926/1435/574 923/1436/581 924/1441/581
f 928/1443/575 926/1435/574 925/1442/582
f 928/1445/575 927/1708/575 929/1446/583
f 930/1447/583 929/1446/583 921/1448/584
f 931/1439/569 932/1451/586 933/1449/571
f 936/1437/585 934/1438/571 933/1449/571
f 923/1436/581 936/1437/585 935/1450/585
f 922/1440/584 921/1448/584 932/1451/586
f 927/1453/587 925/1709/587 924/1710/587
f 924/1710/587 935/1450/648 933/1449/587
f 933/1449/587 932/1711/587 921/1452/587
f 921/1452/587 929/1712/648 927/1453/587
f 927/1453/587 924/1710/587 933/1449/587
f 928/1445/329 930/1447/362 883/1380/362
o BrakeRigging.010
v -0.749725 0.869900 0.761960
v -0.763868 0.864042 0.761959
v -0.769725 0.849900 0.761959
v -0.763868 0.835757 0.761959
v -0.735583 0.835757 0.761959
v -0.729725 0.849900 0.761959
v -0.735583 0.864042 0.761959
v -0.749725 0.829900 0.761960
v -0.763868 0.864082 0.453704
v -0.769726 0.849900 0.456253
v -0.763868 0.835717 0.458803
v -0.735584 0.835717 0.458803
v -0.729726 0.849900 0.456253
v -0.735584 0.864082 0.453704
v -0.749726 0.869956 0.452648
v -0.749726 0.829843 0.459859
v -0.774725 0.867900 0.829960
v -0.774725 0.869900 0.827960
v -0.774725 0.869314 0.829375
v -0.774725 0.829900 0.827960
v -0.774725 0.831900 0.829960
v -0.774725 0.830485 0.829375
v -0.729725 0.829900 0.827960
v -0.729725 0.831900 0.829960
v -0.729725 0.830485 0.829374
v -0.724725 0.831900 0.829960
v -0.724725 0.829900 0.827960
v -0.724725 0.830485 0.829374
v -0.724725 0.869900 0.827960
v -0.724725 0.867900 0.829960
v -0.724725 0.869314 0.829374
v -0.769725 0.869900 0.827960
v -0.769725 0.867900 0.829960
v -0.769725 0.869314 0.829374
v -0.769725 0.831900 0.829960
v -0.769725 0.829900 0.827960
v -0.769725 0.830485 0.829374
v -0.729725 0.867900 0.829960
v -0.729725 0.869900 0.827960
v -0.729725 0.869314 0.829374
v -0.774725 0.869900 0.763961
v -0.772725 0.869900 0.761961
v -0.774140 0.869900 0.762547
v -0.774725 0.829900 0.763961
v -0.772725 0.829900 0.761961
v -0.774140 0.829900 0.762547
v -0.724725 0.829900 0.763961
v -0.726726 0.829900 0.761961
v -0.725311 0.829900 0.762547
v -0.724725 0.869900 0.763961
v -0.726726 0.869900 0.761961
v -0.725311 0.869900 0.762547
v -0.767725 0.829900 0.766960
v -0.769725 0.829900 0.768960
v -0.769140 0.829900 0.767546
v -0.729725 0.829900 0.768960
v -0.731726 0.829900 0.766960
v -0.730311 0.829900 0.767546
v -0.731726 0.869900 0.766960
v -0.729725 0.869900 0.768960
v -0.730311 0.869900 0.767546
v -0.769725 0.869900 0.768960
v -0.767725 0.869900 0.766960
v -0.769140 0.869900 0.767546
v -0.735584 1.073117 0.880381
v -0.729726 1.087259 0.880381
v -0.774724 1.239964 2.117980
v -0.774724 1.237964 2.119980
v -0.749724 1.199965 2.051980
v -0.735582 1.234107 2.051979
v -0.729724 1.219965 2.051979
v -0.735582 1.205822 2.051979
v -0.763866 1.205822 2.051979
v -0.769724 1.219965 2.051979
v -0.763866 1.234107 2.051979
v -0.749724 1.239964 2.051980
v -0.763867 1.234146 1.244109
v -0.763877 1.224803 1.205767
v -0.763869 1.232895 1.231593
v -0.763872 1.229475 1.217559
v -0.769725 1.219965 1.246662
v -0.769738 1.210608 1.208306
v -0.769727 1.218711 1.234143
v -0.769732 1.215287 1.220104
v -0.763867 1.205784 1.249207
v -0.763877 1.196424 1.210868
v -0.763869 1.204530 1.236692
v -0.763872 1.201104 1.222659
v -0.735583 1.205784 1.249207
v -0.735574 1.196424 1.210868
v -0.735582 1.204530 1.236692
v -0.735578 1.201104 1.222659
v -0.729725 1.219965 1.246662
v -0.729712 1.210608 1.208306
v -0.729723 1.218711 1.234143
v -0.729719 1.215287 1.220104
v -0.735583 1.234146 1.244109
v -0.735574 1.224803 1.205767
v -0.735582 1.232895 1.231593
v -0.735578 1.229475 1.217559
v -0.749725 1.230686 1.204721
v -0.749725 1.240020 1.243049
v -0.749725 1.235354 1.216508
v -0.749725 1.238770 1.230536
v -0.749725 1.199910 1.250259
v -0.749725 1.190553 1.211935
v -0.749725 1.198656 1.237747
v -0.749725 1.195231 1.223720
v -0.749726 1.107329 0.944500
v -0.749726 1.116687 0.982808
v -0.749726 1.108598 0.957016
v -0.749726 1.112023 0.971037
v -0.763991 1.110816 0.983957
v -0.763953 1.101459 0.945632
v -0.763990 1.106149 0.972181
v -0.763976 1.102724 0.958153
v -0.769900 1.096636 0.986717
v -0.769849 1.087285 0.948374
v -0.769898 1.091965 0.974935
v -0.769880 1.088543 0.960901
v -0.763991 1.082445 0.989456
v -0.763957 1.073109 0.951127
v -0.763990 1.077776 0.977680
v -0.763978 1.074359 0.963651
v -0.735460 1.082445 0.989456
v -0.735494 1.073109 0.951127
v -0.735461 1.077776 0.977680
v -0.735474 1.074359 0.963651
v -0.729551 1.096636 0.986717
v -0.729602 1.087285 0.948374
v -0.729553 1.091965 0.974935
v -0.729572 1.088543 0.960900
v -0.735460 1.110816 0.983957
v -0.735498 1.101459 0.945632
v -0.735462 1.106149 0.972181
v -0.735476 1.102724 0.958153
v -0.749726 1.076564 0.990585
v -0.749726 1.067237 0.952268
v -0.749726 1.071897 0.978815
v -0.749726 1.068483 0.964790
v -0.750071 1.249970 2.010011
v -0.750071 1.249970 1.710011
v -0.776052 1.234970 2.010011
v -0.776052 1.234970 1.710011
v -0.776052 1.204970 2.010011
v -0.776052 1.204970 1.710011
v -0.750071 1.189970 2.010011
v -0.750071 1.189970 1.710011
v -0.724090 1.204970 2.010011
v -0.724091 1.204970 1.710011
v -0.724090 1.234970 2.010011
v -0.724091 1.234970 1.710011
v -0.749898 1.239917 1.700029
v -0.749897 1.239895 2.020015
v -0.763866 1.234109 2.020010
v -0.763867 1.234120 1.700029
v -0.769724 1.219965 2.020010
v -0.769724 1.219965 1.700030
v -0.763866 1.205821 2.020010
v -0.763867 1.205806 1.700030
v -0.749897 1.200035 2.020005
v -0.749898 1.200013 1.700030
v -0.735582 1.205820 2.020010
v -0.735582 1.205810 1.700030
v -0.729724 1.219970 2.020010
v -0.729725 1.219965 1.700030
v -0.735582 1.234109 2.020010
v -0.735582 1.234124 1.700030
v -0.730641 1.177878 1.152316
v -0.733583 1.185252 1.148593
v -0.730641 1.217429 1.321165
v -0.733583 1.225133 1.321165
v -0.727642 1.179172 1.154388
v -0.727642 1.183969 1.151981
v -0.727642 1.217429 1.318835
v -0.727642 1.222328 1.318835
v -0.733583 1.225133 1.227198
v -0.727642 1.222328 1.227976
v -0.768728 1.177878 1.152316
v -0.765786 1.185252 1.148593
v -0.768728 1.217429 1.321165
v -0.765786 1.225133 1.321165
v -0.771728 1.179172 1.154388
v -0.771728 1.183969 1.151981
v -0.771728 1.217429 1.318835
v -0.771728 1.222328 1.318835
v -0.765786 1.225133 1.227198
v -0.771728 1.222328 1.227976
v -0.730642 1.130957 1.046900
v -0.733583 1.123583 1.050623
v -0.730642 1.091405 0.878051
v -0.733584 1.083702 0.878051
v -0.727642 1.129662 1.044828
v -0.727642 1.124866 1.047235
v -0.727642 1.091405 0.880381
v -0.727642 1.086507 0.880381
v -0.733584 1.083702 0.972018
v -0.727642 1.086507 0.971240
v -0.768728 1.130957 1.046900
v -0.765787 1.123583 1.050623
v -0.768729 1.091405 0.878051
v -0.765787 1.083702 0.878051
v -0.771728 1.129662 1.044829
v -0.771728 1.124866 1.047235
v -0.771728 1.091405 0.880382
v -0.771728 1.086507 0.880382
v -0.765787 1.083702 0.972018
v -0.771728 1.086507 0.971241
v -0.774724 1.239378 2.119395
v -0.774724 1.199964 2.117980
v -0.774724 1.201964 2.119980
v -0.774724 1.200550 2.119395
v -0.729724 1.199964 2.117980
v -0.729724 1.201964 2.119980
v -0.729724 1.200550 2.119395
v -0.724724 1.201964 2.119980
v -0.724724 1.199964 2.117980
v -0.724724 1.200550 2.119395
v -0.724724 1.239964 2.117980
v -0.724724 1.237964 2.119980
v -0.724724 1.239378 2.119395
v -0.769724 1.239964 2.117980
v -0.769724 1.237964 2.119980
v -0.769724 1.239378 2.119395
v -0.769724 1.201964 2.119980
v -0.769724 1.199964 2.117980
v -0.769724 1.200550 2.119395
v -0.729724 1.237964 2.119980
v -0.729724 1.239964 2.117980
v -0.729724 1.239378 2.119395
v -0.774724 1.239964 2.053981
v -0.772724 1.239964 2.051981
v -0.774138 1.239964 2.052567
v -0.774724 1.199964 2.053981
v -0.772724 1.199964 2.051981
v -0.774138 1.199965 2.052567
v -0.724724 1.199964 2.053981
v -0.726724 1.199964 2.051981
v -0.725310 1.199965 2.052567
v -0.724724 1.239964 2.053981
v -0.726724 1.239964 2.051981
v -0.725310 1.239964 2.052567
v -0.767724 1.199964 2.056980
v -0.769724 1.199964 2.058980
v -0.769138 1.199964 2.057566
v -0.729724 1.199964 2.058980
v -0.731724 1.199964 2.056980
v -0.730310 1.199964 2.057566
v -0.731724 1.239964 2.056980
v -0.729724 1.239964 2.058980
v -0.730310 1.239964 2.057566
v -0.769724 1.239964 2.058980
v -0.767724 1.239964 2.056980
v -0.769138 1.239964 2.057566
v -0.724726 1.107259 0.814381
v -0.724726 1.105259 0.812381
v -0.749726 1.067259 0.880381
v -0.763868 1.101401 0.880382
v -0.769726 1.087259 0.880382
v -0.763868 1.073117 0.880382
v -0.735584 1.101401 0.880381
v -0.749726 1.107259 0.880381
v -0.724726 1.106673 0.812967
v -0.724726 1.067259 0.814381
v -0.724726 1.069259 0.812381
v -0.724726 1.067845 0.812967
v -0.769726 1.067259 0.814381
v -0.769726 1.069259 0.812381
v -0.769726 1.067845 0.812967
v -0.774726 1.069259 0.812381
v -0.774726 1.067259 0.814381
v -0.774726 1.067845 0.812967
v -0.774726 1.107259 0.814381
v -0.774726 1.105259 0.812381
v -0.774726 1.106673 0.812967
v -0.729726 1.107259 0.814381
v -0.729726 1.105259 0.812381
v -0.729726 1.106673 0.812967
v -0.729726 1.069259 0.812381
v -0.729726 1.067259 0.814381
v -0.729726 1.067845 0.812967
v -0.769726 1.105259 0.812381
v -0.769726 1.107259 0.814381
v -0.769726 1.106673 0.812967
v -0.724726 1.107259 0.878380
v -0.726726 1.107259 0.880381
v -0.725312 1.107259 0.879795
v -0.724726 1.067259 0.878380
v -0.726726 1.067259 0.880381
v -0.725312 1.067259 0.879795
v -0.774726 1.067259 0.878380
v -0.772726 1.067259 0.880381
v -0.774140 1.067259 0.879795
v -0.774726 1.107259 0.878380
v -0.772726 1.107259 0.880381
v -0.774140 1.107259 0.879795
v -0.731726 1.067259 0.875382
v -0.729726 1.067259 0.873381
v -0.730312 1.067259 0.874796
v -0.769726 1.067259 0.873381
v -0.767726 1.067259 0.875382
v -0.769140 1.067259 0.874796
v -0.767726 1.107259 0.875382
v -0.769726 1.107259 0.873381
v -0.769140 1.107259 0.874796
v -0.729726 1.107259 0.873381
v -0.731726 1.107259 0.875382
v -0.730312 1.107259 0.874796
v -0.794740 0.515000 2.086296
v -0.794740 0.605000 2.086296
v -0.704740 0.605000 2.086296
v -0.704740 0.515000 2.086296
v -0.724735 0.515000 2.086296
v -0.774745 0.605000 2.086296
v -0.769744 0.515000 2.086296
v -0.729735 0.515000 2.086296
v -0.729735 0.605000 2.086296
v -0.769744 0.605000 2.086296
v -0.774745 0.515000 2.086296
v -0.724735 0.605000 2.086296
v -0.749724 0.497033 2.088456
v -0.749724 0.499033 2.086292
v -0.735581 0.499033 2.092149
v -0.737112 0.497033 2.093680
v -0.729724 0.499033 2.106292
v -0.731888 0.497033 2.106292
v -0.735581 0.499033 2.120434
v -0.737112 0.497033 2.118903
v -0.749723 0.499033 2.126292
v -0.749723 0.497033 2.124127
v -0.763866 0.499033 2.120434
v -0.762335 0.497033 2.118903
v -0.769724 0.499033 2.106292
v -0.767559 0.497033 2.106292
v -0.763866 0.499033 2.092149
v -0.762335 0.497033 2.093680
v -0.794740 0.520000 2.045571
v -0.794740 0.515000 2.050570
v -0.794740 0.516464 2.047035
v -0.794740 0.605000 2.050570
v -0.794740 0.600000 2.045571
v -0.794740 0.603535 2.047035
v -0.704740 0.515000 2.050570
v -0.704740 0.520000 2.045570
v -0.704740 0.516464 2.047035
v -0.704740 0.600000 2.045570
v -0.704740 0.605000 2.050570
v -0.704740 0.603535 2.047035
v -0.769744 0.520000 2.117014
v -0.769744 0.515000 2.112014
v -0.769744 0.516464 2.115549
v -0.729735 0.515000 2.112014
v -0.729735 0.520000 2.117014
v -0.729735 0.516464 2.115549
v -0.729735 0.600000 2.117014
v -0.729735 0.605000 2.112014
v -0.729735 0.603535 2.115549
v -0.769744 0.605000 2.112014
v -0.769744 0.600000 2.117014
v -0.769744 0.603535 2.115549
v -0.724734 0.520000 2.117014
v -0.724734 0.515000 2.112014
v -0.724734 0.516464 2.115549
v -0.774745 0.600000 2.117014
v -0.774745 0.605000 2.112014
v -0.774745 0.603535 2.115549
v -0.774745 0.515000 2.112014
v -0.774745 0.520000 2.117014
v -0.774745 0.516464 2.115549
v -0.724735 0.605000 2.112014
v -0.724735 0.600000 2.117014
v -0.724735 0.603535 2.115549
v -0.749724 1.241998 2.088456
v -0.749724 1.239998 2.086292
v -0.749724 1.242001 2.124127
v -0.749724 1.240001 2.126292
v -0.762335 1.242001 2.118903
v -0.763866 1.240001 2.120434
v -0.767559 1.242001 2.106292
v -0.769724 1.240001 2.106292
v -0.762335 1.242001 2.093680
v -0.763866 1.240001 2.092149
v -0.737112 1.241998 2.093680
v -0.735582 1.239998 2.092149
v -0.731889 1.241998 2.106292
v -0.729724 1.239998 2.106292
v -0.737112 1.241998 2.118903
v -0.735582 1.239998 2.120434
v -0.704709 0.515000 0.836065
v -0.704709 0.605000 0.836065
v -0.794709 0.605000 0.836065
v -0.794709 0.515000 0.836065
v -0.774714 0.515000 0.836065
v -0.724704 0.605000 0.836065
v -0.729705 0.515000 0.836065
v -0.769714 0.515000 0.836065
v -0.769714 0.605000 0.836065
v -0.729705 0.605000 0.836065
v -0.724704 0.515000 0.836065
v -0.774714 0.605000 0.836065
v -0.749725 0.497033 0.833905
v -0.749725 0.499033 0.836069
v -0.763867 0.499033 0.830212
v -0.762337 0.497033 0.828681
v -0.769725 0.499033 0.816069
v -0.767561 0.497033 0.816069
v -0.763868 0.499033 0.801927
v -0.762337 0.497033 0.803458
v -0.749725 0.499033 0.796069
v -0.749725 0.497033 0.798234
v -0.735583 0.499033 0.801927
v -0.737114 0.497033 0.803458
v -0.729725 0.499033 0.816069
v -0.731890 0.497033 0.816069
v -0.735583 0.499033 0.830212
v -0.737114 0.497033 0.828681
v -0.704709 0.520000 0.876791
v -0.704709 0.515000 0.871791
v -0.704709 0.516464 0.875326
v -0.704709 0.605000 0.871791
v -0.704709 0.600000 0.876791
v -0.704709 0.603535 0.875326
v -0.794709 0.515000 0.871791
v -0.794709 0.520000 0.876791
v -0.794709 0.516464 0.875326
v -0.794709 0.600000 0.876791
v -0.794709 0.605000 0.871791
v -0.794709 0.603535 0.875326
v -0.729705 0.520000 0.805347
v -0.729705 0.515000 0.810347
v -0.729705 0.516464 0.806812
v -0.769714 0.515000 0.810347
v -0.769714 0.520000 0.805347
v -0.769714 0.516464 0.806812
v -0.769714 0.600000 0.805347
v -0.769714 0.605000 0.810347
v -0.769714 0.603535 0.806812
v -0.729705 0.605000 0.810347
v -0.729705 0.600000 0.805347
v -0.729705 0.603535 0.806812
v -0.774714 0.520000 0.805347
v -0.774714 0.515000 0.810347
v -0.774714 0.516464 0.806812
v -0.724704 0.600000 0.805347
v -0.724704 0.605000 0.810347
v -0.724704 0.603535 0.806812
v -0.724704 0.515000 0.810347
v -0.724704 0.520000 0.805347
v -0.724704 0.516464 0.806812
v -0.774714 0.605000 0.810347
v -0.774714 0.600000 0.805347
v -0.774714 0.603535 0.806812
v -0.749726 1.108980 0.833905
v -0.749726 1.106979 0.836070
v -0.749726 1.106982 0.796070
v -0.749726 1.108982 0.798234
v -0.737114 1.108982 0.803458
v -0.735583 1.106982 0.801927
v -0.731890 1.108982 0.816069
v -0.729726 1.106982 0.816069
v -0.737114 1.108982 0.828681
v -0.735583 1.106982 0.830212
v -0.763868 1.106979 0.830212
v -0.762337 1.108979 0.828681
v -0.767561 1.108979 0.816069
v -0.769726 1.106979 0.816069
v -0.762337 1.108980 0.803458
v -0.763868 1.106979 0.801927
vn 0.6850 0.7285 0.0001
vn -0.0000 1.0000 0.0001
vn 0.7071 0.7071 0.0001
vn 0.9991 0.0433 -0.0000
vn 1.0000 -0.0000 -0.0000
vn 0.7286 -0.6850 0.0001
vn 0.7071 -0.7071 0.0001
vn -0.0000 -1.0000 0.0001
vn -0.0000 -1.0000 0.0002
vn -0.7071 -0.7071 0.0001
vn -1.0000 -0.0000 -0.0000
vn -0.7286 -0.6850 0.0001
vn -0.7071 0.7071 0.0001
vn -0.9991 0.0433 -0.0000
vn -0.6850 0.7285 0.0001
vn -0.0000 -0.9808 0.1951
vn -0.0000 -0.7071 0.7071
vn -0.0000 -0.1951 0.9808
vn -0.0000 0.9808 0.1951
vn -0.0000 0.7071 0.7071
vn -0.0000 0.1951 0.9808
vn 0.0004 -0.0000 -1.0000
vn 0.1952 0.0001 -0.9808
vn 0.1952 -0.0001 -0.9808
vn 0.0001 1.0000 -0.0001
vn -0.0001 1.0000 -0.0001
vn -0.1952 0.0001 -0.9808
vn -0.7071 -0.0000 -0.7071
vn 0.7071 -0.0000 -0.7071
vn -0.9808 -0.0000 -0.1951
vn 0.0001 -1.0000 0.0001
vn -0.0001 -1.0000 0.0001
vn -0.0000 -1.0000 -0.0001
vn -0.0004 -0.0000 -1.0000
vn -0.1952 -0.0001 -0.9808
vn 0.9808 -0.0000 -0.1951
vn 0.1951 -0.0000 0.9808
vn 0.7071 -0.0000 0.7071
vn 0.9808 -0.0000 0.1951
vn -0.9808 -0.0000 0.1951
vn -0.7071 -0.0000 0.7071
vn -0.1951 -0.0000 0.9808
vn -0.0000 -0.0000 1.0000
vn -0.0001 -0.0000 1.0000
vn 0.8683 -0.4583 0.1899
vn -0.0000 -0.9239 0.3827
vn 0.6303 -0.5490 0.5490
vn 0.0005 -0.0000 -1.0000
vn -0.0000 0.9119 -0.4104
vn 0.7014 0.6792 -0.2161
vn 0.6982 0.6519 -0.2957
vn -0.0000 0.9536 -0.3011
vn 0.7034 0.7007 -0.1197
vn -0.0000 0.9987 -0.0512
vn 0.7037 0.7096 -0.0352
vn 0.9999 0.0155 -0.0068
vn 0.9999 0.0104 -0.0074
vn 0.9999 0.0165 -0.0024
vn 0.9999 0.0123 0.0010
vn 0.7180 -0.6630 0.2118
vn 0.7097 -0.6412 0.2919
vn 0.7203 -0.6837 0.1172
vn 0.7158 -0.6975 0.0348
vn -0.0000 -0.9520 0.3060
vn -0.0000 -0.9091 0.4166
vn -0.0000 -0.9857 0.1688
vn -0.0000 -0.9988 0.0484
vn -0.7097 -0.6412 0.2919
vn -0.7180 -0.6630 0.2118
vn -0.7203 -0.6837 0.1172
vn -0.7158 -0.6975 0.0348
vn -0.9999 0.0104 -0.0074
vn -0.9999 0.0155 -0.0068
vn -0.9999 0.0165 -0.0024
vn -0.9999 0.0123 0.0010
vn -0.6982 0.6519 -0.2957
vn -0.7014 0.6792 -0.2161
vn -0.7034 0.7007 -0.1197
vn -0.7037 0.7096 -0.0352
vn -0.0000 0.9857 -0.1686
vn 0.7143 0.6988 -0.0366
vn -0.0000 0.9856 -0.1693
vn 0.7190 0.6848 -0.1187
vn 0.7171 0.6640 -0.2120
vn -0.0000 0.9522 -0.3055
vn 0.7092 0.6420 -0.2913
vn 0.9999 -0.0125 -0.0031
vn 0.9999 -0.0168 0.0007
vn 0.9999 -0.0157 0.0063
vn 0.9999 -0.0102 0.0080
vn 0.7022 -0.7111 0.0343
vn 0.7021 -0.7020 0.1191
vn 0.7005 -0.6801 0.2163
vn 0.6976 -0.6522 0.2966
vn -0.0000 -0.9987 0.0510
vn -0.0000 -0.9857 0.1685
vn -0.0000 -0.9535 0.3014
vn -0.0000 -0.9116 0.4112
vn -0.7021 -0.7020 0.1191
vn -0.7022 -0.7111 0.0343
vn -0.7005 -0.6801 0.2163
vn -0.6976 -0.6522 0.2966
vn -0.9999 -0.0168 0.0007
vn -0.9999 -0.0125 -0.0031
vn -0.9999 -0.0157 0.0063
vn -0.9999 -0.0103 0.0080
vn -0.7190 0.6848 -0.1187
vn -0.7143 0.6988 -0.0366
vn -0.7171 0.6640 -0.2120
vn -0.7092 0.6420 -0.2913
vn -0.0000 0.9988 -0.0494
vn -0.0000 0.9095 -0.4157
vn 0.7070 0.7072 -0.0014
vn -0.7070 0.7072 -0.0014
vn -1.0000 -0.0000 -0.0017
vn -0.7069 -0.7073 -0.0011
vn -0.0000 -1.0000 -0.0006
vn 0.7069 -0.7073 -0.0011
vn 1.0000 -0.0000 -0.0017
vn -0.5000 0.8660 -0.0000
vn -0.5000 -0.8660 -0.0000
vn 0.5000 -0.8660 -0.0000
vn 0.5000 0.8660 -0.0000
vn -0.0044 1.0000 0.0001
vn -0.7071 0.7071 -0.0000
vn -0.0056 1.0000 -0.0021
vn -0.7075 0.7067 -0.0000
vn -1.0000 0.0001 -0.0000
vn -0.7074 -0.7068 -0.0000
vn -0.7071 -0.7071 -0.0000
vn -0.0043 -1.0000 0.0002
vn -0.0056 -1.0000 -0.0022
vn 0.6227 0.2576 -0.7388
vn 0.7437 0.1535 -0.6506
vn 0.7729 -0.0000 -0.6345
vn 0.7045 -0.7097 0.0002
vn 0.7049 -0.7093 -0.0016
vn 0.0001 -1.0000 -0.0006
vn 0.7444 -0.1536 0.6498
vn 0.7444 0.1536 0.6499
vn 0.7733 -0.0000 0.6341
vn 1.0000 0.0002 -0.0000
vn 0.6232 -0.2580 0.7382
vn 0.7044 0.7098 -0.0000
vn 0.7049 0.7093 -0.0015
vn -0.7223 0.1459 0.6760
vn -0.7224 -0.1459 0.6759
vn -0.7448 -0.0000 0.6673
vn -0.6036 0.2500 0.7571
vn 0.0001 1.0000 -0.0006
vn -0.3404 0.6952 0.6331
vn -0.3782 0.7062 0.5985
vn -0.2795 0.6741 0.6837
vn -0.3405 0.6951 -0.6332
vn -0.3783 0.7062 -0.5985
vn -0.4127 0.7148 -0.5647
vn 0.3400 0.7038 -0.6238
vn 0.3830 0.7171 -0.5823
vn 0.2751 0.6798 -0.6799
vn 0.7438 -0.1535 -0.6505
vn 0.6228 -0.2577 -0.7387
vn 0.3832 -0.7172 -0.5820
vn 0.3401 -0.7040 -0.6235
vn 0.2754 -0.6801 -0.6795
vn -0.3405 -0.6955 -0.6328
vn -0.3785 -0.7066 -0.5979
vn -0.2797 -0.6744 -0.6834
vn -0.7217 0.1458 -0.6767
vn -0.6031 0.2496 -0.7576
vn -0.7443 -0.0000 -0.6678
vn -0.6037 -0.2500 0.7570
vn -0.3783 -0.7065 0.5981
vn -0.3402 -0.6954 0.6330
vn -0.2790 -0.6742 0.6838
vn 0.3398 -0.7040 0.6236
vn 0.3830 -0.7173 0.5821
vn 0.2745 -0.6799 0.6800
vn 0.6231 0.2581 0.7383
vn 0.3400 0.7038 0.6238
vn 0.3829 0.7170 0.5825
vn 0.4194 0.7264 0.5445
vn -0.6033 -0.2496 -0.7575
vn -0.7218 -0.1458 -0.6766
vn -0.9982 -0.0530 0.0269
vn 0.4259 0.1626 0.8901
vn 0.6297 -0.3484 -0.6943
vn 0.1734 -0.9592 0.2232
vn 0.4331 0.8047 -0.4062
vn 0.4269 0.9043 -0.0000
vn 0.9310 -0.3555 0.0822
vn -0.6135 -0.0000 0.7897
vn -0.6297 -0.3484 -0.6943
vn -0.2541 -0.9417 0.2206
vn -0.4331 0.8047 -0.4062
vn -0.4269 0.9043 -0.0000
vn -0.9982 0.0530 -0.0269
vn 0.6298 0.3484 0.6943
vn 0.1734 0.9592 -0.2232
vn 0.4331 -0.8047 0.4062
vn 0.4269 -0.9043 -0.0000
vn 0.9310 0.3555 -0.0822
vn -0.6298 0.3484 0.6943
vn -0.2541 0.9417 -0.2206
vn -0.4331 -0.8047 0.4062
vn -0.4269 -0.9043 -0.0000
vn -0.7072 -0.0000 -0.7071
vn 0.0001 -1.0000 -0.0000
vn -0.0001 -1.0000 -0.0000
vn -0.0005 -0.0000 -1.0000
vn 0.1950 -0.0000 0.9808
vn 0.7072 -0.0000 0.7070
vn -0.7072 -0.0000 0.7070
vn -0.7071 -0.0000 0.7072
vn -0.1950 -0.0000 0.9808
vn -0.0000 -0.9808 -0.1951
vn -0.0000 -0.7071 -0.7071
vn -0.0000 0.7071 -0.7071
vn -0.0000 0.1951 -0.9808
vn -0.0000 0.9808 -0.1951
vn -0.8683 -0.4583 -0.1899
vn -0.0000 -0.9239 -0.3827
vn -0.6303 -0.5490 -0.5490
vn -0.0000 -0.1951 -0.9808
vn -0.0003 -0.0000 1.0000
vn -0.0001 1.0000 0.0001
vn 0.0001 1.0000 0.0001
vn -0.0000 1.0000 -0.0001
vn -0.0001 -1.0000 -0.0001
vn 0.0001 -1.0000 -0.0001
vn -0.0000 -1.0000 -0.0000
vn 0.0003 -0.0000 1.0000
vn -0.1951 -0.0000 -0.9808
vn 0.1951 -0.0000 -0.9808
vn 0.4798 -0.7345 -0.4798
vn -0.0000 -0.7345 -0.6786
vn 0.6786 -0.7345 -0.0000
vn 0.4798 -0.7345 0.4798
vn -0.0000 -0.7345 0.6786
vn -0.4798 -0.7345 0.4798
vn -0.6786 -0.7345 -0.0000
vn -0.4798 -0.7345 -0.4798
vn -0.0001 0.1951 0.9808
vn -0.0000 1.0000 -0.0000
vn -0.4798 0.7345 0.4798
vn 0.0001 0.7346 0.6785
vn -0.6786 0.7345 -0.0000
vn -0.4797 0.7346 -0.4798
vn 0.0001 0.7344 -0.6787
vn 0.4798 0.7345 -0.4798
vn 0.6786 0.7345 -0.0000
vn 0.4800 0.7344 0.4798
vn -0.0000 -0.0000 -1.0000
vn 0.0001 1.0000 -0.0000
vn 0.4798 -0.7345 -0.4799
vn 0.4799 -0.7345 0.4798
vn -0.0001 0.7346 -0.6785
vn 0.4798 0.7345 -0.4799
vn 0.4797 0.7346 0.4798
vn -0.0001 0.7344 0.6787
vn -0.4800 0.7344 -0.4798
vn -0.4799 0.7345 0.4798
vn -0.0001 1.0000 -0.0000
vn -0.0000 1.0000 0.0002
vn 0.0001 0.0001 -1.0000
vn -0.0000 0.0002 -1.0000
vn -0.0000 -0.0002 -1.0000
vn 0.0001 -0.0001 -1.0000
vn 0.0005 1.0000 -0.0000
vn -0.0000 1.0000 -0.0005
vn -0.0005 1.0000 -0.0000
vn 0.0005 -1.0000 -0.0000
vn -0.0000 -1.0000 0.0005
vn -0.0005 -1.0000 -0.0000
vn -0.0001 -0.0001 -1.0000
vn -0.0001 0.0001 -1.0000
vn 0.0001 -0.0000 1.0000
vn 0.0001 0.0002 -1.0000
vn -0.0000 0.0003 -1.0000
vn -0.0000 -0.0003 -1.0000
vn 0.0001 -0.0002 -1.0000
vn -0.0000 1.0000 -0.0011
vn -0.4127 0.7148 0.5645
vn -0.2797 0.6740 -0.6837
vn 0.4194 0.7264 -0.5444
vn 0.4195 -0.7266 -0.5441
vn -0.4129 -0.7152 -0.5640
vn -0.4129 -0.7151 0.5640
vn 0.4196 -0.7267 0.5440
vn 0.2750 0.6798 0.6799
vn -0.9390 -0.3350 0.0785
vn -0.9342 -0.3567 -0.0000
vn 0.6135 -0.0000 0.7897
vn 0.4348 -0.2616 -0.8617
vn 0.2541 -0.9417 0.2206
vn 0.4108 0.8131 -0.4125
vn 0.9390 -0.3350 0.0785
vn -0.4259 0.1626 0.8901
vn -0.4348 -0.2616 -0.8617
vn -0.1734 -0.9592 0.2232
vn -0.4108 0.8131 -0.4125
vn -0.9390 0.3350 -0.0785
vn -0.9342 0.3567 -0.0000
vn 0.4348 0.2616 0.8617
vn 0.2541 0.9417 -0.2206
vn 0.4108 -0.8131 0.4125
vn 0.9390 0.3350 -0.0785
vn -0.4348 0.2616 0.8617
vn -0.1734 0.9592 -0.2232
vn -0.4108 -0.8131 0.4125
vn -0.0000 1.0000 -0.0006
vn 0.7072 -0.0000 -0.7071
vn -0.0000 -1.0000 0.0004
vn -0.0001 -0.0002 -1.0000
vn -0.0001 0.0002 -1.0000
vn -0.0000 0.0001 1.0000
vn -0.0000 0.0002 1.0000
vn -0.0000 -0.0002 1.0000
vn -0.0000 -0.0001 1.0000
vn -0.0000 1.0000 0.0006
vn -0.0000 1.0000 -0.0003
vn -0.0000 -1.0000 -0.0005
vn 0.0002 1.0000 -0.0000
vn -0.0002 1.0000 -0.0000
vt 0.043572 0.295928
vt 0.041319 0.250715
vt 0.043565 0.250715
vt 0.045822 0.295553
vt 0.045810 0.250714
vt 0.030086 0.295180
vt 0.027848 0.250714
vt 0.030093 0.250715
vt 0.032332 0.295026
vt 0.032339 0.250715
vt 0.034584 0.250715
vt 0.036829 0.250715
vt 0.034578 0.295181
vt 0.039074 0.250715
vt 0.036829 0.295555
vt 0.039080 0.295929
vt 0.281984 0.045825
vt 0.281251 0.046050
vt 0.281251 0.045825
vt 0.281984 0.046050
vt 0.281251 0.046274
vt 0.274650 0.052003
vt 0.275384 0.051779
vt 0.275384 0.052003
vt 0.274650 0.051779
vt 0.275384 0.051554
vt 0.275384 0.045825
vt 0.274650 0.046050
vt 0.274650 0.045825
vt 0.275384 0.046050
vt 0.274650 0.046274
vt 0.281251 0.052003
vt 0.281984 0.051779
vt 0.281984 0.052003
vt 0.281251 0.051779
vt 0.281984 0.051554
vt 0.116910 0.247327
vt 0.113976 0.246887
vt 0.119843 0.246887
vt 0.274650 0.051554
vt 0.281251 0.051554
vt 0.281898 0.061598
vt 0.274736 0.061598
vt 0.280957 0.060951
vt 0.112794 0.012488
vt 0.106927 0.012263
vt 0.112794 0.012263
vt 0.119843 0.246663
vt 0.114062 0.236844
vt 0.119550 0.236758
vt 0.119843 0.237051
vt 0.112794 0.012039
vt 0.274736 0.036231
vt 0.281898 0.036231
vt 0.275677 0.036878
vt 0.109860 0.012928
vt 0.106927 0.012488
vt 0.107013 0.002444
vt 0.112500 0.002359
vt 0.112794 0.002652
vt 0.113976 0.246438
vt 0.119843 0.246438
vt 0.084595 0.272588
vt 0.078728 0.272812
vt 0.078728 0.272588
vt 0.084595 0.272812
vt 0.078728 0.273037
vt 0.084595 0.266858
vt 0.078728 0.267083
vt 0.078728 0.266858
vt 0.084595 0.267083
vt 0.078728 0.267307
vt 0.084595 0.267307
vt 0.084509 0.281898
vt 0.079022 0.281984
vt 0.078728 0.281691
vt 0.078814 0.257997
vt 0.084302 0.257911
vt 0.084595 0.258205
vt 0.020841 0.144517
vt 0.019253 0.140684
vt 0.023086 0.139096
vt 0.107222 0.215907
vt 0.107956 0.215682
vt 0.107956 0.215907
vt 0.114556 0.209953
vt 0.113823 0.210177
vt 0.113823 0.209953
vt 0.107956 0.209953
vt 0.107222 0.210177
vt 0.107222 0.209953
vt 0.107956 0.209728
vt 0.107222 0.209728
vt 0.113823 0.215907
vt 0.114556 0.215682
vt 0.114556 0.215907
vt 0.113823 0.215682
vt 0.114556 0.215458
vt 0.107222 0.215682
vt 0.107956 0.215458
vt 0.109860 0.093999
vt 0.106927 0.093558
vt 0.112794 0.093558
vt 0.114556 0.209728
vt 0.113823 0.209728
vt 0.114556 0.210177
vt 0.326763 0.053572
vt 0.324605 0.055070
vt 0.324620 0.053290
vt 0.326701 0.055234
vt 0.324547 0.057092
vt 0.326645 0.058768
vt 0.324465 0.058868
vt 0.322317 0.054715
vt 0.322422 0.052697
vt 0.322213 0.057042
vt 0.322156 0.059114
vt 0.340140 0.053576
vt 0.338017 0.054934
vt 0.338003 0.053043
vt 0.340159 0.055183
vt 0.338025 0.057090
vt 0.340252 0.058690
vt 0.338011 0.058986
vt 0.335673 0.054787
vt 0.335720 0.052771
vt 0.335662 0.057108
vt 0.335687 0.059129
vt 0.333389 0.052859
vt 0.333273 0.054843
vt 0.333253 0.057119
vt 0.333337 0.059100
vt 0.331104 0.053189
vt 0.330948 0.055034
vt 0.330918 0.057129
vt 0.331024 0.058959
vt 0.328907 0.053504
vt 0.328771 0.055204
vt 0.328732 0.057129
vt 0.328800 0.058815
vt 0.326658 0.057117
vt 0.326592 0.011412
vt 0.328849 0.013316
vt 0.326509 0.013271
vt 0.326443 0.015405
vt 0.328779 0.015593
vt 0.326410 0.017286
vt 0.324404 0.011625
vt 0.324348 0.013245
vt 0.324299 0.015110
vt 0.324263 0.016739
vt 0.339694 0.011839
vt 0.341855 0.013518
vt 0.339636 0.013523
vt 0.339610 0.015458
vt 0.341834 0.015733
vt 0.339622 0.017178
vt 0.337626 0.011922
vt 0.337611 0.013506
vt 0.337573 0.015316
vt 0.337519 0.016919
vt 0.335614 0.013472
vt 0.335574 0.011844
vt 0.335560 0.015330
vt 0.335421 0.016975
vt 0.333502 0.013425
vt 0.333442 0.011653
vt 0.333439 0.015457
vt 0.333268 0.017251
vt 0.331225 0.013370
vt 0.331197 0.011446
vt 0.331158 0.015590
vt 0.331014 0.017533
vt 0.328885 0.011344
vt 0.328693 0.017581
vt 0.341798 0.017711
vt 0.326770 0.002025
vt 0.331118 0.002055
vt 0.333285 0.002046
vt 0.335445 0.002028
vt 0.337599 0.002017
vt 0.339752 0.002021
vt 0.341871 0.011598
vt 0.324600 0.001988
vt 0.401839 0.607477
vt 0.397439 0.563475
vt 0.401839 0.563475
vt 0.393038 0.607477
vt 0.393038 0.563475
vt 0.388638 0.563475
vt 0.388638 0.607477
vt 0.384238 0.563475
vt 0.410639 0.607477
vt 0.406239 0.563475
vt 0.410639 0.563475
vt 0.406239 0.607477
vt 0.328210 0.126771
vt 0.011165 0.041646
vt 0.015854 0.039428
vt 0.015855 0.041646
vt 0.330470 0.126712
vt 0.332759 0.126653
vt 0.015854 0.043891
vt 0.335049 0.126594
vt 0.011165 0.046136
vt 0.015854 0.046137
vt 0.337309 0.126537
vt 0.015855 0.048354
vt 0.406262 0.609713
vt 0.408440 0.609158
vt 0.339617 0.126479
vt 0.015858 0.050619
vt 0.011165 0.048382
vt 0.408439 0.561791
vt 0.341906 0.126423
vt 0.011173 0.052872
vt 0.015862 0.052865
vt 0.015862 0.059922
vt 0.013688 0.059392
vt 0.015862 0.057675
vt 0.325902 0.126832
vt 0.323611 0.126893
vt 0.011169 0.037156
vt 0.015862 0.034919
vt 0.015858 0.037163
vt 0.395238 0.561739
vt 0.397407 0.561159
vt 0.011165 0.039401
vt 0.398923 0.561698
vt 0.401133 0.561515
vt 0.398924 0.609251
vt 0.397439 0.607477
vt 0.404841 0.609222
vt 0.402585 0.609417
vt 0.011916 0.063446
vt 0.011916 0.061210
vt 0.014099 0.061744
vt 0.385636 0.609222
vt 0.387893 0.609416
vt 0.391552 0.609250
vt 0.389341 0.609431
vt 0.397409 0.609791
vt 0.395238 0.609210
vt 0.393068 0.561159
vt 0.391553 0.561699
vt 0.389343 0.561517
vt 0.385635 0.561727
vt 0.387892 0.561533
vt 0.406264 0.561237
vt 0.404843 0.561726
vt 0.393066 0.609791
vt 0.058068 0.143272
vt 0.065209 0.155123
vt 0.065126 0.168051
vt 0.057709 0.143141
vt 0.056990 0.143698
vt 0.056557 0.142772
vt 0.063320 0.167818
vt 0.056990 0.157025
vt 0.063604 0.168309
vt 0.062616 0.168171
vt 0.057709 0.143698
vt 0.056089 0.157386
vt 0.056026 0.157139
vt 0.056026 0.143356
vt 0.056109 0.094030
vt 0.062080 0.068720
vt 0.063167 0.069252
vt 0.063527 0.069120
vt 0.064245 0.069677
vt 0.063527 0.069677
vt 0.058619 0.094150
vt 0.057915 0.093797
vt 0.057631 0.094288
vt 0.057395 0.094024
vt 0.065146 0.083365
vt 0.064245 0.083004
vt 0.065209 0.083118
vt 0.016696 0.175418
vt 0.015487 0.161636
vt 0.021240 0.150058
vt 0.022760 0.151061
vt 0.023706 0.163537
vt 0.017852 0.175510
vt 0.022721 0.150495
vt 0.023547 0.151052
vt 0.017207 0.175194
vt 0.024674 0.163609
vt 0.024622 0.163858
vt 0.018568 0.176240
vt 0.110565 0.167682
vt 0.116318 0.193042
vt 0.115109 0.193042
vt 0.113953 0.193134
vt 0.108258 0.168676
vt 0.109045 0.168685
vt 0.109084 0.168119
vt 0.109412 0.168252
vt 0.107132 0.181233
vt 0.108100 0.181162
vt 0.107184 0.181482
vt 0.107956 0.210177
vt 0.107308 0.200134
vt 0.114470 0.200134
vt 0.108249 0.200781
vt 0.185052 0.327958
vt 0.179185 0.327733
vt 0.185052 0.327733
vt 0.112794 0.093334
vt 0.107013 0.083515
vt 0.112500 0.083429
vt 0.112794 0.083722
vt 0.185052 0.327509
vt 0.114470 0.225501
vt 0.107308 0.225501
vt 0.113529 0.224854
vt 0.182119 0.328398
vt 0.179185 0.327958
vt 0.179271 0.317914
vt 0.184759 0.317828
vt 0.185052 0.318122
vt 0.106927 0.093109
vt 0.112794 0.093109
vt 0.089882 0.300786
vt 0.084015 0.301011
vt 0.084015 0.300786
vt 0.089882 0.301011
vt 0.084015 0.301235
vt 0.089882 0.295057
vt 0.084015 0.295281
vt 0.084015 0.295057
vt 0.089882 0.295281
vt 0.084015 0.295506
vt 0.089882 0.295506
vt 0.089796 0.310097
vt 0.084309 0.310183
vt 0.084015 0.309889
vt 0.084101 0.286196
vt 0.089589 0.286110
vt 0.089882 0.286403
vt 0.313707 0.010577
vt 0.312974 0.010802
vt 0.312974 0.010577
vt 0.306374 0.016531
vt 0.307107 0.016306
vt 0.307107 0.016531
vt 0.312974 0.016531
vt 0.313707 0.016306
vt 0.313707 0.016531
vt 0.312974 0.016755
vt 0.313707 0.016755
vt 0.307107 0.010577
vt 0.306374 0.010802
vt 0.306374 0.010577
vt 0.307107 0.010802
vt 0.306374 0.011026
vt 0.313707 0.010802
vt 0.312974 0.011026
vt 0.004116 0.236167
vt 0.007050 0.236607
vt 0.001183 0.236607
vt 0.306374 0.016756
vt 0.307107 0.016756
vt 0.306374 0.016306
vt 0.312974 0.016306
vt 0.313621 0.026350
vt 0.306460 0.026350
vt 0.312681 0.025703
vt 0.001183 0.254231
vt 0.007050 0.254455
vt 0.001183 0.254455
vt 0.001183 0.236831
vt 0.006964 0.246650
vt 0.001476 0.246736
vt 0.001183 0.246443
vt 0.001183 0.254680
vt 0.306460 0.000983
vt 0.313621 0.000983
vt 0.307400 0.001630
vt 0.004116 0.252072
vt 0.007050 0.254231
vt 0.006964 0.264274
vt 0.001476 0.264360
vt 0.001183 0.264067
vt 0.007050 0.237056
vt 0.001183 0.237056
vt 0.307840 0.068156
vt 0.313707 0.067932
vt 0.313707 0.068156
vt 0.307840 0.067932
vt 0.313707 0.067707
vt 0.307840 0.073886
vt 0.313707 0.073661
vt 0.313707 0.073886
vt 0.307840 0.073661
vt 0.313707 0.073437
vt 0.307840 0.073437
vt 0.307926 0.058846
vt 0.313414 0.058760
vt 0.313707 0.059053
vt 0.313621 0.082747
vt 0.308134 0.082833
vt 0.307840 0.082540
vt 0.721604 0.558651
vt 0.718671 0.545450
vt 0.721604 0.545450
vt 0.204438 0.250461
vt 0.191238 0.256330
vt 0.191238 0.250461
vt 0.693523 0.558651
vt 0.690590 0.545450
vt 0.693523 0.545450
vt 0.248734 0.220376
vt 0.250966 0.219943
vt 0.250964 0.220377
vt 0.246629 0.219917
vt 0.248745 0.219950
vt 0.264360 0.220346
vt 0.262111 0.219943
vt 0.264225 0.219911
vt 0.259890 0.220371
vt 0.262119 0.220369
vt 0.257658 0.220369
vt 0.259890 0.219937
vt 0.255423 0.219940
vt 0.257659 0.219930
vt 0.255425 0.220374
vt 0.253194 0.219940
vt 0.253194 0.220376
vt 0.259219 0.216094
vt 0.253827 0.218369
vt 0.699497 0.591044
vt 0.712698 0.591605
vt 0.699497 0.591605
vt 0.712698 0.592167
vt 0.699497 0.592167
vt 0.699497 0.559040
vt 0.712697 0.558479
vt 0.712697 0.559040
vt 0.699497 0.558479
vt 0.712697 0.557918
vt 0.709765 0.582032
vt 0.709031 0.581470
vt 0.709765 0.581470
vt 0.709031 0.580909
vt 0.709765 0.580909
vt 0.702429 0.568053
vt 0.703163 0.568614
vt 0.702429 0.568614
vt 0.703163 0.569175
vt 0.702429 0.569175
vt 0.702429 0.582032
vt 0.703163 0.581470
vt 0.703163 0.582032
vt 0.702429 0.581470
vt 0.703163 0.580909
vt 0.709765 0.568053
vt 0.709031 0.568614
vt 0.709031 0.568053
vt 0.709765 0.568614
vt 0.709031 0.569175
vt 0.703163 0.585804
vt 0.709031 0.585804
vt 0.712912 0.545665
vt 0.699497 0.546184
vt 0.712697 0.546184
vt 0.709031 0.564280
vt 0.703163 0.564280
vt 0.699497 0.557918
vt 0.698763 0.558651
vt 0.191971 0.260835
vt 0.191238 0.260102
vt 0.204438 0.256330
vt 0.203705 0.245956
vt 0.204438 0.246689
vt 0.702429 0.580909
vt 0.686085 0.546184
vt 0.686818 0.545450
vt 0.690590 0.558651
vt 0.726109 0.557918
vt 0.725376 0.558651
vt 0.257656 0.329037
vt 0.259885 0.329471
vt 0.257654 0.329474
vt 0.255424 0.329471
vt 0.255425 0.329036
vt 0.253196 0.329468
vt 0.253194 0.329034
vt 0.250966 0.329466
vt 0.250964 0.329032
vt 0.248734 0.329033
vt 0.246629 0.329492
vt 0.246494 0.329057
vt 0.262117 0.329038
vt 0.264222 0.329496
vt 0.262106 0.329463
vt 0.259887 0.329036
vt 0.248745 0.329459
vt 0.257646 0.334856
vt 0.253843 0.333274
vt 0.246494 0.220353
vt 0.708215 0.596590
vt 0.711147 0.609791
vt 0.708215 0.609791
vt 0.318994 0.320957
vt 0.305794 0.326826
vt 0.305794 0.320957
vt 0.736295 0.596590
vt 0.739228 0.609791
vt 0.736295 0.609791
vt 0.201733 0.268123
vt 0.199504 0.267685
vt 0.201734 0.267688
vt 0.197273 0.268124
vt 0.199503 0.268122
vt 0.195043 0.267692
vt 0.197273 0.267688
vt 0.192814 0.268127
vt 0.195043 0.268127
vt 0.190593 0.267702
vt 0.192813 0.267693
vt 0.188346 0.268103
vt 0.190585 0.268127
vt 0.203962 0.268122
vt 0.206066 0.267664
vt 0.206201 0.268099
vt 0.203951 0.267697
vt 0.193460 0.263889
vt 0.197263 0.262305
vt 0.717121 0.564197
vt 0.730322 0.563636
vt 0.730322 0.564197
vt 0.717121 0.563636
vt 0.730322 0.563075
vt 0.730321 0.596201
vt 0.717121 0.596762
vt 0.717121 0.596201
vt 0.730321 0.597323
vt 0.717121 0.597323
vt 0.720053 0.573209
vt 0.720787 0.573771
vt 0.720053 0.573771
vt 0.720787 0.574332
vt 0.720053 0.574332
vt 0.727389 0.587188
vt 0.726655 0.586627
vt 0.727389 0.586627
vt 0.726655 0.586066
vt 0.727389 0.586066
vt 0.727389 0.573209
vt 0.726655 0.573771
vt 0.726655 0.573209
vt 0.727389 0.573771
vt 0.726655 0.574332
vt 0.720053 0.587188
vt 0.720787 0.586627
vt 0.720787 0.587188
vt 0.720053 0.586627
vt 0.720787 0.586066
vt 0.726655 0.569437
vt 0.720787 0.569437
vt 0.716906 0.609576
vt 0.730321 0.609057
vt 0.717121 0.609057
vt 0.720787 0.590961
vt 0.726655 0.590961
vt 0.731055 0.596590
vt 0.306527 0.331331
vt 0.305794 0.330598
vt 0.318994 0.326826
vt 0.318261 0.316452
vt 0.318994 0.317185
vt 0.727389 0.574332
vt 0.743733 0.609057
vt 0.743000 0.609791
vt 0.739228 0.596590
vt 0.703709 0.597323
vt 0.704442 0.596590
vt 0.190586 0.357241
vt 0.192815 0.357235
vt 0.195045 0.357231
vt 0.197274 0.357228
vt 0.199504 0.357226
vt 0.201733 0.357225
vt 0.192813 0.357669
vt 0.190592 0.357668
vt 0.188346 0.357264
vt 0.188481 0.357700
vt 0.206200 0.357250
vt 0.203956 0.357652
vt 0.203961 0.357227
vt 0.201736 0.357659
vt 0.197275 0.357663
vt 0.195043 0.357666
vt 0.199507 0.357662
vt 0.198859 0.361471
vt 0.195051 0.363055
vt 0.041326 0.296083
vt 0.027835 0.295553
vt 0.281984 0.046274
vt 0.275384 0.046274
vt 0.114835 0.248187
vt 0.113976 0.250261
vt 0.119843 0.250261
vt 0.118984 0.248187
vt 0.281251 0.060657
vt 0.281984 0.061391
vt 0.281691 0.061684
vt 0.278317 0.061684
vt 0.274944 0.061684
vt 0.274650 0.061391
vt 0.275384 0.060657
vt 0.281165 0.060865
vt 0.275470 0.060865
vt 0.275677 0.060951
vt 0.113976 0.246663
vt 0.113976 0.237051
vt 0.114270 0.236758
vt 0.119757 0.236844
vt 0.106927 0.012039
vt 0.275384 0.037171
vt 0.274650 0.036438
vt 0.274944 0.036145
vt 0.278317 0.036144
vt 0.281691 0.036145
vt 0.281984 0.036438
vt 0.281251 0.037171
vt 0.275470 0.036964
vt 0.281165 0.036964
vt 0.280957 0.036878
vt 0.107786 0.013787
vt 0.106927 0.015862
vt 0.112794 0.015862
vt 0.111934 0.013787
vt 0.106927 0.002652
vt 0.107220 0.002359
vt 0.112708 0.002444
vt 0.084595 0.273037
vt 0.084595 0.281691
vt 0.084302 0.281984
vt 0.078814 0.281898
vt 0.078728 0.258205
vt 0.079022 0.257911
vt 0.084509 0.257997
vt 0.024674 0.140684
vt 0.024674 0.142929
vt 0.023086 0.144517
vt 0.019253 0.142929
vt 0.020841 0.139096
vt 0.113823 0.215458
vt 0.107222 0.215458
vt 0.107786 0.094858
vt 0.106927 0.096932
vt 0.112794 0.096932
vt 0.111934 0.094858
vt 0.340205 0.057044
vt 0.328945 0.002046
vt 0.341906 0.002031
vt 0.384238 0.607477
vt 0.011165 0.043891
vt 0.011169 0.050627
vt 0.011173 0.034910
vt 0.401135 0.609432
vt 0.402586 0.561531
vt 0.063840 0.168045
vt 0.059155 0.142741
vt 0.062667 0.169190
vt 0.061925 0.168922
vt 0.056026 0.081102
vt 0.064679 0.068751
vt 0.058568 0.095170
vt 0.059310 0.094901
vt 0.065209 0.069335
vt 0.022393 0.150628
vt 0.015487 0.175418
vt 0.023950 0.150114
vt 0.024498 0.150682
vt 0.116318 0.179260
vt 0.114599 0.192818
vt 0.107856 0.167738
vt 0.107307 0.168306
vt 0.113238 0.193864
vt 0.107956 0.201074
vt 0.107222 0.200341
vt 0.107516 0.200048
vt 0.110889 0.200048
vt 0.114263 0.200048
vt 0.114556 0.200341
vt 0.113823 0.201074
vt 0.108042 0.200867
vt 0.113737 0.200867
vt 0.113529 0.200781
vt 0.106927 0.093334
vt 0.106927 0.083722
vt 0.107220 0.083429
vt 0.112708 0.083515
vt 0.179185 0.327509
vt 0.113823 0.224561
vt 0.114556 0.225294
vt 0.114263 0.225587
vt 0.110889 0.225587
vt 0.107516 0.225587
vt 0.107222 0.225294
vt 0.107956 0.224561
vt 0.113737 0.224768
vt 0.108042 0.224768
vt 0.108249 0.224854
vt 0.180044 0.329257
vt 0.179185 0.331331
vt 0.185052 0.331331
vt 0.184193 0.329257
vt 0.179185 0.318122
vt 0.179478 0.317828
vt 0.184966 0.317914
vt 0.089882 0.301235
vt 0.089882 0.309889
vt 0.089589 0.310183
vt 0.084101 0.310097
vt 0.084015 0.286403
vt 0.084309 0.286110
vt 0.089796 0.286196
vt 0.307107 0.011026
vt 0.313707 0.011026
vt 0.006190 0.235307
vt 0.007050 0.233233
vt 0.001183 0.233233
vt 0.002042 0.235307
vt 0.312974 0.025409
vt 0.313707 0.026143
vt 0.313414 0.026436
vt 0.310040 0.026436
vt 0.306667 0.026436
vt 0.306374 0.026143
vt 0.307107 0.025409
vt 0.312888 0.025617
vt 0.307193 0.025617
vt 0.307400 0.025703
vt 0.007050 0.236831
vt 0.007050 0.246443
vt 0.006756 0.246736
vt 0.001269 0.246650
vt 0.007050 0.254680
vt 0.307107 0.001923
vt 0.306374 0.001190
vt 0.306667 0.000897
vt 0.310040 0.000897
vt 0.313414 0.000897
vt 0.313707 0.001190
vt 0.312974 0.001923
vt 0.307193 0.001716
vt 0.312888 0.001716
vt 0.312681 0.001630
vt 0.006190 0.252931
vt 0.007050 0.250857
vt 0.001183 0.250857
vt 0.002042 0.252931
vt 0.007050 0.264067
vt 0.006756 0.264360
vt 0.001268 0.264274
vt 0.307840 0.067707
vt 0.307840 0.059053
vt 0.308134 0.058760
vt 0.313621 0.058846
vt 0.313707 0.082540
vt 0.313414 0.082833
vt 0.307926 0.082747
vt 0.718671 0.558651
vt 0.253813 0.216129
vt 0.255386 0.214535
vt 0.257626 0.214521
vt 0.259234 0.218331
vt 0.712698 0.591044
vt 0.709031 0.582032
vt 0.703163 0.568053
vt 0.709765 0.569175
vt 0.712698 0.585804
vt 0.699497 0.585804
vt 0.702430 0.585804
vt 0.709765 0.585804
vt 0.713431 0.558651
vt 0.712912 0.558436
vt 0.713431 0.545450
vt 0.712697 0.564280
vt 0.709765 0.564280
vt 0.702429 0.564280
vt 0.699497 0.564280
vt 0.698763 0.545450
vt 0.699282 0.545665
vt 0.699282 0.558436
vt 0.204438 0.260102
vt 0.204224 0.260621
vt 0.203705 0.260835
vt 0.191453 0.260621
vt 0.191238 0.246689
vt 0.191453 0.246171
vt 0.191971 0.245956
vt 0.204224 0.246171
vt 0.686818 0.558651
vt 0.686300 0.558436
vt 0.686085 0.557918
vt 0.686300 0.545665
vt 0.725376 0.545450
vt 0.725894 0.545665
vt 0.726109 0.546184
vt 0.725894 0.558436
vt 0.264357 0.329061
vt 0.259228 0.331053
vt 0.259225 0.333282
vt 0.255417 0.334853
vt 0.253846 0.331045
vt 0.711147 0.596590
vt 0.188481 0.267668
vt 0.198843 0.263879
vt 0.198847 0.266109
vt 0.193464 0.266118
vt 0.195034 0.262309
vt 0.717121 0.563074
vt 0.730321 0.596762
vt 0.720787 0.573209
vt 0.726655 0.587188
vt 0.720053 0.586066
vt 0.717121 0.569437
vt 0.730322 0.569437
vt 0.727389 0.569437
vt 0.720054 0.569437
vt 0.716387 0.596590
vt 0.716906 0.596805
vt 0.716387 0.609791
vt 0.717121 0.590961
vt 0.720053 0.590961
vt 0.727389 0.590961
vt 0.730321 0.590961
vt 0.731055 0.609791
vt 0.730536 0.609576
vt 0.730536 0.596805
vt 0.318994 0.330598
vt 0.318780 0.331117
vt 0.318261 0.331331
vt 0.306009 0.331117
vt 0.305794 0.317185
vt 0.306009 0.316667
vt 0.306527 0.316452
vt 0.318780 0.316667
vt 0.743000 0.596590
vt 0.743518 0.596805
vt 0.743733 0.597323
vt 0.743518 0.609576
vt 0.704442 0.609791
vt 0.703924 0.609576
vt 0.703709 0.609057
vt 0.703924 0.596805
vt 0.206066 0.357685
vt 0.193471 0.361479
vt 0.193467 0.359247
vt 0.198855 0.359239
vt 0.197283 0.363051
s 1
usemtl Bogie
f 950/1713/649 937/1714/650 943/1715/651
f 949/1716/652 943/1715/651 942/1717/653
f 948/1718/654 942/1719/653 941/1720/655
f 952/1721/656 941/1720/655 944/1722/657
f 940/1723/658 952/1721/656 944/1722/657
f 939/1724/659 947/1725/660 940/1723/658
f 938/1726/661 946/1727/662 939/1724/659
f 937/1714/650 945/1728/663 938/1726/661
f 963/1729/664 961/1730/665 959/1731/664
f 964/1732/665 960/1733/666 961/1730/665
f 954/1734/667 970/1735/668 968/1736/667
f 955/1737/668 969/1738/669 970/1735/668
f 972/1739/664 958/1740/665 956/1741/664
f 973/1742/665 957/1743/666 958/1740/665
f 975/1744/667 967/1745/668 965/1746/667
f 976/1747/668 966/1748/669 967/1745/668
f 942/1749/670 987/1750/671 984/1751/672
f 957/1743/666 969/1738/669 953/1752/669
f 960/1733/666 966/1748/669 974/1753/669
f 988/1754/673 979/1755/674 995/1756/650
f 978/1757/675 982/1758/676 979/1759/676
f 987/1750/671 985/1760/677 984/1751/672
f 967/1761/653 962/1762/653 963/1763/653
f 982/1758/676 977/1764/678 979/1759/676
f 982/1765/679 985/1766/680 989/1767/681
f 939/1768/682 981/1769/683 978/1757/675
f 958/1770/659 953/1771/659 954/1772/659
f 985/1760/677 986/1773/684 983/1774/684
f 999/1775/685 991/1776/686 989/1777/685
f 1000/1778/686 990/1779/687 991/1776/686
f 996/1780/688 994/1781/689 992/1782/688
f 997/1783/689 993/1784/690 994/1781/689
f 989/1777/685 995/1785/690 999/1775/685
f 970/1786/653 971/1787/653 972/1788/653
f 961/1789/659 974/1790/659 975/1791/659
f 1193/1792/691 1002/1793/692 1198/1794/691
f 1153/1795/664 1151/1796/665 1149/1797/664
f 1145/1798/668 1159/1799/669 1160/1800/668
f 1166/1801/668 1156/1802/669 1157/1803/668
f 1165/1804/667 1157/1803/668 1155/1805/667
f 1162/1806/693 1148/1807/665 1146/1808/694
f 1163/1809/695 1147/1810/666 1148/1807/665
f 1154/1811/665 1150/1812/666 1151/1796/665
f 1007/1813/696 1177/1814/671 1174/1815/672
f 1003/1816/667 1160/1800/668 1158/1817/667
f 1147/1810/666 1159/1799/669 1004/1818/669
f 1037/1819/697 1036/1820/698 1034/1821/699
f 1039/1822/700 1035/1823/701 1036/1820/698
f 1035/1823/701 1038/1824/702 1033/1825/703
f 1034/1821/699 1032/1826/704 1030/1827/705
f 1036/1820/698 1031/1828/706 1032/1826/704
f 1031/1828/706 1033/1825/703 1029/1829/707
f 1030/1830/705 1028/1831/708 1026/1832/709
f 1032/1833/704 1027/1834/710 1028/1831/708
f 1027/1834/710 1029/1835/707 1025/1836/711
f 1026/1832/709 1044/1837/712 1042/1838/713
f 1028/1831/708 1043/1839/714 1044/1837/712
f 1043/1839/714 1025/1836/711 1041/1840/715
f 1022/1841/716 1044/1837/712 1024/1842/717
f 1024/1842/717 1043/1839/714 1023/1843/718
f 1043/1839/714 1021/1844/719 1023/1843/718
f 1018/1845/720 1024/1842/717 1020/1846/721
f 1020/1846/721 1023/1843/718 1019/1847/722
f 1023/1843/718 1017/1848/723 1019/1847/722
f 1014/1849/724 1020/1846/721 1016/1850/725
f 1016/1850/725 1019/1847/722 1015/1851/726
f 1019/1847/722 1013/1852/727 1015/1851/726
f 1037/1819/697 1016/1850/725 1039/1822/700
f 1039/1822/700 1015/1851/726 1040/1853/728
f 1015/1851/726 1038/1824/702 1040/1853/728
f 1070/1854/729 1047/1855/730 1072/1856/731
f 1047/1855/730 1071/1857/732 1072/1856/731
f 1048/1858/733 1069/1859/734 1071/1857/732
f 1066/1860/735 1072/1856/731 1068/1861/736
f 1072/1856/731 1067/1862/737 1068/1861/736
f 1071/1857/732 1065/1863/738 1067/1862/737
f 1062/1864/739 1068/1865/736 1064/1866/740
f 1068/1865/736 1063/1867/741 1064/1866/740
f 1067/1868/737 1061/1869/742 1063/1867/741
f 1074/1870/743 1064/1866/740 1076/1871/744
f 1064/1866/740 1075/1872/745 1076/1871/744
f 1063/1867/741 1073/1873/746 1075/1872/745
f 1074/1870/743 1060/1874/747 1058/1875/748
f 1060/1874/747 1075/1872/745 1059/1876/749
f 1059/1876/749 1073/1873/746 1057/1877/750
f 1058/1875/748 1056/1878/751 1054/1879/752
f 1056/1878/751 1059/1876/749 1055/1880/753
f 1055/1880/753 1057/1877/750 1053/1881/754
f 1054/1879/752 1052/1882/755 1050/1883/756
f 1052/1882/755 1055/1880/753 1051/1884/757
f 1051/1884/757 1053/1881/754 1049/1885/758
f 1050/1883/756 1047/1855/730 1045/1886/759
f 1047/1855/730 1051/1884/757 1048/1858/733
f 1048/1858/733 1049/1885/758 1046/1887/760
f 1049/1885/758 1018/1845/720 1014/1849/724
f 1046/1887/760 1014/1849/724 1037/1819/697
f 1053/1881/754 1022/1841/716 1018/1845/720
f 1057/1877/750 1042/1838/713 1022/1841/716
f 1026/1832/709 1065/1888/738 1030/1830/705
f 1042/1838/713 1061/1869/742 1026/1832/709
f 1030/1827/705 1069/1859/734 1034/1821/699
f 1034/1821/699 1046/1887/760 1037/1819/697
f 1197/1889/761 1045/1886/759 1070/1854/729
f 1045/1886/759 1194/1890/762 1050/1883/756
f 1050/1883/756 1195/1891/763 1054/1879/752
f 1054/1879/752 1196/1892/764 1058/1875/748
f 1058/1875/748 1193/1893/765 1074/1870/743
f 1001/1894/766 1066/1895/735 1062/1864/739
f 1193/1893/765 1062/1864/739 1074/1870/743
f 1002/1896/767 1070/1854/729 1066/1860/735
f 1078/1897/768 1079/1898/768 1077/1899/768
f 1079/1898/659 1082/1900/659 1081/1901/659
f 1082/1900/769 1083/1902/769 1081/1901/769
f 1084/1903/770 1085/1904/770 1083/1902/770
f 1086/1905/653 1087/1906/653 1085/1907/653
f 1088/1908/771 1077/1899/771 1087/1906/771
f 1013/1852/727 1089/1909/772 1038/1824/702
f 1011/1910/773 1090/1911/774 1091/1912/773
f 1092/1913/775 1017/1848/723 1094/1914/776
f 1093/1915/659 1011/1910/773 1091/1912/773
f 1094/1914/776 1021/1844/719 1096/1916/777
f 1009/1917/778 1093/1915/659 1095/1918/778
f 1096/1916/777 1041/1840/715 1098/1919/779
f 1097/1920/780 1009/1917/778 1095/1918/778
f 1104/1921/781 1088/1908/782 1102/1922/783
f 1041/1840/715 1100/1923/784 1098/1919/779
f 1099/1924/785 1005/1925/786 1097/1920/780
f 1085/1907/787 1087/1906/788 1101/1926/789
f 1025/1836/711 1102/1927/653 1100/1923/784
f 1007/1928/653 1099/1924/785 1101/1929/790
f 1099/1930/791 1085/1931/787 1101/1932/789
f 1029/1829/707 1104/1933/792 1102/1934/653
f 1006/1935/651 1101/1936/790 1103/1937/793
f 1079/1898/794 1081/1901/795 1093/1938/796
f 1093/1938/796 1091/1939/797 1079/1898/794
f 1033/1825/703 1089/1909/772 1104/1933/792
f 1012/1940/798 1103/1937/793 1090/1911/774
f 1077/1899/799 1091/1941/800 1090/1942/801
f 1078/1897/802 1092/1943/803 1080/1944/804
f 1078/1897/805 1104/1945/806 1089/1946/807
f 1086/1947/808 1100/1948/809 1102/1949/783
f 1100/1950/810 1084/1903/811 1098/1951/812
f 1084/1903/813 1096/1952/814 1098/1953/815
f 1080/1944/816 1092/1954/817 1094/1955/818
f 1081/1901/795 1095/1956/819 1093/1938/796
f 1095/1957/820 1083/1902/821 1097/1958/822
f 1083/1902/823 1099/1959/824 1097/1960/825
f 1087/1906/788 1103/1961/826 1101/1926/789
f 1077/1899/827 1103/1962/828 1087/1906/829
f 1088/1908/782 1086/1905/808 1102/1922/783
f 1094/1955/818 1096/1963/830 1082/1900/831
f 1082/1900/831 1080/1944/816 1094/1955/818
s 0
f 1107/1964/832 1113/1965/832 1106/1966/832
f 1107/1967/833 1112/1968/833 1108/1969/833
f 1109/1970/653 1114/1971/653 1112/1968/653
f 1105/1972/834 1110/1973/834 1109/1970/834
f 1107/1964/835 1109/1970/835 1111/1974/835
f 1110/1973/836 1113/1975/836 1114/1971/836
f 1112/1968/837 1113/1976/837 1108/1977/837
f 1116/1978/838 1118/1979/838 1117/1980/838
f 1117/1981/839 1122/1982/839 1121/1983/839
f 1122/1982/659 1120/1984/659 1119/1985/659
f 1120/1984/840 1115/1986/840 1119/1985/840
f 1117/1980/841 1119/1985/841 1115/1987/841
f 1123/1988/842 1120/1984/842 1124/1989/842
f 1122/1982/843 1123/1990/843 1124/1989/843
f 1127/1991/844 1133/1992/844 1126/1993/844
f 1129/1994/653 1134/1995/653 1132/1996/653
f 1125/1997/845 1130/1998/845 1129/1994/845
f 1127/1991/846 1129/1994/846 1131/1999/846
f 1130/1998/847 1133/2000/847 1134/1995/847
f 1132/1996/848 1133/2001/848 1128/2002/848
f 1136/2003/849 1138/2004/849 1137/2005/849
f 1142/2006/659 1140/2007/659 1139/2008/659
f 1140/2007/850 1135/2009/850 1139/2008/850
f 1137/2005/851 1139/2008/851 1135/2010/851
f 1143/2011/852 1140/2007/852 1144/2012/852
f 1142/2006/853 1143/2013/853 1144/2012/853
s 1
f 1150/1812/666 1156/1802/669 1164/2014/669
f 1178/2015/673 1169/2016/674 1185/2017/650
f 1168/2018/675 1172/2019/676 1169/2020/854
f 1177/1814/671 1175/2021/677 1174/1815/672
f 1157/2022/653 1152/2023/653 1153/2024/653
f 1172/2019/676 1167/2025/678 1169/2020/854
f 1172/2026/855 1175/2027/856 1179/2028/681
f 1010/2029/857 1171/2030/683 1168/2018/675
f 1148/2031/659 1004/2032/659 1003/2033/659
f 1175/2021/677 1176/2034/684 1173/2035/684
f 1189/2036/685 1181/2037/686 1179/2038/858
f 1190/2039/859 1180/2040/687 1181/2037/686
f 1186/2041/688 1184/2042/860 1182/2043/688
f 1187/2044/861 1183/2045/690 1184/2042/860
f 1179/2038/858 1185/2046/862 1189/2036/685
f 1160/2047/653 1161/2048/653 1162/2049/693
f 1151/2050/659 1164/2051/659 1165/2052/659
f 1207/2053/863 1205/2054/864 1203/2055/863
f 1199/2056/865 1213/2057/866 1214/2058/865
f 1220/2059/865 1210/2060/866 1211/2061/865
f 1219/2062/867 1211/2061/865 1209/2063/867
f 1216/2064/868 1202/2065/864 1200/2066/869
f 1217/2067/870 1201/2068/871 1202/2065/864
f 1208/2069/864 1204/2070/871 1205/2054/864
f 1195/2071/872 1231/2072/690 1228/2073/690
f 1191/2074/867 1214/2058/865 1212/2075/867
f 1201/2068/871 1213/2057/866 1192/2076/866
f 1204/2070/871 1210/2060/866 1218/2077/866
f 1232/2078/873 1223/2079/874 1239/2080/875
f 1222/2081/685 1226/2082/686 1223/2083/686
f 1231/2072/690 1229/2084/689 1228/2073/690
f 1211/2085/659 1206/2086/659 1207/2087/659
f 1226/2082/686 1221/2088/687 1223/2083/686
f 1226/2089/876 1229/2090/877 1233/2091/878
f 1002/2092/879 1225/2093/685 1222/2081/685
f 1202/2094/653 1192/2095/653 1191/2096/653
f 1229/2084/689 1230/2097/688 1227/2098/688
f 1243/2099/880 1235/2100/676 1233/2101/880
f 1244/2102/676 1234/2103/678 1235/2100/676
f 1240/2104/684 1238/2105/677 1236/2106/684
f 1241/2107/677 1237/2108/881 1238/2105/677
f 1233/2101/880 1239/2109/881 1243/2099/880
f 1214/2110/659 1215/2111/659 1216/2112/868
f 1205/2113/653 1218/2114/653 1219/2115/653
f 1250/2116/691 1245/2117/691 1255/2118/691
f 1253/2119/691 1251/2120/691 1252/2121/691
f 1247/2122/691 1249/2123/691 1248/2124/691
f 1259/2125/882 1257/2126/883 1258/2127/883
f 1259/2125/882 1262/2128/884 1260/2129/882
f 1261/2130/884 1264/2131/885 1262/2132/884
f 1265/2133/886 1264/2131/885 1263/2134/885
f 1267/2135/887 1266/2136/886 1265/2133/886
f 1267/2135/887 1270/2137/888 1268/2138/887
f 1269/2139/888 1272/2140/889 1270/2137/888
f 1258/2127/883 1272/2140/889 1271/2141/889
f 1264/2142/878 1268/2138/878 1272/2143/878
f 1279/2144/863 1275/2145/864 1281/2146/864
f 1281/2146/864 1273/2147/871 1280/2148/871
f 1283/2149/867 1278/2150/865 1276/2151/867
f 1284/2152/865 1277/2153/866 1278/2150/865
f 1303/2154/664 1287/2155/665 1305/2156/665
f 1305/2156/665 1285/2157/666 1304/2158/666
f 1306/2159/667 1293/2160/668 1308/2161/668
f 1308/2161/668 1291/2162/890 1307/2163/669
f 1298/2164/664 1290/2165/665 1288/2166/664
f 1299/2167/665 1289/2168/666 1290/2165/665
f 1301/2169/667 1296/2170/668 1294/2171/667
f 1302/2172/668 1295/2173/669 1296/2170/668
f 1279/2144/863 1252/2174/878 1251/2175/878
f 1277/2153/659 1275/2176/659 1245/2117/659
f 1277/2153/866 1280/2177/871 1273/2178/871
f 1254/2179/891 1253/2180/891 1283/2149/867
f 1282/2181/653 1283/2182/653 1248/2124/653
f 1295/2173/669 1304/2158/666 1285/2157/666
f 1285/2183/653 1286/2184/653 1254/2185/653
f 1291/2186/659 1292/2187/659 1252/2121/659
f 1307/2163/669 1289/2168/666 1297/2188/666
f 1297/2189/653 1298/2190/653 1256/2191/653
f 1300/2192/659 1301/2193/659 1255/2118/659
f 1314/2194/892 1311/2195/893 1313/2196/892
f 1314/2194/892 1315/2197/894 1316/2198/894
f 1316/2198/894 1317/2199/895 1318/2200/895
f 1318/2200/895 1309/2201/896 1310/2202/896
f 1320/2203/897 1321/2204/898 1322/2205/898
f 1324/2206/899 1321/2207/898 1323/2208/899
f 1312/2209/893 1323/2208/899 1311/2195/893
f 1310/2202/896 1319/2210/897 1320/2203/897
f 1271/2141/676 1310/2202/900 1258/2127/900
f 1258/2127/900 1320/2203/677 1259/2125/677
f 1321/2211/901 1309/2212/901 1315/2197/901
f 1312/2209/691 1267/2135/689 1265/2133/691
f 1324/2206/686 1265/2133/691 1263/2134/686
f 1314/2194/689 1269/2139/659 1267/2135/689
f 1316/2198/659 1271/2141/676 1269/2139/659
f 1320/2203/677 1261/2213/653 1259/2125/677
f 1261/2130/653 1324/2206/686 1263/2134/686
f 1330/2214/900 1325/2215/900 1335/2216/900
f 1333/2217/900 1331/2218/900 1332/2219/900
f 1327/2220/900 1329/2221/900 1328/2222/900
f 1338/2223/886 1340/2224/887 1337/2225/886
f 1341/2226/888 1340/2224/887 1339/2227/887
f 1341/2226/888 1344/2228/889 1342/2229/888
f 1345/2230/883 1344/2228/889 1343/2231/889
f 1345/2230/883 1348/2232/902 1346/2233/883
f 1349/2234/884 1348/2232/902 1347/2235/902
f 1351/2236/903 1350/2237/884 1349/2238/884
f 1351/2236/903 1337/2225/886 1352/2239/903
f 1344/2228/878 1348/2240/878 1352/2241/878
f 1354/2242/664 1361/2243/665 1359/2244/664
f 1355/2245/665 1360/2246/666 1361/2243/665
f 1363/2247/667 1358/2248/668 1356/2249/667
f 1358/2248/668 1362/2250/669 1357/2251/669
f 1383/2252/863 1367/2253/864 1385/2254/864
f 1385/2254/864 1365/2255/871 1384/2256/871
f 1386/2257/867 1373/2258/865 1388/2259/865
f 1388/2259/865 1371/2260/866 1387/2261/866
f 1378/2262/863 1370/2263/864 1368/2264/863
f 1379/2265/864 1369/2266/871 1370/2263/864
f 1381/2267/867 1376/2268/865 1374/2269/867
f 1382/2270/865 1375/2271/866 1376/2268/865
f 1359/2244/664 1332/2272/878 1331/2273/878
f 1357/2251/653 1355/2274/653 1325/2215/653
f 1357/2251/669 1360/2275/666 1353/2276/666
f 1334/2277/891 1333/2278/891 1363/2247/667
f 1362/2250/659 1363/2279/659 1328/2222/659
f 1375/2271/866 1384/2256/871 1365/2255/871
f 1365/2280/659 1366/2281/659 1334/2282/659
f 1371/2283/653 1372/2284/653 1332/2219/653
f 1387/2261/866 1369/2266/871 1377/2285/871
f 1377/2286/659 1378/2287/659 1336/2288/659
f 1380/2289/653 1381/2290/653 1335/2216/653
f 1394/2291/677 1349/2234/653 1347/2235/677
f 1391/2292/900 1347/2235/677 1345/2230/900
f 1404/2293/676 1345/2230/900 1343/2231/676
f 1402/2294/659 1343/2231/676 1341/2226/659
f 1399/2295/689 1341/2226/659 1339/2227/689
f 1351/2236/686 1390/2296/691 1338/2223/691
f 1390/2296/691 1339/2227/689 1338/2223/691
f 1394/2291/897 1392/2297/904 1393/2298/905
f 1396/2299/898 1393/2298/905 1395/2300/898
f 1396/2301/898 1397/2302/906 1398/2303/906
f 1398/2303/906 1389/2304/907 1390/2296/907
f 1399/2295/892 1401/2305/894 1402/2294/894
f 1404/2293/908 1401/2305/894 1403/2306/908
f 1391/2292/904 1403/2306/908 1392/2297/904
f 1390/2296/907 1400/2307/909 1399/2295/892
f 1401/2305/910 1389/2308/910 1395/2309/910
f 1396/2301/653 1351/2236/686 1349/2238/653
f 950/1713/649 951/2310/911 937/1714/650
f 949/1716/652 950/1713/649 943/1715/651
f 948/1718/654 949/2311/652 942/1719/653
f 952/1721/656 948/1718/654 941/1720/655
f 940/1723/658 947/1725/660 952/1721/656
f 939/1724/659 946/1727/662 947/1725/660
f 938/1726/661 945/1728/663 946/1727/662
f 937/1714/650 951/2310/911 945/1728/663
f 963/1729/664 964/1732/665 961/1730/665
f 964/1732/665 962/2312/666 960/1733/666
f 954/1734/667 955/1737/668 970/1735/668
f 955/1737/668 953/1752/669 969/1738/669
f 972/1739/664 973/1742/665 958/1740/665
f 973/1742/665 971/2313/666 957/1743/666
f 975/1744/667 976/1747/668 967/1745/668
f 976/1747/668 974/1753/669 966/1748/669
f 943/2314/912 937/2315/913 987/1750/671
f 984/1751/672 944/2316/914 941/2317/915
f 942/1749/670 943/2314/912 987/1750/671
f 984/1751/672 941/2317/915 942/1749/670
f 957/1743/666 971/2313/666 969/1738/669
f 960/1733/666 962/2312/666 966/1748/669
f 996/2318/910 975/1744/667 965/1746/667
f 965/1746/667 986/2319/916 988/1754/673
f 988/1754/673 987/2320/917 937/2321/917
f 937/2321/917 978/2322/917 979/1755/674
f 979/1755/674 977/2323/918 954/1734/667
f 954/1734/667 968/1736/667 998/2324/901
f 979/1755/674 954/1734/667 998/2324/901
f 988/1754/673 937/2321/917 979/1755/674
f 996/2318/910 965/1746/667 988/1754/673
f 997/2325/891 996/2318/910 988/1754/673
f 979/1755/674 998/2324/901 1000/2326/891
f 979/1755/674 1000/2326/891 999/2327/650
f 995/1756/650 997/2325/891 988/1754/673
f 979/1755/674 999/2327/650 995/1756/650
f 978/1757/675 981/1769/683 982/1758/676
f 987/1750/671 988/2328/677 985/1760/677
f 963/1763/653 983/1774/684 986/1773/684
f 986/1773/684 965/2329/653 967/1761/653
f 967/1761/653 966/2330/653 962/1762/653
f 962/1762/653 964/2331/653 963/1763/653
f 963/1763/653 986/1773/684 967/1761/653
f 982/1758/676 980/2332/678 977/1764/678
f 990/2333/878 972/1739/664 956/1741/664
f 956/1741/664 980/2334/919 982/1765/679
f 982/1765/679 981/2335/920 944/2336/920
f 944/2336/920 984/2337/920 985/1766/680
f 985/1766/680 983/2338/921 963/1729/664
f 963/1729/664 959/1731/664 992/2339/878
f 985/1766/680 963/1729/664 992/2339/878
f 982/1765/679 944/2336/920 985/1766/680
f 990/2333/878 956/1741/664 982/1765/679
f 991/2340/878 990/2333/878 982/1765/679
f 985/1766/680 992/2339/878 994/2341/878
f 985/1766/680 994/2341/878 993/2342/681
f 989/1767/681 991/2340/878 982/1765/679
f 985/1766/680 993/2342/681 989/1767/681
f 940/2343/922 944/2344/914 981/1769/683
f 978/1757/675 937/2345/913 938/2346/923
f 939/1768/682 940/2343/922 981/1769/683
f 978/1757/675 938/2346/923 939/1768/682
f 954/1772/659 977/1764/678 980/2332/678
f 980/2332/678 956/2347/659 958/1770/659
f 958/1770/659 957/2348/659 953/1771/659
f 953/1771/659 955/2349/659 954/1772/659
f 954/1772/659 980/2332/678 958/1770/659
f 985/1760/677 988/2328/677 986/1773/684
f 999/1775/685 1000/1778/686 991/1776/686
f 1000/1778/686 998/2350/687 990/1779/687
f 996/1780/688 997/1783/689 994/1781/689
f 997/1783/689 995/1785/690 993/1784/690
f 989/1777/685 993/1784/690 995/1785/690
f 972/1788/653 990/1779/687 998/2350/687
f 998/2350/687 968/2351/653 970/1786/653
f 970/1786/653 969/2352/653 971/1787/653
f 971/1787/653 973/2353/653 972/1788/653
f 972/1788/653 998/2350/687 970/1786/653
f 975/1791/659 996/1780/688 992/1782/688
f 992/1782/688 959/2354/659 961/1789/659
f 961/1789/659 960/2355/659 974/1790/659
f 974/1790/659 976/2356/659 975/1791/659
f 975/1791/659 992/1782/688 961/1789/659
f 1198/1794/691 1194/2357/924 1195/2358/924
f 1195/2358/924 1196/2359/924 1193/1792/691
f 1193/1792/691 1001/2360/692 1002/1793/692
f 1002/1793/692 1197/2361/692 1198/1794/691
f 1198/1794/691 1195/2358/924 1193/1792/691
f 1153/1795/664 1154/1811/665 1151/1796/665
f 1145/1798/668 1004/1818/669 1159/1799/669
f 1166/1801/668 1164/2014/669 1156/1802/669
f 1165/1804/667 1166/1801/668 1157/1803/668
f 1162/1806/693 1163/1809/695 1148/1807/665
f 1163/1809/695 1161/2362/666 1147/1810/666
f 1154/1811/665 1152/2363/666 1150/1812/666
f 1006/2364/925 1012/2365/926 1177/1814/671
f 1174/1815/672 1005/2366/927 1008/2367/928
f 1007/1813/696 1006/2364/925 1177/1814/671
f 1174/1815/672 1008/2367/928 1007/1813/696
f 1003/1816/667 1145/1798/668 1160/1800/668
f 1147/1810/666 1161/2362/666 1159/1799/669
f 1037/1819/697 1039/1822/700 1036/1820/698
f 1039/1822/700 1040/1853/728 1035/1823/701
f 1035/1823/701 1040/1853/728 1038/1824/702
f 1034/1821/699 1036/1820/698 1032/1826/704
f 1036/1820/698 1035/1823/701 1031/1828/706
f 1031/1828/706 1035/1823/701 1033/1825/703
f 1030/1830/705 1032/1833/704 1028/1831/708
f 1032/1833/704 1031/2368/706 1027/1834/710
f 1027/1834/710 1031/2368/706 1029/1835/707
f 1026/1832/709 1028/1831/708 1044/1837/712
f 1028/1831/708 1027/1834/710 1043/1839/714
f 1043/1839/714 1027/1834/710 1025/1836/711
f 1022/1841/716 1042/1838/713 1044/1837/712
f 1024/1842/717 1044/1837/712 1043/1839/714
f 1043/1839/714 1041/1840/715 1021/1844/719
f 1018/1845/720 1022/1841/716 1024/1842/717
f 1020/1846/721 1024/1842/717 1023/1843/718
f 1023/1843/718 1021/1844/719 1017/1848/723
f 1014/1849/724 1018/1845/720 1020/1846/721
f 1016/1850/725 1020/1846/721 1019/1847/722
f 1019/1847/722 1017/1848/723 1013/1852/727
f 1037/1819/697 1014/1849/724 1016/1850/725
f 1039/1822/700 1016/1850/725 1015/1851/726
f 1015/1851/726 1013/1852/727 1038/1824/702
f 1070/1854/729 1045/1886/759 1047/1855/730
f 1047/1855/730 1048/1858/733 1071/1857/732
f 1048/1858/733 1046/1887/760 1069/1859/734
f 1066/1860/735 1070/1854/729 1072/1856/731
f 1072/1856/731 1071/1857/732 1067/1862/737
f 1071/1857/732 1069/1859/734 1065/1863/738
f 1062/1864/739 1066/1895/735 1068/1865/736
f 1068/1865/736 1067/1868/737 1063/1867/741
f 1067/1868/737 1065/1888/738 1061/1869/742
f 1074/1870/743 1062/1864/739 1064/1866/740
f 1064/1866/740 1063/1867/741 1075/1872/745
f 1063/1867/741 1061/1869/742 1073/1873/746
f 1074/1870/743 1076/1871/744 1060/1874/747
f 1060/1874/747 1076/1871/744 1075/1872/745
f 1059/1876/749 1075/1872/745 1073/1873/746
f 1058/1875/748 1060/1874/747 1056/1878/751
f 1056/1878/751 1060/1874/747 1059/1876/749
f 1055/1880/753 1059/1876/749 1057/1877/750
f 1054/1879/752 1056/1878/751 1052/1882/755
f 1052/1882/755 1056/1878/751 1055/1880/753
f 1051/1884/757 1055/1880/753 1053/1881/754
f 1050/1883/756 1052/1882/755 1047/1855/730
f 1047/1855/730 1052/1882/755 1051/1884/757
f 1048/1858/733 1051/1884/757 1049/1885/758
f 1049/1885/758 1053/1881/754 1018/1845/720
f 1046/1887/760 1049/1885/758 1014/1849/724
f 1053/1881/754 1057/1877/750 1022/1841/716
f 1057/1877/750 1073/1873/746 1042/1838/713
f 1026/1832/709 1061/1869/742 1065/1888/738
f 1042/1838/713 1073/1873/746 1061/1869/742
f 1030/1827/705 1065/1863/738 1069/1859/734
f 1034/1821/699 1069/1859/734 1046/1887/760
f 1197/1889/761 1198/2369/929 1045/1886/759
f 1045/1886/759 1198/2369/929 1194/1890/762
f 1050/1883/756 1194/1890/762 1195/1891/763
f 1054/1879/752 1195/1891/763 1196/1892/764
f 1058/1875/748 1196/1892/764 1193/1893/765
f 1001/1894/766 1002/2370/767 1066/1895/735
f 1193/1893/765 1001/1894/766 1062/1864/739
f 1002/1896/767 1197/1889/761 1070/1854/729
f 1078/1897/768 1080/1944/768 1079/1898/768
f 1079/1898/659 1080/1944/659 1082/1900/659
f 1082/1900/769 1084/1903/769 1083/1902/769
f 1084/1903/770 1086/2371/770 1085/1904/770
f 1086/1905/653 1088/1908/653 1087/1906/653
f 1088/1908/771 1078/1897/771 1077/1899/771
f 1013/1852/727 1092/1913/775 1089/1909/772
f 1011/1910/773 1012/1940/798 1090/1911/774
f 1092/1913/775 1013/1852/727 1017/1848/723
f 1093/1915/659 1010/2372/659 1011/1910/773
f 1094/1914/776 1017/1848/723 1021/1844/719
f 1009/1917/778 1010/2372/659 1093/1915/659
f 1096/1916/777 1021/1844/719 1041/1840/715
f 1097/1920/780 1005/1925/786 1009/1917/778
f 1041/1840/715 1025/1836/711 1100/1923/784
f 1099/1924/785 1008/2373/655 1005/1925/786
f 1025/1836/711 1029/1835/707 1102/1927/653
f 1007/1928/653 1008/2373/655 1099/1924/785
f 1029/1829/707 1033/1825/703 1104/1933/792
f 1006/1935/651 1007/2374/653 1101/1936/790
f 1033/1825/703 1038/1824/702 1089/1909/772
f 1012/1940/798 1006/1935/651 1103/1937/793
f 1077/1899/799 1079/1898/930 1091/1941/800
f 1078/1897/802 1089/2375/931 1092/1943/803
f 1078/1897/805 1088/1908/932 1104/1945/806
f 1100/1950/810 1086/2371/933 1084/1903/811
f 1084/1903/813 1082/1900/934 1096/1952/814
f 1095/1957/820 1081/1901/935 1083/1902/821
f 1083/1902/823 1085/1904/936 1099/1959/824
f 1077/1899/827 1090/2376/937 1103/1962/828
s 0
f 1106/1966/938 1105/2377/938 1107/1964/938
f 1107/1964/939 1108/2378/939 1113/1965/939
f 1107/1967/940 1111/1974/940 1112/1968/940
f 1112/1968/653 1111/1974/653 1109/1970/653
f 1109/1970/653 1110/1973/653 1114/1971/653
f 1105/1972/941 1106/2379/941 1110/1973/941
f 1107/1964/942 1105/2377/942 1109/1970/942
f 1110/1973/943 1106/2380/943 1113/1975/943
f 1112/1968/837 1114/1971/837 1113/1976/837
f 1117/1980/944 1115/1987/944 1116/1978/944
f 1116/1978/653 1123/2381/653 1118/1979/653
f 1117/1981/945 1118/2382/945 1122/1982/945
f 1119/1985/659 1121/1983/659 1122/1982/659
f 1122/1982/659 1124/1989/659 1120/1984/659
f 1120/1984/946 1116/2383/946 1115/1986/946
f 1117/1980/947 1121/1983/947 1119/1985/947
f 1123/1988/948 1116/2384/948 1120/1984/948
f 1122/1982/843 1118/2385/843 1123/1990/843
f 1126/1993/949 1125/2386/949 1127/1991/949
f 1127/1991/950 1128/2387/950 1133/1992/950
f 1132/1996/653 1131/1999/653 1129/1994/653
f 1129/1994/653 1130/1998/653 1134/1995/653
f 1125/1997/951 1126/2388/951 1130/1998/951
f 1127/1991/952 1125/2386/952 1129/1994/952
f 1130/1998/953 1126/2389/953 1133/2000/953
f 1132/1996/848 1134/1995/848 1133/2001/848
f 1137/2005/954 1135/2010/954 1136/2003/954
f 1136/2003/653 1143/2390/653 1138/2004/653
f 1139/2008/659 1141/2391/659 1142/2006/659
f 1142/2006/659 1144/2012/659 1140/2007/659
f 1140/2007/955 1136/2392/955 1135/2009/955
f 1137/2005/956 1141/2391/956 1139/2008/956
f 1143/2011/957 1136/2393/957 1140/2007/957
f 1142/2006/853 1138/2394/853 1143/2013/853
s 1
f 1150/1812/666 1152/2363/666 1156/1802/669
f 1186/2395/910 1165/1804/667 1155/1805/667
f 1155/1805/667 1176/2396/916 1178/2015/673
f 1178/2015/673 1177/2397/958 1012/2398/911
f 1012/2398/911 1168/2399/917 1169/2016/674
f 1169/2016/674 1167/2400/918 1003/1816/667
f 1003/1816/667 1158/1817/667 1188/2401/901
f 1169/2016/674 1003/1816/667 1188/2401/901
f 1178/2015/673 1012/2398/911 1169/2016/674
f 1186/2395/910 1155/1805/667 1178/2015/673
f 1187/2402/891 1186/2395/910 1178/2015/673
f 1169/2016/674 1188/2401/901 1190/2403/891
f 1169/2016/674 1190/2403/891 1189/2404/650
f 1185/2017/650 1187/2402/891 1178/2015/673
f 1169/2016/674 1189/2404/650 1185/2017/650
f 1168/2018/675 1171/2030/683 1172/2019/676
f 1177/1814/671 1178/2405/959 1175/2021/677
f 1153/2024/653 1173/2035/684 1176/2034/684
f 1176/2034/684 1155/2406/653 1157/2022/653
f 1157/2022/653 1156/2407/653 1152/2023/653
f 1152/2023/653 1154/2408/653 1153/2024/653
f 1153/2024/653 1176/2034/684 1157/2022/653
f 1172/2019/676 1170/2409/678 1167/2025/678
f 1180/2410/878 1162/1806/878 1146/1808/878
f 1146/1808/878 1170/2411/919 1172/2026/855
f 1172/2026/855 1171/2412/960 1005/2413/681
f 1005/2413/681 1174/2414/920 1175/2027/856
f 1175/2027/856 1173/2415/921 1153/1795/664
f 1153/1795/664 1149/1797/664 1182/2416/878
f 1175/2027/856 1153/1795/664 1182/2416/878
f 1172/2026/855 1005/2413/681 1175/2027/856
f 1180/2410/878 1146/1808/878 1172/2026/855
f 1181/2417/878 1180/2410/878 1172/2026/855
f 1175/2027/856 1182/2416/878 1184/2418/878
f 1175/2027/856 1184/2418/878 1183/2419/681
f 1179/2028/681 1181/2417/878 1172/2026/855
f 1175/2027/856 1183/2419/681 1179/2028/681
f 1009/2420/961 1005/2421/927 1171/2030/683
f 1168/2018/675 1012/2422/926 1011/2423/962
f 1010/2029/857 1009/2420/961 1171/2030/683
f 1168/2018/675 1011/2423/962 1010/2029/857
f 1003/2033/659 1167/2025/678 1170/2409/678
f 1170/2409/678 1146/2424/659 1148/2031/659
f 1148/2031/659 1147/2425/659 1004/2032/659
f 1004/2032/659 1145/2426/659 1003/2033/659
f 1003/2033/659 1170/2409/678 1148/2031/659
f 1175/2021/677 1178/2405/959 1176/2034/684
f 1189/2036/685 1190/2039/859 1181/2037/686
f 1190/2039/859 1188/2427/687 1180/2040/687
f 1186/2041/688 1187/2044/861 1184/2042/860
f 1187/2044/861 1185/2046/862 1183/2045/690
f 1179/2038/858 1183/2045/690 1185/2046/862
f 1162/2049/693 1180/2040/687 1188/2427/687
f 1188/2427/687 1158/2428/653 1160/2047/653
f 1160/2047/653 1159/2429/653 1161/2048/653
f 1161/2048/653 1163/2430/695 1162/2049/693
f 1162/2049/693 1188/2427/687 1160/2047/653
f 1165/2052/659 1186/2041/688 1182/2043/688
f 1182/2043/688 1149/2431/659 1151/2050/659
f 1151/2050/659 1150/2432/659 1164/2051/659
f 1164/2051/659 1166/2433/659 1165/2052/659
f 1165/2052/659 1182/2043/688 1151/2050/659
f 1207/2053/863 1208/2069/864 1205/2054/864
f 1199/2056/865 1192/2076/866 1213/2057/866
f 1220/2059/865 1218/2077/866 1210/2060/866
f 1219/2062/867 1220/2059/865 1211/2061/865
f 1216/2064/868 1217/2067/870 1202/2065/864
f 1217/2067/870 1215/2434/871 1201/2068/871
f 1208/2069/864 1206/2435/871 1204/2070/871
f 1194/2436/963 1198/2437/964 1231/2072/690
f 1228/2073/690 1193/2438/965 1196/2439/966
f 1195/2071/872 1194/2436/963 1231/2072/690
f 1228/2073/690 1196/2439/966 1195/2071/872
f 1191/2074/867 1199/2056/865 1214/2058/865
f 1201/2068/871 1215/2434/871 1213/2057/866
f 1204/2070/871 1206/2435/871 1210/2060/866
f 1240/2440/901 1219/2062/867 1209/2063/867
f 1209/2063/867 1230/2441/918 1232/2078/873
f 1232/2078/873 1231/2442/967 1198/2443/968
f 1198/2443/968 1222/2444/967 1223/2079/874
f 1223/2079/874 1221/2445/916 1191/2074/867
f 1191/2074/867 1212/2075/867 1242/2446/910
f 1223/2079/874 1191/2074/867 1242/2446/910
f 1232/2078/873 1198/2443/968 1223/2079/874
f 1240/2440/901 1209/2063/867 1232/2078/873
f 1241/2447/891 1240/2440/901 1232/2078/873
f 1223/2079/874 1242/2446/910 1244/2448/891
f 1223/2079/874 1244/2448/891 1243/2449/875
f 1239/2080/875 1241/2447/891 1232/2078/873
f 1223/2079/874 1243/2449/875 1239/2080/875
f 1222/2081/685 1225/2093/685 1226/2082/686
f 1231/2072/690 1232/2450/689 1229/2084/689
f 1207/2087/659 1227/2098/688 1230/2097/688
f 1230/2097/688 1209/2451/659 1211/2085/659
f 1211/2085/659 1210/2452/659 1206/2086/659
f 1206/2086/659 1208/2453/659 1207/2087/659
f 1207/2087/659 1230/2097/688 1211/2085/659
f 1226/2082/686 1224/2454/687 1221/2088/687
f 1234/2455/878 1216/2064/878 1200/2066/878
f 1200/2066/878 1224/2456/921 1226/2089/876
f 1226/2089/876 1225/2457/969 1193/2458/657
f 1193/2458/657 1228/2459/969 1229/2090/877
f 1229/2090/877 1227/2460/919 1207/2053/863
f 1207/2053/863 1203/2055/863 1236/2461/878
f 1229/2090/877 1207/2053/863 1236/2461/878
f 1226/2089/876 1193/2458/657 1229/2090/877
f 1234/2455/878 1200/2066/878 1226/2089/876
f 1235/2462/878 1234/2455/878 1226/2089/876
f 1229/2090/877 1236/2461/878 1238/2463/878
f 1229/2090/877 1238/2463/878 1237/2464/656
f 1233/2091/878 1235/2462/878 1226/2089/876
f 1229/2090/877 1237/2464/656 1233/2091/878
f 1001/2465/966 1193/2466/965 1225/2093/685
f 1222/2081/685 1198/2467/964 1197/2468/963
f 1002/2092/879 1001/2465/966 1225/2093/685
f 1222/2081/685 1197/2468/963 1002/2092/879
f 1191/2096/653 1221/2088/687 1224/2454/687
f 1224/2454/687 1200/2469/653 1202/2094/653
f 1202/2094/653 1201/2470/653 1192/2095/653
f 1192/2095/653 1199/2471/653 1191/2096/653
f 1191/2096/653 1224/2454/687 1202/2094/653
f 1229/2084/689 1232/2450/689 1230/2097/688
f 1243/2099/880 1244/2102/676 1235/2100/676
f 1244/2102/676 1242/2472/678 1234/2103/678
f 1240/2104/684 1241/2107/677 1238/2105/677
f 1241/2107/677 1239/2109/881 1237/2108/881
f 1233/2101/880 1237/2108/881 1239/2109/881
f 1216/2112/868 1234/2103/678 1242/2472/678
f 1242/2472/678 1212/2473/659 1214/2110/659
f 1214/2110/659 1213/2474/659 1215/2111/659
f 1215/2111/659 1217/2475/870 1216/2112/868
f 1216/2112/868 1242/2472/678 1214/2110/659
f 1219/2115/653 1240/2104/684 1236/2106/684
f 1236/2106/684 1203/2476/653 1205/2113/653
f 1205/2113/653 1204/2477/653 1218/2114/653
f 1218/2114/653 1220/2478/653 1219/2115/653
f 1219/2115/653 1236/2106/684 1205/2113/653
f 1250/2116/691 1246/2479/691 1245/2117/691
f 1253/2119/691 1254/2185/691 1251/2120/691
f 1247/2122/691 1256/2191/691 1249/2123/691
f 1259/2125/882 1260/2129/882 1257/2126/883
f 1259/2125/882 1261/2213/884 1262/2128/884
f 1261/2130/884 1263/2134/885 1264/2131/885
f 1265/2133/886 1266/2136/886 1264/2131/885
f 1267/2135/887 1268/2138/887 1266/2136/886
f 1267/2135/887 1269/2139/888 1270/2137/888
f 1269/2139/888 1271/2141/889 1272/2140/889
f 1258/2127/883 1257/2126/883 1272/2140/889
f 1272/2143/878 1257/2480/878 1260/2481/878
f 1260/2481/878 1262/2482/878 1264/2142/878
f 1264/2142/878 1266/2483/878 1268/2138/878
f 1268/2138/878 1270/2137/878 1272/2143/878
f 1272/2143/878 1260/2481/878 1264/2142/878
f 1279/2144/863 1274/2484/863 1275/2145/864
f 1281/2146/864 1275/2145/864 1273/2147/871
f 1283/2149/867 1284/2152/865 1278/2150/865
f 1284/2152/865 1282/2181/866 1277/2153/866
f 1303/2154/664 1286/2485/664 1287/2155/665
f 1305/2156/665 1287/2155/665 1285/2157/666
f 1306/2159/667 1292/2486/667 1293/2160/668
f 1308/2161/668 1293/2160/668 1291/2162/890
f 1298/2164/664 1299/2167/665 1290/2165/665
f 1299/2167/665 1297/2188/666 1289/2168/666
f 1301/2169/667 1302/2172/668 1296/2170/668
f 1302/2172/668 1300/2487/669 1295/2173/669
f 1245/2488/878 1274/2484/863 1279/2144/863
f 1279/2144/863 1248/2489/878 1249/2490/878
f 1249/2490/878 1298/2164/664 1288/2166/664
f 1249/2490/878 1288/2166/664 1252/2174/878
f 1255/2491/878 1245/2488/878 1279/2144/863
f 1286/2485/664 1303/2154/664 1255/2491/878
f 1251/2175/878 1286/2485/664 1255/2491/878
f 1279/2144/863 1249/2490/878 1252/2174/878
f 1251/2175/878 1255/2491/878 1279/2144/863
f 1245/2117/659 1246/2479/659 1276/2492/659
f 1276/2492/659 1278/2493/659 1277/2153/659
f 1277/2153/659 1273/2178/659 1275/2176/659
f 1275/2176/659 1274/2494/659 1245/2117/659
f 1245/2117/659 1276/2492/659 1277/2153/659
f 1277/2153/866 1282/2181/866 1280/2177/871
f 1283/2149/867 1276/2151/867 1246/2495/891
f 1250/2496/891 1301/2169/667 1294/2171/667
f 1283/2149/867 1246/2495/891 1250/2496/891
f 1256/2497/891 1247/2498/891 1283/2149/867
f 1292/2486/667 1306/2159/667 1256/2497/891
f 1253/2180/891 1292/2486/667 1256/2497/891
f 1250/2496/891 1294/2171/667 1254/2179/891
f 1253/2180/891 1256/2497/891 1283/2149/867
f 1283/2149/867 1250/2496/891 1254/2179/891
f 1248/2124/653 1279/2499/653 1281/2500/653
f 1281/2500/653 1280/2177/653 1282/2181/653
f 1282/2181/653 1284/2501/653 1283/2182/653
f 1283/2182/653 1247/2122/653 1248/2124/653
f 1248/2124/653 1281/2500/653 1282/2181/653
f 1295/2173/669 1300/2487/669 1304/2158/666
f 1254/2185/653 1294/2502/653 1296/2503/653
f 1296/2503/653 1295/2504/653 1285/2183/653
f 1285/2183/653 1287/2505/653 1286/2184/653
f 1286/2184/653 1251/2120/653 1254/2185/653
f 1254/2185/653 1296/2503/653 1285/2183/653
f 1252/2121/659 1288/2506/659 1290/2507/659
f 1290/2507/659 1289/2508/659 1291/2186/659
f 1291/2186/659 1293/2509/659 1292/2187/659
f 1292/2187/659 1253/2119/659 1252/2121/659
f 1252/2121/659 1290/2507/659 1291/2186/659
f 1307/2163/669 1291/2162/890 1289/2168/666
f 1256/2191/653 1306/2510/653 1308/2511/653
f 1308/2511/653 1307/2512/653 1297/2189/653
f 1297/2189/653 1299/2513/653 1298/2190/653
f 1298/2190/653 1249/2123/653 1256/2191/653
f 1256/2191/653 1308/2511/653 1297/2189/653
f 1255/2118/659 1303/2514/659 1305/2515/659
f 1305/2515/659 1304/2516/659 1300/2192/659
f 1300/2192/659 1302/2517/659 1301/2193/659
f 1301/2193/659 1250/2116/659 1255/2118/659
f 1255/2118/659 1305/2515/659 1300/2192/659
f 1314/2194/892 1312/2209/893 1311/2195/893
f 1314/2194/892 1313/2196/892 1315/2197/894
f 1316/2198/894 1315/2197/894 1317/2199/895
f 1318/2200/895 1317/2199/895 1309/2201/896
f 1320/2203/897 1319/2210/897 1321/2204/898
f 1324/2206/899 1322/2518/898 1321/2207/898
f 1312/2209/893 1324/2206/899 1323/2208/899
f 1310/2202/896 1309/2201/896 1319/2210/897
f 1271/2141/676 1318/2200/676 1310/2202/900
f 1258/2127/900 1310/2202/900 1320/2203/677
f 1315/2197/901 1313/2196/901 1311/2519/901
f 1311/2519/901 1323/2520/970 1321/2211/901
f 1321/2211/901 1319/2521/901 1309/2212/901
f 1309/2212/901 1317/2522/970 1315/2197/901
f 1315/2197/901 1311/2519/901 1321/2211/901
f 1312/2209/691 1314/2194/689 1267/2135/689
f 1324/2206/686 1312/2209/691 1265/2133/691
f 1314/2194/689 1316/2198/659 1269/2139/659
f 1316/2198/659 1318/2200/676 1271/2141/676
f 1320/2203/677 1322/2205/653 1261/2213/653
f 1261/2130/653 1322/2518/653 1324/2206/686
f 1330/2214/900 1326/2523/900 1325/2215/900
f 1333/2217/900 1334/2282/900 1331/2218/900
f 1327/2220/900 1336/2288/900 1329/2221/900
f 1338/2223/886 1339/2227/887 1340/2224/887
f 1341/2226/888 1342/2229/888 1340/2224/887
f 1341/2226/888 1343/2231/889 1344/2228/889
f 1345/2230/883 1346/2233/883 1344/2228/889
f 1345/2230/883 1347/2235/902 1348/2232/902
f 1349/2234/884 1350/2524/884 1348/2232/902
f 1351/2236/903 1352/2239/903 1350/2237/884
f 1351/2236/903 1338/2223/886 1337/2225/886
f 1352/2241/878 1337/2525/878 1340/2526/878
f 1340/2526/878 1342/2229/878 1344/2228/878
f 1344/2228/878 1346/2527/878 1348/2240/878
f 1348/2240/878 1350/2528/878 1352/2241/878
f 1352/2241/878 1340/2526/878 1344/2228/878
f 1354/2242/664 1355/2245/665 1361/2243/665
f 1355/2245/665 1353/2529/666 1360/2246/666
f 1363/2247/667 1364/2530/668 1358/2248/668
f 1358/2248/668 1364/2530/668 1362/2250/669
f 1383/2252/863 1366/2531/863 1367/2253/864
f 1385/2254/864 1367/2253/864 1365/2255/871
f 1386/2257/867 1372/2532/867 1373/2258/865
f 1388/2259/865 1373/2258/865 1371/2260/866
f 1378/2262/863 1379/2265/864 1370/2263/864
f 1379/2265/864 1377/2285/871 1369/2266/871
f 1381/2267/867 1382/2270/865 1376/2268/865
f 1382/2270/865 1380/2533/866 1375/2271/866
f 1325/2534/878 1354/2242/664 1359/2244/664
f 1359/2244/664 1328/2535/878 1329/2536/878
f 1329/2536/878 1378/2262/863 1368/2264/863
f 1329/2536/878 1368/2264/863 1332/2272/878
f 1335/2537/878 1325/2534/878 1359/2244/664
f 1366/2531/863 1383/2252/863 1335/2537/878
f 1331/2273/878 1366/2531/863 1335/2537/878
f 1359/2244/664 1329/2536/878 1332/2272/878
f 1331/2273/878 1335/2537/878 1359/2244/664
f 1325/2215/653 1326/2523/653 1356/2538/653
f 1356/2538/653 1358/2539/653 1357/2251/653
f 1357/2251/653 1353/2276/653 1355/2274/653
f 1355/2274/653 1354/2540/653 1325/2215/653
f 1325/2215/653 1356/2538/653 1357/2251/653
f 1357/2251/669 1362/2250/669 1360/2275/666
f 1363/2247/667 1356/2249/667 1326/2541/891
f 1330/2542/891 1381/2267/867 1374/2269/867
f 1363/2247/667 1326/2541/891 1330/2542/891
f 1336/2543/891 1327/2544/891 1363/2247/667
f 1372/2532/867 1386/2257/867 1336/2543/891
f 1333/2278/891 1372/2532/867 1336/2543/891
f 1330/2542/891 1374/2269/867 1334/2277/891
f 1333/2278/891 1336/2543/891 1363/2247/667
f 1363/2247/667 1330/2542/891 1334/2277/891
f 1328/2222/659 1359/2545/659 1361/2546/659
f 1361/2546/659 1360/2275/659 1362/2250/659
f 1362/2250/659 1364/2547/659 1363/2279/659
f 1363/2279/659 1327/2220/659 1328/2222/659
f 1328/2222/659 1361/2546/659 1362/2250/659
f 1375/2271/866 1380/2533/866 1384/2256/871
f 1334/2282/659 1374/2548/659 1376/2549/659
f 1376/2549/659 1375/2550/659 1365/2280/659
f 1365/2280/659 1367/2551/659 1366/2281/659
f 1366/2281/659 1331/2218/659 1334/2282/659
f 1334/2282/659 1376/2549/659 1365/2280/659
f 1332/2219/653 1368/2552/653 1370/2553/653
f 1370/2553/653 1369/2554/653 1371/2283/653
f 1371/2283/653 1373/2555/653 1372/2284/653
f 1372/2284/653 1333/2217/653 1332/2219/653
f 1332/2219/653 1370/2553/653 1371/2283/653
f 1387/2261/866 1371/2260/866 1369/2266/871
f 1336/2288/659 1386/2556/659 1388/2557/659
f 1388/2557/659 1387/2558/659 1377/2286/659
f 1377/2286/659 1379/2559/659 1378/2287/659
f 1378/2287/659 1329/2221/659 1336/2288/659
f 1336/2288/659 1388/2557/659 1377/2286/659
f 1335/2216/653 1383/2560/653 1385/2561/653
f 1385/2561/653 1384/2562/653 1380/2289/653
f 1380/2289/653 1382/2563/653 1381/2290/653
f 1381/2290/653 1330/2214/653 1335/2216/653
f 1335/2216/653 1385/2561/653 1380/2289/653
f 1394/2291/677 1396/2299/653 1349/2234/653
f 1391/2292/900 1394/2291/677 1347/2235/677
f 1404/2293/676 1391/2292/900 1345/2230/900
f 1402/2294/659 1404/2293/676 1343/2231/676
f 1399/2295/689 1402/2294/659 1341/2226/659
f 1351/2236/686 1398/2303/686 1390/2296/691
f 1390/2296/691 1399/2295/689 1339/2227/689
f 1394/2291/897 1391/2292/904 1392/2297/904
f 1396/2299/898 1394/2291/897 1393/2298/905
f 1396/2301/898 1395/2564/898 1397/2302/906
f 1398/2303/906 1397/2302/906 1389/2304/907
f 1399/2295/892 1400/2307/909 1401/2305/894
f 1404/2293/908 1402/2294/894 1401/2305/894
f 1391/2292/904 1404/2293/908 1403/2306/908
f 1390/2296/907 1389/2304/907 1400/2307/909
f 1395/2309/910 1393/2565/910 1392/2566/910
f 1392/2566/910 1403/2306/971 1401/2305/910
f 1401/2305/910 1400/2567/910 1389/2308/910
f 1389/2308/910 1397/2568/971 1395/2309/910
f 1395/2309/910 1392/2566/910 1401/2305/910
f 1396/2301/653 1398/2303/686 1351/2236/686
o BrakeRigging.011
v 0.749725 0.869900 0.761960
v 0.735582 0.864042 0.761959
v 0.729725 0.849900 0.761959
v 0.735582 0.835757 0.761959
v 0.763867 0.835757 0.761959
v 0.769724 0.849900 0.761959
v 0.763867 0.864042 0.761959
v 0.749725 0.829900 0.761960
v 0.735582 0.864082 0.453704
v 0.729724 0.849900 0.456253
v 0.735582 0.835717 0.458803
v 0.763866 0.835717 0.458803
v 0.769724 0.849900 0.456253
v 0.763866 0.864082 0.453704
v 0.749724 0.869956 0.452648
v 0.749724 0.829843 0.459859
v 0.724725 0.867900 0.829960
v 0.724725 0.869900 0.827960
v 0.724725 0.869314 0.829375
v 0.724725 0.829900 0.827960
v 0.724725 0.831900 0.829960
v 0.724725 0.830485 0.829375
v 0.769725 0.829900 0.827960
v 0.769725 0.831900 0.829960
v 0.769725 0.830485 0.829374
v 0.774725 0.831900 0.829960
v 0.774725 0.829900 0.827960
v 0.774725 0.830485 0.829374
v 0.774725 0.869900 0.827960
v 0.774725 0.867900 0.829960
v 0.774725 0.869314 0.829374
v 0.729725 0.869900 0.827960
v 0.729725 0.867900 0.829960
v 0.729725 0.869314 0.829374
v 0.729725 0.831900 0.829960
v 0.729725 0.829900 0.827960
v 0.729725 0.830485 0.829374
v 0.769725 0.867900 0.829960
v 0.769725 0.869900 0.827960
v 0.769725 0.869314 0.829374
v 0.724724 0.869900 0.763961
v 0.726725 0.869900 0.761961
v 0.725310 0.869900 0.762547
v 0.724724 0.829900 0.763961
v 0.726725 0.829900 0.761961
v 0.725310 0.829900 0.762547
v 0.774724 0.829900 0.763961
v 0.772724 0.829900 0.761961
v 0.774139 0.829900 0.762547
v 0.774724 0.869900 0.763961
v 0.772724 0.869900 0.761961
v 0.774139 0.869900 0.762547
v 0.731725 0.829900 0.766960
v 0.729725 0.829900 0.768960
v 0.730310 0.829900 0.767546
v 0.769724 0.829900 0.768960
v 0.767724 0.829900 0.766960
v 0.769139 0.829900 0.767546
v 0.767724 0.869900 0.766960
v 0.769724 0.869900 0.768960
v 0.769139 0.869900 0.767546
v 0.729725 0.869900 0.768960
v 0.731725 0.869900 0.766960
v 0.730310 0.869900 0.767546
v 0.763866 1.073117 0.880381
v 0.769724 1.087259 0.880381
v 0.724726 1.239964 2.117980
v 0.724726 1.237964 2.119980
v 0.749726 1.199965 2.051980
v 0.763868 1.234107 2.051979
v 0.769726 1.219965 2.051979
v 0.763868 1.205822 2.051979
v 0.735584 1.205822 2.051979
v 0.729726 1.219965 2.051979
v 0.735584 1.234107 2.051979
v 0.749726 1.239964 2.051980
v 0.735583 1.234146 1.244109
v 0.735573 1.224803 1.205767
v 0.735581 1.232895 1.231593
v 0.735578 1.229475 1.217559
v 0.729725 1.219965 1.246662
v 0.729711 1.210608 1.208306
v 0.729723 1.218711 1.234143
v 0.729718 1.215287 1.220104
v 0.735583 1.205784 1.249207
v 0.735573 1.196424 1.210868
v 0.735581 1.204530 1.236692
v 0.735578 1.201104 1.222659
v 0.763867 1.205784 1.249207
v 0.763876 1.196424 1.210868
v 0.763868 1.204530 1.236692
v 0.763872 1.201104 1.222659
v 0.769725 1.219965 1.246662
v 0.769738 1.210608 1.208306
v 0.769727 1.218711 1.234143
v 0.769731 1.215287 1.220104
v 0.763867 1.234146 1.244109
v 0.763876 1.224803 1.205767
v 0.763868 1.232895 1.231593
v 0.763872 1.229475 1.217559
v 0.749725 1.230686 1.204721
v 0.749725 1.240020 1.243049
v 0.749725 1.235354 1.216508
v 0.749725 1.238770 1.230536
v 0.749725 1.199910 1.250259
v 0.749725 1.190553 1.211935
v 0.749725 1.198656 1.237747
v 0.749725 1.195231 1.223720
v 0.749724 1.107329 0.944500
v 0.749724 1.116687 0.982808
v 0.749724 1.108598 0.957016
v 0.749724 1.112023 0.971037
v 0.735459 1.110816 0.983957
v 0.735497 1.101459 0.945632
v 0.735460 1.106149 0.972181
v 0.735474 1.102724 0.958153
v 0.729550 1.096636 0.986717
v 0.729601 1.087285 0.948374
v 0.729552 1.091965 0.974935
v 0.729570 1.088543 0.960901
v 0.735459 1.082445 0.989456
v 0.735493 1.073109 0.951127
v 0.735460 1.077776 0.977680
v 0.735472 1.074359 0.963651
v 0.763990 1.082445 0.989456
v 0.763956 1.073109 0.951127
v 0.763989 1.077776 0.977680
v 0.763976 1.074359 0.963651
v 0.769899 1.096636 0.986717
v 0.769848 1.087285 0.948374
v 0.769897 1.091965 0.974935
v 0.769878 1.088543 0.960900
v 0.763990 1.110816 0.983957
v 0.763951 1.101459 0.945632
v 0.763988 1.106149 0.972181
v 0.763974 1.102724 0.958153
v 0.749724 1.076564 0.990585
v 0.749724 1.067237 0.952268
v 0.749724 1.071897 0.978815
v 0.749724 1.068483 0.964790
v 0.749379 1.249970 2.010011
v 0.749379 1.249970 1.710011
v 0.723398 1.234970 2.010011
v 0.723398 1.234970 1.710011
v 0.723398 1.204970 2.010011
v 0.723398 1.204970 1.710011
v 0.749379 1.189970 2.010011
v 0.749379 1.189970 1.710011
v 0.775360 1.204970 2.010011
v 0.775359 1.204970 1.710011
v 0.775360 1.234970 2.010011
v 0.775359 1.234970 1.710011
v 0.749552 1.239917 1.700029
v 0.749553 1.239895 2.020015
v 0.735584 1.234109 2.020010
v 0.735583 1.234120 1.700029
v 0.729726 1.219965 2.020010
v 0.729725 1.219965 1.700030
v 0.735584 1.205821 2.020010
v 0.735583 1.205806 1.700030
v 0.749553 1.200035 2.020005
v 0.749552 1.200013 1.700030
v 0.763868 1.205820 2.020010
v 0.763868 1.205810 1.700030
v 0.769726 1.219970 2.020010
v 0.769725 1.219965 1.700030
v 0.763868 1.234109 2.020010
v 0.763868 1.234124 1.700030
v 0.768808 1.177878 1.152316
v 0.765867 1.185252 1.148593
v 0.768809 1.217429 1.321165
v 0.765867 1.225133 1.321165
v 0.771808 1.179172 1.154388
v 0.771808 1.183969 1.151981
v 0.771808 1.217429 1.318835
v 0.771808 1.222328 1.318835
v 0.765867 1.225133 1.227198
v 0.771808 1.222328 1.227976
v 0.730722 1.177878 1.152316
v 0.733664 1.185252 1.148593
v 0.730722 1.217429 1.321165
v 0.733664 1.225133 1.321165
v 0.727722 1.179172 1.154388
v 0.727722 1.183969 1.151981
v 0.727722 1.217429 1.318835
v 0.727722 1.222328 1.318835
v 0.733664 1.225133 1.227198
v 0.727722 1.222328 1.227976
v 0.768808 1.130957 1.046900
v 0.765867 1.123583 1.050623
v 0.768808 1.091405 0.878051
v 0.765866 1.083702 0.878051
v 0.771808 1.129662 1.044828
v 0.771808 1.124866 1.047235
v 0.771808 1.091405 0.880381
v 0.771808 1.086507 0.880381
v 0.765866 1.083702 0.972018
v 0.771808 1.086507 0.971240
v 0.730722 1.130957 1.046900
v 0.733663 1.123583 1.050623
v 0.730721 1.091405 0.878051
v 0.733663 1.083702 0.878051
v 0.727722 1.129662 1.044829
v 0.727722 1.124866 1.047235
v 0.727722 1.091405 0.880382
v 0.727722 1.086507 0.880382
v 0.733663 1.083702 0.972018
v 0.727722 1.086507 0.971241
v 0.724726 1.239378 2.119395
v 0.724726 1.199964 2.117980
v 0.724726 1.201964 2.119980
v 0.724726 1.200550 2.119395
v 0.769726 1.199964 2.117980
v 0.769726 1.201964 2.119980
v 0.769726 1.200550 2.119395
v 0.774726 1.201964 2.119980
v 0.774726 1.199964 2.117980
v 0.774726 1.200550 2.119395
v 0.774726 1.239964 2.117980
v 0.774726 1.237964 2.119980
v 0.774726 1.239378 2.119395
v 0.729726 1.239964 2.117980
v 0.729726 1.237964 2.119980
v 0.729726 1.239378 2.119395
v 0.729726 1.201964 2.119980
v 0.729726 1.199964 2.117980
v 0.729726 1.200550 2.119395
v 0.769726 1.237964 2.119980
v 0.769726 1.239964 2.117980
v 0.769726 1.239378 2.119395
v 0.724726 1.239964 2.053981
v 0.726726 1.239964 2.051981
v 0.725312 1.239964 2.052567
v 0.724726 1.199964 2.053981
v 0.726726 1.199964 2.051981
v 0.725312 1.199965 2.052567
v 0.774726 1.199964 2.053981
v 0.772726 1.199964 2.051981
v 0.774140 1.199965 2.052567
v 0.774726 1.239964 2.053981
v 0.772726 1.239964 2.051981
v 0.774140 1.239964 2.052567
v 0.731726 1.199964 2.056980
v 0.729726 1.199964 2.058980
v 0.730312 1.199964 2.057566
v 0.769726 1.199964 2.058980
v 0.767726 1.199964 2.056980
v 0.769140 1.199964 2.057566
v 0.767726 1.239964 2.056980
v 0.769726 1.239964 2.058980
v 0.769140 1.239964 2.057566
v 0.729726 1.239964 2.058980
v 0.731726 1.239964 2.056980
v 0.730312 1.239964 2.057566
v 0.774724 1.107259 0.814381
v 0.774724 1.105259 0.812381
v 0.749724 1.067259 0.880381
v 0.735582 1.101401 0.880382
v 0.729724 1.087259 0.880382
v 0.735582 1.073117 0.880382
v 0.763866 1.101401 0.880381
v 0.749724 1.107259 0.880381
v 0.774724 1.106673 0.812967
v 0.774724 1.067259 0.814381
v 0.774724 1.069259 0.812381
v 0.774724 1.067845 0.812967
v 0.729724 1.067259 0.814381
v 0.729724 1.069259 0.812381
v 0.729724 1.067845 0.812967
v 0.724724 1.069259 0.812381
v 0.724724 1.067259 0.814381
v 0.724724 1.067845 0.812967
v 0.724724 1.107259 0.814381
v 0.724724 1.105259 0.812381
v 0.724724 1.106673 0.812967
v 0.769724 1.107259 0.814381
v 0.769724 1.105259 0.812381
v 0.769724 1.106673 0.812967
v 0.769724 1.069259 0.812381
v 0.769724 1.067259 0.814381
v 0.769724 1.067845 0.812967
v 0.729724 1.105259 0.812381
v 0.729724 1.107259 0.814381
v 0.729724 1.106673 0.812967
v 0.774724 1.107259 0.878380
v 0.772724 1.107259 0.880381
v 0.774138 1.107259 0.879795
v 0.774724 1.067259 0.878380
v 0.772724 1.067259 0.880381
v 0.774138 1.067259 0.879795
v 0.724724 1.067259 0.878380
v 0.726724 1.067259 0.880381
v 0.725310 1.067259 0.879795
v 0.724724 1.107259 0.878380
v 0.726724 1.107259 0.880381
v 0.725310 1.107259 0.879795
v 0.767724 1.067259 0.875382
v 0.769724 1.067259 0.873381
v 0.769138 1.067259 0.874796
v 0.729724 1.067259 0.873381
v 0.731724 1.067259 0.875382
v 0.730310 1.067259 0.874796
v 0.731724 1.107259 0.875382
v 0.729724 1.107259 0.873381
v 0.730310 1.107259 0.874796
v 0.769724 1.107259 0.873381
v 0.767724 1.107259 0.875382
v 0.769138 1.107259 0.874796
v 0.704710 0.515000 2.086296
v 0.704710 0.605000 2.086296
v 0.794710 0.605000 2.086296
v 0.794710 0.515000 2.086296
v 0.774715 0.515000 2.086296
v 0.724705 0.605000 2.086296
v 0.729706 0.515000 2.086296
v 0.769715 0.515000 2.086296
v 0.769715 0.605000 2.086296
v 0.729706 0.605000 2.086296
v 0.724705 0.515000 2.086296
v 0.774715 0.605000 2.086296
v 0.749726 0.497033 2.088456
v 0.749726 0.499033 2.086292
v 0.763869 0.499033 2.092149
v 0.762338 0.497033 2.093680
v 0.769726 0.499033 2.106292
v 0.767562 0.497033 2.106292
v 0.763869 0.499033 2.120434
v 0.762338 0.497033 2.118903
v 0.749726 0.499033 2.126292
v 0.749726 0.497033 2.124127
v 0.735584 0.499033 2.120434
v 0.737115 0.497033 2.118903
v 0.729726 0.499033 2.106292
v 0.731891 0.497033 2.106292
v 0.735584 0.499033 2.092149
v 0.737115 0.497033 2.093680
v 0.704710 0.520000 2.045571
v 0.704710 0.515000 2.050570
v 0.704710 0.516464 2.047035
v 0.704710 0.605000 2.050570
v 0.704710 0.600000 2.045571
v 0.704710 0.603535 2.047035
v 0.794710 0.515000 2.050570
v 0.794710 0.520000 2.045570
v 0.794710 0.516464 2.047035
v 0.794710 0.600000 2.045570
v 0.794710 0.605000 2.050570
v 0.794710 0.603535 2.047035
v 0.729706 0.520000 2.117014
v 0.729706 0.515000 2.112014
v 0.729706 0.516464 2.115549
v 0.769715 0.515000 2.112014
v 0.769715 0.520000 2.117014
v 0.769715 0.516464 2.115549
v 0.769715 0.600000 2.117014
v 0.769715 0.605000 2.112014
v 0.769715 0.603535 2.115549
v 0.729706 0.605000 2.112014
v 0.729706 0.600000 2.117014
v 0.729706 0.603535 2.115549
v 0.774715 0.520000 2.117014
v 0.774715 0.515000 2.112014
v 0.774715 0.516464 2.115549
v 0.724705 0.600000 2.117014
v 0.724705 0.605000 2.112014
v 0.724705 0.603535 2.115549
v 0.724705 0.515000 2.112014
v 0.724705 0.520000 2.117014
v 0.724705 0.516464 2.115549
v 0.774715 0.605000 2.112014
v 0.774715 0.600000 2.117014
v 0.774715 0.603535 2.115549
v 0.749726 1.241998 2.088456
v 0.749726 1.239998 2.086292
v 0.749726 1.242001 2.124127
v 0.749726 1.240001 2.126292
v 0.737115 1.242001 2.118903
v 0.735584 1.240001 2.120434
v 0.731891 1.242001 2.106292
v 0.729726 1.240001 2.106292
v 0.737115 1.242001 2.093680
v 0.735584 1.240001 2.092149
v 0.762338 1.241998 2.093680
v 0.763868 1.239998 2.092149
v 0.767561 1.241998 2.106292
v 0.769726 1.239998 2.106292
v 0.762338 1.241998 2.118903
v 0.763868 1.239998 2.120434
v 0.794741 0.515000 0.836065
v 0.794741 0.605000 0.836065
v 0.704741 0.605000 0.836065
v 0.704741 0.515000 0.836065
v 0.724736 0.515000 0.836065
v 0.774746 0.605000 0.836065
v 0.769745 0.515000 0.836065
v 0.729736 0.515000 0.836065
v 0.729736 0.605000 0.836065
v 0.769745 0.605000 0.836065
v 0.774746 0.515000 0.836065
v 0.724736 0.605000 0.836065
v 0.749725 0.497033 0.833905
v 0.749725 0.499033 0.836069
v 0.735582 0.499033 0.830212
v 0.737113 0.497033 0.828681
v 0.729725 0.499033 0.816069
v 0.731889 0.497033 0.816069
v 0.735582 0.499033 0.801927
v 0.737113 0.497033 0.803458
v 0.749725 0.499033 0.796069
v 0.749725 0.497033 0.798234
v 0.763867 0.499033 0.801927
v 0.762336 0.497033 0.803458
v 0.769725 0.499033 0.816069
v 0.767560 0.497033 0.816069
v 0.763867 0.499033 0.830212
v 0.762336 0.497033 0.828681
v 0.794741 0.520000 0.876791
v 0.794741 0.515000 0.871791
v 0.794741 0.516464 0.875326
v 0.794741 0.605000 0.871791
v 0.794741 0.600000 0.876791
v 0.794741 0.603535 0.875326
v 0.704741 0.515000 0.871791
v 0.704741 0.520000 0.876791
v 0.704741 0.516464 0.875326
v 0.704741 0.600000 0.876791
v 0.704741 0.605000 0.871791
v 0.704741 0.603535 0.875326
v 0.769745 0.520000 0.805347
v 0.769745 0.515000 0.810347
v 0.769745 0.516464 0.806812
v 0.729736 0.515000 0.810347
v 0.729736 0.520000 0.805347
v 0.729736 0.516464 0.806812
v 0.729736 0.600000 0.805347
v 0.729736 0.605000 0.810347
v 0.729736 0.603535 0.806812
v 0.769745 0.605000 0.810347
v 0.769745 0.600000 0.805347
v 0.769745 0.603535 0.806812
v 0.724736 0.520000 0.805347
v 0.724736 0.515000 0.810347
v 0.724736 0.516464 0.806812
v 0.774746 0.600000 0.805347
v 0.774746 0.605000 0.810347
v 0.774746 0.603535 0.806812
v 0.774746 0.515000 0.810347
v 0.774746 0.520000 0.805347
v 0.774746 0.516464 0.806812
v 0.724736 0.605000 0.810347
v 0.724735 0.600000 0.805347
v 0.724735 0.603535 0.806812
v 0.749724 1.108980 0.833905
v 0.749724 1.106979 0.836070
v 0.749724 1.106982 0.796070
v 0.749724 1.108982 0.798234
v 0.762336 1.108982 0.803458
v 0.763866 1.106982 0.801927
v 0.767560 1.108982 0.816069
v 0.769724 1.106982 0.816069
v 0.762336 1.108982 0.828681
v 0.763867 1.106982 0.830212
v 0.735582 1.106979 0.830212
v 0.737113 1.108979 0.828681
v 0.731889 1.108979 0.816069
v 0.729724 1.106979 0.816069
v 0.737113 1.108980 0.803458
v 0.735582 1.106979 0.801927
vn 0.6850 0.7285 0.0001
vn -0.0000 1.0000 0.0001
vn 0.7071 0.7071 0.0001
vn 0.9991 0.0433 -0.0000
vn 1.0000 -0.0000 -0.0000
vn 0.7286 -0.6850 0.0001
vn 0.7071 -0.7071 0.0001
vn -0.0000 -1.0000 0.0001
vn -0.0000 -1.0000 0.0002
vn -0.7071 -0.7071 0.0001
vn -1.0000 -0.0000 -0.0000
vn -0.7286 -0.6850 0.0001
vn -0.7071 0.7071 0.0001
vn -0.9991 0.0433 -0.0000
vn -0.6850 0.7285 0.0001
vn -0.0000 -0.9808 0.1951
vn -0.0000 -0.7071 0.7071
vn -0.0000 -0.1951 0.9808
vn -0.0000 0.9808 0.1951
vn -0.0000 0.7071 0.7071
vn -0.0000 0.1951 0.9808
vn 0.0004 -0.0000 -1.0000
vn 0.1952 0.0001 -0.9808
vn 0.1952 -0.0001 -0.9808
vn 0.0001 1.0000 -0.0001
vn -0.0001 1.0000 -0.0001
vn -0.1952 0.0001 -0.9808
vn -0.7071 -0.0000 -0.7071
vn 0.7071 -0.0000 -0.7071
vn -0.9808 -0.0000 -0.1951
vn 0.0001 -1.0000 0.0001
vn -0.0001 -1.0000 0.0001
vn -0.0000 -1.0000 -0.0001
vn -0.0004 -0.0000 -1.0000
vn -0.1952 -0.0001 -0.9808
vn 0.9808 -0.0000 -0.1951
vn 0.1951 -0.0000 0.9808
vn 0.7071 -0.0000 0.7071
vn 0.9808 -0.0000 0.1951
vn -0.9808 -0.0000 0.1951
vn -0.7071 -0.0000 0.7071
vn -0.1951 -0.0000 0.9808
vn -0.0000 -0.0000 1.0000
vn -0.0001 -0.0000 1.0000
vn 0.8683 -0.4583 0.1899
vn -0.0000 -0.9239 0.3827
vn 0.6303 -0.5490 0.5490
vn 0.0005 -0.0000 -1.0000
vn -0.0000 0.9119 -0.4104
vn 0.7014 0.6792 -0.2161
vn 0.6982 0.6519 -0.2957
vn -0.0000 0.9536 -0.3011
vn 0.7034 0.7007 -0.1197
vn -0.0000 0.9987 -0.0512
vn 0.7037 0.7096 -0.0352
vn 0.9999 0.0155 -0.0068
vn 0.9999 0.0104 -0.0074
vn 0.9999 0.0165 -0.0024
vn 0.9999 0.0123 0.0010
vn 0.7180 -0.6630 0.2118
vn 0.7097 -0.6412 0.2919
vn 0.7203 -0.6837 0.1172
vn 0.7158 -0.6975 0.0348
vn -0.0000 -0.9520 0.3060
vn -0.0000 -0.9091 0.4166
vn -0.0000 -0.9857 0.1688
vn -0.0000 -0.9988 0.0484
vn -0.7097 -0.6412 0.2919
vn -0.7180 -0.6630 0.2118
vn -0.7203 -0.6837 0.1172
vn -0.7158 -0.6975 0.0348
vn -0.9999 0.0104 -0.0074
vn -0.9999 0.0155 -0.0068
vn -0.9999 0.0165 -0.0024
vn -0.9999 0.0123 0.0010
vn -0.6982 0.6519 -0.2957
vn -0.7014 0.6792 -0.2161
vn -0.7034 0.7007 -0.1197
vn -0.7037 0.7096 -0.0352
vn -0.0000 0.9857 -0.1686
vn 0.7143 0.6988 -0.0366
vn -0.0000 0.9856 -0.1693
vn 0.7190 0.6848 -0.1187
vn 0.7171 0.6640 -0.2120
vn -0.0000 0.9522 -0.3055
vn 0.7092 0.6420 -0.2913
vn 0.9999 -0.0125 -0.0031
vn 0.9999 -0.0168 0.0007
vn 0.9999 -0.0157 0.0063
vn 0.9999 -0.0102 0.0080
vn 0.7022 -0.7111 0.0343
vn 0.7021 -0.7020 0.1191
vn 0.7005 -0.6801 0.2163
vn 0.6976 -0.6522 0.2966
vn -0.0000 -0.9987 0.0510
vn -0.0000 -0.9857 0.1685
vn -0.0000 -0.9535 0.3014
vn -0.0000 -0.9116 0.4112
vn -0.7021 -0.7020 0.1191
vn -0.7022 -0.7111 0.0343
vn -0.7005 -0.6801 0.2163
vn -0.6976 -0.6522 0.2966
vn -0.9999 -0.0168 0.0007
vn -0.9999 -0.0125 -0.0031
vn -0.9999 -0.0157 0.0063
vn -0.9999 -0.0103 0.0080
vn -0.7190 0.6848 -0.1187
vn -0.7143 0.6988 -0.0366
vn -0.7171 0.6640 -0.2120
vn -0.7092 0.6420 -0.2913
vn -0.0000 0.9988 -0.0494
vn -0.0000 0.9095 -0.4157
vn 0.7070 0.7072 -0.0014
vn -0.7070 0.7072 -0.0014
vn -1.0000 -0.0000 -0.0017
vn -0.7069 -0.7073 -0.0011
vn -0.0000 -1.0000 -0.0006
vn 0.7069 -0.7073 -0.0011
vn 1.0000 -0.0000 -0.0017
vn -0.5000 0.8660 -0.0000
vn -0.5000 -0.8660 -0.0000
vn 0.5000 -0.8660 -0.0000
vn 0.5000 0.8660 -0.0000
vn -0.0044 1.0000 0.0001
vn -0.7071 0.7071 -0.0000
vn -0.0056 1.0000 -0.0021
vn -0.7075 0.7067 -0.0000
vn -1.0000 0.0001 -0.0000
vn -0.7074 -0.7068 -0.0000
vn -0.7071 -0.7071 -0.0000
vn -0.0043 -1.0000 0.0002
vn -0.0056 -1.0000 -0.0022
vn 0.6227 0.2576 -0.7388
vn 0.7437 0.1535 -0.6506
vn 0.7729 -0.0000 -0.6345
vn 0.7045 -0.7097 0.0002
vn 0.7049 -0.7093 -0.0016
vn 0.0001 -1.0000 -0.0006
vn 0.7444 -0.1536 0.6498
vn 0.7444 0.1536 0.6499
vn 0.7733 -0.0000 0.6341
vn 1.0000 0.0002 -0.0000
vn 0.6232 -0.2580 0.7382
vn 0.7044 0.7098 -0.0000
vn 0.7049 0.7093 -0.0015
vn -0.7223 0.1459 0.6760
vn -0.7224 -0.1459 0.6759
vn -0.7448 -0.0000 0.6673
vn -0.6036 0.2500 0.7571
vn 0.0001 1.0000 -0.0006
vn -0.3404 0.6952 0.6331
vn -0.3782 0.7062 0.5985
vn -0.2795 0.6741 0.6837
vn -0.3405 0.6951 -0.6332
vn -0.3783 0.7062 -0.5985
vn -0.4127 0.7148 -0.5647
vn 0.3400 0.7038 -0.6238
vn 0.3830 0.7171 -0.5823
vn 0.2751 0.6798 -0.6799
vn 0.7438 -0.1535 -0.6505
vn 0.6228 -0.2577 -0.7387
vn 0.3832 -0.7172 -0.5820
vn 0.3401 -0.7040 -0.6235
vn 0.2754 -0.6801 -0.6795
vn -0.3405 -0.6955 -0.6328
vn -0.3785 -0.7066 -0.5979
vn -0.2797 -0.6744 -0.6834
vn -0.7217 0.1458 -0.6767
vn -0.6031 0.2496 -0.7576
vn -0.7443 -0.0000 -0.6678
vn -0.6037 -0.2500 0.7570
vn -0.3783 -0.7065 0.5981
vn -0.3402 -0.6954 0.6330
vn -0.2790 -0.6742 0.6838
vn 0.3398 -0.7040 0.6236
vn 0.3830 -0.7173 0.5821
vn 0.2745 -0.6799 0.6800
vn 0.6231 0.2581 0.7383
vn 0.3400 0.7038 0.6238
vn 0.3829 0.7170 0.5825
vn 0.4194 0.7264 0.5445
vn -0.6033 -0.2496 -0.7575
vn -0.7218 -0.1458 -0.6766
vn -0.9982 -0.0530 0.0269
vn 0.4259 0.1626 0.8901
vn 0.6297 -0.3484 -0.6943
vn 0.1734 -0.9592 0.2232
vn 0.4331 0.8047 -0.4062
vn 0.4269 0.9043 -0.0000
vn 0.9310 -0.3555 0.0822
vn -0.6135 -0.0000 0.7897
vn -0.6297 -0.3484 -0.6943
vn -0.2541 -0.9417 0.2206
vn -0.4331 0.8047 -0.4062
vn -0.4269 0.9043 -0.0000
vn -0.9982 0.0530 -0.0269
vn 0.6298 0.3484 0.6943
vn 0.1734 0.9592 -0.2232
vn 0.4331 -0.8047 0.4062
vn 0.4269 -0.9043 -0.0000
vn 0.9310 0.3555 -0.0822
vn -0.6298 0.3484 0.6943
vn -0.2541 0.9417 -0.2206
vn -0.4331 -0.8047 0.4062
vn -0.4269 -0.9043 -0.0000
vn -0.7072 -0.0000 -0.7071
vn 0.0001 -1.0000 -0.0000
vn -0.0001 -1.0000 -0.0000
vn -0.0005 -0.0000 -1.0000
vn 0.1950 -0.0000 0.9808
vn 0.7072 -0.0000 0.7070
vn -0.7072 -0.0000 0.7070
vn -0.7071 -0.0000 0.7072
vn -0.1950 -0.0000 0.9808
vn -0.0000 -0.9808 -0.1951
vn -0.0000 -0.7071 -0.7071
vn -0.0000 0.7071 -0.7071
vn -0.0000 0.1951 -0.9808
vn -0.0000 0.9808 -0.1951
vn -0.8683 -0.4583 -0.1899
vn -0.0000 -0.9239 -0.3827
vn -0.6303 -0.5490 -0.5490
vn -0.0000 -0.1951 -0.9808
vn -0.0003 -0.0000 1.0000
vn -0.0001 1.0000 0.0001
vn 0.0001 1.0000 0.0001
vn -0.0000 1.0000 -0.0001
vn -0.0001 -1.0000 -0.0001
vn 0.0001 -1.0000 -0.0001
vn -0.0000 -1.0000 -0.0000
vn 0.0003 -0.0000 1.0000
vn -0.1951 -0.0000 -0.9808
vn 0.1951 -0.0000 -0.9808
vn 0.4798 -0.7345 -0.4798
vn -0.0000 -0.7345 -0.6786
vn 0.6786 -0.7345 -0.0000
vn 0.4798 -0.7345 0.4798
vn -0.0000 -0.7345 0.6786
vn -0.4798 -0.7345 0.4798
vn -0.6786 -0.7345 -0.0000
vn -0.4798 -0.7345 -0.4798
vn -0.0001 0.1951 0.9808
vn -0.0000 1.0000 -0.0000
vn -0.4798 0.7345 0.4798
vn 0.0001 0.7346 0.6785
vn -0.6786 0.7345 -0.0000
vn -0.4797 0.7346 -0.4798
vn 0.0001 0.7344 -0.6787
vn 0.4798 0.7345 -0.4798
vn 0.6786 0.7345 -0.0000
vn 0.4800 0.7344 0.4798
vn -0.0000 -0.0000 -1.0000
vn 0.0001 1.0000 -0.0000
vn 0.4798 -0.7345 -0.4799
vn 0.4799 -0.7345 0.4798
vn -0.0001 0.7346 -0.6785
vn 0.4798 0.7345 -0.4799
vn 0.4797 0.7346 0.4798
vn -0.0001 0.7344 0.6787
vn -0.4800 0.7344 -0.4798
vn -0.4799 0.7345 0.4798
vn -0.0001 1.0000 -0.0000
vn -0.0000 1.0000 0.0002
vn 0.0001 0.0001 -1.0000
vn -0.0000 0.0002 -1.0000
vn -0.0000 -0.0002 -1.0000
vn 0.0001 -0.0001 -1.0000
vn 0.0005 1.0000 -0.0000
vn -0.0000 1.0000 -0.0005
vn -0.0005 1.0000 -0.0000
vn 0.0005 -1.0000 -0.0000
vn -0.0000 -1.0000 0.0005
vn -0.0005 -1.0000 -0.0000
vn -0.0001 -0.0001 -1.0000
vn -0.0001 0.0001 -1.0000
vn 0.0001 -0.0000 1.0000
vn 0.0001 0.0002 -1.0000
vn -0.0000 0.0003 -1.0000
vn -0.0000 -0.0003 -1.0000
vn 0.0001 -0.0002 -1.0000
vn -0.0000 1.0000 -0.0011
vn -0.4127 0.7148 0.5645
vn -0.2797 0.6740 -0.6837
vn 0.4194 0.7264 -0.5444
vn 0.4195 -0.7266 -0.5441
vn -0.4129 -0.7152 -0.5640
vn -0.4129 -0.7151 0.5640
vn 0.4196 -0.7267 0.5440
vn 0.2750 0.6798 0.6799
vn -0.9390 -0.3350 0.0785
vn -0.9342 -0.3567 -0.0000
vn 0.6135 -0.0000 0.7897
vn 0.4348 -0.2616 -0.8617
vn 0.2541 -0.9417 0.2206
vn 0.4108 0.8131 -0.4125
vn 0.9390 -0.3350 0.0785
vn -0.4259 0.1626 0.8901
vn -0.4348 -0.2616 -0.8617
vn -0.1734 -0.9592 0.2232
vn -0.4108 0.8131 -0.4125
vn -0.9390 0.3350 -0.0785
vn -0.9342 0.3567 -0.0000
vn 0.4348 0.2616 0.8617
vn 0.2541 0.9417 -0.2206
vn 0.4108 -0.8131 0.4125
vn 0.9390 0.3350 -0.0785
vn -0.4348 0.2616 0.8617
vn -0.1734 0.9592 -0.2232
vn -0.4108 -0.8131 0.4125
vn -0.0000 1.0000 -0.0006
vn 0.7072 -0.0000 -0.7071
vn -0.0000 -1.0000 0.0004
vn -0.0001 -0.0002 -1.0000
vn -0.0001 0.0002 -1.0000
vn -0.0000 0.0001 1.0000
vn -0.0000 0.0002 1.0000
vn -0.0000 -0.0002 1.0000
vn -0.0000 -0.0001 1.0000
vn -0.0000 1.0000 0.0006
vn -0.0000 1.0000 -0.0003
vn -0.0000 -1.0000 -0.0005
vn 0.0002 1.0000 -0.0000
vn -0.0002 1.0000 -0.0000
vt 0.043572 0.295928
vt 0.041319 0.250715
vt 0.043565 0.250715
vt 0.045822 0.295553
vt 0.045810 0.250714
vt 0.030086 0.295180
vt 0.027848 0.250714
vt 0.030093 0.250715
vt 0.032332 0.295026
vt 0.032339 0.250715
vt 0.034584 0.250715
vt 0.036829 0.250715
vt 0.034578 0.295181
vt 0.039074 0.250715
vt 0.036829 0.295555
vt 0.039080 0.295929
vt 0.281984 0.045825
vt 0.281251 0.046050
vt 0.281251 0.045825
vt 0.281984 0.046050
vt 0.281251 0.046274
vt 0.274650 0.052003
vt 0.275384 0.051779
vt 0.275384 0.052003
vt 0.274650 0.051779
vt 0.275384 0.051554
vt 0.275384 0.045825
vt 0.274650 0.046050
vt 0.274650 0.045825
vt 0.275384 0.046050
vt 0.274650 0.046274
vt 0.281251 0.052003
vt 0.281984 0.051779
vt 0.281984 0.052003
vt 0.281251 0.051779
vt 0.281984 0.051554
vt 0.116910 0.247327
vt 0.113976 0.246887
vt 0.119843 0.246887
vt 0.274650 0.051554
vt 0.281251 0.051554
vt 0.281898 0.061598
vt 0.274736 0.061598
vt 0.280957 0.060951
vt 0.112794 0.012488
vt 0.106927 0.012263
vt 0.112794 0.012263
vt 0.119843 0.246663
vt 0.114062 0.236844
vt 0.119550 0.236758
vt 0.119843 0.237051
vt 0.112794 0.012039
vt 0.274736 0.036231
vt 0.281898 0.036231
vt 0.275677 0.036878
vt 0.109860 0.012928
vt 0.106927 0.012488
vt 0.107013 0.002444
vt 0.112500 0.002359
vt 0.112794 0.002652
vt 0.113976 0.246438
vt 0.119843 0.246438
vt 0.084595 0.272588
vt 0.078728 0.272812
vt 0.078728 0.272588
vt 0.084595 0.272812
vt 0.078728 0.273037
vt 0.084595 0.266858
vt 0.078728 0.267083
vt 0.078728 0.266858
vt 0.084595 0.267083
vt 0.078728 0.267307
vt 0.084595 0.267307
vt 0.084509 0.281898
vt 0.079022 0.281984
vt 0.078728 0.281691
vt 0.078814 0.257997
vt 0.084302 0.257911
vt 0.084595 0.258205
vt 0.020841 0.144517
vt 0.019253 0.140684
vt 0.023086 0.139096
vt 0.107222 0.215907
vt 0.107956 0.215682
vt 0.107956 0.215907
vt 0.114556 0.209953
vt 0.113823 0.210177
vt 0.113823 0.209953
vt 0.107956 0.209953
vt 0.107222 0.210177
vt 0.107222 0.209953
vt 0.107956 0.209728
vt 0.107222 0.209728
vt 0.113823 0.215907
vt 0.114556 0.215682
vt 0.114556 0.215907
vt 0.113823 0.215682
vt 0.114556 0.215458
vt 0.107222 0.215682
vt 0.107956 0.215458
vt 0.109860 0.093999
vt 0.106927 0.093558
vt 0.112794 0.093558
vt 0.114556 0.209728
vt 0.113823 0.209728
vt 0.114556 0.210177
vt 0.326763 0.053572
vt 0.324605 0.055070
vt 0.324620 0.053290
vt 0.326701 0.055234
vt 0.324547 0.057092
vt 0.326645 0.058768
vt 0.324465 0.058868
vt 0.322317 0.054715
vt 0.322422 0.052697
vt 0.322213 0.057042
vt 0.322156 0.059114
vt 0.340140 0.053576
vt 0.338017 0.054934
vt 0.338003 0.053043
vt 0.340159 0.055183
vt 0.338025 0.057090
vt 0.340252 0.058690
vt 0.338011 0.058986
vt 0.335673 0.054787
vt 0.335720 0.052771
vt 0.335662 0.057108
vt 0.335687 0.059129
vt 0.333389 0.052859
vt 0.333273 0.054843
vt 0.333253 0.057119
vt 0.333337 0.059100
vt 0.331104 0.053189
vt 0.330948 0.055034
vt 0.330918 0.057129
vt 0.331024 0.058959
vt 0.328907 0.053504
vt 0.328771 0.055204
vt 0.328732 0.057129
vt 0.328800 0.058815
vt 0.326658 0.057117
vt 0.326592 0.011412
vt 0.328849 0.013316
vt 0.326509 0.013271
vt 0.326443 0.015405
vt 0.328779 0.015593
vt 0.326410 0.017286
vt 0.324404 0.011625
vt 0.324348 0.013245
vt 0.324299 0.015110
vt 0.324263 0.016739
vt 0.339694 0.011839
vt 0.341855 0.013518
vt 0.339636 0.013523
vt 0.339610 0.015458
vt 0.341834 0.015733
vt 0.339622 0.017178
vt 0.337626 0.011922
vt 0.337611 0.013506
vt 0.337573 0.015316
vt 0.337519 0.016919
vt 0.335614 0.013472
vt 0.335574 0.011844
vt 0.335560 0.015330
vt 0.335421 0.016975
vt 0.333502 0.013425
vt 0.333442 0.011653
vt 0.333439 0.015457
vt 0.333268 0.017251
vt 0.331225 0.013370
vt 0.331197 0.011446
vt 0.331158 0.015590
vt 0.331014 0.017533
vt 0.328885 0.011344
vt 0.328693 0.017581
vt 0.341798 0.017711
vt 0.326770 0.002025
vt 0.331118 0.002055
vt 0.333285 0.002046
vt 0.335445 0.002028
vt 0.337599 0.002017
vt 0.339752 0.002021
vt 0.341871 0.011598
vt 0.324600 0.001988
vt 0.401839 0.607477
vt 0.397439 0.563475
vt 0.401839 0.563475
vt 0.393038 0.607477
vt 0.393038 0.563475
vt 0.388638 0.563475
vt 0.388638 0.607477
vt 0.384238 0.563475
vt 0.410639 0.607477
vt 0.406239 0.563475
vt 0.410639 0.563475
vt 0.406239 0.607477
vt 0.328210 0.126771
vt 0.011165 0.041646
vt 0.015854 0.039428
vt 0.015855 0.041646
vt 0.330470 0.126712
vt 0.332759 0.126653
vt 0.015854 0.043891
vt 0.335049 0.126594
vt 0.011165 0.046136
vt 0.015854 0.046137
vt 0.337309 0.126537
vt 0.015855 0.048354
vt 0.406262 0.609713
vt 0.408440 0.609158
vt 0.339617 0.126479
vt 0.015858 0.050619
vt 0.011165 0.048382
vt 0.408439 0.561791
vt 0.341906 0.126423
vt 0.011173 0.052872
vt 0.015862 0.052865
vt 0.015862 0.059922
vt 0.013688 0.059392
vt 0.015862 0.057675
vt 0.325902 0.126832
vt 0.323611 0.126893
vt 0.011169 0.037156
vt 0.015862 0.034919
vt 0.015858 0.037163
vt 0.395238 0.561739
vt 0.397407 0.561159
vt 0.011165 0.039401
vt 0.398923 0.561698
vt 0.401133 0.561515
vt 0.398924 0.609251
vt 0.397439 0.607477
vt 0.404841 0.609222
vt 0.402585 0.609417
vt 0.011916 0.063446
vt 0.011916 0.061210
vt 0.014099 0.061744
vt 0.385636 0.609222
vt 0.387893 0.609416
vt 0.391552 0.609250
vt 0.389341 0.609431
vt 0.397409 0.609791
vt 0.395238 0.609210
vt 0.393068 0.561159
vt 0.391553 0.561699
vt 0.389343 0.561517
vt 0.385635 0.561727
vt 0.387892 0.561533
vt 0.406264 0.561237
vt 0.404843 0.561726
vt 0.393066 0.609791
vt 0.058068 0.143272
vt 0.065209 0.155123
vt 0.065126 0.168051
vt 0.057709 0.143141
vt 0.056990 0.143698
vt 0.056557 0.142772
vt 0.063320 0.167818
vt 0.056990 0.157025
vt 0.063604 0.168309
vt 0.062616 0.168171
vt 0.057709 0.143698
vt 0.056089 0.157386
vt 0.056026 0.157139
vt 0.056026 0.143356
vt 0.056109 0.094030
vt 0.062080 0.068720
vt 0.063167 0.069252
vt 0.063527 0.069120
vt 0.064245 0.069677
vt 0.063527 0.069677
vt 0.058619 0.094150
vt 0.057915 0.093797
vt 0.057631 0.094288
vt 0.057395 0.094024
vt 0.065146 0.083365
vt 0.064245 0.083004
vt 0.065209 0.083118
vt 0.016696 0.175418
vt 0.015487 0.161636
vt 0.021240 0.150058
vt 0.022760 0.151061
vt 0.023706 0.163537
vt 0.017852 0.175510
vt 0.022721 0.150495
vt 0.023547 0.151052
vt 0.017207 0.175194
vt 0.024674 0.163609
vt 0.024622 0.163858
vt 0.018568 0.176240
vt 0.110565 0.167682
vt 0.116318 0.193042
vt 0.115109 0.193042
vt 0.113953 0.193134
vt 0.108258 0.168676
vt 0.109045 0.168685
vt 0.109084 0.168119
vt 0.109412 0.168252
vt 0.107132 0.181233
vt 0.108100 0.181162
vt 0.107184 0.181482
vt 0.107956 0.210177
vt 0.107308 0.200134
vt 0.114470 0.200134
vt 0.108249 0.200781
vt 0.185052 0.327958
vt 0.179185 0.327733
vt 0.185052 0.327733
vt 0.112794 0.093334
vt 0.107013 0.083515
vt 0.112500 0.083429
vt 0.112794 0.083722
vt 0.185052 0.327509
vt 0.114470 0.225501
vt 0.107308 0.225501
vt 0.113529 0.224854
vt 0.182119 0.328398
vt 0.179185 0.327958
vt 0.179271 0.317914
vt 0.184759 0.317828
vt 0.185052 0.318122
vt 0.106927 0.093109
vt 0.112794 0.093109
vt 0.089882 0.300786
vt 0.084015 0.301011
vt 0.084015 0.300786
vt 0.089882 0.301011
vt 0.084015 0.301235
vt 0.089882 0.295057
vt 0.084015 0.295281
vt 0.084015 0.295057
vt 0.089882 0.295281
vt 0.084015 0.295506
vt 0.089882 0.295506
vt 0.089796 0.310097
vt 0.084309 0.310183
vt 0.084015 0.309889
vt 0.084101 0.286196
vt 0.089589 0.286110
vt 0.089882 0.286403
vt 0.313707 0.010577
vt 0.312974 0.010802
vt 0.312974 0.010577
vt 0.306374 0.016531
vt 0.307107 0.016306
vt 0.307107 0.016531
vt 0.312974 0.016531
vt 0.313707 0.016306
vt 0.313707 0.016531
vt 0.312974 0.016755
vt 0.313707 0.016755
vt 0.307107 0.010577
vt 0.306374 0.010802
vt 0.306374 0.010577
vt 0.307107 0.010802
vt 0.306374 0.011026
vt 0.313707 0.010802
vt 0.312974 0.011026
vt 0.004116 0.236167
vt 0.007050 0.236607
vt 0.001183 0.236607
vt 0.306374 0.016756
vt 0.307107 0.016756
vt 0.306374 0.016306
vt 0.312974 0.016306
vt 0.313621 0.026350
vt 0.306460 0.026350
vt 0.312681 0.025703
vt 0.001183 0.254231
vt 0.007050 0.254455
vt 0.001183 0.254455
vt 0.001183 0.236831
vt 0.006964 0.246650
vt 0.001476 0.246736
vt 0.001183 0.246443
vt 0.001183 0.254680
vt 0.306460 0.000983
vt 0.313621 0.000983
vt 0.307400 0.001630
vt 0.004116 0.252072
vt 0.007050 0.254231
vt 0.006964 0.264274
vt 0.001476 0.264360
vt 0.001183 0.264067
vt 0.007050 0.237056
vt 0.001183 0.237056
vt 0.307840 0.068156
vt 0.313707 0.067932
vt 0.313707 0.068156
vt 0.307840 0.067932
vt 0.313707 0.067707
vt 0.307840 0.073886
vt 0.313707 0.073661
vt 0.313707 0.073886
vt 0.307840 0.073661
vt 0.313707 0.073437
vt 0.307840 0.073437
vt 0.307926 0.058846
vt 0.313414 0.058760
vt 0.313707 0.059053
vt 0.313621 0.082747
vt 0.308134 0.082833
vt 0.307840 0.082540
vt 0.721604 0.558651
vt 0.718671 0.545450
vt 0.721604 0.545450
vt 0.204438 0.250461
vt 0.191238 0.256330
vt 0.191238 0.250461
vt 0.693523 0.558651
vt 0.690590 0.545450
vt 0.693523 0.545450
vt 0.248734 0.220376
vt 0.250966 0.219943
vt 0.250964 0.220377
vt 0.246629 0.219917
vt 0.248745 0.219950
vt 0.264360 0.220346
vt 0.262111 0.219943
vt 0.264225 0.219911
vt 0.259890 0.220371
vt 0.262119 0.220369
vt 0.257658 0.220369
vt 0.259890 0.219937
vt 0.255423 0.219940
vt 0.257659 0.219930
vt 0.255425 0.220374
vt 0.253194 0.219940
vt 0.253194 0.220376
vt 0.259219 0.216094
vt 0.253827 0.218369
vt 0.699497 0.591044
vt 0.712698 0.591605
vt 0.699497 0.591605
vt 0.712698 0.592167
vt 0.699497 0.592167
vt 0.699497 0.559040
vt 0.712697 0.558479
vt 0.712697 0.559040
vt 0.699497 0.558479
vt 0.712697 0.557918
vt 0.709765 0.582032
vt 0.709031 0.581470
vt 0.709765 0.581470
vt 0.709031 0.580909
vt 0.709765 0.580909
vt 0.702429 0.568053
vt 0.703163 0.568614
vt 0.702429 0.568614
vt 0.703163 0.569175
vt 0.702429 0.569175
vt 0.702429 0.582032
vt 0.703163 0.581470
vt 0.703163 0.582032
vt 0.702429 0.581470
vt 0.703163 0.580909
vt 0.709765 0.568053
vt 0.709031 0.568614
vt 0.709031 0.568053
vt 0.709765 0.568614
vt 0.709031 0.569175
vt 0.703163 0.585804
vt 0.709031 0.585804
vt 0.712912 0.545665
vt 0.699497 0.546184
vt 0.712697 0.546184
vt 0.709031 0.564280
vt 0.703163 0.564280
vt 0.699497 0.557918
vt 0.698763 0.558651
vt 0.191971 0.260835
vt 0.191238 0.260102
vt 0.204438 0.256330
vt 0.203705 0.245956
vt 0.204438 0.246689
vt 0.702429 0.580909
vt 0.686085 0.546184
vt 0.686818 0.545450
vt 0.690590 0.558651
vt 0.726109 0.557918
vt 0.725376 0.558651
vt 0.257656 0.329037
vt 0.259885 0.329471
vt 0.257654 0.329474
vt 0.255424 0.329471
vt 0.255425 0.329036
vt 0.253196 0.329468
vt 0.253194 0.329034
vt 0.250966 0.329466
vt 0.250964 0.329032
vt 0.248734 0.329033
vt 0.246629 0.329492
vt 0.246494 0.329057
vt 0.262117 0.329038
vt 0.264222 0.329496
vt 0.262106 0.329463
vt 0.259887 0.329036
vt 0.248745 0.329459
vt 0.257646 0.334856
vt 0.253843 0.333274
vt 0.246494 0.220353
vt 0.708215 0.596590
vt 0.711147 0.609791
vt 0.708215 0.609791
vt 0.318994 0.320957
vt 0.305794 0.326826
vt 0.305794 0.320957
vt 0.736295 0.596590
vt 0.739228 0.609791
vt 0.736295 0.609791
vt 0.201733 0.268123
vt 0.199504 0.267685
vt 0.201734 0.267688
vt 0.197273 0.268124
vt 0.199503 0.268122
vt 0.195043 0.267692
vt 0.197273 0.267688
vt 0.192814 0.268127
vt 0.195043 0.268127
vt 0.190593 0.267702
vt 0.192813 0.267693
vt 0.188346 0.268103
vt 0.190585 0.268127
vt 0.203962 0.268122
vt 0.206066 0.267664
vt 0.206201 0.268099
vt 0.203951 0.267697
vt 0.193460 0.263889
vt 0.197263 0.262305
vt 0.717121 0.564197
vt 0.730322 0.563636
vt 0.730322 0.564197
vt 0.717121 0.563636
vt 0.730322 0.563075
vt 0.730321 0.596201
vt 0.717121 0.596762
vt 0.717121 0.596201
vt 0.730321 0.597323
vt 0.717121 0.597323
vt 0.720053 0.573209
vt 0.720787 0.573771
vt 0.720053 0.573771
vt 0.720787 0.574332
vt 0.720053 0.574332
vt 0.727389 0.587188
vt 0.726655 0.586627
vt 0.727389 0.586627
vt 0.726655 0.586066
vt 0.727389 0.586066
vt 0.727389 0.573209
vt 0.726655 0.573771
vt 0.726655 0.573209
vt 0.727389 0.573771
vt 0.726655 0.574332
vt 0.720053 0.587188
vt 0.720787 0.586627
vt 0.720787 0.587188
vt 0.720053 0.586627
vt 0.720787 0.586066
vt 0.726655 0.569437
vt 0.720787 0.569437
vt 0.716906 0.609576
vt 0.730321 0.609057
vt 0.717121 0.609057
vt 0.720787 0.590961
vt 0.726655 0.590961
vt 0.731055 0.596590
vt 0.306527 0.331331
vt 0.305794 0.330598
vt 0.318994 0.326826
vt 0.318261 0.316452
vt 0.318994 0.317185
vt 0.727389 0.574332
vt 0.743733 0.609057
vt 0.743000 0.609791
vt 0.739228 0.596590
vt 0.703709 0.597323
vt 0.704442 0.596590
vt 0.190586 0.357241
vt 0.192815 0.357235
vt 0.195045 0.357231
vt 0.197274 0.357228
vt 0.199504 0.357226
vt 0.201733 0.357225
vt 0.192813 0.357669
vt 0.190592 0.357668
vt 0.188346 0.357264
vt 0.188481 0.357700
vt 0.206200 0.357250
vt 0.203956 0.357652
vt 0.203961 0.357227
vt 0.201736 0.357659
vt 0.197275 0.357663
vt 0.195043 0.357666
vt 0.199507 0.357662
vt 0.198859 0.361471
vt 0.195051 0.363055
vt 0.041326 0.296083
vt 0.027835 0.295553
vt 0.281984 0.046274
vt 0.275384 0.046274
vt 0.114835 0.248187
vt 0.113976 0.250261
vt 0.119843 0.250261
vt 0.118984 0.248187
vt 0.281251 0.060657
vt 0.281984 0.061391
vt 0.281691 0.061684
vt 0.278317 0.061684
vt 0.274944 0.061684
vt 0.274650 0.061391
vt 0.275384 0.060657
vt 0.281165 0.060865
vt 0.275470 0.060865
vt 0.275677 0.060951
vt 0.113976 0.246663
vt 0.113976 0.237051
vt 0.114270 0.236758
vt 0.119757 0.236844
vt 0.106927 0.012039
vt 0.275384 0.037171
vt 0.274650 0.036438
vt 0.274944 0.036145
vt 0.278317 0.036144
vt 0.281691 0.036145
vt 0.281984 0.036438
vt 0.281251 0.037171
vt 0.275470 0.036964
vt 0.281165 0.036964
vt 0.280957 0.036878
vt 0.107786 0.013787
vt 0.106927 0.015862
vt 0.112794 0.015862
vt 0.111934 0.013787
vt 0.106927 0.002652
vt 0.107220 0.002359
vt 0.112708 0.002444
vt 0.084595 0.273037
vt 0.084595 0.281691
vt 0.084302 0.281984
vt 0.078814 0.281898
vt 0.078728 0.258205
vt 0.079022 0.257911
vt 0.084509 0.257997
vt 0.024674 0.140684
vt 0.024674 0.142929
vt 0.023086 0.144517
vt 0.019253 0.142929
vt 0.020841 0.139096
vt 0.113823 0.215458
vt 0.107222 0.215458
vt 0.107786 0.094858
vt 0.106927 0.096932
vt 0.112794 0.096932
vt 0.111934 0.094858
vt 0.340205 0.057044
vt 0.328945 0.002046
vt 0.341906 0.002031
vt 0.384238 0.607477
vt 0.011165 0.043891
vt 0.011169 0.050627
vt 0.011173 0.034910
vt 0.401135 0.609432
vt 0.402586 0.561531
vt 0.063840 0.168045
vt 0.059155 0.142741
vt 0.062667 0.169190
vt 0.061925 0.168922
vt 0.056026 0.081102
vt 0.064679 0.068751
vt 0.058568 0.095170
vt 0.059310 0.094901
vt 0.065209 0.069335
vt 0.022393 0.150628
vt 0.015487 0.175418
vt 0.023950 0.150114
vt 0.024498 0.150682
vt 0.116318 0.179260
vt 0.114599 0.192818
vt 0.107856 0.167738
vt 0.107307 0.168306
vt 0.113238 0.193864
vt 0.107956 0.201074
vt 0.107222 0.200341
vt 0.107516 0.200048
vt 0.110889 0.200048
vt 0.114263 0.200048
vt 0.114556 0.200341
vt 0.113823 0.201074
vt 0.108042 0.200867
vt 0.113737 0.200867
vt 0.113529 0.200781
vt 0.106927 0.093334
vt 0.106927 0.083722
vt 0.107220 0.083429
vt 0.112708 0.083515
vt 0.179185 0.327509
vt 0.113823 0.224561
vt 0.114556 0.225294
vt 0.114263 0.225587
vt 0.110889 0.225587
vt 0.107516 0.225587
vt 0.107222 0.225294
vt 0.107956 0.224561
vt 0.113737 0.224768
vt 0.108042 0.224768
vt 0.108249 0.224854
vt 0.180044 0.329257
vt 0.179185 0.331331
vt 0.185052 0.331331
vt 0.184193 0.329257
vt 0.179185 0.318122
vt 0.179478 0.317828
vt 0.184966 0.317914
vt 0.089882 0.301235
vt 0.089882 0.309889
vt 0.089589 0.310183
vt 0.084101 0.310097
vt 0.084015 0.286403
vt 0.084309 0.286110
vt 0.089796 0.286196
vt 0.307107 0.011026
vt 0.313707 0.011026
vt 0.006190 0.235307
vt 0.007050 0.233233
vt 0.001183 0.233233
vt 0.002042 0.235307
vt 0.312974 0.025409
vt 0.313707 0.026143
vt 0.313414 0.026436
vt 0.310040 0.026436
vt 0.306667 0.026436
vt 0.306374 0.026143
vt 0.307107 0.025409
vt 0.312888 0.025617
vt 0.307193 0.025617
vt 0.307400 0.025703
vt 0.007050 0.236831
vt 0.007050 0.246443
vt 0.006756 0.246736
vt 0.001269 0.246650
vt 0.007050 0.254680
vt 0.307107 0.001923
vt 0.306374 0.001190
vt 0.306667 0.000897
vt 0.310040 0.000897
vt 0.313414 0.000897
vt 0.313707 0.001190
vt 0.312974 0.001923
vt 0.307193 0.001716
vt 0.312888 0.001716
vt 0.312681 0.001630
vt 0.006190 0.252931
vt 0.007050 0.250857
vt 0.001183 0.250857
vt 0.002042 0.252931
vt 0.007050 0.264067
vt 0.006756 0.264360
vt 0.001268 0.264274
vt 0.307840 0.067707
vt 0.307840 0.059053
vt 0.308134 0.058760
vt 0.313621 0.058846
vt 0.313707 0.082540
vt 0.313414 0.082833
vt 0.307926 0.082747
vt 0.718671 0.558651
vt 0.253813 0.216129
vt 0.255386 0.214535
vt 0.257626 0.214521
vt 0.259234 0.218331
vt 0.712698 0.591044
vt 0.709031 0.582032
vt 0.703163 0.568053
vt 0.709765 0.569175
vt 0.712698 0.585804
vt 0.699497 0.585804
vt 0.702430 0.585804
vt 0.709765 0.585804
vt 0.713431 0.558651
vt 0.712912 0.558436
vt 0.713431 0.545450
vt 0.712697 0.564280
vt 0.709765 0.564280
vt 0.702429 0.564280
vt 0.699497 0.564280
vt 0.698763 0.545450
vt 0.699282 0.545665
vt 0.699282 0.558436
vt 0.204438 0.260102
vt 0.204224 0.260621
vt 0.203705 0.260835
vt 0.191453 0.260621
vt 0.191238 0.246689
vt 0.191453 0.246171
vt 0.191971 0.245956
vt 0.204224 0.246171
vt 0.686818 0.558651
vt 0.686300 0.558436
vt 0.686085 0.557918
vt 0.686300 0.545665
vt 0.725376 0.545450
vt 0.725894 0.545665
vt 0.726109 0.546184
vt 0.725894 0.558436
vt 0.264357 0.329061
vt 0.259228 0.331053
vt 0.259225 0.333282
vt 0.255417 0.334853
vt 0.253846 0.331045
vt 0.711147 0.596590
vt 0.188481 0.267668
vt 0.198843 0.263879
vt 0.198847 0.266109
vt 0.193464 0.266118
vt 0.195034 0.262309
vt 0.717121 0.563074
vt 0.730321 0.596762
vt 0.720787 0.573209
vt 0.726655 0.587188
vt 0.720053 0.586066
vt 0.717121 0.569437
vt 0.730322 0.569437
vt 0.727389 0.569437
vt 0.720054 0.569437
vt 0.716387 0.596590
vt 0.716906 0.596805
vt 0.716387 0.609791
vt 0.717121 0.590961
vt 0.720053 0.590961
vt 0.727389 0.590961
vt 0.730321 0.590961
vt 0.731055 0.609791
vt 0.730536 0.609576
vt 0.730536 0.596805
vt 0.318994 0.330598
vt 0.318780 0.331117
vt 0.318261 0.331331
vt 0.306009 0.331117
vt 0.305794 0.317185
vt 0.306009 0.316667
vt 0.306527 0.316452
vt 0.318780 0.316667
vt 0.743000 0.596590
vt 0.743518 0.596805
vt 0.743733 0.597323
vt 0.743518 0.609576
vt 0.704442 0.609791
vt 0.703924 0.609576
vt 0.703709 0.609057
vt 0.703924 0.596805
vt 0.206066 0.357685
vt 0.193471 0.361479
vt 0.193467 0.359247
vt 0.198855 0.359239
vt 0.197283 0.363051
s 1
usemtl Bogie
f 1418/2569/972 1405/2570/973 1411/2571/974
f 1417/2572/975 1411/2571/974 1410/2573/976
f 1416/2574/977 1410/2575/976 1409/2576/978
f 1420/2577/979 1409/2576/978 1412/2578/980
f 1408/2579/981 1420/2577/979 1412/2578/980
f 1407/2580/982 1415/2581/983 1408/2579/981
f 1406/2582/984 1414/2583/985 1407/2580/982
f 1405/2570/973 1413/2584/986 1406/2582/984
f 1431/2585/987 1429/2586/988 1427/2587/987
f 1432/2588/988 1428/2589/989 1429/2586/988
f 1422/2590/990 1438/2591/991 1436/2592/990
f 1423/2593/991 1437/2594/992 1438/2591/991
f 1440/2595/987 1426/2596/988 1424/2597/987
f 1441/2598/988 1425/2599/989 1426/2596/988
f 1443/2600/990 1435/2601/991 1433/2602/990
f 1444/2603/991 1434/2604/992 1435/2601/991
f 1410/2605/993 1455/2606/994 1452/2607/995
f 1425/2599/989 1437/2594/992 1421/2608/992
f 1428/2589/989 1434/2604/992 1442/2609/992
f 1456/2610/996 1447/2611/997 1463/2612/973
f 1446/2613/998 1450/2614/999 1447/2615/999
f 1455/2606/994 1453/2616/1000 1452/2607/995
f 1435/2617/976 1430/2618/976 1431/2619/976
f 1450/2614/999 1445/2620/1001 1447/2615/999
f 1450/2621/1002 1453/2622/1003 1457/2623/1004
f 1407/2624/1005 1449/2625/1006 1446/2613/998
f 1426/2626/982 1421/2627/982 1422/2628/982
f 1453/2616/1000 1454/2629/1007 1451/2630/1007
f 1467/2631/1008 1459/2632/1009 1457/2633/1008
f 1468/2634/1009 1458/2635/1010 1459/2632/1009
f 1464/2636/1011 1462/2637/1012 1460/2638/1011
f 1465/2639/1012 1461/2640/1013 1462/2637/1012
f 1457/2633/1008 1463/2641/1013 1467/2631/1008
f 1438/2642/976 1439/2643/976 1440/2644/976
f 1429/2645/982 1442/2646/982 1443/2647/982
f 1661/2648/1014 1470/2649/1015 1666/2650/1014
f 1621/2651/987 1619/2652/988 1617/2653/987
f 1613/2654/991 1627/2655/992 1628/2656/991
f 1634/2657/991 1624/2658/992 1625/2659/991
f 1633/2660/990 1625/2659/991 1623/2661/990
f 1630/2662/1016 1616/2663/988 1614/2664/1017
f 1631/2665/1018 1615/2666/989 1616/2663/988
f 1622/2667/988 1618/2668/989 1619/2652/988
f 1475/2669/1019 1645/2670/994 1642/2671/995
f 1471/2672/990 1628/2656/991 1626/2673/990
f 1615/2666/989 1627/2655/992 1472/2674/992
f 1505/2675/1020 1504/2676/1021 1502/2677/1022
f 1507/2678/1023 1503/2679/1024 1504/2676/1021
f 1503/2679/1024 1506/2680/1025 1501/2681/1026
f 1502/2677/1022 1500/2682/1027 1498/2683/1028
f 1504/2676/1021 1499/2684/1029 1500/2682/1027
f 1499/2684/1029 1501/2681/1026 1497/2685/1030
f 1498/2686/1028 1496/2687/1031 1494/2688/1032
f 1500/2689/1027 1495/2690/1033 1496/2687/1031
f 1495/2690/1033 1497/2691/1030 1493/2692/1034
f 1494/2688/1032 1512/2693/1035 1510/2694/1036
f 1496/2687/1031 1511/2695/1037 1512/2693/1035
f 1511/2695/1037 1493/2692/1034 1509/2696/1038
f 1490/2697/1039 1512/2693/1035 1492/2698/1040
f 1492/2698/1040 1511/2695/1037 1491/2699/1041
f 1511/2695/1037 1489/2700/1042 1491/2699/1041
f 1486/2701/1043 1492/2698/1040 1488/2702/1044
f 1488/2702/1044 1491/2699/1041 1487/2703/1045
f 1491/2699/1041 1485/2704/1046 1487/2703/1045
f 1482/2705/1047 1488/2702/1044 1484/2706/1048
f 1484/2706/1048 1487/2703/1045 1483/2707/1049
f 1487/2703/1045 1481/2708/1050 1483/2707/1049
f 1505/2675/1020 1484/2706/1048 1507/2678/1023
f 1507/2678/1023 1483/2707/1049 1508/2709/1051
f 1483/2707/1049 1506/2680/1025 1508/2709/1051
f 1538/2710/1052 1515/2711/1053 1540/2712/1054
f 1515/2711/1053 1539/2713/1055 1540/2712/1054
f 1516/2714/1056 1537/2715/1057 1539/2713/1055
f 1534/2716/1058 1540/2712/1054 1536/2717/1059
f 1540/2712/1054 1535/2718/1060 1536/2717/1059
f 1539/2713/1055 1533/2719/1061 1535/2718/1060
f 1530/2720/1062 1536/2721/1059 1532/2722/1063
f 1536/2721/1059 1531/2723/1064 1532/2722/1063
f 1535/2724/1060 1529/2725/1065 1531/2723/1064
f 1542/2726/1066 1532/2722/1063 1544/2727/1067
f 1532/2722/1063 1543/2728/1068 1544/2727/1067
f 1531/2723/1064 1541/2729/1069 1543/2728/1068
f 1542/2726/1066 1528/2730/1070 1526/2731/1071
f 1528/2730/1070 1543/2728/1068 1527/2732/1072
f 1527/2732/1072 1541/2729/1069 1525/2733/1073
f 1526/2731/1071 1524/2734/1074 1522/2735/1075
f 1524/2734/1074 1527/2732/1072 1523/2736/1076
f 1523/2736/1076 1525/2733/1073 1521/2737/1077
f 1522/2735/1075 1520/2738/1078 1518/2739/1079
f 1520/2738/1078 1523/2736/1076 1519/2740/1080
f 1519/2740/1080 1521/2737/1077 1517/2741/1081
f 1518/2739/1079 1515/2711/1053 1513/2742/1082
f 1515/2711/1053 1519/2740/1080 1516/2714/1056
f 1516/2714/1056 1517/2741/1081 1514/2743/1083
f 1517/2741/1081 1486/2701/1043 1482/2705/1047
f 1514/2743/1083 1482/2705/1047 1505/2675/1020
f 1521/2737/1077 1490/2697/1039 1486/2701/1043
f 1525/2733/1073 1510/2694/1036 1490/2697/1039
f 1494/2688/1032 1533/2744/1061 1498/2686/1028
f 1510/2694/1036 1529/2725/1065 1494/2688/1032
f 1498/2683/1028 1537/2715/1057 1502/2677/1022
f 1502/2677/1022 1514/2743/1083 1505/2675/1020
f 1665/2745/1084 1513/2742/1082 1538/2710/1052
f 1513/2742/1082 1662/2746/1085 1518/2739/1079
f 1518/2739/1079 1663/2747/1086 1522/2735/1075
f 1522/2735/1075 1664/2748/1087 1526/2731/1071
f 1526/2731/1071 1661/2749/1088 1542/2726/1066
f 1469/2750/1089 1534/2751/1058 1530/2720/1062
f 1661/2749/1088 1530/2720/1062 1542/2726/1066
f 1470/2752/1090 1538/2710/1052 1534/2716/1058
f 1546/2753/1091 1547/2754/1091 1545/2755/1091
f 1547/2754/982 1550/2756/982 1549/2757/982
f 1550/2756/1092 1551/2758/1092 1549/2757/1092
f 1552/2759/1093 1553/2760/1093 1551/2758/1093
f 1554/2761/976 1555/2762/976 1553/2763/976
f 1556/2764/1094 1545/2755/1094 1555/2762/1094
f 1481/2708/1050 1557/2765/1095 1506/2680/1025
f 1479/2766/1096 1558/2767/1097 1559/2768/1096
f 1560/2769/1098 1485/2704/1046 1562/2770/1099
f 1561/2771/982 1479/2766/1096 1559/2768/1096
f 1562/2770/1099 1489/2700/1042 1564/2772/1100
f 1477/2773/1101 1561/2771/982 1563/2774/1101
f 1564/2772/1100 1509/2696/1038 1566/2775/1102
f 1565/2776/1103 1477/2773/1101 1563/2774/1101
f 1572/2777/1104 1556/2764/1105 1570/2778/1106
f 1509/2696/1038 1568/2779/1107 1566/2775/1102
f 1567/2780/1108 1473/2781/1109 1565/2776/1103
f 1553/2763/1110 1555/2762/1111 1569/2782/1112
f 1493/2692/1034 1570/2783/976 1568/2779/1107
f 1475/2784/976 1567/2780/1108 1569/2785/1113
f 1567/2786/1114 1553/2787/1110 1569/2788/1112
f 1497/2685/1030 1572/2789/1115 1570/2790/976
f 1474/2791/974 1569/2792/1113 1571/2793/1116
f 1547/2754/1117 1549/2757/1118 1561/2794/1119
f 1561/2794/1119 1559/2795/1120 1547/2754/1117
f 1501/2681/1026 1557/2765/1095 1572/2789/1115
f 1480/2796/1121 1571/2793/1116 1558/2767/1097
f 1545/2755/1122 1559/2797/1123 1558/2798/1124
f 1546/2753/1125 1560/2799/1126 1548/2800/1127
f 1546/2753/1128 1572/2801/1129 1557/2802/1130
f 1554/2803/1131 1568/2804/1132 1570/2805/1106
f 1568/2806/1133 1552/2759/1134 1566/2807/1135
f 1552/2759/1136 1564/2808/1137 1566/2809/1138
f 1548/2800/1139 1560/2810/1140 1562/2811/1141
f 1549/2757/1118 1563/2812/1142 1561/2794/1119
f 1563/2813/1143 1551/2758/1144 1565/2814/1145
f 1551/2758/1146 1567/2815/1147 1565/2816/1148
f 1555/2762/1111 1571/2817/1149 1569/2782/1112
f 1545/2755/1150 1571/2818/1151 1555/2762/1152
f 1556/2764/1105 1554/2761/1131 1570/2778/1106
f 1562/2811/1141 1564/2819/1153 1550/2756/1154
f 1550/2756/1154 1548/2800/1139 1562/2811/1141
s 0
f 1575/2820/1155 1581/2821/1155 1574/2822/1155
f 1575/2823/1156 1580/2824/1156 1576/2825/1156
f 1577/2826/976 1582/2827/976 1580/2824/976
f 1573/2828/1157 1578/2829/1157 1577/2826/1157
f 1575/2820/1158 1577/2826/1158 1579/2830/1158
f 1578/2829/1159 1581/2831/1159 1582/2827/1159
f 1580/2824/1160 1581/2832/1160 1576/2833/1160
f 1584/2834/1161 1586/2835/1161 1585/2836/1161
f 1585/2837/1162 1590/2838/1162 1589/2839/1162
f 1590/2838/982 1588/2840/982 1587/2841/982
f 1588/2840/1163 1583/2842/1163 1587/2841/1163
f 1585/2836/1164 1587/2841/1164 1583/2843/1164
f 1591/2844/1165 1588/2840/1165 1592/2845/1165
f 1590/2838/1166 1591/2846/1166 1592/2845/1166
f 1595/2847/1167 1601/2848/1167 1594/2849/1167
f 1597/2850/976 1602/2851/976 1600/2852/976
f 1593/2853/1168 1598/2854/1168 1597/2850/1168
f 1595/2847/1169 1597/2850/1169 1599/2855/1169
f 1598/2854/1170 1601/2856/1170 1602/2851/1170
f 1600/2852/1171 1601/2857/1171 1596/2858/1171
f 1604/2859/1172 1606/2860/1172 1605/2861/1172
f 1610/2862/982 1608/2863/982 1607/2864/982
f 1608/2863/1173 1603/2865/1173 1607/2864/1173
f 1605/2861/1174 1607/2864/1174 1603/2866/1174
f 1611/2867/1175 1608/2863/1175 1612/2868/1175
f 1610/2862/1176 1611/2869/1176 1612/2868/1176
s 1
f 1618/2668/989 1624/2658/992 1632/2870/992
f 1646/2871/996 1637/2872/997 1653/2873/973
f 1636/2874/998 1640/2875/999 1637/2876/1177
f 1645/2670/994 1643/2877/1000 1642/2671/995
f 1625/2878/976 1620/2879/976 1621/2880/976
f 1640/2875/999 1635/2881/1001 1637/2876/1177
f 1640/2882/1178 1643/2883/1179 1647/2884/1004
f 1478/2885/1180 1639/2886/1006 1636/2874/998
f 1616/2887/982 1472/2888/982 1471/2889/982
f 1643/2877/1000 1644/2890/1007 1641/2891/1007
f 1657/2892/1008 1649/2893/1009 1647/2894/1181
f 1658/2895/1182 1648/2896/1010 1649/2893/1009
f 1654/2897/1011 1652/2898/1183 1650/2899/1011
f 1655/2900/1184 1651/2901/1013 1652/2898/1183
f 1647/2894/1181 1653/2902/1185 1657/2892/1008
f 1628/2903/976 1629/2904/976 1630/2905/1016
f 1619/2906/982 1632/2907/982 1633/2908/982
f 1675/2909/1186 1673/2910/1187 1671/2911/1186
f 1667/2912/1188 1681/2913/1189 1682/2914/1188
f 1688/2915/1188 1678/2916/1189 1679/2917/1188
f 1687/2918/1190 1679/2917/1188 1677/2919/1190
f 1684/2920/1191 1670/2921/1187 1668/2922/1192
f 1685/2923/1193 1669/2924/1194 1670/2921/1187
f 1676/2925/1187 1672/2926/1194 1673/2910/1187
f 1663/2927/1195 1699/2928/1013 1696/2929/1013
f 1659/2930/1190 1682/2914/1188 1680/2931/1190
f 1669/2924/1194 1681/2913/1189 1660/2932/1189
f 1672/2926/1194 1678/2916/1189 1686/2933/1189
f 1700/2934/1196 1691/2935/1197 1707/2936/1198
f 1690/2937/1008 1694/2938/1009 1691/2939/1009
f 1699/2928/1013 1697/2940/1012 1696/2929/1013
f 1679/2941/982 1674/2942/982 1675/2943/982
f 1694/2938/1009 1689/2944/1010 1691/2939/1009
f 1694/2945/1199 1697/2946/1200 1701/2947/1201
f 1470/2948/1202 1693/2949/1008 1690/2937/1008
f 1670/2950/976 1660/2951/976 1659/2952/976
f 1697/2940/1012 1698/2953/1011 1695/2954/1011
f 1711/2955/1203 1703/2956/999 1701/2957/1203
f 1712/2958/999 1702/2959/1001 1703/2956/999
f 1708/2960/1007 1706/2961/1000 1704/2962/1007
f 1709/2963/1000 1705/2964/1204 1706/2961/1000
f 1701/2957/1203 1707/2965/1204 1711/2955/1203
f 1682/2966/982 1683/2967/982 1684/2968/1191
f 1673/2969/976 1686/2970/976 1687/2971/976
f 1718/2972/1014 1713/2973/1014 1723/2974/1014
f 1721/2975/1014 1719/2976/1014 1720/2977/1014
f 1715/2978/1014 1717/2979/1014 1716/2980/1014
f 1727/2981/1205 1725/2982/1206 1726/2983/1206
f 1727/2981/1205 1730/2984/1207 1728/2985/1205
f 1729/2986/1207 1732/2987/1208 1730/2988/1207
f 1733/2989/1209 1732/2987/1208 1731/2990/1208
f 1735/2991/1210 1734/2992/1209 1733/2989/1209
f 1735/2991/1210 1738/2993/1211 1736/2994/1210
f 1737/2995/1211 1740/2996/1212 1738/2993/1211
f 1726/2983/1206 1740/2996/1212 1739/2997/1212
f 1732/2998/1201 1736/2994/1201 1740/2999/1201
f 1747/3000/1186 1743/3001/1187 1749/3002/1187
f 1749/3002/1187 1741/3003/1194 1748/3004/1194
f 1751/3005/1190 1746/3006/1188 1744/3007/1190
f 1752/3008/1188 1745/3009/1189 1746/3006/1188
f 1771/3010/987 1755/3011/988 1773/3012/988
f 1773/3012/988 1753/3013/989 1772/3014/989
f 1774/3015/990 1761/3016/991 1776/3017/991
f 1776/3017/991 1759/3018/1213 1775/3019/992
f 1766/3020/987 1758/3021/988 1756/3022/987
f 1767/3023/988 1757/3024/989 1758/3021/988
f 1769/3025/990 1764/3026/991 1762/3027/990
f 1770/3028/991 1763/3029/992 1764/3026/991
f 1747/3000/1186 1720/3030/1201 1719/3031/1201
f 1745/3009/982 1743/3032/982 1713/2973/982
f 1745/3009/1189 1748/3033/1194 1741/3034/1194
f 1722/3035/1214 1721/3036/1214 1751/3005/1190
f 1750/3037/976 1751/3038/976 1716/2980/976
f 1763/3029/992 1772/3014/989 1753/3013/989
f 1753/3039/976 1754/3040/976 1722/3041/976
f 1759/3042/982 1760/3043/982 1720/2977/982
f 1775/3019/992 1757/3024/989 1765/3044/989
f 1765/3045/976 1766/3046/976 1724/3047/976
f 1768/3048/982 1769/3049/982 1723/2974/982
f 1782/3050/1215 1779/3051/1216 1781/3052/1215
f 1782/3050/1215 1783/3053/1217 1784/3054/1217
f 1784/3054/1217 1785/3055/1218 1786/3056/1218
f 1786/3056/1218 1777/3057/1219 1778/3058/1219
f 1788/3059/1220 1789/3060/1221 1790/3061/1221
f 1792/3062/1222 1789/3063/1221 1791/3064/1222
f 1780/3065/1216 1791/3064/1222 1779/3051/1216
f 1778/3058/1219 1787/3066/1220 1788/3059/1220
f 1739/2997/999 1778/3058/1223 1726/2983/1223
f 1726/2983/1223 1788/3059/1000 1727/2981/1000
f 1789/3067/1224 1777/3068/1224 1783/3053/1224
f 1780/3065/1014 1735/2991/1012 1733/2989/1014
f 1792/3062/1009 1733/2989/1014 1731/2990/1009
f 1782/3050/1012 1737/2995/982 1735/2991/1012
f 1784/3054/982 1739/2997/999 1737/2995/982
f 1788/3059/1000 1729/3069/976 1727/2981/1000
f 1729/2986/976 1792/3062/1009 1731/2990/1009
f 1798/3070/1223 1793/3071/1223 1803/3072/1223
f 1801/3073/1223 1799/3074/1223 1800/3075/1223
f 1795/3076/1223 1797/3077/1223 1796/3078/1223
f 1806/3079/1209 1808/3080/1210 1805/3081/1209
f 1809/3082/1211 1808/3080/1210 1807/3083/1210
f 1809/3082/1211 1812/3084/1212 1810/3085/1211
f 1813/3086/1206 1812/3084/1212 1811/3087/1212
f 1813/3086/1206 1816/3088/1225 1814/3089/1206
f 1817/3090/1207 1816/3088/1225 1815/3091/1225
f 1819/3092/1226 1818/3093/1207 1817/3094/1207
f 1819/3092/1226 1805/3081/1209 1820/3095/1226
f 1812/3084/1201 1816/3096/1201 1820/3097/1201
f 1822/3098/987 1829/3099/988 1827/3100/987
f 1823/3101/988 1828/3102/989 1829/3099/988
f 1831/3103/990 1826/3104/991 1824/3105/990
f 1826/3104/991 1830/3106/992 1825/3107/992
f 1851/3108/1186 1835/3109/1187 1853/3110/1187
f 1853/3110/1187 1833/3111/1194 1852/3112/1194
f 1854/3113/1190 1841/3114/1188 1856/3115/1188
f 1856/3115/1188 1839/3116/1189 1855/3117/1189
f 1846/3118/1186 1838/3119/1187 1836/3120/1186
f 1847/3121/1187 1837/3122/1194 1838/3119/1187
f 1849/3123/1190 1844/3124/1188 1842/3125/1190
f 1850/3126/1188 1843/3127/1189 1844/3124/1188
f 1827/3100/987 1800/3128/1201 1799/3129/1201
f 1825/3107/976 1823/3130/976 1793/3071/976
f 1825/3107/992 1828/3131/989 1821/3132/989
f 1802/3133/1214 1801/3134/1214 1831/3103/990
f 1830/3106/982 1831/3135/982 1796/3078/982
f 1843/3127/1189 1852/3112/1194 1833/3111/1194
f 1833/3136/982 1834/3137/982 1802/3138/982
f 1839/3139/976 1840/3140/976 1800/3075/976
f 1855/3117/1189 1837/3122/1194 1845/3141/1194
f 1845/3142/982 1846/3143/982 1804/3144/982
f 1848/3145/976 1849/3146/976 1803/3072/976
f 1862/3147/1000 1817/3090/976 1815/3091/1000
f 1859/3148/1223 1815/3091/1000 1813/3086/1223
f 1872/3149/999 1813/3086/1223 1811/3087/999
f 1870/3150/982 1811/3087/999 1809/3082/982
f 1867/3151/1012 1809/3082/982 1807/3083/1012
f 1819/3092/1009 1858/3152/1014 1806/3079/1014
f 1858/3152/1014 1807/3083/1012 1806/3079/1014
f 1862/3147/1220 1860/3153/1227 1861/3154/1228
f 1864/3155/1221 1861/3154/1228 1863/3156/1221
f 1864/3157/1221 1865/3158/1229 1866/3159/1229
f 1866/3159/1229 1857/3160/1230 1858/3152/1230
f 1867/3151/1215 1869/3161/1217 1870/3150/1217
f 1872/3149/1231 1869/3161/1217 1871/3162/1231
f 1859/3148/1227 1871/3162/1231 1860/3153/1227
f 1858/3152/1230 1868/3163/1232 1867/3151/1215
f 1869/3161/1233 1857/3164/1233 1863/3165/1233
f 1864/3157/976 1819/3092/1009 1817/3094/976
f 1418/2569/972 1419/3166/1234 1405/2570/973
f 1417/2572/975 1418/2569/972 1411/2571/974
f 1416/2574/977 1417/3167/975 1410/2575/976
f 1420/2577/979 1416/2574/977 1409/2576/978
f 1408/2579/981 1415/2581/983 1420/2577/979
f 1407/2580/982 1414/2583/985 1415/2581/983
f 1406/2582/984 1413/2584/986 1414/2583/985
f 1405/2570/973 1419/3166/1234 1413/2584/986
f 1431/2585/987 1432/2588/988 1429/2586/988
f 1432/2588/988 1430/3168/989 1428/2589/989
f 1422/2590/990 1423/2593/991 1438/2591/991
f 1423/2593/991 1421/2608/992 1437/2594/992
f 1440/2595/987 1441/2598/988 1426/2596/988
f 1441/2598/988 1439/3169/989 1425/2599/989
f 1443/2600/990 1444/2603/991 1435/2601/991
f 1444/2603/991 1442/2609/992 1434/2604/992
f 1411/3170/1235 1405/3171/1236 1455/2606/994
f 1452/2607/995 1412/3172/1237 1409/3173/1238
f 1410/2605/993 1411/3170/1235 1455/2606/994
f 1452/2607/995 1409/3173/1238 1410/2605/993
f 1425/2599/989 1439/3169/989 1437/2594/992
f 1428/2589/989 1430/3168/989 1434/2604/992
f 1464/3174/1233 1443/2600/990 1433/2602/990
f 1433/2602/990 1454/3175/1239 1456/2610/996
f 1456/2610/996 1455/3176/1240 1405/3177/1240
f 1405/3177/1240 1446/3178/1240 1447/2611/997
f 1447/2611/997 1445/3179/1241 1422/2590/990
f 1422/2590/990 1436/2592/990 1466/3180/1224
f 1447/2611/997 1422/2590/990 1466/3180/1224
f 1456/2610/996 1405/3177/1240 1447/2611/997
f 1464/3174/1233 1433/2602/990 1456/2610/996
f 1465/3181/1214 1464/3174/1233 1456/2610/996
f 1447/2611/997 1466/3180/1224 1468/3182/1214
f 1447/2611/997 1468/3182/1214 1467/3183/973
f 1463/2612/973 1465/3181/1214 1456/2610/996
f 1447/2611/997 1467/3183/973 1463/2612/973
f 1446/2613/998 1449/2625/1006 1450/2614/999
f 1455/2606/994 1456/3184/1000 1453/2616/1000
f 1431/2619/976 1451/2630/1007 1454/2629/1007
f 1454/2629/1007 1433/3185/976 1435/2617/976
f 1435/2617/976 1434/3186/976 1430/2618/976
f 1430/2618/976 1432/3187/976 1431/2619/976
f 1431/2619/976 1454/2629/1007 1435/2617/976
f 1450/2614/999 1448/3188/1001 1445/2620/1001
f 1458/3189/1201 1440/2595/987 1424/2597/987
f 1424/2597/987 1448/3190/1242 1450/2621/1002
f 1450/2621/1002 1449/3191/1243 1412/3192/1243
f 1412/3192/1243 1452/3193/1243 1453/2622/1003
f 1453/2622/1003 1451/3194/1244 1431/2585/987
f 1431/2585/987 1427/2587/987 1460/3195/1201
f 1453/2622/1003 1431/2585/987 1460/3195/1201
f 1450/2621/1002 1412/3192/1243 1453/2622/1003
f 1458/3189/1201 1424/2597/987 1450/2621/1002
f 1459/3196/1201 1458/3189/1201 1450/2621/1002
f 1453/2622/1003 1460/3195/1201 1462/3197/1201
f 1453/2622/1003 1462/3197/1201 1461/3198/1004
f 1457/2623/1004 1459/3196/1201 1450/2621/1002
f 1453/2622/1003 1461/3198/1004 1457/2623/1004
f 1408/3199/1245 1412/3200/1237 1449/2625/1006
f 1446/2613/998 1405/3201/1236 1406/3202/1246
f 1407/2624/1005 1408/3199/1245 1449/2625/1006
f 1446/2613/998 1406/3202/1246 1407/2624/1005
f 1422/2628/982 1445/2620/1001 1448/3188/1001
f 1448/3188/1001 1424/3203/982 1426/2626/982
f 1426/2626/982 1425/3204/982 1421/2627/982
f 1421/2627/982 1423/3205/982 1422/2628/982
f 1422/2628/982 1448/3188/1001 1426/2626/982
f 1453/2616/1000 1456/3184/1000 1454/2629/1007
f 1467/2631/1008 1468/2634/1009 1459/2632/1009
f 1468/2634/1009 1466/3206/1010 1458/2635/1010
f 1464/2636/1011 1465/2639/1012 1462/2637/1012
f 1465/2639/1012 1463/2641/1013 1461/2640/1013
f 1457/2633/1008 1461/2640/1013 1463/2641/1013
f 1440/2644/976 1458/2635/1010 1466/3206/1010
f 1466/3206/1010 1436/3207/976 1438/2642/976
f 1438/2642/976 1437/3208/976 1439/2643/976
f 1439/2643/976 1441/3209/976 1440/2644/976
f 1440/2644/976 1466/3206/1010 1438/2642/976
f 1443/2647/982 1464/2636/1011 1460/2638/1011
f 1460/2638/1011 1427/3210/982 1429/2645/982
f 1429/2645/982 1428/3211/982 1442/2646/982
f 1442/2646/982 1444/3212/982 1443/2647/982
f 1443/2647/982 1460/2638/1011 1429/2645/982
f 1666/2650/1014 1662/3213/1247 1663/3214/1247
f 1663/3214/1247 1664/3215/1247 1661/2648/1014
f 1661/2648/1014 1469/3216/1015 1470/2649/1015
f 1470/2649/1015 1665/3217/1015 1666/2650/1014
f 1666/2650/1014 1663/3214/1247 1661/2648/1014
f 1621/2651/987 1622/2667/988 1619/2652/988
f 1613/2654/991 1472/2674/992 1627/2655/992
f 1634/2657/991 1632/2870/992 1624/2658/992
f 1633/2660/990 1634/2657/991 1625/2659/991
f 1630/2662/1016 1631/2665/1018 1616/2663/988
f 1631/2665/1018 1629/3218/989 1615/2666/989
f 1622/2667/988 1620/3219/989 1618/2668/989
f 1474/3220/1248 1480/3221/1249 1645/2670/994
f 1642/2671/995 1473/3222/1250 1476/3223/1251
f 1475/2669/1019 1474/3220/1248 1645/2670/994
f 1642/2671/995 1476/3223/1251 1475/2669/1019
f 1471/2672/990 1613/2654/991 1628/2656/991
f 1615/2666/989 1629/3218/989 1627/2655/992
f 1505/2675/1020 1507/2678/1023 1504/2676/1021
f 1507/2678/1023 1508/2709/1051 1503/2679/1024
f 1503/2679/1024 1508/2709/1051 1506/2680/1025
f 1502/2677/1022 1504/2676/1021 1500/2682/1027
f 1504/2676/1021 1503/2679/1024 1499/2684/1029
f 1499/2684/1029 1503/2679/1024 1501/2681/1026
f 1498/2686/1028 1500/2689/1027 1496/2687/1031
f 1500/2689/1027 1499/3224/1029 1495/2690/1033
f 1495/2690/1033 1499/3224/1029 1497/2691/1030
f 1494/2688/1032 1496/2687/1031 1512/2693/1035
f 1496/2687/1031 1495/2690/1033 1511/2695/1037
f 1511/2695/1037 1495/2690/1033 1493/2692/1034
f 1490/2697/1039 1510/2694/1036 1512/2693/1035
f 1492/2698/1040 1512/2693/1035 1511/2695/1037
f 1511/2695/1037 1509/2696/1038 1489/2700/1042
f 1486/2701/1043 1490/2697/1039 1492/2698/1040
f 1488/2702/1044 1492/2698/1040 1491/2699/1041
f 1491/2699/1041 1489/2700/1042 1485/2704/1046
f 1482/2705/1047 1486/2701/1043 1488/2702/1044
f 1484/2706/1048 1488/2702/1044 1487/2703/1045
f 1487/2703/1045 1485/2704/1046 1481/2708/1050
f 1505/2675/1020 1482/2705/1047 1484/2706/1048
f 1507/2678/1023 1484/2706/1048 1483/2707/1049
f 1483/2707/1049 1481/2708/1050 1506/2680/1025
f 1538/2710/1052 1513/2742/1082 1515/2711/1053
f 1515/2711/1053 1516/2714/1056 1539/2713/1055
f 1516/2714/1056 1514/2743/1083 1537/2715/1057
f 1534/2716/1058 1538/2710/1052 1540/2712/1054
f 1540/2712/1054 1539/2713/1055 1535/2718/1060
f 1539/2713/1055 1537/2715/1057 1533/2719/1061
f 1530/2720/1062 1534/2751/1058 1536/2721/1059
f 1536/2721/1059 1535/2724/1060 1531/2723/1064
f 1535/2724/1060 1533/2744/1061 1529/2725/1065
f 1542/2726/1066 1530/2720/1062 1532/2722/1063
f 1532/2722/1063 1531/2723/1064 1543/2728/1068
f 1531/2723/1064 1529/2725/1065 1541/2729/1069
f 1542/2726/1066 1544/2727/1067 1528/2730/1070
f 1528/2730/1070 1544/2727/1067 1543/2728/1068
f 1527/2732/1072 1543/2728/1068 1541/2729/1069
f 1526/2731/1071 1528/2730/1070 1524/2734/1074
f 1524/2734/1074 1528/2730/1070 1527/2732/1072
f 1523/2736/1076 1527/2732/1072 1525/2733/1073
f 1522/2735/1075 1524/2734/1074 1520/2738/1078
f 1520/2738/1078 1524/2734/1074 1523/2736/1076
f 1519/2740/1080 1523/2736/1076 1521/2737/1077
f 1518/2739/1079 1520/2738/1078 1515/2711/1053
f 1515/2711/1053 1520/2738/1078 1519/2740/1080
f 1516/2714/1056 1519/2740/1080 1517/2741/1081
f 1517/2741/1081 1521/2737/1077 1486/2701/1043
f 1514/2743/1083 1517/2741/1081 1482/2705/1047
f 1521/2737/1077 1525/2733/1073 1490/2697/1039
f 1525/2733/1073 1541/2729/1069 1510/2694/1036
f 1494/2688/1032 1529/2725/1065 1533/2744/1061
f 1510/2694/1036 1541/2729/1069 1529/2725/1065
f 1498/2683/1028 1533/2719/1061 1537/2715/1057
f 1502/2677/1022 1537/2715/1057 1514/2743/1083
f 1665/2745/1084 1666/3225/1252 1513/2742/1082
f 1513/2742/1082 1666/3225/1252 1662/2746/1085
f 1518/2739/1079 1662/2746/1085 1663/2747/1086
f 1522/2735/1075 1663/2747/1086 1664/2748/1087
f 1526/2731/1071 1664/2748/1087 1661/2749/1088
f 1469/2750/1089 1470/3226/1090 1534/2751/1058
f 1661/2749/1088 1469/2750/1089 1530/2720/1062
f 1470/2752/1090 1665/2745/1084 1538/2710/1052
f 1546/2753/1091 1548/2800/1091 1547/2754/1091
f 1547/2754/982 1548/2800/982 1550/2756/982
f 1550/2756/1092 1552/2759/1092 1551/2758/1092
f 1552/2759/1093 1554/3227/1093 1553/2760/1093
f 1554/2761/976 1556/2764/976 1555/2762/976
f 1556/2764/1094 1546/2753/1094 1545/2755/1094
f 1481/2708/1050 1560/2769/1098 1557/2765/1095
f 1479/2766/1096 1480/2796/1121 1558/2767/1097
f 1560/2769/1098 1481/2708/1050 1485/2704/1046
f 1561/2771/982 1478/3228/982 1479/2766/1096
f 1562/2770/1099 1485/2704/1046 1489/2700/1042
f 1477/2773/1101 1478/3228/982 1561/2771/982
f 1564/2772/1100 1489/2700/1042 1509/2696/1038
f 1565/2776/1103 1473/2781/1109 1477/2773/1101
f 1509/2696/1038 1493/2692/1034 1568/2779/1107
f 1567/2780/1108 1476/3229/978 1473/2781/1109
f 1493/2692/1034 1497/2691/1030 1570/2783/976
f 1475/2784/976 1476/3229/978 1567/2780/1108
f 1497/2685/1030 1501/2681/1026 1572/2789/1115
f 1474/2791/974 1475/3230/976 1569/2792/1113
f 1501/2681/1026 1506/2680/1025 1557/2765/1095
f 1480/2796/1121 1474/2791/974 1571/2793/1116
f 1545/2755/1122 1547/2754/1253 1559/2797/1123
f 1546/2753/1125 1557/3231/1254 1560/2799/1126
f 1546/2753/1128 1556/2764/1255 1572/2801/1129
f 1568/2806/1133 1554/3227/1256 1552/2759/1134
f 1552/2759/1136 1550/2756/1257 1564/2808/1137
f 1563/2813/1143 1549/2757/1258 1551/2758/1144
f 1551/2758/1146 1553/2760/1259 1567/2815/1147
f 1545/2755/1150 1558/3232/1260 1571/2818/1151
s 0
f 1574/2822/1261 1573/3233/1261 1575/2820/1261
f 1575/2820/1262 1576/3234/1262 1581/2821/1262
f 1575/2823/1263 1579/2830/1263 1580/2824/1263
f 1580/2824/976 1579/2830/976 1577/2826/976
f 1577/2826/976 1578/2829/976 1582/2827/976
f 1573/2828/1264 1574/3235/1264 1578/2829/1264
f 1575/2820/1265 1573/3233/1265 1577/2826/1265
f 1578/2829/1266 1574/3236/1266 1581/2831/1266
f 1580/2824/1160 1582/2827/1160 1581/2832/1160
f 1585/2836/1267 1583/2843/1267 1584/2834/1267
f 1584/2834/976 1591/3237/976 1586/2835/976
f 1585/2837/1268 1586/3238/1268 1590/2838/1268
f 1587/2841/982 1589/2839/982 1590/2838/982
f 1590/2838/982 1592/2845/982 1588/2840/982
f 1588/2840/1269 1584/3239/1269 1583/2842/1269
f 1585/2836/1270 1589/2839/1270 1587/2841/1270
f 1591/2844/1271 1584/3240/1271 1588/2840/1271
f 1590/2838/1166 1586/3241/1166 1591/2846/1166
f 1594/2849/1272 1593/3242/1272 1595/2847/1272
f 1595/2847/1273 1596/3243/1273 1601/2848/1273
f 1600/2852/976 1599/2855/976 1597/2850/976
f 1597/2850/976 1598/2854/976 1602/2851/976
f 1593/2853/1274 1594/3244/1274 1598/2854/1274
f 1595/2847/1275 1593/3242/1275 1597/2850/1275
f 1598/2854/1276 1594/3245/1276 1601/2856/1276
f 1600/2852/1171 1602/2851/1171 1601/2857/1171
f 1605/2861/1277 1603/2866/1277 1604/2859/1277
f 1604/2859/976 1611/3246/976 1606/2860/976
f 1607/2864/982 1609/3247/982 1610/2862/982
f 1610/2862/982 1612/2868/982 1608/2863/982
f 1608/2863/1278 1604/3248/1278 1603/2865/1278
f 1605/2861/1279 1609/3247/1279 1607/2864/1279
f 1611/2867/1280 1604/3249/1280 1608/2863/1280
f 1610/2862/1176 1606/3250/1176 1611/2869/1176
s 1
f 1618/2668/989 1620/3219/989 1624/2658/992
f 1654/3251/1233 1633/2660/990 1623/2661/990
f 1623/2661/990 1644/3252/1239 1646/2871/996
f 1646/2871/996 1645/3253/1281 1480/3254/1234
f 1480/3254/1234 1636/3255/1240 1637/2872/997
f 1637/2872/997 1635/3256/1241 1471/2672/990
f 1471/2672/990 1626/2673/990 1656/3257/1224
f 1637/2872/997 1471/2672/990 1656/3257/1224
f 1646/2871/996 1480/3254/1234 1637/2872/997
f 1654/3251/1233 1623/2661/990 1646/2871/996
f 1655/3258/1214 1654/3251/1233 1646/2871/996
f 1637/2872/997 1656/3257/1224 1658/3259/1214
f 1637/2872/997 1658/3259/1214 1657/3260/973
f 1653/2873/973 1655/3258/1214 1646/2871/996
f 1637/2872/997 1657/3260/973 1653/2873/973
f 1636/2874/998 1639/2886/1006 1640/2875/999
f 1645/2670/994 1646/3261/1282 1643/2877/1000
f 1621/2880/976 1641/2891/1007 1644/2890/1007
f 1644/2890/1007 1623/3262/976 1625/2878/976
f 1625/2878/976 1624/3263/976 1620/2879/976
f 1620/2879/976 1622/3264/976 1621/2880/976
f 1621/2880/976 1644/2890/1007 1625/2878/976
f 1640/2875/999 1638/3265/1001 1635/2881/1001
f 1648/3266/1201 1630/2662/1201 1614/2664/1201
f 1614/2664/1201 1638/3267/1242 1640/2882/1178
f 1640/2882/1178 1639/3268/1283 1473/3269/1004
f 1473/3269/1004 1642/3270/1243 1643/2883/1179
f 1643/2883/1179 1641/3271/1244 1621/2651/987
f 1621/2651/987 1617/2653/987 1650/3272/1201
f 1643/2883/1179 1621/2651/987 1650/3272/1201
f 1640/2882/1178 1473/3269/1004 1643/2883/1179
f 1648/3266/1201 1614/2664/1201 1640/2882/1178
f 1649/3273/1201 1648/3266/1201 1640/2882/1178
f 1643/2883/1179 1650/3272/1201 1652/3274/1201
f 1643/2883/1179 1652/3274/1201 1651/3275/1004
f 1647/2884/1004 1649/3273/1201 1640/2882/1178
f 1643/2883/1179 1651/3275/1004 1647/2884/1004
f 1477/3276/1284 1473/3277/1250 1639/2886/1006
f 1636/2874/998 1480/3278/1249 1479/3279/1285
f 1478/2885/1180 1477/3276/1284 1639/2886/1006
f 1636/2874/998 1479/3279/1285 1478/2885/1180
f 1471/2889/982 1635/2881/1001 1638/3265/1001
f 1638/3265/1001 1614/3280/982 1616/2887/982
f 1616/2887/982 1615/3281/982 1472/2888/982
f 1472/2888/982 1613/3282/982 1471/2889/982
f 1471/2889/982 1638/3265/1001 1616/2887/982
f 1643/2877/1000 1646/3261/1282 1644/2890/1007
f 1657/2892/1008 1658/2895/1182 1649/2893/1009
f 1658/2895/1182 1656/3283/1010 1648/2896/1010
f 1654/2897/1011 1655/2900/1184 1652/2898/1183
f 1655/2900/1184 1653/2902/1185 1651/2901/1013
f 1647/2894/1181 1651/2901/1013 1653/2902/1185
f 1630/2905/1016 1648/2896/1010 1656/3283/1010
f 1656/3283/1010 1626/3284/976 1628/2903/976
f 1628/2903/976 1627/3285/976 1629/2904/976
f 1629/2904/976 1631/3286/1018 1630/2905/1016
f 1630/2905/1016 1656/3283/1010 1628/2903/976
f 1633/2908/982 1654/2897/1011 1650/2899/1011
f 1650/2899/1011 1617/3287/982 1619/2906/982
f 1619/2906/982 1618/3288/982 1632/2907/982
f 1632/2907/982 1634/3289/982 1633/2908/982
f 1633/2908/982 1650/2899/1011 1619/2906/982
f 1675/2909/1186 1676/2925/1187 1673/2910/1187
f 1667/2912/1188 1660/2932/1189 1681/2913/1189
f 1688/2915/1188 1686/2933/1189 1678/2916/1189
f 1687/2918/1190 1688/2915/1188 1679/2917/1188
f 1684/2920/1191 1685/2923/1193 1670/2921/1187
f 1685/2923/1193 1683/3290/1194 1669/2924/1194
f 1676/2925/1187 1674/3291/1194 1672/2926/1194
f 1662/3292/1286 1666/3293/1287 1699/2928/1013
f 1696/2929/1013 1661/3294/1288 1664/3295/1289
f 1663/2927/1195 1662/3292/1286 1699/2928/1013
f 1696/2929/1013 1664/3295/1289 1663/2927/1195
f 1659/2930/1190 1667/2912/1188 1682/2914/1188
f 1669/2924/1194 1683/3290/1194 1681/2913/1189
f 1672/2926/1194 1674/3291/1194 1678/2916/1189
f 1708/3296/1224 1687/2918/1190 1677/2919/1190
f 1677/2919/1190 1698/3297/1241 1700/2934/1196
f 1700/2934/1196 1699/3298/1290 1666/3299/1291
f 1666/3299/1291 1690/3300/1290 1691/2935/1197
f 1691/2935/1197 1689/3301/1239 1659/2930/1190
f 1659/2930/1190 1680/2931/1190 1710/3302/1233
f 1691/2935/1197 1659/2930/1190 1710/3302/1233
f 1700/2934/1196 1666/3299/1291 1691/2935/1197
f 1708/3296/1224 1677/2919/1190 1700/2934/1196
f 1709/3303/1214 1708/3296/1224 1700/2934/1196
f 1691/2935/1197 1710/3302/1233 1712/3304/1214
f 1691/2935/1197 1712/3304/1214 1711/3305/1198
f 1707/2936/1198 1709/3303/1214 1700/2934/1196
f 1691/2935/1197 1711/3305/1198 1707/2936/1198
f 1690/2937/1008 1693/2949/1008 1694/2938/1009
f 1699/2928/1013 1700/3306/1012 1697/2940/1012
f 1675/2943/982 1695/2954/1011 1698/2953/1011
f 1698/2953/1011 1677/3307/982 1679/2941/982
f 1679/2941/982 1678/3308/982 1674/2942/982
f 1674/2942/982 1676/3309/982 1675/2943/982
f 1675/2943/982 1698/2953/1011 1679/2941/982
f 1694/2938/1009 1692/3310/1010 1689/2944/1010
f 1702/3311/1201 1684/2920/1201 1668/2922/1201
f 1668/2922/1201 1692/3312/1244 1694/2945/1199
f 1694/2945/1199 1693/3313/1292 1661/3314/980
f 1661/3314/980 1696/3315/1292 1697/2946/1200
f 1697/2946/1200 1695/3316/1242 1675/2909/1186
f 1675/2909/1186 1671/2911/1186 1704/3317/1201
f 1697/2946/1200 1675/2909/1186 1704/3317/1201
f 1694/2945/1199 1661/3314/980 1697/2946/1200
f 1702/3311/1201 1668/2922/1201 1694/2945/1199
f 1703/3318/1201 1702/3311/1201 1694/2945/1199
f 1697/2946/1200 1704/3317/1201 1706/3319/1201
f 1697/2946/1200 1706/3319/1201 1705/3320/979
f 1701/2947/1201 1703/3318/1201 1694/2945/1199
f 1697/2946/1200 1705/3320/979 1701/2947/1201
f 1469/3321/1289 1661/3322/1288 1693/2949/1008
f 1690/2937/1008 1666/3323/1287 1665/3324/1286
f 1470/2948/1202 1469/3321/1289 1693/2949/1008
f 1690/2937/1008 1665/3324/1286 1470/2948/1202
f 1659/2952/976 1689/2944/1010 1692/3310/1010
f 1692/3310/1010 1668/3325/976 1670/2950/976
f 1670/2950/976 1669/3326/976 1660/2951/976
f 1660/2951/976 1667/3327/976 1659/2952/976
f 1659/2952/976 1692/3310/1010 1670/2950/976
f 1697/2940/1012 1700/3306/1012 1698/2953/1011
f 1711/2955/1203 1712/2958/999 1703/2956/999
f 1712/2958/999 1710/3328/1001 1702/2959/1001
f 1708/2960/1007 1709/2963/1000 1706/2961/1000
f 1709/2963/1000 1707/2965/1204 1705/2964/1204
f 1701/2957/1203 1705/2964/1204 1707/2965/1204
f 1684/2968/1191 1702/2959/1001 1710/3328/1001
f 1710/3328/1001 1680/3329/982 1682/2966/982
f 1682/2966/982 1681/3330/982 1683/2967/982
f 1683/2967/982 1685/3331/1193 1684/2968/1191
f 1684/2968/1191 1710/3328/1001 1682/2966/982
f 1687/2971/976 1708/2960/1007 1704/2962/1007
f 1704/2962/1007 1671/3332/976 1673/2969/976
f 1673/2969/976 1672/3333/976 1686/2970/976
f 1686/2970/976 1688/3334/976 1687/2971/976
f 1687/2971/976 1704/2962/1007 1673/2969/976
f 1718/2972/1014 1714/3335/1014 1713/2973/1014
f 1721/2975/1014 1722/3041/1014 1719/2976/1014
f 1715/2978/1014 1724/3047/1014 1717/2979/1014
f 1727/2981/1205 1728/2985/1205 1725/2982/1206
f 1727/2981/1205 1729/3069/1207 1730/2984/1207
f 1729/2986/1207 1731/2990/1208 1732/2987/1208
f 1733/2989/1209 1734/2992/1209 1732/2987/1208
f 1735/2991/1210 1736/2994/1210 1734/2992/1209
f 1735/2991/1210 1737/2995/1211 1738/2993/1211
f 1737/2995/1211 1739/2997/1212 1740/2996/1212
f 1726/2983/1206 1725/2982/1206 1740/2996/1212
f 1740/2999/1201 1725/3336/1201 1728/3337/1201
f 1728/3337/1201 1730/3338/1201 1732/2998/1201
f 1732/2998/1201 1734/3339/1201 1736/2994/1201
f 1736/2994/1201 1738/2993/1201 1740/2999/1201
f 1740/2999/1201 1728/3337/1201 1732/2998/1201
f 1747/3000/1186 1742/3340/1186 1743/3001/1187
f 1749/3002/1187 1743/3001/1187 1741/3003/1194
f 1751/3005/1190 1752/3008/1188 1746/3006/1188
f 1752/3008/1188 1750/3037/1189 1745/3009/1189
f 1771/3010/987 1754/3341/987 1755/3011/988
f 1773/3012/988 1755/3011/988 1753/3013/989
f 1774/3015/990 1760/3342/990 1761/3016/991
f 1776/3017/991 1761/3016/991 1759/3018/1213
f 1766/3020/987 1767/3023/988 1758/3021/988
f 1767/3023/988 1765/3044/989 1757/3024/989
f 1769/3025/990 1770/3028/991 1764/3026/991
f 1770/3028/991 1768/3343/992 1763/3029/992
f 1713/3344/1201 1742/3340/1186 1747/3000/1186
f 1747/3000/1186 1716/3345/1201 1717/3346/1201
f 1717/3346/1201 1766/3020/987 1756/3022/987
f 1717/3346/1201 1756/3022/987 1720/3030/1201
f 1723/3347/1201 1713/3344/1201 1747/3000/1186
f 1754/3341/987 1771/3010/987 1723/3347/1201
f 1719/3031/1201 1754/3341/987 1723/3347/1201
f 1747/3000/1186 1717/3346/1201 1720/3030/1201
f 1719/3031/1201 1723/3347/1201 1747/3000/1186
f 1713/2973/982 1714/3335/982 1744/3348/982
f 1744/3348/982 1746/3349/982 1745/3009/982
f 1745/3009/982 1741/3034/982 1743/3032/982
f 1743/3032/982 1742/3350/982 1713/2973/982
f 1713/2973/982 1744/3348/982 1745/3009/982
f 1745/3009/1189 1750/3037/1189 1748/3033/1194
f 1751/3005/1190 1744/3007/1190 1714/3351/1214
f 1718/3352/1214 1769/3025/990 1762/3027/990
f 1751/3005/1190 1714/3351/1214 1718/3352/1214
f 1724/3353/1214 1715/3354/1214 1751/3005/1190
f 1760/3342/990 1774/3015/990 1724/3353/1214
f 1721/3036/1214 1760/3342/990 1724/3353/1214
f 1718/3352/1214 1762/3027/990 1722/3035/1214
f 1721/3036/1214 1724/3353/1214 1751/3005/1190
f 1751/3005/1190 1718/3352/1214 1722/3035/1214
f 1716/2980/976 1747/3355/976 1749/3356/976
f 1749/3356/976 1748/3033/976 1750/3037/976
f 1750/3037/976 1752/3357/976 1751/3038/976
f 1751/3038/976 1715/2978/976 1716/2980/976
f 1716/2980/976 1749/3356/976 1750/3037/976
f 1763/3029/992 1768/3343/992 1772/3014/989
f 1722/3041/976 1762/3358/976 1764/3359/976
f 1764/3359/976 1763/3360/976 1753/3039/976
f 1753/3039/976 1755/3361/976 1754/3040/976
f 1754/3040/976 1719/2976/976 1722/3041/976
f 1722/3041/976 1764/3359/976 1753/3039/976
f 1720/2977/982 1756/3362/982 1758/3363/982
f 1758/3363/982 1757/3364/982 1759/3042/982
f 1759/3042/982 1761/3365/982 1760/3043/982
f 1760/3043/982 1721/2975/982 1720/2977/982
f 1720/2977/982 1758/3363/982 1759/3042/982
f 1775/3019/992 1759/3018/1213 1757/3024/989
f 1724/3047/976 1774/3366/976 1776/3367/976
f 1776/3367/976 1775/3368/976 1765/3045/976
f 1765/3045/976 1767/3369/976 1766/3046/976
f 1766/3046/976 1717/2979/976 1724/3047/976
f 1724/3047/976 1776/3367/976 1765/3045/976
f 1723/2974/982 1771/3370/982 1773/3371/982
f 1773/3371/982 1772/3372/982 1768/3048/982
f 1768/3048/982 1770/3373/982 1769/3049/982
f 1769/3049/982 1718/2972/982 1723/2974/982
f 1723/2974/982 1773/3371/982 1768/3048/982
f 1782/3050/1215 1780/3065/1216 1779/3051/1216
f 1782/3050/1215 1781/3052/1215 1783/3053/1217
f 1784/3054/1217 1783/3053/1217 1785/3055/1218
f 1786/3056/1218 1785/3055/1218 1777/3057/1219
f 1788/3059/1220 1787/3066/1220 1789/3060/1221
f 1792/3062/1222 1790/3374/1221 1789/3063/1221
f 1780/3065/1216 1792/3062/1222 1791/3064/1222
f 1778/3058/1219 1777/3057/1219 1787/3066/1220
f 1739/2997/999 1786/3056/999 1778/3058/1223
f 1726/2983/1223 1778/3058/1223 1788/3059/1000
f 1783/3053/1224 1781/3052/1224 1779/3375/1224
f 1779/3375/1224 1791/3376/1293 1789/3067/1224
f 1789/3067/1224 1787/3377/1224 1777/3068/1224
f 1777/3068/1224 1785/3378/1293 1783/3053/1224
f 1783/3053/1224 1779/3375/1224 1789/3067/1224
f 1780/3065/1014 1782/3050/1012 1735/2991/1012
f 1792/3062/1009 1780/3065/1014 1733/2989/1014
f 1782/3050/1012 1784/3054/982 1737/2995/982
f 1784/3054/982 1786/3056/999 1739/2997/999
f 1788/3059/1000 1790/3061/976 1729/3069/976
f 1729/2986/976 1790/3374/976 1792/3062/1009
f 1798/3070/1223 1794/3379/1223 1793/3071/1223
f 1801/3073/1223 1802/3138/1223 1799/3074/1223
f 1795/3076/1223 1804/3144/1223 1797/3077/1223
f 1806/3079/1209 1807/3083/1210 1808/3080/1210
f 1809/3082/1211 1810/3085/1211 1808/3080/1210
f 1809/3082/1211 1811/3087/1212 1812/3084/1212
f 1813/3086/1206 1814/3089/1206 1812/3084/1212
f 1813/3086/1206 1815/3091/1225 1816/3088/1225
f 1817/3090/1207 1818/3380/1207 1816/3088/1225
f 1819/3092/1226 1820/3095/1226 1818/3093/1207
f 1819/3092/1226 1806/3079/1209 1805/3081/1209
f 1820/3097/1201 1805/3381/1201 1808/3382/1201
f 1808/3382/1201 1810/3085/1201 1812/3084/1201
f 1812/3084/1201 1814/3383/1201 1816/3096/1201
f 1816/3096/1201 1818/3384/1201 1820/3097/1201
f 1820/3097/1201 1808/3382/1201 1812/3084/1201
f 1822/3098/987 1823/3101/988 1829/3099/988
f 1823/3101/988 1821/3385/989 1828/3102/989
f 1831/3103/990 1832/3386/991 1826/3104/991
f 1826/3104/991 1832/3386/991 1830/3106/992
f 1851/3108/1186 1834/3387/1186 1835/3109/1187
f 1853/3110/1187 1835/3109/1187 1833/3111/1194
f 1854/3113/1190 1840/3388/1190 1841/3114/1188
f 1856/3115/1188 1841/3114/1188 1839/3116/1189
f 1846/3118/1186 1847/3121/1187 1838/3119/1187
f 1847/3121/1187 1845/3141/1194 1837/3122/1194
f 1849/3123/1190 1850/3126/1188 1844/3124/1188
f 1850/3126/1188 1848/3389/1189 1843/3127/1189
f 1793/3390/1201 1822/3098/987 1827/3100/987
f 1827/3100/987 1796/3391/1201 1797/3392/1201
f 1797/3392/1201 1846/3118/1186 1836/3120/1186
f 1797/3392/1201 1836/3120/1186 1800/3128/1201
f 1803/3393/1201 1793/3390/1201 1827/3100/987
f 1834/3387/1186 1851/3108/1186 1803/3393/1201
f 1799/3129/1201 1834/3387/1186 1803/3393/1201
f 1827/3100/987 1797/3392/1201 1800/3128/1201
f 1799/3129/1201 1803/3393/1201 1827/3100/987
f 1793/3071/976 1794/3379/976 1824/3394/976
f 1824/3394/976 1826/3395/976 1825/3107/976
f 1825/3107/976 1821/3132/976 1823/3130/976
f 1823/3130/976 1822/3396/976 1793/3071/976
f 1793/3071/976 1824/3394/976 1825/3107/976
f 1825/3107/992 1830/3106/992 1828/3131/989
f 1831/3103/990 1824/3105/990 1794/3397/1214
f 1798/3398/1214 1849/3123/1190 1842/3125/1190
f 1831/3103/990 1794/3397/1214 1798/3398/1214
f 1804/3399/1214 1795/3400/1214 1831/3103/990
f 1840/3388/1190 1854/3113/1190 1804/3399/1214
f 1801/3134/1214 1840/3388/1190 1804/3399/1214
f 1798/3398/1214 1842/3125/1190 1802/3133/1214
f 1801/3134/1214 1804/3399/1214 1831/3103/990
f 1831/3103/990 1798/3398/1214 1802/3133/1214
f 1796/3078/982 1827/3401/982 1829/3402/982
f 1829/3402/982 1828/3131/982 1830/3106/982
f 1830/3106/982 1832/3403/982 1831/3135/982
f 1831/3135/982 1795/3076/982 1796/3078/982
f 1796/3078/982 1829/3402/982 1830/3106/982
f 1843/3127/1189 1848/3389/1189 1852/3112/1194
f 1802/3138/982 1842/3404/982 1844/3405/982
f 1844/3405/982 1843/3406/982 1833/3136/982
f 1833/3136/982 1835/3407/982 1834/3137/982
f 1834/3137/982 1799/3074/982 1802/3138/982
f 1802/3138/982 1844/3405/982 1833/3136/982
f 1800/3075/976 1836/3408/976 1838/3409/976
f 1838/3409/976 1837/3410/976 1839/3139/976
f 1839/3139/976 1841/3411/976 1840/3140/976
f 1840/3140/976 1801/3073/976 1800/3075/976
f 1800/3075/976 1838/3409/976 1839/3139/976
f 1855/3117/1189 1839/3116/1189 1837/3122/1194
f 1804/3144/982 1854/3412/982 1856/3413/982
f 1856/3413/982 1855/3414/982 1845/3142/982
f 1845/3142/982 1847/3415/982 1846/3143/982
f 1846/3143/982 1797/3077/982 1804/3144/982
f 1804/3144/982 1856/3413/982 1845/3142/982
f 1803/3072/976 1851/3416/976 1853/3417/976
f 1853/3417/976 1852/3418/976 1848/3145/976
f 1848/3145/976 1850/3419/976 1849/3146/976
f 1849/3146/976 1798/3070/976 1803/3072/976
f 1803/3072/976 1853/3417/976 1848/3145/976
f 1862/3147/1000 1864/3155/976 1817/3090/976
f 1859/3148/1223 1862/3147/1000 1815/3091/1000
f 1872/3149/999 1859/3148/1223 1813/3086/1223
f 1870/3150/982 1872/3149/999 1811/3087/999
f 1867/3151/1012 1870/3150/982 1809/3082/982
f 1819/3092/1009 1866/3159/1009 1858/3152/1014
f 1858/3152/1014 1867/3151/1012 1807/3083/1012
f 1862/3147/1220 1859/3148/1227 1860/3153/1227
f 1864/3155/1221 1862/3147/1220 1861/3154/1228
f 1864/3157/1221 1863/3420/1221 1865/3158/1229
f 1866/3159/1229 1865/3158/1229 1857/3160/1230
f 1867/3151/1215 1868/3163/1232 1869/3161/1217
f 1872/3149/1231 1870/3150/1217 1869/3161/1217
f 1859/3148/1227 1872/3149/1231 1871/3162/1231
f 1858/3152/1230 1857/3160/1230 1868/3163/1232
f 1863/3165/1233 1861/3421/1233 1860/3422/1233
f 1860/3422/1233 1871/3162/1294 1869/3161/1233
f 1869/3161/1233 1868/3423/1233 1857/3164/1233
f 1857/3164/1233 1865/3424/1294 1863/3165/1233
f 1863/3165/1233 1860/3422/1233 1869/3161/1233
f 1864/3157/976 1866/3159/1009 1819/3092/1009
