# Blender 5.0.1
# www.blender.org
mtllib throttle.mtl
o ThrottleExport
g throttle
v 0.000000 0.013958 0.030000
v 0.021213 -0.025000 -0.021213
v 0.027716 -0.025000 -0.011481
v 0.030000 -0.025000 0.000000
v 0.027716 -0.025000 0.011481
v 0.021213 -0.025000 0.021213
v 0.011481 -0.025000 0.027716
v 0.000000 -0.025000 0.030000
v -0.011481 -0.025000 0.027716
v -0.021213 -0.025000 0.021213
v -0.027716 -0.025000 0.011481
v -0.030000 -0.025000 0.000000
v -0.027716 -0.025000 -0.011481
v -0.021213 -0.025000 -0.021213
v 0.030000 0.013958 0.000000
v -0.030000 0.013958 0.000000
v 0.000000 -0.020741 -0.030000
v 0.011481 -0.020741 -0.027716
v 0.021213 -0.020741 -0.021213
v -0.021213 -0.020741 -0.021213
v -0.011481 -0.020741 -0.027716
v 0.000000 -0.025000 -0.085295
v 0.000000 -0.020741 -0.085295
v 0.160000 0.025000 0.000000
v 0.159239 0.028827 0.000000
v 0.157071 0.032071 0.000000
v 0.153827 0.034239 0.000000
v 0.150000 0.035000 0.000000
v 0.146173 0.034239 0.000000
v 0.142929 0.032071 0.000000
v 0.140761 0.028827 0.000000
v 0.140000 0.025000 0.000000
v 0.140761 0.021173 0.000000
v 0.142929 0.017929 0.000000
v 0.146173 0.015761 0.000000
v 0.150000 0.015000 0.000000
v 0.153827 0.015761 0.000000
v 0.157071 0.017929 0.000000
v 0.159239 0.021173 0.000000
v 0.156926 0.025000 -0.031214
v 0.156179 0.028827 -0.031066
v 0.154053 0.032071 -0.030643
v 0.150871 0.034239 -0.030010
v 0.147118 0.035000 -0.029264
v 0.143364 0.034239 -0.028517
v 0.140182 0.032071 -0.027884
v 0.138056 0.028827 -0.027461
v 0.137310 0.025000 -0.027313
v 0.138056 0.021173 -0.027461
v 0.140182 0.017929 -0.027884
v 0.143364 0.015761 -0.028517
v 0.147118 0.015000 -0.029264
v 0.150871 0.015761 -0.030010
v 0.154053 0.017929 -0.030643
v 0.156179 0.021173 -0.031066
v 0.147821 0.025000 -0.061229
v 0.147117 0.028827 -0.060938
v 0.145115 0.032071 -0.060108
v 0.142117 0.034239 -0.058867
v 0.138582 0.035000 -0.057403
v 0.135046 0.034239 -0.055938
v 0.132049 0.032071 -0.054697
v 0.130046 0.028827 -0.053867
v 0.129343 0.025000 -0.053576
v 0.130046 0.021173 -0.053867
v 0.132049 0.017929 -0.054697
v 0.135046 0.015761 -0.055938
v 0.138582 0.015000 -0.057403
v 0.142117 0.015761 -0.058867
v 0.145115 0.017929 -0.060108
v 0.147117 0.021173 -0.060938
v 0.133035 0.025000 -0.088891
v 0.132402 0.028827 -0.088468
v 0.130600 0.032071 -0.087264
v 0.127902 0.034239 -0.085462
v 0.124720 0.035000 -0.083336
v 0.121538 0.034239 -0.081209
v 0.118841 0.032071 -0.079407
v 0.117039 0.028827 -0.078203
v 0.116406 0.025000 -0.077780
v 0.117039 0.021173 -0.078203
v 0.118841 0.017929 -0.079407
v 0.121538 0.015761 -0.081209
v 0.124720 0.015000 -0.083336
v 0.127902 0.015761 -0.085462
v 0.130600 0.017929 -0.087264
v 0.132402 0.021173 -0.088468
v 0.113137 0.025000 -0.113137
v 0.112599 0.028827 -0.112599
v 0.111066 0.032071 -0.111066
v 0.108772 0.034239 -0.108772
v 0.106066 0.035000 -0.106066
v 0.103360 0.034239 -0.103360
v 0.101066 0.032071 -0.101066
v 0.099533 0.028827 -0.099533
v 0.098995 0.025000 -0.098995
v 0.099533 0.021173 -0.099533
v 0.101066 0.017929 -0.101066
v 0.103360 0.015761 -0.103360
v 0.106066 0.015000 -0.106066
v 0.108772 0.015761 -0.108772
v 0.111066 0.017929 -0.111066
v 0.112599 0.021173 -0.112599
v 0.088891 0.025000 -0.133035
v 0.088468 0.028827 -0.132402
v 0.087264 0.032071 -0.130600
v 0.085461 0.034239 -0.127902
v 0.083335 0.035000 -0.124720
v 0.081209 0.034239 -0.121539
v 0.079407 0.032071 -0.118841
v 0.078203 0.028827 -0.117039
v 0.077780 0.025000 -0.116406
v 0.078203 0.021173 -0.117039
v 0.079407 0.017929 -0.118841
v 0.081209 0.015761 -0.121539
v 0.083335 0.015000 -0.124720
v 0.085461 0.015761 -0.127902
v 0.087264 0.017929 -0.130600
v 0.088468 0.021173 -0.132402
v 0.061229 0.025000 -0.147821
v 0.060938 0.028827 -0.147117
v 0.060108 0.032071 -0.145115
v 0.058867 0.034239 -0.142117
v 0.057402 0.035000 -0.138582
v 0.055938 0.034239 -0.135046
v 0.054696 0.032071 -0.132049
v 0.053867 0.028827 -0.130046
v 0.053576 0.025000 -0.129343
v 0.053867 0.021173 -0.130046
v 0.054696 0.017929 -0.132049
v 0.055938 0.015761 -0.135046
v 0.057402 0.015000 -0.138582
v 0.058867 0.015761 -0.142117
v 0.060108 0.017929 -0.145115
v 0.060938 0.021173 -0.147117
v 0.031214 0.025000 -0.156926
v 0.031066 0.028827 -0.156179
v 0.030643 0.032071 -0.154053
v 0.030010 0.034239 -0.150871
v 0.029263 0.035000 -0.147118
v 0.028517 0.034239 -0.143365
v 0.027884 0.032071 -0.140183
v 0.027461 0.028827 -0.138057
v 0.027313 0.025000 -0.137310
v 0.027461 0.021173 -0.138057
v 0.027884 0.017929 -0.140183
v 0.028517 0.015761 -0.143365
v 0.029263 0.015000 -0.147118
v 0.030010 0.015761 -0.150871
v 0.030643 0.017929 -0.154053
v 0.031066 0.021173 -0.156179
v -0.000000 0.025000 -0.160000
v -0.000000 0.028827 -0.159239
v -0.000000 0.032071 -0.157071
v -0.000000 0.034239 -0.153827
v -0.000000 0.035000 -0.150000
v -0.000000 0.034239 -0.146173
v -0.000000 0.032071 -0.142929
v -0.000000 0.028827 -0.140761
v -0.000000 0.025000 -0.140000
v -0.000000 0.021173 -0.140761
v -0.000000 0.017929 -0.142929
v -0.000000 0.015761 -0.146173
v -0.000000 0.015000 -0.150000
v -0.000000 0.015761 -0.153827
v -0.000000 0.017929 -0.157071
v -0.000000 0.021173 -0.159239
v -0.031215 0.025000 -0.156926
v -0.031066 0.028827 -0.156179
v -0.030643 0.032071 -0.154053
v -0.030010 0.034239 -0.150871
v -0.029264 0.035000 -0.147118
v -0.028517 0.034239 -0.143365
v -0.027884 0.032071 -0.140183
v -0.027461 0.028827 -0.138057
v -0.027313 0.025000 -0.137310
v -0.027461 0.021173 -0.138057
v -0.027884 0.017929 -0.140183
v -0.028517 0.015761 -0.143365
v -0.029264 0.015000 -0.147118
v -0.030010 0.015761 -0.150871
v -0.030643 0.017929 -0.154053
v -0.031066 0.021173 -0.156179
v -0.061229 0.025000 -0.147821
v -0.060938 0.028827 -0.147117
v -0.060109 0.032071 -0.145115
v -0.058867 0.034239 -0.142117
v -0.057403 0.035000 -0.138582
v -0.055938 0.034239 -0.135046
v -0.054697 0.032071 -0.132049
v -0.053867 0.028827 -0.130046
v -0.053576 0.025000 -0.129343
v -0.053867 0.021173 -0.130046
v -0.054697 0.017929 -0.132049
v -0.055938 0.015761 -0.135046
v -0.057403 0.015000 -0.138582
v -0.058867 0.015761 -0.142117
v -0.060109 0.017929 -0.145115
v -0.060938 0.021173 -0.147117
v -0.088891 0.025000 -0.133035
v -0.088468 0.028827 -0.132402
v -0.087264 0.032071 -0.130600
v -0.085462 0.034239 -0.127902
v -0.083336 0.035000 -0.124720
v -0.081210 0.034239 -0.121539
v -0.079407 0.032071 -0.118841
v -0.078203 0.028827 -0.117039
v -0.077780 0.025000 -0.116406
v -0.078203 0.021173 -0.117039
v -0.079407 0.017929 -0.118841
v -0.081210 0.015761 -0.121539
v -0.083336 0.015000 -0.124720
v -0.085462 0.015761 -0.127902
v -0.087264 0.017929 -0.130600
v -0.088468 0.021173 -0.132402
v -0.113137 0.025000 -0.113137
v -0.112599 0.028827 -0.112599
v -0.111066 0.032071 -0.111066
v -0.108772 0.034239 -0.108772
v -0.106066 0.035000 -0.106066
v -0.103360 0.034239 -0.103360
v -0.101066 0.032071 -0.101066
v -0.099533 0.028827 -0.099533
v -0.098995 0.025000 -0.098995
v -0.099533 0.021173 -0.099533
v -0.101066 0.017929 -0.101066
v -0.103360 0.015761 -0.103360
v -0.106066 0.015000 -0.106066
v -0.108772 0.015761 -0.108772
v -0.111066 0.017929 -0.111066
v -0.112599 0.021173 -0.112599
v -0.133035 0.025000 -0.088891
v -0.132402 0.028827 -0.088468
v -0.130600 0.032071 -0.087264
v -0.127902 0.034239 -0.085462
v -0.124721 0.035000 -0.083336
v -0.121539 0.034239 -0.081209
v -0.118841 0.032071 -0.079407
v -0.117039 0.028827 -0.078203
v -0.116406 0.025000 -0.077780
v -0.117039 0.021173 -0.078203
v -0.118841 0.017929 -0.079407
v -0.121539 0.015761 -0.081209
v -0.124721 0.015000 -0.083336
v -0.127902 0.015761 -0.085462
v -0.130600 0.017929 -0.087264
v -0.132402 0.021173 -0.088468
v -0.147821 0.025000 -0.061229
v -0.147118 0.028827 -0.060938
v -0.145115 0.032071 -0.060109
v -0.142118 0.034239 -0.058867
v -0.138582 0.035000 -0.057403
v -0.135047 0.034239 -0.055938
v -0.132049 0.032071 -0.054697
v -0.130047 0.028827 -0.053867
v -0.129343 0.025000 -0.053576
v -0.130047 0.021173 -0.053867
v -0.132049 0.017929 -0.054697
v -0.135047 0.015761 -0.055938
v -0.138582 0.015000 -0.057403
v -0.142118 0.015761 -0.058867
v -0.145115 0.017929 -0.060109
v -0.147118 0.021173 -0.060938
v -0.156926 0.025000 -0.031214
v -0.156179 0.028827 -0.031066
v -0.154053 0.032071 -0.030643
v -0.150871 0.034239 -0.030010
v -0.147118 0.035000 -0.029264
v -0.143365 0.034239 -0.028517
v -0.140183 0.032071 -0.027884
v -0.138057 0.028827 -0.027461
v -0.137310 0.025000 -0.027313
v -0.138057 0.021173 -0.027461
v -0.140183 0.017929 -0.027884
v -0.143365 0.015761 -0.028517
v -0.147118 0.015000 -0.029264
v -0.150871 0.015761 -0.030010
v -0.154053 0.017929 -0.030643
v -0.156179 0.021173 -0.031066
v -0.160000 0.025000 -0.000000
v -0.159239 0.028827 -0.000000
v -0.157071 0.032071 -0.000000
v -0.153827 0.034239 -0.000000
v -0.150000 0.035000 -0.000000
v -0.146173 0.034239 -0.000000
v -0.142929 0.032071 -0.000000
v -0.140761 0.028827 -0.000000
v -0.140000 0.025000 -0.000000
v -0.140761 0.021173 -0.000000
v -0.142929 0.017929 -0.000000
v -0.146173 0.015761 -0.000000
v -0.150000 0.015000 -0.000000
v -0.153827 0.015761 -0.000000
v -0.157071 0.017929 -0.000000
v -0.159239 0.021173 -0.000000
v -0.156926 0.025000 0.031214
v -0.156179 0.028827 0.031066
v -0.154053 0.032071 0.030643
v -0.150871 0.034239 0.030010
v -0.147118 0.035000 0.029264
v -0.143365 0.034239 0.028517
v -0.140183 0.032071 0.027884
v -0.138057 0.028827 0.027461
v -0.137310 0.025000 0.027313
v -0.138057 0.021173 0.027461
v -0.140183 0.017929 0.027884
v -0.143365 0.015761 0.028517
v -0.147118 0.015000 0.029264
v -0.150871 0.015761 0.030010
v -0.154053 0.017929 0.030643
v -0.156179 0.021173 0.031066
v -0.147821 0.025000 0.061229
v -0.147118 0.028827 0.060938
v -0.145115 0.032071 0.060108
v -0.142118 0.034239 0.058867
v -0.138582 0.035000 0.057402
v -0.135047 0.034239 0.055938
v -0.132049 0.032071 0.054696
v -0.130047 0.028827 0.053867
v -0.129343 0.025000 0.053576
v -0.130047 0.021173 0.053867
v -0.132049 0.017929 0.054696
v -0.135047 0.015761 0.055938
v -0.138582 0.015000 0.057402
v -0.142118 0.015761 0.058867
v -0.145115 0.017929 0.060108
v -0.147118 0.021173 0.060938
v -0.133035 0.025000 0.088891
v -0.132402 0.028827 0.088468
v -0.130600 0.032071 0.087264
v -0.127902 0.034239 0.085462
v -0.124721 0.035000 0.083336
v -0.121539 0.034239 0.081209
v -0.118841 0.032071 0.079407
v -0.117039 0.028827 0.078203
v -0.116406 0.025000 0.077780
v -0.117039 0.021173 0.078203
v -0.118841 0.017929 0.079407
v -0.121539 0.015761 0.081209
v -0.124721 0.015000 0.083336
v -0.127902 0.015761 0.085462
v -0.130600 0.017929 0.087264
v -0.132402 0.021173 0.088468
v -0.113137 0.025000 0.113137
v -0.112599 0.028827 0.112599
v -0.111066 0.032071 0.111066
v -0.108772 0.034239 0.108772
v -0.106066 0.035000 0.106066
v -0.103360 0.034239 0.103360
v -0.101066 0.032071 0.101066
v -0.099533 0.028827 0.099533
v -0.098995 0.025000 0.098995
v -0.099533 0.021173 0.099533
v -0.101066 0.017929 0.101066
v -0.103360 0.015761 0.103360
v -0.106066 0.015000 0.106066
v -0.108772 0.015761 0.108772
v -0.111066 0.017929 0.111066
v -0.112599 0.021173 0.112599
v -0.088891 0.025000 0.133035
v -0.088469 0.028827 0.132402
v -0.087264 0.032071 0.130600
v -0.085462 0.034239 0.127902
v -0.083336 0.035000 0.124720
v -0.081210 0.034239 0.121539
v -0.079407 0.032071 0.118841
v -0.078203 0.028827 0.117039
v -0.077780 0.025000 0.116406
v -0.078203 0.021173 0.117039
v -0.079407 0.017929 0.118841
v -0.081210 0.015761 0.121539
v -0.083336 0.015000 0.124720
v -0.085462 0.015761 0.127902
v -0.087264 0.017929 0.130600
v -0.088469 0.021173 0.132402
v -0.061229 0.025000 0.147821
v -0.060938 0.028827 0.147117
v -0.060109 0.032071 0.145115
v -0.058867 0.034239 0.142117
v -0.057403 0.035000 0.138582
v -0.055938 0.034239 0.135046
v -0.054697 0.032071 0.132049
v -0.053867 0.028827 0.130046
v -0.053576 0.025000 0.129343
v -0.053867 0.021173 0.130046
v -0.054697 0.017929 0.132049
v -0.055938 0.015761 0.135046
v -0.057403 0.015000 0.138582
v -0.058867 0.015761 0.142117
v -0.060109 0.017929 0.145115
v -0.060938 0.021173 0.147117
v -0.031215 0.025000 0.156926
v -0.031066 0.028827 0.156179
v -0.030643 0.032071 0.154053
v -0.030010 0.034239 0.150871
v -0.029264 0.035000 0.147118
v -0.028517 0.034239 0.143364
v -0.027884 0.032071 0.140183
v -0.027461 0.028827 0.138057
v -0.027313 0.025000 0.137310
v -0.027461 0.021173 0.138057
v -0.027884 0.017929 0.140183
v -0.028517 0.015761 0.143364
v -0.029264 0.015000 0.147118
v -0.030010 0.015761 0.150871
v -0.030643 0.017929 0.154053
v -0.031066 0.021173 0.156179
v -0.000000 0.025000 0.160000
v -0.000000 0.028827 0.159239
v -0.000000 0.032071 0.157071
v -0.000000 0.034239 0.153827
v -0.000000 0.035000 0.150000
v -0.000000 0.034239 0.146173
v -0.000000 0.032071 0.142929
v -0.000000 0.028827 0.140761
v -0.000000 0.025000 0.140000
v -0.000000 0.021173 0.140761
v -0.000000 0.017929 0.142929
v -0.000000 0.015761 0.146173
v -0.000000 0.015000 0.150000
v -0.000000 0.015761 0.153827
v -0.000000 0.017929 0.157071
v -0.000000 0.021173 0.159239
v 0.031214 0.025000 0.156926
v 0.031066 0.028827 0.156179
v 0.030643 0.032071 0.154053
v 0.030010 0.034239 0.150871
v 0.029263 0.035000 0.147118
v 0.028517 0.034239 0.143365
v 0.027884 0.032071 0.140183
v 0.027461 0.028827 0.138057
v 0.027312 0.025000 0.137310
v 0.027461 0.021173 0.138057
v 0.027884 0.017929 0.140183
v 0.028517 0.015761 0.143365
v 0.029263 0.015000 0.147118
v 0.030010 0.015761 0.150871
v 0.030643 0.017929 0.154053
v 0.031066 0.021173 0.156179
v 0.061229 0.025000 0.147821
v 0.060938 0.028827 0.147117
v 0.060108 0.032071 0.145115
v 0.058867 0.034239 0.142117
v 0.057402 0.035000 0.138582
v 0.055938 0.034239 0.135046
v 0.054696 0.032071 0.132049
v 0.053867 0.028827 0.130046
v 0.053576 0.025000 0.129343
v 0.053867 0.021173 0.130046
v 0.054696 0.017929 0.132049
v 0.055938 0.015761 0.135046
v 0.057402 0.015000 0.138582
v 0.058867 0.015761 0.142117
v 0.060108 0.017929 0.145115
v 0.060938 0.021173 0.147117
v 0.088891 0.025000 0.133035
v 0.088468 0.028827 0.132402
v 0.087264 0.032071 0.130600
v 0.085461 0.034239 0.127902
v 0.083335 0.035000 0.124720
v 0.081209 0.034239 0.121539
v 0.079407 0.032071 0.118841
v 0.078203 0.028827 0.117039
v 0.077780 0.025000 0.116406
v 0.078203 0.021173 0.117039
v 0.079407 0.017929 0.118841
v 0.081209 0.015761 0.121539
v 0.083335 0.015000 0.124720
v 0.085461 0.015761 0.127902
v 0.087264 0.017929 0.130600
v 0.088468 0.021173 0.132402
v 0.113137 0.025000 0.113137
v 0.112599 0.028827 0.112599
v 0.111066 0.032071 0.111066
v 0.108772 0.034239 0.108772
v 0.106066 0.035000 0.106066
v 0.103360 0.034239 0.103360
v 0.101066 0.032071 0.101066
v 0.099533 0.028827 0.099533
v 0.098995 0.025000 0.098995
v 0.099533 0.021173 0.099533
v 0.101066 0.017929 0.101066
v 0.103360 0.015761 0.103360
v 0.106066 0.015000 0.106066
v 0.108772 0.015761 0.108772
v 0.111066 0.017929 0.111066
v 0.112599 0.021173 0.112599
v 0.133035 0.025000 0.088891
v 0.132402 0.028827 0.088468
v 0.130600 0.032071 0.087264
v 0.127902 0.034239 0.085462
v 0.124720 0.035000 0.083336
v 0.121538 0.034239 0.081209
v 0.118841 0.032071 0.079407
v 0.117039 0.028827 0.078203
v 0.116406 0.025000 0.077780
v 0.117039 0.021173 0.078203
v 0.118841 0.017929 0.079407
v 0.121538 0.015761 0.081209
v 0.124720 0.015000 0.083336
v 0.127902 0.015761 0.085462
v 0.130600 0.017929 0.087264
v 0.132402 0.021173 0.088468
v 0.147821 0.025000 0.061229
v 0.147117 0.028827 0.060938
v 0.145115 0.032071 0.060109
v 0.142117 0.034239 0.058867
v 0.138582 0.035000 0.057403
v 0.135046 0.034239 0.055938
v 0.132049 0.032071 0.054697
v 0.130046 0.028827 0.053867
v 0.129343 0.025000 0.053576
v 0.130046 0.021173 0.053867
v 0.132049 0.017929 0.054697
v 0.135046 0.015761 0.055938
v 0.138582 0.015000 0.057403
v 0.142117 0.015761 0.058867
v 0.145115 0.017929 0.060109
v 0.147117 0.021173 0.060938
v 0.156926 0.025000 0.031214
v 0.156179 0.028827 0.031066
v 0.154053 0.032071 0.030643
v 0.150871 0.034239 0.030010
v 0.147118 0.035000 0.029264
v 0.143364 0.034239 0.028517
v 0.140182 0.032071 0.027884
v 0.138056 0.028827 0.027461
v 0.137310 0.025000 0.027313
v 0.138056 0.021173 0.027461
v 0.140182 0.017929 0.027884
v 0.143364 0.015761 0.028517
v 0.147118 0.015000 0.029264
v 0.150871 0.015761 0.030010
v 0.154053 0.017929 0.030643
v 0.156179 0.021173 0.031066
v -0.009481 0.013958 0.028114
v -0.011481 0.015962 0.027716
v -0.000000 0.025000 -0.017899
v 0.000000 0.022999 -0.030000
v 0.006798 0.025000 -0.016808
v 0.011481 0.022999 -0.027716
v 0.014094 0.025000 -0.011694
v 0.021213 0.022999 -0.021213
v 0.017267 0.025000 -0.006146
v 0.027716 0.022999 -0.011481
v 0.027716 0.022998 0.011481
v 0.017150 0.025000 0.006099
v 0.012953 0.025000 0.012957
v 0.021213 0.022998 0.021213
v 0.011481 0.022998 0.027716
v -0.011481 0.022998 0.027716
v -0.006157 0.025000 0.017128
v -0.012953 0.025000 0.012957
v -0.021213 0.022998 0.021213
v -0.027716 0.022998 0.011481
v -0.027716 0.022999 -0.011481
v -0.017267 0.025000 -0.006146
v -0.014094 0.025000 -0.011694
v -0.021213 0.022999 -0.021213
v 0.011481 0.015962 0.027716
v 0.009481 0.013958 0.028114
v -0.006798 0.025000 -0.016808
v -0.011481 0.022999 -0.027716
v 0.027716 0.015962 -0.011481
v 0.028114 0.013958 -0.009481
v 0.028114 0.013958 0.009481
v 0.027716 0.015962 0.011481
v -0.027716 0.015962 0.011481
v -0.028114 0.013958 0.009481
v -0.028114 0.013958 -0.009481
v -0.027716 0.015962 -0.011481
v 0.143514 0.029965 -0.011481
v 0.143514 0.031966 -0.009118
v 0.143514 0.031966 0.009118
v 0.143514 0.029964 0.011481
v -0.143514 0.029964 0.011481
v -0.143514 0.031966 0.009118
v -0.143514 0.031966 -0.009118
v -0.143514 0.029965 -0.011481
v 0.143514 0.020924 -0.009481
v 0.143514 0.022928 -0.011481
v 0.143514 0.022928 0.011481
v 0.143514 0.020924 0.009481
v -0.143514 0.020924 0.009481
v -0.143514 0.022928 0.011481
v -0.143514 0.022928 -0.011481
v -0.143514 0.020924 -0.009481
v 0.011481 0.029968 0.143659
v 0.009118 0.031970 0.143659
v -0.009118 0.031970 0.143659
v -0.011481 0.029968 0.143659
v 0.009481 0.020928 0.143659
v 0.011481 0.022932 0.143659
v -0.011481 0.022932 0.143659
v -0.009481 0.020928 0.143659
v -0.018069 0.025000 0.000000
v 0.018069 0.025000 0.000000
v -0.000000 0.025000 -0.027961
v 0.010700 0.025000 -0.025832
v 0.021190 0.025000 -0.018823
v 0.027716 0.025000 -0.009103
v 0.027716 0.025000 0.009103
v 0.020242 0.025000 0.020242
v 0.009103 0.025000 0.027716
v -0.009103 0.025000 0.027716
v -0.020242 0.025000 0.020242
v -0.027716 0.025000 0.009103
v -0.027716 0.025000 -0.009103
v -0.021190 0.025000 -0.018823
v -0.010700 0.025000 -0.025832
v 0.000000 0.025000 0.018091
v 0.006157 0.025000 0.017128
v -0.017150 0.025000 0.006099
v 0.012953 0.026000 0.012957
v 0.006157 0.026000 0.017128
v -0.006157 0.026000 0.017128
v -0.012953 0.026000 0.012957
v 0.014094 0.026000 -0.011694
v 0.017267 0.026000 -0.006146
v 0.018069 0.026000 0.000000
v -0.000000 0.026000 -0.017899
v 0.006798 0.026000 -0.016808
v 0.000000 0.026000 0.018091
v -0.017267 0.026000 -0.006146
v -0.018069 0.026000 0.000000
v -0.017150 0.026000 0.006099
v -0.006798 0.026000 -0.016808
v 0.017150 0.026000 0.006099
v -0.014094 0.026000 -0.011694
v -0.010731 0.025000 -0.014703
v -0.010731 0.026000 -0.014703
v 0.010731 0.025000 -0.014703
v 0.010731 0.026000 -0.014703
v 0.009856 0.025000 0.015446
v 0.009856 0.026000 0.015446
v 0.015568 0.025000 0.009860
v 0.015568 0.026000 0.009860
v -0.009856 0.025000 0.015446
v -0.009856 0.026000 0.015446
v -0.015544 0.025000 0.009845
v -0.015544 0.026000 0.009845
v 0.009034 0.025999 0.000180
v 0.004851 0.025999 -0.008345
v 0.004920 0.025999 0.008641
v -0.004920 0.025999 0.008641
v -0.009034 0.025999 0.000180
v -0.004851 0.025999 -0.008345
v 0.004597 0.030800 0.008104
v 0.003890 0.030999 0.007849
v 0.003818 0.030999 0.007934
vn -0.6874 -0.7132 0.1367
vn -0.3439 -0.9282 0.1424
vn -0.3650 -0.9282 0.0726
vn -0.0000 -0.0000 1.0000
vn 0.6874 -0.7132 -0.1367
vn 0.9221 -0.3871 -0.0000
vn 0.9043 -0.3871 -0.1799
vn -0.9493 -0.0000 -0.3143
vn 0.6994 -0.7011 -0.1391
vn 0.9256 -0.3784 -0.0000
vn 0.7131 -0.7011 -0.0000
vn 1.0000 -0.0000 -0.0000
vn 0.9078 0.3784 -0.1806
vn 0.9256 0.3784 -0.0000
vn 0.6994 0.7011 -0.1391
vn -0.7009 -0.7132 -0.0000
vn 0.0122 0.9999 -0.0000
vn -0.3650 0.9282 0.0726
vn -0.3722 0.9282 -0.0000
vn -0.6874 0.7132 0.1367
vn 0.0024 -0.9999 -0.0120
vn 0.1504 -0.9195 -0.3631
vn 0.0047 -0.9999 -0.0113
vn -0.9808 -0.0000 0.1951
vn -0.9221 0.3871 -0.0000
vn -0.9043 0.3871 0.1799
vn -0.8519 0.3871 0.3529
vn -0.9221 -0.3871 -0.0000
vn -0.9043 -0.3871 0.1799
vn 0.0122 -0.9999 -0.0000
vn 0.3854 -0.9195 -0.0767
vn 0.3930 -0.9195 -0.0000
vn 0.9239 -0.0000 -0.3827
vn 0.7696 0.3784 -0.5142
vn 0.8552 0.3784 -0.3542
vn -1.0000 -0.0000 -0.0000
vn -0.7009 0.7133 -0.0000
vn 0.0113 0.9999 -0.0047
vn 0.0120 0.9999 -0.0024
vn 0.9078 -0.3784 -0.1806
vn 0.3854 0.9195 -0.0767
vn 0.3631 0.9195 -0.1504
vn -0.6476 -0.7132 0.2682
vn -0.8519 -0.3871 0.3529
vn 0.6588 0.7011 -0.2729
vn 0.9808 -0.0000 -0.1951
vn 0.8552 -0.3784 -0.3542
vn 0.6588 -0.7011 -0.2729
vn -0.9239 -0.0000 0.3827
vn -0.3439 0.9282 0.1424
vn 0.3631 -0.9195 -0.1504
vn 0.5929 -0.7011 -0.3962
vn 0.0120 -0.9999 -0.0024
vn 0.0113 -0.9999 -0.0047
vn 0.3268 -0.9195 -0.2183
vn 0.3268 0.9195 -0.2183
vn 0.3930 0.9195 -0.0000
vn 0.7131 0.7011 -0.0000
vn -0.7667 0.3871 0.5123
vn -0.3095 -0.9282 0.2068
vn -0.5828 -0.7132 0.3894
vn -0.9043 0.3871 -0.1799
vn 0.6994 -0.7011 0.1391
vn 0.3854 -0.9195 0.0767
vn -0.8519 -0.3871 -0.3529
vn -0.6874 -0.7132 -0.1367
vn -0.6476 -0.7132 -0.2682
vn -0.2632 0.9282 0.2632
vn 0.0101 0.9999 -0.0068
vn 0.0086 0.9999 -0.0086
vn -0.5828 0.7132 0.3894
vn -0.6520 0.3871 0.6520
vn -0.7667 -0.3871 0.5123
vn -0.6476 0.7132 0.2682
vn -0.3095 0.9282 0.2068
vn 0.7696 -0.3784 -0.5142
vn 0.2779 0.9195 -0.2779
vn 0.5929 0.7011 -0.3962
vn 0.5042 0.7011 -0.5042
vn -0.2632 -0.9282 0.2632
vn -0.9808 -0.0000 -0.1951
vn -0.9239 -0.0000 -0.3827
vn 0.6545 0.3784 -0.6545
vn 0.8315 -0.0000 -0.5556
vn 0.7071 -0.0000 -0.7071
vn 0.2183 0.9195 -0.3268
vn -0.5123 -0.3871 0.7667
vn -0.4956 -0.7132 0.4956
vn -0.6520 -0.3871 0.6520
vn -0.8315 -0.0000 0.5556
vn 0.5142 0.3784 -0.7696
vn 0.0068 0.9999 -0.0101
vn 0.5042 -0.7011 -0.5042
vn 0.2779 -0.9195 -0.2779
vn -0.2068 -0.9282 0.3095
vn -0.3894 -0.7132 0.5828
vn 0.6545 -0.3784 -0.6545
vn -0.7071 -0.0000 0.7071
vn 0.5556 -0.0000 -0.8315
vn 0.0047 0.9999 -0.0113
vn -0.2068 0.9282 0.3095
vn 0.0086 -0.9999 -0.0086
vn 0.2183 -0.9195 -0.3268
vn 0.2729 -0.7011 -0.6588
vn 0.3962 -0.7011 -0.5929
vn 0.0101 -0.9999 -0.0068
vn 0.0767 0.9195 -0.3854
vn 0.2729 0.7011 -0.6588
vn 0.1391 0.7011 -0.6994
vn -0.5123 0.3871 0.7667
vn -0.3894 0.7133 0.5828
vn 0.5142 -0.3784 -0.7696
vn -0.6874 0.7132 -0.1367
vn -0.8519 0.3871 -0.3529
vn -0.6476 0.7132 -0.2682
vn -0.3529 0.3871 0.8519
vn 0.3542 0.3784 -0.8552
vn 0.3962 0.7011 -0.5929
vn -0.3529 -0.3871 0.8519
vn -0.1424 0.9282 0.3439
vn 0.0113 -0.9999 0.0047
vn 0.3268 -0.9195 0.2183
vn 0.0101 -0.9999 0.0068
vn 0.3542 -0.3784 -0.8552
vn -0.5556 -0.0000 0.8315
vn -0.9078 0.3784 -0.1806
vn -0.8552 0.3784 -0.3542
vn 0.0068 -0.9999 -0.0101
vn 0.1806 0.3784 -0.9078
vn 0.3827 -0.0000 -0.9239
vn 0.1951 -0.0000 -0.9808
vn 0.5734 -0.0000 -0.8193
vn 0.7775 -0.0000 -0.6289
vn 0.1504 0.9195 -0.3631
vn -0.1799 0.3871 0.9043
vn -0.2682 0.7132 0.6476
vn -0.1367 0.7132 0.6874
vn -0.1367 -0.7133 0.6874
vn -0.1799 -0.3871 0.9043
vn -0.0726 0.9282 0.3650
vn 0.0024 0.9999 -0.0120
vn -0.0000 0.9195 -0.3930
vn -0.3827 -0.0000 0.9239
vn 0.1391 -0.7011 -0.6994
vn 0.0767 -0.9195 -0.3854
vn -0.0000 0.7132 0.7009
vn -0.0000 0.9282 0.3722
vn -0.1424 -0.9282 0.3439
vn -0.0726 -0.9282 0.3650
vn -0.2682 -0.7132 0.6476
vn -0.0000 0.9999 -0.0122
vn -0.0000 0.3784 -0.9256
vn -0.0000 -0.0000 -1.0000
vn -0.0000 -0.9282 0.3722
vn -0.0000 -0.7132 0.7009
vn -0.0000 0.3871 0.9221
vn -0.0000 0.7011 -0.7131
vn 0.2779 -0.9195 0.2779
vn 0.5929 -0.7011 0.3962
vn 0.5042 -0.7011 0.5042
vn -0.0068 -0.9999 -0.0101
vn -0.1504 -0.9195 -0.3631
vn -0.0047 -0.9999 -0.0113
vn -0.0000 -0.3785 -0.9256
vn 0.1806 -0.3784 -0.9078
vn -0.0000 -0.3871 0.9221
vn -0.0122 -0.9999 -0.0000
vn -0.3854 -0.9195 0.0767
vn -0.3930 -0.9195 -0.0000
vn -0.0000 -0.7011 0.7131
vn -0.0767 -0.9195 0.3854
vn -0.0000 -0.9195 0.3930
vn -0.1951 -0.0000 0.9808
vn -0.0024 0.9999 -0.0120
vn -0.0767 0.9195 -0.3854
vn -0.0024 -0.9999 -0.0120
vn 0.0726 -0.9282 0.3650
vn 0.1367 -0.7132 0.6874
vn -0.0000 -0.9195 -0.3930
vn 0.3894 -0.7132 0.5828
vn 0.1424 -0.9282 0.3439
vn 0.2682 -0.7132 0.6476
vn -0.1806 0.3784 -0.9078
vn 0.3529 0.3871 0.8519
vn 0.1367 0.7133 0.6874
vn 0.2682 0.7132 0.6476
vn -0.0000 -0.7011 -0.7131
vn -0.1806 -0.3784 -0.9078
vn 0.0726 0.9282 0.3650
vn -0.1391 0.7011 -0.6994
vn 0.1951 -0.0000 0.9808
vn -0.1391 -0.7011 -0.6994
vn -0.3542 -0.3784 -0.8552
vn 0.1424 0.9282 0.3439
vn 0.5556 -0.0000 0.8315
vn 0.3827 -0.0000 0.9239
vn 0.3439 -0.9282 0.1424
vn 0.5828 -0.7132 0.3894
vn 0.6476 -0.7133 0.2682
vn -0.2729 0.7011 -0.6588
vn -0.1951 -0.0000 -0.9808
vn -0.0767 -0.9195 -0.3854
vn -0.2729 -0.7011 -0.6588
vn -0.3542 0.3784 -0.8552
vn -0.3827 -0.0000 -0.9239
vn 0.3962 -0.7011 0.5929
vn 0.2183 -0.9195 0.3268
vn 0.3894 0.7132 0.5828
vn -0.0047 0.9999 -0.0113
vn 0.1799 0.3871 0.9043
vn -0.1504 0.9195 -0.3631
vn -0.0068 0.9999 -0.0101
vn 0.1799 -0.3871 0.9043
vn 0.3529 -0.3871 0.8519
vn -0.2183 0.9195 -0.3268
vn -0.3962 0.7011 -0.5929
vn -0.5142 0.3784 -0.7696
vn 0.1504 -0.9195 0.3631
vn 0.4956 0.7132 0.4956
vn 0.5123 0.3871 0.7667
vn -0.0000 -0.9999 -0.0122
vn -0.5142 -0.3784 -0.7696
vn -0.3962 -0.7011 -0.5929
vn 0.2068 0.9282 0.3095
vn -0.2183 -0.9195 -0.3268
vn -0.0086 0.9999 -0.0086
vn -0.2779 0.9195 -0.2779
vn 0.5828 0.7132 0.3894
vn 0.6520 0.3871 0.6520
vn -0.5042 0.7011 -0.5042
vn -0.6545 0.3784 -0.6545
vn 0.4956 -0.7132 0.4956
vn 0.2068 -0.9282 0.3095
vn -0.6545 -0.3784 -0.6545
vn -0.5556 -0.0000 -0.8315
vn 0.7071 -0.0000 0.7071
vn -0.5042 -0.7011 -0.5042
vn 0.5123 -0.3871 0.7667
vn -0.2779 -0.9195 -0.2779
vn 0.3095 0.9282 0.2068
vn 0.6476 0.7133 0.2682
vn -0.3529 -0.3871 -0.8519
vn -0.5929 0.7011 -0.3962
vn -0.0086 -0.9999 -0.0086
vn 0.6520 -0.3871 0.6520
vn -0.6588 0.7011 -0.2729
vn -0.7696 0.3784 -0.5142
vn 0.9478 -0.0000 -0.3189
vn 1.0000 -0.0000 0.0099
vn 0.8315 -0.0000 0.5556
vn -0.0101 0.9999 -0.0068
vn 0.3722 0.9282 -0.0000
vn 0.6874 0.7132 0.1367
vn 0.3650 0.9282 0.0726
vn 0.2632 0.9282 0.2632
vn -0.7696 -0.3784 -0.5142
vn -0.5929 -0.7011 -0.3962
vn 0.7667 0.3871 0.5123
vn -0.0101 -0.9999 -0.0068
vn -0.3268 -0.9195 -0.2183
vn -0.8315 -0.0000 -0.5556
vn 0.0024 -0.9999 0.0120
vn 0.0047 -0.9999 0.0113
vn 0.2632 -0.9282 0.2632
vn 0.3095 -0.9282 0.2068
vn 0.3439 0.9282 0.1424
vn 0.7667 -0.3871 0.5123
vn -0.0113 0.9999 -0.0047
vn -0.3268 0.9195 -0.2183
vn -0.3631 0.9195 -0.1504
vn 0.1504 0.9195 0.3631
vn 0.0024 0.9999 0.0120
vn 0.0767 0.9195 0.3854
vn 0.9239 -0.0000 0.3827
vn -0.8552 -0.3784 -0.3542
vn -0.6588 -0.7011 -0.2729
vn -0.7071 -0.0000 -0.7071
vn -0.3631 -0.9195 -0.1504
vn -0.0120 0.9999 -0.0024
vn 0.9043 0.3871 0.1799
vn 0.8519 0.3871 0.3529
vn -0.0113 -0.9999 -0.0047
vn -0.3854 0.9195 -0.0767
vn -0.6994 0.7011 -0.1391
vn -0.6994 -0.7011 -0.1391
vn -0.3854 -0.9195 -0.0767
vn 0.9043 -0.3871 0.1799
vn 0.8519 -0.3871 0.3529
vn -0.7131 0.7011 -0.0000
vn -0.0120 -0.9999 -0.0024
vn 0.9808 -0.0000 0.1951
vn 0.1391 -0.7011 0.6994
vn 0.3650 -0.9282 0.0726
vn 0.6874 0.7132 -0.1367
vn 0.7009 0.7132 -0.0000
vn 0.9221 0.3871 -0.0000
vn -0.9256 -0.3784 -0.0000
vn -0.7131 -0.7011 -0.0000
vn 0.3722 -0.9282 -0.0000
vn -0.0122 0.9999 -0.0000
vn -0.3930 0.9195 -0.0000
vn -0.0000 -0.7133 -0.7009
vn 0.1799 -0.3871 -0.9043
vn -0.0000 -0.3871 -0.9221
vn 0.6874 -0.7132 0.1367
vn 0.7009 -0.7132 -0.0000
vn -0.4905 0.6705 -0.5566
vn -0.2680 0.7138 -0.6470
vn -0.9256 0.3784 -0.0000
vn -0.9078 0.3784 0.1806
vn -0.6994 -0.7011 0.1391
vn -0.0000 -0.9282 -0.3722
vn -0.0726 -0.9282 -0.3650
vn -0.3854 0.9195 0.0767
vn -0.6994 0.7011 0.1391
vn -0.0120 0.9999 0.0024
vn -0.2183 -0.9195 0.3268
vn -0.5042 -0.7011 0.5042
vn -0.2779 -0.9195 0.2779
vn 0.9043 0.3871 -0.1799
vn -0.6588 0.7011 0.2729
vn -0.8552 0.3784 0.3542
vn 0.3650 -0.9282 -0.0726
vn -0.0120 -0.9999 0.0024
vn 0.8519 0.3871 -0.3529
vn -0.0113 0.9999 0.0047
vn 0.3650 0.9282 -0.0726
vn 0.7667 0.3871 -0.5123
vn -0.8552 -0.3784 0.3542
vn -0.6588 -0.7011 0.2729
vn 0.3439 0.9282 -0.1424
vn -0.3631 -0.9195 0.1504
vn -0.3631 0.9195 0.1504
vn 0.8519 -0.3871 -0.3529
vn -0.0113 -0.9999 0.0047
vn 0.3439 -0.9282 -0.1424
vn 0.2682 -0.7132 -0.6476
vn 0.0726 -0.9282 -0.3650
vn 0.1424 -0.9282 -0.3439
vn 0.7667 -0.3871 -0.5123
vn -0.9078 -0.3784 0.1806
vn -0.3268 0.9195 0.2183
vn -0.5929 0.7011 0.3962
vn 0.6476 -0.7133 -0.2682
vn 0.1367 0.7133 -0.6874
vn 0.3529 0.3871 -0.8519
vn 0.2682 0.7132 -0.6476
vn -0.7696 0.3784 0.5142
vn -0.7696 -0.3784 0.5142
vn -0.6545 -0.3784 0.6545
vn -0.5929 -0.7011 0.3962
vn 0.3095 0.9282 -0.2068
vn 0.6476 0.7132 -0.2682
vn -0.5042 0.7011 0.5042
vn -0.3268 -0.9195 0.2183
vn -0.0101 -0.9999 0.0068
vn 0.5123 0.3871 -0.7667
vn -0.6545 0.3784 0.6545
vn 0.3894 0.7133 -0.5828
vn 0.5828 0.7132 -0.3894
vn 0.6520 0.3871 -0.6520
vn -0.0086 -0.9999 0.0086
vn 0.3095 -0.9282 -0.2068
vn 0.2632 -0.9282 -0.2632
vn 0.2632 0.9282 -0.2632
vn 0.2068 0.9282 -0.3095
vn 0.6520 -0.3871 -0.6520
vn 0.5828 -0.7132 -0.3894
vn -0.0101 0.9999 0.0068
vn 0.3894 -0.7132 -0.5828
vn 0.5123 -0.3871 -0.7667
vn -0.5142 0.3784 0.7696
vn -0.2729 0.7011 0.6588
vn -0.3962 0.7011 0.5929
vn 0.6994 0.7011 0.1391
vn 0.2068 -0.9282 -0.3095
vn 0.4956 -0.7132 -0.4956
vn -0.2779 0.9195 0.2779
vn -0.0068 0.9999 0.0101
vn -0.0086 0.9999 0.0086
vn -0.2183 0.9195 0.3268
vn -0.0068 -0.9999 0.0101
vn 0.4956 0.7132 -0.4956
vn -0.5142 -0.3784 0.7696
vn 0.1424 0.9282 -0.3439
vn -0.2729 -0.7011 0.6588
vn -0.3962 -0.7011 0.5929
vn -0.1504 0.9195 0.3631
vn -0.0024 0.9999 0.0120
vn -0.0047 0.9999 0.0113
vn -0.0047 -0.9999 0.0113
vn -0.1504 -0.9195 0.3631
vn 0.3529 -0.3871 -0.8519
vn -0.1806 0.3784 0.9078
vn -0.3542 0.3785 0.8552
vn -0.0024 -0.9999 0.0120
vn -0.1799 -0.3871 -0.9043
vn -0.0767 0.9195 0.3854
vn -0.1391 0.7011 0.6994
vn 0.1367 -0.7132 -0.6874
vn -0.0000 0.7132 -0.7009
vn 0.0726 0.9282 -0.3650
vn -0.0000 0.9282 -0.3722
vn 0.1799 0.3871 -0.9043
vn -0.0000 0.9999 0.0122
vn -0.1806 -0.3784 0.9078
vn -0.1391 -0.7011 0.6994
vn -0.1367 0.7132 -0.6874
vn -0.0726 0.9282 -0.3650
vn -0.0000 0.3784 0.9256
vn -0.3542 -0.3784 0.8552
vn -0.0000 -0.9999 0.0122
vn -0.0000 0.9195 0.3930
vn -0.0000 0.7011 0.7131
vn 0.1391 0.7011 0.6994
vn 0.1806 0.3784 0.9078
vn -0.0000 0.3871 -0.9221
vn -0.1799 0.3871 -0.9043
vn -0.0000 -0.3784 0.9256
vn 0.5142 -0.3784 0.7696
vn 0.6545 -0.3784 0.6545
vn 0.3962 0.7011 0.5929
vn 0.2729 0.7011 0.6588
vn 0.1806 -0.3784 0.9078
vn -0.2682 -0.7132 -0.6476
vn -0.1367 -0.7132 -0.6874
vn -0.2682 0.7132 -0.6476
vn -0.1424 0.9282 -0.3439
vn 0.0047 0.9999 0.0113
vn 0.3542 0.3784 0.8552
vn -0.3529 0.3871 -0.8519
vn 0.2729 -0.7011 0.6588
vn 0.0767 -0.9195 0.3854
vn -0.2068 -0.9282 -0.3095
vn -0.3894 -0.7132 -0.5828
vn 0.0460 0.7641 0.6434
vn -0.1424 -0.9282 -0.3439
vn 0.9078 0.3784 0.1806
vn -0.2068 0.9282 -0.3095
vn 0.3542 -0.3784 0.8552
vn -0.3894 0.7133 -0.5828
vn -0.2632 -0.9282 -0.2632
vn -0.3095 -0.9282 -0.2068
vn -0.4956 0.7132 -0.4956
vn -0.5123 0.3871 -0.7667
vn -0.7523 -0.0000 -0.6588
vn 0.5142 0.3784 0.7696
vn 0.5042 0.7011 0.5042
vn 0.3196 -0.0000 -0.9476
vn 0.0068 -0.9999 0.0101
vn 0.0068 0.9999 0.0101
vn -0.2632 0.9282 -0.2632
vn 0.7696 0.3784 0.5142
vn 0.6545 0.3784 0.6545
vn -0.6520 0.3871 -0.6520
vn -0.5123 -0.3871 -0.7667
vn -0.4956 -0.7132 -0.4956
vn 0.0086 -0.9999 0.0086
vn 0.3268 0.9195 0.2183
vn 0.5929 0.7011 0.3962
vn 0.6588 0.7011 0.2729
vn 0.0120 -0.9999 0.0024
vn -0.3439 -0.9282 -0.1424
vn -0.3650 -0.9282 -0.0726
vn -0.5828 0.7132 -0.3894
vn 0.0086 0.9999 0.0086
vn 0.2779 0.9195 0.2779
vn -0.9078 -0.3784 -0.1806
vn -0.6520 -0.3871 -0.6520
vn -0.5828 -0.7132 -0.3894
vn -0.3095 0.9282 -0.2068
vn 0.2183 0.9195 0.3268
vn 0.0113 0.9999 0.0047
vn 0.0101 0.9999 0.0068
vn 0.0120 0.9999 0.0024
vn -0.3650 0.9282 -0.0726
vn 0.7696 -0.3784 0.5142
vn 0.5243 -0.0000 0.8516
vn 0.2869 -0.0000 0.9580
vn 0.6588 -0.7011 0.2729
vn -0.7667 0.3871 -0.5123
vn -0.7667 -0.3871 -0.5123
vn 0.3631 -0.9195 0.1504
vn 0.3854 0.9195 0.0767
vn 0.3631 0.9195 0.1504
vn 0.9078 -0.3784 0.1806
vn 0.8552 0.3784 0.3542
vn -0.4956 0.7132 0.4956
vn -0.3439 0.9282 -0.1424
vn 0.8552 -0.3784 0.3542
vn -0.3722 -0.9282 -0.0000
vn -0.0000 0.7138 -0.7004
vn -0.9043 -0.3871 -0.1799
vn 0.8724 -0.0000 -0.4889
vn 0.7523 -0.0000 -0.6588
vn 0.9493 -0.0000 -0.3143
vn -0.0000 1.0000 -0.0000
vn 0.6985 -0.0000 0.7156
vn -0.6919 0.5528 -0.4643
vn -0.5989 0.6165 -0.5111
vn -0.6923 0.5524 0.4643
vn -0.5835 0.5649 0.5835
vn -0.6925 0.5518 0.4647
vn 0.6923 0.5524 0.4643
vn 0.5835 0.5649 0.5835
vn 0.5831 0.5657 0.5831
vn 0.4643 0.5524 0.6923
vn 0.4647 0.5518 0.6925
vn -0.4643 0.5524 0.6923
vn -0.5831 0.5657 0.5831
vn 0.6919 0.5528 -0.4643
vn 0.5989 0.6165 -0.5111
vn 0.6922 0.5521 -0.4648
vn -0.3835 -0.4957 0.7792
vn -0.9290 -0.3695 0.0223
vn -0.7777 -0.1803 0.6022
vn -0.0460 0.7642 -0.6433
vn -0.0426 -0.7058 -0.7071
vn 0.6457 0.7622 -0.0459
vn -0.6457 0.7622 -0.0459
vn 0.9290 -0.3695 0.0223
vn 0.3832 -0.4956 0.7795
vn 0.7777 -0.1803 0.6022
vn 0.0422 -0.7016 -0.7113
vn 0.0426 -0.7058 0.7071
vn 0.0460 0.7642 -0.6433
vn -0.0460 0.7641 0.6434
vn -0.0426 -0.7058 0.7071
vn 0.9627 -0.0000 0.2705
vn 0.8724 -0.0000 0.4889
vn 0.8866 -0.0000 0.4625
vn 0.4905 0.6705 -0.5566
vn 0.2680 0.7138 -0.6470
vn -0.8724 -0.0000 0.4889
vn -0.8866 -0.0000 0.4625
vn -0.3878 -0.9201 0.0556
vn 0.0006 -0.7304 0.6830
vn -0.2869 -0.0000 0.9580
vn -0.5243 -0.0000 0.8515
vn -0.9478 -0.0000 -0.3189
vn -0.7775 -0.0000 -0.6289
vn 0.8527 -0.0000 0.5224
vn -0.3196 -0.0000 -0.9476
vn -1.0000 -0.0000 0.0099
vn -0.9618 -0.0000 0.2737
vn -0.5734 -0.0000 -0.8193
vn -0.0001 1.0000 -0.0000
vn 0.2082 0.9622 0.1753
vn 0.0623 -0.9980 0.0124
vn -0.0000 0.9982 -0.0600
vn -0.0601 0.9982 -0.0000
vn 0.0601 0.9982 -0.0000
vn -0.8724 -0.0000 -0.4889
vn -0.0623 -0.9980 0.0124
vn -0.8527 -0.0000 0.5224
vn -0.5243 -0.0000 0.8516
vn -0.7009 -0.0000 0.7132
vn -0.0000 1.0000 -0.0001
vn 0.0001 1.0000 -0.0000
vn 0.0459 0.7622 0.6457
vn -0.6922 0.5521 -0.4648
vn 0.6925 0.5518 0.4647
vn -0.4647 0.5518 0.6925
vn -0.0459 0.7623 -0.6456
vn -0.0422 -0.7016 -0.7113
vn 0.6434 0.7641 -0.0459
vn -0.6434 0.7641 -0.0459
vn 0.3878 -0.9201 0.0555
vn 0.0426 -0.7058 -0.7071
vn 0.0422 -0.7016 0.7113
vn 0.0459 0.7623 -0.6456
vn -0.0459 0.7622 0.6457
vn -0.0422 -0.7016 0.7113
vn -0.0001 1.0000 0.0001
vn 0.0603 -0.9981 -0.0120
vn 0.0603 -0.9982 -0.0000
vn -0.0603 -0.9982 -0.0000
vn -0.0603 -0.9981 -0.0120
vn -0.0001 1.0000 -0.0001
vn -0.0000 1.0000 0.0001
vn 0.0001 1.0000 0.0001
vn 0.0001 1.0000 -0.0001
vt 0.315918 0.053331
vt 0.311965 0.099550
vt 0.309598 0.053615
vt 0.944809 0.621497
vt 0.955751 0.441520
vt 0.955745 0.622155
vt 0.417149 0.053342
vt 0.421391 0.008203
vt 0.423593 0.053036
vt 0.672605 0.809809
vt 0.770303 0.770483
vt 0.772386 0.776778
vt 0.389984 0.049295
vt 0.381883 0.000810
vt 0.388156 0.000910
vt 0.375607 0.000970
vt 0.372347 0.050106
vt 0.369352 0.001525
vt 0.366454 0.050429
vt 0.313988 0.008157
vt 0.350836 0.004478
vt 0.348198 0.051537
vt 0.344718 0.005605
vt 0.341852 0.051934
vt 0.408110 0.324885
vt 0.401825 0.279509
vt 0.407754 0.279446
vt 0.328874 0.052684
vt 0.332462 0.007431
vt 0.335394 0.052319
vt 0.337709 0.098339
vt 0.320148 0.008199
vt 0.322360 0.053022
vt 0.400676 0.001621
vt 0.395991 0.049070
vt 0.394419 0.001210
vt 0.380211 0.096521
vt 0.376064 0.142917
vt 0.374428 0.096749
vt 0.326309 0.007965
vt 0.338597 0.006621
vt 0.356667 0.097489
vt 0.354409 0.051150
vt 0.384068 0.049540
vt 0.360487 0.050778
vt 0.362697 0.097231
vt 0.318253 0.099251
vt 0.324680 0.098943
vt 0.368604 0.096985
vt 0.378204 0.049809
vt 0.385999 0.096300
vt 0.391838 0.096083
vt 0.331190 0.098640
vt 0.350489 0.097759
vt 0.397773 0.095870
vt 0.393344 0.142388
vt 0.402127 0.048852
vt 0.403845 0.095660
vt 0.305841 0.099846
vt 0.399233 0.142217
vt 0.364419 0.143298
vt 0.356971 0.003354
vt 0.363140 0.002340
vt 0.339601 0.144185
vt 0.314030 0.145184
vt 0.320274 0.144935
vt 0.427563 0.732601
vt 0.436632 0.688219
vt 0.433720 0.733133
vt 0.495683 0.739321
vt 0.491224 0.691248
vt 0.497230 0.691472
vt 0.425899 0.641581
vt 0.417148 0.687214
vt 0.419469 0.641275
vt 0.353732 0.189391
vt 0.358432 0.143505
vt 0.359830 0.189221
vt 0.346011 0.143951
vt 0.341111 0.189751
vt 0.326657 0.144679
vt 0.344161 0.098046
vt 0.352297 0.143722
vt 0.387549 0.142561
vt 0.365782 0.189065
vt 0.370284 0.143105
vt 0.371611 0.188916
vt 0.315683 0.190530
vt 0.430110 0.687856
vt 0.432411 0.641885
vt 0.377356 0.188771
vt 0.381805 0.142737
vt 0.383060 0.188633
vt 0.366804 0.234585
vt 0.329437 0.235366
vt 0.321891 0.190336
vt 0.328239 0.190136
vt 0.333124 0.144429
vt 0.378322 0.234369
vt 0.360882 0.234695
vt 0.394526 0.188365
vt 0.400377 0.188230
vt 0.316935 0.235656
vt 0.323117 0.235515
vt 0.388769 0.188497
vt 0.334671 0.189941
vt 0.383997 0.234268
vt 0.361633 0.279980
vt 0.354812 0.234816
vt 0.309638 0.190733
vt 0.401225 0.233974
vt 0.396027 0.279573
vt 0.395404 0.234073
vt 0.405255 0.142053
vt 0.406360 0.188101
vt 0.367968 0.325109
vt 0.373313 0.279840
vt 0.373736 0.325076
vt 0.342250 0.235083
vt 0.348593 0.234948
vt 0.307951 0.145437
vt 0.389676 0.234170
vt 0.443093 0.688605
vt 0.438932 0.642186
vt 0.445385 0.642481
vt 0.343062 0.280236
vt 0.379008 0.279770
vt 0.372605 0.234476
vt 0.330291 0.280423
vt 0.355584 0.280060
vt 0.505098 0.644872
vt 0.500478 0.598305
vt 0.506500 0.598474
vt 0.390321 0.279637
vt 0.335840 0.235223
vt 0.380218 0.644005
vt 0.372355 0.690433
vt 0.374432 0.643777
vt 0.407177 0.233875
vt 0.379421 0.325043
vt 0.384663 0.279703
vt 0.385064 0.325008
vt 0.946388 0.208792
vt 0.943836 0.202062
vt 0.947690 0.207938
vt 0.311828 0.280707
vt 0.310915 0.235803
vt 0.367534 0.279908
vt 0.343543 0.325273
vt 0.349385 0.280149
vt 0.349853 0.325231
vt 0.324508 0.325416
vt 0.330796 0.325367
vt 0.356040 0.325188
vt 0.362077 0.325143
vt 0.368122 0.370255
vt 0.336672 0.280329
vt 0.396406 0.324942
vt 0.402193 0.324913
vt 0.350020 0.370250
vt 0.356202 0.370253
vt 0.312368 0.325504
vt 0.317828 0.280615
vt 0.318357 0.325460
vt 0.323991 0.280523
vt 0.362235 0.370252
vt 0.379568 0.370257
vt 0.385207 0.370256
vt 0.318545 0.370252
vt 0.324692 0.370256
vt 0.343715 0.370252
vt 0.373887 0.370257
vt 0.501631 0.552292
vt 0.494590 0.598129
vt 0.495780 0.552156
vt 0.407213 0.506648
vt 0.401859 0.461012
vt 0.407789 0.461074
vt 0.337342 0.370253
vt 0.390851 0.370254
vt 0.390711 0.324975
vt 0.330976 0.370254
vt 0.501919 0.001648
vt 0.497220 0.049085
vt 0.495664 0.001235
vt 0.497787 0.370271
vt 0.503454 0.324931
vt 0.503569 0.370271
vt 0.337166 0.325320
vt 0.362102 0.415363
vt 0.367993 0.415404
vt 0.312387 0.414993
vt 0.318377 0.415045
vt 0.324528 0.415096
vt 0.402325 0.370256
vt 0.323147 0.504994
vt 0.317863 0.459888
vt 0.324025 0.459989
vt 0.379447 0.415474
vt 0.343096 0.460275
vt 0.349876 0.415275
vt 0.349419 0.460364
vt 0.396542 0.370254
vt 0.390739 0.415538
vt 0.356064 0.415320
vt 0.373762 0.415439
vt 0.337187 0.415188
vt 0.396434 0.415569
vt 0.390354 0.460880
vt 0.355619 0.460448
vt 0.335868 0.505289
vt 0.336706 0.460183
vt 0.311958 0.640964
vt 0.320279 0.595576
vt 0.318247 0.641268
vt 0.373347 0.460677
vt 0.385091 0.415507
vt 0.402222 0.415604
vt 0.396060 0.460945
vt 0.379042 0.460748
vt 0.384696 0.460815
vt 0.408140 0.415634
vt 0.496680 0.506448
vt 0.502500 0.506548
vt 0.348622 0.505567
vt 0.361667 0.460528
vt 0.343565 0.415233
vt 0.367568 0.460608
vt 0.360912 0.505814
vt 0.330817 0.415143
vt 0.330324 0.460088
vt 0.366836 0.505935
vt 0.372637 0.506042
vt 0.378354 0.506148
vt 0.503105 0.461012
vt 0.310946 0.504699
vt 0.311863 0.459792
vt 0.347495 0.550946
vt 0.342278 0.505431
vt 0.408238 0.370260
vt 0.389710 0.506351
vt 0.395439 0.506451
vt 0.354842 0.505692
vt 0.401260 0.506552
vt 0.359842 0.551292
vt 0.365793 0.551454
vt 0.346017 0.596563
vt 0.341123 0.550762
vt 0.371622 0.551605
vt 0.377367 0.551747
vt 0.321904 0.550171
vt 0.316965 0.504841
vt 0.388779 0.552024
vt 0.384030 0.506251
vt 0.334683 0.550570
vt 0.394536 0.552161
vt 0.329466 0.505144
vt 0.400387 0.552298
vt 0.352303 0.596792
vt 0.344159 0.642473
vt 0.431562 0.460091
vt 0.438435 0.415192
vt 0.437946 0.460186
vt 0.370291 0.597415
vt 0.309648 0.549772
vt 0.328252 0.550374
vt 0.368606 0.643543
vt 0.376071 0.597599
vt 0.935157 0.195248
vt 0.925450 0.194086
vt 0.925879 0.192589
vt 0.333130 0.596082
vt 0.358439 0.597010
vt 0.344728 0.734934
vt 0.341855 0.688597
vt 0.348204 0.688988
vt 0.353744 0.551121
vt 0.387555 0.597956
vt 0.393349 0.598131
vt 0.339607 0.596327
vt 0.405259 0.598474
vt 0.406370 0.552424
vt 0.399237 0.598306
vt 0.439862 0.733939
vt 0.381811 0.597780
vt 0.509369 0.415642
vt 0.509035 0.461079
vt 0.307955 0.595071
vt 0.315694 0.549971
vt 0.314035 0.595326
vt 0.350488 0.642755
vt 0.326663 0.595831
vt 0.356667 0.643030
vt 0.364426 0.597218
vt 0.362697 0.643293
vt 0.468813 0.460610
vt 0.463343 0.415371
vt 0.469232 0.415412
vt 0.331186 0.641876
vt 0.386009 0.644226
vt 0.391852 0.644444
vt 0.383071 0.551888
vt 0.397790 0.644661
vt 0.354417 0.689379
vt 0.335395 0.688208
vt 0.337706 0.642177
vt 0.403862 0.644871
vt 0.360494 0.689759
vt 0.366462 0.690111
vt 0.389992 0.691245
vt 0.396000 0.691474
vt 0.322357 0.687505
vt 0.324675 0.641571
vt 0.363150 0.738197
vt 0.402136 0.691683
vt 0.328873 0.687843
vt 0.497665 0.415576
vt 0.309594 0.686905
vt 0.445968 0.005616
vt 0.443087 0.051947
vt 0.439846 0.006630
vt 0.332467 0.733109
vt 0.338606 0.733918
vt 0.381893 0.739727
vt 0.388166 0.739627
vt 0.301694 0.733001
vt 0.307840 0.732637
vt 0.394430 0.739326
vt 0.350847 0.736060
vt 0.356981 0.737183
vt 0.326313 0.732576
vt 0.320151 0.732342
vt 0.312558 0.370248
vt 0.425942 0.370261
vt 0.432057 0.325380
vt 0.432226 0.370263
vt 0.315914 0.687196
vt 0.313991 0.732385
vt 0.772763 0.741409
vt 0.768358 0.723802
vt 0.772763 0.723183
vt 0.369362 0.739012
vt 0.473581 0.050118
vt 0.476855 0.000990
vt 0.479437 0.049822
vt 0.491214 0.049310
vt 0.483129 0.000831
vt 0.489400 0.000933
vt 0.413641 0.415004
vt 0.419794 0.370262
vt 0.419630 0.415052
vt 0.461724 0.050793
vt 0.464390 0.002356
vt 0.467691 0.050442
vt 0.455646 0.051163
vt 0.458221 0.003368
vt 0.470600 0.001544
vt 0.502486 0.233988
vt 0.495764 0.188386
vt 0.501613 0.188250
vt 0.436628 0.052335
vt 0.433707 0.007438
vt 0.427553 0.007971
vt 0.469835 0.097004
vt 0.475660 0.096767
vt 0.415230 0.008160
vt 0.410830 0.053633
vt 0.409079 0.007907
vt 0.404656 0.053904
vt 0.430107 0.052700
vt 0.438937 0.098356
vt 0.457896 0.097504
vt 0.449434 0.051548
vt 0.440842 0.144203
vt 0.432419 0.098657
vt 0.487235 0.096316
vt 0.493076 0.096097
vt 0.451718 0.097775
vt 0.499012 0.095887
vt 0.463926 0.097251
vt 0.503355 0.048873
vt 0.425909 0.098962
vt 0.407068 0.099868
vt 0.413193 0.099571
vt 0.425255 0.280536
vt 0.419619 0.325473
vt 0.419093 0.280633
vt 0.437936 0.280343
vt 0.438427 0.325332
vt 0.427896 0.144699
vt 0.434365 0.144448
vt 0.485300 0.049554
vt 0.465663 0.143319
vt 0.471528 0.143129
vt 0.419481 0.099267
vt 0.451113 0.325243
vt 0.444325 0.280251
vt 0.450647 0.280161
vt 0.481445 0.096538
vt 0.477308 0.142943
vt 0.484301 0.188654
vt 0.488794 0.142586
vt 0.490008 0.188518
vt 0.494589 0.142413
vt 0.453539 0.143740
vt 0.445389 0.098063
vt 0.472853 0.188937
vt 0.500479 0.142243
vt 0.506501 0.142074
vt 0.505084 0.095681
vt 0.409190 0.145459
vt 0.443507 0.235097
vt 0.437097 0.235238
vt 0.478598 0.188793
vt 0.485258 0.234285
vt 0.483049 0.142762
vt 0.449850 0.234962
vt 0.447253 0.143970
vt 0.442356 0.189769
vt 0.410886 0.190754
vt 0.415269 0.145205
vt 0.416931 0.190550
vt 0.454975 0.189407
vt 0.456071 0.234833
vt 0.429487 0.190156
vt 0.421513 0.144954
vt 0.459675 0.143522
vt 0.424375 0.235532
vt 0.430695 0.235383
vt 0.479582 0.234387
vt 0.474576 0.279854
vt 0.473866 0.234493
vt 0.458244 0.737197
vt 0.467698 0.690120
vt 0.464411 0.738207
vt 0.418192 0.235675
vt 0.423140 0.190355
vt 0.467024 0.189084
vt 0.462142 0.234715
vt 0.461073 0.189241
vt 0.468065 0.234604
vt 0.412173 0.235822
vt 0.435917 0.189960
vt 0.448728 0.189586
vt 0.490937 0.234185
vt 0.485925 0.279719
vt 0.507595 0.188120
vt 0.456846 0.280081
vt 0.497288 0.279589
vt 0.496666 0.234089
vt 0.468797 0.279930
vt 0.463338 0.325172
vt 0.462896 0.280006
vt 0.509016 0.279462
vt 0.508439 0.233892
vt 0.413093 0.280725
vt 0.503086 0.279525
vt 0.431554 0.280439
vt 0.480681 0.325056
vt 0.480271 0.279786
vt 0.509371 0.324899
vt 0.413631 0.325520
vt 0.432067 0.415145
vt 0.438591 0.370263
vt 0.469228 0.325130
vt 0.474996 0.325090
vt 0.425770 0.325425
vt 0.451268 0.370265
vt 0.457300 0.325206
vt 0.457450 0.370269
vt 0.444803 0.325287
vt 0.463482 0.370273
vt 0.491971 0.324990
vt 0.497666 0.324958
vt 0.451121 0.415282
vt 0.457307 0.415327
vt 0.480813 0.370271
vt 0.486324 0.325023
vt 0.486453 0.370271
vt 0.491583 0.279653
vt 0.509481 0.370271
vt 0.469367 0.370273
vt 0.475132 0.370273
vt 0.452087 0.004491
vt 0.475000 0.415450
vt 0.480683 0.415481
vt 0.444963 0.370263
vt 0.444812 0.415237
vt 0.492096 0.370271
vt 0.484314 0.551884
vt 0.490952 0.506349
vt 0.490022 0.552021
vt 0.473881 0.506041
vt 0.474592 0.460681
vt 0.491971 0.415545
vt 0.425260 0.459992
vt 0.378212 0.690730
vt 0.425780 0.415095
vt 0.450661 0.460366
vt 0.456861 0.460455
vt 0.462911 0.460534
vt 0.480287 0.460748
vt 0.444337 0.460278
vt 0.497306 0.460945
vt 0.486326 0.415514
vt 0.485942 0.460815
vt 0.503451 0.415607
vt 0.418216 0.504849
vt 0.424397 0.505002
vt 0.939973 0.621309
vt 0.944814 0.440862
vt 0.413096 0.459799
vt 0.419096 0.459895
vt 0.479446 0.690738
vt 0.470620 0.739018
vt 0.473589 0.690443
vt 0.456090 0.505701
vt 0.491600 0.460880
vt 0.449871 0.505571
vt 0.485273 0.506249
vt 0.409189 0.595071
vt 0.416935 0.549973
vt 0.415269 0.595327
vt 0.437117 0.505296
vt 0.448735 0.550950
vt 0.443527 0.505438
vt 0.840871 0.723183
vt 0.840871 0.741409
vt 0.479597 0.506146
vt 0.472864 0.551600
vt 0.948821 0.226056
vt 0.950273 0.215320
vt 0.950378 0.226041
vt 0.508452 0.506649
vt 0.462159 0.505819
vt 0.454984 0.551126
vt 0.477311 0.597598
vt 0.478609 0.551743
vt 0.442363 0.550767
vt 0.434365 0.596087
vt 0.435924 0.550575
vt 0.412198 0.504702
vt 0.840871 0.704956
vt 0.430715 0.505152
vt 0.423145 0.550174
vt 0.507615 0.552424
vt 0.465665 0.597217
vt 0.471530 0.597412
vt 0.469838 0.643545
vt 0.404651 0.686644
vt 0.413178 0.640971
vt 0.410827 0.686924
vt 0.483051 0.597780
vt 0.447253 0.596570
vt 0.461083 0.551287
vt 0.467035 0.551446
vt 0.384077 0.690998
vt 0.429493 0.550377
vt 0.421513 0.595579
vt 0.453540 0.596800
vt 0.468081 0.505930
vt 0.457895 0.643039
vt 0.459677 0.597009
vt 0.455654 0.689394
vt 0.445987 0.734953
vt 0.449442 0.689002
vt 0.488795 0.597956
vt 0.481451 0.644010
vt 0.898458 0.202301
vt 0.896315 0.208456
vt 0.895009 0.207607
vt 0.493086 0.644448
vt 0.440842 0.596333
vt 0.427897 0.595835
vt 0.499025 0.644661
vt 0.407052 0.640668
vt 0.461731 0.689771
vt 0.463927 0.643302
vt 0.485310 0.691004
vt 0.475665 0.643781
vt 0.347483 0.189569
vt 0.452108 0.736076
vt 0.451715 0.642768
vt 0.483149 0.739727
vt 0.487243 0.644231
vt 0.409082 0.732666
vt 0.765689 0.705850
vt 0.772664 0.722689
vt 0.503366 0.691684
vt 0.501939 0.738907
vt 0.423593 0.687521
vt 0.415234 0.732413
vt 0.783721 0.650276
vt 0.840871 0.668503
vt 0.772763 0.650276
vt 0.305833 0.640667
vt 0.670521 0.816104
vt 0.772386 0.842840
vt 0.770303 0.849135
vt 0.758705 0.809809
vt 0.762260 0.827685
vt 0.898708 0.202005
vt 0.904313 0.198958
vt 0.899763 0.203150
vt 0.766045 0.758885
vt 0.768358 0.743447
vt 0.773003 0.742039
vt 0.734766 0.779786
vt 0.716960 0.776014
vt 0.737848 0.776055
vt 0.685267 0.705706
vt 0.681938 0.723600
vt 0.678307 0.722551
vt 0.678166 0.741406
vt 0.681898 0.744487
vt 0.699066 0.772685
vt 0.715911 0.779646
vt 0.476875 0.739570
vt 0.716547 0.684807
vt 0.731695 0.688578
vt 0.713465 0.688537
vt 0.902592 0.920852
vt 0.722163 0.916426
vt 0.903023 0.916421
vt 0.914890 0.253731
vt 0.910049 0.434178
vt 0.910055 0.253544
vt 0.895846 0.441520
vt 0.891420 0.621724
vt 0.891441 0.441708
vt 0.721505 0.867458
vt 0.902178 0.872299
vt 0.721318 0.872277
vt 0.902178 0.900649
vt 0.721505 0.905490
vt 0.721318 0.900671
vt 0.722163 0.856522
vt 0.902592 0.852097
vt 0.903023 0.856527
vt 0.899112 0.433520
vt 0.894686 0.253316
vt 0.899117 0.252885
vt 0.959017 0.433520
vt 0.963442 0.253316
vt 0.963421 0.433332
vt 0.906784 0.440862
vt 0.911624 0.621309
vt 0.906789 0.621496
vt 0.948080 0.434178
vt 0.943239 0.253731
vt 0.948075 0.253544
vt 0.960176 0.621724
vt 0.960155 0.441708
vt 0.915846 0.192528
vt 0.915846 0.194086
vt 0.783721 0.613823
vt 0.772764 0.595597
vt 0.847502 0.613823
vt 0.902365 0.867464
vt 0.735264 0.685288
vt 0.749845 0.696096
vt 0.772763 0.686730
vt 0.840871 0.686730
vt 0.786841 0.574195
vt 0.847502 0.559144
vt 0.783721 0.577370
vt 0.772764 0.796089
vt 0.783721 0.796089
vt 0.847502 0.814315
vt 0.902365 0.905484
vt 0.786841 0.647102
vt 0.847502 0.632050
vt 0.722350 0.920831
vt 0.899659 0.935615
vt 0.902588 0.950378
vt 0.786841 0.632050
vt 0.786841 0.616998
vt 0.375617 0.739567
vt 0.893460 0.227415
vt 0.893696 0.233928
vt 0.891963 0.227842
vt 0.926721 0.249918
vt 0.936562 0.247771
vt 0.927284 0.251370
vt 0.909689 0.195650
vt 0.903497 0.197632
vt 0.908873 0.194324
vt 0.893405 0.217712
vt 0.891903 0.227424
vt 0.891848 0.217721
vt 0.909305 0.194141
vt 0.915462 0.192576
vt 0.945564 0.236271
vt 0.950305 0.226529
vt 0.947048 0.236744
vt 0.891920 0.217245
vt 0.894829 0.207989
vt 0.926691 0.251475
vt 0.917072 0.249728
vt 0.907435 0.248388
vt 0.916613 0.251216
vt 0.942534 0.202916
vt 0.935693 0.195524
vt 0.943500 0.201694
vt 0.303426 0.053886
vt 0.307837 0.007906
vt 0.702924 0.715368
vt 0.699424 0.720670
vt 0.941412 0.241839
vt 0.946812 0.237202
vt 0.942660 0.242770
vt 0.923078 0.207954
vt 0.934728 0.196745
vt 0.014543 0.015128
vt 0.014697 0.015050
vt 0.014697 0.016330
vt 0.879923 0.256249
vt 0.894707 0.433332
vt 0.865160 0.253320
vt 0.761857 0.708108
vt 0.752521 0.692543
vt 0.765409 0.705431
vt 0.783721 0.832542
vt 0.772764 0.814315
vt 0.847502 0.832542
vt 0.786841 0.835717
vt 0.847502 0.850768
vt 0.943261 0.434365
vt 0.914867 0.434365
vt 0.847502 0.577370
vt 0.911601 0.440675
vt 0.939996 0.440675
vt 0.783721 0.759636
vt 0.847502 0.759636
vt 0.876657 0.618791
vt 0.861894 0.621720
vt 0.786841 0.762811
vt 0.847502 0.777862
vt 0.786841 0.792914
vt 0.948716 0.215336
vt 0.947855 0.208270
vt 0.950183 0.214814
vt 0.935999 0.246320
vt 0.942405 0.243038
vt 0.936992 0.247519
vt 0.902498 0.243558
vt 0.907074 0.248223
vt 0.901678 0.244881
vt 0.772763 0.668503
vt 0.752989 0.740428
vt 0.761419 0.760305
vt 0.895193 0.233501
vt 0.896961 0.239630
vt 0.893848 0.234285
vt 0.918889 0.235775
vt 0.898306 0.238847
vt 0.901335 0.244593
vt 0.897143 0.239882
vt 0.670521 0.803514
vt 0.489420 0.739625
vt 0.303419 0.686634
vt 0.400685 0.738916
vt 0.413808 0.370263
vt 0.402934 0.007543
vt 0.410890 0.549772
vt 0.772763 0.704956
vt 0.402934 0.733031
vt 0.421398 0.732368
vt 0.847502 0.650276
vt 0.847502 0.668503
vt 0.762260 0.791933
vt 0.903257 0.197813
vt 0.716540 0.779771
vt 0.689894 0.704287
vt 0.678182 0.723180
vt 0.697648 0.768059
vt 0.734773 0.684825
vt 0.895851 0.622155
vt 0.722350 0.852117
vt 0.959011 0.252885
vt 0.925450 0.192528
vt 0.772764 0.613823
vt 0.847502 0.595597
vt 0.752103 0.692263
vt 0.786841 0.559144
vt 0.847502 0.796089
vt 0.722347 0.950355
vt 0.917041 0.251284
vt 0.907894 0.246900
vt 0.301694 0.007544
vt 0.697675 0.726735
vt 0.697133 0.732897
vt 0.935234 0.216372
vt 0.865183 0.433336
vt 0.772764 0.832542
vt 0.786841 0.850768
vt 0.772764 0.577370
vt 0.772763 0.759636
vt 0.847502 0.741409
vt 0.861917 0.441704
vt 0.786841 0.777862
vt 0.698155 0.739142
vt 0.702234 0.747946
vt 0.710026 0.708903
vt 0.708807 0.755084
vt 0.718677 0.704624
vt 0.728603 0.703932
vt 0.714185 0.758418
vt 0.720086 0.760275
vt 0.735409 0.705683
vt 0.741536 0.708954
vt 0.726357 0.760937
vt 0.732596 0.759776
vt 0.748830 0.716811
vt 0.741287 0.755689
vt 0.753298 0.726558
vt 0.753976 0.733470
vt 0.748551 0.749334
vt 0.909096 0.212327
vt 0.932985 0.231310
vt 0.906814 0.227479
s 1
usemtl HandleSurface
f 50/1/1 67/2/2 51/3/3
s 0
f 555/4/4 585/5/4 568/6/4
s 1
f 306/7/5 289/8/6 305/9/7
s 0
f 23/10/8 14/11/8 20/12/8
s 1
f 54/13/9 39/14/10 38/15/11
f 24/16/12 41/17/13 25/18/14
f 42/19/15 25/18/14 41/17/13
f 51/3/3 34/20/16 50/1/1
f 28/21/17 45/22/18 29/23/19
f 46/24/20 29/23/19 45/22/18
f 148/25/21 133/26/22 132/27/23
f 48/28/24 31/29/25 47/30/26
f 46/24/20 63/31/27 47/30/26
f 50/1/1 33/32/28 49/33/29
f 36/34/30 53/35/31 37/36/32
f 56/37/33 73/38/34 57/39/35
f 49/33/29 32/40/36 48/28/24
f 47/30/26 30/41/37 46/24/20
f 60/42/38 45/22/18 44/43/39
f 55/44/40 24/16/12 39/14/10
f 60/42/38 43/45/41 59/46/42
f 66/47/43 49/33/29 65/48/44
f 59/46/42 42/19/15 58/49/45
f 58/49/45 41/17/13 57/39/35
f 53/35/31 38/15/11 37/36/32
f 56/37/33 41/17/13 40/50/46
f 71/51/47 54/13/9 70/52/48
f 63/31/27 48/28/24 47/30/26
f 65/48/44 48/28/24 64/53/49
f 61/54/50 46/24/20 45/22/18
f 70/52/48 53/35/31 69/55/51
f 86/56/52 71/51/47 70/52/48
f 69/55/51 52/57/53 68/58/54
f 68/59/54 51/3/3 67/2/2
f 85/60/55 70/52/48 69/55/51
f 75/61/56 60/42/38 59/46/42
f 56/37/33 55/44/40 71/51/47
f 42/19/15 27/62/57 26/63/58
f 79/64/59 64/53/49 63/31/27
f 83/65/60 66/47/43 82/66/61
f 32/67/36 527/68/62 31/69/25
f 83/65/60 68/59/54 67/2/2
f 37/70/32 534/71/63 533/72/64
f 513/73/65 530/74/66 514/75/67
f 93/76/68 76/77/69 92/78/70
f 78/79/71 95/80/72 79/64/59
f 81/81/73 66/47/43 65/48/44
f 62/82/74 79/64/59 63/31/27
f 68/58/54 85/60/55 69/55/51
f 78/79/71 61/54/50 77/83/75
f 75/61/56 92/78/70 76/77/69
f 87/84/76 56/37/33 71/51/47
f 91/85/77 74/86/78 90/87/79
f 82/66/61 99/88/80 83/65/60
f 528/89/81 513/73/65 512/90/82
f 89/91/83 72/92/84 88/93/85
f 90/87/79 107/94/86 91/85/77
f 64/53/49 81/81/73 65/48/44
f 113/95/87 98/96/88 97/97/89
f 95/80/72 80/98/90 79/64/59
f 93/76/68 78/79/71 77/83/75
f 97/97/89 82/66/61 81/81/73
f 80/98/90 97/97/89 81/81/73
f 105/99/91 90/87/79 89/91/83
f 108/100/92 91/85/77 107/94/86
f 102/101/93 85/60/55 101/102/94
f 115/103/95 98/96/88 114/104/96
f 88/93/85 87/84/76 103/105/97
f 96/106/98 113/95/87 97/97/89
f 104/107/99 89/91/83 88/93/85
f 124/108/100 109/109/101 108/100/92
f 115/103/95 100/110/102 99/88/80
f 92/78/70 109/109/101 93/76/68
f 117/111/103 134/112/104 118/113/105
f 101/102/94 84/114/106 100/115/102
f 139/116/107 122/117/108 138/118/109
f 111/119/110 96/106/98 95/80/72
f 110/120/111 93/76/68 109/109/101
f 117/111/103 102/101/93 101/102/94
f 83/65/60 100/110/102 84/121/106
f 104/107/99 103/105/97 119/122/112
f 526/123/113 511/124/114 510/125/115
f 110/120/111 127/126/116 111/119/110
f 121/127/117 106/128/118 105/99/91
f 121/127/117 138/118/109 122/117/108
f 104/107/99 121/127/117 105/99/91
f 129/129/119 114/104/96 113/95/87
f 125/130/120 110/120/111 109/109/101
f 516/131/121 501/132/122 500/133/123
f 118/113/105 135/134/124 119/122/112
f 127/126/116 112/135/125 111/119/110
f 248/136/82 265/137/126 249/138/127
f 112/135/125 129/129/119 113/95/87
f 133/26/22 116/139/128 132/27/23
f 137/140/129 120/141/130 136/142/131
f 633/143/132 542/144/133 632/145/132
f 115/103/95 132/146/23 116/147/128
f 123/148/134 108/100/92 107/94/86
f 143/149/135 126/150/136 142/151/137
f 135/134/124 104/107/99 119/122/112
f 106/128/118 123/148/134 107/94/86
f 125/130/120 142/151/137 126/150/136
f 146/152/138 129/129/119 145/153/139
f 141/154/140 124/108/100 140/155/141
f 123/148/134 140/155/141 124/108/100
f 155/156/142 140/155/141 139/116/107
f 143/149/135 128/157/143 127/126/116
f 150/158/144 135/134/124 134/112/104
f 150/158/144 133/26/22 149/159/145
f 158/160/146 141/154/140 157/161/147
f 117/111/103 100/115/102 116/139/128
f 148/162/21 131/163/148 147/164/149
f 146/152/138 131/163/148 130/165/150
f 58/49/45 75/61/56 59/46/42
f 156/166/151 141/154/140 140/155/141
f 153/167/152 136/142/131 152/168/153
f 163/169/154 146/152/138 162/170/155
f 142/151/137 159/171/156 143/149/135
f 155/156/142 138/118/109 154/172/157
f 154/172/157 137/140/129 153/167/152
f 485/173/158 502/174/159 486/175/160
f 212/176/161 197/177/162 196/178/163
f 160/179/4 143/149/135 159/171/156
f 150/158/144 167/180/164 151/181/165
f 162/170/155 145/153/139 161/182/166
f 292/183/167 309/184/168 293/185/169
f 422/186/170 405/187/171 421/188/172
f 161/182/166 144/189/173 160/179/4
f 172/190/174 155/156/142 171/191/175
f 180/192/176 163/169/154 179/193/177
f 161/182/166 178/194/178 162/170/155
f 165/195/179 150/158/144 149/159/145
f 210/196/180 195/197/181 194/198/182
f 152/168/153 169/199/183 153/167/152
f 191/200/184 174/201/185 190/202/186
f 166/203/187 183/204/188 167/180/164
f 174/201/185 157/161/147 173/205/189
f 170/206/190 155/156/142 154/172/157
f 159/171/156 176/207/191 160/179/4
f 174/201/185 159/171/156 158/160/146
f 182/208/192 199/209/193 183/204/188
f 190/202/186 173/205/189 189/210/194
f 191/200/184 208/211/195 192/212/196
f 259/213/197 242/214/198 258/215/199
f 178/194/178 163/169/154 162/170/155
f 186/216/200 171/191/175 170/206/190
f 168/217/201 167/180/164 183/204/188
f 181/218/202 198/219/203 182/208/192
f 185/220/204 170/206/190 169/199/183
f 185/220/204 168/217/201 184/221/205
f 196/178/163 181/218/202 180/222/176
f 485/173/158 470/223/206 469/224/207
f 206/225/208 191/200/184 190/202/186
f 189/210/194 172/190/174 188/226/209
f 175/227/210 192/212/196 176/207/191
f 187/228/211 204/229/212 188/226/209
f 194/198/182 177/230/213 193/231/214
f 203/232/215 186/216/200 202/233/216
f 195/197/181 178/194/178 194/198/182
f 192/212/196 177/230/213 176/207/191
f 187/228/211 172/190/174 171/191/175
f 184/221/205 201/234/217 185/220/204
f 193/231/214 210/196/180 194/198/182
f 199/209/193 168/217/201 183/204/188
f 470/223/206 453/235/218 469/224/207
f 201/234/217 186/216/200 185/220/204
f 195/197/181 212/236/161 196/237/163
f 204/229/212 189/210/194 188/226/209
f 222/238/219 207/239/220 206/225/208
f 165/195/179 182/208/192 166/203/187
f 181/218/202 164/240/221 180/222/176
f 189/210/194 206/225/208 190/202/186
f 208/211/195 193/231/214 192/212/196
f 215/241/222 198/219/203 214/242/223
f 176/207/191 161/182/166 160/179/4
f 205/243/224 222/238/219 206/225/208
f 213/244/225 198/219/203 197/177/162
f 220/245/226 205/243/224 204/229/212
f 169/199/183 154/172/157 153/167/152
f 215/241/222 184/221/205 199/209/193
f 220/245/226 203/232/215 219/246/227
f 238/247/228 223/248/229 222/238/219
f 218/249/230 203/232/215 202/233/216
f 218/249/230 201/234/217 217/250/231
f 226/251/232 211/252/233 210/196/180
f 231/253/234 200/254/235 215/241/222
f 207/239/220 224/255/236 208/211/195
f 231/253/234 214/242/223 230/256/237
f 209/257/238 226/251/232 210/196/180
f 212/176/161 229/258/239 213/244/225
f 237/259/240 254/260/241 238/247/228
f 449/261/242 432/262/201 448/263/205
f 234/264/243 219/246/227 218/249/230
f 211/252/233 228/265/244 212/236/161
f 225/266/245 208/211/195 224/255/236
f 250/267/246 233/268/247 249/138/127
f 544/269/248 620/270/249 597/271/249
f 240/272/250 225/266/245 224/255/236
f 219/246/227 236/273/251 220/245/226
f 285/274/252 270/275/253 269/276/254
f 236/273/251 221/277/255 220/245/226
f 247/278/256 230/256/237 246/279/257
f 240/272/250 223/248/229 239/280/258
f 244/281/259 229/258/239 228/282/244
f 246/279/257 229/258/239 245/283/260
f 30/284/37 527/68/62 526/123/113
f 248/136/82 233/268/247 232/285/261
f 453/235/218 436/286/262 452/287/263
f 225/266/245 242/214/198 226/251/232
f 254/260/241 239/280/258 238/247/228
f 232/285/261 231/253/234 247/278/256
f 244/288/259 227/289/264 243/290/265
f 236/273/251 253/291/266 237/259/240
f 241/292/267 258/215/199 242/214/198
f 252/293/268 235/294/269 251/295/270
f 217/250/231 234/264/243 218/249/230
f 443/296/271 428/297/272 427/298/273
f 259/213/197 244/288/259 243/290/265
f 239/280/258 256/299/274 240/272/250
f 263/300/275 246/279/257 262/301/276
f 233/268/247 216/302/277 232/285/261
f 262/301/276 245/283/260 261/303/278
f 269/276/254 252/293/268 268/304/279
f 254/260/241 271/305/280 255/306/281
f 261/303/278 244/281/259 260/307/282
f 267/308/283 252/293/268 251/295/270
f 200/254/235 217/250/231 201/234/217
f 267/308/283 250/267/246 266/309/284
f 278/310/285 263/300/275 262/301/276
f 249/138/127 266/309/284 250/267/246
f 247/278/256 248/136/82 232/285/261
f 277/311/286 262/301/276 261/303/278
f 273/312/287 258/215/199 257/313/288
f 269/276/254 254/260/241 253/291/266
f 282/314/289 267/308/283 266/309/284
f 277/311/286 260/307/282 276/315/290
f 272/316/291 257/313/288 256/299/274
f 151/181/165 120/141/130 135/134/124
f 421/188/172 438/317/292 422/186/170
f 258/215/199 275/318/293 259/213/197
f 255/306/281 272/316/291 256/299/274
f 268/304/279 285/274/252 269/276/254
f 285/319/252 302/320/294 286/321/295
f 287/322/296 270/275/253 286/323/295
f 295/324/297 278/310/285 294/325/298
f 292/326/167 275/318/293 291/327/299
f 276/315/290 293/328/169 277/311/286
f 284/329/300 267/308/283 283/330/301
f 277/311/286 294/325/298 278/310/285
f 288/331/12 271/305/280 287/322/296
f 272/316/291 289/332/6 273/312/287
f 164/333/221 147/164/149 163/169/154
f 418/334/302 401/335/303 417/336/304
f 274/337/305 291/327/299 275/318/293
f 290/338/306 273/312/287 289/332/6
f 559/339/307 610/340/308 563/341/308
f 282/314/289 265/137/126 281/342/309
f 297/343/310 280/344/36 296/345/24
f 310/346/311 295/347/297 294/348/298
f 436/349/262 419/350/312 435/351/313
f 299/352/314 282/353/289 298/354/315
f 300/355/316 283/356/301 299/352/314
f 281/357/309 298/354/315 282/353/289
f 373/358/317 358/359/318 357/360/319
f 286/321/295 303/361/320 287/362/296
f 288/363/12 305/9/7 289/8/6
f 314/364/321 297/343/310 313/365/322
f 290/366/306 307/367/323 291/368/299
f 308/369/324 291/368/299 307/367/323
f 304/370/46 287/362/296 303/361/320
f 302/320/294 319/371/325 303/361/320
f 316/372/326 301/373/327 300/355/316
f 335/374/328 320/375/33 319/371/325
f 327/376/329 310/346/311 326/377/330
f 317/378/331 302/320/294 301/373/327
f 326/377/330 309/184/168 325/379/332
f 316/372/326 299/352/314 315/380/333
f 308/381/324 325/379/332 309/184/168
f 319/371/325 304/370/46 303/361/320
f 321/382/334 304/370/46 320/375/33
f 307/367/323 324/383/335 308/369/324
f 306/7/5 323/384/336 307/367/323
f 386/385/337 403/386/338 387/387/339
f 401/335/303 384/388/130 400/389/131
f 337/390/340 320/375/33 336/391/84
f 327/376/329 296/345/24 311/392/341
f 331/393/342 314/364/321 330/394/343
f 337/390/340 322/395/344 321/382/334
f 398/396/345 383/397/346 382/398/347
f 312/399/49 329/400/348 313/365/322
f 344/401/98 343/402/349 359/403/350
f 342/404/351 327/376/329 326/377/330
f 333/405/352 318/406/353 317/378/331
f 318/406/353 335/374/328 319/371/325
f 346/407/354 331/393/342 330/394/343
f 314/364/321 299/352/314 298/354/315
f 342/404/351 325/379/332 341/408/355
f 359/403/350 342/404/351 358/359/318
f 340/409/356 325/379/332 324/410/335
f 323/384/336 340/411/356 324/383/335
f 367/412/357 384/388/130 368/413/99
f 346/407/354 329/400/348 345/414/358
f 358/359/318 341/408/355 357/360/319
f 359/403/350 360/415/125 344/401/98
f 345/414/358 328/416/90 344/401/98
f 343/402/349 312/399/49 327/376/329
f 383/397/346 366/417/359 382/398/347
f 340/409/356 357/360/319 341/408/355
f 334/418/360 351/419/361 335/374/328
f 356/420/362 339/421/363 355/422/364
f 366/417/359 349/423/365 365/424/366
f 360/415/125 345/414/358 344/401/98
f 353/425/367 338/426/368 337/390/340
f 336/391/84 353/425/367 337/390/340
f 351/419/361 336/391/84 335/374/328
f 332/427/369 349/423/365 333/405/352
f 370/428/370 353/425/367 369/429/371
f 361/430/372 378/431/373 362/432/374
f 322/395/344 339/421/363 323/384/336
f 27/433/57 522/434/375 26/435/58
f 371/436/376 354/437/377 370/428/370
f 347/438/378 364/439/379 348/440/380
f 365/424/366 348/440/380 364/439/379
f 346/407/354 363/441/381 347/438/378
f 355/422/364 372/442/382 356/420/362
f 367/412/357 352/443/85 351/419/361
f 350/444/383 367/412/357 351/419/361
f 352/443/85 369/429/371 353/425/367
f 358/359/318 375/445/384 359/403/350
f 376/446/143 361/430/372 360/415/125
f 361/430/372 346/407/354 345/414/358
f 356/447/362 373/358/317 357/360/319
f 381/448/385 366/417/359 365/424/366
f 373/358/317 390/449/386 374/450/387
f 379/451/388 396/452/389 380/453/390
f 380/453/390 363/441/381 379/451/388
f 396/452/389 381/448/385 380/453/390
f 296/345/24 295/347/297 311/392/341
f 378/431/373 363/441/381 362/432/374
f 338/426/368 355/422/364 339/421/363
f 347/438/378 332/427/369 331/393/342
f 388/454/391 373/358/317 372/455/382
f 384/388/130 369/429/371 368/413/99
f 388/456/391 371/436/376 387/387/339
f 405/187/171 390/449/386 389/457/392
f 387/387/339 370/428/370 386/385/337
f 386/385/337 369/429/371 385/458/393
f 349/423/365 334/418/360 333/405/352
f 376/446/143 393/459/394 377/460/395
f 405/187/171 388/454/391 404/461/396
f 375/445/384 376/446/143 360/415/125
f 387/387/339 404/462/396 388/456/391
f 433/463/397 416/464/153 432/262/201
f 416/464/153 401/335/303 400/389/131
f 395/465/398 378/431/373 394/466/399
f 390/449/386 375/445/384 374/450/387
f 402/467/400 385/458/393 401/335/303
f 322/395/344 305/9/7 321/382/334
f 414/468/401 397/469/402 413/470/403
f 313/365/322 330/394/343 314/364/321
f 400/389/131 383/397/346 399/471/404
f 398/396/345 381/448/385 397/469/402
f 394/466/399 377/460/395 393/459/394
f 413/470/403 396/452/389 412/472/405
f 407/473/406 390/449/386 406/474/407
f 395/465/398 412/472/405 396/452/389
f 310/346/311 293/185/169 309/184/168
f 430/475/408 413/470/403 429/476/409
f 409/477/410 392/478/173 408/479/4
f 391/480/411 392/478/173 376/446/143
f 420/481/412 405/187/171 404/461/396
f 411/482/413 394/466/399 410/483/414
f 301/373/327 284/484/300 300/355/316
f 315/380/333 332/427/369 316/372/326
f 419/350/312 404/462/396 403/386/338
f 426/485/415 409/477/410 425/486/416
f 402/467/400 419/350/312 403/386/338
f 152/168/153 151/181/165 167/180/164
f 427/298/273 412/472/405 411/482/413
f 432/262/201 415/487/417 431/488/418
f 423/489/419 392/478/173 407/473/406
f 408/479/4 425/486/416 409/477/410
f 472/490/236 471/491/420 487/492/421
f 458/493/422 443/296/271 442/494/423
f 422/186/170 439/495/424 423/489/419
f 423/489/419 406/474/407 422/186/170
f 416/464/153 399/471/404 415/487/417
f 412/472/405 429/476/409 413/470/403
f 443/296/271 426/485/415 442/494/423
f 439/495/424 408/479/4 423/489/419
f 425/486/416 442/494/423 426/485/415
f 450/496/425 433/463/397 449/261/242
f 418/334/302 435/351/313 419/350/312
f 264/497/81 281/342/309 265/137/126
f 434/498/426 417/336/304 433/463/397
f 429/476/409 446/499/427 430/475/408
f 445/500/428 428/297/272 444/501/429
f 441/502/430 458/493/422 442/494/423
f 448/263/205 431/488/418 447/503/431
f 251/295/270 234/264/243 250/267/246
f 454/504/432 439/495/424 438/317/292
f 441/502/430 424/505/191 440/506/196
f 437/507/433 420/481/412 436/286/262
f 467/508/434 450/496/425 466/509/435
s 0
f 607/510/436 576/511/436 555/4/436
s 1
f 452/512/263 435/351/313 451/513/437
f 520/514/291 25/515/14 521/516/438
f 453/235/218 438/317/292 437/507/433
f 257/313/288 240/272/250 256/299/274
f 444/501/429 461/517/439 445/500/428
f 440/506/196 439/495/424 455/518/440
f 462/519/441 447/503/431 446/499/427
f 450/496/425 435/351/313 434/498/426
f 456/520/195 441/502/430 440/506/196
f 446/499/427 431/488/418 430/475/408
f 431/488/418 414/468/401 430/475/408
f 467/508/434 452/512/263 451/513/437
f 449/261/242 466/509/435 450/496/425
f 462/519/441 445/500/428 461/517/439
f 471/491/420 454/504/432 470/223/206
f 500/521/123 483/522/442 499/523/443
f 447/503/431 464/524/235 448/263/205
f 478/525/444 463/526/445 462/519/441
f 559/339/277 21/527/205 20/528/446
f 457/529/447 474/530/448 458/493/422
f 621/531/153 540/532/449 538/533/153
f 469/224/207 452/287/263 468/534/450
f 464/524/235 449/261/242 448/263/205
f 455/518/440 456/520/195 440/506/196
f 460/535/451 477/536/452 461/517/439
f 477/536/452 462/519/441 461/517/439
f 489/537/453 474/530/448 473/538/454
f 487/492/421 470/223/206 486/175/160
f 466/509/435 483/522/442 467/508/434
f 479/539/455 496/540/261 480/541/277
f 483/522/442 468/542/450 467/508/434
f 213/244/225 230/256/237 214/242/223
f 563/341/205 17/543/153 21/527/205
f 480/541/277 463/526/445 479/539/455
f 410/483/414 427/298/273 411/482/413
f 465/544/456 482/545/457 466/509/435
f 196/237/163 179/193/177 195/197/181
f 485/173/158 468/534/450 484/546/458
f 491/547/459 474/530/448 490/548/460
f 489/537/453 506/549/461 490/548/460
f 532/550/462 515/551/463 531/552/464
f 488/553/250 473/538/454 472/490/236
f 494/554/465 479/539/455 478/525/444
f 491/547/459 476/555/466 475/556/467
f 279/557/468 248/136/82 263/300/275
f 481/558/469 498/559/470 482/545/457
f 496/540/261 481/558/469 480/541/277
f 493/560/471 510/125/115 494/554/465
f 501/132/122 484/546/458 500/133/123
f 494/554/465 477/536/452 493/560/471
f 459/561/472 476/555/466 460/535/451
f 508/562/473 493/560/471 492/563/474
f 473/538/454 456/520/195 472/490/236
f 524/564/475 29/565/19 525/566/476
f 503/567/477 504/568/274 488/553/250
f 487/492/421 488/553/250 472/490/236
f 491/547/459 508/562/473 492/563/474
f 514/75/67 499/523/443 498/559/470
f 506/549/461 491/547/459 490/548/460
f 530/74/66 515/551/463 514/75/67
f 634/569/478 615/570/479 612/571/479
f 518/572/480 503/567/477 502/174/159
f 495/573/481 512/90/82 496/540/261
f 510/125/115 495/573/481 494/554/465
f 512/90/82 497/574/482 496/540/261
f 517/575/483 502/174/159 501/132/122
f 131/163/148 114/104/96 130/165/150
f 525/566/476 508/562/473 524/564/475
f 499/523/443 516/576/121 500/521/123
f 497/574/482 514/75/67 498/559/470
f 523/577/484 508/562/473 507/578/485
f 522/434/375 507/578/485 506/549/461
f 535/579/486 518/572/480 534/71/63
f 505/580/487 522/434/375 506/549/461
f 521/516/438 504/568/274 520/514/291
f 517/575/483 534/71/63 518/572/480
f 94/581/488 111/119/110 95/80/72
f 516/131/121 533/72/64 517/575/483
f 89/91/83 74/86/78 73/38/34
f 119/122/112 102/101/93 118/113/105
f 28/582/17 523/577/484 27/433/57
f 504/568/274 489/537/453 488/553/250
f 26/435/58 521/516/438 25/515/14
f 511/124/114 528/89/81 512/90/82
f 509/583/489 526/123/113 510/125/115
f 534/71/63 39/584/10 535/579/486
f 486/175/160 503/567/477 487/492/421
f 519/585/490 520/514/291 504/568/274
f 443/296/271 460/535/451 444/501/429
f 30/284/37 525/566/476 29/565/19
f 35/586/491 532/550/462 531/552/464
f 610/340/308 539/587/492 563/588/308
f 380/453/390 365/424/366 364/439/379
f 57/39/35 74/86/78 58/49/45
f 37/70/32 532/589/462 36/590/30
f 32/67/36 529/591/493 528/89/81
f 34/592/16 531/552/464 530/74/66
f 86/56/52 103/105/97 87/84/76
f 529/591/493 34/592/16 530/74/66
f 564/593/494 19/594/495 545/595/84
f 275/318/293 260/596/282 259/213/197
s 0
f 22/597/496 19/598/496 2/599/496
f 17/600/497 18/601/497 23/10/497
s 1
f 634/602/478 614/603/498 635/604/478
f 556/605/499 609/606/500 559/607/307
f 555/608/501 606/609/502 607/610/503
f 546/611/504 603/612/505 549/613/506
f 550/614/507 603/612/505 604/615/508
f 551/616/509 606/609/502 554/617/510
f 535/579/486 24/618/12 520/514/291
f 545/619/511 600/620/512 601/621/513
f 536/622/514 594/623/515 537/624/516
s 0
f 601/625/517 572/626/517 545/627/517
f 586/628/518 570/629/518 587/630/518
f 588/631/519 604/632/519 589/633/519
f 605/634/520 591/635/520 590/636/520
s 1
f 593/637/521 561/638/522 560/639/523
s 0
f 581/640/524 565/641/524 564/642/524
f 582/643/525 566/644/525 583/645/525
f 579/646/526 608/647/526 556/648/526
f 575/649/527 602/650/527 546/651/527
f 569/652/528 585/5/528 584/653/528
s 1
f 547/654/529 620/270/249 628/655/529
f 476/555/466 493/560/471 477/536/452
f 567/656/530 549/657/236 5/658/274
f 550/659/531 593/637/521 560/639/523
f 543/660/532 599/661/533 600/620/512
f 17/543/153 541/662/130 18/663/130
f 561/664/522 8/665/4 560/666/523
f 555/667/90 568/668/534 10/669/98
f 128/157/143 145/153/139 129/129/119
f 551/670/535 594/623/515 591/635/36
f 475/556/467 458/493/422 474/530/448
s 0
f 556/648/153 586/628/153 579/646/153
s 1
f 565/671/46 4/672/12 564/593/494
f 595/673/536 1/674/537 561/675/522
f 415/487/417 398/396/345 414/468/401
f 15/676/12 566/677/291 5/658/274
f 313/365/322 296/345/24 312/399/49
f 280/678/36 279/557/468 295/324/297
f 616/679/538 638/680/539 552/681/538
f 624/682/540 558/683/541 557/684/540
f 242/214/198 227/289/264 226/251/232
f 482/545/457 499/523/443 483/522/442
f 165/195/179 148/25/21 164/240/221
f 221/277/255 238/247/228 222/238/219
f 637/685/542 548/686/498 636/687/542
f 623/688/4 552/689/538 611/690/4
f 628/655/529 636/691/542 547/692/529
f 627/693/543 538/694/153 562/695/543
f 615/570/479 611/696/4 612/697/479
f 557/698/540 625/699/544 624/682/540
f 613/700/545 625/699/544 596/701/544
f 172/190/174 157/161/147 156/166/151
f 618/702/133 544/703/248 542/704/133
f 52/705/53 35/706/491 51/3/3
f 603/612/497 547/707/497 636/708/497
f 631/709/546 562/710/543 630/711/546
s 0
f 642/712/547 628/655/547 619/713/547
s 1
f 60/42/38 77/83/75 61/54/50
f 649/714/548 650/715/548 648/716/548
s 0
f 15/717/549 580/718/549 566/719/549
s 1
f 598/720/492 541/721/533 539/722/492
f 537/723/516 554/724/98 9/725/143
s 0
f 590/636/550 604/632/550 605/634/550
s 1
f 536/726/514 9/725/143 8/727/4
s 0
f 601/625/551 574/728/551 573/729/551
f 546/651/4 582/643/4 575/649/4
s 1
f 549/657/236 560/666/523 7/730/196
s 0
f 607/510/552 578/731/552 577/732/552
s 1
f 571/733/553 20/528/446 13/734/82
f 481/558/469 464/524/235 480/541/277
s 0
f 587/630/554 16/735/554 569/736/554
s 1
f 570/737/81 13/734/82 12/738/36
f 569/739/24 12/738/36 568/668/534
f 332/427/369 317/378/331 316/372/326
s 0
f 545/627/153 581/640/153 564/642/153
s 1
f 622/740/449 632/741/132 540/742/449
f 629/743/541 630/744/546 558/745/541
f 641/746/555 613/747/545 640/748/555
f 18/663/130 543/749/85 19/594/495
f 558/750/497 610/340/497 608/751/497
f 44/43/39 27/62/57 43/45/41
f 639/752/556 553/753/557 638/754/539
f 616/679/558 646/755/559 624/682/559
f 393/459/394 410/483/414 394/466/399
f 617/756/557 640/757/555 553/758/557
f 50/1/1 66/47/43 67/2/2
s 0
f 555/4/4 576/511/4 585/5/4
s 1
f 306/7/5 290/366/306 289/8/6
s 0
f 23/10/8 22/759/8 14/11/8
s 1
f 54/13/9 55/44/40 39/14/10
f 24/16/12 40/50/46 41/17/13
f 42/19/15 26/63/58 25/18/14
f 51/3/3 35/706/491 34/20/16
f 28/21/17 44/43/39 45/22/18
f 46/24/20 30/41/37 29/23/19
f 148/25/21 149/159/145 133/26/22
f 48/28/24 32/40/36 31/29/25
f 46/24/20 62/82/74 63/31/27
f 50/1/1 34/20/16 33/32/28
f 36/34/30 52/57/53 53/35/31
f 56/37/33 72/92/84 73/38/34
f 49/33/29 33/32/28 32/40/36
f 47/30/26 31/29/25 30/41/37
f 60/42/38 61/54/50 45/22/18
f 55/44/40 40/50/46 24/16/12
f 60/42/38 44/43/39 43/45/41
f 66/47/43 50/1/1 49/33/29
f 59/46/42 43/45/41 42/19/15
f 58/49/45 42/19/15 41/17/13
f 53/35/31 54/13/9 38/15/11
f 56/37/33 57/39/35 41/17/13
f 71/51/47 55/44/40 54/13/9
f 63/31/27 64/53/49 48/28/24
f 65/48/44 49/33/29 48/28/24
f 61/54/50 62/82/74 46/24/20
f 70/52/48 54/13/9 53/35/31
f 86/56/52 87/84/76 71/51/47
f 69/55/51 53/35/31 52/57/53
f 68/59/54 52/705/53 51/3/3
f 85/60/55 86/56/52 70/52/48
f 75/61/56 76/77/69 60/42/38
f 56/37/33 40/50/46 55/44/40
f 42/19/15 43/45/41 27/62/57
f 79/64/59 80/98/90 64/53/49
f 83/65/60 67/2/2 66/47/43
f 32/67/36 528/89/81 527/68/62
f 83/65/60 84/121/106 68/59/54
f 37/70/32 38/760/11 534/71/63
f 513/73/65 529/591/493 530/74/66
f 93/76/68 77/83/75 76/77/69
f 78/79/71 94/581/488 95/80/72
f 81/81/73 82/66/61 66/47/43
f 62/82/74 78/79/71 79/64/59
f 68/58/54 84/114/106 85/60/55
f 78/79/71 62/82/74 61/54/50
f 75/61/56 91/85/77 92/78/70
f 87/84/76 72/92/84 56/37/33
f 91/85/77 75/61/56 74/86/78
f 82/66/61 98/96/88 99/88/80
f 528/89/81 529/591/493 513/73/65
f 89/91/83 73/38/34 72/92/84
f 90/87/79 106/128/118 107/94/86
f 64/53/49 80/98/90 81/81/73
f 113/95/87 114/104/96 98/96/88
f 95/80/72 96/106/98 80/98/90
f 93/76/68 94/581/488 78/79/71
f 97/97/89 98/96/88 82/66/61
f 80/98/90 96/106/98 97/97/89
f 105/99/91 106/128/118 90/87/79
f 108/100/92 92/78/70 91/85/77
f 102/101/93 86/56/52 85/60/55
f 115/103/95 99/88/80 98/96/88
f 88/93/85 72/92/84 87/84/76
f 96/106/98 112/135/125 113/95/87
f 104/107/99 105/99/91 89/91/83
f 124/108/100 125/130/120 109/109/101
f 115/103/95 116/147/128 100/110/102
f 92/78/70 108/100/92 109/109/101
f 117/111/103 133/26/22 134/112/104
f 101/102/94 85/60/55 84/114/106
f 139/116/107 123/148/134 122/117/108
f 111/119/110 112/135/125 96/106/98
f 110/120/111 94/581/488 93/76/68
f 117/111/103 118/113/105 102/101/93
f 83/65/60 99/88/80 100/110/102
f 104/107/99 88/93/85 103/105/97
f 526/123/113 527/68/62 511/124/114
f 110/120/111 126/150/136 127/126/116
f 121/127/117 122/117/108 106/128/118
f 121/127/117 137/140/129 138/118/109
f 104/107/99 120/141/130 121/127/117
f 129/129/119 130/165/150 114/104/96
f 125/130/120 126/150/136 110/120/111
f 516/131/121 517/575/483 501/132/122
f 118/113/105 134/112/104 135/134/124
f 127/126/116 128/157/143 112/135/125
f 248/136/82 264/497/81 265/137/126
f 112/135/125 128/157/143 129/129/119
f 133/26/22 117/111/103 116/139/128
f 137/140/129 121/127/117 120/141/130
f 633/143/132 618/702/133 542/144/133
f 115/103/95 131/163/148 132/146/23
f 123/148/134 124/108/100 108/100/92
f 143/149/135 127/126/116 126/150/136
f 135/134/124 120/141/130 104/107/99
f 106/128/118 122/117/108 123/148/134
f 125/130/120 141/154/140 142/151/137
f 146/152/138 130/165/150 129/129/119
f 141/154/140 125/130/120 124/108/100
f 123/148/134 139/116/107 140/155/141
f 155/156/142 156/166/151 140/155/141
f 143/149/135 144/189/173 128/157/143
f 150/158/144 151/181/165 135/134/124
f 150/158/144 134/112/104 133/26/22
f 158/160/146 142/151/137 141/154/140
f 117/111/103 101/102/94 100/115/102
f 148/162/21 132/146/23 131/163/148
f 146/152/138 147/164/149 131/163/148
f 58/49/45 74/86/78 75/61/56
f 156/166/151 157/161/147 141/154/140
f 153/167/152 137/140/129 136/142/131
f 163/169/154 147/164/149 146/152/138
f 142/151/137 158/160/146 159/171/156
f 155/156/142 139/116/107 138/118/109
f 154/172/157 138/118/109 137/140/129
f 485/173/158 501/132/122 502/174/159
f 212/176/161 213/244/225 197/177/162
f 160/179/4 144/189/173 143/149/135
f 150/158/144 166/203/187 167/180/164
f 162/170/155 146/152/138 145/153/139
f 292/183/167 308/381/324 309/184/168
f 422/186/170 406/474/407 405/187/171
f 161/182/166 145/153/139 144/189/173
f 172/190/174 156/166/151 155/156/142
f 180/192/176 164/333/221 163/169/154
f 161/182/166 177/230/213 178/194/178
f 165/195/179 166/203/187 150/158/144
f 210/196/180 211/252/233 195/197/181
f 152/168/153 168/217/201 169/199/183
f 191/200/184 175/227/210 174/201/185
f 166/203/187 182/208/192 183/204/188
f 174/201/185 158/160/146 157/161/147
f 170/206/190 171/191/175 155/156/142
f 159/171/156 175/227/210 176/207/191
f 174/201/185 175/227/210 159/171/156
f 182/208/192 198/219/203 199/209/193
f 190/202/186 174/201/185 173/205/189
f 191/200/184 207/239/220 208/211/195
f 259/213/197 243/290/265 242/214/198
f 178/194/178 179/193/177 163/169/154
f 186/216/200 187/228/211 171/191/175
f 168/217/201 152/168/153 167/180/164
f 181/218/202 197/177/162 198/219/203
f 185/220/204 186/216/200 170/206/190
f 185/220/204 169/199/183 168/217/201
f 196/178/163 197/177/162 181/218/202
f 485/173/158 486/175/160 470/223/206
f 206/225/208 207/239/220 191/200/184
f 189/210/194 173/205/189 172/190/174
f 175/227/210 191/200/184 192/212/196
f 187/228/211 203/232/215 204/229/212
f 194/198/182 178/194/178 177/230/213
f 203/232/215 187/228/211 186/216/200
f 195/197/181 179/193/177 178/194/178
f 192/212/196 193/231/214 177/230/213
f 187/228/211 188/226/209 172/190/174
f 184/221/205 200/254/235 201/234/217
f 193/231/214 209/257/238 210/196/180
f 199/209/193 184/221/205 168/217/201
f 470/223/206 454/504/432 453/235/218
f 201/234/217 202/233/216 186/216/200
f 195/197/181 211/252/233 212/236/161
f 204/229/212 205/243/224 189/210/194
f 222/238/219 223/248/229 207/239/220
f 165/195/179 181/218/202 182/208/192
f 181/218/202 165/195/179 164/240/221
f 189/210/194 205/243/224 206/225/208
f 208/211/195 209/257/238 193/231/214
f 215/241/222 199/209/193 198/219/203
f 176/207/191 177/230/213 161/182/166
f 205/243/224 221/277/255 222/238/219
f 213/244/225 214/242/223 198/219/203
f 220/245/226 221/277/255 205/243/224
f 169/199/183 170/206/190 154/172/157
f 215/241/222 200/254/235 184/221/205
f 220/245/226 204/229/212 203/232/215
f 238/247/228 239/280/258 223/248/229
f 218/249/230 219/246/227 203/232/215
f 218/249/230 202/233/216 201/234/217
f 226/251/232 227/289/264 211/252/233
f 231/253/234 216/302/277 200/254/235
f 207/239/220 223/248/229 224/255/236
f 231/253/234 215/241/222 214/242/223
f 209/257/238 225/266/245 226/251/232
f 212/176/161 228/282/244 229/258/239
f 237/259/240 253/291/266 254/260/241
f 449/261/242 433/463/397 432/262/201
f 234/264/243 235/294/269 219/246/227
f 211/252/233 227/289/264 228/265/244
f 225/266/245 209/257/238 208/211/195
f 250/267/246 234/264/243 233/268/247
f 544/269/248 619/713/248 620/270/249
f 240/272/250 241/292/267 225/266/245
f 219/246/227 235/294/269 236/273/251
f 285/274/252 286/323/295 270/275/253
f 236/273/251 237/259/240 221/277/255
f 247/278/256 231/253/234 230/256/237
f 240/272/250 224/255/236 223/248/229
f 244/281/259 245/283/260 229/258/239
f 246/279/257 230/256/237 229/258/239
f 30/284/37 31/69/25 527/68/62
f 248/136/82 249/138/127 233/268/247
f 453/235/218 437/507/433 436/286/262
f 225/266/245 241/292/267 242/214/198
f 254/260/241 255/306/281 239/280/258
f 232/285/261 216/302/277 231/253/234
f 244/288/259 228/265/244 227/289/264
f 236/273/251 252/293/268 253/291/266
f 241/292/267 257/313/288 258/215/199
f 252/293/268 236/273/251 235/294/269
f 217/250/231 233/268/247 234/264/243
f 443/296/271 444/501/429 428/297/272
f 259/213/197 260/596/282 244/288/259
f 239/280/258 255/306/281 256/299/274
f 263/300/275 247/278/256 246/279/257
f 233/268/247 217/250/231 216/302/277
f 262/301/276 246/279/257 245/283/260
f 269/276/254 253/291/266 252/293/268
f 254/260/241 270/275/253 271/305/280
f 261/303/278 245/283/260 244/281/259
f 267/308/283 268/304/279 252/293/268
f 200/254/235 216/302/277 217/250/231
f 267/308/283 251/295/270 250/267/246
f 278/310/285 279/557/468 263/300/275
f 249/138/127 265/137/126 266/309/284
f 247/278/256 263/300/275 248/136/82
f 277/311/286 278/310/285 262/301/276
f 273/312/287 274/337/305 258/215/199
f 269/276/254 270/275/253 254/260/241
f 282/314/289 283/330/301 267/308/283
f 277/311/286 261/303/278 260/307/282
f 272/316/291 273/312/287 257/313/288
f 151/181/165 136/142/131 120/141/130
f 421/188/172 437/507/433 438/317/292
f 258/215/199 274/337/305 275/318/293
f 255/306/281 271/305/280 272/316/291
f 268/304/279 284/329/300 285/274/252
f 285/319/252 301/373/327 302/320/294
f 287/322/296 271/305/280 270/275/253
f 295/324/297 279/557/468 278/310/285
f 292/326/167 276/761/290 275/318/293
f 276/315/290 292/762/167 293/328/169
f 284/329/300 268/304/279 267/308/283
f 277/311/286 293/328/169 294/325/298
f 288/331/12 272/316/291 271/305/280
f 272/316/291 288/331/12 289/332/6
f 164/333/221 148/162/21 147/164/149
f 418/334/302 402/467/400 401/335/303
f 274/337/305 290/338/306 291/327/299
f 290/338/306 274/337/305 273/312/287
f 559/339/307 609/606/500 610/340/308
f 282/314/289 266/309/284 265/137/126
f 297/343/310 281/357/309 280/344/36
f 310/346/311 311/392/341 295/347/297
f 436/349/262 420/763/412 419/350/312
f 299/352/314 283/356/301 282/353/289
f 300/355/316 284/484/300 283/356/301
f 281/357/309 297/343/310 298/354/315
f 373/358/317 374/450/387 358/359/318
f 286/321/295 302/320/294 303/361/320
f 288/363/12 304/370/46 305/9/7
f 314/364/321 298/354/315 297/343/310
f 290/366/306 306/7/5 307/367/323
f 308/369/324 292/764/167 291/368/299
f 304/370/46 288/363/12 287/362/296
f 302/320/294 318/406/353 319/371/325
f 316/372/326 317/378/331 301/373/327
f 335/374/328 336/391/84 320/375/33
f 327/376/329 311/392/341 310/346/311
f 317/378/331 318/406/353 302/320/294
f 326/377/330 310/346/311 309/184/168
f 316/372/326 300/355/316 299/352/314
f 308/381/324 324/410/335 325/379/332
f 319/371/325 320/375/33 304/370/46
f 321/382/334 305/9/7 304/370/46
f 307/367/323 323/384/336 324/383/335
f 306/7/5 322/395/344 323/384/336
f 386/385/337 402/467/400 403/386/338
f 401/335/303 385/458/393 384/388/130
f 337/390/340 321/382/334 320/375/33
f 327/376/329 312/399/49 296/345/24
f 331/393/342 315/380/333 314/364/321
f 337/390/340 338/426/368 322/395/344
f 398/396/345 399/471/404 383/397/346
f 312/399/49 328/416/90 329/400/348
f 344/401/98 328/416/90 343/402/349
f 342/404/351 343/402/349 327/376/329
f 333/405/352 334/418/360 318/406/353
f 318/406/353 334/418/360 335/374/328
f 346/407/354 347/438/378 331/393/342
f 314/364/321 315/380/333 299/352/314
f 342/404/351 326/377/330 325/379/332
f 359/403/350 343/402/349 342/404/351
f 340/409/356 341/408/355 325/379/332
f 323/384/336 339/421/363 340/411/356
f 367/412/357 383/397/346 384/388/130
f 346/407/354 330/394/343 329/400/348
f 358/359/318 342/404/351 341/408/355
f 359/403/350 375/445/384 360/415/125
f 345/414/358 329/400/348 328/416/90
f 343/402/349 328/416/90 312/399/49
f 383/397/346 367/412/357 366/417/359
f 340/409/356 356/447/362 357/360/319
f 334/418/360 350/444/383 351/419/361
f 356/420/362 340/411/356 339/421/363
f 366/417/359 350/444/383 349/423/365
f 360/415/125 361/430/372 345/414/358
f 353/425/367 354/437/377 338/426/368
f 336/391/84 352/443/85 353/425/367
f 351/419/361 352/443/85 336/391/84
f 332/427/369 348/440/380 349/423/365
f 370/428/370 354/437/377 353/425/367
f 361/430/372 377/460/395 378/431/373
f 322/395/344 338/426/368 339/421/363
f 27/433/57 523/577/484 522/434/375
f 371/436/376 355/422/364 354/437/377
f 347/438/378 363/441/381 364/439/379
f 365/424/366 349/423/365 348/440/380
f 346/407/354 362/432/374 363/441/381
f 355/422/364 371/436/376 372/442/382
f 367/412/357 368/413/99 352/443/85
f 350/444/383 366/417/359 367/412/357
f 352/443/85 368/413/99 369/429/371
f 358/359/318 374/450/387 375/445/384
f 376/446/143 377/460/395 361/430/372
f 361/430/372 362/432/374 346/407/354
f 356/447/362 372/455/382 373/358/317
f 381/448/385 382/398/347 366/417/359
f 373/358/317 389/457/392 390/449/386
f 379/451/388 395/465/398 396/452/389
f 380/453/390 364/439/379 363/441/381
f 396/452/389 397/469/402 381/448/385
f 296/345/24 280/344/36 295/347/297
f 378/431/373 379/451/388 363/441/381
f 338/426/368 354/437/377 355/422/364
f 347/438/378 348/440/380 332/427/369
f 388/454/391 389/457/392 373/358/317
f 384/388/130 385/458/393 369/429/371
f 388/456/391 372/442/382 371/436/376
f 405/187/171 406/474/407 390/449/386
f 387/387/339 371/436/376 370/428/370
f 386/385/337 370/428/370 369/429/371
f 349/423/365 350/444/383 334/418/360
f 376/446/143 392/478/173 393/459/394
f 405/187/171 389/457/392 388/454/391
f 375/445/384 391/480/411 376/446/143
f 387/387/339 403/386/338 404/462/396
f 433/463/397 417/336/304 416/464/153
f 416/464/153 417/336/304 401/335/303
f 395/465/398 379/451/388 378/431/373
f 390/449/386 391/480/411 375/445/384
f 402/467/400 386/385/337 385/458/393
f 322/395/344 306/7/5 305/9/7
f 414/468/401 398/396/345 397/469/402
f 313/365/322 329/400/348 330/394/343
f 400/389/131 384/388/130 383/397/346
f 398/396/345 382/398/347 381/448/385
f 394/466/399 378/431/373 377/460/395
f 413/470/403 397/469/402 396/452/389
f 407/473/406 391/480/411 390/449/386
f 395/465/398 411/482/413 412/472/405
f 310/346/311 294/348/298 293/185/169
f 430/475/408 414/468/401 413/470/403
f 409/477/410 393/459/394 392/478/173
f 391/480/411 407/473/406 392/478/173
f 420/481/412 421/188/172 405/187/171
f 411/482/413 395/465/398 394/466/399
f 301/373/327 285/319/252 284/484/300
f 315/380/333 331/393/342 332/427/369
f 419/350/312 420/763/412 404/462/396
f 426/485/415 410/483/414 409/477/410
f 402/467/400 418/334/302 419/350/312
f 152/168/153 136/142/131 151/181/165
f 427/298/273 428/297/272 412/472/405
f 432/262/201 416/464/153 415/487/417
f 423/489/419 408/479/4 392/478/173
f 408/479/4 424/505/191 425/486/416
f 472/490/236 456/520/195 471/491/420
f 458/493/422 459/561/472 443/296/271
f 422/186/170 438/317/292 439/495/424
f 423/489/419 407/473/406 406/474/407
f 416/464/153 400/389/131 399/471/404
f 412/472/405 428/297/272 429/476/409
f 443/296/271 427/298/273 426/485/415
f 439/495/424 424/505/191 408/479/4
f 425/486/416 441/502/430 442/494/423
f 450/496/425 434/498/426 433/463/397
f 418/334/302 434/498/426 435/351/313
f 264/497/81 280/678/36 281/342/309
f 434/498/426 418/334/302 417/336/304
f 429/476/409 445/500/428 446/499/427
f 445/500/428 429/476/409 428/297/272
f 441/502/430 457/529/447 458/493/422
f 448/263/205 432/262/201 431/488/418
f 251/295/270 235/294/269 234/264/243
f 454/504/432 455/518/440 439/495/424
f 441/502/430 425/486/416 424/505/191
f 437/507/433 421/188/172 420/481/412
f 467/508/434 451/513/437 450/496/425
s 0
f 607/510/560 577/732/560 576/511/560
s 1
f 452/512/263 436/349/262 435/351/313
f 520/514/291 24/618/12 25/515/14
f 453/235/218 454/504/432 438/317/292
f 257/313/288 241/292/267 240/272/250
f 444/501/429 460/535/451 461/517/439
f 440/506/196 424/505/191 439/495/424
f 462/519/441 463/526/445 447/503/431
f 450/496/425 451/513/437 435/351/313
f 456/520/195 457/529/447 441/502/430
f 446/499/427 447/503/431 431/488/418
f 431/488/418 415/487/417 414/468/401
f 467/508/434 468/542/450 452/512/263
f 449/261/242 465/544/456 466/509/435
f 462/519/441 446/499/427 445/500/428
f 471/491/420 455/518/440 454/504/432
f 500/521/123 484/765/458 483/522/442
f 447/503/431 463/526/445 464/524/235
f 478/525/444 479/539/455 463/526/445
f 559/339/277 563/341/205 21/527/205
f 457/529/447 473/538/454 474/530/448
f 621/531/153 622/740/449 540/532/449
f 469/224/207 453/235/218 452/287/263
f 464/524/235 465/544/456 449/261/242
f 455/518/440 471/491/420 456/520/195
f 460/535/451 476/555/466 477/536/452
f 477/536/452 478/525/444 462/519/441
f 489/537/453 490/548/460 474/530/448
f 487/492/421 471/491/420 470/223/206
f 466/509/435 482/545/457 483/522/442
f 479/539/455 495/573/481 496/540/261
f 483/522/442 484/765/458 468/542/450
f 213/244/225 229/258/239 230/256/237
f 563/341/205 539/766/153 17/543/153
f 480/541/277 464/524/235 463/526/445
f 410/483/414 426/485/415 427/298/273
f 465/544/456 481/558/469 482/545/457
f 196/237/163 180/192/176 179/193/177
f 485/173/158 469/224/207 468/534/450
f 491/547/459 475/556/467 474/530/448
f 489/537/453 505/580/487 506/549/461
f 532/550/462 516/576/121 515/551/463
f 488/553/250 489/537/453 473/538/454
f 494/554/465 495/573/481 479/539/455
f 491/547/459 492/563/474 476/555/466
f 279/557/468 264/497/81 248/136/82
f 481/558/469 497/574/482 498/559/470
f 496/540/261 497/574/482 481/558/469
f 493/560/471 509/583/489 510/125/115
f 501/132/122 485/173/158 484/546/458
f 494/554/465 478/525/444 477/536/452
f 459/561/472 475/556/467 476/555/466
f 508/562/473 509/583/489 493/560/471
f 473/538/454 457/529/447 456/520/195
f 524/564/475 28/582/17 29/565/19
f 503/567/477 519/585/490 504/568/274
f 487/492/421 503/567/477 488/553/250
f 491/547/459 507/578/485 508/562/473
f 514/75/67 515/551/463 499/523/443
f 506/549/461 507/578/485 491/547/459
f 530/74/66 531/552/464 515/551/463
f 634/569/478 635/604/478 615/570/479
f 518/572/480 519/585/490 503/567/477
f 495/573/481 511/124/114 512/90/82
f 510/125/115 511/124/114 495/573/481
f 512/90/82 513/73/65 497/574/482
f 517/575/483 518/572/480 502/174/159
f 131/163/148 115/103/95 114/104/96
f 525/566/476 509/583/489 508/562/473
f 499/523/443 515/551/463 516/576/121
f 497/574/482 513/73/65 514/75/67
f 523/577/484 524/564/475 508/562/473
f 522/434/375 523/577/484 507/578/485
f 535/579/486 519/585/490 518/572/480
f 505/580/487 521/516/438 522/434/375
f 521/516/438 505/580/487 504/568/274
f 517/575/483 533/72/64 534/71/63
f 94/581/488 110/120/111 111/119/110
f 516/131/121 532/589/462 533/72/64
f 89/91/83 90/87/79 74/86/78
f 119/122/112 103/105/97 102/101/93
f 28/582/17 524/564/475 523/577/484
f 504/568/274 505/580/487 489/537/453
f 26/435/58 522/434/375 521/516/438
f 511/124/114 527/68/62 528/89/81
f 509/583/489 525/566/476 526/123/113
f 534/71/63 38/760/11 39/584/10
f 486/175/160 502/174/159 503/567/477
f 519/585/490 535/579/486 520/514/291
f 443/296/271 459/561/472 460/535/451
f 30/284/37 526/123/113 525/566/476
f 35/586/491 36/767/30 532/550/462
f 610/340/308 598/720/492 539/587/492
f 380/453/390 381/448/385 365/424/366
f 57/39/35 73/38/34 74/86/78
f 37/70/32 533/72/64 532/589/462
f 32/67/36 33/768/28 529/591/493
f 34/592/16 35/586/491 531/552/464
f 86/56/52 102/101/93 103/105/97
f 529/591/493 33/768/28 34/592/16
f 564/593/494 3/769/33 2/770/84
f 19/594/495 543/749/85 545/595/84
f 564/593/494 2/770/84 19/594/495
f 275/318/293 276/761/290 260/596/282
s 0
f 22/597/496 23/10/496 19/598/496
f 23/10/497 20/12/497 21/771/497
f 23/10/497 21/771/497 17/600/497
f 18/601/497 19/598/497 23/10/497
s 1
f 634/602/478 548/772/498 614/603/498
f 556/605/499 608/751/561 609/606/500
f 555/608/501 554/773/510 606/609/502
f 546/611/504 602/774/562 603/612/505
f 550/614/507 549/775/506 603/612/505
f 551/616/509 605/776/563 606/609/502
f 535/579/486 39/584/10 24/618/12
f 545/619/511 543/777/532 600/620/512
f 536/622/514 595/673/536 594/623/515
s 0
f 601/625/564 573/729/564 572/626/564
f 586/628/565 571/778/565 570/629/565
f 588/631/566 550/659/566 604/632/566
f 605/634/567 551/670/567 591/635/567
s 1
f 593/637/521 592/779/568 561/638/522
s 0
f 581/640/569 580/718/569 565/641/569
f 582/643/570 567/780/570 566/644/570
f 579/646/571 578/731/571 608/647/571
f 575/649/572 574/728/572 602/650/572
f 569/652/573 568/6/573 585/5/573
s 1
f 547/654/529 597/781/249 620/270/249
f 476/555/466 492/563/474 493/560/471
f 567/656/530 546/782/250 549/657/236
f 549/657/236 6/783/236 5/658/274
f 550/659/531 588/631/12 593/637/521
f 543/660/532 541/784/533 599/661/533
f 17/543/153 539/766/153 541/662/130
f 561/664/522 1/785/537 8/665/4
f 8/665/4 7/730/196 560/666/523
f 10/669/98 554/724/98 555/667/90
f 568/668/534 11/786/49 10/669/98
f 128/157/143 144/189/173 145/153/139
f 551/670/535 537/624/516 594/623/515
f 475/556/467 459/561/472 458/493/422
s 0
f 556/648/153 571/778/153 586/628/153
s 1
f 565/671/46 15/676/12 4/672/12
f 4/672/12 3/769/33 564/593/494
f 561/675/522 592/787/568 595/673/536
f 595/673/536 536/622/514 1/674/537
f 415/487/417 399/471/404 398/396/345
f 5/658/274 4/672/12 15/676/12
f 566/677/291 567/656/530 5/658/274
f 313/365/322 297/343/310 296/345/24
f 280/678/36 264/497/81 279/557/468
f 616/679/538 639/752/556 638/680/539
f 624/682/540 629/743/541 558/683/541
f 242/214/198 243/290/265 227/289/264
f 482/545/457 498/559/470 499/523/443
f 165/195/179 149/159/145 148/25/21
f 221/277/255 237/259/240 238/247/228
f 637/685/542 614/603/498 548/686/498
f 623/688/4 616/679/538 552/689/538
f 628/655/529 637/685/542 636/691/542
f 627/693/543 621/531/153 538/694/153
f 615/570/479 623/688/4 611/696/4
f 557/698/540 596/788/544 625/699/544
f 613/700/545 626/789/545 625/699/544
f 172/190/174 173/205/189 157/161/147
f 618/702/133 619/713/248 544/703/248
f 52/705/53 36/790/30 35/706/491
f 548/791/497 634/792/497 603/612/497
f 603/612/497 602/774/497 547/707/497
f 636/708/497 548/791/497 603/612/497
f 631/709/546 627/693/543 562/710/543
s 0
f 619/713/497 618/702/497 633/143/497
f 633/143/574 643/793/574 642/712/574
f 642/712/547 637/685/547 628/655/547
f 628/655/497 620/270/497 619/713/497
f 619/713/574 633/143/574 642/712/574
s 1
f 60/42/38 76/77/69 77/83/75
s 0
f 15/717/575 565/641/575 580/718/575
f 580/718/576 583/794/576 566/719/576
s 1
f 598/720/492 599/661/533 541/721/533
f 537/723/516 551/795/535 554/724/98
f 554/724/98 10/669/98 9/725/143
s 0
f 590/636/550 589/633/550 604/632/550
s 1
f 8/727/4 1/796/537 536/726/514
f 536/726/514 537/723/516 9/725/143
s 0
f 601/625/551 602/650/551 574/728/551
f 546/651/4 567/780/4 582/643/4
s 1
f 7/730/196 6/783/236 549/657/236
f 549/657/236 550/797/531 560/666/523
s 0
f 607/510/552 608/647/552 578/731/552
s 1
f 571/733/553 556/798/261 559/339/277
f 20/528/446 14/799/261 13/734/82
f 571/733/553 559/339/277 20/528/446
f 481/558/469 465/544/456 464/524/235
s 0
f 569/736/577 584/800/577 587/630/577
f 587/630/578 570/629/578 16/735/578
s 1
f 12/738/36 16/801/36 570/737/81
f 570/737/81 571/733/553 13/734/82
f 569/739/24 16/801/36 12/738/36
f 12/738/36 11/786/49 568/668/534
f 332/427/369 333/405/352 317/378/331
s 0
f 545/627/153 572/626/153 581/640/153
s 1
f 622/740/449 633/143/132 632/741/132
f 629/743/541 631/709/546 630/744/546
f 641/746/555 626/789/545 613/747/545
f 18/663/130 541/662/130 543/749/85
f 605/776/497 604/615/497 603/612/497
f 603/612/497 634/792/497 612/802/497
f 603/612/497 612/802/497 611/803/497
f 606/609/497 605/776/497 603/612/497
f 608/751/497 607/610/497 606/609/497
f 610/340/497 609/606/497 608/751/497
f 599/661/497 598/720/497 610/340/497
f 601/621/497 600/620/497 599/661/497
f 547/707/497 602/774/497 601/621/497
f 597/804/497 547/707/497 601/621/497
f 601/621/497 599/661/497 610/340/497
f 606/609/497 603/612/497 611/803/497
f 606/609/497 611/803/497 552/805/497
f 544/806/497 597/804/497 601/621/497
f 542/807/497 544/806/497 601/621/497
f 606/609/497 552/805/497 638/808/497
f 606/609/497 638/808/497 553/809/497
f 632/810/497 542/807/497 601/621/497
f 540/811/497 632/810/497 601/621/497
f 606/609/497 553/809/497 640/812/497
f 606/609/497 640/812/497 613/813/497
f 540/811/497 601/621/497 610/340/497
f 538/814/497 540/811/497 610/340/497
f 608/751/497 606/609/497 613/813/497
f 608/751/497 613/813/497 596/815/497
f 562/816/497 538/814/497 610/340/497
f 630/817/497 562/816/497 610/340/497
f 608/751/497 596/815/497 557/818/497
f 558/750/497 630/817/497 610/340/497
f 608/751/497 557/818/497 558/750/497
f 44/43/39 28/21/17 27/62/57
f 639/752/556 617/756/557 553/753/557
f 626/789/497 641/746/497 617/756/497
f 617/756/497 639/752/497 616/679/558
f 616/679/558 623/688/497 615/570/497
f 615/570/497 635/604/497 614/603/579
f 614/603/579 637/685/579 642/712/547
f 614/603/579 642/712/547 644/819/579
f 616/679/558 615/570/497 614/603/579
f 626/789/497 617/756/497 616/679/558
f 624/682/559 625/699/497 626/789/497
f 631/709/497 629/743/497 624/682/559
f 621/531/580 627/693/497 631/709/497
f 633/143/580 622/740/497 621/531/580
f 647/820/581 643/793/580 633/143/580
f 647/820/581 633/143/580 621/531/580
f 621/531/580 631/709/497 624/682/559
f 624/682/559 626/789/497 616/679/558
f 616/679/558 614/603/579 644/819/579
f 616/679/558 644/819/579 645/821/582
f 647/820/581 621/531/580 624/682/559
f 616/679/558 645/821/582 646/755/559
f 646/755/559 647/820/581 624/682/559
f 393/459/394 409/477/410 410/483/414
f 617/756/557 641/746/555 640/757/555
o Bolt.076
v 0.010036 0.025999 0.000064
v 0.005472 0.025999 -0.008461
v 0.005541 0.025999 0.008525
v -0.004299 0.025999 0.008525
v -0.008795 0.025999 0.000064
v -0.004230 0.025999 -0.008461
v 0.005472 0.029992 -0.008461
v 0.004469 0.030999 -0.007654
v 0.005161 0.030800 -0.007918
v 0.005287 0.030999 -0.007150
v 0.005694 0.030180 -0.008008
v 0.004978 0.030181 -0.008461
v 0.005541 0.029992 0.008525
v 0.005761 0.030180 0.008074
v 0.005218 0.030800 0.007987
v 0.005326 0.030999 0.007226
v 0.004510 0.030999 0.007733
v 0.005044 0.030181 0.008525
v -0.004299 0.029992 0.008525
v -0.003269 0.030999 0.007733
v -0.003976 0.030800 0.007987
v -0.004084 0.030999 0.007226
v -0.004519 0.030180 0.008074
v -0.003802 0.030181 0.008525
v -0.004230 0.029992 -0.008461
v -0.004452 0.030180 -0.008008
v -0.003920 0.030800 -0.007918
v -0.004045 0.030999 -0.007150
v -0.003228 0.030999 -0.007654
v -0.003736 0.030181 -0.008461
v 0.010036 0.029960 0.000064
v 0.009818 0.030173 -0.000364
v 0.009460 0.030796 0.000073
v 0.008886 0.030999 -0.000387
v 0.008890 0.030999 0.000556
v 0.009818 0.030173 0.000495
v -0.008795 0.029960 0.000064
v -0.008576 0.030173 0.000495
v -0.008219 0.030796 0.000073
v -0.007648 0.030999 0.000556
v -0.007645 0.030999 -0.000387
v -0.008576 0.030173 -0.000364
v 0.004384 0.030999 -0.007754
v 0.004310 0.030856 -0.008254
v 0.005333 0.030999 -0.007139
v 0.005811 0.030856 -0.007300
v 0.005395 0.030999 0.007208
v 0.005873 0.030856 0.007368
v 0.004439 0.030999 0.007818
v 0.004369 0.030856 0.008318
v -0.003197 0.030999 0.007818
v -0.003128 0.030856 0.008318
v -0.004153 0.030999 0.007208
v -0.004632 0.030856 0.007368
v -0.004091 0.030999 -0.007139
v -0.004569 0.030856 -0.007300
v -0.003143 0.030999 -0.007754
v -0.003068 0.030856 -0.008254
v 0.008930 0.030999 -0.000494
v 0.009340 0.030854 -0.000828
v 0.008925 0.030999 0.000640
v 0.009338 0.030853 0.000967
v -0.007683 0.030999 0.000640
v -0.008097 0.030853 0.000967
v -0.007688 0.030999 -0.000494
v -0.008098 0.030854 -0.000828
v 0.000621 0.030510 -0.008461
v 0.007863 0.030506 -0.004186
v 0.006885 0.030398 -0.006097
v 0.000621 0.030510 0.008525
v 0.006937 0.030398 0.006179
v 0.007898 0.030506 0.004284
v -0.006656 0.030506 0.004284
v -0.005696 0.030398 0.006179
v -0.005644 0.030398 -0.006097
v -0.006621 0.030506 -0.004186
vn 0.2244 0.5392 -0.8117
vn 0.3384 0.7789 -0.5280
vn 0.4202 0.6120 -0.6700
vn 0.6174 0.5497 0.5627
vn 0.3352 0.7798 0.5287
vn 0.4198 0.6136 0.6688
vn -0.0791 0.9832 -0.1646
vn 0.1053 0.7290 -0.6764
vn -0.1053 0.7290 -0.6764
vn -0.2220 0.5390 0.8125
vn -0.3352 0.7798 0.5287
vn -0.4198 0.6136 0.6688
vn -0.6194 0.5468 -0.5633
vn -0.3384 0.7789 -0.5280
vn -0.4202 0.6120 -0.6700
vn 0.8417 0.5096 -0.1782
vn 0.6397 0.7686 0.0009
vn 0.8235 0.5674 -0.0008
vn -0.8423 0.5089 0.1778
vn -0.6397 0.7686 0.0009
vn -0.8235 0.5674 -0.0008
vn -0.0000 -0.0000 1.0000
vn -0.0000 0.5002 -0.8659
vn 0.6684 0.6495 -0.3624
vn 0.7038 0.5821 -0.4071
vn 0.5092 0.7602 -0.4036
vn -0.0000 0.5004 0.8658
vn -0.1042 0.7292 0.6763
vn -0.1100 0.9838 -0.1418
vn -0.6447 0.7319 -0.2207
vn -0.1820 0.9833 -0.0063
vn -0.6684 0.6495 -0.3624
vn -0.8417 0.5096 -0.1782
vn -0.6685 0.6509 0.3598
vn -0.7034 0.5845 0.4044
vn -0.5087 0.7607 0.4031
vn 0.1103 0.9837 0.1421
vn 0.6446 0.7325 0.2191
vn 0.1807 0.9835 0.0060
vn 0.6447 0.7319 -0.2206
vn 0.1099 0.9838 -0.1418
vn 0.1820 0.9833 -0.0063
vn 0.6194 0.5468 -0.5633
vn -0.8877 -0.0098 0.4603
vn -0.8770 -0.0136 0.4803
vn -0.8873 -0.0211 0.4608
vn 0.5087 0.7607 0.4031
vn 0.1042 0.7292 0.6763
vn 0.2220 0.5390 0.8125
vn -0.6174 0.5497 0.5627
vn -0.0783 0.9834 0.1638
vn 0.0783 0.9834 0.1638
vn 0.8755 -0.0133 -0.4830
vn 0.8789 -0.0265 -0.4763
vn 0.8856 -0.0207 -0.4639
vn -0.5092 0.7602 -0.4036
vn -0.2245 0.5392 -0.8117
vn 0.8423 0.5089 0.1778
vn -0.6446 0.7325 0.2191
vn 0.0446 0.9916 -0.1212
vn 0.0893 0.9914 -0.0955
vn 0.0892 0.9915 0.0944
vn 0.0451 0.9916 0.1210
vn -0.0450 0.9916 0.1210
vn -0.0892 0.9915 0.0944
vn -0.0893 0.9914 -0.0955
vn -0.0446 0.9916 -0.1212
vn 0.1247 0.9917 -0.0317
vn 0.1259 0.9916 0.0307
vn -0.1259 0.9916 0.0307
vn -0.1246 0.9917 -0.0317
vn 0.0791 0.9832 -0.1646
vn -0.1103 0.9837 0.1421
vn -0.1807 0.9835 0.0060
vn 0.7034 0.5845 0.4044
vn 0.6686 0.6508 0.3598
vn -0.7038 0.5821 -0.4071
vn -0.0000 -0.0000 -1.0000
vn 0.8977 -0.0000 -0.4406
vn 0.8679 0.0077 -0.4967
vn 0.8770 -0.0136 0.4803
vn 0.8877 -0.0098 0.4603
vn 0.8873 -0.0211 0.4608
vn 0.8993 -0.0000 0.4373
vn 0.8691 0.0078 0.4946
vn -0.8861 -0.0096 -0.4634
vn -0.8903 -0.0000 -0.4553
vn 0.8803 -0.0268 0.4736
vn -0.8993 -0.0000 0.4373
vn -0.8691 0.0078 0.4946
vn -0.8803 -0.0268 0.4736
vn -0.8977 -0.0000 -0.4406
vn -0.8755 -0.0133 -0.4830
vn -0.8679 0.0077 -0.4967
vn -0.8789 -0.0265 -0.4763
vn -0.8920 -0.0000 0.4520
vn 0.8903 -0.0000 -0.4553
vn 0.8861 -0.0096 -0.4634
vn 0.8920 -0.0000 0.4520
vn -0.8857 -0.0203 -0.4638
vt 0.941111 0.144169
vt 0.942794 0.144558
vt 0.940772 0.145155
vt 0.973768 0.146329
vt 0.973320 0.144668
vt 0.974824 0.146166
vt 0.943331 0.128688
vt 0.942396 0.142815
vt 0.942396 0.128871
vt 0.975001 0.127391
vt 0.973323 0.127021
vt 0.975339 0.126399
vt 0.942330 0.125483
vt 0.942794 0.127128
vt 0.941269 0.125652
vt 0.956939 0.154122
vt 0.958139 0.152849
vt 0.957616 0.154929
vt 0.959308 0.117583
vt 0.958141 0.118840
vt 0.958630 0.116789
vt 0.974998 0.144299
vt 0.974434 0.135845
vt 0.983034 0.145276
vt 0.941676 0.135843
vt 0.949958 0.149744
vt 0.946289 0.147993
vt 0.944180 0.145660
vt 0.973715 0.128758
vt 0.944451 0.126946
vt 0.956419 0.119344
vt 0.957089 0.120095
vt 0.949959 0.121944
vt 0.956941 0.117567
vt 0.966214 0.121889
vt 0.969847 0.123605
vt 0.971931 0.125913
vt 0.971663 0.144857
vt 0.959836 0.152334
vt 0.959179 0.151580
vt 0.956418 0.152344
vt 0.944451 0.144740
vt 0.957087 0.151594
vt 0.942330 0.146203
vt 0.962242 0.110044
vt 0.978461 0.118678
vt 0.971929 0.145776
vt 0.973713 0.142932
vt 0.973771 0.125360
vt 0.972779 0.128585
vt 0.972776 0.143104
vt 0.937602 0.152873
vt 0.944180 0.126026
vt 0.941111 0.127516
vt 0.959306 0.154105
vt 0.959838 0.119355
vt 0.944417 0.144705
vt 0.943465 0.143152
vt 0.975336 0.145291
vt 0.974827 0.125524
vt 0.972670 0.143231
vt 0.971712 0.144778
vt 0.971714 0.126911
vt 0.972673 0.128458
vt 0.940772 0.126530
vt 0.958628 0.154899
vt 0.943465 0.128533
vt 0.944417 0.126981
vt 0.957618 0.116759
vt 0.959054 0.151554
vt 0.957260 0.151552
vt 0.957262 0.120137
vt 0.959055 0.120135
vt 0.943331 0.142997
vt 0.971666 0.126832
vt 0.959181 0.120109
vt 0.941269 0.146034
vt 0.969844 0.148084
vt 0.966212 0.149800
vt 0.946289 0.123693
vt 0.933075 0.145138
vt 0.933075 0.126548
vt 0.978458 0.153011
vt 0.962240 0.161644
vt 0.953970 0.110026
vt 0.937603 0.118811
vt 0.983037 0.126417
vt 0.953966 0.161662
s 1
usemtl SideHatch
f 662/822/583 659/823/584 657/824/585
f 664/825/586 665/826/587 663/827/588
f 707/828/589 694/829/590 708/830/591
f 674/831/592 671/832/593 669/833/594
f 676/834/595 677/835/596 675/836/597
f 682/837/598 683/838/599 681/839/600
f 688/840/601 689/841/602 687/842/603
f 668/843/604 720/844/604 653/845/604
f 662/822/583 717/846/605 694/829/590
f 718/847/606 719/848/607 696/849/608
f 674/831/592 720/844/609 702/850/610
f 705/851/611 716/852/612 715/853/613
f 726/854/614 692/855/615 716/852/612
f 723/856/616 724/857/617 704/858/618
f 697/859/619 712/860/620 711/861/621
f 710/862/622 695/863/623 709/864/624
f 682/837/598 718/847/606 710/862/622
f 694/829/590 659/823/584 662/822/583
f 696/849/608 661/865/625 659/823/584
f 655/866/626 654/867/627 723/856/628
f 698/868/629 665/826/587 664/825/586
f 700/869/630 668/843/631 665/826/587
f 702/850/610 671/832/593 674/831/592
f 704/858/618 673/870/632 671/832/593
f 701/871/633 700/869/630 699/872/634
f 652/873/635 719/848/636 718/847/637
f 706/874/638 677/835/596 676/834/595
f 708/830/591 680/875/639 677/835/596
f 710/862/622 683/838/599 682/837/598
f 712/860/620 686/876/640 683/838/599
f 714/877/641 689/841/602 688/840/601
f 716/852/612 692/855/615 689/841/602
f 660/878/642 659/823/584 658/879/643
f 665/826/587 668/843/631 663/880/588
f 671/832/593 673/870/632 669/881/594
f 667/882/644 665/826/587 666/883/645
f 672/884/646 671/832/593 670/885/647
f 677/835/596 680/875/639 675/886/597
f 683/838/599 686/876/640 681/887/600
f 679/888/648 677/835/596 678/889/649
f 689/841/602 692/855/615 687/890/603
f 685/891/650 683/838/599 684/892/651
f 691/893/652 689/841/602 690/894/653
f 694/829/590 693/895/654 659/823/584
f 693/895/654 658/879/643 659/823/584
f 660/878/642 695/863/623 659/823/584
f 695/863/623 696/849/608 659/823/584
f 698/868/629 697/859/619 665/826/587
f 697/859/619 666/883/645 665/826/587
f 699/872/634 700/869/630 665/826/587
f 702/850/610 701/871/633 671/832/593
f 701/871/633 670/885/647 671/832/593
f 672/884/646 703/896/655 671/832/593
f 703/896/655 704/858/618 671/832/593
f 706/874/638 705/851/611 677/835/596
f 705/851/611 678/889/649 677/835/596
f 679/888/648 707/828/589 677/835/596
f 707/828/589 708/830/591 677/835/596
f 710/862/622 709/864/624 683/838/599
f 709/864/624 684/892/651 683/838/599
f 685/891/650 711/861/621 683/838/599
f 711/861/621 712/860/620 683/838/599
f 714/877/641 713/897/656 689/841/602
f 713/897/656 690/894/653 689/841/602
f 691/893/652 715/853/613 689/841/602
f 715/853/613 716/852/612 689/841/602
f 659/823/584 661/865/625 657/898/585
f 688/840/601 723/856/616 714/877/641
f 694/829/590 717/846/605 708/830/591
f 719/848/607 661/865/625 696/849/608
f 710/862/622 718/847/606 696/849/608
f 680/875/639 708/830/591 717/846/605
f 702/850/610 720/844/609 700/869/630
f 698/868/629 664/825/586 721/899/657
f 698/868/629 721/899/657 722/900/658
f 698/868/629 722/900/658 712/860/620
f 686/876/640 712/860/620 722/900/658
f 724/857/617 673/870/632 704/858/618
f 714/877/641 723/856/616 704/858/618
f 706/874/638 676/834/595 725/901/659
f 706/874/638 725/901/659 726/854/614
f 706/874/638 726/854/614 716/852/612
f 652/902/660 656/903/660 717/846/660
f 652/873/635 657/898/661 661/865/662
f 661/865/662 719/848/636 652/873/635
f 653/904/663 651/905/664 722/900/665
f 663/827/666 653/904/663 664/825/667
f 655/906/668 687/890/669 692/855/669
f 664/825/667 653/904/663 721/899/670
f 714/877/641 703/896/655 713/897/656
f 709/864/624 660/878/642 684/892/651
f 654/867/627 669/881/671 673/870/672
f 673/870/672 724/857/673 654/867/627
f 668/843/631 700/869/630 720/844/609
f 675/836/674 656/907/675 676/834/676
f 676/834/676 656/907/675 725/901/677
f 707/828/589 693/895/654 694/829/590
f 720/844/604 674/831/604 654/908/604
f 674/831/604 669/833/604 654/908/604
f 654/908/604 653/845/604 720/844/604
f 653/845/604 663/880/604 668/843/604
f 705/851/611 706/874/638 716/852/612
f 697/859/619 698/868/629 712/860/620
f 710/862/622 696/849/608 695/863/623
f 724/857/673 723/856/628 654/867/627
f 723/856/628 688/840/678 655/866/626
f 688/840/678 687/842/678 655/866/626
f 701/871/633 702/850/610 700/869/630
f 718/847/637 682/837/679 651/909/680
f 682/837/679 681/839/679 651/909/680
f 651/909/680 652/873/635 718/847/637
f 675/886/660 680/875/660 656/903/660
f 680/875/660 717/846/660 656/903/660
f 717/846/660 662/822/660 652/902/660
f 662/822/660 657/824/660 652/902/660
f 681/887/681 686/876/681 651/905/664
f 686/876/681 722/900/665 651/905/664
f 722/900/665 721/899/670 653/904/663
f 692/855/669 726/854/682 655/906/668
f 726/854/682 725/901/677 656/907/675
f 655/906/668 726/854/682 656/907/675
f 714/877/641 704/858/618 703/896/655
f 705/851/611 715/853/613 691/893/652
f 690/894/653 713/897/656 703/896/655
f 705/851/611 691/893/652 678/889/649
f 691/893/652 690/894/653 684/892/651
f 678/889/649 691/893/652 684/892/651
f 690/894/653 703/896/655 672/884/646
f 670/885/647 701/871/633 699/872/634
f 690/894/653 672/884/646 685/891/650
f 672/884/646 670/885/647 666/883/645
f 685/891/650 672/884/646 666/883/645
f 679/888/648 678/889/649 658/879/643
f 658/879/643 678/889/649 660/878/642
f 693/895/654 707/828/589 679/888/648
f 658/879/643 693/895/654 679/888/648
f 670/885/647 699/872/634 667/882/644
f 666/883/645 697/859/619 711/861/621
f 670/885/647 667/882/644 666/883/645
f 660/878/642 678/889/649 684/892/651
f 709/864/624 695/863/623 660/878/642
f 684/892/651 690/894/653 685/891/650
f 666/883/645 711/861/621 685/891/650
f 667/882/644 699/872/634 665/826/587
