# Blender 5.1.2
# www.blender.org
mtllib gantry6.mtl
o TrussGantryEnd
g gantry6
v -0.482570 8.486273 0.178421
v -0.409710 8.486273 0.178420
v -0.482570 8.506045 0.178421
v -0.409710 8.506045 0.178420
v -0.482569 8.486273 -0.693176
v -0.409705 8.486273 -0.693177
v -0.482569 8.506045 -0.693176
v -0.409705 8.506045 -0.693177
v -2.177597 6.658985 0.158648
v -2.201864 6.727689 0.158648
v -2.177597 6.658985 0.138875
v -2.201864 6.727689 0.138875
v -0.390140 7.292812 0.158754
v -0.430334 7.353587 0.158754
v -0.390140 7.292812 0.138982
v -0.430334 7.353587 0.138982
v -2.226454 8.438173 0.158648
v -2.164533 8.476578 0.158648
v -2.226454 8.438172 0.138876
v -2.164533 8.476578 0.138876
v -1.323994 6.970994 0.139402
v -1.262073 7.009399 0.139402
v -1.323994 6.970994 0.119629
v -1.262073 7.009399 0.119629
v -2.209826 8.413314 0.178421
v -2.209825 8.486174 0.178421
v -2.209825 8.413314 0.158649
v -2.209824 8.486174 0.158649
v -0.448842 8.413315 0.178421
v -0.448841 8.486178 0.178421
v -0.448842 8.413315 0.158649
v -0.448841 8.486178 0.158649
v -2.177597 6.658985 -0.653630
v -2.201864 6.727689 -0.653630
v -2.177597 6.658985 -0.673402
v -2.201864 6.727689 -0.673402
v -0.390140 7.292812 -0.653650
v -0.430334 7.353587 -0.653650
v -0.390140 7.292812 -0.673423
v -0.430334 7.353587 -0.673423
v -2.226454 8.438173 -0.653630
v -2.164533 8.476578 -0.653630
v -2.226454 8.438172 -0.673402
v -2.164533 8.476578 -0.673402
v -1.323994 6.970994 -0.634298
v -1.262073 7.009399 -0.634298
v -1.323994 6.970994 -0.654070
v -1.262073 7.009399 -0.654070
v -2.209826 8.413314 -0.673404
v -2.209825 8.486174 -0.673404
v -2.209826 8.413314 -0.693176
v -2.209825 8.486174 -0.693176
v -0.448842 8.413315 -0.673404
v -0.448841 8.486178 -0.673404
v -0.448842 8.413315 -0.693176
v -0.448841 8.486178 -0.693176
v -0.483190 8.486222 0.158648
v -0.410320 8.485842 0.158648
v -0.483190 8.486222 0.138876
v -0.410320 8.485842 0.138876
v -0.483186 7.249274 0.158754
v -0.410323 7.248894 0.158754
v -0.483186 7.249274 0.138982
v -0.410323 7.248894 0.138981
v -0.483188 7.340002 0.138558
v -0.410321 7.339622 0.138558
v -0.483188 7.340002 0.158331
v -0.410321 7.339622 0.158331
v -0.483190 8.486222 -0.653630
v -0.410320 8.485842 -0.653630
v -0.483190 8.486222 -0.673402
v -0.410320 8.485842 -0.673402
v -0.483186 7.249274 -0.653650
v -0.410323 7.248894 -0.653650
v -0.483186 7.249274 -0.673423
v -0.410323 7.248894 -0.673423
v -0.483188 7.340002 -0.673341
v -0.410321 7.339622 -0.673341
v -0.483188 7.340002 -0.653568
v -0.410321 7.339622 -0.653568
v -2.200828 8.506047 0.105763
v -2.189920 8.506047 0.177802
v -2.200827 8.525820 0.105763
v -2.189919 8.525820 0.177802
v -0.459687 8.506046 -0.672898
v -0.448778 8.506046 -0.600856
v -0.459687 8.525819 -0.672898
v -0.448778 8.525819 -0.600856
v -2.209575 8.486273 0.178421
v -2.136715 8.486273 0.178420
v -2.209575 8.506045 0.178421
v -2.136715 8.506045 0.178420
v -2.209574 8.486273 -0.693176
v -2.136710 8.486273 -0.693177
v -2.209574 8.506045 -0.693176
v -2.136710 8.506045 -0.693177
v -0.475303 8.485025 0.158648
v -0.410668 8.451389 0.158648
v -0.475304 8.485026 0.138876
v -0.410669 8.451389 0.138876
v -1.276150 7.043216 0.139402
v -1.211514 7.009578 0.139402
v -1.276150 7.043216 0.119629
v -1.211514 7.009579 0.119629
v -0.475304 8.485025 -0.653630
v -0.410668 8.451389 -0.653630
v -0.475304 8.485025 -0.673402
v -0.410669 8.451389 -0.673402
v -1.276150 7.043215 -0.634298
v -1.211514 7.009578 -0.634298
v -1.276150 7.043215 -0.654070
v -1.211514 7.009579 -0.654070
v -0.484893 7.258891 0.178421
v -0.416205 7.283192 0.178420
v -0.491488 7.277531 0.178421
v -0.422800 7.301832 0.178420
v -0.484892 7.258891 -0.693176
v -0.416201 7.283193 -0.693177
v -0.491487 7.277531 -0.693176
v -0.422796 7.301834 -0.693177
v -2.111357 6.704441 0.105763
v -2.101074 6.708079 0.177802
v -2.117951 6.723082 0.105763
v -2.107668 6.726720 0.177802
v -0.469916 7.285164 -0.672899
v -0.459632 7.288803 -0.600856
v -0.476510 7.303804 -0.672898
v -0.466227 7.307443 -0.600856
v -2.113008 6.682882 0.178421
v -2.044321 6.707183 0.178420
v -2.119604 6.701522 0.178421
v -2.050915 6.725823 0.178420
v -2.113008 6.682882 -0.693176
v -2.044317 6.707185 -0.693177
v -2.119603 6.701523 -0.693176
v -2.050911 6.725825 -0.693177
vn -0.0000 -0.0000 1.0000
vn -0.0000 1.0000 -0.0000
vn -0.0000 -0.0000 -1.0000
vn -0.0000 -1.0000 -0.0000
vn -1.0000 -0.0000 -0.0000
vn 1.0000 -0.0000 -0.0000
vn -0.9429 -0.3330 -0.0000
vn 0.8341 0.5516 -0.0000
vn 0.3342 -0.9425 -0.0000
vn -0.3331 0.9429 -0.0000
vn -0.5271 0.8498 -0.0000
vn -0.0059 0.0095 -0.9999
vn 0.5271 -0.8498 -0.0000
vn 0.0059 -0.0095 0.9999
vn -0.8518 -0.5239 -0.0000
vn 0.8518 0.5239 -0.0000
vn -0.9429 -0.3331 -0.0001
vn 0.0059 -0.0095 -0.9999
vn -0.0059 0.0095 0.9999
vn 0.0052 1.0000 -0.0000
vn -0.0000 -0.0047 -1.0000
vn -0.0052 -1.0000 -0.0000
vn -0.0000 -0.0003 1.0000
vn -0.0000 0.0047 1.0000
vn -0.0000 0.0003 -1.0000
vn -0.0000 0.0009 -1.0000
vn -0.0000 0.0001 1.0000
vn -0.0000 -0.0009 1.0000
vn -0.0000 -0.0001 -1.0000
vn -0.9887 -0.0000 0.1497
vn 0.9887 -0.0000 -0.1497
vn -0.4082 -0.0000 -0.9129
vn 0.4082 -0.0000 0.9129
vn 0.4616 0.8871 -0.0000
vn 0.0054 0.0104 -0.9999
vn -0.4616 -0.8871 -0.0000
vn -0.0054 -0.0104 0.9999
vn -0.8742 0.4856 -0.0000
vn 0.8742 -0.4856 -0.0000
vn -0.0054 -0.0104 -0.9999
vn 0.0054 0.0104 0.9999
vn -0.3335 0.9427 -0.0000
vn 0.3335 -0.9427 -0.0000
vn -0.9427 -0.3335 -0.0000
vn 0.9427 0.3335 -0.0000
vn -0.9321 -0.3297 0.1497
vn 0.9321 0.3298 -0.1497
vn -0.3849 -0.1362 -0.9129
vn 0.3849 0.1362 0.9129
vn 0.0001 -0.0000 -1.0000
vn -0.0001 -0.0000 1.0000
vn -1.0000 -0.0000 -0.0001
vn -0.9429 -0.3331 -0.0000
vn -0.4083 -0.0000 -0.9129
vt 0.521748 0.499718
vt 0.514923 0.506544
vt 0.514923 0.499718
vt 0.521748 0.506544
vt 0.514923 0.513369
vt 0.521748 0.513369
vt 0.518431 0.806383
vt 0.527631 0.846481
vt 0.506738 0.846481
vt 0.508098 0.520194
vt 0.508098 0.513369
vt 0.528573 0.513369
vt 0.519002 0.806383
vt 0.514923 0.520194
vt 0.500000 0.999999
vt 0.533818 0.000008
vt 0.533818 0.999999
vt 0.528573 0.520194
vt 0.521748 0.520194
vt 0.534177 0.813001
vt 0.500000 0.563001
vt 0.534177 0.563001
vt 0.534178 0.747975
vt 0.499999 0.000005
vt 0.534178 0.000005
vt 0.534178 0.999998
vt 0.500000 0.006817
vt 0.534178 0.006817
vt 0.500000 0.509074
vt 0.534178 0.259074
vt 0.534178 0.509074
vt 0.500000 0.999999
vt 0.534177 0.231429
vt 0.534177 0.999999
vt 0.521748 0.509956
vt 0.514923 0.509956
vt 0.500000 0.678547
vt 0.534177 0.803547
vt 0.500000 0.803547
vt 0.511510 0.520194
vt 0.511510 0.513369
vt 0.525161 0.520194
vt 0.525161 0.513369
vt 0.522763 0.367464
vt 0.522763 0.617464
vt 0.521748 0.523607
vt 0.514923 0.523607
vt 0.521748 0.527019
vt 0.514923 0.527019
vt 0.534177 0.233217
vt 0.500002 0.358217
vt 0.500002 0.233217
vt 0.503746 0.000003
vt 0.534178 0.999776
vt 0.503746 0.999776
vt 0.500000 0.813001
vt 0.500000 0.259074
vt 0.500000 0.000008
vt 0.499999 0.747975
vt 0.500000 0.999998
vt 0.500000 0.231429
vt 0.534177 0.678547
vt 0.534177 0.358217
vt 0.534178 0.000003
s 0
usemtl Catenary
f 2/1/1 3/2/1 1/3/1
f 4/4/2 7/5/2 3/2/2
f 8/6/3 5/7/3 7/5/3
f 5/7/4 2/8/4 1/9/4
f 7/5/5 1/10/5 3/11/5
f 4/12/6 6/13/6 8/6/6
f 10/1/7 11/2/7 9/3/7
f 11/2/3 16/6/3 15/5/3
f 16/6/8 13/14/8 15/5/8
f 14/15/1 9/16/1 13/17/1
f 15/5/9 9/10/9 11/11/9
f 16/6/10 10/18/10 14/19/10
f 17/3/11 20/4/11 19/2/11
f 20/4/12 23/5/12 19/2/12
f 24/6/13 21/14/13 23/5/13
f 21/20/14 18/21/14 17/22/14
f 19/11/15 21/14/15 17/10/15
f 20/12/16 22/19/16 24/6/16
f 26/1/5 27/2/5 25/3/5
f 28/4/3 31/5/3 27/2/3
f 32/6/6 29/14/6 31/5/6
f 29/23/1 26/24/1 25/25/1
f 27/11/4 29/14/4 25/10/4
f 28/12/2 30/19/2 32/6/2
f 33/3/17 36/4/17 35/2/17
f 35/26/3 40/27/3 39/28/3
f 40/6/8 37/14/8 39/5/8
f 38/19/1 33/9/1 37/14/1
f 35/11/9 37/14/9 33/10/9
f 36/12/10 38/19/10 40/6/10
f 41/3/11 44/4/11 43/2/11
f 44/29/18 47/30/18 43/31/18
f 48/6/13 45/14/13 47/5/13
f 45/14/19 42/8/19 41/9/19
f 47/5/15 41/10/15 43/11/15
f 48/6/16 42/18/16 46/19/16
f 50/1/5 51/2/5 49/3/5
f 52/32/3 55/33/3 51/34/3
f 56/6/6 53/14/6 55/5/6
f 53/14/1 50/8/1 49/9/1
f 51/11/4 53/14/4 49/10/4
f 52/12/2 54/19/2 56/6/2
f 57/3/20 60/4/20 59/2/20
f 66/35/21 63/5/21 65/36/21
f 63/5/22 62/19/22 61/14/22
f 67/37/23 58/38/23 57/39/23
f 63/5/5 67/40/5 65/41/5
f 60/12/6 68/42/6 66/43/6
f 64/6/6 68/42/6 62/19/6
f 59/44/5 67/40/5 57/45/5
f 61/14/24 68/46/24 67/47/24
f 60/4/25 65/36/25 59/2/25
f 69/3/20 72/4/20 71/2/20
f 78/35/26 75/5/26 77/36/26
f 75/5/22 74/19/22 73/14/22
f 79/47/27 70/48/27 69/49/27
f 77/41/5 73/14/5 79/40/5
f 78/43/6 70/18/6 80/42/6
f 78/43/6 74/19/6 76/6/6
f 77/41/5 69/45/5 71/44/5
f 73/14/28 80/46/28 79/47/28
f 72/50/29 77/51/29 71/52/29
f 81/3/30 84/4/30 83/2/30
f 83/53/2 88/54/2 87/55/2
f 88/6/31 85/14/31 87/5/31
f 86/19/4 81/9/4 85/14/4
f 83/11/32 85/14/32 81/10/32
f 84/12/33 86/19/33 88/6/33
f 90/1/1 91/2/1 89/3/1
f 92/4/2 95/5/2 91/2/2
f 96/6/3 93/14/3 95/5/3
f 93/14/4 90/8/4 89/9/4
f 95/5/5 89/10/5 91/11/5
f 92/12/6 94/19/6 96/6/6
f 97/3/34 100/4/34 99/2/34
f 99/2/35 104/6/35 103/5/35
f 104/6/36 101/14/36 103/5/36
f 102/56/37 97/22/37 101/20/37
f 99/11/38 101/14/38 97/10/38
f 100/12/39 102/19/39 104/6/39
f 105/3/34 108/4/34 107/2/34
f 107/31/40 112/57/40 111/30/40
f 112/6/36 109/14/36 111/5/36
f 110/19/41 105/9/41 109/14/41
f 111/5/38 105/10/38 107/11/38
f 112/6/39 106/18/39 110/19/39
f 113/3/1 116/4/1 115/2/1
f 116/4/42 119/5/42 115/2/42
f 120/6/3 117/7/3 119/5/3
f 117/7/43 114/8/43 113/9/43
f 115/11/44 117/7/44 113/10/44
f 116/12/45 118/13/45 120/6/45
f 121/3/46 124/4/46 123/2/46
f 123/53/42 128/54/42 127/55/42
f 128/6/47 125/14/47 127/5/47
f 126/19/43 121/9/43 125/14/43
f 127/5/48 121/10/48 123/11/48
f 128/6/49 122/18/49 126/19/49
f 129/3/1 132/4/1 131/2/1
f 132/4/42 135/5/42 131/2/42
f 136/6/3 133/14/3 135/5/3
f 133/14/43 130/8/43 129/9/43
f 135/5/44 129/10/44 131/11/44
f 132/12/45 134/19/45 136/6/45
f 2/1/1 4/4/1 3/2/1
f 4/4/2 8/6/2 7/5/2
f 8/6/3 6/13/3 5/7/3
f 5/7/4 6/13/4 2/8/4
f 7/5/5 5/7/5 1/10/5
f 4/12/6 2/18/6 6/13/6
f 10/1/7 12/4/7 11/2/7
f 11/2/50 12/4/50 16/6/50
f 16/6/8 14/19/8 13/14/8
f 14/15/51 10/58/51 9/16/51
f 15/5/9 13/14/9 9/10/9
f 16/6/10 12/12/10 10/18/10
f 17/3/11 18/1/11 20/4/11
f 20/4/12 24/6/12 23/5/12
f 24/6/13 22/19/13 21/14/13
f 21/20/14 22/56/14 18/21/14
f 19/11/15 23/5/15 21/14/15
f 20/12/16 18/18/16 22/19/16
f 26/1/52 28/4/52 27/2/52
f 28/4/3 32/6/3 31/5/3
f 32/6/6 30/19/6 29/14/6
f 29/23/1 30/59/1 26/24/1
f 27/11/4 31/5/4 29/14/4
f 28/12/2 26/18/2 30/19/2
f 33/3/53 34/1/53 36/4/53
f 35/26/3 36/60/3 40/27/3
f 40/6/8 38/19/8 37/14/8
f 38/19/1 34/8/1 33/9/1
f 35/11/9 39/5/9 37/14/9
f 36/12/10 34/18/10 38/19/10
f 41/3/11 42/1/11 44/4/11
f 44/29/18 48/57/18 47/30/18
f 48/6/13 46/19/13 45/14/13
f 45/14/19 46/19/19 42/8/19
f 47/5/15 45/14/15 41/10/15
f 48/6/16 44/12/16 42/18/16
f 50/1/5 52/4/5 51/2/5
f 52/32/3 56/61/3 55/33/3
f 56/6/6 54/19/6 53/14/6
f 53/14/1 54/19/1 50/8/1
f 51/11/4 55/5/4 53/14/4
f 52/12/2 50/18/2 54/19/2
f 57/3/20 58/1/20 60/4/20
f 66/35/21 64/6/21 63/5/21
f 63/5/22 64/6/22 62/19/22
f 67/37/23 68/62/23 58/38/23
f 63/5/5 61/14/5 67/40/5
f 60/12/6 58/18/6 68/42/6
f 64/6/6 66/43/6 68/42/6
f 59/44/5 65/41/5 67/40/5
f 61/14/24 62/19/24 68/46/24
f 60/4/25 66/35/25 65/36/25
f 69/3/20 70/1/20 72/4/20
f 78/35/26 76/6/26 75/5/26
f 75/5/22 76/6/22 74/19/22
f 79/47/27 80/46/27 70/48/27
f 77/41/5 75/5/5 73/14/5
f 78/43/6 72/12/6 70/18/6
f 78/43/6 80/42/6 74/19/6
f 77/41/5 79/40/5 69/45/5
f 73/14/28 74/19/28 80/46/28
f 72/50/29 78/63/29 77/51/29
f 81/3/30 82/1/30 84/4/30
f 83/53/2 84/64/2 88/54/2
f 88/6/31 86/19/31 85/14/31
f 86/19/4 82/8/4 81/9/4
f 83/11/54 87/5/54 85/14/54
f 84/12/33 82/18/33 86/19/33
f 90/1/1 92/4/1 91/2/1
f 92/4/2 96/6/2 95/5/2
f 96/6/3 94/19/3 93/14/3
f 93/14/4 94/19/4 90/8/4
f 95/5/5 93/14/5 89/10/5
f 92/12/6 90/18/6 94/19/6
f 97/3/34 98/1/34 100/4/34
f 99/2/35 100/4/35 104/6/35
f 104/6/36 102/19/36 101/14/36
f 102/56/37 98/21/37 97/22/37
f 99/11/38 103/5/38 101/14/38
f 100/12/39 98/18/39 102/19/39
f 105/3/34 106/1/34 108/4/34
f 107/31/40 108/29/40 112/57/40
f 112/6/36 110/19/36 109/14/36
f 110/19/41 106/8/41 105/9/41
f 111/5/38 109/14/38 105/10/38
f 112/6/39 108/12/39 106/18/39
f 113/3/1 114/1/1 116/4/1
f 116/4/42 120/6/42 119/5/42
f 120/6/3 118/13/3 117/7/3
f 117/7/43 118/13/43 114/8/43
f 115/11/44 119/5/44 117/7/44
f 116/12/45 114/18/45 118/13/45
f 121/3/46 122/1/46 124/4/46
f 123/53/42 124/64/42 128/54/42
f 128/6/47 126/19/47 125/14/47
f 126/19/43 122/8/43 121/9/43
f 127/5/48 125/14/48 121/10/48
f 128/6/49 124/12/49 122/18/49
f 129/3/1 130/1/1 132/4/1
f 132/4/42 136/6/42 135/5/42
f 136/6/3 134/19/3 133/14/3
f 133/14/43 134/19/43 130/8/43
f 135/5/44 133/14/44 129/10/44
f 132/12/45 130/18/45 134/19/45
o Pole.003
v -2.200000 -0.600000 -0.657952
v -2.200000 8.452378 -0.657952
v -2.142597 -0.600000 -0.646534
v -2.142597 8.452378 -0.646534
v -2.093934 -0.600000 -0.614018
v -2.093934 8.452378 -0.614018
v -2.061418 -0.600000 -0.565354
v -2.061418 8.452378 -0.565354
v -2.050000 -0.600000 -0.507952
v -2.050000 8.452378 -0.507952
v -2.061418 -0.600000 -0.450549
v -2.061418 8.452378 -0.450549
v -2.093934 -0.600000 -0.401886
v -2.093934 8.452378 -0.401886
v -2.142597 -0.600000 -0.369370
v -2.142597 8.452378 -0.369370
v -2.200000 -0.600000 -0.357952
v -2.200000 8.452378 -0.357952
v -2.257403 -0.600000 -0.369370
v -2.257403 8.452378 -0.369370
v -2.306066 -0.600000 -0.401886
v -2.306066 8.452378 -0.401886
v -2.338582 -0.600000 -0.450549
v -2.338582 8.452378 -0.450549
v -2.350000 -0.600000 -0.507952
v -2.350000 8.452378 -0.507952
v -2.338582 -0.600000 -0.565354
v -2.338582 8.452378 -0.565354
v -2.306066 -0.600000 -0.614018
v -2.306066 8.452378 -0.614018
v -2.257403 -0.600000 -0.646534
v -2.257403 8.452378 -0.646534
vn -0.0000 -0.0000 -1.0000
vn 0.3827 -0.0000 -0.9239
vn 0.7071 -0.0000 -0.7071
vn 0.9239 -0.0000 -0.3827
vn 1.0000 -0.0000 -0.0000
vn 0.9239 -0.0000 0.3827
vn 0.7071 -0.0000 0.7071
vn 0.3827 -0.0000 0.9239
vn -0.0000 -0.0000 1.0000
vn -0.3827 -0.0000 0.9239
vn -0.7071 -0.0000 0.7071
vn -0.9239 -0.0000 0.3827
vn -1.0000 -0.0000 -0.0000
vn -0.9239 -0.0000 -0.3827
vn -0.0000 1.0000 -0.0000
vn -0.7071 -0.0000 -0.7071
vn -0.3827 -0.0000 -0.9239
vt 0.000698 -1.374996
vt 0.016236 1.000000
vt 0.000698 1.000000
vt 0.016236 -1.374996
vt 0.031774 1.000000
vt 0.031774 -1.374996
vt 0.047311 1.000000
vt 0.047311 -1.374996
vt 0.062849 1.000000
vt 0.062849 -1.374996
vt 0.078387 1.000000
vt 0.078387 -1.374996
vt 0.093925 1.000000
vt 0.093925 -1.374996
vt 0.109462 1.000001
vt 0.109462 -1.374996
vt 0.125000 1.000001
vt 0.125000 -1.374996
vt 0.140538 1.000001
vt 0.140538 -1.374996
vt 0.156076 1.000001
vt 0.156076 -1.374996
vt 0.171614 1.000001
vt 0.171614 -1.374996
vt 0.187151 1.000001
vt 0.187151 -1.374996
vt 0.202689 1.000001
vt 0.037106 0.161613
vt 0.212893 0.161613
vt 0.212893 0.338386
vt 0.202689 -1.374996
vt 0.218227 1.000001
vt 0.218227 -1.374996
vt 0.233765 1.000001
vt 0.233765 -1.374995
vt 0.249302 1.000001
vt 0.172567 0.365482
vt 0.124999 0.374997
vt 0.077432 0.365482
vt 0.037106 0.338386
vt 0.010161 0.297834
vt 0.000699 0.250000
vt 0.010161 0.202165
vt 0.077432 0.134518
vt 0.124999 0.125003
vt 0.172567 0.134518
vt 0.239838 0.202165
vt 0.249300 0.250000
vt 0.239838 0.297834
vt 0.249302 -1.374995
s 1
usemtl Catenary
f 138/65/55 139/66/56 137/67/55
f 140/68/56 141/69/57 139/66/56
f 142/70/57 143/71/58 141/69/57
f 144/72/58 145/73/59 143/71/58
f 146/74/59 147/75/60 145/73/59
f 148/76/60 149/77/61 147/75/60
f 150/78/61 151/79/62 149/77/61
f 152/80/62 153/81/63 151/79/62
f 154/82/63 155/83/64 153/81/63
f 156/84/64 157/85/65 155/83/64
f 158/86/65 159/87/66 157/85/65
f 160/88/66 161/89/67 159/87/66
f 162/90/67 163/91/68 161/89/67
f 158/92/69 150/93/69 142/94/69
f 164/95/68 165/96/70 163/91/68
f 166/97/70 167/98/71 165/96/70
f 168/99/71 137/100/55 167/98/71
f 138/65/55 140/68/56 139/66/56
f 140/68/56 142/70/57 141/69/57
f 142/70/57 144/72/58 143/71/58
f 144/72/58 146/74/59 145/73/59
f 146/74/59 148/76/60 147/75/60
f 148/76/60 150/78/61 149/77/61
f 150/78/61 152/80/62 151/79/62
f 152/80/62 154/82/63 153/81/63
f 154/82/63 156/84/64 155/83/64
f 156/84/64 158/86/65 157/85/65
f 158/86/65 160/88/66 159/87/66
f 160/88/66 162/90/67 161/89/67
f 162/90/67 164/95/68 163/91/68
f 142/94/69 140/101/69 138/102/69
f 138/102/69 168/103/69 166/104/69
f 166/104/69 164/105/69 162/106/69
f 162/106/69 160/107/69 158/92/69
f 158/92/69 156/108/69 154/109/69
f 154/109/69 152/110/69 150/93/69
f 150/93/69 148/111/69 146/112/69
f 146/112/69 144/113/69 142/94/69
f 142/94/69 138/102/69 166/104/69
f 166/104/69 162/106/69 158/92/69
f 158/92/69 154/109/69 150/93/69
f 150/93/69 146/112/69 142/94/69
f 142/94/69 166/104/69 158/92/69
f 164/95/68 166/97/70 165/96/70
f 166/97/70 168/99/71 167/98/71
f 168/99/71 138/114/55 137/100/55
o Foundation.001
v -2.400000 -10.050371 -0.307952
v -2.400000 0.108680 -0.307952
v -2.400000 -10.050371 -0.707952
v -2.400000 0.108680 -0.707952
v -2.000000 -10.050371 -0.307952
v -2.000000 0.108680 -0.307952
v -2.000000 -10.050371 -0.707952
v -2.000000 0.108680 -0.707952
v -2.200000 0.141995 -0.507952
vn -1.0000 -0.0000 -0.0000
vn -0.0000 -0.0000 -1.0000
vn 1.0000 -0.0000 -0.0000
vn -0.0000 -0.0000 1.0000
vn -0.0000 0.9864 -0.1643
vn -0.1643 0.9864 -0.0000
vn -0.0000 0.9864 0.1643
vn 0.1643 0.9864 -0.0000
vt 0.249997 3.314017
vt -0.000003 -2.311018
vt 0.249997 -2.311018
vt 0.249997 3.187517
vt -0.000003 -2.437517
vt 0.249997 -2.437517
vt 0.249997 3.437517
vt -0.000003 -2.187517
vt 0.249997 -2.187517
vt 0.249997 3.687516
vt -0.000003 -1.937517
vt 0.249997 -1.937517
vt -0.000004 0.500000
vt 0.249997 0.500000
vt 0.124997 0.625000
vt 0.249997 0.750000
vt -0.000004 0.750000
vt -0.000003 3.314017
vt -0.000003 3.187517
vt -0.000003 3.437517
vt -0.000003 3.687516
s 0
usemtl Catenary
f 170/115/72 171/116/72 169/117/72
f 172/118/73 175/119/73 171/120/73
f 176/121/74 173/122/74 175/123/74
f 174/124/75 169/125/75 173/126/75
f 176/127/76 172/128/76 177/129/76
f 172/128/77 170/130/77 177/129/77
f 170/130/78 174/131/78 177/129/78
f 174/131/79 176/127/79 177/129/79
f 170/115/72 172/132/72 171/116/72
f 172/118/73 176/133/73 175/119/73
f 176/121/74 174/134/74 173/122/74
f 174/124/75 170/135/75 169/125/75
o TrussGantrySection
v 1.245199 8.486273 0.178421
v 1.318059 8.486273 0.178420
v 1.245199 8.506045 0.178421
v 1.318059 8.506045 0.178420
v 1.245200 8.486273 -0.693176
v 1.318064 8.486273 -0.693177
v 1.245200 8.506045 -0.693176
v 1.318064 8.506045 -0.693177
v -0.465411 7.263777 0.158648
v -0.465088 7.336639 0.158648
v -0.465411 7.263776 0.138876
v -0.465088 7.336640 0.138875
v 1.317231 7.263780 0.158754
v 1.317450 7.336640 0.158754
v 1.317231 7.263780 0.138982
v 1.317451 7.336640 0.138982
v -0.498685 8.438173 0.158648
v -0.436764 8.476578 0.158648
v -0.498685 8.438172 0.138876
v -0.436765 8.476578 0.138876
v 0.385369 7.274986 0.139402
v 0.450386 7.331719 0.139402
v 0.385369 7.274986 0.119629
v 0.450386 7.331719 0.119629
v -0.482057 8.413314 0.178421
v -0.482056 8.486174 0.178421
v -0.482056 8.413314 0.158649
v -0.482056 8.486174 0.158649
v 1.278927 8.413315 0.178421
v 1.278928 8.486178 0.178421
v 1.278927 8.413315 0.158649
v 1.278928 8.486178 0.158649
v -0.465411 7.263777 -0.653630
v -0.465089 7.336640 -0.653630
v -0.465411 7.263776 -0.673402
v -0.465088 7.336640 -0.673402
v 1.317231 7.263780 -0.653650
v 1.317450 7.336640 -0.653650
v 1.317231 7.263780 -0.673423
v 1.317451 7.336640 -0.673423
v -0.498685 8.438173 -0.653630
v -0.436764 8.476578 -0.653630
v -0.498685 8.438172 -0.673402
v -0.436765 8.476578 -0.673402
v 0.385369 7.274986 -0.634298
v 0.450386 7.331719 -0.634298
v 0.385369 7.274986 -0.654070
v 0.450386 7.331719 -0.654070
v -0.482057 8.413314 -0.673404
v -0.482056 8.486174 -0.673404
v -0.482057 8.413314 -0.693176
v -0.482056 8.486174 -0.693176
v 1.278927 8.413315 -0.673404
v 1.278928 8.486178 -0.673404
v 1.278927 8.413315 -0.693176
v 1.278928 8.486178 -0.693176
v 1.244579 8.486222 0.158648
v 1.317449 8.485842 0.158648
v 1.244579 8.486222 0.138876
v 1.317449 8.485842 0.138876
v 1.244583 7.249274 0.158754
v 1.317446 7.248894 0.158754
v 1.244583 7.249274 0.138982
v 1.317446 7.248894 0.138981
v 1.244581 7.340002 0.138558
v 1.317448 7.339622 0.138558
v 1.244581 7.340002 0.158331
v 1.317447 7.339622 0.158331
v 1.244579 8.486222 -0.653630
v 1.317449 8.485842 -0.653630
v 1.244579 8.486222 -0.673402
v 1.317449 8.485842 -0.673402
v 1.244583 7.249274 -0.653650
v 1.317446 7.248894 -0.653650
v 1.244583 7.249274 -0.673423
v 1.317446 7.248894 -0.673423
v 1.244581 7.340002 -0.673341
v 1.317448 7.339622 -0.673341
v 1.244581 7.340002 -0.653568
v 1.317448 7.339622 -0.653568
v -0.480944 8.506047 0.105353
v -0.481141 8.506047 0.178213
v -0.480944 8.525820 0.105353
v -0.481141 8.525820 0.178213
v 1.317451 8.506046 -0.673307
v 1.316811 8.506046 -0.600446
v 1.317451 8.525819 -0.673307
v 1.316811 8.525819 -0.600446
v -0.481806 8.486273 -0.693176
v -0.408942 8.486273 -0.693177
v -0.481806 8.506045 -0.693176
v -0.408942 8.506045 -0.693177
v 1.252465 8.485025 0.158648
v 1.317101 8.451389 0.158648
v 1.252465 8.485026 0.138876
v 1.317100 8.451389 0.138876
v 0.451619 7.331765 0.139402
v 0.516255 7.274288 0.139402
v 0.451619 7.331765 0.119629
v 0.516255 7.274288 0.119629
v 1.252465 8.485025 -0.653630
v 1.317100 8.451389 -0.653630
v 1.252465 8.485025 -0.673402
v 1.317100 8.451389 -0.673402
v 0.451619 7.331765 -0.634298
v 0.516254 7.274288 -0.634298
v 0.451619 7.331765 -0.654070
v 0.516255 7.274288 -0.654070
v 1.245199 7.275001 0.178421
v 1.318059 7.275001 0.178420
v 1.245199 7.294774 0.178421
v 1.318059 7.294774 0.178420
v 1.245200 7.275001 -0.693176
v 1.318064 7.275001 -0.693177
v 1.245200 7.294774 -0.693176
v 1.318064 7.294774 -0.693177
v 1.244579 7.274950 0.158648
v 1.317449 7.274570 0.158648
v 1.244579 7.274950 0.138876
v 1.317449 7.274570 0.138876
v -0.501448 7.294775 0.064361
v -0.502394 7.294775 0.137215
v -0.501448 7.314547 0.064361
v -0.502394 7.314547 0.137215
v 1.312005 7.291588 -0.653419
v 1.318013 7.298039 -0.581090
v 1.312090 7.311282 -0.655182
v 1.318097 7.317733 -0.582853
v 2.995199 8.486273 0.178395
v 3.068059 8.486273 0.178394
v 2.995199 8.506045 0.178395
v 3.068059 8.506045 0.178394
v 2.995200 8.486273 -0.693202
v 3.068064 8.486273 -0.693203
v 2.995200 8.506045 -0.693202
v 3.068064 8.506045 -0.693203
v 1.284589 7.263777 0.158622
v 1.284912 7.336639 0.158622
v 1.284589 7.263776 0.138850
v 1.284912 7.336640 0.138850
v 3.067231 7.263780 0.158728
v 3.067451 7.336640 0.158728
v 3.067231 7.263780 0.138956
v 3.067451 7.336640 0.138956
v 1.251315 8.438173 0.158622
v 1.313236 8.476578 0.158622
v 1.251315 8.438172 0.138850
v 1.313235 8.476578 0.138850
v 2.135369 7.274986 0.139376
v 2.200386 7.331719 0.139376
v 2.135369 7.274986 0.119603
v 2.200386 7.331719 0.119603
v 1.267943 8.413314 0.178395
v 1.267944 8.486174 0.178395
v 1.267944 8.413314 0.158623
v 1.267944 8.486174 0.158623
v 3.028927 8.413315 0.178395
v 3.028928 8.486178 0.178395
v 3.028927 8.413315 0.158623
v 3.028928 8.486178 0.158623
v 1.284589 7.263776 -0.653656
v 1.284911 7.336640 -0.653656
v 1.284589 7.263776 -0.673428
v 1.284912 7.336640 -0.673428
v 3.067231 7.263780 -0.653676
v 3.067451 7.336640 -0.653676
v 3.067231 7.263780 -0.673449
v 3.067451 7.336640 -0.673449
v 1.251315 8.438173 -0.653656
v 1.313236 8.476578 -0.653656
v 1.251315 8.438172 -0.673428
v 1.313236 8.476578 -0.673428
v 2.135369 7.274986 -0.634324
v 2.200386 7.331719 -0.634324
v 2.135369 7.274986 -0.654096
v 2.200386 7.331719 -0.654096
v 1.267943 8.413314 -0.673430
v 1.267944 8.486174 -0.673430
v 1.267943 8.413314 -0.693202
v 1.267944 8.486174 -0.693202
v 3.028927 8.413315 -0.673430
v 3.028928 8.486178 -0.673430
v 3.028927 8.413315 -0.693202
v 3.028928 8.486178 -0.693202
v 2.994579 8.486222 0.158622
v 3.067449 8.485842 0.158622
v 2.994579 8.486222 0.138850
v 3.067449 8.485842 0.138850
v 2.994583 7.249274 0.158728
v 3.067446 7.248894 0.158728
v 2.994583 7.249274 0.138956
v 3.067446 7.248894 0.138956
v 2.994581 7.340002 0.138532
v 3.067448 7.339622 0.138532
v 2.994581 7.340002 0.158305
v 3.067448 7.339622 0.158305
v 2.994579 8.486222 -0.653656
v 3.067449 8.485842 -0.653656
v 2.994579 8.486222 -0.673428
v 3.067449 8.485842 -0.673428
v 2.994583 7.249274 -0.653676
v 3.067446 7.248894 -0.653676
v 2.994583 7.249274 -0.673449
v 3.067446 7.248894 -0.673449
v 2.994581 7.340002 -0.673367
v 3.067447 7.339622 -0.673367
v 2.994581 7.340002 -0.653594
v 3.067448 7.339622 -0.653594
v 1.269056 8.506046 0.105327
v 1.268859 8.506046 0.178187
v 1.269056 8.525820 0.105327
v 1.268859 8.525820 0.178187
v 3.067451 8.506046 -0.673333
v 3.066811 8.506046 -0.600472
v 3.067451 8.525819 -0.673333
v 3.066811 8.525819 -0.600472
v 1.268194 8.486273 -0.693202
v 1.341058 8.486273 -0.693203
v 1.268194 8.506045 -0.693202
v 1.341058 8.506045 -0.693203
v 3.002465 8.485025 0.158622
v 3.067101 8.451389 0.158622
v 3.002465 8.485026 0.138850
v 3.067100 8.451389 0.138850
v 2.201619 7.331765 0.139376
v 2.266255 7.274288 0.139376
v 2.201619 7.331765 0.119603
v 2.266254 7.274288 0.119603
v 3.002465 8.485025 -0.653656
v 3.067101 8.451389 -0.653656
v 3.002465 8.485025 -0.673428
v 3.067100 8.451389 -0.673428
v 2.201619 7.331765 -0.634324
v 2.266254 7.274288 -0.634324
v 2.201619 7.331765 -0.654096
v 2.266254 7.274288 -0.654096
v 2.995199 7.275001 0.178395
v 3.068059 7.275001 0.178394
v 2.995199 7.294773 0.178395
v 3.068059 7.294773 0.178394
v 2.995200 7.275001 -0.693202
v 3.068064 7.275001 -0.693203
v 2.995200 7.294774 -0.693202
v 3.068064 7.294774 -0.693203
v 2.994579 7.274950 0.158622
v 3.067449 7.274570 0.158622
v 2.994579 7.274950 0.138850
v 3.067449 7.274570 0.138850
v 1.248552 7.294775 0.064335
v 1.247606 7.294775 0.137189
v 1.248552 7.314547 0.064335
v 1.247606 7.314547 0.137189
v 3.062005 7.291588 -0.653445
v 3.068013 7.298039 -0.581116
v 3.062090 7.311282 -0.655208
v 3.068097 7.317733 -0.582879
v 4.745199 8.486273 0.178369
v 4.818059 8.486273 0.178368
v 4.745199 8.506045 0.178369
v 4.818059 8.506045 0.178368
v 4.745200 8.486273 -0.693228
v 4.818064 8.486273 -0.693229
v 4.745200 8.506045 -0.693228
v 4.818064 8.506045 -0.693229
v 3.034589 7.263776 0.158596
v 3.034912 7.336639 0.158596
v 3.034589 7.263776 0.138824
v 3.034912 7.336639 0.138824
v 4.817231 7.263780 0.158702
v 4.817451 7.336640 0.158702
v 4.817232 7.263780 0.138930
v 4.817451 7.336640 0.138930
v 3.001315 8.438173 0.158596
v 3.063236 8.476578 0.158596
v 3.001315 8.438172 0.138824
v 3.063235 8.476578 0.138824
v 3.885369 7.274986 0.139350
v 3.950386 7.331719 0.139350
v 3.885369 7.274986 0.119577
v 3.950386 7.331719 0.119577
v 3.017943 8.413314 0.178369
v 3.017944 8.486174 0.178369
v 3.017943 8.413314 0.158597
v 3.017944 8.486174 0.158597
v 4.778927 8.413314 0.178369
v 4.778928 8.486178 0.178369
v 4.778926 8.413314 0.158597
v 4.778928 8.486178 0.158597
v 3.034589 7.263776 -0.653682
v 3.034911 7.336639 -0.653682
v 3.034589 7.263776 -0.673454
v 3.034912 7.336640 -0.673454
v 4.817231 7.263780 -0.653702
v 4.817451 7.336640 -0.653702
v 4.817231 7.263780 -0.673475
v 4.817451 7.336640 -0.673475
v 3.001315 8.438173 -0.653682
v 3.063236 8.476578 -0.653682
v 3.001315 8.438172 -0.673454
v 3.063236 8.476578 -0.673454
v 3.885369 7.274986 -0.634350
v 3.950386 7.331719 -0.634350
v 3.885369 7.274986 -0.654122
v 3.950386 7.331719 -0.654122
v 3.017943 8.413314 -0.673456
v 3.017944 8.486174 -0.673456
v 3.017943 8.413314 -0.693228
v 3.017944 8.486174 -0.693228
v 4.778926 8.413314 -0.673456
v 4.778928 8.486178 -0.673456
v 4.778927 8.413314 -0.693228
v 4.778928 8.486178 -0.693228
v 4.744579 8.486222 0.158596
v 4.817449 8.485842 0.158596
v 4.744579 8.486222 0.138824
v 4.817449 8.485842 0.138824
v 4.744583 7.249274 0.158702
v 4.817446 7.248894 0.158702
v 4.744583 7.249274 0.138930
v 4.817446 7.248894 0.138930
v 4.744581 7.340002 0.138506
v 4.817448 7.339622 0.138506
v 4.744581 7.340002 0.158279
v 4.817448 7.339622 0.158279
v 4.744579 8.486222 -0.653681
v 4.817449 8.485842 -0.653681
v 4.744579 8.486222 -0.673454
v 4.817449 8.485842 -0.673454
v 4.744583 7.249274 -0.653702
v 4.817446 7.248894 -0.653702
v 4.744583 7.249274 -0.673475
v 4.817446 7.248894 -0.673475
v 4.744581 7.340002 -0.673392
v 4.817448 7.339622 -0.673392
v 4.744581 7.340002 -0.653620
v 4.817448 7.339622 -0.653620
v 3.019056 8.506046 0.105301
v 3.018859 8.506046 0.178161
v 3.019056 8.525820 0.105301
v 3.018859 8.525820 0.178161
v 4.817451 8.506046 -0.673359
v 4.816811 8.506046 -0.600498
v 4.817451 8.525819 -0.673359
v 4.816811 8.525819 -0.600498
v 3.018194 8.486273 -0.693228
v 3.091058 8.486273 -0.693229
v 3.018194 8.506045 -0.693228
v 3.091058 8.506045 -0.693229
v 4.752465 8.485025 0.158596
v 4.817101 8.451389 0.158596
v 4.752465 8.485025 0.138824
v 4.817100 8.451389 0.138824
v 3.951620 7.331765 0.139350
v 4.016255 7.274288 0.139350
v 3.951619 7.331765 0.119577
v 4.016254 7.274288 0.119577
v 4.752465 8.485025 -0.653682
v 4.817101 8.451389 -0.653682
v 4.752465 8.485025 -0.673454
v 4.817100 8.451389 -0.673454
v 3.951620 7.331765 -0.634350
v 4.016254 7.274288 -0.634350
v 3.951619 7.331765 -0.654122
v 4.016254 7.274288 -0.654122
v 4.745199 7.275001 0.178369
v 4.818059 7.275001 0.178368
v 4.745199 7.294773 0.178369
v 4.818059 7.294773 0.178368
v 4.745200 7.275001 -0.693228
v 4.818064 7.275001 -0.693229
v 4.745200 7.294773 -0.693228
v 4.818064 7.294773 -0.693229
v 4.744579 7.274950 0.158596
v 4.817449 7.274570 0.158596
v 4.744579 7.274950 0.138824
v 4.817449 7.274570 0.138824
v 2.998552 7.294775 0.064310
v 2.997606 7.294775 0.137163
v 2.998552 7.314547 0.064310
v 2.997606 7.314547 0.137163
v 4.812005 7.291588 -0.653471
v 4.818013 7.298039 -0.581142
v 4.812089 7.311282 -0.655234
v 4.818097 7.317733 -0.582905
v 6.495199 8.486273 0.178343
v 6.568059 8.486273 0.178342
v 6.495199 8.506045 0.178343
v 6.568059 8.506045 0.178342
v 6.495200 8.486273 -0.693254
v 6.568064 8.486273 -0.693255
v 6.495200 8.506045 -0.693254
v 6.568064 8.506045 -0.693255
v 4.784589 7.263776 0.158570
v 4.784912 7.336639 0.158570
v 4.784589 7.263776 0.138798
v 4.784912 7.336639 0.138798
v 6.567231 7.263780 0.158676
v 6.567450 7.336639 0.158676
v 6.567231 7.263780 0.138904
v 6.567450 7.336640 0.138904
v 4.751315 8.438173 0.158570
v 4.813236 8.476578 0.158570
v 4.751315 8.438172 0.138798
v 4.813235 8.476578 0.138798
v 5.635369 7.274986 0.139324
v 5.700386 7.331719 0.139324
v 5.635369 7.274986 0.119551
v 5.700386 7.331719 0.119551
v 4.767943 8.413314 0.178343
v 4.767944 8.486174 0.178343
v 4.767943 8.413314 0.158571
v 4.767944 8.486174 0.158571
v 6.528927 8.413314 0.178343
v 6.528928 8.486178 0.178343
v 6.528926 8.413314 0.158571
v 6.528927 8.486178 0.158571
v 4.784589 7.263776 -0.653708
v 4.784911 7.336639 -0.653708
v 4.784589 7.263776 -0.673480
v 4.784912 7.336639 -0.673480
v 6.567231 7.263780 -0.653728
v 6.567451 7.336640 -0.653728
v 6.567231 7.263780 -0.673501
v 6.567451 7.336640 -0.673500
v 4.751315 8.438172 -0.653708
v 4.813236 8.476578 -0.653708
v 4.751315 8.438172 -0.673480
v 4.813235 8.476578 -0.673480
v 5.635369 7.274986 -0.634376
v 5.700386 7.331719 -0.634376
v 5.635369 7.274986 -0.654148
v 5.700386 7.331719 -0.654148
v 4.767943 8.413314 -0.673482
v 4.767944 8.486174 -0.673482
v 4.767943 8.413314 -0.693254
v 4.767944 8.486174 -0.693254
v 6.528926 8.413314 -0.673482
v 6.528927 8.486178 -0.673482
v 6.528927 8.413314 -0.693254
v 6.528928 8.486178 -0.693254
v 6.494579 8.486222 0.158570
v 6.567449 8.485842 0.158570
v 6.494579 8.486221 0.138798
v 6.567449 8.485842 0.138798
v 6.494583 7.249274 0.158676
v 6.567446 7.248894 0.158676
v 6.494583 7.249274 0.138904
v 6.567446 7.248893 0.138904
v 6.494581 7.340002 0.138480
v 6.567447 7.339622 0.138480
v 6.494581 7.340002 0.158253
v 6.567447 7.339622 0.158253
v 6.494579 8.486222 -0.653707
v 6.567449 8.485842 -0.653707
v 6.494579 8.486221 -0.673480
v 6.567449 8.485842 -0.673480
v 6.494583 7.249274 -0.653728
v 6.567446 7.248894 -0.653728
v 6.494583 7.249274 -0.673501
v 6.567446 7.248894 -0.673501
v 6.494581 7.340002 -0.673418
v 6.567447 7.339622 -0.673418
v 6.494581 7.340002 -0.653646
v 6.567448 7.339622 -0.653646
v 4.769056 8.506046 0.105275
v 4.768858 8.506046 0.178135
v 4.769056 8.525819 0.105275
v 4.768859 8.525819 0.178135
v 6.567451 8.506046 -0.673385
v 6.566811 8.506046 -0.600524
v 6.567451 8.525819 -0.673385
v 6.566811 8.525819 -0.600524
v 4.768194 8.486273 -0.693254
v 4.841058 8.486273 -0.693255
v 4.768194 8.506045 -0.693254
v 4.841058 8.506045 -0.693255
v 6.502465 8.485025 0.158570
v 6.567101 8.451388 0.158570
v 6.502465 8.485025 0.138798
v 6.567100 8.451389 0.138798
v 5.701619 7.331765 0.139324
v 5.766254 7.274288 0.139324
v 5.701619 7.331765 0.119551
v 5.766254 7.274288 0.119551
v 6.502465 8.485025 -0.653708
v 6.567101 8.451389 -0.653708
v 6.502465 8.485025 -0.673480
v 6.567100 8.451389 -0.673480
v 5.701619 7.331765 -0.634376
v 5.766254 7.274288 -0.634376
v 5.701619 7.331765 -0.654148
v 5.766254 7.274288 -0.654148
v 6.495199 7.275001 0.178343
v 6.568059 7.275001 0.178342
v 6.495199 7.294773 0.178343
v 6.568059 7.294773 0.178342
v 6.495199 7.275001 -0.693254
v 6.568063 7.275001 -0.693255
v 6.495199 7.294773 -0.693254
v 6.568063 7.294773 -0.693255
v 6.494579 7.274950 0.158570
v 6.567449 7.274570 0.158570
v 6.494579 7.274950 0.138798
v 6.567449 7.274570 0.138798
v 4.748552 7.294775 0.064284
v 4.747606 7.294775 0.137137
v 4.748552 7.314547 0.064284
v 4.747606 7.314547 0.137137
v 6.562005 7.291588 -0.653497
v 6.568013 7.298039 -0.581168
v 6.562090 7.311282 -0.655260
v 6.568097 7.317733 -0.582931
v 8.245199 8.486273 0.178317
v 8.318059 8.486273 0.178316
v 8.245199 8.506045 0.178317
v 8.318059 8.506045 0.178316
v 8.245200 8.486273 -0.693280
v 8.318064 8.486273 -0.693281
v 8.245200 8.506045 -0.693280
v 8.318064 8.506045 -0.693281
v 6.534589 7.263776 0.158544
v 6.534912 7.336639 0.158544
v 6.534589 7.263776 0.138772
v 6.534911 7.336639 0.138772
v 8.317231 7.263780 0.158650
v 8.317451 7.336639 0.158650
v 8.317231 7.263780 0.138878
v 8.317451 7.336639 0.138878
v 6.501315 8.438172 0.158544
v 6.563236 8.476578 0.158544
v 6.501314 8.438172 0.138772
v 6.563235 8.476578 0.138772
v 7.385369 7.274986 0.139298
v 7.450386 7.331719 0.139298
v 7.385369 7.274986 0.119525
v 7.450386 7.331719 0.119526
v 6.517943 8.413314 0.178317
v 6.517944 8.486174 0.178317
v 6.517943 8.413314 0.158545
v 6.517944 8.486174 0.158545
v 8.278927 8.413314 0.178317
v 8.278928 8.486178 0.178317
v 8.278927 8.413314 0.158545
v 8.278928 8.486178 0.158545
v 6.534589 7.263776 -0.653734
v 6.534911 7.336639 -0.653734
v 6.534589 7.263776 -0.673506
v 6.534912 7.336639 -0.673506
v 8.317231 7.263780 -0.653754
v 8.317451 7.336639 -0.653754
v 8.317231 7.263780 -0.673527
v 8.317451 7.336639 -0.673526
v 6.501315 8.438172 -0.653733
v 6.563235 8.476578 -0.653733
v 6.501315 8.438172 -0.673506
v 6.563235 8.476578 -0.673506
v 7.385369 7.274986 -0.634402
v 7.450386 7.331719 -0.634402
v 7.385369 7.274986 -0.654174
v 7.450386 7.331719 -0.654174
v 6.517943 8.413313 -0.673508
v 6.517944 8.486174 -0.673508
v 6.517943 8.413313 -0.693280
v 6.517944 8.486174 -0.693280
v 8.278927 8.413314 -0.673508
v 8.278928 8.486178 -0.673508
v 8.278927 8.413314 -0.693280
v 8.278928 8.486178 -0.693280
v 8.244579 8.486222 0.158544
v 8.317450 8.485842 0.158544
v 8.244579 8.486221 0.138772
v 8.317449 8.485842 0.138772
v 8.244583 7.249273 0.158650
v 8.317446 7.248894 0.158650
v 8.244583 7.249273 0.138878
v 8.317446 7.248893 0.138878
v 8.244581 7.340002 0.138454
v 8.317448 7.339622 0.138454
v 8.244581 7.340002 0.158227
v 8.317448 7.339622 0.158227
v 8.244579 8.486222 -0.653733
v 8.317450 8.485842 -0.653733
v 8.244579 8.486221 -0.673506
v 8.317450 8.485842 -0.673506
v 8.244583 7.249274 -0.653754
v 8.317446 7.248894 -0.653754
v 8.244583 7.249273 -0.673526
v 8.317446 7.248893 -0.673527
v 8.244581 7.340002 -0.673444
v 8.317448 7.339622 -0.673444
v 8.244581 7.340002 -0.653672
v 8.317448 7.339622 -0.653672
v 6.519056 8.506046 0.105249
v 6.518859 8.506046 0.178109
v 6.519056 8.525819 0.105249
v 6.518859 8.525819 0.178109
v 8.317451 8.506046 -0.673411
v 8.316811 8.506046 -0.600550
v 8.317451 8.525819 -0.673411
v 8.316811 8.525819 -0.600550
v 6.518195 8.486273 -0.693280
v 6.591058 8.486273 -0.693281
v 6.518195 8.506045 -0.693280
v 6.591058 8.506045 -0.693281
v 8.252465 8.485025 0.158544
v 8.317101 8.451388 0.158544
v 8.252465 8.485025 0.138772
v 8.317101 8.451389 0.138772
v 7.451619 7.331765 0.139298
v 7.516254 7.274288 0.139298
v 7.451619 7.331765 0.119525
v 7.516254 7.274288 0.119525
v 8.252465 8.485025 -0.653733
v 8.317101 8.451389 -0.653733
v 8.252465 8.485025 -0.673506
v 8.317101 8.451389 -0.673506
v 7.451619 7.331765 -0.634402
v 7.516254 7.274288 -0.634402
v 7.451619 7.331765 -0.654174
v 7.516254 7.274288 -0.654174
v 8.245199 7.275001 0.178317
v 8.318060 7.275001 0.178316
v 8.245199 7.294773 0.178317
v 8.318060 7.294773 0.178316
v 8.245199 7.275001 -0.693280
v 8.318064 7.275001 -0.693281
v 8.245199 7.294773 -0.693280
v 8.318064 7.294773 -0.693281
v 8.244579 7.274950 0.158544
v 8.317450 7.274570 0.158544
v 8.244579 7.274950 0.138772
v 8.317450 7.274570 0.138772
v 6.498552 7.294774 0.064258
v 6.497605 7.294774 0.137112
v 6.498552 7.314547 0.064258
v 6.497606 7.314547 0.137111
v 8.312005 7.291588 -0.653522
v 8.318013 7.298039 -0.581194
v 8.312090 7.311282 -0.655286
v 8.318097 7.317733 -0.582957
v 9.995199 8.486273 0.178292
v 10.068059 8.486273 0.178290
v 9.995199 8.506045 0.178291
v 10.068059 8.506045 0.178290
v 9.995199 8.486273 -0.693306
v 10.068063 8.486273 -0.693307
v 9.995199 8.506045 -0.693306
v 10.068063 8.506045 -0.693307
v 8.284590 7.263776 0.158518
v 8.284912 7.336639 0.158518
v 8.284589 7.263776 0.138746
v 8.284911 7.336639 0.138746
v 10.067231 7.263780 0.158624
v 10.067450 7.336639 0.158624
v 10.067231 7.263780 0.138852
v 10.067451 7.336639 0.138852
v 8.251315 8.438172 0.158518
v 8.313236 8.476578 0.158518
v 8.251314 8.438172 0.138746
v 8.313235 8.476578 0.138746
v 9.135369 7.274986 0.139272
v 9.200386 7.331719 0.139272
v 9.135369 7.274986 0.119499
v 9.200386 7.331719 0.119500
v 8.267943 8.413314 0.178291
v 8.267944 8.486174 0.178291
v 8.267943 8.413314 0.158519
v 8.267944 8.486174 0.158519
v 10.028927 8.413314 0.178291
v 10.028928 8.486177 0.178291
v 10.028927 8.413314 0.158519
v 10.028928 8.486177 0.158519
v 8.284590 7.263776 -0.653759
v 8.284911 7.336639 -0.653759
v 8.284590 7.263776 -0.673532
v 8.284912 7.336639 -0.673532
v 10.067231 7.263780 -0.653780
v 10.067451 7.336639 -0.653780
v 10.067232 7.263780 -0.673553
v 10.067451 7.336639 -0.673552
v 8.251315 8.438172 -0.653759
v 8.313235 8.476578 -0.653759
v 8.251315 8.438172 -0.673532
v 8.313235 8.476578 -0.673532
v 9.135369 7.274986 -0.634428
v 9.200386 7.331719 -0.634428
v 9.135369 7.274986 -0.654200
v 9.200386 7.331719 -0.654200
v 8.267943 8.413313 -0.673534
v 8.267944 8.486174 -0.673534
v 8.267943 8.413313 -0.693306
v 8.267944 8.486174 -0.693306
v 10.028927 8.413314 -0.673533
v 10.028928 8.486177 -0.673533
v 10.028926 8.413314 -0.693306
v 10.028928 8.486177 -0.693306
v 9.994579 8.486221 0.158519
v 10.067450 8.485842 0.158519
v 9.994579 8.486221 0.138746
v 10.067449 8.485842 0.138746
v 9.994582 7.249273 0.158624
v 10.067445 7.248893 0.158624
v 9.994582 7.249273 0.138852
v 10.067446 7.248893 0.138852
v 9.994581 7.340002 0.138428
v 10.067448 7.339622 0.138428
v 9.994580 7.340002 0.158201
v 10.067447 7.339622 0.158201
v 9.994579 8.486221 -0.653759
v 10.067450 8.485842 -0.653759
v 9.994579 8.486221 -0.673532
v 10.067450 8.485842 -0.673532
v 9.994583 7.249274 -0.653780
v 10.067446 7.248893 -0.653780
v 9.994583 7.249273 -0.673552
v 10.067446 7.248893 -0.673552
v 9.994581 7.340002 -0.673470
v 10.067448 7.339622 -0.673470
v 9.994581 7.340002 -0.653698
v 10.067448 7.339622 -0.653698
v 8.269056 8.506046 0.105223
v 8.268859 8.506046 0.178083
v 8.269056 8.525819 0.105223
v 8.268859 8.525819 0.178083
v 10.067451 8.506046 -0.673437
v 10.066811 8.506046 -0.600576
v 10.067451 8.525819 -0.673437
v 10.066811 8.525819 -0.600576
v 8.268195 8.486273 -0.693305
v 8.341059 8.486273 -0.693307
v 8.268195 8.506045 -0.693305
v 8.341059 8.506045 -0.693307
v 10.002466 8.485025 0.158518
v 10.067101 8.451388 0.158518
v 10.002465 8.485025 0.138746
v 10.067100 8.451389 0.138746
v 9.201619 7.331765 0.139272
v 9.266254 7.274288 0.139272
v 9.201619 7.331765 0.119499
v 9.266254 7.274288 0.119500
v 10.002465 8.485025 -0.653759
v 10.067101 8.451389 -0.653759
v 10.002465 8.485025 -0.673532
v 10.067101 8.451389 -0.673532
v 9.201619 7.331764 -0.634428
v 9.266254 7.274287 -0.634428
v 9.201619 7.331765 -0.654200
v 9.266254 7.274288 -0.654200
v 9.995199 7.275001 0.178292
v 10.068059 7.275001 0.178290
v 9.995199 7.294773 0.178291
v 10.068059 7.294773 0.178290
v 9.995199 7.275001 -0.693306
v 10.068064 7.275001 -0.693307
v 9.995199 7.294773 -0.693306
v 10.068064 7.294773 -0.693307
v 9.994578 7.274950 0.158519
v 10.067449 7.274570 0.158519
v 9.994579 7.274950 0.138746
v 10.067449 7.274570 0.138746
v 8.248552 7.294774 0.064232
v 8.247605 7.294774 0.137086
v 8.248552 7.314547 0.064232
v 8.247606 7.314547 0.137086
v 10.062005 7.291588 -0.653548
v 10.068012 7.298039 -0.581220
v 10.062090 7.311282 -0.655312
v 10.068097 7.317733 -0.582983
v 11.745199 8.486273 0.178266
v 11.818059 8.486273 0.178264
v 11.745199 8.506045 0.178265
v 11.818059 8.506045 0.178264
v 11.745199 8.486273 -0.693331
v 11.818063 8.486273 -0.693333
v 11.745199 8.506045 -0.693331
v 11.818063 8.506045 -0.693333
v 10.034589 7.263776 0.158492
v 10.034911 7.336639 0.158492
v 10.034589 7.263776 0.138720
v 10.034911 7.336639 0.138720
v 11.817231 7.263780 0.158599
v 11.817450 7.336639 0.158599
v 11.817231 7.263780 0.138826
v 11.817451 7.336639 0.138826
v 10.001315 8.438172 0.158492
v 10.063236 8.476578 0.158492
v 10.001314 8.438172 0.138720
v 10.063235 8.476578 0.138720
v 10.885368 7.274986 0.139246
v 10.950386 7.331719 0.139246
v 10.885369 7.274986 0.119473
v 10.950386 7.331719 0.119474
v 10.017943 8.413313 0.178265
v 10.017943 8.486174 0.178265
v 10.017943 8.413313 0.158493
v 10.017945 8.486174 0.158493
v 11.778927 8.413314 0.178266
v 11.778928 8.486177 0.178266
v 11.778927 8.413314 0.158493
v 11.778928 8.486177 0.158493
v 10.034590 7.263776 -0.653785
v 10.034911 7.336639 -0.653785
v 10.034590 7.263776 -0.673558
v 10.034912 7.336639 -0.673558
v 11.817231 7.263780 -0.653806
v 11.817451 7.336639 -0.653806
v 11.817232 7.263780 -0.673578
v 11.817451 7.336639 -0.673578
v 10.001315 8.438172 -0.653785
v 10.063235 8.476578 -0.653785
v 10.001315 8.438172 -0.673558
v 10.063236 8.476578 -0.673558
v 10.885369 7.274986 -0.634454
v 10.950386 7.331719 -0.634454
v 10.885369 7.274986 -0.654226
v 10.950386 7.331719 -0.654226
v 10.017943 8.413313 -0.673560
v 10.017944 8.486174 -0.673560
v 10.017943 8.413313 -0.693332
v 10.017943 8.486174 -0.693332
v 11.778927 8.413314 -0.673559
v 11.778928 8.486177 -0.673559
v 11.778926 8.413314 -0.693332
v 11.778928 8.486177 -0.693332
v 11.744579 8.486221 0.158493
v 11.817450 8.485842 0.158493
v 11.744579 8.486221 0.138720
v 11.817449 8.485842 0.138720
v 11.744582 7.249273 0.158598
v 11.817445 7.248893 0.158598
v 11.744582 7.249273 0.138826
v 11.817446 7.248893 0.138826
v 11.744581 7.340002 0.138402
v 11.817448 7.339622 0.138402
v 11.744580 7.340002 0.158175
v 11.817447 7.339622 0.158175
v 11.744579 8.486221 -0.653785
v 11.817450 8.485842 -0.653785
v 11.744579 8.486221 -0.673558
v 11.817450 8.485842 -0.673558
v 11.744583 7.249273 -0.653806
v 11.817446 7.248893 -0.653806
v 11.744583 7.249273 -0.673578
v 11.817446 7.248893 -0.673578
v 11.744581 7.340002 -0.673496
v 11.817448 7.339622 -0.673496
v 11.744581 7.340002 -0.653724
v 11.817448 7.339622 -0.653724
v 10.019056 8.506046 0.105197
v 10.018859 8.506046 0.178057
v 10.019056 8.525819 0.105197
v 10.018859 8.525819 0.178057
v 11.817451 8.506046 -0.673463
v 11.816811 8.506046 -0.600602
v 11.817451 8.525819 -0.673463
v 11.816811 8.525819 -0.600602
v 10.018194 8.486273 -0.693331
v 10.091058 8.486273 -0.693333
v 10.018194 8.506045 -0.693331
v 10.091058 8.506045 -0.693333
v 11.752466 8.485025 0.158492
v 11.817101 8.451388 0.158492
v 11.752465 8.485025 0.138720
v 11.817100 8.451388 0.138720
v 10.951619 7.331765 0.139246
v 11.016254 7.274287 0.139246
v 10.951619 7.331765 0.119474
v 11.016254 7.274288 0.119474
v 11.752465 8.485025 -0.653785
v 11.817101 8.451389 -0.653785
v 11.752465 8.485025 -0.673558
v 11.817101 8.451389 -0.673558
v 10.951619 7.331764 -0.634454
v 11.016254 7.274287 -0.634454
v 10.951619 7.331764 -0.654226
v 11.016254 7.274288 -0.654226
v 11.745199 7.275000 0.178266
v 11.818059 7.275000 0.178264
v 11.745199 7.294773 0.178265
v 11.818059 7.294773 0.178264
v 11.745199 7.275001 -0.693331
v 11.818064 7.275001 -0.693333
v 11.745199 7.294773 -0.693331
v 11.818064 7.294773 -0.693333
v 11.744578 7.274950 0.158493
v 11.817449 7.274570 0.158493
v 11.744579 7.274950 0.138720
v 11.817449 7.274569 0.138720
v 9.998551 7.294774 0.064206
v 9.997605 7.294774 0.137060
v 9.998552 7.314547 0.064206
v 9.997606 7.314547 0.137060
v 11.812005 7.291588 -0.653574
v 11.818012 7.298039 -0.581246
v 11.812090 7.311282 -0.655338
v 11.818097 7.317732 -0.583009
v 13.495199 8.486273 0.178240
v 13.568059 8.486273 0.178239
v 13.495199 8.506045 0.178239
v 13.568059 8.506045 0.178238
v 13.495199 8.486273 -0.693357
v 13.568063 8.486273 -0.693359
v 13.495199 8.506045 -0.693357
v 13.568063 8.506045 -0.693359
v 11.784589 7.263776 0.158466
v 11.784911 7.336639 0.158466
v 11.784589 7.263776 0.138694
v 11.784911 7.336639 0.138694
v 13.567231 7.263780 0.158573
v 13.567450 7.336639 0.158573
v 13.567231 7.263780 0.138800
v 13.567451 7.336639 0.138800
v 11.751315 8.438172 0.158466
v 11.813236 8.476578 0.158466
v 11.751314 8.438172 0.138694
v 11.813235 8.476578 0.138694
v 12.635368 7.274986 0.139220
v 12.700386 7.331719 0.139220
v 12.635369 7.274986 0.119448
v 12.700386 7.331719 0.119448
v 11.767943 8.413313 0.178239
v 11.767943 8.486174 0.178239
v 11.767943 8.413313 0.158467
v 11.767945 8.486174 0.158467
v 13.528927 8.413314 0.178240
v 13.528928 8.486177 0.178240
v 13.528927 8.413314 0.158467
v 13.528928 8.486177 0.158467
v 11.784590 7.263776 -0.653811
v 11.784911 7.336639 -0.653811
v 11.784590 7.263776 -0.673584
v 11.784912 7.336639 -0.673584
v 13.567231 7.263780 -0.653832
v 13.567451 7.336639 -0.653832
v 13.567232 7.263780 -0.673604
v 13.567451 7.336639 -0.673604
v 11.751315 8.438172 -0.653811
v 11.813235 8.476578 -0.653811
v 11.751315 8.438172 -0.673584
v 11.813236 8.476578 -0.673584
v 12.635369 7.274986 -0.634480
v 12.700386 7.331719 -0.634480
v 12.635369 7.274986 -0.654252
v 12.700386 7.331719 -0.654252
v 11.767943 8.413313 -0.673586
v 11.767944 8.486174 -0.673586
v 11.767943 8.413313 -0.693358
v 11.767943 8.486174 -0.693358
v 13.528927 8.413314 -0.673585
v 13.528928 8.486177 -0.673585
v 13.528926 8.413314 -0.693358
v 13.528928 8.486177 -0.693358
v 13.494579 8.486221 0.158467
v 13.567450 8.485842 0.158467
v 13.494579 8.486221 0.138694
v 13.567449 8.485842 0.138694
v 13.494582 7.249273 0.158573
v 13.567445 7.248893 0.158573
v 13.494582 7.249273 0.138800
v 13.567446 7.248893 0.138800
v 13.494581 7.340002 0.138376
v 13.567448 7.339622 0.138376
v 13.494580 7.340002 0.158149
v 13.567447 7.339622 0.158149
v 13.494579 8.486221 -0.653811
v 13.567450 8.485842 -0.653811
v 13.494579 8.486221 -0.673584
v 13.567450 8.485842 -0.673584
v 13.494583 7.249273 -0.653832
v 13.567446 7.248893 -0.653832
v 13.494583 7.249273 -0.673604
v 13.567446 7.248893 -0.673604
v 13.494581 7.340002 -0.673522
v 13.567448 7.339622 -0.673522
v 13.494581 7.340002 -0.653750
v 13.567448 7.339622 -0.653750
v 11.769056 8.506046 0.105171
v 11.768859 8.506046 0.178031
v 11.769056 8.525819 0.105171
v 11.768859 8.525819 0.178031
v 13.567451 8.506046 -0.673489
v 13.566811 8.506046 -0.600628
v 13.567451 8.525819 -0.673489
v 13.566811 8.525819 -0.600628
v 11.768194 8.486273 -0.693357
v 11.841058 8.486273 -0.693358
v 11.768194 8.506045 -0.693357
v 11.841058 8.506045 -0.693358
v 13.502466 8.485025 0.158466
v 13.567101 8.451388 0.158466
v 13.502465 8.485025 0.138694
v 13.567100 8.451388 0.138694
v 12.701619 7.331764 0.139220
v 12.766254 7.274287 0.139220
v 12.701619 7.331765 0.119448
v 12.766254 7.274288 0.119448
v 13.502465 8.485025 -0.653811
v 13.567101 8.451389 -0.653811
v 13.502465 8.485025 -0.673584
v 13.567101 8.451389 -0.673584
v 12.701619 7.331764 -0.634479
v 12.766254 7.274287 -0.634479
v 12.701619 7.331764 -0.654252
v 12.766254 7.274288 -0.654252
v 13.495199 7.275000 0.178240
v 13.568059 7.275000 0.178239
v 13.495199 7.294773 0.178239
v 13.568059 7.294773 0.178238
v 13.495199 7.275000 -0.693357
v 13.568064 7.275000 -0.693359
v 13.495199 7.294773 -0.693357
v 13.568064 7.294773 -0.693359
v 13.494578 7.274950 0.158467
v 13.567449 7.274569 0.158467
v 13.494579 7.274950 0.138694
v 13.567449 7.274569 0.138694
v 11.748551 7.294774 0.064180
v 11.747605 7.294774 0.137034
v 11.748552 7.314547 0.064180
v 11.747606 7.314547 0.137034
v 13.562005 7.291588 -0.653600
v 13.568012 7.298039 -0.581272
v 13.562090 7.311281 -0.655364
v 13.568097 7.317732 -0.583035
v 15.245199 8.486273 0.178214
v 15.318059 8.486273 0.178213
v 15.245199 8.506045 0.178213
v 15.318059 8.506045 0.178212
v 15.245199 8.486273 -0.693383
v 15.318063 8.486273 -0.693384
v 15.245199 8.506045 -0.693383
v 15.318063 8.506045 -0.693384
v 13.534589 7.263776 0.158440
v 13.534911 7.336639 0.158440
v 13.534589 7.263776 0.138668
v 13.534911 7.336639 0.138668
v 15.317231 7.263780 0.158547
v 15.317450 7.336639 0.158547
v 15.317231 7.263780 0.138774
v 15.317451 7.336639 0.138774
v 13.501315 8.438172 0.158441
v 13.563236 8.476578 0.158441
v 13.501314 8.438172 0.138668
v 13.563235 8.476578 0.138668
v 14.385368 7.274986 0.139194
v 14.450386 7.331719 0.139194
v 14.385369 7.274986 0.119422
v 14.450386 7.331719 0.119422
v 13.517943 8.413313 0.178214
v 13.517943 8.486174 0.178214
v 13.517943 8.413313 0.158441
v 13.517945 8.486174 0.158441
v 15.278927 8.413314 0.178214
v 15.278928 8.486177 0.178214
v 15.278927 8.413314 0.158441
v 15.278928 8.486177 0.158441
v 13.534590 7.263776 -0.653837
v 13.534911 7.336639 -0.653837
v 13.534590 7.263776 -0.673610
v 13.534912 7.336639 -0.673610
v 15.317231 7.263780 -0.653858
v 15.317451 7.336639 -0.653858
v 15.317232 7.263780 -0.673630
v 15.317451 7.336639 -0.673630
v 13.501315 8.438172 -0.653837
v 13.563235 8.476578 -0.653837
v 13.501315 8.438172 -0.673610
v 13.563236 8.476578 -0.673610
v 14.385369 7.274986 -0.634505
v 14.450386 7.331719 -0.634505
v 14.385369 7.274986 -0.654278
v 14.450386 7.331719 -0.654278
v 13.517943 8.413313 -0.673611
v 13.517944 8.486174 -0.673611
v 13.517943 8.413313 -0.693384
v 13.517943 8.486174 -0.693384
v 15.278927 8.413314 -0.673611
v 15.278928 8.486177 -0.673611
v 15.278926 8.413314 -0.693384
v 15.278928 8.486177 -0.693384
v 15.244579 8.486221 0.158441
v 15.317450 8.485842 0.158441
v 15.244579 8.486221 0.138668
v 15.317449 8.485842 0.138668
v 15.244582 7.249273 0.158547
v 15.317445 7.248893 0.158547
v 15.244582 7.249273 0.138774
v 15.317446 7.248893 0.138774
v 15.244581 7.340002 0.138351
v 15.317448 7.339622 0.138351
v 15.244580 7.340002 0.158123
v 15.317447 7.339622 0.158123
v 15.244579 8.486221 -0.653837
v 15.317450 8.485842 -0.653837
v 15.244579 8.486221 -0.673610
v 15.317450 8.485842 -0.673610
v 15.244583 7.249273 -0.653858
v 15.317446 7.248893 -0.653858
v 15.244583 7.249273 -0.673630
v 15.317446 7.248893 -0.673630
v 15.244581 7.340002 -0.673548
v 15.317448 7.339622 -0.673548
v 15.244581 7.340002 -0.653776
v 15.317448 7.339622 -0.653776
v 13.519056 8.506046 0.105145
v 13.518859 8.506046 0.178005
v 13.519056 8.525819 0.105145
v 13.518859 8.525819 0.178005
v 15.317451 8.506046 -0.673515
v 15.316811 8.506046 -0.600654
v 15.317451 8.525819 -0.673515
v 15.316811 8.525819 -0.600654
v 13.518194 8.486273 -0.693383
v 13.591058 8.486273 -0.693384
v 13.518194 8.506045 -0.693383
v 13.591058 8.506045 -0.693384
v 15.252466 8.485025 0.158441
v 15.317101 8.451388 0.158441
v 15.252465 8.485025 0.138668
v 15.317100 8.451388 0.138668
v 14.451619 7.331764 0.139194
v 14.516254 7.274287 0.139194
v 14.451619 7.331764 0.119422
v 14.516254 7.274287 0.119422
v 15.252465 8.485025 -0.653837
v 15.317101 8.451388 -0.653837
v 15.252465 8.485025 -0.673610
v 15.317101 8.451388 -0.673610
v 14.451619 7.331764 -0.634505
v 14.516254 7.274287 -0.634505
v 14.451619 7.331764 -0.654278
v 14.516254 7.274287 -0.654278
v 15.245199 7.275000 0.178214
v 15.318059 7.275000 0.178213
v 15.245199 7.294773 0.178213
v 15.318059 7.294773 0.178212
v 15.245199 7.275000 -0.693383
v 15.318064 7.275000 -0.693384
v 15.245199 7.294773 -0.693383
v 15.318064 7.294773 -0.693384
v 15.244578 7.274950 0.158441
v 15.317449 7.274569 0.158441
v 15.244579 7.274949 0.138668
v 15.317449 7.274569 0.138668
v 13.498551 7.294774 0.064154
v 13.497605 7.294774 0.137008
v 13.498552 7.314547 0.064154
v 13.497606 7.314547 0.137008
v 15.312005 7.291588 -0.653626
v 15.318012 7.298039 -0.581298
v 15.312090 7.311281 -0.655390
v 15.318097 7.317732 -0.583061
v 16.995199 8.486272 0.178188
v 17.068060 8.486272 0.178187
v 16.995199 8.506044 0.178187
v 17.068060 8.506044 0.178186
v 16.995199 8.486272 -0.693409
v 17.068064 8.486272 -0.693410
v 16.995199 8.506044 -0.693409
v 17.068064 8.506044 -0.693410
v 15.284589 7.263776 0.158415
v 15.284911 7.336639 0.158414
v 15.284589 7.263776 0.138642
v 15.284911 7.336639 0.138642
v 17.067232 7.263780 0.158521
v 17.067450 7.336639 0.158521
v 17.067232 7.263780 0.138748
v 17.067451 7.336639 0.138748
v 15.251315 8.438172 0.158415
v 15.313236 8.476578 0.158415
v 15.251314 8.438172 0.138642
v 15.313235 8.476577 0.138642
v 16.135368 7.274986 0.139168
v 16.200386 7.331719 0.139168
v 16.135370 7.274986 0.119396
v 16.200386 7.331719 0.119396
v 15.267943 8.413313 0.178188
v 15.267943 8.486174 0.178188
v 15.267943 8.413313 0.158415
v 15.267945 8.486174 0.158415
v 17.028927 8.413314 0.178188
v 17.028929 8.486177 0.178188
v 17.028927 8.413314 0.158415
v 17.028929 8.486177 0.158415
v 15.284590 7.263776 -0.653863
v 15.284911 7.336639 -0.653863
v 15.284590 7.263776 -0.673636
v 15.284912 7.336639 -0.673636
v 17.067232 7.263780 -0.653884
v 17.067451 7.336639 -0.653884
v 17.067232 7.263780 -0.673656
v 17.067451 7.336639 -0.673656
v 15.251315 8.438172 -0.653863
v 15.313235 8.476578 -0.653863
v 15.251315 8.438171 -0.673636
v 15.313236 8.476577 -0.673636
v 16.135370 7.274986 -0.634531
v 16.200386 7.331718 -0.634531
v 16.135370 7.274986 -0.654304
v 16.200386 7.331719 -0.654304
v 15.267943 8.413313 -0.673637
v 15.267944 8.486174 -0.673637
v 15.267943 8.413313 -0.693410
v 15.267943 8.486174 -0.693410
v 17.028927 8.413314 -0.673637
v 17.028929 8.486177 -0.673637
v 17.028927 8.413314 -0.693410
v 17.028929 8.486177 -0.693410
v 16.994579 8.486221 0.158415
v 17.067450 8.485842 0.158415
v 16.994579 8.486221 0.138642
v 17.067450 8.485841 0.138642
v 16.994583 7.249273 0.158521
v 17.067446 7.248893 0.158521
v 16.994583 7.249273 0.138748
v 17.067446 7.248893 0.138748
v 16.994581 7.340002 0.138325
v 17.067448 7.339622 0.138325
v 16.994581 7.340002 0.158097
v 17.067448 7.339622 0.158097
v 16.994579 8.486221 -0.653863
v 17.067450 8.485842 -0.653863
v 16.994579 8.486221 -0.673636
v 17.067450 8.485841 -0.673636
v 16.994583 7.249273 -0.653884
v 17.067446 7.248893 -0.653884
v 16.994583 7.249273 -0.673656
v 17.067446 7.248893 -0.673656
v 16.994581 7.340002 -0.673574
v 17.067448 7.339622 -0.673574
v 16.994581 7.340002 -0.653801
v 17.067448 7.339622 -0.653801
v 15.269056 8.506046 0.105119
v 15.268859 8.506046 0.177979
v 15.269056 8.525819 0.105119
v 15.268859 8.525819 0.177979
v 17.067451 8.506046 -0.673541
v 17.066811 8.506046 -0.600680
v 17.067451 8.525819 -0.673541
v 17.066811 8.525819 -0.600680
v 15.268194 8.486273 -0.693409
v 15.341058 8.486273 -0.693410
v 15.268194 8.506045 -0.693409
v 15.341058 8.506045 -0.693410
v 17.002466 8.485025 0.158415
v 17.067101 8.451388 0.158415
v 17.002466 8.485025 0.138642
v 17.067101 8.451388 0.138642
v 16.201620 7.331764 0.139168
v 16.266254 7.274287 0.139168
v 16.201620 7.331764 0.119396
v 16.266254 7.274287 0.119396
v 17.002466 8.485025 -0.653863
v 17.067101 8.451388 -0.653863
v 17.002466 8.485025 -0.673636
v 17.067101 8.451388 -0.673636
v 16.201620 7.331764 -0.634531
v 16.266254 7.274287 -0.634531
v 16.201620 7.331764 -0.654304
v 16.266254 7.274287 -0.654304
v 16.995199 7.275000 0.178188
v 17.068060 7.275000 0.178187
v 16.995199 7.294773 0.178187
v 17.068060 7.294773 0.178186
v 16.995199 7.275000 -0.693409
v 17.068064 7.275000 -0.693410
v 16.995199 7.294773 -0.693409
v 17.068064 7.294773 -0.693410
v 16.994579 7.274949 0.158415
v 17.067450 7.274569 0.158415
v 16.994579 7.274949 0.138642
v 17.067450 7.274569 0.138642
v 15.248551 7.294774 0.064128
v 15.247605 7.294774 0.136982
v 15.248552 7.314547 0.064128
v 15.247606 7.314547 0.136982
v 17.062006 7.291588 -0.653652
v 17.068012 7.298039 -0.581323
v 17.062090 7.311281 -0.655416
v 17.068098 7.317732 -0.583087
v 18.745197 8.486272 0.178162
v 18.818058 8.486272 0.178161
v 18.745197 8.506044 0.178162
v 18.818058 8.506044 0.178160
v 18.745201 8.486272 -0.693435
v 18.818064 8.486272 -0.693436
v 18.745201 8.506044 -0.693435
v 18.818064 8.506044 -0.693436
v 17.034590 7.263776 0.158389
v 17.034912 7.336639 0.158389
v 17.034590 7.263776 0.138616
v 17.034912 7.336639 0.138616
v 18.817230 7.263780 0.158495
v 18.817450 7.336639 0.158495
v 18.817230 7.263780 0.138722
v 18.817450 7.336639 0.138722
v 17.001316 8.438172 0.158389
v 17.063236 8.476577 0.158389
v 17.001314 8.438171 0.138616
v 17.063236 8.476577 0.138616
v 17.885368 7.274985 0.139142
v 17.950386 7.331719 0.139142
v 17.885368 7.274985 0.119370
v 17.950386 7.331719 0.119370
v 17.017944 8.413313 0.178162
v 17.017944 8.486173 0.178162
v 17.017944 8.413313 0.158389
v 17.017946 8.486173 0.158389
v 18.778925 8.413314 0.178162
v 18.778927 8.486177 0.178162
v 18.778927 8.413314 0.158389
v 18.778927 8.486177 0.158389
v 17.034590 7.263776 -0.653889
v 17.034912 7.336639 -0.653889
v 17.034590 7.263776 -0.673662
v 17.034912 7.336639 -0.673662
v 18.817232 7.263780 -0.653910
v 18.817450 7.336639 -0.653910
v 18.817232 7.263780 -0.673682
v 18.817451 7.336639 -0.673682
v 17.001316 8.438172 -0.653889
v 17.063236 8.476577 -0.653889
v 17.001316 8.438171 -0.673662
v 17.063236 8.476577 -0.673662
v 17.885368 7.274985 -0.634557
v 17.950386 7.331718 -0.634557
v 17.885370 7.274985 -0.654330
v 17.950386 7.331719 -0.654330
v 17.017944 8.413313 -0.673663
v 17.017944 8.486173 -0.673663
v 17.017944 8.413313 -0.693436
v 17.017944 8.486173 -0.693436
v 18.778927 8.413314 -0.673663
v 18.778929 8.486177 -0.673663
v 18.778927 8.413314 -0.693436
v 18.778929 8.486177 -0.693436
v 18.744579 8.486221 0.158389
v 18.817450 8.485842 0.158389
v 18.744579 8.486221 0.138616
v 18.817450 8.485841 0.138616
v 18.744583 7.249273 0.158495
v 18.817446 7.248893 0.158495
v 18.744583 7.249273 0.138722
v 18.817446 7.248893 0.138722
v 18.744581 7.340002 0.138299
v 18.817448 7.339621 0.138299
v 18.744581 7.340002 0.158071
v 18.817448 7.339622 0.158071
v 18.744579 8.486221 -0.653889
v 18.817450 8.485842 -0.653889
v 18.744579 8.486221 -0.673662
v 18.817450 8.485841 -0.673662
v 18.744583 7.249273 -0.653910
v 18.817446 7.248893 -0.653910
v 18.744583 7.249273 -0.673682
v 18.817446 7.248893 -0.673682
v 18.744581 7.340002 -0.673600
v 18.817448 7.339622 -0.673600
v 18.744581 7.340002 -0.653827
v 18.817448 7.339622 -0.653827
v 17.019056 8.506046 0.105094
v 17.018860 8.506046 0.177953
v 17.019056 8.525819 0.105094
v 17.018860 8.525819 0.177953
v 18.817451 8.506046 -0.673567
v 18.816811 8.506046 -0.600706
v 18.817451 8.525819 -0.673567
v 18.816811 8.525819 -0.600706
v 17.018194 8.486272 -0.693435
v 17.091059 8.486272 -0.693436
v 17.018194 8.506044 -0.693435
v 17.091059 8.506044 -0.693436
v 18.752464 8.485025 0.158389
v 18.817101 8.451388 0.158389
v 18.752464 8.485025 0.138616
v 18.817101 8.451388 0.138616
v 17.951618 7.331764 0.139142
v 18.016254 7.274287 0.139142
v 17.951620 7.331764 0.119370
v 18.016254 7.274287 0.119370
v 18.752466 8.485025 -0.653889
v 18.817101 8.451388 -0.653889
v 18.752466 8.485025 -0.673662
v 18.817101 8.451388 -0.673662
v 17.951618 7.331764 -0.634557
v 18.016254 7.274287 -0.634557
v 17.951620 7.331764 -0.654330
v 18.016254 7.274287 -0.654330
v 18.745197 7.275000 0.178162
v 18.818058 7.275000 0.178161
v 18.745197 7.294773 0.178162
v 18.818058 7.294773 0.178160
v 18.745201 7.275000 -0.693435
v 18.818064 7.275000 -0.693436
v 18.745201 7.294773 -0.693435
v 18.818064 7.294773 -0.693436
v 18.744579 7.274949 0.158389
v 18.817450 7.274569 0.158389
v 18.744579 7.274949 0.138616
v 18.817450 7.274569 0.138616
v 16.998552 7.294774 0.064102
v 16.997606 7.294774 0.136956
v 16.998552 7.314547 0.064102
v 16.997606 7.314547 0.136956
v 18.812006 7.291588 -0.653678
v 18.818012 7.298038 -0.581349
v 18.812090 7.311281 -0.655442
v 18.818096 7.317732 -0.583113
v 20.495197 8.486272 0.178136
v 20.568058 8.486272 0.178135
v 20.495197 8.506044 0.178136
v 20.568058 8.506044 0.178135
v 20.495201 8.486272 -0.693461
v 20.568064 8.486272 -0.693462
v 20.495201 8.506044 -0.693461
v 20.568064 8.506044 -0.693462
v 18.784588 7.263776 0.158363
v 18.784910 7.336639 0.158363
v 18.784590 7.263776 0.138590
v 18.784912 7.336639 0.138590
v 20.567230 7.263780 0.158469
v 20.567450 7.336639 0.158469
v 20.567230 7.263779 0.138696
v 20.567450 7.336639 0.138696
v 18.751314 8.438172 0.158363
v 18.813234 8.476577 0.158363
v 18.751314 8.438171 0.138590
v 18.813234 8.476577 0.138590
v 19.635368 7.274985 0.139116
v 19.700386 7.331718 0.139116
v 19.635368 7.274985 0.119344
v 19.700386 7.331718 0.119344
v 18.767942 8.413313 0.178136
v 18.767942 8.486173 0.178136
v 18.767942 8.413313 0.158363
v 18.767944 8.486173 0.158363
v 20.528925 8.413314 0.178136
v 20.528927 8.486177 0.178136
v 20.528927 8.413314 0.158363
v 20.528927 8.486177 0.158363
v 18.784590 7.263776 -0.653915
v 18.784912 7.336639 -0.653915
v 18.784590 7.263776 -0.673688
v 18.784912 7.336639 -0.673688
v 20.567232 7.263780 -0.653935
v 20.567450 7.336639 -0.653935
v 20.567232 7.263779 -0.673708
v 20.567451 7.336639 -0.673708
v 18.751314 8.438172 -0.653915
v 18.813236 8.476577 -0.653915
v 18.751314 8.438171 -0.673688
v 18.813236 8.476577 -0.673688
v 19.635368 7.274985 -0.634583
v 19.700386 7.331718 -0.634583
v 19.635370 7.274985 -0.654356
v 19.700386 7.331718 -0.654356
v 18.767942 8.413313 -0.673689
v 18.767944 8.486173 -0.673689
v 18.767944 8.413313 -0.693462
v 18.767944 8.486173 -0.693462
v 20.528927 8.413314 -0.673689
v 20.528929 8.486177 -0.673689
v 20.528927 8.413314 -0.693462
v 20.528929 8.486177 -0.693462
v 20.494579 8.486221 0.158363
v 20.567450 8.485841 0.158363
v 20.494579 8.486221 0.138590
v 20.567450 8.485841 0.138590
v 20.494583 7.249273 0.158469
v 20.567446 7.248893 0.158469
v 20.494583 7.249273 0.138696
v 20.567446 7.248893 0.138696
v 20.494581 7.340001 0.138273
v 20.567448 7.339621 0.138273
v 20.494581 7.340002 0.158045
v 20.567448 7.339622 0.158045
v 20.494579 8.486221 -0.653915
v 20.567450 8.485841 -0.653915
v 20.494579 8.486221 -0.673687
v 20.567450 8.485841 -0.673687
v 20.494583 7.249273 -0.653935
v 20.567446 7.248893 -0.653936
v 20.494583 7.249273 -0.673708
v 20.567446 7.248893 -0.673708
v 20.494581 7.340001 -0.673626
v 20.567448 7.339621 -0.673626
v 20.494581 7.340002 -0.653853
v 20.567448 7.339621 -0.653853
v 18.769056 8.506046 0.105068
v 18.768858 8.506046 0.177927
v 18.769056 8.525819 0.105068
v 18.768858 8.525819 0.177927
v 20.567451 8.506046 -0.673593
v 20.566811 8.506046 -0.600732
v 20.567451 8.525818 -0.673593
v 20.566811 8.525818 -0.600732
v 18.768194 8.486272 -0.693461
v 18.841059 8.486272 -0.693462
v 18.768194 8.506044 -0.693461
v 18.841059 8.506044 -0.693462
v 20.502464 8.485025 0.158363
v 20.567101 8.451388 0.158363
v 20.502464 8.485025 0.138590
v 20.567101 8.451388 0.138590
v 19.701618 7.331764 0.139116
v 19.766254 7.274287 0.139116
v 19.701620 7.331764 0.119344
v 19.766254 7.274287 0.119344
v 20.502466 8.485025 -0.653915
v 20.567101 8.451388 -0.653915
v 20.502466 8.485025 -0.673688
v 20.567101 8.451388 -0.673688
v 19.701618 7.331764 -0.634583
v 19.766254 7.274287 -0.634583
v 19.701620 7.331764 -0.654356
v 19.766254 7.274287 -0.654356
v 20.495197 7.275000 0.178136
v 20.568058 7.275000 0.178135
v 20.495197 7.294773 0.178136
v 20.568058 7.294773 0.178135
v 20.495201 7.275000 -0.693461
v 20.568064 7.275000 -0.693462
v 20.495201 7.294773 -0.693461
v 20.568064 7.294773 -0.693462
v 20.494579 7.274949 0.158363
v 20.567450 7.274569 0.158363
v 20.494579 7.274949 0.138590
v 20.567450 7.274569 0.138590
v 18.748552 7.294774 0.064076
v 18.747606 7.294774 0.136930
v 18.748552 7.314546 0.064076
v 18.747606 7.314546 0.136930
v 20.562006 7.291587 -0.653704
v 20.568012 7.298038 -0.581375
v 20.562090 7.311281 -0.655468
v 20.568096 7.317732 -0.583139
v 22.245197 8.486272 0.178110
v 22.318058 8.486272 0.178109
v 22.245197 8.506044 0.178110
v 22.318058 8.506044 0.178109
v 22.245201 8.486272 -0.693487
v 22.318064 8.486272 -0.693488
v 22.245201 8.506044 -0.693487
v 22.318064 8.506044 -0.693488
v 20.534588 7.263776 0.158337
v 20.534910 7.336639 0.158337
v 20.534590 7.263776 0.138564
v 20.534912 7.336639 0.138564
v 22.317230 7.263779 0.158443
v 22.317450 7.336639 0.158443
v 22.317230 7.263779 0.138670
v 22.317450 7.336639 0.138670
v 20.501314 8.438172 0.158337
v 20.563234 8.476577 0.158337
v 20.501314 8.438171 0.138564
v 20.563234 8.476577 0.138564
v 21.385368 7.274985 0.139090
v 21.450386 7.331718 0.139090
v 21.385368 7.274985 0.119318
v 21.450386 7.331718 0.119318
v 20.517942 8.413313 0.178110
v 20.517942 8.486173 0.178110
v 20.517942 8.413313 0.158337
v 20.517944 8.486173 0.158337
v 22.278925 8.413313 0.178110
v 22.278927 8.486177 0.178110
v 22.278927 8.413313 0.158337
v 22.278927 8.486177 0.158337
v 20.534590 7.263776 -0.653941
v 20.534912 7.336639 -0.653941
v 20.534590 7.263775 -0.673714
v 20.534912 7.336639 -0.673714
v 22.317232 7.263779 -0.653961
v 22.317450 7.336639 -0.653961
v 22.317232 7.263779 -0.673734
v 22.317451 7.336639 -0.673734
v 20.501314 8.438172 -0.653941
v 20.563236 8.476577 -0.653941
v 20.501314 8.438171 -0.673714
v 20.563236 8.476577 -0.673714
v 21.385368 7.274985 -0.634609
v 21.450386 7.331718 -0.634609
v 21.385370 7.274985 -0.654382
v 21.450386 7.331718 -0.654382
v 20.517942 8.413313 -0.673715
v 20.517944 8.486173 -0.673715
v 20.517944 8.413313 -0.693488
v 20.517944 8.486173 -0.693488
v 22.278927 8.413313 -0.673715
v 22.278929 8.486177 -0.673715
v 22.278927 8.413313 -0.693488
v 22.278929 8.486177 -0.693488
v 22.244579 8.486221 0.158337
v 22.317450 8.485841 0.158337
v 22.244579 8.486221 0.138564
v 22.317450 8.485841 0.138564
v 22.244583 7.249273 0.158443
v 22.317446 7.248893 0.158443
v 22.244583 7.249273 0.138670
v 22.317446 7.248893 0.138670
v 22.244581 7.340001 0.138247
v 22.317448 7.339621 0.138247
v 22.244581 7.340001 0.158019
v 22.317448 7.339622 0.158019
v 22.244579 8.486221 -0.653941
v 22.317450 8.485841 -0.653941
v 22.244579 8.486221 -0.673713
v 22.317450 8.485841 -0.673713
v 22.244583 7.249273 -0.653961
v 22.317446 7.248893 -0.653962
v 22.244583 7.249273 -0.673734
v 22.317446 7.248893 -0.673734
v 22.244581 7.340001 -0.673652
v 22.317448 7.339621 -0.673652
v 22.244581 7.340002 -0.653879
v 22.317448 7.339621 -0.653879
v 20.519056 8.506046 0.105042
v 20.518858 8.506046 0.177901
v 20.519056 8.525819 0.105042
v 20.518858 8.525819 0.177901
v 22.317451 8.506045 -0.673619
v 22.316811 8.506045 -0.600758
v 22.317451 8.525818 -0.673619
v 22.316811 8.525818 -0.600758
v 20.518194 8.486272 -0.693487
v 20.591059 8.486272 -0.693488
v 20.518194 8.506044 -0.693487
v 20.591059 8.506044 -0.693488
v 22.252464 8.485024 0.158337
v 22.317101 8.451388 0.158337
v 22.252464 8.485025 0.138564
v 22.317101 8.451388 0.138564
v 21.451618 7.331764 0.139090
v 21.516254 7.274287 0.139090
v 21.451620 7.331764 0.119318
v 21.516254 7.274287 0.119318
v 22.252466 8.485025 -0.653941
v 22.317101 8.451388 -0.653941
v 22.252466 8.485025 -0.673714
v 22.317101 8.451388 -0.673714
v 21.451618 7.331764 -0.634609
v 21.516254 7.274287 -0.634609
v 21.451620 7.331764 -0.654382
v 21.516254 7.274287 -0.654382
v 22.245197 7.275000 0.178110
v 22.318058 7.275000 0.178109
v 22.245197 7.294773 0.178110
v 22.318058 7.294773 0.178109
v 22.245201 7.275000 -0.693487
v 22.318064 7.275000 -0.693488
v 22.245201 7.294773 -0.693487
v 22.318064 7.294773 -0.693488
v 22.244579 7.274949 0.158337
v 22.317450 7.274569 0.158337
v 22.244579 7.274949 0.138564
v 22.317450 7.274569 0.138564
v 20.498552 7.294774 0.064050
v 20.497606 7.294774 0.136904
v 20.498552 7.314546 0.064050
v 20.497606 7.314546 0.136904
v 22.312006 7.291587 -0.653730
v 22.318012 7.298038 -0.581401
v 22.312090 7.311281 -0.655493
v 22.318096 7.317732 -0.583165
vn -0.0000 -0.0000 1.0000
vn -0.0000 1.0000 -0.0000
vn -0.0000 -0.0000 -1.0000
vn -0.0000 -1.0000 -0.0000
vn -1.0000 -0.0000 -0.0000
vn 1.0000 -0.0000 -0.0000
vn -1.0000 0.0044 -0.0000
vn 0.0001 -0.0000 -1.0000
vn 1.0000 -0.0030 -0.0000
vn -0.0001 -0.0000 1.0000
vn -0.5271 0.8498 -0.0000
vn -0.0070 0.0112 -0.9999
vn 0.6575 -0.7535 -0.0000
vn 0.0070 -0.0112 0.9999
vn -0.7962 -0.6051 -0.0000
vn 0.7905 0.6125 -0.0000
vn -1.0000 0.0044 -0.0001
vn 0.0070 -0.0113 -0.9999
vn -0.0070 0.0113 0.9999
vn 0.0052 1.0000 -0.0000
vn -0.0000 -0.0047 -1.0000
vn -0.0052 -1.0000 -0.0000
vn -0.0000 -0.0003 1.0000
vn -0.0000 0.0047 1.0000
vn -0.0000 0.0003 -1.0000
vn -0.0000 0.0009 -1.0000
vn -0.0000 0.0001 1.0000
vn -0.0000 -0.0009 1.0000
vn -0.0000 -0.0001 -1.0000
vn -1.0000 -0.0000 -0.0027
vn 1.0000 -0.0000 0.0088
vn -0.3973 -0.0000 -0.9177
vn 0.3974 -0.0000 0.9176
vn 0.4616 0.8871 -0.0000
vn 0.0092 0.0103 -0.9999
vn -0.6645 -0.7473 -0.0000
vn -0.0092 -0.0103 0.9999
vn -0.8214 0.5704 -0.0000
vn 0.8268 -0.5625 -0.0000
vn -0.0092 -0.0104 -0.9999
vn 0.0092 0.0104 0.9999
vn -0.9999 -0.0000 -0.0130
vn -0.0324 0.9958 -0.0861
vn 0.9966 -0.0116 -0.0817
vn 0.0323 -0.9958 0.0861
vn -0.3680 -0.0000 -0.9298
vn 0.3665 0.0814 0.9269
vn -1.0000 -0.0000 -0.0001
vn 1.0000 -0.0000 0.0001
vn 1.0000 -0.0030 0.0001
vn 0.7905 0.6125 0.0001
vn -1.0000 0.0044 0.0001
vn -1.0000 -0.0000 0.0001
vn 0.8268 -0.5625 -0.0001
vn -0.6645 -0.7473 -0.0001
vn 1.0000 -0.0030 -0.0001
vn 1.0000 -0.0000 -0.0002
vn 1.0000 -0.0030 -0.0002
vn 1.0000 -0.0000 0.0002
vn 1.0000 -0.0000 -0.0001
vn 0.6575 -0.7535 0.0001
vn -0.6645 -0.7473 -0.0002
vn -1.0000 0.0044 0.0002
vn -0.5271 0.8498 -0.0001
vn -1.0000 -0.0000 -0.0002
vn 0.4616 0.8871 0.0001
vn -1.0000 -0.0000 0.0002
vn -0.8214 0.5704 0.0002
vn 0.8268 -0.5625 -0.0002
vn -0.0087 0.0100 -0.9999
vn 0.0088 -0.0100 0.9999
vn 0.0088 -0.0101 -0.9999
vn -0.0088 0.0101 0.9999
vn 0.0063 0.0121 -0.9999
vn -0.0063 -0.0121 0.9999
vn -0.0063 -0.0121 -0.9999
vn 0.0063 0.0121 0.9999
vn -0.0018 1.0000 -0.0000
vn 0.0018 -1.0000 -0.0000
vn -0.3677 -0.0814 -0.9264
vn 0.3670 -0.0000 0.9302
vn 0.9966 -0.0116 -0.0818
vn -0.7962 -0.6051 -0.0001
vn 0.7905 0.6125 -0.0001
vn -0.6645 -0.7473 0.0001
vn -1.0000 0.0044 -0.0002
vn 0.7905 0.6125 -0.0002
vn -0.8214 0.5704 -0.0001
vn 1.0000 -0.0030 0.0002
vn 0.8268 -0.5625 0.0001
vn 0.7905 0.6125 -0.0003
vt 0.521748 0.499718
vt 0.514923 0.506544
vt 0.514923 0.499718
vt 0.521748 0.506544
vt 0.514923 0.513369
vt 0.521748 0.513369
vt 0.518431 0.806383
vt 0.527631 0.846481
vt 0.506738 0.846481
vt 0.508098 0.520194
vt 0.508098 0.513369
vt 0.528573 0.513369
vt 0.519002 0.806383
vt 0.514923 0.520194
vt 0.533818 0.999999
vt 0.500000 0.000008
vt 0.533818 0.000008
vt 0.528573 0.520194
vt 0.521748 0.520194
vt 0.534177 0.813001
vt 0.500000 0.563001
vt 0.534177 0.563001
vt 0.534178 0.747975
vt 0.499999 0.000005
vt 0.534178 0.000005
vt 0.500000 0.999998
vt 0.534178 0.006817
vt 0.534178 0.999998
vt 0.500000 0.509074
vt 0.534178 0.259074
vt 0.534178 0.509074
vt 0.500000 0.999999
vt 0.534177 0.231429
vt 0.534177 0.999999
vt 0.521748 0.509956
vt 0.514923 0.509956
vt 0.500000 0.678547
vt 0.534177 0.803547
vt 0.500000 0.803547
vt 0.511510 0.520194
vt 0.511510 0.513369
vt 0.525161 0.520194
vt 0.525161 0.513369
vt 0.522763 0.367464
vt 0.522763 0.617464
vt 0.521748 0.523607
vt 0.514923 0.523607
vt 0.521748 0.527019
vt 0.514923 0.527019
vt 0.534177 0.233217
vt 0.500002 0.358217
vt 0.500002 0.233217
vt 0.503746 0.000003
vt 0.534178 0.999776
vt 0.503746 0.999776
vt 0.500000 0.813001
vt 0.500000 0.259074
vt 0.500000 0.999999
vt 0.499999 0.747975
vt 0.500000 0.006817
vt 0.500000 0.231429
vt 0.534177 0.678547
vt 0.534177 0.358217
vt 0.534178 0.000003
s 0
usemtl Catenary
f 179/136/80 180/137/80 178/138/80
f 181/139/81 184/140/81 180/137/81
f 185/141/82 182/142/82 184/140/82
f 182/142/83 179/143/83 178/144/83
f 184/140/84 178/145/84 180/146/84
f 181/147/85 183/148/85 185/141/85
f 187/136/86 188/137/86 186/138/86
f 189/139/87 192/140/87 188/137/87
f 193/141/88 190/149/88 192/140/88
f 190/150/89 187/151/89 186/152/89
f 192/140/83 186/145/83 188/146/83
f 193/141/81 187/153/81 191/154/81
f 194/138/90 197/139/90 196/137/90
f 197/139/91 200/140/91 196/137/91
f 201/141/92 198/149/92 200/140/92
f 198/155/93 195/156/93 194/157/93
f 196/146/94 198/149/94 194/145/94
f 197/147/95 199/154/95 201/141/95
f 203/136/84 204/137/84 202/138/84
f 205/139/82 208/140/82 204/137/82
f 209/141/85 206/149/85 208/140/85
f 206/158/80 203/159/80 202/160/80
f 204/146/83 206/149/83 202/145/83
f 205/147/81 207/154/81 209/141/81
f 210/138/96 213/139/96 212/137/96
f 213/161/82 216/162/82 212/163/82
f 217/141/88 214/149/88 216/140/88
f 214/149/80 211/143/80 210/144/80
f 212/146/83 214/149/83 210/145/83
f 213/147/81 215/154/81 217/141/81
f 218/138/90 221/139/90 220/137/90
f 221/164/97 224/165/97 220/166/97
f 225/141/92 222/149/92 224/140/92
f 222/149/98 219/143/98 218/144/98
f 224/140/94 218/145/94 220/146/94
f 225/141/95 219/153/95 223/154/95
f 227/136/84 228/137/84 226/138/84
f 229/167/82 232/168/82 228/169/82
f 233/141/85 230/149/85 232/140/85
f 230/149/80 227/143/80 226/144/80
f 228/146/83 230/149/83 226/145/83
f 229/147/81 231/154/81 233/141/81
f 234/138/99 237/139/99 236/137/99
f 243/170/100 240/140/100 242/171/100
f 240/140/101 239/154/101 238/149/101
f 244/172/102 235/173/102 234/174/102
f 240/140/84 244/175/84 242/176/84
f 237/147/85 245/177/85 243/178/85
f 241/141/85 245/177/85 239/154/85
f 236/179/84 244/175/84 234/180/84
f 238/149/103 245/181/103 244/182/103
f 237/139/104 242/171/104 236/137/104
f 246/138/99 249/139/99 248/137/99
f 255/170/105 252/140/105 254/171/105
f 252/140/101 251/154/101 250/149/101
f 256/182/106 247/183/106 246/184/106
f 254/176/84 250/149/84 256/175/84
f 255/178/85 247/153/85 257/177/85
f 255/178/85 251/154/85 253/141/85
f 254/176/84 246/180/84 248/179/84
f 250/149/107 257/181/107 256/182/107
f 249/185/108 254/186/108 248/187/108
f 258/138/109 261/139/109 260/137/109
f 260/188/81 265/189/81 264/190/81
f 265/141/110 262/149/110 264/140/110
f 263/154/83 258/144/83 262/149/83
f 260/146/111 262/149/111 258/145/111
f 261/147/112 263/154/112 265/141/112
f 269/141/82 266/149/82 268/140/82
f 270/138/113 273/139/113 272/137/113
f 272/137/114 277/141/114 276/140/114
f 277/141/115 274/149/115 276/140/115
f 275/191/116 270/157/116 274/155/116
f 272/146/117 274/149/117 270/145/117
f 273/147/118 275/154/118 277/141/118
f 278/138/113 281/139/113 280/137/113
f 280/166/119 285/192/119 284/165/119
f 285/141/115 282/149/115 284/140/115
f 283/154/120 278/144/120 282/149/120
f 284/140/117 278/145/117 280/146/117
f 285/141/118 279/153/118 283/154/118
f 287/136/80 288/137/80 286/138/80
f 289/139/81 292/140/81 288/137/81
f 293/141/82 290/142/82 292/140/82
f 290/142/83 287/143/83 286/144/83
f 292/140/84 286/145/84 288/146/84
f 289/147/85 291/148/85 293/141/85
f 294/138/99 297/139/99 296/137/99
f 298/138/121 301/139/121 300/137/121
f 300/188/122 305/189/122 304/190/122
f 305/141/123 302/149/123 304/140/123
f 303/154/124 298/144/124 302/149/124
f 300/146/125 302/149/125 298/145/125
f 301/147/126 303/154/126 305/141/126
f 307/136/80 308/137/80 306/138/80
f 309/139/81 312/140/81 308/137/81
f 313/141/82 310/142/82 312/140/82
f 310/142/83 307/143/83 306/144/83
f 312/140/84 306/145/84 308/146/84
f 309/147/85 311/148/85 313/141/85
f 315/136/86 316/137/86 314/138/86
f 317/139/87 320/140/87 316/137/87
f 320/140/88 319/154/88 318/149/88
f 318/150/89 315/151/89 314/152/89
f 320/140/83 314/145/83 316/146/83
f 321/141/81 315/153/81 319/154/81
f 322/138/90 325/139/90 324/137/90
f 325/139/91 328/140/91 324/137/91
f 329/141/92 326/149/92 328/140/92
f 326/155/93 323/156/93 322/157/93
f 324/146/94 326/149/94 322/145/94
f 325/147/95 327/154/95 329/141/95
f 331/136/84 332/137/84 330/138/84
f 333/139/82 336/140/82 332/137/82
f 337/141/85 334/149/85 336/140/85
f 334/158/80 331/159/80 330/160/80
f 332/146/83 334/149/83 330/145/83
f 333/147/81 335/154/81 337/141/81
f 339/136/86 340/137/86 338/138/86
f 341/161/82 344/162/82 340/163/82
f 345/141/88 342/149/88 344/140/88
f 342/149/80 339/143/80 338/144/80
f 340/146/83 342/149/83 338/145/83
f 341/147/81 343/154/81 345/141/81
f 346/138/90 349/139/90 348/137/90
f 349/164/97 352/165/97 348/166/97
f 353/141/92 350/149/92 352/140/92
f 350/149/98 347/143/98 346/144/98
f 352/140/94 346/145/94 348/146/94
f 353/141/95 347/153/95 351/154/95
f 355/136/84 356/137/84 354/138/84
f 357/167/82 360/168/82 356/169/82
f 361/141/85 358/149/85 360/140/85
f 358/149/80 355/143/80 354/144/80
f 356/146/83 358/149/83 354/145/83
f 357/147/81 359/154/81 361/141/81
f 362/138/99 365/139/99 364/137/99
f 371/170/100 368/140/100 370/171/100
f 368/140/101 367/154/101 366/149/101
f 372/172/102 363/173/102 362/174/102
f 368/140/84 372/175/84 370/176/84
f 365/147/85 373/177/85 371/178/85
f 369/141/85 373/177/85 367/154/85
f 364/179/84 372/175/84 362/180/84
f 366/149/103 373/181/103 372/182/103
f 365/139/104 370/171/104 364/137/104
f 374/138/99 377/139/99 376/137/99
f 383/170/105 380/140/105 382/171/105
f 380/140/101 379/154/101 378/149/101
f 384/182/106 375/183/106 374/184/106
f 382/176/84 378/149/84 384/175/84
f 383/178/85 375/153/85 385/177/85
f 383/178/85 379/154/85 381/141/85
f 382/176/84 374/180/84 376/179/84
f 378/149/107 385/181/107 384/182/107
f 377/185/108 382/186/108 376/187/108
f 386/138/109 389/139/109 388/137/109
f 388/188/81 393/189/81 392/190/81
f 393/141/110 390/149/110 392/140/110
f 391/154/83 386/144/83 390/149/83
f 388/146/111 390/149/111 386/145/111
f 389/147/112 391/154/112 393/141/112
f 397/141/82 394/149/82 396/140/82
f 398/138/113 401/139/113 400/137/113
f 400/137/114 405/141/114 404/140/114
f 405/141/115 402/149/115 404/140/115
f 403/191/116 398/157/116 402/155/116
f 400/146/117 402/149/117 398/145/117
f 401/147/118 403/154/118 405/141/118
f 406/138/113 409/139/113 408/137/113
f 408/166/119 413/192/119 412/165/119
f 413/141/115 410/149/115 412/140/115
f 411/154/120 406/144/120 410/149/120
f 412/140/117 406/145/117 408/146/117
f 413/141/118 407/153/118 411/154/118
f 415/136/80 416/137/80 414/138/80
f 417/139/81 420/140/81 416/137/81
f 421/141/82 418/142/82 420/140/82
f 418/142/83 415/143/83 414/144/83
f 420/140/84 414/145/84 416/146/84
f 417/147/85 419/148/85 421/141/85
f 422/138/99 425/139/99 424/137/99
f 426/138/121 429/139/121 428/137/121
f 428/188/122 433/189/122 432/190/122
f 433/141/123 430/149/123 432/140/123
f 431/154/124 426/144/124 430/149/124
f 428/146/125 430/149/125 426/145/125
f 429/147/126 431/154/126 433/141/126
f 435/136/80 436/137/80 434/138/80
f 437/139/81 440/140/81 436/137/81
f 441/141/82 438/142/82 440/140/82
f 438/142/83 435/143/83 434/144/83
f 440/140/84 434/145/84 436/146/84
f 437/147/85 439/148/85 441/141/85
f 443/136/86 444/137/86 442/138/86
f 445/139/87 448/140/87 444/137/87
f 448/140/88 447/154/88 446/149/88
f 446/150/89 443/151/89 442/152/89
f 448/140/83 442/145/83 444/146/83
f 449/141/81 443/153/81 447/154/81
f 450/138/90 453/139/90 452/137/90
f 453/139/91 456/140/91 452/137/91
f 457/141/92 454/149/92 456/140/92
f 454/155/93 451/156/93 450/157/93
f 452/146/94 454/149/94 450/145/94
f 453/147/95 455/154/95 457/141/95
f 459/136/84 460/137/84 458/138/84
f 461/139/82 464/140/82 460/137/82
f 465/141/85 462/149/85 464/140/85
f 462/158/80 459/159/80 458/160/80
f 460/146/83 462/149/83 458/145/83
f 461/147/81 463/154/81 465/141/81
f 466/138/86 469/139/86 468/137/86
f 469/161/82 472/162/82 468/163/82
f 473/141/88 470/149/88 472/140/88
f 470/149/80 467/143/80 466/144/80
f 472/140/83 466/145/83 468/146/83
f 469/147/81 471/154/81 473/141/81
f 474/138/90 477/139/90 476/137/90
f 477/164/97 480/165/97 476/166/97
f 480/140/92 479/154/92 478/149/92
f 478/149/98 475/143/98 474/144/98
f 480/140/94 474/145/94 476/146/94
f 481/141/95 475/153/95 479/154/95
f 483/136/84 484/137/84 482/138/84
f 485/167/82 488/168/82 484/169/82
f 489/141/85 486/149/85 488/140/85
f 486/149/80 483/143/80 482/144/80
f 484/146/83 486/149/83 482/145/83
f 485/147/81 487/154/81 489/141/81
f 490/138/99 493/139/99 492/137/99
f 499/170/100 496/140/100 498/171/100
f 497/141/101 494/149/101 496/140/101
f 500/172/102 491/173/102 490/174/102
f 496/140/84 500/175/84 498/176/84
f 493/147/85 501/177/85 499/178/85
f 497/141/85 501/177/85 495/154/85
f 492/179/84 500/175/84 490/180/84
f 494/149/103 501/181/103 500/182/103
f 493/139/104 498/171/104 492/137/104
f 502/138/99 505/139/99 504/137/99
f 511/170/105 508/140/105 510/171/105
f 508/140/101 507/154/101 506/149/101
f 512/182/106 503/183/106 502/184/106
f 510/176/84 506/149/84 512/175/84
f 511/178/85 503/153/85 513/177/85
f 511/178/85 507/154/85 509/141/85
f 510/176/84 502/180/84 504/179/84
f 506/149/107 513/181/107 512/182/107
f 505/185/108 510/186/108 504/187/108
f 514/138/109 517/139/109 516/137/109
f 516/188/81 521/189/81 520/190/81
f 521/141/110 518/149/110 520/140/110
f 519/154/83 514/144/83 518/149/83
f 516/146/111 518/149/111 514/145/111
f 517/147/112 519/154/112 521/141/112
f 525/141/82 522/149/82 524/140/82
f 526/138/113 529/139/113 528/137/113
f 528/137/114 533/141/114 532/140/114
f 533/141/115 530/149/115 532/140/115
f 531/191/116 526/157/116 530/155/116
f 528/146/117 530/149/117 526/145/117
f 529/147/118 531/154/118 533/141/118
f 534/138/113 537/139/113 536/137/113
f 536/166/119 541/192/119 540/165/119
f 541/141/115 538/149/115 540/140/115
f 539/154/120 534/144/120 538/149/120
f 540/140/117 534/145/117 536/146/117
f 541/141/118 535/153/118 539/154/118
f 543/136/80 544/137/80 542/138/80
f 545/139/81 548/140/81 544/137/81
f 549/141/82 546/142/82 548/140/82
f 546/142/83 543/143/83 542/144/83
f 548/140/84 542/145/84 544/146/84
f 545/147/85 547/148/85 549/141/85
f 550/138/99 553/139/99 552/137/99
f 554/138/121 557/139/121 556/137/121
f 556/188/122 561/189/122 560/190/122
f 561/141/123 558/149/123 560/140/123
f 559/154/124 554/144/124 558/149/124
f 556/146/125 558/149/125 554/145/125
f 557/147/126 559/154/126 561/141/126
f 563/136/80 564/137/80 562/138/80
f 565/139/81 568/140/81 564/137/81
f 569/141/82 566/142/82 568/140/82
f 566/142/83 563/143/83 562/144/83
f 568/140/84 562/145/84 564/146/84
f 565/147/85 567/148/85 569/141/85
f 571/136/86 572/137/86 570/138/86
f 573/139/87 576/140/87 572/137/87
f 576/140/88 575/154/88 574/149/88
f 574/150/89 571/151/89 570/152/89
f 576/140/83 570/145/83 572/146/83
f 577/141/81 571/153/81 575/154/81
f 578/138/90 581/139/90 580/137/90
f 581/139/91 584/140/91 580/137/91
f 585/141/92 582/149/92 584/140/92
f 582/155/93 579/156/93 578/157/93
f 580/146/94 582/149/94 578/145/94
f 581/147/95 583/154/95 585/141/95
f 587/136/84 588/137/84 586/138/84
f 589/139/82 592/140/82 588/137/82
f 593/141/85 590/149/85 592/140/85
f 590/158/80 587/159/80 586/160/80
f 588/146/83 590/149/83 586/145/83
f 589/147/81 591/154/81 593/141/81
f 594/138/86 597/139/86 596/137/86
f 597/161/82 600/162/82 596/163/82
f 601/141/88 598/149/88 600/140/88
f 598/149/80 595/143/80 594/144/80
f 596/146/83 598/149/83 594/145/83
f 597/147/81 599/154/81 601/141/81
f 602/138/90 605/139/90 604/137/90
f 605/164/97 608/165/97 604/166/97
f 609/141/92 606/149/92 608/140/92
f 606/149/98 603/143/98 602/144/98
f 608/140/94 602/145/94 604/146/94
f 609/141/95 603/153/95 607/154/95
f 611/136/84 612/137/84 610/138/84
f 613/167/82 616/168/82 612/169/82
f 617/141/85 614/149/85 616/140/85
f 614/149/80 611/143/80 610/144/80
f 612/146/83 614/149/83 610/145/83
f 613/147/81 615/154/81 617/141/81
f 618/138/99 621/139/99 620/137/99
f 627/170/100 624/140/100 626/171/100
f 624/140/101 623/154/101 622/149/101
f 628/172/102 619/173/102 618/174/102
f 624/140/84 628/175/84 626/176/84
f 621/147/85 629/177/85 627/178/85
f 625/141/85 629/177/85 623/154/85
f 620/179/84 628/175/84 618/180/84
f 622/149/103 629/181/103 628/182/103
f 621/139/104 626/171/104 620/137/104
f 630/138/99 633/139/99 632/137/99
f 639/170/105 636/140/105 638/171/105
f 637/141/101 634/149/101 636/140/101
f 640/182/106 631/183/106 630/184/106
f 638/176/84 634/149/84 640/175/84
f 639/178/85 631/153/85 641/177/85
f 639/178/85 635/154/85 637/141/85
f 638/176/84 630/180/84 632/179/84
f 634/149/107 641/181/107 640/182/107
f 633/185/108 638/186/108 632/187/108
f 642/138/109 645/139/109 644/137/109
f 644/188/81 649/189/81 648/190/81
f 649/141/110 646/149/110 648/140/110
f 647/154/83 642/144/83 646/149/83
f 644/146/111 646/149/111 642/145/111
f 645/147/112 647/154/112 649/141/112
f 653/141/82 650/149/82 652/140/82
f 654/138/113 657/139/113 656/137/113
f 656/137/114 661/141/114 660/140/114
f 661/141/115 658/149/115 660/140/115
f 659/191/116 654/157/116 658/155/116
f 656/146/117 658/149/117 654/145/117
f 657/147/118 659/154/118 661/141/118
f 662/138/113 665/139/113 664/137/113
f 664/166/119 669/192/119 668/165/119
f 669/141/115 666/149/115 668/140/115
f 667/154/120 662/144/120 666/149/120
f 668/140/117 662/145/117 664/146/117
f 669/141/118 663/153/118 667/154/118
f 671/136/80 672/137/80 670/138/80
f 673/139/81 676/140/81 672/137/81
f 677/141/82 674/142/82 676/140/82
f 674/142/83 671/143/83 670/144/83
f 676/140/84 670/145/84 672/146/84
f 673/147/85 675/148/85 677/141/85
f 678/138/99 681/139/99 680/137/99
f 682/138/121 685/139/121 684/137/121
f 684/188/122 689/189/122 688/190/122
f 689/141/123 686/149/123 688/140/123
f 687/154/124 682/144/124 686/149/124
f 684/146/125 686/149/125 682/145/125
f 685/147/126 687/154/126 689/141/126
f 691/136/80 692/137/80 690/138/80
f 693/139/81 696/140/81 692/137/81
f 697/141/82 694/142/82 696/140/82
f 694/142/83 691/143/83 690/144/83
f 696/140/84 690/145/84 692/146/84
f 693/147/85 695/148/85 697/141/85
f 699/136/86 700/137/86 698/138/86
f 701/139/87 704/140/87 700/137/87
f 704/140/88 703/154/88 702/149/88
f 702/150/89 699/151/89 698/152/89
f 704/140/83 698/145/83 700/146/83
f 705/141/81 699/153/81 703/154/81
f 706/138/90 709/139/90 708/137/90
f 709/139/91 712/140/91 708/137/91
f 712/140/92 711/154/92 710/149/92
f 710/155/93 707/156/93 706/157/93
f 708/146/94 710/149/94 706/145/94
f 709/147/95 711/154/95 713/141/95
f 715/136/84 716/137/84 714/138/84
f 717/139/82 720/140/82 716/137/82
f 721/141/85 718/149/85 720/140/85
f 718/158/80 715/159/80 714/160/80
f 716/146/83 718/149/83 714/145/83
f 717/147/81 719/154/81 721/141/81
f 723/136/86 724/137/86 722/138/86
f 725/161/82 728/162/82 724/163/82
f 729/141/88 726/149/88 728/140/88
f 726/149/80 723/143/80 722/144/80
f 724/146/83 726/149/83 722/145/83
f 725/147/81 727/154/81 729/141/81
f 730/138/90 733/139/90 732/137/90
f 733/164/97 736/165/97 732/166/97
f 736/140/92 735/154/92 734/149/92
f 734/149/98 731/143/98 730/144/98
f 736/140/94 730/145/94 732/146/94
f 737/141/95 731/153/95 735/154/95
f 739/136/127 740/137/127 738/138/127
f 741/167/82 744/168/82 740/169/82
f 745/141/85 742/149/85 744/140/85
f 742/149/80 739/143/80 738/144/80
f 740/146/83 742/149/83 738/145/83
f 741/147/81 743/154/81 745/141/81
f 746/138/99 749/139/99 748/137/99
f 755/170/100 752/140/100 754/171/100
f 752/140/101 751/154/101 750/149/101
f 756/172/102 747/173/102 746/174/102
f 752/140/127 756/175/127 754/176/127
f 749/147/85 757/177/85 755/178/85
f 753/141/128 757/177/128 751/154/128
f 748/179/84 756/175/84 746/180/84
f 750/149/103 757/181/103 756/182/103
f 749/139/104 754/171/104 748/137/104
f 758/138/99 761/139/99 760/137/99
f 767/170/105 764/140/105 766/171/105
f 765/141/101 762/149/101 764/140/101
f 768/182/106 759/183/106 758/184/106
f 766/176/84 762/149/84 768/175/84
f 767/178/85 759/153/85 769/177/85
f 767/178/85 763/154/85 765/141/85
f 766/176/84 758/180/84 760/179/84
f 762/149/107 769/181/107 768/182/107
f 761/185/108 766/186/108 760/187/108
f 770/138/109 773/139/109 772/137/109
f 772/188/81 777/189/81 776/190/81
f 777/141/110 774/149/110 776/140/110
f 775/154/83 770/144/83 774/149/83
f 776/140/111 770/145/111 772/146/111
f 773/147/112 775/154/112 777/141/112
f 781/141/82 778/149/82 780/140/82
f 782/138/113 785/139/113 784/137/113
f 784/137/114 789/141/114 788/140/114
f 789/141/115 786/149/115 788/140/115
f 787/191/116 782/157/116 786/155/116
f 784/146/117 786/149/117 782/145/117
f 785/147/118 787/154/118 789/141/118
f 790/138/113 793/139/113 792/137/113
f 792/166/119 797/192/119 796/165/119
f 797/141/115 794/149/115 796/140/115
f 795/154/120 790/144/120 794/149/120
f 796/140/117 790/145/117 792/146/117
f 797/141/118 791/153/118 795/154/118
f 799/136/80 800/137/80 798/138/80
f 801/139/81 804/140/81 800/137/81
f 805/141/82 802/142/82 804/140/82
f 802/142/83 799/143/83 798/144/83
f 804/140/84 798/145/84 800/146/84
f 801/147/85 803/148/85 805/141/85
f 806/138/99 809/139/99 808/137/99
f 810/138/121 813/139/121 812/137/121
f 812/188/122 817/189/122 816/190/122
f 817/141/123 814/149/123 816/140/123
f 815/154/124 810/144/124 814/149/124
f 812/146/125 814/149/125 810/145/125
f 813/147/126 815/154/126 817/141/126
f 819/136/80 820/137/80 818/138/80
f 821/139/81 824/140/81 820/137/81
f 825/141/82 822/142/82 824/140/82
f 822/142/83 819/143/83 818/144/83
f 824/140/84 818/145/84 820/146/84
f 821/147/85 823/148/85 825/141/85
f 827/136/86 828/137/86 826/138/86
f 829/139/87 832/140/87 828/137/87
f 833/141/129 830/149/129 832/140/129
f 830/150/89 827/151/89 826/152/89
f 832/140/83 826/145/83 828/146/83
f 833/141/81 827/153/81 831/154/81
f 834/138/90 837/139/90 836/137/90
f 837/139/91 840/140/91 836/137/91
f 840/140/92 839/154/92 838/149/92
f 838/155/93 835/156/93 834/157/93
f 836/146/94 838/149/94 834/145/94
f 837/147/95 839/154/95 841/141/95
f 843/136/84 844/137/84 842/138/84
f 845/139/82 848/140/82 844/137/82
f 849/141/85 846/149/85 848/140/85
f 846/158/80 843/159/80 842/160/80
f 844/146/83 846/149/83 842/145/83
f 845/147/81 847/154/81 849/141/81
f 851/136/86 852/137/86 850/138/86
f 853/161/82 856/162/82 852/163/82
f 857/141/88 854/149/88 856/140/88
f 854/149/80 851/143/80 850/144/80
f 852/146/83 854/149/83 850/145/83
f 853/147/81 855/154/81 857/141/81
f 859/136/90 860/137/90 858/138/90
f 861/164/97 864/165/97 860/166/97
f 865/141/92 862/149/92 864/140/92
f 862/149/98 859/143/98 858/144/98
f 864/140/94 858/145/94 860/146/94
f 865/141/130 859/153/130 863/154/130
f 867/136/127 868/137/127 866/138/127
f 869/167/82 872/168/82 868/169/82
f 873/141/85 870/149/85 872/140/85
f 870/149/80 867/143/80 866/144/80
f 868/146/83 870/149/83 866/145/83
f 869/147/81 871/154/81 873/141/81
f 875/136/99 876/137/99 874/138/99
f 883/170/100 880/140/100 882/171/100
f 880/140/101 879/154/101 878/149/101
f 884/172/102 875/173/102 874/174/102
f 880/140/84 884/175/84 882/176/84
f 877/147/85 885/177/85 883/178/85
f 881/141/85 885/177/85 879/154/85
f 876/179/84 884/175/84 874/180/84
f 878/149/103 885/181/103 884/182/103
f 877/139/104 882/171/104 876/137/104
f 886/138/99 889/139/99 888/137/99
f 895/170/105 892/140/105 894/171/105
f 893/141/101 890/149/101 892/140/101
f 896/182/106 887/183/106 886/184/106
f 894/176/127 890/149/127 896/175/127
f 895/178/85 887/153/85 897/177/85
f 895/178/85 891/154/85 893/141/85
f 894/176/84 886/180/84 888/179/84
f 890/149/107 897/181/107 896/182/107
f 889/185/108 894/186/108 888/187/108
f 898/138/109 901/139/109 900/137/109
f 900/188/81 905/189/81 904/190/81
f 905/141/110 902/149/110 904/140/110
f 903/154/83 898/144/83 902/149/83
f 904/140/111 898/145/111 900/146/111
f 901/147/112 903/154/112 905/141/112
f 909/141/82 906/149/82 908/140/82
f 910/138/113 913/139/113 912/137/113
f 912/137/114 917/141/114 916/140/114
f 917/141/115 914/149/115 916/140/115
f 915/191/116 910/157/116 914/155/116
f 912/146/117 914/149/117 910/145/117
f 913/147/118 915/154/118 917/141/118
f 918/138/113 921/139/113 920/137/113
f 920/166/119 925/192/119 924/165/119
f 925/141/115 922/149/115 924/140/115
f 923/154/120 918/144/120 922/149/120
f 924/140/117 918/145/117 920/146/117
f 925/141/118 919/153/118 923/154/118
f 927/136/80 928/137/80 926/138/80
f 929/139/81 932/140/81 928/137/81
f 933/141/82 930/142/82 932/140/82
f 930/142/83 927/143/83 926/144/83
f 932/140/84 926/145/84 928/146/84
f 929/147/85 931/148/85 933/141/85
f 935/136/99 936/137/99 934/138/99
f 938/138/121 941/139/121 940/137/121
f 940/188/122 945/189/122 944/190/122
f 945/141/123 942/149/123 944/140/123
f 943/154/124 938/144/124 942/149/124
f 940/146/125 942/149/125 938/145/125
f 941/147/126 943/154/126 945/141/126
f 947/136/80 948/137/80 946/138/80
f 949/139/81 952/140/81 948/137/81
f 953/141/82 950/142/82 952/140/82
f 950/142/83 947/143/83 946/144/83
f 952/140/84 946/145/84 948/146/84
f 949/147/85 951/148/85 953/141/85
f 955/136/86 956/137/86 954/138/86
f 957/139/87 960/140/87 956/137/87
f 961/141/88 958/149/88 960/140/88
f 958/150/89 955/151/89 954/152/89
f 960/140/83 954/145/83 956/146/83
f 961/141/81 955/153/81 959/154/81
f 962/138/90 965/139/90 964/137/90
f 965/139/91 968/140/91 964/137/91
f 969/141/92 966/149/92 968/140/92
f 966/155/93 963/156/93 962/157/93
f 964/146/94 966/149/94 962/145/94
f 965/147/95 967/154/95 969/141/95
f 971/136/84 972/137/84 970/138/84
f 973/139/82 976/140/82 972/137/82
f 977/141/85 974/149/85 976/140/85
f 974/158/80 971/159/80 970/160/80
f 976/140/83 970/145/83 972/146/83
f 973/147/81 975/154/81 977/141/81
f 978/138/131 981/139/131 980/137/131
f 981/161/82 984/162/82 980/163/82
f 985/141/88 982/149/88 984/140/88
f 982/149/80 979/143/80 978/144/80
f 980/146/83 982/149/83 978/145/83
f 981/147/81 983/154/81 985/141/81
f 987/136/90 988/137/90 986/138/90
f 989/164/97 992/165/97 988/166/97
f 993/141/92 990/149/92 992/140/92
f 990/149/98 987/143/98 986/144/98
f 992/140/94 986/145/94 988/146/94
f 993/141/130 987/153/130 991/154/130
f 995/136/84 996/137/84 994/138/84
f 997/167/82 1000/168/82 996/169/82
f 1001/141/85 998/149/85 1000/140/85
f 998/149/80 995/143/80 994/144/80
f 996/146/83 998/149/83 994/145/83
f 997/147/81 999/154/81 1001/141/81
f 1003/136/99 1004/137/99 1002/138/99
f 1011/170/100 1008/140/100 1010/171/100
f 1008/140/101 1007/154/101 1006/149/101
f 1012/172/102 1003/173/102 1002/174/102
f 1008/140/84 1012/175/84 1010/176/84
f 1005/147/128 1013/177/128 1011/178/128
f 1009/141/85 1013/177/85 1007/154/85
f 1004/179/84 1012/175/84 1002/180/84
f 1006/149/103 1013/181/103 1012/182/103
f 1005/139/104 1010/171/104 1004/137/104
f 1014/138/99 1017/139/99 1016/137/99
f 1023/170/105 1020/140/105 1022/171/105
f 1021/141/101 1018/149/101 1020/140/101
f 1024/182/106 1015/183/106 1014/184/106
f 1022/176/84 1018/149/84 1024/175/84
f 1023/178/85 1015/153/85 1025/177/85
f 1023/178/85 1019/154/85 1021/141/85
f 1022/176/132 1014/180/132 1016/179/132
f 1018/149/107 1025/181/107 1024/182/107
f 1017/185/108 1022/186/108 1016/187/108
f 1026/138/109 1029/139/109 1028/137/109
f 1028/188/81 1033/189/81 1032/190/81
f 1033/141/110 1030/149/110 1032/140/110
f 1031/154/83 1026/144/83 1030/149/83
f 1032/140/111 1026/145/111 1028/146/111
f 1029/147/112 1031/154/112 1033/141/112
f 1037/141/82 1034/149/82 1036/140/82
f 1038/138/113 1041/139/113 1040/137/113
f 1040/137/114 1045/141/114 1044/140/114
f 1045/141/115 1042/149/115 1044/140/115
f 1043/191/116 1038/157/116 1042/155/116
f 1040/146/117 1042/149/117 1038/145/117
f 1041/147/118 1043/154/118 1045/141/118
f 1046/138/113 1049/139/113 1048/137/113
f 1048/166/119 1053/192/119 1052/165/119
f 1053/141/115 1050/149/115 1052/140/115
f 1051/154/120 1046/144/120 1050/149/120
f 1052/140/117 1046/145/117 1048/146/117
f 1053/141/133 1047/153/133 1051/154/133
f 1055/136/80 1056/137/80 1054/138/80
f 1057/139/81 1060/140/81 1056/137/81
f 1061/141/82 1058/142/82 1060/140/82
f 1058/142/83 1055/143/83 1054/144/83
f 1060/140/84 1054/145/84 1056/146/84
f 1057/147/85 1059/148/85 1061/141/85
f 1063/136/99 1064/137/99 1062/138/99
f 1066/138/121 1069/139/121 1068/137/121
f 1068/188/122 1073/189/122 1072/190/122
f 1073/141/123 1070/149/123 1072/140/123
f 1071/154/124 1066/144/124 1070/149/124
f 1068/146/125 1070/149/125 1066/145/125
f 1069/147/126 1071/154/126 1073/141/126
f 1075/136/80 1076/137/80 1074/138/80
f 1077/139/81 1080/140/81 1076/137/81
f 1081/141/82 1078/142/82 1080/140/82
f 1078/142/83 1075/143/83 1074/144/83
f 1080/140/84 1074/145/84 1076/146/84
f 1077/147/85 1079/148/85 1081/141/85
f 1083/136/86 1084/137/86 1082/138/86
f 1085/139/87 1088/140/87 1084/137/87
f 1089/141/88 1086/149/88 1088/140/88
f 1086/150/89 1083/151/89 1082/152/89
f 1088/140/83 1082/145/83 1084/146/83
f 1089/141/81 1083/153/81 1087/154/81
f 1090/138/90 1093/139/90 1092/137/90
f 1093/139/91 1096/140/91 1092/137/91
f 1096/140/92 1095/154/92 1094/149/92
f 1094/155/93 1091/156/93 1090/157/93
f 1092/146/94 1094/149/94 1090/145/94
f 1093/147/95 1095/154/95 1097/141/95
f 1099/136/84 1100/137/84 1098/138/84
f 1101/139/82 1104/140/82 1100/137/82
f 1105/141/85 1102/149/85 1104/140/85
f 1102/158/80 1099/159/80 1098/160/80
f 1104/140/83 1098/145/83 1100/146/83
f 1101/147/81 1103/154/81 1105/141/81
f 1106/138/86 1109/139/86 1108/137/86
f 1109/161/82 1112/162/82 1108/163/82
f 1113/141/88 1110/149/88 1112/140/88
f 1110/149/80 1107/143/80 1106/144/80
f 1108/146/83 1110/149/83 1106/145/83
f 1109/147/81 1111/154/81 1113/141/81
f 1115/136/90 1116/137/90 1114/138/90
f 1117/164/97 1120/165/97 1116/166/97
f 1121/141/92 1118/149/92 1120/140/92
f 1118/149/98 1115/143/98 1114/144/98
f 1120/140/94 1114/145/94 1116/146/94
f 1121/141/130 1115/153/130 1119/154/130
f 1123/136/84 1124/137/84 1122/138/84
f 1125/167/82 1128/168/82 1124/169/82
f 1129/141/85 1126/149/85 1128/140/85
f 1126/149/80 1123/143/80 1122/144/80
f 1124/146/83 1126/149/83 1122/145/83
f 1125/147/81 1127/154/81 1129/141/81
f 1131/136/99 1132/137/99 1130/138/99
f 1139/170/100 1136/140/100 1138/171/100
f 1136/140/101 1135/154/101 1134/149/101
f 1140/172/102 1131/173/102 1130/174/102
f 1136/140/84 1140/175/84 1138/176/84
f 1133/147/128 1141/177/128 1139/178/128
f 1137/141/85 1141/177/85 1135/154/85
f 1132/179/84 1140/175/84 1130/180/84
f 1134/149/103 1141/181/103 1140/182/103
f 1133/139/104 1138/171/104 1132/137/104
f 1142/138/99 1145/139/99 1144/137/99
f 1151/170/105 1148/140/105 1150/171/105
f 1149/141/101 1146/149/101 1148/140/101
f 1152/182/106 1143/183/106 1142/184/106
f 1150/176/84 1146/149/84 1152/175/84
f 1151/178/128 1143/153/128 1153/177/128
f 1151/178/85 1147/154/85 1149/141/85
f 1150/176/132 1142/180/132 1144/179/132
f 1146/149/107 1153/181/107 1152/182/107
f 1145/185/108 1150/186/108 1144/187/108
f 1154/138/109 1157/139/109 1156/137/109
f 1156/188/81 1161/189/81 1160/190/81
f 1161/141/110 1158/149/110 1160/140/110
f 1159/154/83 1154/144/83 1158/149/83
f 1160/140/111 1154/145/111 1156/146/111
f 1157/147/112 1159/154/112 1161/141/112
f 1165/141/82 1162/149/82 1164/140/82
f 1166/138/113 1169/139/113 1168/137/113
f 1168/137/114 1173/141/114 1172/140/114
f 1173/141/115 1170/149/115 1172/140/115
f 1171/191/116 1166/157/116 1170/155/116
f 1168/146/117 1170/149/117 1166/145/117
f 1169/147/133 1171/154/133 1173/141/133
f 1174/138/113 1177/139/113 1176/137/113
f 1176/166/119 1181/192/119 1180/165/119
f 1181/141/134 1178/149/134 1180/140/134
f 1179/154/120 1174/144/120 1178/149/120
f 1180/140/117 1174/145/117 1176/146/117
f 1181/141/118 1175/153/118 1179/154/118
f 1183/136/80 1184/137/80 1182/138/80
f 1185/139/81 1188/140/81 1184/137/81
f 1189/141/82 1186/142/82 1188/140/82
f 1186/142/83 1183/143/83 1182/144/83
f 1188/140/84 1182/145/84 1184/146/84
f 1185/147/85 1187/148/85 1189/141/85
f 1191/136/99 1192/137/99 1190/138/99
f 1194/138/121 1197/139/121 1196/137/121
f 1196/188/122 1201/189/122 1200/190/122
f 1201/141/123 1198/149/123 1200/140/123
f 1199/154/124 1194/144/124 1198/149/124
f 1196/146/125 1198/149/125 1194/145/125
f 1197/147/126 1199/154/126 1201/141/126
f 1203/136/80 1204/137/80 1202/138/80
f 1205/139/81 1208/140/81 1204/137/81
f 1209/141/82 1206/142/82 1208/140/82
f 1206/142/83 1203/143/83 1202/144/83
f 1208/140/84 1202/145/84 1204/146/84
f 1205/147/85 1207/148/85 1209/141/85
f 1211/136/86 1212/137/86 1210/138/86
f 1213/139/87 1216/140/87 1212/137/87
f 1217/141/88 1214/149/88 1216/140/88
f 1214/150/89 1211/151/89 1210/152/89
f 1216/140/83 1210/145/83 1212/146/83
f 1217/141/81 1211/153/81 1215/154/81
f 1218/138/90 1221/139/90 1220/137/90
f 1221/139/91 1224/140/91 1220/137/91
f 1224/140/92 1223/154/92 1222/149/92
f 1222/155/93 1219/156/93 1218/157/93
f 1220/146/94 1222/149/94 1218/145/94
f 1221/147/95 1223/154/95 1225/141/95
f 1227/136/84 1228/137/84 1226/138/84
f 1229/139/82 1232/140/82 1228/137/82
f 1233/141/85 1230/149/85 1232/140/85
f 1230/158/80 1227/159/80 1226/160/80
f 1232/140/83 1226/145/83 1228/146/83
f 1229/147/81 1231/154/81 1233/141/81
f 1234/138/86 1237/139/86 1236/137/86
f 1237/161/82 1240/162/82 1236/163/82
f 1241/141/135 1238/149/135 1240/140/135
f 1238/149/80 1235/143/80 1234/144/80
f 1236/146/83 1238/149/83 1234/145/83
f 1237/147/81 1239/154/81 1241/141/81
f 1243/136/90 1244/137/90 1242/138/90
f 1245/164/97 1248/165/97 1244/166/97
f 1249/141/92 1246/149/92 1248/140/92
f 1246/149/98 1243/143/98 1242/144/98
f 1248/140/94 1242/145/94 1244/146/94
f 1249/141/130 1243/153/130 1247/154/130
f 1251/136/84 1252/137/84 1250/138/84
f 1253/167/82 1256/168/82 1252/169/82
f 1257/141/85 1254/149/85 1256/140/85
f 1254/149/80 1251/143/80 1250/144/80
f 1252/146/83 1254/149/83 1250/145/83
f 1253/147/81 1255/154/81 1257/141/81
f 1259/136/99 1260/137/99 1258/138/99
f 1267/170/100 1264/140/100 1266/171/100
f 1264/140/101 1263/154/101 1262/149/101
f 1268/172/102 1259/173/102 1258/174/102
f 1264/140/127 1268/175/127 1266/176/127
f 1261/147/128 1269/177/128 1267/178/128
f 1265/141/136 1269/177/136 1263/154/136
f 1260/179/127 1268/175/127 1258/180/127
f 1262/149/103 1269/181/103 1268/182/103
f 1261/139/104 1266/171/104 1260/137/104
f 1270/138/99 1273/139/99 1272/137/99
f 1279/170/105 1276/140/105 1278/171/105
f 1277/141/101 1274/149/101 1276/140/101
f 1280/182/106 1271/183/106 1270/184/106
f 1278/176/84 1274/149/84 1280/175/84
f 1279/178/128 1271/153/128 1281/177/128
f 1279/178/85 1275/154/85 1277/141/85
f 1278/176/84 1270/180/84 1272/179/84
f 1274/149/107 1281/181/107 1280/182/107
f 1273/185/108 1278/186/108 1272/187/108
f 1282/138/109 1285/139/109 1284/137/109
f 1284/188/81 1289/189/81 1288/190/81
f 1289/141/110 1286/149/110 1288/140/110
f 1287/154/83 1282/144/83 1286/149/83
f 1288/140/111 1282/145/111 1284/146/111
f 1285/147/112 1287/154/112 1289/141/112
f 1293/141/82 1290/149/82 1292/140/82
f 1294/138/113 1297/139/113 1296/137/113
f 1296/137/114 1301/141/114 1300/140/114
f 1301/141/115 1298/149/115 1300/140/115
f 1299/191/116 1294/157/116 1298/155/116
f 1296/146/117 1298/149/117 1294/145/117
f 1297/147/118 1299/154/118 1301/141/118
f 1302/138/113 1305/139/113 1304/137/113
f 1304/166/119 1309/192/119 1308/165/119
f 1309/141/115 1306/149/115 1308/140/115
f 1307/154/120 1302/144/120 1306/149/120
f 1308/140/117 1302/145/117 1304/146/117
f 1309/141/118 1303/153/118 1307/154/118
f 1311/136/80 1312/137/80 1310/138/80
f 1313/139/81 1316/140/81 1312/137/81
f 1317/141/82 1314/142/82 1316/140/82
f 1314/142/83 1311/143/83 1310/144/83
f 1316/140/84 1310/145/84 1312/146/84
f 1313/147/85 1315/148/85 1317/141/85
f 1319/136/99 1320/137/99 1318/138/99
f 1322/138/121 1325/139/121 1324/137/121
f 1324/188/122 1329/189/122 1328/190/122
f 1329/141/123 1326/149/123 1328/140/123
f 1327/154/124 1322/144/124 1326/149/124
f 1324/146/125 1326/149/125 1322/145/125
f 1325/147/126 1327/154/126 1329/141/126
f 1331/136/80 1332/137/80 1330/138/80
f 1333/139/81 1336/140/81 1332/137/81
f 1337/141/82 1334/142/82 1336/140/82
f 1334/142/83 1331/143/83 1330/144/83
f 1336/140/84 1330/145/84 1332/146/84
f 1333/147/85 1335/148/85 1337/141/85
f 1339/136/86 1340/137/86 1338/138/86
f 1341/139/87 1344/140/87 1340/137/87
f 1345/141/88 1342/149/88 1344/140/88
f 1342/150/89 1339/151/89 1338/152/89
f 1344/140/83 1338/145/83 1340/146/83
f 1345/141/81 1339/153/81 1343/154/81
f 1346/138/90 1349/139/90 1348/137/90
f 1349/139/91 1352/140/91 1348/137/91
f 1352/140/92 1351/154/92 1350/149/92
f 1350/155/93 1347/156/93 1346/157/93
f 1348/146/94 1350/149/94 1346/145/94
f 1349/147/95 1351/154/95 1353/141/95
f 1355/136/84 1356/137/84 1354/138/84
f 1357/139/82 1360/140/82 1356/137/82
f 1361/141/85 1358/149/85 1360/140/85
f 1358/158/80 1355/159/80 1354/160/80
f 1360/140/83 1354/145/83 1356/146/83
f 1357/147/81 1359/154/81 1361/141/81
f 1363/136/131 1364/137/131 1362/138/131
f 1365/161/82 1368/162/82 1364/163/82
f 1369/141/137 1366/149/137 1368/140/137
f 1366/149/80 1363/143/80 1362/144/80
f 1364/146/83 1366/149/83 1362/145/83
f 1365/147/81 1367/154/81 1369/141/81
f 1371/136/90 1372/137/90 1370/138/90
f 1373/164/97 1376/165/97 1372/166/97
f 1377/141/92 1374/149/92 1376/140/92
f 1374/149/98 1371/143/98 1370/144/98
f 1376/140/94 1370/145/94 1372/146/94
f 1377/141/130 1371/153/130 1375/154/130
f 1379/136/84 1380/137/84 1378/138/84
f 1381/167/82 1384/168/82 1380/169/82
f 1385/141/85 1382/149/85 1384/140/85
f 1382/149/80 1379/143/80 1378/144/80
f 1380/146/83 1382/149/83 1378/145/83
f 1381/147/81 1383/154/81 1385/141/81
f 1387/136/99 1388/137/99 1386/138/99
f 1395/170/100 1392/140/100 1394/171/100
f 1392/140/101 1391/154/101 1390/149/101
f 1396/172/102 1387/173/102 1386/174/102
f 1392/140/84 1396/175/84 1394/176/84
f 1389/147/128 1397/177/128 1395/178/128
f 1393/141/85 1397/177/85 1391/154/85
f 1388/179/84 1396/175/84 1386/180/84
f 1390/149/103 1397/181/103 1396/182/103
f 1389/139/104 1394/171/104 1388/137/104
f 1398/138/99 1401/139/99 1400/137/99
f 1407/170/105 1404/140/105 1406/171/105
f 1405/141/101 1402/149/101 1404/140/101
f 1408/182/106 1399/183/106 1398/184/106
f 1406/176/84 1402/149/84 1408/175/84
f 1407/178/138 1399/153/138 1409/177/138
f 1407/178/139 1403/154/139 1405/141/139
f 1406/176/84 1398/180/84 1400/179/84
f 1402/149/107 1409/181/107 1408/182/107
f 1401/185/108 1406/186/108 1400/187/108
f 1410/138/109 1413/139/109 1412/137/109
f 1412/188/81 1417/189/81 1416/190/81
f 1417/141/110 1414/149/110 1416/140/110
f 1415/154/83 1410/144/83 1414/149/83
f 1416/140/111 1410/145/111 1412/146/111
f 1413/147/112 1415/154/112 1417/141/112
f 1421/141/82 1418/149/82 1420/140/82
f 1422/138/113 1425/139/113 1424/137/113
f 1424/137/114 1429/141/114 1428/140/114
f 1429/141/115 1426/149/115 1428/140/115
f 1427/191/116 1422/157/116 1426/155/116
f 1424/146/117 1426/149/117 1422/145/117
f 1425/147/118 1427/154/118 1429/141/118
f 1430/138/113 1433/139/113 1432/137/113
f 1432/166/119 1437/192/119 1436/165/119
f 1437/141/115 1434/149/115 1436/140/115
f 1435/154/120 1430/144/120 1434/149/120
f 1436/140/117 1430/145/117 1432/146/117
f 1437/141/118 1431/153/118 1435/154/118
f 1439/136/80 1440/137/80 1438/138/80
f 1441/139/81 1444/140/81 1440/137/81
f 1445/141/82 1442/142/82 1444/140/82
f 1442/142/83 1439/143/83 1438/144/83
f 1444/140/84 1438/145/84 1440/146/84
f 1441/147/85 1443/148/85 1445/141/85
f 1447/136/99 1448/137/99 1446/138/99
f 1450/138/121 1453/139/121 1452/137/121
f 1452/188/122 1457/189/122 1456/190/122
f 1457/141/123 1454/149/123 1456/140/123
f 1455/154/124 1450/144/124 1454/149/124
f 1452/146/125 1454/149/125 1450/145/125
f 1453/147/126 1455/154/126 1457/141/126
f 1459/136/80 1460/137/80 1458/138/80
f 1461/139/81 1464/140/81 1460/137/81
f 1465/141/82 1462/142/82 1464/140/82
f 1462/142/83 1459/143/83 1458/144/83
f 1464/140/84 1458/145/84 1460/146/84
f 1461/147/85 1463/148/85 1465/141/85
f 1467/136/131 1468/137/131 1466/138/131
f 1469/139/87 1472/140/87 1468/137/87
f 1473/141/135 1470/149/135 1472/140/135
f 1470/150/89 1467/151/89 1466/152/89
f 1472/140/83 1466/145/83 1468/146/83
f 1473/141/81 1467/153/81 1471/154/81
f 1474/138/90 1477/139/90 1476/137/90
f 1477/139/91 1480/140/91 1476/137/91
f 1481/141/92 1478/149/92 1480/140/92
f 1478/155/93 1475/156/93 1474/157/93
f 1476/146/94 1478/149/94 1474/145/94
f 1477/147/95 1479/154/95 1481/141/95
f 1483/136/84 1484/137/84 1482/138/84
f 1485/139/82 1488/140/82 1484/137/82
f 1489/141/138 1486/149/138 1488/140/138
f 1486/158/80 1483/159/80 1482/160/80
f 1484/146/83 1486/149/83 1482/145/83
f 1485/147/81 1487/154/81 1489/141/81
f 1491/136/131 1492/137/131 1490/138/131
f 1493/161/82 1496/162/82 1492/163/82
f 1497/141/135 1494/149/135 1496/140/135
f 1494/149/80 1491/143/80 1490/144/80
f 1496/140/83 1490/145/83 1492/146/83
f 1493/147/81 1495/154/81 1497/141/81
f 1499/136/90 1500/137/90 1498/138/90
f 1501/164/97 1504/165/97 1500/166/97
f 1505/141/140 1502/149/140 1504/140/140
f 1502/149/98 1499/143/98 1498/144/98
f 1504/140/94 1498/145/94 1500/146/94
f 1505/141/130 1499/153/130 1503/154/130
f 1507/136/84 1508/137/84 1506/138/84
f 1509/167/82 1512/168/82 1508/169/82
f 1513/141/85 1510/149/85 1512/140/85
f 1510/149/80 1507/143/80 1506/144/80
f 1508/146/83 1510/149/83 1506/145/83
f 1513/141/81 1507/153/81 1511/154/81
f 1514/138/99 1517/139/99 1516/137/99
f 1523/170/100 1520/140/100 1522/171/100
f 1521/141/101 1518/149/101 1520/140/101
f 1524/172/102 1515/173/102 1514/174/102
f 1520/140/84 1524/175/84 1522/176/84
f 1517/147/128 1525/177/128 1523/178/128
f 1521/141/128 1525/177/128 1519/154/128
f 1516/179/84 1524/175/84 1514/180/84
f 1518/149/103 1525/181/103 1524/182/103
f 1517/139/104 1522/171/104 1516/137/104
f 1526/138/99 1529/139/99 1528/137/99
f 1535/170/105 1532/140/105 1534/171/105
f 1533/141/101 1530/149/101 1532/140/101
f 1536/182/106 1527/183/106 1526/184/106
f 1534/176/84 1530/149/84 1536/175/84
f 1535/178/85 1527/153/85 1537/177/85
f 1535/178/85 1531/154/85 1533/141/85
f 1534/176/84 1526/180/84 1528/179/84
f 1530/149/107 1537/181/107 1536/182/107
f 1529/185/108 1534/186/108 1528/187/108
f 1538/138/109 1541/139/109 1540/137/109
f 1540/188/81 1545/189/81 1544/190/81
f 1545/141/110 1542/149/110 1544/140/110
f 1543/154/83 1538/144/83 1542/149/83
f 1544/140/111 1538/145/111 1540/146/111
f 1541/147/112 1543/154/112 1545/141/112
f 1549/141/82 1546/149/82 1548/140/82
f 1550/138/113 1553/139/113 1552/137/113
f 1552/137/114 1557/141/114 1556/140/114
f 1556/140/141 1555/154/141 1554/149/141
f 1555/191/116 1550/157/116 1554/155/116
f 1552/146/117 1554/149/117 1550/145/117
f 1553/147/118 1555/154/118 1557/141/118
f 1558/138/113 1561/139/113 1560/137/113
f 1560/166/119 1565/192/119 1564/165/119
f 1565/141/141 1562/149/141 1564/140/141
f 1563/154/120 1558/144/120 1562/149/120
f 1564/140/117 1558/145/117 1560/146/117
f 1565/141/118 1559/153/118 1563/154/118
f 1567/136/80 1568/137/80 1566/138/80
f 1569/139/81 1572/140/81 1568/137/81
f 1573/141/82 1570/142/82 1572/140/82
f 1570/142/83 1567/143/83 1566/144/83
f 1572/140/84 1566/145/84 1568/146/84
f 1569/147/85 1571/148/85 1573/141/85
f 1574/138/99 1577/139/99 1576/137/99
f 1578/138/121 1581/139/121 1580/137/121
f 1580/188/122 1585/189/122 1584/190/122
f 1585/141/123 1582/149/123 1584/140/123
f 1583/154/124 1578/144/124 1582/149/124
f 1580/146/125 1582/149/125 1578/145/125
f 1581/147/126 1583/154/126 1585/141/126
f 1587/136/80 1588/137/80 1586/138/80
f 1589/139/81 1592/140/81 1588/137/81
f 1593/141/82 1590/142/82 1592/140/82
f 1590/142/83 1587/143/83 1586/144/83
f 1592/140/84 1586/145/84 1588/146/84
f 1589/147/85 1591/148/85 1593/141/85
f 1595/136/142 1596/137/142 1594/138/142
f 1597/139/87 1600/140/87 1596/137/87
f 1601/141/88 1598/149/88 1600/140/88
f 1598/150/89 1595/151/89 1594/152/89
f 1600/140/83 1594/145/83 1596/146/83
f 1601/141/81 1595/153/81 1599/154/81
f 1602/138/90 1605/139/90 1604/137/90
f 1605/139/91 1608/140/91 1604/137/91
f 1609/141/92 1606/149/92 1608/140/92
f 1606/155/93 1603/156/93 1602/157/93
f 1604/146/94 1606/149/94 1602/145/94
f 1605/147/95 1607/154/95 1609/141/95
f 1611/136/84 1612/137/84 1610/138/84
f 1613/139/82 1616/140/82 1612/137/82
f 1617/141/138 1614/149/138 1616/140/138
f 1614/158/80 1611/159/80 1610/160/80
f 1612/146/83 1614/149/83 1610/145/83
f 1613/147/81 1615/154/81 1617/141/81
f 1618/138/86 1621/139/86 1620/137/86
f 1621/161/82 1624/162/82 1620/163/82
f 1625/141/88 1622/149/88 1624/140/88
f 1622/149/80 1619/143/80 1618/144/80
f 1624/140/83 1618/145/83 1620/146/83
f 1621/147/81 1623/154/81 1625/141/81
f 1626/138/143 1629/139/143 1628/137/143
f 1629/164/97 1632/165/97 1628/166/97
f 1632/140/140 1631/154/140 1630/149/140
f 1630/149/98 1627/143/98 1626/144/98
f 1632/140/94 1626/145/94 1628/146/94
f 1633/141/130 1627/153/130 1631/154/130
f 1635/136/144 1636/137/144 1634/138/144
f 1637/167/82 1640/168/82 1636/169/82
f 1641/141/85 1638/149/85 1640/140/85
f 1638/149/80 1635/143/80 1634/144/80
f 1636/146/83 1638/149/83 1634/145/83
f 1641/141/81 1635/153/81 1639/154/81
f 1642/138/99 1645/139/99 1644/137/99
f 1651/170/100 1648/140/100 1650/171/100
f 1649/141/101 1646/149/101 1648/140/101
f 1652/172/102 1643/173/102 1642/174/102
f 1648/140/84 1652/175/84 1650/176/84
f 1645/147/85 1653/177/85 1651/178/85
f 1649/141/85 1653/177/85 1647/154/85
f 1644/179/84 1652/175/84 1642/180/84
f 1646/149/103 1653/181/103 1652/182/103
f 1645/139/104 1650/171/104 1644/137/104
f 1654/138/99 1657/139/99 1656/137/99
f 1663/170/105 1660/140/105 1662/171/105
f 1661/141/101 1658/149/101 1660/140/101
f 1664/182/106 1655/183/106 1654/184/106
f 1662/176/127 1658/149/127 1664/175/127
f 1663/178/138 1655/153/138 1665/177/138
f 1663/178/85 1659/154/85 1661/141/85
f 1662/176/84 1654/180/84 1656/179/84
f 1658/149/107 1665/181/107 1664/182/107
f 1657/185/108 1662/186/108 1656/187/108
f 1666/138/109 1669/139/109 1668/137/109
f 1668/188/81 1673/189/81 1672/190/81
f 1673/141/110 1670/149/110 1672/140/110
f 1671/154/83 1666/144/83 1670/149/83
f 1672/140/111 1666/145/111 1668/146/111
f 1669/147/112 1671/154/112 1673/141/112
f 1677/141/82 1674/149/82 1676/140/82
f 1678/138/145 1681/139/145 1680/137/145
f 1680/137/114 1685/141/114 1684/140/114
f 1684/140/134 1683/154/134 1682/149/134
f 1683/191/116 1678/157/116 1682/155/116
f 1680/146/117 1682/149/117 1678/145/117
f 1681/147/118 1683/154/118 1685/141/118
f 1686/138/113 1689/139/113 1688/137/113
f 1688/166/119 1693/192/119 1692/165/119
f 1693/141/134 1690/149/134 1692/140/134
f 1691/154/120 1686/144/120 1690/149/120
f 1692/140/117 1686/145/117 1688/146/117
f 1693/141/118 1687/153/118 1691/154/118
f 1695/136/80 1696/137/80 1694/138/80
f 1697/139/81 1700/140/81 1696/137/81
f 1701/141/82 1698/142/82 1700/140/82
f 1698/142/83 1695/143/83 1694/144/83
f 1700/140/84 1694/145/84 1696/146/84
f 1697/147/85 1699/148/85 1701/141/85
f 1702/138/99 1705/139/99 1704/137/99
f 1706/138/121 1709/139/121 1708/137/121
f 1708/188/122 1713/189/122 1712/190/122
f 1713/141/123 1710/149/123 1712/140/123
f 1711/154/124 1706/144/124 1710/149/124
f 1708/146/125 1710/149/125 1706/145/125
f 1709/147/126 1711/154/126 1713/141/126
f 1715/136/80 1716/137/80 1714/138/80
f 1717/139/81 1720/140/81 1716/137/81
f 1721/141/82 1718/142/82 1720/140/82
f 1718/142/83 1715/143/83 1714/144/83
f 1720/140/84 1714/145/84 1716/146/84
f 1717/147/85 1719/148/85 1721/141/85
f 1723/136/86 1724/137/86 1722/138/86
f 1725/139/87 1728/140/87 1724/137/87
f 1729/141/88 1726/149/88 1728/140/88
f 1726/150/89 1723/151/89 1722/152/89
f 1728/140/83 1722/145/83 1724/146/83
f 1729/141/81 1723/153/81 1727/154/81
f 1730/138/90 1733/139/90 1732/137/90
f 1733/139/91 1736/140/91 1732/137/91
f 1737/141/92 1734/149/92 1736/140/92
f 1734/155/93 1731/156/93 1730/157/93
f 1732/146/94 1734/149/94 1730/145/94
f 1733/147/95 1735/154/95 1737/141/95
f 1739/136/84 1740/137/84 1738/138/84
f 1741/139/82 1744/140/82 1740/137/82
f 1745/141/138 1742/149/138 1744/140/138
f 1742/158/80 1739/159/80 1738/160/80
f 1740/146/83 1742/149/83 1738/145/83
f 1741/147/81 1743/154/81 1745/141/81
f 1746/138/86 1749/139/86 1748/137/86
f 1749/161/82 1752/162/82 1748/163/82
f 1753/141/88 1750/149/88 1752/140/88
f 1750/149/80 1747/143/80 1746/144/80
f 1752/140/83 1746/145/83 1748/146/83
f 1749/147/81 1751/154/81 1753/141/81
f 1754/138/90 1757/139/90 1756/137/90
f 1757/164/97 1760/165/97 1756/166/97
f 1760/140/140 1759/154/140 1758/149/140
f 1758/149/98 1755/143/98 1754/144/98
f 1760/140/94 1754/145/94 1756/146/94
f 1761/141/130 1755/153/130 1759/154/130
f 1763/136/144 1764/137/144 1762/138/144
f 1765/167/82 1768/168/82 1764/169/82
f 1769/141/85 1766/149/85 1768/140/85
f 1766/149/80 1763/143/80 1762/144/80
f 1764/146/83 1766/149/83 1762/145/83
f 1769/141/81 1763/153/81 1767/154/81
f 1770/138/99 1773/139/99 1772/137/99
f 1779/170/100 1776/140/100 1778/171/100
f 1777/141/101 1774/149/101 1776/140/101
f 1780/172/102 1771/173/102 1770/174/102
f 1776/140/127 1780/175/127 1778/176/127
f 1773/147/85 1781/177/85 1779/178/85
f 1777/141/85 1781/177/85 1775/154/85
f 1772/179/146 1780/175/146 1770/180/146
f 1774/149/103 1781/181/103 1780/182/103
f 1773/139/104 1778/171/104 1772/137/104
f 1782/138/99 1785/139/99 1784/137/99
f 1791/170/105 1788/140/105 1790/171/105
f 1789/141/101 1786/149/101 1788/140/101
f 1792/182/106 1783/183/106 1782/184/106
f 1790/176/84 1786/149/84 1792/175/84
f 1791/178/85 1783/153/85 1793/177/85
f 1791/178/139 1787/154/139 1789/141/139
f 1790/176/84 1782/180/84 1784/179/84
f 1786/149/107 1793/181/107 1792/182/107
f 1785/185/108 1790/186/108 1784/187/108
f 1794/138/109 1797/139/109 1796/137/109
f 1796/188/81 1801/189/81 1800/190/81
f 1801/141/110 1798/149/110 1800/140/110
f 1799/154/83 1794/144/83 1798/149/83
f 1800/140/111 1794/145/111 1796/146/111
f 1797/147/112 1799/154/112 1801/141/112
f 1805/141/82 1802/149/82 1804/140/82
f 1806/138/113 1809/139/113 1808/137/113
f 1808/137/114 1813/141/114 1812/140/114
f 1812/140/134 1811/154/134 1810/149/134
f 1811/191/116 1806/157/116 1810/155/116
f 1808/146/147 1810/149/147 1806/145/147
f 1809/147/118 1811/154/118 1813/141/118
f 1814/138/113 1817/139/113 1816/137/113
f 1816/166/119 1821/192/119 1820/165/119
f 1821/141/115 1818/149/115 1820/140/115
f 1819/154/120 1814/144/120 1818/149/120
f 1820/140/117 1814/145/117 1816/146/117
f 1821/141/148 1815/153/148 1819/154/148
f 1823/136/80 1824/137/80 1822/138/80
f 1825/139/81 1828/140/81 1824/137/81
f 1829/141/82 1826/142/82 1828/140/82
f 1826/142/83 1823/143/83 1822/144/83
f 1828/140/84 1822/145/84 1824/146/84
f 1825/147/85 1827/148/85 1829/141/85
f 1830/138/99 1833/139/99 1832/137/99
f 1834/138/121 1837/139/121 1836/137/121
f 1836/188/122 1841/189/122 1840/190/122
f 1841/141/123 1838/149/123 1840/140/123
f 1839/154/124 1834/144/124 1838/149/124
f 1836/146/125 1838/149/125 1834/145/125
f 1837/147/126 1839/154/126 1841/141/126
f 179/136/80 181/139/80 180/137/80
f 181/139/81 185/141/81 184/140/81
f 185/141/82 183/148/82 182/142/82
f 182/142/83 183/148/83 179/143/83
f 184/140/84 182/142/84 178/145/84
f 181/147/85 179/153/85 183/148/85
f 187/136/86 189/139/86 188/137/86
f 189/139/87 193/141/87 192/140/87
f 193/141/88 191/154/88 190/149/88
f 190/150/89 191/193/89 187/151/89
f 192/140/83 190/149/83 186/145/83
f 193/141/81 189/147/81 187/153/81
f 194/138/90 195/136/90 197/139/90
f 197/139/149 201/141/149 200/140/149
f 201/141/92 199/154/92 198/149/92
f 198/155/150 199/191/150 195/156/150
f 196/146/94 200/140/94 198/149/94
f 197/147/95 195/153/95 199/154/95
f 203/136/127 205/139/127 204/137/127
f 205/139/82 209/141/82 208/140/82
f 209/141/85 207/154/85 206/149/85
f 206/158/80 207/194/80 203/159/80
f 204/146/83 208/140/83 206/149/83
f 205/147/81 203/153/81 207/154/81
f 210/138/86 211/136/86 213/139/86
f 213/161/82 217/195/82 216/162/82
f 217/141/88 215/154/88 214/149/88
f 214/149/80 215/154/80 211/143/80
f 212/146/83 216/140/83 214/149/83
f 213/147/81 211/153/81 215/154/81
f 218/138/90 219/136/90 221/139/90
f 221/164/151 225/192/151 224/165/151
f 225/141/92 223/154/92 222/149/92
f 222/149/152 223/154/152 219/143/152
f 224/140/94 222/149/94 218/145/94
f 225/141/95 221/147/95 219/153/95
f 227/136/84 229/139/84 228/137/84
f 229/167/82 233/196/82 232/168/82
f 233/141/85 231/154/85 230/149/85
f 230/149/80 231/154/80 227/143/80
f 228/146/83 232/140/83 230/149/83
f 229/147/81 227/153/81 231/154/81
f 234/138/99 235/136/99 237/139/99
f 243/170/100 241/141/100 240/140/100
f 240/140/101 241/141/101 239/154/101
f 244/172/102 245/197/102 235/173/102
f 240/140/84 238/149/84 244/175/84
f 237/147/85 235/153/85 245/177/85
f 241/141/85 243/178/85 245/177/85
f 236/179/84 242/176/84 244/175/84
f 238/149/103 239/154/103 245/181/103
f 237/139/104 243/170/104 242/171/104
f 246/138/99 247/136/99 249/139/99
f 255/170/105 253/141/105 252/140/105
f 252/140/101 253/141/101 251/154/101
f 256/182/106 257/181/106 247/183/106
f 254/176/84 252/140/84 250/149/84
f 255/178/85 249/147/85 247/153/85
f 255/178/85 257/177/85 251/154/85
f 254/176/84 256/175/84 246/180/84
f 250/149/107 251/154/107 257/181/107
f 249/185/108 255/198/108 254/186/108
f 258/138/109 259/136/109 261/139/109
f 260/188/81 261/199/81 265/189/81
f 265/141/110 263/154/110 262/149/110
f 263/154/83 259/143/83 258/144/83
f 260/146/111 264/140/111 262/149/111
f 261/147/112 259/153/112 263/154/112
f 269/141/82 267/154/82 266/149/82
f 270/138/113 271/136/113 273/139/113
f 272/137/153 273/139/153 277/141/153
f 277/141/115 275/154/115 274/149/115
f 275/191/154 271/156/154 270/157/154
f 272/146/117 276/140/117 274/149/117
f 273/147/118 271/153/118 275/154/118
f 278/138/113 279/136/113 281/139/113
f 280/166/155 281/164/155 285/192/155
f 285/141/115 283/154/115 282/149/115
f 283/154/156 279/143/156 278/144/156
f 284/140/117 282/149/117 278/145/117
f 285/141/118 281/147/118 279/153/118
f 287/136/80 289/139/80 288/137/80
f 289/139/81 293/141/81 292/140/81
f 293/141/82 291/148/82 290/142/82
f 290/142/83 291/148/83 287/143/83
f 292/140/84 290/142/84 286/145/84
f 289/147/85 287/153/85 291/148/85
f 294/138/99 295/136/99 297/139/99
f 298/138/121 299/136/121 301/139/121
f 300/188/157 301/199/157 305/189/157
f 305/141/123 303/154/123 302/149/123
f 303/154/158 299/143/158 298/144/158
f 300/146/159 304/140/159 302/149/159
f 301/147/160 299/153/160 303/154/160
f 307/136/80 309/139/80 308/137/80
f 309/139/81 313/141/81 312/140/81
f 313/141/82 311/148/82 310/142/82
f 310/142/83 311/148/83 307/143/83
f 312/140/84 310/142/84 306/145/84
f 309/147/85 307/153/85 311/148/85
f 315/136/86 317/139/86 316/137/86
f 317/139/87 321/141/87 320/140/87
f 320/140/88 321/141/88 319/154/88
f 318/150/89 319/193/89 315/151/89
f 320/140/83 318/149/83 314/145/83
f 321/141/81 317/147/81 315/153/81
f 322/138/90 323/136/90 325/139/90
f 325/139/149 329/141/149 328/140/149
f 329/141/92 327/154/92 326/149/92
f 326/155/150 327/191/150 323/156/150
f 324/146/94 328/140/94 326/149/94
f 325/147/95 323/153/95 327/154/95
f 331/136/84 333/139/84 332/137/84
f 333/139/82 337/141/82 336/140/82
f 337/141/85 335/154/85 334/149/85
f 334/158/80 335/194/80 331/159/80
f 332/146/83 336/140/83 334/149/83
f 333/147/81 331/153/81 335/154/81
f 339/136/86 341/139/86 340/137/86
f 341/161/82 345/195/82 344/162/82
f 345/141/88 343/154/88 342/149/88
f 342/149/80 343/154/80 339/143/80
f 340/146/83 344/140/83 342/149/83
f 341/147/81 339/153/81 343/154/81
f 346/138/90 347/136/90 349/139/90
f 349/164/151 353/192/151 352/165/151
f 353/141/92 351/154/92 350/149/92
f 350/149/152 351/154/152 347/143/152
f 352/140/94 350/149/94 346/145/94
f 353/141/95 349/147/95 347/153/95
f 355/136/84 357/139/84 356/137/84
f 357/167/82 361/196/82 360/168/82
f 361/141/85 359/154/85 358/149/85
f 358/149/80 359/154/80 355/143/80
f 356/146/83 360/140/83 358/149/83
f 357/147/81 355/153/81 359/154/81
f 362/138/99 363/136/99 365/139/99
f 371/170/100 369/141/100 368/140/100
f 368/140/101 369/141/101 367/154/101
f 372/172/102 373/197/102 363/173/102
f 368/140/84 366/149/84 372/175/84
f 365/147/85 363/153/85 373/177/85
f 369/141/85 371/178/85 373/177/85
f 364/179/84 370/176/84 372/175/84
f 366/149/103 367/154/103 373/181/103
f 365/139/104 371/170/104 370/171/104
f 374/138/99 375/136/99 377/139/99
f 383/170/105 381/141/105 380/140/105
f 380/140/101 381/141/101 379/154/101
f 384/182/106 385/181/106 375/183/106
f 382/176/84 380/140/84 378/149/84
f 383/178/85 377/147/85 375/153/85
f 383/178/85 385/177/85 379/154/85
f 382/176/84 384/175/84 374/180/84
f 378/149/107 379/154/107 385/181/107
f 377/185/108 383/198/108 382/186/108
f 386/138/109 387/136/109 389/139/109
f 388/188/81 389/199/81 393/189/81
f 393/141/110 391/154/110 390/149/110
f 391/154/83 387/143/83 386/144/83
f 388/146/111 392/140/111 390/149/111
f 389/147/112 387/153/112 391/154/112
f 397/141/82 395/154/82 394/149/82
f 398/138/113 399/136/113 401/139/113
f 400/137/153 401/139/153 405/141/153
f 405/141/115 403/154/115 402/149/115
f 403/191/154 399/156/154 398/157/154
f 400/146/117 404/140/117 402/149/117
f 401/147/118 399/153/118 403/154/118
f 406/138/113 407/136/113 409/139/113
f 408/166/155 409/164/155 413/192/155
f 413/141/115 411/154/115 410/149/115
f 411/154/156 407/143/156 406/144/156
f 412/140/117 410/149/117 406/145/117
f 413/141/118 409/147/118 407/153/118
f 415/136/80 417/139/80 416/137/80
f 417/139/81 421/141/81 420/140/81
f 421/141/82 419/148/82 418/142/82
f 418/142/83 419/148/83 415/143/83
f 420/140/84 418/142/84 414/145/84
f 417/147/85 415/153/85 419/148/85
f 422/138/99 423/136/99 425/139/99
f 426/138/121 427/136/121 429/139/121
f 428/188/157 429/199/157 433/189/157
f 433/141/123 431/154/123 430/149/123
f 431/154/158 427/143/158 426/144/158
f 428/146/159 432/140/159 430/149/159
f 429/147/160 427/153/160 431/154/160
f 435/136/80 437/139/80 436/137/80
f 437/139/81 441/141/81 440/140/81
f 441/141/82 439/148/82 438/142/82
f 438/142/83 439/148/83 435/143/83
f 440/140/84 438/142/84 434/145/84
f 437/147/85 435/153/85 439/148/85
f 443/136/86 445/139/86 444/137/86
f 445/139/87 449/141/87 448/140/87
f 448/140/88 449/141/88 447/154/88
f 446/150/89 447/193/89 443/151/89
f 448/140/83 446/149/83 442/145/83
f 449/141/81 445/147/81 443/153/81
f 450/138/90 451/136/90 453/139/90
f 453/139/149 457/141/149 456/140/149
f 457/141/92 455/154/92 454/149/92
f 454/155/150 455/191/150 451/156/150
f 452/146/94 456/140/94 454/149/94
f 453/147/95 451/153/95 455/154/95
f 459/136/84 461/139/84 460/137/84
f 461/139/82 465/141/82 464/140/82
f 465/141/85 463/154/85 462/149/85
f 462/158/80 463/194/80 459/159/80
f 460/146/83 464/140/83 462/149/83
f 461/147/81 459/153/81 463/154/81
f 466/138/86 467/136/86 469/139/86
f 469/161/82 473/195/82 472/162/82
f 473/141/88 471/154/88 470/149/88
f 470/149/80 471/154/80 467/143/80
f 472/140/83 470/149/83 466/145/83
f 469/147/81 467/153/81 471/154/81
f 474/138/90 475/136/90 477/139/90
f 477/164/151 481/192/151 480/165/151
f 480/140/92 481/141/92 479/154/92
f 478/149/152 479/154/152 475/143/152
f 480/140/94 478/149/94 474/145/94
f 481/141/95 477/147/95 475/153/95
f 483/136/84 485/139/84 484/137/84
f 485/167/82 489/196/82 488/168/82
f 489/141/85 487/154/85 486/149/85
f 486/149/80 487/154/80 483/143/80
f 484/146/83 488/140/83 486/149/83
f 485/147/81 483/153/81 487/154/81
f 490/138/99 491/136/99 493/139/99
f 499/170/100 497/141/100 496/140/100
f 497/141/101 495/154/101 494/149/101
f 500/172/102 501/197/102 491/173/102
f 496/140/84 494/149/84 500/175/84
f 493/147/85 491/153/85 501/177/85
f 497/141/85 499/178/85 501/177/85
f 492/179/84 498/176/84 500/175/84
f 494/149/103 495/154/103 501/181/103
f 493/139/104 499/170/104 498/171/104
f 502/138/99 503/136/99 505/139/99
f 511/170/105 509/141/105 508/140/105
f 508/140/101 509/141/101 507/154/101
f 512/182/106 513/181/106 503/183/106
f 510/176/84 508/140/84 506/149/84
f 511/178/85 505/147/85 503/153/85
f 511/178/85 513/177/85 507/154/85
f 510/176/84 512/175/84 502/180/84
f 506/149/107 507/154/107 513/181/107
f 505/185/108 511/198/108 510/186/108
f 514/138/109 515/136/109 517/139/109
f 516/188/81 517/199/81 521/189/81
f 521/141/110 519/154/110 518/149/110
f 519/154/83 515/143/83 514/144/83
f 516/146/111 520/140/111 518/149/111
f 517/147/112 515/153/112 519/154/112
f 525/141/82 523/154/82 522/149/82
f 526/138/113 527/136/113 529/139/113
f 528/137/153 529/139/153 533/141/153
f 533/141/115 531/154/115 530/149/115
f 531/191/154 527/156/154 526/157/154
f 528/146/117 532/140/117 530/149/117
f 529/147/118 527/153/118 531/154/118
f 534/138/113 535/136/113 537/139/113
f 536/166/155 537/164/155 541/192/155
f 541/141/115 539/154/115 538/149/115
f 539/154/156 535/143/156 534/144/156
f 540/140/117 538/149/117 534/145/117
f 541/141/118 537/147/118 535/153/118
f 543/136/80 545/139/80 544/137/80
f 545/139/81 549/141/81 548/140/81
f 549/141/82 547/148/82 546/142/82
f 546/142/83 547/148/83 543/143/83
f 548/140/84 546/142/84 542/145/84
f 545/147/85 543/153/85 547/148/85
f 550/138/99 551/136/99 553/139/99
f 554/138/121 555/136/121 557/139/121
f 556/188/157 557/199/157 561/189/157
f 561/141/123 559/154/123 558/149/123
f 559/154/158 555/143/158 554/144/158
f 556/146/159 560/140/159 558/149/159
f 557/147/160 555/153/160 559/154/160
f 563/136/80 565/139/80 564/137/80
f 565/139/81 569/141/81 568/140/81
f 569/141/82 567/148/82 566/142/82
f 566/142/83 567/148/83 563/143/83
f 568/140/84 566/142/84 562/145/84
f 565/147/85 563/153/85 567/148/85
f 571/136/86 573/139/86 572/137/86
f 573/139/87 577/141/87 576/140/87
f 576/140/88 577/141/88 575/154/88
f 574/150/89 575/193/89 571/151/89
f 576/140/83 574/149/83 570/145/83
f 577/141/81 573/147/81 571/153/81
f 578/138/90 579/136/90 581/139/90
f 581/139/149 585/141/149 584/140/149
f 585/141/92 583/154/92 582/149/92
f 582/155/150 583/191/150 579/156/150
f 580/146/94 584/140/94 582/149/94
f 581/147/95 579/153/95 583/154/95
f 587/136/127 589/139/127 588/137/127
f 589/139/82 593/141/82 592/140/82
f 593/141/85 591/154/85 590/149/85
f 590/158/80 591/194/80 587/159/80
f 588/146/83 592/140/83 590/149/83
f 589/147/81 587/153/81 591/154/81
f 594/138/86 595/136/86 597/139/86
f 597/161/82 601/195/82 600/162/82
f 601/141/88 599/154/88 598/149/88
f 598/149/80 599/154/80 595/143/80
f 596/146/83 600/140/83 598/149/83
f 597/147/81 595/153/81 599/154/81
f 602/138/90 603/136/90 605/139/90
f 605/164/151 609/192/151 608/165/151
f 609/141/92 607/154/92 606/149/92
f 606/149/152 607/154/152 603/143/152
f 608/140/94 606/149/94 602/145/94
f 609/141/95 605/147/95 603/153/95
f 611/136/84 613/139/84 612/137/84
f 613/167/82 617/196/82 616/168/82
f 617/141/128 615/154/128 614/149/128
f 614/149/80 615/154/80 611/143/80
f 612/146/83 616/140/83 614/149/83
f 613/147/81 611/153/81 615/154/81
f 618/138/99 619/136/99 621/139/99
f 627/170/100 625/141/100 624/140/100
f 624/140/101 625/141/101 623/154/101
f 628/172/102 629/197/102 619/173/102
f 624/140/84 622/149/84 628/175/84
f 621/147/139 619/153/139 629/177/139
f 625/141/85 627/178/85 629/177/85
f 620/179/84 626/176/84 628/175/84
f 622/149/103 623/154/103 629/181/103
f 621/139/104 627/170/104 626/171/104
f 630/138/99 631/136/99 633/139/99
f 639/170/105 637/141/105 636/140/105
f 637/141/101 635/154/101 634/149/101
f 640/182/106 641/181/106 631/183/106
f 638/176/84 636/140/84 634/149/84
f 639/178/85 633/147/85 631/153/85
f 639/178/85 641/177/85 635/154/85
f 638/176/84 640/175/84 630/180/84
f 634/149/107 635/154/107 641/181/107
f 633/185/108 639/198/108 638/186/108
f 642/138/109 643/136/109 645/139/109
f 644/188/81 645/199/81 649/189/81
f 649/141/110 647/154/110 646/149/110
f 647/154/83 643/143/83 642/144/83
f 644/146/111 648/140/111 646/149/111
f 645/147/112 643/153/112 647/154/112
f 653/141/82 651/154/82 650/149/82
f 654/138/113 655/136/113 657/139/113
f 656/137/153 657/139/153 661/141/153
f 661/141/115 659/154/115 658/149/115
f 659/191/154 655/156/154 654/157/154
f 656/146/117 660/140/117 658/149/117
f 657/147/118 655/153/118 659/154/118
f 662/138/113 663/136/113 665/139/113
f 664/166/155 665/164/155 669/192/155
f 669/141/115 667/154/115 666/149/115
f 667/154/156 663/143/156 662/144/156
f 668/140/117 666/149/117 662/145/117
f 669/141/118 665/147/118 663/153/118
f 671/136/80 673/139/80 672/137/80
f 673/139/81 677/141/81 676/140/81
f 677/141/82 675/148/82 674/142/82
f 674/142/83 675/148/83 671/143/83
f 676/140/84 674/142/84 670/145/84
f 673/147/85 671/153/85 675/148/85
f 678/138/99 679/136/99 681/139/99
f 682/138/121 683/136/121 685/139/121
f 684/188/157 685/199/157 689/189/157
f 689/141/161 687/154/161 686/149/161
f 687/154/158 683/143/158 682/144/158
f 684/146/159 688/140/159 686/149/159
f 685/147/160 683/153/160 687/154/160
f 691/136/80 693/139/80 692/137/80
f 693/139/81 697/141/81 696/140/81
f 697/141/82 695/148/82 694/142/82
f 694/142/83 695/148/83 691/143/83
f 696/140/84 694/142/84 690/145/84
f 693/147/85 691/153/85 695/148/85
f 699/136/86 701/139/86 700/137/86
f 701/139/87 705/141/87 704/140/87
f 704/140/88 705/141/88 703/154/88
f 702/150/89 703/193/89 699/151/89
f 704/140/83 702/149/83 698/145/83
f 705/141/81 701/147/81 699/153/81
f 706/138/90 707/136/90 709/139/90
f 709/139/149 713/141/149 712/140/149
f 712/140/92 713/141/92 711/154/92
f 710/155/150 711/191/150 707/156/150
f 708/146/94 712/140/94 710/149/94
f 709/147/95 707/153/95 711/154/95
f 715/136/84 717/139/84 716/137/84
f 717/139/82 721/141/82 720/140/82
f 721/141/85 719/154/85 718/149/85
f 718/158/80 719/194/80 715/159/80
f 716/146/83 720/140/83 718/149/83
f 717/147/81 715/153/81 719/154/81
f 723/136/86 725/139/86 724/137/86
f 725/161/82 729/195/82 728/162/82
f 729/141/88 727/154/88 726/149/88
f 726/149/80 727/154/80 723/143/80
f 724/146/83 728/140/83 726/149/83
f 725/147/81 723/153/81 727/154/81
f 730/138/90 731/136/90 733/139/90
f 733/164/151 737/192/151 736/165/151
f 736/140/92 737/141/92 735/154/92
f 734/149/152 735/154/152 731/143/152
f 736/140/94 734/149/94 730/145/94
f 737/141/95 733/147/95 731/153/95
f 739/136/84 741/139/84 740/137/84
f 741/167/82 745/196/82 744/168/82
f 745/141/128 743/154/128 742/149/128
f 742/149/80 743/154/80 739/143/80
f 740/146/83 744/140/83 742/149/83
f 741/147/81 739/153/81 743/154/81
f 746/138/99 747/136/99 749/139/99
f 755/170/100 753/141/100 752/140/100
f 752/140/101 753/141/101 751/154/101
f 756/172/102 757/197/102 747/173/102
f 752/140/84 750/149/84 756/175/84
f 749/147/139 747/153/139 757/177/139
f 753/141/85 755/178/85 757/177/85
f 748/179/84 754/176/84 756/175/84
f 750/149/103 751/154/103 757/181/103
f 749/139/104 755/170/104 754/171/104
f 758/138/99 759/136/99 761/139/99
f 767/170/105 765/141/105 764/140/105
f 765/141/101 763/154/101 762/149/101
f 768/182/106 769/181/106 759/183/106
f 766/176/84 764/140/84 762/149/84
f 767/178/85 761/147/85 759/153/85
f 767/178/85 769/177/85 763/154/85
f 766/176/84 768/175/84 758/180/84
f 762/149/107 763/154/107 769/181/107
f 761/185/108 767/198/108 766/186/108
f 770/138/109 771/136/109 773/139/109
f 772/188/81 773/199/81 777/189/81
f 777/141/110 775/154/110 774/149/110
f 775/154/83 771/143/83 770/144/83
f 776/140/111 774/149/111 770/145/111
f 773/147/112 771/153/112 775/154/112
f 781/141/82 779/154/82 778/149/82
f 782/138/113 783/136/113 785/139/113
f 784/137/153 785/139/153 789/141/153
f 789/141/115 787/154/115 786/149/115
f 787/191/154 783/156/154 782/157/154
f 784/146/117 788/140/117 786/149/117
f 785/147/118 783/153/118 787/154/118
f 790/138/113 791/136/113 793/139/113
f 792/166/155 793/164/155 797/192/155
f 797/141/115 795/154/115 794/149/115
f 795/154/156 791/143/156 790/144/156
f 796/140/117 794/149/117 790/145/117
f 797/141/118 793/147/118 791/153/118
f 799/136/80 801/139/80 800/137/80
f 801/139/81 805/141/81 804/140/81
f 805/141/82 803/148/82 802/142/82
f 802/142/83 803/148/83 799/143/83
f 804/140/84 802/142/84 798/145/84
f 801/147/85 799/153/85 803/148/85
f 806/138/99 807/136/99 809/139/99
f 810/138/121 811/136/121 813/139/121
f 812/188/157 813/199/157 817/189/157
f 817/141/161 815/154/161 814/149/161
f 815/154/158 811/143/158 810/144/158
f 812/146/159 816/140/159 814/149/159
f 813/147/160 811/153/160 815/154/160
f 819/136/80 821/139/80 820/137/80
f 821/139/81 825/141/81 824/140/81
f 825/141/82 823/148/82 822/142/82
f 822/142/83 823/148/83 819/143/83
f 824/140/84 822/142/84 818/145/84
f 821/147/85 819/153/85 823/148/85
f 827/136/86 829/139/86 828/137/86
f 829/139/87 833/141/87 832/140/87
f 833/141/88 831/154/88 830/149/88
f 830/150/89 831/193/89 827/151/89
f 832/140/83 830/149/83 826/145/83
f 833/141/81 829/147/81 827/153/81
f 834/138/90 835/136/90 837/139/90
f 837/139/149 841/141/149 840/140/149
f 840/140/92 841/141/92 839/154/92
f 838/155/150 839/191/150 835/156/150
f 836/146/94 840/140/94 838/149/94
f 837/147/95 835/153/95 839/154/95
f 843/136/84 845/139/84 844/137/84
f 845/139/82 849/141/82 848/140/82
f 849/141/85 847/154/85 846/149/85
f 846/158/80 847/194/80 843/159/80
f 844/146/83 848/140/83 846/149/83
f 845/147/81 843/153/81 847/154/81
f 851/136/86 853/139/86 852/137/86
f 853/161/82 857/195/82 856/162/82
f 857/141/88 855/154/88 854/149/88
f 854/149/80 855/154/80 851/143/80
f 852/146/83 856/140/83 854/149/83
f 853/147/81 851/153/81 855/154/81
f 859/136/90 861/139/90 860/137/90
f 861/164/151 865/192/151 864/165/151
f 865/141/92 863/154/92 862/149/92
f 862/149/152 863/154/152 859/143/152
f 864/140/94 862/149/94 858/145/94
f 865/141/95 861/147/95 859/153/95
f 867/136/84 869/139/84 868/137/84
f 869/167/82 873/196/82 872/168/82
f 873/141/128 871/154/128 870/149/128
f 870/149/80 871/154/80 867/143/80
f 868/146/83 872/140/83 870/149/83
f 869/147/81 867/153/81 871/154/81
f 875/136/99 877/139/99 876/137/99
f 883/170/100 881/141/100 880/140/100
f 880/140/101 881/141/101 879/154/101
f 884/172/102 885/197/102 875/173/102
f 880/140/84 878/149/84 884/175/84
f 877/147/139 875/153/139 885/177/139
f 881/141/128 883/178/128 885/177/128
f 876/179/127 882/176/127 884/175/127
f 878/149/103 879/154/103 885/181/103
f 877/139/104 883/170/104 882/171/104
f 886/138/99 887/136/99 889/139/99
f 895/170/105 893/141/105 892/140/105
f 893/141/101 891/154/101 890/149/101
f 896/182/106 897/181/106 887/183/106
f 894/176/132 892/140/132 890/149/132
f 895/178/85 889/147/85 887/153/85
f 895/178/85 897/177/85 891/154/85
f 894/176/84 896/175/84 886/180/84
f 890/149/107 891/154/107 897/181/107
f 889/185/108 895/198/108 894/186/108
f 898/138/109 899/136/109 901/139/109
f 900/188/81 901/199/81 905/189/81
f 905/141/110 903/154/110 902/149/110
f 903/154/83 899/143/83 898/144/83
f 904/140/111 902/149/111 898/145/111
f 901/147/112 899/153/112 903/154/112
f 909/141/82 907/154/82 906/149/82
f 910/138/113 911/136/113 913/139/113
f 912/137/153 913/139/153 917/141/153
f 917/141/115 915/154/115 914/149/115
f 915/191/154 911/156/154 910/157/154
f 912/146/117 916/140/117 914/149/117
f 913/147/118 911/153/118 915/154/118
f 918/138/113 919/136/113 921/139/113
f 920/166/155 921/164/155 925/192/155
f 925/141/115 923/154/115 922/149/115
f 923/154/156 919/143/156 918/144/156
f 924/140/117 922/149/117 918/145/117
f 925/141/118 921/147/118 919/153/118
f 927/136/80 929/139/80 928/137/80
f 929/139/81 933/141/81 932/140/81
f 933/141/82 931/148/82 930/142/82
f 930/142/83 931/148/83 927/143/83
f 932/140/84 930/142/84 926/145/84
f 929/147/85 927/153/85 931/148/85
f 935/136/99 937/139/99 936/137/99
f 938/138/121 939/136/121 941/139/121
f 940/188/157 941/199/157 945/189/157
f 945/141/161 943/154/161 942/149/161
f 943/154/158 939/143/158 938/144/158
f 940/146/159 944/140/159 942/149/159
f 941/147/160 939/153/160 943/154/160
f 947/136/80 949/139/80 948/137/80
f 949/139/81 953/141/81 952/140/81
f 953/141/82 951/148/82 950/142/82
f 950/142/83 951/148/83 947/143/83
f 952/140/84 950/142/84 946/145/84
f 949/147/85 947/153/85 951/148/85
f 955/136/131 957/139/131 956/137/131
f 957/139/87 961/141/87 960/140/87
f 961/141/88 959/154/88 958/149/88
f 958/150/89 959/193/89 955/151/89
f 960/140/83 958/149/83 954/145/83
f 961/141/81 957/147/81 955/153/81
f 962/138/90 963/136/90 965/139/90
f 965/139/149 969/141/149 968/140/149
f 969/141/92 967/154/92 966/149/92
f 966/155/150 967/191/150 963/156/150
f 964/146/162 968/140/162 966/149/162
f 965/147/95 963/153/95 967/154/95
f 971/136/127 973/139/127 972/137/127
f 973/139/82 977/141/82 976/140/82
f 977/141/85 975/154/85 974/149/85
f 974/158/80 975/194/80 971/159/80
f 976/140/83 974/149/83 970/145/83
f 973/147/81 971/153/81 975/154/81
f 978/138/96 979/136/96 981/139/96
f 981/161/82 985/195/82 984/162/82
f 985/141/88 983/154/88 982/149/88
f 982/149/80 983/154/80 979/143/80
f 980/146/83 984/140/83 982/149/83
f 981/147/81 979/153/81 983/154/81
f 987/136/143 989/139/143 988/137/143
f 989/164/151 993/192/151 992/165/151
f 993/141/92 991/154/92 990/149/92
f 990/149/152 991/154/152 987/143/152
f 992/140/94 990/149/94 986/145/94
f 993/141/163 989/147/163 987/153/163
f 995/136/84 997/139/84 996/137/84
f 997/167/82 1001/196/82 1000/168/82
f 1001/141/128 999/154/128 998/149/128
f 998/149/80 999/154/80 995/143/80
f 996/146/83 1000/140/83 998/149/83
f 997/147/81 995/153/81 999/154/81
f 1003/136/99 1005/139/99 1004/137/99
f 1011/170/100 1009/141/100 1008/140/100
f 1008/140/101 1009/141/101 1007/154/101
f 1012/172/102 1013/197/102 1003/173/102
f 1008/140/84 1006/149/84 1012/175/84
f 1005/147/136 1003/153/136 1013/177/136
f 1009/141/128 1011/178/128 1013/177/128
f 1004/179/127 1010/176/127 1012/175/127
f 1006/149/103 1007/154/103 1013/181/103
f 1005/139/104 1011/170/104 1010/171/104
f 1014/138/99 1015/136/99 1017/139/99
f 1023/170/105 1021/141/105 1020/140/105
f 1021/141/101 1019/154/101 1018/149/101
f 1024/182/106 1025/181/106 1015/183/106
f 1022/176/84 1020/140/84 1018/149/84
f 1023/178/85 1017/147/85 1015/153/85
f 1023/178/139 1025/177/139 1019/154/139
f 1022/176/127 1024/175/127 1014/180/127
f 1018/149/107 1019/154/107 1025/181/107
f 1017/185/108 1023/198/108 1022/186/108
f 1026/138/109 1027/136/109 1029/139/109
f 1028/188/81 1029/199/81 1033/189/81
f 1033/141/110 1031/154/110 1030/149/110
f 1031/154/83 1027/143/83 1026/144/83
f 1032/140/111 1030/149/111 1026/145/111
f 1029/147/112 1027/153/112 1031/154/112
f 1037/141/82 1035/154/82 1034/149/82
f 1038/138/113 1039/136/113 1041/139/113
f 1040/137/153 1041/139/153 1045/141/153
f 1045/141/134 1043/154/134 1042/149/134
f 1043/191/154 1039/156/154 1038/157/154
f 1040/146/117 1044/140/117 1042/149/117
f 1041/147/118 1039/153/118 1043/154/118
f 1046/138/113 1047/136/113 1049/139/113
f 1048/166/155 1049/164/155 1053/192/155
f 1053/141/115 1051/154/115 1050/149/115
f 1051/154/156 1047/143/156 1046/144/156
f 1052/140/117 1050/149/117 1046/145/117
f 1053/141/118 1049/147/118 1047/153/118
f 1055/136/80 1057/139/80 1056/137/80
f 1057/139/81 1061/141/81 1060/140/81
f 1061/141/82 1059/148/82 1058/142/82
f 1058/142/83 1059/148/83 1055/143/83
f 1060/140/84 1058/142/84 1054/145/84
f 1057/147/85 1055/153/85 1059/148/85
f 1063/136/99 1065/139/99 1064/137/99
f 1066/138/121 1067/136/121 1069/139/121
f 1068/188/157 1069/199/157 1073/189/157
f 1073/141/123 1071/154/123 1070/149/123
f 1071/154/158 1067/143/158 1066/144/158
f 1068/146/159 1072/140/159 1070/149/159
f 1069/147/160 1067/153/160 1071/154/160
f 1075/136/80 1077/139/80 1076/137/80
f 1077/139/81 1081/141/81 1080/140/81
f 1081/141/82 1079/148/82 1078/142/82
f 1078/142/83 1079/148/83 1075/143/83
f 1080/140/84 1078/142/84 1074/145/84
f 1077/147/85 1075/153/85 1079/148/85
f 1083/136/96 1085/139/96 1084/137/96
f 1085/139/87 1089/141/87 1088/140/87
f 1089/141/88 1087/154/88 1086/149/88
f 1086/150/89 1087/193/89 1083/151/89
f 1088/140/83 1086/149/83 1082/145/83
f 1089/141/81 1085/147/81 1083/153/81
f 1090/138/90 1091/136/90 1093/139/90
f 1093/139/149 1097/141/149 1096/140/149
f 1096/140/92 1097/141/92 1095/154/92
f 1094/155/150 1095/191/150 1091/156/150
f 1092/146/162 1096/140/162 1094/149/162
f 1093/147/95 1091/153/95 1095/154/95
f 1099/136/127 1101/139/127 1100/137/127
f 1101/139/82 1105/141/82 1104/140/82
f 1105/141/85 1103/154/85 1102/149/85
f 1102/158/80 1103/194/80 1099/159/80
f 1104/140/83 1102/149/83 1098/145/83
f 1101/147/81 1099/153/81 1103/154/81
f 1106/138/96 1107/136/96 1109/139/96
f 1109/161/82 1113/195/82 1112/162/82
f 1113/141/88 1111/154/88 1110/149/88
f 1110/149/80 1111/154/80 1107/143/80
f 1108/146/83 1112/140/83 1110/149/83
f 1109/147/81 1107/153/81 1111/154/81
f 1115/136/143 1117/139/143 1116/137/143
f 1117/164/151 1121/192/151 1120/165/151
f 1121/141/92 1119/154/92 1118/149/92
f 1118/149/152 1119/154/152 1115/143/152
f 1120/140/94 1118/149/94 1114/145/94
f 1121/141/163 1117/147/163 1115/153/163
f 1123/136/84 1125/139/84 1124/137/84
f 1125/167/82 1129/196/82 1128/168/82
f 1129/141/128 1127/154/128 1126/149/128
f 1126/149/80 1127/154/80 1123/143/80
f 1124/146/83 1128/140/83 1126/149/83
f 1125/147/81 1123/153/81 1127/154/81
f 1131/136/99 1133/139/99 1132/137/99
f 1139/170/100 1137/141/100 1136/140/100
f 1136/140/101 1137/141/101 1135/154/101
f 1140/172/102 1141/197/102 1131/173/102
f 1136/140/84 1134/149/84 1140/175/84
f 1133/147/136 1131/153/136 1141/177/136
f 1137/141/128 1139/178/128 1141/177/128
f 1132/179/84 1138/176/84 1140/175/84
f 1134/149/103 1135/154/103 1141/181/103
f 1133/139/104 1139/170/104 1138/171/104
f 1142/138/99 1143/136/99 1145/139/99
f 1151/170/105 1149/141/105 1148/140/105
f 1149/141/101 1147/154/101 1146/149/101
f 1152/182/106 1153/181/106 1143/183/106
f 1150/176/84 1148/140/84 1146/149/84
f 1151/178/139 1145/147/139 1143/153/139
f 1151/178/85 1153/177/85 1147/154/85
f 1150/176/127 1152/175/127 1142/180/127
f 1146/149/107 1147/154/107 1153/181/107
f 1145/185/108 1151/198/108 1150/186/108
f 1154/138/109 1155/136/109 1157/139/109
f 1156/188/81 1157/199/81 1161/189/81
f 1161/141/110 1159/154/110 1158/149/110
f 1159/154/83 1155/143/83 1154/144/83
f 1160/140/111 1158/149/111 1154/145/111
f 1157/147/112 1155/153/112 1159/154/112
f 1165/141/82 1163/154/82 1162/149/82
f 1166/138/113 1167/136/113 1169/139/113
f 1168/137/153 1169/139/153 1173/141/153
f 1173/141/115 1171/154/115 1170/149/115
f 1171/191/154 1167/156/154 1166/157/154
f 1168/146/117 1172/140/117 1170/149/117
f 1169/147/118 1167/153/118 1171/154/118
f 1174/138/113 1175/136/113 1177/139/113
f 1176/166/155 1177/164/155 1181/192/155
f 1181/141/164 1179/154/164 1178/149/164
f 1179/154/156 1175/143/156 1174/144/156
f 1180/140/117 1178/149/117 1174/145/117
f 1181/141/118 1177/147/118 1175/153/118
f 1183/136/80 1185/139/80 1184/137/80
f 1185/139/81 1189/141/81 1188/140/81
f 1189/141/82 1187/148/82 1186/142/82
f 1186/142/83 1187/148/83 1183/143/83
f 1188/140/84 1186/142/84 1182/145/84
f 1185/147/85 1183/153/85 1187/148/85
f 1191/136/99 1193/139/99 1192/137/99
f 1194/138/121 1195/136/121 1197/139/121
f 1196/188/157 1197/199/157 1201/189/157
f 1201/141/123 1199/154/123 1198/149/123
f 1199/154/158 1195/143/158 1194/144/158
f 1196/146/159 1200/140/159 1198/149/159
f 1197/147/160 1195/153/160 1199/154/160
f 1203/136/80 1205/139/80 1204/137/80
f 1205/139/81 1209/141/81 1208/140/81
f 1209/141/82 1207/148/82 1206/142/82
f 1206/142/83 1207/148/83 1203/143/83
f 1208/140/84 1206/142/84 1202/145/84
f 1205/147/85 1203/153/85 1207/148/85
f 1211/136/86 1213/139/86 1212/137/86
f 1213/139/87 1217/141/87 1216/140/87
f 1217/141/88 1215/154/88 1214/149/88
f 1214/150/89 1215/193/89 1211/151/89
f 1216/140/83 1214/149/83 1210/145/83
f 1217/141/81 1213/147/81 1211/153/81
f 1218/138/90 1219/136/90 1221/139/90
f 1221/139/149 1225/141/149 1224/140/149
f 1224/140/92 1225/141/92 1223/154/92
f 1222/155/150 1223/191/150 1219/156/150
f 1220/146/162 1224/140/162 1222/149/162
f 1221/147/95 1219/153/95 1223/154/95
f 1227/136/127 1229/139/127 1228/137/127
f 1229/139/82 1233/141/82 1232/140/82
f 1233/141/85 1231/154/85 1230/149/85
f 1230/158/80 1231/194/80 1227/159/80
f 1232/140/83 1230/149/83 1226/145/83
f 1229/147/81 1227/153/81 1231/154/81
f 1234/138/96 1235/136/96 1237/139/96
f 1237/161/82 1241/195/82 1240/162/82
f 1241/141/88 1239/154/88 1238/149/88
f 1238/149/80 1239/154/80 1235/143/80
f 1236/146/83 1240/140/83 1238/149/83
f 1237/147/81 1235/153/81 1239/154/81
f 1243/136/143 1245/139/143 1244/137/143
f 1245/164/151 1249/192/151 1248/165/151
f 1249/141/92 1247/154/92 1246/149/92
f 1246/149/152 1247/154/152 1243/143/152
f 1248/140/94 1246/149/94 1242/145/94
f 1249/141/163 1245/147/163 1243/153/163
f 1251/136/84 1253/139/84 1252/137/84
f 1253/167/82 1257/196/82 1256/168/82
f 1257/141/128 1255/154/128 1254/149/128
f 1254/149/80 1255/154/80 1251/143/80
f 1252/146/83 1256/140/83 1254/149/83
f 1253/147/81 1251/153/81 1255/154/81
f 1259/136/99 1261/139/99 1260/137/99
f 1267/170/100 1265/141/100 1264/140/100
f 1264/140/101 1265/141/101 1263/154/101
f 1268/172/102 1269/197/102 1259/173/102
f 1264/140/84 1262/149/84 1268/175/84
f 1261/147/136 1259/153/136 1269/177/136
f 1265/141/138 1267/178/138 1269/177/138
f 1260/179/84 1266/176/84 1268/175/84
f 1262/149/103 1263/154/103 1269/181/103
f 1261/139/104 1267/170/104 1266/171/104
f 1270/138/99 1271/136/99 1273/139/99
f 1279/170/105 1277/141/105 1276/140/105
f 1277/141/101 1275/154/101 1274/149/101
f 1280/182/106 1281/181/106 1271/183/106
f 1278/176/84 1276/140/84 1274/149/84
f 1279/178/85 1273/147/85 1271/153/85
f 1279/178/85 1281/177/85 1275/154/85
f 1278/176/132 1280/175/132 1270/180/132
f 1274/149/107 1275/154/107 1281/181/107
f 1273/185/108 1279/198/108 1278/186/108
f 1282/138/109 1283/136/109 1285/139/109
f 1284/188/81 1285/199/81 1289/189/81
f 1289/141/110 1287/154/110 1286/149/110
f 1287/154/83 1283/143/83 1282/144/83
f 1288/140/111 1286/149/111 1282/145/111
f 1285/147/112 1283/153/112 1287/154/112
f 1293/141/82 1291/154/82 1290/149/82
f 1294/138/113 1295/136/113 1297/139/113
f 1296/137/153 1297/139/153 1301/141/153
f 1301/141/115 1299/154/115 1298/149/115
f 1299/191/154 1295/156/154 1294/157/154
f 1296/146/117 1300/140/117 1298/149/117
f 1297/147/118 1295/153/118 1299/154/118
f 1302/138/113 1303/136/113 1305/139/113
f 1304/166/155 1305/164/155 1309/192/155
f 1309/141/115 1307/154/115 1306/149/115
f 1307/154/156 1303/143/156 1302/144/156
f 1308/140/117 1306/149/117 1302/145/117
f 1309/141/118 1305/147/118 1303/153/118
f 1311/136/80 1313/139/80 1312/137/80
f 1313/139/81 1317/141/81 1316/140/81
f 1317/141/82 1315/148/82 1314/142/82
f 1314/142/83 1315/148/83 1311/143/83
f 1316/140/84 1314/142/84 1310/145/84
f 1313/147/85 1311/153/85 1315/148/85
f 1319/136/99 1321/139/99 1320/137/99
f 1322/138/121 1323/136/121 1325/139/121
f 1324/188/157 1325/199/157 1329/189/157
f 1329/141/123 1327/154/123 1326/149/123
f 1327/154/158 1323/143/158 1322/144/158
f 1324/146/159 1328/140/159 1326/149/159
f 1325/147/160 1323/153/160 1327/154/160
f 1331/136/80 1333/139/80 1332/137/80
f 1333/139/81 1337/141/81 1336/140/81
f 1337/141/82 1335/148/82 1334/142/82
f 1334/142/83 1335/148/83 1331/143/83
f 1336/140/84 1334/142/84 1330/145/84
f 1333/147/85 1331/153/85 1335/148/85
f 1339/136/86 1341/139/86 1340/137/86
f 1341/139/87 1345/141/87 1344/140/87
f 1345/141/88 1343/154/88 1342/149/88
f 1342/150/89 1343/193/89 1339/151/89
f 1344/140/83 1342/149/83 1338/145/83
f 1345/141/81 1341/147/81 1339/153/81
f 1346/138/90 1347/136/90 1349/139/90
f 1349/139/149 1353/141/149 1352/140/149
f 1352/140/92 1353/141/92 1351/154/92
f 1350/155/150 1351/191/150 1347/156/150
f 1348/146/162 1352/140/162 1350/149/162
f 1349/147/95 1347/153/95 1351/154/95
f 1355/136/127 1357/139/127 1356/137/127
f 1357/139/82 1361/141/82 1360/140/82
f 1361/141/85 1359/154/85 1358/149/85
f 1358/158/80 1359/194/80 1355/159/80
f 1360/140/83 1358/149/83 1354/145/83
f 1357/147/81 1355/153/81 1359/154/81
f 1363/136/165 1365/139/165 1364/137/165
f 1365/161/82 1369/195/82 1368/162/82
f 1369/141/88 1367/154/88 1366/149/88
f 1366/149/80 1367/154/80 1363/143/80
f 1364/146/83 1368/140/83 1366/149/83
f 1365/147/81 1363/153/81 1367/154/81
f 1371/136/143 1373/139/143 1372/137/143
f 1373/164/151 1377/192/151 1376/165/151
f 1377/141/92 1375/154/92 1374/149/92
f 1374/149/152 1375/154/152 1371/143/152
f 1376/140/94 1374/149/94 1370/145/94
f 1377/141/166 1373/147/166 1371/153/166
f 1379/136/84 1381/139/84 1380/137/84
f 1381/167/82 1385/196/82 1384/168/82
f 1385/141/138 1383/154/138 1382/149/138
f 1382/149/80 1383/154/80 1379/143/80
f 1380/146/83 1384/140/83 1382/149/83
f 1381/147/81 1379/153/81 1383/154/81
f 1387/136/99 1389/139/99 1388/137/99
f 1395/170/100 1393/141/100 1392/140/100
f 1392/140/101 1393/141/101 1391/154/101
f 1396/172/102 1397/197/102 1387/173/102
f 1392/140/84 1390/149/84 1396/175/84
f 1389/147/136 1387/153/136 1397/177/136
f 1393/141/128 1395/178/128 1397/177/128
f 1388/179/84 1394/176/84 1396/175/84
f 1390/149/103 1391/154/103 1397/181/103
f 1389/139/104 1395/170/104 1394/171/104
f 1398/138/99 1399/136/99 1401/139/99
f 1407/170/105 1405/141/105 1404/140/105
f 1405/141/101 1403/154/101 1402/149/101
f 1408/182/106 1409/181/106 1399/183/106
f 1406/176/132 1404/140/132 1402/149/132
f 1407/178/85 1401/147/85 1399/153/85
f 1407/178/85 1409/177/85 1403/154/85
f 1406/176/84 1408/175/84 1398/180/84
f 1402/149/107 1403/154/107 1409/181/107
f 1401/185/108 1407/198/108 1406/186/108
f 1410/138/109 1411/136/109 1413/139/109
f 1412/188/81 1413/199/81 1417/189/81
f 1417/141/110 1415/154/110 1414/149/110
f 1415/154/83 1411/143/83 1410/144/83
f 1416/140/111 1414/149/111 1410/145/111
f 1413/147/112 1411/153/112 1415/154/112
f 1421/141/82 1419/154/82 1418/149/82
f 1422/138/113 1423/136/113 1425/139/113
f 1424/137/153 1425/139/153 1429/141/153
f 1429/141/115 1427/154/115 1426/149/115
f 1427/191/154 1423/156/154 1422/157/154
f 1424/146/167 1428/140/167 1426/149/167
f 1425/147/118 1423/153/118 1427/154/118
f 1430/138/113 1431/136/113 1433/139/113
f 1432/166/155 1433/164/155 1437/192/155
f 1437/141/115 1435/154/115 1434/149/115
f 1435/154/156 1431/143/156 1430/144/156
f 1436/140/117 1434/149/117 1430/145/117
f 1437/141/118 1433/147/118 1431/153/118
f 1439/136/80 1441/139/80 1440/137/80
f 1441/139/81 1445/141/81 1444/140/81
f 1445/141/82 1443/148/82 1442/142/82
f 1442/142/83 1443/148/83 1439/143/83
f 1444/140/84 1442/142/84 1438/145/84
f 1441/147/85 1439/153/85 1443/148/85
f 1447/136/99 1449/139/99 1448/137/99
f 1450/138/121 1451/136/121 1453/139/121
f 1452/188/157 1453/199/157 1457/189/157
f 1457/141/161 1455/154/161 1454/149/161
f 1455/154/158 1451/143/158 1450/144/158
f 1452/146/159 1456/140/159 1454/149/159
f 1453/147/160 1451/153/160 1455/154/160
f 1459/136/80 1461/139/80 1460/137/80
f 1461/139/81 1465/141/81 1464/140/81
f 1465/141/82 1463/148/82 1462/142/82
f 1462/142/83 1463/148/83 1459/143/83
f 1464/140/84 1462/142/84 1458/145/84
f 1461/147/85 1459/153/85 1463/148/85
f 1467/136/86 1469/139/86 1468/137/86
f 1469/139/87 1473/141/87 1472/140/87
f 1473/141/88 1471/154/88 1470/149/88
f 1470/150/89 1471/193/89 1467/151/89
f 1472/140/83 1470/149/83 1466/145/83
f 1473/141/81 1469/147/81 1467/153/81
f 1474/138/90 1475/136/90 1477/139/90
f 1477/139/149 1481/141/149 1480/140/149
f 1481/141/92 1479/154/92 1478/149/92
f 1478/155/150 1479/191/150 1475/156/150
f 1476/146/94 1480/140/94 1478/149/94
f 1477/147/95 1475/153/95 1479/154/95
f 1483/136/84 1485/139/84 1484/137/84
f 1485/139/82 1489/141/82 1488/140/82
f 1489/141/85 1487/154/85 1486/149/85
f 1486/158/80 1487/194/80 1483/159/80
f 1484/146/83 1488/140/83 1486/149/83
f 1485/147/81 1483/153/81 1487/154/81
f 1491/136/86 1493/139/86 1492/137/86
f 1493/161/82 1497/195/82 1496/162/82
f 1497/141/168 1495/154/168 1494/149/168
f 1494/149/80 1495/154/80 1491/143/80
f 1496/140/83 1494/149/83 1490/145/83
f 1493/147/81 1491/153/81 1495/154/81
f 1499/136/143 1501/139/143 1500/137/143
f 1501/164/151 1505/192/151 1504/165/151
f 1505/141/92 1503/154/92 1502/149/92
f 1502/149/152 1503/154/152 1499/143/152
f 1504/140/94 1502/149/94 1498/145/94
f 1505/141/166 1501/147/166 1499/153/166
f 1507/136/84 1509/139/84 1508/137/84
f 1509/167/82 1513/196/82 1512/168/82
f 1513/141/85 1511/154/85 1510/149/85
f 1510/149/80 1511/154/80 1507/143/80
f 1508/146/83 1512/140/83 1510/149/83
f 1513/141/81 1509/147/81 1507/153/81
f 1514/138/99 1515/136/99 1517/139/99
f 1523/170/100 1521/141/100 1520/140/100
f 1521/141/101 1519/154/101 1518/149/101
f 1524/172/102 1525/197/102 1515/173/102
f 1520/140/84 1518/149/84 1524/175/84
f 1517/147/136 1515/153/136 1525/177/136
f 1521/141/139 1523/178/139 1525/177/139
f 1516/179/84 1522/176/84 1524/175/84
f 1518/149/103 1519/154/103 1525/181/103
f 1517/139/104 1523/170/104 1522/171/104
f 1526/138/99 1527/136/99 1529/139/99
f 1535/170/105 1533/141/105 1532/140/105
f 1533/141/101 1531/154/101 1530/149/101
f 1536/182/106 1537/181/106 1527/183/106
f 1534/176/84 1532/140/84 1530/149/84
f 1535/178/85 1529/147/85 1527/153/85
f 1535/178/85 1537/177/85 1531/154/85
f 1534/176/84 1536/175/84 1526/180/84
f 1530/149/107 1531/154/107 1537/181/107
f 1529/185/108 1535/198/108 1534/186/108
f 1538/138/109 1539/136/109 1541/139/109
f 1540/188/81 1541/199/81 1545/189/81
f 1545/141/110 1543/154/110 1542/149/110
f 1543/154/83 1539/143/83 1538/144/83
f 1544/140/111 1542/149/111 1538/145/111
f 1541/147/112 1539/153/112 1543/154/112
f 1549/141/82 1547/154/82 1546/149/82
f 1550/138/113 1551/136/113 1553/139/113
f 1552/137/153 1553/139/153 1557/141/153
f 1556/140/115 1557/141/115 1555/154/115
f 1555/191/154 1551/156/154 1550/157/154
f 1552/146/167 1556/140/167 1554/149/167
f 1553/147/118 1551/153/118 1555/154/118
f 1558/138/113 1559/136/113 1561/139/113
f 1560/166/155 1561/164/155 1565/192/155
f 1565/141/164 1563/154/164 1562/149/164
f 1563/154/156 1559/143/156 1558/144/156
f 1564/140/167 1562/149/167 1558/145/167
f 1565/141/118 1561/147/118 1559/153/118
f 1567/136/80 1569/139/80 1568/137/80
f 1569/139/81 1573/141/81 1572/140/81
f 1573/141/82 1571/148/82 1570/142/82
f 1570/142/83 1571/148/83 1567/143/83
f 1572/140/84 1570/142/84 1566/145/84
f 1569/147/85 1567/153/85 1571/148/85
f 1574/138/99 1575/136/99 1577/139/99
f 1578/138/121 1579/136/121 1581/139/121
f 1580/188/157 1581/199/157 1585/189/157
f 1585/141/123 1583/154/123 1582/149/123
f 1583/154/158 1579/143/158 1578/144/158
f 1580/146/159 1584/140/159 1582/149/159
f 1581/147/160 1579/153/160 1583/154/160
f 1587/136/80 1589/139/80 1588/137/80
f 1589/139/81 1593/141/81 1592/140/81
f 1593/141/82 1591/148/82 1590/142/82
f 1590/142/83 1591/148/83 1587/143/83
f 1592/140/84 1590/142/84 1586/145/84
f 1589/147/85 1587/153/85 1591/148/85
f 1595/136/165 1597/139/165 1596/137/165
f 1597/139/87 1601/141/87 1600/140/87
f 1601/141/137 1599/154/137 1598/149/137
f 1598/150/89 1599/193/89 1595/151/89
f 1600/140/83 1598/149/83 1594/145/83
f 1601/141/81 1597/147/81 1595/153/81
f 1602/138/90 1603/136/90 1605/139/90
f 1605/139/149 1609/141/149 1608/140/149
f 1609/141/92 1607/154/92 1606/149/92
f 1606/155/150 1607/191/150 1603/156/150
f 1604/146/94 1608/140/94 1606/149/94
f 1605/147/95 1603/153/95 1607/154/95
f 1611/136/84 1613/139/84 1612/137/84
f 1613/139/82 1617/141/82 1616/140/82
f 1617/141/85 1615/154/85 1614/149/85
f 1614/158/80 1615/194/80 1611/159/80
f 1612/146/83 1616/140/83 1614/149/83
f 1613/147/81 1611/153/81 1615/154/81
f 1618/138/86 1619/136/86 1621/139/86
f 1621/161/82 1625/195/82 1624/162/82
f 1625/141/168 1623/154/168 1622/149/168
f 1622/149/80 1623/154/80 1619/143/80
f 1624/140/83 1622/149/83 1618/145/83
f 1621/147/81 1619/153/81 1623/154/81
f 1626/138/90 1627/136/90 1629/139/90
f 1629/164/151 1633/192/151 1632/165/151
f 1632/140/92 1633/141/92 1631/154/92
f 1630/149/152 1631/154/152 1627/143/152
f 1632/140/94 1630/149/94 1626/145/94
f 1633/141/163 1629/147/163 1627/153/163
f 1635/136/84 1637/139/84 1636/137/84
f 1637/167/82 1641/196/82 1640/168/82
f 1641/141/85 1639/154/85 1638/149/85
f 1638/149/80 1639/154/80 1635/143/80
f 1636/146/83 1640/140/83 1638/149/83
f 1641/141/81 1637/147/81 1635/153/81
f 1642/138/99 1643/136/99 1645/139/99
f 1651/170/100 1649/141/100 1648/140/100
f 1649/141/101 1647/154/101 1646/149/101
f 1652/172/102 1653/197/102 1643/173/102
f 1648/140/84 1646/149/84 1652/175/84
f 1645/147/136 1643/153/136 1653/177/136
f 1649/141/139 1651/178/139 1653/177/139
f 1644/179/84 1650/176/84 1652/175/84
f 1646/149/103 1647/154/103 1653/181/103
f 1645/139/104 1651/170/104 1650/171/104
f 1654/138/99 1655/136/99 1657/139/99
f 1663/170/105 1661/141/105 1660/140/105
f 1661/141/101 1659/154/101 1658/149/101
f 1664/182/106 1665/181/106 1655/183/106
f 1662/176/132 1660/140/132 1658/149/132
f 1663/178/136 1657/147/136 1655/153/136
f 1663/178/85 1665/177/85 1659/154/85
f 1662/176/84 1664/175/84 1654/180/84
f 1658/149/107 1659/154/107 1665/181/107
f 1657/185/108 1663/198/108 1662/186/108
f 1666/138/109 1667/136/109 1669/139/109
f 1668/188/81 1669/199/81 1673/189/81
f 1673/141/110 1671/154/110 1670/149/110
f 1671/154/83 1667/143/83 1666/144/83
f 1672/140/111 1670/149/111 1666/145/111
f 1669/147/112 1667/153/112 1671/154/112
f 1677/141/82 1675/154/82 1674/149/82
f 1678/138/113 1679/136/113 1681/139/113
f 1680/137/153 1681/139/153 1685/141/153
f 1684/140/164 1685/141/164 1683/154/164
f 1683/191/154 1679/156/154 1678/157/154
f 1680/146/167 1684/140/167 1682/149/167
f 1681/147/169 1679/153/169 1683/154/169
f 1686/138/113 1687/136/113 1689/139/113
f 1688/166/155 1689/164/155 1693/192/155
f 1693/141/115 1691/154/115 1690/149/115
f 1691/154/156 1687/143/156 1686/144/156
f 1692/140/167 1690/149/167 1686/145/167
f 1693/141/118 1689/147/118 1687/153/118
f 1695/136/80 1697/139/80 1696/137/80
f 1697/139/81 1701/141/81 1700/140/81
f 1701/141/82 1699/148/82 1698/142/82
f 1698/142/83 1699/148/83 1695/143/83
f 1700/140/84 1698/142/84 1694/145/84
f 1697/147/85 1695/153/85 1699/148/85
f 1702/138/99 1703/136/99 1705/139/99
f 1706/138/121 1707/136/121 1709/139/121
f 1708/188/157 1709/199/157 1713/189/157
f 1713/141/161 1711/154/161 1710/149/161
f 1711/154/158 1707/143/158 1706/144/158
f 1708/146/159 1712/140/159 1710/149/159
f 1709/147/160 1707/153/160 1711/154/160
f 1715/136/80 1717/139/80 1716/137/80
f 1717/139/81 1721/141/81 1720/140/81
f 1721/141/82 1719/148/82 1718/142/82
f 1718/142/83 1719/148/83 1715/143/83
f 1720/140/84 1718/142/84 1714/145/84
f 1717/147/85 1715/153/85 1719/148/85
f 1723/136/86 1725/139/86 1724/137/86
f 1725/139/87 1729/141/87 1728/140/87
f 1729/141/88 1727/154/88 1726/149/88
f 1726/150/89 1727/193/89 1723/151/89
f 1728/140/83 1726/149/83 1722/145/83
f 1729/141/81 1725/147/81 1723/153/81
f 1730/138/90 1731/136/90 1733/139/90
f 1733/139/149 1737/141/149 1736/140/149
f 1737/141/92 1735/154/92 1734/149/92
f 1734/155/150 1735/191/150 1731/156/150
f 1732/146/94 1736/140/94 1734/149/94
f 1733/147/95 1731/153/95 1735/154/95
f 1739/136/84 1741/139/84 1740/137/84
f 1741/139/82 1745/141/82 1744/140/82
f 1745/141/85 1743/154/85 1742/149/85
f 1742/158/80 1743/194/80 1739/159/80
f 1740/146/83 1744/140/83 1742/149/83
f 1741/147/81 1739/153/81 1743/154/81
f 1746/138/86 1747/136/86 1749/139/86
f 1749/161/82 1753/195/82 1752/162/82
f 1753/141/168 1751/154/168 1750/149/168
f 1750/149/80 1751/154/80 1747/143/80
f 1752/140/83 1750/149/83 1746/145/83
f 1749/147/81 1747/153/81 1751/154/81
f 1754/138/143 1755/136/143 1757/139/143
f 1757/164/151 1761/192/151 1760/165/151
f 1760/140/92 1761/141/92 1759/154/92
f 1758/149/152 1759/154/152 1755/143/152
f 1760/140/94 1758/149/94 1754/145/94
f 1761/141/170 1757/147/170 1755/153/170
f 1763/136/84 1765/139/84 1764/137/84
f 1765/167/82 1769/196/82 1768/168/82
f 1769/141/85 1767/154/85 1766/149/85
f 1766/149/80 1767/154/80 1763/143/80
f 1764/146/83 1768/140/83 1766/149/83
f 1769/141/81 1765/147/81 1763/153/81
f 1770/138/99 1771/136/99 1773/139/99
f 1779/170/100 1777/141/100 1776/140/100
f 1777/141/101 1775/154/101 1774/149/101
f 1780/172/102 1781/197/102 1771/173/102
f 1776/140/84 1774/149/84 1780/175/84
f 1773/147/136 1771/153/136 1781/177/136
f 1777/141/85 1779/178/85 1781/177/85
f 1772/179/127 1778/176/127 1780/175/127
f 1774/149/103 1775/154/103 1781/181/103
f 1773/139/104 1779/170/104 1778/171/104
f 1782/138/99 1783/136/99 1785/139/99
f 1791/170/105 1789/141/105 1788/140/105
f 1789/141/101 1787/154/101 1786/149/101
f 1792/182/106 1793/181/106 1783/183/106
f 1790/176/84 1788/140/84 1786/149/84
f 1791/178/85 1785/147/85 1783/153/85
f 1791/178/85 1793/177/85 1787/154/85
f 1790/176/84 1792/175/84 1782/180/84
f 1786/149/107 1787/154/107 1793/181/107
f 1785/185/108 1791/198/108 1790/186/108
f 1794/138/109 1795/136/109 1797/139/109
f 1796/188/81 1797/199/81 1801/189/81
f 1801/141/110 1799/154/110 1798/149/110
f 1799/154/83 1795/143/83 1794/144/83
f 1800/140/111 1798/149/111 1794/145/111
f 1797/147/112 1795/153/112 1799/154/112
f 1805/141/82 1803/154/82 1802/149/82
f 1806/138/113 1807/136/113 1809/139/113
f 1808/137/153 1809/139/153 1813/141/153
f 1812/140/115 1813/141/115 1811/154/115
f 1811/191/154 1807/156/154 1806/157/154
f 1808/146/167 1812/140/167 1810/149/167
f 1809/147/148 1807/153/148 1811/154/148
f 1814/138/113 1815/136/113 1817/139/113
f 1816/166/155 1817/164/155 1821/192/155
f 1821/141/134 1819/154/134 1818/149/134
f 1819/154/156 1815/143/156 1814/144/156
f 1820/140/167 1818/149/167 1814/145/167
f 1821/141/118 1817/147/118 1815/153/118
f 1823/136/80 1825/139/80 1824/137/80
f 1825/139/81 1829/141/81 1828/140/81
f 1829/141/82 1827/148/82 1826/142/82
f 1826/142/83 1827/148/83 1823/143/83
f 1828/140/84 1826/142/84 1822/145/84
f 1825/147/85 1823/153/85 1827/148/85
f 1830/138/99 1831/136/99 1833/139/99
f 1834/138/121 1835/136/121 1837/139/121
f 1836/188/157 1837/199/157 1841/189/157
f 1841/141/161 1839/154/161 1838/149/161
f 1839/154/158 1835/143/158 1834/144/158
f 1836/146/159 1840/140/159 1838/149/159
f 1837/147/160 1835/153/160 1839/154/160
o TrussGantryEnd.002
v 22.315855 8.486273 -0.693412
v 22.242994 8.486273 -0.693411
v 22.315855 8.506045 -0.693412
v 22.242994 8.506045 -0.693411
v 22.315855 8.486273 0.178185
v 22.242990 8.486273 0.178186
v 22.315855 8.506045 0.178185
v 22.242990 8.506045 0.178186
v 24.010883 6.658985 -0.673640
v 24.035151 6.727689 -0.673640
v 24.010883 6.658985 -0.653867
v 24.035149 6.727689 -0.653867
v 22.223425 7.292812 -0.673745
v 22.263620 7.353587 -0.673745
v 22.223425 7.292812 -0.653973
v 22.263620 7.353587 -0.653973
v 24.059740 8.438173 -0.673640
v 23.997818 8.476578 -0.673640
v 24.059740 8.438172 -0.653867
v 23.997818 8.476578 -0.653867
v 23.157280 6.970994 -0.654393
v 23.095358 7.009399 -0.654393
v 23.157280 6.970994 -0.634621
v 23.095358 7.009399 -0.634621
v 24.043112 8.413314 -0.693413
v 24.043110 8.486174 -0.693413
v 24.043110 8.413314 -0.673640
v 24.043110 8.486174 -0.673640
v 22.282127 8.413315 -0.693412
v 22.282127 8.486178 -0.693412
v 22.282127 8.413315 -0.673640
v 22.282127 8.486178 -0.673640
v 24.010883 6.658985 0.138638
v 24.035151 6.727689 0.138638
v 24.010883 6.658985 0.158411
v 24.035151 6.727689 0.158411
v 22.223427 7.292812 0.138659
v 22.263620 7.353587 0.138659
v 22.223427 7.292812 0.158432
v 22.263620 7.353587 0.158432
v 24.059740 8.438173 0.138638
v 23.997820 8.476578 0.138638
v 24.059740 8.438172 0.158410
v 23.997820 8.476578 0.158410
v 23.157280 6.970994 0.119307
v 23.095358 7.009399 0.119307
v 23.157280 6.970994 0.139079
v 23.095358 7.009399 0.139079
v 24.043112 8.413314 0.158412
v 24.043110 8.486174 0.158412
v 24.043112 8.413314 0.178185
v 24.043110 8.486174 0.178185
v 22.282127 8.413315 0.158413
v 22.282127 8.486178 0.158413
v 22.282127 8.413315 0.178185
v 22.282127 8.486178 0.178185
v 22.316475 8.486222 -0.673639
v 22.243605 8.485842 -0.673639
v 22.316475 8.486222 -0.653867
v 22.243605 8.485842 -0.653867
v 22.316471 7.249274 -0.673745
v 22.243608 7.248894 -0.673745
v 22.316471 7.249274 -0.653973
v 22.243608 7.248894 -0.653972
v 22.316473 7.340002 -0.653549
v 22.243607 7.339622 -0.653549
v 22.316473 7.340002 -0.673322
v 22.243607 7.339622 -0.673322
v 22.316475 8.486222 0.138639
v 22.243605 8.485842 0.138639
v 22.316475 8.486222 0.158411
v 22.243605 8.485842 0.158411
v 22.316471 7.249274 0.138659
v 22.243608 7.248894 0.138659
v 22.316471 7.249274 0.158432
v 22.243608 7.248894 0.158432
v 22.316473 7.340002 0.158350
v 22.243607 7.339622 0.158350
v 22.316473 7.340002 0.138577
v 22.243607 7.339622 0.138577
v 24.034113 8.506047 -0.620755
v 24.023205 8.506047 -0.692794
v 24.034113 8.525820 -0.620755
v 24.023205 8.525820 -0.692794
v 22.292973 8.506046 0.157907
v 22.282064 8.506046 0.085865
v 22.292973 8.525819 0.157907
v 22.282064 8.525819 0.085865
v 24.042860 8.486273 -0.693413
v 23.970001 8.486273 -0.693412
v 24.042860 8.506045 -0.693413
v 23.970001 8.506045 -0.693412
v 24.042860 8.486273 0.178184
v 23.969995 8.486273 0.178185
v 24.042860 8.506045 0.178184
v 23.969995 8.506045 0.178185
v 22.308588 8.485025 -0.673639
v 22.243954 8.451389 -0.673639
v 22.308590 8.485026 -0.653867
v 22.243954 8.451389 -0.653867
v 23.109434 7.043216 -0.654393
v 23.044800 7.009578 -0.654393
v 23.109436 7.043216 -0.634621
v 23.044800 7.009579 -0.634621
v 22.308590 8.485025 0.138639
v 22.243954 8.451389 0.138639
v 22.308590 8.485025 0.158411
v 22.243954 8.451389 0.158411
v 23.109436 7.043215 0.119307
v 23.044800 7.009578 0.119307
v 23.109436 7.043215 0.139079
v 23.044800 7.009579 0.139079
v 22.318178 7.258891 -0.693412
v 22.249491 7.283192 -0.693411
v 22.324774 7.277531 -0.693412
v 22.256084 7.301832 -0.693411
v 22.318178 7.258891 0.178185
v 22.249487 7.283193 0.178186
v 22.324774 7.277531 0.178185
v 22.256081 7.301834 0.178186
v 23.944643 6.704441 -0.620755
v 23.934361 6.708079 -0.692794
v 23.951237 6.723082 -0.620755
v 23.940954 6.726720 -0.692794
v 22.303202 7.285164 0.157907
v 22.292917 7.288803 0.085865
v 22.309795 7.303804 0.157907
v 22.299513 7.307443 0.085865
v 23.946295 6.682882 -0.693413
v 23.877607 6.707183 -0.693412
v 23.952888 6.701522 -0.693412
v 23.884201 6.725823 -0.693411
v 23.946293 6.682882 0.178184
v 23.877602 6.707185 0.178185
v 23.952888 6.701523 0.178184
v 23.884197 6.725825 0.178185
vn -0.0000 -0.0000 -1.0000
vn -0.0000 1.0000 -0.0000
vn -0.0000 -0.0000 1.0000
vn -0.0000 -1.0000 -0.0000
vn 1.0000 -0.0000 -0.0000
vn -1.0000 -0.0000 -0.0000
vn 0.9429 -0.3330 -0.0000
vn -0.8341 0.5516 -0.0000
vn -0.3342 -0.9425 -0.0000
vn 0.3331 0.9429 -0.0000
vn 0.5271 0.8498 -0.0000
vn 0.0059 0.0095 0.9999
vn -0.5271 -0.8498 -0.0000
vn -0.0059 -0.0095 -0.9999
vn 0.8518 -0.5239 -0.0000
vn -0.8518 0.5239 -0.0000
vn 0.9429 -0.3331 0.0001
vn -0.0059 -0.0095 0.9999
vn 0.0059 0.0095 -0.9999
vn -0.0052 1.0000 -0.0000
vn -0.0000 -0.0047 1.0000
vn 0.0052 -1.0000 -0.0000
vn -0.0000 -0.0003 -1.0000
vn -0.0000 0.0047 -1.0000
vn -0.0000 0.0003 1.0000
vn -0.0000 0.0009 1.0000
vn -0.0000 0.0001 -1.0000
vn -0.0000 -0.0009 -1.0000
vn -0.0000 -0.0001 1.0000
vn 0.9887 -0.0000 -0.1497
vn -0.9887 -0.0000 0.1497
vn 0.4082 -0.0000 0.9129
vn -0.4082 -0.0000 -0.9129
vn -0.4616 0.8871 -0.0000
vn -0.0054 0.0104 0.9999
vn 0.4616 -0.8871 -0.0000
vn 0.0054 -0.0104 -0.9999
vn 0.8742 0.4856 -0.0000
vn -0.8742 -0.4856 -0.0000
vn 0.0054 -0.0104 0.9999
vn -0.0054 0.0104 -0.9999
vn 0.3335 0.9427 -0.0000
vn -0.3335 -0.9427 -0.0000
vn 0.9427 -0.3335 -0.0000
vn -0.9427 0.3335 -0.0000
vn 0.9321 -0.3297 -0.1497
vn -0.9321 0.3298 0.1497
vn 0.3849 -0.1362 0.9129
vn -0.3849 0.1362 -0.9129
vn -0.0001 -0.0000 1.0000
vn 0.0001 -0.0000 -1.0000
vn 0.9429 -0.3331 -0.0000
vn 0.4083 -0.0000 0.9129
vt 0.521748 0.499718
vt 0.514923 0.506544
vt 0.514923 0.499718
vt 0.521748 0.506544
vt 0.514923 0.513369
vt 0.521748 0.513369
vt 0.518431 0.806383
vt 0.527631 0.846481
vt 0.506738 0.846481
vt 0.508098 0.520194
vt 0.508098 0.513369
vt 0.528573 0.513369
vt 0.519002 0.806383
vt 0.514923 0.520194
vt 0.500000 0.999999
vt 0.533818 0.000008
vt 0.533818 0.999999
vt 0.528573 0.520194
vt 0.521748 0.520194
vt 0.534177 0.813001
vt 0.500000 0.563001
vt 0.534177 0.563001
vt 0.534178 0.747975
vt 0.499999 0.000005
vt 0.534178 0.000005
vt 0.534178 0.999998
vt 0.500000 0.006817
vt 0.534178 0.006817
vt 0.500000 0.509074
vt 0.534178 0.259074
vt 0.534178 0.509074
vt 0.500000 0.999999
vt 0.534177 0.231429
vt 0.534177 0.999999
vt 0.521748 0.509956
vt 0.514923 0.509956
vt 0.500000 0.678547
vt 0.534177 0.803547
vt 0.500000 0.803547
vt 0.511510 0.520194
vt 0.511510 0.513369
vt 0.525161 0.520194
vt 0.525161 0.513369
vt 0.522763 0.367464
vt 0.522763 0.617464
vt 0.521748 0.523607
vt 0.514923 0.523607
vt 0.521748 0.527019
vt 0.514923 0.527019
vt 0.534177 0.233217
vt 0.500002 0.358217
vt 0.500002 0.233217
vt 0.503746 0.000003
vt 0.534178 0.999776
vt 0.503746 0.999776
vt 0.500000 0.813001
vt 0.500000 0.259074
vt 0.500000 0.000008
vt 0.499999 0.747975
vt 0.500000 0.999998
vt 0.500000 0.231429
vt 0.534177 0.678547
vt 0.534177 0.358217
vt 0.534178 0.000003
s 0
usemtl Catenary
f 1843/200/171 1844/201/171 1842/202/171
f 1845/203/172 1848/204/172 1844/201/172
f 1849/205/173 1846/206/173 1848/204/173
f 1846/206/174 1843/207/174 1842/208/174
f 1848/204/175 1842/209/175 1844/210/175
f 1845/211/176 1847/212/176 1849/205/176
f 1851/200/177 1852/201/177 1850/202/177
f 1852/201/173 1857/205/173 1856/204/173
f 1857/205/178 1854/213/178 1856/204/178
f 1855/214/171 1850/215/171 1854/216/171
f 1856/204/179 1850/209/179 1852/210/179
f 1857/205/180 1851/217/180 1855/218/180
f 1858/202/181 1861/203/181 1860/201/181
f 1861/203/182 1864/204/182 1860/201/182
f 1865/205/183 1862/213/183 1864/204/183
f 1862/219/184 1859/220/184 1858/221/184
f 1860/210/185 1862/213/185 1858/209/185
f 1861/211/186 1863/218/186 1865/205/186
f 1867/200/175 1868/201/175 1866/202/175
f 1869/203/173 1872/204/173 1868/201/173
f 1873/205/176 1870/213/176 1872/204/176
f 1870/222/171 1867/223/171 1866/224/171
f 1868/210/174 1870/213/174 1866/209/174
f 1869/211/172 1871/218/172 1873/205/172
f 1874/202/187 1877/203/187 1876/201/187
f 1876/225/173 1881/226/173 1880/227/173
f 1881/205/178 1878/213/178 1880/204/178
f 1879/218/171 1874/208/171 1878/213/171
f 1876/210/179 1878/213/179 1874/209/179
f 1877/211/180 1879/218/180 1881/205/180
f 1882/202/181 1885/203/181 1884/201/181
f 1885/228/188 1888/229/188 1884/230/188
f 1889/205/183 1886/213/183 1888/204/183
f 1886/213/189 1883/207/189 1882/208/189
f 1888/204/185 1882/209/185 1884/210/185
f 1889/205/186 1883/217/186 1887/218/186
f 1891/200/175 1892/201/175 1890/202/175
f 1893/231/173 1896/232/173 1892/233/173
f 1897/205/176 1894/213/176 1896/204/176
f 1894/213/171 1891/207/171 1890/208/171
f 1892/210/174 1894/213/174 1890/209/174
f 1893/211/172 1895/218/172 1897/205/172
f 1898/202/190 1901/203/190 1900/201/190
f 1907/234/191 1904/204/191 1906/235/191
f 1904/204/192 1903/218/192 1902/213/192
f 1908/236/193 1899/237/193 1898/238/193
f 1904/204/175 1908/239/175 1906/240/175
f 1901/211/176 1909/241/176 1907/242/176
f 1905/205/176 1909/241/176 1903/218/176
f 1900/243/175 1908/239/175 1898/244/175
f 1902/213/194 1909/245/194 1908/246/194
f 1901/203/195 1906/235/195 1900/201/195
f 1910/202/190 1913/203/190 1912/201/190
f 1919/234/196 1916/204/196 1918/235/196
f 1916/204/192 1915/218/192 1914/213/192
f 1920/246/197 1911/247/197 1910/248/197
f 1918/240/175 1914/213/175 1920/239/175
f 1919/242/176 1911/217/176 1921/241/176
f 1919/242/176 1915/218/176 1917/205/176
f 1918/240/175 1910/244/175 1912/243/175
f 1914/213/198 1921/245/198 1920/246/198
f 1913/249/199 1918/250/199 1912/251/199
f 1922/202/200 1925/203/200 1924/201/200
f 1924/252/172 1929/253/172 1928/254/172
f 1929/205/201 1926/213/201 1928/204/201
f 1927/218/174 1922/208/174 1926/213/174
f 1924/210/202 1926/213/202 1922/209/202
f 1925/211/203 1927/218/203 1929/205/203
f 1931/200/171 1932/201/171 1930/202/171
f 1933/203/172 1936/204/172 1932/201/172
f 1937/205/173 1934/213/173 1936/204/173
f 1934/213/174 1931/207/174 1930/208/174
f 1936/204/175 1930/209/175 1932/210/175
f 1933/211/176 1935/218/176 1937/205/176
f 1938/202/204 1941/203/204 1940/201/204
f 1940/201/205 1945/205/205 1944/204/205
f 1945/205/206 1942/213/206 1944/204/206
f 1943/255/207 1938/221/207 1942/219/207
f 1940/210/208 1942/213/208 1938/209/208
f 1941/211/209 1943/218/209 1945/205/209
f 1946/202/204 1949/203/204 1948/201/204
f 1948/230/210 1953/256/210 1952/229/210
f 1953/205/206 1950/213/206 1952/204/206
f 1951/218/211 1946/208/211 1950/213/211
f 1952/204/208 1946/209/208 1948/210/208
f 1953/205/209 1947/217/209 1951/218/209
f 1954/202/171 1957/203/171 1956/201/171
f 1957/203/212 1960/204/212 1956/201/212
f 1961/205/173 1958/206/173 1960/204/173
f 1958/206/213 1955/207/213 1954/208/213
f 1956/210/214 1958/206/214 1954/209/214
f 1957/211/215 1959/212/215 1961/205/215
f 1962/202/216 1965/203/216 1964/201/216
f 1964/252/212 1969/253/212 1968/254/212
f 1969/205/217 1966/213/217 1968/204/217
f 1967/218/213 1962/208/213 1966/213/213
f 1968/204/218 1962/209/218 1964/210/218
f 1969/205/219 1963/217/219 1967/218/219
f 1970/202/171 1973/203/171 1972/201/171
f 1973/203/212 1976/204/212 1972/201/212
f 1977/205/173 1974/213/173 1976/204/173
f 1974/213/213 1971/207/213 1970/208/213
f 1976/204/214 1970/209/214 1972/210/214
f 1973/211/215 1975/218/215 1977/205/215
f 1843/200/171 1845/203/171 1844/201/171
f 1845/203/172 1849/205/172 1848/204/172
f 1849/205/173 1847/212/173 1846/206/173
f 1846/206/174 1847/212/174 1843/207/174
f 1848/204/175 1846/206/175 1842/209/175
f 1845/211/176 1843/217/176 1847/212/176
f 1851/200/177 1853/203/177 1852/201/177
f 1852/201/220 1853/203/220 1857/205/220
f 1857/205/178 1855/218/178 1854/213/178
f 1855/214/221 1851/257/221 1850/215/221
f 1856/204/179 1854/213/179 1850/209/179
f 1857/205/180 1853/211/180 1851/217/180
f 1858/202/181 1859/200/181 1861/203/181
f 1861/203/182 1865/205/182 1864/204/182
f 1865/205/183 1863/218/183 1862/213/183
f 1862/219/184 1863/255/184 1859/220/184
f 1860/210/185 1864/204/185 1862/213/185
f 1861/211/186 1859/217/186 1863/218/186
f 1867/200/175 1869/203/175 1868/201/175
f 1869/203/173 1873/205/173 1872/204/173
f 1873/205/176 1871/218/176 1870/213/176
f 1870/222/171 1871/258/171 1867/223/171
f 1868/210/174 1872/204/174 1870/213/174
f 1869/211/172 1867/217/172 1871/218/172
f 1874/202/222 1875/200/222 1877/203/222
f 1876/225/173 1877/259/173 1881/226/173
f 1881/205/178 1879/218/178 1878/213/178
f 1879/218/171 1875/207/171 1874/208/171
f 1876/210/179 1880/204/179 1878/213/179
f 1877/211/180 1875/217/180 1879/218/180
f 1882/202/181 1883/200/181 1885/203/181
f 1885/228/188 1889/256/188 1888/229/188
f 1889/205/183 1887/218/183 1886/213/183
f 1886/213/189 1887/218/189 1883/207/189
f 1888/204/185 1886/213/185 1882/209/185
f 1889/205/186 1885/211/186 1883/217/186
f 1891/200/175 1893/203/175 1892/201/175
f 1893/231/173 1897/260/173 1896/232/173
f 1897/205/176 1895/218/176 1894/213/176
f 1894/213/171 1895/218/171 1891/207/171
f 1892/210/174 1896/204/174 1894/213/174
f 1893/211/172 1891/217/172 1895/218/172
f 1898/202/190 1899/200/190 1901/203/190
f 1907/234/191 1905/205/191 1904/204/191
f 1904/204/192 1905/205/192 1903/218/192
f 1908/236/193 1909/261/193 1899/237/193
f 1904/204/175 1902/213/175 1908/239/175
f 1901/211/176 1899/217/176 1909/241/176
f 1905/205/176 1907/242/176 1909/241/176
f 1900/243/175 1906/240/175 1908/239/175
f 1902/213/194 1903/218/194 1909/245/194
f 1901/203/195 1907/234/195 1906/235/195
f 1910/202/190 1911/200/190 1913/203/190
f 1919/234/196 1917/205/196 1916/204/196
f 1916/204/192 1917/205/192 1915/218/192
f 1920/246/197 1921/245/197 1911/247/197
f 1918/240/175 1916/204/175 1914/213/175
f 1919/242/176 1913/211/176 1911/217/176
f 1919/242/176 1921/241/176 1915/218/176
f 1918/240/175 1920/239/175 1910/244/175
f 1914/213/198 1915/218/198 1921/245/198
f 1913/249/199 1919/262/199 1918/250/199
f 1922/202/200 1923/200/200 1925/203/200
f 1924/252/172 1925/263/172 1929/253/172
f 1929/205/201 1927/218/201 1926/213/201
f 1927/218/174 1923/207/174 1922/208/174
f 1924/210/223 1928/204/223 1926/213/223
f 1925/211/203 1923/217/203 1927/218/203
f 1931/200/171 1933/203/171 1932/201/171
f 1933/203/172 1937/205/172 1936/204/172
f 1937/205/173 1935/218/173 1934/213/173
f 1934/213/174 1935/218/174 1931/207/174
f 1936/204/175 1934/213/175 1930/209/175
f 1933/211/176 1931/217/176 1935/218/176
f 1938/202/204 1939/200/204 1941/203/204
f 1940/201/205 1941/203/205 1945/205/205
f 1945/205/206 1943/218/206 1942/213/206
f 1943/255/207 1939/220/207 1938/221/207
f 1940/210/208 1944/204/208 1942/213/208
f 1941/211/209 1939/217/209 1943/218/209
f 1946/202/204 1947/200/204 1949/203/204
f 1948/230/210 1949/228/210 1953/256/210
f 1953/205/206 1951/218/206 1950/213/206
f 1951/218/211 1947/207/211 1946/208/211
f 1952/204/208 1950/213/208 1946/209/208
f 1953/205/209 1949/211/209 1947/217/209
f 1954/202/171 1955/200/171 1957/203/171
f 1957/203/212 1961/205/212 1960/204/212
f 1961/205/173 1959/212/173 1958/206/173
f 1958/206/213 1959/212/213 1955/207/213
f 1956/210/214 1960/204/214 1958/206/214
f 1957/211/215 1955/217/215 1959/212/215
f 1962/202/216 1963/200/216 1965/203/216
f 1964/252/212 1965/263/212 1969/253/212
f 1969/205/217 1967/218/217 1966/213/217
f 1967/218/213 1963/207/213 1962/208/213
f 1968/204/218 1966/213/218 1962/209/218
f 1969/205/219 1965/211/219 1963/217/219
f 1970/202/171 1971/200/171 1973/203/171
f 1973/203/212 1977/205/212 1976/204/212
f 1977/205/173 1975/218/173 1974/213/173
f 1974/213/213 1975/218/213 1971/207/213
f 1976/204/214 1974/213/214 1970/209/214
f 1973/211/215 1971/217/215 1975/218/215
o Pole.005
v 24.039799 -0.600000 -0.657952
v 24.039799 8.452378 -0.657952
v 24.097202 -0.600000 -0.646534
v 24.097202 8.452378 -0.646534
v 24.145866 -0.600000 -0.614018
v 24.145866 8.452378 -0.614018
v 24.178381 -0.600000 -0.565354
v 24.178381 8.452378 -0.565354
v 24.189800 -0.600000 -0.507952
v 24.189800 8.452378 -0.507952
v 24.178381 -0.600000 -0.450549
v 24.178381 8.452378 -0.450549
v 24.145866 -0.600000 -0.401886
v 24.145866 8.452378 -0.401886
v 24.097202 -0.600000 -0.369370
v 24.097202 8.452378 -0.369370
v 24.039799 -0.600000 -0.357952
v 24.039799 8.452378 -0.357952
v 23.982397 -0.600000 -0.369370
v 23.982397 8.452378 -0.369370
v 23.933733 -0.600000 -0.401886
v 23.933733 8.452378 -0.401886
v 23.901218 -0.600000 -0.450549
v 23.901218 8.452378 -0.450549
v 23.889799 -0.600000 -0.507952
v 23.889799 8.452378 -0.507952
v 23.901218 -0.600000 -0.565354
v 23.901218 8.452378 -0.565354
v 23.933733 -0.600000 -0.614018
v 23.933733 8.452378 -0.614018
v 23.982397 -0.600000 -0.646534
v 23.982397 8.452378 -0.646534
vn -0.0000 -0.0000 -1.0000
vn 0.3827 -0.0000 -0.9239
vn 0.7071 -0.0000 -0.7071
vn 0.9239 -0.0000 -0.3827
vn 1.0000 -0.0000 -0.0000
vn 0.9239 -0.0000 0.3827
vn 0.7071 -0.0000 0.7071
vn 0.3827 -0.0000 0.9239
vn -0.0000 -0.0000 1.0000
vn -0.3827 -0.0000 0.9239
vn -0.7071 -0.0000 0.7071
vn -0.9239 -0.0000 0.3827
vn -1.0000 -0.0000 -0.0000
vn -0.9239 -0.0000 -0.3827
vn -0.0000 1.0000 -0.0000
vn -0.7071 -0.0000 -0.7071
vn -0.3827 -0.0000 -0.9239
vt 0.000698 -1.374996
vt 0.016236 1.000000
vt 0.000698 1.000000
vt 0.016236 -1.374996
vt 0.031774 1.000000
vt 0.031774 -1.374996
vt 0.047311 1.000000
vt 0.047311 -1.374996
vt 0.062849 1.000000
vt 0.062849 -1.374996
vt 0.078387 1.000000
vt 0.078387 -1.374996
vt 0.093925 1.000000
vt 0.093925 -1.374996
vt 0.109462 1.000001
vt 0.109462 -1.374996
vt 0.125000 1.000001
vt 0.125000 -1.374996
vt 0.140538 1.000001
vt 0.140538 -1.374996
vt 0.156076 1.000001
vt 0.156076 -1.374996
vt 0.171614 1.000001
vt 0.171614 -1.374996
vt 0.187151 1.000001
vt 0.187151 -1.374996
vt 0.202689 1.000001
vt 0.037106 0.161613
vt 0.212893 0.161613
vt 0.212893 0.338386
vt 0.202689 -1.374996
vt 0.218227 1.000001
vt 0.218227 -1.374996
vt 0.233765 1.000001
vt 0.233765 -1.374995
vt 0.249302 1.000001
vt 0.172567 0.365482
vt 0.124999 0.374997
vt 0.077432 0.365482
vt 0.037106 0.338386
vt 0.010161 0.297834
vt 0.000699 0.250000
vt 0.010161 0.202165
vt 0.077432 0.134518
vt 0.124999 0.125003
vt 0.172567 0.134518
vt 0.239838 0.202165
vt 0.249300 0.250000
vt 0.239838 0.297834
vt 0.249302 -1.374995
s 1
usemtl Catenary
f 1979/264/224 1980/265/225 1978/266/224
f 1981/267/225 1982/268/226 1980/265/225
f 1983/269/226 1984/270/227 1982/268/226
f 1985/271/227 1986/272/228 1984/270/227
f 1987/273/228 1988/274/229 1986/272/228
f 1989/275/229 1990/276/230 1988/274/229
f 1991/277/230 1992/278/231 1990/276/230
f 1993/279/231 1994/280/232 1992/278/231
f 1995/281/232 1996/282/233 1994/280/232
f 1997/283/233 1998/284/234 1996/282/233
f 1999/285/234 2000/286/235 1998/284/234
f 2001/287/235 2002/288/236 2000/286/235
f 2003/289/236 2004/290/237 2002/288/236
f 1999/291/238 1991/292/238 1983/293/238
f 2005/294/237 2006/295/239 2004/290/237
f 2007/296/239 2008/297/240 2006/295/239
f 2009/298/240 1978/299/224 2008/297/240
f 1979/264/224 1981/267/225 1980/265/225
f 1981/267/225 1983/269/226 1982/268/226
f 1983/269/226 1985/271/227 1984/270/227
f 1985/271/227 1987/273/228 1986/272/228
f 1987/273/228 1989/275/229 1988/274/229
f 1989/275/229 1991/277/230 1990/276/230
f 1991/277/230 1993/279/231 1992/278/231
f 1993/279/231 1995/281/232 1994/280/232
f 1995/281/232 1997/283/233 1996/282/233
f 1997/283/233 1999/285/234 1998/284/234
f 1999/285/234 2001/287/235 2000/286/235
f 2001/287/235 2003/289/236 2002/288/236
f 2003/289/236 2005/294/237 2004/290/237
f 1983/293/238 1981/300/238 1979/301/238
f 1979/301/238 2009/302/238 2007/303/238
f 2007/303/238 2005/304/238 2003/305/238
f 2003/305/238 2001/306/238 1999/291/238
f 1999/291/238 1997/307/238 1995/308/238
f 1995/308/238 1993/309/238 1991/292/238
f 1991/292/238 1989/310/238 1987/311/238
f 1987/311/238 1985/312/238 1983/293/238
f 1983/293/238 1979/301/238 2007/303/238
f 2007/303/238 2003/305/238 1999/291/238
f 1999/291/238 1995/308/238 1991/292/238
f 1991/292/238 1987/311/238 1983/293/238
f 1983/293/238 2007/303/238 1999/291/238
f 2005/294/237 2007/296/239 2006/295/239
f 2007/296/239 2009/298/240 2008/297/240
f 2009/298/240 1979/313/224 1978/299/224
o Foundation.002
v 23.839827 -10.050371 -0.307952
v 23.839827 0.108680 -0.307952
v 23.839827 -10.050371 -0.707952
v 23.839827 0.108680 -0.707952
v 24.239826 -10.050371 -0.307952
v 24.239826 0.108680 -0.307952
v 24.239826 -10.050371 -0.707952
v 24.239826 0.108680 -0.707952
v 24.039825 0.141995 -0.507952
vn -1.0000 -0.0000 -0.0000
vn -0.0000 -0.0000 -1.0000
vn 1.0000 -0.0000 -0.0000
vn -0.0000 -0.0000 1.0000
vn -0.0000 0.9864 -0.1643
vn -0.1643 0.9864 -0.0000
vn -0.0000 0.9864 0.1643
vn 0.1643 0.9864 -0.0000
vt 0.249997 3.314017
vt -0.000003 -2.311018
vt 0.249997 -2.311018
vt 0.249997 3.187517
vt -0.000003 -2.437517
vt 0.249997 -2.437517
vt 0.249997 3.437517
vt -0.000003 -2.187517
vt 0.249997 -2.187517
vt 0.249997 3.687516
vt -0.000003 -1.937517
vt 0.249997 -1.937517
vt -0.000004 0.500000
vt 0.249997 0.500000
vt 0.124997 0.625000
vt 0.249997 0.750000
vt -0.000004 0.750000
vt -0.000003 3.314017
vt -0.000003 3.187517
vt -0.000003 3.437517
vt -0.000003 3.687516
s 0
usemtl Catenary
f 2011/314/241 2012/315/241 2010/316/241
f 2013/317/242 2016/318/242 2012/319/242
f 2017/320/243 2014/321/243 2016/322/243
f 2015/323/244 2010/324/244 2014/325/244
f 2017/326/245 2013/327/245 2018/328/245
f 2013/327/246 2011/329/246 2018/328/246
f 2011/329/247 2015/330/247 2018/328/247
f 2015/330/248 2017/326/248 2018/328/248
f 2011/314/241 2013/331/241 2012/315/241
f 2013/317/242 2017/332/242 2016/318/242
f 2017/320/243 2015/333/243 2014/321/243
f 2015/323/244 2011/334/244 2010/324/244
o SteadyArmCable
v -1.755769 6.378546 -0.004982
v 23.591454 6.378547 -0.004982
v -1.755733 6.377862 -0.008427
v 23.591490 6.377863 -0.008427
v -1.755629 6.375914 -0.011346
v 23.591595 6.375915 -0.011346
v -1.755473 6.372998 -0.013297
v 23.591751 6.373000 -0.013297
v -1.755288 6.369559 -0.013982
v 23.591934 6.369560 -0.013982
v -1.755104 6.366119 -0.013297
v 23.592119 6.366121 -0.013297
v -1.754948 6.363204 -0.011346
v 23.592276 6.363205 -0.011346
v -1.754843 6.361256 -0.008427
v 23.592381 6.361257 -0.008427
v -1.754807 6.360572 -0.004982
v 23.592417 6.360573 -0.004982
v -1.754843 6.361256 -0.001538
v 23.592381 6.361257 -0.001538
v -1.754948 6.363204 0.001382
v 23.592276 6.363205 0.001382
v -1.755104 6.366119 0.003333
v 23.592119 6.366121 0.003333
v -1.755288 6.369559 0.004018
v 23.591934 6.369560 0.004018
v -1.755473 6.372998 0.003333
v 23.591751 6.373000 0.003333
v -1.755629 6.375914 0.001382
v 23.591595 6.375915 0.001382
v -1.755733 6.377862 -0.001538
v 23.591490 6.377863 -0.001538
vn -0.0000 1.0000 -0.0000
vn -0.0000 0.9250 -0.3799
vn -0.0000 0.9231 -0.3846
vn -0.0000 0.7109 -0.7033
vn -0.0000 0.7043 -0.7099
vn -0.0000 0.3888 -0.9213
vn -0.0000 0.3775 -0.9260
vn -0.0000 0.0066 -1.0000
vn -0.0000 -0.0066 -1.0000
vn -0.0000 -0.3775 -0.9260
vn -0.0000 -0.3888 -0.9213
vn -0.0000 -0.7043 -0.7099
vn -0.0000 -0.7109 -0.7033
vn -0.0000 -0.9231 -0.3846
vn -0.0000 -0.9250 -0.3799
vn -0.0000 -1.0000 -0.0000
vn -0.0000 -0.9250 0.3799
vn -0.0000 -0.9231 0.3846
vn -0.0000 -0.7109 0.7033
vn -0.0000 -0.7043 0.7099
vn -0.0000 -0.3888 0.9213
vn -0.0000 -0.3775 0.9260
vn -0.0000 -0.0066 1.0000
vn -0.0000 0.0066 1.0000
vn -0.0000 0.3775 0.9260
vn -0.0000 0.3888 0.9213
vn -0.0000 0.7043 0.7099
vn -0.0000 0.7109 0.7033
vn -0.0000 0.9231 0.3846
vn -0.0000 0.9250 0.3799
vt 0.983856 0.014273
vt 0.982981 0.007273
vt 0.983856 0.007273
vt 0.982981 0.014273
vt 0.982106 0.007273
vt 0.982106 0.014273
vt 0.981231 0.007273
vt 0.981231 0.014273
vt 0.980356 0.007273
vt 0.980356 0.014273
vt 0.979481 0.007273
vt 0.979481 0.014273
vt 0.978606 0.007273
vt 0.978606 0.014273
vt 0.977731 0.007273
vt 0.977731 0.014273
vt 0.976856 0.007273
vt 0.975981 0.014273
vt 0.975981 0.007273
vt 0.975106 0.014273
vt 0.975106 0.007273
vt 0.974231 0.014273
vt 0.974231 0.007273
vt 0.973356 0.014273
vt 0.973356 0.007273
vt 0.972481 0.014273
vt 0.972481 0.007273
vt 0.971606 0.014273
vt 0.971606 0.007273
vt 0.970731 0.014273
vt 0.970731 0.007273
vt 0.969856 0.014273
vt 0.969856 0.007273
vt 0.976856 0.014273
s 1
usemtl Catenary
f 2020/335/249 2021/336/250 2019/337/249
f 2022/338/251 2023/339/252 2021/336/250
f 2024/340/253 2025/341/254 2023/339/252
f 2026/342/255 2027/343/256 2025/341/254
f 2028/344/257 2029/345/258 2027/343/256
f 2030/346/259 2031/347/260 2029/345/258
f 2032/348/261 2033/349/262 2031/347/260
f 2034/350/263 2035/351/264 2033/349/262
f 2035/351/264 2038/352/265 2037/353/266
f 2037/353/266 2040/354/267 2039/355/268
f 2039/355/268 2042/356/269 2041/357/270
f 2041/357/270 2044/358/271 2043/359/272
f 2043/359/272 2046/360/273 2045/361/274
f 2045/361/274 2048/362/275 2047/363/276
f 2047/363/276 2050/364/277 2049/365/278
f 2049/365/278 2020/366/249 2019/367/249
f 2020/335/249 2022/338/251 2021/336/250
f 2022/338/251 2024/340/253 2023/339/252
f 2024/340/253 2026/342/255 2025/341/254
f 2026/342/255 2028/344/257 2027/343/256
f 2028/344/257 2030/346/259 2029/345/258
f 2030/346/259 2032/348/261 2031/347/260
f 2032/348/261 2034/350/263 2033/349/262
f 2034/350/263 2036/368/264 2035/351/264
f 2035/351/264 2036/368/264 2038/352/265
f 2037/353/266 2038/352/265 2040/354/267
f 2039/355/268 2040/354/267 2042/356/269
f 2041/357/270 2042/356/269 2044/358/271
f 2043/359/272 2044/358/271 2046/360/273
f 2045/361/274 2046/360/273 2048/362/275
f 2047/363/276 2048/362/275 2050/364/277
f 2049/365/278 2050/364/277 2020/366/249
o GantryInsulator.008
v -1.746660 6.377845 -0.002362
v -1.761459 6.471445 -0.002362
v -1.837484 6.391606 -0.002362
v -1.847174 6.471445 -0.002362
v -1.923198 6.408018 -0.002362
v -1.923198 6.396540 0.025348
v -1.847174 6.442155 0.068349
v -1.837484 6.385458 0.012482
v -1.761459 6.442155 0.068349
v -1.746660 6.375205 0.004012
v -1.923198 6.368831 0.036825
v -1.847174 6.371444 0.097638
v -1.837484 6.370614 0.018630
v -1.761459 6.371444 0.097638
v -1.746660 6.368831 0.006652
v -1.923198 6.341122 0.025348
v -1.847174 6.300734 0.068349
v -1.837484 6.354487 0.011678
v -1.761459 6.300734 0.068349
v -1.746660 6.362457 0.004012
v -1.923198 6.329644 -0.002362
v -1.847174 6.271444 -0.002362
v -1.837484 6.348596 -0.002362
v -1.761459 6.271444 -0.002362
v -1.746660 6.359817 -0.002362
v -1.923198 6.341122 -0.030071
v -1.847174 6.300734 -0.073072
v -1.837484 6.354487 -0.016402
v -1.761459 6.300734 -0.073072
v -1.746660 6.362457 -0.008736
v -1.923198 6.368831 -0.041549
v -1.847174 6.371444 -0.102362
v -1.837484 6.370614 -0.023353
v -1.761459 6.371444 -0.102362
v -1.746660 6.368831 -0.011376
v -1.923198 6.396540 -0.030071
v -1.847174 6.442155 -0.073072
v -1.837484 6.385458 -0.017205
v -1.761459 6.442155 -0.073072
v -1.746660 6.375205 -0.008736
v -1.923198 6.387100 -0.002362
v -1.923198 6.381749 0.010556
v -1.923198 6.368831 0.015907
v -1.923198 6.355913 0.010556
v -1.923198 6.350562 -0.002362
v -1.923198 6.355913 -0.015280
v -1.923198 6.368831 -0.020631
v -1.923198 6.381749 -0.015280
v -2.041727 6.387100 -0.002362
v -2.041727 6.381749 0.010556
v -2.041727 6.368831 0.015907
v -2.041727 6.355913 0.010556
v -2.041727 6.350562 -0.002362
v -2.041727 6.355913 -0.015280
v -2.041727 6.368831 -0.020631
v -2.041727 6.381749 -0.015280
v -2.079509 6.368831 0.015907
v -2.079509 6.368831 -0.020631
v -2.041727 6.334806 -0.015280
v -2.041727 6.347724 -0.020631
v -2.041727 6.329455 -0.002362
v -2.041727 6.334806 0.010556
v -2.041727 6.347724 0.015907
v -2.079509 6.334806 -0.015280
v -2.079509 6.347724 -0.020631
v -2.079509 6.329455 -0.002362
v -2.079509 6.334806 0.010556
v -2.079509 6.347724 0.015907
v -2.041727 6.403365 -0.015280
v -2.041727 6.408716 -0.002362
v -2.041727 6.390447 -0.020631
v -2.041727 6.403365 0.010556
v -2.041727 6.390447 0.015907
v -2.079509 6.403365 -0.015280
v -2.079509 6.408716 -0.002362
v -2.079509 6.390447 -0.020631
v -2.079509 6.403365 0.010556
v -2.079509 6.390447 0.015907
vn 0.9875 0.1117 -0.1109
vn 0.9877 0.1562 -0.0000
vn 0.9875 0.1105 -0.1122
vn -0.7231 0.4889 -0.4879
vn -0.7242 0.6896 -0.0000
vn 0.9927 0.0856 -0.0853
vn 0.9927 0.1205 -0.0000
vn 0.9927 0.0852 -0.0857
vn -0.6361 0.5477 -0.5436
vn -0.6406 0.7679 -0.0000
vn 0.9870 0.0008 -0.1605
vn 0.9870 -0.0017 -0.1606
vn -0.7206 0.0010 -0.6934
vn -0.7231 0.4875 -0.4893
vn 0.9926 0.0002 -0.1217
vn 0.9926 -0.0010 -0.1213
vn -0.6247 0.0042 -0.7808
vn -0.6360 0.5424 -0.5489
vn 0.9865 -0.1154 -0.1162
vn 0.9865 -0.1167 -0.1149
vn -0.7160 -0.4921 -0.4952
vn -0.7222 -0.0052 -0.6917
vn 0.9924 -0.0869 -0.0876
vn 0.9924 -0.0888 -0.0857
vn -0.6129 -0.5566 -0.5609
vn -0.6245 -0.0066 -0.7810
vn 0.9863 -0.1652 -0.0000
vn -0.7126 -0.7016 -0.0000
vn -0.7158 -0.5003 -0.4872
vn 0.9922 -0.1245 -0.0000
vn 0.9922 -0.1246 -0.0000
vn -0.6079 -0.7940 -0.0000
vn -0.6128 -0.5621 -0.5554
vn 0.9865 -0.1167 0.1149
vn -0.7158 -0.5003 0.4872
vn -0.7160 -0.4921 0.4952
vn 0.9924 -0.0888 0.0857
vn -0.6128 -0.5621 0.5554
vn -0.6129 -0.5566 0.5609
vn 0.9870 -0.0017 0.1606
vn 0.9865 -0.1154 0.1162
vn -0.7222 -0.0052 0.6917
vn -0.7206 0.0010 0.6934
vn 0.9926 -0.0010 0.1213
vn 0.9924 -0.0869 0.0876
vn -0.6245 -0.0066 0.7810
vn -0.6247 0.0042 0.7808
vn 0.9875 0.1105 0.1122
vn 0.9870 0.0008 0.1605
vn -0.7231 0.4875 0.4893
vn -0.7231 0.4889 0.4879
vn 0.9927 0.0852 0.0857
vn 0.9926 0.0002 0.1217
vn -0.6360 0.5424 0.5489
vn -0.6361 0.5477 0.5436
vn 0.9875 0.1117 0.1109
vn 0.9927 0.0856 0.0853
vn -0.7123 -0.7019 -0.0000
vn -1.0000 -0.0000 -0.0000
vn -0.0000 -0.7071 0.7071
vn -0.0000 -1.0000 -0.0000
vn -0.0000 -0.7071 -0.7071
vn -0.0000 -0.0000 -1.0000
vn -0.0000 0.7071 -0.7071
vn -0.0000 1.0000 -0.0000
vn -0.0000 0.7071 0.7071
vn -0.0000 -0.0000 1.0000
vn 0.2425 -0.0000 0.9701
vn -0.0000 0.1951 0.9808
vn 1.0000 -0.0000 -0.0000
vn 0.6657 -0.1456 0.7319
vn -0.0000 -0.1951 -0.9808
vn 0.6657 -0.1456 -0.7319
vn -0.0000 -0.1951 0.9808
vn 0.2425 -0.0000 -0.9701
vn 0.6657 0.1456 0.7319
vn 0.6657 0.1456 -0.7319
vn -0.0000 0.1951 -0.9808
vt 0.959703 0.009387
vt 0.960882 0.008099
vt 0.960684 0.009187
vt 0.957954 0.007566
vt 0.960035 0.007566
vt 0.962915 0.005744
vt 0.961736 0.007033
vt 0.961934 0.005945
vt 0.964664 0.007566
vt 0.962584 0.007566
vt 0.958751 0.010974
vt 0.960309 0.010184
vt 0.959740 0.011133
vt 0.957756 0.008654
vt 0.963867 0.004157
vt 0.962309 0.004947
vt 0.962878 0.003998
vt 0.964862 0.006477
vt 0.957301 0.012125
vt 0.959037 0.011934
vt 0.958171 0.012621
vt 0.957187 0.009603
vt 0.965317 0.003006
vt 0.963581 0.003197
vt 0.964447 0.002510
vt 0.965431 0.005529
vt 0.955539 0.012691
vt 0.957231 0.013124
vt 0.956177 0.013462
vt 0.956321 0.010290
vt 0.967079 0.002440
vt 0.965388 0.002008
vt 0.966441 0.001669
vt 0.966297 0.004841
vt 0.957231 0.002008
vt 0.955539 0.002440
vt 0.956177 0.001669
vt 0.956321 0.004841
vt 0.957301 0.003006
vt 0.965388 0.013124
vt 0.967079 0.012691
vt 0.966441 0.013462
vt 0.966297 0.010290
vt 0.965317 0.012125
vt 0.959037 0.003197
vt 0.958171 0.002510
vt 0.957187 0.005529
vt 0.958751 0.004157
vt 0.963581 0.011934
vt 0.964447 0.012621
vt 0.965431 0.009603
vt 0.963867 0.010974
vt 0.960309 0.004947
vt 0.959740 0.003998
vt 0.957756 0.006477
vt 0.959703 0.005744
vt 0.962309 0.010184
vt 0.962878 0.011133
vt 0.964862 0.008654
vt 0.962915 0.009387
vt 0.960882 0.007033
vt 0.960684 0.005945
vt 0.961736 0.008099
vt 0.961934 0.009187
vt 0.955268 0.010628
vt 0.967350 0.004503
vt 0.955268 0.004503
vt 0.967350 0.010628
vt 0.981114 0.009656
vt 0.982013 0.009945
vt 0.981114 0.005003
vt 0.980374 0.005590
vt 0.979888 0.006400
vt 0.979719 0.007329
vt 0.979888 0.008259
vt 0.980374 0.009069
vt 0.982013 0.004714
s 1
usemtl Catenary
f 2089/369/279 2051/370/280 2090/371/281
f 2089/369/282 2053/372/283 2052/373/283
f 2087/374/284 2053/375/285 2088/376/286
f 2087/374/287 2055/377/288 2054/378/288
f 2084/379/289 2090/380/281 2085/381/290
f 2084/379/291 2088/382/292 2089/369/282
f 2082/383/293 2088/384/286 2083/385/294
f 2082/383/295 2086/386/296 2087/374/287
f 2079/387/297 2085/388/290 2080/389/298
f 2079/387/299 2083/390/300 2084/379/291
f 2077/391/301 2083/392/294 2078/393/302
f 2077/391/303 2081/394/304 2082/383/295
f 2074/395/305 2080/396/298 2075/397/305
f 2074/395/306 2078/398/307 2079/387/299
f 2072/399/308 2078/400/302 2073/401/309
f 2072/399/310 2076/402/311 2077/391/303
f 2070/403/312 2074/404/305 2075/405/305
f 2068/406/313 2074/404/306 2069/407/314
f 2068/408/315 2072/409/308 2073/410/309
f 2066/411/316 2072/409/310 2067/412/317
f 2065/413/318 2069/407/319 2070/414/312
f 2063/415/320 2069/407/314 2064/416/321
f 2063/417/322 2067/412/323 2068/418/315
f 2061/419/324 2067/412/317 2062/420/325
f 2060/421/326 2064/416/327 2065/422/318
f 2058/423/328 2064/416/321 2059/424/329
f 2058/425/330 2062/420/331 2063/426/322
f 2056/427/332 2062/420/325 2057/428/333
f 2051/429/280 2059/424/334 2060/430/326
f 2053/372/283 2059/424/329 2052/373/283
f 2053/431/285 2057/428/335 2058/432/330
f 2055/377/288 2057/428/333 2054/378/288
f 2089/369/279 2052/373/280 2051/370/280
f 2089/369/282 2088/382/292 2053/372/283
f 2087/374/284 2054/378/285 2053/375/285
f 2087/374/287 2086/386/296 2055/377/288
f 2084/379/289 2089/369/279 2090/380/281
f 2084/379/291 2083/390/300 2088/382/292
f 2082/383/293 2087/374/284 2088/384/286
f 2082/383/295 2081/394/304 2086/386/296
f 2079/387/297 2084/379/289 2085/388/290
f 2079/387/299 2078/398/307 2083/390/300
f 2077/391/301 2082/383/293 2083/392/294
f 2077/391/303 2076/402/311 2081/394/304
f 2074/395/305 2079/387/297 2080/396/298
f 2074/395/306 2073/433/336 2078/398/307
f 2072/399/308 2077/391/301 2078/400/302
f 2072/399/310 2071/434/310 2076/402/311
f 2070/403/312 2069/407/319 2074/404/305
f 2068/406/313 2073/435/336 2074/404/306
f 2068/408/315 2067/412/323 2072/409/308
f 2066/411/316 2071/436/310 2072/409/310
f 2065/413/318 2064/416/327 2069/407/319
f 2063/415/320 2068/406/313 2069/407/314
f 2063/417/322 2062/420/331 2067/412/323
f 2061/419/324 2066/411/316 2067/412/317
f 2060/421/326 2059/424/334 2064/416/327
f 2058/423/328 2063/415/320 2064/416/321
f 2058/425/330 2057/428/335 2062/420/331
f 2056/427/332 2061/419/324 2062/420/325
f 2051/429/280 2052/373/280 2059/424/334
f 2053/372/283 2058/423/328 2059/424/329
f 2053/431/285 2054/378/285 2057/428/335
f 2055/377/288 2056/427/332 2057/428/333
f 2081/394/337 2098/386/337 2086/386/337
f 2066/411/337 2093/419/337 2094/411/337
f 2076/402/337 2097/394/337 2081/394/337
f 2056/427/337 2093/419/337 2061/419/337
f 2071/434/337 2096/402/337 2076/402/337
f 2055/377/337 2092/427/337 2056/427/337
f 2055/377/337 2098/386/337 2091/377/337
f 2066/411/337 2095/436/337 2071/436/337
f 2094/437/338 2103/438/339 2095/438/339
f 2096/439/340 2105/440/341 2097/440/341
f 2098/441/342 2099/442/343 2091/442/343
f 2091/442/343 2100/443/344 2092/443/344
f 2093/444/345 2102/437/338 2094/437/338
f 2095/445/339 2104/439/340 2096/439/340
f 2097/440/341 2106/441/342 2098/441/342
f 2092/443/344 2101/444/345 2093/444/345
f 2101/444/346 2128/444/347 2107/444/345
f 2103/438/348 2112/437/348 2111/438/348
f 2107/444/345 2113/444/349 2101/444/346
f 2099/442/348 2122/443/348 2100/443/348
f 2103/445/348 2109/439/348 2104/439/348
f 2099/442/348 2119/441/348 2120/442/348
f 2112/437/338 2116/438/339 2111/438/339
f 2109/439/340 2115/440/350 2110/440/351
f 2112/437/338 2118/444/352 2117/437/338
f 2111/445/339 2114/439/340 2109/439/340
f 2105/440/353 2115/440/350 2108/440/341
f 2102/437/348 2113/444/349 2112/437/348
f 2104/439/348 2110/440/351 2105/440/353
f 2123/444/354 2127/443/344 2128/444/347
f 2119/441/342 2125/442/343 2120/442/343
f 2120/442/343 2127/443/344 2122/443/344
f 2121/440/355 2124/441/342 2119/441/342
f 2108/440/341 2121/440/355 2105/440/353
f 2106/441/348 2121/440/355 2119/441/348
f 2100/443/348 2123/444/354 2101/444/346
f 2081/394/337 2097/394/337 2098/386/337
f 2066/411/337 2061/419/337 2093/419/337
f 2076/402/337 2096/402/337 2097/394/337
f 2056/427/337 2092/427/337 2093/419/337
f 2071/434/337 2095/434/337 2096/402/337
f 2055/377/337 2091/377/337 2092/427/337
f 2055/377/337 2086/386/337 2098/386/337
f 2066/411/337 2094/411/337 2095/436/337
f 2094/437/338 2102/437/338 2103/438/339
f 2096/439/340 2104/439/340 2105/440/341
f 2098/441/342 2106/441/342 2099/442/343
f 2091/442/343 2099/442/343 2100/443/344
f 2093/444/345 2101/444/345 2102/437/338
f 2095/445/339 2103/445/339 2104/439/340
f 2097/440/341 2105/440/341 2106/441/342
f 2092/443/344 2100/443/344 2101/444/345
f 2101/444/346 2123/444/354 2128/444/347
f 2103/438/348 2102/437/348 2112/437/348
f 2107/444/345 2118/444/352 2113/444/349
f 2099/442/348 2120/442/348 2122/443/348
f 2103/445/348 2111/445/348 2109/439/348
f 2099/442/348 2106/441/348 2119/441/348
f 2112/437/338 2117/437/338 2116/438/339
f 2109/439/340 2114/439/340 2115/440/350
f 2112/437/338 2113/444/349 2118/444/352
f 2111/445/339 2116/445/339 2114/439/340
f 2105/440/353 2110/440/351 2115/440/350
f 2102/437/348 2101/444/346 2113/444/349
f 2104/439/348 2109/439/348 2110/440/351
f 2123/444/354 2122/443/344 2127/443/344
f 2119/441/342 2124/441/342 2125/442/343
f 2120/442/343 2125/442/343 2127/443/344
f 2121/440/355 2126/440/356 2124/441/342
f 2108/440/341 2126/440/356 2121/440/355
f 2106/441/348 2105/440/353 2121/440/355
f 2100/443/348 2122/443/348 2123/444/354
o GantryInsulator.009
v 23.586842 6.361275 -0.002362
v 23.601643 6.267675 -0.002362
v 23.677666 6.347514 -0.002362
v 23.687357 6.267675 -0.002362
v 23.763380 6.331102 -0.002362
v 23.763380 6.342579 0.025348
v 23.687357 6.296965 0.068349
v 23.677666 6.353662 0.012482
v 23.601643 6.296965 0.068349
v 23.586842 6.363915 0.004012
v 23.763380 6.370289 0.036825
v 23.687357 6.367675 0.097638
v 23.677666 6.368505 0.018630
v 23.601643 6.367675 0.097638
v 23.586842 6.370289 0.006652
v 23.763380 6.397998 0.025348
v 23.687357 6.438386 0.068349
v 23.677666 6.384633 0.011678
v 23.601643 6.438386 0.068349
v 23.586842 6.376663 0.004012
v 23.763380 6.409476 -0.002362
v 23.687357 6.467675 -0.002362
v 23.677666 6.390524 -0.002362
v 23.601643 6.467675 -0.002362
v 23.586842 6.379303 -0.002362
v 23.763380 6.397998 -0.030071
v 23.687357 6.438386 -0.073072
v 23.677666 6.384633 -0.016402
v 23.601643 6.438386 -0.073072
v 23.586842 6.376663 -0.008736
v 23.763380 6.370289 -0.041549
v 23.687357 6.367675 -0.102362
v 23.677666 6.368505 -0.023353
v 23.601643 6.367675 -0.102362
v 23.586842 6.370289 -0.011376
v 23.763380 6.342579 -0.030071
v 23.687357 6.296965 -0.073072
v 23.677666 6.353662 -0.017205
v 23.601643 6.296965 -0.073072
v 23.586842 6.363915 -0.008736
v 23.763380 6.352020 -0.002362
v 23.763380 6.357370 0.010556
v 23.763380 6.370289 0.015907
v 23.763380 6.383207 0.010556
v 23.763380 6.388558 -0.002362
v 23.763380 6.383207 -0.015280
v 23.763380 6.370289 -0.020631
v 23.763380 6.357370 -0.015280
v 23.881908 6.352020 -0.002362
v 23.881908 6.357370 0.010556
v 23.881908 6.370289 0.015907
v 23.881908 6.383207 0.010556
v 23.881908 6.388558 -0.002362
v 23.881908 6.383207 -0.015280
v 23.881908 6.370289 -0.020631
v 23.881908 6.357370 -0.015280
v 23.919691 6.370289 0.015907
v 23.919691 6.370289 -0.020631
v 23.881908 6.404313 -0.015280
v 23.881908 6.391395 -0.020631
v 23.881908 6.409664 -0.002362
v 23.881908 6.404313 0.010556
v 23.881908 6.391395 0.015907
v 23.919691 6.404313 -0.015280
v 23.919691 6.391395 -0.020631
v 23.919691 6.409664 -0.002362
v 23.919691 6.404313 0.010556
v 23.919691 6.391395 0.015907
v 23.881908 6.335754 -0.015280
v 23.881908 6.330403 -0.002362
v 23.881908 6.348672 -0.020631
v 23.881908 6.335754 0.010556
v 23.881908 6.348672 0.015907
v 23.919691 6.335754 -0.015280
v 23.919691 6.330403 -0.002362
v 23.919691 6.348672 -0.020631
v 23.919691 6.335754 0.010556
v 23.919691 6.348672 0.015907
vn -0.9875 -0.1117 -0.1109
vn -0.9877 -0.1562 -0.0000
vn -0.9875 -0.1105 -0.1122
vn 0.7231 -0.4889 -0.4879
vn 0.7242 -0.6896 -0.0000
vn -0.9927 -0.0856 -0.0853
vn -0.9927 -0.1205 -0.0000
vn -0.9927 -0.0852 -0.0857
vn 0.6361 -0.5477 -0.5436
vn 0.6406 -0.7679 -0.0000
vn -0.9870 -0.0008 -0.1605
vn -0.9870 0.0017 -0.1606
vn 0.7206 -0.0010 -0.6934
vn 0.7231 -0.4875 -0.4893
vn -0.9926 -0.0002 -0.1217
vn -0.9926 0.0010 -0.1213
vn 0.6247 -0.0042 -0.7808
vn 0.6360 -0.5424 -0.5489
vn -0.9865 0.1154 -0.1162
vn -0.9865 0.1167 -0.1149
vn 0.7160 0.4921 -0.4952
vn 0.7222 0.0052 -0.6917
vn -0.9924 0.0869 -0.0876
vn -0.9924 0.0888 -0.0857
vn 0.6129 0.5566 -0.5609
vn 0.6245 0.0066 -0.7810
vn -0.9863 0.1652 -0.0000
vn 0.7126 0.7016 -0.0000
vn 0.7158 0.5003 -0.4872
vn -0.9922 0.1245 -0.0000
vn -0.9922 0.1246 -0.0000
vn 0.6079 0.7940 -0.0000
vn 0.6128 0.5621 -0.5554
vn -0.9865 0.1167 0.1149
vn 0.7158 0.5003 0.4872
vn 0.7160 0.4921 0.4952
vn -0.9924 0.0888 0.0857
vn 0.6128 0.5621 0.5554
vn 0.6129 0.5566 0.5609
vn -0.9870 0.0017 0.1606
vn -0.9865 0.1154 0.1162
vn 0.7222 0.0052 0.6917
vn 0.7206 -0.0010 0.6934
vn -0.9926 0.0010 0.1213
vn -0.9924 0.0869 0.0876
vn 0.6245 0.0066 0.7810
vn 0.6247 -0.0042 0.7808
vn -0.9875 -0.1105 0.1122
vn -0.9870 -0.0008 0.1605
vn 0.7231 -0.4875 0.4893
vn 0.7231 -0.4889 0.4879
vn -0.9927 -0.0852 0.0857
vn -0.9926 -0.0002 0.1217
vn 0.6360 -0.5424 0.5489
vn 0.6361 -0.5477 0.5436
vn -0.9875 -0.1117 0.1109
vn -0.9927 -0.0856 0.0853
vn 0.7123 0.7019 -0.0000
vn 1.0000 -0.0000 -0.0000
vn -0.0000 0.7071 0.7071
vn -0.0000 1.0000 -0.0000
vn -0.0000 0.7071 -0.7071
vn -0.0000 -0.0000 -1.0000
vn -0.0000 -0.7071 -0.7071
vn -0.0000 -1.0000 -0.0000
vn -0.0000 -0.7071 0.7071
vn -0.0000 -0.0000 1.0000
vn -0.2425 -0.0000 0.9701
vn -0.0000 -0.1951 0.9808
vn -1.0000 -0.0000 -0.0000
vn -0.6657 0.1456 0.7319
vn -0.0000 0.1951 -0.9808
vn -0.6657 0.1456 -0.7319
vn -0.0000 0.1951 0.9808
vn -0.2425 -0.0000 -0.9701
vn -0.6657 -0.1456 0.7319
vn -0.6657 -0.1456 -0.7319
vn -0.0000 -0.1951 -0.9808
vt 0.959703 0.009387
vt 0.960882 0.008099
vt 0.960684 0.009187
vt 0.957954 0.007566
vt 0.960035 0.007566
vt 0.962915 0.005744
vt 0.961736 0.007033
vt 0.961934 0.005945
vt 0.964664 0.007566
vt 0.962584 0.007566
vt 0.958751 0.010974
vt 0.960309 0.010184
vt 0.959740 0.011133
vt 0.957756 0.008654
vt 0.963867 0.004157
vt 0.962309 0.004947
vt 0.962878 0.003998
vt 0.964862 0.006477
vt 0.957301 0.012125
vt 0.959037 0.011934
vt 0.958171 0.012621
vt 0.957187 0.009603
vt 0.965317 0.003006
vt 0.963581 0.003197
vt 0.964447 0.002510
vt 0.965431 0.005529
vt 0.955539 0.012691
vt 0.957231 0.013124
vt 0.956177 0.013462
vt 0.956321 0.010290
vt 0.967079 0.002440
vt 0.965388 0.002008
vt 0.966441 0.001669
vt 0.966297 0.004841
vt 0.957231 0.002008
vt 0.955539 0.002440
vt 0.956177 0.001669
vt 0.956321 0.004841
vt 0.957301 0.003006
vt 0.965388 0.013124
vt 0.967079 0.012691
vt 0.966441 0.013462
vt 0.966297 0.010290
vt 0.965317 0.012125
vt 0.959037 0.003197
vt 0.958171 0.002510
vt 0.957187 0.005529
vt 0.958751 0.004157
vt 0.963581 0.011934
vt 0.964447 0.012621
vt 0.965431 0.009603
vt 0.963867 0.010974
vt 0.960309 0.004947
vt 0.959740 0.003998
vt 0.957756 0.006477
vt 0.959703 0.005744
vt 0.962309 0.010184
vt 0.962878 0.011133
vt 0.964862 0.008654
vt 0.962915 0.009387
vt 0.960882 0.007033
vt 0.960684 0.005945
vt 0.961736 0.008099
vt 0.961934 0.009187
vt 0.955268 0.010628
vt 0.967350 0.004503
vt 0.955268 0.004503
vt 0.967350 0.010628
vt 0.981114 0.009656
vt 0.982013 0.009945
vt 0.981114 0.005003
vt 0.980374 0.005590
vt 0.979888 0.006400
vt 0.979719 0.007329
vt 0.979888 0.008259
vt 0.980374 0.009069
vt 0.982013 0.004714
s 1
usemtl Catenary
f 2167/446/357 2129/447/358 2168/448/359
f 2167/446/360 2131/449/361 2130/450/361
f 2165/451/362 2131/452/363 2166/453/364
f 2165/451/365 2133/454/366 2132/455/366
f 2162/456/367 2168/457/359 2163/458/368
f 2162/456/369 2166/459/370 2167/446/360
f 2160/460/371 2166/461/364 2161/462/372
f 2160/460/373 2164/463/374 2165/451/365
f 2157/464/375 2163/465/368 2158/466/376
f 2157/464/377 2161/467/378 2162/456/369
f 2155/468/379 2161/469/372 2156/470/380
f 2155/468/381 2159/471/382 2160/460/373
f 2152/472/383 2158/473/376 2153/474/383
f 2152/472/384 2156/475/385 2157/464/377
f 2150/476/386 2156/477/380 2151/478/387
f 2150/476/388 2154/479/389 2155/468/381
f 2148/480/390 2152/481/383 2153/482/383
f 2146/483/391 2152/481/384 2147/484/392
f 2146/485/393 2150/486/386 2151/487/387
f 2144/488/394 2150/486/388 2145/489/395
f 2143/490/396 2147/484/397 2148/491/390
f 2141/492/398 2147/484/392 2142/493/399
f 2141/494/400 2145/489/401 2146/495/393
f 2139/496/402 2145/489/395 2140/497/403
f 2138/498/404 2142/493/405 2143/499/396
f 2136/500/406 2142/493/399 2137/501/407
f 2136/502/408 2140/497/409 2141/503/400
f 2134/504/410 2140/497/403 2135/505/411
f 2129/506/358 2137/501/412 2138/507/404
f 2131/449/361 2137/501/407 2130/450/361
f 2131/508/363 2135/505/413 2136/509/408
f 2133/454/366 2135/505/411 2132/455/366
f 2167/446/357 2130/450/358 2129/447/358
f 2167/446/360 2166/459/370 2131/449/361
f 2165/451/362 2132/455/363 2131/452/363
f 2165/451/365 2164/463/374 2133/454/366
f 2162/456/367 2167/446/357 2168/457/359
f 2162/456/369 2161/467/378 2166/459/370
f 2160/460/371 2165/451/362 2166/461/364
f 2160/460/373 2159/471/382 2164/463/374
f 2157/464/375 2162/456/367 2163/465/368
f 2157/464/377 2156/475/385 2161/467/378
f 2155/468/379 2160/460/371 2161/469/372
f 2155/468/381 2154/479/389 2159/471/382
f 2152/472/383 2157/464/375 2158/473/376
f 2152/472/384 2151/510/414 2156/475/385
f 2150/476/386 2155/468/379 2156/477/380
f 2150/476/388 2149/511/388 2154/479/389
f 2148/480/390 2147/484/397 2152/481/383
f 2146/483/391 2151/512/414 2152/481/384
f 2146/485/393 2145/489/401 2150/486/386
f 2144/488/394 2149/513/388 2150/486/388
f 2143/490/396 2142/493/405 2147/484/397
f 2141/492/398 2146/483/391 2147/484/392
f 2141/494/400 2140/497/409 2145/489/401
f 2139/496/402 2144/488/394 2145/489/395
f 2138/498/404 2137/501/412 2142/493/405
f 2136/500/406 2141/492/398 2142/493/399
f 2136/502/408 2135/505/413 2140/497/409
f 2134/504/410 2139/496/402 2140/497/403
f 2129/506/358 2130/450/358 2137/501/412
f 2131/449/361 2136/500/406 2137/501/407
f 2131/508/363 2132/455/363 2135/505/413
f 2133/454/366 2134/504/410 2135/505/411
f 2159/471/415 2176/463/415 2164/463/415
f 2144/488/415 2171/496/415 2172/488/415
f 2154/479/415 2175/471/415 2159/471/415
f 2134/504/415 2171/496/415 2139/496/415
f 2149/511/415 2174/479/415 2154/479/415
f 2133/454/415 2170/504/415 2134/504/415
f 2133/454/415 2176/463/415 2169/454/415
f 2144/488/415 2173/513/415 2149/513/415
f 2172/514/416 2181/515/417 2173/515/417
f 2174/516/418 2183/517/419 2175/517/419
f 2176/518/420 2177/519/421 2169/519/421
f 2169/519/421 2178/520/422 2170/520/422
f 2171/521/423 2180/514/416 2172/514/416
f 2173/522/417 2182/516/418 2174/516/418
f 2175/517/419 2184/518/420 2176/518/420
f 2170/520/422 2179/521/423 2171/521/423
f 2179/521/424 2206/521/425 2185/521/423
f 2181/515/426 2190/514/426 2189/515/426
f 2185/521/423 2191/521/427 2179/521/424
f 2177/519/426 2200/520/426 2178/520/426
f 2181/522/426 2187/516/426 2182/516/426
f 2177/519/426 2197/518/426 2198/519/426
f 2190/514/416 2194/515/417 2189/515/417
f 2187/516/418 2193/517/428 2188/517/429
f 2190/514/416 2196/521/430 2195/514/416
f 2189/522/417 2192/516/418 2187/516/418
f 2183/517/431 2193/517/428 2186/517/419
f 2180/514/426 2191/521/427 2190/514/426
f 2182/516/426 2188/517/429 2183/517/431
f 2201/521/432 2205/520/422 2206/521/425
f 2197/518/420 2203/519/421 2198/519/421
f 2198/519/421 2205/520/422 2200/520/422
f 2199/517/433 2202/518/420 2197/518/420
f 2186/517/419 2199/517/433 2183/517/431
f 2184/518/426 2199/517/433 2197/518/426
f 2178/520/426 2201/521/432 2179/521/424
f 2159/471/415 2175/471/415 2176/463/415
f 2144/488/415 2139/496/415 2171/496/415
f 2154/479/415 2174/479/415 2175/471/415
f 2134/504/415 2170/504/415 2171/496/415
f 2149/511/415 2173/511/415 2174/479/415
f 2133/454/415 2169/454/415 2170/504/415
f 2133/454/415 2164/463/415 2176/463/415
f 2144/488/415 2172/488/415 2173/513/415
f 2172/514/416 2180/514/416 2181/515/417
f 2174/516/418 2182/516/418 2183/517/419
f 2176/518/420 2184/518/420 2177/519/421
f 2169/519/421 2177/519/421 2178/520/422
f 2171/521/423 2179/521/423 2180/514/416
f 2173/522/417 2181/522/417 2182/516/418
f 2175/517/419 2183/517/419 2184/518/420
f 2170/520/422 2178/520/422 2179/521/423
f 2179/521/424 2201/521/432 2206/521/425
f 2181/515/426 2180/514/426 2190/514/426
f 2185/521/423 2196/521/430 2191/521/427
f 2177/519/426 2198/519/426 2200/520/426
f 2181/522/426 2189/522/426 2187/516/426
f 2177/519/426 2184/518/426 2197/518/426
f 2190/514/416 2195/514/416 2194/515/417
f 2187/516/418 2192/516/418 2193/517/428
f 2190/514/416 2191/521/427 2196/521/430
f 2189/522/417 2194/522/417 2192/516/418
f 2183/517/431 2188/517/429 2193/517/428
f 2180/514/426 2179/521/424 2191/521/427
f 2182/516/426 2187/516/426 2188/517/429
f 2201/521/432 2200/520/422 2205/520/422
f 2197/518/420 2202/518/420 2203/519/421
f 2198/519/421 2203/519/421 2205/520/422
f 2199/517/433 2204/517/434 2202/518/420
f 2186/517/419 2204/517/434 2199/517/433
f 2184/518/426 2183/517/431 2199/517/433
f 2178/520/426 2200/520/426 2201/521/432
o TrussTrianglePlates
v -2.209824 7.328435 0.158496
v -2.209824 7.328435 0.180176
v -2.072919 7.328435 0.158496
v -1.503537 6.931338 0.158496
v -2.072919 7.328435 0.180176
v -1.503537 6.931338 0.180175
v -1.503537 7.033158 0.180175
v -1.503537 7.033158 0.158496
v -2.159823 6.696292 0.158496
v -2.209824 6.741220 0.158496
v -2.209824 6.741220 0.180175
v -2.159823 6.696292 0.180175
v -2.209824 7.924938 0.200101
v -2.209824 7.924938 0.178421
v -2.072919 7.924938 0.200101
v -1.503537 8.486173 0.200101
v -2.072919 7.924938 0.178421
v -1.503537 8.486173 0.178421
v -1.503537 8.351051 0.178421
v -1.503537 8.351051 0.200101
v -2.159823 8.486173 0.200101
v -2.209824 8.436172 0.200101
v -2.209824 8.436172 0.178421
v -2.159823 8.486173 0.178421
v 24.049623 7.328435 0.158496
v 24.049623 7.328435 0.180176
v 23.912720 7.328435 0.158496
v 23.343338 6.931338 0.158496
v 23.912720 7.328435 0.180176
v 23.343338 6.931338 0.180175
v 23.343338 7.033158 0.180175
v 23.343338 7.033158 0.158496
v 23.999622 6.696292 0.158496
v 24.049623 6.741220 0.158496
v 24.049623 6.741220 0.180175
v 23.999622 6.696292 0.180175
v 24.049623 7.924938 0.200101
v 24.049623 7.924938 0.178421
v 23.912720 7.924938 0.200101
v 23.343338 8.486173 0.200101
v 23.912720 7.924938 0.178421
v 23.343338 8.486173 0.178421
v 23.343338 8.351051 0.178421
v 23.343338 8.351051 0.200101
v 23.999622 8.486173 0.200101
v 24.049623 8.436172 0.200101
v 24.049623 8.436172 0.178421
v 23.999622 8.486173 0.178421
v -2.209824 7.328435 -0.666447
v -2.209824 7.328435 -0.688127
v -2.072919 7.328435 -0.666447
v -1.503537 6.931338 -0.666447
v -2.072919 7.328435 -0.688127
v -1.503537 6.931338 -0.688127
v -1.503537 7.033158 -0.688127
v -1.503537 7.033158 -0.666447
v -2.159823 6.696292 -0.666447
v -2.209824 6.741221 -0.666447
v -2.209824 6.741221 -0.688127
v -2.159823 6.696292 -0.688127
v -2.209824 7.924938 -0.708052
v -2.209824 7.924938 -0.686372
v -2.072919 7.924938 -0.708052
v -1.503537 8.486173 -0.708051
v -2.072919 7.924938 -0.686372
v -1.503537 8.486173 -0.686372
v -1.503537 8.351051 -0.686372
v -1.503537 8.351051 -0.708051
v -2.159823 8.486173 -0.708051
v -2.209824 8.436172 -0.708051
v -2.209824 8.436172 -0.686372
v -2.159823 8.486173 -0.686372
v 24.049623 7.328435 -0.666447
v 24.049623 7.328435 -0.688127
v 23.912720 7.328435 -0.666447
v 23.343338 6.931338 -0.666447
v 23.912720 7.328435 -0.688127
v 23.343338 6.931338 -0.688127
v 23.343338 7.033158 -0.688127
v 23.343338 7.033158 -0.666447
v 23.999622 6.696292 -0.666447
v 24.049623 6.741221 -0.666447
v 24.049623 6.741221 -0.688127
v 23.999622 6.696292 -0.688127
v 24.049623 7.924938 -0.708052
v 24.049623 7.924938 -0.686372
v 23.912720 7.924938 -0.708052
v 23.343338 8.486173 -0.708051
v 23.912720 7.924938 -0.686372
v 23.343338 8.486173 -0.686372
v 23.343338 8.351051 -0.686372
v 23.343338 8.351051 -0.708051
v 23.999622 8.486173 -0.708051
v 24.049623 8.436172 -0.708051
v 24.049623 8.436172 -0.686372
v 23.999622 8.486173 -0.686372
vn 1.0000 -0.0000 -0.0000
vn -0.0000 1.0000 -0.0000
vn 0.4604 0.8877 -0.0000
vn -0.6684 -0.7438 -0.0000
vn -0.0000 -0.0000 -1.0000
vn -1.0000 -0.0000 -0.0000
vn 0.3372 -0.9414 -0.0000
vn -0.0000 -0.0000 1.0000
vn -0.0000 -1.0000 -0.0000
vn 0.5992 -0.8006 -0.0000
vn -0.7071 0.7071 -0.0000
vn -0.4604 0.8877 -0.0000
vn 0.6684 -0.7438 -0.0000
vn -0.3372 -0.9414 -0.0000
vn -0.5992 -0.8006 -0.0000
vn 0.7071 0.7071 -0.0000
vt 0.523373 0.049730
vt 0.519602 0.057272
vt 0.519602 0.049730
vt 0.515831 0.049730
vt 0.508289 0.057272
vt 0.508289 0.049730
vt 0.515831 0.057272
vt 0.523373 0.042456
vt 0.522821 0.034647
vt 0.523373 0.034647
vt 0.523373 0.064280
vt 0.515831 0.064814
vt 0.515831 0.042189
vt 0.515831 0.034647
vt 0.530380 0.049730
vt 0.523373 0.057272
vt 0.522821 0.042189
vt 0.522821 0.064814
vt 0.530380 0.057272
s 0
usemtl Catenary
f 2212/523/435 2214/524/435 2213/525/435
f 2211/526/436 2207/527/436 2208/528/436
f 2213/525/437 2209/529/437 2211/526/437
f 2218/530/438 2216/531/438 2215/532/438
f 2214/524/439 2215/533/439 2207/534/439
f 2216/531/440 2208/535/440 2207/536/440
f 2218/537/441 2210/538/441 2212/523/441
f 2217/539/442 2212/523/442 2211/526/442
f 2225/525/435 2222/538/435 2226/524/435
f 2223/526/443 2219/527/443 2220/528/443
f 2225/525/444 2221/529/444 2223/526/444
f 2230/530/445 2228/531/445 2227/532/445
f 2226/524/442 2227/533/442 2219/534/442
f 2228/531/440 2220/535/440 2219/536/440
f 2230/537/436 2222/538/436 2224/523/436
f 2229/539/439 2224/523/439 2223/526/439
f 2238/524/440 2236/523/440 2237/525/440
f 2231/527/436 2235/526/436 2232/528/436
f 2233/529/446 2237/525/446 2235/526/446
f 2240/531/447 2242/530/447 2239/532/447
f 2231/534/439 2239/533/439 2238/524/439
f 2232/535/435 2240/531/435 2231/536/435
f 2234/538/448 2242/537/448 2236/523/448
f 2235/526/442 2236/523/442 2241/539/442
f 2249/525/440 2246/538/440 2248/523/440
f 2243/527/443 2247/526/443 2244/528/443
f 2245/529/449 2249/525/449 2247/526/449
f 2252/531/450 2254/530/450 2251/532/450
f 2243/534/442 2251/533/442 2250/524/442
f 2244/535/435 2252/531/435 2243/536/435
f 2246/538/436 2254/537/436 2248/523/436
f 2247/526/439 2248/523/439 2253/539/439
f 2262/524/435 2260/523/435 2261/525/435
f 2255/527/436 2259/526/436 2256/528/436
f 2257/529/437 2261/525/437 2259/526/437
f 2264/531/438 2266/530/438 2263/532/438
f 2255/534/442 2263/533/442 2262/524/442
f 2256/535/440 2264/531/440 2255/536/440
f 2258/538/441 2266/537/441 2260/523/441
f 2259/526/439 2260/523/439 2265/539/439
f 2273/525/435 2270/538/435 2272/523/435
f 2267/527/443 2271/526/443 2268/528/443
f 2269/529/444 2273/525/444 2271/526/444
f 2276/531/445 2278/530/445 2275/532/445
f 2267/534/439 2275/533/439 2274/524/439
f 2268/535/440 2276/531/440 2267/536/440
f 2270/538/436 2278/537/436 2272/523/436
f 2271/526/442 2272/523/442 2277/539/442
f 2284/523/440 2286/524/440 2285/525/440
f 2283/526/436 2279/527/436 2280/528/436
f 2285/525/446 2281/529/446 2283/526/446
f 2290/530/447 2288/531/447 2287/532/447
f 2286/524/442 2287/533/442 2279/534/442
f 2288/531/435 2280/535/435 2279/536/435
f 2290/537/448 2282/538/448 2284/523/448
f 2289/539/439 2284/523/439 2283/526/439
f 2297/525/440 2294/538/440 2298/524/440
f 2295/526/443 2291/527/443 2292/528/443
f 2297/525/449 2293/529/449 2295/526/449
f 2302/530/450 2300/531/450 2299/532/450
f 2298/524/439 2299/533/439 2291/534/439
f 2300/531/435 2292/535/435 2291/536/435
f 2302/537/436 2294/538/436 2296/523/436
f 2301/539/442 2296/523/442 2295/526/442
f 2212/523/435 2210/538/435 2214/524/435
f 2211/526/436 2209/529/436 2207/527/436
f 2213/525/437 2214/524/437 2209/529/437
f 2218/530/438 2217/539/438 2216/531/438
f 2207/534/439 2209/529/439 2214/524/439
f 2214/524/439 2210/538/439 2215/533/439
f 2215/533/439 2216/540/439 2207/534/439
f 2216/531/440 2217/539/440 2208/535/440
f 2218/537/441 2215/541/441 2210/538/441
f 2211/526/442 2208/535/442 2217/539/442
f 2217/539/442 2218/530/442 2212/523/442
f 2212/523/442 2213/525/442 2211/526/442
f 2225/525/435 2224/523/435 2222/538/435
f 2223/526/443 2221/529/443 2219/527/443
f 2225/525/444 2226/524/444 2221/529/444
f 2230/530/445 2229/539/445 2228/531/445
f 2219/534/442 2221/529/442 2226/524/442
f 2226/524/442 2222/538/442 2227/533/442
f 2227/533/442 2228/540/442 2219/534/442
f 2228/531/440 2229/539/440 2220/535/440
f 2230/537/436 2227/541/436 2222/538/436
f 2223/526/439 2220/535/439 2229/539/439
f 2229/539/439 2230/530/439 2224/523/439
f 2224/523/439 2225/525/439 2223/526/439
f 2238/524/440 2234/538/440 2236/523/440
f 2231/527/436 2233/529/436 2235/526/436
f 2233/529/446 2238/524/446 2237/525/446
f 2240/531/447 2241/539/447 2242/530/447
f 2238/524/439 2233/529/439 2231/534/439
f 2231/534/439 2240/540/439 2239/533/439
f 2239/533/439 2234/538/439 2238/524/439
f 2232/535/435 2241/539/435 2240/531/435
f 2234/538/448 2239/541/448 2242/537/448
f 2241/539/442 2232/535/442 2235/526/442
f 2235/526/442 2237/525/442 2236/523/442
f 2236/523/442 2242/530/442 2241/539/442
f 2249/525/440 2250/524/440 2246/538/440
f 2243/527/443 2245/529/443 2247/526/443
f 2245/529/449 2250/524/449 2249/525/449
f 2252/531/450 2253/539/450 2254/530/450
f 2250/524/442 2245/529/442 2243/534/442
f 2243/534/442 2252/540/442 2251/533/442
f 2251/533/442 2246/538/442 2250/524/442
f 2244/535/435 2253/539/435 2252/531/435
f 2246/538/436 2251/541/436 2254/537/436
f 2253/539/439 2244/535/439 2247/526/439
f 2247/526/439 2249/525/439 2248/523/439
f 2248/523/439 2254/530/439 2253/539/439
f 2262/524/435 2258/538/435 2260/523/435
f 2255/527/436 2257/529/436 2259/526/436
f 2257/529/437 2262/524/437 2261/525/437
f 2264/531/438 2265/539/438 2266/530/438
f 2262/524/442 2257/529/442 2255/534/442
f 2255/534/442 2264/540/442 2263/533/442
f 2263/533/442 2258/538/442 2262/524/442
f 2256/535/440 2265/539/440 2264/531/440
f 2258/538/441 2263/541/441 2266/537/441
f 2265/539/439 2256/535/439 2259/526/439
f 2259/526/439 2261/525/439 2260/523/439
f 2260/523/439 2266/530/439 2265/539/439
f 2273/525/435 2274/524/435 2270/538/435
f 2267/527/443 2269/529/443 2271/526/443
f 2269/529/444 2274/524/444 2273/525/444
f 2276/531/445 2277/539/445 2278/530/445
f 2274/524/439 2269/529/439 2267/534/439
f 2267/534/439 2276/540/439 2275/533/439
f 2275/533/439 2270/538/439 2274/524/439
f 2268/535/440 2277/539/440 2276/531/440
f 2270/538/436 2275/541/436 2278/537/436
f 2277/539/442 2268/535/442 2271/526/442
f 2271/526/442 2273/525/442 2272/523/442
f 2272/523/442 2278/530/442 2277/539/442
f 2284/523/440 2282/538/440 2286/524/440
f 2283/526/436 2281/529/436 2279/527/436
f 2285/525/446 2286/524/446 2281/529/446
f 2290/530/447 2289/539/447 2288/531/447
f 2279/534/442 2281/529/442 2286/524/442
f 2286/524/442 2282/538/442 2287/533/442
f 2287/533/442 2288/540/442 2279/534/442
f 2288/531/435 2289/539/435 2280/535/435
f 2290/537/448 2287/541/448 2282/538/448
f 2283/526/439 2280/535/439 2289/539/439
f 2289/539/439 2290/530/439 2284/523/439
f 2284/523/439 2285/525/439 2283/526/439
f 2297/525/440 2296/523/440 2294/538/440
f 2295/526/443 2293/529/443 2291/527/443
f 2297/525/449 2298/524/449 2293/529/449
f 2302/530/450 2301/539/450 2300/531/450
f 2291/534/439 2293/529/439 2298/524/439
f 2298/524/439 2294/538/439 2299/533/439
f 2299/533/439 2300/540/439 2291/534/439
f 2300/531/435 2301/539/435 2292/535/435
f 2302/537/436 2299/541/436 2294/538/436
f 2295/526/442 2292/535/442 2301/539/442
f 2301/539/442 2302/530/442 2296/523/442
f 2296/523/442 2297/525/442 2295/526/442
