# Blender 5.0.1
# www.blender.org
mtllib machinery_exterior_door.mtl
o RightExteriorDoorExport
g machinery_exterior_door
v -0.602229 0.803589 -0.000000
v -0.552229 0.853591 -0.000000
v -0.600525 0.816530 -0.000000
v -0.595530 0.828589 -0.000000
v -0.587584 0.838944 -0.000000
v -0.577229 0.846890 -0.000000
v -0.565170 0.851885 -0.000000
v -0.552229 -0.853588 0.019996
v -0.602229 -0.803588 0.019996
v -0.565170 -0.851884 0.019996
v -0.577229 -0.846889 0.019996
v -0.587584 -0.838943 0.019996
v -0.595530 -0.828588 0.019996
v -0.600525 -0.816529 0.019996
v -0.050000 0.853589 -0.000000
v -0.000000 0.803589 -0.000000
v -0.037059 0.851885 -0.000000
v -0.025000 0.846890 -0.000000
v -0.014645 0.838944 -0.000000
v -0.006699 0.828589 -0.000000
v -0.001704 0.816530 -0.000000
v -0.000000 -0.803588 0.019996
v -0.050000 -0.853588 0.019996
v -0.001704 -0.816529 0.019996
v -0.006699 -0.828588 0.019996
v -0.014645 -0.838943 0.019996
v -0.025000 -0.846889 0.019996
v -0.037059 -0.851884 0.019996
v -0.028665 0.804224 -0.030153
v -0.027503 0.795250 -0.030153
v -0.031571 0.811355 -0.030153
v -0.036160 0.817434 -0.030153
v -0.042088 0.822059 -0.030153
v -0.048939 0.824943 -0.030153
v -0.057590 0.826101 -0.030153
v -0.574726 0.795250 -0.030153
v -0.573564 0.804224 -0.030153
v -0.570658 0.811355 -0.030153
v -0.566069 0.817434 -0.030153
v -0.560141 0.822059 -0.030153
v -0.553290 0.824943 -0.030153
v -0.544639 0.826101 -0.030153
v -0.048939 0.304666 -0.030153
v -0.057590 0.303509 -0.030153
v -0.042088 0.307551 -0.030153
v -0.036160 0.312175 -0.030153
v -0.031571 0.318254 -0.030153
v -0.028665 0.325386 -0.030153
v -0.027503 0.334360 -0.030153
v -0.544640 0.303509 -0.030153
v -0.553290 0.304666 -0.030153
v -0.560141 0.307551 -0.030153
v -0.566069 0.312175 -0.030153
v -0.570658 0.318254 -0.030153
v -0.573564 0.325386 -0.030153
v -0.574726 0.334360 -0.030153
v -0.000000 0.803589 -0.015077
v -0.037059 0.851885 -0.015077
v -0.025000 0.846890 -0.015077
v -0.014645 0.838944 -0.015077
v -0.006699 0.828589 -0.015077
v -0.001704 0.816530 -0.015077
v -0.050000 0.853589 -0.015077
v -0.577229 0.846890 -0.015077
v -0.587584 0.838944 -0.015077
v -0.595530 0.828589 -0.015077
v -0.600525 0.816530 -0.015077
v -0.602229 0.803589 -0.015077
v -0.565170 0.851885 -0.015077
v -0.552229 0.853590 -0.015077
v -0.050000 -0.853588 -0.015077
v -0.037059 -0.851884 -0.015077
v -0.025000 -0.846889 -0.015077
v -0.014645 -0.838943 -0.015077
v -0.006699 -0.828588 -0.015077
v -0.001704 -0.816529 -0.015077
v -0.000000 -0.803588 -0.015077
v -0.552229 -0.853588 -0.015077
v -0.565170 -0.851884 -0.015077
v -0.577229 -0.846889 -0.015077
v -0.587584 -0.838943 -0.015077
v -0.595530 -0.828588 -0.015077
v -0.600525 -0.816529 -0.015077
v -0.602229 -0.803588 -0.015077
v -0.009164 0.809367 -0.015077
v -0.014035 0.821320 -0.015077
v -0.021783 0.831585 -0.015077
v -0.031880 0.839461 -0.015077
v -0.043639 0.844412 -0.015077
v -0.056257 0.846101 -0.015077
v -0.594726 0.796540 -0.015077
v -0.043639 -0.844411 -0.015077
v -0.031880 -0.839460 -0.015077
v -0.021783 -0.831584 -0.015077
v -0.014035 -0.821319 -0.015077
v -0.009164 -0.809366 -0.015077
v -0.007503 -0.796539 -0.015077
v -0.545972 -0.846100 -0.015077
v -0.558590 0.844412 -0.015077
v -0.570349 0.839461 -0.015077
v -0.580446 0.831585 -0.015077
v -0.588194 0.821320 -0.015077
v -0.593065 0.809367 -0.015077
v -0.580446 -0.831584 -0.015077
v -0.570349 -0.839460 -0.015077
v -0.558590 -0.844411 -0.015077
v -0.545972 0.846102 -0.015077
v -0.007503 0.796540 -0.015077
v -0.056257 -0.846100 -0.015077
v -0.588194 -0.821319 -0.015077
v -0.593065 -0.809366 -0.015077
v -0.594726 -0.796539 -0.015077
v -0.009164 0.809367 -0.030153
v -0.007503 0.796540 -0.030153
v -0.014035 0.821320 -0.030153
v -0.021783 0.831585 -0.030153
v -0.031880 0.839461 -0.030153
v -0.043639 0.844412 -0.030153
v -0.056257 0.846101 -0.030153
v -0.594726 0.796540 -0.030153
v -0.593065 0.809367 -0.030153
v -0.588194 0.821320 -0.030153
v -0.580446 0.831585 -0.030153
v -0.570349 0.839461 -0.030153
v -0.558590 0.844412 -0.030153
v -0.545972 0.846101 -0.030153
v -0.043639 -0.844411 -0.030153
v -0.056257 -0.846100 -0.030153
v -0.031880 -0.839460 -0.030153
v -0.021783 -0.831584 -0.030153
v -0.014035 -0.821319 -0.030153
v -0.009164 -0.809366 -0.030153
v -0.007503 -0.796539 -0.030153
v -0.545972 -0.846100 -0.030153
v -0.558590 -0.844411 -0.030153
v -0.570349 -0.839460 -0.030153
v -0.580446 -0.831584 -0.030153
v -0.588194 -0.821319 -0.030153
v -0.593065 -0.809366 -0.030153
v -0.594726 -0.796539 -0.030153
v -0.574726 0.334360 -0.000000
v -0.573564 0.325386 -0.000000
v -0.570658 0.318254 -0.000000
v -0.560141 0.307551 -0.000000
v -0.566069 0.312175 -0.000000
v -0.553290 0.304666 -0.000000
v -0.544640 0.303509 -0.000000
v -0.042088 0.822059 -0.000000
v -0.057590 0.826101 -0.000000
v -0.048939 0.824943 -0.000000
v -0.574726 0.795250 -0.000000
v -0.574203 0.799293 -0.000000
v -0.573564 0.804224 -0.000000
v -0.570658 0.811355 -0.000000
v -0.566069 0.817434 -0.000000
v -0.553290 0.824943 -0.000000
v -0.544639 0.826101 -0.000000
v -0.560141 0.822059 -0.000000
v -0.048939 0.304666 -0.000000
v -0.057590 0.303509 -0.000000
v -0.036160 0.312175 -0.000000
v -0.036160 0.817434 -0.000000
v -0.028665 0.804224 -0.000000
v -0.027503 0.795250 -0.000000
v -0.027503 0.334360 -0.000000
v -0.028665 0.325386 -0.000000
v -0.031571 0.318254 -0.000000
v -0.031571 0.811355 -0.000000
v -0.042088 0.307551 -0.000000
v -0.042088 0.307551 -0.010051
v -0.042088 0.307551 -0.020102
v -0.048939 0.304666 -0.020102
v -0.048939 0.304666 -0.010051
v -0.042088 0.822059 -0.010051
v -0.042088 0.822059 -0.020102
v -0.036160 0.817434 -0.020102
v -0.036160 0.817434 -0.010051
v -0.574726 0.334360 -0.010051
v -0.574726 0.334360 -0.020102
v -0.574726 0.795250 -0.020102
v -0.574726 0.795250 -0.010051
v -0.031571 0.318254 -0.010051
v -0.031571 0.318254 -0.020102
v -0.036160 0.312175 -0.020102
v -0.036160 0.312175 -0.010051
v -0.028665 0.804224 -0.010051
v -0.028665 0.804224 -0.020102
v -0.027503 0.795250 -0.020102
v -0.027503 0.795250 -0.010051
v -0.057590 0.303509 -0.010051
v -0.057590 0.303509 -0.020102
v -0.544640 0.303509 -0.020102
v -0.544640 0.303509 -0.010051
v -0.560141 0.822059 -0.010051
v -0.560141 0.822059 -0.020102
v -0.553290 0.824943 -0.020102
v -0.553290 0.824943 -0.010051
v -0.560141 0.307551 -0.010051
v -0.560141 0.307551 -0.020102
v -0.566069 0.312175 -0.020102
v -0.566069 0.312175 -0.010051
v -0.573564 0.325386 -0.010051
v -0.573564 0.325386 -0.020102
v -0.570658 0.318254 -0.010051
v -0.570658 0.318254 -0.020102
v -0.057590 0.826101 -0.010051
v -0.057590 0.826101 -0.020102
v -0.048939 0.824943 -0.020102
v -0.048939 0.824943 -0.010051
v -0.027503 0.334360 -0.010051
v -0.027503 0.334360 -0.020102
v -0.028665 0.325386 -0.020102
v -0.028665 0.325386 -0.010051
v -0.544639 0.826101 -0.020102
v -0.544639 0.826101 -0.010051
v -0.573564 0.804224 -0.010051
v -0.573564 0.804224 -0.020102
v -0.570658 0.811355 -0.020102
v -0.570658 0.811355 -0.010051
v -0.566069 0.817434 -0.010051
v -0.566069 0.817434 -0.020102
v -0.031571 0.811355 -0.010051
v -0.031571 0.811355 -0.020102
v -0.553290 0.304666 -0.020102
v -0.553290 0.304666 -0.010051
v -0.038665 0.335386 -0.010051
v -0.038665 0.335386 -0.020102
v -0.037503 0.344360 -0.020102
v -0.037503 0.344360 -0.010051
v -0.067590 0.313509 -0.020102
v -0.067590 0.313509 -0.010051
v -0.046160 0.322175 -0.010051
v -0.046160 0.322175 -0.020102
v -0.041571 0.328254 -0.020102
v -0.041571 0.328254 -0.010051
v -0.058939 0.314666 -0.010051
v -0.058939 0.314666 -0.020102
v -0.052088 0.317551 -0.020102
v -0.052088 0.317551 -0.010051
v -0.602229 -0.005009 -0.000000
v -0.602229 0.145010 -0.000000
v -0.594726 0.145009 -0.030153
v -0.007503 0.145009 -0.030153
v -0.552238 0.140010 -0.000000
v -0.547238 0.145010 -0.000000
v -0.550773 0.143546 -0.000000
v -0.527250 0.145010 -0.000000
v -0.522250 0.140010 -0.000000
v -0.523715 0.143546 -0.000000
v -0.547238 -0.005009 -0.000000
v -0.552238 -0.000009 -0.000000
v -0.550773 -0.003544 -0.000000
v -0.522250 -0.000009 -0.000000
v -0.527250 -0.005009 -0.000000
v -0.523715 -0.003544 -0.000000
v -0.552238 -0.000008 -0.030153
v -0.547238 -0.005008 -0.030153
v -0.550773 -0.003543 -0.030153
v -0.527250 -0.005008 -0.030153
v -0.522250 -0.000008 -0.030153
v -0.523715 -0.003543 -0.030153
v -0.547238 0.145009 -0.030153
v -0.552238 0.140009 -0.030153
v -0.550773 0.143545 -0.030153
v -0.522250 0.140009 -0.030153
v -0.527250 0.145009 -0.030153
v -0.523715 0.143545 -0.030153
v -0.547039 0.144010 0.010000
v -0.547238 0.145010 0.009000
v -0.551238 0.139811 0.010000
v -0.552238 0.140010 0.009000
v -0.550008 0.142780 0.010000
v -0.550773 0.143546 0.009000
v -0.523250 0.139811 0.010000
v -0.522250 0.140010 0.009000
v -0.527449 0.144010 0.010000
v -0.527250 0.145010 0.009000
v -0.524480 0.142780 0.010000
v -0.523715 0.143546 0.009000
v -0.551238 0.000190 0.010000
v -0.552238 -0.000009 0.009000
v -0.547039 -0.004009 0.010000
v -0.547238 -0.005009 0.009000
v -0.550008 -0.002779 0.010000
v -0.550773 -0.003544 0.009000
v -0.527449 -0.004009 0.010000
v -0.527250 -0.005009 0.009000
v -0.523250 0.000190 0.010000
v -0.522250 -0.000009 0.009000
v -0.524480 -0.002779 0.010000
v -0.523715 -0.003544 0.009000
v -0.547039 -0.004008 -0.040153
v -0.547238 -0.005008 -0.039153
v -0.551238 0.000191 -0.040153
v -0.552238 -0.000008 -0.039153
v -0.550008 -0.002778 -0.040153
v -0.550773 -0.003543 -0.039153
v -0.523250 0.000191 -0.040153
v -0.522250 -0.000008 -0.039153
v -0.527449 -0.004008 -0.040153
v -0.527250 -0.005008 -0.039153
v -0.524480 -0.002778 -0.040153
v -0.523715 -0.003543 -0.039153
v -0.551238 0.139810 -0.040153
v -0.552238 0.140009 -0.039153
v -0.547039 0.144009 -0.040153
v -0.547238 0.145009 -0.039153
v -0.550008 0.142780 -0.040153
v -0.550773 0.143545 -0.039153
v -0.527449 0.144009 -0.040153
v -0.527250 0.145009 -0.039153
v -0.523250 0.139811 -0.040153
v -0.522250 0.140009 -0.039153
v -0.524480 0.142780 -0.040153
v -0.523715 0.143545 -0.039153
v -0.048665 0.345386 -0.004054
v -0.048665 0.345386 -0.026100
v -0.047503 0.354360 -0.026100
v -0.047503 0.354360 -0.004054
v -0.077590 0.323509 -0.026100
v -0.077590 0.323509 -0.004054
v -0.056160 0.332175 -0.004054
v -0.056160 0.332175 -0.026100
v -0.051571 0.338254 -0.026100
v -0.051571 0.338254 -0.004054
v -0.068939 0.324666 -0.004054
v -0.068939 0.324666 -0.026100
v -0.062088 0.327551 -0.026100
v -0.062088 0.327551 -0.004054
v -0.058665 0.355386 -0.010051
v -0.058665 0.355386 -0.020102
v -0.057503 0.364360 -0.020102
v -0.057503 0.364360 -0.010051
v -0.087590 0.333508 -0.020102
v -0.087590 0.333508 -0.010051
v -0.066160 0.342175 -0.010051
v -0.066160 0.342175 -0.020102
v -0.061571 0.348254 -0.020102
v -0.061571 0.348254 -0.010051
v -0.078939 0.334666 -0.010051
v -0.078939 0.334666 -0.020102
v -0.072088 0.337551 -0.020102
v -0.072088 0.337551 -0.010051
v -0.564726 0.344360 -0.010051
v -0.564726 0.344360 -0.020102
v -0.534640 0.313509 -0.020102
v -0.534640 0.313509 -0.010051
v -0.550141 0.317551 -0.010051
v -0.550141 0.317551 -0.020102
v -0.556069 0.322175 -0.020102
v -0.556069 0.322175 -0.010051
v -0.563564 0.335386 -0.010051
v -0.563564 0.335386 -0.020102
v -0.560658 0.328254 -0.010051
v -0.560658 0.328254 -0.020102
v -0.543290 0.314666 -0.020102
v -0.543290 0.314666 -0.010051
v -0.554726 0.354360 -0.004054
v -0.554726 0.354360 -0.026100
v -0.524640 0.323509 -0.026100
v -0.524640 0.323509 -0.004054
v -0.540141 0.327551 -0.004054
v -0.540141 0.327551 -0.026100
v -0.546070 0.332175 -0.026100
v -0.546070 0.332175 -0.004054
v -0.553564 0.345386 -0.004054
v -0.553564 0.345386 -0.026100
v -0.550658 0.338254 -0.004054
v -0.550658 0.338254 -0.026100
v -0.533290 0.324666 -0.026100
v -0.533290 0.324666 -0.004054
v -0.544726 0.364360 -0.010051
v -0.544726 0.364360 -0.020102
v -0.514640 0.333508 -0.020102
v -0.514640 0.333508 -0.010051
v -0.530141 0.337551 -0.010051
v -0.530141 0.337551 -0.020102
v -0.536070 0.342175 -0.020102
v -0.536070 0.342175 -0.010051
v -0.543564 0.355386 -0.010051
v -0.543564 0.355386 -0.020102
v -0.540658 0.348254 -0.010051
v -0.540658 0.348254 -0.020102
v -0.523290 0.334666 -0.020102
v -0.523290 0.334666 -0.010051
v -0.052088 0.812059 -0.010051
v -0.052088 0.812059 -0.020102
v -0.046160 0.807434 -0.020102
v -0.046160 0.807434 -0.010051
v -0.038665 0.794224 -0.010051
v -0.038665 0.794224 -0.020102
v -0.037503 0.785250 -0.020102
v -0.037503 0.785250 -0.010051
v -0.067590 0.816101 -0.010051
v -0.067590 0.816101 -0.020102
v -0.058939 0.814943 -0.020102
v -0.058939 0.814943 -0.010051
v -0.041571 0.801355 -0.010051
v -0.041571 0.801355 -0.020102
v -0.062088 0.802059 -0.004054
v -0.062088 0.802059 -0.026100
v -0.056160 0.797434 -0.026100
v -0.056160 0.797434 -0.004054
v -0.048665 0.784224 -0.004054
v -0.048665 0.784224 -0.026100
v -0.047503 0.775250 -0.026100
v -0.047503 0.775250 -0.004054
v -0.077590 0.806101 -0.004054
v -0.077590 0.806101 -0.026100
v -0.068939 0.804943 -0.026100
v -0.068939 0.804943 -0.004054
v -0.051571 0.791355 -0.004054
v -0.051571 0.791355 -0.026100
v -0.072088 0.792059 -0.010051
v -0.072088 0.792059 -0.020102
v -0.066160 0.787434 -0.020102
v -0.066160 0.787434 -0.010051
v -0.058665 0.774224 -0.010051
v -0.058665 0.774224 -0.020102
v -0.057503 0.765250 -0.020102
v -0.057503 0.765250 -0.010051
v -0.087590 0.796101 -0.010051
v -0.087590 0.796101 -0.020102
v -0.078939 0.794943 -0.020102
v -0.078939 0.794943 -0.010051
v -0.061571 0.781355 -0.010051
v -0.061571 0.781355 -0.020102
v -0.564726 0.785250 -0.020102
v -0.564726 0.785250 -0.010051
v -0.550141 0.812059 -0.010051
v -0.550141 0.812059 -0.020102
v -0.543290 0.814943 -0.020102
v -0.543290 0.814943 -0.010051
v -0.534639 0.816101 -0.020102
v -0.534639 0.816101 -0.010051
v -0.563564 0.794224 -0.010051
v -0.563564 0.794224 -0.020102
v -0.560658 0.801355 -0.020102
v -0.560658 0.801355 -0.010051
v -0.556069 0.807434 -0.010051
v -0.556069 0.807434 -0.020102
v -0.554726 0.775250 -0.026100
v -0.554726 0.775250 -0.004054
v -0.540141 0.802059 -0.004054
v -0.540141 0.802059 -0.026100
v -0.533290 0.804943 -0.026100
v -0.533290 0.804943 -0.004054
v -0.524639 0.806101 -0.026100
v -0.524639 0.806101 -0.004054
v -0.553564 0.784224 -0.004054
v -0.553564 0.784224 -0.026100
v -0.550658 0.791355 -0.026100
v -0.550658 0.791355 -0.004054
v -0.546070 0.797434 -0.004054
v -0.546070 0.797434 -0.026100
v -0.544726 0.765250 -0.020102
v -0.544726 0.765250 -0.010051
v -0.530141 0.792059 -0.010051
v -0.530141 0.792059 -0.020102
v -0.523290 0.794943 -0.020102
v -0.523290 0.794943 -0.010051
v -0.514639 0.796101 -0.020102
v -0.514639 0.796101 -0.010051
v -0.543564 0.774224 -0.010051
v -0.543564 0.774224 -0.020102
v -0.540658 0.781355 -0.020102
v -0.540658 0.781355 -0.010051
v -0.536070 0.787434 -0.010051
v -0.536070 0.787434 -0.020102
v -0.602229 -0.690000 0.019996
v -0.000000 -0.690000 0.019996
v -0.602229 -0.347504 -0.000000
v -0.000000 -0.347504 -0.000000
v -0.310000 -0.831584 -0.030153
v -0.300000 -0.821584 -0.030153
v -0.305000 -0.830244 -0.030153
v -0.301340 -0.826584 -0.030153
v -0.550000 -0.821584 -0.030153
v -0.540000 -0.831584 -0.030153
v -0.548660 -0.826584 -0.030153
v -0.545000 -0.830244 -0.030153
v -0.300000 -0.710000 -0.030153
v -0.310000 -0.700000 -0.030153
v -0.301340 -0.705000 -0.030153
v -0.305000 -0.701340 -0.030153
v -0.540000 -0.700000 -0.030153
v -0.550000 -0.710000 -0.030153
v -0.545000 -0.701340 -0.030153
v -0.548660 -0.705000 -0.030153
v -0.300000 -0.821584 0.003002
v -0.310000 -0.831584 0.003002
v -0.301340 -0.826584 0.003002
v -0.305000 -0.830244 0.003002
v -0.540000 -0.831584 0.003002
v -0.550000 -0.821584 0.003002
v -0.545000 -0.830244 0.003002
v -0.548660 -0.826584 0.003002
v -0.310000 -0.700000 0.003002
v -0.300000 -0.710000 0.003002
v -0.305000 -0.701340 0.003002
v -0.301340 -0.705000 0.003002
v -0.550000 -0.710000 0.003002
v -0.540000 -0.700000 0.003002
v -0.548660 -0.705000 0.003002
v -0.545000 -0.701340 0.003002
v -0.594726 -0.108500 -0.030153
v -0.594726 -0.009370 -0.030153
v -0.007503 -0.009370 -0.030153
v -0.007503 -0.108500 -0.030153
vn 0.9659 0.2588 -0.0000
vn 0.9979 0.0654 -0.0000
vn 0.8660 0.5000 -0.0000
vn 0.7071 0.7071 -0.0000
vn 0.5000 0.8660 -0.0000
vn 0.2588 0.9659 -0.0000
vn 0.0654 0.9979 -0.0000
vn 0.2588 -0.9659 -0.0000
vn 0.0654 -0.9979 -0.0000
vn 0.5000 -0.8660 -0.0000
vn 0.7071 -0.7071 -0.0000
vn 0.8660 -0.5000 -0.0000
vn 0.9659 -0.2588 -0.0000
vn 0.9979 -0.0654 -0.0000
vn -0.0654 -0.9979 -0.0000
vn -0.2588 -0.9659 -0.0000
vn -0.5000 -0.8660 -0.0000
vn -0.7071 -0.7071 -0.0000
vn -0.8660 -0.5000 -0.0000
vn -0.9659 -0.2588 -0.0000
vn -0.9979 -0.0654 -0.0000
vn -0.0655 0.9979 -0.0001
vn 1.0000 -0.0000 -0.0000
vn -1.0000 -0.0000 -0.0000
vn -0.2589 0.9659 -0.0000
vn -0.5000 0.8660 -0.0000
vn -0.7071 0.7071 -0.0000
vn -0.8660 0.5000 -0.0000
vn -0.9659 0.2588 -0.0000
vn -0.9979 0.0654 -0.0000
vn -0.9669 0.2550 -0.0000
vn -0.9979 0.0644 -0.0000
vn -0.8694 0.4941 -0.0000
vn -0.7127 0.7015 -0.0000
vn -0.5060 0.8626 -0.0000
vn -0.2627 0.9649 -0.0000
vn -0.0665 0.9978 -0.0000
vn -0.2627 -0.9649 -0.0000
vn -0.0665 -0.9978 -0.0000
vn -0.5060 -0.8626 -0.0000
vn -0.7127 -0.7015 -0.0000
vn -0.8694 -0.4941 -0.0000
vn -0.9669 -0.2550 -0.0000
vn -0.9979 -0.0644 -0.0000
vn 0.0665 0.9978 -0.0000
vn -0.0665 0.9978 -0.0001
vn 0.0665 -0.9978 -0.0000
vn 0.9979 0.0644 -0.0000
vn 0.9669 -0.2550 -0.0000
vn 0.8694 -0.4941 -0.0000
vn 0.7127 -0.7015 -0.0000
vn 0.5060 -0.8626 -0.0000
vn 0.9979 -0.0644 -0.0000
vn 0.2627 -0.9649 -0.0000
vn 0.2627 0.9649 -0.0000
vn 0.5060 0.8626 -0.0000
vn 0.7127 0.7015 -0.0000
vn 0.8694 0.4941 -0.0000
vn 0.9669 0.2550 -0.0000
vn -0.0000 -0.0000 -1.0000
vn -0.0000 -0.0000 1.0000
vn 0.9917 -0.1284 -0.0000
vn -0.4798 0.4799 0.7345
vn -0.6868 0.1366 0.7139
vn -0.1366 0.6868 0.7139
vn -0.4798 0.4798 0.7345
vn 0.4798 0.4798 0.7345
vn 0.6868 0.1366 0.7139
vn 0.1366 0.6868 0.7139
vn 0.4798 -0.4798 0.7345
vn 0.1366 -0.6868 0.7139
vn 0.6868 -0.1366 0.7139
vn -0.4799 -0.4798 0.7345
vn -0.1366 -0.6868 0.7139
vn -0.6867 -0.1366 0.7140
vn -0.4799 -0.4799 0.7345
vn 0.4798 -0.4798 -0.7345
vn 0.1366 -0.6868 -0.7139
vn 0.6867 -0.1366 -0.7140
vn 0.4798 0.4798 -0.7345
vn 0.1366 0.6867 -0.7139
vn 0.6868 0.1366 -0.7139
vn -0.4799 0.4798 -0.7345
vn -0.1366 0.6868 -0.7139
vn -0.6867 0.1366 -0.7140
vn -0.4799 0.4799 -0.7345
vn -0.4798 -0.4798 -0.7345
vn -0.1366 -0.6868 -0.7139
vn -0.6868 -0.1366 -0.7139
vn 0.6867 -0.1366 -0.7139
vn -0.1951 0.9808 -0.0000
vn 0.1951 0.9808 -0.0000
vn -0.9808 -0.1951 -0.0000
vn -0.9808 0.1951 -0.0000
vn 0.9808 0.1951 -0.0000
vn 0.9808 -0.1951 -0.0000
vn 0.1951 -0.9808 -0.0000
vn -0.1951 -0.9808 -0.0000
vn 0.4816 -0.0434 -0.8753
vn 0.0490 0.0076 -0.9988
vn 0.0312 0.0132 -0.9994
vn 0.4816 -0.0434 0.8753
vn 0.0490 0.0076 0.9988
vn 0.4150 -0.1255 0.9011
vn 0.1284 -0.4125 0.9019
vn 0.0104 -0.0352 0.9993
vn -0.0072 -0.0499 0.9987
vn 0.2084 -0.3413 0.9166
vn 0.0233 -0.0226 0.9995
vn 0.0447 -0.4806 0.8758
vn -0.0135 -0.0321 0.9994
vn 0.3449 -0.2045 -0.9161
vn 0.0233 -0.0226 -0.9995
vn 0.0353 -0.0095 -0.9993
vn 0.4150 -0.1255 -0.9011
vn 0.3449 -0.2045 0.9161
vn 0.2781 -0.2740 0.9206
vn 0.0447 -0.4806 -0.8758
vn -0.0072 -0.0499 -0.9987
vn 0.1284 -0.4125 -0.9019
vn 0.0104 -0.0352 -0.9993
vn 0.2084 -0.3413 -0.9166
vn 0.0353 -0.0095 0.9993
vn 0.2781 -0.2740 -0.9206
vn -0.7189 0.4019 -0.5671
vn -0.8140 0.2022 -0.5445
vn -0.5836 0.5742 0.5742
vn -0.5836 0.5742 -0.5742
vn -0.7189 0.4019 0.5671
vn -0.8598 0.0471 -0.5085
vn -0.4116 0.7126 0.5682
vn -0.2082 0.8115 0.5460
vn -0.0135 -0.0321 -0.9994
vn -0.2082 0.8115 -0.5459
vn -0.0487 0.8594 0.5090
vn -0.4116 0.7126 -0.5682
vn 0.0312 0.0132 0.9994
vn -0.8140 0.2022 0.5445
vn -0.0447 -0.4806 0.8758
vn 0.0072 -0.0499 0.9987
vn -0.1284 -0.4125 0.9019
vn -0.4816 -0.0434 -0.8753
vn -0.0490 0.0076 -0.9988
vn -0.4150 -0.1255 -0.9011
vn -0.4150 -0.1255 0.9011
vn -0.0353 -0.0095 0.9993
vn -0.0490 0.0076 0.9988
vn -0.0447 -0.4806 -0.8758
vn 0.0072 -0.0499 -0.9987
vn 0.0135 -0.0321 -0.9994
vn -0.2084 -0.3413 0.9166
vn -0.0233 -0.0226 0.9995
vn -0.2781 -0.2740 0.9206
vn -0.0104 -0.0352 0.9993
vn -0.0353 -0.0095 -0.9993
vn -0.3449 -0.2045 -0.9161
vn -0.3449 -0.2045 0.9161
vn -0.2084 -0.3413 -0.9166
vn -0.0233 -0.0226 -0.9995
vn -0.0104 -0.0352 -0.9993
vn -0.1284 -0.4125 -0.9019
vn -0.4816 -0.0434 0.8753
vn -0.0312 0.0132 0.9994
vn -0.2781 -0.2740 -0.9206
vn 0.5836 0.5742 0.5742
vn 0.4116 0.7126 0.5682
vn 0.7189 0.4019 -0.5671
vn 0.7189 0.4019 0.5671
vn 0.5836 0.5742 -0.5742
vn 0.4116 0.7126 -0.5682
vn 0.2082 0.8115 -0.5460
vn 0.8140 0.2022 0.5445
vn 0.8598 0.0471 0.5085
vn 0.0135 -0.0321 0.9994
vn 0.2082 0.8115 0.5460
vn -0.0312 0.0132 -0.9994
vn 0.8140 0.2022 -0.5445
vn 0.0487 0.8594 -0.5090
vn 0.0487 0.8594 0.5091
vn 0.8598 0.0471 -0.5085
vn -0.0487 0.8594 -0.5091
vn -0.8598 0.0471 0.5085
vn 0.0447 0.4806 0.8758
vn -0.0072 0.0499 0.9987
vn 0.1284 0.4125 0.9019
vn 0.4150 0.1255 -0.9011
vn 0.0353 0.0095 -0.9993
vn 0.3449 0.2045 -0.9161
vn 0.2084 0.3413 0.9166
vn 0.0233 0.0226 0.9995
vn 0.2781 0.2740 0.9206
vn 0.3449 0.2045 0.9161
vn 0.0353 0.0095 0.9993
vn 0.0447 0.4806 -0.8758
vn -0.0072 0.0499 -0.9987
vn -0.0135 0.0321 -0.9994
vn 0.0104 0.0352 0.9993
vn 0.2084 0.3413 -0.9166
vn 0.0233 0.0226 -0.9995
vn 0.0104 0.0352 -0.9993
vn 0.2781 0.2740 -0.9206
vn 0.4816 0.0434 0.8753
vn 0.0490 -0.0076 0.9988
vn 0.0312 -0.0132 0.9994
vn 0.1284 0.4125 -0.9019
vn 0.4150 0.1255 0.9011
vn 0.4816 0.0434 -0.8753
vn 0.0490 -0.0076 -0.9988
vn -0.2082 -0.8115 -0.5459
vn -0.0487 -0.8594 -0.5091
vn -0.4116 -0.7126 0.5682
vn -0.5836 -0.5742 -0.5742
vn -0.4116 -0.7126 -0.5682
vn -0.8140 -0.2022 0.5445
vn -0.8598 -0.0471 0.5085
vn -0.7189 -0.4019 0.5671
vn 0.0312 -0.0132 -0.9994
vn -0.8140 -0.2022 -0.5445
vn -0.0135 0.0321 0.9994
vn -0.2082 -0.8115 0.5460
vn -0.7189 -0.4019 -0.5671
vn -0.5836 -0.5742 0.5742
vn -0.8598 -0.0471 -0.5085
vn -0.0487 -0.8594 0.5091
vn -0.1284 0.4125 0.9019
vn -0.0104 0.0352 0.9993
vn 0.0072 0.0499 0.9987
vn -0.4816 0.0434 0.8753
vn -0.0490 -0.0076 0.9988
vn -0.4150 0.1255 0.9011
vn -0.4150 0.1255 -0.9011
vn -0.0353 0.0095 -0.9993
vn -0.0490 -0.0076 -0.9988
vn -0.2084 0.3413 0.9166
vn -0.0233 0.0226 0.9995
vn -0.1284 0.4125 -0.9019
vn -0.0104 0.0352 -0.9993
vn -0.2084 0.3413 -0.9166
vn -0.4816 0.0434 -0.8753
vn -0.0312 -0.0132 -0.9994
vn -0.0447 0.4806 0.8758
vn 0.0135 0.0321 0.9994
vn -0.0233 0.0226 -0.9995
vn -0.2781 0.2740 -0.9206
vn -0.3449 0.2045 0.9161
vn -0.2781 0.2740 0.9206
vn -0.0447 0.4806 -0.8758
vn 0.0072 0.0499 -0.9987
vn -0.0353 0.0095 0.9993
vn -0.3449 0.2045 -0.9161
vn 0.8140 -0.2022 -0.5445
vn 0.8598 -0.0471 -0.5085
vn 0.2082 -0.8115 0.5460
vn 0.0487 -0.8594 0.5091
vn 0.5836 -0.5742 -0.5742
vn 0.5836 -0.5742 0.5742
vn 0.0135 0.0321 -0.9994
vn 0.2082 -0.8115 -0.5460
vn 0.7189 -0.4019 0.5671
vn 0.7189 -0.4019 -0.5671
vn 0.4116 -0.7126 0.5682
vn -0.0312 -0.0132 0.9994
vn 0.8140 -0.2022 0.5445
vn 0.4116 -0.7126 -0.5682
vn 0.0487 -0.8594 -0.5090
vn 0.8598 -0.0471 0.5085
vn -0.0000 0.0583 0.9983
vn -0.9914 -0.1305 -0.0000
vn -0.1305 -0.9914 -0.0000
vn 0.9914 -0.1305 -0.0000
vn 0.1305 -0.9914 -0.0000
vn 0.9914 0.1305 -0.0000
vn 0.1305 0.9914 -0.0000
vn -0.9914 0.1305 -0.0000
vn -0.1305 0.9914 -0.0000
vt 0.422334 0.522357
vt 0.420544 0.525074
vt 0.420223 0.522635
vt 0.424302 0.521542
vt 0.423276 0.524630
vt 0.425991 0.520246
vt 0.425799 0.523494
vt 0.427288 0.518557
vt 0.427943 0.521743
vt 0.428102 0.516589
vt 0.429560 0.519498
vt 0.428380 0.514478
vt 0.430541 0.516910
vt 0.150139 0.516588
vt 0.144188 0.515224
vt 0.149861 0.514477
vt 0.150954 0.518556
vt 0.144853 0.518778
vt 0.152250 0.520245
vt 0.146414 0.522039
vt 0.153940 0.521541
vt 0.148767 0.524784
vt 0.155907 0.522356
vt 0.151750 0.526828
vt 0.158018 0.522634
vt 0.155160 0.528029
vt 0.149861 0.432541
vt 0.144139 0.514477
vt 0.144139 0.432541
vt 0.144466 0.429682
vt 0.144188 0.431794
vt 0.145667 0.426272
vt 0.150139 0.430429
vt 0.144852 0.428240
vt 0.147711 0.423289
vt 0.150954 0.428462
vt 0.146414 0.424979
vt 0.150456 0.420937
vt 0.152250 0.426772
vt 0.148767 0.422233
vt 0.153717 0.419375
vt 0.153940 0.425476
vt 0.151750 0.420190
vt 0.157271 0.418710
vt 0.155907 0.424661
vt 0.155160 0.418988
vt 0.430841 0.432541
vt 0.430840 0.514478
vt 0.232427 0.525094
vt 0.176550 0.528356
vt 0.158018 0.424383
vt 0.232427 0.421924
vt 0.288304 0.421924
vt 0.430542 0.430108
vt 0.428381 0.432541
vt 0.428103 0.430429
vt 0.430375 0.429488
vt 0.427288 0.428462
vt 0.429561 0.427521
vt 0.429240 0.426965
vt 0.425992 0.426773
vt 0.427943 0.425275
vt 0.427489 0.424821
vt 0.424302 0.425476
vt 0.425800 0.423525
vt 0.425244 0.423204
vt 0.422335 0.424661
vt 0.423276 0.422389
vt 0.422656 0.422223
vt 0.420224 0.424383
vt 0.420545 0.421945
vt 0.700046 0.553905
vt 0.697878 0.551497
vt 0.700317 0.551812
vt 0.699090 0.556468
vt 0.697607 0.553589
vt 0.699885 0.554517
vt 0.697511 0.558696
vt 0.696812 0.555539
vt 0.698775 0.557021
vt 0.695414 0.560438
vt 0.695548 0.557214
vt 0.697061 0.559153
vt 0.692937 0.561574
vt 0.693901 0.558499
vt 0.694855 0.560766
vt 0.692309 0.561745
vt 0.689924 0.559582
vt 0.691983 0.559307
vt 0.692309 0.281344
vt 0.689924 0.283506
vt 0.690250 0.281068
vt 0.694856 0.282322
vt 0.691983 0.283782
vt 0.692937 0.281515
vt 0.697061 0.283935
vt 0.693901 0.284589
vt 0.695414 0.282650
vt 0.698776 0.286067
vt 0.695548 0.285874
vt 0.697512 0.284393
vt 0.699885 0.288571
vt 0.696813 0.287549
vt 0.699090 0.286621
vt 0.700318 0.291276
vt 0.697607 0.289499
vt 0.700046 0.289183
vt 0.610029 0.559584
vt 0.689924 0.562042
vt 0.610029 0.562043
vt 0.697878 0.420016
vt 0.697878 0.403843
vt 0.700338 0.291592
vt 0.610029 0.281046
vt 0.689924 0.281046
vt 0.602075 0.420016
vt 0.602075 0.445202
vt 0.599615 0.551498
vt 0.602346 0.289499
vt 0.600863 0.286621
vt 0.603140 0.287549
vt 0.604404 0.285874
vt 0.604539 0.282650
vt 0.606052 0.284589
vt 0.602075 0.291592
vt 0.599906 0.289183
vt 0.602441 0.284392
vt 0.607016 0.281515
vt 0.607970 0.283782
vt 0.609703 0.281068
vt 0.610029 0.283506
vt 0.607644 0.561746
vt 0.607970 0.559308
vt 0.605097 0.560767
vt 0.606052 0.558500
vt 0.602892 0.559155
vt 0.604405 0.557215
vt 0.601177 0.557023
vt 0.603140 0.555541
vt 0.600068 0.554519
vt 0.602346 0.553591
vt 0.599635 0.551814
vt 0.602075 0.551498
vt 0.421166 0.425878
vt 0.157076 0.521139
vt 0.159168 0.521410
vt 0.610246 0.556321
vt 0.689706 0.556319
vt 0.389482 0.742309
vt 0.390236 0.741342
vt 0.394287 0.744130
vt 0.869467 0.141414
vt 0.871745 0.141808
vt 0.869965 0.142470
vt 0.801288 0.156833
vt 0.800687 0.155190
vt 0.801775 0.156045
vt 0.865650 0.257086
vt 0.804237 0.240698
vt 0.865736 0.255653
vt 0.867900 0.139939
vt 0.869866 0.139313
vt 0.868763 0.140560
vt 0.803188 0.154848
vt 0.803786 0.153097
vt 0.804237 0.154406
vt 0.872320 0.143711
vt 0.870256 0.251152
vt 0.870256 0.143951
vt 0.801288 0.238271
vt 0.799558 0.237778
vt 0.800970 0.237384
vt 0.869467 0.253689
vt 0.869866 0.255791
vt 0.868763 0.254543
vt 0.867241 0.257015
vt 0.866931 0.255531
vt 0.868613 0.256578
vt 0.867900 0.255164
vt 0.800806 0.158889
vt 0.799558 0.157326
vt 0.800970 0.157720
vt 0.865736 0.139450
vt 0.867241 0.138088
vt 0.866931 0.139572
vt 0.800806 0.236214
vt 0.803188 0.240255
vt 0.801528 0.240770
vt 0.802414 0.239726
vt 0.800687 0.239914
vt 0.801775 0.239058
vt 0.801528 0.154333
vt 0.802415 0.155377
vt 0.803786 0.242006
vt 0.802519 0.241450
vt 0.872320 0.251393
vt 0.869964 0.252634
vt 0.871745 0.253295
vt 0.799264 0.236350
vt 0.852952 0.400992
vt 0.853699 0.317428
vt 0.854590 0.401208
vt 0.774047 0.371909
vt 0.772924 0.373548
vt 0.772484 0.372289
vt 0.773895 0.370615
vt 0.772225 0.370742
vt 0.849633 0.404456
vt 0.848841 0.406019
vt 0.848361 0.404386
vt 0.777184 0.284842
vt 0.775708 0.283626
vt 0.777083 0.283316
vt 0.851012 0.314360
vt 0.851421 0.312444
vt 0.852289 0.313466
vt 0.850326 0.313555
vt 0.850376 0.311579
vt 0.851851 0.316275
vt 0.852958 0.314619
vt 0.853417 0.315876
vt 0.850622 0.404212
vt 0.852391 0.404934
vt 0.851190 0.405615
vt 0.851480 0.403730
vt 0.853381 0.403978
vt 0.848306 0.312255
vt 0.778741 0.283395
vt 0.849008 0.310788
vt 0.774867 0.373830
vt 0.774434 0.375749
vt 0.773577 0.374711
vt 0.849836 0.405982
vt 0.774158 0.286984
vt 0.772225 0.287916
vt 0.772728 0.286354
vt 0.852651 0.402183
vt 0.854110 0.402791
vt 0.775351 0.285487
vt 0.773478 0.285191
vt 0.774487 0.284266
vt 0.775547 0.374644
vt 0.775474 0.376634
vt 0.776391 0.375331
vt 0.776846 0.377451
vt 0.773839 0.288153
vt 0.777571 0.375973
vt 0.847972 0.405944
vt 0.690130 0.445202
vt 0.691118 0.471250
vt 0.689707 0.471061
vt 0.309206 0.743532
vt 0.310670 0.743722
vt 0.279779 0.748209
vt 0.256119 0.740053
vt 0.278963 0.740053
vt 0.983979 0.208360
vt 0.983553 0.208786
vt 0.983495 0.208561
vt 0.984405 0.207934
vt 0.984166 0.208511
vt 0.983979 0.204195
vt 0.983553 0.203769
vt 0.984130 0.204008
vt 0.984405 0.204621
vt 0.984180 0.204680
vt 0.960232 0.204195
vt 0.959805 0.204621
vt 0.960044 0.204045
vt 0.960658 0.203769
vt 0.960716 0.203995
vt 0.960232 0.208360
vt 0.959805 0.207934
vt 0.960031 0.207876
vt 0.960658 0.208786
vt 0.960081 0.208547
vt 0.960232 0.224324
vt 0.959805 0.223898
vt 0.960031 0.223840
vt 0.960658 0.224750
vt 0.960081 0.224511
vt 0.983979 0.224324
vt 0.984405 0.223898
vt 0.984166 0.224475
vt 0.983553 0.224750
vt 0.983494 0.224525
vt 0.983979 0.220159
vt 0.984405 0.220585
vt 0.984179 0.220644
vt 0.983553 0.219733
vt 0.984130 0.219972
vt 0.960232 0.220159
vt 0.959805 0.220585
vt 0.960044 0.220009
vt 0.960658 0.219733
vt 0.960716 0.219959
vt 0.960684 0.208791
vt 0.960716 0.208561
vt 0.984410 0.207908
vt 0.984180 0.207876
vt 0.983527 0.203764
vt 0.983495 0.203995
vt 0.959800 0.204647
vt 0.960031 0.204680
vt 0.983494 0.219959
vt 0.960684 0.219728
vt 0.983527 0.219728
vt 0.959800 0.220611
vt 0.960031 0.220644
vt 0.960716 0.224525
vt 0.983527 0.224755
vt 0.960684 0.224755
vt 0.984179 0.223840
vt 0.984410 0.220611
vt 0.984410 0.223872
vt 0.985762 0.208496
vt 0.985523 0.209073
vt 0.985879 0.207908
vt 0.984410 0.204647
vt 0.985879 0.204647
vt 0.960684 0.210260
vt 0.983527 0.208791
vt 0.983527 0.210260
vt 0.984692 0.209904
vt 0.984115 0.210143
vt 0.984115 0.202412
vt 0.983527 0.202296
vt 0.960684 0.203764
vt 0.960684 0.202296
vt 0.985523 0.203483
vt 0.984166 0.204045
vt 0.960096 0.210143
vt 0.959519 0.209904
vt 0.958332 0.204647
vt 0.959800 0.207908
vt 0.958332 0.207908
vt 0.958688 0.209073
vt 0.958449 0.208496
vt 0.958449 0.204059
vt 0.959519 0.202651
vt 0.960081 0.204008
vt 0.958449 0.220023
vt 0.958332 0.220611
vt 0.959800 0.223872
vt 0.958332 0.223872
vt 0.959519 0.218615
vt 0.960081 0.219972
vt 0.983527 0.218260
vt 0.960684 0.218260
vt 0.960096 0.226107
vt 0.959519 0.225868
vt 0.960684 0.226224
vt 0.983527 0.226224
vt 0.958688 0.225037
vt 0.958449 0.224460
vt 0.984115 0.218377
vt 0.984691 0.218615
vt 0.985878 0.223872
vt 0.985878 0.220611
vt 0.985523 0.219447
vt 0.985762 0.220023
vt 0.985762 0.224460
vt 0.984691 0.225868
vt 0.984130 0.224511
vt 0.579772 0.866127
vt 0.579571 0.868233
vt 0.578114 0.868039
vt 0.944371 0.372332
vt 0.944461 0.370156
vt 0.946002 0.372298
vt 0.950025 0.368966
vt 0.947617 0.368193
vt 0.948163 0.367076
vt 0.949415 0.370165
vt 0.946773 0.369130
vt 0.950332 0.367417
vt 0.948420 0.365664
vt 0.582517 0.866847
vt 0.581744 0.869459
vt 0.580742 0.868707
vt 0.581301 0.866343
vt 0.947334 0.371897
vt 0.948498 0.371167
vt 0.585092 0.871278
vt 0.582990 0.871553
vt 0.584864 0.869804
vt 0.582509 0.870431
vt 0.584354 0.868639
vt 0.945692 0.369803
vt 0.583557 0.867631
vt 0.579054 0.870505
vt 0.577927 0.870080
vt 0.945180 0.367262
vt 0.580010 0.871209
vt 0.944216 0.367841
vt 0.576489 0.869938
vt 0.945903 0.366407
vt 0.946350 0.365349
vt 0.583196 0.872956
vt 0.581158 0.873216
vt 0.946552 0.363969
vt 0.580726 0.872136
vt 0.942992 0.370167
vt 0.943081 0.368109
vt 0.950332 0.289075
vt 0.948210 0.289292
vt 0.950166 0.287631
vt 0.579839 0.953120
vt 0.579603 0.951022
vt 0.581358 0.952881
vt 0.947017 0.283957
vt 0.946166 0.286210
vt 0.945054 0.285575
vt 0.585092 0.947931
vt 0.582992 0.947663
vt 0.583194 0.946257
vt 0.949743 0.286472
vt 0.947094 0.287075
vt 0.949053 0.285435
vt 0.947786 0.288122
vt 0.580767 0.950531
vt 0.582562 0.952365
vt 0.948127 0.284580
vt 0.584373 0.950563
vt 0.581762 0.949768
vt 0.582518 0.948788
vt 0.584872 0.949399
vt 0.945584 0.283539
vt 0.943616 0.285139
vt 0.583588 0.951573
vt 0.945104 0.288724
vt 0.945794 0.289783
vt 0.579049 0.948751
vt 0.944179 0.287849
vt 0.580003 0.948029
vt 0.580718 0.947090
vt 0.581150 0.946001
vt 0.943064 0.287195
vt 0.941640 0.286715
vt 0.948379 0.290748
vt 0.946228 0.290971
vt 0.578147 0.951241
vt 0.577922 0.949199
vt 0.581306 0.944611
vt 0.944997 0.365056
vt 0.944819 0.365823
vt 0.944009 0.289632
vt 0.944482 0.290404
vt 0.942472 0.288573
vt 0.944422 0.366379
vt 0.943815 0.366697
vt 0.944745 0.291307
vt 0.943333 0.289015
vt 0.944837 0.292535
vt 0.946440 0.292433
vt 0.943021 0.366756
vt 0.941257 0.288247
vt 0.581312 0.874602
vt 0.941669 0.368067
vt 0.944999 0.363895
vt 0.868115 0.353787
vt 0.870237 0.353569
vt 0.868282 0.355230
vt 0.505970 0.867123
vt 0.506560 0.869474
vt 0.504766 0.867640
vt 0.868704 0.356389
vt 0.871354 0.355786
vt 0.869395 0.357426
vt 0.870320 0.358281
vt 0.872281 0.356652
vt 0.502235 0.872074
vt 0.504335 0.872341
vt 0.504134 0.873748
vt 0.870661 0.354739
vt 0.502955 0.869442
vt 0.505566 0.870237
vt 0.504809 0.871216
vt 0.503739 0.868431
vt 0.872864 0.359322
vt 0.873394 0.357286
vt 0.874831 0.357722
vt 0.502456 0.870606
vt 0.871430 0.358904
vt 0.507488 0.866885
vt 0.507725 0.868983
vt 0.506178 0.874003
vt 0.506021 0.875394
vt 0.872653 0.353078
vt 0.507324 0.871975
vt 0.506609 0.872915
vt 0.875383 0.355666
vt 0.876808 0.356146
vt 0.874268 0.355013
vt 0.509181 0.868764
vt 0.509406 0.870806
vt 0.870068 0.352113
vt 0.872220 0.351890
vt 0.508278 0.871254
vt 0.873343 0.354138
vt 0.877191 0.354614
vt 0.941865 0.366556
vt 0.875975 0.354288
vt 0.874438 0.353229
vt 0.873965 0.352457
vt 0.510845 0.870632
vt 0.873703 0.351555
vt 0.872007 0.350428
vt 0.775582 0.368971
vt 0.775710 0.370464
vt 0.803241 0.237982
vt 0.868422 0.273896
vt 0.870830 0.274668
vt 0.870284 0.275786
vt 0.874076 0.270530
vt 0.873986 0.272706
vt 0.872445 0.270563
vt 0.506027 0.953662
vt 0.506586 0.951298
vt 0.507757 0.951773
vt 0.869032 0.272696
vt 0.871674 0.273732
vt 0.502464 0.950201
vt 0.504818 0.949574
vt 0.502973 0.951366
vt 0.507556 0.953878
vt 0.509214 0.951966
vt 0.868115 0.275445
vt 0.870027 0.277197
vt 0.505583 0.950546
vt 0.503771 0.952374
vt 0.871113 0.270964
vt 0.869949 0.271695
vt 0.502235 0.948727
vt 0.504338 0.948452
vt 0.872756 0.273058
vt 0.504810 0.953158
vt 0.509401 0.949926
vt 0.510839 0.950067
vt 0.872097 0.277512
vt 0.871895 0.278892
vt 0.507318 0.948796
vt 0.873267 0.275599
vt 0.504131 0.947049
vt 0.506170 0.946789
vt 0.874232 0.275020
vt 0.508273 0.949501
vt 0.872544 0.276454
vt 0.875455 0.272695
vt 0.875367 0.274752
vt 0.506601 0.947869
vt 0.874632 0.276164
vt 0.874026 0.276482
vt 0.873451 0.277805
vt 0.873628 0.277038
vt 0.867281 0.141930
vt 0.866573 0.141259
vt 0.506016 0.945403
vt 0.875426 0.276105
vt 0.876582 0.276305
vt 0.876778 0.274795
vt 0.851324 0.399357
vt 0.852016 0.317575
vt 0.873448 0.278967
vt 0.873610 0.350327
vt 0.576483 0.949372
vt 0.199427 0.748209
vt 0.143455 0.649958
vt 0.199427 0.649958
vt 0.116766 0.658115
vt 0.117859 0.654036
vt 0.124923 0.649958
vt 0.046307 0.760530
vt 0.047152 0.765939
vt 0.046307 0.765939
vt 0.047152 0.760530
vt 0.047996 0.765939
vt 0.048841 0.760530
vt 0.048841 0.765939
vt 0.088898 0.765939
vt 0.088053 0.760530
vt 0.088898 0.760530
vt 0.088053 0.765939
vt 0.087209 0.760530
vt 0.087209 0.765939
vt 0.086364 0.760530
vt 0.107102 0.760530
vt 0.107947 0.765939
vt 0.107102 0.765939
vt 0.108791 0.760530
vt 0.108791 0.765939
vt 0.109636 0.760530
vt 0.109636 0.765939
vt 0.028103 0.765939
vt 0.027258 0.760530
vt 0.028103 0.760530
vt 0.027258 0.765939
vt 0.026414 0.760530
vt 0.026414 0.765939
vt 0.025569 0.760530
vt 0.650013 0.306526
vt 0.649795 0.305710
vt 0.147160 0.760530
vt 0.147160 0.765939
vt 0.690363 0.286690
vt 0.690581 0.287506
vt 0.086364 0.765939
vt 0.086364 0.739063
vt 0.087996 0.740694
vt 0.690707 0.420966
vt 0.690130 0.420727
vt 0.602075 0.403843
vt 0.422655 0.524796
vt 0.425243 0.523815
vt 0.427489 0.522197
vt 0.429239 0.520054
vt 0.430375 0.517531
vt 0.430819 0.514799
vt 0.144466 0.517335
vt 0.145668 0.520745
vt 0.147711 0.523728
vt 0.150456 0.526081
vt 0.153717 0.527643
vt 0.157272 0.528307
vt 0.158018 0.528356
vt 0.420223 0.525095
vt 0.312778 0.421924
vt 0.420224 0.421924
vt 0.158018 0.418661
vt 0.176550 0.418661
vt 0.430820 0.432219
vt 0.690250 0.562020
vt 0.697878 0.291592
vt 0.700338 0.551497
vt 0.697878 0.445202
vt 0.599615 0.291592
vt 0.600068 0.288571
vt 0.602892 0.283935
vt 0.599635 0.291276
vt 0.601177 0.286067
vt 0.605097 0.282322
vt 0.607644 0.281344
vt 0.609703 0.562022
vt 0.607016 0.561575
vt 0.604539 0.560440
vt 0.602441 0.558697
vt 0.600863 0.556469
vt 0.599906 0.553907
vt 0.423116 0.426673
vt 0.419074 0.425607
vt 0.424791 0.427937
vt 0.426076 0.429584
vt 0.426884 0.431503
vt 0.427159 0.433562
vt 0.426883 0.515516
vt 0.427159 0.513457
vt 0.426076 0.517434
vt 0.424791 0.519082
vt 0.423116 0.520346
vt 0.421166 0.521140
vt 0.155126 0.520344
vt 0.153451 0.519080
vt 0.152166 0.517433
vt 0.151358 0.515515
vt 0.151083 0.513456
vt 0.151358 0.431503
vt 0.151083 0.433561
vt 0.152166 0.429584
vt 0.153451 0.427937
vt 0.155125 0.426673
vt 0.157076 0.425878
vt 0.159168 0.425607
vt 0.419073 0.521411
vt 0.605527 0.552752
vt 0.605338 0.476094
vt 0.605338 0.551288
vt 0.606750 0.472475
vt 0.606001 0.473466
vt 0.605527 0.474630
vt 0.607717 0.555661
vt 0.606750 0.554907
vt 0.608835 0.556132
vt 0.691118 0.556131
vt 0.692235 0.555660
vt 0.694425 0.552750
vt 0.693203 0.554905
vt 0.693951 0.553914
vt 0.694615 0.476094
vt 0.694615 0.551286
vt 0.693951 0.473466
vt 0.693203 0.472475
vt 0.694425 0.474630
vt 0.606001 0.553915
vt 0.392991 0.745819
vt 0.391302 0.747116
vt 0.389334 0.747931
vt 0.388490 0.743058
vt 0.387327 0.743532
vt 0.387223 0.748209
vt 0.386522 0.743636
vt 0.395381 0.740051
vt 0.395102 0.742163
vt 0.390707 0.740224
vt 0.395102 0.656004
vt 0.395380 0.658115
vt 0.390707 0.657942
vt 0.390896 0.738813
vt 0.390896 0.659353
vt 0.870929 0.140419
vt 0.800025 0.156196
vt 0.868612 0.138525
vt 0.802519 0.153653
vt 0.800024 0.238908
vt 0.870929 0.254684
vt 0.799264 0.158753
vt 0.865650 0.138017
vt 0.774364 0.372912
vt 0.776210 0.285041
vt 0.849481 0.312881
vt 0.851523 0.315273
vt 0.852167 0.403041
vt 0.778406 0.284934
vt 0.774656 0.286148
vt 0.607717 0.471720
vt 0.686293 0.444963
vt 0.610246 0.471061
vt 0.686870 0.445202
vt 0.692235 0.471720
vt 0.608835 0.471249
vt 0.391302 0.651050
vt 0.392991 0.652347
vt 0.389482 0.655857
vt 0.394287 0.654036
vt 0.388490 0.655108
vt 0.390236 0.656824
vt 0.389334 0.650236
vt 0.387327 0.654634
vt 0.387223 0.649958
vt 0.310670 0.654445
vt 0.385863 0.654445
vt 0.255304 0.748209
vt 0.255304 0.739237
vt 0.255543 0.735400
vt 0.255304 0.735977
vt 0.255543 0.739814
vt 0.256119 0.735161
vt 0.278963 0.735161
vt 0.305637 0.659353
vt 0.279540 0.735400
vt 0.309206 0.654634
vt 0.308043 0.655108
vt 0.307051 0.655857
vt 0.306297 0.656824
vt 0.305826 0.657942
vt 0.305637 0.738814
vt 0.279779 0.735977
vt 0.279779 0.739237
vt 0.305826 0.740225
vt 0.306297 0.741343
vt 0.279540 0.739814
vt 0.307051 0.742310
vt 0.385863 0.743722
vt 0.386523 0.743637
vt 0.387224 0.748209
vt 0.308043 0.743058
vt 0.984130 0.208547
vt 0.960044 0.208511
vt 0.960044 0.224475
vt 0.984166 0.220009
vt 0.984692 0.202651
vt 0.985762 0.204059
vt 0.958688 0.203483
vt 0.960096 0.202412
vt 0.958688 0.219447
vt 0.960096 0.218377
vt 0.985523 0.225037
vt 0.984115 0.226107
vt 0.875114 0.353847
vt 0.776382 0.286890
vt 0.777149 0.286530
vt 0.778074 0.286496
vt 0.846231 0.313189
vt 0.847562 0.313859
vt 0.848511 0.314625
vt 0.849269 0.315537
vt 0.849832 0.316579
vt 0.850188 0.317742
vt 0.850329 0.319252
vt 0.775811 0.287530
vt 0.775480 0.288421
vt 0.775426 0.289787
vt 0.776060 0.371620
vt 0.776619 0.372662
vt 0.778336 0.374355
vt 0.777379 0.373580
vt 0.848689 0.402788
vt 0.847421 0.402363
vt 0.850392 0.402334
vt 0.849624 0.402729
vt 0.850959 0.401663
vt 0.851282 0.400745
vt 0.779684 0.375043
vt 0.779336 0.286918
vt 0.802754 0.237094
vt 0.867814 0.142904
vt 0.868119 0.144170
vt 0.868153 0.249074
vt 0.868119 0.250934
vt 0.867814 0.252199
vt 0.867281 0.253174
vt 0.866573 0.253844
vt 0.865744 0.254177
vt 0.864659 0.254080
vt 0.804727 0.239290
vt 0.803903 0.238721
vt 0.805878 0.239705
vt 0.868153 0.146029
vt 0.865744 0.140926
vt 0.804727 0.155814
vt 0.864659 0.141024
vt 0.803242 0.157122
vt 0.803903 0.156383
vt 0.802754 0.158010
vt 0.802368 0.234687
vt 0.802458 0.159037
vt 0.802368 0.160417
vt 0.802458 0.236066
vt 0.805878 0.155398
vt 0.143455 0.748209
vt 0.124923 0.748209
vt 0.116766 0.740052
vt 0.122812 0.747931
vt 0.117044 0.742163
vt 0.120845 0.747116
vt 0.119155 0.745820
vt 0.117859 0.744130
vt 0.117044 0.656004
vt 0.119155 0.652347
vt 0.120845 0.651050
vt 0.122812 0.650236
vt 0.047996 0.760530
vt 0.107947 0.760530
vt 0.025569 0.765939
vt 0.651426 0.307342
vt 0.650610 0.307123
vt 0.651426 0.285874
vt 0.688950 0.285874
vt 0.690581 0.305710
vt 0.690363 0.306526
vt 0.650610 0.286093
vt 0.689766 0.307123
vt 0.688950 0.307342
vt 0.650013 0.286690
vt 0.649795 0.287506
vt 0.689766 0.286093
vt 0.087996 0.758899
vt 0.087777 0.759714
vt 0.087180 0.760311
vt 0.048841 0.739063
vt 0.048025 0.760311
vt 0.047209 0.758899
vt 0.047428 0.759714
vt 0.047209 0.740694
vt 0.047428 0.739878
vt 0.048025 0.739281
vt 0.087180 0.739281
vt 0.087777 0.739878
vt 0.686054 0.444386
vt 0.686054 0.421543
vt 0.690707 0.444963
vt 0.690946 0.444386
vt 0.690946 0.421543
vt 0.686293 0.420966
vt 0.686870 0.420727
s 1
usemtl MovingParts
f 62/1/1 16/2/2 57/3/2
f 61/4/3 21/5/1 62/1/1
f 60/6/4 20/7/3 61/4/3
f 59/8/5 19/9/4 60/6/4
f 58/10/6 18/11/5 59/8/5
f 63/12/7 17/13/6 58/10/6
f 72/14/8 23/15/9 71/16/9
f 73/17/10 28/18/8 72/14/8
f 74/19/11 27/20/10 73/17/10
f 75/21/12 26/22/11 74/19/11
f 76/23/13 25/24/12 75/21/12
f 77/25/14 24/26/13 76/23/13
f 78/27/15 23/28/9 8/29/15
f 10/30/16 78/27/15 8/31/15
f 11/32/17 79/33/16 10/34/16
f 12/35/18 80/36/17 11/37/17
f 13/38/19 81/39/18 12/40/18
f 14/41/20 82/42/19 13/43/19
f 9/44/21 83/45/20 14/46/20
f 63/12/7 2/47/22 15/48/7
f 473/49/23 471/50/23 77/25/14
f 84/51/21 472/52/24 240/53/24
f 7/54/25 70/55/22 69/56/25
f 7/57/25 64/58/26 6/59/26
f 6/60/26 65/61/27 5/62/27
f 5/63/27 66/64/28 4/65/28
f 4/66/28 67/67/29 3/68/29
f 3/69/29 68/70/30 1/71/30
f 103/72/31 120/73/32 91/74/32
f 102/75/33 121/76/31 103/77/31
f 101/78/34 122/79/33 102/80/33
f 100/81/35 123/82/34 101/83/34
f 99/84/36 124/85/35 100/86/35
f 99/87/36 126/88/37 125/89/36
f 106/90/38 134/91/39 98/92/39
f 105/93/40 135/94/38 106/95/38
f 104/96/41 136/97/40 105/98/40
f 110/99/42 137/100/41 104/101/41
f 111/102/43 138/103/42 110/104/42
f 112/105/44 139/106/43 111/107/43
f 119/108/45 107/109/46 90/110/45
f 507/111/24 506/112/24 112/113/44
f 134/91/39 109/114/47 98/115/39
f 508/116/23 243/117/23 108/118/48
f 132/119/49 95/120/50 131/121/50
f 130/122/51 93/123/52 129/124/52
f 133/125/53 96/126/49 132/119/49
f 131/121/50 94/127/51 130/122/51
f 129/124/52 92/128/54 127/129/54
f 127/129/54 109/130/47 128/131/47
f 119/108/45 89/132/55 118/133/55
f 118/133/55 88/134/56 117/135/56
f 117/135/56 87/136/57 116/137/57
f 116/137/57 86/138/58 115/139/58
f 115/139/58 85/140/59 113/141/59
f 113/141/59 108/142/48 114/143/48
f 103/144/60 68/70/60 67/67/60
f 77/25/60 96/145/60 97/146/60
f 119/108/60 35/147/60 42/148/60
s 0
f 155/149/61 158/150/61 6/151/61
s 1
f 171/152/35 43/153/36 172/154/36
f 175/155/40 32/156/41 176/157/41
f 56/158/48 180/159/53 179/160/48
f 183/161/33 46/162/34 184/163/34
f 187/164/43 30/165/44 188/166/44
f 44/167/37 192/168/45 191/169/37
f 195/170/52 41/171/54 196/172/54
f 199/173/56 53/174/57 200/175/57
f 55/176/59 179/160/48 203/177/59
f 54/178/58 203/177/59 205/179/58
f 207/180/39 34/181/38 208/182/38
f 46/162/34 171/152/35 184/163/34
f 211/183/32 48/184/31 212/185/31
f 41/171/54 214/186/47 196/172/54
f 43/153/36 191/169/37 172/154/36
f 217/187/49 38/188/50 218/189/50
f 53/174/57 205/179/58 200/175/57
f 30/165/44 211/183/32 188/166/44
f 39/190/51 195/170/52 221/191/51
f 38/188/50 221/191/51 218/189/50
f 34/181/38 175/155/40 208/182/38
f 31/192/42 187/164/43 223/193/42
f 32/156/41 223/193/42 176/157/41
f 48/184/31 183/161/33 212/185/31
f 217/187/49 36/194/53 37/195/49
f 50/196/45 224/197/55 192/168/45
f 51/198/55 199/173/56 224/197/55
f 42/199/47 207/180/39 214/186/47
f 215/200/47 149/201/39 157/202/47
f 225/203/55 144/204/56 146/205/55
f 193/206/45 146/205/55 147/207/45
f 216/208/49 152/209/62 181/210/53
f 213/211/31 167/212/33 166/213/31
f 177/214/41 168/215/42 162/216/41
f 222/217/42 163/218/43 168/215/42
f 209/219/38 148/220/40 150/221/38
f 219/222/50 155/223/51 154/224/50
f 220/225/51 158/226/52 155/223/51
f 189/227/44 165/228/32 164/229/44
f 201/230/57 143/231/58 145/232/57
f 153/233/49 219/222/50 154/224/50
f 173/234/36 160/235/37 159/236/36
f 197/237/54 157/202/47 156/238/54
f 165/228/32 213/211/31 166/213/31
f 185/239/34 169/240/35 161/241/34
f 149/201/39 209/219/38 150/221/38
f 204/242/58 142/243/59 143/231/58
f 202/244/59 141/245/48 142/243/59
f 144/204/56 201/230/57 145/232/57
f 158/226/52 197/237/54 156/238/54
f 190/246/37 147/207/45 160/235/37
f 163/218/43 189/227/44 164/229/44
f 167/212/33 185/239/34 161/241/34
f 178/247/48 151/248/53 141/245/48
f 148/220/40 177/214/41 162/216/41
f 169/240/35 173/234/36 159/236/36
f 262/249/60 51/250/60 50/251/60
s 0
f 142/252/61 141/253/61 241/254/61
f 241/254/61 251/255/61 244/256/61
s 1
f 272/257/63 271/258/64 270/259/64
f 272/257/63 269/260/65 273/261/66
f 278/262/67 275/263/68 279/264/67
f 278/262/67 277/265/69 276/266/69
f 290/267/70 287/268/71 291/269/70
f 290/267/70 289/270/72 288/271/72
f 284/272/73 283/273/74 282/274/74
f 284/272/73 281/275/75 285/276/76
f 302/277/77 301/278/78 300/279/78
f 302/277/77 299/280/79 303/281/77
f 314/282/80 311/283/81 315/284/80
f 314/282/80 313/285/82 312/286/82
f 308/287/83 307/288/84 306/289/84
f 308/287/83 305/290/85 309/291/86
f 296/292/87 293/293/88 297/294/87
f 296/292/87 295/295/89 294/296/89
f 270/259/64 281/297/75 280/298/75
f 276/266/69 269/299/65 268/300/65
f 288/271/72 275/301/68 274/302/68
f 282/274/74 287/303/71 286/304/71
f 304/305/85 295/306/89 305/307/85
f 300/279/78 293/308/88 292/309/88
f 298/310/90 313/311/82 299/312/79
f 310/313/81 307/314/84 311/315/81
f 274/302/61 268/300/61 270/259/61
f 273/261/27 245/316/91 246/317/27
f 245/318/91 277/319/92 247/320/92
f 251/321/93 271/322/94 244/323/94
f 271/258/94 246/324/27 244/325/94
f 248/326/95 279/264/4 275/263/95
f 248/327/95 289/328/96 253/329/96
f 249/330/4 277/265/92 279/331/4
f 285/276/18 251/332/93 252/333/18
f 254/334/97 283/335/98 250/336/98
f 283/273/98 252/337/18 250/338/98
f 254/339/97 291/269/11 287/268/97
f 255/340/11 289/270/96 291/341/11
f 298/310/60 292/309/60 294/296/60
f 257/342/98 297/294/18 293/293/98
f 257/343/98 301/344/97 259/345/97
f 258/346/18 295/295/93 297/347/18
f 263/348/94 295/306/93 256/349/93
f 303/281/11 260/350/96 261/351/11
f 260/352/96 313/311/95 265/353/95
f 301/278/97 261/354/11 259/355/97
f 309/291/27 263/356/94 264/357/27
f 266/358/92 307/314/91 262/359/91
f 307/288/91 264/360/27 262/361/91
f 266/362/92 315/284/4 311/283/92
f 267/363/4 313/285/95 315/364/4
f 228/365/99 317/366/100 318/367/101
f 229/368/102 316/369/103 226/370/104
f 236/371/105 329/372/106 326/373/107
f 239/374/108 322/375/109 329/372/106
f 231/376/110 326/373/107 321/377/111
f 234/378/112 323/379/113 324/380/114
f 227/381/115 324/380/114 317/366/100
f 235/382/116 322/375/109 232/383/117
f 230/384/118 327/385/119 237/386/120
f 237/386/120 328/387/121 238/388/122
f 226/370/104 325/389/123 235/382/116
f 238/388/122 323/379/113 233/390/124
f 317/366/100 338/391/125 331/392/126
f 325/389/123 336/393/127 322/375/109
f 328/387/121 337/394/128 323/379/113
f 316/369/103 339/395/129 325/389/123
f 318/367/101 331/392/126 332/396/130
f 329/372/106 336/393/127 343/397/131
f 326/373/107 343/397/131 340/398/132
f 320/399/133 341/400/134 327/385/119
f 321/377/111 340/398/132 335/401/135
f 327/385/119 342/402/136 328/387/121
f 324/380/114 337/394/128 338/391/125
f 319/403/137 330/404/138 316/369/103
f 347/405/139 371/406/140 357/407/141
f 345/408/142 367/409/143 353/410/144
f 352/411/145 368/412/146 366/413/147
f 346/414/148 370/415/149 360/416/150
f 348/417/151 365/418/152 351/419/153
f 357/407/141 362/420/154 348/417/151
f 353/410/144 369/421/155 355/422/156
f 354/423/157 365/418/152 368/412/146
f 349/424/158 364/425/159 363/426/160
f 356/427/161 363/426/160 370/415/149
f 344/428/162 366/413/147 358/429/163
f 355/422/156 364/425/159 350/430/164
f 362/420/154 379/431/165 365/418/152
f 371/406/140 376/432/166 362/420/154
f 367/409/143 383/433/167 369/421/155
f 368/412/146 379/431/165 382/434/168
f 363/426/160 378/435/169 377/436/170
f 370/415/149 377/436/170 384/437/171
f 358/429/163 380/438/172 372/439/173
f 369/421/155 378/435/169 364/425/159
f 361/440/174 385/441/175 371/406/140
f 359/442/176 381/443/177 367/409/143
f 366/413/147 382/434/168 380/438/172
f 360/416/150 384/437/171 374/444/178
f 341/445/134 343/397/131 342/446/136
f 378/447/169 376/432/166 377/448/170
f 382/434/168 381/449/177 380/438/172
f 337/450/128 339/395/129 338/451/125
f 337/450/128 343/397/131 336/393/127
f 384/452/171 376/432/166 385/441/175
f 382/434/168 378/447/169 383/453/167
f 374/454/178 385/441/175 375/455/179
f 341/445/134 335/401/135 340/398/132
f 331/456/126 339/395/129 330/404/138
f 373/457/180 380/438/172 381/449/177
f 346/414/148 320/399/133 230/384/118
f 360/416/150 334/458/181 320/399/133
f 333/459/182 331/456/126 330/404/138
f 375/455/179 321/377/111 335/401/135
f 361/440/174 231/376/110 321/377/111
f 374/454/178 335/401/135 334/460/181
f 394/461/183 411/462/184 397/463/185
f 391/464/186 413/465/187 399/466/188
f 386/467/189 403/468/190 389/469/191
f 398/470/192 403/468/190 412/471/193
f 395/472/194 410/473/195 409/474/196
f 397/463/185 400/475/197 386/467/189
f 387/476/198 402/477/199 401/478/200
f 399/466/188 402/477/199 388/479/201
f 393/480/202 404/481/203 407/482/204
f 396/483/205 401/478/200 410/473/195
f 390/484/206 412/471/193 404/481/203
f 392/485/207 405/486/208 391/464/186
f 409/474/196 424/487/209 423/488/210
f 411/462/184 414/489/211 400/475/197
f 401/478/200 416/490/212 415/491/213
f 413/465/187 416/490/212 402/477/199
f 407/482/204 418/492/214 421/493/215
f 410/473/195 415/491/213 424/487/209
f 404/481/203 426/494/216 418/492/214
f 406/495/217 419/496/218 405/486/208
f 408/497/219 425/498/220 411/462/184
f 405/486/208 427/499/221 413/465/187
f 400/475/197 417/500/222 403/468/190
f 412/471/193 417/500/222 426/494/216
f 333/459/182 420/501/223 332/502/130
f 420/501/223 418/492/214 419/503/218
f 416/504/212 414/489/211 415/505/213
f 416/504/212 426/494/216 417/500/222
f 420/506/223 318/367/101 332/396/130
f 407/482/204 333/459/182 319/403/137
f 393/480/202 319/403/137 229/368/102
f 424/507/209 414/489/211 425/498/220
f 422/508/224 424/507/209 425/498/220
f 406/495/217 228/365/99 318/367/101
f 426/494/216 419/503/218 418/492/214
f 347/509/61 357/510/61 193/206/61
f 195/170/60 441/511/60 221/191/60
f 433/512/225 444/513/226 447/514/227
f 429/515/228 450/516/229 436/517/230
f 437/518/231 452/519/232 451/520/233
f 430/521/234 454/522/235 444/513/226
f 432/523/236 445/524/237 431/525/238
f 428/526/239 451/520/233 442/527/240
f 435/528/241 447/514/227 449/529/242
f 431/525/238 455/530/243 441/531/244
f 439/532/245 454/522/235 440/533/246
f 434/534/247 446/535/248 432/523/236
f 436/517/230 453/536/249 439/532/245
f 438/537/250 455/530/243 452/519/232
f 442/527/240 465/538/251 456/539/252
f 449/529/242 461/540/253 463/541/254
f 445/524/237 469/542/255 455/530/243
f 453/536/249 468/543/256 454/522/235
f 448/544/257 460/545/258 446/535/248
f 450/516/229 467/546/259 453/536/249
f 452/519/232 469/542/255 466/547/260
f 447/514/227 458/548/261 461/540/253
f 443/549/262 464/550/263 450/516/229
f 451/520/233 466/547/260 465/538/251
f 444/513/226 468/543/256 458/548/261
f 446/535/248 459/551/264 445/524/237
f 448/544/257 395/472/194 409/474/196
f 468/543/256 466/552/260 469/553/255
f 460/554/258 458/548/261 459/555/264
f 233/556/60 234/557/60 183/161/60
f 435/528/241 408/497/219 394/461/183
f 462/558/265 409/474/196 423/488/210
f 466/552/260 464/550/263 465/559/251
f 456/560/252 464/550/263 457/561/266
f 459/555/264 468/543/256 469/553/255
f 449/529/242 422/508/224 408/497/219
f 435/562/61 206/563/61 215/200/61
f 422/508/224 462/564/265 423/565/210
f 462/564/265 461/540/253 460/554/258
f 428/526/239 359/442/176 345/408/142
f 442/527/240 373/566/180 359/442/176
f 443/549/262 344/428/162 358/429/163
f 457/561/266 358/429/163 372/439/173
f 456/560/252 372/439/173 373/457/180
s 0
f 472/567/267 471/568/267 473/569/267
f 23/570/61 27/571/61 22/572/61
s 1
f 499/573/268 484/574/19 482/575/268
f 501/576/19 485/577/17 484/574/19
f 485/577/17 498/578/269 483/579/269
f 487/580/270 504/581/12 502/582/270
f 489/583/12 505/584/10 504/581/12
f 488/585/10 503/586/271 505/584/10
f 495/587/272 480/588/3 478/589/272
f 480/588/3 496/590/5 481/591/5
f 481/591/5 494/592/273 479/593/273
f 475/594/274 492/595/28 490/596/274
f 477/597/28 493/598/26 492/595/28
f 476/599/26 491/600/275 493/598/26
f 482/575/268 490/596/274 499/573/268
f 484/601/60 133/125/60 482/602/60
f 479/593/273 491/603/275 474/604/275
f 480/605/60 137/100/60 478/606/60
f 478/589/272 502/582/270 495/587/272
f 483/579/269 503/586/271 486/607/271
f 494/608/60 495/609/60 503/586/60
f 507/111/60 258/610/60 257/611/60
f 509/612/60 507/111/60 508/116/60
f 62/1/1 21/613/1 16/2/2
f 61/4/3 20/614/3 21/5/1
f 60/6/4 19/615/4 20/7/3
f 59/8/5 18/616/5 19/9/4
f 58/10/6 17/617/6 18/11/5
f 63/12/7 15/618/7 17/13/6
f 72/14/8 28/619/8 23/15/9
f 73/17/10 27/620/10 28/18/8
f 74/19/11 26/621/11 27/20/10
f 75/21/12 25/622/12 26/22/11
f 76/23/13 24/623/13 25/24/12
f 77/25/14 22/624/14 24/26/13
f 78/27/15 71/16/9 23/28/9
f 10/30/16 79/33/16 78/27/15
f 11/32/17 80/36/17 79/33/16
f 12/35/18 81/39/18 80/36/17
f 13/38/19 82/42/19 81/39/18
f 14/41/20 83/45/20 82/42/19
f 9/44/21 84/51/21 83/45/20
f 63/12/7 70/55/22 2/47/22
f 471/50/23 22/625/14 77/25/14
f 77/25/14 57/3/2 473/49/23
f 57/3/2 16/626/2 473/49/23
f 241/627/24 1/628/30 68/70/30
f 84/51/21 9/629/21 470/630/24
f 84/51/21 470/630/24 472/52/24
f 241/627/24 68/70/30 240/53/24
f 68/70/30 84/51/21 240/53/24
f 7/54/25 2/631/22 70/55/22
f 7/57/25 69/56/25 64/58/26
f 6/60/26 64/58/26 65/61/27
f 5/63/27 65/61/27 66/64/28
f 4/66/28 66/64/28 67/67/29
f 3/69/29 67/67/29 68/70/30
f 103/72/31 121/76/31 120/73/32
f 102/75/33 122/79/33 121/76/31
f 101/78/34 123/82/34 122/79/33
f 100/81/35 124/85/35 123/82/34
f 99/84/36 125/89/36 124/85/35
f 99/87/36 107/632/46 126/88/37
f 106/90/38 135/94/38 134/91/39
f 105/93/40 136/97/40 135/94/38
f 104/96/41 137/100/41 136/97/40
f 110/99/42 138/103/42 137/100/41
f 111/102/43 139/106/43 138/103/42
f 112/105/44 140/633/44 139/106/43
f 119/108/45 126/88/37 107/109/46
f 112/113/44 91/634/32 507/111/24
f 91/634/32 120/73/32 242/635/24
f 91/634/32 242/635/24 507/111/24
f 506/112/24 140/633/44 112/113/44
f 134/91/39 128/131/47 109/114/47
f 108/118/48 97/636/53 508/116/23
f 97/636/53 133/125/53 509/612/23
f 97/636/53 509/612/23 508/116/23
f 243/117/23 114/143/48 108/118/48
f 132/119/49 96/637/49 95/120/50
f 130/122/51 94/638/51 93/123/52
f 133/125/53 97/639/53 96/126/49
f 131/121/50 95/640/50 94/127/51
f 129/124/52 93/641/52 92/128/54
f 127/129/54 92/642/54 109/130/47
f 119/108/45 90/643/45 89/132/55
f 118/133/55 89/644/55 88/134/56
f 117/135/56 88/645/56 87/136/57
f 116/137/57 87/646/57 86/138/58
f 115/139/58 86/647/58 85/140/59
f 113/141/59 85/648/59 108/142/48
f 67/67/60 66/64/60 102/649/60
f 103/144/60 91/650/60 68/70/60
f 67/67/60 102/649/60 103/144/60
f 101/651/60 102/649/60 66/64/60
f 66/64/60 65/61/60 101/651/60
f 65/61/60 64/58/60 101/651/60
f 64/58/60 69/56/60 100/652/60
f 69/56/60 70/55/60 99/653/60
f 70/55/60 63/12/60 107/654/60
f 63/12/60 58/10/60 89/655/60
f 107/654/60 63/12/60 90/656/60
f 58/10/60 59/8/60 88/657/60
f 59/8/60 60/6/60 87/658/60
f 88/657/60 59/8/60 87/658/60
f 60/6/60 61/4/60 87/658/60
f 61/4/60 62/1/60 86/659/60
f 87/658/60 61/4/60 86/659/60
f 62/1/60 57/3/60 85/660/60
f 57/3/60 77/25/60 97/146/60
f 77/25/60 76/23/60 96/145/60
f 76/23/60 75/21/60 95/661/60
f 75/21/60 74/19/60 94/662/60
f 74/19/60 73/17/60 94/662/60
f 73/17/60 72/14/60 93/663/60
f 72/14/60 71/16/60 92/664/60
f 71/16/60 78/27/60 109/665/60
f 78/27/60 79/33/60 106/666/60
f 109/665/60 78/27/60 98/667/60
f 79/33/60 80/36/60 105/668/60
f 80/36/60 81/39/60 104/669/60
f 81/39/60 82/42/60 104/669/60
f 82/42/60 83/45/60 110/670/60
f 83/45/60 84/51/60 111/671/60
f 84/51/60 68/70/60 112/672/60
f 68/70/60 91/650/60 112/672/60
f 84/51/60 112/672/60 111/671/60
f 80/36/60 104/669/60 105/668/60
f 82/42/60 110/670/60 104/669/60
f 72/14/60 92/664/60 93/663/60
f 76/23/60 95/661/60 96/145/60
f 69/56/60 99/653/60 100/652/60
f 100/652/60 101/651/60 64/58/60
f 83/45/60 111/671/60 110/670/60
f 107/654/60 99/653/60 70/55/60
f 90/656/60 63/12/60 89/655/60
f 79/33/60 105/668/60 106/666/60
f 88/657/60 89/655/60 58/10/60
f 106/666/60 98/667/60 78/27/60
f 71/16/60 109/665/60 92/664/60
f 85/660/60 86/659/60 62/1/60
f 73/17/60 93/663/60 94/662/60
f 108/673/60 85/660/60 57/3/60
f 97/146/60 108/673/60 57/3/60
f 75/21/60 94/662/60 95/661/60
f 113/141/60 114/143/60 29/674/60
f 114/143/60 243/117/60 49/675/60
f 30/676/60 114/143/60 49/675/60
f 243/117/60 46/677/60 47/678/60
f 243/117/60 47/678/60 48/679/60
f 115/139/60 113/141/60 29/674/60
f 114/143/60 30/676/60 29/674/60
f 117/135/60 116/137/60 33/680/60
f 116/137/60 115/139/60 32/681/60
f 119/108/60 118/133/60 34/682/60
f 118/133/60 117/135/60 33/680/60
f 125/89/60 126/88/60 41/683/60
f 126/88/60 119/108/60 42/148/60
f 123/82/60 124/85/60 40/684/60
f 124/85/60 125/89/60 41/683/60
f 121/76/60 122/79/60 37/685/60
f 122/79/60 123/82/60 39/686/60
f 37/685/60 122/79/60 38/687/60
f 242/635/60 120/73/60 56/688/60
f 120/73/60 121/76/60 37/685/60
f 36/689/60 120/73/60 37/685/60
f 54/690/60 53/691/60 242/635/60
f 55/692/60 54/690/60 242/635/60
f 120/73/60 36/689/60 56/688/60
f 124/85/60 41/683/60 40/684/60
f 126/88/60 42/148/60 41/683/60
f 118/133/60 33/680/60 34/682/60
f 116/137/60 32/681/60 33/680/60
f 243/117/60 48/679/60 49/675/60
f 56/688/60 55/692/60 242/635/60
f 38/687/60 122/79/60 39/686/60
f 115/139/60 29/674/60 31/693/60
f 115/139/60 31/693/60 32/681/60
f 40/684/60 39/686/60 123/82/60
f 119/108/60 34/682/60 35/147/60
s 0
f 5/694/61 4/695/61 155/149/61
f 4/695/61 3/696/61 154/697/61
f 154/697/61 3/696/61 153/698/61
f 3/696/61 1/699/61 153/698/61
f 1/699/61 152/700/61 153/698/61
f 6/151/61 5/694/61 155/149/61
f 2/701/61 7/702/61 156/703/61
f 7/702/61 6/151/61 158/150/61
f 156/703/61 7/702/61 158/150/61
f 17/704/61 15/705/61 150/706/61
f 15/705/61 2/701/61 157/707/61
f 149/708/61 150/706/61 15/705/61
f 157/707/61 149/708/61 15/705/61
f 157/707/61 2/701/61 156/703/61
f 4/695/61 154/697/61 155/149/61
s 1
f 171/152/35 45/709/35 43/153/36
f 175/155/40 33/710/40 32/156/41
f 56/158/48 36/194/53 180/159/53
f 183/161/33 47/711/33 46/162/34
f 187/164/43 29/712/43 30/165/44
f 44/167/37 50/196/45 192/168/45
f 195/170/52 40/713/52 41/171/54
f 199/173/56 52/714/56 53/174/57
f 55/176/59 56/158/48 179/160/48
f 54/178/58 55/176/59 203/177/59
f 207/180/39 35/715/39 34/181/38
f 46/162/34 45/709/35 171/152/35
f 211/183/32 49/716/32 48/184/31
f 41/171/54 42/199/47 214/186/47
f 43/153/36 44/167/37 191/169/37
f 217/187/49 37/195/49 38/188/50
f 53/174/57 54/178/58 205/179/58
f 30/165/44 49/716/32 211/183/32
f 39/190/51 40/713/52 195/170/52
f 38/188/50 39/190/51 221/191/51
f 34/181/38 33/710/40 175/155/40
f 31/192/42 29/712/43 187/164/43
f 32/156/41 31/192/42 223/193/42
f 48/184/31 47/711/33 183/161/33
f 217/187/49 180/159/53 36/194/53
f 50/196/45 51/198/55 224/197/55
f 51/198/55 52/714/56 199/173/56
f 42/199/47 35/715/39 207/180/39
f 215/200/47 206/563/39 149/201/39
f 225/203/55 198/717/56 144/204/56
f 193/206/45 225/203/55 146/205/55
f 153/233/49 152/209/62 216/208/49
f 152/209/62 151/248/53 181/210/53
f 213/211/31 182/718/33 167/212/33
f 177/214/41 222/217/42 168/215/42
f 222/217/42 186/719/43 163/218/43
f 209/219/38 174/720/40 148/220/40
f 219/222/50 220/225/51 155/223/51
f 220/225/51 194/721/52 158/226/52
f 189/227/44 210/722/32 165/228/32
f 201/230/57 204/242/58 143/231/58
f 153/233/49 216/208/49 219/222/50
f 173/234/36 190/246/37 160/235/37
f 197/237/54 215/200/47 157/202/47
f 165/228/32 210/722/32 213/211/31
f 185/239/34 170/723/35 169/240/35
f 149/201/39 206/563/39 209/219/38
f 204/242/58 202/244/59 142/243/59
f 202/244/59 178/247/48 141/245/48
f 144/204/56 198/717/56 201/230/57
f 158/226/52 194/721/52 197/237/54
f 190/246/37 193/206/45 147/207/45
f 163/218/43 186/719/43 189/227/44
f 167/212/33 182/718/33 185/239/34
f 178/247/48 181/210/53 151/248/53
f 148/220/40 174/720/40 177/214/41
f 169/240/35 170/723/35 173/234/36
f 45/724/60 46/677/60 243/117/60
f 243/117/60 267/725/60 44/726/60
f 267/725/60 266/727/60 50/251/60
f 44/726/60 267/725/60 50/251/60
f 262/249/60 242/635/60 51/250/60
f 242/635/60 53/691/60 52/728/60
f 266/727/60 262/249/60 50/251/60
f 242/635/60 52/728/60 51/250/60
f 43/729/60 45/724/60 243/117/60
f 44/726/60 43/729/60 243/117/60
s 0
f 20/730/61 19/731/61 162/732/61
f 19/731/61 18/733/61 162/732/61
f 20/730/61 162/732/61 168/734/61
f 18/733/61 17/704/61 148/735/61
f 17/704/61 150/706/61 148/735/61
f 21/736/61 20/730/61 168/734/61
f 21/736/61 168/734/61 163/737/61
f 473/569/61 16/738/61 165/739/61
f 16/738/61 21/736/61 163/737/61
f 165/739/61 16/738/61 164/740/61
f 240/741/61 472/567/61 250/742/61
f 472/567/61 473/569/61 255/743/61
f 250/742/61 472/567/61 254/744/61
f 252/745/61 251/255/61 240/741/61
f 250/742/61 252/745/61 240/741/61
f 16/738/61 163/737/61 164/740/61
f 18/733/61 148/735/61 162/732/61
f 254/744/61 472/567/61 255/743/61
f 253/746/61 255/743/61 473/569/61
f 248/747/61 253/746/61 160/748/61
f 253/746/61 473/569/61 160/748/61
f 249/749/61 248/747/61 160/748/61
f 473/569/61 165/739/61 166/750/61
f 473/569/61 166/750/61 167/751/61
f 473/569/61 167/751/61 161/752/61
f 473/569/61 161/752/61 169/753/61
f 473/569/61 169/753/61 159/754/61
f 473/569/61 159/754/61 160/748/61
f 249/749/61 160/748/61 147/755/61
f 247/756/61 249/749/61 147/755/61
f 247/756/61 147/755/61 245/757/61
f 147/755/61 146/758/61 245/757/61
f 245/757/61 146/758/61 241/254/61
f 146/758/61 144/759/61 241/254/61
f 241/254/61 244/256/61 246/760/61
f 246/760/61 245/757/61 241/254/61
f 144/759/61 145/761/61 241/254/61
f 151/762/61 152/763/61 1/764/61
f 141/253/61 151/762/61 1/764/61
f 241/254/61 145/761/61 143/765/61
f 141/253/61 1/764/61 241/254/61
f 241/254/61 143/765/61 142/252/61
f 241/254/61 240/741/61 251/255/61
s 1
f 272/257/63 273/766/66 271/258/64
f 272/257/63 268/300/65 269/260/65
f 278/262/67 274/302/68 275/263/68
f 278/262/67 279/331/67 277/265/69
f 290/267/70 286/304/71 287/268/71
f 290/267/70 291/341/70 289/270/72
f 284/272/73 285/767/76 283/273/74
f 284/272/73 280/298/75 281/275/75
f 302/277/77 303/768/77 301/278/78
f 302/277/77 298/310/90 299/280/79
f 314/282/80 310/313/81 311/283/81
f 314/282/80 315/364/80 313/285/82
f 308/287/83 309/769/86 307/288/84
f 308/287/83 304/305/85 305/290/85
f 296/292/87 292/309/88 293/293/88
f 296/292/87 297/347/87 295/295/89
f 270/259/64 271/322/64 281/297/75
f 276/266/69 277/319/69 269/299/65
f 288/271/72 289/328/72 275/301/68
f 282/274/74 283/335/74 287/303/71
f 304/305/85 294/296/89 295/306/89
f 300/279/78 301/344/78 293/308/88
f 298/310/90 312/286/82 313/311/82
f 310/313/81 306/289/84 307/314/84
f 288/271/61 274/302/61 270/259/61
f 274/302/61 278/262/61 276/266/61
f 268/300/61 274/302/61 276/266/61
f 268/300/61 272/257/61 270/259/61
f 270/259/61 280/298/61 288/271/61
f 280/298/61 284/272/61 282/274/61
f 288/271/61 280/298/61 286/304/61
f 282/274/61 286/304/61 280/298/61
f 286/304/61 290/267/61 288/271/61
f 273/261/27 269/260/91 245/316/91
f 245/318/91 269/299/91 277/319/92
f 251/321/93 281/297/93 271/322/94
f 271/258/94 273/766/27 246/324/27
f 248/326/95 249/770/4 279/264/4
f 248/327/95 275/301/95 289/328/96
f 249/330/4 247/771/92 277/265/92
f 285/276/18 281/275/93 251/332/93
f 254/334/97 287/303/97 283/335/98
f 283/273/98 285/767/18 252/337/18
f 254/339/97 255/772/11 291/269/11
f 255/340/11 253/773/96 289/270/96
f 312/286/60 298/310/60 294/296/60
f 298/310/60 302/277/60 300/279/60
f 292/309/60 298/310/60 300/279/60
f 292/309/60 296/292/60 294/296/60
f 294/296/60 304/305/60 312/286/60
f 304/305/60 308/287/60 306/289/60
f 312/286/60 304/305/60 310/313/60
f 306/289/60 310/313/60 304/305/60
f 310/313/60 314/282/60 312/286/60
f 257/342/98 258/774/18 297/294/18
f 257/343/98 293/308/98 301/344/97
f 258/346/18 256/775/93 295/295/93
f 263/348/94 305/307/94 295/306/93
f 303/281/11 299/280/96 260/350/96
f 260/352/96 299/312/96 313/311/95
f 301/278/97 303/768/11 261/354/11
f 309/291/27 305/290/94 263/356/94
f 266/358/92 311/315/92 307/314/91
f 307/288/91 309/769/27 264/360/27
f 266/362/92 267/776/4 315/284/4
f 267/363/4 265/777/95 313/285/95
f 228/365/99 227/381/115 317/366/100
f 229/368/102 319/403/137 316/369/103
f 236/371/105 239/374/108 329/372/106
f 239/374/108 232/383/117 322/375/109
f 231/376/110 236/371/105 326/373/107
f 234/378/112 233/390/124 323/379/113
f 227/381/115 234/378/112 324/380/114
f 235/382/116 325/389/123 322/375/109
f 230/384/118 320/399/133 327/385/119
f 237/386/120 327/385/119 328/387/121
f 226/370/104 316/369/103 325/389/123
f 238/388/122 328/387/121 323/379/113
f 317/366/100 324/380/114 338/391/125
f 325/389/123 339/395/129 336/393/127
f 328/387/121 342/402/136 337/394/128
f 316/369/103 330/404/138 339/395/129
f 318/367/101 317/366/100 331/392/126
f 329/372/106 322/375/109 336/393/127
f 326/373/107 329/372/106 343/397/131
f 320/399/133 334/458/181 341/400/134
f 321/377/111 326/373/107 340/398/132
f 327/385/119 341/400/134 342/402/136
f 324/380/114 323/379/113 337/394/128
f 319/403/137 333/459/182 330/404/138
f 347/405/139 361/440/174 371/406/140
f 345/408/142 359/442/176 367/409/143
f 352/411/145 354/423/157 368/412/146
f 346/414/148 356/427/161 370/415/149
f 348/417/151 362/420/154 365/418/152
f 357/407/141 371/406/140 362/420/154
f 353/410/144 367/409/143 369/421/155
f 354/423/157 351/419/153 365/418/152
f 349/424/158 350/430/164 364/425/159
f 356/427/161 349/424/158 363/426/160
f 344/428/162 352/411/145 366/413/147
f 355/422/156 369/421/155 364/425/159
f 362/420/154 376/432/166 379/431/165
f 371/406/140 385/441/175 376/432/166
f 367/409/143 381/443/177 383/433/167
f 368/412/146 365/418/152 379/431/165
f 363/426/160 364/425/159 378/435/169
f 370/415/149 363/426/160 377/436/170
f 358/429/163 366/413/147 380/438/172
f 369/421/155 383/433/167 378/435/169
f 361/440/174 375/455/179 385/441/175
f 359/442/176 373/566/180 381/443/177
f 366/413/147 368/412/146 382/434/168
f 360/416/150 370/415/149 384/437/171
f 341/445/134 340/398/132 343/397/131
f 378/447/169 379/431/165 376/432/166
f 382/434/168 383/453/167 381/449/177
f 337/450/128 336/393/127 339/395/129
f 337/450/128 342/446/136 343/397/131
f 384/452/171 377/448/170 376/432/166
f 382/434/168 379/431/165 378/447/169
f 374/454/178 384/452/171 385/441/175
f 341/445/134 334/460/181 335/401/135
f 331/456/126 338/451/125 339/395/129
f 373/457/180 372/439/173 380/438/172
f 346/414/148 360/416/150 320/399/133
f 360/416/150 374/444/178 334/458/181
f 333/459/182 332/502/130 331/456/126
f 375/455/179 361/440/174 321/377/111
f 361/440/174 347/405/139 231/376/110
f 374/454/178 375/455/179 335/401/135
f 394/461/183 408/497/219 411/462/184
f 391/464/186 405/486/208 413/465/187
f 386/467/189 400/475/197 403/468/190
f 398/470/192 389/469/191 403/468/190
f 395/472/194 396/483/205 410/473/195
f 397/463/185 411/462/184 400/475/197
f 387/476/198 388/479/201 402/477/199
f 399/466/188 413/465/187 402/477/199
f 393/480/202 390/484/206 404/481/203
f 396/483/205 387/476/198 401/478/200
f 390/484/206 398/470/192 412/471/193
f 392/485/207 406/495/217 405/486/208
f 409/474/196 410/473/195 424/487/209
f 411/462/184 425/498/220 414/489/211
f 401/478/200 402/477/199 416/490/212
f 413/465/187 427/499/221 416/490/212
f 407/482/204 404/481/203 418/492/214
f 410/473/195 401/478/200 415/491/213
f 404/481/203 412/471/193 426/494/216
f 406/495/217 420/506/223 419/496/218
f 408/497/219 422/508/224 425/498/220
f 405/486/208 419/496/218 427/499/221
f 400/475/197 414/489/211 417/500/222
f 412/471/193 403/468/190 417/500/222
f 333/459/182 421/493/215 420/501/223
f 420/501/223 421/493/215 418/492/214
f 416/504/212 417/500/222 414/489/211
f 416/504/212 427/778/221 426/494/216
f 420/506/223 406/495/217 318/367/101
f 407/482/204 421/493/215 333/459/182
f 393/480/202 407/482/204 319/403/137
f 424/507/209 415/505/213 414/489/211
f 422/508/224 423/565/210 424/507/209
f 406/495/217 392/485/207 228/365/99
f 426/494/216 427/778/221 419/503/218
f 170/723/61 185/239/61 232/779/61
f 185/239/61 182/718/61 232/779/61
f 182/718/61 213/211/61 235/780/61
f 213/211/61 210/722/61 226/781/61
f 210/722/61 189/227/61 393/782/61
f 189/227/61 186/719/61 390/783/61
f 393/782/61 189/227/61 390/783/61
f 186/719/61 222/217/61 398/784/61
f 222/217/61 177/214/61 389/785/61
f 177/214/61 174/720/61 389/785/61
f 174/720/61 209/219/61 386/786/61
f 209/219/61 206/563/61 397/787/61
f 206/563/61 394/788/61 397/787/61
f 222/217/61 389/785/61 398/784/61
f 174/720/61 386/786/61 389/785/61
f 213/211/61 226/781/61 235/780/61
f 173/234/61 170/723/61 239/789/61
f 193/206/61 190/246/61 347/509/61
f 190/246/61 173/234/61 236/790/61
f 347/509/61 190/246/61 231/791/61
f 198/717/61 225/203/61 348/792/61
f 225/203/61 193/206/61 357/510/61
f 348/792/61 225/203/61 357/510/61
f 204/242/61 201/230/61 351/793/61
f 201/230/61 198/717/61 351/793/61
f 178/247/61 202/244/61 352/794/61
f 202/244/61 204/242/61 354/795/61
f 352/794/61 202/244/61 354/795/61
f 216/208/61 181/210/61 436/796/61
f 181/210/61 178/247/61 429/797/61
f 220/225/61 219/222/61 440/798/61
f 219/222/61 216/208/61 439/799/61
f 440/798/61 219/222/61 439/799/61
f 197/237/61 194/721/61 430/800/61
f 194/721/61 220/225/61 440/798/61
f 430/800/61 194/721/61 440/798/61
f 435/562/61 215/200/61 433/801/61
f 215/200/61 197/237/61 433/801/61
f 181/210/61 429/797/61 436/796/61
f 429/797/61 178/247/61 344/802/61
f 351/793/61 198/717/61 348/792/61
f 209/219/61 397/787/61 386/786/61
f 433/801/61 197/237/61 430/800/61
f 186/719/61 398/784/61 390/783/61
f 436/796/61 439/799/61 216/208/61
f 210/722/61 393/782/61 229/803/61
f 210/722/61 229/803/61 226/781/61
f 344/802/61 178/247/61 352/794/61
f 170/723/61 232/779/61 239/789/61
f 182/718/61 235/780/61 232/779/61
f 354/795/61 204/242/61 351/793/61
f 173/234/61 239/789/61 236/790/61
f 236/790/61 231/791/61 190/246/61
f 195/170/60 431/804/60 441/511/60
f 433/512/225 430/521/234 444/513/226
f 429/515/228 443/549/262 450/516/229
f 437/518/231 438/537/250 452/519/232
f 430/521/234 440/533/246 454/522/235
f 432/523/236 446/535/248 445/524/237
f 428/526/239 437/518/231 451/520/233
f 435/528/241 433/512/225 447/514/227
f 431/525/238 445/524/237 455/530/243
f 439/532/245 453/536/249 454/522/235
f 434/534/247 448/544/257 446/535/248
f 436/517/230 450/516/229 453/536/249
f 438/537/250 441/531/244 455/530/243
f 442/527/240 451/520/233 465/538/251
f 449/529/242 447/514/227 461/540/253
f 445/524/237 459/551/264 469/542/255
f 453/536/249 467/546/259 468/543/256
f 448/544/257 462/558/265 460/545/258
f 450/516/229 464/550/263 467/546/259
f 452/519/232 455/530/243 469/542/255
f 447/514/227 444/513/226 458/548/261
f 443/549/262 457/561/266 464/550/263
f 451/520/233 452/519/232 466/547/260
f 444/513/226 454/522/235 468/543/256
f 446/535/248 460/545/258 459/551/264
f 448/544/257 434/534/247 395/472/194
f 468/543/256 467/546/259 466/552/260
f 460/554/258 461/540/253 458/548/261
f 184/163/60 171/152/60 233/556/60
f 171/152/60 172/154/60 238/805/60
f 172/154/60 191/169/60 237/806/60
f 191/169/60 192/168/60 346/807/60
f 192/168/60 224/197/60 356/808/60
f 224/197/60 199/173/60 349/809/60
f 356/808/60 224/197/60 349/809/60
f 199/173/60 200/175/60 350/810/60
f 200/175/60 205/179/60 350/810/60
f 205/179/60 203/177/60 355/811/60
f 203/177/60 179/160/60 353/812/60
f 179/160/60 180/159/60 345/813/60
f 180/159/60 217/187/60 437/814/60
f 437/814/60 217/187/60 438/815/60
f 217/187/60 218/189/60 438/815/60
f 218/189/60 221/191/60 441/511/60
f 438/815/60 218/189/60 441/511/60
f 345/813/60 180/159/60 428/816/60
f 203/177/60 353/812/60 355/811/60
f 191/169/60 346/807/60 230/817/60
f 346/807/60 192/168/60 356/808/60
f 183/161/60 184/163/60 233/556/60
f 171/152/60 238/805/60 233/556/60
f 211/183/60 212/185/60 227/818/60
f 212/185/60 183/161/60 234/557/60
f 227/818/60 212/185/60 234/557/60
f 187/164/60 188/166/60 391/819/60
f 188/166/60 211/183/60 228/820/60
f 176/157/60 223/193/60 388/821/60
f 223/193/60 187/164/60 399/822/60
f 388/821/60 223/193/60 399/822/60
f 208/182/60 175/155/60 387/823/60
f 175/155/60 176/157/60 388/821/60
f 387/823/60 175/155/60 388/821/60
f 214/186/60 207/180/60 434/824/60
f 207/180/60 208/182/60 396/825/60
f 434/824/60 207/180/60 395/826/60
f 195/170/60 196/172/60 431/804/60
f 196/172/60 214/186/60 432/827/60
f 432/827/60 431/804/60 196/172/60
f 434/824/60 432/827/60 214/186/60
f 188/166/60 228/820/60 392/828/60
f 228/820/60 211/183/60 227/818/60
f 437/814/60 428/816/60 180/159/60
f 395/826/60 207/180/60 396/825/60
f 179/160/60 345/813/60 353/812/60
f 387/823/60 396/825/60 208/182/60
f 205/179/60 355/811/60 350/810/60
f 199/173/60 350/810/60 349/809/60
f 391/819/60 399/822/60 187/164/60
f 392/828/60 391/819/60 188/166/60
f 191/169/60 230/817/60 237/806/60
f 172/154/60 237/806/60 238/805/60
f 435/528/241 449/529/242 408/497/219
f 462/558/265 448/544/257 409/474/196
f 466/552/260 467/546/259 464/550/263
f 456/560/252 465/559/251 464/550/263
f 459/555/264 458/548/261 468/543/256
f 449/529/242 463/541/254 422/508/224
f 435/562/61 394/788/61 206/563/61
f 422/508/224 463/541/254 462/564/265
f 462/564/265 463/541/254 461/540/253
f 428/526/239 442/527/240 359/442/176
f 442/527/240 456/539/252 373/566/180
f 443/549/262 429/515/228 344/428/162
f 457/561/266 443/549/262 358/429/163
f 456/560/252 457/561/266 372/439/173
s 0
f 472/567/267 470/829/267 471/568/267
f 22/572/61 471/568/61 23/570/61
f 471/568/61 470/829/61 23/570/61
f 470/829/61 9/830/61 8/831/61
f 9/830/61 14/832/61 10/833/61
f 14/832/61 13/834/61 12/835/61
f 12/835/61 11/836/61 10/833/61
f 10/833/61 8/831/61 9/830/61
f 8/831/61 23/570/61 470/829/61
f 23/570/61 28/837/61 27/571/61
f 27/571/61 26/838/61 22/572/61
f 26/838/61 25/839/61 22/572/61
f 25/839/61 24/840/61 22/572/61
f 14/832/61 12/835/61 10/833/61
s 1
f 499/573/268 501/576/19 484/574/19
f 501/576/19 500/841/17 485/577/17
f 485/577/17 500/841/17 498/578/269
f 487/580/270 489/583/12 504/581/12
f 489/583/12 488/585/10 505/584/10
f 488/585/10 486/607/271 503/586/271
f 495/587/272 497/842/3 480/588/3
f 480/588/3 497/842/3 496/590/5
f 481/591/5 496/590/5 494/592/273
f 475/594/274 477/597/28 492/595/28
f 477/597/28 476/599/26 493/598/26
f 476/599/26 474/843/275 491/600/275
f 482/575/268 475/594/274 490/596/274
f 506/112/60 509/612/60 483/844/60
f 509/612/60 133/125/60 485/845/60
f 133/125/60 132/119/60 128/131/60
f 132/119/60 131/121/60 128/131/60
f 131/121/60 130/122/60 128/131/60
f 130/122/60 129/124/60 128/131/60
f 129/124/60 127/129/60 128/131/60
f 128/131/60 134/91/60 474/846/60
f 134/91/60 135/94/60 479/847/60
f 474/846/60 134/91/60 479/847/60
f 135/94/60 136/97/60 479/847/60
f 136/97/60 137/100/60 479/847/60
f 487/848/60 140/633/60 489/849/60
f 140/633/60 506/112/60 489/849/60
f 509/612/60 485/845/60 483/844/60
f 485/845/60 133/125/60 484/601/60
f 128/131/60 474/846/60 476/850/60
f 488/851/60 489/849/60 506/112/60
f 486/852/60 488/851/60 506/112/60
f 128/131/60 476/850/60 477/853/60
f 128/131/60 477/853/60 475/854/60
f 483/844/60 486/852/60 506/112/60
f 128/131/60 475/854/60 482/602/60
f 128/131/60 482/602/60 133/125/60
f 479/593/273 494/592/273 491/603/275
f 481/855/60 479/847/60 137/100/60
f 137/100/60 138/103/60 478/606/60
f 138/103/60 139/106/60 478/606/60
f 139/106/60 140/633/60 478/606/60
f 140/633/60 487/848/60 478/606/60
f 481/855/60 137/100/60 480/605/60
f 478/589/272 487/580/270 502/582/270
f 483/579/269 498/578/269 503/586/271
f 495/609/60 502/856/60 503/586/60
f 502/856/60 504/857/60 503/586/60
f 504/857/60 505/858/60 503/586/60
f 503/586/60 498/578/60 491/859/60
f 498/578/60 500/860/60 499/861/60
f 500/860/60 501/862/60 499/861/60
f 499/861/60 490/863/60 491/859/60
f 490/863/60 492/864/60 491/859/60
f 492/864/60 493/865/60 491/859/60
f 491/859/60 494/608/60 503/586/60
f 494/608/60 496/866/60 495/609/60
f 496/866/60 497/867/60 495/609/60
f 498/578/60 499/861/60 491/859/60
f 267/725/60 243/117/60 265/868/60
f 243/117/60 508/116/60 260/869/60
f 265/868/60 243/117/60 260/869/60
f 242/635/60 262/249/60 264/870/60
f 242/635/60 264/870/60 263/871/60
f 507/111/60 242/635/60 256/872/60
f 242/635/60 263/871/60 256/872/60
f 261/873/60 260/869/60 508/116/60
f 259/874/60 261/873/60 508/116/60
f 507/111/60 256/872/60 258/610/60
f 257/611/60 259/874/60 507/111/60
f 259/874/60 508/116/60 507/111/60
f 509/612/60 506/112/60 507/111/60
o SwivelHandle.011
v -0.537245 0.080000 0.010001
v -0.530174 0.077071 0.010001
v -0.527245 0.070000 0.010001
v -0.530174 0.062929 0.010001
v -0.537245 0.060000 0.010001
v -0.544316 0.062929 0.010001
v -0.547245 0.070000 0.010001
v -0.544316 0.077071 0.010001
v -0.530174 0.077071 0.030001
v -0.527245 0.070000 0.030001
v -0.530174 0.062929 0.030001
v -0.537055 0.078996 0.040001
v -0.537245 0.080000 0.039001
v -0.537189 0.079706 0.039708
v -0.537245 0.060000 0.039001
v -0.537055 0.061004 0.040001
v -0.537189 0.060294 0.039708
v -0.543551 0.063694 0.040001
v -0.544316 0.062929 0.039001
v -0.544092 0.063153 0.039708
v -0.546163 0.070000 0.040001
v -0.547245 0.070000 0.039001
v -0.546928 0.070000 0.039708
v -0.543551 0.076306 0.040001
v -0.544316 0.077071 0.039001
v -0.544092 0.076847 0.039708
v -0.537245 0.080000 0.031004
v -0.534771 0.078975 0.030001
v -0.537245 0.080000 0.029001
v -0.536521 0.079700 0.030295
v -0.534771 0.061025 0.030001
v -0.537245 0.060000 0.031004
v -0.537245 0.060000 0.029001
v -0.536521 0.060300 0.030295
v -0.380574 0.076078 0.040001
v -0.380174 0.077071 0.039001
v -0.380291 0.076780 0.039708
v -0.378254 0.070000 0.040001
v -0.377245 0.070000 0.039001
v -0.377540 0.070000 0.039708
v -0.380574 0.063922 0.040001
v -0.380174 0.062929 0.039001
v -0.380291 0.063220 0.039708
v -0.380574 0.076079 0.035001
v -0.380174 0.077071 0.036001
v -0.380291 0.076780 0.035294
v -0.378254 0.070000 0.035001
v -0.377245 0.070000 0.036001
v -0.377540 0.070000 0.035294
v -0.380574 0.063921 0.035001
v -0.380174 0.062929 0.036001
v -0.380291 0.063220 0.035294
v -0.378839 0.065530 0.035001
v -0.377894 0.065042 0.036001
v -0.378171 0.065185 0.035294
v -0.378839 0.074470 0.035001
v -0.377894 0.074958 0.036001
v -0.378171 0.074815 0.035294
v -0.455195 0.061469 0.036001
v -0.455174 0.062465 0.035001
v -0.455180 0.061759 0.035294
v -0.455195 0.078530 0.036001
v -0.455174 0.077535 0.035001
v -0.455180 0.078241 0.035294
v -0.496270 0.060736 0.034260
v -0.490910 0.061807 0.033487
v -0.494675 0.061048 0.033620
v -0.496270 0.079263 0.034260
v -0.490910 0.078173 0.033487
v -0.494675 0.078946 0.033620
v -0.378839 0.074470 0.040001
v -0.377894 0.074958 0.039001
v -0.378171 0.074815 0.039708
v -0.378839 0.065530 0.040001
v -0.377894 0.065042 0.039001
v -0.378171 0.065185 0.039708
vn 0.6395 -0.0000 -0.7688
vn 0.7071 -0.7071 -0.0000
vn 1.0000 -0.0000 -0.0000
vn 0.4543 0.5020 -0.7359
vn 0.7071 0.7071 -0.0000
vn -0.1348 0.9896 -0.0511
vn 0.2555 0.9478 -0.1906
vn -0.0000 1.0000 -0.0000
vn 0.2738 0.8303 -0.4854
vn 0.2738 -0.8302 -0.4855
vn 0.2555 -0.9478 -0.1906
vn -0.0000 -1.0000 -0.0000
vn -0.1348 -0.9896 -0.0511
vn -0.1826 -0.9639 0.1941
vn -0.5169 -0.5169 0.6824
vn -0.6929 -0.6929 0.1994
vn -0.1349 -0.7128 0.6883
vn -0.1590 -0.1590 0.9744
vn -0.7310 -0.0000 0.6824
vn -0.9799 -0.0000 0.1994
vn -0.2248 -0.0000 0.9744
vn -0.5169 0.5169 0.6824
vn -0.6929 0.6929 0.1995
vn -0.1590 0.1590 0.9744
vn -0.1826 0.9639 0.1941
vn -0.1349 0.7128 0.6883
vn -0.0400 0.2116 0.9765
vn 0.2732 -0.6778 0.6826
vn 0.0837 -0.2078 0.9746
vn -0.0400 -0.2116 0.9765
vn 0.8710 0.4498 0.1975
vn 0.2732 0.6778 0.6826
vn 0.6491 0.3352 0.6828
vn 0.0837 0.2078 0.9746
vn 0.1985 0.1025 0.9747
vn 0.9811 -0.0000 0.1935
vn 0.6491 -0.3352 0.6828
vn 0.8710 -0.4498 0.1975
vn 0.7202 -0.0000 0.6937
vn 0.1985 -0.1025 0.9747
vn 0.8710 -0.4498 -0.1975
vn 0.2734 -0.6777 -0.6826
vn 0.6491 -0.3352 -0.6828
vn 0.0838 -0.2077 -0.9746
vn 0.1985 -0.1025 -0.9747
vn 0.9811 -0.0000 -0.1935
vn 0.6491 0.3352 -0.6828
vn 0.8710 0.4498 -0.1975
vn 0.7202 -0.0000 -0.6937
vn 0.1985 0.1025 -0.9747
vn 0.0283 -0.7115 -0.7021
vn 0.0245 -0.1960 -0.9803
vn 0.0224 -0.9833 -0.1805
vn 0.3664 0.9091 0.1982
vn 0.0228 0.9852 -0.1697
vn 0.2734 0.6777 -0.6826
vn 0.0283 0.7115 -0.7021
vn 0.0838 0.2077 -0.9746
vn 0.0244 0.1961 -0.9803
vn 0.2090 -0.0000 -0.9779
vn 0.3665 0.9091 -0.1981
vn 0.0572 -0.7662 -0.6401
vn 0.0306 -0.9839 -0.1762
vn 0.0595 -0.2072 -0.9765
vn 0.0308 0.9833 -0.1793
vn 0.0576 0.7614 -0.6458
vn 0.0595 0.2036 -0.9772
vn 0.2090 -0.0000 0.9779
vn 0.3665 -0.9090 0.1983
vn -0.7071 -0.7071 -0.0000
vn -1.0000 -0.0000 -0.0000
vn -0.7071 0.7071 -0.0000
vn 0.4543 -0.5019 -0.7360
vn 0.3667 -0.9090 -0.1982
vt 0.968517 0.309333
vt 0.967245 0.306006
vt 0.968518 0.306006
vt 0.959606 0.309333
vt 0.958332 0.306006
vt 0.959605 0.306006
vt 0.960879 0.309500
vt 0.960748 0.309382
vt 0.960879 0.309166
vt 0.960434 0.309333
vt 0.966416 0.309333
vt 0.966102 0.309382
vt 0.965971 0.309166
vt 0.965971 0.309500
vt 0.965969 0.310832
vt 0.964696 0.310956
vt 0.964697 0.310828
vt 0.960117 0.115036
vt 0.959000 0.115548
vt 0.958909 0.115442
vt 0.963425 0.310957
vt 0.963425 0.310828
vt 0.958478 0.116585
vt 0.958332 0.116576
vt 0.962154 0.310956
vt 0.962153 0.310828
vt 0.958865 0.117680
vt 0.958761 0.117773
vt 0.960881 0.310832
vt 0.960892 0.310961
vt 0.959910 0.118327
vt 0.959941 0.118197
vt 0.960121 0.114903
vt 0.986426 0.117289
vt 0.986342 0.117351
vt 0.960131 0.115169
vt 0.986616 0.119132
vt 0.986296 0.119357
vt 0.986538 0.119082
vt 0.986221 0.119285
vt 0.986455 0.119030
vt 0.986829 0.118352
vt 0.986630 0.117592
vt 0.986714 0.117552
vt 0.986716 0.118345
vt 0.986542 0.117633
vt 0.987144 0.117352
vt 0.986782 0.116755
vt 0.987281 0.117279
vt 0.987183 0.116464
vt 0.986743 0.116624
vt 0.987069 0.116386
vt 0.987345 0.118384
vt 0.987148 0.119475
vt 0.987019 0.119385
vt 0.987392 0.115655
vt 0.987252 0.114868
vt 0.987381 0.114819
vt 0.973981 0.115466
vt 0.974005 0.115334
vt 0.973959 0.115598
vt 0.959897 0.118460
vt 0.986360 0.119418
vt 0.973707 0.119474
vt 0.986587 0.119940
vt 0.973706 0.119604
vt 0.974367 0.112666
vt 0.986990 0.114560
vt 0.974350 0.112793
vt 0.987507 0.118394
vt 0.987261 0.115639
vt 0.986527 0.119821
vt 0.987057 0.114438
vt 0.960672 0.113393
vt 0.967348 0.114589
vt 0.960364 0.113469
vt 0.967071 0.114690
vt 0.960233 0.113573
vt 0.967994 0.114541
vt 0.966773 0.119513
vt 0.959966 0.119940
vt 0.959848 0.119807
vt 0.967831 0.111573
vt 0.961180 0.110443
vt 0.960920 0.110254
vt 0.967039 0.119640
vt 0.968428 0.111815
vt 0.986603 0.118338
vt 0.986498 0.117237
vt 0.964698 0.306005
vt 0.963425 0.306005
vt 0.962152 0.306005
vt 0.961882 0.110892
vt 0.967244 0.309333
vt 0.965972 0.306006
vt 0.961484 0.113218
vt 0.986710 0.116863
vt 0.962166 0.112142
vt 0.958333 0.309333
vt 0.965958 0.310961
vt 0.960878 0.306006
s 1
usemtl Chrome
f 519/875/276 513/876/277 512/877/278
f 518/878/279 512/879/278 511/880/280
f 536/881/281 539/882/282 538/883/283
f 539/882/282 537/884/284 538/883/283
f 540/885/285 543/886/286 542/887/287
f 543/886/286 541/888/288 542/887/287
f 524/889/289 529/890/290 528/891/291
f 526/892/292 527/893/293 529/894/290
f 528/891/291 532/895/294 531/896/295
f 529/894/290 530/897/296 532/898/294
f 531/896/295 535/899/297 534/900/298
f 532/898/294 533/901/299 535/902/297
f 522/903/300 535/899/297 523/904/301
f 523/905/301 533/901/299 521/906/302
f 524/907/289 552/908/303 526/892/292
f 526/892/292 550/909/304 525/910/305
f 581/911/306 546/912/307 582/913/308
f 582/913/308 544/914/309 580/915/310
f 548/916/311 585/917/312 584/918/313
f 549/919/314 583/920/315 585/917/312
f 563/921/316 561/922/317 564/923/318
f 564/924/318 559/925/319 562/926/320
f 557/927/321 567/928/322 566/929/323
f 558/930/324 565/931/325 567/932/322
f 559/925/319 570/933/326 569/934/327
f 561/922/317 568/935/328 570/933/326
f 522/936/300 546/912/307 545/937/329
f 523/905/301 544/914/309 546/912/307
f 571/938/330 555/939/331 573/940/332
f 573/941/332 553/942/333 572/943/334
f 557/927/321 564/923/318 558/944/324
f 558/930/324 562/926/320 556/945/335
f 566/929/323 555/939/331 554/946/336
f 567/932/322 553/942/333 555/947/331
f 540/948/285 576/949/337 543/950/286
f 543/950/286 574/951/338 541/952/288
f 575/953/339 570/933/326 576/949/337
f 576/949/337 568/935/328 574/951/338
f 577/954/340 539/955/282 536/956/281
f 579/957/341 537/958/284 539/959/282
f 571/938/330 579/960/341 577/954/340
f 573/941/332 578/961/342 579/957/341
f 548/916/311 582/913/308 549/919/314
f 549/919/314 580/915/310 547/962/343
f 584/918/313 552/908/303 551/963/344
f 585/917/312 550/909/304 552/908/303
f 522/936/300 554/946/336 571/938/330
f 534/900/298 536/881/281 538/883/283
f 547/962/343 533/901/299 527/893/293
f 524/907/289 568/935/328 551/963/344
f 541/888/288 528/891/291 515/964/345
f 528/891/291 516/965/346 515/964/345
f 531/896/295 517/966/347 516/965/346
f 538/883/283 518/878/279 511/880/280
f 518/967/279 537/958/284 578/961/342
f 520/968/348 542/887/287 514/969/287
f 540/948/285 520/970/348 575/953/339
f 545/937/329 566/929/323 554/946/336
f 548/916/311 563/921/316 557/927/321
f 581/911/306 557/927/321 566/929/323
f 584/918/313 560/971/349 563/921/316
f 572/943/334 565/931/325 562/926/320
f 578/961/342 569/934/327 575/953/339
f 520/970/348 519/972/276 575/953/339
f 575/953/339 519/972/276 578/961/342
f 519/972/276 518/967/279 578/961/342
f 519/875/276 520/968/348 513/876/277
f 518/878/279 519/973/276 512/879/278
f 524/889/289 526/974/292 529/890/290
f 526/892/292 525/910/305 527/893/293
f 528/891/291 529/890/290 532/895/294
f 529/894/290 527/893/293 530/897/296
f 531/896/295 532/895/294 535/899/297
f 532/898/294 530/897/296 533/901/299
f 522/903/300 534/900/298 535/899/297
f 523/905/301 535/902/297 533/901/299
f 524/907/289 551/963/344 552/908/303
f 526/892/292 552/908/303 550/909/304
f 581/911/306 545/937/329 546/912/307
f 582/913/308 546/912/307 544/914/309
f 548/916/311 549/919/314 585/917/312
f 549/919/314 547/962/343 583/920/315
f 563/921/316 560/971/349 561/922/317
f 564/924/318 561/922/317 559/925/319
f 557/927/321 558/944/324 567/928/322
f 558/930/324 556/945/335 565/931/325
f 559/925/319 561/922/317 570/933/326
f 561/922/317 560/971/349 568/935/328
f 522/936/300 523/905/301 546/912/307
f 523/905/301 521/906/302 544/914/309
f 571/938/330 554/946/336 555/939/331
f 573/941/332 555/947/331 553/942/333
f 557/927/321 563/921/316 564/923/318
f 558/930/324 564/924/318 562/926/320
f 566/929/323 567/928/322 555/939/331
f 567/932/322 565/931/325 553/942/333
f 540/948/285 575/953/339 576/949/337
f 543/950/286 576/949/337 574/951/338
f 575/953/339 569/934/327 570/933/326
f 576/949/337 570/933/326 568/935/328
f 577/954/340 579/960/341 539/955/282
f 579/957/341 578/961/342 537/958/284
f 571/938/330 573/940/332 579/960/341
f 573/941/332 572/943/334 578/961/342
f 548/916/311 581/911/306 582/913/308
f 549/919/314 582/913/308 580/915/310
f 584/918/313 585/917/312 552/908/303
f 585/917/312 583/920/315 550/909/304
f 577/954/340 536/956/281 522/936/300
f 522/936/300 545/937/329 554/946/336
f 571/938/330 577/954/340 522/936/300
f 510/975/283 517/966/347 534/900/298
f 534/900/298 522/903/300 536/881/281
f 538/883/283 510/975/283 534/900/298
f 527/893/293 525/910/305 550/909/304
f 550/909/304 583/920/315 547/962/343
f 547/962/343 580/915/310 544/914/309
f 544/914/309 521/906/302 533/901/299
f 533/901/299 530/897/296 527/893/293
f 527/893/293 550/909/304 547/962/343
f 547/962/343 544/914/309 533/901/299
f 524/907/289 541/952/288 574/951/338
f 568/935/328 560/971/349 551/963/344
f 524/907/289 574/951/338 568/935/328
f 515/964/345 514/969/287 542/887/287
f 541/888/288 524/889/289 528/891/291
f 515/964/345 542/887/287 541/888/288
f 528/891/291 531/896/295 516/965/346
f 531/896/295 534/900/298 517/966/347
f 511/880/280 510/975/283 538/883/283
f 538/883/283 537/884/284 518/878/279
f 514/969/287 513/876/277 520/968/348
f 520/968/348 540/885/285 542/887/287
f 545/937/329 581/911/306 566/929/323
f 548/916/311 584/918/313 563/921/316
f 581/911/306 548/916/311 557/927/321
f 584/918/313 551/963/344 560/971/349
f 559/925/319 569/934/327 572/943/334
f 572/943/334 553/942/333 565/931/325
f 565/931/325 556/945/335 562/926/320
f 562/926/320 559/925/319 572/943/334
f 578/961/342 572/943/334 569/934/327
o SwivelHandle.012
v -0.537245 0.060000 -0.040154
v -0.530174 0.062929 -0.040154
v -0.527245 0.070000 -0.040154
v -0.530174 0.077071 -0.040154
v -0.537245 0.080000 -0.040154
v -0.544316 0.077071 -0.040154
v -0.547245 0.070000 -0.040154
v -0.544316 0.062929 -0.040154
v -0.530174 0.062929 -0.060154
v -0.527245 0.070000 -0.060154
v -0.530174 0.077071 -0.060154
v -0.537055 0.061004 -0.070154
v -0.537245 0.060000 -0.069154
v -0.537189 0.060294 -0.069861
v -0.537245 0.080000 -0.069154
v -0.537055 0.078996 -0.070154
v -0.537189 0.079706 -0.069861
v -0.543551 0.076306 -0.070154
v -0.544316 0.077071 -0.069154
v -0.544092 0.076847 -0.069861
v -0.546163 0.070000 -0.070154
v -0.547245 0.070000 -0.069154
v -0.546928 0.070000 -0.069861
v -0.543551 0.063694 -0.070154
v -0.544316 0.062929 -0.069154
v -0.544092 0.063153 -0.069861
v -0.537245 0.060000 -0.061158
v -0.534771 0.061025 -0.060154
v -0.537245 0.060000 -0.059154
v -0.536521 0.060300 -0.060448
v -0.534771 0.078975 -0.060154
v -0.537245 0.080000 -0.061158
v -0.537245 0.080000 -0.059154
v -0.536521 0.079700 -0.060448
v -0.380574 0.063922 -0.070154
v -0.380174 0.062929 -0.069154
v -0.380291 0.063220 -0.069861
v -0.378254 0.070000 -0.070154
v -0.377245 0.070000 -0.069154
v -0.377540 0.070000 -0.069861
v -0.380574 0.076078 -0.070154
v -0.380174 0.077071 -0.069154
v -0.380291 0.076780 -0.069861
v -0.380574 0.063921 -0.065154
v -0.380174 0.062929 -0.066154
v -0.380291 0.063220 -0.065447
v -0.378254 0.070000 -0.065154
v -0.377245 0.070000 -0.066154
v -0.377540 0.070000 -0.065447
v -0.380574 0.076079 -0.065154
v -0.380174 0.077071 -0.066154
v -0.380291 0.076780 -0.065447
v -0.378839 0.074470 -0.065154
v -0.377894 0.074958 -0.066154
v -0.378171 0.074815 -0.065447
v -0.378839 0.065530 -0.065154
v -0.377894 0.065042 -0.066154
v -0.378171 0.065185 -0.065447
v -0.455195 0.078530 -0.066154
v -0.455174 0.077535 -0.065154
v -0.455180 0.078241 -0.065447
v -0.455195 0.061469 -0.066154
v -0.455174 0.062465 -0.065154
v -0.455180 0.061759 -0.065447
v -0.496270 0.079263 -0.064414
v -0.490910 0.078193 -0.063640
v -0.494675 0.078952 -0.063774
v -0.496270 0.060736 -0.064414
v -0.490910 0.061827 -0.063640
v -0.494675 0.061054 -0.063774
v -0.378839 0.065530 -0.070154
v -0.377894 0.065042 -0.069154
v -0.378171 0.065185 -0.069861
v -0.378839 0.074470 -0.070154
v -0.377894 0.074958 -0.069154
v -0.378171 0.074815 -0.069861
vn 0.6395 -0.0000 0.7688
vn 0.7071 0.7071 -0.0000
vn 1.0000 -0.0000 -0.0000
vn 0.4543 -0.5020 0.7359
vn 0.7071 -0.7071 -0.0000
vn -0.1348 -0.9896 0.0511
vn 0.2555 -0.9478 0.1906
vn -0.0000 -1.0000 -0.0000
vn 0.2738 -0.8303 0.4854
vn 0.2738 0.8302 0.4855
vn 0.2555 0.9478 0.1906
vn -0.0000 1.0000 -0.0000
vn -0.1348 0.9896 0.0511
vn -0.1826 0.9639 -0.1941
vn -0.5169 0.5169 -0.6824
vn -0.6929 0.6929 -0.1994
vn -0.1349 0.7128 -0.6883
vn -0.1590 0.1590 -0.9744
vn -0.7310 -0.0000 -0.6824
vn -0.9799 -0.0000 -0.1994
vn -0.2248 -0.0000 -0.9744
vn -0.5169 -0.5169 -0.6824
vn -0.6929 -0.6929 -0.1995
vn -0.1590 -0.1590 -0.9744
vn -0.1826 -0.9639 -0.1941
vn -0.1349 -0.7128 -0.6883
vn -0.0400 -0.2116 -0.9765
vn 0.2732 0.6778 -0.6826
vn 0.0837 0.2078 -0.9746
vn -0.0400 0.2116 -0.9765
vn 0.8710 -0.4498 -0.1975
vn 0.2732 -0.6778 -0.6826
vn 0.6491 -0.3352 -0.6828
vn 0.0837 -0.2078 -0.9746
vn 0.1985 -0.1025 -0.9747
vn 0.9811 -0.0000 -0.1935
vn 0.6491 0.3352 -0.6828
vn 0.8710 0.4498 -0.1975
vn 0.7202 -0.0000 -0.6937
vn 0.1985 0.1025 -0.9747
vn 0.8710 0.4498 0.1975
vn 0.2734 0.6777 0.6826
vn 0.6491 0.3352 0.6828
vn 0.0838 0.2077 0.9746
vn 0.1985 0.1025 0.9747
vn 0.9811 -0.0000 0.1935
vn 0.6491 -0.3352 0.6828
vn 0.8710 -0.4498 0.1975
vn 0.7202 -0.0000 0.6937
vn 0.1985 -0.1025 0.9747
vn 0.0283 0.7115 0.7021
vn 0.0245 0.1960 0.9803
vn 0.0224 0.9833 0.1805
vn 0.3664 -0.9091 -0.1982
vn 0.0228 -0.9852 0.1697
vn 0.2734 -0.6777 0.6826
vn 0.0283 -0.7115 0.7021
vn 0.0838 -0.2077 0.9746
vn 0.0244 -0.1961 0.9803
vn 0.2090 -0.0000 0.9779
vn 0.3665 -0.9091 0.1981
vn 0.0572 0.7662 0.6401
vn 0.0306 0.9839 0.1762
vn 0.0595 0.2072 0.9765
vn 0.0308 -0.9833 0.1793
vn 0.0576 -0.7614 0.6458
vn 0.0595 -0.2036 0.9772
vn 0.2090 -0.0000 -0.9779
vn 0.3665 0.9090 -0.1983
vn -0.7071 0.7071 -0.0000
vn -1.0000 -0.0000 -0.0000
vn -0.7071 -0.7071 -0.0000
vn 0.4543 0.5019 0.7360
vn 0.3667 0.9090 0.1982
vt 0.968517 0.309333
vt 0.967245 0.306006
vt 0.968518 0.306006
vt 0.959606 0.309333
vt 0.958332 0.306006
vt 0.959605 0.306006
vt 0.960879 0.309500
vt 0.960748 0.309382
vt 0.960879 0.309166
vt 0.960434 0.309333
vt 0.966416 0.309333
vt 0.966102 0.309382
vt 0.965971 0.309166
vt 0.965971 0.309500
vt 0.965969 0.310832
vt 0.964696 0.310956
vt 0.964697 0.310828
vt 0.960117 0.115036
vt 0.959000 0.115548
vt 0.958909 0.115442
vt 0.963425 0.310957
vt 0.963425 0.310828
vt 0.958478 0.116585
vt 0.958332 0.116576
vt 0.962154 0.310956
vt 0.962153 0.310828
vt 0.958865 0.117680
vt 0.958761 0.117773
vt 0.960881 0.310832
vt 0.960892 0.310961
vt 0.959910 0.118327
vt 0.959941 0.118197
vt 0.960121 0.114903
vt 0.986426 0.117289
vt 0.986342 0.117351
vt 0.960131 0.115169
vt 0.986616 0.119132
vt 0.986296 0.119357
vt 0.986538 0.119082
vt 0.986221 0.119285
vt 0.986455 0.119030
vt 0.986829 0.118352
vt 0.986630 0.117592
vt 0.986714 0.117552
vt 0.986716 0.118345
vt 0.986542 0.117633
vt 0.987144 0.117352
vt 0.986782 0.116755
vt 0.987281 0.117279
vt 0.987183 0.116464
vt 0.986743 0.116624
vt 0.987069 0.116386
vt 0.987345 0.118384
vt 0.987148 0.119475
vt 0.987019 0.119385
vt 0.987392 0.115655
vt 0.987252 0.114868
vt 0.987381 0.114819
vt 0.973981 0.115466
vt 0.974005 0.115334
vt 0.973959 0.115598
vt 0.959897 0.118460
vt 0.986360 0.119418
vt 0.973707 0.119474
vt 0.986587 0.119940
vt 0.973706 0.119604
vt 0.974367 0.112666
vt 0.986990 0.114560
vt 0.974350 0.112793
vt 0.987507 0.118394
vt 0.987261 0.115639
vt 0.986527 0.119821
vt 0.987057 0.114438
vt 0.960672 0.113393
vt 0.967348 0.114589
vt 0.960364 0.113469
vt 0.967071 0.114690
vt 0.960233 0.113573
vt 0.967994 0.114541
vt 0.966773 0.119513
vt 0.959966 0.119940
vt 0.959848 0.119807
vt 0.967831 0.111573
vt 0.961180 0.110443
vt 0.960920 0.110254
vt 0.967039 0.119640
vt 0.968428 0.111815
vt 0.986603 0.118338
vt 0.986498 0.117237
vt 0.964698 0.306005
vt 0.963425 0.306005
vt 0.962152 0.306005
vt 0.961882 0.110892
vt 0.967244 0.309333
vt 0.965972 0.306006
vt 0.961484 0.113218
vt 0.986710 0.116863
vt 0.962166 0.112142
vt 0.958333 0.309333
vt 0.965958 0.310961
vt 0.960878 0.306006
s 1
usemtl Chrome
f 595/976/350 589/977/351 588/978/352
f 594/979/353 588/980/352 587/981/354
f 612/982/355 615/983/356 614/984/357
f 615/983/356 613/985/358 614/984/357
f 616/986/359 619/987/360 618/988/361
f 619/987/360 617/989/362 618/988/361
f 600/990/363 605/991/364 604/992/365
f 602/993/366 603/994/367 605/995/364
f 604/992/365 608/996/368 607/997/369
f 605/995/364 606/998/370 608/999/368
f 607/997/369 611/1000/371 610/1001/372
f 608/999/368 609/1002/373 611/1003/371
f 598/1004/374 611/1000/371 599/1005/375
f 599/1006/375 609/1002/373 597/1007/376
f 600/1008/363 628/1009/377 602/993/366
f 602/993/366 626/1010/378 601/1011/379
f 657/1012/380 622/1013/381 658/1014/382
f 658/1014/382 620/1015/383 656/1016/384
f 624/1017/385 661/1018/386 660/1019/387
f 625/1020/388 659/1021/389 661/1018/386
f 639/1022/390 637/1023/391 640/1024/392
f 640/1025/392 635/1026/393 638/1027/394
f 633/1028/395 643/1029/396 642/1030/397
f 634/1031/398 641/1032/399 643/1033/396
f 635/1026/393 646/1034/400 645/1035/401
f 637/1023/391 644/1036/402 646/1034/400
f 598/1037/374 622/1013/381 621/1038/403
f 599/1006/375 620/1015/383 622/1013/381
f 647/1039/404 631/1040/405 649/1041/406
f 649/1042/406 629/1043/407 648/1044/408
f 633/1028/395 640/1024/392 634/1045/398
f 634/1031/398 638/1027/394 632/1046/409
f 642/1030/397 631/1040/405 630/1047/410
f 643/1033/396 629/1043/407 631/1048/405
f 616/1049/359 652/1050/411 619/1051/360
f 619/1051/360 650/1052/412 617/1053/362
f 651/1054/413 646/1034/400 652/1050/411
f 652/1050/411 644/1036/402 650/1052/412
f 653/1055/414 615/1056/356 612/1057/355
f 655/1058/415 613/1059/358 615/1060/356
f 647/1039/404 655/1061/415 653/1055/414
f 649/1042/406 654/1062/416 655/1058/415
f 624/1017/385 658/1014/382 625/1020/388
f 625/1020/388 656/1016/384 623/1063/417
f 660/1019/387 628/1009/377 627/1064/418
f 661/1018/386 626/1010/378 628/1009/377
f 598/1037/374 630/1047/410 647/1039/404
f 610/1001/372 612/982/355 614/984/357
f 623/1063/417 609/1002/373 603/994/367
f 600/1008/363 644/1036/402 627/1064/418
f 617/989/362 604/992/365 591/1065/419
f 604/992/365 592/1066/420 591/1065/419
f 607/997/369 593/1067/421 592/1066/420
f 614/984/357 594/979/353 587/981/354
f 594/1068/353 613/1059/358 654/1062/416
f 596/1069/422 618/988/361 590/1070/361
f 616/1049/359 596/1071/422 651/1054/413
f 621/1038/403 642/1030/397 630/1047/410
f 624/1017/385 639/1022/390 633/1028/395
f 657/1012/380 633/1028/395 642/1030/397
f 660/1019/387 636/1072/423 639/1022/390
f 648/1044/408 641/1032/399 638/1027/394
f 654/1062/416 645/1035/401 651/1054/413
f 596/1071/422 595/1073/350 651/1054/413
f 651/1054/413 595/1073/350 654/1062/416
f 595/1073/350 594/1068/353 654/1062/416
f 595/976/350 596/1069/422 589/977/351
f 594/979/353 595/1074/350 588/980/352
f 600/990/363 602/1075/366 605/991/364
f 602/993/366 601/1011/379 603/994/367
f 604/992/365 605/991/364 608/996/368
f 605/995/364 603/994/367 606/998/370
f 607/997/369 608/996/368 611/1000/371
f 608/999/368 606/998/370 609/1002/373
f 598/1004/374 610/1001/372 611/1000/371
f 599/1006/375 611/1003/371 609/1002/373
f 600/1008/363 627/1064/418 628/1009/377
f 602/993/366 628/1009/377 626/1010/378
f 657/1012/380 621/1038/403 622/1013/381
f 658/1014/382 622/1013/381 620/1015/383
f 624/1017/385 625/1020/388 661/1018/386
f 625/1020/388 623/1063/417 659/1021/389
f 639/1022/390 636/1072/423 637/1023/391
f 640/1025/392 637/1023/391 635/1026/393
f 633/1028/395 634/1045/398 643/1029/396
f 634/1031/398 632/1046/409 641/1032/399
f 635/1026/393 637/1023/391 646/1034/400
f 637/1023/391 636/1072/423 644/1036/402
f 598/1037/374 599/1006/375 622/1013/381
f 599/1006/375 597/1007/376 620/1015/383
f 647/1039/404 630/1047/410 631/1040/405
f 649/1042/406 631/1048/405 629/1043/407
f 633/1028/395 639/1022/390 640/1024/392
f 634/1031/398 640/1025/392 638/1027/394
f 642/1030/397 643/1029/396 631/1040/405
f 643/1033/396 641/1032/399 629/1043/407
f 616/1049/359 651/1054/413 652/1050/411
f 619/1051/360 652/1050/411 650/1052/412
f 651/1054/413 645/1035/401 646/1034/400
f 652/1050/411 646/1034/400 644/1036/402
f 653/1055/414 655/1061/415 615/1056/356
f 655/1058/415 654/1062/416 613/1059/358
f 647/1039/404 649/1041/406 655/1061/415
f 649/1042/406 648/1044/408 654/1062/416
f 624/1017/385 657/1012/380 658/1014/382
f 625/1020/388 658/1014/382 656/1016/384
f 660/1019/387 661/1018/386 628/1009/377
f 661/1018/386 659/1021/389 626/1010/378
f 653/1055/414 612/1057/355 598/1037/374
f 598/1037/374 621/1038/403 630/1047/410
f 647/1039/404 653/1055/414 598/1037/374
f 586/1076/357 593/1067/421 610/1001/372
f 610/1001/372 598/1004/374 612/982/355
f 614/984/357 586/1076/357 610/1001/372
f 603/994/367 601/1011/379 626/1010/378
f 626/1010/378 659/1021/389 623/1063/417
f 623/1063/417 656/1016/384 620/1015/383
f 620/1015/383 597/1007/376 609/1002/373
f 609/1002/373 606/998/370 603/994/367
f 603/994/367 626/1010/378 623/1063/417
f 623/1063/417 620/1015/383 609/1002/373
f 600/1008/363 617/1053/362 650/1052/412
f 644/1036/402 636/1072/423 627/1064/418
f 600/1008/363 650/1052/412 644/1036/402
f 591/1065/419 590/1070/361 618/988/361
f 617/989/362 600/990/363 604/992/365
f 591/1065/419 618/988/361 617/989/362
f 604/992/365 607/997/369 592/1066/420
f 607/997/369 610/1001/372 593/1067/421
f 587/981/354 586/1076/357 614/984/357
f 614/984/357 613/985/358 594/979/353
f 590/1070/361 589/977/351 596/1069/422
f 596/1069/422 616/986/359 618/988/361
f 621/1038/403 657/1012/380 642/1030/397
f 624/1017/385 660/1019/387 639/1022/390
f 657/1012/380 624/1017/385 633/1028/395
f 660/1019/387 627/1064/418 636/1072/423
f 635/1026/393 645/1035/401 648/1044/408
f 648/1044/408 629/1043/407 641/1032/399
f 641/1032/399 632/1046/409 638/1027/394
f 638/1027/394 635/1026/393 648/1044/408
f 654/1062/416 648/1044/408 645/1035/401
o SwivelHandle.013
v -0.530000 -0.780000 0.003000
v -0.522929 -0.777071 0.003000
v -0.520000 -0.770000 0.003000
v -0.522929 -0.762929 0.003000
v -0.530000 -0.760000 0.003000
v -0.537071 -0.762929 0.003000
v -0.540000 -0.770000 0.003000
v -0.537071 -0.777071 0.003000
v -0.522929 -0.777071 -0.017000
v -0.520000 -0.770000 -0.017000
v -0.522929 -0.762929 -0.017000
v -0.529810 -0.778996 -0.027000
v -0.530000 -0.780000 -0.026000
v -0.529944 -0.779706 -0.026707
v -0.530000 -0.760000 -0.026000
v -0.529810 -0.761004 -0.027000
v -0.529944 -0.760294 -0.026707
v -0.536306 -0.763694 -0.027000
v -0.537071 -0.762929 -0.026000
v -0.536847 -0.763153 -0.026707
v -0.538918 -0.770000 -0.027000
v -0.540000 -0.770000 -0.026000
v -0.539683 -0.770000 -0.026707
v -0.536306 -0.776306 -0.027000
v -0.537071 -0.777071 -0.026000
v -0.536847 -0.776847 -0.026707
v -0.530000 -0.780000 -0.018003
v -0.527526 -0.778975 -0.017000
v -0.530000 -0.780000 -0.016000
v -0.529275 -0.779700 -0.017294
v -0.527526 -0.761025 -0.017000
v -0.530000 -0.760000 -0.018003
v -0.530000 -0.760000 -0.016000
v -0.529275 -0.760300 -0.017294
v -0.373329 -0.776078 -0.027000
v -0.372929 -0.777071 -0.026000
v -0.373046 -0.776780 -0.026707
v -0.371008 -0.770000 -0.027000
v -0.370000 -0.770000 -0.026000
v -0.370295 -0.770000 -0.026707
v -0.373329 -0.763922 -0.027000
v -0.372929 -0.762929 -0.026000
v -0.373046 -0.763220 -0.026707
v -0.373329 -0.776079 -0.022000
v -0.372929 -0.777071 -0.023000
v -0.373046 -0.776780 -0.022293
v -0.371008 -0.770000 -0.022000
v -0.370000 -0.770000 -0.023000
v -0.370295 -0.770000 -0.022293
v -0.373329 -0.763921 -0.022000
v -0.372929 -0.762929 -0.023000
v -0.373046 -0.763220 -0.022293
v -0.371594 -0.765530 -0.022000
v -0.370649 -0.765042 -0.023000
v -0.370926 -0.765185 -0.022293
v -0.371594 -0.774470 -0.022000
v -0.370649 -0.774958 -0.023000
v -0.370926 -0.774815 -0.022293
v -0.447950 -0.761469 -0.023000
v -0.447929 -0.762465 -0.022000
v -0.447935 -0.761759 -0.022293
v -0.447950 -0.778531 -0.023000
v -0.447929 -0.777535 -0.022000
v -0.447935 -0.778241 -0.022293
v -0.489025 -0.760736 -0.021259
v -0.483665 -0.761807 -0.020486
v -0.487430 -0.761048 -0.020619
v -0.489025 -0.779263 -0.021259
v -0.483665 -0.778173 -0.020486
v -0.487430 -0.778946 -0.020619
v -0.371594 -0.774470 -0.027000
v -0.370649 -0.774958 -0.026000
v -0.370926 -0.774815 -0.026707
v -0.371594 -0.765530 -0.027000
v -0.370649 -0.765042 -0.026000
v -0.370926 -0.765185 -0.026707
vn 0.6395 -0.0000 0.7688
vn 0.7071 0.7071 -0.0000
vn 1.0000 -0.0000 -0.0000
vn 0.4543 -0.5020 0.7359
vn 0.7071 -0.7071 -0.0000
vn -0.1348 -0.9896 0.0511
vn 0.2555 -0.9478 0.1906
vn -0.0000 -1.0000 -0.0000
vn 0.2738 -0.8303 0.4854
vn 0.2738 0.8302 0.4855
vn 0.2555 0.9478 0.1906
vn -0.0000 1.0000 -0.0000
vn -0.1348 0.9896 0.0511
vn -0.1826 0.9639 -0.1941
vn -0.5169 0.5169 -0.6824
vn -0.6929 0.6929 -0.1994
vn -0.1349 0.7128 -0.6883
vn -0.1590 0.1590 -0.9744
vn -0.7310 -0.0000 -0.6824
vn -0.9799 -0.0000 -0.1994
vn -0.2248 -0.0000 -0.9744
vn -0.5169 -0.5169 -0.6824
vn -0.6929 -0.6929 -0.1995
vn -0.1590 -0.1590 -0.9744
vn -0.1826 -0.9639 -0.1941
vn -0.1349 -0.7128 -0.6883
vn -0.0400 -0.2116 -0.9765
vn 0.2732 0.6778 -0.6826
vn 0.0837 0.2078 -0.9746
vn -0.0400 0.2116 -0.9765
vn 0.8710 -0.4498 -0.1975
vn 0.2732 -0.6778 -0.6826
vn 0.6491 -0.3352 -0.6828
vn 0.0837 -0.2078 -0.9746
vn 0.1985 -0.1025 -0.9747
vn 0.9811 -0.0000 -0.1935
vn 0.6491 0.3352 -0.6828
vn 0.8710 0.4498 -0.1975
vn 0.7202 -0.0000 -0.6937
vn 0.1985 0.1025 -0.9747
vn 0.8710 0.4498 0.1975
vn 0.2734 0.6777 0.6826
vn 0.6491 0.3352 0.6828
vn 0.0838 0.2077 0.9746
vn 0.1985 0.1025 0.9747
vn 0.9811 -0.0000 0.1935
vn 0.6491 -0.3352 0.6828
vn 0.8710 -0.4498 0.1975
vn 0.7202 -0.0000 0.6937
vn 0.1985 -0.1025 0.9747
vn 0.0283 0.7115 0.7021
vn 0.0245 0.1960 0.9803
vn 0.0224 0.9833 0.1805
vn 0.3664 -0.9091 -0.1982
vn 0.0228 -0.9852 0.1697
vn 0.2734 -0.6777 0.6826
vn 0.0283 -0.7115 0.7021
vn 0.0838 -0.2077 0.9746
vn 0.0244 -0.1961 0.9803
vn 0.2090 -0.0000 0.9779
vn 0.3665 -0.9091 0.1981
vn 0.0572 0.7662 0.6401
vn 0.0306 0.9839 0.1762
vn 0.0595 0.2072 0.9765
vn 0.0308 -0.9833 0.1793
vn 0.0576 -0.7614 0.6458
vn 0.0595 -0.2036 0.9772
vn 0.2090 -0.0000 -0.9779
vn 0.3665 0.9090 -0.1983
vn -0.7071 0.7071 -0.0000
vn -1.0000 -0.0000 -0.0000
vn -0.7071 -0.7071 -0.0000
vn 0.4543 0.5019 0.7360
vn 0.3667 0.9090 0.1982
vt 0.968517 0.309333
vt 0.967245 0.306006
vt 0.968518 0.306006
vt 0.959606 0.309333
vt 0.958332 0.306006
vt 0.959605 0.306006
vt 0.960879 0.309500
vt 0.960748 0.309382
vt 0.960879 0.309166
vt 0.960434 0.309333
vt 0.966416 0.309333
vt 0.966102 0.309382
vt 0.965971 0.309166
vt 0.965971 0.309500
vt 0.965969 0.310832
vt 0.964696 0.310956
vt 0.964697 0.310828
vt 0.960117 0.115036
vt 0.959000 0.115548
vt 0.958909 0.115442
vt 0.963425 0.310957
vt 0.963425 0.310828
vt 0.958478 0.116585
vt 0.958332 0.116576
vt 0.962154 0.310956
vt 0.962153 0.310828
vt 0.958865 0.117680
vt 0.958761 0.117773
vt 0.960881 0.310832
vt 0.960892 0.310961
vt 0.959910 0.118327
vt 0.959941 0.118197
vt 0.960121 0.114903
vt 0.986426 0.117289
vt 0.986342 0.117351
vt 0.960131 0.115169
vt 0.986616 0.119132
vt 0.986296 0.119357
vt 0.986538 0.119082
vt 0.986221 0.119285
vt 0.986455 0.119030
vt 0.986829 0.118352
vt 0.986630 0.117592
vt 0.986714 0.117552
vt 0.986716 0.118345
vt 0.986542 0.117633
vt 0.987144 0.117352
vt 0.986782 0.116755
vt 0.987281 0.117279
vt 0.987183 0.116464
vt 0.986743 0.116624
vt 0.987069 0.116386
vt 0.987345 0.118384
vt 0.987148 0.119475
vt 0.987019 0.119385
vt 0.987392 0.115655
vt 0.987252 0.114868
vt 0.987381 0.114819
vt 0.973981 0.115466
vt 0.974005 0.115334
vt 0.973959 0.115598
vt 0.959897 0.118460
vt 0.986360 0.119418
vt 0.973707 0.119474
vt 0.986587 0.119940
vt 0.973706 0.119604
vt 0.974367 0.112666
vt 0.986990 0.114560
vt 0.974350 0.112793
vt 0.987507 0.118394
vt 0.987261 0.115639
vt 0.986527 0.119821
vt 0.987057 0.114438
vt 0.960672 0.113393
vt 0.967348 0.114589
vt 0.960364 0.113469
vt 0.967071 0.114690
vt 0.960233 0.113573
vt 0.967994 0.114541
vt 0.966773 0.119513
vt 0.959966 0.119940
vt 0.959848 0.119807
vt 0.967831 0.111573
vt 0.961180 0.110443
vt 0.960920 0.110254
vt 0.967039 0.119640
vt 0.968428 0.111815
vt 0.986603 0.118338
vt 0.986498 0.117237
vt 0.964698 0.306005
vt 0.963425 0.306005
vt 0.962152 0.306005
vt 0.961882 0.110892
vt 0.967244 0.309333
vt 0.965972 0.306006
vt 0.961484 0.113218
vt 0.986710 0.116863
vt 0.962166 0.112142
vt 0.958333 0.309333
vt 0.965958 0.310961
vt 0.960878 0.306006
s 1
usemtl Chrome
f 671/1077/424 665/1078/425 664/1079/426
f 670/1080/427 664/1081/426 663/1082/428
f 688/1083/429 691/1084/430 690/1085/431
f 691/1084/430 689/1086/432 690/1085/431
f 692/1087/433 695/1088/434 694/1089/435
f 695/1088/434 693/1090/436 694/1089/435
f 676/1091/437 681/1092/438 680/1093/439
f 678/1094/440 679/1095/441 681/1096/438
f 680/1093/439 684/1097/442 683/1098/443
f 681/1096/438 682/1099/444 684/1100/442
f 683/1098/443 687/1101/445 686/1102/446
f 684/1100/442 685/1103/447 687/1104/445
f 674/1105/448 687/1101/445 675/1106/449
f 675/1107/449 685/1103/447 673/1108/450
f 676/1109/437 704/1110/451 678/1094/440
f 678/1094/440 702/1111/452 677/1112/453
f 733/1113/454 698/1114/455 734/1115/456
f 734/1115/456 696/1116/457 732/1117/458
f 700/1118/459 737/1119/460 736/1120/461
f 701/1121/462 735/1122/463 737/1119/460
f 715/1123/464 713/1124/465 716/1125/466
f 716/1126/466 711/1127/467 714/1128/468
f 709/1129/469 719/1130/470 718/1131/471
f 710/1132/472 717/1133/473 719/1134/470
f 711/1127/467 722/1135/474 721/1136/475
f 713/1124/465 720/1137/476 722/1135/474
f 674/1138/448 698/1114/455 697/1139/477
f 675/1107/449 696/1116/457 698/1114/455
f 723/1140/478 707/1141/479 725/1142/480
f 725/1143/480 705/1144/481 724/1145/482
f 709/1129/469 716/1125/466 710/1146/472
f 710/1132/472 714/1128/468 708/1147/483
f 718/1131/471 707/1141/479 706/1148/484
f 719/1134/470 705/1144/481 707/1149/479
f 692/1150/433 728/1151/485 695/1152/434
f 695/1152/434 726/1153/486 693/1154/436
f 727/1155/487 722/1135/474 728/1151/485
f 728/1151/485 720/1137/476 726/1153/486
f 729/1156/488 691/1157/430 688/1158/429
f 731/1159/489 689/1160/432 691/1161/430
f 723/1140/478 731/1162/489 729/1156/488
f 725/1143/480 730/1163/490 731/1159/489
f 700/1118/459 734/1115/456 701/1121/462
f 701/1121/462 732/1117/458 699/1164/491
f 736/1120/461 704/1110/451 703/1165/492
f 737/1119/460 702/1111/452 704/1110/451
f 674/1138/448 706/1148/484 723/1140/478
f 686/1102/446 688/1083/429 690/1085/431
f 699/1164/491 685/1103/447 679/1095/441
f 676/1109/437 720/1137/476 703/1165/492
f 693/1090/436 680/1093/439 667/1166/493
f 680/1093/439 668/1167/494 667/1166/493
f 683/1098/443 669/1168/495 668/1167/494
f 690/1085/431 670/1080/427 663/1082/428
f 670/1169/427 689/1160/432 730/1163/490
f 672/1170/496 694/1089/435 666/1171/435
f 692/1150/433 672/1172/496 727/1155/487
f 697/1139/477 718/1131/471 706/1148/484
f 700/1118/459 715/1123/464 709/1129/469
f 733/1113/454 709/1129/469 718/1131/471
f 736/1120/461 712/1173/497 715/1123/464
f 724/1145/482 717/1133/473 714/1128/468
f 730/1163/490 721/1136/475 727/1155/487
f 672/1172/496 671/1174/424 727/1155/487
f 727/1155/487 671/1174/424 730/1163/490
f 671/1174/424 670/1169/427 730/1163/490
f 671/1077/424 672/1170/496 665/1078/425
f 670/1080/427 671/1175/424 664/1081/426
f 676/1091/437 678/1176/440 681/1092/438
f 678/1094/440 677/1112/453 679/1095/441
f 680/1093/439 681/1092/438 684/1097/442
f 681/1096/438 679/1095/441 682/1099/444
f 683/1098/443 684/1097/442 687/1101/445
f 684/1100/442 682/1099/444 685/1103/447
f 674/1105/448 686/1102/446 687/1101/445
f 675/1107/449 687/1104/445 685/1103/447
f 676/1109/437 703/1165/492 704/1110/451
f 678/1094/440 704/1110/451 702/1111/452
f 733/1113/454 697/1139/477 698/1114/455
f 734/1115/456 698/1114/455 696/1116/457
f 700/1118/459 701/1121/462 737/1119/460
f 701/1121/462 699/1164/491 735/1122/463
f 715/1123/464 712/1173/497 713/1124/465
f 716/1126/466 713/1124/465 711/1127/467
f 709/1129/469 710/1146/472 719/1130/470
f 710/1132/472 708/1147/483 717/1133/473
f 711/1127/467 713/1124/465 722/1135/474
f 713/1124/465 712/1173/497 720/1137/476
f 674/1138/448 675/1107/449 698/1114/455
f 675/1107/449 673/1108/450 696/1116/457
f 723/1140/478 706/1148/484 707/1141/479
f 725/1143/480 707/1149/479 705/1144/481
f 709/1129/469 715/1123/464 716/1125/466
f 710/1132/472 716/1126/466 714/1128/468
f 718/1131/471 719/1130/470 707/1141/479
f 719/1134/470 717/1133/473 705/1144/481
f 692/1150/433 727/1155/487 728/1151/485
f 695/1152/434 728/1151/485 726/1153/486
f 727/1155/487 721/1136/475 722/1135/474
f 728/1151/485 722/1135/474 720/1137/476
f 729/1156/488 731/1162/489 691/1157/430
f 731/1159/489 730/1163/490 689/1160/432
f 723/1140/478 725/1142/480 731/1162/489
f 725/1143/480 724/1145/482 730/1163/490
f 700/1118/459 733/1113/454 734/1115/456
f 701/1121/462 734/1115/456 732/1117/458
f 736/1120/461 737/1119/460 704/1110/451
f 737/1119/460 735/1122/463 702/1111/452
f 729/1156/488 688/1158/429 674/1138/448
f 674/1138/448 697/1139/477 706/1148/484
f 723/1140/478 729/1156/488 674/1138/448
f 662/1177/431 669/1168/495 686/1102/446
f 686/1102/446 674/1105/448 688/1083/429
f 690/1085/431 662/1177/431 686/1102/446
f 679/1095/441 677/1112/453 702/1111/452
f 702/1111/452 735/1122/463 699/1164/491
f 699/1164/491 732/1117/458 696/1116/457
f 696/1116/457 673/1108/450 685/1103/447
f 685/1103/447 682/1099/444 679/1095/441
f 679/1095/441 702/1111/452 699/1164/491
f 699/1164/491 696/1116/457 685/1103/447
f 676/1109/437 693/1154/436 726/1153/486
f 720/1137/476 712/1173/497 703/1165/492
f 676/1109/437 726/1153/486 720/1137/476
f 667/1166/493 666/1171/435 694/1089/435
f 693/1090/436 676/1091/437 680/1093/439
f 667/1166/493 694/1089/435 693/1090/436
f 680/1093/439 683/1098/443 668/1167/494
f 683/1098/443 686/1102/446 669/1168/495
f 663/1082/428 662/1177/431 690/1085/431
f 690/1085/431 689/1086/432 670/1080/427
f 666/1171/435 665/1078/425 672/1170/496
f 672/1170/496 692/1087/433 694/1089/435
f 697/1139/477 733/1113/454 718/1131/471
f 700/1118/459 736/1120/461 715/1123/464
f 733/1113/454 700/1118/459 709/1129/469
f 736/1120/461 703/1165/492 712/1173/497
f 711/1127/467 721/1136/475 724/1145/482
f 724/1145/482 705/1144/481 717/1133/473
f 717/1133/473 708/1147/483 714/1128/468
f 714/1128/468 711/1127/467 724/1145/482
f 730/1163/490 724/1145/482 721/1136/475
