# Blender 5.0.1
# www.blender.org
mtllib dummy_doors.mtl
o InteriorDoorExport.001
v -0.352182 3.650079 0.917851
v -0.347824 3.700081 0.868042
v -0.352033 3.663019 0.916154
v -0.351598 3.675079 0.911178
v -0.350905 3.685434 0.903262
v -0.350003 3.693380 0.892946
v -0.348952 3.698375 0.880933
v -0.347824 1.992902 0.868042
v -0.352182 2.042902 0.917851
v -0.348952 1.994606 0.880933
v -0.350003 1.999601 0.892946
v -0.350905 2.007547 0.903262
v -0.351598 2.017902 0.911178
v -0.352033 2.029961 0.916154
v -0.304052 3.700079 0.367724
v -0.299694 3.650079 0.317914
v -0.302924 3.698375 0.354832
v -0.301873 3.693380 0.342819
v -0.300971 3.685434 0.332503
v -0.300278 3.675079 0.324588
v -0.299843 3.663019 0.319611
v -0.299694 2.042902 0.317914
v -0.304052 1.992902 0.367724
v -0.299843 2.029961 0.319611
v -0.300278 2.017902 0.324588
v -0.300971 2.007547 0.332503
v -0.301873 1.999601 0.342819
v -0.302924 1.994606 0.354832
v -0.332231 3.650714 0.343842
v -0.332130 3.641740 0.342684
v -0.332484 3.657845 0.346737
v -0.332884 3.663924 0.351308
v -0.333401 3.668549 0.357214
v -0.333998 3.671433 0.364039
v -0.334752 3.672591 0.372657
v -0.379823 3.641740 0.887825
v -0.379722 3.650714 0.886667
v -0.379469 3.657845 0.883773
v -0.379069 3.663924 0.879201
v -0.378552 3.668549 0.873296
v -0.377955 3.671433 0.866471
v -0.377201 3.672591 0.857853
v -0.333998 3.151156 0.364039
v -0.334752 3.149998 0.372656
v -0.333401 3.154041 0.357214
v -0.332884 3.158665 0.351308
v -0.332484 3.164744 0.346737
v -0.332231 3.171875 0.343842
v -0.332130 3.180850 0.342684
v -0.377201 3.149998 0.857853
v -0.377955 3.151156 0.866471
v -0.378552 3.154041 0.873295
v -0.379069 3.158665 0.879201
v -0.379469 3.164744 0.883773
v -0.379722 3.171875 0.886667
v -0.379823 3.180850 0.887825
v -0.314713 3.650079 0.316600
v -0.317943 3.698375 0.353518
v -0.316892 3.693380 0.341505
v -0.315990 3.685434 0.331189
v -0.315297 3.675079 0.323274
v -0.314862 3.663019 0.318297
v -0.319071 3.700079 0.366410
v -0.365022 3.693380 0.891632
v -0.365925 3.685434 0.901948
v -0.366617 3.675079 0.909864
v -0.367053 3.663019 0.914840
v -0.367201 3.650079 0.916537
v -0.363971 3.698375 0.879619
v -0.362843 3.700080 0.866728
v -0.319071 1.992902 0.366410
v -0.317943 1.994606 0.353518
v -0.316892 1.999601 0.341505
v -0.315990 2.007547 0.331189
v -0.315297 2.017902 0.323274
v -0.314862 2.029961 0.318297
v -0.314713 2.042902 0.316600
v -0.362843 1.992902 0.866728
v -0.363971 1.994606 0.879619
v -0.365022 1.999601 0.891632
v -0.365925 2.007547 0.901948
v -0.366617 2.017902 0.909864
v -0.367053 2.029961 0.914840
v -0.367201 2.042902 0.916537
v -0.315512 3.655857 0.325729
v -0.315937 3.667810 0.330582
v -0.316612 3.678075 0.338300
v -0.317492 3.685951 0.348359
v -0.318517 3.690902 0.360073
v -0.319617 3.692591 0.372643
v -0.366547 3.643030 0.909063
v -0.318517 2.002079 0.360073
v -0.317492 2.007030 0.348359
v -0.316612 2.014906 0.338300
v -0.315937 2.025171 0.330582
v -0.315512 2.037124 0.325729
v -0.315367 2.049951 0.324075
v -0.362298 2.000390 0.860494
v -0.363398 3.690902 0.873065
v -0.364423 3.685951 0.884779
v -0.365303 3.678075 0.894838
v -0.365978 3.667810 0.902556
v -0.366402 3.655857 0.907408
v -0.365303 2.014906 0.894838
v -0.364423 2.007030 0.884779
v -0.363398 2.002079 0.873065
v -0.362298 3.692592 0.860494
v -0.315367 3.643030 0.324075
v -0.319617 2.000390 0.372643
v -0.365978 2.025171 0.902556
v -0.366402 2.037124 0.907408
v -0.366547 2.049951 0.909063
v -0.330531 3.655857 0.324415
v -0.330387 3.643030 0.322761
v -0.330956 3.667810 0.329268
v -0.331631 3.678075 0.336986
v -0.332511 3.685951 0.347045
v -0.333536 3.690902 0.358759
v -0.334636 3.692591 0.371329
v -0.381566 3.643030 0.907749
v -0.381422 3.655857 0.906094
v -0.380997 3.667810 0.901242
v -0.380322 3.678075 0.893524
v -0.379442 3.685951 0.883465
v -0.378417 3.690902 0.871751
v -0.377317 3.692591 0.859180
v -0.333536 2.002079 0.358759
v -0.334636 2.000390 0.371329
v -0.332511 2.007030 0.347045
v -0.331631 2.014906 0.336986
v -0.330956 2.025171 0.329268
v -0.330531 2.037124 0.324415
v -0.330387 2.049951 0.322761
v -0.377317 2.000390 0.859180
v -0.378417 2.002079 0.871751
v -0.379442 2.007030 0.883465
v -0.380322 2.014906 0.893524
v -0.380997 2.025171 0.901242
v -0.381422 2.037124 0.906094
v -0.381566 2.049951 0.907749
v -0.349785 3.180850 0.890453
v -0.349683 3.171875 0.889295
v -0.349430 3.164744 0.886401
v -0.348514 3.154041 0.875923
v -0.349030 3.158665 0.881829
v -0.347917 3.151156 0.869099
v -0.347163 3.149998 0.860481
v -0.303362 3.668549 0.359842
v -0.304713 3.672591 0.375285
v -0.303959 3.671433 0.366667
v -0.349785 3.641740 0.890453
v -0.349739 3.645783 0.889932
v -0.349683 3.650714 0.889295
v -0.349430 3.657845 0.886401
v -0.349030 3.663924 0.881829
v -0.347917 3.671433 0.869099
v -0.347163 3.672591 0.860481
v -0.348514 3.668549 0.875924
v -0.303959 3.151156 0.366667
v -0.304713 3.149998 0.375284
v -0.302846 3.158665 0.353936
v -0.302846 3.663924 0.353936
v -0.302192 3.650714 0.346470
v -0.302091 3.641740 0.345312
v -0.302091 3.180850 0.345312
v -0.302192 3.171875 0.346470
v -0.302446 3.164744 0.349365
v -0.302446 3.657845 0.349365
v -0.303362 3.154041 0.359842
v -0.313375 3.154041 0.358966
v -0.323388 3.154041 0.358090
v -0.323985 3.151156 0.364915
v -0.313972 3.151156 0.365791
v -0.313375 3.668549 0.358966
v -0.323388 3.668549 0.358090
v -0.322871 3.663924 0.352184
v -0.312858 3.663924 0.353060
v -0.359798 3.180850 0.889577
v -0.369810 3.180850 0.888701
v -0.369810 3.641740 0.888701
v -0.359798 3.641740 0.889577
v -0.312459 3.164744 0.348489
v -0.322471 3.164744 0.347613
v -0.322871 3.158665 0.352184
v -0.312858 3.158665 0.353060
v -0.312205 3.650714 0.345594
v -0.322218 3.650714 0.344718
v -0.322117 3.641740 0.343560
v -0.312104 3.641740 0.344436
v -0.314726 3.149998 0.374408
v -0.324739 3.149998 0.373532
v -0.367188 3.149998 0.858729
v -0.357175 3.149998 0.859605
v -0.358526 3.668549 0.875048
v -0.368539 3.668549 0.874172
v -0.367942 3.671433 0.867347
v -0.357929 3.671433 0.868223
v -0.358526 3.154041 0.875047
v -0.368539 3.154041 0.874171
v -0.369056 3.158665 0.880077
v -0.359043 3.158665 0.880953
v -0.359696 3.171875 0.888419
v -0.369709 3.171875 0.887543
v -0.359443 3.164744 0.885525
v -0.369456 3.164744 0.884649
v -0.314726 3.672591 0.374409
v -0.324739 3.672591 0.373533
v -0.323985 3.671433 0.364915
v -0.313972 3.671433 0.365791
v -0.312104 3.180850 0.344436
v -0.322117 3.180850 0.343560
v -0.322218 3.171875 0.344718
v -0.312205 3.171875 0.345594
v -0.367188 3.672591 0.858729
v -0.357175 3.672591 0.859605
v -0.359696 3.650714 0.888419
v -0.369709 3.650714 0.887543
v -0.369456 3.657845 0.884649
v -0.359443 3.657845 0.885525
v -0.359043 3.663924 0.880953
v -0.369056 3.663924 0.880077
v -0.312459 3.657845 0.348489
v -0.322471 3.657845 0.347613
v -0.367942 3.151156 0.867347
v -0.357929 3.151156 0.868223
v -0.313077 3.181875 0.355556
v -0.323090 3.181875 0.354680
v -0.322988 3.190850 0.353522
v -0.312976 3.190850 0.354398
v -0.325611 3.159998 0.383494
v -0.315598 3.159998 0.384370
v -0.313730 3.168665 0.363022
v -0.323743 3.168665 0.362146
v -0.323343 3.174744 0.357575
v -0.313330 3.174744 0.358451
v -0.314844 3.161156 0.375753
v -0.324857 3.161156 0.374877
v -0.324260 3.164041 0.368052
v -0.314247 3.164041 0.368928
v -0.352182 2.841481 0.917851
v -0.352182 2.991500 0.917851
v -0.381566 2.991499 0.907749
v -0.330387 2.991499 0.322761
v -0.347825 2.986500 0.868050
v -0.347389 2.991500 0.863069
v -0.347697 2.990036 0.866591
v -0.345647 2.991500 0.843158
v -0.345211 2.986500 0.838177
v -0.345339 2.990036 0.839636
v -0.347389 2.841481 0.863069
v -0.347825 2.846481 0.868050
v -0.347697 2.842946 0.866591
v -0.345211 2.846481 0.838177
v -0.345647 2.841481 0.843158
v -0.345339 2.842946 0.839636
v -0.377863 2.846482 0.865422
v -0.377428 2.841482 0.860441
v -0.377736 2.842947 0.863963
v -0.375686 2.841482 0.840530
v -0.375250 2.846482 0.835549
v -0.375377 2.842947 0.837008
v -0.377428 2.991499 0.860441
v -0.377863 2.986499 0.865422
v -0.377736 2.990035 0.863963
v -0.375250 2.986499 0.835549
v -0.375686 2.991499 0.840530
v -0.375377 2.990035 0.837008
v -0.337410 2.990500 0.863743
v -0.338423 2.991500 0.863854
v -0.337776 2.986301 0.867925
v -0.338859 2.986500 0.868834
v -0.337668 2.989270 0.866700
v -0.338731 2.990036 0.867376
v -0.335336 2.986301 0.840045
v -0.336245 2.986500 0.838962
v -0.335702 2.990500 0.844228
v -0.336681 2.991500 0.843943
v -0.335444 2.989270 0.841270
v -0.336373 2.990036 0.840420
v -0.337776 2.846680 0.867925
v -0.338859 2.846481 0.868834
v -0.337410 2.842481 0.863743
v -0.338423 2.841481 0.863854
v -0.337668 2.843711 0.866700
v -0.338731 2.842946 0.867376
v -0.335702 2.842481 0.844228
v -0.336681 2.841481 0.843943
v -0.335336 2.846680 0.840045
v -0.336245 2.846481 0.838962
v -0.335444 2.843711 0.841270
v -0.336373 2.842946 0.840420
v -0.387372 2.842482 0.859371
v -0.386393 2.841482 0.859657
v -0.387738 2.846681 0.863554
v -0.386829 2.846482 0.864638
v -0.387631 2.843712 0.862329
v -0.386701 2.842947 0.863179
v -0.385299 2.846681 0.835674
v -0.384216 2.846482 0.834765
v -0.385665 2.842482 0.839857
v -0.384651 2.841482 0.839746
v -0.385406 2.843712 0.836899
v -0.384343 2.842947 0.836224
v -0.387738 2.986300 0.863554
v -0.386829 2.986499 0.864638
v -0.387372 2.990499 0.859371
v -0.386393 2.991499 0.859657
v -0.387631 2.989269 0.862329
v -0.386701 2.990035 0.863179
v -0.385665 2.990499 0.839857
v -0.384651 2.991499 0.839746
v -0.385299 2.986300 0.835674
v -0.384216 2.986499 0.834765
v -0.385406 2.989269 0.836899
v -0.384343 2.990035 0.836224
v -0.307974 3.191875 0.366041
v -0.329936 3.191875 0.364119
v -0.329835 3.200850 0.362962
v -0.307873 3.200850 0.364883
v -0.332457 3.169998 0.392934
v -0.310495 3.169998 0.394855
v -0.308627 3.178665 0.373507
v -0.330589 3.178665 0.371585
v -0.330189 3.184744 0.367014
v -0.308227 3.184744 0.368936
v -0.309741 3.171156 0.386237
v -0.331703 3.171156 0.384316
v -0.331106 3.174041 0.377491
v -0.309144 3.174041 0.379413
v -0.314820 3.201875 0.375480
v -0.324833 3.201875 0.374604
v -0.324732 3.210850 0.373446
v -0.314719 3.210850 0.374322
v -0.327354 3.179998 0.403418
v -0.317341 3.179998 0.404294
v -0.315473 3.188665 0.382946
v -0.325486 3.188665 0.382070
v -0.325086 3.194744 0.377499
v -0.315073 3.194744 0.378375
v -0.316587 3.181156 0.395676
v -0.326600 3.181156 0.394800
v -0.326003 3.184041 0.387976
v -0.315990 3.184041 0.388852
v -0.358926 3.190850 0.879615
v -0.368939 3.190850 0.878739
v -0.366317 3.159998 0.848767
v -0.356304 3.159998 0.849643
v -0.357655 3.164041 0.865086
v -0.367668 3.164041 0.864210
v -0.368184 3.168665 0.870115
v -0.358172 3.168665 0.870991
v -0.358825 3.181875 0.878457
v -0.368838 3.181875 0.877581
v -0.358572 3.174744 0.875563
v -0.368584 3.174744 0.874687
v -0.367071 3.161156 0.857385
v -0.357058 3.161156 0.858261
v -0.352080 3.200850 0.870176
v -0.374042 3.200850 0.868254
v -0.371420 3.169998 0.838282
v -0.349458 3.169998 0.840204
v -0.350809 3.174041 0.855646
v -0.372771 3.174041 0.853725
v -0.373288 3.178665 0.859631
v -0.351325 3.178665 0.861552
v -0.351979 3.191875 0.869018
v -0.373941 3.191875 0.867097
v -0.351725 3.184744 0.866123
v -0.373688 3.184744 0.864202
v -0.372174 3.171156 0.846900
v -0.350212 3.171156 0.848822
v -0.357183 3.210850 0.859691
v -0.367196 3.210850 0.858815
v -0.364574 3.179998 0.828843
v -0.354561 3.179998 0.829719
v -0.355912 3.184041 0.845162
v -0.365925 3.184041 0.844286
v -0.366441 3.188665 0.850192
v -0.356428 3.188665 0.851068
v -0.357082 3.201875 0.858534
v -0.367094 3.201875 0.857657
v -0.356828 3.194744 0.855639
v -0.366841 3.194744 0.854763
v -0.365328 3.181156 0.837461
v -0.355315 3.181156 0.838337
v -0.314247 3.658549 0.368928
v -0.324260 3.658549 0.368052
v -0.323743 3.653924 0.362146
v -0.313730 3.653924 0.363022
v -0.313077 3.640714 0.355556
v -0.323090 3.640714 0.354680
v -0.322988 3.631740 0.353522
v -0.312976 3.631740 0.354398
v -0.315598 3.662591 0.384371
v -0.325611 3.662591 0.383495
v -0.324857 3.661433 0.374877
v -0.314844 3.661433 0.375753
v -0.313330 3.647845 0.358451
v -0.323343 3.647845 0.357575
v -0.309144 3.648549 0.379413
v -0.331106 3.648549 0.377491
v -0.330589 3.643924 0.371585
v -0.308627 3.643924 0.373507
v -0.307974 3.630714 0.366041
v -0.329936 3.630714 0.364119
v -0.329835 3.621740 0.362962
v -0.307873 3.621740 0.364883
v -0.310495 3.652591 0.394855
v -0.332457 3.652591 0.392934
v -0.331703 3.651433 0.384316
v -0.309741 3.651433 0.386237
v -0.308227 3.637845 0.368936
v -0.330189 3.637845 0.367014
v -0.315990 3.638549 0.388852
v -0.326003 3.638549 0.387976
v -0.325486 3.633924 0.382070
v -0.315473 3.633924 0.382946
v -0.314820 3.620714 0.375480
v -0.324833 3.620714 0.374604
v -0.324732 3.611740 0.373446
v -0.314719 3.611740 0.374322
v -0.317341 3.642591 0.404294
v -0.327354 3.642591 0.403418
v -0.326600 3.641433 0.394800
v -0.316587 3.641433 0.395676
v -0.315073 3.627845 0.378375
v -0.325086 3.627845 0.377499
v -0.368939 3.631740 0.878739
v -0.358926 3.631740 0.879615
v -0.357655 3.658548 0.865086
v -0.367668 3.658548 0.864210
v -0.367071 3.661433 0.857385
v -0.357058 3.661433 0.858261
v -0.366317 3.662591 0.848767
v -0.356304 3.662591 0.849643
v -0.358825 3.640714 0.878457
v -0.368838 3.640714 0.877581
v -0.368584 3.647845 0.874687
v -0.358572 3.647845 0.875563
v -0.358172 3.653924 0.870991
v -0.368184 3.653924 0.870115
v -0.374042 3.621740 0.868254
v -0.352080 3.621740 0.870176
v -0.350809 3.648549 0.855646
v -0.372771 3.648549 0.853725
v -0.372174 3.651433 0.846900
v -0.350212 3.651433 0.848822
v -0.371420 3.652591 0.838282
v -0.349458 3.652591 0.840204
v -0.351979 3.630714 0.869018
v -0.373941 3.630714 0.867097
v -0.373688 3.637845 0.864202
v -0.351725 3.637845 0.866123
v -0.351325 3.643924 0.861552
v -0.373288 3.643924 0.859631
v -0.367196 3.611740 0.858815
v -0.357183 3.611740 0.859691
v -0.355912 3.638548 0.845162
v -0.365925 3.638548 0.844286
v -0.365328 3.641433 0.837461
v -0.355315 3.641433 0.838337
v -0.364574 3.642591 0.828843
v -0.354561 3.642591 0.829719
v -0.357082 3.620714 0.858534
v -0.367094 3.620714 0.857657
v -0.366841 3.627845 0.854763
v -0.356828 3.627845 0.855639
v -0.356428 3.633924 0.851068
v -0.366441 3.633924 0.850192
vn 0.0842 0.2588 -0.9623
vn 0.0870 0.0654 -0.9941
vn 0.0755 0.5000 -0.8627
vn 0.0842 0.2588 -0.9622
vn 0.0616 0.7071 -0.7044
vn 0.0436 0.8660 -0.4981
vn 0.0226 0.9659 -0.2578
vn 0.0057 0.9979 -0.0652
vn 0.0226 -0.9659 -0.2578
vn 0.0057 -0.9979 -0.0652
vn 0.0436 -0.8660 -0.4981
vn 0.0616 -0.7071 -0.7044
vn 0.0755 -0.5000 -0.8627
vn 0.0842 -0.2588 -0.9622
vn 0.0870 -0.0654 -0.9941
vn 0.0842 -0.2588 -0.9623
vn -0.0057 -0.9979 0.0652
vn -0.0226 -0.9659 0.2578
vn -0.0436 -0.8660 0.4981
vn -0.0616 -0.7071 0.7044
vn -0.0755 -0.5000 0.8627
vn -0.0842 -0.2588 0.9622
vn -0.0870 -0.0654 0.9941
vn -0.0842 -0.2588 0.9623
vn -0.0058 0.9979 0.0652
vn -0.0872 -0.0000 0.9962
vn -0.0870 0.0654 0.9941
vn -0.0226 0.9659 0.2579
vn -0.0436 0.8660 0.4981
vn -0.0616 0.7071 0.7044
vn -0.0755 0.5000 0.8627
vn -0.0842 0.2588 0.9622
vn -0.0842 0.2588 0.9623
vn -0.0843 0.2550 0.9633
vn -0.0870 0.0644 0.9941
vn -0.0758 0.4941 0.8661
vn -0.0621 0.7015 0.7100
vn -0.0441 0.8626 0.5040
vn -0.0229 0.9649 0.2617
vn -0.0058 0.9978 0.0662
vn -0.0229 -0.9649 0.2617
vn -0.0058 -0.9978 0.0662
vn -0.0441 -0.8626 0.5040
vn -0.0621 -0.7015 0.7100
vn -0.0758 -0.4941 0.8661
vn -0.0843 -0.2550 0.9633
vn -0.0870 -0.0644 0.9941
vn 0.0058 0.9978 -0.0662
vn -0.0059 0.9978 0.0663
vn 0.0058 -0.9978 -0.0662
vn 0.0872 -0.0000 -0.9962
vn 0.0870 0.0644 -0.9941
vn 0.0843 -0.2550 -0.9633
vn 0.0758 -0.4941 -0.8661
vn 0.0621 -0.7015 -0.7100
vn 0.0441 -0.8626 -0.5040
vn 0.0870 -0.0644 -0.9941
vn 0.0229 -0.9649 -0.2617
vn 0.0229 0.9649 -0.2617
vn 0.0441 0.8626 -0.5040
vn 0.0621 0.7015 -0.7100
vn 0.0758 0.4941 -0.8661
vn 0.0843 0.2550 -0.9633
vn -0.9962 -0.0000 -0.0872
vn 0.9962 -0.0000 0.0872
vn 0.0864 -0.1284 -0.9879
vn 0.6899 0.4799 0.5420
vn 0.6513 0.1366 0.7464
vn 0.6993 0.6868 0.1983
vn 0.6899 0.4798 0.5420
vn 0.7735 0.4798 -0.4140
vn 0.7711 0.1366 -0.6219
vn 0.7231 0.6868 -0.0739
vn 0.7735 -0.4798 -0.4140
vn 0.7231 -0.6868 -0.0739
vn 0.7711 -0.1366 -0.6219
vn 0.6899 -0.4798 0.5420
vn 0.6993 -0.6868 0.1983
vn 0.6514 -0.1366 0.7463
vn 0.6899 -0.4799 0.5420
vn -0.6899 -0.4798 -0.5420
vn -0.6993 -0.6868 -0.1983
vn -0.6514 -0.1366 -0.7464
vn -0.6899 0.4798 -0.5420
vn -0.6993 0.6867 -0.1983
vn -0.6514 0.1366 -0.7464
vn -0.6513 0.1366 -0.7464
vn -0.7735 0.4798 0.4140
vn -0.7231 0.6868 0.0739
vn -0.7711 0.1366 0.6219
vn -0.7735 0.4799 0.4140
vn -0.7735 -0.4798 0.4140
vn -0.7231 -0.6868 0.0739
vn -0.7711 -0.1366 0.6219
vn -0.7710 -0.1366 0.6219
vn -0.0170 0.9808 0.1943
vn 0.0170 0.9808 -0.1943
vn -0.0855 -0.1951 0.9771
vn -0.0855 0.1951 0.9771
vn 0.0855 0.1951 -0.9771
vn 0.0855 -0.1951 -0.9771
vn 0.0170 -0.9808 -0.1943
vn -0.0170 -0.9808 0.1943
vn 0.0170 0.9808 -0.1944
vn -0.0170 0.9808 0.1944
vn -0.8300 -0.0434 -0.5560
vn -0.9907 0.0076 -0.1359
vn -0.9929 0.0132 -0.1182
vn 0.9140 -0.0434 -0.4035
vn 0.9992 0.0076 0.0382
vn 0.9339 -0.1255 -0.3349
vn 0.9096 -0.4125 -0.0494
vn 0.9964 -0.0352 0.0767
vn 0.9943 -0.0499 0.0942
vn 0.9312 -0.3413 -0.1277
vn 0.9977 -0.0226 0.0639
vn 0.8764 -0.4806 0.0318
vn 0.9944 -0.0321 0.1006
vn -0.8825 -0.2045 -0.4235
vn -0.9936 -0.0226 -0.1104
vn -0.9925 -0.0095 -0.1222
vn -0.8615 -0.1255 -0.4920
vn 0.9427 -0.2045 -0.2638
vn 0.9414 -0.2740 -0.1968
vn -0.8686 -0.4806 -0.1209
vn -0.9956 -0.0499 -0.0799
vn -0.8872 -0.4125 -0.2066
vn -0.9946 -0.0352 -0.0975
vn -0.8949 -0.3413 -0.2875
vn 0.9986 -0.0095 0.0520
vn -0.8929 -0.2740 -0.3573
vn -0.6276 0.4019 0.6667
vn -0.6134 0.2022 0.7635
vn 0.5212 0.5742 0.6314
vn -0.6229 0.5742 0.5313
vn 0.5023 0.4019 0.7656
vn -0.5815 0.0471 0.8122
vn 0.5301 0.7126 0.4595
vn 0.5257 0.8115 0.2550
vn -0.9968 -0.0321 -0.0736
vn -0.5620 0.8115 0.1598
vn 0.5029 0.8594 0.0929
vn -0.6019 0.7126 0.3605
vn 0.9983 0.0132 0.0560
vn 0.4715 0.2022 0.8584
vn 0.8686 -0.4806 0.1209
vn 0.9956 -0.0499 0.0799
vn 0.8873 -0.4125 0.2066
vn -0.9140 -0.0434 0.4035
vn -0.9992 0.0076 -0.0382
vn -0.9339 -0.1255 0.3349
vn 0.8615 -0.1255 0.4920
vn 0.9925 -0.0095 0.1222
vn 0.9907 0.0076 0.1359
vn -0.8764 -0.4806 -0.0318
vn -0.9943 -0.0499 -0.0942
vn -0.9944 -0.0321 -0.1006
vn 0.8949 -0.3413 0.2875
vn 0.9936 -0.0226 0.1104
vn 0.8929 -0.2740 0.3573
vn 0.9946 -0.0352 0.0975
vn -0.9986 -0.0095 -0.0520
vn -0.9427 -0.2045 0.2638
vn 0.8825 -0.2045 0.4235
vn -0.9312 -0.3413 0.1277
vn -0.9977 -0.0226 -0.0639
vn -0.9964 -0.0352 -0.0767
vn -0.9096 -0.4125 0.0494
vn 0.8300 -0.0434 0.5560
vn 0.9929 0.0132 0.1182
vn -0.9414 -0.2740 0.1968
vn 0.6229 0.5742 -0.5313
vn 0.6019 0.7126 -0.3605
vn -0.5023 0.4019 -0.7656
vn 0.6276 0.4019 -0.6668
vn -0.5212 0.5742 -0.6314
vn -0.5301 0.7126 -0.4595
vn -0.5257 0.8115 -0.2550
vn 0.6134 0.2022 -0.7635
vn 0.5815 0.0471 -0.8122
vn 0.9968 -0.0321 0.0736
vn 0.5620 0.8115 -0.1598
vn -0.9983 0.0132 -0.0561
vn -0.4715 0.2022 -0.8584
vn -0.5029 0.8594 -0.0929
vn 0.5114 0.8594 -0.0041
vn -0.4316 0.0471 -0.9008
vn -0.5114 0.8594 0.0041
vn 0.4317 0.0471 0.9008
vn 0.8764 0.4806 0.0318
vn 0.9943 0.0499 0.0942
vn 0.9096 0.4125 -0.0493
vn -0.8615 0.1255 -0.4920
vn -0.9925 0.0095 -0.1222
vn -0.8825 0.2045 -0.4235
vn 0.9312 0.3413 -0.1277
vn 0.9977 0.0226 0.0639
vn 0.9414 0.2740 -0.1968
vn 0.9427 0.2045 -0.2638
vn 0.9986 0.0095 0.0520
vn -0.8686 0.4806 -0.1209
vn -0.9956 0.0499 -0.0799
vn -0.9968 0.0321 -0.0736
vn 0.9964 0.0352 0.0767
vn -0.8949 0.3413 -0.2875
vn -0.9936 0.0226 -0.1104
vn -0.9946 0.0352 -0.0975
vn -0.8929 0.2740 -0.3573
vn 0.9140 0.0434 -0.4034
vn 0.9992 -0.0076 0.0382
vn 0.9983 -0.0132 0.0560
vn -0.8872 0.4125 -0.2066
vn 0.9339 0.1255 -0.3349
vn -0.8300 0.0434 -0.5560
vn -0.9907 -0.0076 -0.1359
vn -0.5620 -0.8115 0.1598
vn -0.5114 -0.8594 0.0041
vn 0.5301 -0.7126 0.4595
vn -0.6229 -0.5742 0.5313
vn -0.6019 -0.7126 0.3605
vn 0.4715 -0.2022 0.8584
vn 0.4317 -0.0471 0.9008
vn 0.5023 -0.4019 0.7656
vn -0.9929 -0.0132 -0.1182
vn -0.6134 -0.2022 0.7635
vn 0.9944 0.0321 0.1006
vn 0.5257 -0.8115 0.2550
vn -0.6276 -0.4019 0.6667
vn 0.5212 -0.5742 0.6314
vn -0.5815 -0.0471 0.8122
vn 0.5029 -0.8594 0.0929
vn 0.8873 0.4125 0.2066
vn 0.9946 0.0352 0.0975
vn 0.9956 0.0499 0.0799
vn 0.8300 0.0434 0.5560
vn 0.9907 -0.0076 0.1359
vn 0.8615 0.1255 0.4919
vn -0.9339 0.1255 0.3349
vn -0.9986 0.0095 -0.0520
vn -0.9992 -0.0076 -0.0382
vn 0.8949 0.3413 0.2875
vn 0.9936 0.0226 0.1104
vn -0.9096 0.4125 0.0494
vn -0.9964 0.0352 -0.0767
vn -0.9312 0.3413 0.1277
vn -0.9140 0.0434 0.4035
vn -0.9983 -0.0132 -0.0561
vn 0.8686 0.4806 0.1209
vn 0.9968 0.0321 0.0736
vn -0.9977 0.0226 -0.0639
vn -0.9414 0.2740 0.1968
vn 0.8825 0.2045 0.4235
vn 0.8929 0.2740 0.3573
vn -0.8764 0.4806 -0.0318
vn -0.9943 0.0499 -0.0942
vn 0.9925 0.0095 0.1222
vn -0.9427 0.2045 0.2638
vn -0.4715 -0.2022 -0.8584
vn -0.4316 -0.0471 -0.9008
vn 0.5620 -0.8115 -0.1598
vn 0.5114 -0.8594 -0.0041
vn -0.5212 -0.5742 -0.6314
vn 0.6229 -0.5742 -0.5313
vn -0.9944 0.0321 -0.1006
vn -0.5257 -0.8115 -0.2550
vn 0.6276 -0.4019 -0.6667
vn -0.5023 -0.4019 -0.7656
vn 0.6019 -0.7126 -0.3605
vn 0.9929 -0.0132 0.1182
vn 0.6134 -0.2022 -0.7635
vn -0.5301 -0.7126 -0.4595
vn -0.5029 -0.8594 -0.0929
vn 0.5815 -0.0471 -0.8122
vt 0.489613 0.580988
vt 0.486886 0.579191
vt 0.489334 0.578869
vt 0.490431 0.582962
vt 0.487332 0.581932
vt 0.491732 0.584658
vt 0.488472 0.584465
vt 0.493427 0.585959
vt 0.490229 0.586616
vt 0.495402 0.586777
vt 0.492483 0.588240
vt 0.497521 0.587056
vt 0.495079 0.589224
vt 0.495403 0.307803
vt 0.497199 0.305077
vt 0.497522 0.307524
vt 0.493428 0.308621
vt 0.494458 0.305522
vt 0.491733 0.309922
vt 0.491925 0.306662
vt 0.490432 0.311618
vt 0.489774 0.308419
vt 0.489614 0.313592
vt 0.488151 0.310673
vt 0.489335 0.315711
vt 0.487166 0.313270
vt 0.579756 0.307524
vt 0.497522 0.305055
vt 0.579756 0.305055
vt 0.582197 0.305355
vt 0.580078 0.305076
vt 0.584794 0.306340
vt 0.581875 0.307803
vt 0.582819 0.305522
vt 0.587048 0.307963
vt 0.583849 0.308621
vt 0.585352 0.306662
vt 0.588804 0.310115
vt 0.585545 0.309922
vt 0.587503 0.308419
vt 0.589945 0.312647
vt 0.586846 0.311617
vt 0.589127 0.310673
vt 0.590390 0.315389
vt 0.587664 0.313592
vt 0.590111 0.313270
vt 0.579756 0.589525
vt 0.497521 0.589524
vt 0.486865 0.578869
vt 0.486866 0.315711
vt 0.590411 0.446470
vt 0.590411 0.471033
vt 0.587943 0.578869
vt 0.582197 0.589225
vt 0.579756 0.587056
vt 0.581875 0.586777
vt 0.582819 0.589058
vt 0.583849 0.585959
vt 0.584794 0.588240
vt 0.585352 0.587918
vt 0.585545 0.584658
vt 0.587048 0.586617
vt 0.587503 0.586161
vt 0.586846 0.582963
vt 0.588804 0.584466
vt 0.589127 0.583907
vt 0.587664 0.580988
vt 0.589945 0.581933
vt 0.590111 0.581310
vt 0.590390 0.579191
vt 0.460792 0.535713
vt 0.458375 0.537889
vt 0.458692 0.535441
vt 0.463364 0.536673
vt 0.460475 0.538161
vt 0.461407 0.535875
vt 0.465600 0.538257
vt 0.462432 0.538959
vt 0.463920 0.536988
vt 0.467349 0.540362
vt 0.464113 0.540227
vt 0.466060 0.538709
vt 0.468489 0.542848
vt 0.465403 0.541881
vt 0.467678 0.540923
vt 0.468660 0.543478
vt 0.466490 0.545872
vt 0.466214 0.543806
vt 0.187241 0.543479
vt 0.189411 0.545872
vt 0.186964 0.545545
vt 0.188223 0.540923
vt 0.189687 0.543806
vt 0.187412 0.542848
vt 0.189841 0.538709
vt 0.190498 0.541881
vt 0.188552 0.540363
vt 0.191981 0.536989
vt 0.191788 0.540228
vt 0.190301 0.538257
vt 0.194494 0.535875
vt 0.193468 0.538959
vt 0.192537 0.536673
vt 0.197209 0.535441
vt 0.195426 0.538161
vt 0.195109 0.535713
vt 0.466492 0.626058
vt 0.468959 0.545872
vt 0.468960 0.626058
vt 0.351695 0.537889
vt 0.197526 0.537889
vt 0.197526 0.535421
vt 0.186942 0.626058
vt 0.186942 0.545872
vt 0.351695 0.634041
vt 0.458377 0.634041
vt 0.458377 0.636510
vt 0.195426 0.633769
vt 0.192537 0.635258
vt 0.193469 0.632971
vt 0.191788 0.631703
vt 0.188552 0.631568
vt 0.190498 0.630050
vt 0.197526 0.634041
vt 0.195109 0.636217
vt 0.190301 0.633673
vt 0.187412 0.629082
vt 0.189687 0.628124
vt 0.186964 0.626386
vt 0.189411 0.626058
vt 0.468662 0.628451
vt 0.466215 0.628124
vt 0.467680 0.631007
vt 0.465405 0.630049
vt 0.466061 0.633221
vt 0.464115 0.631703
vt 0.463922 0.634942
vt 0.462434 0.632971
vt 0.461409 0.636055
vt 0.460477 0.633769
vt 0.458694 0.636489
vt 0.586442 0.579815
vt 0.490835 0.314765
vt 0.490563 0.316865
vt 0.463217 0.625840
vt 0.463215 0.546090
vt 0.471051 0.651976
vt 0.470294 0.652946
vt 0.466228 0.650148
vt 0.487714 0.869457
vt 0.487318 0.871743
vt 0.486654 0.869956
vt 0.472238 0.801031
vt 0.473888 0.800427
vt 0.473029 0.801519
vt 0.371620 0.865625
vt 0.388069 0.803990
vt 0.373059 0.865712
vt 0.489194 0.867883
vt 0.489823 0.869857
vt 0.488571 0.868750
vt 0.474230 0.802937
vt 0.475988 0.803537
vt 0.474675 0.803990
vt 0.485409 0.872320
vt 0.377576 0.870249
vt 0.485167 0.870249
vt 0.390505 0.801030
vt 0.390999 0.799294
vt 0.391395 0.800711
vt 0.375030 0.869457
vt 0.372921 0.869857
vt 0.374173 0.868750
vt 0.371692 0.867222
vt 0.373181 0.866912
vt 0.372130 0.868599
vt 0.373550 0.867883
vt 0.470174 0.800547
vt 0.471744 0.799294
vt 0.471348 0.800711
vt 0.489685 0.865712
vt 0.491052 0.867222
vt 0.489562 0.866912
vt 0.392569 0.800546
vt 0.388513 0.802937
vt 0.387996 0.801271
vt 0.389044 0.802161
vt 0.388856 0.800427
vt 0.389714 0.801519
vt 0.474747 0.801271
vt 0.473700 0.802161
vt 0.386756 0.803537
vt 0.387314 0.802265
vt 0.377335 0.872320
vt 0.376089 0.869956
vt 0.375425 0.871743
vt 0.392432 0.798999
vt 0.747261 0.799936
vt 0.669343 0.798999
vt 0.747384 0.798383
vt 0.763216 0.869964
vt 0.765270 0.870935
vt 0.763876 0.871748
vt 0.761732 0.870256
vt 0.761972 0.872320
vt 0.751380 0.802287
vt 0.752923 0.802302
vt 0.751843 0.803361
vt 0.650234 0.866930
vt 0.649186 0.868613
vt 0.648748 0.867241
vt 0.666638 0.801539
vt 0.664918 0.801299
vt 0.665773 0.800451
vt 0.665970 0.802185
vt 0.664240 0.802296
vt 0.668316 0.800721
vt 0.666779 0.799780
vt 0.667911 0.799304
vt 0.750826 0.801511
vt 0.750981 0.799766
vt 0.751855 0.800593
vt 0.750139 0.800876
vt 0.749960 0.799116
vt 0.665001 0.804018
vt 0.648675 0.865647
vt 0.663687 0.803568
vt 0.765134 0.868761
vt 0.767181 0.868617
vt 0.766384 0.869872
vt 0.752562 0.801567
vt 0.653133 0.869965
vt 0.654374 0.872320
vt 0.652472 0.871746
vt 0.748441 0.800088
vt 0.748820 0.798663
vt 0.651223 0.868763
vt 0.651083 0.870931
vt 0.649975 0.869867
vt 0.765761 0.867894
vt 0.767628 0.867241
vt 0.766135 0.866920
vt 0.767712 0.865640
vt 0.654615 0.870257
vt 0.766264 0.865715
vt 0.753173 0.802936
vt 0.351695 0.545665
vt 0.377837 0.544674
vt 0.377647 0.546090
vt 0.487870 0.866552
vt 0.488204 0.865720
vt 0.653569 0.867815
vt 0.654833 0.868121
vt 0.651924 0.866571
vt 0.650602 0.867899
vt 0.652595 0.867281
vt 0.650111 0.865732
vt 0.651591 0.865739
vt 0.487196 0.867262
vt 0.488106 0.864631
vt 0.652078 0.869468
vt 0.656691 0.868156
vt 0.484948 0.868103
vt 0.486219 0.867798
vt 0.552786 0.651224
vt 0.551619 0.650748
vt 0.581153 0.646055
vt 0.327131 0.545665
vt 0.327131 0.548938
vt 0.604899 0.654240
vt 0.581972 0.654240
vt 0.984072 0.176396
vt 0.983645 0.176824
vt 0.983586 0.176597
vt 0.984500 0.175968
vt 0.984260 0.176547
vt 0.984072 0.172216
vt 0.983645 0.171788
vt 0.984224 0.172028
vt 0.984500 0.172644
vt 0.984274 0.172702
vt 0.960239 0.172216
vt 0.959811 0.172644
vt 0.960051 0.172065
vt 0.960666 0.171788
vt 0.960725 0.172015
vt 0.960239 0.176396
vt 0.959811 0.175968
vt 0.960037 0.175910
vt 0.960666 0.176824
vt 0.960087 0.176584
vt 0.960239 0.192389
vt 0.959811 0.191961
vt 0.960037 0.191903
vt 0.960666 0.192817
vt 0.960087 0.192577
vt 0.984072 0.192389
vt 0.984500 0.191961
vt 0.984260 0.192540
vt 0.983644 0.192817
vt 0.983586 0.192590
vt 0.984072 0.188209
vt 0.984500 0.188637
vt 0.984273 0.188695
vt 0.983644 0.187781
vt 0.984223 0.188021
vt 0.960239 0.188209
vt 0.959811 0.188637
vt 0.960051 0.188058
vt 0.960666 0.187781
vt 0.960725 0.188008
vt 0.960692 0.176829
vt 0.960725 0.176597
vt 0.984505 0.175942
vt 0.984274 0.175910
vt 0.983619 0.171783
vt 0.983586 0.172015
vt 0.959806 0.172670
vt 0.960037 0.172702
vt 0.983586 0.188008
vt 0.960692 0.187776
vt 0.983618 0.187776
vt 0.959806 0.188663
vt 0.960037 0.188695
vt 0.960725 0.192590
vt 0.983618 0.192822
vt 0.960692 0.192822
vt 0.984273 0.191903
vt 0.984505 0.188663
vt 0.984505 0.191935
vt 0.985862 0.176532
vt 0.985622 0.177111
vt 0.985979 0.175942
vt 0.984505 0.172670
vt 0.985979 0.172670
vt 0.960692 0.178302
vt 0.983619 0.176829
vt 0.983619 0.178302
vt 0.984788 0.177945
vt 0.984209 0.178185
vt 0.984209 0.170427
vt 0.983619 0.170309
vt 0.960692 0.171783
vt 0.960692 0.170309
vt 0.985622 0.171501
vt 0.984260 0.172065
vt 0.960102 0.178185
vt 0.959523 0.177945
vt 0.958332 0.172670
vt 0.959806 0.175942
vt 0.958332 0.175942
vt 0.958689 0.177111
vt 0.958449 0.176532
vt 0.958449 0.172080
vt 0.959523 0.170667
vt 0.960087 0.172028
vt 0.958449 0.188073
vt 0.958332 0.188663
vt 0.959806 0.191935
vt 0.958332 0.191935
vt 0.959523 0.186660
vt 0.960087 0.188021
vt 0.983618 0.186302
vt 0.960692 0.186302
vt 0.960102 0.194178
vt 0.959523 0.193938
vt 0.960692 0.194296
vt 0.983618 0.194296
vt 0.958689 0.193104
vt 0.958449 0.192525
vt 0.984208 0.186420
vt 0.984787 0.186660
vt 0.985979 0.191935
vt 0.985979 0.188663
vt 0.985622 0.187494
vt 0.985861 0.188073
vt 0.985861 0.192525
vt 0.984787 0.193938
vt 0.984223 0.192577
vt 0.856105 0.735628
vt 0.856524 0.733711
vt 0.857869 0.734070
vt 0.872740 0.756334
vt 0.872974 0.758431
vt 0.871222 0.756571
vt 0.867708 0.760049
vt 0.870060 0.760661
vt 0.869586 0.761785
vt 0.868207 0.758886
vt 0.870816 0.759682
vt 0.867487 0.761516
vt 0.869384 0.763190
vt 0.853674 0.734736
vt 0.854583 0.732362
vt 0.855470 0.733151
vt 0.854741 0.735288
vt 0.870018 0.757087
vt 0.868992 0.757877
vt 0.851488 0.730517
vt 0.853501 0.730293
vt 0.851669 0.731891
vt 0.853915 0.731390
vt 0.852094 0.732985
vt 0.871810 0.758921
vt 0.852774 0.733952
vt 0.857274 0.731585
vt 0.858311 0.732154
vt 0.872572 0.761420
vt 0.856409 0.730795
vt 0.873524 0.760700
vt 0.859633 0.732542
vt 0.871857 0.762357
vt 0.871427 0.763445
vt 0.853335 0.728921
vt 0.855362 0.728705
vt 0.871271 0.764834
vt 0.855765 0.729817
vt 0.874428 0.758214
vt 0.874650 0.760254
vt 0.376525 0.867798
vt 0.377795 0.868103
vt 0.374874 0.866552
vt 0.375547 0.867262
vt 0.764772 0.865712
vt 0.764684 0.864610
vt 0.761512 0.868116
vt 0.374540 0.865720
vt 0.379662 0.868138
vt 0.763757 0.867269
vt 0.764433 0.866553
vt 0.762779 0.867808
vt 0.764275 0.869466
vt 0.867487 0.838123
vt 0.869586 0.837855
vt 0.867708 0.839591
vt 0.856105 0.650949
vt 0.856524 0.652866
vt 0.854741 0.651290
vt 0.871222 0.843068
vt 0.871810 0.840719
vt 0.872974 0.841209
vt 0.851488 0.656060
vt 0.853501 0.656284
vt 0.853335 0.657656
vt 0.868207 0.840753
vt 0.870816 0.839958
vt 0.868992 0.841763
vt 0.870060 0.838979
vt 0.855470 0.653427
vt 0.853674 0.651842
vt 0.870018 0.842553
vt 0.852094 0.653592
vt 0.854583 0.654216
vt 0.853915 0.655187
vt 0.851669 0.654686
vt 0.872740 0.843305
vt 0.874428 0.841426
vt 0.852775 0.652625
vt 0.872572 0.838220
vt 0.871857 0.837282
vt 0.857274 0.654993
vt 0.873524 0.838940
vt 0.856409 0.655783
vt 0.855765 0.656761
vt 0.855362 0.657872
vt 0.874650 0.839386
vt 0.876088 0.839557
vt 0.869384 0.836450
vt 0.871427 0.836195
vt 0.857869 0.652508
vt 0.858311 0.654424
vt 0.855170 0.659252
vt 0.856984 0.729249
vt 0.856984 0.657329
vt 0.858020 0.656069
vt 0.858805 0.655698
vt 0.858020 0.730509
vt 0.857407 0.729959
vt 0.856758 0.658174
vt 0.856689 0.659339
vt 0.856689 0.727239
vt 0.856758 0.728404
vt 0.858805 0.730880
vt 0.859632 0.654036
vt 0.855170 0.727325
vt 0.859921 0.731122
vt 0.871271 0.834806
vt 0.759653 0.868153
vt 0.471948 0.802991
vt 0.667427 0.801046
vt 0.667727 0.803008
vt 0.470026 0.802204
vt 0.468642 0.802114
vt 0.471058 0.802502
vt 0.665442 0.802963
vt 0.666986 0.803677
vt 0.666416 0.804506
vt 0.666000 0.805662
vt 0.473261 0.804482
vt 0.472690 0.803655
vt 0.669491 0.800548
vt 0.669651 0.802209
vt 0.668618 0.802513
vt 0.950332 0.760871
vt 0.948201 0.761152
vt 0.950095 0.759380
vt 0.924338 0.744663
vt 0.924008 0.742140
vt 0.925709 0.744289
vt 0.949577 0.758205
vt 0.946945 0.759035
vt 0.948769 0.757190
vt 0.947720 0.756404
vt 0.945935 0.758277
vt 0.929056 0.739528
vt 0.926588 0.739122
vt 0.926843 0.737504
vt 0.947716 0.760017
vt 0.927951 0.742519
vt 0.925120 0.741403
vt 0.926007 0.740373
vt 0.926944 0.743558
vt 0.944960 0.755688
vt 0.944759 0.757798
vt 0.943299 0.757600
vt 0.928655 0.741239
vt 0.946495 0.755901
vt 0.922719 0.744659
vt 0.922773 0.742545
vt 0.924440 0.737206
vt 0.924629 0.735551
vt 0.945907 0.761735
vt 0.923290 0.739515
vt 0.924000 0.738479
vt 0.943104 0.759644
vt 0.941669 0.759496
vt 0.944232 0.760078
vt 0.921333 0.742639
vt 0.921283 0.740643
vt 0.948408 0.762574
vt 0.946339 0.762834
vt 0.922359 0.740246
vt 0.945189 0.760793
vt 0.919967 0.740732
vt 0.473678 0.805637
vt 0.921064 0.739400
vt 0.922639 0.737929
vt 0.921760 0.739188
vt 0.922294 0.738691
vt 0.876088 0.760083
vt 0.922782 0.736933
vt 0.922766 0.735486
vt 0.747129 0.801601
vt 0.745738 0.801521
vt 0.749338 0.800397
vt 0.749072 0.802371
vt 0.748169 0.801890
vt 0.390053 0.803654
vt 0.389482 0.804482
vt 0.392717 0.802204
vt 0.390795 0.802990
vt 0.391686 0.802501
vt 0.750412 0.803857
vt 0.389065 0.805636
vt 0.749829 0.803030
vt 0.950095 0.840260
vt 0.947716 0.839623
vt 0.948201 0.838488
vt 0.944960 0.843951
vt 0.944759 0.841842
vt 0.946495 0.843739
vt 0.924338 0.641915
vt 0.924008 0.644438
vt 0.922773 0.644033
vt 0.949577 0.841435
vt 0.946945 0.840605
vt 0.928655 0.645339
vt 0.926007 0.646205
vt 0.927951 0.644059
vt 0.922719 0.641919
vt 0.921333 0.643939
vt 0.950332 0.838769
vt 0.948408 0.837065
vt 0.925120 0.645175
vt 0.926944 0.643020
vt 0.947720 0.843236
vt 0.948769 0.842450
vt 0.929056 0.647050
vt 0.926588 0.647456
vt 0.945935 0.841363
vt 0.925709 0.642290
vt 0.921283 0.645934
vt 0.919967 0.645846
vt 0.946339 0.836806
vt 0.946493 0.835395
vt 0.923290 0.647063
vt 0.945189 0.838846
vt 0.926843 0.649075
vt 0.924440 0.649372
vt 0.944232 0.839562
vt 0.922359 0.646332
vt 0.945908 0.837905
vt 0.943299 0.842040
vt 0.943104 0.839996
vt 0.924000 0.648100
vt 0.922294 0.647887
vt 0.922639 0.648649
vt 0.394102 0.802114
vt 0.924629 0.651027
vt 0.921064 0.647178
vt 0.920040 0.647242
vt 0.946493 0.764245
vt 0.922782 0.649645
vt 0.750825 0.805015
vt 0.941669 0.840144
vt 0.859921 0.655455
vt 0.487165 0.581310
vt 0.488150 0.583907
vt 0.489773 0.586161
vt 0.491924 0.587917
vt 0.494457 0.589057
vt 0.497198 0.589503
vt 0.495081 0.305356
vt 0.492484 0.306340
vt 0.490230 0.307963
vt 0.488473 0.310115
vt 0.487333 0.312647
vt 0.486887 0.315389
vt 0.587943 0.315711
vt 0.590411 0.578869
vt 0.590411 0.315711
vt 0.580078 0.589504
vt 0.468937 0.545545
vt 0.458375 0.535421
vt 0.197526 0.636510
vt 0.194494 0.636055
vt 0.189841 0.633221
vt 0.197209 0.636489
vt 0.191981 0.634942
vt 0.188223 0.631008
vt 0.187241 0.628452
vt 0.468939 0.626385
vt 0.468490 0.629082
vt 0.467351 0.631568
vt 0.465602 0.633673
vt 0.463366 0.635257
vt 0.460794 0.636217
vt 0.585645 0.581773
vt 0.586714 0.577715
vt 0.584376 0.583453
vt 0.582723 0.584743
vt 0.580797 0.585554
vt 0.578731 0.585830
vt 0.496479 0.585553
vt 0.498545 0.585830
vt 0.494554 0.584742
vt 0.492900 0.583453
vt 0.491632 0.581772
vt 0.490834 0.579815
vt 0.491633 0.312808
vt 0.492902 0.311127
vt 0.494555 0.309837
vt 0.496480 0.309027
vt 0.498546 0.308750
vt 0.580797 0.309026
vt 0.578731 0.308750
vt 0.582723 0.309837
vt 0.584376 0.311127
vt 0.585645 0.312807
vt 0.586442 0.314765
vt 0.586714 0.316865
vt 0.490562 0.577714
vt 0.459635 0.630576
vt 0.382699 0.630766
vt 0.458166 0.630766
vt 0.379066 0.629349
vt 0.380062 0.630100
vt 0.381230 0.630576
vt 0.462555 0.628378
vt 0.461798 0.629349
vt 0.463027 0.627256
vt 0.463026 0.544674
vt 0.462553 0.543552
vt 0.459633 0.541354
vt 0.461796 0.542581
vt 0.460801 0.541830
vt 0.382699 0.541164
vt 0.458164 0.541164
vt 0.380062 0.541830
vt 0.379066 0.542581
vt 0.381229 0.541354
vt 0.460803 0.630100
vt 0.467529 0.648453
vt 0.469225 0.647152
vt 0.471200 0.646334
vt 0.472047 0.651224
vt 0.473214 0.650748
vt 0.473318 0.646055
vt 0.474022 0.650644
vt 0.465131 0.654242
vt 0.465410 0.652123
vt 0.469822 0.654068
vt 0.465411 0.738595
vt 0.465131 0.736476
vt 0.469822 0.736650
vt 0.469632 0.655485
vt 0.469632 0.735233
vt 0.488713 0.870924
vt 0.472878 0.799762
vt 0.490614 0.868599
vt 0.475430 0.802266
vt 0.389866 0.799762
vt 0.374031 0.870924
vt 0.470311 0.798999
vt 0.491123 0.865625
vt 0.378309 0.628378
vt 0.351455 0.549517
vt 0.377647 0.625840
vt 0.351695 0.548938
vt 0.378309 0.543552
vt 0.377837 0.627256
vt 0.651688 0.864650
vt 0.483082 0.868138
vt 0.469225 0.743566
vt 0.467529 0.742265
vt 0.471051 0.738742
vt 0.466228 0.740570
vt 0.470294 0.737772
vt 0.471200 0.744384
vt 0.472047 0.739494
vt 0.736476 0.744663
vt 0.473318 0.744663
vt 0.550149 0.740160
vt 0.473214 0.739970
vt 0.474684 0.740160
vt 0.740570 0.743566
vt 0.738595 0.744384
vt 0.743566 0.740570
vt 0.742265 0.742265
vt 0.744663 0.736476
vt 0.744384 0.738595
vt 0.744384 0.652122
vt 0.744663 0.654241
vt 0.742265 0.648452
vt 0.736476 0.646055
vt 0.743566 0.650148
vt 0.738595 0.646333
vt 0.740570 0.647151
vt 0.605717 0.646055
vt 0.605717 0.655059
vt 0.605477 0.654480
vt 0.605717 0.658331
vt 0.551619 0.739970
vt 0.605477 0.658910
vt 0.604899 0.659150
vt 0.555201 0.735233
vt 0.581972 0.659150
vt 0.552786 0.739494
vt 0.581393 0.658910
vt 0.553782 0.738742
vt 0.554539 0.737772
vt 0.555011 0.736650
vt 0.581153 0.658331
vt 0.555201 0.655484
vt 0.581153 0.655059
vt 0.555011 0.654068
vt 0.581393 0.654480
vt 0.554539 0.652946
vt 0.474683 0.650558
vt 0.474021 0.650644
vt 0.473318 0.646055
vt 0.550149 0.650558
vt 0.553782 0.651975
vt 0.350876 0.549756
vt 0.327371 0.549517
vt 0.351455 0.545086
vt 0.350876 0.544846
vt 0.327950 0.544846
vt 0.327950 0.549756
vt 0.327371 0.545086
vt 0.984224 0.176584
vt 0.960051 0.176547
vt 0.960051 0.192540
vt 0.984260 0.188058
vt 0.984788 0.170667
vt 0.985862 0.172080
vt 0.958689 0.171501
vt 0.960102 0.170427
vt 0.958689 0.187494
vt 0.960102 0.186420
vt 0.985622 0.193104
vt 0.984208 0.194178
vt 0.374638 0.864631
vt 0.857407 0.656619
vt 0.671039 0.802108
vt 0.920040 0.739336
vt 0.921760 0.647389
vt 0.922766 0.651092
s 1
usemtl MovingParts
f 62/1/1 16/2/2 57/3/2
f 61/4/3 21/5/4 62/1/1
f 60/6/5 20/7/3 61/4/3
f 59/8/6 19/9/5 60/6/5
f 58/10/7 18/11/6 59/8/6
f 63/12/8 17/13/7 58/10/7
f 72/14/9 23/15/10 71/16/10
f 73/17/11 28/18/9 72/14/9
f 74/19/12 27/20/11 73/17/11
f 75/21/13 26/22/12 74/19/12
f 76/23/14 25/24/13 75/21/13
f 77/25/15 24/26/16 76/23/14
f 78/27/17 23/28/10 8/29/17
f 10/30/18 78/27/17 8/31/17
f 11/32/19 79/33/18 10/34/18
f 12/35/20 80/36/19 11/37/19
f 13/38/21 81/39/20 12/40/20
f 14/41/22 82/42/21 13/43/21
f 9/44/23 83/45/24 14/46/22
f 63/12/8 2/47/25 15/48/8
f 77/25/15 16/49/2 22/50/15
f 240/51/26 241/52/26 68/53/27
f 7/54/28 70/55/25 69/56/28
f 7/57/28 64/58/29 6/59/29
f 6/60/29 65/61/30 5/62/30
f 5/63/30 66/64/31 4/65/31
f 4/66/31 67/67/32 3/68/33
f 3/69/33 68/53/27 1/70/27
f 103/71/34 120/72/35 91/73/35
f 102/74/36 121/75/34 103/76/34
f 101/77/37 122/78/36 102/79/36
f 100/80/38 123/81/37 101/82/37
f 99/83/39 124/84/38 100/85/38
f 99/86/39 126/87/40 125/88/39
f 106/89/41 134/90/42 98/91/42
f 105/92/43 135/93/41 106/94/41
f 104/95/44 136/96/43 105/97/43
f 110/98/45 137/99/44 104/100/44
f 111/101/46 138/102/45 110/103/45
f 112/104/47 139/105/46 111/106/46
f 119/107/48 107/108/49 90/109/48
f 242/110/26 140/111/47 112/112/47
f 134/90/42 109/113/50 98/114/42
f 243/115/51 114/116/52 108/117/52
f 132/118/53 95/119/54 131/120/54
f 130/121/55 93/122/56 129/123/56
f 133/124/57 96/125/53 132/118/53
f 131/120/54 94/126/55 130/121/55
f 129/123/56 92/127/58 127/128/58
f 127/128/58 109/129/50 128/130/50
f 119/107/48 89/131/59 118/132/59
f 118/132/59 88/133/60 117/134/60
f 117/134/60 87/135/61 116/136/61
f 116/136/61 86/137/62 115/138/62
f 115/138/62 85/139/63 113/140/63
f 113/140/63 108/141/52 114/116/52
f 103/142/64 68/53/64 67/67/64
f 77/25/64 96/143/64 97/144/64
f 119/107/64 35/145/64 42/146/64
s 0
f 155/147/65 158/148/65 6/149/65
s 1
f 171/150/38 43/151/39 172/152/39
f 175/153/43 32/154/44 176/155/44
f 56/156/52 180/157/57 179/158/52
f 183/159/36 46/160/37 184/161/37
f 187/162/46 30/163/47 188/164/47
f 44/165/40 192/166/48 191/167/40
f 195/168/56 41/169/58 196/170/58
f 199/171/60 53/172/61 200/173/61
f 55/174/63 179/158/52 203/175/63
f 54/176/62 203/175/63 205/177/62
f 207/178/42 34/179/41 208/180/41
f 46/160/37 171/150/38 184/161/37
f 211/181/35 48/182/34 212/183/34
f 41/169/58 214/184/50 196/170/58
f 43/151/39 191/167/40 172/152/39
f 217/185/53 38/186/54 218/187/54
f 53/172/61 205/177/62 200/173/61
f 30/163/47 211/181/35 188/164/47
f 39/188/55 195/168/56 221/189/55
f 38/186/54 221/189/55 218/187/54
f 34/179/41 175/153/43 208/180/41
f 31/190/45 187/162/46 223/191/45
f 32/154/44 223/191/45 176/155/44
f 48/182/34 183/159/36 212/183/34
f 217/185/53 36/192/57 37/193/53
f 50/194/48 224/195/59 192/166/48
f 51/196/59 199/171/60 224/195/59
f 42/197/50 207/178/42 214/184/50
f 215/198/50 149/199/42 157/200/50
f 225/201/59 144/202/60 146/203/59
f 193/204/48 146/203/59 147/205/48
f 216/206/53 152/207/66 181/208/57
f 213/209/34 167/210/36 166/211/34
f 177/212/44 168/213/45 162/214/44
f 222/215/45 163/216/46 168/213/45
f 209/217/41 148/218/43 150/219/41
f 219/220/54 155/221/55 154/222/54
f 220/223/55 158/224/56 155/221/55
f 189/225/47 165/226/35 164/227/47
f 201/228/61 143/229/62 145/230/61
f 153/231/53 219/220/54 154/222/54
f 173/232/39 160/233/40 159/234/39
f 197/235/58 157/200/50 156/236/58
f 165/226/35 213/209/34 166/211/34
f 185/237/37 169/238/38 161/239/37
f 149/199/42 209/217/41 150/219/41
f 204/240/62 142/241/63 143/229/62
f 202/242/63 141/243/52 142/241/63
f 144/202/60 201/228/61 145/230/61
f 158/224/56 197/235/58 156/236/58
f 190/244/40 147/205/48 160/233/40
f 163/216/46 189/225/47 164/227/47
f 167/210/36 185/237/37 161/239/37
f 178/245/52 151/246/57 141/243/52
f 148/218/43 177/212/44 162/214/44
f 169/238/38 173/232/39 159/234/39
f 262/247/64 51/248/64 50/249/64
f 212/183/64 234/250/64 227/251/64
f 173/232/65 239/252/65 236/253/65
f 213/209/65 235/254/65 182/255/65
f 182/255/65 232/256/65 185/237/65
f 210/257/65 226/258/65 213/209/65
f 183/159/64 233/259/64 234/250/64
f 211/181/64 227/251/64 228/260/64
f 170/261/65 232/256/65 239/252/65
f 190/244/65 236/253/65 231/262/65
f 171/150/64 233/259/64 184/161/64
f 191/167/64 237/263/64 172/152/64
f 172/152/64 238/264/64 171/150/64
s 0
f 143/265/65 142/266/65 241/267/65
s 1
f 257/268/64 259/269/64 140/111/64
s 0
f 241/267/65 251/270/65 244/271/65
s 1
f 272/272/67 271/273/68 270/274/68
f 272/272/67 269/275/69 273/276/70
f 278/277/71 275/278/72 279/279/71
f 278/277/71 277/280/73 276/281/73
f 290/282/74 287/283/75 291/284/74
f 290/282/74 289/285/76 288/286/76
f 284/287/77 283/288/78 282/289/78
f 284/287/77 281/290/79 285/291/80
f 302/292/81 301/293/82 300/294/82
f 302/292/81 299/295/83 303/296/81
f 314/297/84 311/298/85 315/299/84
f 314/297/84 313/300/86 312/301/87
f 308/302/88 307/303/89 306/304/89
f 308/302/88 305/305/90 309/306/91
f 296/307/92 293/308/93 297/309/92
f 296/307/92 295/310/94 294/311/95
f 270/274/68 281/312/79 280/313/79
f 276/281/73 269/314/69 268/315/69
f 288/286/76 275/316/72 274/317/72
f 282/289/78 287/318/75 286/319/75
f 304/320/90 295/321/94 305/322/90
f 300/294/82 293/323/93 292/324/93
f 298/325/83 313/326/86 299/327/83
f 310/328/85 307/329/89 311/330/85
f 274/317/65 268/315/65 270/274/65
f 273/276/30 245/331/96 246/332/30
f 245/333/96 277/334/97 247/335/97
f 251/336/98 271/337/99 244/338/99
f 271/273/99 246/339/30 244/340/99
f 248/341/100 279/279/5 275/278/100
f 248/342/100 289/343/101 253/344/101
f 249/345/5 277/280/97 279/346/5
f 285/291/20 251/347/98 252/348/20
f 254/349/102 283/350/103 250/351/103
f 283/288/103 252/352/20 250/353/103
f 254/354/102 291/284/12 287/283/102
f 255/355/12 289/285/101 291/356/12
f 298/325/64 292/324/64 294/311/64
f 257/357/103 297/309/20 293/308/103
f 257/358/103 301/359/102 259/360/102
f 258/361/20 295/310/98 297/362/20
f 263/363/99 295/321/98 256/364/98
f 303/296/12 260/365/101 261/366/12
f 260/367/101 313/326/100 265/368/100
f 301/293/102 261/369/12 259/370/102
f 309/306/30 263/371/99 264/372/30
f 266/373/104 307/329/105 262/374/96
f 307/303/105 264/375/30 262/376/96
f 266/377/104 315/299/5 311/298/97
f 267/378/5 313/300/100 315/379/5
f 228/380/106 317/381/107 318/382/108
f 229/383/109 316/384/110 226/385/111
f 236/386/112 329/387/113 326/388/114
f 239/389/115 322/390/116 329/387/113
f 231/391/117 326/388/114 321/392/118
f 234/393/119 323/394/120 324/395/121
f 227/396/122 324/395/121 317/381/107
f 235/397/123 322/390/116 232/398/124
f 230/399/125 327/400/126 237/401/127
f 237/401/127 328/402/128 238/403/129
f 226/385/111 325/404/130 235/397/123
f 238/403/129 323/394/120 233/405/131
f 317/381/107 338/406/132 331/407/133
f 325/404/130 336/408/134 322/390/116
f 328/402/128 337/409/135 323/394/120
f 316/384/110 339/410/136 325/404/130
f 318/382/108 331/407/133 332/411/137
f 329/387/113 336/408/134 343/412/138
f 326/388/114 343/412/138 340/413/139
f 320/414/140 341/415/141 327/400/126
f 321/392/118 340/413/139 335/416/142
f 327/400/126 342/417/143 328/402/128
f 324/395/121 337/409/135 338/406/132
f 319/418/144 330/419/145 316/384/110
f 224/195/64 349/420/64 356/421/64
f 203/175/64 355/422/64 205/177/64
f 199/171/64 350/423/64 349/420/64
f 178/245/65 352/424/65 344/425/65
f 193/204/65 357/426/65 225/201/65
f 179/158/64 353/427/64 203/175/64
f 192/166/64 356/421/64 346/428/64
f 204/240/65 351/429/65 354/430/65
f 202/242/65 354/430/65 352/424/65
f 225/201/65 348/431/65 198/432/65
f 198/432/65 351/429/65 201/228/65
f 205/177/64 350/423/64 200/173/64
f 347/433/146 371/434/147 357/435/148
f 345/436/149 367/437/150 353/438/151
f 352/439/152 368/440/153 366/441/154
f 346/442/155 370/443/156 360/444/157
f 348/445/158 365/446/159 351/447/160
f 357/435/148 362/448/161 348/445/158
f 353/438/151 369/449/162 355/450/163
f 354/451/164 365/446/159 368/440/153
f 349/452/165 364/453/166 363/454/167
f 356/455/168 363/454/167 370/443/156
f 344/456/169 366/441/154 358/457/170
f 355/450/163 364/453/166 350/458/171
f 362/448/161 379/459/172 365/446/159
f 371/434/147 376/460/173 362/448/161
f 367/437/150 383/461/174 369/449/162
f 368/440/153 379/459/172 382/462/175
f 363/454/167 378/463/176 377/464/177
f 370/443/156 377/464/177 384/465/178
f 358/457/170 380/466/179 372/467/180
f 369/449/162 378/463/176 364/453/166
f 361/468/181 385/469/182 371/434/147
f 359/470/183 381/471/184 367/437/150
f 366/441/154 382/462/175 380/466/179
f 360/444/157 384/465/178 374/472/185
f 341/415/141 343/473/138 342/417/143
f 378/463/176 376/474/173 377/464/177
f 382/475/175 381/471/184 380/476/179
f 337/409/135 339/477/136 338/406/132
f 346/428/64 191/167/64 192/166/64
f 337/409/135 343/473/138 336/478/134
f 384/465/178 376/474/173 385/479/182
f 382/475/175 378/463/176 383/461/174
f 374/472/185 385/479/182 375/480/186
f 341/415/141 335/481/142 340/482/139
f 331/407/133 339/477/136 330/483/145
f 373/484/187 380/476/179 381/471/184
f 346/442/155 320/414/140 230/399/125
f 360/444/157 334/485/188 320/414/140
f 333/486/189 331/407/133 330/483/145
f 375/487/186 321/392/118 335/416/142
f 361/468/181 231/391/117 321/392/118
f 190/244/65 347/488/65 193/204/65
f 374/472/185 335/481/142 334/485/188
f 223/191/64 388/489/64 176/155/64
f 174/490/65 389/491/65 177/212/65
f 207/178/64 396/492/64 395/493/64
f 208/180/64 387/494/64 396/492/64
f 186/495/65 398/496/65 390/497/65
f 189/225/65 390/497/65 393/498/65
f 175/153/64 388/489/64 387/494/64
f 188/164/64 391/499/64 187/162/64
f 187/162/64 399/500/64 223/191/64
f 222/215/65 389/491/65 398/496/65
f 206/501/65 397/502/65 209/217/65
f 209/217/65 386/503/65 174/490/65
f 394/504/190 411/505/191 397/506/192
f 391/507/193 413/508/194 399/509/195
f 386/510/196 403/511/197 389/512/198
f 398/513/199 403/511/197 412/514/200
f 395/515/201 410/516/202 409/517/203
f 397/506/192 400/518/204 386/510/196
f 387/519/205 402/520/206 401/521/207
f 399/509/195 402/520/206 388/522/208
f 393/523/209 404/524/210 407/525/211
f 396/526/212 401/521/207 410/516/202
f 390/527/213 412/514/200 404/524/210
f 392/528/214 405/529/215 391/507/193
f 409/517/203 424/530/216 423/531/217
f 411/505/191 414/532/218 400/518/204
f 401/521/207 416/533/219 415/534/220
f 413/508/194 416/533/219 402/520/206
f 407/525/211 418/535/221 421/536/222
f 410/516/202 415/534/220 424/530/216
f 404/524/210 426/537/223 418/535/221
f 406/538/224 419/539/225 405/529/215
f 408/540/226 425/541/227 411/505/191
f 405/529/215 427/542/228 413/508/194
f 400/518/204 417/543/229 403/511/197
f 412/514/200 417/543/229 426/537/223
f 333/486/189 420/544/230 332/411/137
f 211/181/64 392/545/64 188/164/64
f 420/544/230 418/546/221 419/539/225
f 416/533/219 414/547/218 415/534/220
f 416/533/219 426/548/223 417/549/229
f 420/544/230 318/382/108 332/411/137
f 407/525/211 333/550/189 319/418/144
f 393/523/209 319/418/144 229/383/109
f 424/530/216 414/547/218 425/551/227
f 422/552/231 424/530/216 425/551/227
f 406/538/224 228/380/106 318/382/108
f 393/498/65 210/257/65 189/225/65
f 426/548/223 419/539/225 418/546/221
f 215/198/65 433/553/65 435/554/65
f 194/555/65 440/556/65 430/557/65
f 197/235/65 430/557/65 433/553/65
f 217/185/64 438/558/64 437/559/64
f 214/184/64 432/560/64 196/170/64
f 195/168/64 441/561/64 221/189/64
f 196/170/64 431/562/64 195/168/64
f 219/220/65 440/556/65 220/223/65
f 181/208/65 436/563/65 216/206/65
f 218/187/64 441/561/64 438/558/64
f 180/157/64 437/559/64 428/564/64
f 216/206/65 439/565/65 219/220/65
f 433/566/232 444/567/233 447/568/234
f 429/569/235 450/570/236 436/571/237
f 437/572/238 452/573/239 451/574/240
f 430/575/241 454/576/242 444/567/233
f 432/577/243 445/578/244 431/579/245
f 428/580/246 451/574/240 442/581/247
f 435/582/248 447/568/234 449/583/249
f 431/579/245 455/584/250 441/585/251
f 439/586/252 454/576/242 440/587/253
f 434/588/254 446/589/255 432/577/243
f 436/571/237 453/590/256 439/586/252
f 438/591/257 455/584/250 452/573/239
f 442/581/247 465/592/258 456/593/259
f 449/583/249 461/594/260 463/595/261
f 445/578/244 469/596/262 455/584/250
f 453/590/256 468/597/263 454/576/242
f 448/598/264 460/599/265 446/589/255
f 450/570/236 467/600/266 453/590/256
f 452/573/239 469/596/262 466/601/267
f 447/568/234 458/602/268 461/594/260
f 443/603/269 464/604/270 450/570/236
f 451/574/240 466/601/267 465/592/258
f 444/567/233 468/597/263 458/602/268
f 446/589/255 459/605/271 445/578/244
f 448/598/264 395/515/201 409/517/203
f 468/606/263 466/601/267 469/596/262
f 460/599/265 458/607/268 459/605/271
f 207/178/64 434/608/64 214/184/64
f 435/582/248 408/540/226 394/504/190
f 462/609/272 409/517/203 423/531/217
f 466/601/267 464/610/270 465/592/258
f 456/593/259 464/610/270 457/611/273
f 459/605/271 468/606/263 469/596/262
f 449/583/249 422/612/231 408/540/226
f 435/554/65 206/501/65 215/198/65
f 422/552/231 462/609/272 423/531/217
f 462/609/272 461/613/260 460/599/265
f 428/564/64 179/158/64 180/157/64
f 428/580/246 359/470/183 345/436/149
f 442/581/247 373/484/187 359/470/183
f 178/245/65 429/614/65 181/208/65
f 443/603/269 344/456/169 358/457/170
f 457/615/273 358/457/170 372/467/180
f 456/593/259 372/616/180 373/484/187
f 62/1/1 21/617/4 16/2/2
f 61/4/3 20/618/3 21/5/4
f 60/6/5 19/619/5 20/7/3
f 59/8/6 18/620/6 19/9/5
f 58/10/7 17/621/7 18/11/6
f 63/12/8 15/622/8 17/13/7
f 72/14/9 28/623/9 23/15/10
f 73/17/11 27/624/11 28/18/9
f 74/19/12 26/625/12 27/20/11
f 75/21/13 25/626/13 26/22/12
f 76/23/14 24/627/16 25/24/13
f 77/25/15 22/628/15 24/26/16
f 78/27/17 71/16/10 23/28/10
f 10/30/18 79/33/18 78/27/17
f 11/32/19 80/36/19 79/33/18
f 12/35/20 81/39/20 80/36/19
f 13/38/21 82/42/21 81/39/20
f 14/41/22 83/45/24 82/42/21
f 9/44/23 84/629/23 83/45/24
f 63/12/8 70/55/25 2/47/25
f 77/25/15 57/3/2 16/49/2
f 241/52/26 1/630/27 68/53/27
f 68/53/27 84/629/23 240/51/26
f 84/629/23 9/631/23 240/51/26
f 7/54/28 2/632/25 70/55/25
f 7/57/28 69/56/28 64/58/29
f 6/60/29 64/58/29 65/61/30
f 5/63/30 65/61/30 66/64/31
f 4/66/31 66/64/31 67/67/32
f 3/69/33 67/67/32 68/53/27
f 103/71/34 121/75/34 120/72/35
f 102/74/36 122/78/36 121/75/34
f 101/77/37 123/81/37 122/78/36
f 100/80/38 124/84/38 123/81/37
f 99/83/39 125/88/39 124/84/38
f 99/86/39 107/633/49 126/87/40
f 106/89/41 135/93/41 134/90/42
f 105/92/43 136/96/43 135/93/41
f 104/95/44 137/99/44 136/96/43
f 110/98/45 138/102/45 137/99/44
f 111/101/46 139/105/46 138/102/45
f 112/104/47 140/111/47 139/105/46
f 119/107/48 126/87/40 107/108/49
f 112/112/47 91/634/35 242/110/26
f 91/634/35 120/72/35 242/110/26
f 134/90/42 128/130/50 109/113/50
f 108/117/52 97/635/57 243/115/51
f 97/635/57 133/124/57 243/115/51
f 132/118/53 96/636/53 95/119/54
f 130/121/55 94/637/55 93/122/56
f 133/124/57 97/638/57 96/125/53
f 131/120/54 95/639/54 94/126/55
f 129/123/56 93/640/56 92/127/58
f 127/128/58 92/641/58 109/129/50
f 119/107/48 90/642/48 89/131/59
f 118/132/59 89/643/59 88/133/60
f 117/134/60 88/644/60 87/135/61
f 116/136/61 87/645/61 86/137/62
f 115/138/62 86/646/62 85/139/63
f 113/140/63 85/647/63 108/141/52
f 67/67/64 66/64/64 102/648/64
f 103/142/64 91/649/64 68/53/64
f 67/67/64 102/648/64 103/142/64
f 101/650/64 102/648/64 66/64/64
f 66/64/64 65/61/64 101/650/64
f 65/61/64 64/58/64 101/650/64
f 64/58/64 69/56/64 100/651/64
f 69/56/64 70/55/64 99/652/64
f 70/55/64 63/12/64 107/653/64
f 63/12/64 58/10/64 89/654/64
f 107/653/64 63/12/64 90/655/64
f 58/10/64 59/8/64 88/656/64
f 59/8/64 60/6/64 87/657/64
f 88/656/64 59/8/64 87/657/64
f 60/6/64 61/4/64 87/657/64
f 61/4/64 62/1/64 86/658/64
f 87/657/64 61/4/64 86/658/64
f 62/1/64 57/3/64 85/659/64
f 57/3/64 77/25/64 97/144/64
f 77/25/64 76/23/64 96/143/64
f 76/23/64 75/21/64 95/660/64
f 75/21/64 74/19/64 94/661/64
f 74/19/64 73/17/64 94/661/64
f 73/17/64 72/14/64 93/662/64
f 72/14/64 71/16/64 92/663/64
f 71/16/64 78/27/64 109/664/64
f 78/27/64 79/33/64 106/665/64
f 109/664/64 78/27/64 98/666/64
f 79/33/64 80/36/64 105/667/64
f 80/36/64 81/39/64 104/668/64
f 81/39/64 82/42/64 104/668/64
f 82/42/64 83/45/64 110/669/64
f 83/45/64 84/629/64 111/670/64
f 84/629/64 68/53/64 112/671/64
f 68/53/64 91/649/64 112/671/64
f 84/629/64 112/671/64 111/670/64
f 80/36/64 104/668/64 105/667/64
f 82/42/64 110/669/64 104/668/64
f 72/14/64 92/663/64 93/662/64
f 76/23/64 95/660/64 96/143/64
f 69/56/64 99/652/64 100/651/64
f 100/651/64 101/650/64 64/58/64
f 83/45/64 111/670/64 110/669/64
f 107/653/64 99/652/64 70/55/64
f 90/655/64 63/12/64 89/654/64
f 79/33/64 105/667/64 106/665/64
f 88/656/64 89/654/64 58/10/64
f 106/665/64 98/666/64 78/27/64
f 71/16/64 109/664/64 92/663/64
f 85/659/64 86/658/64 62/1/64
f 73/17/64 93/662/64 94/661/64
f 108/672/64 85/659/64 57/3/64
f 97/144/64 108/672/64 57/3/64
f 75/21/64 94/661/64 95/660/64
f 113/140/64 114/116/64 29/673/64
f 114/116/64 243/115/64 49/674/64
f 30/675/64 114/116/64 49/674/64
f 243/115/64 46/676/64 47/677/64
f 243/115/64 47/677/64 48/678/64
f 115/138/64 113/140/64 29/673/64
f 114/116/64 30/675/64 29/673/64
f 117/134/64 116/136/64 33/679/64
f 116/136/64 115/138/64 32/680/64
f 119/107/64 118/132/64 34/681/64
f 118/132/64 117/134/64 33/679/64
f 125/88/64 126/87/64 41/682/64
f 126/87/64 119/107/64 42/146/64
f 123/81/64 124/84/64 40/683/64
f 124/84/64 125/88/64 41/682/64
f 121/75/64 122/78/64 37/684/64
f 122/78/64 123/81/64 39/685/64
f 37/684/64 122/78/64 38/686/64
f 242/110/64 120/72/64 56/687/64
f 120/72/64 121/75/64 37/684/64
f 36/688/64 120/72/64 37/684/64
f 54/689/64 53/690/64 242/110/64
f 55/691/64 54/689/64 242/110/64
f 120/72/64 36/688/64 56/687/64
f 124/84/64 41/682/64 40/683/64
f 126/87/64 42/146/64 41/682/64
f 118/132/64 33/679/64 34/681/64
f 116/136/64 32/680/64 33/679/64
f 243/115/64 48/678/64 49/674/64
f 56/687/64 55/691/64 242/110/64
f 38/686/64 122/78/64 39/685/64
f 115/138/64 29/673/64 31/692/64
f 115/138/64 31/692/64 32/680/64
f 40/683/64 39/685/64 123/81/64
f 119/107/64 34/681/64 35/145/64
s 0
f 5/693/65 4/694/65 155/147/65
f 4/694/65 3/695/65 154/696/65
f 154/696/65 3/695/65 153/697/65
f 3/695/65 1/698/65 153/697/65
f 1/698/65 152/699/65 153/697/65
f 6/149/65 5/693/65 155/147/65
f 2/700/65 7/701/65 156/702/65
f 7/701/65 6/149/65 158/148/65
f 156/702/65 7/701/65 158/148/65
f 17/703/65 15/704/65 150/705/65
f 15/704/65 2/700/65 157/706/65
f 149/707/65 150/705/65 15/704/65
f 157/706/65 149/707/65 15/704/65
f 157/706/65 2/700/65 156/702/65
f 4/694/65 154/696/65 155/147/65
s 1
f 171/150/38 45/708/38 43/151/39
f 175/153/43 33/709/43 32/154/44
f 56/156/52 36/192/57 180/157/57
f 183/159/36 47/710/36 46/160/37
f 187/162/46 29/711/46 30/163/47
f 44/165/40 50/194/48 192/166/48
f 195/168/56 40/712/56 41/169/58
f 199/171/60 52/713/60 53/172/61
f 55/174/63 56/156/52 179/158/52
f 54/176/62 55/174/63 203/175/63
f 207/178/42 35/714/42 34/179/41
f 46/160/37 45/708/38 171/150/38
f 211/181/35 49/715/35 48/182/34
f 41/169/58 42/197/50 214/184/50
f 43/151/39 44/165/40 191/167/40
f 217/185/53 37/193/53 38/186/54
f 53/172/61 54/176/62 205/177/62
f 30/163/47 49/715/35 211/181/35
f 39/188/55 40/712/56 195/168/56
f 38/186/54 39/188/55 221/189/55
f 34/179/41 33/709/43 175/153/43
f 31/190/45 29/711/46 187/162/46
f 32/154/44 31/190/45 223/191/45
f 48/182/34 47/710/36 183/159/36
f 217/185/53 180/157/57 36/192/57
f 50/194/48 51/196/59 224/195/59
f 51/196/59 52/713/60 199/171/60
f 42/197/50 35/714/42 207/178/42
f 215/198/50 206/501/42 149/199/42
f 225/201/59 198/432/60 144/202/60
f 193/204/48 225/201/59 146/203/59
f 153/231/53 152/207/66 216/206/53
f 152/207/66 151/246/57 181/208/57
f 213/209/34 182/255/36 167/210/36
f 177/212/44 222/215/45 168/213/45
f 222/215/45 186/495/46 163/216/46
f 209/217/41 174/490/43 148/218/43
f 219/220/54 220/223/55 155/221/55
f 220/223/55 194/555/56 158/224/56
f 189/225/47 210/257/35 165/226/35
f 201/228/61 204/240/62 143/229/62
f 153/231/53 216/206/53 219/220/54
f 173/232/39 190/244/40 160/233/40
f 197/235/58 215/198/50 157/200/50
f 165/226/35 210/257/35 213/209/34
f 185/237/37 170/261/38 169/238/38
f 149/199/42 206/501/42 209/217/41
f 204/240/62 202/242/63 142/241/63
f 202/242/63 178/245/52 141/243/52
f 144/202/60 198/432/60 201/228/61
f 158/224/56 194/555/56 197/235/58
f 190/244/40 193/204/48 147/205/48
f 163/216/46 186/495/46 189/225/47
f 167/210/36 182/255/36 185/237/37
f 178/245/52 181/208/57 151/246/57
f 148/218/43 174/490/43 177/212/44
f 169/238/38 170/261/38 173/232/39
f 45/716/64 46/676/64 243/115/64
f 243/115/64 267/717/64 44/718/64
f 267/717/64 266/719/64 50/249/64
f 44/718/64 267/717/64 50/249/64
f 262/247/64 242/110/64 51/248/64
f 242/110/64 53/690/64 52/720/64
f 266/719/64 262/247/64 50/249/64
f 242/110/64 52/720/64 51/248/64
f 43/721/64 45/716/64 243/115/64
f 44/718/64 43/721/64 243/115/64
f 212/183/64 183/159/64 234/250/64
f 173/232/65 170/261/65 239/252/65
f 213/209/65 226/258/65 235/254/65
f 182/255/65 235/254/65 232/256/65
f 210/257/65 229/722/65 226/258/65
f 183/159/64 184/161/64 233/259/64
f 211/181/64 212/183/64 227/251/64
f 170/261/65 185/237/65 232/256/65
f 190/244/65 173/232/65 236/253/65
f 171/150/64 238/264/64 233/259/64
f 191/167/64 230/723/64 237/263/64
f 172/152/64 237/263/64 238/264/64
s 0
f 20/724/65 19/725/65 162/726/65
f 19/725/65 18/727/65 162/726/65
f 162/726/65 18/727/65 148/728/65
f 18/727/65 17/703/65 148/728/65
f 17/703/65 150/705/65 148/728/65
f 21/729/65 20/724/65 168/730/65
f 22/731/65 16/732/65 165/733/65
f 16/732/65 21/729/65 163/734/65
f 165/733/65 16/732/65 164/735/65
f 25/736/65 24/737/65 22/731/65
f 27/738/65 26/739/65 23/740/65
f 26/739/65 25/736/65 23/740/65
f 23/740/65 28/741/65 27/738/65
f 10/742/65 8/743/65 12/744/65
f 8/743/65 23/740/65 9/745/65
f 12/744/65 8/743/65 9/745/65
f 12/744/65 11/746/65 10/742/65
f 14/747/65 13/748/65 12/744/65
f 240/749/65 9/745/65 250/750/65
f 9/745/65 14/747/65 12/744/65
f 252/751/65 251/270/65 240/749/65
f 250/750/65 252/751/65 240/749/65
f 250/750/65 9/745/65 254/752/65
f 9/745/65 23/740/65 22/731/65
f 25/736/65 22/731/65 23/740/65
f 20/724/65 162/726/65 168/730/65
f 22/731/65 165/733/65 166/753/65
f 254/752/65 9/745/65 255/754/65
f 21/729/65 168/730/65 163/734/65
f 255/754/65 9/745/65 22/731/65
f 163/734/65 164/735/65 16/732/65
f 253/755/65 255/754/65 160/756/65
f 248/757/65 253/755/65 160/756/65
f 255/754/65 22/731/65 160/756/65
f 22/731/65 166/753/65 167/758/65
f 249/759/65 248/757/65 160/756/65
f 22/731/65 167/758/65 161/760/65
f 22/731/65 161/760/65 169/761/65
f 22/731/65 169/761/65 159/762/65
f 22/731/65 159/762/65 160/756/65
f 247/763/65 249/759/65 147/764/65
f 249/759/65 160/756/65 147/764/65
f 245/765/65 247/763/65 147/764/65
f 245/765/65 147/764/65 146/766/65
f 241/267/65 244/271/65 246/767/65
f 246/767/65 245/765/65 241/267/65
f 245/765/65 146/766/65 241/267/65
f 146/766/65 144/768/65 241/267/65
f 151/769/65 152/770/65 1/771/65
f 141/772/65 151/769/65 1/771/65
f 241/267/65 144/768/65 145/773/65
f 141/772/65 1/771/65 241/267/65
f 142/266/65 141/772/65 241/267/65
f 241/267/65 145/773/65 143/265/65
s 1
f 265/774/64 267/717/64 243/115/64
f 243/115/64 133/124/64 261/775/64
f 133/124/64 132/118/64 128/130/64
f 261/775/64 133/124/64 140/111/64
f 132/118/64 131/120/64 128/130/64
f 131/120/64 130/121/64 128/130/64
f 130/121/64 129/123/64 128/130/64
f 129/123/64 127/128/64 128/130/64
f 128/130/64 134/90/64 133/124/64
f 134/90/64 135/93/64 136/96/64
f 136/96/64 137/99/64 134/90/64
f 137/99/64 138/102/64 134/90/64
f 138/102/64 139/105/64 134/90/64
f 139/105/64 140/111/64 134/90/64
f 242/110/64 262/247/64 264/776/64
f 242/110/64 264/776/64 263/777/64
f 140/111/64 242/110/64 256/778/64
f 134/90/64 140/111/64 133/124/64
f 260/779/64 265/774/64 243/115/64
f 261/775/64 260/779/64 243/115/64
f 242/110/64 263/777/64 256/778/64
f 140/111/64 256/778/64 258/780/64
f 259/269/64 261/775/64 140/111/64
f 140/111/64 258/780/64 257/268/64
s 0
f 241/267/65 240/749/65 251/270/65
s 1
f 272/272/67 273/781/70 271/273/68
f 272/272/67 268/315/69 269/275/69
f 278/277/71 274/317/72 275/278/72
f 278/277/71 279/346/71 277/280/73
f 290/282/74 286/319/75 287/283/75
f 290/282/74 291/356/74 289/285/76
f 284/287/77 285/782/80 283/288/78
f 284/287/77 280/313/79 281/290/79
f 302/292/81 303/783/81 301/293/82
f 302/292/81 298/325/83 299/295/83
f 314/297/84 310/328/85 311/298/85
f 314/297/84 315/379/84 313/300/86
f 308/302/88 309/784/91 307/303/89
f 308/302/88 304/320/90 305/305/90
f 296/307/92 292/324/93 293/308/93
f 296/307/92 297/362/92 295/310/94
f 270/274/68 271/337/68 281/312/79
f 276/281/73 277/334/73 269/314/69
f 288/286/76 289/343/76 275/316/72
f 282/289/78 283/350/78 287/318/75
f 304/320/90 294/311/95 295/321/94
f 300/294/82 301/359/82 293/323/93
f 298/325/83 312/301/87 313/326/86
f 310/328/85 306/304/89 307/329/89
f 288/286/65 274/317/65 270/274/65
f 274/317/65 278/277/65 276/281/65
f 268/315/65 274/317/65 276/281/65
f 268/315/65 272/272/65 270/274/65
f 270/274/65 280/313/65 288/286/65
f 280/313/65 284/287/65 282/289/65
f 288/286/65 280/313/65 286/319/65
f 282/289/65 286/319/65 280/313/65
f 286/319/65 290/282/65 288/286/65
f 273/276/30 269/275/96 245/331/96
f 245/333/96 269/314/96 277/334/97
f 251/336/98 281/312/98 271/337/99
f 271/273/99 273/781/30 246/339/30
f 248/341/100 249/785/5 279/279/5
f 248/342/100 275/316/100 289/343/101
f 249/345/5 247/786/97 277/280/97
f 285/291/20 281/290/98 251/347/98
f 254/349/102 287/318/102 283/350/103
f 283/288/103 285/782/20 252/352/20
f 254/354/102 255/787/12 291/284/12
f 255/355/12 253/788/101 289/285/101
f 312/301/64 298/325/64 294/311/64
f 298/325/64 302/292/64 300/294/64
f 292/324/64 298/325/64 300/294/64
f 292/324/64 296/307/64 294/311/64
f 294/311/64 304/320/64 312/301/64
f 304/320/64 308/302/64 306/304/64
f 312/301/64 304/320/64 310/328/64
f 306/304/64 310/328/64 304/320/64
f 310/328/64 314/297/64 312/301/64
f 257/357/103 258/789/20 297/309/20
f 257/358/103 293/323/103 301/359/102
f 258/361/20 256/790/98 295/310/98
f 263/363/99 305/322/99 295/321/98
f 303/296/12 299/295/101 260/365/101
f 260/367/101 299/327/101 313/326/100
f 301/293/102 303/783/12 261/369/12
f 309/306/30 305/305/99 263/371/99
f 266/373/104 311/330/97 307/329/105
f 307/303/105 309/784/30 264/375/30
f 266/377/104 267/791/5 315/299/5
f 267/378/5 265/792/100 313/300/100
f 228/380/106 227/396/122 317/381/107
f 229/383/109 319/418/144 316/384/110
f 236/386/112 239/389/115 329/387/113
f 239/389/115 232/398/124 322/390/116
f 231/391/117 236/386/112 326/388/114
f 234/393/119 233/405/131 323/394/120
f 227/396/122 234/393/119 324/395/121
f 235/397/123 325/404/130 322/390/116
f 230/399/125 320/414/140 327/400/126
f 237/401/127 327/400/126 328/402/128
f 226/385/111 316/384/110 325/404/130
f 238/403/129 328/402/128 323/394/120
f 317/381/107 324/395/121 338/406/132
f 325/404/130 339/410/136 336/408/134
f 328/402/128 342/417/143 337/409/135
f 316/384/110 330/419/145 339/410/136
f 318/382/108 317/381/107 331/407/133
f 329/387/113 322/390/116 336/408/134
f 326/388/114 329/387/113 343/412/138
f 320/414/140 334/485/188 341/415/141
f 321/392/118 326/388/114 340/413/139
f 327/400/126 341/415/141 342/417/143
f 324/395/121 323/394/120 337/409/135
f 319/418/144 333/550/189 330/419/145
f 224/195/64 199/171/64 349/420/64
f 203/175/64 353/427/64 355/422/64
f 199/171/64 200/173/64 350/423/64
f 178/245/65 202/242/65 352/424/65
f 193/204/65 347/488/65 357/426/65
f 179/158/64 345/793/64 353/427/64
f 192/166/64 224/195/64 356/421/64
f 204/240/65 201/228/65 351/429/65
f 202/242/65 204/240/65 354/430/65
f 225/201/65 357/426/65 348/431/65
f 198/432/65 348/431/65 351/429/65
f 205/177/64 355/422/64 350/423/64
f 347/433/146 361/468/181 371/434/147
f 345/436/149 359/470/183 367/437/150
f 352/439/152 354/451/164 368/440/153
f 346/442/155 356/455/168 370/443/156
f 348/445/158 362/448/161 365/446/159
f 357/435/148 371/434/147 362/448/161
f 353/438/151 367/437/150 369/449/162
f 354/451/164 351/447/160 365/446/159
f 349/452/165 350/458/171 364/453/166
f 356/455/168 349/452/165 363/454/167
f 344/456/169 352/439/152 366/441/154
f 355/450/163 369/449/162 364/453/166
f 362/448/161 376/460/173 379/459/172
f 371/434/147 385/469/182 376/460/173
f 367/437/150 381/471/184 383/461/174
f 368/440/153 365/446/159 379/459/172
f 363/454/167 364/453/166 378/463/176
f 370/443/156 363/454/167 377/464/177
f 358/457/170 366/441/154 380/466/179
f 369/449/162 383/461/174 378/463/176
f 361/468/181 375/487/186 385/469/182
f 359/470/183 373/484/187 381/471/184
f 366/441/154 368/440/153 382/462/175
f 360/444/157 370/443/156 384/465/178
f 341/415/141 340/482/139 343/473/138
f 378/463/176 379/794/172 376/474/173
f 382/475/175 383/461/174 381/471/184
f 337/409/135 336/478/134 339/477/136
f 346/428/64 230/723/64 191/167/64
f 337/409/135 342/417/143 343/473/138
f 384/465/178 377/464/177 376/474/173
f 382/475/175 379/794/172 378/463/176
f 374/472/185 384/465/178 385/479/182
f 341/415/141 334/485/188 335/481/142
f 331/407/133 338/406/132 339/477/136
f 373/484/187 372/616/180 380/476/179
f 346/442/155 360/444/157 320/414/140
f 360/444/157 374/472/185 334/485/188
f 333/486/189 332/411/137 331/407/133
f 375/487/186 361/468/181 321/392/118
f 361/468/181 347/433/146 231/391/117
f 190/244/65 231/262/65 347/488/65
f 374/472/185 375/480/186 335/481/142
f 223/191/64 399/500/64 388/489/64
f 174/490/65 386/503/65 389/491/65
f 207/178/64 208/180/64 396/492/64
f 208/180/64 175/153/64 387/494/64
f 186/495/65 222/215/65 398/496/65
f 189/225/65 186/495/65 390/497/65
f 175/153/64 176/155/64 388/489/64
f 188/164/64 392/545/64 391/499/64
f 187/162/64 391/499/64 399/500/64
f 222/215/65 177/212/65 389/491/65
f 206/501/65 394/795/65 397/502/65
f 209/217/65 397/502/65 386/503/65
f 394/504/190 408/540/226 411/505/191
f 391/507/193 405/529/215 413/508/194
f 386/510/196 400/518/204 403/511/197
f 398/513/199 389/512/198 403/511/197
f 395/515/201 396/526/212 410/516/202
f 397/506/192 411/505/191 400/518/204
f 387/519/205 388/522/208 402/520/206
f 399/509/195 413/508/194 402/520/206
f 393/523/209 390/527/213 404/524/210
f 396/526/212 387/519/205 401/521/207
f 390/527/213 398/513/199 412/514/200
f 392/528/214 406/538/224 405/529/215
f 409/517/203 410/516/202 424/530/216
f 411/505/191 425/541/227 414/532/218
f 401/521/207 402/520/206 416/533/219
f 413/508/194 427/542/228 416/533/219
f 407/525/211 404/524/210 418/535/221
f 410/516/202 401/521/207 415/534/220
f 404/524/210 412/514/200 426/537/223
f 406/538/224 420/544/230 419/539/225
f 408/540/226 422/612/231 425/541/227
f 405/529/215 419/539/225 427/542/228
f 400/518/204 414/532/218 417/543/229
f 412/514/200 403/511/197 417/543/229
f 333/486/189 421/796/222 420/544/230
f 211/181/64 228/260/64 392/545/64
f 420/544/230 421/796/222 418/546/221
f 416/533/219 417/549/229 414/547/218
f 416/533/219 427/542/228 426/548/223
f 420/544/230 406/538/224 318/382/108
f 407/525/211 421/536/222 333/550/189
f 393/523/209 407/525/211 319/418/144
f 424/530/216 415/534/220 414/547/218
f 422/552/231 423/531/217 424/530/216
f 406/538/224 392/528/214 228/380/106
f 393/498/65 229/722/65 210/257/65
f 426/548/223 427/542/228 419/539/225
f 215/198/65 197/235/65 433/553/65
f 194/555/65 220/223/65 440/556/65
f 197/235/65 194/555/65 430/557/65
f 217/185/64 218/187/64 438/558/64
f 214/184/64 434/608/64 432/560/64
f 195/168/64 431/562/64 441/561/64
f 196/170/64 432/560/64 431/562/64
f 219/220/65 439/565/65 440/556/65
f 181/208/65 429/614/65 436/563/65
f 218/187/64 221/189/64 441/561/64
f 180/157/64 217/185/64 437/559/64
f 216/206/65 436/563/65 439/565/65
f 433/566/232 430/575/241 444/567/233
f 429/569/235 443/603/269 450/570/236
f 437/572/238 438/591/257 452/573/239
f 430/575/241 440/587/253 454/576/242
f 432/577/243 446/589/255 445/578/244
f 428/580/246 437/572/238 451/574/240
f 435/582/248 433/566/232 447/568/234
f 431/579/245 445/578/244 455/584/250
f 439/586/252 453/590/256 454/576/242
f 434/588/254 448/598/264 446/589/255
f 436/571/237 450/570/236 453/590/256
f 438/591/257 441/585/251 455/584/250
f 442/581/247 451/574/240 465/592/258
f 449/583/249 447/568/234 461/594/260
f 445/578/244 459/605/271 469/596/262
f 453/590/256 467/600/266 468/597/263
f 448/598/264 462/609/272 460/599/265
f 450/570/236 464/604/270 467/600/266
f 452/573/239 455/584/250 469/596/262
f 447/568/234 444/567/233 458/602/268
f 443/603/269 457/615/273 464/604/270
f 451/574/240 452/573/239 466/601/267
f 444/567/233 454/576/242 468/597/263
f 446/589/255 460/599/265 459/605/271
f 448/598/264 434/588/254 395/515/201
f 468/606/263 467/797/266 466/601/267
f 460/599/265 461/613/260 458/607/268
f 207/178/64 395/493/64 434/608/64
f 435/582/248 449/583/249 408/540/226
f 462/609/272 448/598/264 409/517/203
f 466/601/267 467/797/266 464/610/270
f 456/593/259 465/592/258 464/610/270
f 459/605/271 458/607/268 468/606/263
f 449/583/249 463/595/261 422/612/231
f 435/554/65 394/795/65 206/501/65
f 422/552/231 463/798/261 462/609/272
f 462/609/272 463/798/261 461/613/260
f 428/564/64 345/793/64 179/158/64
f 428/580/246 442/581/247 359/470/183
f 442/581/247 456/593/259 373/484/187
f 178/245/65 344/425/65 429/614/65
f 443/603/269 429/569/235 344/456/169
f 457/615/273 443/603/269 358/457/170
f 456/593/259 457/611/273 372/616/180
o SwivelHandle.008
v -0.336555 2.926490 0.853986
v -0.335939 2.923561 0.846942
v -0.335684 2.916490 0.844024
v -0.335939 2.909419 0.846942
v -0.336555 2.906490 0.853986
v -0.337171 2.909419 0.861031
v -0.337427 2.916490 0.863948
v -0.337171 2.923561 0.861031
v -0.316015 2.923561 0.848685
v -0.315760 2.916490 0.845768
v -0.316015 2.909419 0.848685
v -0.306653 2.925486 0.856412
v -0.307665 2.926490 0.856514
v -0.306956 2.926196 0.856520
v -0.307665 2.906490 0.856514
v -0.306653 2.907494 0.856412
v -0.306956 2.906784 0.856520
v -0.307219 2.910184 0.862883
v -0.308282 2.909419 0.863558
v -0.307558 2.909643 0.863396
v -0.307446 2.916490 0.865485
v -0.308537 2.916490 0.866476
v -0.307805 2.916490 0.866222
v -0.307219 2.922796 0.862883
v -0.308282 2.923561 0.863558
v -0.307558 2.923337 0.863396
v -0.315632 2.926490 0.855817
v -0.316416 2.925465 0.853265
v -0.317627 2.926490 0.855642
v -0.316275 2.926190 0.855033
v -0.316416 2.907515 0.853265
v -0.315632 2.906490 0.855817
v -0.317627 2.906490 0.855642
v -0.316275 2.906790 0.855033
v -0.293014 2.922568 0.700526
v -0.293976 2.923561 0.700041
v -0.293282 2.923270 0.700219
v -0.292812 2.916490 0.698215
v -0.293721 2.916490 0.697123
v -0.293042 2.916490 0.697479
v -0.293014 2.910412 0.700526
v -0.293976 2.909419 0.700041
v -0.293282 2.909709 0.700219
v -0.297995 2.922569 0.700091
v -0.296964 2.923561 0.699779
v -0.297679 2.923270 0.699834
v -0.297793 2.916490 0.697779
v -0.296709 2.916490 0.696861
v -0.297439 2.916490 0.697094
v -0.297995 2.910411 0.700091
v -0.296964 2.909419 0.699779
v -0.297679 2.909709 0.699834
v -0.297844 2.912020 0.698362
v -0.296766 2.911532 0.697508
v -0.297494 2.911675 0.697722
v -0.297844 2.920960 0.698362
v -0.296766 2.921448 0.697508
v -0.297494 2.921305 0.697722
v -0.303503 2.907959 0.774515
v -0.304497 2.908954 0.774407
v -0.304206 2.908249 0.774438
v -0.303503 2.925020 0.774515
v -0.304497 2.924025 0.774407
v -0.304206 2.924731 0.774438
v -0.308817 2.907226 0.815282
v -0.309120 2.908297 0.809874
v -0.309316 2.907538 0.813637
v -0.308817 2.925753 0.815282
v -0.309120 2.924663 0.809875
v -0.309316 2.925436 0.813637
v -0.292863 2.920960 0.698797
v -0.293777 2.921448 0.697769
v -0.293097 2.921305 0.698106
v -0.292863 2.912020 0.698797
v -0.293777 2.911532 0.697769
v -0.293097 2.911675 0.698106
vn -0.7102 -0.0000 -0.7040
vn 0.0616 -0.7071 -0.7044
vn 0.0872 -0.0000 -0.9962
vn -0.6935 0.5020 -0.5167
vn 0.0616 0.7071 -0.7044
vn -0.0626 0.9896 0.1298
vn -0.1676 0.9478 -0.2711
vn -0.0000 1.0000 -0.0000
vn -0.4597 0.8303 -0.3151
vn -0.4598 -0.8302 -0.3151
vn -0.1676 -0.9478 -0.2711
vn -0.0000 -1.0000 -0.0000
vn -0.0626 -0.9896 0.1298
vn 0.1774 -0.9639 0.1988
vn 0.6348 -0.5169 0.5744
vn 0.1383 -0.6929 0.7076
vn 0.6739 -0.7128 0.1944
vn 0.9568 -0.1590 0.2433
vn 0.6161 -0.0000 0.7877
vn 0.1133 -0.0000 0.9936
vn 0.9511 -0.0000 0.3089
vn 0.6348 0.5169 0.5744
vn 0.1383 0.6929 0.7076
vn 0.9568 0.1590 0.2433
vn 0.1774 0.9639 0.1988
vn 0.6739 0.7128 0.1944
vn 0.9693 0.2116 0.1250
vn 0.7038 -0.6778 -0.2126
vn 0.9782 -0.2078 0.0015
vn 0.9693 -0.2116 0.1250
vn 0.2726 0.4498 -0.8505
vn 0.7038 0.6778 -0.2126
vn 0.7368 0.3352 -0.5871
vn 0.9782 0.2078 0.0015
vn 0.9883 0.1025 -0.1128
vn 0.2783 -0.0000 -0.9605
vn 0.7368 -0.3352 -0.5871
vn 0.2726 -0.4498 -0.8505
vn 0.7539 -0.0000 -0.6570
vn 0.9883 -0.1025 -0.1128
vn -0.1208 -0.4498 -0.8849
vn -0.6562 -0.6777 -0.3319
vn -0.6237 -0.3352 -0.7062
vn -0.9636 -0.2077 -0.1684
vn -0.9537 -0.1025 -0.2827
vn -0.1073 -0.0000 -0.9942
vn -0.6237 0.3352 -0.7062
vn -0.1208 0.4498 -0.8849
vn -0.6283 -0.0000 -0.7780
vn -0.9537 0.1025 -0.2827
vn -0.6970 -0.7115 -0.0894
vn -0.9744 -0.1960 -0.1098
vn -0.1779 -0.9833 -0.0381
vn 0.2294 0.9091 -0.3477
vn -0.1671 0.9852 -0.0375
vn -0.6562 0.6777 -0.3319
vn -0.6970 0.7115 -0.0893
vn -0.9636 0.2077 -0.1684
vn -0.9744 0.1961 -0.1098
vn -0.9560 -0.0000 -0.2934
vn -0.1654 0.9091 -0.3824
vn -0.6327 -0.7662 -0.1128
vn -0.1728 -0.9839 -0.0458
vn -0.9676 -0.2072 -0.1444
vn -0.1759 0.9833 -0.0463
vn -0.6383 0.7614 -0.1136
vn -0.9683 0.2036 -0.1444
vn 0.9924 -0.0000 -0.1229
vn 0.2295 -0.9090 -0.3479
vn -0.0616 -0.7071 0.7044
vn -0.0872 -0.0000 0.9962
vn -0.0616 0.7071 0.7044
vn -0.6936 -0.5019 -0.5167
vn -0.1655 -0.9090 -0.3826
vt 0.968517 0.309333
vt 0.967245 0.306006
vt 0.968518 0.306006
vt 0.959606 0.309333
vt 0.958332 0.306006
vt 0.959605 0.306006
vt 0.960879 0.309500
vt 0.960748 0.309382
vt 0.960879 0.309166
vt 0.960434 0.309333
vt 0.966416 0.309333
vt 0.966102 0.309382
vt 0.965971 0.309166
vt 0.965971 0.309500
vt 0.965969 0.310832
vt 0.964696 0.310956
vt 0.964697 0.310828
vt 0.960117 0.115036
vt 0.959000 0.115548
vt 0.958909 0.115442
vt 0.963425 0.310957
vt 0.963425 0.310828
vt 0.958478 0.116585
vt 0.958332 0.116576
vt 0.962154 0.310956
vt 0.962153 0.310828
vt 0.958865 0.117680
vt 0.958761 0.117773
vt 0.960881 0.310832
vt 0.960892 0.310961
vt 0.959910 0.118327
vt 0.959941 0.118197
vt 0.960121 0.114903
vt 0.986426 0.117289
vt 0.986342 0.117351
vt 0.960131 0.115169
vt 0.986616 0.119132
vt 0.986296 0.119357
vt 0.986538 0.119082
vt 0.986221 0.119285
vt 0.986455 0.119030
vt 0.986829 0.118352
vt 0.986630 0.117592
vt 0.986714 0.117552
vt 0.986716 0.118345
vt 0.986542 0.117633
vt 0.987144 0.117352
vt 0.986782 0.116755
vt 0.987281 0.117279
vt 0.987183 0.116464
vt 0.986743 0.116624
vt 0.987069 0.116386
vt 0.987345 0.118384
vt 0.987148 0.119475
vt 0.987019 0.119385
vt 0.987392 0.115655
vt 0.987252 0.114868
vt 0.987381 0.114819
vt 0.973981 0.115466
vt 0.974005 0.115334
vt 0.973959 0.115598
vt 0.959897 0.118460
vt 0.986360 0.119418
vt 0.973707 0.119474
vt 0.986587 0.119940
vt 0.973706 0.119604
vt 0.974367 0.112666
vt 0.986990 0.114560
vt 0.974350 0.112793
vt 0.987507 0.118394
vt 0.987261 0.115639
vt 0.986527 0.119821
vt 0.987057 0.114438
vt 0.960672 0.113393
vt 0.967348 0.114589
vt 0.960364 0.113469
vt 0.967071 0.114690
vt 0.960233 0.113573
vt 0.967994 0.114541
vt 0.966773 0.119513
vt 0.959966 0.119940
vt 0.959848 0.119807
vt 0.967831 0.111573
vt 0.961180 0.110443
vt 0.960920 0.110254
vt 0.967039 0.119640
vt 0.968428 0.111815
vt 0.986603 0.118338
vt 0.986498 0.117237
vt 0.964698 0.306005
vt 0.963425 0.306005
vt 0.962152 0.306005
vt 0.961882 0.110892
vt 0.967244 0.309333
vt 0.965972 0.306006
vt 0.961484 0.113218
vt 0.986710 0.116863
vt 0.962166 0.112142
vt 0.958333 0.309333
vt 0.965958 0.310961
vt 0.960878 0.306006
s 1
usemtl Chrome
f 479/799/274 473/800/275 472/801/276
f 478/802/277 472/803/276 471/804/278
f 496/805/279 499/806/280 498/807/281
f 499/806/280 497/808/282 498/807/281
f 500/809/283 503/810/284 502/811/285
f 503/810/284 501/812/286 502/811/285
f 484/813/287 489/814/288 488/815/289
f 486/816/290 487/817/291 489/818/288
f 488/815/289 492/819/292 491/820/293
f 489/818/288 490/821/294 492/822/292
f 491/820/293 495/823/295 494/824/296
f 492/822/292 493/825/297 495/826/295
f 482/827/298 495/823/295 483/828/299
f 483/829/299 493/825/297 481/830/300
f 484/831/287 512/832/301 486/816/290
f 486/816/290 510/833/302 485/834/303
f 541/835/304 506/836/305 542/837/306
f 542/837/306 504/838/307 540/839/308
f 508/840/309 545/841/310 544/842/311
f 509/843/312 543/844/313 545/841/310
f 523/845/314 521/846/315 524/847/316
f 524/848/316 519/849/317 522/850/318
f 517/851/319 527/852/320 526/853/321
f 518/854/322 525/855/323 527/856/320
f 519/849/317 530/857/324 529/858/325
f 521/846/315 528/859/326 530/857/324
f 482/860/298 506/836/305 505/861/327
f 483/829/299 504/838/307 506/836/305
f 531/862/328 515/863/329 533/864/330
f 533/865/330 513/866/331 532/867/332
f 517/851/319 524/847/316 518/868/322
f 518/854/322 522/850/318 516/869/333
f 526/853/321 515/863/329 514/870/334
f 527/856/320 513/866/331 515/871/329
f 500/872/283 536/873/335 503/874/284
f 503/874/284 534/875/336 501/876/286
f 535/877/337 530/857/324 536/873/335
f 536/873/335 528/859/326 534/875/336
f 537/878/338 499/879/280 496/880/279
f 539/881/339 497/882/282 499/883/280
f 531/862/328 539/884/339 537/878/338
f 533/865/330 538/885/340 539/881/339
f 508/840/309 542/837/306 509/843/312
f 509/843/312 540/839/308 507/886/341
f 544/842/311 512/832/301 511/887/342
f 545/841/310 510/833/302 512/832/301
f 482/860/298 514/870/334 531/862/328
f 494/824/296 496/805/279 498/807/281
f 507/886/341 493/825/297 487/817/291
f 484/831/287 528/859/326 511/887/342
f 501/812/286 488/815/289 475/888/343
f 488/815/289 476/889/344 475/888/343
f 491/820/293 477/890/345 476/889/344
f 498/807/281 478/802/277 471/804/278
f 478/891/277 497/882/282 538/885/340
f 480/892/346 502/811/285 474/893/285
f 500/872/283 480/894/346 535/877/337
f 505/861/327 526/853/321 514/870/334
f 508/840/309 523/845/314 517/851/319
f 541/835/304 517/851/319 526/853/321
f 544/842/311 520/895/347 523/845/314
f 532/867/332 525/855/323 522/850/318
f 538/885/340 529/858/325 535/877/337
f 480/894/346 479/896/274 535/877/337
f 535/877/337 479/896/274 538/885/340
f 479/896/274 478/891/277 538/885/340
f 479/799/274 480/892/346 473/800/275
f 478/802/277 479/897/274 472/803/276
f 484/813/287 486/898/290 489/814/288
f 486/816/290 485/834/303 487/817/291
f 488/815/289 489/814/288 492/819/292
f 489/818/288 487/817/291 490/821/294
f 491/820/293 492/819/292 495/823/295
f 492/822/292 490/821/294 493/825/297
f 482/827/298 494/824/296 495/823/295
f 483/829/299 495/826/295 493/825/297
f 484/831/287 511/887/342 512/832/301
f 486/816/290 512/832/301 510/833/302
f 541/835/304 505/861/327 506/836/305
f 542/837/306 506/836/305 504/838/307
f 508/840/309 509/843/312 545/841/310
f 509/843/312 507/886/341 543/844/313
f 523/845/314 520/895/347 521/846/315
f 524/848/316 521/846/315 519/849/317
f 517/851/319 518/868/322 527/852/320
f 518/854/322 516/869/333 525/855/323
f 519/849/317 521/846/315 530/857/324
f 521/846/315 520/895/347 528/859/326
f 482/860/298 483/829/299 506/836/305
f 483/829/299 481/830/300 504/838/307
f 531/862/328 514/870/334 515/863/329
f 533/865/330 515/871/329 513/866/331
f 517/851/319 523/845/314 524/847/316
f 518/854/322 524/848/316 522/850/318
f 526/853/321 527/852/320 515/863/329
f 527/856/320 525/855/323 513/866/331
f 500/872/283 535/877/337 536/873/335
f 503/874/284 536/873/335 534/875/336
f 535/877/337 529/858/325 530/857/324
f 536/873/335 530/857/324 528/859/326
f 537/878/338 539/884/339 499/879/280
f 539/881/339 538/885/340 497/882/282
f 531/862/328 533/864/330 539/884/339
f 533/865/330 532/867/332 538/885/340
f 508/840/309 541/835/304 542/837/306
f 509/843/312 542/837/306 540/839/308
f 544/842/311 545/841/310 512/832/301
f 545/841/310 543/844/313 510/833/302
f 537/878/338 496/880/279 482/860/298
f 482/860/298 505/861/327 514/870/334
f 531/862/328 537/878/338 482/860/298
f 470/899/281 477/890/345 494/824/296
f 494/824/296 482/827/298 496/805/279
f 498/807/281 470/899/281 494/824/296
f 487/817/291 485/834/303 510/833/302
f 510/833/302 543/844/313 507/886/341
f 507/886/341 540/839/308 504/838/307
f 504/838/307 481/830/300 493/825/297
f 493/825/297 490/821/294 487/817/291
f 487/817/291 510/833/302 507/886/341
f 507/886/341 504/838/307 493/825/297
f 484/831/287 501/876/286 534/875/336
f 528/859/326 520/895/347 511/887/342
f 484/831/287 534/875/336 528/859/326
f 475/888/343 474/893/285 502/811/285
f 501/812/286 484/813/287 488/815/289
f 475/888/343 502/811/285 501/812/286
f 488/815/289 491/820/293 476/889/344
f 491/820/293 494/824/296 477/890/345
f 471/804/278 470/899/281 498/807/281
f 498/807/281 497/808/282 478/802/277
f 474/893/285 473/800/275 480/892/346
f 480/892/346 500/809/283 502/811/285
f 505/861/327 541/835/304 526/853/321
f 508/840/309 544/842/311 523/845/314
f 541/835/304 508/840/309 517/851/319
f 544/842/311 511/887/342 520/895/347
f 519/849/317 529/858/325 532/867/332
f 532/867/332 513/866/331 525/855/323
f 525/855/323 516/869/333 522/850/318
f 522/850/318 519/849/317 532/867/332
f 538/885/340 532/867/332 529/858/325
o SwivelHandle.017
v -0.386519 2.906490 0.849615
v -0.385903 2.909419 0.842571
v -0.385648 2.916490 0.839653
v -0.385903 2.923561 0.842571
v -0.386519 2.926490 0.849615
v -0.387136 2.923561 0.856659
v -0.387391 2.916490 0.859577
v -0.387136 2.909419 0.856659
v -0.405827 2.909419 0.840828
v -0.405572 2.916490 0.837910
v -0.405827 2.923561 0.840828
v -0.416389 2.907494 0.846811
v -0.415409 2.906490 0.847088
v -0.416109 2.906784 0.846970
v -0.415409 2.926490 0.847088
v -0.416389 2.925486 0.846811
v -0.416109 2.926196 0.846970
v -0.416955 2.922796 0.853282
v -0.416025 2.923561 0.854132
v -0.416710 2.923337 0.853847
v -0.417182 2.916490 0.855884
v -0.416281 2.916490 0.857050
v -0.416957 2.916490 0.856672
v -0.416955 2.910184 0.853282
v -0.416025 2.909419 0.854132
v -0.416710 2.909643 0.853847
v -0.407443 2.906490 0.847785
v -0.406228 2.907515 0.845408
v -0.405447 2.906490 0.847959
v -0.406673 2.906790 0.847125
v -0.406228 2.925465 0.845408
v -0.407443 2.926490 0.847785
v -0.405447 2.926490 0.847959
v -0.406673 2.926190 0.847125
v -0.402750 2.910412 0.690926
v -0.401719 2.909419 0.690614
v -0.402434 2.909709 0.690669
v -0.402548 2.916490 0.688614
v -0.401464 2.916490 0.687696
v -0.402194 2.916490 0.687929
v -0.402750 2.922568 0.690926
v -0.401719 2.923561 0.690614
v -0.402434 2.923270 0.690669
v -0.397770 2.910411 0.691362
v -0.398731 2.909419 0.690876
v -0.398037 2.909709 0.691054
v -0.397567 2.916490 0.689050
v -0.398476 2.916490 0.687958
v -0.397797 2.916490 0.688314
v -0.397770 2.922569 0.691362
v -0.398731 2.923561 0.690876
v -0.398037 2.923270 0.691054
v -0.397618 2.920960 0.689633
v -0.398532 2.921448 0.688604
v -0.397852 2.921305 0.688942
v -0.397618 2.912020 0.689633
v -0.398532 2.911532 0.688604
v -0.397852 2.911675 0.688942
v -0.405269 2.925020 0.765611
v -0.404271 2.924025 0.765677
v -0.404564 2.924731 0.765658
v -0.405269 2.907959 0.765611
v -0.404271 2.908954 0.765677
v -0.404564 2.908249 0.765658
v -0.407115 2.925753 0.806682
v -0.405877 2.924683 0.801409
v -0.406339 2.925442 0.805149
v -0.407115 2.907226 0.806682
v -0.405877 2.908317 0.801409
v -0.406339 2.907544 0.805149
v -0.402599 2.912020 0.689197
v -0.401521 2.911532 0.688343
v -0.402249 2.911675 0.688557
v -0.402599 2.920960 0.689197
v -0.401521 2.921448 0.688343
v -0.402249 2.921305 0.688557
vn 0.8216 -0.0000 -0.5700
vn 0.0616 0.7071 -0.7044
vn 0.0872 -0.0000 -0.9962
vn 0.7727 -0.5020 -0.3884
vn 0.0616 -0.7071 -0.7044
vn 0.0391 -0.9896 0.1387
vn 0.2122 -0.9478 -0.2379
vn -0.0000 -1.0000 -0.0000
vn 0.5075 -0.8303 -0.2305
vn 0.5075 0.8302 -0.2305
vn 0.2122 0.9478 -0.2379
vn -0.0000 1.0000 -0.0000
vn 0.0391 0.9896 0.1387
vn -0.2092 0.9639 0.1650
vn -0.7249 0.5169 0.4554
vn -0.2591 0.6929 0.6729
vn -0.6974 0.7128 0.0744
vn -0.9845 0.1590 0.0734
vn -0.7435 -0.0000 0.6687
vn -0.2841 -0.0000 0.9588
vn -0.9903 -0.0000 0.1390
vn -0.7249 -0.5169 0.4554
vn -0.2591 -0.6929 0.6729
vn -0.9845 -0.1590 0.0734
vn -0.2092 -0.9639 0.1650
vn -0.6974 -0.7128 0.0744
vn -0.9763 -0.2116 -0.0452
vn -0.6562 0.6778 -0.3316
vn -0.9636 0.2078 -0.1683
vn -0.9763 0.2116 -0.0452
vn -0.1208 -0.4498 -0.8849
vn -0.6562 -0.6778 -0.3316
vn -0.6237 -0.3352 -0.7062
vn -0.9636 -0.2078 -0.1683
vn -0.9537 -0.1025 -0.2827
vn -0.1073 -0.0000 -0.9942
vn -0.6237 0.3352 -0.7062
vn -0.1208 0.4498 -0.8849
vn -0.6283 -0.0000 -0.7780
vn -0.9537 0.1025 -0.2827
vn 0.2726 0.4498 -0.8505
vn 0.7038 0.6777 -0.2129
vn 0.7368 0.3352 -0.5871
vn 0.9782 0.2077 0.0015
vn 0.9883 0.1025 -0.1127
vn 0.2783 -0.0000 -0.9605
vn 0.7368 -0.3352 -0.5871
vn 0.2726 -0.4498 -0.8505
vn 0.7539 -0.0000 -0.6570
vn 0.9883 -0.1025 -0.1128
vn 0.7019 0.7115 0.0330
vn 0.9787 0.1960 0.0610
vn 0.1818 0.9833 -0.0066
vn -0.1655 -0.9091 -0.3822
vn 0.1710 -0.9852 -0.0080
vn 0.7038 -0.6777 -0.2129
vn 0.7019 -0.7115 0.0330
vn 0.9782 -0.2077 0.0015
vn 0.9787 -0.1961 0.0611
vn 0.9924 -0.0000 -0.1229
vn 0.2292 -0.9091 -0.3479
vn 0.6426 0.7662 -0.0012
vn 0.1782 0.9839 -0.0151
vn 0.9780 0.2072 0.0258
vn 0.1813 -0.9833 -0.0151
vn 0.6483 -0.7614 -0.0011
vn 0.9787 -0.2036 0.0259
vn -0.9560 -0.0000 -0.2934
vn -0.1656 0.9090 -0.3824
vn -0.0616 0.7071 0.7044
vn -0.0872 -0.0000 0.9962
vn -0.0616 -0.7071 0.7044
vn 0.7728 0.5019 -0.3884
vn 0.2294 0.9090 -0.3481
vt 0.968517 0.309333
vt 0.967245 0.306006
vt 0.968518 0.306006
vt 0.959606 0.309333
vt 0.958332 0.306006
vt 0.959605 0.306006
vt 0.960879 0.309500
vt 0.960748 0.309382
vt 0.960879 0.309166
vt 0.960434 0.309333
vt 0.966416 0.309333
vt 0.966102 0.309382
vt 0.965971 0.309166
vt 0.965971 0.309500
vt 0.965969 0.310832
vt 0.964696 0.310956
vt 0.964697 0.310828
vt 0.960117 0.115036
vt 0.959000 0.115548
vt 0.958909 0.115442
vt 0.963425 0.310957
vt 0.963425 0.310828
vt 0.958478 0.116585
vt 0.958332 0.116576
vt 0.962154 0.310956
vt 0.962153 0.310828
vt 0.958865 0.117680
vt 0.958761 0.117773
vt 0.960881 0.310832
vt 0.960892 0.310961
vt 0.959910 0.118327
vt 0.959941 0.118197
vt 0.960121 0.114903
vt 0.986426 0.117289
vt 0.986342 0.117351
vt 0.960131 0.115169
vt 0.986616 0.119132
vt 0.986296 0.119357
vt 0.986538 0.119082
vt 0.986221 0.119285
vt 0.986455 0.119030
vt 0.986829 0.118352
vt 0.986630 0.117592
vt 0.986714 0.117552
vt 0.986716 0.118345
vt 0.986542 0.117633
vt 0.987144 0.117352
vt 0.986782 0.116755
vt 0.987281 0.117279
vt 0.987183 0.116464
vt 0.986743 0.116624
vt 0.987069 0.116386
vt 0.987345 0.118384
vt 0.987148 0.119475
vt 0.987019 0.119385
vt 0.987392 0.115655
vt 0.987252 0.114868
vt 0.987381 0.114819
vt 0.973981 0.115466
vt 0.974005 0.115334
vt 0.973959 0.115598
vt 0.959897 0.118460
vt 0.986360 0.119418
vt 0.973707 0.119474
vt 0.986587 0.119940
vt 0.973706 0.119604
vt 0.974367 0.112666
vt 0.986990 0.114560
vt 0.974350 0.112793
vt 0.987507 0.118394
vt 0.987261 0.115639
vt 0.986527 0.119821
vt 0.987057 0.114438
vt 0.960672 0.113393
vt 0.967348 0.114589
vt 0.960364 0.113469
vt 0.967071 0.114690
vt 0.960233 0.113573
vt 0.967994 0.114541
vt 0.966773 0.119513
vt 0.959966 0.119940
vt 0.959848 0.119807
vt 0.967831 0.111573
vt 0.961180 0.110443
vt 0.960920 0.110254
vt 0.967039 0.119640
vt 0.968428 0.111815
vt 0.986603 0.118338
vt 0.986498 0.117237
vt 0.964698 0.306005
vt 0.963425 0.306005
vt 0.962152 0.306005
vt 0.961882 0.110892
vt 0.967244 0.309333
vt 0.965972 0.306006
vt 0.961484 0.113218
vt 0.986710 0.116863
vt 0.962166 0.112142
vt 0.958333 0.309333
vt 0.965958 0.310961
vt 0.960878 0.306006
s 1
usemtl Chrome
f 555/900/348 549/901/349 548/902/350
f 554/903/351 548/904/350 547/905/352
f 572/906/353 575/907/354 574/908/355
f 575/907/354 573/909/356 574/908/355
f 576/910/357 579/911/358 578/912/359
f 579/911/358 577/913/360 578/912/359
f 560/914/361 565/915/362 564/916/363
f 562/917/364 563/918/365 565/919/362
f 564/916/363 568/920/366 567/921/367
f 565/919/362 566/922/368 568/923/366
f 567/921/367 571/924/369 570/925/370
f 568/923/366 569/926/371 571/927/369
f 558/928/372 571/924/369 559/929/373
f 559/930/373 569/926/371 557/931/374
f 560/932/361 588/933/375 562/917/364
f 562/917/364 586/934/376 561/935/377
f 617/936/378 582/937/379 618/938/380
f 618/938/380 580/939/381 616/940/382
f 584/941/383 621/942/384 620/943/385
f 585/944/386 619/945/387 621/942/384
f 599/946/388 597/947/389 600/948/390
f 600/949/390 595/950/391 598/951/392
f 593/952/393 603/953/394 602/954/395
f 594/955/396 601/956/397 603/957/394
f 595/950/391 606/958/398 605/959/399
f 597/947/389 604/960/400 606/958/398
f 558/961/372 582/937/379 581/962/401
f 559/930/373 580/939/381 582/937/379
f 607/963/402 591/964/403 609/965/404
f 609/966/404 589/967/405 608/968/406
f 593/952/393 600/948/390 594/969/396
f 594/955/396 598/951/392 592/970/407
f 602/954/395 591/964/403 590/971/408
f 603/957/394 589/967/405 591/972/403
f 576/973/357 612/974/409 579/975/358
f 579/975/358 610/976/410 577/977/360
f 611/978/411 606/958/398 612/974/409
f 612/974/409 604/960/400 610/976/410
f 613/979/412 575/980/354 572/981/353
f 615/982/413 573/983/356 575/984/354
f 607/963/402 615/985/413 613/979/412
f 609/966/404 614/986/414 615/982/413
f 584/941/383 618/938/380 585/944/386
f 585/944/386 616/940/382 583/987/415
f 620/943/385 588/933/375 587/988/416
f 621/942/384 586/934/376 588/933/375
f 558/961/372 590/971/408 607/963/402
f 570/925/370 572/906/353 574/908/355
f 583/987/415 569/926/371 563/918/365
f 560/932/361 604/960/400 587/988/416
f 577/913/360 564/916/363 551/989/417
f 564/916/363 552/990/418 551/989/417
f 567/921/367 553/991/419 552/990/418
f 574/908/355 554/903/351 547/905/352
f 554/992/351 573/983/356 614/986/414
f 556/993/420 578/912/359 550/994/359
f 576/973/357 556/995/420 611/978/411
f 581/962/401 602/954/395 590/971/408
f 584/941/383 599/946/388 593/952/393
f 617/936/378 593/952/393 602/954/395
f 620/943/385 596/996/421 599/946/388
f 608/968/406 601/956/397 598/951/392
f 614/986/414 605/959/399 611/978/411
f 556/995/420 555/997/348 611/978/411
f 611/978/411 555/997/348 614/986/414
f 555/997/348 554/992/351 614/986/414
f 555/900/348 556/993/420 549/901/349
f 554/903/351 555/998/348 548/904/350
f 560/914/361 562/999/364 565/915/362
f 562/917/364 561/935/377 563/918/365
f 564/916/363 565/915/362 568/920/366
f 565/919/362 563/918/365 566/922/368
f 567/921/367 568/920/366 571/924/369
f 568/923/366 566/922/368 569/926/371
f 558/928/372 570/925/370 571/924/369
f 559/930/373 571/927/369 569/926/371
f 560/932/361 587/988/416 588/933/375
f 562/917/364 588/933/375 586/934/376
f 617/936/378 581/962/401 582/937/379
f 618/938/380 582/937/379 580/939/381
f 584/941/383 585/944/386 621/942/384
f 585/944/386 583/987/415 619/945/387
f 599/946/388 596/996/421 597/947/389
f 600/949/390 597/947/389 595/950/391
f 593/952/393 594/969/396 603/953/394
f 594/955/396 592/970/407 601/956/397
f 595/950/391 597/947/389 606/958/398
f 597/947/389 596/996/421 604/960/400
f 558/961/372 559/930/373 582/937/379
f 559/930/373 557/931/374 580/939/381
f 607/963/402 590/971/408 591/964/403
f 609/966/404 591/972/403 589/967/405
f 593/952/393 599/946/388 600/948/390
f 594/955/396 600/949/390 598/951/392
f 602/954/395 603/953/394 591/964/403
f 603/957/394 601/956/397 589/967/405
f 576/973/357 611/978/411 612/974/409
f 579/975/358 612/974/409 610/976/410
f 611/978/411 605/959/399 606/958/398
f 612/974/409 606/958/398 604/960/400
f 613/979/412 615/985/413 575/980/354
f 615/982/413 614/986/414 573/983/356
f 607/963/402 609/965/404 615/985/413
f 609/966/404 608/968/406 614/986/414
f 584/941/383 617/936/378 618/938/380
f 585/944/386 618/938/380 616/940/382
f 620/943/385 621/942/384 588/933/375
f 621/942/384 619/945/387 586/934/376
f 613/979/412 572/981/353 558/961/372
f 558/961/372 581/962/401 590/971/408
f 607/963/402 613/979/412 558/961/372
f 546/1000/355 553/991/419 570/925/370
f 570/925/370 558/928/372 572/906/353
f 574/908/355 546/1000/355 570/925/370
f 563/918/365 561/935/377 586/934/376
f 586/934/376 619/945/387 583/987/415
f 583/987/415 616/940/382 580/939/381
f 580/939/381 557/931/374 569/926/371
f 569/926/371 566/922/368 563/918/365
f 563/918/365 586/934/376 583/987/415
f 583/987/415 580/939/381 569/926/371
f 560/932/361 577/977/360 610/976/410
f 604/960/400 596/996/421 587/988/416
f 560/932/361 610/976/410 604/960/400
f 551/989/417 550/994/359 578/912/359
f 577/913/360 560/914/361 564/916/363
f 551/989/417 578/912/359 577/913/360
f 564/916/363 567/921/367 552/990/418
f 567/921/367 570/925/370 553/991/419
f 547/905/352 546/1000/355 574/908/355
f 574/908/355 573/909/356 554/903/351
f 550/994/359 549/901/349 556/993/420
f 556/993/420 576/910/357 578/912/359
f 581/962/401 617/936/378 602/954/395
f 584/941/383 620/943/385 599/946/388
f 617/936/378 584/941/383 593/952/393
f 620/943/385 587/988/416 596/996/421
f 595/950/391 605/959/399 608/968/406
f 608/968/406 589/967/405 601/956/397
f 601/956/397 592/970/407 598/951/392
f 598/951/392 595/950/391 608/968/406
f 614/986/414 608/968/406 605/959/399
o DoorWindow.001
v -0.320942 3.167746 0.354777
v -0.320942 3.639325 0.354777
v -0.315961 3.167746 0.355213
v -0.315961 3.639325 0.355213
v -0.363720 3.167746 0.843728
v -0.363720 3.639325 0.843728
v -0.358739 3.167746 0.844164
v -0.358739 3.639325 0.844164
vn 0.9962 -0.0000 0.0872
vn -0.9962 -0.0000 -0.0872
vt 0.292546 0.867881
vt 0.213327 0.950332
vt 0.213327 0.867881
vt 0.867567 0.625872
vt 0.946786 0.543420
vt 0.946786 0.625872
vt 0.292546 0.950332
vt 0.867567 0.543420
s 1
usemtl Glass
f 625/1001/422 628/1002/422 624/1003/422
f 627/1004/423 622/1005/423 626/1006/423
f 625/1001/422 629/1007/422 628/1002/422
f 627/1004/423 623/1008/423 622/1005/423
o LeftExteriorDoorExport.001
v 1.464920 3.650079 5.650091
v 1.464920 3.700081 5.700091
v 1.464920 3.663019 5.651794
v 1.464920 3.675079 5.656790
v 1.464920 3.685434 5.664736
v 1.464920 3.693380 5.675091
v 1.464920 3.698375 5.687150
v 1.444924 1.992902 5.700091
v 1.444924 2.042902 5.650091
v 1.444924 1.994606 5.687150
v 1.444924 1.999601 5.675091
v 1.444924 2.007547 5.664736
v 1.444924 2.017902 5.656790
v 1.444924 2.029961 5.651794
v 1.464920 3.700079 6.202320
v 1.464920 3.650079 6.252319
v 1.464920 3.698375 6.215261
v 1.464920 3.693380 6.227320
v 1.464920 3.685434 6.237675
v 1.464920 3.675079 6.245621
v 1.464920 3.663019 6.250616
v 1.444924 2.042902 6.252319
v 1.444924 1.992902 6.202320
v 1.444924 2.029961 6.250616
v 1.444924 2.017902 6.245621
v 1.444924 2.007547 6.237675
v 1.444924 1.999601 6.227320
v 1.444924 1.994606 6.215261
v 1.495073 3.678075 5.671874
v 1.479997 3.650079 6.252319
v 1.479997 3.698375 6.215261
v 1.479997 3.693380 6.227320
v 1.479997 3.685434 6.237675
v 1.479997 3.675079 6.245621
v 1.479997 3.663019 6.250616
v 1.479997 3.700079 6.202320
v 1.479997 3.693380 5.675091
v 1.479997 3.685434 5.664736
v 1.479997 3.675079 5.656790
v 1.479997 3.663019 5.651794
v 1.479997 3.650079 5.650091
v 1.479997 3.698375 5.687150
v 1.479997 3.700080 5.700091
v 1.479997 1.992902 6.202320
v 1.479997 1.994606 6.215261
v 1.479997 1.999601 6.227320
v 1.479997 2.007547 6.237675
v 1.479997 2.017902 6.245621
v 1.479997 2.029961 6.250616
v 1.479997 2.042902 6.252319
v 1.479997 1.992902 5.700091
v 1.479997 1.994606 5.687150
v 1.479997 1.999601 5.675091
v 1.479997 2.007547 5.664736
v 1.479997 2.017902 5.656790
v 1.479997 2.029961 5.651794
v 1.479997 2.042902 5.650091
v 1.479997 3.655857 6.243155
v 1.479997 3.667810 6.238285
v 1.479997 3.678075 6.230537
v 1.479997 3.685951 6.220439
v 1.479997 3.690902 6.208681
v 1.479997 3.692591 6.196063
v 1.479997 3.643030 5.657594
v 1.479997 2.002079 6.208681
v 1.479997 2.007030 6.220439
v 1.479997 2.014906 6.230537
v 1.479997 2.025171 6.238285
v 1.479997 2.037124 6.243155
v 1.479997 2.049951 6.244817
v 1.479997 2.000390 5.706348
v 1.479997 3.690902 5.693729
v 1.479997 3.685951 5.681971
v 1.479997 3.678075 5.671874
v 1.479997 3.667810 5.664125
v 1.479997 3.655857 5.659255
v 1.479997 2.014906 5.671874
v 1.479997 2.007030 5.681971
v 1.479997 2.002079 5.693729
v 1.479997 3.692592 5.706348
v 1.479997 3.643030 6.244817
v 1.479997 2.000390 6.196063
v 1.479997 2.025171 5.664125
v 1.479997 2.037124 5.659255
v 1.479997 2.049951 5.657594
v 1.495073 3.655857 6.243155
v 1.495073 3.643030 6.244817
v 1.495073 3.667810 6.238285
v 1.495073 3.678075 6.230537
v 1.495073 3.685951 6.220439
v 1.495073 3.690902 6.208681
v 1.495073 3.692591 6.196063
v 1.495073 3.643030 5.657594
v 1.495073 3.655857 5.659255
v 1.495073 3.667810 5.664125
v 1.495073 3.685951 5.681971
v 1.495073 3.690902 5.693729
v 1.495073 3.692591 5.706348
v 1.495073 2.002079 6.208681
v 1.495073 2.000390 6.196063
v 1.495073 2.007030 6.220439
v 1.495073 2.014906 6.230537
v 1.495073 2.025171 6.238285
v 1.495073 2.037124 6.243155
v 1.495073 2.049951 6.244817
v 1.495073 2.000390 5.706348
v 1.495073 2.002079 5.693729
v 1.495073 2.007030 5.681971
v 1.495073 2.014906 5.671874
v 1.495073 2.025171 5.664125
v 1.495073 2.037124 5.659255
v 1.495073 2.049951 5.657594
v 1.464920 3.158665 5.686250
v 1.464920 3.663924 6.216160
v 1.464920 3.663924 5.686250
v 1.464920 3.158665 6.216160
v 1.485023 3.663924 6.216160
v 1.485023 3.663924 5.686250
v 1.485023 3.158665 6.216160
v 1.485023 3.158665 5.686250
v 1.464920 2.841481 5.650091
v 1.464920 2.991500 5.650091
v 1.495073 2.837120 5.657594
v 1.495073 2.837120 6.244817
v 1.464920 2.986500 5.700082
v 1.464920 2.991500 5.705082
v 1.464920 2.990036 5.701547
v 1.464920 2.991500 5.725070
v 1.464920 2.986500 5.730069
v 1.464920 2.990036 5.728605
v 1.464920 2.841481 5.705082
v 1.464920 2.846481 5.700082
v 1.464920 2.842946 5.701547
v 1.464920 2.846481 5.730069
v 1.464920 2.841481 5.725070
v 1.464920 2.842946 5.728605
v 1.495073 2.846482 5.700082
v 1.495073 2.841482 5.705082
v 1.495073 2.842947 5.701547
v 1.495073 2.841482 5.725070
v 1.495073 2.846482 5.730069
v 1.495073 2.842947 5.728605
v 1.495073 2.991499 5.705082
v 1.495073 2.986499 5.700082
v 1.495073 2.990035 5.701547
v 1.495073 2.986499 5.730069
v 1.495073 2.991499 5.725070
v 1.495073 2.990035 5.728605
v 1.454920 2.990500 5.705281
v 1.455920 2.991500 5.705082
v 1.454920 2.986301 5.701082
v 1.455920 2.986500 5.700082
v 1.454920 2.989270 5.702312
v 1.455920 2.990036 5.701547
v 1.454920 2.986301 5.729069
v 1.455920 2.986500 5.730069
v 1.454920 2.990500 5.724871
v 1.455920 2.991500 5.725070
v 1.454920 2.989270 5.727839
v 1.455920 2.990036 5.728605
v 1.454920 2.846680 5.701082
v 1.455920 2.846481 5.700082
v 1.454920 2.842481 5.705281
v 1.455920 2.841481 5.705082
v 1.454920 2.843711 5.702312
v 1.455920 2.842946 5.701547
v 1.454920 2.842481 5.724871
v 1.455920 2.841481 5.725070
v 1.454920 2.846680 5.729069
v 1.455920 2.846481 5.730069
v 1.454920 2.843711 5.727839
v 1.455920 2.842946 5.728605
v 1.505073 2.842482 5.705281
v 1.504073 2.841482 5.705082
v 1.505073 2.846681 5.701082
v 1.504073 2.846482 5.700082
v 1.505073 2.843712 5.702312
v 1.504073 2.842947 5.701547
v 1.505073 2.846681 5.729069
v 1.504073 2.846482 5.730069
v 1.505073 2.842482 5.724871
v 1.504073 2.841482 5.725070
v 1.505073 2.843712 5.727839
v 1.504073 2.842947 5.728605
v 1.505073 2.986300 5.701082
v 1.504073 2.986499 5.700082
v 1.505073 2.990499 5.705281
v 1.504073 2.991499 5.705082
v 1.505073 2.989269 5.702312
v 1.504073 2.990035 5.701547
v 1.505073 2.990499 5.724871
v 1.504073 2.991499 5.725070
v 1.505073 2.986300 5.729069
v 1.504073 2.986499 5.730069
v 1.505073 2.989269 5.727839
v 1.504073 2.990035 5.728605
v 1.485023 3.201875 6.193655
v 1.495074 3.201875 6.193655
v 1.495074 3.210850 6.194817
v 1.485023 3.210850 6.194817
v 1.495074 3.179998 6.164730
v 1.485023 3.179998 6.164730
v 1.485023 3.188665 6.186160
v 1.495074 3.188665 6.186160
v 1.495074 3.194744 6.190749
v 1.485023 3.194744 6.190749
v 1.485023 3.181156 6.173381
v 1.495074 3.181156 6.173381
v 1.495074 3.184041 6.180232
v 1.485023 3.184041 6.180232
v 1.485023 3.210850 5.707594
v 1.495074 3.210850 5.707594
v 1.495074 3.179998 5.737680
v 1.485023 3.179998 5.737680
v 1.485023 3.184041 5.722179
v 1.495074 3.184041 5.722179
v 1.495074 3.188665 5.716250
v 1.485023 3.188665 5.716250
v 1.485023 3.201875 5.708756
v 1.495074 3.201875 5.708756
v 1.485023 3.194744 5.711661
v 1.495074 3.194744 5.711661
v 1.495074 3.181156 5.729030
v 1.485023 3.181156 5.729030
v 1.485023 3.638549 6.180232
v 1.495074 3.638549 6.180232
v 1.495074 3.633924 6.186160
v 1.485023 3.633924 6.186160
v 1.485023 3.620714 6.193655
v 1.495074 3.620714 6.193655
v 1.495074 3.611740 6.194817
v 1.485023 3.611740 6.194817
v 1.485023 3.642591 6.164730
v 1.495074 3.642591 6.164730
v 1.495074 3.641433 6.173381
v 1.485023 3.641433 6.173381
v 1.485023 3.627845 6.190749
v 1.495074 3.627845 6.190749
v 1.495074 3.611740 5.707594
v 1.485023 3.611740 5.707594
v 1.485023 3.638548 5.722178
v 1.495074 3.638548 5.722178
v 1.495074 3.641433 5.729030
v 1.485023 3.641433 5.729030
v 1.495074 3.642591 5.737680
v 1.485023 3.642591 5.737680
v 1.485023 3.620714 5.708756
v 1.495074 3.620714 5.708756
v 1.495074 3.627845 5.711661
v 1.485023 3.627845 5.711661
v 1.485023 3.633924 5.716250
v 1.495074 3.633924 5.716250
v 1.444924 2.156490 5.650091
v 1.444924 2.156490 6.252319
v 1.464920 2.498986 5.650091
v 1.464920 2.498986 6.252319
v 1.495073 2.014906 5.942320
v 1.495073 2.024906 5.952320
v 1.495073 2.016246 5.947320
v 1.495073 2.019906 5.950980
v 1.495073 2.024906 5.702320
v 1.495073 2.014906 5.712320
v 1.495073 2.019906 5.703660
v 1.495073 2.016246 5.707320
v 1.495073 2.136490 5.952320
v 1.495073 2.146490 5.942320
v 1.495073 2.141490 5.950980
v 1.495073 2.145150 5.947320
v 1.495073 2.146490 5.712320
v 1.495073 2.136490 5.702320
v 1.495073 2.145150 5.707320
v 1.495073 2.141490 5.703660
v 1.461918 2.024906 5.952320
v 1.461918 2.014906 5.942320
v 1.461918 2.019906 5.950980
v 1.461918 2.016246 5.947320
v 1.461918 2.014906 5.712320
v 1.461918 2.024906 5.702320
v 1.461918 2.016246 5.707320
v 1.461918 2.019906 5.703660
v 1.461918 2.146490 5.942320
v 1.461918 2.136490 5.952320
v 1.461918 2.145150 5.947320
v 1.461918 2.141490 5.950980
v 1.461918 2.136490 5.702320
v 1.461918 2.146490 5.712320
v 1.461918 2.141490 5.703660
v 1.461918 2.145150 5.707320
v 1.495073 2.737990 5.657594
v 1.495073 2.737990 6.244817
vn -0.0000 0.2588 0.9659
vn -0.0000 0.0654 0.9979
vn -0.0000 0.5000 0.8660
vn -0.0000 0.7071 0.7071
vn -0.0000 0.8660 0.5000
vn -0.0000 0.9659 0.2588
vn -0.0000 0.9979 0.0654
vn -0.0000 -0.9659 0.2588
vn -0.0000 -0.9979 0.0654
vn -0.0000 -0.8660 0.5000
vn -0.0000 -0.7071 0.7071
vn -0.0000 -0.5000 0.8660
vn -0.0000 -0.2588 0.9659
vn -0.0000 -0.0654 0.9979
vn -0.0000 -0.9979 -0.0654
vn -0.0000 -0.9659 -0.2588
vn -0.0000 -0.8660 -0.5000
vn -0.0000 -0.7071 -0.7071
vn -0.0000 -0.5000 -0.8660
vn -0.0000 -0.2588 -0.9659
vn -0.0000 -0.0654 -0.9979
vn 0.0001 0.9979 -0.0655
vn -0.0000 -0.0000 1.0000
vn -0.0000 -0.0000 -1.0000
vn -0.0000 0.9659 -0.2589
vn -0.0000 0.8660 -0.5000
vn -0.0000 0.7071 -0.7071
vn -0.0000 0.5000 -0.8660
vn -0.0000 0.2588 -0.9659
vn -0.0000 0.0654 -0.9979
vn -0.0000 0.2550 -0.9669
vn -0.0000 0.0644 -0.9979
vn -0.0000 0.4941 -0.8694
vn -0.0000 0.7015 -0.7127
vn -0.0000 0.8626 -0.5060
vn -0.0000 0.9649 -0.2627
vn -0.0000 0.9978 -0.0665
vn -0.0000 -0.9649 -0.2627
vn -0.0000 -0.9978 -0.0665
vn -0.0000 -0.8626 -0.5060
vn -0.0000 -0.7015 -0.7127
vn -0.0000 -0.4941 -0.8694
vn -0.0000 -0.2550 -0.9669
vn -0.0000 -0.0644 -0.9979
vn -0.0000 0.9978 0.0665
vn 0.0001 0.9978 -0.0665
vn -0.0000 -0.9978 0.0665
vn -0.0000 0.0644 0.9979
vn -0.0000 -0.2550 0.9669
vn -0.0000 -0.4941 0.8694
vn -0.0000 -0.7015 0.7127
vn -0.0000 -0.8626 0.5060
vn -0.0000 -0.0644 0.9979
vn -0.0000 -0.9649 0.2627
vn -0.0000 0.9649 0.2627
vn -0.0000 0.8626 0.5060
vn -0.0000 0.7015 0.7127
vn -0.0000 0.4941 0.8694
vn -0.0000 0.2550 0.9669
vn 1.0000 -0.0000 -0.0000
vn -1.0000 -0.0000 -0.0000
vn -0.0000 -1.0000 -0.0000
vn -0.0000 1.0000 -0.0000
vn -0.7345 0.4799 -0.4798
vn -0.7139 0.1366 -0.6868
vn -0.7139 0.6868 -0.1366
vn -0.7345 0.4798 -0.4798
vn -0.7345 0.4798 0.4798
vn -0.7139 0.1366 0.6868
vn -0.7139 0.6868 0.1366
vn -0.7345 -0.4798 0.4798
vn -0.7139 -0.6868 0.1366
vn -0.7139 -0.1366 0.6868
vn -0.7345 -0.4798 -0.4799
vn -0.7139 -0.6868 -0.1366
vn -0.7140 -0.1366 -0.6867
vn -0.7345 -0.4799 -0.4799
vn 0.7345 -0.4798 0.4798
vn 0.7139 -0.6868 0.1366
vn 0.7140 -0.1366 0.6867
vn 0.7345 0.4798 0.4798
vn 0.7139 0.6867 0.1366
vn 0.7139 0.1366 0.6868
vn 0.7345 0.4798 -0.4799
vn 0.7139 0.6868 -0.1366
vn 0.7140 0.1366 -0.6867
vn 0.7345 0.4799 -0.4799
vn 0.7345 -0.4798 -0.4798
vn 0.7139 -0.6868 -0.1366
vn 0.7139 -0.1366 -0.6868
vn 0.7139 -0.1366 0.6867
vn -0.0000 0.9808 -0.1951
vn -0.0000 0.9808 0.1951
vn -0.0000 -0.1951 -0.9808
vn -0.0000 0.1951 -0.9808
vn -0.0000 0.1951 0.9808
vn -0.0000 -0.1951 0.9808
vn -0.0000 -0.9808 0.1951
vn -0.0000 -0.9808 -0.1951
vn -0.9983 0.0583 -0.0000
vn -0.0000 -0.1305 -0.9914
vn -0.0000 -0.9914 -0.1305
vn -0.0000 -0.1305 0.9914
vn -0.0000 -0.9914 0.1305
vn -0.0000 0.1305 0.9914
vn -0.0000 0.9914 0.1305
vn -0.0000 0.1305 -0.9914
vn -0.0000 0.9914 -0.1305
vt 0.376762 0.309673
vt 0.374022 0.307867
vt 0.376482 0.307544
vt 0.377584 0.311658
vt 0.374470 0.310623
vt 0.378892 0.313362
vt 0.375616 0.313169
vt 0.380596 0.314670
vt 0.377382 0.315331
vt 0.382581 0.315492
vt 0.379647 0.316963
vt 0.384711 0.315773
vt 0.382257 0.317952
vt 0.382582 0.035081
vt 0.383959 0.029078
vt 0.384712 0.034801
vt 0.380598 0.035903
vt 0.380373 0.029748
vt 0.378893 0.037211
vt 0.377084 0.031324
vt 0.377586 0.038915
vt 0.374314 0.033697
vt 0.376763 0.040900
vt 0.372253 0.036706
vt 0.376483 0.043030
vt 0.371040 0.040147
vt 0.467370 0.034801
vt 0.384712 0.029028
vt 0.467370 0.029028
vt 0.470253 0.029358
vt 0.468123 0.029078
vt 0.473693 0.030570
vt 0.469500 0.035081
vt 0.471709 0.029748
vt 0.476703 0.032631
vt 0.471484 0.035903
vt 0.474999 0.031324
vt 0.479076 0.035401
vt 0.473189 0.037211
vt 0.477768 0.033697
vt 0.480652 0.038691
vt 0.474497 0.038915
vt 0.479830 0.036706
vt 0.481322 0.042276
vt 0.475319 0.040900
vt 0.481042 0.040147
vt 0.467370 0.318255
vt 0.384711 0.318254
vt 0.374001 0.118094
vt 0.370711 0.061725
vt 0.475599 0.043030
vt 0.478080 0.118093
vt 0.478080 0.174462
vt 0.469824 0.317953
vt 0.467370 0.315773
vt 0.469500 0.315493
vt 0.470449 0.317785
vt 0.471484 0.314671
vt 0.472434 0.316963
vt 0.472995 0.316639
vt 0.473189 0.313363
vt 0.474699 0.315332
vt 0.475157 0.314874
vt 0.474496 0.311659
vt 0.476465 0.313169
vt 0.476789 0.312608
vt 0.475319 0.309674
vt 0.477611 0.310624
vt 0.477779 0.309998
vt 0.475599 0.307544
vt 0.478059 0.307868
vt 0.591779 0.279884
vt 0.589584 0.277442
vt 0.592055 0.277764
vt 0.590806 0.282479
vt 0.589308 0.279562
vt 0.591613 0.280505
vt 0.589205 0.284733
vt 0.588501 0.281536
vt 0.590487 0.283039
vt 0.587080 0.286495
vt 0.587219 0.283230
vt 0.588749 0.285195
vt 0.584571 0.287642
vt 0.585550 0.284530
vt 0.586514 0.286826
vt 0.583939 0.287833
vt 0.581514 0.285621
vt 0.583607 0.285346
vt 0.584123 0.004458
vt 0.581676 0.006686
vt 0.582006 0.004173
vt 0.586723 0.005482
vt 0.583786 0.006965
vt 0.584766 0.004653
vt 0.588971 0.007136
vt 0.585743 0.007795
vt 0.587293 0.005819
vt 0.590713 0.009314
vt 0.587421 0.009112
vt 0.589426 0.007603
vt 0.591841 0.011871
vt 0.588708 0.010822
vt 0.591033 0.009879
vt 0.592184 0.014871
vt 0.589515 0.012814
vt 0.592069 0.012680
vt 0.500990 0.285511
vt 0.581511 0.288100
vt 0.500986 0.287990
vt 0.589652 0.144612
vt 0.589658 0.128278
vt 0.500950 0.004285
vt 0.581673 0.004201
vt 0.492937 0.144590
vt 0.492945 0.277356
vt 0.490458 0.277361
vt 0.493130 0.012829
vt 0.491634 0.009901
vt 0.493943 0.010852
vt 0.495233 0.009156
vt 0.495381 0.005882
vt 0.496910 0.007857
vt 0.492939 0.014948
vt 0.490574 0.012694
vt 0.493244 0.007644
vt 0.497900 0.004738
vt 0.498861 0.007043
vt 0.500630 0.004294
vt 0.500952 0.006770
vt 0.498585 0.287696
vt 0.498911 0.285235
vt 0.496013 0.286711
vt 0.496974 0.284422
vt 0.493784 0.285087
vt 0.495309 0.283127
vt 0.492050 0.282938
vt 0.494030 0.281438
vt 0.490924 0.280412
vt 0.493223 0.279470
vt 0.490481 0.277680
vt 0.474091 0.308495
vt 0.377991 0.042079
vt 0.377718 0.044190
vt 0.504730 0.277060
vt 0.506153 0.277298
vt 0.009605 0.711646
vt 0.007901 0.710338
vt 0.011442 0.706798
vt 0.200587 0.950569
vt 0.203896 0.863355
vt 0.203896 0.950569
vt 0.117430 0.860047
vt 0.200587 0.863355
vt 0.117430 0.863355
vt 0.114122 0.950569
vt 0.117430 0.950569
vt 0.117430 0.953878
vt 0.018413 0.595887
vt 0.018654 0.595306
vt 0.098656 0.623641
vt 0.005491 0.596129
vt 0.013719 0.572261
vt 0.013719 0.595306
vt 0.984205 0.144359
vt 0.983775 0.144789
vt 0.983716 0.144561
vt 0.984635 0.143929
vt 0.984394 0.144511
vt 0.984205 0.140158
vt 0.983775 0.139728
vt 0.984357 0.139969
vt 0.984635 0.140587
vt 0.984407 0.140646
vt 0.960248 0.140158
vt 0.959818 0.140587
vt 0.960059 0.140005
vt 0.960678 0.139728
vt 0.960737 0.139955
vt 0.960248 0.144359
vt 0.959818 0.143929
vt 0.960046 0.143870
vt 0.960678 0.144789
vt 0.960096 0.144548
vt 0.960248 0.160393
vt 0.959818 0.159963
vt 0.960046 0.159904
vt 0.960678 0.160823
vt 0.960096 0.160582
vt 0.984205 0.160393
vt 0.984635 0.159963
vt 0.984394 0.160545
vt 0.983775 0.160823
vt 0.983716 0.160595
vt 0.984205 0.156192
vt 0.984635 0.156622
vt 0.984407 0.156680
vt 0.983775 0.155762
vt 0.984357 0.156003
vt 0.960248 0.156192
vt 0.959818 0.156622
vt 0.960059 0.156040
vt 0.960678 0.155762
vt 0.960737 0.155989
vt 0.960704 0.144794
vt 0.960737 0.144561
vt 0.984640 0.143903
vt 0.984407 0.143870
vt 0.983749 0.139722
vt 0.983716 0.139955
vt 0.959813 0.140613
vt 0.960046 0.140646
vt 0.983716 0.155989
vt 0.960704 0.155757
vt 0.983749 0.155757
vt 0.959813 0.156648
vt 0.960046 0.156680
vt 0.960737 0.160595
vt 0.983749 0.160828
vt 0.960704 0.160828
vt 0.984407 0.159904
vt 0.984640 0.156648
vt 0.984640 0.159937
vt 0.986003 0.144496
vt 0.985762 0.145078
vt 0.986121 0.143903
vt 0.984640 0.140613
vt 0.986121 0.140613
vt 0.960704 0.146275
vt 0.983749 0.144794
vt 0.983749 0.146275
vt 0.984924 0.145916
vt 0.984342 0.146157
vt 0.984342 0.138359
vt 0.983749 0.138241
vt 0.960704 0.139722
vt 0.960704 0.138241
vt 0.985762 0.139439
vt 0.984394 0.140005
vt 0.960111 0.146157
vt 0.959529 0.145916
vt 0.958332 0.140613
vt 0.959813 0.143903
vt 0.958332 0.143903
vt 0.958691 0.145078
vt 0.958450 0.144496
vt 0.958450 0.140021
vt 0.959529 0.138600
vt 0.960096 0.139969
vt 0.958450 0.156055
vt 0.958332 0.156648
vt 0.959813 0.159937
vt 0.958332 0.159937
vt 0.959529 0.154634
vt 0.960096 0.156003
vt 0.983749 0.154275
vt 0.960704 0.154275
vt 0.960111 0.162192
vt 0.959529 0.161951
vt 0.960704 0.162309
vt 0.983749 0.162309
vt 0.958691 0.161112
vt 0.958450 0.160530
vt 0.984342 0.154393
vt 0.984924 0.154634
vt 0.986121 0.159937
vt 0.986121 0.156648
vt 0.985762 0.155473
vt 0.986003 0.156055
vt 0.986003 0.160530
vt 0.984924 0.161951
vt 0.984357 0.160582
vt 0.504690 0.201305
vt 0.504233 0.202974
vt 0.503575 0.201787
vt 0.579925 0.202572
vt 0.578303 0.203016
vt 0.578965 0.201822
vt 0.579452 0.204202
vt 0.581147 0.204727
vt 0.579727 0.205076
vt 0.502620 0.202534
vt 0.503095 0.204156
vt 0.501884 0.203517
vt 0.503573 0.203463
vt 0.577845 0.201339
vt 0.577483 0.202744
vt 0.580665 0.203559
vt 0.576425 0.201098
vt 0.576318 0.202655
vt 0.506211 0.202621
vt 0.505049 0.202705
vt 0.501406 0.204683
vt 0.502824 0.205028
vt 0.581381 0.206204
vt 0.502736 0.206257
vt 0.506105 0.201065
vt 0.501176 0.272197
vt 0.501173 0.206157
vt 0.502831 0.273324
vt 0.501411 0.273673
vt 0.502637 0.275831
vt 0.504263 0.275380
vt 0.503603 0.276580
vt 0.503107 0.274197
vt 0.503593 0.274891
vt 0.505090 0.275651
vt 0.506260 0.275740
vt 0.197076 0.942105
vt 0.578925 0.274980
vt 0.580629 0.274931
vt 0.579883 0.275921
vt 0.577791 0.277153
vt 0.578255 0.275472
vt 0.578917 0.276671
vt 0.579690 0.273406
vt 0.581112 0.273758
vt 0.581348 0.272279
vt 0.579783 0.272177
vt 0.576369 0.277391
vt 0.577430 0.275745
vt 0.120941 0.942105
vt 0.579817 0.206304
vt 0.005491 0.515069
vt 0.104607 0.458604
vt 0.104607 0.515069
vt 0.096378 0.431680
vt 0.100493 0.432783
vt 0.104607 0.439909
vt 0.121957 0.536542
vt 0.116500 0.537394
vt 0.116500 0.536542
vt 0.121957 0.537394
vt 0.116500 0.538246
vt 0.121957 0.539098
vt 0.116500 0.539098
vt 0.116500 0.579508
vt 0.121957 0.578656
vt 0.121957 0.579508
vt 0.116500 0.578656
vt 0.121957 0.577804
vt 0.116500 0.577804
vt 0.121957 0.576952
vt 0.121957 0.597873
vt 0.116500 0.598725
vt 0.116500 0.597873
vt 0.121957 0.599577
vt 0.116500 0.599577
vt 0.121957 0.600429
vt 0.116500 0.600429
vt 0.116500 0.518177
vt 0.121957 0.517325
vt 0.121957 0.518177
vt 0.116500 0.517325
vt 0.121957 0.516473
vt 0.116500 0.516473
vt 0.121957 0.515622
vt 0.541345 0.030011
vt 0.541128 0.029181
vt 0.121957 0.638283
vt 0.116500 0.638283
vt 0.582129 0.009933
vt 0.582351 0.010769
vt 0.116500 0.576952
vt 0.143614 0.576952
vt 0.141968 0.578598
vt 0.492937 0.128262
vt 0.581802 0.170053
vt 0.581237 0.169772
vt 0.581037 0.169174
vt 0.374302 0.309997
vt 0.375292 0.312608
vt 0.376924 0.314873
vt 0.379086 0.316639
vt 0.381632 0.317785
vt 0.384387 0.318233
vt 0.381829 0.029358
vt 0.378389 0.030570
vt 0.375379 0.032632
vt 0.373006 0.035401
vt 0.371431 0.038691
vt 0.370760 0.042277
vt 0.370711 0.043030
vt 0.374000 0.307544
vt 0.478080 0.199153
vt 0.478080 0.307544
vt 0.481371 0.043030
vt 0.481371 0.061724
vt 0.467694 0.318234
vt 0.581839 0.288114
vt 0.589702 0.014935
vt 0.592073 0.277444
vt 0.490458 0.014886
vt 0.490820 0.011879
vt 0.493703 0.007181
vt 0.491955 0.009340
vt 0.495949 0.005551
vt 0.498538 0.004566
vt 0.500663 0.287972
vt 0.497950 0.287524
vt 0.495449 0.286382
vt 0.493329 0.284626
vt 0.491731 0.282380
vt 0.490759 0.279794
vt 0.473289 0.310462
vt 0.474364 0.306384
vt 0.472014 0.312152
vt 0.470352 0.313448
vt 0.468417 0.314263
vt 0.466340 0.314541
vt 0.383664 0.314262
vt 0.385741 0.314540
vt 0.381729 0.313448
vt 0.380067 0.312151
vt 0.378792 0.310462
vt 0.377990 0.308495
vt 0.378793 0.040112
vt 0.380068 0.038422
vt 0.381730 0.037126
vt 0.383665 0.036311
vt 0.385742 0.036033
vt 0.468417 0.036311
vt 0.466340 0.036033
vt 0.470352 0.037126
vt 0.472014 0.038422
vt 0.473289 0.040112
vt 0.474091 0.042079
vt 0.474364 0.044190
vt 0.377717 0.306383
vt 0.501893 0.274844
vt 0.006593 0.708634
vt 0.005771 0.706649
vt 0.005491 0.704519
vt 0.098656 0.706798
vt 0.096378 0.712748
vt 0.098508 0.712468
vt 0.013720 0.712749
vt 0.011590 0.712468
vt 0.200587 0.860047
vt 0.114122 0.863355
vt 0.200587 0.953878
vt 0.103505 0.708634
vt 0.102197 0.710338
vt 0.100493 0.711646
vt 0.104607 0.704519
vt 0.104327 0.706649
vt 0.005491 0.571438
vt 0.014541 0.571438
vt 0.018413 0.571679
vt 0.017831 0.571438
vt 0.013960 0.571679
vt 0.018654 0.572261
vt 0.011442 0.623641
vt 0.013960 0.595887
vt 0.014541 0.596129
vt 0.017831 0.596129
vt 0.984357 0.144548
vt 0.960059 0.144511
vt 0.960059 0.160545
vt 0.984394 0.156040
vt 0.984924 0.138600
vt 0.986003 0.140021
vt 0.958691 0.139439
vt 0.960111 0.138359
vt 0.958691 0.155473
vt 0.960111 0.154393
vt 0.985762 0.161112
vt 0.984342 0.162192
vt 0.578969 0.203507
vt 0.502740 0.272096
vt 0.197076 0.871820
vt 0.579412 0.274283
vt 0.576264 0.275834
vt 0.196886 0.943529
vt 0.196886 0.870396
vt 0.196411 0.869268
vt 0.196411 0.944656
vt 0.195650 0.945632
vt 0.195650 0.868293
vt 0.194649 0.867538
vt 0.194649 0.946387
vt 0.193476 0.946865
vt 0.193476 0.867059
vt 0.191999 0.866868
vt 0.191999 0.947057
vt 0.126019 0.947057
vt 0.126019 0.866868
vt 0.124542 0.946865
vt 0.124542 0.867059
vt 0.123368 0.867538
vt 0.123368 0.946387
vt 0.122368 0.945632
vt 0.122368 0.868293
vt 0.121607 0.869269
vt 0.121607 0.944656
vt 0.121132 0.943529
vt 0.121132 0.870396
vt 0.120941 0.871820
vt 0.005491 0.458604
vt 0.005491 0.439909
vt 0.013720 0.431680
vt 0.005771 0.437780
vt 0.011590 0.431961
vt 0.006593 0.435795
vt 0.007901 0.434091
vt 0.009605 0.432783
vt 0.098508 0.431961
vt 0.102197 0.434091
vt 0.103505 0.435795
vt 0.104327 0.437780
vt 0.121957 0.538246
vt 0.121957 0.598725
vt 0.116500 0.515622
vt 0.542772 0.030840
vt 0.541944 0.030620
vt 0.542778 0.009124
vt 0.580690 0.009091
vt 0.582305 0.029183
vt 0.582094 0.030011
vt 0.541952 0.009351
vt 0.581488 0.030617
vt 0.580661 0.030842
vt 0.541346 0.009959
vt 0.541123 0.010788
vt 0.581521 0.009319
vt 0.123603 0.578598
vt 0.122780 0.578377
vt 0.122178 0.577775
vt 0.143614 0.539098
vt 0.122178 0.538275
vt 0.123603 0.537452
vt 0.122780 0.537673
vt 0.141968 0.537452
vt 0.142791 0.537673
vt 0.143393 0.538275
vt 0.143393 0.577775
vt 0.142791 0.578377
vt 0.577935 0.169811
vt 0.578512 0.170053
vt 0.577697 0.169226
vt 0.577708 0.146163
vt 0.577952 0.145577
vt 0.578536 0.145331
vt 0.581827 0.145330
vt 0.582408 0.145570
vt 0.582648 0.146151
s 1
usemtl MovingParts
f 664/1009/424 645/1010/425 659/1011/425
f 663/1012/426 650/1013/424 664/1009/424
f 662/1014/427 649/1015/426 663/1012/426
f 661/1016/428 648/1017/427 662/1014/427
f 660/1018/429 647/1019/428 661/1016/428
f 665/1020/430 646/1021/429 660/1018/429
f 674/1022/431 652/1023/432 673/1024/432
f 675/1025/433 657/1026/431 674/1022/431
f 676/1027/434 656/1028/433 675/1025/433
f 677/1029/435 655/1030/434 676/1027/434
f 678/1031/436 654/1032/435 677/1029/435
f 679/1033/437 653/1034/436 678/1031/436
f 680/1035/438 652/1036/432 637/1037/438
f 639/1038/439 680/1035/438 637/1039/438
f 640/1040/440 681/1041/439 639/1042/439
f 641/1043/441 682/1044/440 640/1045/440
f 642/1046/442 683/1047/441 641/1048/441
f 643/1049/443 684/1050/442 642/1051/442
f 638/1052/444 685/1053/443 643/1054/443
f 665/1020/430 631/1055/445 644/1056/430
f 885/1057/446 883/1058/446 679/1033/437
f 686/1059/444 884/1060/447 750/1061/447
f 636/1062/448 672/1063/445 671/1064/448
f 636/1065/448 666/1066/449 635/1067/449
f 635/1068/449 667/1069/450 634/1070/450
f 634/1071/450 668/1072/451 633/1073/451
f 633/1074/451 669/1075/452 632/1076/452
f 632/1077/452 670/1078/453 630/1079/453
f 705/1080/454 722/1081/455 693/1082/455
f 704/1083/456 723/1084/454 705/1085/454
f 703/1086/457 724/1087/456 704/1088/456
f 702/1089/458 658/1090/457 703/1091/457
f 701/1092/459 725/1093/458 702/1094/458
f 701/1095/459 727/1096/460 726/1097/459
f 708/1098/461 735/1099/462 700/1100/462
f 707/1101/463 736/1102/461 708/1103/461
f 706/1104/464 737/1105/463 707/1106/463
f 712/1107/465 738/1108/464 706/1109/464
f 713/1110/466 739/1111/465 712/1112/465
f 714/1113/467 740/1114/466 713/1115/466
f 721/1116/468 709/1117/469 692/1118/468
f 752/1119/447 918/1120/447 714/1113/467
f 735/1099/462 711/1121/470 700/1122/462
f 753/1123/446 716/1124/471 710/1125/471
f 733/1126/472 697/1127/473 732/1128/473
f 731/1129/474 695/1130/475 730/1131/475
f 734/1132/476 698/1133/472 733/1126/472
f 732/1128/473 696/1134/474 731/1129/474
f 730/1131/475 694/1135/477 728/1136/477
f 728/1136/477 711/1137/470 729/1138/470
f 721/1116/468 691/1139/478 720/1140/478
f 720/1140/478 690/1141/479 719/1142/479
f 719/1142/479 689/1143/480 718/1144/480
f 718/1144/480 688/1145/481 717/1146/481
f 717/1146/481 687/1147/482 715/1148/482
f 715/1148/482 710/1149/471 716/1124/471
f 705/1150/483 670/1078/483 669/1075/483
f 679/1033/483 698/1151/483 699/1152/483
f 864/1153/483 863/1154/483 721/1116/483
s 0
f 635/1155/484 634/1156/484 744/1157/484
s 1
f 747/1158/485 743/1159/485 744/1160/485
f 745/1161/447 746/1162/447 748/1163/447
f 742/1164/486 748/1163/486 749/1165/486
f 747/1158/446 742/1166/446 749/1165/446
s 0
f 759/1167/484 758/1168/484 745/1169/484
f 751/1170/484 761/1171/484 754/1172/484
s 1
f 782/1173/487 781/1174/488 780/1175/488
f 782/1173/487 779/1176/489 783/1177/490
f 788/1178/491 785/1179/492 789/1180/491
f 788/1178/491 787/1181/493 786/1182/493
f 800/1183/494 797/1184/495 801/1185/494
f 800/1183/494 799/1186/496 798/1187/496
f 794/1188/497 793/1189/498 792/1190/498
f 794/1188/497 791/1191/499 795/1192/500
f 812/1193/501 811/1194/502 810/1195/502
f 812/1193/501 809/1196/503 813/1197/501
f 824/1198/504 821/1199/505 825/1200/504
f 824/1198/504 823/1201/506 822/1202/506
f 818/1203/507 817/1204/508 816/1205/508
f 818/1203/507 815/1206/509 819/1207/510
f 806/1208/511 803/1209/512 807/1210/511
f 806/1208/511 805/1211/513 804/1212/513
f 780/1175/488 791/1213/499 790/1214/499
f 786/1182/493 779/1215/489 778/1216/489
f 798/1187/496 785/1217/492 784/1218/492
f 792/1190/498 797/1219/495 796/1220/495
f 814/1221/509 805/1222/513 815/1223/509
f 810/1195/502 803/1224/512 802/1225/512
f 808/1226/514 823/1227/506 809/1228/503
f 820/1229/505 817/1230/508 821/1231/505
f 784/1218/484 778/1216/484 780/1175/484
f 783/1177/450 755/1232/515 756/1233/450
f 755/1234/515 787/1235/516 757/1236/516
f 761/1237/517 781/1238/518 754/1239/518
f 781/1174/518 756/1240/450 754/1241/518
f 758/1242/519 789/1180/427 785/1179/519
f 758/1243/519 799/1244/520 763/1245/520
f 759/1246/427 787/1181/516 789/1247/427
f 795/1192/441 761/1248/517 762/1249/441
f 764/1250/521 793/1251/522 760/1252/522
f 793/1189/522 762/1253/441 760/1254/522
f 764/1255/521 801/1185/434 797/1184/521
f 765/1256/434 799/1186/520 801/1257/434
f 808/1226/483 802/1225/483 804/1212/483
f 767/1258/522 807/1210/441 803/1209/522
f 767/1259/522 811/1260/521 769/1261/521
f 768/1262/441 805/1211/517 807/1263/441
f 773/1264/518 805/1222/517 766/1265/517
f 813/1197/434 770/1266/520 771/1267/434
f 770/1268/520 823/1227/519 775/1269/519
f 811/1194/521 771/1270/434 769/1271/521
f 819/1207/450 773/1272/518 774/1273/450
f 776/1274/516 817/1230/515 772/1275/515
f 817/1204/515 774/1276/450 772/1277/515
f 776/1278/516 825/1200/427 821/1199/516
f 777/1279/427 823/1201/519 825/1280/427
f 837/1281/459 839/1282/458 838/1283/458
f 846/1284/480 844/1285/479 845/1286/479
f 850/1287/481 849/1288/482 848/1289/482
f 833/1290/457 835/1291/456 834/1292/456
f 833/1290/457 839/1282/458 832/1293/457
f 852/1294/478 844/1285/479 853/1295/478
f 850/1287/481 846/1284/480 851/1296/481
f 842/1297/468 853/1295/478 843/1298/468
f 837/1281/459 831/1299/460 836/1300/459
f 827/1301/454 835/1291/456 826/1302/454
f 841/1303/471 848/1289/482 849/1288/482
f 829/1304/455 827/1301/454 826/1302/454
f 842/1297/468 831/1299/460 830/1305/460
f 829/1304/455 860/1306/467 828/1307/455
f 860/1306/467 858/1308/466 859/1309/466
f 856/1310/464 854/1311/463 855/1312/463
f 856/1310/464 866/1313/465 857/1314/464
f 864/1153/461 854/1311/463 865/1315/461
f 862/1316/462 864/1153/461 865/1315/461
f 866/1313/465 859/1309/466 858/1308/466
f 875/1317/484 746/1162/484 747/1158/484
f 880/1318/474 878/1319/473 881/1320/474
f 872/1321/477 870/1322/475 871/1323/475
f 878/1319/473 876/1324/472 877/1325/472
f 868/1326/476 876/1324/472 869/1327/476
f 871/1323/475 880/1318/474 881/1320/474
f 862/1316/462 874/1328/470 863/1154/462
f 874/1328/470 873/1329/477 872/1321/477
f 843/1330/484 749/1165/484 748/1163/484
f 868/1326/476 840/1331/471 841/1303/471
s 0
f 884/1332/523 883/1333/523 885/1334/523
f 652/1335/484 656/1336/484 651/1337/484
s 1
f 911/1338/524 896/1339/442 894/1340/524
f 913/1341/442 897/1342/440 896/1339/442
f 897/1342/440 910/1343/525 895/1344/525
f 899/1345/526 916/1346/435 914/1347/526
f 901/1348/435 917/1349/433 916/1346/435
f 900/1350/433 915/1351/527 917/1349/433
f 907/1352/528 892/1353/426 890/1354/528
f 892/1353/426 908/1355/428 893/1356/428
f 893/1356/428 906/1357/529 891/1358/529
f 887/1359/530 904/1360/451 902/1361/530
f 889/1362/451 905/1363/449 904/1360/451
f 888/1364/449 903/1365/531 905/1363/449
f 894/1340/524 902/1361/530 911/1338/524
f 896/1366/483 734/1132/483 894/1367/483
f 891/1358/529 903/1368/531 886/1369/531
f 892/1370/483 738/1108/483 890/1371/483
f 890/1354/528 914/1347/526 907/1352/528
f 895/1344/525 915/1351/527 898/1372/527
f 906/1373/483 907/1374/483 915/1351/483
f 830/1305/483 837/1281/483 753/1123/483
f 919/1375/483 752/1119/483 753/1123/483
f 772/1376/483 774/1377/484 773/1378/484
f 664/1009/424 650/1379/424 645/1010/425
f 663/1012/426 649/1380/426 650/1013/424
f 662/1014/427 648/1381/427 649/1015/426
f 661/1016/428 647/1382/428 648/1017/427
f 660/1018/429 646/1383/429 647/1019/428
f 665/1020/430 644/1384/430 646/1021/429
f 674/1022/431 657/1385/431 652/1023/432
f 675/1025/433 656/1386/433 657/1026/431
f 676/1027/434 655/1387/434 656/1028/433
f 677/1029/435 654/1388/435 655/1030/434
f 678/1031/436 653/1389/436 654/1032/435
f 679/1033/437 651/1390/437 653/1034/436
f 680/1035/438 673/1024/432 652/1036/432
f 639/1038/439 681/1041/439 680/1035/438
f 640/1040/440 682/1044/440 681/1041/439
f 641/1043/441 683/1047/441 682/1044/440
f 642/1046/442 684/1050/442 683/1047/441
f 643/1049/443 685/1053/443 684/1050/442
f 638/1052/444 686/1059/444 685/1053/443
f 665/1020/430 672/1063/445 631/1055/445
f 883/1058/446 651/1391/437 679/1033/437
f 679/1033/437 659/1011/425 885/1057/446
f 659/1011/425 645/1392/425 885/1057/446
f 751/1393/447 630/1394/453 670/1078/453
f 686/1059/444 638/1395/444 882/1396/447
f 686/1059/444 882/1396/447 884/1060/447
f 751/1393/447 670/1078/453 750/1061/447
f 670/1078/453 686/1059/444 750/1061/447
f 636/1062/448 631/1397/445 672/1063/445
f 636/1065/448 671/1064/448 666/1066/449
f 635/1068/449 666/1066/449 667/1069/450
f 634/1071/450 667/1069/450 668/1072/451
f 633/1074/451 668/1072/451 669/1075/452
f 632/1077/452 669/1075/452 670/1078/453
f 705/1080/454 723/1084/454 722/1081/455
f 704/1083/456 724/1087/456 723/1084/454
f 703/1086/457 658/1090/457 724/1087/456
f 702/1089/458 725/1093/458 658/1090/457
f 701/1092/459 726/1097/459 725/1093/458
f 701/1095/459 709/1398/469 727/1096/460
f 708/1098/461 736/1102/461 735/1099/462
f 707/1101/463 737/1105/463 736/1102/461
f 706/1104/464 738/1108/464 737/1105/463
f 712/1107/465 739/1111/465 738/1108/464
f 713/1110/466 740/1114/466 739/1111/465
f 714/1113/467 741/1399/467 740/1114/466
f 721/1116/468 727/1096/460 709/1117/469
f 714/1113/467 693/1400/455 752/1119/447
f 693/1400/455 722/1081/455 752/1119/447
f 918/1120/447 741/1399/467 714/1113/467
f 735/1099/462 729/1138/470 711/1121/470
f 710/1125/471 699/1401/476 753/1123/446
f 699/1401/476 734/1132/476 919/1375/446
f 699/1401/476 919/1375/446 753/1123/446
f 733/1126/472 698/1402/472 697/1127/473
f 731/1129/474 696/1403/474 695/1130/475
f 734/1132/476 699/1401/476 698/1133/472
f 732/1128/473 697/1404/473 696/1134/474
f 730/1131/475 695/1405/475 694/1135/477
f 728/1136/477 694/1406/477 711/1137/470
f 721/1116/468 692/1407/468 691/1139/478
f 720/1140/478 691/1408/478 690/1141/479
f 719/1142/479 690/1409/479 689/1143/480
f 718/1144/480 689/1410/480 688/1145/481
f 717/1146/481 688/1411/481 687/1147/482
f 715/1148/482 687/1412/482 710/1149/471
f 669/1075/483 668/1072/483 704/1413/483
f 705/1150/483 693/1414/483 670/1078/483
f 669/1075/483 704/1413/483 705/1150/483
f 703/1415/483 704/1413/483 668/1072/483
f 668/1072/483 667/1069/483 703/1415/483
f 667/1069/483 666/1066/483 703/1415/483
f 666/1066/483 671/1064/483 702/1416/483
f 671/1064/483 672/1063/483 701/1417/483
f 672/1063/483 665/1020/483 709/1418/483
f 665/1020/483 660/1018/483 691/1419/483
f 709/1418/483 665/1020/483 692/1420/483
f 660/1018/483 661/1016/483 690/1421/483
f 661/1016/483 662/1014/483 689/1422/483
f 690/1421/483 661/1016/483 689/1422/483
f 662/1014/483 663/1012/483 689/1422/483
f 663/1012/483 664/1009/483 688/1423/483
f 689/1422/483 663/1012/483 688/1423/483
f 664/1009/483 659/1011/483 687/1424/483
f 659/1011/483 679/1033/483 699/1152/483
f 679/1033/483 678/1031/483 698/1151/483
f 678/1031/483 677/1029/483 697/1425/483
f 677/1029/483 676/1027/483 696/1426/483
f 676/1027/483 675/1025/483 696/1426/483
f 675/1025/483 674/1022/483 695/1427/483
f 674/1022/483 673/1024/483 694/1428/483
f 673/1024/483 680/1035/483 711/1429/483
f 680/1035/483 681/1041/483 708/1430/483
f 711/1429/483 680/1035/483 700/1431/483
f 681/1041/483 682/1044/483 707/1432/483
f 682/1044/483 683/1047/483 706/1433/483
f 683/1047/483 684/1050/483 706/1433/483
f 684/1050/483 685/1053/483 712/1434/483
f 685/1053/483 686/1059/483 713/1435/483
f 686/1059/483 670/1078/483 714/1436/483
f 670/1078/483 693/1414/483 714/1436/483
f 686/1059/483 714/1436/483 713/1435/483
f 682/1044/483 706/1433/483 707/1432/483
f 684/1050/483 712/1434/483 706/1433/483
f 674/1022/483 694/1428/483 695/1427/483
f 678/1031/483 697/1425/483 698/1151/483
f 671/1064/483 701/1417/483 702/1416/483
f 702/1416/483 703/1415/483 666/1066/483
f 685/1053/483 713/1435/483 712/1434/483
f 709/1418/483 701/1417/483 672/1063/483
f 692/1420/483 665/1020/483 691/1419/483
f 681/1041/483 707/1432/483 708/1430/483
f 690/1421/483 691/1419/483 660/1018/483
f 708/1430/483 700/1431/483 680/1035/483
f 673/1024/483 711/1429/483 694/1428/483
f 687/1424/483 688/1423/483 664/1009/483
f 675/1025/483 695/1427/483 696/1426/483
f 710/1437/483 687/1424/483 659/1011/483
f 699/1152/483 710/1437/483 659/1011/483
f 677/1029/483 696/1426/483 697/1425/483
f 871/1323/483 881/1320/483 726/1097/483
f 881/1320/483 658/1090/483 725/1093/483
f 725/1093/483 726/1097/483 881/1320/483
f 726/1097/483 727/1096/483 871/1323/483
f 727/1096/483 721/1116/483 874/1328/483
f 721/1116/483 720/1140/483 855/1312/483
f 720/1140/483 719/1142/483 856/1310/483
f 855/1312/483 720/1140/483 856/1310/483
f 719/1142/483 718/1144/483 856/1310/483
f 718/1144/483 717/1146/483 856/1310/483
f 717/1146/483 715/1148/483 856/1310/483
f 715/1148/483 716/1124/483 867/1438/483
f 856/1310/483 715/1148/483 867/1438/483
f 727/1096/483 874/1328/483 872/1321/483
f 721/1116/483 855/1312/483 864/1153/483
f 872/1321/483 871/1323/483 727/1096/483
f 874/1328/483 721/1116/483 863/1154/483
s 0
f 634/1156/484 633/1439/484 744/1157/484
f 633/1439/484 632/1440/484 744/1157/484
f 632/1440/484 630/1441/484 744/1157/484
f 744/1157/484 743/1442/484 644/1443/484
f 743/1442/484 646/1444/484 644/1443/484
f 644/1443/484 631/1445/484 744/1157/484
f 631/1445/484 636/1446/484 744/1157/484
f 636/1446/484 635/1155/484 744/1157/484
s 1
f 747/1158/485 746/1162/485 743/1159/485
f 745/1161/447 743/1447/447 746/1162/447
f 742/1164/486 745/1448/486 748/1163/486
f 747/1158/446 744/1449/446 742/1166/446
s 0
f 649/1450/484 648/1451/484 743/1442/484
f 648/1451/484 647/1452/484 743/1442/484
f 647/1452/484 646/1444/484 743/1442/484
f 743/1442/484 745/1169/484 645/1453/484
f 650/1454/484 743/1442/484 645/1453/484
f 650/1454/484 649/1450/484 743/1442/484
f 885/1334/484 645/1453/484 745/1169/484
f 750/1455/484 884/1332/484 760/1456/484
f 884/1332/484 885/1334/484 765/1457/484
f 760/1456/484 884/1332/484 764/1458/484
f 762/1459/484 761/1171/484 750/1455/484
f 760/1456/484 762/1459/484 750/1455/484
f 764/1458/484 884/1332/484 765/1457/484
f 885/1334/484 745/1169/484 763/1460/484
f 745/1169/484 742/1461/484 759/1167/484
f 742/1461/484 744/1157/484 630/1441/484
f 751/1170/484 754/1172/484 756/1462/484
f 751/1170/484 756/1462/484 755/1463/484
f 742/1461/484 630/1441/484 751/1170/484
f 763/1460/484 765/1457/484 885/1334/484
f 742/1461/484 751/1170/484 755/1463/484
f 742/1461/484 755/1463/484 757/1464/484
f 758/1168/484 763/1460/484 745/1169/484
f 742/1461/484 757/1464/484 759/1167/484
f 751/1170/484 750/1455/484 761/1171/484
s 1
f 782/1173/487 783/1465/490 781/1174/488
f 782/1173/487 778/1216/489 779/1176/489
f 788/1178/491 784/1218/492 785/1179/492
f 788/1178/491 789/1247/491 787/1181/493
f 800/1183/494 796/1220/495 797/1184/495
f 800/1183/494 801/1257/494 799/1186/496
f 794/1188/497 795/1466/500 793/1189/498
f 794/1188/497 790/1214/499 791/1191/499
f 812/1193/501 813/1467/501 811/1194/502
f 812/1193/501 808/1226/514 809/1196/503
f 824/1198/504 820/1229/505 821/1199/505
f 824/1198/504 825/1280/504 823/1201/506
f 818/1203/507 819/1468/510 817/1204/508
f 818/1203/507 814/1221/509 815/1206/509
f 806/1208/511 802/1225/512 803/1209/512
f 806/1208/511 807/1263/511 805/1211/513
f 780/1175/488 781/1238/488 791/1213/499
f 786/1182/493 787/1235/493 779/1215/489
f 798/1187/496 799/1244/496 785/1217/492
f 792/1190/498 793/1251/498 797/1219/495
f 814/1221/509 804/1212/513 805/1222/513
f 810/1195/502 811/1260/502 803/1224/512
f 808/1226/514 822/1202/506 823/1227/506
f 820/1229/505 816/1205/508 817/1230/508
f 798/1187/484 784/1218/484 780/1175/484
f 784/1218/484 788/1178/484 786/1182/484
f 778/1216/484 784/1218/484 786/1182/484
f 778/1216/484 782/1173/484 780/1175/484
f 780/1175/484 790/1214/484 798/1187/484
f 790/1214/484 794/1188/484 792/1190/484
f 798/1187/484 790/1214/484 796/1220/484
f 792/1190/484 796/1220/484 790/1214/484
f 796/1220/484 800/1183/484 798/1187/484
f 783/1177/450 779/1176/515 755/1232/515
f 755/1234/515 779/1215/515 787/1235/516
f 761/1237/517 791/1213/517 781/1238/518
f 781/1174/518 783/1465/450 756/1240/450
f 758/1242/519 759/1469/427 789/1180/427
f 758/1243/519 785/1217/519 799/1244/520
f 759/1246/427 757/1470/516 787/1181/516
f 795/1192/441 791/1191/517 761/1248/517
f 764/1250/521 797/1219/521 793/1251/522
f 793/1189/522 795/1466/441 762/1253/441
f 764/1255/521 765/1471/434 801/1185/434
f 765/1256/434 763/1472/520 799/1186/520
f 822/1202/483 808/1226/483 804/1212/483
f 808/1226/483 812/1193/483 810/1195/483
f 802/1225/483 808/1226/483 810/1195/483
f 802/1225/483 806/1208/483 804/1212/483
f 804/1212/483 814/1221/483 822/1202/483
f 814/1221/483 818/1203/483 816/1205/483
f 822/1202/483 814/1221/483 820/1229/483
f 816/1205/483 820/1229/483 814/1221/483
f 820/1229/483 824/1198/483 822/1202/483
f 767/1258/522 768/1473/441 807/1210/441
f 767/1259/522 803/1224/522 811/1260/521
f 768/1262/441 766/1474/517 805/1211/517
f 773/1264/518 815/1223/518 805/1222/517
f 813/1197/434 809/1196/520 770/1266/520
f 770/1268/520 809/1228/520 823/1227/519
f 811/1194/521 813/1467/434 771/1270/434
f 819/1207/450 815/1206/518 773/1272/518
f 776/1274/516 821/1231/516 817/1230/515
f 817/1204/515 819/1468/450 774/1276/450
f 776/1278/516 777/1475/427 825/1200/427
f 777/1279/427 775/1476/519 823/1201/519
f 837/1281/459 836/1300/459 839/1282/458
f 846/1284/480 847/1477/480 844/1285/479
f 850/1287/481 851/1296/481 849/1288/482
f 833/1290/457 832/1293/457 835/1291/456
f 833/1290/457 838/1283/458 839/1282/458
f 852/1294/478 845/1286/479 844/1285/479
f 850/1287/481 847/1477/480 846/1284/480
f 842/1297/468 852/1294/478 853/1295/478
f 837/1281/459 830/1305/460 831/1299/460
f 827/1301/454 834/1292/456 835/1291/456
f 841/1303/471 840/1331/471 848/1289/482
f 829/1304/455 828/1307/455 827/1301/454
f 842/1297/468 843/1298/468 831/1299/460
f 829/1304/455 861/1478/467 860/1306/467
f 860/1306/467 861/1478/467 858/1308/466
f 856/1310/464 857/1314/464 854/1311/463
f 856/1310/464 867/1438/465 866/1313/465
f 864/1153/461 855/1312/463 854/1311/463
f 862/1316/462 863/1154/462 864/1153/461
f 866/1313/465 867/1438/465 859/1309/466
f 875/1317/484 862/1479/484 746/1162/484
f 880/1318/474 879/1480/473 878/1319/473
f 872/1321/477 873/1329/477 870/1322/475
f 878/1319/473 879/1480/473 876/1324/472
f 868/1326/476 877/1325/472 876/1324/472
f 871/1323/475 870/1322/475 880/1318/474
f 862/1316/462 875/1481/470 874/1328/470
f 874/1328/470 875/1481/470 873/1329/477
f 873/1482/484 875/1317/484 747/1158/484
f 746/1162/484 862/1479/484 865/1483/484
f 746/1162/484 865/1483/484 854/1484/484
f 870/1485/484 873/1482/484 747/1158/484
f 880/1486/484 870/1485/484 747/1158/484
f 746/1162/484 854/1484/484 857/1487/484
f 746/1162/484 857/1487/484 866/1488/484
f 879/1489/484 880/1486/484 747/1158/484
f 876/1490/484 879/1489/484 747/1158/484
f 746/1162/484 866/1488/484 858/1491/484
f 746/1162/484 858/1491/484 861/1492/484
f 869/1493/484 876/1490/484 747/1158/484
f 840/1494/484 869/1493/484 747/1158/484
f 748/1163/484 746/1162/484 829/1495/484
f 746/1162/484 861/1492/484 829/1495/484
f 840/1494/484 747/1158/484 749/1165/484
f 848/1496/484 840/1494/484 749/1165/484
f 748/1163/484 829/1495/484 826/1497/484
f 748/1163/484 826/1497/484 835/1498/484
f 850/1499/484 848/1496/484 749/1165/484
f 847/1500/484 850/1499/484 749/1165/484
f 748/1163/484 835/1498/484 832/1501/484
f 748/1163/484 832/1501/484 839/1502/484
f 844/1503/484 847/1500/484 749/1165/484
f 853/1504/484 844/1503/484 749/1165/484
f 748/1163/484 839/1502/484 836/1505/484
f 748/1163/484 836/1505/484 831/1506/484
f 843/1330/484 853/1504/484 749/1165/484
f 748/1163/484 831/1506/484 843/1330/484
f 868/1326/476 869/1327/476 840/1331/471
s 0
f 884/1332/523 882/1507/523 883/1333/523
f 651/1337/484 883/1333/484 652/1335/484
f 883/1333/484 882/1507/484 652/1335/484
f 882/1507/484 638/1508/484 637/1509/484
f 638/1508/484 643/1510/484 639/1511/484
f 643/1510/484 642/1512/484 641/1513/484
f 641/1513/484 640/1514/484 639/1511/484
f 639/1511/484 637/1509/484 638/1508/484
f 637/1509/484 652/1335/484 882/1507/484
f 652/1335/484 657/1515/484 656/1336/484
f 656/1336/484 655/1516/484 651/1337/484
f 655/1516/484 654/1517/484 651/1337/484
f 654/1517/484 653/1518/484 651/1337/484
f 643/1510/484 641/1513/484 639/1511/484
s 1
f 911/1338/524 913/1341/442 896/1339/442
f 913/1341/442 912/1519/440 897/1342/440
f 897/1342/440 912/1519/440 910/1343/525
f 899/1345/526 901/1348/435 916/1346/435
f 901/1348/435 900/1350/433 917/1349/433
f 900/1350/433 898/1372/527 915/1351/527
f 907/1352/528 909/1520/426 892/1353/426
f 892/1353/426 909/1520/426 908/1355/428
f 893/1356/428 908/1355/428 906/1357/529
f 887/1359/530 889/1362/451 904/1360/451
f 889/1362/451 888/1364/449 905/1363/449
f 888/1364/449 886/1521/531 903/1365/531
f 894/1340/524 887/1359/530 902/1361/530
f 918/1120/483 919/1375/483 895/1522/483
f 919/1375/483 734/1132/483 897/1523/483
f 734/1132/483 733/1126/483 729/1138/483
f 733/1126/483 732/1128/483 729/1138/483
f 732/1128/483 731/1129/483 729/1138/483
f 731/1129/483 730/1131/483 729/1138/483
f 730/1131/483 728/1136/483 729/1138/483
f 729/1138/483 735/1099/483 886/1524/483
f 735/1099/483 736/1102/483 891/1525/483
f 886/1524/483 735/1099/483 891/1525/483
f 736/1102/483 737/1105/483 891/1525/483
f 737/1105/483 738/1108/483 891/1525/483
f 899/1526/483 741/1399/483 901/1527/483
f 741/1399/483 918/1120/483 901/1527/483
f 919/1375/483 897/1523/483 895/1522/483
f 897/1523/483 734/1132/483 896/1366/483
f 729/1138/483 886/1524/483 888/1528/483
f 900/1529/483 901/1527/483 918/1120/483
f 898/1530/483 900/1529/483 918/1120/483
f 729/1138/483 888/1528/483 889/1531/483
f 729/1138/483 889/1531/483 887/1532/483
f 895/1522/483 898/1530/483 918/1120/483
f 729/1138/483 887/1532/483 894/1367/483
f 729/1138/483 894/1367/483 734/1132/483
f 891/1358/529 906/1357/529 903/1368/531
f 893/1533/483 891/1525/483 738/1108/483
f 738/1108/483 739/1111/483 890/1371/483
f 739/1111/483 740/1114/483 890/1371/483
f 740/1114/483 741/1399/483 890/1371/483
f 741/1399/483 899/1526/483 890/1371/483
f 893/1533/483 738/1108/483 892/1370/483
f 890/1354/528 899/1345/526 914/1347/526
f 895/1344/525 910/1343/525 915/1351/527
f 907/1374/483 914/1534/483 915/1351/483
f 914/1534/483 916/1535/483 915/1351/483
f 916/1535/483 917/1536/483 915/1351/483
f 915/1351/483 910/1343/483 903/1537/483
f 910/1343/483 912/1538/483 911/1539/483
f 912/1538/483 913/1540/483 911/1539/483
f 911/1539/483 902/1541/483 903/1537/483
f 902/1541/483 904/1542/483 903/1537/483
f 904/1542/483 905/1543/483 903/1537/483
f 903/1537/483 906/1373/483 915/1351/483
f 906/1373/483 908/1544/483 907/1374/483
f 908/1544/483 909/1545/483 907/1374/483
f 910/1343/483 911/1539/483 903/1537/483
f 772/1376/483 752/1119/483 849/1288/483
f 752/1119/483 722/1081/483 841/1303/483
f 722/1081/483 723/1084/483 878/1319/483
f 723/1084/483 724/1087/483 881/1320/483
f 878/1319/483 723/1084/483 881/1320/483
f 724/1087/483 658/1090/483 881/1320/483
f 752/1119/483 841/1303/483 849/1288/483
f 841/1303/483 722/1081/483 868/1326/483
f 753/1123/483 777/1546/483 830/1305/483
f 777/1546/483 776/1547/483 842/1297/483
f 830/1305/483 777/1546/483 842/1297/483
f 776/1547/483 772/1376/483 852/1294/483
f 878/1319/483 877/1325/483 722/1081/483
f 877/1325/483 868/1326/483 722/1081/483
f 859/1309/483 867/1438/483 716/1124/483
f 860/1306/483 859/1309/483 716/1124/483
f 860/1306/483 716/1124/483 828/1307/483
f 716/1124/483 753/1123/483 828/1307/483
f 772/1376/483 849/1288/483 851/1296/483
f 772/1376/483 851/1296/483 846/1284/483
f 827/1301/483 828/1307/483 753/1123/483
f 834/1292/483 827/1301/483 753/1123/483
f 772/1376/483 846/1284/483 845/1286/483
f 772/1376/483 845/1286/483 852/1294/483
f 833/1290/483 834/1292/483 753/1123/483
f 838/1283/483 833/1290/483 753/1123/483
f 776/1547/483 852/1294/483 842/1297/483
f 837/1281/483 838/1283/483 753/1123/483
f 919/1375/483 918/1120/483 752/1119/483
f 775/1548/483 777/1546/483 753/1123/483
f 770/1549/483 775/1548/483 753/1123/483
f 771/1550/483 770/1549/483 753/1123/483
f 769/1551/483 771/1550/483 753/1123/483
f 767/1552/483 769/1551/483 752/1119/483
f 769/1551/483 753/1123/483 752/1119/483
f 768/1553/483 767/1552/483 752/1119/483
f 766/1554/483 768/1553/483 752/1119/483
f 766/1554/483 752/1119/483 772/1376/483
f 773/1378/484 766/1554/483 772/1376/483
o SwivelHandle.018
v 1.454919 2.926490 5.715075
v 1.454919 2.923561 5.722146
v 1.454919 2.916490 5.725075
v 1.454919 2.909419 5.722146
v 1.454919 2.906490 5.715075
v 1.454919 2.909419 5.708004
v 1.454919 2.916490 5.705074
v 1.454919 2.923561 5.708004
v 1.434919 2.923561 5.722146
v 1.434919 2.916490 5.725075
v 1.434919 2.909419 5.722146
v 1.424919 2.925486 5.715264
v 1.425919 2.926490 5.715075
v 1.425212 2.926196 5.715130
v 1.425919 2.906490 5.715075
v 1.424919 2.907494 5.715264
v 1.425212 2.906784 5.715130
v 1.424919 2.910184 5.708769
v 1.425919 2.909419 5.708004
v 1.425212 2.909643 5.708228
v 1.424919 2.916490 5.706157
v 1.425919 2.916490 5.705074
v 1.425212 2.916490 5.705391
v 1.424919 2.922796 5.708769
v 1.425919 2.923561 5.708004
v 1.425212 2.923337 5.708228
v 1.433916 2.926490 5.715075
v 1.434919 2.925465 5.717548
v 1.435919 2.926490 5.715075
v 1.434625 2.926190 5.715799
v 1.434919 2.907515 5.717548
v 1.433916 2.906490 5.715075
v 1.435919 2.906490 5.715075
v 1.434625 2.906790 5.715799
v 1.424919 2.922568 5.871746
v 1.425919 2.923561 5.872146
v 1.425212 2.923270 5.872028
v 1.424919 2.916490 5.874066
v 1.425919 2.916490 5.875074
v 1.425212 2.916490 5.874779
v 1.424919 2.910412 5.871746
v 1.425919 2.909419 5.872146
v 1.425212 2.909709 5.872028
v 1.429919 2.922569 5.871745
v 1.428919 2.923561 5.872146
v 1.429626 2.923270 5.872028
v 1.429919 2.916490 5.874066
v 1.428919 2.916490 5.875074
v 1.429626 2.916490 5.874779
v 1.429919 2.910411 5.871745
v 1.428919 2.909419 5.872146
v 1.429626 2.909709 5.872028
v 1.429919 2.912020 5.873481
v 1.428919 2.911532 5.874425
v 1.429626 2.911675 5.874149
v 1.429919 2.920960 5.873481
v 1.428919 2.921448 5.874425
v 1.429626 2.921305 5.874149
v 1.428919 2.907959 5.797124
v 1.429919 2.908954 5.797145
v 1.429626 2.908249 5.797139
v 1.428919 2.925020 5.797124
v 1.429919 2.924025 5.797145
v 1.429626 2.924731 5.797139
v 1.430660 2.907226 5.756049
v 1.431433 2.908297 5.761410
v 1.431300 2.907538 5.757645
v 1.430660 2.925753 5.756049
v 1.431433 2.924663 5.761409
v 1.431300 2.925436 5.757644
v 1.424919 2.920960 5.873481
v 1.425919 2.921448 5.874425
v 1.425212 2.921305 5.874149
v 1.424919 2.912020 5.873481
v 1.425919 2.911532 5.874425
v 1.425212 2.911675 5.874149
vn 0.7688 -0.0000 0.6395
vn -0.0000 -0.7071 0.7071
vn -0.0000 -0.0000 1.0000
vn 0.7359 0.5020 0.4543
vn -0.0000 0.7071 0.7071
vn 0.0511 0.9896 -0.1348
vn 0.1906 0.9478 0.2555
vn -0.0000 1.0000 -0.0000
vn 0.4854 0.8303 0.2738
vn 0.4855 -0.8302 0.2738
vn 0.1906 -0.9478 0.2555
vn -0.0000 -1.0000 -0.0000
vn 0.0511 -0.9896 -0.1348
vn -0.1941 -0.9639 -0.1826
vn -0.6824 -0.5169 -0.5169
vn -0.1994 -0.6929 -0.6929
vn -0.6883 -0.7128 -0.1349
vn -0.9744 -0.1590 -0.1590
vn -0.6824 -0.0000 -0.7310
vn -0.1994 -0.0000 -0.9799
vn -0.9744 -0.0000 -0.2248
vn -0.6824 0.5169 -0.5169
vn -0.1995 0.6929 -0.6929
vn -0.9744 0.1590 -0.1590
vn -0.1941 0.9639 -0.1826
vn -0.6883 0.7128 -0.1349
vn -0.9765 0.2116 -0.0400
vn -0.6826 -0.6778 0.2732
vn -0.9746 -0.2078 0.0837
vn -0.9765 -0.2116 -0.0400
vn -0.1975 0.4498 0.8710
vn -0.6826 0.6778 0.2732
vn -0.6828 0.3352 0.6491
vn -0.9746 0.2078 0.0837
vn -0.9747 0.1025 0.1985
vn -0.1935 -0.0000 0.9811
vn -0.6828 -0.3352 0.6491
vn -0.1975 -0.4498 0.8710
vn -0.6937 -0.0000 0.7202
vn -0.9747 -0.1025 0.1985
vn 0.1975 -0.4498 0.8710
vn 0.6826 -0.6777 0.2734
vn 0.6828 -0.3352 0.6491
vn 0.9746 -0.2077 0.0838
vn 0.9747 -0.1025 0.1985
vn 0.1935 -0.0000 0.9811
vn 0.6828 0.3352 0.6491
vn 0.1975 0.4498 0.8710
vn 0.6937 -0.0000 0.7202
vn 0.9747 0.1025 0.1985
vn 0.7021 -0.7115 0.0283
vn 0.9803 -0.1960 0.0245
vn 0.1805 -0.9833 0.0224
vn -0.1982 0.9091 0.3664
vn 0.1697 0.9852 0.0228
vn 0.6826 0.6777 0.2734
vn 0.7021 0.7115 0.0283
vn 0.9746 0.2077 0.0838
vn 0.9803 0.1961 0.0244
vn 0.9779 -0.0000 0.2090
vn 0.1981 0.9091 0.3665
vn 0.6401 -0.7662 0.0572
vn 0.1762 -0.9839 0.0306
vn 0.9765 -0.2072 0.0595
vn 0.1793 0.9833 0.0308
vn 0.6458 0.7614 0.0576
vn 0.9772 0.2036 0.0595
vn -0.9779 -0.0000 0.2090
vn -0.1983 -0.9090 0.3665
vn -0.0000 -0.7071 -0.7071
vn -0.0000 -0.0000 -1.0000
vn -0.0000 0.7071 -0.7071
vn 0.7360 -0.5019 0.4543
vn 0.1982 -0.9090 0.3667
vt 0.968517 0.309333
vt 0.967245 0.306006
vt 0.968518 0.306006
vt 0.959606 0.309333
vt 0.958332 0.306006
vt 0.959605 0.306006
vt 0.960879 0.309500
vt 0.960748 0.309382
vt 0.960879 0.309166
vt 0.960434 0.309333
vt 0.966416 0.309333
vt 0.966102 0.309382
vt 0.965971 0.309166
vt 0.965971 0.309500
vt 0.965969 0.310832
vt 0.964696 0.310956
vt 0.964697 0.310828
vt 0.960117 0.115036
vt 0.959000 0.115548
vt 0.958909 0.115442
vt 0.963425 0.310957
vt 0.963425 0.310828
vt 0.958478 0.116585
vt 0.958332 0.116576
vt 0.962154 0.310956
vt 0.962153 0.310828
vt 0.958865 0.117680
vt 0.958761 0.117773
vt 0.960881 0.310832
vt 0.960892 0.310961
vt 0.959910 0.118327
vt 0.959941 0.118197
vt 0.960121 0.114903
vt 0.986426 0.117289
vt 0.986342 0.117351
vt 0.960131 0.115169
vt 0.986616 0.119132
vt 0.986296 0.119357
vt 0.986538 0.119082
vt 0.986221 0.119285
vt 0.986455 0.119030
vt 0.986829 0.118352
vt 0.986630 0.117592
vt 0.986714 0.117552
vt 0.986716 0.118345
vt 0.986542 0.117633
vt 0.987144 0.117352
vt 0.986782 0.116755
vt 0.987281 0.117279
vt 0.987183 0.116464
vt 0.986743 0.116624
vt 0.987069 0.116386
vt 0.987345 0.118384
vt 0.987148 0.119475
vt 0.987019 0.119385
vt 0.987392 0.115655
vt 0.987252 0.114868
vt 0.987381 0.114819
vt 0.973981 0.115466
vt 0.974005 0.115334
vt 0.973959 0.115598
vt 0.959897 0.118460
vt 0.986360 0.119418
vt 0.973707 0.119474
vt 0.986587 0.119940
vt 0.973706 0.119604
vt 0.974367 0.112666
vt 0.986990 0.114560
vt 0.974350 0.112793
vt 0.987507 0.118394
vt 0.987261 0.115639
vt 0.986527 0.119821
vt 0.987057 0.114438
vt 0.960672 0.113393
vt 0.967348 0.114589
vt 0.960364 0.113469
vt 0.967071 0.114690
vt 0.960233 0.113573
vt 0.967994 0.114541
vt 0.966773 0.119513
vt 0.959966 0.119940
vt 0.959848 0.119807
vt 0.967831 0.111573
vt 0.961180 0.110443
vt 0.960920 0.110254
vt 0.967039 0.119640
vt 0.968428 0.111815
vt 0.986603 0.118338
vt 0.986498 0.117237
vt 0.964698 0.306005
vt 0.963425 0.306005
vt 0.962152 0.306005
vt 0.961882 0.110892
vt 0.967244 0.309333
vt 0.965972 0.306006
vt 0.961484 0.113218
vt 0.986710 0.116863
vt 0.962166 0.112142
vt 0.958333 0.309333
vt 0.965958 0.310961
vt 0.960878 0.306006
s 1
usemtl Chrome
f 929/1555/532 923/1556/533 922/1557/534
f 928/1558/535 922/1559/534 921/1560/536
f 946/1561/537 949/1562/538 948/1563/539
f 949/1562/538 947/1564/540 948/1563/539
f 950/1565/541 953/1566/542 952/1567/543
f 953/1566/542 951/1568/544 952/1567/543
f 934/1569/545 939/1570/546 938/1571/547
f 936/1572/548 937/1573/549 939/1574/546
f 938/1571/547 942/1575/550 941/1576/551
f 939/1574/546 940/1577/552 942/1578/550
f 941/1576/551 945/1579/553 944/1580/554
f 942/1578/550 943/1581/555 945/1582/553
f 932/1583/556 945/1579/553 933/1584/557
f 933/1585/557 943/1581/555 931/1586/558
f 934/1587/545 962/1588/559 936/1572/548
f 936/1572/548 960/1589/560 935/1590/561
f 991/1591/562 956/1592/563 992/1593/564
f 992/1593/564 954/1594/565 990/1595/566
f 958/1596/567 995/1597/568 994/1598/569
f 959/1599/570 993/1600/571 995/1597/568
f 973/1601/572 971/1602/573 974/1603/574
f 974/1604/574 969/1605/575 972/1606/576
f 967/1607/577 977/1608/578 976/1609/579
f 968/1610/580 975/1611/581 977/1612/578
f 969/1605/575 980/1613/582 979/1614/583
f 971/1602/573 978/1615/584 980/1613/582
f 932/1616/556 956/1592/563 955/1617/585
f 933/1585/557 954/1594/565 956/1592/563
f 981/1618/586 965/1619/587 983/1620/588
f 983/1621/588 963/1622/589 982/1623/590
f 967/1607/577 974/1603/574 968/1624/580
f 968/1610/580 972/1606/576 966/1625/591
f 976/1609/579 965/1619/587 964/1626/592
f 977/1612/578 963/1622/589 965/1627/587
f 950/1628/541 986/1629/593 953/1630/542
f 953/1630/542 984/1631/594 951/1632/544
f 985/1633/595 980/1613/582 986/1629/593
f 986/1629/593 978/1615/584 984/1631/594
f 987/1634/596 949/1635/538 946/1636/537
f 989/1637/597 947/1638/540 949/1639/538
f 981/1618/586 989/1640/597 987/1634/596
f 983/1621/588 988/1641/598 989/1637/597
f 958/1596/567 992/1593/564 959/1599/570
f 959/1599/570 990/1595/566 957/1642/599
f 994/1598/569 962/1588/559 961/1643/600
f 995/1597/568 960/1589/560 962/1588/559
f 932/1616/556 964/1626/592 981/1618/586
f 944/1580/554 946/1561/537 948/1563/539
f 957/1642/599 943/1581/555 937/1573/549
f 934/1587/545 978/1615/584 961/1643/600
f 951/1568/544 938/1571/547 925/1644/601
f 938/1571/547 926/1645/602 925/1644/601
f 941/1576/551 927/1646/603 926/1645/602
f 948/1563/539 928/1558/535 921/1560/536
f 928/1647/535 947/1638/540 988/1641/598
f 930/1648/604 952/1567/543 924/1649/543
f 950/1628/541 930/1650/604 985/1633/595
f 955/1617/585 976/1609/579 964/1626/592
f 958/1596/567 973/1601/572 967/1607/577
f 991/1591/562 967/1607/577 976/1609/579
f 994/1598/569 970/1651/605 973/1601/572
f 982/1623/590 975/1611/581 972/1606/576
f 988/1641/598 979/1614/583 985/1633/595
f 930/1650/604 929/1652/532 985/1633/595
f 985/1633/595 929/1652/532 988/1641/598
f 929/1652/532 928/1647/535 988/1641/598
f 929/1555/532 930/1648/604 923/1556/533
f 928/1558/535 929/1653/532 922/1559/534
f 934/1569/545 936/1654/548 939/1570/546
f 936/1572/548 935/1590/561 937/1573/549
f 938/1571/547 939/1570/546 942/1575/550
f 939/1574/546 937/1573/549 940/1577/552
f 941/1576/551 942/1575/550 945/1579/553
f 942/1578/550 940/1577/552 943/1581/555
f 932/1583/556 944/1580/554 945/1579/553
f 933/1585/557 945/1582/553 943/1581/555
f 934/1587/545 961/1643/600 962/1588/559
f 936/1572/548 962/1588/559 960/1589/560
f 991/1591/562 955/1617/585 956/1592/563
f 992/1593/564 956/1592/563 954/1594/565
f 958/1596/567 959/1599/570 995/1597/568
f 959/1599/570 957/1642/599 993/1600/571
f 973/1601/572 970/1651/605 971/1602/573
f 974/1604/574 971/1602/573 969/1605/575
f 967/1607/577 968/1624/580 977/1608/578
f 968/1610/580 966/1625/591 975/1611/581
f 969/1605/575 971/1602/573 980/1613/582
f 971/1602/573 970/1651/605 978/1615/584
f 932/1616/556 933/1585/557 956/1592/563
f 933/1585/557 931/1586/558 954/1594/565
f 981/1618/586 964/1626/592 965/1619/587
f 983/1621/588 965/1627/587 963/1622/589
f 967/1607/577 973/1601/572 974/1603/574
f 968/1610/580 974/1604/574 972/1606/576
f 976/1609/579 977/1608/578 965/1619/587
f 977/1612/578 975/1611/581 963/1622/589
f 950/1628/541 985/1633/595 986/1629/593
f 953/1630/542 986/1629/593 984/1631/594
f 985/1633/595 979/1614/583 980/1613/582
f 986/1629/593 980/1613/582 978/1615/584
f 987/1634/596 989/1640/597 949/1635/538
f 989/1637/597 988/1641/598 947/1638/540
f 981/1618/586 983/1620/588 989/1640/597
f 983/1621/588 982/1623/590 988/1641/598
f 958/1596/567 991/1591/562 992/1593/564
f 959/1599/570 992/1593/564 990/1595/566
f 994/1598/569 995/1597/568 962/1588/559
f 995/1597/568 993/1600/571 960/1589/560
f 987/1634/596 946/1636/537 932/1616/556
f 932/1616/556 955/1617/585 964/1626/592
f 981/1618/586 987/1634/596 932/1616/556
f 920/1655/539 927/1646/603 944/1580/554
f 944/1580/554 932/1583/556 946/1561/537
f 948/1563/539 920/1655/539 944/1580/554
f 937/1573/549 935/1590/561 960/1589/560
f 960/1589/560 993/1600/571 957/1642/599
f 957/1642/599 990/1595/566 954/1594/565
f 954/1594/565 931/1586/558 943/1581/555
f 943/1581/555 940/1577/552 937/1573/549
f 937/1573/549 960/1589/560 957/1642/599
f 957/1642/599 954/1594/565 943/1581/555
f 934/1587/545 951/1632/544 984/1631/594
f 978/1615/584 970/1651/605 961/1643/600
f 934/1587/545 984/1631/594 978/1615/584
f 925/1644/601 924/1649/543 952/1567/543
f 951/1568/544 934/1569/545 938/1571/547
f 925/1644/601 952/1567/543 951/1568/544
f 938/1571/547 941/1576/551 926/1645/602
f 941/1576/551 944/1580/554 927/1646/603
f 921/1560/536 920/1655/539 948/1563/539
f 948/1563/539 947/1564/540 928/1558/535
f 924/1649/543 923/1556/533 930/1648/604
f 930/1648/604 950/1565/541 952/1567/543
f 955/1617/585 991/1591/562 976/1609/579
f 958/1596/567 994/1598/569 973/1601/572
f 991/1591/562 958/1596/567 967/1607/577
f 994/1598/569 961/1643/600 970/1651/605
f 969/1605/575 979/1614/583 982/1623/590
f 982/1623/590 963/1622/589 975/1611/581
f 975/1611/581 966/1625/591 972/1606/576
f 972/1606/576 969/1605/575 982/1623/590
f 988/1641/598 982/1623/590 979/1614/583
o SwivelHandle.019
v 1.505074 2.906490 5.715075
v 1.505074 2.909419 5.722146
v 1.505074 2.916490 5.725075
v 1.505074 2.923561 5.722146
v 1.505074 2.926490 5.715075
v 1.505074 2.923561 5.708004
v 1.505074 2.916490 5.705074
v 1.505074 2.909419 5.708004
v 1.525074 2.909419 5.722146
v 1.525074 2.916490 5.725075
v 1.525074 2.923561 5.722146
v 1.535074 2.907494 5.715264
v 1.534074 2.906490 5.715075
v 1.534781 2.906784 5.715130
v 1.534074 2.926490 5.715075
v 1.535074 2.925486 5.715264
v 1.534781 2.926196 5.715130
v 1.535074 2.922796 5.708769
v 1.534074 2.923561 5.708004
v 1.534781 2.923337 5.708228
v 1.535074 2.916490 5.706157
v 1.534074 2.916490 5.705074
v 1.534781 2.916490 5.705391
v 1.535074 2.910184 5.708769
v 1.534074 2.909419 5.708004
v 1.534781 2.909643 5.708228
v 1.526078 2.906490 5.715075
v 1.525074 2.907515 5.717548
v 1.524074 2.906490 5.715075
v 1.525368 2.906790 5.715799
v 1.525074 2.925465 5.717548
v 1.526078 2.926490 5.715075
v 1.524074 2.926490 5.715075
v 1.525368 2.926190 5.715799
v 1.535074 2.910412 5.871746
v 1.534074 2.909419 5.872146
v 1.534781 2.909709 5.872028
v 1.535074 2.916490 5.874066
v 1.534074 2.916490 5.875074
v 1.534781 2.916490 5.874779
v 1.535074 2.922568 5.871746
v 1.534074 2.923561 5.872146
v 1.534781 2.923270 5.872028
v 1.530074 2.910411 5.871745
v 1.531074 2.909419 5.872146
v 1.530367 2.909709 5.872028
v 1.530074 2.916490 5.874066
v 1.531074 2.916490 5.875074
v 1.530367 2.916490 5.874779
v 1.530074 2.922569 5.871745
v 1.531074 2.923561 5.872146
v 1.530367 2.923270 5.872028
v 1.530074 2.920960 5.873481
v 1.531074 2.921448 5.874425
v 1.530367 2.921305 5.874149
v 1.530074 2.912020 5.873481
v 1.531074 2.911532 5.874425
v 1.530367 2.911675 5.874149
v 1.531074 2.925020 5.797124
v 1.530074 2.924025 5.797145
v 1.530367 2.924731 5.797139
v 1.531074 2.907959 5.797124
v 1.530074 2.908954 5.797145
v 1.530367 2.908249 5.797139
v 1.529334 2.925753 5.756049
v 1.528560 2.924683 5.761410
v 1.528694 2.925442 5.757645
v 1.529334 2.907226 5.756049
v 1.528560 2.908317 5.761409
v 1.528694 2.907544 5.757644
v 1.535074 2.912020 5.873481
v 1.534074 2.911532 5.874425
v 1.534781 2.911675 5.874149
v 1.535074 2.920960 5.873481
v 1.534074 2.921448 5.874425
v 1.534781 2.921305 5.874149
vn -0.7688 -0.0000 0.6395
vn -0.0000 0.7071 0.7071
vn -0.0000 -0.0000 1.0000
vn -0.7359 -0.5020 0.4543
vn -0.0000 -0.7071 0.7071
vn -0.0511 -0.9896 -0.1348
vn -0.1906 -0.9478 0.2555
vn -0.0000 -1.0000 -0.0000
vn -0.4854 -0.8303 0.2738
vn -0.4855 0.8302 0.2738
vn -0.1906 0.9478 0.2555
vn -0.0000 1.0000 -0.0000
vn -0.0511 0.9896 -0.1348
vn 0.1941 0.9639 -0.1826
vn 0.6824 0.5169 -0.5169
vn 0.1994 0.6929 -0.6929
vn 0.6883 0.7128 -0.1349
vn 0.9744 0.1590 -0.1590
vn 0.6824 -0.0000 -0.7310
vn 0.1994 -0.0000 -0.9799
vn 0.9744 -0.0000 -0.2248
vn 0.6824 -0.5169 -0.5169
vn 0.1995 -0.6929 -0.6929
vn 0.9744 -0.1590 -0.1590
vn 0.1941 -0.9639 -0.1826
vn 0.6883 -0.7128 -0.1349
vn 0.9765 -0.2116 -0.0400
vn 0.6826 0.6778 0.2732
vn 0.9746 0.2078 0.0837
vn 0.9765 0.2116 -0.0400
vn 0.1975 -0.4498 0.8710
vn 0.6826 -0.6778 0.2732
vn 0.6828 -0.3352 0.6491
vn 0.9746 -0.2078 0.0837
vn 0.9747 -0.1025 0.1985
vn 0.1935 -0.0000 0.9811
vn 0.6828 0.3352 0.6491
vn 0.1975 0.4498 0.8710
vn 0.6937 -0.0000 0.7202
vn 0.9747 0.1025 0.1985
vn -0.1975 0.4498 0.8710
vn -0.6826 0.6777 0.2734
vn -0.6828 0.3352 0.6491
vn -0.9746 0.2077 0.0838
vn -0.9747 0.1025 0.1985
vn -0.1935 -0.0000 0.9811
vn -0.6828 -0.3352 0.6491
vn -0.1975 -0.4498 0.8710
vn -0.6937 -0.0000 0.7202
vn -0.9747 -0.1025 0.1985
vn -0.7021 0.7115 0.0283
vn -0.9803 0.1960 0.0245
vn -0.1805 0.9833 0.0224
vn 0.1982 -0.9091 0.3664
vn -0.1697 -0.9852 0.0228
vn -0.6826 -0.6777 0.2734
vn -0.7021 -0.7115 0.0283
vn -0.9746 -0.2077 0.0838
vn -0.9803 -0.1961 0.0244
vn -0.9779 -0.0000 0.2090
vn -0.1981 -0.9091 0.3665
vn -0.6401 0.7662 0.0572
vn -0.1762 0.9839 0.0306
vn -0.9765 0.2072 0.0595
vn -0.1793 -0.9833 0.0308
vn -0.6458 -0.7614 0.0576
vn -0.9772 -0.2036 0.0595
vn 0.9779 -0.0000 0.2090
vn 0.1983 0.9090 0.3665
vn -0.0000 0.7071 -0.7071
vn -0.0000 -0.0000 -1.0000
vn -0.0000 -0.7071 -0.7071
vn -0.7360 0.5019 0.4543
vn -0.1982 0.9090 0.3667
vt 0.968517 0.309333
vt 0.967245 0.306006
vt 0.968518 0.306006
vt 0.959606 0.309333
vt 0.958332 0.306006
vt 0.959605 0.306006
vt 0.960879 0.309500
vt 0.960748 0.309382
vt 0.960879 0.309166
vt 0.960434 0.309333
vt 0.966416 0.309333
vt 0.966102 0.309382
vt 0.965971 0.309166
vt 0.965971 0.309500
vt 0.965969 0.310832
vt 0.964696 0.310956
vt 0.964697 0.310828
vt 0.960117 0.115036
vt 0.959000 0.115548
vt 0.958909 0.115442
vt 0.963425 0.310957
vt 0.963425 0.310828
vt 0.958478 0.116585
vt 0.958332 0.116576
vt 0.962154 0.310956
vt 0.962153 0.310828
vt 0.958865 0.117680
vt 0.958761 0.117773
vt 0.960881 0.310832
vt 0.960892 0.310961
vt 0.959910 0.118327
vt 0.959941 0.118197
vt 0.960121 0.114903
vt 0.986426 0.117289
vt 0.986342 0.117351
vt 0.960131 0.115169
vt 0.986616 0.119132
vt 0.986296 0.119357
vt 0.986538 0.119082
vt 0.986221 0.119285
vt 0.986455 0.119030
vt 0.986829 0.118352
vt 0.986630 0.117592
vt 0.986714 0.117552
vt 0.986716 0.118345
vt 0.986542 0.117633
vt 0.987144 0.117352
vt 0.986782 0.116755
vt 0.987281 0.117279
vt 0.987183 0.116464
vt 0.986743 0.116624
vt 0.987069 0.116386
vt 0.987345 0.118384
vt 0.987148 0.119475
vt 0.987019 0.119385
vt 0.987392 0.115655
vt 0.987252 0.114868
vt 0.987381 0.114819
vt 0.973981 0.115466
vt 0.974005 0.115334
vt 0.973959 0.115598
vt 0.959897 0.118460
vt 0.986360 0.119418
vt 0.973707 0.119474
vt 0.986587 0.119940
vt 0.973706 0.119604
vt 0.974367 0.112666
vt 0.986990 0.114560
vt 0.974350 0.112793
vt 0.987507 0.118394
vt 0.987261 0.115639
vt 0.986527 0.119821
vt 0.987057 0.114438
vt 0.960672 0.113393
vt 0.967348 0.114589
vt 0.960364 0.113469
vt 0.967071 0.114690
vt 0.960233 0.113573
vt 0.967994 0.114541
vt 0.966773 0.119513
vt 0.959966 0.119940
vt 0.959848 0.119807
vt 0.967831 0.111573
vt 0.961180 0.110443
vt 0.960920 0.110254
vt 0.967039 0.119640
vt 0.968428 0.111815
vt 0.986603 0.118338
vt 0.986498 0.117237
vt 0.964698 0.306005
vt 0.963425 0.306005
vt 0.962152 0.306005
vt 0.961882 0.110892
vt 0.967244 0.309333
vt 0.965972 0.306006
vt 0.961484 0.113218
vt 0.986710 0.116863
vt 0.962166 0.112142
vt 0.958333 0.309333
vt 0.965958 0.310961
vt 0.960878 0.306006
s 1
usemtl Chrome
f 1005/1656/606 999/1657/607 998/1658/608
f 1004/1659/609 998/1660/608 997/1661/610
f 1022/1662/611 1025/1663/612 1024/1664/613
f 1025/1663/612 1023/1665/614 1024/1664/613
f 1026/1666/615 1029/1667/616 1028/1668/617
f 1029/1667/616 1027/1669/618 1028/1668/617
f 1010/1670/619 1015/1671/620 1014/1672/621
f 1012/1673/622 1013/1674/623 1015/1675/620
f 1014/1672/621 1018/1676/624 1017/1677/625
f 1015/1675/620 1016/1678/626 1018/1679/624
f 1017/1677/625 1021/1680/627 1020/1681/628
f 1018/1679/624 1019/1682/629 1021/1683/627
f 1008/1684/630 1021/1680/627 1009/1685/631
f 1009/1686/631 1019/1682/629 1007/1687/632
f 1010/1688/619 1038/1689/633 1012/1673/622
f 1012/1673/622 1036/1690/634 1011/1691/635
f 1067/1692/636 1032/1693/637 1068/1694/638
f 1068/1694/638 1030/1695/639 1066/1696/640
f 1034/1697/641 1071/1698/642 1070/1699/643
f 1035/1700/644 1069/1701/645 1071/1698/642
f 1049/1702/646 1047/1703/647 1050/1704/648
f 1050/1705/648 1045/1706/649 1048/1707/650
f 1043/1708/651 1053/1709/652 1052/1710/653
f 1044/1711/654 1051/1712/655 1053/1713/652
f 1045/1706/649 1056/1714/656 1055/1715/657
f 1047/1703/647 1054/1716/658 1056/1714/656
f 1008/1717/630 1032/1693/637 1031/1718/659
f 1009/1686/631 1030/1695/639 1032/1693/637
f 1057/1719/660 1041/1720/661 1059/1721/662
f 1059/1722/662 1039/1723/663 1058/1724/664
f 1043/1708/651 1050/1704/648 1044/1725/654
f 1044/1711/654 1048/1707/650 1042/1726/665
f 1052/1710/653 1041/1720/661 1040/1727/666
f 1053/1713/652 1039/1723/663 1041/1728/661
f 1026/1729/615 1062/1730/667 1029/1731/616
f 1029/1731/616 1060/1732/668 1027/1733/618
f 1061/1734/669 1056/1714/656 1062/1730/667
f 1062/1730/667 1054/1716/658 1060/1732/668
f 1063/1735/670 1025/1736/612 1022/1737/611
f 1065/1738/671 1023/1739/614 1025/1740/612
f 1057/1719/660 1065/1741/671 1063/1735/670
f 1059/1722/662 1064/1742/672 1065/1738/671
f 1034/1697/641 1068/1694/638 1035/1700/644
f 1035/1700/644 1066/1696/640 1033/1743/673
f 1070/1699/643 1038/1689/633 1037/1744/674
f 1071/1698/642 1036/1690/634 1038/1689/633
f 1008/1717/630 1040/1727/666 1057/1719/660
f 1020/1681/628 1022/1662/611 1024/1664/613
f 1033/1743/673 1019/1682/629 1013/1674/623
f 1010/1688/619 1054/1716/658 1037/1744/674
f 1027/1669/618 1014/1672/621 1001/1745/675
f 1014/1672/621 1002/1746/676 1001/1745/675
f 1017/1677/625 1003/1747/677 1002/1746/676
f 1024/1664/613 1004/1659/609 997/1661/610
f 1004/1748/609 1023/1739/614 1064/1742/672
f 1006/1749/678 1028/1668/617 1000/1750/617
f 1026/1729/615 1006/1751/678 1061/1734/669
f 1031/1718/659 1052/1710/653 1040/1727/666
f 1034/1697/641 1049/1702/646 1043/1708/651
f 1067/1692/636 1043/1708/651 1052/1710/653
f 1070/1699/643 1046/1752/679 1049/1702/646
f 1058/1724/664 1051/1712/655 1048/1707/650
f 1064/1742/672 1055/1715/657 1061/1734/669
f 1006/1751/678 1005/1753/606 1061/1734/669
f 1061/1734/669 1005/1753/606 1064/1742/672
f 1005/1753/606 1004/1748/609 1064/1742/672
f 1005/1656/606 1006/1749/678 999/1657/607
f 1004/1659/609 1005/1754/606 998/1660/608
f 1010/1670/619 1012/1755/622 1015/1671/620
f 1012/1673/622 1011/1691/635 1013/1674/623
f 1014/1672/621 1015/1671/620 1018/1676/624
f 1015/1675/620 1013/1674/623 1016/1678/626
f 1017/1677/625 1018/1676/624 1021/1680/627
f 1018/1679/624 1016/1678/626 1019/1682/629
f 1008/1684/630 1020/1681/628 1021/1680/627
f 1009/1686/631 1021/1683/627 1019/1682/629
f 1010/1688/619 1037/1744/674 1038/1689/633
f 1012/1673/622 1038/1689/633 1036/1690/634
f 1067/1692/636 1031/1718/659 1032/1693/637
f 1068/1694/638 1032/1693/637 1030/1695/639
f 1034/1697/641 1035/1700/644 1071/1698/642
f 1035/1700/644 1033/1743/673 1069/1701/645
f 1049/1702/646 1046/1752/679 1047/1703/647
f 1050/1705/648 1047/1703/647 1045/1706/649
f 1043/1708/651 1044/1725/654 1053/1709/652
f 1044/1711/654 1042/1726/665 1051/1712/655
f 1045/1706/649 1047/1703/647 1056/1714/656
f 1047/1703/647 1046/1752/679 1054/1716/658
f 1008/1717/630 1009/1686/631 1032/1693/637
f 1009/1686/631 1007/1687/632 1030/1695/639
f 1057/1719/660 1040/1727/666 1041/1720/661
f 1059/1722/662 1041/1728/661 1039/1723/663
f 1043/1708/651 1049/1702/646 1050/1704/648
f 1044/1711/654 1050/1705/648 1048/1707/650
f 1052/1710/653 1053/1709/652 1041/1720/661
f 1053/1713/652 1051/1712/655 1039/1723/663
f 1026/1729/615 1061/1734/669 1062/1730/667
f 1029/1731/616 1062/1730/667 1060/1732/668
f 1061/1734/669 1055/1715/657 1056/1714/656
f 1062/1730/667 1056/1714/656 1054/1716/658
f 1063/1735/670 1065/1741/671 1025/1736/612
f 1065/1738/671 1064/1742/672 1023/1739/614
f 1057/1719/660 1059/1721/662 1065/1741/671
f 1059/1722/662 1058/1724/664 1064/1742/672
f 1034/1697/641 1067/1692/636 1068/1694/638
f 1035/1700/644 1068/1694/638 1066/1696/640
f 1070/1699/643 1071/1698/642 1038/1689/633
f 1071/1698/642 1069/1701/645 1036/1690/634
f 1063/1735/670 1022/1737/611 1008/1717/630
f 1008/1717/630 1031/1718/659 1040/1727/666
f 1057/1719/660 1063/1735/670 1008/1717/630
f 996/1756/613 1003/1747/677 1020/1681/628
f 1020/1681/628 1008/1684/630 1022/1662/611
f 1024/1664/613 996/1756/613 1020/1681/628
f 1013/1674/623 1011/1691/635 1036/1690/634
f 1036/1690/634 1069/1701/645 1033/1743/673
f 1033/1743/673 1066/1696/640 1030/1695/639
f 1030/1695/639 1007/1687/632 1019/1682/629
f 1019/1682/629 1016/1678/626 1013/1674/623
f 1013/1674/623 1036/1690/634 1033/1743/673
f 1033/1743/673 1030/1695/639 1019/1682/629
f 1010/1688/619 1027/1733/618 1060/1732/668
f 1054/1716/658 1046/1752/679 1037/1744/674
f 1010/1688/619 1060/1732/668 1054/1716/658
f 1001/1745/675 1000/1750/617 1028/1668/617
f 1027/1669/618 1010/1670/619 1014/1672/621
f 1001/1745/675 1028/1668/617 1027/1669/618
f 1014/1672/621 1017/1677/625 1002/1746/676
f 1017/1677/625 1020/1681/628 1003/1747/677
f 997/1661/610 996/1756/613 1024/1664/613
f 1024/1664/613 1023/1665/614 1004/1659/609
f 1000/1750/617 999/1657/607 1006/1749/678
f 1006/1749/678 1026/1666/615 1028/1668/617
f 1031/1718/659 1067/1692/636 1052/1710/653
f 1034/1697/641 1070/1699/643 1049/1702/646
f 1067/1692/636 1034/1697/641 1043/1708/651
f 1070/1699/643 1037/1744/674 1046/1752/679
f 1045/1706/649 1055/1715/657 1058/1724/664
f 1058/1724/664 1039/1723/663 1051/1712/655
f 1051/1712/655 1042/1726/665 1048/1707/650
f 1048/1707/650 1045/1706/649 1058/1724/664
f 1064/1742/672 1058/1724/664 1055/1715/657
o SwivelHandle.020
v 1.461920 2.066490 5.722320
v 1.461920 2.069419 5.729391
v 1.461920 2.076490 5.732320
v 1.461920 2.083561 5.729391
v 1.461920 2.086490 5.722320
v 1.461920 2.083561 5.715249
v 1.461920 2.076490 5.712319
v 1.461920 2.069419 5.715249
v 1.481920 2.069419 5.729391
v 1.481920 2.076490 5.732320
v 1.481920 2.083561 5.729391
v 1.491920 2.067494 5.722509
v 1.490920 2.066490 5.722320
v 1.491627 2.066784 5.722375
v 1.490920 2.086490 5.722320
v 1.491920 2.085486 5.722509
v 1.491627 2.086196 5.722375
v 1.491920 2.082796 5.716014
v 1.490920 2.083561 5.715249
v 1.491627 2.083337 5.715473
v 1.491920 2.076490 5.713402
v 1.490920 2.076490 5.712319
v 1.491627 2.076490 5.712636
v 1.491920 2.070184 5.716014
v 1.490920 2.069419 5.715249
v 1.491627 2.069643 5.715473
v 1.482923 2.066490 5.722320
v 1.481920 2.067515 5.724793
v 1.480920 2.066490 5.722320
v 1.482214 2.066790 5.723044
v 1.481920 2.085465 5.724793
v 1.482923 2.086490 5.722320
v 1.480920 2.086490 5.722320
v 1.482214 2.086190 5.723044
v 1.491920 2.070412 5.878991
v 1.490920 2.069419 5.879391
v 1.491627 2.069710 5.879273
v 1.491920 2.076490 5.881311
v 1.490920 2.076490 5.882319
v 1.491627 2.076490 5.882024
v 1.491920 2.082568 5.878991
v 1.490920 2.083561 5.879391
v 1.491627 2.083270 5.879273
v 1.486920 2.070411 5.878990
v 1.487920 2.069419 5.879391
v 1.487213 2.069710 5.879273
v 1.486920 2.076490 5.881311
v 1.487920 2.076490 5.882319
v 1.487213 2.076490 5.882024
v 1.486920 2.082569 5.878990
v 1.487920 2.083561 5.879391
v 1.487213 2.083270 5.879273
v 1.486920 2.080960 5.880726
v 1.487920 2.081448 5.881670
v 1.487213 2.081305 5.881394
v 1.486920 2.072020 5.880726
v 1.487920 2.071532 5.881670
v 1.487213 2.071675 5.881394
v 1.487920 2.085021 5.804369
v 1.486920 2.084025 5.804390
v 1.487213 2.084731 5.804384
v 1.487920 2.067959 5.804369
v 1.486920 2.068954 5.804390
v 1.487213 2.068249 5.804384
v 1.486179 2.085753 5.763294
v 1.485406 2.084683 5.768655
v 1.485539 2.085442 5.764890
v 1.486179 2.067226 5.763294
v 1.485406 2.068317 5.768654
v 1.485539 2.067544 5.764889
v 1.491920 2.072020 5.880726
v 1.490920 2.071532 5.881670
v 1.491627 2.071675 5.881394
v 1.491920 2.080960 5.880726
v 1.490920 2.081448 5.881670
v 1.491627 2.081305 5.881394
vn -0.7688 -0.0000 0.6395
vn -0.0000 0.7071 0.7071
vn -0.0000 -0.0000 1.0000
vn -0.7359 -0.5020 0.4543
vn -0.0000 -0.7071 0.7071
vn -0.0511 -0.9896 -0.1348
vn -0.1906 -0.9478 0.2555
vn -0.0000 -1.0000 -0.0000
vn -0.4854 -0.8303 0.2738
vn -0.4855 0.8302 0.2738
vn -0.1906 0.9478 0.2555
vn -0.0000 1.0000 -0.0000
vn -0.0511 0.9896 -0.1348
vn 0.1941 0.9639 -0.1826
vn 0.6824 0.5169 -0.5169
vn 0.1994 0.6929 -0.6929
vn 0.6883 0.7128 -0.1349
vn 0.9744 0.1590 -0.1590
vn 0.6824 -0.0000 -0.7310
vn 0.1994 -0.0000 -0.9799
vn 0.9744 -0.0000 -0.2248
vn 0.6824 -0.5169 -0.5169
vn 0.1995 -0.6929 -0.6929
vn 0.9744 -0.1590 -0.1590
vn 0.1941 -0.9639 -0.1826
vn 0.6883 -0.7128 -0.1349
vn 0.9765 -0.2116 -0.0400
vn 0.6826 0.6778 0.2732
vn 0.9746 0.2078 0.0837
vn 0.9765 0.2116 -0.0400
vn 0.1975 -0.4498 0.8710
vn 0.6826 -0.6778 0.2732
vn 0.6828 -0.3352 0.6491
vn 0.9746 -0.2078 0.0837
vn 0.9747 -0.1025 0.1985
vn 0.1935 -0.0000 0.9811
vn 0.6828 0.3352 0.6491
vn 0.1975 0.4498 0.8710
vn 0.6937 -0.0000 0.7202
vn 0.9747 0.1025 0.1985
vn -0.1975 0.4498 0.8710
vn -0.6826 0.6777 0.2734
vn -0.6828 0.3352 0.6491
vn -0.9746 0.2077 0.0838
vn -0.9747 0.1025 0.1985
vn -0.1935 -0.0000 0.9811
vn -0.6828 -0.3352 0.6491
vn -0.1975 -0.4498 0.8710
vn -0.6937 -0.0000 0.7202
vn -0.9747 -0.1025 0.1985
vn -0.7021 0.7115 0.0283
vn -0.9803 0.1960 0.0245
vn -0.1805 0.9833 0.0224
vn 0.1982 -0.9091 0.3664
vn -0.1697 -0.9852 0.0228
vn -0.6826 -0.6777 0.2734
vn -0.7021 -0.7115 0.0283
vn -0.9746 -0.2077 0.0838
vn -0.9803 -0.1961 0.0244
vn -0.9779 -0.0000 0.2090
vn -0.1981 -0.9091 0.3665
vn -0.6401 0.7662 0.0572
vn -0.1762 0.9839 0.0306
vn -0.9765 0.2072 0.0595
vn -0.1793 -0.9833 0.0308
vn -0.6458 -0.7614 0.0576
vn -0.9772 -0.2036 0.0595
vn 0.9779 -0.0000 0.2090
vn 0.1983 0.9090 0.3665
vn -0.0000 0.7071 -0.7071
vn -0.0000 -0.0000 -1.0000
vn -0.0000 -0.7071 -0.7071
vn -0.7360 0.5019 0.4543
vn -0.1982 0.9090 0.3667
vt 0.968517 0.309333
vt 0.967245 0.306006
vt 0.968518 0.306006
vt 0.959606 0.309333
vt 0.958332 0.306006
vt 0.959605 0.306006
vt 0.960879 0.309500
vt 0.960748 0.309382
vt 0.960879 0.309166
vt 0.960434 0.309333
vt 0.966416 0.309333
vt 0.966102 0.309382
vt 0.965971 0.309166
vt 0.965971 0.309500
vt 0.965969 0.310832
vt 0.964696 0.310956
vt 0.964697 0.310828
vt 0.960117 0.115036
vt 0.959000 0.115548
vt 0.958909 0.115442
vt 0.963425 0.310957
vt 0.963425 0.310828
vt 0.958478 0.116585
vt 0.958332 0.116576
vt 0.962154 0.310956
vt 0.962153 0.310828
vt 0.958865 0.117680
vt 0.958761 0.117773
vt 0.960881 0.310832
vt 0.960892 0.310961
vt 0.959910 0.118327
vt 0.959941 0.118197
vt 0.960121 0.114903
vt 0.986426 0.117289
vt 0.986342 0.117351
vt 0.960131 0.115169
vt 0.986616 0.119132
vt 0.986296 0.119357
vt 0.986538 0.119082
vt 0.986221 0.119285
vt 0.986455 0.119030
vt 0.986829 0.118352
vt 0.986630 0.117592
vt 0.986714 0.117552
vt 0.986716 0.118345
vt 0.986542 0.117633
vt 0.987144 0.117352
vt 0.986782 0.116755
vt 0.987281 0.117279
vt 0.987183 0.116464
vt 0.986743 0.116624
vt 0.987069 0.116386
vt 0.987345 0.118384
vt 0.987148 0.119475
vt 0.987019 0.119385
vt 0.987392 0.115655
vt 0.987252 0.114868
vt 0.987381 0.114819
vt 0.973981 0.115466
vt 0.974005 0.115334
vt 0.973959 0.115598
vt 0.959897 0.118460
vt 0.986360 0.119418
vt 0.973707 0.119474
vt 0.986587 0.119940
vt 0.973706 0.119604
vt 0.974367 0.112666
vt 0.986990 0.114560
vt 0.974350 0.112793
vt 0.987507 0.118394
vt 0.987261 0.115639
vt 0.986527 0.119821
vt 0.987057 0.114438
vt 0.960672 0.113393
vt 0.967348 0.114589
vt 0.960364 0.113469
vt 0.967071 0.114690
vt 0.960233 0.113573
vt 0.967994 0.114541
vt 0.966773 0.119513
vt 0.959966 0.119940
vt 0.959848 0.119807
vt 0.967831 0.111573
vt 0.961180 0.110443
vt 0.960920 0.110254
vt 0.967039 0.119640
vt 0.968428 0.111815
vt 0.986603 0.118338
vt 0.986498 0.117237
vt 0.964698 0.306005
vt 0.963425 0.306005
vt 0.962152 0.306005
vt 0.961882 0.110892
vt 0.967244 0.309333
vt 0.965972 0.306006
vt 0.961484 0.113218
vt 0.986710 0.116863
vt 0.962166 0.112142
vt 0.958333 0.309333
vt 0.965958 0.310961
vt 0.960878 0.306006
s 1
usemtl Chrome
f 1081/1757/680 1075/1758/681 1074/1759/682
f 1080/1760/683 1074/1761/682 1073/1762/684
f 1098/1763/685 1101/1764/686 1100/1765/687
f 1101/1764/686 1099/1766/688 1100/1765/687
f 1102/1767/689 1105/1768/690 1104/1769/691
f 1105/1768/690 1103/1770/692 1104/1769/691
f 1086/1771/693 1091/1772/694 1090/1773/695
f 1088/1774/696 1089/1775/697 1091/1776/694
f 1090/1773/695 1094/1777/698 1093/1778/699
f 1091/1776/694 1092/1779/700 1094/1780/698
f 1093/1778/699 1097/1781/701 1096/1782/702
f 1094/1780/698 1095/1783/703 1097/1784/701
f 1084/1785/704 1097/1781/701 1085/1786/705
f 1085/1787/705 1095/1783/703 1083/1788/706
f 1086/1789/693 1114/1790/707 1088/1774/696
f 1088/1774/696 1112/1791/708 1087/1792/709
f 1143/1793/710 1108/1794/711 1144/1795/712
f 1144/1795/712 1106/1796/713 1142/1797/714
f 1110/1798/715 1147/1799/716 1146/1800/717
f 1111/1801/718 1145/1802/719 1147/1799/716
f 1125/1803/720 1123/1804/721 1126/1805/722
f 1126/1806/722 1121/1807/723 1124/1808/724
f 1119/1809/725 1129/1810/726 1128/1811/727
f 1120/1812/728 1127/1813/729 1129/1814/726
f 1121/1807/723 1132/1815/730 1131/1816/731
f 1123/1804/721 1130/1817/732 1132/1815/730
f 1084/1818/704 1108/1794/711 1107/1819/733
f 1085/1787/705 1106/1796/713 1108/1794/711
f 1133/1820/734 1117/1821/735 1135/1822/736
f 1135/1823/736 1115/1824/737 1134/1825/738
f 1119/1809/725 1126/1805/722 1120/1826/728
f 1120/1812/728 1124/1808/724 1118/1827/739
f 1128/1811/727 1117/1821/735 1116/1828/740
f 1129/1814/726 1115/1824/737 1117/1829/735
f 1102/1830/689 1138/1831/741 1105/1832/690
f 1105/1832/690 1136/1833/742 1103/1834/692
f 1137/1835/743 1132/1815/730 1138/1831/741
f 1138/1831/741 1130/1817/732 1136/1833/742
f 1139/1836/744 1101/1837/686 1098/1838/685
f 1141/1839/745 1099/1840/688 1101/1841/686
f 1133/1820/734 1141/1842/745 1139/1836/744
f 1135/1823/736 1140/1843/746 1141/1839/745
f 1110/1798/715 1144/1795/712 1111/1801/718
f 1111/1801/718 1142/1797/714 1109/1844/747
f 1146/1800/717 1114/1790/707 1113/1845/748
f 1147/1799/716 1112/1791/708 1114/1790/707
f 1084/1818/704 1116/1828/740 1133/1820/734
f 1096/1782/702 1098/1763/685 1100/1765/687
f 1109/1844/747 1095/1783/703 1089/1775/697
f 1086/1789/693 1130/1817/732 1113/1845/748
f 1103/1770/692 1090/1773/695 1077/1846/749
f 1090/1773/695 1078/1847/750 1077/1846/749
f 1093/1778/699 1079/1848/751 1078/1847/750
f 1100/1765/687 1080/1760/683 1073/1762/684
f 1080/1849/683 1099/1840/688 1140/1843/746
f 1082/1850/752 1104/1769/691 1076/1851/691
f 1102/1830/689 1082/1852/752 1137/1835/743
f 1107/1819/733 1128/1811/727 1116/1828/740
f 1110/1798/715 1125/1803/720 1119/1809/725
f 1143/1793/710 1119/1809/725 1128/1811/727
f 1146/1800/717 1122/1853/753 1125/1803/720
f 1134/1825/738 1127/1813/729 1124/1808/724
f 1140/1843/746 1131/1816/731 1137/1835/743
f 1082/1852/752 1081/1854/680 1137/1835/743
f 1137/1835/743 1081/1854/680 1140/1843/746
f 1081/1854/680 1080/1849/683 1140/1843/746
f 1081/1757/680 1082/1850/752 1075/1758/681
f 1080/1760/683 1081/1855/680 1074/1761/682
f 1086/1771/693 1088/1856/696 1091/1772/694
f 1088/1774/696 1087/1792/709 1089/1775/697
f 1090/1773/695 1091/1772/694 1094/1777/698
f 1091/1776/694 1089/1775/697 1092/1779/700
f 1093/1778/699 1094/1777/698 1097/1781/701
f 1094/1780/698 1092/1779/700 1095/1783/703
f 1084/1785/704 1096/1782/702 1097/1781/701
f 1085/1787/705 1097/1784/701 1095/1783/703
f 1086/1789/693 1113/1845/748 1114/1790/707
f 1088/1774/696 1114/1790/707 1112/1791/708
f 1143/1793/710 1107/1819/733 1108/1794/711
f 1144/1795/712 1108/1794/711 1106/1796/713
f 1110/1798/715 1111/1801/718 1147/1799/716
f 1111/1801/718 1109/1844/747 1145/1802/719
f 1125/1803/720 1122/1853/753 1123/1804/721
f 1126/1806/722 1123/1804/721 1121/1807/723
f 1119/1809/725 1120/1826/728 1129/1810/726
f 1120/1812/728 1118/1827/739 1127/1813/729
f 1121/1807/723 1123/1804/721 1132/1815/730
f 1123/1804/721 1122/1853/753 1130/1817/732
f 1084/1818/704 1085/1787/705 1108/1794/711
f 1085/1787/705 1083/1788/706 1106/1796/713
f 1133/1820/734 1116/1828/740 1117/1821/735
f 1135/1823/736 1117/1829/735 1115/1824/737
f 1119/1809/725 1125/1803/720 1126/1805/722
f 1120/1812/728 1126/1806/722 1124/1808/724
f 1128/1811/727 1129/1810/726 1117/1821/735
f 1129/1814/726 1127/1813/729 1115/1824/737
f 1102/1830/689 1137/1835/743 1138/1831/741
f 1105/1832/690 1138/1831/741 1136/1833/742
f 1137/1835/743 1131/1816/731 1132/1815/730
f 1138/1831/741 1132/1815/730 1130/1817/732
f 1139/1836/744 1141/1842/745 1101/1837/686
f 1141/1839/745 1140/1843/746 1099/1840/688
f 1133/1820/734 1135/1822/736 1141/1842/745
f 1135/1823/736 1134/1825/738 1140/1843/746
f 1110/1798/715 1143/1793/710 1144/1795/712
f 1111/1801/718 1144/1795/712 1142/1797/714
f 1146/1800/717 1147/1799/716 1114/1790/707
f 1147/1799/716 1145/1802/719 1112/1791/708
f 1139/1836/744 1098/1838/685 1084/1818/704
f 1084/1818/704 1107/1819/733 1116/1828/740
f 1133/1820/734 1139/1836/744 1084/1818/704
f 1072/1857/687 1079/1848/751 1096/1782/702
f 1096/1782/702 1084/1785/704 1098/1763/685
f 1100/1765/687 1072/1857/687 1096/1782/702
f 1089/1775/697 1087/1792/709 1112/1791/708
f 1112/1791/708 1145/1802/719 1109/1844/747
f 1109/1844/747 1142/1797/714 1106/1796/713
f 1106/1796/713 1083/1788/706 1095/1783/703
f 1095/1783/703 1092/1779/700 1089/1775/697
f 1089/1775/697 1112/1791/708 1109/1844/747
f 1109/1844/747 1106/1796/713 1095/1783/703
f 1086/1789/693 1103/1834/692 1136/1833/742
f 1130/1817/732 1122/1853/753 1113/1845/748
f 1086/1789/693 1136/1833/742 1130/1817/732
f 1077/1846/749 1076/1851/691 1104/1769/691
f 1103/1770/692 1086/1771/693 1090/1773/695
f 1077/1846/749 1104/1769/691 1103/1770/692
f 1090/1773/695 1093/1778/699 1078/1847/750
f 1093/1778/699 1096/1782/702 1079/1848/751
f 1073/1762/684 1072/1857/687 1100/1765/687
f 1100/1765/687 1099/1766/688 1080/1760/683
f 1076/1851/691 1075/1758/681 1082/1850/752
f 1082/1850/752 1102/1767/689 1104/1769/691
f 1107/1819/733 1143/1793/710 1128/1811/727
f 1110/1798/715 1146/1800/717 1125/1803/720
f 1143/1793/710 1110/1798/715 1119/1809/725
f 1146/1800/717 1113/1845/748 1122/1853/753
f 1121/1807/723 1131/1816/731 1134/1825/738
f 1134/1825/738 1115/1824/737 1127/1813/729
f 1127/1813/729 1118/1827/739 1124/1808/724
f 1124/1808/724 1121/1807/723 1134/1825/738
f 1140/1843/746 1134/1825/738 1131/1816/731
o Hinges.009
v 1.464880 3.237008 6.211756
v 1.464880 3.237327 6.211756
v 1.466410 3.237327 6.212066
v 1.466410 3.237008 6.212066
v 1.466382 3.237327 6.219457
v 1.466382 3.237008 6.219457
v 1.464850 3.237327 6.219756
v 1.464850 3.237008 6.219756
v 1.463320 3.237327 6.219446
v 1.463320 3.237008 6.219446
v 1.462026 3.237327 6.218574
v 1.462026 3.237008 6.218574
v 1.461164 3.237332 6.217273
v 1.461164 3.237008 6.217273
v 1.460865 3.237332 6.215741
v 1.460865 3.237008 6.215741
v 1.461175 3.237327 6.214211
v 1.461175 3.237008 6.214211
v 1.462047 3.237327 6.212917
v 1.462047 3.237008 6.212917
v 1.463348 3.237327 6.212055
v 1.463348 3.237008 6.212055
v 1.464879 3.237167 6.212040
v 1.466300 3.237167 6.212328
v 1.466274 3.237167 6.219194
v 1.464851 3.237167 6.219472
v 1.463430 3.237167 6.219184
v 1.462227 3.237167 6.218374
v 1.461426 3.237170 6.217165
v 1.461149 3.237170 6.215742
v 1.461437 3.237167 6.214321
v 1.462247 3.237167 6.213118
v 1.463456 3.237167 6.212317
v 1.464875 3.212168 6.213198
v 1.464880 3.213582 6.211756
v 1.464875 3.262168 6.213198
v 1.464880 3.260753 6.211756
v 1.465853 3.212168 6.213396
v 1.466410 3.213582 6.212066
v 1.465853 3.262168 6.213396
v 1.466410 3.260753 6.212066
v 1.466681 3.212168 6.213954
v 1.466681 3.262168 6.213954
v 1.467232 3.212168 6.214786
v 1.467232 3.262168 6.214786
v 1.467423 3.212168 6.215765
v 1.467423 3.262168 6.215765
v 1.467225 3.212168 6.216744
v 1.467225 3.262168 6.216744
v 1.466667 3.212168 6.217572
v 1.466667 3.262168 6.217572
v 1.465835 3.212168 6.218123
v 1.466382 3.213582 6.219457
v 1.465835 3.262168 6.218123
v 1.466382 3.260753 6.219457
v 1.464855 3.212168 6.218314
v 1.464850 3.213582 6.219756
v 1.464855 3.262168 6.218314
v 1.464850 3.260753 6.219756
v 1.463877 3.212168 6.218116
v 1.463320 3.213582 6.219446
v 1.463877 3.262168 6.218116
v 1.463320 3.260753 6.219446
v 1.463049 3.212168 6.217558
v 1.462026 3.213582 6.218574
v 1.463049 3.262168 6.217558
v 1.462026 3.260753 6.218574
v 1.462498 3.212168 6.216726
v 1.461164 3.213582 6.217273
v 1.462498 3.262168 6.216726
v 1.461164 3.260753 6.217273
v 1.462307 3.212168 6.215746
v 1.460865 3.213582 6.215741
v 1.462307 3.262168 6.215746
v 1.460865 3.260753 6.215741
v 1.462505 3.212168 6.214768
v 1.461175 3.213582 6.214211
v 1.462505 3.262168 6.214768
v 1.461175 3.260753 6.214211
v 1.463063 3.212168 6.213940
v 1.462047 3.213582 6.212917
v 1.463063 3.262168 6.213940
v 1.462047 3.260753 6.212917
v 1.463895 3.212168 6.213389
v 1.463348 3.213582 6.212055
v 1.463895 3.262168 6.213389
v 1.463348 3.260753 6.212055
v 1.464880 3.587008 6.211756
v 1.464880 3.587327 6.211756
v 1.466410 3.587327 6.212066
v 1.466410 3.587008 6.212066
v 1.466382 3.587327 6.219457
v 1.466382 3.587008 6.219457
v 1.464850 3.587327 6.219756
v 1.464850 3.587008 6.219756
v 1.463320 3.587327 6.219446
v 1.463320 3.587008 6.219446
v 1.462026 3.587327 6.218574
v 1.462026 3.587008 6.218574
v 1.461164 3.587332 6.217273
v 1.461164 3.587008 6.217273
v 1.460865 3.587332 6.215741
v 1.460865 3.587008 6.215741
v 1.461175 3.587327 6.214211
v 1.461175 3.587008 6.214211
v 1.462047 3.587327 6.212917
v 1.462047 3.587008 6.212917
v 1.463348 3.587327 6.212055
v 1.463348 3.587008 6.212055
v 1.464879 3.587167 6.212040
v 1.466300 3.587167 6.212328
v 1.466274 3.587167 6.219194
v 1.464851 3.587167 6.219472
v 1.463430 3.587167 6.219184
v 1.462227 3.587167 6.218374
v 1.461426 3.587170 6.217165
v 1.461149 3.587170 6.215742
v 1.461437 3.587167 6.214321
v 1.462247 3.587167 6.213118
v 1.463456 3.587167 6.212317
v 1.464875 3.562168 6.213198
v 1.464880 3.563582 6.211756
v 1.464875 3.612168 6.213198
v 1.464880 3.610753 6.211756
v 1.465853 3.562168 6.213396
v 1.466410 3.563582 6.212066
v 1.465853 3.612168 6.213396
v 1.466410 3.610753 6.212066
v 1.466681 3.562168 6.213954
v 1.466681 3.612168 6.213954
v 1.467232 3.562168 6.214786
v 1.467232 3.612168 6.214786
v 1.467423 3.562168 6.215765
v 1.467423 3.612168 6.215765
v 1.467225 3.562168 6.216744
v 1.467225 3.612168 6.216744
v 1.466667 3.562168 6.217572
v 1.466667 3.612168 6.217572
v 1.465835 3.562168 6.218123
v 1.466382 3.563582 6.219457
v 1.465835 3.612168 6.218123
v 1.466382 3.610753 6.219457
v 1.464855 3.562168 6.218314
v 1.464850 3.563582 6.219756
v 1.464855 3.612168 6.218314
v 1.464850 3.610753 6.219756
v 1.463877 3.562168 6.218116
v 1.463320 3.563582 6.219446
v 1.463877 3.612168 6.218116
v 1.463320 3.610753 6.219446
v 1.463049 3.562168 6.217558
v 1.462026 3.563582 6.218574
v 1.463049 3.612168 6.217558
v 1.462026 3.610753 6.218574
v 1.462498 3.562168 6.216726
v 1.461164 3.563582 6.217273
v 1.462498 3.612168 6.216726
v 1.461164 3.610753 6.217273
v 1.462307 3.562168 6.215746
v 1.460865 3.563582 6.215741
v 1.462307 3.612168 6.215746
v 1.460865 3.610753 6.215741
v 1.462505 3.562168 6.214768
v 1.461175 3.563582 6.214211
v 1.462505 3.612168 6.214768
v 1.461175 3.610753 6.214211
v 1.463063 3.562168 6.213940
v 1.462047 3.563582 6.212917
v 1.463063 3.612168 6.213940
v 1.462047 3.610753 6.212917
v 1.463895 3.562168 6.213389
v 1.463348 3.563582 6.212055
v 1.463895 3.612168 6.213389
v 1.463348 3.610753 6.212055
vn -0.1859 -0.8716 -0.4536
vn 0.0019 -0.8716 -0.4902
vn -0.3453 -0.8716 -0.3479
vn -0.4529 -0.8714 -0.1886
vn -0.4524 -0.8716 -0.1887
vn -0.4961 -0.8683 -0.0005
vn -0.4595 -0.8683 0.1868
vn -0.4964 -0.8681 -0.0004
vn -0.3489 -0.8714 0.3449
vn -0.3484 -0.8716 0.3448
vn -0.1893 -0.8716 0.4522
vn -0.0989 -0.8675 0.4875
vn 0.0989 -0.8675 -0.4875
vn 0.0019 0.8715 -0.4903
vn 0.0989 0.8674 -0.4877
vn 0.0952 0.8674 0.4884
vn -0.0019 0.8715 0.4903
vn -0.1894 0.8715 0.4523
vn -0.3480 0.8715 0.3454
vn -0.3483 0.8713 0.3457
vn -0.4582 0.8687 0.1883
vn -0.4585 0.8685 0.1886
vn -0.4953 0.8687 -0.0024
vn -0.4526 0.8713 -0.1895
vn -0.4523 0.8715 -0.1894
vn -0.3454 0.8715 -0.3480
vn -0.1859 0.8715 -0.4537
vn 0.1851 -0.3648 -0.9125
vn 0.0016 -0.9088 -0.4172
vn 0.0035 -0.3710 -0.9286
vn 0.1851 0.3648 -0.9125
vn 0.0016 0.9088 -0.4172
vn 0.0581 0.9564 -0.2864
vn 0.1782 -0.3648 0.9139
vn -0.0016 -0.9088 0.4172
vn 0.0559 -0.9564 0.2868
vn 0.1782 0.3648 0.9139
vn -0.0016 0.9088 0.4172
vn -0.0035 0.3710 0.9286
vn -0.3586 -0.3710 0.8566
vn -0.0035 -0.3710 0.9286
vn -0.1611 0.9088 0.3849
vn -0.3586 0.3710 0.8566
vn -0.6591 -0.3710 0.6542
vn -0.1611 -0.9088 0.3849
vn -0.6591 0.3710 0.6542
vn -0.2961 0.9088 0.2939
vn -0.8593 -0.3710 0.3521
vn -0.2961 -0.9088 0.2939
vn -0.3861 0.9088 0.1582
vn -0.8593 0.3710 0.3521
vn -0.4172 -0.9088 -0.0016
vn -0.3861 -0.9088 0.1582
vn -0.4172 0.9088 -0.0016
vn -0.9286 0.3710 -0.0035
vn -0.8566 -0.3710 -0.3586
vn -0.9286 -0.3710 -0.0035
vn -0.3849 0.9088 -0.1611
vn -0.8566 0.3710 -0.3586
vn -0.6542 -0.3710 -0.6591
vn -0.3849 -0.9088 -0.1611
vn -0.6542 0.3710 -0.6591
vn -0.2939 0.9088 -0.2961
vn -0.3521 -0.3710 -0.8593
vn -0.2939 -0.9088 -0.2961
vn -0.1582 0.9088 -0.3861
vn -0.3521 0.3710 -0.8593
vn -0.1582 -0.9088 -0.3861
vn 0.0035 0.3710 -0.9286
vn 0.0038 -0.0000 -1.0000
vn -0.3792 -0.0000 -0.9253
vn -0.0000 1.0000 -0.0000
vn 0.1988 -0.0000 -0.9800
vn 0.1914 -0.0000 0.9815
vn -0.0038 -0.0000 1.0000
vn -0.3862 -0.0000 0.9224
vn -0.7096 -0.0000 0.7046
vn -0.7098 -0.0000 0.7044
vn -0.9252 -0.0000 0.3794
vn -0.9253 -0.0000 0.3792
vn -1.0000 -0.0000 -0.0040
vn -1.0000 -0.0000 -0.0038
vn -0.9223 -0.0000 -0.3864
vn -0.9224 -0.0000 -0.3862
vn -0.7044 -0.0000 -0.7098
vn -0.4599 -0.8681 0.1869
vn -0.4957 0.8685 -0.0026
vn 0.0581 -0.9564 -0.2864
vn 0.0559 0.9564 0.2868
vn -0.0000 -1.0000 -0.0000
vn 0.0018 -0.8716 -0.4902
vn -0.4960 -0.8683 -0.0005
vn -0.0018 0.8715 0.4903
vn -0.1893 0.8715 0.4523
vn -0.3481 0.8715 0.3454
vn -0.3483 0.8713 0.3456
vn -0.4585 0.8684 0.1886
vn -0.4527 0.8713 -0.1895
vn -0.4524 0.8715 -0.1894
vn -0.2962 -0.9088 0.2939
vn -0.3859 0.9089 0.1582
vn -0.3847 0.9089 -0.1611
vn -0.3848 -0.9088 -0.1611
vn -0.0001 -1.0000 -0.0000
vn -0.0003 1.0000 -0.0000
vn -0.0001 1.0000 -0.0000
vt 0.962463 0.320834
vt 0.962391 0.321065
vt 0.962413 0.320829
vt 0.962484 0.320601
vt 0.962435 0.320596
vt 0.962505 0.320369
vt 0.962456 0.320365
vt 0.962478 0.320134
vt 0.962498 0.319903
vt 0.962526 0.320138
vt 0.962568 0.319675
vt 0.962518 0.319671
vt 0.962538 0.319437
vt 0.962552 0.319201
vt 0.962591 0.319440
vt 0.962444 0.321070
vt 0.962368 0.321298
vt 0.962337 0.321059
vt 0.962305 0.321298
vt 0.962545 0.318970
vt 0.962496 0.319199
vt 0.962493 0.318963
vt 0.962485 0.319434
vt 0.962469 0.319667
vt 0.962449 0.319899
vt 0.962429 0.320130
vt 0.962408 0.320360
vt 0.962386 0.320592
vt 0.962363 0.320825
vt 0.958787 0.320619
vt 0.958705 0.320209
vt 0.958916 0.320434
vt 0.966056 0.321312
vt 0.966221 0.320924
vt 0.966366 0.320994
vt 0.958965 0.319036
vt 0.958826 0.319422
vt 0.958669 0.319370
vt 0.966232 0.319645
vt 0.966327 0.320070
vt 0.966101 0.319836
vt 0.959131 0.319404
vt 0.959061 0.319236
vt 0.966202 0.320139
vt 0.966002 0.319995
vt 0.959175 0.319556
vt 0.958928 0.319509
vt 0.965927 0.320146
vt 0.966116 0.320225
vt 0.959194 0.319702
vt 0.958994 0.319606
vt 0.966067 0.320345
vt 0.965876 0.320296
vt 0.959008 0.319816
vt 0.959033 0.319706
vt 0.966035 0.320467
vt 0.965847 0.320448
vt 0.959150 0.319988
vt 0.959185 0.319846
vt 0.966040 0.320593
vt 0.965841 0.320604
vt 0.959094 0.320131
vt 0.958968 0.319929
vt 0.965861 0.320761
vt 0.966064 0.320720
vt 0.959016 0.320276
vt 0.958904 0.320035
vt 0.966124 0.320826
vt 0.965902 0.320924
vt 0.958811 0.320131
vt 0.965967 0.321102
vt 0.966658 0.320217
vt 0.966584 0.320838
vt 0.962431 0.321312
vt 0.962620 0.319199
vt 0.962665 0.318961
vt 0.962547 0.319907
vt 0.958548 0.320239
vt 0.966482 0.320025
vt 0.958379 0.320068
vt 0.958332 0.319869
vt 0.958333 0.319703
vt 0.958397 0.319550
vt 0.958515 0.319433
vt 0.966786 0.320372
vt 0.966776 0.320549
vt 0.966708 0.320712
s 1
usemtl 
f 1168/1858/754 1170/1859/755 1180/1860/754
f 1166/1861/756 1180/1860/754 1179/1862/756
f 1164/1863/757 1179/1862/756 1178/1864/758
f 1177/1865/759 1164/1863/757 1178/1864/758
f 1176/1866/760 1162/1867/761 1177/1865/759
f 1158/1868/762 1176/1866/760 1175/1869/763
f 1174/1870/764 1158/1868/762 1175/1869/763
f 1173/1871/765 1156/1872/764 1174/1870/764
f 1149/1873/755 1171/1874/766 1170/1859/755
f 1148/1875/767 1171/1874/768 1151/1876/768
f 1172/1877/769 1155/1878/770 1153/1879/769
f 1173/1871/770 1157/1880/771 1155/1878/770
f 1174/1870/771 1159/1881/772 1157/1880/771
f 1175/1869/773 1161/1882/774 1159/1881/772
f 1176/1866/775 1163/1883/776 1161/1882/774
f 1163/1883/776 1178/1864/777 1165/1884/778
f 1165/1884/778 1179/1862/779 1167/1885/779
f 1167/1885/779 1180/1860/780 1169/1886/780
f 1169/1886/780 1170/1859/767 1148/1875/767
f 1186/1887/781 1181/1888/782 1182/1889/783
f 1188/1890/784 1183/1891/785 1187/1892/786
f 1200/1893/787 1203/1894/788 1199/1895/789
f 1202/1896/790 1205/1897/791 1206/1898/792
f 1208/1899/793 1203/1894/788 1204/1900/794
f 1206/1898/792 1209/1901/795 1210/1902/796
f 1212/1903/797 1207/1904/798 1208/1899/793
f 1214/1905/799 1209/1901/795 1213/1906/800
f 1216/1907/801 1211/1908/802 1212/1903/797
f 1214/1905/799 1217/1909/803 1218/1910/804
f 1216/1907/801 1219/1911/805 1215/1912/806
f 1218/1910/804 1221/1913/807 1222/1914/808
f 1224/1915/809 1219/1911/805 1220/1916/810
f 1222/1914/808 1225/1917/811 1226/1918/812
f 1228/1919/813 1223/1920/814 1224/1915/809
f 1230/1921/815 1225/1917/811 1229/1922/816
f 1232/1923/817 1227/1924/818 1228/1919/813
f 1230/1921/815 1233/1925/819 1234/1926/820
f 1232/1923/817 1181/1888/782 1231/1927/821
f 1234/1926/820 1183/1891/785 1184/1928/822
f 1148/1875/823 1186/1887/781 1182/1889/783
f 1199/1895/789 1215/1912/806 1231/1927/821
f 1169/1886/824 1182/1889/783 1232/1923/817
f 1213/1906/800 1198/1929/825 1190/1930/825
f 1184/1928/822 1150/1931/826 1149/1873/823
f 1234/1926/820 1149/1873/823 1168/1858/824
f 1153/1879/827 1204/1900/794 1200/1893/787
f 1202/1896/790 1154/1932/828 1152/1933/827
f 1155/1878/828 1208/1899/793 1204/1900/794
f 1206/1898/792 1156/1872/829 1154/1932/828
f 1157/1880/829 1212/1903/797 1208/1899/793
f 1210/1902/796 1158/1868/830 1156/1872/829
f 1159/1881/831 1216/1907/801 1212/1903/797
f 1214/1905/799 1160/1934/832 1158/1868/830
f 1161/1882/833 1220/1916/810 1216/1907/801
f 1218/1910/804 1162/1867/834 1160/1934/832
f 1163/1883/835 1224/1915/809 1220/1916/810
f 1162/1867/834 1226/1918/812 1164/1863/836
f 1165/1884/837 1228/1919/813 1224/1915/809
f 1226/1918/812 1166/1861/838 1164/1863/836
f 1167/1885/838 1232/1923/817 1228/1919/813
f 1230/1921/815 1168/1858/824 1166/1861/838
f 1168/1858/754 1149/1873/755 1170/1859/755
f 1166/1861/756 1168/1858/754 1180/1860/754
f 1164/1863/757 1166/1861/756 1179/1862/756
f 1177/1865/759 1162/1867/761 1164/1863/757
f 1176/1866/760 1160/1934/839 1162/1867/761
f 1158/1868/762 1160/1934/839 1176/1866/760
f 1174/1870/764 1156/1872/764 1158/1868/762
f 1173/1871/765 1154/1932/765 1156/1872/764
f 1149/1873/755 1150/1931/766 1171/1874/766
f 1148/1875/767 1170/1859/767 1171/1874/768
f 1172/1877/769 1173/1871/770 1155/1878/770
f 1173/1871/770 1174/1870/771 1157/1880/771
f 1174/1870/771 1175/1869/773 1159/1881/772
f 1175/1869/773 1176/1866/775 1161/1882/774
f 1176/1866/775 1177/1865/840 1163/1883/776
f 1163/1883/776 1177/1865/840 1178/1864/777
f 1165/1884/778 1178/1864/777 1179/1862/779
f 1167/1885/779 1179/1862/779 1180/1860/780
f 1169/1886/780 1180/1860/780 1170/1859/767
f 1186/1887/781 1185/1935/841 1181/1888/782
f 1188/1890/784 1184/1928/822 1183/1891/785
f 1200/1893/787 1204/1900/794 1203/1894/788
f 1202/1896/790 1201/1936/842 1205/1897/791
f 1208/1899/793 1207/1904/798 1203/1894/788
f 1206/1898/792 1205/1897/791 1209/1901/795
f 1212/1903/797 1211/1908/802 1207/1904/798
f 1214/1905/799 1210/1902/796 1209/1901/795
f 1216/1907/801 1215/1912/806 1211/1908/802
f 1214/1905/799 1213/1906/800 1217/1909/803
f 1216/1907/801 1220/1916/810 1219/1911/805
f 1218/1910/804 1217/1909/803 1221/1913/807
f 1224/1915/809 1223/1920/814 1219/1911/805
f 1222/1914/808 1221/1913/807 1225/1917/811
f 1228/1919/813 1227/1924/818 1223/1920/814
f 1230/1921/815 1226/1918/812 1225/1917/811
f 1232/1923/817 1231/1927/821 1227/1924/818
f 1230/1921/815 1229/1922/816 1233/1925/819
f 1232/1923/817 1182/1889/783 1181/1888/782
f 1234/1926/820 1233/1925/819 1183/1891/785
f 1148/1875/823 1151/1876/826 1186/1887/781
f 1231/1927/821 1181/1888/782 1185/1935/841
f 1185/1935/841 1189/1937/843 1231/1927/821
f 1189/1937/843 1191/1938/843 1231/1927/821
f 1191/1938/843 1193/1939/843 1195/1940/843
f 1195/1940/843 1197/1941/843 1191/1938/843
f 1197/1941/843 1199/1895/789 1191/1938/843
f 1199/1895/789 1203/1894/788 1207/1904/798
f 1207/1904/798 1211/1908/802 1199/1895/789
f 1211/1908/802 1215/1912/806 1199/1895/789
f 1215/1912/806 1219/1911/805 1223/1920/814
f 1223/1920/814 1227/1924/818 1215/1912/806
f 1227/1924/818 1231/1927/821 1215/1912/806
f 1231/1927/821 1191/1938/843 1199/1895/789
f 1169/1886/824 1148/1875/823 1182/1889/783
f 1190/1930/825 1187/1892/786 1183/1891/785
f 1183/1891/785 1233/1925/819 1190/1930/825
f 1233/1925/819 1229/1922/816 1190/1930/825
f 1229/1922/816 1225/1917/811 1221/1913/807
f 1221/1913/807 1217/1909/803 1213/1906/800
f 1213/1906/800 1209/1901/795 1205/1897/791
f 1205/1897/791 1201/1936/842 1198/1929/825
f 1198/1929/825 1196/1942/825 1194/1943/825
f 1194/1943/825 1192/1944/825 1198/1929/825
f 1192/1944/825 1190/1930/825 1198/1929/825
f 1229/1922/816 1221/1913/807 1213/1906/800
f 1213/1906/800 1205/1897/791 1198/1929/825
f 1190/1930/825 1229/1922/816 1213/1906/800
f 1184/1928/822 1188/1890/784 1150/1931/826
f 1234/1926/820 1184/1928/822 1149/1873/823
f 1153/1879/827 1155/1878/828 1204/1900/794
f 1202/1896/790 1206/1898/792 1154/1932/828
f 1155/1878/828 1157/1880/829 1208/1899/793
f 1206/1898/792 1210/1902/796 1156/1872/829
f 1157/1880/829 1159/1881/831 1212/1903/797
f 1210/1902/796 1214/1905/799 1158/1868/830
f 1159/1881/831 1161/1882/833 1216/1907/801
f 1214/1905/799 1218/1910/804 1160/1934/832
f 1161/1882/833 1163/1883/835 1220/1916/810
f 1218/1910/804 1222/1914/808 1162/1867/834
f 1163/1883/835 1165/1884/837 1224/1915/809
f 1162/1867/834 1222/1914/808 1226/1918/812
f 1165/1884/837 1167/1885/838 1228/1919/813
f 1226/1918/812 1230/1921/815 1166/1861/838
f 1167/1885/838 1169/1886/824 1232/1923/817
f 1230/1921/815 1234/1926/820 1168/1858/824
f 1255/1858/754 1257/1859/844 1267/1860/754
f 1253/1861/756 1267/1860/754 1266/1862/756
f 1251/1863/757 1266/1862/756 1265/1864/758
f 1264/1865/845 1251/1863/757 1265/1864/758
f 1263/1866/760 1249/1867/761 1264/1865/845
f 1245/1868/762 1263/1866/760 1262/1869/763
f 1261/1870/764 1245/1868/762 1262/1869/763
f 1260/1871/765 1243/1872/764 1261/1870/764
f 1236/1873/844 1258/1874/766 1257/1859/844
f 1235/1875/767 1258/1874/768 1238/1876/768
f 1259/1877/769 1242/1878/846 1240/1879/769
f 1260/1871/846 1244/1880/847 1242/1878/846
f 1261/1870/847 1246/1881/848 1244/1880/847
f 1262/1869/849 1248/1882/774 1246/1881/848
f 1263/1866/850 1250/1883/776 1248/1882/774
f 1250/1883/776 1265/1864/851 1252/1884/852
f 1252/1884/852 1266/1862/779 1254/1885/779
f 1254/1885/779 1267/1860/780 1256/1886/780
f 1256/1886/780 1257/1859/767 1235/1875/767
f 1273/1887/781 1268/1888/782 1269/1889/783
f 1275/1890/784 1270/1891/785 1274/1892/786
f 1287/1893/787 1290/1894/788 1286/1895/789
f 1289/1896/790 1292/1897/791 1293/1898/792
f 1295/1899/793 1290/1894/788 1291/1900/794
f 1293/1898/792 1296/1901/795 1297/1902/796
f 1299/1903/797 1294/1904/798 1295/1899/793
f 1301/1905/799 1296/1901/795 1300/1906/800
f 1303/1907/801 1298/1908/853 1299/1903/797
f 1301/1905/799 1304/1909/854 1305/1910/804
f 1303/1907/801 1306/1911/805 1302/1912/806
f 1305/1910/804 1308/1913/807 1309/1914/808
f 1311/1915/809 1306/1911/805 1307/1916/810
f 1309/1914/808 1312/1917/855 1313/1918/812
f 1315/1919/813 1310/1920/856 1311/1915/809
f 1317/1921/815 1312/1917/855 1316/1922/816
f 1319/1923/817 1314/1924/818 1315/1919/813
f 1317/1921/815 1320/1925/819 1321/1926/820
f 1319/1923/817 1268/1888/782 1318/1927/821
f 1321/1926/820 1270/1891/785 1271/1928/822
f 1235/1875/823 1273/1887/781 1269/1889/783
f 1286/1895/789 1302/1912/806 1318/1927/821
f 1256/1886/824 1269/1889/783 1319/1923/817
f 1300/1906/800 1285/1929/825 1277/1930/825
f 1271/1928/822 1237/1931/826 1236/1873/823
f 1321/1926/820 1236/1873/823 1255/1858/824
f 1240/1879/827 1291/1900/794 1287/1893/787
f 1289/1896/790 1241/1932/828 1239/1933/827
f 1242/1878/828 1295/1899/793 1291/1900/794
f 1293/1898/792 1243/1872/829 1241/1932/828
f 1244/1880/829 1299/1903/797 1295/1899/793
f 1297/1902/796 1245/1868/830 1243/1872/829
f 1246/1881/831 1303/1907/801 1299/1903/797
f 1301/1905/799 1247/1934/832 1245/1868/830
f 1248/1882/833 1307/1916/810 1303/1907/801
f 1305/1910/804 1249/1867/834 1247/1934/832
f 1250/1883/835 1311/1915/809 1307/1916/810
f 1249/1867/834 1313/1918/812 1251/1863/836
f 1252/1884/837 1315/1919/813 1311/1915/809
f 1313/1918/812 1253/1861/838 1251/1863/836
f 1254/1885/838 1319/1923/817 1315/1919/813
f 1317/1921/815 1255/1858/824 1253/1861/838
f 1255/1858/754 1236/1873/844 1257/1859/844
f 1253/1861/756 1255/1858/754 1267/1860/754
f 1251/1863/757 1253/1861/756 1266/1862/756
f 1264/1865/845 1249/1867/761 1251/1863/757
f 1263/1866/760 1247/1934/839 1249/1867/761
f 1245/1868/762 1247/1934/839 1263/1866/760
f 1261/1870/764 1243/1872/764 1245/1868/762
f 1260/1871/765 1241/1932/765 1243/1872/764
f 1236/1873/844 1237/1931/766 1258/1874/766
f 1235/1875/767 1257/1859/767 1258/1874/768
f 1259/1877/769 1260/1871/846 1242/1878/846
f 1260/1871/846 1261/1870/847 1244/1880/847
f 1261/1870/847 1262/1869/849 1246/1881/848
f 1262/1869/849 1263/1866/850 1248/1882/774
f 1263/1866/850 1264/1865/840 1250/1883/776
f 1250/1883/776 1264/1865/840 1265/1864/851
f 1252/1884/852 1265/1864/851 1266/1862/779
f 1254/1885/779 1266/1862/779 1267/1860/780
f 1256/1886/780 1267/1860/780 1257/1859/767
f 1273/1887/781 1272/1935/841 1268/1888/782
f 1275/1890/784 1271/1928/822 1270/1891/785
f 1287/1893/787 1291/1900/794 1290/1894/788
f 1289/1896/790 1288/1936/842 1292/1897/791
f 1295/1899/793 1294/1904/798 1290/1894/788
f 1293/1898/792 1292/1897/791 1296/1901/795
f 1299/1903/797 1298/1908/853 1294/1904/798
f 1301/1905/799 1297/1902/796 1296/1901/795
f 1303/1907/801 1302/1912/806 1298/1908/853
f 1301/1905/799 1300/1906/800 1304/1909/854
f 1303/1907/801 1307/1916/810 1306/1911/805
f 1305/1910/804 1304/1909/854 1308/1913/807
f 1311/1915/809 1310/1920/856 1306/1911/805
f 1309/1914/808 1308/1913/807 1312/1917/855
f 1315/1919/813 1314/1924/818 1310/1920/856
f 1317/1921/815 1313/1918/812 1312/1917/855
f 1319/1923/817 1318/1927/821 1314/1924/818
f 1317/1921/815 1316/1922/816 1320/1925/819
f 1319/1923/817 1269/1889/783 1268/1888/782
f 1321/1926/820 1320/1925/819 1270/1891/785
f 1235/1875/823 1238/1876/826 1273/1887/781
f 1318/1927/821 1268/1888/782 1272/1935/841
f 1272/1935/841 1276/1937/843 1318/1927/821
f 1276/1937/843 1278/1938/843 1318/1927/821
f 1278/1938/843 1280/1939/843 1282/1940/857
f 1282/1940/857 1284/1941/843 1278/1938/843
f 1284/1941/843 1286/1895/789 1278/1938/843
f 1286/1895/789 1290/1894/788 1294/1904/798
f 1294/1904/798 1298/1908/853 1286/1895/789
f 1298/1908/853 1302/1912/806 1286/1895/789
f 1302/1912/806 1306/1911/805 1310/1920/856
f 1310/1920/856 1314/1924/818 1302/1912/806
f 1314/1924/818 1318/1927/821 1302/1912/806
f 1318/1927/821 1278/1938/843 1286/1895/789
f 1256/1886/824 1235/1875/823 1269/1889/783
f 1277/1930/825 1274/1892/786 1270/1891/785
f 1270/1891/785 1320/1925/819 1277/1930/825
f 1320/1925/819 1316/1922/816 1277/1930/825
f 1316/1922/816 1312/1917/855 1308/1913/807
f 1308/1913/807 1304/1909/854 1300/1906/800
f 1300/1906/800 1296/1901/795 1292/1897/791
f 1292/1897/791 1288/1936/842 1285/1929/825
f 1285/1929/825 1283/1942/858 1281/1943/825
f 1281/1943/825 1279/1944/859 1285/1929/825
f 1279/1944/859 1277/1930/825 1285/1929/825
f 1316/1922/816 1308/1913/807 1300/1906/800
f 1300/1906/800 1292/1897/791 1285/1929/825
f 1277/1930/825 1316/1922/816 1300/1906/800
f 1271/1928/822 1275/1890/784 1237/1931/826
f 1321/1926/820 1271/1928/822 1236/1873/823
f 1240/1879/827 1242/1878/828 1291/1900/794
f 1289/1896/790 1293/1898/792 1241/1932/828
f 1242/1878/828 1244/1880/829 1295/1899/793
f 1293/1898/792 1297/1902/796 1243/1872/829
f 1244/1880/829 1246/1881/831 1299/1903/797
f 1297/1902/796 1301/1905/799 1245/1868/830
f 1246/1881/831 1248/1882/833 1303/1907/801
f 1301/1905/799 1305/1910/804 1247/1934/832
f 1248/1882/833 1250/1883/835 1307/1916/810
f 1305/1910/804 1309/1914/808 1249/1867/834
f 1250/1883/835 1252/1884/837 1311/1915/809
f 1249/1867/834 1309/1914/808 1313/1918/812
f 1252/1884/837 1254/1885/838 1315/1919/813
f 1313/1918/812 1317/1921/815 1253/1861/838
f 1254/1885/838 1256/1886/824 1319/1923/817
f 1317/1921/815 1321/1926/820 1255/1858/824
o RightExteriorDoorExport.001
v -1.464850 3.650079 5.166551
v -1.464850 3.700081 5.116551
v -1.464850 3.663019 5.164847
v -1.464850 3.675079 5.159852
v -1.464850 3.685434 5.151906
v -1.464850 3.693380 5.141551
v -1.464850 3.698375 5.129492
v -1.444854 1.992902 5.116551
v -1.444854 2.042902 5.166551
v -1.444854 1.994606 5.129492
v -1.444854 1.999601 5.141551
v -1.444854 2.007547 5.151906
v -1.444854 2.017902 5.159852
v -1.444854 2.029961 5.164847
v -1.464850 3.700079 4.614322
v -1.464850 3.650079 4.564322
v -1.464850 3.698375 4.601381
v -1.464850 3.693380 4.589322
v -1.464850 3.685434 4.578967
v -1.464850 3.675079 4.571021
v -1.464850 3.663019 4.566026
v -1.444854 2.042902 4.564322
v -1.444854 1.992902 4.614322
v -1.444854 2.029961 4.566026
v -1.444854 2.017902 4.571021
v -1.444854 2.007547 4.578967
v -1.444854 1.999601 4.589322
v -1.444854 1.994606 4.601381
v -1.495003 3.650714 4.592988
v -1.495003 3.641740 4.591825
v -1.495003 3.657845 4.595893
v -1.495003 3.663924 4.600482
v -1.495003 3.668549 4.606410
v -1.495003 3.671433 4.613261
v -1.495003 3.672591 4.621912
v -1.495003 3.641740 5.139048
v -1.495003 3.650714 5.137886
v -1.495003 3.657845 5.134980
v -1.495003 3.663924 5.130392
v -1.495003 3.668549 5.124463
v -1.495003 3.671433 5.117612
v -1.495003 3.672591 5.108962
v -1.495003 3.151156 4.613261
v -1.495003 3.149998 4.621912
v -1.495003 3.154041 4.606410
v -1.495003 3.158665 4.600482
v -1.495003 3.164744 4.595893
v -1.495003 3.171875 4.592988
v -1.495003 3.180850 4.591825
v -1.495003 3.149998 5.108962
v -1.495003 3.151156 5.117612
v -1.495003 3.154041 5.124463
v -1.495003 3.158665 5.130392
v -1.495003 3.164744 5.134980
v -1.495003 3.171875 5.137886
v -1.495003 3.180850 5.139048
v -1.479927 3.650079 4.564322
v -1.479927 3.698375 4.601381
v -1.479927 3.693380 4.589322
v -1.479927 3.685434 4.578967
v -1.479927 3.675079 4.571021
v -1.479927 3.663019 4.566026
v -1.479927 3.700079 4.614322
v -1.479927 3.693380 5.141551
v -1.479927 3.685434 5.151906
v -1.479927 3.675079 5.159852
v -1.479927 3.663019 5.164847
v -1.479927 3.650079 5.166551
v -1.479927 3.698375 5.129492
v -1.479927 3.700080 5.116551
v -1.479927 1.992902 4.614322
v -1.479927 1.994606 4.601381
v -1.479927 1.999601 4.589322
v -1.479927 2.007547 4.578967
v -1.479927 2.017902 4.571021
v -1.479927 2.029961 4.566026
v -1.479927 2.042902 4.564322
v -1.479927 1.992902 5.116551
v -1.479927 1.994606 5.129492
v -1.479927 1.999601 5.141551
v -1.479927 2.007547 5.151906
v -1.479927 2.017902 5.159852
v -1.479927 2.029961 5.164847
v -1.479927 2.042902 5.166551
v -1.479927 3.655857 4.573486
v -1.479927 3.667810 4.578357
v -1.479927 3.678075 4.586105
v -1.479927 3.685951 4.596202
v -1.479927 3.690902 4.607961
v -1.479927 3.692591 4.620579
v -1.479927 3.643030 5.159048
v -1.479927 2.002079 4.607961
v -1.479927 2.007030 4.596202
v -1.479927 2.014906 4.586105
v -1.479927 2.025171 4.578357
v -1.479927 2.037124 4.573486
v -1.479927 2.049951 4.571825
v -1.479927 2.000390 5.110294
v -1.479927 3.690902 5.122912
v -1.479927 3.685951 5.134671
v -1.479927 3.678075 5.144768
v -1.479927 3.667810 5.152516
v -1.479927 3.655857 5.157387
v -1.479927 2.014906 5.144768
v -1.479927 2.007030 5.134671
v -1.479927 2.002079 5.122912
v -1.479927 3.692592 5.110294
v -1.479927 3.643030 4.571825
v -1.479927 2.000390 4.620579
v -1.479927 2.025171 5.152516
v -1.479927 2.037124 5.157387
v -1.479927 2.049951 5.159048
v -1.495003 3.655857 4.573486
v -1.495003 3.643030 4.571825
v -1.495003 3.667810 4.578357
v -1.495003 3.678075 4.586105
v -1.495003 3.685951 4.596202
v -1.495003 3.690902 4.607961
v -1.495003 3.692591 4.620579
v -1.495003 3.643030 5.159048
v -1.495003 3.655857 5.157387
v -1.495003 3.667810 5.152516
v -1.495003 3.678075 5.144768
v -1.495003 3.685951 5.134671
v -1.495003 3.690902 5.122912
v -1.495003 3.692591 5.110294
v -1.495003 2.002079 4.607961
v -1.495003 2.000390 4.620579
v -1.495003 2.007030 4.596202
v -1.495003 2.014906 4.586105
v -1.495003 2.025171 4.578357
v -1.495003 2.037124 4.573486
v -1.495003 2.049951 4.571825
v -1.495003 2.000390 5.110294
v -1.495003 2.002079 5.122912
v -1.495003 2.007030 5.134671
v -1.495003 2.014906 5.144768
v -1.495003 2.025171 5.152516
v -1.495003 2.037124 5.157387
v -1.495003 2.049951 5.159048
v -1.464850 3.180850 5.139048
v -1.464850 3.171875 5.137886
v -1.464850 3.164744 5.134980
v -1.464850 3.154041 5.124463
v -1.464850 3.158665 5.130392
v -1.464850 3.151156 5.117612
v -1.464850 3.149998 5.108962
v -1.464850 3.668549 4.606410
v -1.464850 3.672591 4.621912
v -1.464850 3.671433 4.613261
v -1.464850 3.641740 5.139048
v -1.464850 3.645783 5.138525
v -1.464850 3.650714 5.137886
v -1.464850 3.657845 5.134980
v -1.464850 3.663924 5.130392
v -1.464850 3.671433 5.117612
v -1.464850 3.672591 5.108962
v -1.464850 3.668549 5.124463
v -1.464850 3.151156 4.613261
v -1.464850 3.149998 4.621912
v -1.464850 3.158665 4.600482
v -1.464850 3.663924 4.600482
v -1.464850 3.650714 4.592988
v -1.464850 3.641740 4.591825
v -1.464850 3.180850 4.591825
v -1.464850 3.171875 4.592988
v -1.464850 3.164744 4.595893
v -1.464850 3.657845 4.595893
v -1.464850 3.154041 4.606410
v -1.474901 3.154041 4.606410
v -1.484952 3.154041 4.606410
v -1.484952 3.151156 4.613261
v -1.474901 3.151156 4.613261
v -1.474901 3.668549 4.606410
v -1.484952 3.668549 4.606410
v -1.484952 3.663924 4.600482
v -1.474901 3.663924 4.600482
v -1.474901 3.180850 5.139048
v -1.484952 3.180850 5.139048
v -1.484952 3.641740 5.139048
v -1.474901 3.641740 5.139048
v -1.474901 3.164744 4.595893
v -1.484952 3.164744 4.595893
v -1.484952 3.158665 4.600482
v -1.474901 3.158665 4.600482
v -1.474901 3.650714 4.592988
v -1.484952 3.650714 4.592988
v -1.484952 3.641740 4.591825
v -1.474901 3.641740 4.591825
v -1.474901 3.149998 4.621912
v -1.484952 3.149998 4.621912
v -1.484952 3.149998 5.108962
v -1.474901 3.149998 5.108962
v -1.474901 3.668549 5.124463
v -1.484952 3.668549 5.124463
v -1.484952 3.671433 5.117612
v -1.474901 3.671433 5.117612
v -1.474901 3.154041 5.124463
v -1.484952 3.154041 5.124463
v -1.484952 3.158665 5.130392
v -1.474901 3.158665 5.130392
v -1.474901 3.171875 5.137886
v -1.484952 3.171875 5.137886
v -1.474901 3.164744 5.134980
v -1.484952 3.164744 5.134980
v -1.474901 3.672591 4.621912
v -1.484952 3.672591 4.621912
v -1.484952 3.671433 4.613261
v -1.474901 3.671433 4.613261
v -1.474901 3.180850 4.591825
v -1.484952 3.180850 4.591825
v -1.484952 3.171875 4.592988
v -1.474901 3.171875 4.592988
v -1.484952 3.672591 5.108962
v -1.474901 3.672591 5.108962
v -1.474901 3.650714 5.137886
v -1.484952 3.650714 5.137886
v -1.484952 3.657845 5.134980
v -1.474901 3.657845 5.134980
v -1.474901 3.663924 5.130392
v -1.484952 3.663924 5.130392
v -1.474901 3.657845 4.595893
v -1.484952 3.657845 4.595893
v -1.484952 3.151156 5.117612
v -1.474901 3.151156 5.117612
v -1.474901 3.181875 4.602987
v -1.484952 3.181875 4.602987
v -1.484952 3.190850 4.601825
v -1.474901 3.190850 4.601825
v -1.484952 3.159998 4.631912
v -1.474901 3.159998 4.631912
v -1.474901 3.168665 4.610482
v -1.484952 3.168665 4.610482
v -1.484952 3.174744 4.605893
v -1.474901 3.174744 4.605893
v -1.474901 3.161156 4.623261
v -1.484952 3.161156 4.623261
v -1.484952 3.164041 4.616410
v -1.474901 3.164041 4.616410
v -1.464850 2.841481 5.166551
v -1.464850 2.991500 5.166551
v -1.495003 2.991499 5.159048
v -1.495003 2.991499 4.571825
v -1.464850 2.986500 5.116560
v -1.464850 2.991500 5.111559
v -1.464850 2.990036 5.115095
v -1.464850 2.991500 5.091572
v -1.464850 2.986500 5.086573
v -1.464850 2.990036 5.088037
v -1.464850 2.841481 5.111559
v -1.464850 2.846481 5.116560
v -1.464850 2.842946 5.115095
v -1.464850 2.846481 5.086573
v -1.464850 2.841481 5.091572
v -1.464850 2.842946 5.088037
v -1.495003 2.846482 5.116560
v -1.495003 2.841482 5.111559
v -1.495003 2.842947 5.115095
v -1.495003 2.841482 5.091572
v -1.495003 2.846482 5.086573
v -1.495003 2.842947 5.088037
v -1.495003 2.991499 5.111559
v -1.495003 2.986499 5.116560
v -1.495003 2.990035 5.115095
v -1.495003 2.986499 5.086573
v -1.495003 2.991499 5.091572
v -1.495003 2.990035 5.088037
v -1.454850 2.990500 5.111361
v -1.455850 2.991500 5.111559
v -1.454850 2.986301 5.115560
v -1.455850 2.986500 5.116560
v -1.454850 2.989270 5.114330
v -1.455850 2.990036 5.115095
v -1.454850 2.986301 5.087573
v -1.455850 2.986500 5.086573
v -1.454850 2.990500 5.091771
v -1.455850 2.991500 5.091572
v -1.454850 2.989270 5.088802
v -1.455850 2.990036 5.088037
v -1.454850 2.846680 5.115560
v -1.455850 2.846481 5.116560
v -1.454850 2.842481 5.111361
v -1.455850 2.841481 5.111559
v -1.454850 2.843711 5.114330
v -1.455850 2.842946 5.115095
v -1.454850 2.842481 5.091771
v -1.455850 2.841481 5.091572
v -1.454850 2.846680 5.087573
v -1.455850 2.846481 5.086573
v -1.454850 2.843711 5.088802
v -1.455850 2.842946 5.088037
v -1.505003 2.842482 5.111361
v -1.504003 2.841482 5.111559
v -1.505003 2.846681 5.115560
v -1.504003 2.846482 5.116560
v -1.505003 2.843712 5.114330
v -1.504003 2.842947 5.115095
v -1.505003 2.846681 5.087573
v -1.504003 2.846482 5.086573
v -1.505003 2.842482 5.091771
v -1.504003 2.841482 5.091572
v -1.505003 2.843712 5.088802
v -1.504003 2.842947 5.088037
v -1.505003 2.986300 5.115560
v -1.504003 2.986499 5.116560
v -1.505003 2.990499 5.111361
v -1.504003 2.991499 5.111559
v -1.505003 2.989269 5.114330
v -1.504003 2.990035 5.115095
v -1.505003 2.990499 5.091771
v -1.504003 2.991499 5.091572
v -1.505003 2.986300 5.087573
v -1.504003 2.986499 5.086573
v -1.505003 2.989269 5.088802
v -1.504003 2.990035 5.088037
v -1.468904 3.191875 4.612988
v -1.490950 3.191875 4.612988
v -1.490950 3.200850 4.611825
v -1.468904 3.200850 4.611825
v -1.490950 3.169998 4.641912
v -1.468904 3.169998 4.641912
v -1.468904 3.178665 4.620482
v -1.490950 3.178665 4.620482
v -1.490950 3.184744 4.615893
v -1.468904 3.184744 4.615893
v -1.468904 3.171156 4.633261
v -1.490950 3.171156 4.633261
v -1.490950 3.174041 4.626410
v -1.468904 3.174041 4.626410
v -1.474901 3.201875 4.622987
v -1.484952 3.201875 4.622987
v -1.484952 3.210850 4.621825
v -1.474901 3.210850 4.621825
v -1.484952 3.179998 4.651912
v -1.474901 3.179998 4.651912
v -1.474901 3.188665 4.630482
v -1.484952 3.188665 4.630482
v -1.484952 3.194744 4.625893
v -1.474901 3.194744 4.625893
v -1.474901 3.181156 4.643261
v -1.484952 3.181156 4.643261
v -1.484952 3.184041 4.636410
v -1.474901 3.184041 4.636410
v -1.474901 3.190850 5.129048
v -1.484952 3.190850 5.129048
v -1.484952 3.159998 5.098962
v -1.474901 3.159998 5.098962
v -1.474901 3.164041 5.114463
v -1.484952 3.164041 5.114463
v -1.484952 3.168665 5.120391
v -1.474901 3.168665 5.120391
v -1.474901 3.181875 5.127886
v -1.484952 3.181875 5.127886
v -1.474901 3.174744 5.124980
v -1.484952 3.174744 5.124980
v -1.484952 3.161156 5.107613
v -1.474901 3.161156 5.107613
v -1.468904 3.200850 5.119048
v -1.490950 3.200850 5.119048
v -1.490950 3.169998 5.088962
v -1.468904 3.169998 5.088962
v -1.468904 3.174041 5.104463
v -1.490950 3.174041 5.104463
v -1.490950 3.178665 5.110392
v -1.468904 3.178665 5.110392
v -1.468904 3.191875 5.117886
v -1.490950 3.191875 5.117886
v -1.468904 3.184744 5.114980
v -1.490950 3.184744 5.114980
v -1.490950 3.171156 5.097612
v -1.468904 3.171156 5.097612
v -1.474901 3.210850 5.109048
v -1.484952 3.210850 5.109048
v -1.484952 3.179998 5.078961
v -1.474901 3.179998 5.078961
v -1.474901 3.184041 5.094463
v -1.484952 3.184041 5.094463
v -1.484952 3.188665 5.100391
v -1.474901 3.188665 5.100391
v -1.474901 3.201875 5.107886
v -1.484952 3.201875 5.107886
v -1.474901 3.194744 5.104980
v -1.484952 3.194744 5.104980
v -1.484952 3.181156 5.087612
v -1.474901 3.181156 5.087612
v -1.474901 3.658549 4.616410
v -1.484952 3.658549 4.616410
v -1.484952 3.653924 4.610482
v -1.474901 3.653924 4.610482
v -1.474901 3.640714 4.602987
v -1.484952 3.640714 4.602987
v -1.484952 3.631740 4.601825
v -1.474901 3.631740 4.601825
v -1.474901 3.662591 4.631912
v -1.484952 3.662591 4.631912
v -1.484952 3.661433 4.623261
v -1.474901 3.661433 4.623261
v -1.474901 3.647845 4.605893
v -1.484952 3.647845 4.605893
v -1.468904 3.648549 4.626410
v -1.490950 3.648549 4.626410
v -1.490950 3.643924 4.620482
v -1.468904 3.643924 4.620482
v -1.468904 3.630714 4.612988
v -1.490950 3.630714 4.612988
v -1.490950 3.621740 4.611825
v -1.468904 3.621740 4.611825
v -1.468904 3.652591 4.641912
v -1.490950 3.652591 4.641912
v -1.490950 3.651433 4.633261
v -1.468904 3.651433 4.633261
v -1.468904 3.637845 4.615893
v -1.490950 3.637845 4.615893
v -1.474901 3.638549 4.636410
v -1.484952 3.638549 4.636410
v -1.484952 3.633924 4.630482
v -1.474901 3.633924 4.630482
v -1.474901 3.620714 4.622987
v -1.484952 3.620714 4.622987
v -1.484952 3.611740 4.621825
v -1.474901 3.611740 4.621825
v -1.474901 3.642591 4.651912
v -1.484952 3.642591 4.651912
v -1.484952 3.641433 4.643261
v -1.474901 3.641433 4.643261
v -1.474901 3.627845 4.625893
v -1.484952 3.627845 4.625893
v -1.484952 3.631740 5.129048
v -1.474901 3.631740 5.129048
v -1.474901 3.658548 5.114463
v -1.484952 3.658548 5.114463
v -1.484952 3.661433 5.107613
v -1.474901 3.661433 5.107613
v -1.484952 3.662591 5.098961
v -1.474901 3.662591 5.098961
v -1.474901 3.640714 5.127886
v -1.484952 3.640714 5.127886
v -1.484952 3.647845 5.124980
v -1.474901 3.647845 5.124980
v -1.474901 3.653924 5.120391
v -1.484952 3.653924 5.120391
v -1.490950 3.621740 5.119048
v -1.468904 3.621740 5.119048
v -1.468904 3.648549 5.104463
v -1.490950 3.648549 5.104463
v -1.490950 3.651433 5.097612
v -1.468904 3.651433 5.097612
v -1.490950 3.652591 5.088962
v -1.468904 3.652591 5.088962
v -1.468904 3.630714 5.117886
v -1.490950 3.630714 5.117886
v -1.490950 3.637845 5.114980
v -1.468904 3.637845 5.114980
v -1.468904 3.643924 5.110392
v -1.490950 3.643924 5.110392
v -1.484952 3.611740 5.109048
v -1.474901 3.611740 5.109048
v -1.474901 3.638548 5.094463
v -1.484952 3.638548 5.094463
v -1.484952 3.641433 5.087612
v -1.474901 3.641433 5.087612
v -1.484952 3.642591 5.078961
v -1.474901 3.642591 5.078961
v -1.474901 3.620714 5.107886
v -1.484952 3.620714 5.107886
v -1.484952 3.627845 5.104980
v -1.474901 3.627845 5.104980
v -1.474901 3.633924 5.100391
v -1.484952 3.633924 5.100391
v -1.444854 2.156490 5.166551
v -1.444854 2.156490 4.564322
v -1.464850 2.498986 5.166551
v -1.464850 2.498986 4.564322
v -1.495003 2.014906 4.874322
v -1.495003 2.024906 4.864322
v -1.495003 2.016246 4.869322
v -1.495003 2.019906 4.865662
v -1.495003 2.024906 5.114322
v -1.495003 2.014906 5.104322
v -1.495003 2.019906 5.112982
v -1.495003 2.016246 5.109322
v -1.495003 2.136490 4.864322
v -1.495003 2.146490 4.874322
v -1.495003 2.141490 4.865662
v -1.495003 2.145150 4.869322
v -1.495003 2.146490 5.104322
v -1.495003 2.136490 5.114322
v -1.495003 2.145150 5.109322
v -1.495003 2.141490 5.112982
v -1.461848 2.024906 4.864322
v -1.461848 2.014906 4.874322
v -1.461848 2.019906 4.865662
v -1.461848 2.016246 4.869322
v -1.461848 2.014906 5.104322
v -1.461848 2.024906 5.114322
v -1.461848 2.016246 5.109322
v -1.461848 2.019906 5.112982
v -1.461848 2.146490 4.874322
v -1.461848 2.136490 4.864322
v -1.461848 2.145150 4.869322
v -1.461848 2.141490 4.865662
v -1.461848 2.136490 5.114322
v -1.461848 2.146490 5.104322
v -1.461848 2.141490 5.112982
v -1.461848 2.145150 5.109322
v -1.495003 2.737990 5.159048
v -1.495003 2.837120 5.159048
v -1.495003 2.837120 4.571825
v -1.495003 2.737990 4.571825
vn -0.0000 0.2588 -0.9659
vn -0.0000 0.0654 -0.9979
vn -0.0000 0.5000 -0.8660
vn -0.0000 0.7071 -0.7071
vn -0.0000 0.8660 -0.5000
vn -0.0000 0.9659 -0.2588
vn -0.0000 0.9979 -0.0654
vn -0.0000 -0.9659 -0.2588
vn -0.0000 -0.9979 -0.0654
vn -0.0000 -0.8660 -0.5000
vn -0.0000 -0.7071 -0.7071
vn -0.0000 -0.5000 -0.8660
vn -0.0000 -0.2588 -0.9659
vn -0.0000 -0.0654 -0.9979
vn -0.0000 -0.9979 0.0654
vn -0.0000 -0.9659 0.2588
vn -0.0000 -0.8660 0.5000
vn -0.0000 -0.7071 0.7071
vn -0.0000 -0.5000 0.8660
vn -0.0000 -0.2588 0.9659
vn -0.0000 -0.0654 0.9979
vn -0.0001 0.9979 0.0655
vn -0.0000 -0.0000 -1.0000
vn -0.0000 -0.0000 1.0000
vn -0.0000 0.9659 0.2589
vn -0.0000 0.8660 0.5000
vn -0.0000 0.7071 0.7071
vn -0.0000 0.5000 0.8660
vn -0.0000 0.2588 0.9659
vn -0.0000 0.0654 0.9979
vn -0.0000 0.2550 0.9669
vn -0.0000 0.0644 0.9979
vn -0.0000 0.4941 0.8694
vn -0.0000 0.7015 0.7127
vn -0.0000 0.8626 0.5060
vn -0.0000 0.9649 0.2627
vn -0.0000 0.9978 0.0665
vn -0.0000 -0.9649 0.2627
vn -0.0000 -0.9978 0.0665
vn -0.0000 -0.8626 0.5060
vn -0.0000 -0.7015 0.7127
vn -0.0000 -0.4941 0.8694
vn -0.0000 -0.2550 0.9669
vn -0.0000 -0.0644 0.9979
vn -0.0000 0.9978 -0.0665
vn -0.0001 0.9978 0.0665
vn -0.0000 -0.9978 -0.0665
vn -0.0000 0.0644 -0.9979
vn -0.0000 -0.2550 -0.9669
vn -0.0000 -0.4941 -0.8694
vn -0.0000 -0.7015 -0.7127
vn -0.0000 -0.8626 -0.5060
vn -0.0000 -0.0644 -0.9979
vn -0.0000 -0.9649 -0.2627
vn -0.0000 0.9649 -0.2627
vn -0.0000 0.8626 -0.5060
vn -0.0000 0.7015 -0.7127
vn -0.0000 0.4941 -0.8694
vn -0.0000 0.2550 -0.9669
vn -1.0000 -0.0000 -0.0000
vn 1.0000 -0.0000 -0.0000
vn -0.0000 -0.1284 -0.9917
vn 0.7345 0.4799 0.4798
vn 0.7139 0.1366 0.6868
vn 0.7139 0.6868 0.1366
vn 0.7345 0.4798 0.4798
vn 0.7345 0.4798 -0.4798
vn 0.7139 0.1366 -0.6868
vn 0.7139 0.6868 -0.1366
vn 0.7345 -0.4798 -0.4798
vn 0.7139 -0.6868 -0.1366
vn 0.7139 -0.1366 -0.6868
vn 0.7345 -0.4798 0.4799
vn 0.7139 -0.6868 0.1366
vn 0.7140 -0.1366 0.6867
vn 0.7345 -0.4799 0.4799
vn -0.7345 -0.4798 -0.4798
vn -0.7139 -0.6868 -0.1366
vn -0.7140 -0.1366 -0.6867
vn -0.7345 0.4798 -0.4798
vn -0.7139 0.6867 -0.1366
vn -0.7139 0.1366 -0.6868
vn -0.7345 0.4798 0.4799
vn -0.7139 0.6868 0.1366
vn -0.7140 0.1366 0.6867
vn -0.7345 0.4799 0.4799
vn -0.7345 -0.4798 0.4798
vn -0.7139 -0.6868 0.1366
vn -0.7139 -0.1366 0.6868
vn -0.7139 -0.1366 -0.6867
vn -0.0000 0.9808 0.1951
vn -0.0000 0.9808 -0.1951
vn -0.0000 -0.1951 0.9808
vn -0.0000 0.1951 0.9808
vn -0.0000 0.1951 -0.9808
vn -0.0000 -0.1951 -0.9808
vn -0.0000 -0.9808 -0.1951
vn -0.0000 -0.9808 0.1951
vn -0.8753 -0.0434 -0.4816
vn -0.9988 0.0076 -0.0490
vn -0.9994 0.0132 -0.0312
vn 0.8753 -0.0434 -0.4816
vn 0.9988 0.0076 -0.0490
vn 0.9011 -0.1255 -0.4150
vn 0.9019 -0.4125 -0.1284
vn 0.9993 -0.0352 -0.0104
vn 0.9987 -0.0499 0.0072
vn 0.9166 -0.3413 -0.2084
vn 0.9995 -0.0226 -0.0233
vn 0.8758 -0.4806 -0.0447
vn 0.9994 -0.0321 0.0135
vn -0.9161 -0.2045 -0.3449
vn -0.9995 -0.0226 -0.0233
vn -0.9993 -0.0095 -0.0353
vn -0.9011 -0.1255 -0.4150
vn 0.9161 -0.2045 -0.3449
vn 0.9206 -0.2740 -0.2781
vn -0.8758 -0.4806 -0.0447
vn -0.9987 -0.0499 0.0072
vn -0.9019 -0.4125 -0.1284
vn -0.9993 -0.0352 -0.0104
vn -0.9166 -0.3413 -0.2084
vn 0.9993 -0.0095 -0.0353
vn -0.9206 -0.2740 -0.2781
vn -0.5671 0.4019 0.7189
vn -0.5445 0.2022 0.8140
vn 0.5742 0.5742 0.5836
vn -0.5742 0.5742 0.5836
vn 0.5671 0.4019 0.7189
vn -0.5085 0.0471 0.8598
vn 0.5682 0.7126 0.4116
vn 0.5460 0.8115 0.2082
vn -0.9994 -0.0321 0.0135
vn -0.5459 0.8115 0.2082
vn 0.5090 0.8594 0.0487
vn -0.5682 0.7126 0.4116
vn 0.9994 0.0132 -0.0312
vn 0.5445 0.2022 0.8140
vn 0.8758 -0.4806 0.0447
vn 0.9987 -0.0499 -0.0072
vn 0.9019 -0.4125 0.1284
vn -0.8753 -0.0434 0.4816
vn -0.9988 0.0076 0.0490
vn -0.9011 -0.1255 0.4150
vn 0.9011 -0.1255 0.4150
vn 0.9993 -0.0095 0.0353
vn 0.9988 0.0076 0.0490
vn -0.8758 -0.4806 0.0447
vn -0.9987 -0.0499 -0.0072
vn -0.9994 -0.0321 -0.0135
vn 0.9166 -0.3413 0.2084
vn 0.9995 -0.0226 0.0233
vn 0.9206 -0.2740 0.2781
vn 0.9993 -0.0352 0.0104
vn -0.9993 -0.0095 0.0353
vn -0.9161 -0.2045 0.3449
vn 0.9161 -0.2045 0.3449
vn -0.9166 -0.3413 0.2084
vn -0.9995 -0.0226 0.0233
vn -0.9993 -0.0352 0.0104
vn -0.9019 -0.4125 0.1284
vn 0.8753 -0.0434 0.4816
vn 0.9994 0.0132 0.0312
vn -0.9206 -0.2740 0.2781
vn 0.5742 0.5742 -0.5836
vn 0.5682 0.7126 -0.4116
vn -0.5671 0.4019 -0.7189
vn 0.5671 0.4019 -0.7189
vn -0.5742 0.5742 -0.5836
vn -0.5682 0.7126 -0.4116
vn -0.5460 0.8115 -0.2082
vn 0.5445 0.2022 -0.8140
vn 0.5085 0.0471 -0.8598
vn 0.9994 -0.0321 -0.0135
vn 0.5460 0.8115 -0.2082
vn -0.9994 0.0132 0.0312
vn -0.5445 0.2022 -0.8140
vn -0.5090 0.8594 -0.0487
vn 0.5091 0.8594 -0.0487
vn -0.5085 0.0471 -0.8598
vn -0.5091 0.8594 0.0487
vn 0.5085 0.0471 0.8598
vn 0.8758 0.4806 -0.0447
vn 0.9987 0.0499 0.0072
vn 0.9019 0.4125 -0.1284
vn -0.9011 0.1255 -0.4150
vn -0.9993 0.0095 -0.0353
vn -0.9161 0.2045 -0.3449
vn 0.9166 0.3413 -0.2084
vn 0.9995 0.0226 -0.0233
vn 0.9206 0.2740 -0.2781
vn 0.9161 0.2045 -0.3449
vn 0.9993 0.0095 -0.0353
vn -0.8758 0.4806 -0.0447
vn -0.9987 0.0499 0.0072
vn -0.9994 0.0321 0.0135
vn 0.9993 0.0352 -0.0104
vn -0.9166 0.3413 -0.2084
vn -0.9995 0.0226 -0.0233
vn -0.9993 0.0352 -0.0104
vn -0.9206 0.2740 -0.2781
vn 0.8753 0.0434 -0.4816
vn 0.9988 -0.0076 -0.0490
vn 0.9994 -0.0132 -0.0312
vn -0.9019 0.4125 -0.1284
vn 0.9011 0.1255 -0.4150
vn -0.8753 0.0434 -0.4816
vn -0.9988 -0.0076 -0.0490
vn -0.5459 -0.8115 0.2082
vn -0.5091 -0.8594 0.0487
vn 0.5682 -0.7126 0.4116
vn -0.5742 -0.5742 0.5836
vn -0.5682 -0.7126 0.4116
vn 0.5445 -0.2022 0.8140
vn 0.5085 -0.0471 0.8598
vn 0.5671 -0.4019 0.7189
vn -0.9994 -0.0132 -0.0312
vn -0.5445 -0.2022 0.8140
vn 0.9994 0.0321 0.0135
vn 0.5460 -0.8115 0.2082
vn -0.5671 -0.4019 0.7189
vn 0.5742 -0.5742 0.5836
vn -0.5085 -0.0471 0.8598
vn 0.5091 -0.8594 0.0487
vn 0.9019 0.4125 0.1284
vn 0.9993 0.0352 0.0104
vn 0.9987 0.0499 -0.0072
vn 0.8753 0.0434 0.4816
vn 0.9988 -0.0076 0.0490
vn 0.9011 0.1255 0.4150
vn -0.9011 0.1255 0.4150
vn -0.9993 0.0095 0.0353
vn -0.9988 -0.0076 0.0490
vn 0.9166 0.3413 0.2084
vn 0.9995 0.0226 0.0233
vn -0.9019 0.4125 0.1284
vn -0.9993 0.0352 0.0104
vn -0.9166 0.3413 0.2084
vn -0.8753 0.0434 0.4816
vn -0.9994 -0.0132 0.0312
vn 0.8758 0.4806 0.0447
vn 0.9994 0.0321 -0.0135
vn -0.9995 0.0226 0.0233
vn -0.9206 0.2740 0.2781
vn 0.9161 0.2045 0.3449
vn 0.9206 0.2740 0.2781
vn -0.8758 0.4806 0.0447
vn -0.9987 0.0499 -0.0072
vn 0.9993 0.0095 0.0353
vn -0.9161 0.2045 0.3449
vn -0.5445 -0.2022 -0.8140
vn -0.5085 -0.0471 -0.8598
vn 0.5460 -0.8115 -0.2082
vn 0.5091 -0.8594 -0.0487
vn -0.5742 -0.5742 -0.5836
vn 0.5742 -0.5742 -0.5836
vn -0.9994 0.0321 -0.0135
vn -0.5460 -0.8115 -0.2082
vn 0.5671 -0.4019 -0.7189
vn -0.5671 -0.4019 -0.7189
vn 0.5682 -0.7126 -0.4116
vn 0.9994 -0.0132 0.0312
vn 0.5445 -0.2022 -0.8140
vn -0.5682 -0.7126 -0.4116
vn -0.5090 -0.8594 -0.0487
vn 0.5085 -0.0471 -0.8598
vn 0.9983 0.0583 -0.0000
vn -0.0000 -0.1305 0.9914
vn -0.0000 -0.9914 0.1305
vn -0.0000 -0.1305 -0.9914
vn -0.0000 -0.9914 -0.1305
vn -0.0000 0.1305 -0.9914
vn -0.0000 0.9914 -0.1305
vn -0.0000 0.1305 0.9914
vn -0.0000 0.9914 0.1305
vt 0.422334 0.522357
vt 0.420544 0.525074
vt 0.420223 0.522635
vt 0.424302 0.521542
vt 0.423276 0.524630
vt 0.425991 0.520246
vt 0.425799 0.523494
vt 0.427288 0.518557
vt 0.427943 0.521743
vt 0.428102 0.516589
vt 0.429560 0.519498
vt 0.428380 0.514478
vt 0.430541 0.516910
vt 0.150139 0.516588
vt 0.144188 0.515224
vt 0.149861 0.514477
vt 0.150954 0.518556
vt 0.144853 0.518778
vt 0.152250 0.520245
vt 0.146414 0.522039
vt 0.153940 0.521541
vt 0.148767 0.524784
vt 0.155907 0.522356
vt 0.151750 0.526828
vt 0.158018 0.522634
vt 0.155160 0.528029
vt 0.149861 0.432541
vt 0.144139 0.514477
vt 0.144139 0.432541
vt 0.144466 0.429682
vt 0.144188 0.431794
vt 0.145667 0.426272
vt 0.150139 0.430429
vt 0.144852 0.428240
vt 0.147711 0.423289
vt 0.150954 0.428462
vt 0.146414 0.424979
vt 0.150456 0.420937
vt 0.152250 0.426772
vt 0.148767 0.422233
vt 0.153717 0.419375
vt 0.153940 0.425476
vt 0.151750 0.420190
vt 0.157271 0.418710
vt 0.155907 0.424661
vt 0.155160 0.418988
vt 0.430841 0.432541
vt 0.430840 0.514478
vt 0.232427 0.525094
vt 0.176550 0.528356
vt 0.158018 0.424383
vt 0.232427 0.421924
vt 0.288304 0.421924
vt 0.430542 0.430108
vt 0.428381 0.432541
vt 0.428103 0.430429
vt 0.430375 0.429488
vt 0.427288 0.428462
vt 0.429561 0.427521
vt 0.429240 0.426965
vt 0.425992 0.426773
vt 0.427943 0.425275
vt 0.427489 0.424821
vt 0.424302 0.425476
vt 0.425800 0.423525
vt 0.425244 0.423204
vt 0.422335 0.424661
vt 0.423276 0.422389
vt 0.422656 0.422223
vt 0.420224 0.424383
vt 0.420545 0.421945
vt 0.700046 0.553905
vt 0.697878 0.551497
vt 0.700317 0.551812
vt 0.699090 0.556468
vt 0.697607 0.553589
vt 0.699885 0.554517
vt 0.697511 0.558696
vt 0.696812 0.555539
vt 0.698775 0.557021
vt 0.695414 0.560438
vt 0.695548 0.557214
vt 0.697061 0.559153
vt 0.692937 0.561574
vt 0.693901 0.558499
vt 0.694855 0.560766
vt 0.692309 0.561745
vt 0.689924 0.559582
vt 0.691983 0.559307
vt 0.692309 0.281344
vt 0.689924 0.283506
vt 0.690250 0.281068
vt 0.694856 0.282322
vt 0.691983 0.283782
vt 0.692937 0.281515
vt 0.697061 0.283935
vt 0.693901 0.284589
vt 0.695414 0.282650
vt 0.698776 0.286067
vt 0.695548 0.285874
vt 0.697512 0.284393
vt 0.699885 0.288571
vt 0.696813 0.287549
vt 0.699090 0.286621
vt 0.700318 0.291276
vt 0.697607 0.289499
vt 0.700046 0.289183
vt 0.610029 0.559584
vt 0.689924 0.562042
vt 0.610029 0.562043
vt 0.697878 0.420016
vt 0.697878 0.403843
vt 0.700338 0.291592
vt 0.610029 0.281046
vt 0.689924 0.281046
vt 0.602075 0.420016
vt 0.602075 0.445202
vt 0.599615 0.551498
vt 0.602346 0.289499
vt 0.600863 0.286621
vt 0.603140 0.287549
vt 0.604404 0.285874
vt 0.604539 0.282650
vt 0.606052 0.284589
vt 0.602075 0.291592
vt 0.599906 0.289183
vt 0.602441 0.284392
vt 0.607016 0.281515
vt 0.607970 0.283782
vt 0.609703 0.281068
vt 0.610029 0.283506
vt 0.607644 0.561746
vt 0.607970 0.559308
vt 0.605097 0.560767
vt 0.606052 0.558500
vt 0.602892 0.559155
vt 0.604405 0.557215
vt 0.601177 0.557023
vt 0.603140 0.555541
vt 0.600068 0.554519
vt 0.602346 0.553591
vt 0.599635 0.551814
vt 0.602075 0.551498
vt 0.421166 0.425878
vt 0.157076 0.521139
vt 0.159168 0.521410
vt 0.610246 0.556321
vt 0.689706 0.556319
vt 0.389482 0.742309
vt 0.390236 0.741342
vt 0.394287 0.744130
vt 0.869467 0.141414
vt 0.871745 0.141808
vt 0.869965 0.142470
vt 0.801288 0.156833
vt 0.800687 0.155190
vt 0.801775 0.156045
vt 0.865650 0.257086
vt 0.804237 0.240698
vt 0.865736 0.255653
vt 0.867900 0.139939
vt 0.869866 0.139313
vt 0.868763 0.140560
vt 0.803188 0.154848
vt 0.803786 0.153097
vt 0.804237 0.154406
vt 0.872320 0.143711
vt 0.870256 0.251152
vt 0.870256 0.143951
vt 0.801288 0.238271
vt 0.799558 0.237778
vt 0.800970 0.237384
vt 0.869467 0.253689
vt 0.869866 0.255791
vt 0.868763 0.254543
vt 0.867241 0.257015
vt 0.866931 0.255531
vt 0.868613 0.256578
vt 0.867900 0.255164
vt 0.800806 0.158889
vt 0.799558 0.157326
vt 0.800970 0.157720
vt 0.865736 0.139450
vt 0.867241 0.138088
vt 0.866931 0.139572
vt 0.800806 0.236214
vt 0.803188 0.240255
vt 0.801528 0.240770
vt 0.802414 0.239726
vt 0.800687 0.239914
vt 0.801775 0.239058
vt 0.801528 0.154333
vt 0.802415 0.155377
vt 0.803786 0.242006
vt 0.802519 0.241450
vt 0.872320 0.251393
vt 0.869964 0.252634
vt 0.871745 0.253295
vt 0.799264 0.236350
vt 0.852952 0.400992
vt 0.853699 0.317428
vt 0.854590 0.401208
vt 0.774047 0.371909
vt 0.772924 0.373548
vt 0.772484 0.372289
vt 0.773895 0.370615
vt 0.772225 0.370742
vt 0.849633 0.404456
vt 0.848841 0.406019
vt 0.848361 0.404386
vt 0.777184 0.284842
vt 0.775708 0.283626
vt 0.777083 0.283316
vt 0.851012 0.314360
vt 0.851421 0.312444
vt 0.852289 0.313466
vt 0.850326 0.313555
vt 0.850376 0.311579
vt 0.851851 0.316275
vt 0.852958 0.314619
vt 0.853417 0.315876
vt 0.850622 0.404212
vt 0.852391 0.404934
vt 0.851190 0.405615
vt 0.851480 0.403730
vt 0.853381 0.403978
vt 0.848306 0.312255
vt 0.778741 0.283395
vt 0.849008 0.310788
vt 0.774867 0.373830
vt 0.774434 0.375749
vt 0.773577 0.374711
vt 0.849836 0.405982
vt 0.774158 0.286984
vt 0.772225 0.287916
vt 0.772728 0.286354
vt 0.852651 0.402183
vt 0.854110 0.402791
vt 0.775351 0.285487
vt 0.773478 0.285191
vt 0.774487 0.284266
vt 0.775547 0.374644
vt 0.775474 0.376634
vt 0.776391 0.375331
vt 0.776846 0.377451
vt 0.773839 0.288153
vt 0.777571 0.375973
vt 0.847972 0.405944
vt 0.690130 0.445202
vt 0.691118 0.471250
vt 0.689707 0.471061
vt 0.309206 0.743532
vt 0.310670 0.743722
vt 0.279779 0.748209
vt 0.256119 0.740053
vt 0.278963 0.740053
vt 0.983979 0.208360
vt 0.983553 0.208786
vt 0.983495 0.208561
vt 0.984405 0.207934
vt 0.984166 0.208511
vt 0.983979 0.204195
vt 0.983553 0.203769
vt 0.984130 0.204008
vt 0.984405 0.204621
vt 0.984180 0.204680
vt 0.960232 0.204195
vt 0.959805 0.204621
vt 0.960044 0.204045
vt 0.960658 0.203769
vt 0.960716 0.203995
vt 0.960232 0.208360
vt 0.959805 0.207934
vt 0.960031 0.207876
vt 0.960658 0.208786
vt 0.960081 0.208547
vt 0.960232 0.224324
vt 0.959805 0.223898
vt 0.960031 0.223840
vt 0.960658 0.224750
vt 0.960081 0.224511
vt 0.983979 0.224324
vt 0.984405 0.223898
vt 0.984166 0.224475
vt 0.983553 0.224750
vt 0.983494 0.224525
vt 0.983979 0.220159
vt 0.984405 0.220585
vt 0.984179 0.220644
vt 0.983553 0.219733
vt 0.984130 0.219972
vt 0.960232 0.220159
vt 0.959805 0.220585
vt 0.960044 0.220009
vt 0.960658 0.219733
vt 0.960716 0.219959
vt 0.960684 0.208791
vt 0.960716 0.208561
vt 0.984410 0.207908
vt 0.984180 0.207876
vt 0.983527 0.203764
vt 0.983495 0.203995
vt 0.959800 0.204647
vt 0.960031 0.204680
vt 0.983494 0.219959
vt 0.960684 0.219728
vt 0.983527 0.219728
vt 0.959800 0.220611
vt 0.960031 0.220644
vt 0.960716 0.224525
vt 0.983527 0.224755
vt 0.960684 0.224755
vt 0.984179 0.223840
vt 0.984410 0.220611
vt 0.984410 0.223872
vt 0.985762 0.208496
vt 0.985523 0.209073
vt 0.985879 0.207908
vt 0.984410 0.204647
vt 0.985879 0.204647
vt 0.960684 0.210260
vt 0.983527 0.208791
vt 0.983527 0.210260
vt 0.984692 0.209904
vt 0.984115 0.210143
vt 0.984115 0.202412
vt 0.983527 0.202296
vt 0.960684 0.203764
vt 0.960684 0.202296
vt 0.985523 0.203483
vt 0.984166 0.204045
vt 0.960096 0.210143
vt 0.959519 0.209904
vt 0.958332 0.204647
vt 0.959800 0.207908
vt 0.958332 0.207908
vt 0.958688 0.209073
vt 0.958449 0.208496
vt 0.958449 0.204059
vt 0.959519 0.202651
vt 0.960081 0.204008
vt 0.958449 0.220023
vt 0.958332 0.220611
vt 0.959800 0.223872
vt 0.958332 0.223872
vt 0.959519 0.218615
vt 0.960081 0.219972
vt 0.983527 0.218260
vt 0.960684 0.218260
vt 0.960096 0.226107
vt 0.959519 0.225868
vt 0.960684 0.226224
vt 0.983527 0.226224
vt 0.958688 0.225037
vt 0.958449 0.224460
vt 0.984115 0.218377
vt 0.984691 0.218615
vt 0.985878 0.223872
vt 0.985878 0.220611
vt 0.985523 0.219447
vt 0.985762 0.220023
vt 0.985762 0.224460
vt 0.984691 0.225868
vt 0.984130 0.224511
vt 0.579772 0.866127
vt 0.579571 0.868233
vt 0.578114 0.868039
vt 0.944371 0.372332
vt 0.944461 0.370156
vt 0.946002 0.372298
vt 0.950025 0.368966
vt 0.947617 0.368193
vt 0.948163 0.367076
vt 0.949415 0.370165
vt 0.946773 0.369130
vt 0.950332 0.367417
vt 0.948420 0.365664
vt 0.582517 0.866847
vt 0.581744 0.869459
vt 0.580742 0.868707
vt 0.581301 0.866343
vt 0.947334 0.371897
vt 0.948498 0.371167
vt 0.585092 0.871278
vt 0.582990 0.871553
vt 0.584864 0.869804
vt 0.582509 0.870431
vt 0.584354 0.868639
vt 0.945692 0.369803
vt 0.583557 0.867631
vt 0.579054 0.870505
vt 0.577927 0.870080
vt 0.945180 0.367262
vt 0.580010 0.871209
vt 0.944216 0.367841
vt 0.576489 0.869938
vt 0.945903 0.366407
vt 0.946350 0.365349
vt 0.583196 0.872956
vt 0.581158 0.873216
vt 0.946552 0.363969
vt 0.580726 0.872136
vt 0.942992 0.370167
vt 0.943081 0.368109
vt 0.950332 0.289075
vt 0.948210 0.289292
vt 0.950166 0.287631
vt 0.579839 0.953120
vt 0.579603 0.951022
vt 0.581358 0.952881
vt 0.947017 0.283957
vt 0.946166 0.286210
vt 0.945054 0.285575
vt 0.585092 0.947931
vt 0.582992 0.947663
vt 0.583194 0.946257
vt 0.949743 0.286472
vt 0.947094 0.287075
vt 0.949053 0.285435
vt 0.947786 0.288122
vt 0.580767 0.950531
vt 0.582562 0.952365
vt 0.948127 0.284580
vt 0.584373 0.950563
vt 0.581762 0.949768
vt 0.582518 0.948788
vt 0.584872 0.949399
vt 0.945584 0.283539
vt 0.943616 0.285139
vt 0.583588 0.951573
vt 0.945104 0.288724
vt 0.945794 0.289783
vt 0.579049 0.948751
vt 0.944179 0.287849
vt 0.580003 0.948029
vt 0.580718 0.947090
vt 0.581150 0.946001
vt 0.943064 0.287195
vt 0.941640 0.286715
vt 0.948379 0.290748
vt 0.946228 0.290971
vt 0.578147 0.951241
vt 0.577922 0.949199
vt 0.581306 0.944611
vt 0.944997 0.365056
vt 0.944819 0.365823
vt 0.944009 0.289632
vt 0.944482 0.290404
vt 0.942472 0.288573
vt 0.944422 0.366379
vt 0.943815 0.366697
vt 0.944745 0.291307
vt 0.943333 0.289015
vt 0.944837 0.292535
vt 0.946440 0.292433
vt 0.943021 0.366756
vt 0.941257 0.288247
vt 0.581312 0.874602
vt 0.941669 0.368067
vt 0.944999 0.363895
vt 0.868115 0.353787
vt 0.870237 0.353569
vt 0.868282 0.355230
vt 0.505970 0.867123
vt 0.506560 0.869474
vt 0.504766 0.867640
vt 0.868704 0.356389
vt 0.871354 0.355786
vt 0.869395 0.357426
vt 0.870320 0.358281
vt 0.872281 0.356652
vt 0.502235 0.872074
vt 0.504335 0.872341
vt 0.504134 0.873748
vt 0.870661 0.354739
vt 0.502955 0.869442
vt 0.505566 0.870237
vt 0.504809 0.871216
vt 0.503739 0.868431
vt 0.872864 0.359322
vt 0.873394 0.357286
vt 0.874831 0.357722
vt 0.502456 0.870606
vt 0.871430 0.358904
vt 0.507488 0.866885
vt 0.507725 0.868983
vt 0.506178 0.874003
vt 0.506021 0.875394
vt 0.872653 0.353078
vt 0.507324 0.871975
vt 0.506609 0.872915
vt 0.875383 0.355666
vt 0.876808 0.356146
vt 0.874268 0.355013
vt 0.509181 0.868764
vt 0.509406 0.870806
vt 0.870068 0.352113
vt 0.872220 0.351890
vt 0.508278 0.871254
vt 0.873343 0.354138
vt 0.877191 0.354614
vt 0.941865 0.366556
vt 0.875975 0.354288
vt 0.874438 0.353229
vt 0.873965 0.352457
vt 0.510845 0.870632
vt 0.873703 0.351555
vt 0.872007 0.350428
vt 0.775582 0.368971
vt 0.775710 0.370464
vt 0.803241 0.237982
vt 0.868422 0.273896
vt 0.870830 0.274668
vt 0.870284 0.275786
vt 0.874076 0.270530
vt 0.873986 0.272706
vt 0.872445 0.270563
vt 0.506027 0.953662
vt 0.506586 0.951298
vt 0.507757 0.951773
vt 0.869032 0.272696
vt 0.871674 0.273732
vt 0.502464 0.950201
vt 0.504818 0.949574
vt 0.502973 0.951366
vt 0.507556 0.953878
vt 0.509214 0.951966
vt 0.868115 0.275445
vt 0.870027 0.277197
vt 0.505583 0.950546
vt 0.503771 0.952374
vt 0.871113 0.270964
vt 0.869949 0.271695
vt 0.502235 0.948727
vt 0.504338 0.948452
vt 0.872756 0.273058
vt 0.504810 0.953158
vt 0.509401 0.949926
vt 0.510839 0.950067
vt 0.872097 0.277512
vt 0.871895 0.278892
vt 0.507318 0.948796
vt 0.873267 0.275599
vt 0.504131 0.947049
vt 0.506170 0.946789
vt 0.874232 0.275020
vt 0.508273 0.949501
vt 0.872544 0.276454
vt 0.875455 0.272695
vt 0.875367 0.274752
vt 0.506601 0.947869
vt 0.874632 0.276164
vt 0.874026 0.276482
vt 0.873451 0.277805
vt 0.873628 0.277038
vt 0.867281 0.141930
vt 0.866573 0.141259
vt 0.506016 0.945403
vt 0.875426 0.276105
vt 0.876582 0.276305
vt 0.876778 0.274795
vt 0.851324 0.399357
vt 0.852016 0.317575
vt 0.873448 0.278967
vt 0.873610 0.350327
vt 0.576483 0.949372
vt 0.199427 0.748209
vt 0.143455 0.649958
vt 0.199427 0.649958
vt 0.116766 0.658115
vt 0.117859 0.654036
vt 0.124923 0.649958
vt 0.046307 0.760530
vt 0.047152 0.765939
vt 0.046307 0.765939
vt 0.047152 0.760530
vt 0.047996 0.765939
vt 0.048841 0.760530
vt 0.048841 0.765939
vt 0.088898 0.765939
vt 0.088053 0.760530
vt 0.088898 0.760530
vt 0.088053 0.765939
vt 0.087209 0.760530
vt 0.087209 0.765939
vt 0.086364 0.760530
vt 0.107102 0.760530
vt 0.107947 0.765939
vt 0.107102 0.765939
vt 0.108791 0.760530
vt 0.108791 0.765939
vt 0.109636 0.760530
vt 0.109636 0.765939
vt 0.028103 0.765939
vt 0.027258 0.760530
vt 0.028103 0.760530
vt 0.027258 0.765939
vt 0.026414 0.760530
vt 0.026414 0.765939
vt 0.025569 0.760530
vt 0.650013 0.306526
vt 0.649795 0.305710
vt 0.147160 0.760530
vt 0.147160 0.765939
vt 0.690363 0.286690
vt 0.690581 0.287506
vt 0.086364 0.765939
vt 0.086364 0.739063
vt 0.087996 0.740694
vt 0.690707 0.420966
vt 0.690130 0.420727
vt 0.602075 0.403843
vt 0.422655 0.524796
vt 0.425243 0.523815
vt 0.427489 0.522197
vt 0.429239 0.520054
vt 0.430375 0.517531
vt 0.430819 0.514799
vt 0.144466 0.517335
vt 0.145668 0.520745
vt 0.147711 0.523728
vt 0.150456 0.526081
vt 0.153717 0.527643
vt 0.157272 0.528307
vt 0.158018 0.528356
vt 0.420223 0.525095
vt 0.312778 0.421924
vt 0.420224 0.421924
vt 0.158018 0.418661
vt 0.176550 0.418661
vt 0.430820 0.432219
vt 0.690250 0.562020
vt 0.697878 0.291592
vt 0.700338 0.551497
vt 0.697878 0.445202
vt 0.599615 0.291592
vt 0.600068 0.288571
vt 0.602892 0.283935
vt 0.599635 0.291276
vt 0.601177 0.286067
vt 0.605097 0.282322
vt 0.607644 0.281344
vt 0.609703 0.562022
vt 0.607016 0.561575
vt 0.604539 0.560440
vt 0.602441 0.558697
vt 0.600863 0.556469
vt 0.599906 0.553907
vt 0.423116 0.426673
vt 0.419074 0.425607
vt 0.424791 0.427937
vt 0.426076 0.429584
vt 0.426884 0.431503
vt 0.427159 0.433562
vt 0.426883 0.515516
vt 0.427159 0.513457
vt 0.426076 0.517434
vt 0.424791 0.519082
vt 0.423116 0.520346
vt 0.421166 0.521140
vt 0.155126 0.520344
vt 0.153451 0.519080
vt 0.152166 0.517433
vt 0.151358 0.515515
vt 0.151083 0.513456
vt 0.151358 0.431503
vt 0.151083 0.433561
vt 0.152166 0.429584
vt 0.153451 0.427937
vt 0.155125 0.426673
vt 0.157076 0.425878
vt 0.159168 0.425607
vt 0.419073 0.521411
vt 0.605527 0.552752
vt 0.605338 0.476094
vt 0.605338 0.551288
vt 0.606750 0.472475
vt 0.606001 0.473466
vt 0.605527 0.474630
vt 0.607717 0.555661
vt 0.606750 0.554907
vt 0.608835 0.556132
vt 0.691118 0.556131
vt 0.692235 0.555660
vt 0.694425 0.552750
vt 0.693203 0.554905
vt 0.693951 0.553914
vt 0.694615 0.476094
vt 0.694615 0.551286
vt 0.693951 0.473466
vt 0.693203 0.472475
vt 0.694425 0.474630
vt 0.606001 0.553915
vt 0.392991 0.745819
vt 0.391302 0.747116
vt 0.389334 0.747931
vt 0.388490 0.743058
vt 0.387327 0.743532
vt 0.387223 0.748209
vt 0.386522 0.743636
vt 0.395381 0.740051
vt 0.395102 0.742163
vt 0.390707 0.740224
vt 0.395102 0.656004
vt 0.395380 0.658115
vt 0.390707 0.657942
vt 0.390896 0.738813
vt 0.390896 0.659353
vt 0.870929 0.140419
vt 0.800025 0.156196
vt 0.868612 0.138525
vt 0.802519 0.153653
vt 0.800024 0.238908
vt 0.870929 0.254684
vt 0.799264 0.158753
vt 0.865650 0.138017
vt 0.774364 0.372912
vt 0.776210 0.285041
vt 0.849481 0.312881
vt 0.851523 0.315273
vt 0.852167 0.403041
vt 0.778406 0.284934
vt 0.774656 0.286148
vt 0.607717 0.471720
vt 0.686293 0.444963
vt 0.610246 0.471061
vt 0.686870 0.445202
vt 0.692235 0.471720
vt 0.608835 0.471249
vt 0.391302 0.651050
vt 0.392991 0.652347
vt 0.389482 0.655857
vt 0.394287 0.654036
vt 0.388490 0.655108
vt 0.390236 0.656824
vt 0.389334 0.650236
vt 0.387327 0.654634
vt 0.387223 0.649958
vt 0.310670 0.654445
vt 0.385863 0.654445
vt 0.255304 0.748209
vt 0.255304 0.739237
vt 0.255543 0.735400
vt 0.255304 0.735977
vt 0.255543 0.739814
vt 0.256119 0.735161
vt 0.278963 0.735161
vt 0.305637 0.659353
vt 0.279540 0.735400
vt 0.309206 0.654634
vt 0.308043 0.655108
vt 0.307051 0.655857
vt 0.306297 0.656824
vt 0.305826 0.657942
vt 0.305637 0.738814
vt 0.279779 0.735977
vt 0.279779 0.739237
vt 0.305826 0.740225
vt 0.306297 0.741343
vt 0.279540 0.739814
vt 0.307051 0.742310
vt 0.385863 0.743722
vt 0.386523 0.743637
vt 0.387224 0.748209
vt 0.308043 0.743058
vt 0.984130 0.208547
vt 0.960044 0.208511
vt 0.960044 0.224475
vt 0.984166 0.220009
vt 0.984692 0.202651
vt 0.985762 0.204059
vt 0.958688 0.203483
vt 0.960096 0.202412
vt 0.958688 0.219447
vt 0.960096 0.218377
vt 0.985523 0.225037
vt 0.984115 0.226107
vt 0.875114 0.353847
vt 0.776382 0.286890
vt 0.777149 0.286530
vt 0.778074 0.286496
vt 0.846231 0.313189
vt 0.847562 0.313859
vt 0.848511 0.314625
vt 0.849269 0.315537
vt 0.849832 0.316579
vt 0.850188 0.317742
vt 0.850329 0.319252
vt 0.775811 0.287530
vt 0.775480 0.288421
vt 0.775426 0.289787
vt 0.776060 0.371620
vt 0.776619 0.372662
vt 0.778336 0.374355
vt 0.777379 0.373580
vt 0.848689 0.402788
vt 0.847421 0.402363
vt 0.850392 0.402334
vt 0.849624 0.402729
vt 0.850959 0.401663
vt 0.851282 0.400745
vt 0.779684 0.375043
vt 0.779336 0.286918
vt 0.802754 0.237094
vt 0.867814 0.142904
vt 0.868119 0.144170
vt 0.868153 0.249074
vt 0.868119 0.250934
vt 0.867814 0.252199
vt 0.867281 0.253174
vt 0.866573 0.253844
vt 0.865744 0.254177
vt 0.864659 0.254080
vt 0.804727 0.239290
vt 0.803903 0.238721
vt 0.805878 0.239705
vt 0.868153 0.146029
vt 0.865744 0.140926
vt 0.804727 0.155814
vt 0.864659 0.141024
vt 0.803242 0.157122
vt 0.803903 0.156383
vt 0.802754 0.158010
vt 0.802368 0.234687
vt 0.802458 0.159037
vt 0.802368 0.160417
vt 0.802458 0.236066
vt 0.805878 0.155398
vt 0.143455 0.748209
vt 0.124923 0.748209
vt 0.116766 0.740052
vt 0.122812 0.747931
vt 0.117044 0.742163
vt 0.120845 0.747116
vt 0.119155 0.745820
vt 0.117859 0.744130
vt 0.117044 0.656004
vt 0.119155 0.652347
vt 0.120845 0.651050
vt 0.122812 0.650236
vt 0.047996 0.760530
vt 0.107947 0.760530
vt 0.025569 0.765939
vt 0.651426 0.307342
vt 0.650610 0.307123
vt 0.651426 0.285874
vt 0.688950 0.285874
vt 0.690581 0.305710
vt 0.690363 0.306526
vt 0.650610 0.286093
vt 0.689766 0.307123
vt 0.688950 0.307342
vt 0.650013 0.286690
vt 0.649795 0.287506
vt 0.689766 0.286093
vt 0.087996 0.758899
vt 0.087777 0.759714
vt 0.087180 0.760311
vt 0.048841 0.739063
vt 0.048025 0.760311
vt 0.047209 0.758899
vt 0.047428 0.759714
vt 0.047209 0.740694
vt 0.047428 0.739878
vt 0.048025 0.739281
vt 0.087180 0.739281
vt 0.087777 0.739878
vt 0.686054 0.444386
vt 0.686054 0.421543
vt 0.690707 0.444963
vt 0.690946 0.444386
vt 0.690946 0.421543
vt 0.686293 0.420966
vt 0.686870 0.420727
s 1
usemtl MovingParts
f 1383/1945/860 1337/1946/861 1378/1947/861
f 1382/1948/862 1342/1949/860 1383/1945/860
f 1381/1950/863 1341/1951/862 1382/1948/862
f 1380/1952/864 1340/1953/863 1381/1950/863
f 1379/1954/865 1339/1955/864 1380/1952/864
f 1384/1956/866 1338/1957/865 1379/1954/865
f 1393/1958/867 1344/1959/868 1392/1960/868
f 1394/1961/869 1349/1962/867 1393/1958/867
f 1395/1963/870 1348/1964/869 1394/1961/869
f 1396/1965/871 1347/1966/870 1395/1963/870
f 1397/1967/872 1346/1968/871 1396/1965/871
f 1398/1969/873 1345/1970/872 1397/1967/872
f 1399/1971/874 1344/1972/868 1329/1973/874
f 1331/1974/875 1399/1971/874 1329/1975/874
f 1332/1976/876 1400/1977/875 1331/1978/875
f 1333/1979/877 1401/1980/876 1332/1981/876
f 1334/1982/878 1402/1983/877 1333/1984/877
f 1335/1985/879 1403/1986/878 1334/1987/878
f 1330/1988/880 1404/1989/879 1335/1990/879
f 1384/1956/866 1323/1991/881 1336/1992/866
f 1794/1993/882 1792/1994/882 1398/1969/873
f 1405/1995/880 1793/1996/883 1561/1997/883
f 1328/1998/884 1391/1999/881 1390/2000/884
f 1328/2001/884 1385/2002/885 1327/2003/885
f 1327/2004/885 1386/2005/886 1326/2006/886
f 1326/2007/886 1387/2008/887 1325/2009/887
f 1325/2010/887 1388/2011/888 1324/2012/888
f 1324/2013/888 1389/2014/889 1322/2015/889
f 1424/2016/890 1441/2017/891 1412/2018/891
f 1423/2019/892 1442/2020/890 1424/2021/890
f 1422/2022/893 1443/2023/892 1423/2024/892
f 1421/2025/894 1444/2026/893 1422/2027/893
f 1420/2028/895 1445/2029/894 1421/2030/894
f 1420/2031/895 1447/2032/896 1446/2033/895
f 1427/2034/897 1455/2035/898 1419/2036/898
f 1426/2037/899 1456/2038/897 1427/2039/897
f 1425/2040/900 1457/2041/899 1426/2042/899
f 1431/2043/901 1458/2044/900 1425/2045/900
f 1432/2046/902 1459/2047/901 1431/2048/901
f 1433/2049/903 1460/2050/902 1432/2051/902
f 1440/2052/904 1428/2053/905 1411/2054/904
f 1828/2055/883 1827/2056/883 1433/2057/903
f 1455/2035/898 1430/2058/906 1419/2059/898
f 1829/2060/882 1564/2061/882 1429/2062/907
f 1453/2063/908 1416/2064/909 1452/2065/909
f 1451/2066/910 1414/2067/911 1450/2068/911
f 1454/2069/912 1417/2070/908 1453/2063/908
f 1452/2065/909 1415/2071/910 1451/2066/910
f 1450/2068/911 1413/2072/913 1448/2073/913
f 1448/2073/913 1430/2074/906 1449/2075/906
f 1440/2052/904 1410/2076/914 1439/2077/914
f 1439/2077/914 1409/2078/915 1438/2079/915
f 1438/2079/915 1408/2080/916 1437/2081/916
f 1437/2081/916 1407/2082/917 1436/2083/917
f 1436/2083/917 1406/2084/918 1434/2085/918
f 1434/2085/918 1429/2086/907 1435/2087/907
f 1424/2088/919 1389/2014/919 1388/2011/919
f 1398/1969/919 1417/2089/919 1418/2090/919
f 1440/2052/919 1356/2091/919 1363/2092/919
s 0
f 1476/2093/920 1479/2094/920 1327/2095/920
s 1
f 1492/2096/894 1364/2097/895 1493/2098/895
f 1496/2099/899 1353/2100/900 1497/2101/900
f 1377/2102/907 1501/2103/912 1500/2104/907
f 1504/2105/892 1367/2106/893 1505/2107/893
f 1508/2108/902 1351/2109/903 1509/2110/903
f 1365/2111/896 1513/2112/904 1512/2113/896
f 1516/2114/911 1362/2115/913 1517/2116/913
f 1520/2117/915 1374/2118/916 1521/2119/916
f 1376/2120/918 1500/2104/907 1524/2121/918
f 1375/2122/917 1524/2121/918 1526/2123/917
f 1528/2124/898 1355/2125/897 1529/2126/897
f 1367/2106/893 1492/2096/894 1505/2107/893
f 1532/2127/891 1369/2128/890 1533/2129/890
f 1362/2115/913 1535/2130/906 1517/2116/913
f 1364/2097/895 1512/2113/896 1493/2098/895
f 1538/2131/908 1359/2132/909 1539/2133/909
f 1374/2118/916 1526/2123/917 1521/2119/916
f 1351/2109/903 1532/2127/891 1509/2110/903
f 1360/2134/910 1516/2114/911 1542/2135/910
f 1359/2132/909 1542/2135/910 1539/2133/909
f 1355/2125/897 1496/2099/899 1529/2126/897
f 1352/2136/901 1508/2108/902 1544/2137/901
f 1353/2100/900 1544/2137/901 1497/2101/900
f 1369/2128/890 1504/2105/892 1533/2129/890
f 1538/2131/908 1357/2138/912 1358/2139/908
f 1371/2140/904 1545/2141/914 1513/2112/904
f 1372/2142/914 1520/2117/915 1545/2141/914
f 1363/2143/906 1528/2124/898 1535/2130/906
f 1536/2144/906 1470/2145/898 1478/2146/906
f 1546/2147/914 1465/2148/915 1467/2149/914
f 1514/2150/904 1467/2149/914 1468/2151/904
f 1537/2152/908 1473/2153/921 1502/2154/912
f 1534/2155/890 1488/2156/892 1487/2157/890
f 1498/2158/900 1489/2159/901 1483/2160/900
f 1543/2161/901 1484/2162/902 1489/2159/901
f 1530/2163/897 1469/2164/899 1471/2165/897
f 1540/2166/909 1476/2167/910 1475/2168/909
f 1541/2169/910 1479/2170/911 1476/2167/910
f 1510/2171/903 1486/2172/891 1485/2173/903
f 1522/2174/916 1464/2175/917 1466/2176/916
f 1474/2177/908 1540/2166/909 1475/2168/909
f 1494/2178/895 1481/2179/896 1480/2180/895
f 1518/2181/913 1478/2146/906 1477/2182/913
f 1486/2172/891 1534/2155/890 1487/2157/890
f 1506/2183/893 1490/2184/894 1482/2185/893
f 1470/2145/898 1530/2163/897 1471/2165/897
f 1525/2186/917 1463/2187/918 1464/2175/917
f 1523/2188/918 1462/2189/907 1463/2187/918
f 1465/2148/915 1522/2174/916 1466/2176/916
f 1479/2170/911 1518/2181/913 1477/2182/913
f 1511/2190/896 1468/2151/904 1481/2179/896
f 1484/2162/902 1510/2171/903 1485/2173/903
f 1488/2156/892 1506/2183/893 1482/2185/893
f 1499/2191/907 1472/2192/912 1462/2189/907
f 1469/2164/899 1498/2158/900 1483/2160/900
f 1490/2184/894 1494/2178/895 1480/2180/895
f 1583/2193/919 1372/2194/919 1371/2195/919
s 0
f 1463/2196/920 1462/2197/920 1562/2198/920
f 1562/2198/920 1572/2199/920 1565/2200/920
s 1
f 1593/2201/922 1592/2202/923 1591/2203/923
f 1593/2201/922 1590/2204/924 1594/2205/925
f 1599/2206/926 1596/2207/927 1600/2208/926
f 1599/2206/926 1598/2209/928 1597/2210/928
f 1611/2211/929 1608/2212/930 1612/2213/929
f 1611/2211/929 1610/2214/931 1609/2215/931
f 1605/2216/932 1604/2217/933 1603/2218/933
f 1605/2216/932 1602/2219/934 1606/2220/935
f 1623/2221/936 1622/2222/937 1621/2223/937
f 1623/2221/936 1620/2224/938 1624/2225/936
f 1635/2226/939 1632/2227/940 1636/2228/939
f 1635/2226/939 1634/2229/941 1633/2230/941
f 1629/2231/942 1628/2232/943 1627/2233/943
f 1629/2231/942 1626/2234/944 1630/2235/945
f 1617/2236/946 1614/2237/947 1618/2238/946
f 1617/2236/946 1616/2239/948 1615/2240/948
f 1591/2203/923 1602/2241/934 1601/2242/934
f 1597/2210/928 1590/2243/924 1589/2244/924
f 1609/2215/931 1596/2245/927 1595/2246/927
f 1603/2218/933 1608/2247/930 1607/2248/930
f 1625/2249/944 1616/2250/948 1626/2251/944
f 1621/2223/937 1614/2252/947 1613/2253/947
f 1619/2254/949 1634/2255/941 1620/2256/938
f 1631/2257/940 1628/2258/943 1632/2259/940
f 1595/2246/920 1589/2244/920 1591/2203/920
f 1594/2205/886 1566/2260/950 1567/2261/886
f 1566/2262/950 1598/2263/951 1568/2264/951
f 1572/2265/952 1592/2266/953 1565/2267/953
f 1592/2202/953 1567/2268/886 1565/2269/953
f 1569/2270/954 1600/2208/863 1596/2207/954
f 1569/2271/954 1610/2272/955 1574/2273/955
f 1570/2274/863 1598/2209/951 1600/2275/863
f 1606/2220/877 1572/2276/952 1573/2277/877
f 1575/2278/956 1604/2279/957 1571/2280/957
f 1604/2217/957 1573/2281/877 1571/2282/957
f 1575/2283/956 1612/2213/870 1608/2212/956
f 1576/2284/870 1610/2214/955 1612/2285/870
f 1619/2254/919 1613/2253/919 1615/2240/919
f 1578/2286/957 1618/2238/877 1614/2237/957
f 1578/2287/957 1622/2288/956 1580/2289/956
f 1579/2290/877 1616/2239/952 1618/2291/877
f 1584/2292/953 1616/2250/952 1577/2293/952
f 1624/2225/870 1581/2294/955 1582/2295/870
f 1581/2296/955 1634/2255/954 1586/2297/954
f 1622/2222/956 1582/2298/870 1580/2299/956
f 1630/2235/886 1584/2300/953 1585/2301/886
f 1587/2302/951 1628/2258/950 1583/2303/950
f 1628/2232/950 1585/2304/886 1583/2305/950
f 1587/2306/951 1636/2228/863 1632/2227/951
f 1588/2307/863 1634/2229/954 1636/2308/863
f 1549/2309/958 1638/2310/959 1639/2311/960
f 1550/2312/961 1637/2313/962 1547/2314/963
f 1557/2315/964 1650/2316/965 1647/2317/966
f 1560/2318/967 1643/2319/968 1650/2316/965
f 1552/2320/969 1647/2317/966 1642/2321/970
f 1555/2322/971 1644/2323/972 1645/2324/973
f 1548/2325/974 1645/2324/973 1638/2310/959
f 1556/2326/975 1643/2319/968 1553/2327/976
f 1551/2328/977 1648/2329/978 1558/2330/979
f 1558/2330/979 1649/2331/980 1559/2332/981
f 1547/2314/963 1646/2333/982 1556/2326/975
f 1559/2332/981 1644/2323/972 1554/2334/983
f 1638/2310/959 1659/2335/984 1652/2336/985
f 1646/2333/982 1657/2337/986 1643/2319/968
f 1649/2331/980 1658/2338/987 1644/2323/972
f 1637/2313/962 1660/2339/988 1646/2333/982
f 1639/2311/960 1652/2336/985 1653/2340/989
f 1650/2316/965 1657/2337/986 1664/2341/990
f 1647/2317/966 1664/2341/990 1661/2342/991
f 1641/2343/992 1662/2344/993 1648/2329/978
f 1642/2321/970 1661/2342/991 1656/2345/994
f 1648/2329/978 1663/2346/995 1649/2331/980
f 1645/2324/973 1658/2338/987 1659/2335/984
f 1640/2347/996 1651/2348/997 1637/2313/962
f 1668/2349/998 1692/2350/999 1678/2351/1000
f 1666/2352/1001 1688/2353/1002 1674/2354/1003
f 1673/2355/1004 1689/2356/1005 1687/2357/1006
f 1667/2358/1007 1691/2359/1008 1681/2360/1009
f 1669/2361/1010 1686/2362/1011 1672/2363/1012
f 1678/2351/1000 1683/2364/1013 1669/2361/1010
f 1674/2354/1003 1690/2365/1014 1676/2366/1015
f 1675/2367/1016 1686/2362/1011 1689/2356/1005
f 1670/2368/1017 1685/2369/1018 1684/2370/1019
f 1677/2371/1020 1684/2370/1019 1691/2359/1008
f 1665/2372/1021 1687/2357/1006 1679/2373/1022
f 1676/2366/1015 1685/2369/1018 1671/2374/1023
f 1683/2364/1013 1700/2375/1024 1686/2362/1011
f 1692/2350/999 1697/2376/1025 1683/2364/1013
f 1688/2353/1002 1704/2377/1026 1690/2365/1014
f 1689/2356/1005 1700/2375/1024 1703/2378/1027
f 1684/2370/1019 1699/2379/1028 1698/2380/1029
f 1691/2359/1008 1698/2380/1029 1705/2381/1030
f 1679/2373/1022 1701/2382/1031 1693/2383/1032
f 1690/2365/1014 1699/2379/1028 1685/2369/1018
f 1682/2384/1033 1706/2385/1034 1692/2350/999
f 1680/2386/1035 1702/2387/1036 1688/2353/1002
f 1687/2357/1006 1703/2378/1027 1701/2382/1031
f 1681/2360/1009 1705/2381/1030 1695/2388/1037
f 1662/2389/993 1664/2341/990 1663/2390/995
f 1699/2391/1028 1697/2376/1025 1698/2392/1029
f 1703/2378/1027 1702/2393/1036 1701/2382/1031
f 1658/2394/987 1660/2339/988 1659/2395/984
f 1658/2394/987 1664/2341/990 1657/2337/986
f 1705/2396/1030 1697/2376/1025 1706/2385/1034
f 1703/2378/1027 1699/2391/1028 1704/2397/1026
f 1695/2398/1037 1706/2385/1034 1696/2399/1038
f 1662/2389/993 1656/2345/994 1661/2342/991
f 1652/2400/985 1660/2339/988 1651/2348/997
f 1694/2401/1039 1701/2382/1031 1702/2393/1036
f 1667/2358/1007 1641/2343/992 1551/2328/977
f 1681/2360/1009 1655/2402/1040 1641/2343/992
f 1654/2403/1041 1652/2400/985 1651/2348/997
f 1696/2399/1038 1642/2321/970 1656/2345/994
f 1682/2384/1033 1552/2320/969 1642/2321/970
f 1695/2398/1037 1656/2345/994 1655/2404/1040
f 1715/2405/1042 1732/2406/1043 1718/2407/1044
f 1712/2408/1045 1734/2409/1046 1720/2410/1047
f 1707/2411/1048 1724/2412/1049 1710/2413/1050
f 1719/2414/1051 1724/2412/1049 1733/2415/1052
f 1716/2416/1053 1731/2417/1054 1730/2418/1055
f 1718/2407/1044 1721/2419/1056 1707/2411/1048
f 1708/2420/1057 1723/2421/1058 1722/2422/1059
f 1720/2410/1047 1723/2421/1058 1709/2423/1060
f 1714/2424/1061 1725/2425/1062 1728/2426/1063
f 1717/2427/1064 1722/2422/1059 1731/2417/1054
f 1711/2428/1065 1733/2415/1052 1725/2425/1062
f 1713/2429/1066 1726/2430/1067 1712/2408/1045
f 1730/2418/1055 1745/2431/1068 1744/2432/1069
f 1732/2406/1043 1735/2433/1070 1721/2419/1056
f 1722/2422/1059 1737/2434/1071 1736/2435/1072
f 1734/2409/1046 1737/2434/1071 1723/2421/1058
f 1728/2426/1063 1739/2436/1073 1742/2437/1074
f 1731/2417/1054 1736/2435/1072 1745/2431/1068
f 1725/2425/1062 1747/2438/1075 1739/2436/1073
f 1727/2439/1076 1740/2440/1077 1726/2430/1067
f 1729/2441/1078 1746/2442/1079 1732/2406/1043
f 1726/2430/1067 1748/2443/1080 1734/2409/1046
f 1721/2419/1056 1738/2444/1081 1724/2412/1049
f 1733/2415/1052 1738/2444/1081 1747/2438/1075
f 1654/2403/1041 1741/2445/1082 1653/2446/989
f 1741/2445/1082 1739/2436/1073 1740/2447/1077
f 1737/2448/1071 1735/2433/1070 1736/2449/1072
f 1737/2448/1071 1747/2438/1075 1738/2444/1081
f 1741/2450/1082 1639/2311/960 1653/2340/989
f 1728/2426/1063 1654/2403/1041 1640/2347/996
f 1714/2424/1061 1640/2347/996 1550/2312/961
f 1745/2451/1068 1735/2433/1070 1746/2442/1079
f 1743/2452/1083 1745/2451/1068 1746/2442/1079
f 1727/2439/1076 1549/2309/958 1639/2311/960
f 1747/2438/1075 1740/2447/1077 1739/2436/1073
f 1668/2453/920 1678/2454/920 1514/2150/920
f 1516/2114/919 1762/2455/919 1542/2135/919
f 1754/2456/1084 1765/2457/1085 1768/2458/1086
f 1750/2459/1087 1771/2460/1088 1757/2461/1089
f 1758/2462/1090 1773/2463/1091 1772/2464/1092
f 1751/2465/1093 1775/2466/1094 1765/2457/1085
f 1753/2467/1095 1766/2468/1096 1752/2469/1097
f 1749/2470/1098 1772/2464/1092 1763/2471/1099
f 1756/2472/1100 1768/2458/1086 1770/2473/1101
f 1752/2469/1097 1776/2474/1102 1762/2475/1103
f 1760/2476/1104 1775/2466/1094 1761/2477/1105
f 1755/2478/1106 1767/2479/1107 1753/2467/1095
f 1757/2461/1089 1774/2480/1108 1760/2476/1104
f 1759/2481/1109 1776/2474/1102 1773/2463/1091
f 1763/2471/1099 1786/2482/1110 1777/2483/1111
f 1770/2473/1101 1782/2484/1112 1784/2485/1113
f 1766/2468/1096 1790/2486/1114 1776/2474/1102
f 1774/2480/1108 1789/2487/1115 1775/2466/1094
f 1769/2488/1116 1781/2489/1117 1767/2479/1107
f 1771/2460/1088 1788/2490/1118 1774/2480/1108
f 1773/2463/1091 1790/2486/1114 1787/2491/1119
f 1768/2458/1086 1779/2492/1120 1782/2484/1112
f 1764/2493/1121 1785/2494/1122 1771/2460/1088
f 1772/2464/1092 1787/2491/1119 1786/2482/1110
f 1765/2457/1085 1789/2487/1115 1779/2492/1120
f 1767/2479/1107 1780/2495/1123 1766/2468/1096
f 1769/2488/1116 1716/2416/1053 1730/2418/1055
f 1789/2487/1115 1787/2496/1119 1790/2497/1114
f 1781/2498/1117 1779/2492/1120 1780/2499/1123
f 1554/2500/919 1555/2501/919 1504/2105/919
f 1756/2472/1100 1729/2441/1078 1715/2405/1042
f 1783/2502/1124 1730/2418/1055 1744/2432/1069
f 1787/2496/1119 1785/2494/1122 1786/2503/1110
f 1777/2504/1111 1785/2494/1122 1778/2505/1125
f 1780/2499/1123 1789/2487/1115 1790/2497/1114
f 1770/2473/1101 1743/2452/1083 1729/2441/1078
f 1756/2506/920 1527/2507/920 1536/2144/920
f 1743/2452/1083 1783/2508/1124 1744/2509/1069
f 1783/2508/1124 1782/2484/1112 1781/2498/1117
f 1749/2470/1098 1680/2386/1035 1666/2352/1001
f 1763/2471/1099 1694/2510/1039 1680/2386/1035
f 1764/2493/1121 1665/2372/1021 1679/2373/1022
f 1778/2505/1125 1679/2373/1022 1693/2383/1032
f 1777/2504/1111 1693/2383/1032 1694/2401/1039
s 0
f 1793/2511/1126 1792/2512/1126 1794/2513/1126
f 1344/2514/920 1348/2515/920 1343/2516/920
s 1
f 1820/2517/1127 1805/2518/878 1803/2519/1127
f 1822/2520/878 1806/2521/876 1805/2518/878
f 1806/2521/876 1819/2522/1128 1804/2523/1128
f 1808/2524/1129 1825/2525/871 1823/2526/1129
f 1810/2527/871 1826/2528/869 1825/2525/871
f 1809/2529/869 1824/2530/1130 1826/2528/869
f 1816/2531/1131 1801/2532/862 1799/2533/1131
f 1801/2532/862 1817/2534/864 1802/2535/864
f 1802/2535/864 1815/2536/1132 1800/2537/1132
f 1796/2538/1133 1813/2539/887 1811/2540/1133
f 1798/2541/887 1814/2542/885 1813/2539/887
f 1797/2543/885 1812/2544/1134 1814/2542/885
f 1803/2519/1127 1811/2540/1133 1820/2517/1127
f 1805/2545/919 1454/2069/919 1803/2546/919
f 1800/2537/1132 1812/2547/1134 1795/2548/1134
f 1801/2549/919 1458/2044/919 1799/2550/919
f 1799/2533/1131 1823/2526/1129 1816/2531/1131
f 1804/2523/1128 1824/2530/1130 1807/2551/1130
f 1815/2552/919 1816/2553/919 1824/2530/919
f 1828/2055/919 1579/2554/919 1578/2555/919
f 1830/2556/919 1828/2055/919 1829/2060/919
f 1383/1945/860 1342/2557/860 1337/1946/861
f 1382/1948/862 1341/2558/862 1342/1949/860
f 1381/1950/863 1340/2559/863 1341/1951/862
f 1380/1952/864 1339/2560/864 1340/1953/863
f 1379/1954/865 1338/2561/865 1339/1955/864
f 1384/1956/866 1336/2562/866 1338/1957/865
f 1393/1958/867 1349/2563/867 1344/1959/868
f 1394/1961/869 1348/2564/869 1349/1962/867
f 1395/1963/870 1347/2565/870 1348/1964/869
f 1396/1965/871 1346/2566/871 1347/1966/870
f 1397/1967/872 1345/2567/872 1346/1968/871
f 1398/1969/873 1343/2568/873 1345/1970/872
f 1399/1971/874 1392/1960/868 1344/1972/868
f 1331/1974/875 1400/1977/875 1399/1971/874
f 1332/1976/876 1401/1980/876 1400/1977/875
f 1333/1979/877 1402/1983/877 1401/1980/876
f 1334/1982/878 1403/1986/878 1402/1983/877
f 1335/1985/879 1404/1989/879 1403/1986/878
f 1330/1988/880 1405/1995/880 1404/1989/879
f 1384/1956/866 1391/1999/881 1323/1991/881
f 1792/1994/882 1343/2569/873 1398/1969/873
f 1398/1969/873 1378/1947/861 1794/1993/882
f 1378/1947/861 1337/2570/861 1794/1993/882
f 1562/2571/883 1322/2572/889 1389/2014/889
f 1405/1995/880 1330/2573/880 1791/2574/883
f 1405/1995/880 1791/2574/883 1793/1996/883
f 1562/2571/883 1389/2014/889 1561/1997/883
f 1389/2014/889 1405/1995/880 1561/1997/883
f 1328/1998/884 1323/2575/881 1391/1999/881
f 1328/2001/884 1390/2000/884 1385/2002/885
f 1327/2004/885 1385/2002/885 1386/2005/886
f 1326/2007/886 1386/2005/886 1387/2008/887
f 1325/2010/887 1387/2008/887 1388/2011/888
f 1324/2013/888 1388/2011/888 1389/2014/889
f 1424/2016/890 1442/2020/890 1441/2017/891
f 1423/2019/892 1443/2023/892 1442/2020/890
f 1422/2022/893 1444/2026/893 1443/2023/892
f 1421/2025/894 1445/2029/894 1444/2026/893
f 1420/2028/895 1446/2033/895 1445/2029/894
f 1420/2031/895 1428/2576/905 1447/2032/896
f 1427/2034/897 1456/2038/897 1455/2035/898
f 1426/2037/899 1457/2041/899 1456/2038/897
f 1425/2040/900 1458/2044/900 1457/2041/899
f 1431/2043/901 1459/2047/901 1458/2044/900
f 1432/2046/902 1460/2050/902 1459/2047/901
f 1433/2049/903 1461/2577/903 1460/2050/902
f 1440/2052/904 1447/2032/896 1428/2053/905
f 1433/2057/903 1412/2578/891 1828/2055/883
f 1412/2578/891 1441/2017/891 1563/2579/883
f 1412/2578/891 1563/2579/883 1828/2055/883
f 1827/2056/883 1461/2577/903 1433/2057/903
f 1455/2035/898 1449/2075/906 1430/2058/906
f 1429/2062/907 1418/2580/912 1829/2060/882
f 1418/2580/912 1454/2069/912 1830/2556/882
f 1418/2580/912 1830/2556/882 1829/2060/882
f 1564/2061/882 1435/2087/907 1429/2062/907
f 1453/2063/908 1417/2581/908 1416/2064/909
f 1451/2066/910 1415/2582/910 1414/2067/911
f 1454/2069/912 1418/2583/912 1417/2070/908
f 1452/2065/909 1416/2584/909 1415/2071/910
f 1450/2068/911 1414/2585/911 1413/2072/913
f 1448/2073/913 1413/2586/913 1430/2074/906
f 1440/2052/904 1411/2587/904 1410/2076/914
f 1439/2077/914 1410/2588/914 1409/2078/915
f 1438/2079/915 1409/2589/915 1408/2080/916
f 1437/2081/916 1408/2590/916 1407/2082/917
f 1436/2083/917 1407/2591/917 1406/2084/918
f 1434/2085/918 1406/2592/918 1429/2086/907
f 1388/2011/919 1387/2008/919 1423/2593/919
f 1424/2088/919 1412/2594/919 1389/2014/919
f 1388/2011/919 1423/2593/919 1424/2088/919
f 1422/2595/919 1423/2593/919 1387/2008/919
f 1387/2008/919 1386/2005/919 1422/2595/919
f 1386/2005/919 1385/2002/919 1422/2595/919
f 1385/2002/919 1390/2000/919 1421/2596/919
f 1390/2000/919 1391/1999/919 1420/2597/919
f 1391/1999/919 1384/1956/919 1428/2598/919
f 1384/1956/919 1379/1954/919 1410/2599/919
f 1428/2598/919 1384/1956/919 1411/2600/919
f 1379/1954/919 1380/1952/919 1409/2601/919
f 1380/1952/919 1381/1950/919 1408/2602/919
f 1409/2601/919 1380/1952/919 1408/2602/919
f 1381/1950/919 1382/1948/919 1408/2602/919
f 1382/1948/919 1383/1945/919 1407/2603/919
f 1408/2602/919 1382/1948/919 1407/2603/919
f 1383/1945/919 1378/1947/919 1406/2604/919
f 1378/1947/919 1398/1969/919 1418/2090/919
f 1398/1969/919 1397/1967/919 1417/2089/919
f 1397/1967/919 1396/1965/919 1416/2605/919
f 1396/1965/919 1395/1963/919 1415/2606/919
f 1395/1963/919 1394/1961/919 1415/2606/919
f 1394/1961/919 1393/1958/919 1414/2607/919
f 1393/1958/919 1392/1960/919 1413/2608/919
f 1392/1960/919 1399/1971/919 1430/2609/919
f 1399/1971/919 1400/1977/919 1427/2610/919
f 1430/2609/919 1399/1971/919 1419/2611/919
f 1400/1977/919 1401/1980/919 1426/2612/919
f 1401/1980/919 1402/1983/919 1425/2613/919
f 1402/1983/919 1403/1986/919 1425/2613/919
f 1403/1986/919 1404/1989/919 1431/2614/919
f 1404/1989/919 1405/1995/919 1432/2615/919
f 1405/1995/919 1389/2014/919 1433/2616/919
f 1389/2014/919 1412/2594/919 1433/2616/919
f 1405/1995/919 1433/2616/919 1432/2615/919
f 1401/1980/919 1425/2613/919 1426/2612/919
f 1403/1986/919 1431/2614/919 1425/2613/919
f 1393/1958/919 1413/2608/919 1414/2607/919
f 1397/1967/919 1416/2605/919 1417/2089/919
f 1390/2000/919 1420/2597/919 1421/2596/919
f 1421/2596/919 1422/2595/919 1385/2002/919
f 1404/1989/919 1432/2615/919 1431/2614/919
f 1428/2598/919 1420/2597/919 1391/1999/919
f 1411/2600/919 1384/1956/919 1410/2599/919
f 1400/1977/919 1426/2612/919 1427/2610/919
f 1409/2601/919 1410/2599/919 1379/1954/919
f 1427/2610/919 1419/2611/919 1399/1971/919
f 1392/1960/919 1430/2609/919 1413/2608/919
f 1406/2604/919 1407/2603/919 1383/1945/919
f 1394/1961/919 1414/2607/919 1415/2606/919
f 1429/2617/919 1406/2604/919 1378/1947/919
f 1418/2090/919 1429/2617/919 1378/1947/919
f 1396/1965/919 1415/2606/919 1416/2605/919
f 1434/2085/919 1435/2087/919 1350/2618/919
f 1435/2087/919 1564/2061/919 1370/2619/919
f 1351/2620/919 1435/2087/919 1370/2619/919
f 1564/2061/919 1367/2621/919 1368/2622/919
f 1564/2061/919 1368/2622/919 1369/2623/919
f 1436/2083/919 1434/2085/919 1350/2618/919
f 1435/2087/919 1351/2620/919 1350/2618/919
f 1438/2079/919 1437/2081/919 1354/2624/919
f 1437/2081/919 1436/2083/919 1353/2625/919
f 1440/2052/919 1439/2077/919 1355/2626/919
f 1439/2077/919 1438/2079/919 1354/2624/919
f 1446/2033/919 1447/2032/919 1362/2627/919
f 1447/2032/919 1440/2052/919 1363/2092/919
f 1444/2026/919 1445/2029/919 1361/2628/919
f 1445/2029/919 1446/2033/919 1362/2627/919
f 1442/2020/919 1443/2023/919 1358/2629/919
f 1443/2023/919 1444/2026/919 1360/2630/919
f 1358/2629/919 1443/2023/919 1359/2631/919
f 1563/2579/919 1441/2017/919 1377/2632/919
f 1441/2017/919 1442/2020/919 1358/2629/919
f 1357/2633/919 1441/2017/919 1358/2629/919
f 1375/2634/919 1374/2635/919 1563/2579/919
f 1376/2636/919 1375/2634/919 1563/2579/919
f 1441/2017/919 1357/2633/919 1377/2632/919
f 1445/2029/919 1362/2627/919 1361/2628/919
f 1447/2032/919 1363/2092/919 1362/2627/919
f 1439/2077/919 1354/2624/919 1355/2626/919
f 1437/2081/919 1353/2625/919 1354/2624/919
f 1564/2061/919 1369/2623/919 1370/2619/919
f 1377/2632/919 1376/2636/919 1563/2579/919
f 1359/2631/919 1443/2023/919 1360/2630/919
f 1436/2083/919 1350/2618/919 1352/2637/919
f 1436/2083/919 1352/2637/919 1353/2625/919
f 1361/2628/919 1360/2630/919 1444/2026/919
f 1440/2052/919 1355/2626/919 1356/2091/919
s 0
f 1326/2638/920 1325/2639/920 1476/2093/920
f 1325/2639/920 1324/2640/920 1475/2641/920
f 1475/2641/920 1324/2640/920 1474/2642/920
f 1324/2640/920 1322/2643/920 1474/2642/920
f 1322/2643/920 1473/2644/920 1474/2642/920
f 1327/2095/920 1326/2638/920 1476/2093/920
f 1323/2645/920 1328/2646/920 1477/2647/920
f 1328/2646/920 1327/2095/920 1479/2094/920
f 1477/2647/920 1328/2646/920 1479/2094/920
f 1338/2648/920 1336/2649/920 1471/2650/920
f 1336/2649/920 1323/2645/920 1478/2651/920
f 1470/2652/920 1471/2650/920 1336/2649/920
f 1478/2651/920 1470/2652/920 1336/2649/920
f 1478/2651/920 1323/2645/920 1477/2647/920
f 1325/2639/920 1475/2641/920 1476/2093/920
s 1
f 1492/2096/894 1366/2653/894 1364/2097/895
f 1496/2099/899 1354/2654/899 1353/2100/900
f 1377/2102/907 1357/2138/912 1501/2103/912
f 1504/2105/892 1368/2655/892 1367/2106/893
f 1508/2108/902 1350/2656/902 1351/2109/903
f 1365/2111/896 1371/2140/904 1513/2112/904
f 1516/2114/911 1361/2657/911 1362/2115/913
f 1520/2117/915 1373/2658/915 1374/2118/916
f 1376/2120/918 1377/2102/907 1500/2104/907
f 1375/2122/917 1376/2120/918 1524/2121/918
f 1528/2124/898 1356/2659/898 1355/2125/897
f 1367/2106/893 1366/2653/894 1492/2096/894
f 1532/2127/891 1370/2660/891 1369/2128/890
f 1362/2115/913 1363/2143/906 1535/2130/906
f 1364/2097/895 1365/2111/896 1512/2113/896
f 1538/2131/908 1358/2139/908 1359/2132/909
f 1374/2118/916 1375/2122/917 1526/2123/917
f 1351/2109/903 1370/2660/891 1532/2127/891
f 1360/2134/910 1361/2657/911 1516/2114/911
f 1359/2132/909 1360/2134/910 1542/2135/910
f 1355/2125/897 1354/2654/899 1496/2099/899
f 1352/2136/901 1350/2656/902 1508/2108/902
f 1353/2100/900 1352/2136/901 1544/2137/901
f 1369/2128/890 1368/2655/892 1504/2105/892
f 1538/2131/908 1501/2103/912 1357/2138/912
f 1371/2140/904 1372/2142/914 1545/2141/914
f 1372/2142/914 1373/2658/915 1520/2117/915
f 1363/2143/906 1356/2659/898 1528/2124/898
f 1536/2144/906 1527/2507/898 1470/2145/898
f 1546/2147/914 1519/2661/915 1465/2148/915
f 1514/2150/904 1546/2147/914 1467/2149/914
f 1474/2177/908 1473/2153/921 1537/2152/908
f 1473/2153/921 1472/2192/912 1502/2154/912
f 1534/2155/890 1503/2662/892 1488/2156/892
f 1498/2158/900 1543/2161/901 1489/2159/901
f 1543/2161/901 1507/2663/902 1484/2162/902
f 1530/2163/897 1495/2664/899 1469/2164/899
f 1540/2166/909 1541/2169/910 1476/2167/910
f 1541/2169/910 1515/2665/911 1479/2170/911
f 1510/2171/903 1531/2666/891 1486/2172/891
f 1522/2174/916 1525/2186/917 1464/2175/917
f 1474/2177/908 1537/2152/908 1540/2166/909
f 1494/2178/895 1511/2190/896 1481/2179/896
f 1518/2181/913 1536/2144/906 1478/2146/906
f 1486/2172/891 1531/2666/891 1534/2155/890
f 1506/2183/893 1491/2667/894 1490/2184/894
f 1470/2145/898 1527/2507/898 1530/2163/897
f 1525/2186/917 1523/2188/918 1463/2187/918
f 1523/2188/918 1499/2191/907 1462/2189/907
f 1465/2148/915 1519/2661/915 1522/2174/916
f 1479/2170/911 1515/2665/911 1518/2181/913
f 1511/2190/896 1514/2150/904 1468/2151/904
f 1484/2162/902 1507/2663/902 1510/2171/903
f 1488/2156/892 1503/2662/892 1506/2183/893
f 1499/2191/907 1502/2154/912 1472/2192/912
f 1469/2164/899 1495/2664/899 1498/2158/900
f 1490/2184/894 1491/2667/894 1494/2178/895
f 1366/2668/919 1367/2621/919 1564/2061/919
f 1564/2061/919 1588/2669/919 1365/2670/919
f 1588/2669/919 1587/2671/919 1371/2195/919
f 1365/2670/919 1588/2669/919 1371/2195/919
f 1583/2193/919 1563/2579/919 1372/2194/919
f 1563/2579/919 1374/2635/919 1373/2672/919
f 1587/2671/919 1583/2193/919 1371/2195/919
f 1563/2579/919 1373/2672/919 1372/2194/919
f 1364/2673/919 1366/2668/919 1564/2061/919
f 1365/2670/919 1364/2673/919 1564/2061/919
s 0
f 1341/2674/920 1340/2675/920 1483/2676/920
f 1340/2675/920 1339/2677/920 1483/2676/920
f 1341/2674/920 1483/2676/920 1489/2678/920
f 1339/2677/920 1338/2648/920 1469/2679/920
f 1338/2648/920 1471/2650/920 1469/2679/920
f 1342/2680/920 1341/2674/920 1489/2678/920
f 1342/2680/920 1489/2678/920 1484/2681/920
f 1794/2513/920 1337/2682/920 1486/2683/920
f 1337/2682/920 1342/2680/920 1484/2681/920
f 1486/2683/920 1337/2682/920 1485/2684/920
f 1561/2685/920 1793/2511/920 1571/2686/920
f 1793/2511/920 1794/2513/920 1576/2687/920
f 1571/2686/920 1793/2511/920 1575/2688/920
f 1573/2689/920 1572/2199/920 1561/2685/920
f 1571/2686/920 1573/2689/920 1561/2685/920
f 1337/2682/920 1484/2681/920 1485/2684/920
f 1339/2677/920 1469/2679/920 1483/2676/920
f 1575/2688/920 1793/2511/920 1576/2687/920
f 1574/2690/920 1576/2687/920 1794/2513/920
f 1569/2691/920 1574/2690/920 1481/2692/920
f 1574/2690/920 1794/2513/920 1481/2692/920
f 1570/2693/920 1569/2691/920 1481/2692/920
f 1794/2513/920 1486/2683/920 1487/2694/920
f 1794/2513/920 1487/2694/920 1488/2695/920
f 1794/2513/920 1488/2695/920 1482/2696/920
f 1794/2513/920 1482/2696/920 1490/2697/920
f 1794/2513/920 1490/2697/920 1480/2698/920
f 1794/2513/920 1480/2698/920 1481/2692/920
f 1570/2693/920 1481/2692/920 1468/2699/920
f 1568/2700/920 1570/2693/920 1468/2699/920
f 1568/2700/920 1468/2699/920 1566/2701/920
f 1468/2699/920 1467/2702/920 1566/2701/920
f 1566/2701/920 1467/2702/920 1562/2198/920
f 1467/2702/920 1465/2703/920 1562/2198/920
f 1562/2198/920 1565/2200/920 1567/2704/920
f 1567/2704/920 1566/2701/920 1562/2198/920
f 1465/2703/920 1466/2705/920 1562/2198/920
f 1472/2706/920 1473/2707/920 1322/2708/920
f 1462/2197/920 1472/2706/920 1322/2708/920
f 1562/2198/920 1466/2705/920 1464/2709/920
f 1462/2197/920 1322/2708/920 1562/2198/920
f 1562/2198/920 1464/2709/920 1463/2196/920
f 1562/2198/920 1561/2685/920 1572/2199/920
s 1
f 1593/2201/922 1594/2710/925 1592/2202/923
f 1593/2201/922 1589/2244/924 1590/2204/924
f 1599/2206/926 1595/2246/927 1596/2207/927
f 1599/2206/926 1600/2275/926 1598/2209/928
f 1611/2211/929 1607/2248/930 1608/2212/930
f 1611/2211/929 1612/2285/929 1610/2214/931
f 1605/2216/932 1606/2711/935 1604/2217/933
f 1605/2216/932 1601/2242/934 1602/2219/934
f 1623/2221/936 1624/2712/936 1622/2222/937
f 1623/2221/936 1619/2254/949 1620/2224/938
f 1635/2226/939 1631/2257/940 1632/2227/940
f 1635/2226/939 1636/2308/939 1634/2229/941
f 1629/2231/942 1630/2713/945 1628/2232/943
f 1629/2231/942 1625/2249/944 1626/2234/944
f 1617/2236/946 1613/2253/947 1614/2237/947
f 1617/2236/946 1618/2291/946 1616/2239/948
f 1591/2203/923 1592/2266/923 1602/2241/934
f 1597/2210/928 1598/2263/928 1590/2243/924
f 1609/2215/931 1610/2272/931 1596/2245/927
f 1603/2218/933 1604/2279/933 1608/2247/930
f 1625/2249/944 1615/2240/948 1616/2250/948
f 1621/2223/937 1622/2288/937 1614/2252/947
f 1619/2254/949 1633/2230/941 1634/2255/941
f 1631/2257/940 1627/2233/943 1628/2258/943
f 1609/2215/920 1595/2246/920 1591/2203/920
f 1595/2246/920 1599/2206/920 1597/2210/920
f 1589/2244/920 1595/2246/920 1597/2210/920
f 1589/2244/920 1593/2201/920 1591/2203/920
f 1591/2203/920 1601/2242/920 1609/2215/920
f 1601/2242/920 1605/2216/920 1603/2218/920
f 1609/2215/920 1601/2242/920 1607/2248/920
f 1603/2218/920 1607/2248/920 1601/2242/920
f 1607/2248/920 1611/2211/920 1609/2215/920
f 1594/2205/886 1590/2204/950 1566/2260/950
f 1566/2262/950 1590/2243/950 1598/2263/951
f 1572/2265/952 1602/2241/952 1592/2266/953
f 1592/2202/953 1594/2710/886 1567/2268/886
f 1569/2270/954 1570/2714/863 1600/2208/863
f 1569/2271/954 1596/2245/954 1610/2272/955
f 1570/2274/863 1568/2715/951 1598/2209/951
f 1606/2220/877 1602/2219/952 1572/2276/952
f 1575/2278/956 1608/2247/956 1604/2279/957
f 1604/2217/957 1606/2711/877 1573/2281/877
f 1575/2283/956 1576/2716/870 1612/2213/870
f 1576/2284/870 1574/2717/955 1610/2214/955
f 1633/2230/919 1619/2254/919 1615/2240/919
f 1619/2254/919 1623/2221/919 1621/2223/919
f 1613/2253/919 1619/2254/919 1621/2223/919
f 1613/2253/919 1617/2236/919 1615/2240/919
f 1615/2240/919 1625/2249/919 1633/2230/919
f 1625/2249/919 1629/2231/919 1627/2233/919
f 1633/2230/919 1625/2249/919 1631/2257/919
f 1627/2233/919 1631/2257/919 1625/2249/919
f 1631/2257/919 1635/2226/919 1633/2230/919
f 1578/2286/957 1579/2718/877 1618/2238/877
f 1578/2287/957 1614/2252/957 1622/2288/956
f 1579/2290/877 1577/2719/952 1616/2239/952
f 1584/2292/953 1626/2251/953 1616/2250/952
f 1624/2225/870 1620/2224/955 1581/2294/955
f 1581/2296/955 1620/2256/955 1634/2255/954
f 1622/2222/956 1624/2712/870 1582/2298/870
f 1630/2235/886 1626/2234/953 1584/2300/953
f 1587/2302/951 1632/2259/951 1628/2258/950
f 1628/2232/950 1630/2713/886 1585/2304/886
f 1587/2306/951 1588/2720/863 1636/2228/863
f 1588/2307/863 1586/2721/954 1634/2229/954
f 1549/2309/958 1548/2325/974 1638/2310/959
f 1550/2312/961 1640/2347/996 1637/2313/962
f 1557/2315/964 1560/2318/967 1650/2316/965
f 1560/2318/967 1553/2327/976 1643/2319/968
f 1552/2320/969 1557/2315/964 1647/2317/966
f 1555/2322/971 1554/2334/983 1644/2323/972
f 1548/2325/974 1555/2322/971 1645/2324/973
f 1556/2326/975 1646/2333/982 1643/2319/968
f 1551/2328/977 1641/2343/992 1648/2329/978
f 1558/2330/979 1648/2329/978 1649/2331/980
f 1547/2314/963 1637/2313/962 1646/2333/982
f 1559/2332/981 1649/2331/980 1644/2323/972
f 1638/2310/959 1645/2324/973 1659/2335/984
f 1646/2333/982 1660/2339/988 1657/2337/986
f 1649/2331/980 1663/2346/995 1658/2338/987
f 1637/2313/962 1651/2348/997 1660/2339/988
f 1639/2311/960 1638/2310/959 1652/2336/985
f 1650/2316/965 1643/2319/968 1657/2337/986
f 1647/2317/966 1650/2316/965 1664/2341/990
f 1641/2343/992 1655/2402/1040 1662/2344/993
f 1642/2321/970 1647/2317/966 1661/2342/991
f 1648/2329/978 1662/2344/993 1663/2346/995
f 1645/2324/973 1644/2323/972 1658/2338/987
f 1640/2347/996 1654/2403/1041 1651/2348/997
f 1668/2349/998 1682/2384/1033 1692/2350/999
f 1666/2352/1001 1680/2386/1035 1688/2353/1002
f 1673/2355/1004 1675/2367/1016 1689/2356/1005
f 1667/2358/1007 1677/2371/1020 1691/2359/1008
f 1669/2361/1010 1683/2364/1013 1686/2362/1011
f 1678/2351/1000 1692/2350/999 1683/2364/1013
f 1674/2354/1003 1688/2353/1002 1690/2365/1014
f 1675/2367/1016 1672/2363/1012 1686/2362/1011
f 1670/2368/1017 1671/2374/1023 1685/2369/1018
f 1677/2371/1020 1670/2368/1017 1684/2370/1019
f 1665/2372/1021 1673/2355/1004 1687/2357/1006
f 1676/2366/1015 1690/2365/1014 1685/2369/1018
f 1683/2364/1013 1697/2376/1025 1700/2375/1024
f 1692/2350/999 1706/2385/1034 1697/2376/1025
f 1688/2353/1002 1702/2387/1036 1704/2377/1026
f 1689/2356/1005 1686/2362/1011 1700/2375/1024
f 1684/2370/1019 1685/2369/1018 1699/2379/1028
f 1691/2359/1008 1684/2370/1019 1698/2380/1029
f 1679/2373/1022 1687/2357/1006 1701/2382/1031
f 1690/2365/1014 1704/2377/1026 1699/2379/1028
f 1682/2384/1033 1696/2399/1038 1706/2385/1034
f 1680/2386/1035 1694/2510/1039 1702/2387/1036
f 1687/2357/1006 1689/2356/1005 1703/2378/1027
f 1681/2360/1009 1691/2359/1008 1705/2381/1030
f 1662/2389/993 1661/2342/991 1664/2341/990
f 1699/2391/1028 1700/2375/1024 1697/2376/1025
f 1703/2378/1027 1704/2397/1026 1702/2393/1036
f 1658/2394/987 1657/2337/986 1660/2339/988
f 1658/2394/987 1663/2390/995 1664/2341/990
f 1705/2396/1030 1698/2392/1029 1697/2376/1025
f 1703/2378/1027 1700/2375/1024 1699/2391/1028
f 1695/2398/1037 1705/2396/1030 1706/2385/1034
f 1662/2389/993 1655/2404/1040 1656/2345/994
f 1652/2400/985 1659/2395/984 1660/2339/988
f 1694/2401/1039 1693/2383/1032 1701/2382/1031
f 1667/2358/1007 1681/2360/1009 1641/2343/992
f 1681/2360/1009 1695/2388/1037 1655/2402/1040
f 1654/2403/1041 1653/2446/989 1652/2400/985
f 1696/2399/1038 1682/2384/1033 1642/2321/970
f 1682/2384/1033 1668/2349/998 1552/2320/969
f 1695/2398/1037 1696/2399/1038 1656/2345/994
f 1715/2405/1042 1729/2441/1078 1732/2406/1043
f 1712/2408/1045 1726/2430/1067 1734/2409/1046
f 1707/2411/1048 1721/2419/1056 1724/2412/1049
f 1719/2414/1051 1710/2413/1050 1724/2412/1049
f 1716/2416/1053 1717/2427/1064 1731/2417/1054
f 1718/2407/1044 1732/2406/1043 1721/2419/1056
f 1708/2420/1057 1709/2423/1060 1723/2421/1058
f 1720/2410/1047 1734/2409/1046 1723/2421/1058
f 1714/2424/1061 1711/2428/1065 1725/2425/1062
f 1717/2427/1064 1708/2420/1057 1722/2422/1059
f 1711/2428/1065 1719/2414/1051 1733/2415/1052
f 1713/2429/1066 1727/2439/1076 1726/2430/1067
f 1730/2418/1055 1731/2417/1054 1745/2431/1068
f 1732/2406/1043 1746/2442/1079 1735/2433/1070
f 1722/2422/1059 1723/2421/1058 1737/2434/1071
f 1734/2409/1046 1748/2443/1080 1737/2434/1071
f 1728/2426/1063 1725/2425/1062 1739/2436/1073
f 1731/2417/1054 1722/2422/1059 1736/2435/1072
f 1725/2425/1062 1733/2415/1052 1747/2438/1075
f 1727/2439/1076 1741/2450/1082 1740/2440/1077
f 1729/2441/1078 1743/2452/1083 1746/2442/1079
f 1726/2430/1067 1740/2440/1077 1748/2443/1080
f 1721/2419/1056 1735/2433/1070 1738/2444/1081
f 1733/2415/1052 1724/2412/1049 1738/2444/1081
f 1654/2403/1041 1742/2437/1074 1741/2445/1082
f 1741/2445/1082 1742/2437/1074 1739/2436/1073
f 1737/2448/1071 1738/2444/1081 1735/2433/1070
f 1737/2448/1071 1748/2722/1080 1747/2438/1075
f 1741/2450/1082 1727/2439/1076 1639/2311/960
f 1728/2426/1063 1742/2437/1074 1654/2403/1041
f 1714/2424/1061 1728/2426/1063 1640/2347/996
f 1745/2451/1068 1736/2449/1072 1735/2433/1070
f 1743/2452/1083 1744/2509/1069 1745/2451/1068
f 1727/2439/1076 1713/2429/1066 1549/2309/958
f 1747/2438/1075 1748/2722/1080 1740/2447/1077
f 1491/2667/920 1506/2183/920 1553/2723/920
f 1506/2183/920 1503/2662/920 1553/2723/920
f 1503/2662/920 1534/2155/920 1556/2724/920
f 1534/2155/920 1531/2666/920 1547/2725/920
f 1531/2666/920 1510/2171/920 1714/2726/920
f 1510/2171/920 1507/2663/920 1711/2727/920
f 1714/2726/920 1510/2171/920 1711/2727/920
f 1507/2663/920 1543/2161/920 1719/2728/920
f 1543/2161/920 1498/2158/920 1710/2729/920
f 1498/2158/920 1495/2664/920 1710/2729/920
f 1495/2664/920 1530/2163/920 1707/2730/920
f 1530/2163/920 1527/2507/920 1718/2731/920
f 1527/2507/920 1715/2732/920 1718/2731/920
f 1543/2161/920 1710/2729/920 1719/2728/920
f 1495/2664/920 1707/2730/920 1710/2729/920
f 1534/2155/920 1547/2725/920 1556/2724/920
f 1494/2178/920 1491/2667/920 1560/2733/920
f 1514/2150/920 1511/2190/920 1668/2453/920
f 1511/2190/920 1494/2178/920 1557/2734/920
f 1668/2453/920 1511/2190/920 1552/2735/920
f 1519/2661/920 1546/2147/920 1669/2736/920
f 1546/2147/920 1514/2150/920 1678/2454/920
f 1669/2736/920 1546/2147/920 1678/2454/920
f 1525/2186/920 1522/2174/920 1672/2737/920
f 1522/2174/920 1519/2661/920 1672/2737/920
f 1499/2191/920 1523/2188/920 1673/2738/920
f 1523/2188/920 1525/2186/920 1675/2739/920
f 1673/2738/920 1523/2188/920 1675/2739/920
f 1537/2152/920 1502/2154/920 1757/2740/920
f 1502/2154/920 1499/2191/920 1750/2741/920
f 1541/2169/920 1540/2166/920 1761/2742/920
f 1540/2166/920 1537/2152/920 1760/2743/920
f 1761/2742/920 1540/2166/920 1760/2743/920
f 1518/2181/920 1515/2665/920 1751/2744/920
f 1515/2665/920 1541/2169/920 1761/2742/920
f 1751/2744/920 1515/2665/920 1761/2742/920
f 1756/2506/920 1536/2144/920 1754/2745/920
f 1536/2144/920 1518/2181/920 1754/2745/920
f 1502/2154/920 1750/2741/920 1757/2740/920
f 1750/2741/920 1499/2191/920 1665/2746/920
f 1672/2737/920 1519/2661/920 1669/2736/920
f 1530/2163/920 1718/2731/920 1707/2730/920
f 1754/2745/920 1518/2181/920 1751/2744/920
f 1507/2663/920 1719/2728/920 1711/2727/920
f 1757/2740/920 1760/2743/920 1537/2152/920
f 1531/2666/920 1714/2726/920 1550/2747/920
f 1531/2666/920 1550/2747/920 1547/2725/920
f 1665/2746/920 1499/2191/920 1673/2738/920
f 1491/2667/920 1553/2723/920 1560/2733/920
f 1503/2662/920 1556/2724/920 1553/2723/920
f 1675/2739/920 1525/2186/920 1672/2737/920
f 1494/2178/920 1560/2733/920 1557/2734/920
f 1557/2734/920 1552/2735/920 1511/2190/920
f 1516/2114/919 1752/2748/919 1762/2455/919
f 1754/2456/1084 1751/2465/1093 1765/2457/1085
f 1750/2459/1087 1764/2493/1121 1771/2460/1088
f 1758/2462/1090 1759/2481/1109 1773/2463/1091
f 1751/2465/1093 1761/2477/1105 1775/2466/1094
f 1753/2467/1095 1767/2479/1107 1766/2468/1096
f 1749/2470/1098 1758/2462/1090 1772/2464/1092
f 1756/2472/1100 1754/2456/1084 1768/2458/1086
f 1752/2469/1097 1766/2468/1096 1776/2474/1102
f 1760/2476/1104 1774/2480/1108 1775/2466/1094
f 1755/2478/1106 1769/2488/1116 1767/2479/1107
f 1757/2461/1089 1771/2460/1088 1774/2480/1108
f 1759/2481/1109 1762/2475/1103 1776/2474/1102
f 1763/2471/1099 1772/2464/1092 1786/2482/1110
f 1770/2473/1101 1768/2458/1086 1782/2484/1112
f 1766/2468/1096 1780/2495/1123 1790/2486/1114
f 1774/2480/1108 1788/2490/1118 1789/2487/1115
f 1769/2488/1116 1783/2502/1124 1781/2489/1117
f 1771/2460/1088 1785/2494/1122 1788/2490/1118
f 1773/2463/1091 1776/2474/1102 1790/2486/1114
f 1768/2458/1086 1765/2457/1085 1779/2492/1120
f 1764/2493/1121 1778/2505/1125 1785/2494/1122
f 1772/2464/1092 1773/2463/1091 1787/2491/1119
f 1765/2457/1085 1775/2466/1094 1789/2487/1115
f 1767/2479/1107 1781/2489/1117 1780/2495/1123
f 1769/2488/1116 1755/2478/1106 1716/2416/1053
f 1789/2487/1115 1788/2490/1118 1787/2496/1119
f 1781/2498/1117 1782/2484/1112 1779/2492/1120
f 1505/2107/919 1492/2096/919 1554/2500/919
f 1492/2096/919 1493/2098/919 1559/2749/919
f 1493/2098/919 1512/2113/919 1558/2750/919
f 1512/2113/919 1513/2112/919 1667/2751/919
f 1513/2112/919 1545/2141/919 1677/2752/919
f 1545/2141/919 1520/2117/919 1670/2753/919
f 1677/2752/919 1545/2141/919 1670/2753/919
f 1520/2117/919 1521/2119/919 1671/2754/919
f 1521/2119/919 1526/2123/919 1671/2754/919
f 1526/2123/919 1524/2121/919 1676/2755/919
f 1524/2121/919 1500/2104/919 1674/2756/919
f 1500/2104/919 1501/2103/919 1666/2757/919
f 1501/2103/919 1538/2131/919 1758/2758/919
f 1758/2758/919 1538/2131/919 1759/2759/919
f 1538/2131/919 1539/2133/919 1759/2759/919
f 1539/2133/919 1542/2135/919 1762/2455/919
f 1759/2759/919 1539/2133/919 1762/2455/919
f 1666/2757/919 1501/2103/919 1749/2760/919
f 1524/2121/919 1674/2756/919 1676/2755/919
f 1512/2113/919 1667/2751/919 1551/2761/919
f 1667/2751/919 1513/2112/919 1677/2752/919
f 1504/2105/919 1505/2107/919 1554/2500/919
f 1492/2096/919 1559/2749/919 1554/2500/919
f 1532/2127/919 1533/2129/919 1548/2762/919
f 1533/2129/919 1504/2105/919 1555/2501/919
f 1548/2762/919 1533/2129/919 1555/2501/919
f 1508/2108/919 1509/2110/919 1712/2763/919
f 1509/2110/919 1532/2127/919 1549/2764/919
f 1497/2101/919 1544/2137/919 1709/2765/919
f 1544/2137/919 1508/2108/919 1720/2766/919
f 1709/2765/919 1544/2137/919 1720/2766/919
f 1529/2126/919 1496/2099/919 1708/2767/919
f 1496/2099/919 1497/2101/919 1709/2765/919
f 1708/2767/919 1496/2099/919 1709/2765/919
f 1535/2130/919 1528/2124/919 1755/2768/919
f 1528/2124/919 1529/2126/919 1717/2769/919
f 1755/2768/919 1528/2124/919 1716/2770/919
f 1516/2114/919 1517/2116/919 1752/2748/919
f 1517/2116/919 1535/2130/919 1753/2771/919
f 1753/2771/919 1752/2748/919 1517/2116/919
f 1755/2768/919 1753/2771/919 1535/2130/919
f 1509/2110/919 1549/2764/919 1713/2772/919
f 1549/2764/919 1532/2127/919 1548/2762/919
f 1758/2758/919 1749/2760/919 1501/2103/919
f 1716/2770/919 1528/2124/919 1717/2769/919
f 1500/2104/919 1666/2757/919 1674/2756/919
f 1708/2767/919 1717/2769/919 1529/2126/919
f 1526/2123/919 1676/2755/919 1671/2754/919
f 1520/2117/919 1671/2754/919 1670/2753/919
f 1712/2763/919 1720/2766/919 1508/2108/919
f 1713/2772/919 1712/2763/919 1509/2110/919
f 1512/2113/919 1551/2761/919 1558/2750/919
f 1493/2098/919 1558/2750/919 1559/2749/919
f 1756/2472/1100 1770/2473/1101 1729/2441/1078
f 1783/2502/1124 1769/2488/1116 1730/2418/1055
f 1787/2496/1119 1788/2490/1118 1785/2494/1122
f 1777/2504/1111 1786/2503/1110 1785/2494/1122
f 1780/2499/1123 1779/2492/1120 1789/2487/1115
f 1770/2473/1101 1784/2485/1113 1743/2452/1083
f 1756/2506/920 1715/2732/920 1527/2507/920
f 1743/2452/1083 1784/2485/1113 1783/2508/1124
f 1783/2508/1124 1784/2485/1113 1782/2484/1112
f 1749/2470/1098 1763/2471/1099 1680/2386/1035
f 1763/2471/1099 1777/2483/1111 1694/2510/1039
f 1764/2493/1121 1750/2459/1087 1665/2372/1021
f 1778/2505/1125 1764/2493/1121 1679/2373/1022
f 1777/2504/1111 1778/2505/1125 1693/2383/1032
s 0
f 1793/2511/1126 1791/2773/1126 1792/2512/1126
f 1343/2516/920 1792/2512/920 1344/2514/920
f 1792/2512/920 1791/2773/920 1344/2514/920
f 1791/2773/920 1330/2774/920 1329/2775/920
f 1330/2774/920 1335/2776/920 1331/2777/920
f 1335/2776/920 1334/2778/920 1333/2779/920
f 1333/2779/920 1332/2780/920 1331/2777/920
f 1331/2777/920 1329/2775/920 1330/2774/920
f 1329/2775/920 1344/2514/920 1791/2773/920
f 1344/2514/920 1349/2781/920 1348/2515/920
f 1348/2515/920 1347/2782/920 1343/2516/920
f 1347/2782/920 1346/2783/920 1343/2516/920
f 1346/2783/920 1345/2784/920 1343/2516/920
f 1335/2776/920 1333/2779/920 1331/2777/920
s 1
f 1820/2517/1127 1822/2520/878 1805/2518/878
f 1822/2520/878 1821/2785/876 1806/2521/876
f 1806/2521/876 1821/2785/876 1819/2522/1128
f 1808/2524/1129 1810/2527/871 1825/2525/871
f 1810/2527/871 1809/2529/869 1826/2528/869
f 1809/2529/869 1807/2551/1130 1824/2530/1130
f 1816/2531/1131 1818/2786/862 1801/2532/862
f 1801/2532/862 1818/2786/862 1817/2534/864
f 1802/2535/864 1817/2534/864 1815/2536/1132
f 1796/2538/1133 1798/2541/887 1813/2539/887
f 1798/2541/887 1797/2543/885 1814/2542/885
f 1797/2543/885 1795/2787/1134 1812/2544/1134
f 1803/2519/1127 1796/2538/1133 1811/2540/1133
f 1827/2056/919 1830/2556/919 1804/2788/919
f 1830/2556/919 1454/2069/919 1806/2789/919
f 1454/2069/919 1453/2063/919 1449/2075/919
f 1453/2063/919 1452/2065/919 1449/2075/919
f 1452/2065/919 1451/2066/919 1449/2075/919
f 1451/2066/919 1450/2068/919 1449/2075/919
f 1450/2068/919 1448/2073/919 1449/2075/919
f 1449/2075/919 1455/2035/919 1795/2790/919
f 1455/2035/919 1456/2038/919 1800/2791/919
f 1795/2790/919 1455/2035/919 1800/2791/919
f 1456/2038/919 1457/2041/919 1800/2791/919
f 1457/2041/919 1458/2044/919 1800/2791/919
f 1808/2792/919 1461/2577/919 1810/2793/919
f 1461/2577/919 1827/2056/919 1810/2793/919
f 1830/2556/919 1806/2789/919 1804/2788/919
f 1806/2789/919 1454/2069/919 1805/2545/919
f 1449/2075/919 1795/2790/919 1797/2794/919
f 1809/2795/919 1810/2793/919 1827/2056/919
f 1807/2796/919 1809/2795/919 1827/2056/919
f 1449/2075/919 1797/2794/919 1798/2797/919
f 1449/2075/919 1798/2797/919 1796/2798/919
f 1804/2788/919 1807/2796/919 1827/2056/919
f 1449/2075/919 1796/2798/919 1803/2546/919
f 1449/2075/919 1803/2546/919 1454/2069/919
f 1800/2537/1132 1815/2536/1132 1812/2547/1134
f 1802/2799/919 1800/2791/919 1458/2044/919
f 1458/2044/919 1459/2047/919 1799/2550/919
f 1459/2047/919 1460/2050/919 1799/2550/919
f 1460/2050/919 1461/2577/919 1799/2550/919
f 1461/2577/919 1808/2792/919 1799/2550/919
f 1802/2799/919 1458/2044/919 1801/2549/919
f 1799/2533/1131 1808/2524/1129 1823/2526/1129
f 1804/2523/1128 1819/2522/1128 1824/2530/1130
f 1816/2553/919 1823/2800/919 1824/2530/919
f 1823/2800/919 1825/2801/919 1824/2530/919
f 1825/2801/919 1826/2802/919 1824/2530/919
f 1824/2530/919 1819/2522/919 1812/2803/919
f 1819/2522/919 1821/2804/919 1820/2805/919
f 1821/2804/919 1822/2806/919 1820/2805/919
f 1820/2805/919 1811/2807/919 1812/2803/919
f 1811/2807/919 1813/2808/919 1812/2803/919
f 1813/2808/919 1814/2809/919 1812/2803/919
f 1812/2803/919 1815/2552/919 1824/2530/919
f 1815/2552/919 1817/2810/919 1816/2553/919
f 1817/2810/919 1818/2811/919 1816/2553/919
f 1819/2522/919 1820/2805/919 1812/2803/919
f 1588/2669/919 1564/2061/919 1586/2812/919
f 1564/2061/919 1829/2060/919 1581/2813/919
f 1586/2812/919 1564/2061/919 1581/2813/919
f 1563/2579/919 1583/2193/919 1585/2814/919
f 1563/2579/919 1585/2814/919 1584/2815/919
f 1828/2055/919 1563/2579/919 1577/2816/919
f 1563/2579/919 1584/2815/919 1577/2816/919
f 1582/2817/919 1581/2813/919 1829/2060/919
f 1580/2818/919 1582/2817/919 1829/2060/919
f 1828/2055/919 1577/2816/919 1579/2554/919
f 1578/2555/919 1580/2818/919 1828/2055/919
f 1580/2818/919 1829/2060/919 1828/2055/919
f 1830/2556/919 1827/2056/919 1828/2055/919
o SwivelHandle.021
v -1.454849 2.926490 5.101567
v -1.454849 2.923561 5.094496
v -1.454849 2.916490 5.091567
v -1.454849 2.909419 5.094496
v -1.454849 2.906490 5.101567
v -1.454849 2.909419 5.108638
v -1.454849 2.916490 5.111567
v -1.454849 2.923561 5.108638
v -1.434849 2.923561 5.094496
v -1.434849 2.916490 5.091567
v -1.434849 2.909419 5.094496
v -1.424849 2.925486 5.101377
v -1.425849 2.926490 5.101567
v -1.425142 2.926196 5.101511
v -1.425849 2.906490 5.101567
v -1.424849 2.907494 5.101377
v -1.425142 2.906784 5.101511
v -1.424849 2.910184 5.107873
v -1.425849 2.909419 5.108638
v -1.425142 2.909643 5.108414
v -1.424849 2.916490 5.110485
v -1.425849 2.916490 5.111567
v -1.425142 2.916490 5.111250
v -1.424849 2.922796 5.107873
v -1.425849 2.923561 5.108638
v -1.425142 2.923337 5.108414
v -1.433846 2.926490 5.101567
v -1.434849 2.925465 5.099093
v -1.435849 2.926490 5.101567
v -1.434555 2.926190 5.100843
v -1.434849 2.907515 5.099093
v -1.433846 2.906490 5.101567
v -1.435849 2.906490 5.101567
v -1.434555 2.906790 5.100843
v -1.424849 2.922568 4.944896
v -1.425849 2.923561 4.944496
v -1.425142 2.923270 4.944613
v -1.424849 2.916490 4.942576
v -1.425849 2.916490 4.941567
v -1.425142 2.916490 4.941863
v -1.424849 2.910412 4.944896
v -1.425849 2.909419 4.944496
v -1.425142 2.909709 4.944613
v -1.429849 2.922569 4.944897
v -1.428849 2.923561 4.944496
v -1.429556 2.923270 4.944613
v -1.429849 2.916490 4.942576
v -1.428849 2.916490 4.941567
v -1.429556 2.916490 4.941863
v -1.429849 2.910411 4.944897
v -1.428849 2.909419 4.944496
v -1.429556 2.909709 4.944613
v -1.429849 2.912020 4.943161
v -1.428849 2.911532 4.942216
v -1.429556 2.911675 4.942493
v -1.429849 2.920960 4.943161
v -1.428849 2.921448 4.942216
v -1.429556 2.921305 4.942493
v -1.428849 2.907959 5.019517
v -1.429849 2.908954 5.019496
v -1.429556 2.908249 5.019503
v -1.428849 2.925020 5.019517
v -1.429849 2.924025 5.019496
v -1.429556 2.924731 5.019503
v -1.430590 2.907226 5.060593
v -1.431363 2.908297 5.055232
v -1.431230 2.907538 5.058997
v -1.430590 2.925753 5.060593
v -1.431363 2.924663 5.055233
v -1.431230 2.925436 5.058998
v -1.424849 2.920960 4.943161
v -1.425849 2.921448 4.942216
v -1.425142 2.921305 4.942493
v -1.424849 2.912020 4.943161
v -1.425849 2.911532 4.942216
v -1.425142 2.911675 4.942493
vn -0.7688 -0.0000 -0.6395
vn -0.0000 -0.7071 -0.7071
vn -0.0000 -0.0000 -1.0000
vn -0.7359 0.5020 -0.4543
vn -0.0000 0.7071 -0.7071
vn -0.0511 0.9896 0.1348
vn -0.1906 0.9478 -0.2555
vn -0.0000 1.0000 -0.0000
vn -0.4854 0.8303 -0.2738
vn -0.4855 -0.8302 -0.2738
vn -0.1906 -0.9478 -0.2555
vn -0.0000 -1.0000 -0.0000
vn -0.0511 -0.9896 0.1348
vn 0.1941 -0.9639 0.1826
vn 0.6824 -0.5169 0.5169
vn 0.1994 -0.6929 0.6929
vn 0.6883 -0.7128 0.1349
vn 0.9744 -0.1590 0.1590
vn 0.6824 -0.0000 0.7310
vn 0.1994 -0.0000 0.9799
vn 0.9744 -0.0000 0.2248
vn 0.6824 0.5169 0.5169
vn 0.1994 0.6929 0.6929
vn 0.9744 0.1590 0.1590
vn 0.1941 0.9639 0.1826
vn 0.6883 0.7128 0.1349
vn 0.9765 0.2116 0.0400
vn 0.6826 -0.6778 -0.2732
vn 0.9746 -0.2078 -0.0837
vn 0.9765 -0.2116 0.0400
vn 0.1975 0.4498 -0.8710
vn 0.6826 0.6778 -0.2732
vn 0.6828 0.3352 -0.6491
vn 0.9746 0.2078 -0.0837
vn 0.9747 0.1025 -0.1985
vn 0.1935 -0.0000 -0.9811
vn 0.6828 -0.3352 -0.6491
vn 0.1975 -0.4498 -0.8710
vn 0.6937 -0.0000 -0.7202
vn 0.9747 -0.1025 -0.1985
vn -0.1975 -0.4498 -0.8710
vn -0.6826 -0.6777 -0.2734
vn -0.6828 -0.3352 -0.6491
vn -0.9746 -0.2077 -0.0838
vn -0.9747 -0.1025 -0.1985
vn -0.1935 -0.0000 -0.9811
vn -0.6828 0.3352 -0.6491
vn -0.1975 0.4498 -0.8710
vn -0.6937 -0.0000 -0.7202
vn -0.9747 0.1025 -0.1985
vn -0.7021 -0.7115 -0.0283
vn -0.9803 -0.1960 -0.0245
vn -0.1805 -0.9833 -0.0224
vn 0.1982 0.9091 -0.3664
vn -0.1697 0.9852 -0.0228
vn -0.6826 0.6777 -0.2734
vn -0.7021 0.7115 -0.0283
vn -0.9746 0.2077 -0.0838
vn -0.9803 0.1961 -0.0244
vn -0.9779 -0.0000 -0.2090
vn -0.1981 0.9091 -0.3665
vn -0.6401 -0.7662 -0.0572
vn -0.1762 -0.9839 -0.0306
vn -0.9765 -0.2072 -0.0595
vn -0.1793 0.9833 -0.0308
vn -0.6458 0.7614 -0.0576
vn -0.9772 0.2036 -0.0595
vn 0.9779 -0.0000 -0.2090
vn 0.1983 -0.9090 -0.3665
vn -0.0000 -0.7071 0.7071
vn -0.0000 -0.0000 1.0000
vn -0.0000 0.7071 0.7071
vn -0.7360 -0.5019 -0.4543
vn -0.1982 -0.9090 -0.3667
vt 0.968517 0.309333
vt 0.967245 0.306006
vt 0.968518 0.306006
vt 0.959606 0.309333
vt 0.958332 0.306006
vt 0.959605 0.306006
vt 0.960879 0.309500
vt 0.960748 0.309382
vt 0.960879 0.309166
vt 0.960434 0.309333
vt 0.966416 0.309333
vt 0.966102 0.309382
vt 0.965971 0.309166
vt 0.965971 0.309500
vt 0.965969 0.310832
vt 0.964696 0.310956
vt 0.964697 0.310828
vt 0.960117 0.115036
vt 0.959000 0.115548
vt 0.958909 0.115442
vt 0.963425 0.310957
vt 0.963425 0.310828
vt 0.958478 0.116585
vt 0.958332 0.116576
vt 0.962154 0.310956
vt 0.962153 0.310828
vt 0.958865 0.117680
vt 0.958761 0.117773
vt 0.960881 0.310832
vt 0.960892 0.310961
vt 0.959910 0.118327
vt 0.959941 0.118197
vt 0.960121 0.114903
vt 0.986426 0.117289
vt 0.986342 0.117351
vt 0.960131 0.115169
vt 0.986616 0.119132
vt 0.986296 0.119357
vt 0.986538 0.119082
vt 0.986221 0.119285
vt 0.986455 0.119030
vt 0.986829 0.118352
vt 0.986630 0.117592
vt 0.986714 0.117552
vt 0.986716 0.118345
vt 0.986542 0.117633
vt 0.987144 0.117352
vt 0.986782 0.116755
vt 0.987281 0.117279
vt 0.987183 0.116464
vt 0.986743 0.116624
vt 0.987069 0.116386
vt 0.987345 0.118384
vt 0.987148 0.119475
vt 0.987019 0.119385
vt 0.987392 0.115655
vt 0.987252 0.114868
vt 0.987381 0.114819
vt 0.973981 0.115466
vt 0.974005 0.115334
vt 0.973959 0.115598
vt 0.959897 0.118460
vt 0.986360 0.119418
vt 0.973707 0.119474
vt 0.986587 0.119940
vt 0.973706 0.119604
vt 0.974367 0.112666
vt 0.986990 0.114560
vt 0.974350 0.112793
vt 0.987507 0.118394
vt 0.987261 0.115639
vt 0.986527 0.119821
vt 0.987057 0.114438
vt 0.960672 0.113393
vt 0.967348 0.114589
vt 0.960364 0.113469
vt 0.967071 0.114690
vt 0.960233 0.113573
vt 0.967994 0.114541
vt 0.966773 0.119513
vt 0.959966 0.119940
vt 0.959848 0.119807
vt 0.967831 0.111573
vt 0.961180 0.110443
vt 0.960920 0.110254
vt 0.967039 0.119640
vt 0.968428 0.111815
vt 0.986603 0.118338
vt 0.986498 0.117237
vt 0.964698 0.306005
vt 0.963425 0.306005
vt 0.962152 0.306005
vt 0.961882 0.110892
vt 0.967244 0.309333
vt 0.965972 0.306006
vt 0.961484 0.113218
vt 0.986710 0.116863
vt 0.962166 0.112142
vt 0.958333 0.309333
vt 0.965958 0.310961
vt 0.960878 0.306006
s 1
usemtl Chrome
f 1840/2819/1135 1834/2820/1136 1833/2821/1137
f 1839/2822/1138 1833/2823/1137 1832/2824/1139
f 1857/2825/1140 1860/2826/1141 1859/2827/1142
f 1860/2826/1141 1858/2828/1143 1859/2827/1142
f 1861/2829/1144 1864/2830/1145 1863/2831/1146
f 1864/2830/1145 1862/2832/1147 1863/2831/1146
f 1845/2833/1148 1850/2834/1149 1849/2835/1150
f 1847/2836/1151 1848/2837/1152 1850/2838/1149
f 1849/2835/1150 1853/2839/1153 1852/2840/1154
f 1850/2838/1149 1851/2841/1155 1853/2842/1153
f 1852/2840/1154 1856/2843/1156 1855/2844/1157
f 1853/2842/1153 1854/2845/1158 1856/2846/1156
f 1843/2847/1159 1856/2843/1156 1844/2848/1160
f 1844/2849/1160 1854/2845/1158 1842/2850/1161
f 1845/2851/1148 1873/2852/1162 1847/2836/1151
f 1847/2836/1151 1871/2853/1163 1846/2854/1164
f 1902/2855/1165 1867/2856/1166 1903/2857/1167
f 1903/2857/1167 1865/2858/1168 1901/2859/1169
f 1869/2860/1170 1906/2861/1171 1905/2862/1172
f 1870/2863/1173 1904/2864/1174 1906/2861/1171
f 1884/2865/1175 1882/2866/1176 1885/2867/1177
f 1885/2868/1177 1880/2869/1178 1883/2870/1179
f 1878/2871/1180 1888/2872/1181 1887/2873/1182
f 1879/2874/1183 1886/2875/1184 1888/2876/1181
f 1880/2869/1178 1891/2877/1185 1890/2878/1186
f 1882/2866/1176 1889/2879/1187 1891/2877/1185
f 1843/2880/1159 1867/2856/1166 1866/2881/1188
f 1844/2849/1160 1865/2858/1168 1867/2856/1166
f 1892/2882/1189 1876/2883/1190 1894/2884/1191
f 1894/2885/1191 1874/2886/1192 1893/2887/1193
f 1878/2871/1180 1885/2867/1177 1879/2888/1183
f 1879/2874/1183 1883/2870/1179 1877/2889/1194
f 1887/2873/1182 1876/2883/1190 1875/2890/1195
f 1888/2876/1181 1874/2886/1192 1876/2891/1190
f 1861/2892/1144 1897/2893/1196 1864/2894/1145
f 1864/2894/1145 1895/2895/1197 1862/2896/1147
f 1896/2897/1198 1891/2877/1185 1897/2893/1196
f 1897/2893/1196 1889/2879/1187 1895/2895/1197
f 1898/2898/1199 1860/2899/1141 1857/2900/1140
f 1900/2901/1200 1858/2902/1143 1860/2903/1141
f 1892/2882/1189 1900/2904/1200 1898/2898/1199
f 1894/2885/1191 1899/2905/1201 1900/2901/1200
f 1869/2860/1170 1903/2857/1167 1870/2863/1173
f 1870/2863/1173 1901/2859/1169 1868/2906/1202
f 1905/2862/1172 1873/2852/1162 1872/2907/1203
f 1906/2861/1171 1871/2853/1163 1873/2852/1162
f 1843/2880/1159 1875/2890/1195 1892/2882/1189
f 1855/2844/1157 1857/2825/1140 1859/2827/1142
f 1868/2906/1202 1854/2845/1158 1848/2837/1152
f 1845/2851/1148 1889/2879/1187 1872/2907/1203
f 1862/2832/1147 1849/2835/1150 1836/2908/1204
f 1849/2835/1150 1837/2909/1205 1836/2908/1204
f 1852/2840/1154 1838/2910/1206 1837/2909/1205
f 1859/2827/1142 1839/2822/1138 1832/2824/1139
f 1839/2911/1138 1858/2902/1143 1899/2905/1201
f 1841/2912/1207 1863/2831/1146 1835/2913/1146
f 1861/2892/1144 1841/2914/1207 1896/2897/1198
f 1866/2881/1188 1887/2873/1182 1875/2890/1195
f 1869/2860/1170 1884/2865/1175 1878/2871/1180
f 1902/2855/1165 1878/2871/1180 1887/2873/1182
f 1905/2862/1172 1881/2915/1208 1884/2865/1175
f 1893/2887/1193 1886/2875/1184 1883/2870/1179
f 1899/2905/1201 1890/2878/1186 1896/2897/1198
f 1841/2914/1207 1840/2916/1135 1896/2897/1198
f 1896/2897/1198 1840/2916/1135 1899/2905/1201
f 1840/2916/1135 1839/2911/1138 1899/2905/1201
f 1840/2819/1135 1841/2912/1207 1834/2820/1136
f 1839/2822/1138 1840/2917/1135 1833/2823/1137
f 1845/2833/1148 1847/2918/1151 1850/2834/1149
f 1847/2836/1151 1846/2854/1164 1848/2837/1152
f 1849/2835/1150 1850/2834/1149 1853/2839/1153
f 1850/2838/1149 1848/2837/1152 1851/2841/1155
f 1852/2840/1154 1853/2839/1153 1856/2843/1156
f 1853/2842/1153 1851/2841/1155 1854/2845/1158
f 1843/2847/1159 1855/2844/1157 1856/2843/1156
f 1844/2849/1160 1856/2846/1156 1854/2845/1158
f 1845/2851/1148 1872/2907/1203 1873/2852/1162
f 1847/2836/1151 1873/2852/1162 1871/2853/1163
f 1902/2855/1165 1866/2881/1188 1867/2856/1166
f 1903/2857/1167 1867/2856/1166 1865/2858/1168
f 1869/2860/1170 1870/2863/1173 1906/2861/1171
f 1870/2863/1173 1868/2906/1202 1904/2864/1174
f 1884/2865/1175 1881/2915/1208 1882/2866/1176
f 1885/2868/1177 1882/2866/1176 1880/2869/1178
f 1878/2871/1180 1879/2888/1183 1888/2872/1181
f 1879/2874/1183 1877/2889/1194 1886/2875/1184
f 1880/2869/1178 1882/2866/1176 1891/2877/1185
f 1882/2866/1176 1881/2915/1208 1889/2879/1187
f 1843/2880/1159 1844/2849/1160 1867/2856/1166
f 1844/2849/1160 1842/2850/1161 1865/2858/1168
f 1892/2882/1189 1875/2890/1195 1876/2883/1190
f 1894/2885/1191 1876/2891/1190 1874/2886/1192
f 1878/2871/1180 1884/2865/1175 1885/2867/1177
f 1879/2874/1183 1885/2868/1177 1883/2870/1179
f 1887/2873/1182 1888/2872/1181 1876/2883/1190
f 1888/2876/1181 1886/2875/1184 1874/2886/1192
f 1861/2892/1144 1896/2897/1198 1897/2893/1196
f 1864/2894/1145 1897/2893/1196 1895/2895/1197
f 1896/2897/1198 1890/2878/1186 1891/2877/1185
f 1897/2893/1196 1891/2877/1185 1889/2879/1187
f 1898/2898/1199 1900/2904/1200 1860/2899/1141
f 1900/2901/1200 1899/2905/1201 1858/2902/1143
f 1892/2882/1189 1894/2884/1191 1900/2904/1200
f 1894/2885/1191 1893/2887/1193 1899/2905/1201
f 1869/2860/1170 1902/2855/1165 1903/2857/1167
f 1870/2863/1173 1903/2857/1167 1901/2859/1169
f 1905/2862/1172 1906/2861/1171 1873/2852/1162
f 1906/2861/1171 1904/2864/1174 1871/2853/1163
f 1898/2898/1199 1857/2900/1140 1843/2880/1159
f 1843/2880/1159 1866/2881/1188 1875/2890/1195
f 1892/2882/1189 1898/2898/1199 1843/2880/1159
f 1831/2919/1142 1838/2910/1206 1855/2844/1157
f 1855/2844/1157 1843/2847/1159 1857/2825/1140
f 1859/2827/1142 1831/2919/1142 1855/2844/1157
f 1848/2837/1152 1846/2854/1164 1871/2853/1163
f 1871/2853/1163 1904/2864/1174 1868/2906/1202
f 1868/2906/1202 1901/2859/1169 1865/2858/1168
f 1865/2858/1168 1842/2850/1161 1854/2845/1158
f 1854/2845/1158 1851/2841/1155 1848/2837/1152
f 1848/2837/1152 1871/2853/1163 1868/2906/1202
f 1868/2906/1202 1865/2858/1168 1854/2845/1158
f 1845/2851/1148 1862/2896/1147 1895/2895/1197
f 1889/2879/1187 1881/2915/1208 1872/2907/1203
f 1845/2851/1148 1895/2895/1197 1889/2879/1187
f 1836/2908/1204 1835/2913/1146 1863/2831/1146
f 1862/2832/1147 1845/2833/1148 1849/2835/1150
f 1836/2908/1204 1863/2831/1146 1862/2832/1147
f 1849/2835/1150 1852/2840/1154 1837/2909/1205
f 1852/2840/1154 1855/2844/1157 1838/2910/1206
f 1832/2824/1139 1831/2919/1142 1859/2827/1142
f 1859/2827/1142 1858/2828/1143 1839/2822/1138
f 1835/2913/1146 1834/2820/1136 1841/2912/1207
f 1841/2912/1207 1861/2829/1144 1863/2831/1146
f 1866/2881/1188 1902/2855/1165 1887/2873/1182
f 1869/2860/1170 1905/2862/1172 1884/2865/1175
f 1902/2855/1165 1869/2860/1170 1878/2871/1180
f 1905/2862/1172 1872/2907/1203 1881/2915/1208
f 1880/2869/1178 1890/2878/1186 1893/2887/1193
f 1893/2887/1193 1874/2886/1192 1886/2875/1184
f 1886/2875/1184 1877/2889/1194 1883/2870/1179
f 1883/2870/1179 1880/2869/1178 1893/2887/1193
f 1899/2905/1201 1893/2887/1193 1890/2878/1186
o SwivelHandle.022
v -1.505004 2.906490 5.101567
v -1.505004 2.909419 5.094496
v -1.505004 2.916490 5.091567
v -1.505004 2.923561 5.094496
v -1.505004 2.926490 5.101567
v -1.505004 2.923561 5.108638
v -1.505004 2.916490 5.111567
v -1.505004 2.909419 5.108638
v -1.525004 2.909419 5.094496
v -1.525004 2.916490 5.091567
v -1.525004 2.923561 5.094496
v -1.535004 2.907494 5.101377
v -1.534004 2.906490 5.101567
v -1.534711 2.906784 5.101511
v -1.534004 2.926490 5.101567
v -1.535004 2.925486 5.101377
v -1.534711 2.926196 5.101511
v -1.535004 2.922796 5.107873
v -1.534004 2.923561 5.108638
v -1.534711 2.923337 5.108414
v -1.535004 2.916490 5.110485
v -1.534004 2.916490 5.111567
v -1.534711 2.916490 5.111250
v -1.535004 2.910184 5.107873
v -1.534004 2.909419 5.108638
v -1.534711 2.909643 5.108414
v -1.526008 2.906490 5.101567
v -1.525004 2.907515 5.099093
v -1.524004 2.906490 5.101567
v -1.525298 2.906790 5.100843
v -1.525004 2.925465 5.099093
v -1.526008 2.926490 5.101567
v -1.524004 2.926490 5.101567
v -1.525298 2.926190 5.100843
v -1.535004 2.910412 4.944896
v -1.534004 2.909419 4.944496
v -1.534711 2.909709 4.944613
v -1.535004 2.916490 4.942576
v -1.534004 2.916490 4.941567
v -1.534711 2.916490 4.941863
v -1.535004 2.922568 4.944896
v -1.534004 2.923561 4.944496
v -1.534711 2.923270 4.944613
v -1.530004 2.910411 4.944897
v -1.531004 2.909419 4.944496
v -1.530297 2.909709 4.944613
v -1.530004 2.916490 4.942576
v -1.531004 2.916490 4.941567
v -1.530297 2.916490 4.941863
v -1.530004 2.922569 4.944897
v -1.531004 2.923561 4.944496
v -1.530297 2.923270 4.944613
v -1.530004 2.920960 4.943161
v -1.531004 2.921448 4.942216
v -1.530297 2.921305 4.942493
v -1.530004 2.912020 4.943161
v -1.531004 2.911532 4.942216
v -1.530297 2.911675 4.942493
v -1.531004 2.925020 5.019517
v -1.530004 2.924025 5.019496
v -1.530297 2.924731 5.019503
v -1.531004 2.907959 5.019517
v -1.530004 2.908954 5.019496
v -1.530297 2.908249 5.019503
v -1.529264 2.925753 5.060593
v -1.528490 2.924683 5.055232
v -1.528624 2.925442 5.058997
v -1.529264 2.907226 5.060593
v -1.528490 2.908317 5.055233
v -1.528624 2.907544 5.058998
v -1.535004 2.912020 4.943161
v -1.534004 2.911532 4.942216
v -1.534711 2.911675 4.942493
v -1.535004 2.920960 4.943161
v -1.534004 2.921448 4.942216
v -1.534711 2.921305 4.942493
vn 0.7688 -0.0000 -0.6395
vn -0.0000 0.7071 -0.7071
vn -0.0000 -0.0000 -1.0000
vn 0.7359 -0.5020 -0.4543
vn -0.0000 -0.7071 -0.7071
vn 0.0511 -0.9896 0.1348
vn 0.1906 -0.9478 -0.2555
vn -0.0000 -1.0000 -0.0000
vn 0.4854 -0.8303 -0.2738
vn 0.4855 0.8302 -0.2738
vn 0.1906 0.9478 -0.2555
vn -0.0000 1.0000 -0.0000
vn 0.0511 0.9896 0.1348
vn -0.1941 0.9639 0.1826
vn -0.6824 0.5169 0.5169
vn -0.1994 0.6929 0.6929
vn -0.6883 0.7128 0.1349
vn -0.9744 0.1590 0.1590
vn -0.6824 -0.0000 0.7310
vn -0.1994 -0.0000 0.9799
vn -0.9744 -0.0000 0.2248
vn -0.6824 -0.5169 0.5169
vn -0.1995 -0.6929 0.6929
vn -0.9744 -0.1590 0.1590
vn -0.1941 -0.9639 0.1826
vn -0.6883 -0.7128 0.1349
vn -0.9765 -0.2116 0.0400
vn -0.6826 0.6778 -0.2732
vn -0.9746 0.2078 -0.0837
vn -0.9765 0.2116 0.0400
vn -0.1975 -0.4498 -0.8710
vn -0.6826 -0.6778 -0.2732
vn -0.6828 -0.3352 -0.6491
vn -0.9746 -0.2078 -0.0837
vn -0.9747 -0.1025 -0.1985
vn -0.1935 -0.0000 -0.9811
vn -0.6828 0.3352 -0.6491
vn -0.1975 0.4498 -0.8710
vn -0.6937 -0.0000 -0.7202
vn -0.9747 0.1025 -0.1985
vn 0.1975 0.4498 -0.8710
vn 0.6826 0.6777 -0.2734
vn 0.6828 0.3352 -0.6491
vn 0.9746 0.2077 -0.0838
vn 0.9747 0.1025 -0.1985
vn 0.1935 -0.0000 -0.9811
vn 0.6828 -0.3352 -0.6491
vn 0.1975 -0.4498 -0.8710
vn 0.6937 -0.0000 -0.7202
vn 0.9747 -0.1025 -0.1985
vn 0.7021 0.7115 -0.0283
vn 0.9803 0.1960 -0.0245
vn 0.1805 0.9833 -0.0224
vn -0.1982 -0.9091 -0.3664
vn 0.1697 -0.9852 -0.0228
vn 0.6826 -0.6777 -0.2734
vn 0.7021 -0.7115 -0.0283
vn 0.9746 -0.2077 -0.0838
vn 0.9803 -0.1961 -0.0244
vn 0.9779 -0.0000 -0.2090
vn 0.1981 -0.9091 -0.3665
vn 0.6401 0.7662 -0.0572
vn 0.1762 0.9839 -0.0306
vn 0.9765 0.2072 -0.0595
vn 0.1793 -0.9833 -0.0308
vn 0.6458 -0.7614 -0.0576
vn 0.9772 -0.2036 -0.0595
vn -0.9779 -0.0000 -0.2090
vn -0.1983 0.9090 -0.3665
vn -0.0000 0.7071 0.7071
vn -0.0000 -0.0000 1.0000
vn -0.0000 -0.7071 0.7071
vn 0.7360 0.5019 -0.4543
vn 0.1982 0.9090 -0.3667
vt 0.968517 0.309333
vt 0.967245 0.306006
vt 0.968518 0.306006
vt 0.959606 0.309333
vt 0.958332 0.306006
vt 0.959605 0.306006
vt 0.960879 0.309500
vt 0.960748 0.309382
vt 0.960879 0.309166
vt 0.960434 0.309333
vt 0.966416 0.309333
vt 0.966102 0.309382
vt 0.965971 0.309166
vt 0.965971 0.309500
vt 0.965969 0.310832
vt 0.964696 0.310956
vt 0.964697 0.310828
vt 0.960117 0.115036
vt 0.959000 0.115548
vt 0.958909 0.115442
vt 0.963425 0.310957
vt 0.963425 0.310828
vt 0.958478 0.116585
vt 0.958332 0.116576
vt 0.962154 0.310956
vt 0.962153 0.310828
vt 0.958865 0.117680
vt 0.958761 0.117773
vt 0.960881 0.310832
vt 0.960892 0.310961
vt 0.959910 0.118327
vt 0.959941 0.118197
vt 0.960121 0.114903
vt 0.986426 0.117289
vt 0.986342 0.117351
vt 0.960131 0.115169
vt 0.986616 0.119132
vt 0.986296 0.119357
vt 0.986538 0.119082
vt 0.986221 0.119285
vt 0.986455 0.119030
vt 0.986829 0.118352
vt 0.986630 0.117592
vt 0.986714 0.117552
vt 0.986716 0.118345
vt 0.986542 0.117633
vt 0.987144 0.117352
vt 0.986782 0.116755
vt 0.987281 0.117279
vt 0.987183 0.116464
vt 0.986743 0.116624
vt 0.987069 0.116386
vt 0.987345 0.118384
vt 0.987148 0.119475
vt 0.987019 0.119385
vt 0.987392 0.115655
vt 0.987252 0.114868
vt 0.987381 0.114819
vt 0.973981 0.115466
vt 0.974005 0.115334
vt 0.973959 0.115598
vt 0.959897 0.118460
vt 0.986360 0.119418
vt 0.973707 0.119474
vt 0.986587 0.119940
vt 0.973706 0.119604
vt 0.974367 0.112666
vt 0.986990 0.114560
vt 0.974350 0.112793
vt 0.987507 0.118394
vt 0.987261 0.115639
vt 0.986527 0.119821
vt 0.987057 0.114438
vt 0.960672 0.113393
vt 0.967348 0.114589
vt 0.960364 0.113469
vt 0.967071 0.114690
vt 0.960233 0.113573
vt 0.967994 0.114541
vt 0.966773 0.119513
vt 0.959966 0.119940
vt 0.959848 0.119807
vt 0.967831 0.111573
vt 0.961180 0.110443
vt 0.960920 0.110254
vt 0.967039 0.119640
vt 0.968428 0.111815
vt 0.986603 0.118338
vt 0.986498 0.117237
vt 0.964698 0.306005
vt 0.963425 0.306005
vt 0.962152 0.306005
vt 0.961882 0.110892
vt 0.967244 0.309333
vt 0.965972 0.306006
vt 0.961484 0.113218
vt 0.986710 0.116863
vt 0.962166 0.112142
vt 0.958333 0.309333
vt 0.965958 0.310961
vt 0.960878 0.306006
s 1
usemtl Chrome
f 1916/2920/1209 1910/2921/1210 1909/2922/1211
f 1915/2923/1212 1909/2924/1211 1908/2925/1213
f 1933/2926/1214 1936/2927/1215 1935/2928/1216
f 1936/2927/1215 1934/2929/1217 1935/2928/1216
f 1937/2930/1218 1940/2931/1219 1939/2932/1220
f 1940/2931/1219 1938/2933/1221 1939/2932/1220
f 1921/2934/1222 1926/2935/1223 1925/2936/1224
f 1923/2937/1225 1924/2938/1226 1926/2939/1223
f 1925/2936/1224 1929/2940/1227 1928/2941/1228
f 1926/2939/1223 1927/2942/1229 1929/2943/1227
f 1928/2941/1228 1932/2944/1230 1931/2945/1231
f 1929/2943/1227 1930/2946/1232 1932/2947/1230
f 1919/2948/1233 1932/2944/1230 1920/2949/1234
f 1920/2950/1234 1930/2946/1232 1918/2951/1235
f 1921/2952/1222 1949/2953/1236 1923/2937/1225
f 1923/2937/1225 1947/2954/1237 1922/2955/1238
f 1978/2956/1239 1943/2957/1240 1979/2958/1241
f 1979/2958/1241 1941/2959/1242 1977/2960/1243
f 1945/2961/1244 1982/2962/1245 1981/2963/1246
f 1946/2964/1247 1980/2965/1248 1982/2962/1245
f 1960/2966/1249 1958/2967/1250 1961/2968/1251
f 1961/2969/1251 1956/2970/1252 1959/2971/1253
f 1954/2972/1254 1964/2973/1255 1963/2974/1256
f 1955/2975/1257 1962/2976/1258 1964/2977/1255
f 1956/2970/1252 1967/2978/1259 1966/2979/1260
f 1958/2967/1250 1965/2980/1261 1967/2978/1259
f 1919/2981/1233 1943/2957/1240 1942/2982/1262
f 1920/2950/1234 1941/2959/1242 1943/2957/1240
f 1968/2983/1263 1952/2984/1264 1970/2985/1265
f 1970/2986/1265 1950/2987/1266 1969/2988/1267
f 1954/2972/1254 1961/2968/1251 1955/2989/1257
f 1955/2975/1257 1959/2971/1253 1953/2990/1268
f 1963/2974/1256 1952/2984/1264 1951/2991/1269
f 1964/2977/1255 1950/2987/1266 1952/2992/1264
f 1937/2993/1218 1973/2994/1270 1940/2995/1219
f 1940/2995/1219 1971/2996/1271 1938/2997/1221
f 1972/2998/1272 1967/2978/1259 1973/2994/1270
f 1973/2994/1270 1965/2980/1261 1971/2996/1271
f 1974/2999/1273 1936/3000/1215 1933/3001/1214
f 1976/3002/1274 1934/3003/1217 1936/3004/1215
f 1968/2983/1263 1976/3005/1274 1974/2999/1273
f 1970/2986/1265 1975/3006/1275 1976/3002/1274
f 1945/2961/1244 1979/2958/1241 1946/2964/1247
f 1946/2964/1247 1977/2960/1243 1944/3007/1276
f 1981/2963/1246 1949/2953/1236 1948/3008/1277
f 1982/2962/1245 1947/2954/1237 1949/2953/1236
f 1919/2981/1233 1951/2991/1269 1968/2983/1263
f 1931/2945/1231 1933/2926/1214 1935/2928/1216
f 1944/3007/1276 1930/2946/1232 1924/2938/1226
f 1921/2952/1222 1965/2980/1261 1948/3008/1277
f 1938/2933/1221 1925/2936/1224 1912/3009/1278
f 1925/2936/1224 1913/3010/1279 1912/3009/1278
f 1928/2941/1228 1914/3011/1280 1913/3010/1279
f 1935/2928/1216 1915/2923/1212 1908/2925/1213
f 1915/3012/1212 1934/3003/1217 1975/3006/1275
f 1917/3013/1281 1939/2932/1220 1911/3014/1220
f 1937/2993/1218 1917/3015/1281 1972/2998/1272
f 1942/2982/1262 1963/2974/1256 1951/2991/1269
f 1945/2961/1244 1960/2966/1249 1954/2972/1254
f 1978/2956/1239 1954/2972/1254 1963/2974/1256
f 1981/2963/1246 1957/3016/1282 1960/2966/1249
f 1969/2988/1267 1962/2976/1258 1959/2971/1253
f 1975/3006/1275 1966/2979/1260 1972/2998/1272
f 1917/3015/1281 1916/3017/1209 1972/2998/1272
f 1972/2998/1272 1916/3017/1209 1975/3006/1275
f 1916/3017/1209 1915/3012/1212 1975/3006/1275
f 1916/2920/1209 1917/3013/1281 1910/2921/1210
f 1915/2923/1212 1916/3018/1209 1909/2924/1211
f 1921/2934/1222 1923/3019/1225 1926/2935/1223
f 1923/2937/1225 1922/2955/1238 1924/2938/1226
f 1925/2936/1224 1926/2935/1223 1929/2940/1227
f 1926/2939/1223 1924/2938/1226 1927/2942/1229
f 1928/2941/1228 1929/2940/1227 1932/2944/1230
f 1929/2943/1227 1927/2942/1229 1930/2946/1232
f 1919/2948/1233 1931/2945/1231 1932/2944/1230
f 1920/2950/1234 1932/2947/1230 1930/2946/1232
f 1921/2952/1222 1948/3008/1277 1949/2953/1236
f 1923/2937/1225 1949/2953/1236 1947/2954/1237
f 1978/2956/1239 1942/2982/1262 1943/2957/1240
f 1979/2958/1241 1943/2957/1240 1941/2959/1242
f 1945/2961/1244 1946/2964/1247 1982/2962/1245
f 1946/2964/1247 1944/3007/1276 1980/2965/1248
f 1960/2966/1249 1957/3016/1282 1958/2967/1250
f 1961/2969/1251 1958/2967/1250 1956/2970/1252
f 1954/2972/1254 1955/2989/1257 1964/2973/1255
f 1955/2975/1257 1953/2990/1268 1962/2976/1258
f 1956/2970/1252 1958/2967/1250 1967/2978/1259
f 1958/2967/1250 1957/3016/1282 1965/2980/1261
f 1919/2981/1233 1920/2950/1234 1943/2957/1240
f 1920/2950/1234 1918/2951/1235 1941/2959/1242
f 1968/2983/1263 1951/2991/1269 1952/2984/1264
f 1970/2986/1265 1952/2992/1264 1950/2987/1266
f 1954/2972/1254 1960/2966/1249 1961/2968/1251
f 1955/2975/1257 1961/2969/1251 1959/2971/1253
f 1963/2974/1256 1964/2973/1255 1952/2984/1264
f 1964/2977/1255 1962/2976/1258 1950/2987/1266
f 1937/2993/1218 1972/2998/1272 1973/2994/1270
f 1940/2995/1219 1973/2994/1270 1971/2996/1271
f 1972/2998/1272 1966/2979/1260 1967/2978/1259
f 1973/2994/1270 1967/2978/1259 1965/2980/1261
f 1974/2999/1273 1976/3005/1274 1936/3000/1215
f 1976/3002/1274 1975/3006/1275 1934/3003/1217
f 1968/2983/1263 1970/2985/1265 1976/3005/1274
f 1970/2986/1265 1969/2988/1267 1975/3006/1275
f 1945/2961/1244 1978/2956/1239 1979/2958/1241
f 1946/2964/1247 1979/2958/1241 1977/2960/1243
f 1981/2963/1246 1982/2962/1245 1949/2953/1236
f 1982/2962/1245 1980/2965/1248 1947/2954/1237
f 1974/2999/1273 1933/3001/1214 1919/2981/1233
f 1919/2981/1233 1942/2982/1262 1951/2991/1269
f 1968/2983/1263 1974/2999/1273 1919/2981/1233
f 1907/3020/1216 1914/3011/1280 1931/2945/1231
f 1931/2945/1231 1919/2948/1233 1933/2926/1214
f 1935/2928/1216 1907/3020/1216 1931/2945/1231
f 1924/2938/1226 1922/2955/1238 1947/2954/1237
f 1947/2954/1237 1980/2965/1248 1944/3007/1276
f 1944/3007/1276 1977/2960/1243 1941/2959/1242
f 1941/2959/1242 1918/2951/1235 1930/2946/1232
f 1930/2946/1232 1927/2942/1229 1924/2938/1226
f 1924/2938/1226 1947/2954/1237 1944/3007/1276
f 1944/3007/1276 1941/2959/1242 1930/2946/1232
f 1921/2952/1222 1938/2997/1221 1971/2996/1271
f 1965/2980/1261 1957/3016/1282 1948/3008/1277
f 1921/2952/1222 1971/2996/1271 1965/2980/1261
f 1912/3009/1278 1911/3014/1220 1939/2932/1220
f 1938/2933/1221 1921/2934/1222 1925/2936/1224
f 1912/3009/1278 1939/2932/1220 1938/2933/1221
f 1925/2936/1224 1928/2941/1228 1913/3010/1279
f 1928/2941/1228 1931/2945/1231 1914/3011/1280
f 1908/2925/1213 1907/3020/1216 1935/2928/1216
f 1935/2928/1216 1934/2929/1217 1915/2923/1212
f 1911/3014/1220 1910/2921/1210 1917/3013/1281
f 1917/3013/1281 1937/2930/1218 1939/2932/1220
f 1942/2982/1262 1978/2956/1239 1963/2974/1256
f 1945/2961/1244 1981/2963/1246 1960/2966/1249
f 1978/2956/1239 1945/2961/1244 1954/2972/1254
f 1981/2963/1246 1948/3008/1277 1957/3016/1282
f 1956/2970/1252 1966/2979/1260 1969/2988/1267
f 1969/2988/1267 1950/2987/1266 1962/2976/1258
f 1962/2976/1258 1953/2990/1268 1959/2971/1253
f 1959/2971/1253 1956/2970/1252 1969/2988/1267
f 1975/3006/1275 1969/2988/1267 1966/2979/1260
o SwivelHandle.023
v -1.461850 2.066490 5.094322
v -1.461850 2.069419 5.087251
v -1.461850 2.076490 5.084322
v -1.461850 2.083561 5.087251
v -1.461850 2.086490 5.094322
v -1.461850 2.083561 5.101393
v -1.461850 2.076490 5.104322
v -1.461850 2.069419 5.101393
v -1.481850 2.069419 5.087251
v -1.481850 2.076490 5.084322
v -1.481850 2.083561 5.087251
v -1.491850 2.067494 5.094132
v -1.490850 2.066490 5.094322
v -1.491557 2.066784 5.094266
v -1.490850 2.086490 5.094322
v -1.491850 2.085486 5.094132
v -1.491557 2.086196 5.094266
v -1.491850 2.082796 5.100628
v -1.490850 2.083561 5.101393
v -1.491557 2.083337 5.101169
v -1.491850 2.076490 5.103240
v -1.490850 2.076490 5.104322
v -1.491557 2.076490 5.104005
v -1.491850 2.070184 5.100628
v -1.490850 2.069419 5.101393
v -1.491557 2.069643 5.101169
v -1.482853 2.066490 5.094322
v -1.481850 2.067515 5.091848
v -1.480850 2.066490 5.094322
v -1.482144 2.066790 5.093598
v -1.481850 2.085465 5.091848
v -1.482853 2.086490 5.094322
v -1.480850 2.086490 5.094322
v -1.482144 2.086190 5.093598
v -1.491850 2.070412 4.937651
v -1.490850 2.069419 4.937251
v -1.491557 2.069710 4.937368
v -1.491850 2.076490 4.935331
v -1.490850 2.076490 4.934322
v -1.491557 2.076490 4.934618
v -1.491850 2.082568 4.937651
v -1.490850 2.083561 4.937251
v -1.491557 2.083270 4.937368
v -1.486850 2.070411 4.937652
v -1.487850 2.069419 4.937251
v -1.487143 2.069710 4.937368
v -1.486850 2.076490 4.935331
v -1.487850 2.076490 4.934322
v -1.487143 2.076490 4.934618
v -1.486850 2.082569 4.937652
v -1.487850 2.083561 4.937251
v -1.487143 2.083270 4.937368
v -1.486850 2.080960 4.935916
v -1.487850 2.081448 4.934971
v -1.487143 2.081305 4.935248
v -1.486850 2.072020 4.935916
v -1.487850 2.071532 4.934971
v -1.487143 2.071675 4.935248
v -1.487850 2.085021 5.012272
v -1.486850 2.084025 5.012251
v -1.487143 2.084731 5.012258
v -1.487850 2.067959 5.012272
v -1.486850 2.068954 5.012251
v -1.487143 2.068249 5.012258
v -1.486109 2.085753 5.053348
v -1.485336 2.084683 5.047987
v -1.485469 2.085442 5.051752
v -1.486109 2.067226 5.053348
v -1.485336 2.068317 5.047987
v -1.485469 2.067544 5.051753
v -1.491850 2.072020 4.935916
v -1.490850 2.071532 4.934971
v -1.491557 2.071675 4.935248
v -1.491850 2.080960 4.935916
v -1.490850 2.081448 4.934971
v -1.491557 2.081305 4.935248
vn 0.7688 -0.0000 -0.6395
vn -0.0000 0.7071 -0.7071
vn -0.0000 -0.0000 -1.0000
vn 0.7359 -0.5020 -0.4543
vn -0.0000 -0.7071 -0.7071
vn 0.0511 -0.9896 0.1348
vn 0.1906 -0.9478 -0.2555
vn -0.0000 -1.0000 -0.0000
vn 0.4854 -0.8303 -0.2738
vn 0.4855 0.8302 -0.2738
vn 0.1906 0.9478 -0.2555
vn -0.0000 1.0000 -0.0000
vn 0.0511 0.9896 0.1348
vn -0.1941 0.9639 0.1826
vn -0.6824 0.5169 0.5169
vn -0.1994 0.6929 0.6929
vn -0.6883 0.7128 0.1349
vn -0.9744 0.1590 0.1590
vn -0.6824 -0.0000 0.7310
vn -0.1994 -0.0000 0.9799
vn -0.9744 -0.0000 0.2248
vn -0.6824 -0.5169 0.5169
vn -0.1995 -0.6929 0.6929
vn -0.9744 -0.1590 0.1590
vn -0.1941 -0.9639 0.1826
vn -0.6883 -0.7128 0.1349
vn -0.9765 -0.2116 0.0400
vn -0.6826 0.6778 -0.2732
vn -0.9746 0.2078 -0.0837
vn -0.9765 0.2116 0.0400
vn -0.1975 -0.4498 -0.8710
vn -0.6826 -0.6778 -0.2732
vn -0.6828 -0.3352 -0.6491
vn -0.9746 -0.2078 -0.0837
vn -0.9747 -0.1025 -0.1985
vn -0.1935 -0.0000 -0.9811
vn -0.6828 0.3352 -0.6491
vn -0.1975 0.4498 -0.8710
vn -0.6937 -0.0000 -0.7202
vn -0.9747 0.1025 -0.1985
vn 0.1975 0.4498 -0.8710
vn 0.6826 0.6777 -0.2734
vn 0.6828 0.3352 -0.6491
vn 0.9746 0.2077 -0.0838
vn 0.9747 0.1025 -0.1985
vn 0.1935 -0.0000 -0.9811
vn 0.6828 -0.3352 -0.6491
vn 0.1975 -0.4498 -0.8710
vn 0.6937 -0.0000 -0.7202
vn 0.9747 -0.1025 -0.1985
vn 0.7021 0.7115 -0.0283
vn 0.9803 0.1960 -0.0245
vn 0.1805 0.9833 -0.0224
vn -0.1982 -0.9091 -0.3664
vn 0.1697 -0.9852 -0.0228
vn 0.6826 -0.6777 -0.2734
vn 0.7021 -0.7115 -0.0283
vn 0.9746 -0.2077 -0.0838
vn 0.9803 -0.1961 -0.0244
vn 0.9779 -0.0000 -0.2090
vn 0.1981 -0.9091 -0.3665
vn 0.6401 0.7662 -0.0572
vn 0.1762 0.9839 -0.0306
vn 0.9765 0.2072 -0.0595
vn 0.1793 -0.9833 -0.0308
vn 0.6458 -0.7614 -0.0576
vn 0.9772 -0.2036 -0.0595
vn -0.9779 -0.0000 -0.2090
vn -0.1983 0.9090 -0.3665
vn -0.0000 0.7071 0.7071
vn -0.0000 -0.0000 1.0000
vn -0.0000 -0.7071 0.7071
vn 0.7360 0.5019 -0.4543
vn 0.1982 0.9090 -0.3667
vt 0.968517 0.309333
vt 0.967245 0.306006
vt 0.968518 0.306006
vt 0.959606 0.309333
vt 0.958332 0.306006
vt 0.959605 0.306006
vt 0.960879 0.309500
vt 0.960748 0.309382
vt 0.960879 0.309166
vt 0.960434 0.309333
vt 0.966416 0.309333
vt 0.966102 0.309382
vt 0.965971 0.309166
vt 0.965971 0.309500
vt 0.965969 0.310832
vt 0.964696 0.310956
vt 0.964697 0.310828
vt 0.960117 0.115036
vt 0.959000 0.115548
vt 0.958909 0.115442
vt 0.963425 0.310957
vt 0.963425 0.310828
vt 0.958478 0.116585
vt 0.958332 0.116576
vt 0.962154 0.310956
vt 0.962153 0.310828
vt 0.958865 0.117680
vt 0.958761 0.117773
vt 0.960881 0.310832
vt 0.960892 0.310961
vt 0.959910 0.118327
vt 0.959941 0.118197
vt 0.960121 0.114903
vt 0.986426 0.117289
vt 0.986342 0.117351
vt 0.960131 0.115169
vt 0.986616 0.119132
vt 0.986296 0.119357
vt 0.986538 0.119082
vt 0.986221 0.119285
vt 0.986455 0.119030
vt 0.986829 0.118352
vt 0.986630 0.117592
vt 0.986714 0.117552
vt 0.986716 0.118345
vt 0.986542 0.117633
vt 0.987144 0.117352
vt 0.986782 0.116755
vt 0.987281 0.117279
vt 0.987183 0.116464
vt 0.986743 0.116624
vt 0.987069 0.116386
vt 0.987345 0.118384
vt 0.987148 0.119475
vt 0.987019 0.119385
vt 0.987392 0.115655
vt 0.987252 0.114868
vt 0.987381 0.114819
vt 0.973981 0.115466
vt 0.974005 0.115334
vt 0.973959 0.115598
vt 0.959897 0.118460
vt 0.986360 0.119418
vt 0.973707 0.119474
vt 0.986587 0.119940
vt 0.973706 0.119604
vt 0.974367 0.112666
vt 0.986990 0.114560
vt 0.974350 0.112793
vt 0.987507 0.118394
vt 0.987261 0.115639
vt 0.986527 0.119821
vt 0.987057 0.114438
vt 0.960672 0.113393
vt 0.967348 0.114589
vt 0.960364 0.113469
vt 0.967071 0.114690
vt 0.960233 0.113573
vt 0.967994 0.114541
vt 0.966773 0.119513
vt 0.959966 0.119940
vt 0.959848 0.119807
vt 0.967831 0.111573
vt 0.961180 0.110443
vt 0.960920 0.110254
vt 0.967039 0.119640
vt 0.968428 0.111815
vt 0.986603 0.118338
vt 0.986498 0.117237
vt 0.964698 0.306005
vt 0.963425 0.306005
vt 0.962152 0.306005
vt 0.961882 0.110892
vt 0.967244 0.309333
vt 0.965972 0.306006
vt 0.961484 0.113218
vt 0.986710 0.116863
vt 0.962166 0.112142
vt 0.958333 0.309333
vt 0.965958 0.310961
vt 0.960878 0.306006
s 1
usemtl Chrome
f 1992/3021/1283 1986/3022/1284 1985/3023/1285
f 1991/3024/1286 1985/3025/1285 1984/3026/1287
f 2009/3027/1288 2012/3028/1289 2011/3029/1290
f 2012/3028/1289 2010/3030/1291 2011/3029/1290
f 2013/3031/1292 2016/3032/1293 2015/3033/1294
f 2016/3032/1293 2014/3034/1295 2015/3033/1294
f 1997/3035/1296 2002/3036/1297 2001/3037/1298
f 1999/3038/1299 2000/3039/1300 2002/3040/1297
f 2001/3037/1298 2005/3041/1301 2004/3042/1302
f 2002/3040/1297 2003/3043/1303 2005/3044/1301
f 2004/3042/1302 2008/3045/1304 2007/3046/1305
f 2005/3044/1301 2006/3047/1306 2008/3048/1304
f 1995/3049/1307 2008/3045/1304 1996/3050/1308
f 1996/3051/1308 2006/3047/1306 1994/3052/1309
f 1997/3053/1296 2025/3054/1310 1999/3038/1299
f 1999/3038/1299 2023/3055/1311 1998/3056/1312
f 2054/3057/1313 2019/3058/1314 2055/3059/1315
f 2055/3059/1315 2017/3060/1316 2053/3061/1317
f 2021/3062/1318 2058/3063/1319 2057/3064/1320
f 2022/3065/1321 2056/3066/1322 2058/3063/1319
f 2036/3067/1323 2034/3068/1324 2037/3069/1325
f 2037/3070/1325 2032/3071/1326 2035/3072/1327
f 2030/3073/1328 2040/3074/1329 2039/3075/1330
f 2031/3076/1331 2038/3077/1332 2040/3078/1329
f 2032/3071/1326 2043/3079/1333 2042/3080/1334
f 2034/3068/1324 2041/3081/1335 2043/3079/1333
f 1995/3082/1307 2019/3058/1314 2018/3083/1336
f 1996/3051/1308 2017/3060/1316 2019/3058/1314
f 2044/3084/1337 2028/3085/1338 2046/3086/1339
f 2046/3087/1339 2026/3088/1340 2045/3089/1341
f 2030/3073/1328 2037/3069/1325 2031/3090/1331
f 2031/3076/1331 2035/3072/1327 2029/3091/1342
f 2039/3075/1330 2028/3085/1338 2027/3092/1343
f 2040/3078/1329 2026/3088/1340 2028/3093/1338
f 2013/3094/1292 2049/3095/1344 2016/3096/1293
f 2016/3096/1293 2047/3097/1345 2014/3098/1295
f 2048/3099/1346 2043/3079/1333 2049/3095/1344
f 2049/3095/1344 2041/3081/1335 2047/3097/1345
f 2050/3100/1347 2012/3101/1289 2009/3102/1288
f 2052/3103/1348 2010/3104/1291 2012/3105/1289
f 2044/3084/1337 2052/3106/1348 2050/3100/1347
f 2046/3087/1339 2051/3107/1349 2052/3103/1348
f 2021/3062/1318 2055/3059/1315 2022/3065/1321
f 2022/3065/1321 2053/3061/1317 2020/3108/1350
f 2057/3064/1320 2025/3054/1310 2024/3109/1351
f 2058/3063/1319 2023/3055/1311 2025/3054/1310
f 1995/3082/1307 2027/3092/1343 2044/3084/1337
f 2007/3046/1305 2009/3027/1288 2011/3029/1290
f 2020/3108/1350 2006/3047/1306 2000/3039/1300
f 1997/3053/1296 2041/3081/1335 2024/3109/1351
f 2014/3034/1295 2001/3037/1298 1988/3110/1352
f 2001/3037/1298 1989/3111/1353 1988/3110/1352
f 2004/3042/1302 1990/3112/1354 1989/3111/1353
f 2011/3029/1290 1991/3024/1286 1984/3026/1287
f 1991/3113/1286 2010/3104/1291 2051/3107/1349
f 1993/3114/1355 2015/3033/1294 1987/3115/1294
f 2013/3094/1292 1993/3116/1355 2048/3099/1346
f 2018/3083/1336 2039/3075/1330 2027/3092/1343
f 2021/3062/1318 2036/3067/1323 2030/3073/1328
f 2054/3057/1313 2030/3073/1328 2039/3075/1330
f 2057/3064/1320 2033/3117/1356 2036/3067/1323
f 2045/3089/1341 2038/3077/1332 2035/3072/1327
f 2051/3107/1349 2042/3080/1334 2048/3099/1346
f 1993/3116/1355 1992/3118/1283 2048/3099/1346
f 2048/3099/1346 1992/3118/1283 2051/3107/1349
f 1992/3118/1283 1991/3113/1286 2051/3107/1349
f 1992/3021/1283 1993/3114/1355 1986/3022/1284
f 1991/3024/1286 1992/3119/1283 1985/3025/1285
f 1997/3035/1296 1999/3120/1299 2002/3036/1297
f 1999/3038/1299 1998/3056/1312 2000/3039/1300
f 2001/3037/1298 2002/3036/1297 2005/3041/1301
f 2002/3040/1297 2000/3039/1300 2003/3043/1303
f 2004/3042/1302 2005/3041/1301 2008/3045/1304
f 2005/3044/1301 2003/3043/1303 2006/3047/1306
f 1995/3049/1307 2007/3046/1305 2008/3045/1304
f 1996/3051/1308 2008/3048/1304 2006/3047/1306
f 1997/3053/1296 2024/3109/1351 2025/3054/1310
f 1999/3038/1299 2025/3054/1310 2023/3055/1311
f 2054/3057/1313 2018/3083/1336 2019/3058/1314
f 2055/3059/1315 2019/3058/1314 2017/3060/1316
f 2021/3062/1318 2022/3065/1321 2058/3063/1319
f 2022/3065/1321 2020/3108/1350 2056/3066/1322
f 2036/3067/1323 2033/3117/1356 2034/3068/1324
f 2037/3070/1325 2034/3068/1324 2032/3071/1326
f 2030/3073/1328 2031/3090/1331 2040/3074/1329
f 2031/3076/1331 2029/3091/1342 2038/3077/1332
f 2032/3071/1326 2034/3068/1324 2043/3079/1333
f 2034/3068/1324 2033/3117/1356 2041/3081/1335
f 1995/3082/1307 1996/3051/1308 2019/3058/1314
f 1996/3051/1308 1994/3052/1309 2017/3060/1316
f 2044/3084/1337 2027/3092/1343 2028/3085/1338
f 2046/3087/1339 2028/3093/1338 2026/3088/1340
f 2030/3073/1328 2036/3067/1323 2037/3069/1325
f 2031/3076/1331 2037/3070/1325 2035/3072/1327
f 2039/3075/1330 2040/3074/1329 2028/3085/1338
f 2040/3078/1329 2038/3077/1332 2026/3088/1340
f 2013/3094/1292 2048/3099/1346 2049/3095/1344
f 2016/3096/1293 2049/3095/1344 2047/3097/1345
f 2048/3099/1346 2042/3080/1334 2043/3079/1333
f 2049/3095/1344 2043/3079/1333 2041/3081/1335
f 2050/3100/1347 2052/3106/1348 2012/3101/1289
f 2052/3103/1348 2051/3107/1349 2010/3104/1291
f 2044/3084/1337 2046/3086/1339 2052/3106/1348
f 2046/3087/1339 2045/3089/1341 2051/3107/1349
f 2021/3062/1318 2054/3057/1313 2055/3059/1315
f 2022/3065/1321 2055/3059/1315 2053/3061/1317
f 2057/3064/1320 2058/3063/1319 2025/3054/1310
f 2058/3063/1319 2056/3066/1322 2023/3055/1311
f 2050/3100/1347 2009/3102/1288 1995/3082/1307
f 1995/3082/1307 2018/3083/1336 2027/3092/1343
f 2044/3084/1337 2050/3100/1347 1995/3082/1307
f 1983/3121/1290 1990/3112/1354 2007/3046/1305
f 2007/3046/1305 1995/3049/1307 2009/3027/1288
f 2011/3029/1290 1983/3121/1290 2007/3046/1305
f 2000/3039/1300 1998/3056/1312 2023/3055/1311
f 2023/3055/1311 2056/3066/1322 2020/3108/1350
f 2020/3108/1350 2053/3061/1317 2017/3060/1316
f 2017/3060/1316 1994/3052/1309 2006/3047/1306
f 2006/3047/1306 2003/3043/1303 2000/3039/1300
f 2000/3039/1300 2023/3055/1311 2020/3108/1350
f 2020/3108/1350 2017/3060/1316 2006/3047/1306
f 1997/3053/1296 2014/3098/1295 2047/3097/1345
f 2041/3081/1335 2033/3117/1356 2024/3109/1351
f 1997/3053/1296 2047/3097/1345 2041/3081/1335
f 1988/3110/1352 1987/3115/1294 2015/3033/1294
f 2014/3034/1295 1997/3035/1296 2001/3037/1298
f 1988/3110/1352 2015/3033/1294 2014/3034/1295
f 2001/3037/1298 2004/3042/1302 1989/3111/1353
f 2004/3042/1302 2007/3046/1305 1990/3112/1354
f 1984/3026/1287 1983/3121/1290 2011/3029/1290
f 2011/3029/1290 2010/3030/1291 1991/3024/1286
f 1987/3115/1294 1986/3022/1284 1993/3114/1355
f 1993/3114/1355 2013/3031/1292 2015/3033/1294
f 2018/3083/1336 2054/3057/1313 2039/3075/1330
f 2021/3062/1318 2057/3064/1320 2036/3067/1323
f 2054/3057/1313 2021/3062/1318 2030/3073/1328
f 2057/3064/1320 2024/3109/1351 2033/3117/1356
f 2032/3071/1326 2042/3080/1334 2045/3089/1341
f 2045/3089/1341 2026/3088/1340 2038/3077/1332
f 2038/3077/1332 2029/3091/1342 2035/3072/1327
f 2035/3072/1327 2032/3071/1326 2045/3089/1341
f 2051/3107/1349 2045/3089/1341 2042/3080/1334
o InteriorDoorExport.003
v 0.351919 3.650079 4.657523
v 0.347561 3.700081 4.707333
v 0.351770 3.663019 4.659220
v 0.351335 3.675079 4.664196
v 0.350642 3.685434 4.672112
v 0.349740 3.693380 4.682428
v 0.348689 3.698375 4.694441
v 0.347561 1.992902 4.707333
v 0.351919 2.042902 4.657523
v 0.348689 1.994606 4.694441
v 0.349740 1.999601 4.682428
v 0.350642 2.007547 4.672112
v 0.351335 2.017902 4.664196
v 0.351770 2.029961 4.659220
v 0.303789 3.700079 5.207650
v 0.299431 3.650079 5.257460
v 0.302661 3.698375 5.220542
v 0.301610 3.693380 5.232555
v 0.300707 3.685434 5.242871
v 0.300015 3.675079 5.250787
v 0.299580 3.663019 5.255763
v 0.299431 2.042902 5.257460
v 0.303789 1.992902 5.207650
v 0.299580 2.029961 5.255763
v 0.300015 2.017902 5.250787
v 0.300707 2.007547 5.242871
v 0.301610 1.999601 5.232555
v 0.302661 1.994606 5.220542
v 0.331968 3.650714 5.231532
v 0.331867 3.641740 5.232690
v 0.332221 3.657845 5.228637
v 0.332621 3.663924 5.224066
v 0.333138 3.668549 5.218160
v 0.333735 3.671433 5.211336
v 0.334489 3.672591 5.202717
v 0.379560 3.641740 4.687549
v 0.379459 3.650714 4.688707
v 0.379205 3.657845 4.691601
v 0.378806 3.663924 4.696173
v 0.378289 3.668549 4.702078
v 0.377692 3.671433 4.708903
v 0.376938 3.672591 4.717521
v 0.333735 3.151156 5.211336
v 0.334489 3.149998 5.202718
v 0.333138 3.154041 5.218160
v 0.332621 3.158665 5.224066
v 0.332221 3.164744 5.228637
v 0.331968 3.171875 5.231532
v 0.331867 3.180850 5.232690
v 0.376938 3.149998 4.717521
v 0.377692 3.151156 4.708903
v 0.378289 3.154041 4.702079
v 0.378806 3.158665 4.696173
v 0.379205 3.164744 4.691601
v 0.379459 3.171875 4.688707
v 0.379560 3.180850 4.687549
v 0.314450 3.650079 5.258774
v 0.317680 3.698375 5.221856
v 0.316629 3.693380 5.233869
v 0.315727 3.685434 5.244185
v 0.315034 3.675079 5.252100
v 0.314599 3.663019 5.257077
v 0.318808 3.700079 5.208964
v 0.364759 3.693380 4.683742
v 0.365661 3.685434 4.673426
v 0.366354 3.675079 4.665510
v 0.366789 3.663019 4.660534
v 0.366938 3.650079 4.658837
v 0.363708 3.698375 4.695755
v 0.362580 3.700080 4.708647
v 0.318808 1.992902 5.208964
v 0.317680 1.994606 5.221856
v 0.316629 1.999601 5.233869
v 0.315727 2.007547 5.244185
v 0.315034 2.017902 5.252100
v 0.314599 2.029961 5.257077
v 0.314450 2.042902 5.258774
v 0.362580 1.992902 4.708647
v 0.363708 1.994606 4.695755
v 0.364759 1.999601 4.683742
v 0.365661 2.007547 4.673426
v 0.366354 2.017902 4.665510
v 0.366789 2.029961 4.660534
v 0.366938 2.042902 4.658837
v 0.315249 3.655857 5.249645
v 0.315674 3.667810 5.244792
v 0.316349 3.678075 5.237074
v 0.317229 3.685951 5.227015
v 0.318254 3.690902 5.215302
v 0.319353 3.692591 5.202731
v 0.366284 3.643030 4.666311
v 0.318254 2.002079 5.215302
v 0.317229 2.007030 5.227015
v 0.316349 2.014906 5.237074
v 0.315674 2.025171 5.244792
v 0.315249 2.037124 5.249645
v 0.315104 2.049951 5.251299
v 0.362035 2.000390 4.714880
v 0.363134 3.690902 4.702310
v 0.364159 3.685951 4.690596
v 0.365039 3.678075 4.680537
v 0.365715 3.667810 4.672818
v 0.366139 3.655857 4.667966
v 0.365039 2.014906 4.680537
v 0.364159 2.007030 4.690596
v 0.363134 2.002079 4.702310
v 0.362035 3.692592 4.714880
v 0.315104 3.643030 5.251299
v 0.319353 2.000390 5.202731
v 0.365715 2.025171 4.672818
v 0.366139 2.037124 4.667966
v 0.366284 2.049951 4.666311
v 0.330268 3.655857 5.250958
v 0.330124 3.643030 5.252614
v 0.330693 3.667810 5.246107
v 0.331368 3.678075 5.238388
v 0.332248 3.685951 5.228329
v 0.333273 3.690902 5.216615
v 0.334373 3.692591 5.204045
v 0.381303 3.643030 4.667625
v 0.381158 3.655857 4.669280
v 0.380734 3.667810 4.674132
v 0.380059 3.678075 4.681850
v 0.379179 3.685951 4.691909
v 0.378154 3.690902 4.703623
v 0.377054 3.692591 4.716194
v 0.333273 2.002079 5.216615
v 0.334373 2.000390 5.204045
v 0.332248 2.007030 5.228329
v 0.331368 2.014906 5.238388
v 0.330693 2.025171 5.246107
v 0.330268 2.037124 5.250958
v 0.330124 2.049951 5.252614
v 0.377054 2.000390 4.716194
v 0.378154 2.002079 4.703623
v 0.379179 2.007030 4.691909
v 0.380059 2.014906 4.681850
v 0.380734 2.025171 4.674132
v 0.381158 2.037124 4.669280
v 0.381303 2.049951 4.667625
v 0.349522 3.180850 4.684921
v 0.349420 3.171875 4.686079
v 0.349167 3.164744 4.688973
v 0.348250 3.154041 4.699450
v 0.348767 3.158665 4.693545
v 0.347653 3.151156 4.706275
v 0.346899 3.149998 4.714893
v 0.303099 3.668549 5.215532
v 0.304450 3.672591 5.200089
v 0.303696 3.671433 5.208707
v 0.349522 3.641740 4.684921
v 0.349476 3.645783 4.685442
v 0.349420 3.650714 4.686079
v 0.349167 3.657845 4.688973
v 0.348767 3.663924 4.693545
v 0.347653 3.671433 4.706275
v 0.346899 3.672591 4.714893
v 0.348250 3.668549 4.699450
v 0.303696 3.151156 5.208707
v 0.304450 3.149998 5.200089
v 0.302583 3.158665 5.221438
v 0.302583 3.663924 5.221438
v 0.301929 3.650714 5.228904
v 0.301828 3.641740 5.230062
v 0.301828 3.180850 5.230062
v 0.301929 3.171875 5.228904
v 0.302183 3.164744 5.226009
v 0.302183 3.657845 5.226009
v 0.303099 3.154041 5.215532
v 0.313112 3.154041 5.216408
v 0.323125 3.154041 5.217284
v 0.323722 3.151156 5.210460
v 0.313709 3.151156 5.209583
v 0.313112 3.668549 5.216408
v 0.323125 3.668549 5.217284
v 0.322608 3.663924 5.223190
v 0.312595 3.663924 5.222314
v 0.359534 3.180850 4.685797
v 0.369547 3.180850 4.686673
v 0.369547 3.641740 4.686673
v 0.359534 3.641740 4.685797
v 0.312196 3.164744 5.226885
v 0.322208 3.164744 5.227761
v 0.322608 3.158665 5.223190
v 0.312595 3.158665 5.222314
v 0.311942 3.650714 5.229780
v 0.321955 3.650714 5.230656
v 0.321854 3.641740 5.231813
v 0.311841 3.641740 5.230937
v 0.314463 3.149998 5.200966
v 0.324476 3.149998 5.201842
v 0.366925 3.149998 4.716645
v 0.356912 3.149998 4.715769
v 0.358263 3.668549 4.700326
v 0.368276 3.668549 4.701202
v 0.367679 3.671433 4.708027
v 0.357666 3.671433 4.707151
v 0.358263 3.154041 4.700327
v 0.368276 3.154041 4.701203
v 0.368793 3.158665 4.695297
v 0.358780 3.158665 4.694421
v 0.359433 3.171875 4.686955
v 0.369446 3.171875 4.687831
v 0.359180 3.164744 4.689849
v 0.369193 3.164744 4.690725
v 0.314463 3.672591 5.200965
v 0.324476 3.672591 5.201841
v 0.323722 3.671433 5.210460
v 0.313709 3.671433 5.209583
v 0.311841 3.180850 5.230937
v 0.321854 3.180850 5.231813
v 0.321955 3.171875 5.230656
v 0.311942 3.171875 5.229780
v 0.366925 3.672591 4.716645
v 0.356912 3.672591 4.715769
v 0.359433 3.650714 4.686955
v 0.369446 3.650714 4.687831
v 0.369193 3.657845 4.690725
v 0.359180 3.657845 4.689849
v 0.358780 3.663924 4.694421
v 0.368793 3.663924 4.695297
v 0.312196 3.657845 5.226885
v 0.322208 3.657845 5.227761
v 0.367679 3.151156 4.708027
v 0.357666 3.151156 4.707151
v 0.312814 3.181875 5.219818
v 0.322827 3.181875 5.220694
v 0.322725 3.190850 5.221852
v 0.312713 3.190850 5.220976
v 0.325348 3.159998 5.191880
v 0.315335 3.159998 5.191004
v 0.313467 3.168665 5.212352
v 0.323480 3.168665 5.213228
v 0.323080 3.174744 5.217799
v 0.313067 3.174744 5.216923
v 0.314581 3.161156 5.199622
v 0.324594 3.161156 5.200498
v 0.323997 3.164041 5.207322
v 0.313984 3.164041 5.206446
v 0.351919 2.841481 4.657523
v 0.351919 2.991500 4.657523
v 0.381303 2.991499 4.667625
v 0.330124 2.991499 5.252614
v 0.347562 2.986500 4.707324
v 0.347126 2.991500 4.712305
v 0.347434 2.990036 4.708783
v 0.345384 2.991500 4.732216
v 0.344948 2.986500 4.737197
v 0.345076 2.990036 4.735738
v 0.347126 2.841481 4.712305
v 0.347562 2.846481 4.707324
v 0.347434 2.842946 4.708783
v 0.344948 2.846481 4.737197
v 0.345384 2.841481 4.732216
v 0.345076 2.842946 4.735738
v 0.377600 2.846482 4.709952
v 0.377164 2.841482 4.714933
v 0.377472 2.842947 4.711411
v 0.375422 2.841482 4.734844
v 0.374986 2.846482 4.739825
v 0.375114 2.842947 4.738366
v 0.377164 2.991499 4.714933
v 0.377600 2.986499 4.709952
v 0.377472 2.990035 4.711411
v 0.374986 2.986499 4.739825
v 0.375422 2.991499 4.734844
v 0.375114 2.990035 4.738366
v 0.337146 2.990500 4.711632
v 0.338160 2.991500 4.711521
v 0.337512 2.986301 4.707448
v 0.338596 2.986500 4.706540
v 0.337405 2.989270 4.708674
v 0.338468 2.990036 4.707998
v 0.335073 2.986301 4.735329
v 0.335982 2.986500 4.736413
v 0.335439 2.990500 4.731146
v 0.336418 2.991500 4.731431
v 0.335180 2.989270 4.734104
v 0.336110 2.990036 4.734954
v 0.337512 2.846680 4.707448
v 0.338596 2.846481 4.706540
v 0.337146 2.842481 4.711632
v 0.338160 2.841481 4.711521
v 0.337405 2.843711 4.708674
v 0.338468 2.842946 4.707998
v 0.335439 2.842481 4.731146
v 0.336418 2.841481 4.731431
v 0.335073 2.846680 4.735329
v 0.335982 2.846481 4.736413
v 0.335180 2.843711 4.734104
v 0.336110 2.842946 4.734954
v 0.387109 2.842482 4.716002
v 0.386130 2.841482 4.715717
v 0.387475 2.846681 4.711820
v 0.386566 2.846482 4.710736
v 0.387368 2.843712 4.713045
v 0.386438 2.842947 4.712195
v 0.385036 2.846681 4.739700
v 0.383952 2.846482 4.740610
v 0.385402 2.842482 4.735518
v 0.384388 2.841482 4.735629
v 0.385143 2.843712 4.738475
v 0.384080 2.842947 4.739151
v 0.387475 2.986300 4.711820
v 0.386566 2.986499 4.710736
v 0.387109 2.990499 4.716002
v 0.386130 2.991499 4.715717
v 0.387368 2.989269 4.713045
v 0.386438 2.990035 4.712195
v 0.385402 2.990499 4.735518
v 0.384388 2.991499 4.735629
v 0.385036 2.986300 4.739700
v 0.383952 2.986499 4.740610
v 0.385143 2.989269 4.738475
v 0.384080 2.990035 4.739151
v 0.307711 3.191875 5.209333
v 0.329673 3.191875 5.211255
v 0.329572 3.200850 5.212412
v 0.307609 3.200850 5.210491
v 0.332194 3.169998 5.182440
v 0.310232 3.169998 5.180519
v 0.308364 3.178665 5.201868
v 0.330326 3.178665 5.203789
v 0.329926 3.184744 5.208360
v 0.307964 3.184744 5.206439
v 0.309478 3.171156 5.189137
v 0.331440 3.171156 5.191058
v 0.330843 3.174041 5.197883
v 0.308881 3.174041 5.195961
v 0.314557 3.201875 5.199894
v 0.324570 3.201875 5.200770
v 0.324468 3.210850 5.201928
v 0.314456 3.210850 5.201052
v 0.327091 3.179998 5.171956
v 0.317078 3.179998 5.171080
v 0.315210 3.188665 5.192428
v 0.325223 3.188665 5.193304
v 0.324823 3.194744 5.197875
v 0.314810 3.194744 5.197000
v 0.316324 3.181156 5.179698
v 0.326337 3.181156 5.180573
v 0.325740 3.184041 5.187398
v 0.315727 3.184041 5.186522
v 0.358663 3.190850 4.695759
v 0.368676 3.190850 4.696635
v 0.366053 3.159998 4.726607
v 0.356041 3.159998 4.725731
v 0.357392 3.164041 4.710289
v 0.367404 3.164041 4.711164
v 0.367921 3.168665 4.705259
v 0.357908 3.168665 4.704383
v 0.358562 3.181875 4.696917
v 0.368574 3.181875 4.697793
v 0.358308 3.174744 4.699811
v 0.368321 3.174744 4.700687
v 0.366807 3.161156 4.717989
v 0.356795 3.161156 4.717113
v 0.351817 3.200850 4.705198
v 0.373779 3.200850 4.707119
v 0.371157 3.169998 4.737092
v 0.349194 3.169998 4.735170
v 0.350545 3.174041 4.719728
v 0.372508 3.174041 4.721649
v 0.373024 3.178665 4.715743
v 0.351062 3.178665 4.713822
v 0.351715 3.191875 4.706356
v 0.373678 3.191875 4.708278
v 0.351462 3.184744 4.709250
v 0.373424 3.184744 4.711172
v 0.371911 3.171156 4.728474
v 0.349948 3.171156 4.726552
v 0.356920 3.210850 4.715683
v 0.366933 3.210850 4.716559
v 0.364310 3.179998 4.746531
v 0.354297 3.179998 4.745655
v 0.355649 3.184041 4.730212
v 0.365661 3.184041 4.731089
v 0.366178 3.188665 4.725183
v 0.356165 3.188665 4.724307
v 0.356818 3.201875 4.716841
v 0.366831 3.201875 4.717717
v 0.356565 3.194744 4.719735
v 0.366578 3.194744 4.720611
v 0.365064 3.181156 4.737913
v 0.355051 3.181156 4.737037
v 0.313984 3.658549 5.206446
v 0.323997 3.658549 5.207322
v 0.323480 3.653924 5.213228
v 0.313467 3.653924 5.212352
v 0.312814 3.640714 5.219818
v 0.322827 3.640714 5.220694
v 0.322725 3.631740 5.221852
v 0.312713 3.631740 5.220976
v 0.315335 3.662591 5.191003
v 0.325348 3.662591 5.191880
v 0.324594 3.661433 5.200498
v 0.314581 3.661433 5.199622
v 0.313067 3.647845 5.216923
v 0.323080 3.647845 5.217799
v 0.308881 3.648549 5.195961
v 0.330843 3.648549 5.197883
v 0.330326 3.643924 5.203789
v 0.308364 3.643924 5.201868
v 0.307711 3.630714 5.209333
v 0.329673 3.630714 5.211255
v 0.329572 3.621740 5.212412
v 0.307609 3.621740 5.210491
v 0.310232 3.652591 5.180519
v 0.332194 3.652591 5.182440
v 0.331440 3.651433 5.191058
v 0.309478 3.651433 5.189137
v 0.307964 3.637845 5.206439
v 0.329926 3.637845 5.208360
v 0.315727 3.638549 5.186522
v 0.325740 3.638549 5.187398
v 0.325223 3.633924 5.193304
v 0.315210 3.633924 5.192428
v 0.314557 3.620714 5.199894
v 0.324570 3.620714 5.200770
v 0.324468 3.611740 5.201928
v 0.314456 3.611740 5.201052
v 0.317078 3.642591 5.171080
v 0.327091 3.642591 5.171956
v 0.326337 3.641433 5.180573
v 0.316324 3.641433 5.179698
v 0.314810 3.627845 5.197000
v 0.324823 3.627845 5.197875
v 0.368676 3.631740 4.696635
v 0.358663 3.631740 4.695759
v 0.357392 3.658548 4.710289
v 0.367404 3.658548 4.711164
v 0.366807 3.661433 4.717989
v 0.356795 3.661433 4.717113
v 0.366053 3.662591 4.726607
v 0.356041 3.662591 4.725731
v 0.358562 3.640714 4.696917
v 0.368574 3.640714 4.697793
v 0.368321 3.647845 4.700687
v 0.358308 3.647845 4.699811
v 0.357908 3.653924 4.704383
v 0.367921 3.653924 4.705259
v 0.373779 3.621740 4.707119
v 0.351817 3.621740 4.705198
v 0.350545 3.648549 4.719728
v 0.372508 3.648549 4.721649
v 0.371911 3.651433 4.728474
v 0.349948 3.651433 4.726552
v 0.371157 3.652591 4.737092
v 0.349194 3.652591 4.735170
v 0.351715 3.630714 4.706356
v 0.373678 3.630714 4.708278
v 0.373424 3.637845 4.711172
v 0.351462 3.637845 4.709250
v 0.351062 3.643924 4.713822
v 0.373024 3.643924 4.715743
v 0.366933 3.611740 4.716559
v 0.356920 3.611740 4.715683
v 0.355649 3.638548 4.730212
v 0.365661 3.638548 4.731088
v 0.365064 3.641433 4.737913
v 0.355051 3.641433 4.737037
v 0.364310 3.642591 4.746531
v 0.354297 3.642591 4.745655
v 0.356818 3.620714 4.716841
v 0.366831 3.620714 4.717717
v 0.366578 3.627845 4.720611
v 0.356565 3.627845 4.719735
v 0.356165 3.633924 4.724307
v 0.366178 3.633924 4.725183
vn -0.0842 0.2588 0.9623
vn -0.0870 0.0654 0.9941
vn -0.0755 0.5000 0.8627
vn -0.0842 0.2588 0.9622
vn -0.0616 0.7071 0.7044
vn -0.0436 0.8660 0.4981
vn -0.0226 0.9659 0.2578
vn -0.0057 0.9979 0.0652
vn -0.0226 -0.9659 0.2578
vn -0.0057 -0.9979 0.0652
vn -0.0436 -0.8660 0.4981
vn -0.0616 -0.7071 0.7044
vn -0.0755 -0.5000 0.8627
vn -0.0842 -0.2588 0.9622
vn -0.0870 -0.0654 0.9941
vn -0.0842 -0.2588 0.9623
vn 0.0057 -0.9979 -0.0652
vn 0.0226 -0.9659 -0.2578
vn 0.0436 -0.8660 -0.4981
vn 0.0616 -0.7071 -0.7044
vn 0.0755 -0.5000 -0.8627
vn 0.0842 -0.2588 -0.9623
vn 0.0870 -0.0654 -0.9941
vn 0.0058 0.9979 -0.0652
vn 0.0872 -0.0000 -0.9962
vn 0.0870 0.0654 -0.9941
vn 0.0226 0.9659 -0.2579
vn 0.0436 0.8660 -0.4981
vn 0.0616 0.7071 -0.7044
vn 0.0755 0.5000 -0.8627
vn 0.0842 0.2588 -0.9622
vn 0.0842 0.2588 -0.9623
vn 0.0843 0.2550 -0.9633
vn 0.0870 0.0644 -0.9941
vn 0.0758 0.4941 -0.8661
vn 0.0621 0.7015 -0.7100
vn 0.0441 0.8626 -0.5040
vn 0.0229 0.9649 -0.2617
vn 0.0058 0.9978 -0.0662
vn 0.0229 -0.9649 -0.2617
vn 0.0058 -0.9978 -0.0662
vn 0.0441 -0.8626 -0.5040
vn 0.0621 -0.7015 -0.7100
vn 0.0758 -0.4941 -0.8661
vn 0.0843 -0.2550 -0.9633
vn 0.0870 -0.0644 -0.9941
vn -0.0058 0.9978 0.0662
vn 0.0059 0.9978 -0.0663
vn -0.0058 -0.9978 0.0662
vn -0.0872 -0.0000 0.9962
vn -0.0870 0.0644 0.9941
vn -0.0843 -0.2550 0.9633
vn -0.0758 -0.4941 0.8661
vn -0.0621 -0.7015 0.7100
vn -0.0441 -0.8626 0.5040
vn -0.0870 -0.0644 0.9941
vn -0.0229 -0.9649 0.2617
vn -0.0229 0.9649 0.2617
vn -0.0441 0.8626 0.5040
vn -0.0621 0.7015 0.7100
vn -0.0758 0.4941 0.8661
vn -0.0843 0.2550 0.9633
vn 0.9962 -0.0000 0.0872
vn -0.9962 -0.0000 -0.0872
vn -0.0864 -0.1284 0.9879
vn -0.6899 0.4799 -0.5420
vn -0.6513 0.1366 -0.7464
vn -0.6993 0.6868 -0.1983
vn -0.6899 0.4798 -0.5420
vn -0.7735 0.4798 0.4140
vn -0.7711 0.1366 0.6219
vn -0.7231 0.6868 0.0739
vn -0.7735 -0.4798 0.4140
vn -0.7231 -0.6868 0.0739
vn -0.7711 -0.1366 0.6219
vn -0.6899 -0.4798 -0.5420
vn -0.6993 -0.6868 -0.1983
vn -0.6514 -0.1366 -0.7463
vn -0.6899 -0.4799 -0.5420
vn 0.6899 -0.4798 0.5420
vn 0.6993 -0.6868 0.1983
vn 0.6514 -0.1366 0.7464
vn 0.6899 0.4798 0.5420
vn 0.6993 0.6867 0.1983
vn 0.6514 0.1366 0.7464
vn 0.6513 0.1366 0.7464
vn 0.7735 0.4798 -0.4140
vn 0.7231 0.6868 -0.0739
vn 0.7711 0.1366 -0.6219
vn 0.7735 0.4799 -0.4140
vn 0.7735 -0.4798 -0.4140
vn 0.7231 -0.6868 -0.0739
vn 0.7711 -0.1366 -0.6219
vn 0.7710 -0.1366 -0.6219
vn 0.0170 0.9808 -0.1943
vn -0.0170 0.9808 0.1943
vn 0.0855 -0.1951 -0.9771
vn 0.0855 0.1951 -0.9771
vn -0.0855 0.1951 0.9771
vn -0.0855 -0.1951 0.9771
vn -0.0170 -0.9808 0.1943
vn 0.0170 -0.9808 -0.1943
vn -0.0170 0.9808 0.1944
vn 0.0170 0.9808 -0.1944
vn 0.8300 -0.0434 0.5560
vn 0.9907 0.0076 0.1359
vn 0.9929 0.0132 0.1182
vn -0.9140 -0.0434 0.4035
vn -0.9992 0.0076 -0.0382
vn -0.9339 -0.1255 0.3349
vn -0.9096 -0.4125 0.0494
vn -0.9964 -0.0352 -0.0767
vn -0.9943 -0.0499 -0.0942
vn -0.9312 -0.3413 0.1277
vn -0.9977 -0.0226 -0.0639
vn -0.8764 -0.4806 -0.0318
vn -0.9944 -0.0321 -0.1006
vn 0.8825 -0.2045 0.4235
vn 0.9936 -0.0226 0.1104
vn 0.9925 -0.0095 0.1222
vn 0.8615 -0.1255 0.4920
vn -0.9427 -0.2045 0.2638
vn -0.9414 -0.2740 0.1968
vn 0.8686 -0.4806 0.1209
vn 0.9956 -0.0499 0.0799
vn 0.8872 -0.4125 0.2066
vn 0.9946 -0.0352 0.0975
vn 0.8949 -0.3413 0.2875
vn -0.9986 -0.0095 -0.0520
vn 0.8929 -0.2740 0.3573
vn 0.6276 0.4019 -0.6667
vn 0.6134 0.2022 -0.7635
vn -0.5212 0.5742 -0.6314
vn 0.6229 0.5742 -0.5313
vn -0.5023 0.4019 -0.7656
vn 0.5815 0.0471 -0.8122
vn -0.5301 0.7126 -0.4595
vn -0.5257 0.8115 -0.2550
vn 0.9968 -0.0321 0.0736
vn 0.5620 0.8115 -0.1598
vn -0.5029 0.8594 -0.0929
vn 0.6019 0.7126 -0.3605
vn -0.9983 0.0132 -0.0560
vn -0.4715 0.2022 -0.8584
vn -0.8686 -0.4806 -0.1209
vn -0.9956 -0.0499 -0.0799
vn -0.8873 -0.4125 -0.2066
vn 0.9140 -0.0434 -0.4035
vn 0.9992 0.0076 0.0382
vn 0.9339 -0.1255 -0.3349
vn -0.8615 -0.1255 -0.4920
vn -0.9925 -0.0095 -0.1222
vn -0.9907 0.0076 -0.1359
vn 0.8764 -0.4806 0.0318
vn 0.9943 -0.0499 0.0942
vn 0.9944 -0.0321 0.1006
vn -0.8949 -0.3413 -0.2875
vn -0.9936 -0.0226 -0.1104
vn -0.8929 -0.2740 -0.3573
vn -0.9946 -0.0352 -0.0975
vn 0.9986 -0.0095 0.0520
vn 0.9427 -0.2045 -0.2638
vn -0.8825 -0.2045 -0.4235
vn 0.9312 -0.3413 -0.1277
vn 0.9977 -0.0226 0.0639
vn 0.9964 -0.0352 0.0767
vn 0.9096 -0.4125 -0.0494
vn -0.8300 -0.0434 -0.5560
vn -0.9929 0.0132 -0.1182
vn 0.9414 -0.2740 -0.1968
vn -0.6229 0.5742 0.5313
vn -0.6019 0.7126 0.3605
vn 0.5023 0.4019 0.7656
vn -0.6276 0.4019 0.6668
vn 0.5212 0.5742 0.6314
vn 0.5301 0.7126 0.4595
vn 0.5257 0.8115 0.2550
vn -0.6134 0.2022 0.7635
vn -0.5815 0.0471 0.8122
vn -0.9968 -0.0321 -0.0736
vn -0.5620 0.8115 0.1598
vn 0.9983 0.0132 0.0561
vn 0.4715 0.2022 0.8584
vn 0.5029 0.8594 0.0929
vn -0.5114 0.8594 0.0041
vn 0.4316 0.0471 0.9008
vn 0.5114 0.8594 -0.0041
vn -0.4317 0.0471 -0.9008
vn -0.8764 0.4806 -0.0318
vn -0.9943 0.0499 -0.0942
vn -0.9096 0.4125 0.0493
vn 0.8615 0.1255 0.4920
vn 0.9925 0.0095 0.1222
vn 0.8825 0.2045 0.4235
vn -0.9312 0.3413 0.1277
vn -0.9977 0.0226 -0.0639
vn -0.9414 0.2740 0.1968
vn -0.9427 0.2045 0.2638
vn -0.9986 0.0095 -0.0520
vn 0.8686 0.4806 0.1209
vn 0.9956 0.0499 0.0799
vn 0.9968 0.0321 0.0736
vn -0.9964 0.0352 -0.0767
vn 0.8949 0.3413 0.2875
vn 0.9936 0.0226 0.1104
vn 0.9946 0.0352 0.0975
vn 0.8929 0.2740 0.3573
vn -0.9140 0.0434 0.4034
vn -0.9992 -0.0076 -0.0382
vn -0.9983 -0.0132 -0.0560
vn 0.8872 0.4125 0.2066
vn -0.9339 0.1255 0.3349
vn 0.8300 0.0434 0.5560
vn 0.9907 -0.0076 0.1359
vn 0.5620 -0.8115 -0.1598
vn 0.5114 -0.8594 -0.0041
vn -0.5301 -0.7126 -0.4595
vn 0.6229 -0.5742 -0.5313
vn 0.6019 -0.7126 -0.3605
vn -0.4715 -0.2022 -0.8584
vn -0.4317 -0.0471 -0.9008
vn -0.5023 -0.4019 -0.7656
vn 0.9929 -0.0132 0.1182
vn 0.6134 -0.2022 -0.7635
vn -0.9944 0.0321 -0.1006
vn -0.5257 -0.8115 -0.2550
vn 0.6276 -0.4019 -0.6667
vn -0.5212 -0.5742 -0.6314
vn 0.5815 -0.0471 -0.8122
vn -0.5029 -0.8594 -0.0929
vn -0.8873 0.4125 -0.2066
vn -0.9946 0.0352 -0.0975
vn -0.9956 0.0499 -0.0799
vn -0.8300 0.0434 -0.5560
vn -0.9907 -0.0076 -0.1359
vn -0.8615 0.1255 -0.4919
vn 0.9339 0.1255 -0.3349
vn 0.9986 0.0095 0.0520
vn 0.9992 -0.0076 0.0382
vn -0.8949 0.3413 -0.2875
vn -0.9936 0.0226 -0.1104
vn 0.9096 0.4125 -0.0494
vn 0.9964 0.0352 0.0767
vn 0.9312 0.3413 -0.1277
vn 0.9140 0.0434 -0.4035
vn 0.9983 -0.0132 0.0561
vn -0.8686 0.4806 -0.1209
vn -0.9968 0.0321 -0.0736
vn 0.9977 0.0226 0.0639
vn 0.9414 0.2740 -0.1968
vn -0.8825 0.2045 -0.4235
vn -0.8929 0.2740 -0.3573
vn 0.8764 0.4806 0.0318
vn 0.9943 0.0499 0.0942
vn -0.9925 0.0095 -0.1222
vn 0.9427 0.2045 -0.2638
vn 0.4715 -0.2022 0.8584
vn 0.4316 -0.0471 0.9008
vn -0.5620 -0.8115 0.1598
vn -0.5114 -0.8594 0.0041
vn 0.5212 -0.5742 0.6314
vn -0.6229 -0.5742 0.5313
vn 0.9944 0.0321 0.1006
vn 0.5257 -0.8115 0.2550
vn -0.6276 -0.4019 0.6667
vn 0.5023 -0.4019 0.7656
vn -0.6019 -0.7126 0.3605
vn -0.9929 -0.0132 -0.1182
vn -0.6134 -0.2022 0.7635
vn 0.5301 -0.7126 0.4595
vn 0.5029 -0.8594 0.0929
vn -0.5815 -0.0471 0.8122
vt 0.489613 0.580988
vt 0.486886 0.579191
vt 0.489334 0.578869
vt 0.490431 0.582962
vt 0.487332 0.581932
vt 0.491732 0.584658
vt 0.488472 0.584465
vt 0.493427 0.585959
vt 0.490229 0.586616
vt 0.495402 0.586777
vt 0.492483 0.588240
vt 0.497521 0.587056
vt 0.495079 0.589224
vt 0.495403 0.307803
vt 0.497199 0.305077
vt 0.497522 0.307524
vt 0.493428 0.308621
vt 0.494458 0.305522
vt 0.491733 0.309922
vt 0.491925 0.306662
vt 0.490432 0.311618
vt 0.489774 0.308419
vt 0.489614 0.313592
vt 0.488151 0.310673
vt 0.489335 0.315711
vt 0.487166 0.313270
vt 0.579756 0.307524
vt 0.497522 0.305055
vt 0.579756 0.305055
vt 0.582197 0.305355
vt 0.580078 0.305076
vt 0.584794 0.306340
vt 0.581875 0.307803
vt 0.582819 0.305522
vt 0.587048 0.307963
vt 0.583849 0.308621
vt 0.585352 0.306662
vt 0.588804 0.310115
vt 0.585545 0.309922
vt 0.587503 0.308419
vt 0.589945 0.312647
vt 0.586846 0.311617
vt 0.589127 0.310673
vt 0.590390 0.315389
vt 0.587664 0.313592
vt 0.590111 0.313270
vt 0.579756 0.589525
vt 0.497521 0.589524
vt 0.486865 0.578869
vt 0.486866 0.315711
vt 0.590411 0.446470
vt 0.590411 0.471033
vt 0.587943 0.578869
vt 0.582197 0.589225
vt 0.579756 0.587056
vt 0.581875 0.586777
vt 0.582819 0.589058
vt 0.583849 0.585959
vt 0.584794 0.588240
vt 0.585352 0.587918
vt 0.585545 0.584658
vt 0.587048 0.586617
vt 0.587503 0.586161
vt 0.586846 0.582963
vt 0.588804 0.584466
vt 0.589127 0.583907
vt 0.587664 0.580988
vt 0.589945 0.581933
vt 0.590111 0.581310
vt 0.590390 0.579191
vt 0.460792 0.535713
vt 0.458375 0.537889
vt 0.458692 0.535441
vt 0.463364 0.536673
vt 0.460475 0.538161
vt 0.461407 0.535875
vt 0.465600 0.538257
vt 0.462432 0.538959
vt 0.463920 0.536988
vt 0.467349 0.540362
vt 0.464113 0.540227
vt 0.466060 0.538709
vt 0.468489 0.542848
vt 0.465403 0.541881
vt 0.467678 0.540923
vt 0.468660 0.543478
vt 0.466490 0.545872
vt 0.466214 0.543806
vt 0.187241 0.543479
vt 0.189411 0.545872
vt 0.186964 0.545545
vt 0.188223 0.540923
vt 0.189687 0.543806
vt 0.187412 0.542848
vt 0.189841 0.538709
vt 0.190498 0.541881
vt 0.188552 0.540363
vt 0.191981 0.536989
vt 0.191788 0.540228
vt 0.190301 0.538257
vt 0.194494 0.535875
vt 0.193468 0.538959
vt 0.192537 0.536673
vt 0.197209 0.535441
vt 0.195426 0.538161
vt 0.195109 0.535713
vt 0.466492 0.626058
vt 0.468959 0.545872
vt 0.468960 0.626058
vt 0.351695 0.537889
vt 0.197526 0.537889
vt 0.197526 0.535421
vt 0.186942 0.626058
vt 0.186942 0.545872
vt 0.351695 0.634041
vt 0.458377 0.634041
vt 0.458377 0.636510
vt 0.195426 0.633769
vt 0.192537 0.635258
vt 0.193469 0.632971
vt 0.191788 0.631703
vt 0.188552 0.631568
vt 0.190498 0.630050
vt 0.197526 0.634041
vt 0.195109 0.636217
vt 0.190301 0.633673
vt 0.187412 0.629082
vt 0.189687 0.628124
vt 0.186964 0.626386
vt 0.189411 0.626058
vt 0.468662 0.628451
vt 0.466215 0.628124
vt 0.467680 0.631007
vt 0.465405 0.630049
vt 0.466061 0.633221
vt 0.464115 0.631703
vt 0.463922 0.634942
vt 0.462434 0.632971
vt 0.461409 0.636055
vt 0.460477 0.633769
vt 0.458694 0.636489
vt 0.586442 0.579815
vt 0.490835 0.314765
vt 0.490563 0.316865
vt 0.463217 0.625840
vt 0.463215 0.546090
vt 0.471051 0.651976
vt 0.470294 0.652946
vt 0.466228 0.650148
vt 0.487714 0.869457
vt 0.487318 0.871743
vt 0.486654 0.869956
vt 0.472238 0.801031
vt 0.473888 0.800427
vt 0.473029 0.801519
vt 0.371620 0.865625
vt 0.388069 0.803990
vt 0.373059 0.865712
vt 0.489194 0.867883
vt 0.489823 0.869857
vt 0.488571 0.868750
vt 0.474230 0.802937
vt 0.475988 0.803537
vt 0.474675 0.803990
vt 0.485409 0.872320
vt 0.377576 0.870249
vt 0.485167 0.870249
vt 0.390505 0.801030
vt 0.390999 0.799294
vt 0.391395 0.800711
vt 0.375030 0.869457
vt 0.372921 0.869857
vt 0.374173 0.868750
vt 0.371692 0.867222
vt 0.373181 0.866912
vt 0.372130 0.868599
vt 0.373550 0.867883
vt 0.470174 0.800547
vt 0.471744 0.799294
vt 0.471348 0.800711
vt 0.489685 0.865712
vt 0.491052 0.867222
vt 0.489562 0.866912
vt 0.392569 0.800546
vt 0.388513 0.802937
vt 0.387996 0.801271
vt 0.389044 0.802161
vt 0.388856 0.800427
vt 0.389714 0.801519
vt 0.474747 0.801271
vt 0.473700 0.802161
vt 0.386756 0.803537
vt 0.387314 0.802265
vt 0.377335 0.872320
vt 0.376089 0.869956
vt 0.375425 0.871743
vt 0.392432 0.798999
vt 0.747261 0.799936
vt 0.669343 0.798999
vt 0.747384 0.798383
vt 0.763216 0.869964
vt 0.765270 0.870935
vt 0.763876 0.871748
vt 0.761732 0.870256
vt 0.761972 0.872320
vt 0.751380 0.802287
vt 0.752923 0.802302
vt 0.751843 0.803361
vt 0.650234 0.866930
vt 0.649186 0.868613
vt 0.648748 0.867241
vt 0.666638 0.801539
vt 0.664918 0.801299
vt 0.665773 0.800451
vt 0.665970 0.802185
vt 0.664240 0.802296
vt 0.668316 0.800721
vt 0.666779 0.799780
vt 0.667911 0.799304
vt 0.750826 0.801511
vt 0.750981 0.799766
vt 0.751855 0.800593
vt 0.750139 0.800876
vt 0.749960 0.799116
vt 0.665001 0.804018
vt 0.648675 0.865647
vt 0.663687 0.803568
vt 0.765134 0.868761
vt 0.767181 0.868617
vt 0.766384 0.869872
vt 0.752562 0.801567
vt 0.653133 0.869965
vt 0.654374 0.872320
vt 0.652472 0.871746
vt 0.748441 0.800088
vt 0.748820 0.798663
vt 0.651223 0.868763
vt 0.651083 0.870931
vt 0.649975 0.869867
vt 0.765761 0.867894
vt 0.767628 0.867241
vt 0.766135 0.866920
vt 0.767712 0.865640
vt 0.654615 0.870257
vt 0.766264 0.865715
vt 0.753173 0.802936
vt 0.351695 0.545665
vt 0.377837 0.544674
vt 0.377647 0.546090
vt 0.487870 0.866552
vt 0.488204 0.865720
vt 0.653569 0.867815
vt 0.654833 0.868121
vt 0.651924 0.866571
vt 0.650602 0.867899
vt 0.652595 0.867281
vt 0.650111 0.865732
vt 0.651591 0.865739
vt 0.487196 0.867262
vt 0.488106 0.864631
vt 0.652078 0.869468
vt 0.656691 0.868156
vt 0.484948 0.868103
vt 0.486219 0.867798
vt 0.552786 0.651224
vt 0.551619 0.650748
vt 0.581153 0.646055
vt 0.327131 0.545665
vt 0.327131 0.548938
vt 0.604899 0.654240
vt 0.581972 0.654240
vt 0.984072 0.176396
vt 0.983645 0.176824
vt 0.983586 0.176597
vt 0.984500 0.175968
vt 0.984260 0.176547
vt 0.984072 0.172216
vt 0.983645 0.171788
vt 0.984224 0.172028
vt 0.984500 0.172644
vt 0.984274 0.172702
vt 0.960239 0.172216
vt 0.959811 0.172644
vt 0.960051 0.172065
vt 0.960666 0.171788
vt 0.960725 0.172015
vt 0.960239 0.176396
vt 0.959811 0.175968
vt 0.960037 0.175910
vt 0.960666 0.176824
vt 0.960087 0.176584
vt 0.960239 0.192389
vt 0.959811 0.191961
vt 0.960037 0.191903
vt 0.960666 0.192817
vt 0.960087 0.192577
vt 0.984072 0.192389
vt 0.984500 0.191961
vt 0.984260 0.192540
vt 0.983644 0.192817
vt 0.983586 0.192590
vt 0.984072 0.188209
vt 0.984500 0.188637
vt 0.984273 0.188695
vt 0.983644 0.187781
vt 0.984223 0.188021
vt 0.960239 0.188209
vt 0.959811 0.188637
vt 0.960051 0.188058
vt 0.960666 0.187781
vt 0.960725 0.188008
vt 0.960692 0.176829
vt 0.960725 0.176597
vt 0.984505 0.175942
vt 0.984274 0.175910
vt 0.983619 0.171783
vt 0.983586 0.172015
vt 0.959806 0.172670
vt 0.960037 0.172702
vt 0.983586 0.188008
vt 0.960692 0.187776
vt 0.983618 0.187776
vt 0.959806 0.188663
vt 0.960037 0.188695
vt 0.960725 0.192590
vt 0.983618 0.192822
vt 0.960692 0.192822
vt 0.984273 0.191903
vt 0.984505 0.188663
vt 0.984505 0.191935
vt 0.985862 0.176532
vt 0.985622 0.177111
vt 0.985979 0.175942
vt 0.984505 0.172670
vt 0.985979 0.172670
vt 0.960692 0.178302
vt 0.983619 0.176829
vt 0.983619 0.178302
vt 0.984788 0.177945
vt 0.984209 0.178185
vt 0.984209 0.170427
vt 0.983619 0.170309
vt 0.960692 0.171783
vt 0.960692 0.170309
vt 0.985622 0.171501
vt 0.984260 0.172065
vt 0.960102 0.178185
vt 0.959523 0.177945
vt 0.958332 0.172670
vt 0.959806 0.175942
vt 0.958332 0.175942
vt 0.958689 0.177111
vt 0.958449 0.176532
vt 0.958449 0.172080
vt 0.959523 0.170667
vt 0.960087 0.172028
vt 0.958449 0.188073
vt 0.958332 0.188663
vt 0.959806 0.191935
vt 0.958332 0.191935
vt 0.959523 0.186660
vt 0.960087 0.188021
vt 0.983618 0.186302
vt 0.960692 0.186302
vt 0.960102 0.194178
vt 0.959523 0.193938
vt 0.960692 0.194296
vt 0.983618 0.194296
vt 0.958689 0.193104
vt 0.958449 0.192525
vt 0.984208 0.186420
vt 0.984787 0.186660
vt 0.985979 0.191935
vt 0.985979 0.188663
vt 0.985622 0.187494
vt 0.985861 0.188073
vt 0.985861 0.192525
vt 0.984787 0.193938
vt 0.984223 0.192577
vt 0.856105 0.735628
vt 0.856524 0.733711
vt 0.857869 0.734070
vt 0.872740 0.756334
vt 0.872974 0.758431
vt 0.871222 0.756571
vt 0.867708 0.760049
vt 0.870060 0.760661
vt 0.869586 0.761785
vt 0.868207 0.758886
vt 0.870816 0.759682
vt 0.867487 0.761516
vt 0.869384 0.763190
vt 0.853674 0.734736
vt 0.854583 0.732362
vt 0.855470 0.733151
vt 0.854741 0.735288
vt 0.870018 0.757087
vt 0.868992 0.757877
vt 0.851488 0.730517
vt 0.853501 0.730293
vt 0.851669 0.731891
vt 0.853915 0.731390
vt 0.852094 0.732985
vt 0.871810 0.758921
vt 0.852774 0.733952
vt 0.857274 0.731585
vt 0.858311 0.732154
vt 0.872572 0.761420
vt 0.856409 0.730795
vt 0.873524 0.760700
vt 0.859633 0.732542
vt 0.871857 0.762357
vt 0.871427 0.763445
vt 0.853335 0.728921
vt 0.855362 0.728705
vt 0.871271 0.764834
vt 0.855765 0.729817
vt 0.874428 0.758214
vt 0.874650 0.760254
vt 0.376525 0.867798
vt 0.377795 0.868103
vt 0.374874 0.866552
vt 0.375547 0.867262
vt 0.764772 0.865712
vt 0.764684 0.864610
vt 0.761512 0.868116
vt 0.374540 0.865720
vt 0.379662 0.868138
vt 0.763757 0.867269
vt 0.764433 0.866553
vt 0.762779 0.867808
vt 0.764275 0.869466
vt 0.867487 0.838123
vt 0.869586 0.837855
vt 0.867708 0.839591
vt 0.856105 0.650949
vt 0.856524 0.652866
vt 0.854741 0.651290
vt 0.871222 0.843068
vt 0.871810 0.840719
vt 0.872974 0.841209
vt 0.851488 0.656060
vt 0.853501 0.656284
vt 0.853335 0.657656
vt 0.868207 0.840753
vt 0.870816 0.839958
vt 0.868992 0.841763
vt 0.870060 0.838979
vt 0.855470 0.653427
vt 0.853674 0.651842
vt 0.870018 0.842553
vt 0.852094 0.653592
vt 0.854583 0.654216
vt 0.853915 0.655187
vt 0.851669 0.654686
vt 0.872740 0.843305
vt 0.874428 0.841426
vt 0.852775 0.652625
vt 0.872572 0.838220
vt 0.871857 0.837282
vt 0.857274 0.654993
vt 0.873524 0.838940
vt 0.856409 0.655783
vt 0.855765 0.656761
vt 0.855362 0.657872
vt 0.874650 0.839386
vt 0.876088 0.839557
vt 0.869384 0.836450
vt 0.871427 0.836195
vt 0.857869 0.652508
vt 0.858311 0.654424
vt 0.855170 0.659252
vt 0.856984 0.729249
vt 0.856984 0.657329
vt 0.858020 0.656069
vt 0.858805 0.655698
vt 0.858020 0.730509
vt 0.857407 0.729959
vt 0.856758 0.658174
vt 0.856689 0.659339
vt 0.856689 0.727239
vt 0.856758 0.728404
vt 0.858805 0.730880
vt 0.859632 0.654036
vt 0.855170 0.727325
vt 0.859921 0.731122
vt 0.871271 0.834806
vt 0.759653 0.868153
vt 0.471948 0.802991
vt 0.667427 0.801046
vt 0.667727 0.803008
vt 0.470026 0.802204
vt 0.468642 0.802114
vt 0.471058 0.802502
vt 0.665442 0.802963
vt 0.666986 0.803677
vt 0.666416 0.804506
vt 0.666000 0.805662
vt 0.473261 0.804482
vt 0.472690 0.803655
vt 0.669491 0.800548
vt 0.669651 0.802209
vt 0.668618 0.802513
vt 0.950332 0.760871
vt 0.948201 0.761152
vt 0.950095 0.759380
vt 0.924338 0.744663
vt 0.924008 0.742140
vt 0.925709 0.744289
vt 0.949577 0.758205
vt 0.946945 0.759035
vt 0.948769 0.757190
vt 0.947720 0.756404
vt 0.945935 0.758277
vt 0.929056 0.739528
vt 0.926588 0.739122
vt 0.926843 0.737504
vt 0.947716 0.760017
vt 0.927951 0.742519
vt 0.925120 0.741403
vt 0.926007 0.740373
vt 0.926944 0.743558
vt 0.944960 0.755688
vt 0.944759 0.757798
vt 0.943299 0.757600
vt 0.928655 0.741239
vt 0.946495 0.755901
vt 0.922719 0.744659
vt 0.922773 0.742545
vt 0.924440 0.737206
vt 0.924629 0.735551
vt 0.945907 0.761735
vt 0.923290 0.739515
vt 0.924000 0.738479
vt 0.943104 0.759644
vt 0.941669 0.759496
vt 0.944232 0.760078
vt 0.921333 0.742639
vt 0.921283 0.740643
vt 0.948408 0.762574
vt 0.946339 0.762834
vt 0.922359 0.740246
vt 0.945189 0.760793
vt 0.919967 0.740732
vt 0.473678 0.805637
vt 0.921064 0.739400
vt 0.922639 0.737929
vt 0.921760 0.739188
vt 0.922294 0.738691
vt 0.876088 0.760083
vt 0.922782 0.736933
vt 0.922766 0.735486
vt 0.747129 0.801601
vt 0.745738 0.801521
vt 0.749338 0.800397
vt 0.749072 0.802371
vt 0.748169 0.801890
vt 0.390053 0.803654
vt 0.389482 0.804482
vt 0.392717 0.802204
vt 0.390795 0.802990
vt 0.391686 0.802501
vt 0.750412 0.803857
vt 0.389065 0.805636
vt 0.749829 0.803030
vt 0.950095 0.840260
vt 0.947716 0.839623
vt 0.948201 0.838488
vt 0.944960 0.843951
vt 0.944759 0.841842
vt 0.946495 0.843739
vt 0.924338 0.641915
vt 0.924008 0.644438
vt 0.922773 0.644033
vt 0.949577 0.841435
vt 0.946945 0.840605
vt 0.928655 0.645339
vt 0.926007 0.646205
vt 0.927951 0.644059
vt 0.922719 0.641919
vt 0.921333 0.643939
vt 0.950332 0.838769
vt 0.948408 0.837065
vt 0.925120 0.645175
vt 0.926944 0.643020
vt 0.947720 0.843236
vt 0.948769 0.842450
vt 0.929056 0.647050
vt 0.926588 0.647456
vt 0.945935 0.841363
vt 0.925709 0.642290
vt 0.921283 0.645934
vt 0.919967 0.645846
vt 0.946339 0.836806
vt 0.946493 0.835395
vt 0.923290 0.647063
vt 0.945189 0.838846
vt 0.926843 0.649075
vt 0.924440 0.649372
vt 0.944232 0.839562
vt 0.922359 0.646332
vt 0.945908 0.837905
vt 0.943299 0.842040
vt 0.943104 0.839996
vt 0.924000 0.648100
vt 0.922294 0.647887
vt 0.922639 0.648649
vt 0.394102 0.802114
vt 0.924629 0.651027
vt 0.921064 0.647178
vt 0.920040 0.647242
vt 0.946493 0.764245
vt 0.922782 0.649645
vt 0.750825 0.805015
vt 0.941669 0.840144
vt 0.859921 0.655455
vt 0.487165 0.581310
vt 0.488150 0.583907
vt 0.489773 0.586161
vt 0.491924 0.587917
vt 0.494457 0.589057
vt 0.497198 0.589503
vt 0.495081 0.305356
vt 0.492484 0.306340
vt 0.490230 0.307963
vt 0.488473 0.310115
vt 0.487333 0.312647
vt 0.486887 0.315389
vt 0.587943 0.315711
vt 0.590411 0.578869
vt 0.590411 0.315711
vt 0.580078 0.589504
vt 0.468937 0.545545
vt 0.458375 0.535421
vt 0.197526 0.636510
vt 0.194494 0.636055
vt 0.189841 0.633221
vt 0.197209 0.636489
vt 0.191981 0.634942
vt 0.188223 0.631008
vt 0.187241 0.628452
vt 0.468939 0.626385
vt 0.468490 0.629082
vt 0.467351 0.631568
vt 0.465602 0.633673
vt 0.463366 0.635257
vt 0.460794 0.636217
vt 0.585645 0.581773
vt 0.586714 0.577715
vt 0.584376 0.583453
vt 0.582723 0.584743
vt 0.580797 0.585554
vt 0.578731 0.585830
vt 0.496479 0.585553
vt 0.498545 0.585830
vt 0.494554 0.584742
vt 0.492900 0.583453
vt 0.491632 0.581772
vt 0.490834 0.579815
vt 0.491633 0.312808
vt 0.492902 0.311127
vt 0.494555 0.309837
vt 0.496480 0.309027
vt 0.498546 0.308750
vt 0.580797 0.309026
vt 0.578731 0.308750
vt 0.582723 0.309837
vt 0.584376 0.311127
vt 0.585645 0.312807
vt 0.586442 0.314765
vt 0.586714 0.316865
vt 0.490562 0.577714
vt 0.459635 0.630576
vt 0.382699 0.630766
vt 0.458166 0.630766
vt 0.379066 0.629349
vt 0.380062 0.630100
vt 0.381230 0.630576
vt 0.462555 0.628378
vt 0.461798 0.629349
vt 0.463027 0.627256
vt 0.463026 0.544674
vt 0.462553 0.543552
vt 0.459633 0.541354
vt 0.461796 0.542581
vt 0.460801 0.541830
vt 0.382699 0.541164
vt 0.458164 0.541164
vt 0.380062 0.541830
vt 0.379066 0.542581
vt 0.381229 0.541354
vt 0.460803 0.630100
vt 0.467529 0.648453
vt 0.469225 0.647152
vt 0.471200 0.646334
vt 0.472047 0.651224
vt 0.473214 0.650748
vt 0.473318 0.646055
vt 0.474022 0.650644
vt 0.465131 0.654242
vt 0.465410 0.652123
vt 0.469822 0.654068
vt 0.465411 0.738595
vt 0.465131 0.736476
vt 0.469822 0.736650
vt 0.469632 0.655485
vt 0.469632 0.735233
vt 0.488713 0.870924
vt 0.472878 0.799762
vt 0.490614 0.868599
vt 0.475430 0.802266
vt 0.389866 0.799762
vt 0.374031 0.870924
vt 0.470311 0.798999
vt 0.491123 0.865625
vt 0.378309 0.628378
vt 0.351455 0.549517
vt 0.377647 0.625840
vt 0.351695 0.548938
vt 0.378309 0.543552
vt 0.377837 0.627256
vt 0.651688 0.864650
vt 0.483082 0.868138
vt 0.469225 0.743566
vt 0.467529 0.742265
vt 0.471051 0.738742
vt 0.466228 0.740570
vt 0.470294 0.737772
vt 0.471200 0.744384
vt 0.472047 0.739494
vt 0.736476 0.744663
vt 0.473318 0.744663
vt 0.550149 0.740160
vt 0.473214 0.739970
vt 0.474684 0.740160
vt 0.740570 0.743566
vt 0.738595 0.744384
vt 0.743566 0.740570
vt 0.742265 0.742265
vt 0.744663 0.736476
vt 0.744384 0.738595
vt 0.744384 0.652122
vt 0.744663 0.654241
vt 0.742265 0.648452
vt 0.736476 0.646055
vt 0.743566 0.650148
vt 0.738595 0.646333
vt 0.740570 0.647151
vt 0.605717 0.646055
vt 0.605717 0.655059
vt 0.605477 0.654480
vt 0.605717 0.658331
vt 0.551619 0.739970
vt 0.605477 0.658910
vt 0.604899 0.659150
vt 0.555201 0.735233
vt 0.581972 0.659150
vt 0.552786 0.739494
vt 0.581393 0.658910
vt 0.553782 0.738742
vt 0.554539 0.737772
vt 0.555011 0.736650
vt 0.581153 0.658331
vt 0.555201 0.655484
vt 0.581153 0.655059
vt 0.555011 0.654068
vt 0.581393 0.654480
vt 0.554539 0.652946
vt 0.474683 0.650558
vt 0.474021 0.650644
vt 0.473318 0.646055
vt 0.550149 0.650558
vt 0.553782 0.651975
vt 0.350876 0.549756
vt 0.327371 0.549517
vt 0.351455 0.545086
vt 0.350876 0.544846
vt 0.327950 0.544846
vt 0.327950 0.549756
vt 0.327371 0.545086
vt 0.984224 0.176584
vt 0.960051 0.176547
vt 0.960051 0.192540
vt 0.984260 0.188058
vt 0.984788 0.170667
vt 0.985862 0.172080
vt 0.958689 0.171501
vt 0.960102 0.170427
vt 0.958689 0.187494
vt 0.960102 0.186420
vt 0.985622 0.193104
vt 0.984208 0.194178
vt 0.374638 0.864631
vt 0.857407 0.656619
vt 0.671039 0.802108
vt 0.920040 0.739336
vt 0.921760 0.647389
vt 0.922766 0.651092
s 1
usemtl MovingParts
f 2120/3122/1357 2074/3123/1358 2115/3124/1358
f 2119/3125/1359 2079/3126/1360 2120/3122/1357
f 2118/3127/1361 2078/3128/1359 2119/3125/1359
f 2117/3129/1362 2077/3130/1361 2118/3127/1361
f 2116/3131/1363 2076/3132/1362 2117/3129/1362
f 2121/3133/1364 2075/3134/1363 2116/3131/1363
f 2130/3135/1365 2081/3136/1366 2129/3137/1366
f 2131/3138/1367 2086/3139/1365 2130/3135/1365
f 2132/3140/1368 2085/3141/1367 2131/3138/1367
f 2133/3142/1369 2084/3143/1368 2132/3140/1368
f 2134/3144/1370 2083/3145/1369 2133/3142/1369
f 2135/3146/1371 2082/3147/1372 2134/3144/1370
f 2136/3148/1373 2081/3149/1366 2066/3150/1373
f 2068/3151/1374 2136/3148/1373 2066/3152/1373
f 2069/3153/1375 2137/3154/1374 2068/3155/1374
f 2070/3156/1376 2138/3157/1375 2069/3158/1375
f 2071/3159/1377 2139/3160/1376 2070/3161/1376
f 2072/3162/1378 2140/3163/1377 2071/3164/1377
f 2067/3165/1379 2141/3166/1378 2072/3167/1378
f 2121/3133/1364 2060/3168/1380 2073/3169/1364
f 2135/3146/1371 2074/3170/1358 2080/3171/1371
f 2298/3172/1381 2299/3173/1381 2126/3174/1382
f 2065/3175/1383 2128/3176/1380 2127/3177/1383
f 2065/3178/1383 2122/3179/1384 2064/3180/1384
f 2064/3181/1384 2123/3182/1385 2063/3183/1385
f 2063/3184/1385 2124/3185/1386 2062/3186/1386
f 2062/3187/1386 2125/3188/1387 2061/3189/1388
f 2061/3190/1388 2126/3174/1382 2059/3191/1382
f 2161/3192/1389 2178/3193/1390 2149/3194/1390
f 2160/3195/1391 2179/3196/1389 2161/3197/1389
f 2159/3198/1392 2180/3199/1391 2160/3200/1391
f 2158/3201/1393 2181/3202/1392 2159/3203/1392
f 2157/3204/1394 2182/3205/1393 2158/3206/1393
f 2157/3207/1394 2184/3208/1395 2183/3209/1394
f 2164/3210/1396 2192/3211/1397 2156/3212/1397
f 2163/3213/1398 2193/3214/1396 2164/3215/1396
f 2162/3216/1399 2194/3217/1398 2163/3218/1398
f 2168/3219/1400 2195/3220/1399 2162/3221/1399
f 2169/3222/1401 2196/3223/1400 2168/3224/1400
f 2170/3225/1402 2197/3226/1401 2169/3227/1401
f 2177/3228/1403 2165/3229/1404 2148/3230/1403
f 2300/3231/1381 2198/3232/1402 2170/3233/1402
f 2192/3211/1397 2167/3234/1405 2156/3235/1397
f 2301/3236/1406 2172/3237/1407 2166/3238/1407
f 2190/3239/1408 2153/3240/1409 2189/3241/1409
f 2188/3242/1410 2151/3243/1411 2187/3244/1411
f 2191/3245/1412 2154/3246/1408 2190/3239/1408
f 2189/3241/1409 2152/3247/1410 2188/3242/1410
f 2187/3244/1411 2150/3248/1413 2185/3249/1413
f 2185/3249/1413 2167/3250/1405 2186/3251/1405
f 2177/3228/1403 2147/3252/1414 2176/3253/1414
f 2176/3253/1414 2146/3254/1415 2175/3255/1415
f 2175/3255/1415 2145/3256/1416 2174/3257/1416
f 2174/3257/1416 2144/3258/1417 2173/3259/1417
f 2173/3259/1417 2143/3260/1418 2171/3261/1418
f 2171/3261/1418 2166/3262/1407 2172/3237/1407
f 2161/3263/1419 2126/3174/1419 2125/3188/1419
f 2135/3146/1419 2154/3264/1419 2155/3265/1419
f 2177/3228/1419 2093/3266/1419 2100/3267/1419
s 0
f 2213/3268/1420 2216/3269/1420 2064/3270/1420
s 1
f 2229/3271/1393 2101/3272/1394 2230/3273/1394
f 2233/3274/1398 2090/3275/1399 2234/3276/1399
f 2114/3277/1407 2238/3278/1412 2237/3279/1407
f 2241/3280/1391 2104/3281/1392 2242/3282/1392
f 2245/3283/1401 2088/3284/1402 2246/3285/1402
f 2102/3286/1395 2250/3287/1403 2249/3288/1395
f 2253/3289/1411 2099/3290/1413 2254/3291/1413
f 2257/3292/1415 2111/3293/1416 2258/3294/1416
f 2113/3295/1418 2237/3279/1407 2261/3296/1418
f 2112/3297/1417 2261/3296/1418 2263/3298/1417
f 2265/3299/1397 2092/3300/1396 2266/3301/1396
f 2104/3281/1392 2229/3271/1393 2242/3282/1392
f 2269/3302/1390 2106/3303/1389 2270/3304/1389
f 2099/3290/1413 2272/3305/1405 2254/3291/1413
f 2101/3272/1394 2249/3288/1395 2230/3273/1394
f 2275/3306/1408 2096/3307/1409 2276/3308/1409
f 2111/3293/1416 2263/3298/1417 2258/3294/1416
f 2088/3284/1402 2269/3302/1390 2246/3285/1402
f 2097/3309/1410 2253/3289/1411 2279/3310/1410
f 2096/3307/1409 2279/3310/1410 2276/3308/1409
f 2092/3300/1396 2233/3274/1398 2266/3301/1396
f 2089/3311/1400 2245/3283/1401 2281/3312/1400
f 2090/3275/1399 2281/3312/1400 2234/3276/1399
f 2106/3303/1389 2241/3280/1391 2270/3304/1389
f 2275/3306/1408 2094/3313/1412 2095/3314/1408
f 2108/3315/1403 2282/3316/1414 2250/3287/1403
f 2109/3317/1414 2257/3292/1415 2282/3316/1414
f 2100/3318/1405 2265/3299/1397 2272/3305/1405
f 2273/3319/1405 2207/3320/1397 2215/3321/1405
f 2283/3322/1414 2202/3323/1415 2204/3324/1414
f 2251/3325/1403 2204/3324/1414 2205/3326/1403
f 2274/3327/1408 2210/3328/1421 2239/3329/1412
f 2271/3330/1389 2225/3331/1391 2224/3332/1389
f 2235/3333/1399 2226/3334/1400 2220/3335/1399
f 2280/3336/1400 2221/3337/1401 2226/3334/1400
f 2267/3338/1396 2206/3339/1398 2208/3340/1396
f 2277/3341/1409 2213/3342/1410 2212/3343/1409
f 2278/3344/1410 2216/3345/1411 2213/3342/1410
f 2247/3346/1402 2223/3347/1390 2222/3348/1402
f 2259/3349/1416 2201/3350/1417 2203/3351/1416
f 2211/3352/1408 2277/3341/1409 2212/3343/1409
f 2231/3353/1394 2218/3354/1395 2217/3355/1394
f 2255/3356/1413 2215/3321/1405 2214/3357/1413
f 2223/3347/1390 2271/3330/1389 2224/3332/1389
f 2243/3358/1392 2227/3359/1393 2219/3360/1392
f 2207/3320/1397 2267/3338/1396 2208/3340/1396
f 2262/3361/1417 2200/3362/1418 2201/3350/1417
f 2260/3363/1418 2199/3364/1407 2200/3362/1418
f 2202/3323/1415 2259/3349/1416 2203/3351/1416
f 2216/3345/1411 2255/3356/1413 2214/3357/1413
f 2248/3365/1395 2205/3326/1403 2218/3354/1395
f 2221/3337/1401 2247/3346/1402 2222/3348/1402
f 2225/3331/1391 2243/3358/1392 2219/3360/1392
f 2236/3366/1407 2209/3367/1412 2199/3364/1407
f 2206/3339/1398 2235/3333/1399 2220/3335/1399
f 2227/3359/1393 2231/3353/1394 2217/3355/1394
f 2320/3368/1419 2109/3369/1419 2108/3370/1419
f 2270/3304/1419 2292/3371/1419 2285/3372/1419
f 2231/3353/1420 2297/3373/1420 2294/3374/1420
f 2271/3330/1420 2293/3375/1420 2240/3376/1420
f 2240/3376/1420 2290/3377/1420 2243/3358/1420
f 2268/3378/1420 2284/3379/1420 2271/3330/1420
f 2241/3280/1419 2291/3380/1419 2292/3371/1419
f 2269/3302/1419 2285/3372/1419 2286/3381/1419
f 2228/3382/1420 2290/3377/1420 2297/3373/1420
f 2248/3365/1420 2294/3374/1420 2289/3383/1420
f 2229/3271/1419 2291/3380/1419 2242/3282/1419
f 2249/3288/1419 2295/3384/1419 2230/3273/1419
f 2230/3273/1419 2296/3385/1419 2229/3271/1419
s 0
f 2201/3386/1420 2200/3387/1420 2299/3388/1420
s 1
f 2315/3389/1419 2317/3390/1419 2198/3232/1419
s 0
f 2299/3388/1420 2309/3391/1420 2302/3392/1420
s 1
f 2330/3393/1422 2329/3394/1423 2328/3395/1423
f 2330/3393/1422 2327/3396/1424 2331/3397/1425
f 2336/3398/1426 2333/3399/1427 2337/3400/1426
f 2336/3398/1426 2335/3401/1428 2334/3402/1428
f 2348/3403/1429 2345/3404/1430 2349/3405/1429
f 2348/3403/1429 2347/3406/1431 2346/3407/1431
f 2342/3408/1432 2341/3409/1433 2340/3410/1433
f 2342/3408/1432 2339/3411/1434 2343/3412/1435
f 2360/3413/1436 2359/3414/1437 2358/3415/1437
f 2360/3413/1436 2357/3416/1438 2361/3417/1436
f 2372/3418/1439 2369/3419/1440 2373/3420/1439
f 2372/3418/1439 2371/3421/1441 2370/3422/1442
f 2366/3423/1443 2365/3424/1444 2364/3425/1444
f 2366/3423/1443 2363/3426/1445 2367/3427/1446
f 2354/3428/1447 2351/3429/1448 2355/3430/1447
f 2354/3428/1447 2353/3431/1449 2352/3432/1450
f 2328/3395/1423 2339/3433/1434 2338/3434/1434
f 2334/3402/1428 2327/3435/1424 2326/3436/1424
f 2346/3407/1431 2333/3437/1427 2332/3438/1427
f 2340/3410/1433 2345/3439/1430 2344/3440/1430
f 2362/3441/1445 2353/3442/1449 2363/3443/1445
f 2358/3415/1437 2351/3444/1448 2350/3445/1448
f 2356/3446/1438 2371/3447/1441 2357/3448/1438
f 2368/3449/1440 2365/3450/1444 2369/3451/1440
f 2332/3438/1420 2326/3436/1420 2328/3395/1420
f 2331/3397/1385 2303/3452/1451 2304/3453/1385
f 2303/3454/1451 2335/3455/1452 2305/3456/1452
f 2309/3457/1453 2329/3458/1454 2302/3459/1454
f 2329/3394/1454 2304/3460/1385 2302/3461/1454
f 2306/3462/1455 2337/3400/1361 2333/3399/1455
f 2306/3463/1455 2347/3464/1456 2311/3465/1456
f 2307/3466/1361 2335/3401/1452 2337/3467/1361
f 2343/3412/1376 2309/3468/1453 2310/3469/1376
f 2312/3470/1457 2341/3471/1458 2308/3472/1458
f 2341/3409/1458 2310/3473/1376 2308/3474/1458
f 2312/3475/1457 2349/3405/1368 2345/3404/1457
f 2313/3476/1368 2347/3406/1456 2349/3477/1368
f 2356/3446/1419 2350/3445/1419 2352/3432/1419
f 2315/3478/1458 2355/3430/1376 2351/3429/1458
f 2315/3479/1458 2359/3480/1457 2317/3481/1457
f 2316/3482/1376 2353/3431/1453 2355/3483/1376
f 2321/3484/1454 2353/3442/1453 2314/3485/1453
f 2361/3417/1368 2318/3486/1456 2319/3487/1368
f 2318/3488/1456 2371/3447/1455 2323/3489/1455
f 2359/3414/1457 2319/3490/1368 2317/3491/1457
f 2367/3427/1385 2321/3492/1454 2322/3493/1385
f 2324/3494/1459 2365/3450/1460 2320/3495/1451
f 2365/3424/1460 2322/3496/1385 2320/3497/1451
f 2324/3498/1459 2373/3420/1361 2369/3419/1452
f 2325/3499/1361 2371/3421/1455 2373/3500/1361
f 2286/3501/1461 2375/3502/1462 2376/3503/1463
f 2287/3504/1464 2374/3505/1465 2284/3506/1466
f 2294/3507/1467 2387/3508/1468 2384/3509/1469
f 2297/3510/1470 2380/3511/1471 2387/3508/1468
f 2289/3512/1472 2384/3509/1469 2379/3513/1473
f 2292/3514/1474 2381/3515/1475 2382/3516/1476
f 2285/3517/1477 2382/3516/1476 2375/3502/1462
f 2293/3518/1478 2380/3511/1471 2290/3519/1479
f 2288/3520/1480 2385/3521/1481 2295/3522/1482
f 2295/3522/1482 2386/3523/1483 2296/3524/1484
f 2284/3506/1466 2383/3525/1485 2293/3518/1478
f 2296/3524/1484 2381/3515/1475 2291/3526/1486
f 2375/3502/1462 2396/3527/1487 2389/3528/1488
f 2383/3525/1485 2394/3529/1489 2380/3511/1471
f 2386/3523/1483 2395/3530/1490 2381/3515/1475
f 2374/3505/1465 2397/3531/1491 2383/3525/1485
f 2376/3503/1463 2389/3528/1488 2390/3532/1492
f 2387/3508/1468 2394/3529/1489 2401/3533/1493
f 2384/3509/1469 2401/3533/1493 2398/3534/1494
f 2378/3535/1495 2399/3536/1496 2385/3521/1481
f 2379/3513/1473 2398/3534/1494 2393/3537/1497
f 2385/3521/1481 2400/3538/1498 2386/3523/1483
f 2382/3516/1476 2395/3530/1490 2396/3527/1487
f 2377/3539/1499 2388/3540/1500 2374/3505/1465
f 2282/3316/1419 2407/3541/1419 2414/3542/1419
f 2261/3296/1419 2413/3543/1419 2263/3298/1419
f 2257/3292/1419 2408/3544/1419 2407/3541/1419
f 2236/3366/1420 2410/3545/1420 2402/3546/1420
f 2251/3325/1420 2415/3547/1420 2283/3322/1420
f 2237/3279/1419 2411/3548/1419 2261/3296/1419
f 2250/3287/1419 2414/3542/1419 2404/3549/1419
f 2262/3361/1420 2409/3550/1420 2412/3551/1420
f 2260/3363/1420 2412/3551/1420 2410/3545/1420
f 2283/3322/1420 2406/3552/1420 2256/3553/1420
f 2256/3553/1420 2409/3550/1420 2259/3349/1420
f 2263/3298/1419 2408/3544/1419 2258/3294/1419
f 2405/3554/1501 2429/3555/1502 2415/3556/1503
f 2403/3557/1504 2425/3558/1505 2411/3559/1506
f 2410/3560/1507 2426/3561/1508 2424/3562/1509
f 2404/3563/1510 2428/3564/1511 2418/3565/1512
f 2406/3566/1513 2423/3567/1514 2409/3568/1515
f 2415/3556/1503 2420/3569/1516 2406/3566/1513
f 2411/3559/1506 2427/3570/1517 2413/3571/1518
f 2412/3572/1519 2423/3567/1514 2426/3561/1508
f 2407/3573/1520 2422/3574/1521 2421/3575/1522
f 2414/3576/1523 2421/3575/1522 2428/3564/1511
f 2402/3577/1524 2424/3562/1509 2416/3578/1525
f 2413/3571/1518 2422/3574/1521 2408/3579/1526
f 2420/3569/1516 2437/3580/1527 2423/3567/1514
f 2429/3555/1502 2434/3581/1528 2420/3569/1516
f 2425/3558/1505 2441/3582/1529 2427/3570/1517
f 2426/3561/1508 2437/3580/1527 2440/3583/1530
f 2421/3575/1522 2436/3584/1531 2435/3585/1532
f 2428/3564/1511 2435/3585/1532 2442/3586/1533
f 2416/3578/1525 2438/3587/1534 2430/3588/1535
f 2427/3570/1517 2436/3584/1531 2422/3574/1521
f 2419/3589/1536 2443/3590/1537 2429/3555/1502
f 2417/3591/1538 2439/3592/1539 2425/3558/1505
f 2424/3562/1509 2440/3583/1530 2438/3587/1534
f 2418/3565/1512 2442/3586/1533 2432/3593/1540
f 2399/3536/1496 2401/3594/1493 2400/3538/1498
f 2436/3584/1531 2434/3595/1528 2435/3585/1532
f 2440/3596/1530 2439/3592/1539 2438/3597/1534
f 2395/3530/1490 2397/3598/1491 2396/3527/1487
f 2404/3549/1419 2249/3288/1419 2250/3287/1419
f 2395/3530/1490 2401/3594/1493 2394/3599/1489
f 2442/3586/1533 2434/3595/1528 2443/3600/1537
f 2440/3596/1530 2436/3584/1531 2441/3582/1529
f 2432/3593/1540 2443/3600/1537 2433/3601/1541
f 2399/3536/1496 2393/3602/1497 2398/3603/1494
f 2389/3528/1488 2397/3598/1491 2388/3604/1500
f 2431/3605/1542 2438/3597/1534 2439/3592/1539
f 2404/3563/1510 2378/3535/1495 2288/3520/1480
f 2418/3565/1512 2392/3606/1543 2378/3535/1495
f 2391/3607/1544 2389/3528/1488 2388/3604/1500
f 2433/3608/1541 2379/3513/1473 2393/3537/1497
f 2419/3589/1536 2289/3512/1472 2379/3513/1473
f 2248/3365/1420 2405/3609/1420 2251/3325/1420
f 2432/3593/1540 2393/3602/1497 2392/3606/1543
f 2281/3312/1419 2446/3610/1419 2234/3276/1419
f 2232/3611/1420 2447/3612/1420 2235/3333/1420
f 2265/3299/1419 2454/3613/1419 2453/3614/1419
f 2266/3301/1419 2445/3615/1419 2454/3613/1419
f 2244/3616/1420 2456/3617/1420 2448/3618/1420
f 2247/3346/1420 2448/3618/1420 2451/3619/1420
f 2233/3274/1419 2446/3610/1419 2445/3615/1419
f 2246/3285/1419 2449/3620/1419 2245/3283/1419
f 2245/3283/1419 2457/3621/1419 2281/3312/1419
f 2280/3336/1420 2447/3612/1420 2456/3617/1420
f 2264/3622/1420 2455/3623/1420 2267/3338/1420
f 2267/3338/1420 2444/3624/1420 2232/3611/1420
f 2452/3625/1545 2469/3626/1546 2455/3627/1547
f 2449/3628/1548 2471/3629/1549 2457/3630/1550
f 2444/3631/1551 2461/3632/1552 2447/3633/1553
f 2456/3634/1554 2461/3632/1552 2470/3635/1555
f 2453/3636/1556 2468/3637/1557 2467/3638/1558
f 2455/3627/1547 2458/3639/1559 2444/3631/1551
f 2445/3640/1560 2460/3641/1561 2459/3642/1562
f 2457/3630/1550 2460/3641/1561 2446/3643/1563
f 2451/3644/1564 2462/3645/1565 2465/3646/1566
f 2454/3647/1567 2459/3642/1562 2468/3637/1557
f 2448/3648/1568 2470/3635/1555 2462/3645/1565
f 2450/3649/1569 2463/3650/1570 2449/3628/1548
f 2467/3638/1558 2482/3651/1571 2481/3652/1572
f 2469/3626/1546 2472/3653/1573 2458/3639/1559
f 2459/3642/1562 2474/3654/1574 2473/3655/1575
f 2471/3629/1549 2474/3654/1574 2460/3641/1561
f 2465/3646/1566 2476/3656/1576 2479/3657/1577
f 2468/3637/1557 2473/3655/1575 2482/3651/1571
f 2462/3645/1565 2484/3658/1578 2476/3656/1576
f 2464/3659/1579 2477/3660/1580 2463/3650/1570
f 2466/3661/1581 2483/3662/1582 2469/3626/1546
f 2463/3650/1570 2485/3663/1583 2471/3629/1549
f 2458/3639/1559 2475/3664/1584 2461/3632/1552
f 2470/3635/1555 2475/3664/1584 2484/3658/1578
f 2391/3607/1544 2478/3665/1585 2390/3532/1492
f 2269/3302/1419 2450/3666/1419 2246/3285/1419
f 2478/3665/1585 2476/3667/1576 2477/3660/1580
f 2474/3654/1574 2472/3668/1573 2473/3655/1575
f 2474/3654/1574 2484/3669/1578 2475/3670/1584
f 2478/3665/1585 2376/3503/1463 2390/3532/1492
f 2465/3646/1566 2391/3671/1544 2377/3539/1499
f 2451/3644/1564 2377/3539/1499 2287/3504/1464
f 2482/3651/1571 2472/3668/1573 2483/3672/1582
f 2480/3673/1586 2482/3651/1571 2483/3672/1582
f 2464/3659/1579 2286/3501/1461 2376/3503/1463
f 2451/3619/1420 2268/3378/1420 2247/3346/1420
f 2484/3669/1578 2477/3660/1580 2476/3667/1576
f 2273/3319/1420 2491/3674/1420 2493/3675/1420
f 2252/3676/1420 2498/3677/1420 2488/3678/1420
f 2255/3356/1420 2488/3678/1420 2491/3674/1420
f 2275/3306/1419 2496/3679/1419 2495/3680/1419
f 2272/3305/1419 2490/3681/1419 2254/3291/1419
f 2253/3289/1419 2499/3682/1419 2279/3310/1419
f 2254/3291/1419 2489/3683/1419 2253/3289/1419
f 2277/3341/1420 2498/3677/1420 2278/3344/1420
f 2239/3329/1420 2494/3684/1420 2274/3327/1420
f 2276/3308/1419 2499/3682/1419 2496/3679/1419
f 2238/3278/1419 2495/3680/1419 2486/3685/1419
f 2274/3327/1420 2497/3686/1420 2277/3341/1420
f 2491/3687/1587 2502/3688/1588 2505/3689/1589
f 2487/3690/1590 2508/3691/1591 2494/3692/1592
f 2495/3693/1593 2510/3694/1594 2509/3695/1595
f 2488/3696/1596 2512/3697/1597 2502/3688/1588
f 2490/3698/1598 2503/3699/1599 2489/3700/1600
f 2486/3701/1601 2509/3695/1595 2500/3702/1602
f 2493/3703/1603 2505/3689/1589 2507/3704/1604
f 2489/3700/1600 2513/3705/1605 2499/3706/1606
f 2497/3707/1607 2512/3697/1597 2498/3708/1608
f 2492/3709/1609 2504/3710/1610 2490/3698/1598
f 2494/3692/1592 2511/3711/1611 2497/3707/1607
f 2496/3712/1612 2513/3705/1605 2510/3694/1594
f 2500/3702/1602 2523/3713/1613 2514/3714/1614
f 2507/3704/1604 2519/3715/1615 2521/3716/1616
f 2503/3699/1599 2527/3717/1617 2513/3705/1605
f 2511/3711/1611 2526/3718/1618 2512/3697/1597
f 2506/3719/1619 2518/3720/1620 2504/3710/1610
f 2508/3691/1591 2525/3721/1621 2511/3711/1611
f 2510/3694/1594 2527/3717/1617 2524/3722/1622
f 2505/3689/1589 2516/3723/1623 2519/3715/1615
f 2501/3724/1624 2522/3725/1625 2508/3691/1591
f 2509/3695/1595 2524/3722/1622 2523/3713/1613
f 2502/3688/1588 2526/3718/1618 2516/3723/1623
f 2504/3710/1610 2517/3726/1626 2503/3699/1599
f 2506/3719/1619 2453/3636/1556 2467/3638/1558
f 2526/3727/1618 2524/3722/1622 2527/3717/1617
f 2518/3720/1620 2516/3728/1623 2517/3726/1626
f 2265/3299/1419 2492/3729/1419 2272/3305/1419
f 2493/3703/1603 2466/3661/1581 2452/3625/1545
f 2520/3730/1627 2467/3638/1558 2481/3652/1572
f 2524/3722/1622 2522/3731/1625 2523/3713/1613
f 2514/3714/1614 2522/3731/1625 2515/3732/1628
f 2517/3726/1626 2526/3727/1618 2527/3717/1617
f 2507/3704/1604 2480/3733/1586 2466/3661/1581
f 2493/3675/1420 2264/3622/1420 2273/3319/1420
f 2480/3673/1586 2520/3730/1627 2481/3652/1572
f 2520/3730/1627 2519/3734/1615 2518/3720/1620
f 2486/3685/1419 2237/3279/1419 2238/3278/1419
f 2486/3701/1601 2417/3591/1538 2403/3557/1504
f 2500/3702/1602 2431/3605/1542 2417/3591/1538
f 2236/3366/1420 2487/3735/1420 2239/3329/1420
f 2501/3724/1624 2402/3577/1524 2416/3578/1525
f 2515/3736/1628 2416/3578/1525 2430/3588/1535
f 2514/3714/1614 2430/3737/1535 2431/3605/1542
f 2120/3122/1357 2079/3738/1360 2074/3123/1358
f 2119/3125/1359 2078/3739/1359 2079/3126/1360
f 2118/3127/1361 2077/3740/1361 2078/3128/1359
f 2117/3129/1362 2076/3741/1362 2077/3130/1361
f 2116/3131/1363 2075/3742/1363 2076/3132/1362
f 2121/3133/1364 2073/3743/1364 2075/3134/1363
f 2130/3135/1365 2086/3744/1365 2081/3136/1366
f 2131/3138/1367 2085/3745/1367 2086/3139/1365
f 2132/3140/1368 2084/3746/1368 2085/3141/1367
f 2133/3142/1369 2083/3747/1369 2084/3143/1368
f 2134/3144/1370 2082/3748/1372 2083/3145/1369
f 2135/3146/1371 2080/3749/1371 2082/3147/1372
f 2136/3148/1373 2129/3137/1366 2081/3149/1366
f 2068/3151/1374 2137/3154/1374 2136/3148/1373
f 2069/3153/1375 2138/3157/1375 2137/3154/1374
f 2070/3156/1376 2139/3160/1376 2138/3157/1375
f 2071/3159/1377 2140/3163/1377 2139/3160/1376
f 2072/3162/1378 2141/3166/1378 2140/3163/1377
f 2067/3165/1379 2142/3750/1379 2141/3166/1378
f 2121/3133/1364 2128/3176/1380 2060/3168/1380
f 2135/3146/1371 2115/3124/1358 2074/3170/1358
f 2299/3173/1381 2059/3751/1382 2126/3174/1382
f 2126/3174/1382 2142/3750/1379 2298/3172/1381
f 2142/3750/1379 2067/3752/1379 2298/3172/1381
f 2065/3175/1383 2060/3753/1380 2128/3176/1380
f 2065/3178/1383 2127/3177/1383 2122/3179/1384
f 2064/3181/1384 2122/3179/1384 2123/3182/1385
f 2063/3184/1385 2123/3182/1385 2124/3185/1386
f 2062/3187/1386 2124/3185/1386 2125/3188/1387
f 2061/3190/1388 2125/3188/1387 2126/3174/1382
f 2161/3192/1389 2179/3196/1389 2178/3193/1390
f 2160/3195/1391 2180/3199/1391 2179/3196/1389
f 2159/3198/1392 2181/3202/1392 2180/3199/1391
f 2158/3201/1393 2182/3205/1393 2181/3202/1392
f 2157/3204/1394 2183/3209/1394 2182/3205/1393
f 2157/3207/1394 2165/3754/1404 2184/3208/1395
f 2164/3210/1396 2193/3214/1396 2192/3211/1397
f 2163/3213/1398 2194/3217/1398 2193/3214/1396
f 2162/3216/1399 2195/3220/1399 2194/3217/1398
f 2168/3219/1400 2196/3223/1400 2195/3220/1399
f 2169/3222/1401 2197/3226/1401 2196/3223/1400
f 2170/3225/1402 2198/3232/1402 2197/3226/1401
f 2177/3228/1403 2184/3208/1395 2165/3229/1404
f 2170/3233/1402 2149/3755/1390 2300/3231/1381
f 2149/3755/1390 2178/3193/1390 2300/3231/1381
f 2192/3211/1397 2186/3251/1405 2167/3234/1405
f 2166/3238/1407 2155/3756/1412 2301/3236/1406
f 2155/3756/1412 2191/3245/1412 2301/3236/1406
f 2190/3239/1408 2154/3757/1408 2153/3240/1409
f 2188/3242/1410 2152/3758/1410 2151/3243/1411
f 2191/3245/1412 2155/3759/1412 2154/3246/1408
f 2189/3241/1409 2153/3760/1409 2152/3247/1410
f 2187/3244/1411 2151/3761/1411 2150/3248/1413
f 2185/3249/1413 2150/3762/1413 2167/3250/1405
f 2177/3228/1403 2148/3763/1403 2147/3252/1414
f 2176/3253/1414 2147/3764/1414 2146/3254/1415
f 2175/3255/1415 2146/3765/1415 2145/3256/1416
f 2174/3257/1416 2145/3766/1416 2144/3258/1417
f 2173/3259/1417 2144/3767/1417 2143/3260/1418
f 2171/3261/1418 2143/3768/1418 2166/3262/1407
f 2125/3188/1419 2124/3185/1419 2160/3769/1419
f 2161/3263/1419 2149/3770/1419 2126/3174/1419
f 2125/3188/1419 2160/3769/1419 2161/3263/1419
f 2159/3771/1419 2160/3769/1419 2124/3185/1419
f 2124/3185/1419 2123/3182/1419 2159/3771/1419
f 2123/3182/1419 2122/3179/1419 2159/3771/1419
f 2122/3179/1419 2127/3177/1419 2158/3772/1419
f 2127/3177/1419 2128/3176/1419 2157/3773/1419
f 2128/3176/1419 2121/3133/1419 2165/3774/1419
f 2121/3133/1419 2116/3131/1419 2147/3775/1419
f 2165/3774/1419 2121/3133/1419 2148/3776/1419
f 2116/3131/1419 2117/3129/1419 2146/3777/1419
f 2117/3129/1419 2118/3127/1419 2145/3778/1419
f 2146/3777/1419 2117/3129/1419 2145/3778/1419
f 2118/3127/1419 2119/3125/1419 2145/3778/1419
f 2119/3125/1419 2120/3122/1419 2144/3779/1419
f 2145/3778/1419 2119/3125/1419 2144/3779/1419
f 2120/3122/1419 2115/3124/1419 2143/3780/1419
f 2115/3124/1419 2135/3146/1419 2155/3265/1419
f 2135/3146/1419 2134/3144/1419 2154/3264/1419
f 2134/3144/1419 2133/3142/1419 2153/3781/1419
f 2133/3142/1419 2132/3140/1419 2152/3782/1419
f 2132/3140/1419 2131/3138/1419 2152/3782/1419
f 2131/3138/1419 2130/3135/1419 2151/3783/1419
f 2130/3135/1419 2129/3137/1419 2150/3784/1419
f 2129/3137/1419 2136/3148/1419 2167/3785/1419
f 2136/3148/1419 2137/3154/1419 2164/3786/1419
f 2167/3785/1419 2136/3148/1419 2156/3787/1419
f 2137/3154/1419 2138/3157/1419 2163/3788/1419
f 2138/3157/1419 2139/3160/1419 2162/3789/1419
f 2139/3160/1419 2140/3163/1419 2162/3789/1419
f 2140/3163/1419 2141/3166/1419 2168/3790/1419
f 2141/3166/1419 2142/3750/1419 2169/3791/1419
f 2142/3750/1419 2126/3174/1419 2170/3792/1419
f 2126/3174/1419 2149/3770/1419 2170/3792/1419
f 2142/3750/1419 2170/3792/1419 2169/3791/1419
f 2138/3157/1419 2162/3789/1419 2163/3788/1419
f 2140/3163/1419 2168/3790/1419 2162/3789/1419
f 2130/3135/1419 2150/3784/1419 2151/3783/1419
f 2134/3144/1419 2153/3781/1419 2154/3264/1419
f 2127/3177/1419 2157/3773/1419 2158/3772/1419
f 2158/3772/1419 2159/3771/1419 2122/3179/1419
f 2141/3166/1419 2169/3791/1419 2168/3790/1419
f 2165/3774/1419 2157/3773/1419 2128/3176/1419
f 2148/3776/1419 2121/3133/1419 2147/3775/1419
f 2137/3154/1419 2163/3788/1419 2164/3786/1419
f 2146/3777/1419 2147/3775/1419 2116/3131/1419
f 2164/3786/1419 2156/3787/1419 2136/3148/1419
f 2129/3137/1419 2167/3785/1419 2150/3784/1419
f 2143/3780/1419 2144/3779/1419 2120/3122/1419
f 2131/3138/1419 2151/3783/1419 2152/3782/1419
f 2166/3793/1419 2143/3780/1419 2115/3124/1419
f 2155/3265/1419 2166/3793/1419 2115/3124/1419
f 2133/3142/1419 2152/3782/1419 2153/3781/1419
f 2171/3261/1419 2172/3237/1419 2087/3794/1419
f 2172/3237/1419 2301/3236/1419 2107/3795/1419
f 2088/3796/1419 2172/3237/1419 2107/3795/1419
f 2301/3236/1419 2104/3797/1419 2105/3798/1419
f 2301/3236/1419 2105/3798/1419 2106/3799/1419
f 2173/3259/1419 2171/3261/1419 2087/3794/1419
f 2172/3237/1419 2088/3796/1419 2087/3794/1419
f 2175/3255/1419 2174/3257/1419 2091/3800/1419
f 2174/3257/1419 2173/3259/1419 2090/3801/1419
f 2177/3228/1419 2176/3253/1419 2092/3802/1419
f 2176/3253/1419 2175/3255/1419 2091/3800/1419
f 2183/3209/1419 2184/3208/1419 2099/3803/1419
f 2184/3208/1419 2177/3228/1419 2100/3267/1419
f 2181/3202/1419 2182/3205/1419 2098/3804/1419
f 2182/3205/1419 2183/3209/1419 2099/3803/1419
f 2179/3196/1419 2180/3199/1419 2095/3805/1419
f 2180/3199/1419 2181/3202/1419 2097/3806/1419
f 2095/3805/1419 2180/3199/1419 2096/3807/1419
f 2300/3231/1419 2178/3193/1419 2114/3808/1419
f 2178/3193/1419 2179/3196/1419 2095/3805/1419
f 2094/3809/1419 2178/3193/1419 2095/3805/1419
f 2112/3810/1419 2111/3811/1419 2300/3231/1419
f 2113/3812/1419 2112/3810/1419 2300/3231/1419
f 2178/3193/1419 2094/3809/1419 2114/3808/1419
f 2182/3205/1419 2099/3803/1419 2098/3804/1419
f 2184/3208/1419 2100/3267/1419 2099/3803/1419
f 2176/3253/1419 2091/3800/1419 2092/3802/1419
f 2174/3257/1419 2090/3801/1419 2091/3800/1419
f 2301/3236/1419 2106/3799/1419 2107/3795/1419
f 2114/3808/1419 2113/3812/1419 2300/3231/1419
f 2096/3807/1419 2180/3199/1419 2097/3806/1419
f 2173/3259/1419 2087/3794/1419 2089/3813/1419
f 2173/3259/1419 2089/3813/1419 2090/3801/1419
f 2098/3804/1419 2097/3806/1419 2181/3202/1419
f 2177/3228/1419 2092/3802/1419 2093/3266/1419
s 0
f 2063/3814/1420 2062/3815/1420 2213/3268/1420
f 2062/3815/1420 2061/3816/1420 2212/3817/1420
f 2212/3817/1420 2061/3816/1420 2211/3818/1420
f 2061/3816/1420 2059/3819/1420 2211/3818/1420
f 2059/3819/1420 2210/3820/1420 2211/3818/1420
f 2064/3270/1420 2063/3814/1420 2213/3268/1420
f 2060/3821/1420 2065/3822/1420 2214/3823/1420
f 2065/3822/1420 2064/3270/1420 2216/3269/1420
f 2214/3823/1420 2065/3822/1420 2216/3269/1420
f 2075/3824/1420 2073/3825/1420 2208/3826/1420
f 2073/3825/1420 2060/3821/1420 2215/3827/1420
f 2207/3828/1420 2208/3826/1420 2073/3825/1420
f 2215/3827/1420 2207/3828/1420 2073/3825/1420
f 2215/3827/1420 2060/3821/1420 2214/3823/1420
f 2062/3815/1420 2212/3817/1420 2213/3268/1420
s 1
f 2229/3271/1393 2103/3829/1393 2101/3272/1394
f 2233/3274/1398 2091/3830/1398 2090/3275/1399
f 2114/3277/1407 2094/3313/1412 2238/3278/1412
f 2241/3280/1391 2105/3831/1391 2104/3281/1392
f 2245/3283/1401 2087/3832/1401 2088/3284/1402
f 2102/3286/1395 2108/3315/1403 2250/3287/1403
f 2253/3289/1411 2098/3833/1411 2099/3290/1413
f 2257/3292/1415 2110/3834/1415 2111/3293/1416
f 2113/3295/1418 2114/3277/1407 2237/3279/1407
f 2112/3297/1417 2113/3295/1418 2261/3296/1418
f 2265/3299/1397 2093/3835/1397 2092/3300/1396
f 2104/3281/1392 2103/3829/1393 2229/3271/1393
f 2269/3302/1390 2107/3836/1390 2106/3303/1389
f 2099/3290/1413 2100/3318/1405 2272/3305/1405
f 2101/3272/1394 2102/3286/1395 2249/3288/1395
f 2275/3306/1408 2095/3314/1408 2096/3307/1409
f 2111/3293/1416 2112/3297/1417 2263/3298/1417
f 2088/3284/1402 2107/3836/1390 2269/3302/1390
f 2097/3309/1410 2098/3833/1411 2253/3289/1411
f 2096/3307/1409 2097/3309/1410 2279/3310/1410
f 2092/3300/1396 2091/3830/1398 2233/3274/1398
f 2089/3311/1400 2087/3832/1401 2245/3283/1401
f 2090/3275/1399 2089/3311/1400 2281/3312/1400
f 2106/3303/1389 2105/3831/1391 2241/3280/1391
f 2275/3306/1408 2238/3278/1412 2094/3313/1412
f 2108/3315/1403 2109/3317/1414 2282/3316/1414
f 2109/3317/1414 2110/3834/1415 2257/3292/1415
f 2100/3318/1405 2093/3835/1397 2265/3299/1397
f 2273/3319/1405 2264/3622/1397 2207/3320/1397
f 2283/3322/1414 2256/3553/1415 2202/3323/1415
f 2251/3325/1403 2283/3322/1414 2204/3324/1414
f 2211/3352/1408 2210/3328/1421 2274/3327/1408
f 2210/3328/1421 2209/3367/1412 2239/3329/1412
f 2271/3330/1389 2240/3376/1391 2225/3331/1391
f 2235/3333/1399 2280/3336/1400 2226/3334/1400
f 2280/3336/1400 2244/3616/1401 2221/3337/1401
f 2267/3338/1396 2232/3611/1398 2206/3339/1398
f 2277/3341/1409 2278/3344/1410 2213/3342/1410
f 2278/3344/1410 2252/3676/1411 2216/3345/1411
f 2247/3346/1402 2268/3378/1390 2223/3347/1390
f 2259/3349/1416 2262/3361/1417 2201/3350/1417
f 2211/3352/1408 2274/3327/1408 2277/3341/1409
f 2231/3353/1394 2248/3365/1395 2218/3354/1395
f 2255/3356/1413 2273/3319/1405 2215/3321/1405
f 2223/3347/1390 2268/3378/1390 2271/3330/1389
f 2243/3358/1392 2228/3382/1393 2227/3359/1393
f 2207/3320/1397 2264/3622/1397 2267/3338/1396
f 2262/3361/1417 2260/3363/1418 2200/3362/1418
f 2260/3363/1418 2236/3366/1407 2199/3364/1407
f 2202/3323/1415 2256/3553/1415 2259/3349/1416
f 2216/3345/1411 2252/3676/1411 2255/3356/1413
f 2248/3365/1395 2251/3325/1403 2205/3326/1403
f 2221/3337/1401 2244/3616/1401 2247/3346/1402
f 2225/3331/1391 2240/3376/1391 2243/3358/1392
f 2236/3366/1407 2239/3329/1412 2209/3367/1412
f 2206/3339/1398 2232/3611/1398 2235/3333/1399
f 2227/3359/1393 2228/3382/1393 2231/3353/1394
f 2103/3837/1419 2104/3797/1419 2301/3236/1419
f 2301/3236/1419 2325/3838/1419 2102/3839/1419
f 2325/3838/1419 2324/3840/1419 2108/3370/1419
f 2102/3839/1419 2325/3838/1419 2108/3370/1419
f 2320/3368/1419 2300/3231/1419 2109/3369/1419
f 2300/3231/1419 2111/3811/1419 2110/3841/1419
f 2324/3840/1419 2320/3368/1419 2108/3370/1419
f 2300/3231/1419 2110/3841/1419 2109/3369/1419
f 2101/3842/1419 2103/3837/1419 2301/3236/1419
f 2102/3839/1419 2101/3842/1419 2301/3236/1419
f 2270/3304/1419 2241/3280/1419 2292/3371/1419
f 2231/3353/1420 2228/3382/1420 2297/3373/1420
f 2271/3330/1420 2284/3379/1420 2293/3375/1420
f 2240/3376/1420 2293/3375/1420 2290/3377/1420
f 2268/3378/1420 2287/3843/1420 2284/3379/1420
f 2241/3280/1419 2242/3282/1419 2291/3380/1419
f 2269/3302/1419 2270/3304/1419 2285/3372/1419
f 2228/3382/1420 2243/3358/1420 2290/3377/1420
f 2248/3365/1420 2231/3353/1420 2294/3374/1420
f 2229/3271/1419 2296/3385/1419 2291/3380/1419
f 2249/3288/1419 2288/3844/1419 2295/3384/1419
f 2230/3273/1419 2295/3384/1419 2296/3385/1419
s 0
f 2078/3845/1420 2077/3846/1420 2220/3847/1420
f 2077/3846/1420 2076/3848/1420 2220/3847/1420
f 2220/3847/1420 2076/3848/1420 2206/3849/1420
f 2076/3848/1420 2075/3824/1420 2206/3849/1420
f 2075/3824/1420 2208/3826/1420 2206/3849/1420
f 2079/3850/1420 2078/3845/1420 2226/3851/1420
f 2080/3852/1420 2074/3853/1420 2223/3854/1420
f 2074/3853/1420 2079/3850/1420 2221/3855/1420
f 2223/3854/1420 2074/3853/1420 2222/3856/1420
f 2083/3857/1420 2082/3858/1420 2080/3852/1420
f 2085/3859/1420 2084/3860/1420 2081/3861/1420
f 2084/3860/1420 2083/3857/1420 2081/3861/1420
f 2081/3861/1420 2086/3862/1420 2085/3859/1420
f 2068/3863/1420 2066/3864/1420 2070/3865/1420
f 2066/3864/1420 2081/3861/1420 2067/3866/1420
f 2070/3865/1420 2066/3864/1420 2067/3866/1420
f 2070/3865/1420 2069/3867/1420 2068/3863/1420
f 2072/3868/1420 2071/3869/1420 2070/3865/1420
f 2298/3870/1420 2067/3866/1420 2308/3871/1420
f 2067/3866/1420 2072/3868/1420 2070/3865/1420
f 2310/3872/1420 2309/3391/1420 2298/3870/1420
f 2308/3871/1420 2310/3872/1420 2298/3870/1420
f 2308/3871/1420 2067/3866/1420 2312/3873/1420
f 2067/3866/1420 2081/3861/1420 2080/3852/1420
f 2083/3857/1420 2080/3852/1420 2081/3861/1420
f 2078/3845/1420 2220/3847/1420 2226/3851/1420
f 2080/3852/1420 2223/3854/1420 2224/3874/1420
f 2312/3873/1420 2067/3866/1420 2313/3875/1420
f 2079/3850/1420 2226/3851/1420 2221/3855/1420
f 2313/3875/1420 2067/3866/1420 2080/3852/1420
f 2221/3855/1420 2222/3856/1420 2074/3853/1420
f 2311/3876/1420 2313/3875/1420 2218/3877/1420
f 2306/3878/1420 2311/3876/1420 2218/3877/1420
f 2313/3875/1420 2080/3852/1420 2218/3877/1420
f 2080/3852/1420 2224/3874/1420 2225/3879/1420
f 2307/3880/1420 2306/3878/1420 2218/3877/1420
f 2080/3852/1420 2225/3879/1420 2219/3881/1420
f 2080/3852/1420 2219/3881/1420 2227/3882/1420
f 2080/3852/1420 2227/3882/1420 2217/3883/1420
f 2080/3852/1420 2217/3883/1420 2218/3877/1420
f 2305/3884/1420 2307/3880/1420 2205/3885/1420
f 2307/3880/1420 2218/3877/1420 2205/3885/1420
f 2303/3886/1420 2305/3884/1420 2205/3885/1420
f 2303/3886/1420 2205/3885/1420 2204/3887/1420
f 2299/3388/1420 2302/3392/1420 2304/3888/1420
f 2304/3888/1420 2303/3886/1420 2299/3388/1420
f 2303/3886/1420 2204/3887/1420 2299/3388/1420
f 2204/3887/1420 2202/3889/1420 2299/3388/1420
f 2209/3890/1420 2210/3891/1420 2059/3892/1420
f 2199/3893/1420 2209/3890/1420 2059/3892/1420
f 2299/3388/1420 2202/3889/1420 2203/3894/1420
f 2199/3893/1420 2059/3892/1420 2299/3388/1420
f 2200/3387/1420 2199/3893/1420 2299/3388/1420
f 2299/3388/1420 2203/3894/1420 2201/3386/1420
s 1
f 2323/3895/1419 2325/3838/1419 2301/3236/1419
f 2301/3236/1419 2191/3245/1419 2319/3896/1419
f 2191/3245/1419 2190/3239/1419 2186/3251/1419
f 2319/3896/1419 2191/3245/1419 2198/3232/1419
f 2190/3239/1419 2189/3241/1419 2186/3251/1419
f 2189/3241/1419 2188/3242/1419 2186/3251/1419
f 2188/3242/1419 2187/3244/1419 2186/3251/1419
f 2187/3244/1419 2185/3249/1419 2186/3251/1419
f 2186/3251/1419 2192/3211/1419 2191/3245/1419
f 2192/3211/1419 2193/3214/1419 2194/3217/1419
f 2194/3217/1419 2195/3220/1419 2192/3211/1419
f 2195/3220/1419 2196/3223/1419 2192/3211/1419
f 2196/3223/1419 2197/3226/1419 2192/3211/1419
f 2197/3226/1419 2198/3232/1419 2192/3211/1419
f 2300/3231/1419 2320/3368/1419 2322/3897/1419
f 2300/3231/1419 2322/3897/1419 2321/3898/1419
f 2198/3232/1419 2300/3231/1419 2314/3899/1419
f 2192/3211/1419 2198/3232/1419 2191/3245/1419
f 2318/3900/1419 2323/3895/1419 2301/3236/1419
f 2319/3896/1419 2318/3900/1419 2301/3236/1419
f 2300/3231/1419 2321/3898/1419 2314/3899/1419
f 2198/3232/1419 2314/3899/1419 2316/3901/1419
f 2317/3390/1419 2319/3896/1419 2198/3232/1419
f 2198/3232/1419 2316/3901/1419 2315/3389/1419
s 0
f 2299/3388/1420 2298/3870/1420 2309/3391/1420
s 1
f 2330/3393/1422 2331/3902/1425 2329/3394/1423
f 2330/3393/1422 2326/3436/1424 2327/3396/1424
f 2336/3398/1426 2332/3438/1427 2333/3399/1427
f 2336/3398/1426 2337/3467/1426 2335/3401/1428
f 2348/3403/1429 2344/3440/1430 2345/3404/1430
f 2348/3403/1429 2349/3477/1429 2347/3406/1431
f 2342/3408/1432 2343/3903/1435 2341/3409/1433
f 2342/3408/1432 2338/3434/1434 2339/3411/1434
f 2360/3413/1436 2361/3904/1436 2359/3414/1437
f 2360/3413/1436 2356/3446/1438 2357/3416/1438
f 2372/3418/1439 2368/3449/1440 2369/3419/1440
f 2372/3418/1439 2373/3500/1439 2371/3421/1441
f 2366/3423/1443 2367/3905/1446 2365/3424/1444
f 2366/3423/1443 2362/3441/1445 2363/3426/1445
f 2354/3428/1447 2350/3445/1448 2351/3429/1448
f 2354/3428/1447 2355/3483/1447 2353/3431/1449
f 2328/3395/1423 2329/3458/1423 2339/3433/1434
f 2334/3402/1428 2335/3455/1428 2327/3435/1424
f 2346/3407/1431 2347/3464/1431 2333/3437/1427
f 2340/3410/1433 2341/3471/1433 2345/3439/1430
f 2362/3441/1445 2352/3432/1450 2353/3442/1449
f 2358/3415/1437 2359/3480/1437 2351/3444/1448
f 2356/3446/1438 2370/3422/1442 2371/3447/1441
f 2368/3449/1440 2364/3425/1444 2365/3450/1444
f 2346/3407/1420 2332/3438/1420 2328/3395/1420
f 2332/3438/1420 2336/3398/1420 2334/3402/1420
f 2326/3436/1420 2332/3438/1420 2334/3402/1420
f 2326/3436/1420 2330/3393/1420 2328/3395/1420
f 2328/3395/1420 2338/3434/1420 2346/3407/1420
f 2338/3434/1420 2342/3408/1420 2340/3410/1420
f 2346/3407/1420 2338/3434/1420 2344/3440/1420
f 2340/3410/1420 2344/3440/1420 2338/3434/1420
f 2344/3440/1420 2348/3403/1420 2346/3407/1420
f 2331/3397/1385 2327/3396/1451 2303/3452/1451
f 2303/3454/1451 2327/3435/1451 2335/3455/1452
f 2309/3457/1453 2339/3433/1453 2329/3458/1454
f 2329/3394/1454 2331/3902/1385 2304/3460/1385
f 2306/3462/1455 2307/3906/1361 2337/3400/1361
f 2306/3463/1455 2333/3437/1455 2347/3464/1456
f 2307/3466/1361 2305/3907/1452 2335/3401/1452
f 2343/3412/1376 2339/3411/1453 2309/3468/1453
f 2312/3470/1457 2345/3439/1457 2341/3471/1458
f 2341/3409/1458 2343/3903/1376 2310/3473/1376
f 2312/3475/1457 2313/3908/1368 2349/3405/1368
f 2313/3476/1368 2311/3909/1456 2347/3406/1456
f 2370/3422/1419 2356/3446/1419 2352/3432/1419
f 2356/3446/1419 2360/3413/1419 2358/3415/1419
f 2350/3445/1419 2356/3446/1419 2358/3415/1419
f 2350/3445/1419 2354/3428/1419 2352/3432/1419
f 2352/3432/1419 2362/3441/1419 2370/3422/1419
f 2362/3441/1419 2366/3423/1419 2364/3425/1419
f 2370/3422/1419 2362/3441/1419 2368/3449/1419
f 2364/3425/1419 2368/3449/1419 2362/3441/1419
f 2368/3449/1419 2372/3418/1419 2370/3422/1419
f 2315/3478/1458 2316/3910/1376 2355/3430/1376
f 2315/3479/1458 2351/3444/1458 2359/3480/1457
f 2316/3482/1376 2314/3911/1453 2353/3431/1453
f 2321/3484/1454 2363/3443/1454 2353/3442/1453
f 2361/3417/1368 2357/3416/1456 2318/3486/1456
f 2318/3488/1456 2357/3448/1456 2371/3447/1455
f 2359/3414/1457 2361/3904/1368 2319/3490/1368
f 2367/3427/1385 2363/3426/1454 2321/3492/1454
f 2324/3494/1459 2369/3451/1452 2365/3450/1460
f 2365/3424/1460 2367/3905/1385 2322/3496/1385
f 2324/3498/1459 2325/3912/1361 2373/3420/1361
f 2325/3499/1361 2323/3913/1455 2371/3421/1455
f 2286/3501/1461 2285/3517/1477 2375/3502/1462
f 2287/3504/1464 2377/3539/1499 2374/3505/1465
f 2294/3507/1467 2297/3510/1470 2387/3508/1468
f 2297/3510/1470 2290/3519/1479 2380/3511/1471
f 2289/3512/1472 2294/3507/1467 2384/3509/1469
f 2292/3514/1474 2291/3526/1486 2381/3515/1475
f 2285/3517/1477 2292/3514/1474 2382/3516/1476
f 2293/3518/1478 2383/3525/1485 2380/3511/1471
f 2288/3520/1480 2378/3535/1495 2385/3521/1481
f 2295/3522/1482 2385/3521/1481 2386/3523/1483
f 2284/3506/1466 2374/3505/1465 2383/3525/1485
f 2296/3524/1484 2386/3523/1483 2381/3515/1475
f 2375/3502/1462 2382/3516/1476 2396/3527/1487
f 2383/3525/1485 2397/3531/1491 2394/3529/1489
f 2386/3523/1483 2400/3538/1498 2395/3530/1490
f 2374/3505/1465 2388/3540/1500 2397/3531/1491
f 2376/3503/1463 2375/3502/1462 2389/3528/1488
f 2387/3508/1468 2380/3511/1471 2394/3529/1489
f 2384/3509/1469 2387/3508/1468 2401/3533/1493
f 2378/3535/1495 2392/3606/1543 2399/3536/1496
f 2379/3513/1473 2384/3509/1469 2398/3534/1494
f 2385/3521/1481 2399/3536/1496 2400/3538/1498
f 2382/3516/1476 2381/3515/1475 2395/3530/1490
f 2377/3539/1499 2391/3671/1544 2388/3540/1500
f 2282/3316/1419 2257/3292/1419 2407/3541/1419
f 2261/3296/1419 2411/3548/1419 2413/3543/1419
f 2257/3292/1419 2258/3294/1419 2408/3544/1419
f 2236/3366/1420 2260/3363/1420 2410/3545/1420
f 2251/3325/1420 2405/3609/1420 2415/3547/1420
f 2237/3279/1419 2403/3914/1419 2411/3548/1419
f 2250/3287/1419 2282/3316/1419 2414/3542/1419
f 2262/3361/1420 2259/3349/1420 2409/3550/1420
f 2260/3363/1420 2262/3361/1420 2412/3551/1420
f 2283/3322/1420 2415/3547/1420 2406/3552/1420
f 2256/3553/1420 2406/3552/1420 2409/3550/1420
f 2263/3298/1419 2413/3543/1419 2408/3544/1419
f 2405/3554/1501 2419/3589/1536 2429/3555/1502
f 2403/3557/1504 2417/3591/1538 2425/3558/1505
f 2410/3560/1507 2412/3572/1519 2426/3561/1508
f 2404/3563/1510 2414/3576/1523 2428/3564/1511
f 2406/3566/1513 2420/3569/1516 2423/3567/1514
f 2415/3556/1503 2429/3555/1502 2420/3569/1516
f 2411/3559/1506 2425/3558/1505 2427/3570/1517
f 2412/3572/1519 2409/3568/1515 2423/3567/1514
f 2407/3573/1520 2408/3579/1526 2422/3574/1521
f 2414/3576/1523 2407/3573/1520 2421/3575/1522
f 2402/3577/1524 2410/3560/1507 2424/3562/1509
f 2413/3571/1518 2427/3570/1517 2422/3574/1521
f 2420/3569/1516 2434/3581/1528 2437/3580/1527
f 2429/3555/1502 2443/3590/1537 2434/3581/1528
f 2425/3558/1505 2439/3592/1539 2441/3582/1529
f 2426/3561/1508 2423/3567/1514 2437/3580/1527
f 2421/3575/1522 2422/3574/1521 2436/3584/1531
f 2428/3564/1511 2421/3575/1522 2435/3585/1532
f 2416/3578/1525 2424/3562/1509 2438/3587/1534
f 2427/3570/1517 2441/3582/1529 2436/3584/1531
f 2419/3589/1536 2433/3608/1541 2443/3590/1537
f 2417/3591/1538 2431/3605/1542 2439/3592/1539
f 2424/3562/1509 2426/3561/1508 2440/3583/1530
f 2418/3565/1512 2428/3564/1511 2442/3586/1533
f 2399/3536/1496 2398/3603/1494 2401/3594/1493
f 2436/3584/1531 2437/3915/1527 2434/3595/1528
f 2440/3596/1530 2441/3582/1529 2439/3592/1539
f 2395/3530/1490 2394/3599/1489 2397/3598/1491
f 2404/3549/1419 2288/3844/1419 2249/3288/1419
f 2395/3530/1490 2400/3538/1498 2401/3594/1493
f 2442/3586/1533 2435/3585/1532 2434/3595/1528
f 2440/3596/1530 2437/3915/1527 2436/3584/1531
f 2432/3593/1540 2442/3586/1533 2443/3600/1537
f 2399/3536/1496 2392/3606/1543 2393/3602/1497
f 2389/3528/1488 2396/3527/1487 2397/3598/1491
f 2431/3605/1542 2430/3737/1535 2438/3597/1534
f 2404/3563/1510 2418/3565/1512 2378/3535/1495
f 2418/3565/1512 2432/3593/1540 2392/3606/1543
f 2391/3607/1544 2390/3532/1492 2389/3528/1488
f 2433/3608/1541 2419/3589/1536 2379/3513/1473
f 2419/3589/1536 2405/3554/1501 2289/3512/1472
f 2248/3365/1420 2289/3383/1420 2405/3609/1420
f 2432/3593/1540 2433/3601/1541 2393/3602/1497
f 2281/3312/1419 2457/3621/1419 2446/3610/1419
f 2232/3611/1420 2444/3624/1420 2447/3612/1420
f 2265/3299/1419 2266/3301/1419 2454/3613/1419
f 2266/3301/1419 2233/3274/1419 2445/3615/1419
f 2244/3616/1420 2280/3336/1420 2456/3617/1420
f 2247/3346/1420 2244/3616/1420 2448/3618/1420
f 2233/3274/1419 2234/3276/1419 2446/3610/1419
f 2246/3285/1419 2450/3666/1419 2449/3620/1419
f 2245/3283/1419 2449/3620/1419 2457/3621/1419
f 2280/3336/1420 2235/3333/1420 2447/3612/1420
f 2264/3622/1420 2452/3916/1420 2455/3623/1420
f 2267/3338/1420 2455/3623/1420 2444/3624/1420
f 2452/3625/1545 2466/3661/1581 2469/3626/1546
f 2449/3628/1548 2463/3650/1570 2471/3629/1549
f 2444/3631/1551 2458/3639/1559 2461/3632/1552
f 2456/3634/1554 2447/3633/1553 2461/3632/1552
f 2453/3636/1556 2454/3647/1567 2468/3637/1557
f 2455/3627/1547 2469/3626/1546 2458/3639/1559
f 2445/3640/1560 2446/3643/1563 2460/3641/1561
f 2457/3630/1550 2471/3629/1549 2460/3641/1561
f 2451/3644/1564 2448/3648/1568 2462/3645/1565
f 2454/3647/1567 2445/3640/1560 2459/3642/1562
f 2448/3648/1568 2456/3634/1554 2470/3635/1555
f 2450/3649/1569 2464/3659/1579 2463/3650/1570
f 2467/3638/1558 2468/3637/1557 2482/3651/1571
f 2469/3626/1546 2483/3662/1582 2472/3653/1573
f 2459/3642/1562 2460/3641/1561 2474/3654/1574
f 2471/3629/1549 2485/3663/1583 2474/3654/1574
f 2465/3646/1566 2462/3645/1565 2476/3656/1576
f 2468/3637/1557 2459/3642/1562 2473/3655/1575
f 2462/3645/1565 2470/3635/1555 2484/3658/1578
f 2464/3659/1579 2478/3665/1585 2477/3660/1580
f 2466/3661/1581 2480/3733/1586 2483/3662/1582
f 2463/3650/1570 2477/3660/1580 2485/3663/1583
f 2458/3639/1559 2472/3653/1573 2475/3664/1584
f 2470/3635/1555 2461/3632/1552 2475/3664/1584
f 2391/3607/1544 2479/3917/1577 2478/3665/1585
f 2269/3302/1419 2286/3381/1419 2450/3666/1419
f 2478/3665/1585 2479/3917/1577 2476/3667/1576
f 2474/3654/1574 2475/3670/1584 2472/3668/1573
f 2474/3654/1574 2485/3663/1583 2484/3669/1578
f 2478/3665/1585 2464/3659/1579 2376/3503/1463
f 2465/3646/1566 2479/3657/1577 2391/3671/1544
f 2451/3644/1564 2465/3646/1566 2377/3539/1499
f 2482/3651/1571 2473/3655/1575 2472/3668/1573
f 2480/3673/1586 2481/3652/1572 2482/3651/1571
f 2464/3659/1579 2450/3649/1569 2286/3501/1461
f 2451/3619/1420 2287/3843/1420 2268/3378/1420
f 2484/3669/1578 2485/3663/1583 2477/3660/1580
f 2273/3319/1420 2255/3356/1420 2491/3674/1420
f 2252/3676/1420 2278/3344/1420 2498/3677/1420
f 2255/3356/1420 2252/3676/1420 2488/3678/1420
f 2275/3306/1419 2276/3308/1419 2496/3679/1419
f 2272/3305/1419 2492/3729/1419 2490/3681/1419
f 2253/3289/1419 2489/3683/1419 2499/3682/1419
f 2254/3291/1419 2490/3681/1419 2489/3683/1419
f 2277/3341/1420 2497/3686/1420 2498/3677/1420
f 2239/3329/1420 2487/3735/1420 2494/3684/1420
f 2276/3308/1419 2279/3310/1419 2499/3682/1419
f 2238/3278/1419 2275/3306/1419 2495/3680/1419
f 2274/3327/1420 2494/3684/1420 2497/3686/1420
f 2491/3687/1587 2488/3696/1596 2502/3688/1588
f 2487/3690/1590 2501/3724/1624 2508/3691/1591
f 2495/3693/1593 2496/3712/1612 2510/3694/1594
f 2488/3696/1596 2498/3708/1608 2512/3697/1597
f 2490/3698/1598 2504/3710/1610 2503/3699/1599
f 2486/3701/1601 2495/3693/1593 2509/3695/1595
f 2493/3703/1603 2491/3687/1587 2505/3689/1589
f 2489/3700/1600 2503/3699/1599 2513/3705/1605
f 2497/3707/1607 2511/3711/1611 2512/3697/1597
f 2492/3709/1609 2506/3719/1619 2504/3710/1610
f 2494/3692/1592 2508/3691/1591 2511/3711/1611
f 2496/3712/1612 2499/3706/1606 2513/3705/1605
f 2500/3702/1602 2509/3695/1595 2523/3713/1613
f 2507/3704/1604 2505/3689/1589 2519/3715/1615
f 2503/3699/1599 2517/3726/1626 2527/3717/1617
f 2511/3711/1611 2525/3721/1621 2526/3718/1618
f 2506/3719/1619 2520/3730/1627 2518/3720/1620
f 2508/3691/1591 2522/3725/1625 2525/3721/1621
f 2510/3694/1594 2513/3705/1605 2527/3717/1617
f 2505/3689/1589 2502/3688/1588 2516/3723/1623
f 2501/3724/1624 2515/3736/1628 2522/3725/1625
f 2509/3695/1595 2510/3694/1594 2524/3722/1622
f 2502/3688/1588 2512/3697/1597 2526/3718/1618
f 2504/3710/1610 2518/3720/1620 2517/3726/1626
f 2506/3719/1619 2492/3709/1609 2453/3636/1556
f 2526/3727/1618 2525/3918/1621 2524/3722/1622
f 2518/3720/1620 2519/3734/1615 2516/3728/1623
f 2265/3299/1419 2453/3614/1419 2492/3729/1419
f 2493/3703/1603 2507/3704/1604 2466/3661/1581
f 2520/3730/1627 2506/3719/1619 2467/3638/1558
f 2524/3722/1622 2525/3918/1621 2522/3731/1625
f 2514/3714/1614 2523/3713/1613 2522/3731/1625
f 2517/3726/1626 2516/3728/1623 2526/3727/1618
f 2507/3704/1604 2521/3716/1616 2480/3733/1586
f 2493/3675/1420 2452/3916/1420 2264/3622/1420
f 2480/3673/1586 2521/3919/1616 2520/3730/1627
f 2520/3730/1627 2521/3919/1616 2519/3734/1615
f 2486/3685/1419 2403/3914/1419 2237/3279/1419
f 2486/3701/1601 2500/3702/1602 2417/3591/1538
f 2500/3702/1602 2514/3714/1614 2431/3605/1542
f 2236/3366/1420 2402/3546/1420 2487/3735/1420
f 2501/3724/1624 2487/3690/1590 2402/3577/1524
f 2515/3736/1628 2501/3724/1624 2416/3578/1525
f 2514/3714/1614 2515/3732/1628 2430/3737/1535
o SwivelHandle.024
v 0.336292 2.926490 4.721388
v 0.335676 2.923561 4.728432
v 0.335420 2.916490 4.731349
v 0.335676 2.909419 4.728432
v 0.336292 2.906490 4.721388
v 0.336908 2.909419 4.714344
v 0.337163 2.916490 4.711426
v 0.336908 2.923561 4.714344
v 0.315752 2.923561 4.726689
v 0.315496 2.916490 4.729607
v 0.315752 2.909419 4.726689
v 0.306389 2.925486 4.718962
v 0.307402 2.926490 4.718860
v 0.306693 2.926196 4.718854
v 0.307402 2.906490 4.718860
v 0.306389 2.907494 4.718962
v 0.306693 2.906784 4.718854
v 0.306956 2.910184 4.712492
v 0.308018 2.909419 4.711816
v 0.307295 2.909643 4.711978
v 0.307183 2.916490 4.709889
v 0.308274 2.916490 4.708898
v 0.307542 2.916490 4.709152
v 0.306956 2.922796 4.712492
v 0.308019 2.923561 4.711816
v 0.307295 2.923337 4.711978
v 0.315369 2.926490 4.719557
v 0.316152 2.925465 4.722109
v 0.317364 2.926490 4.719732
v 0.316012 2.926190 4.720341
v 0.316152 2.907515 4.722109
v 0.315369 2.906490 4.719557
v 0.317364 2.906490 4.719732
v 0.316012 2.906790 4.720341
v 0.292751 2.922568 4.874848
v 0.293713 2.923561 4.875334
v 0.293018 2.923270 4.875155
v 0.292549 2.916490 4.877160
v 0.293457 2.916490 4.878252
v 0.292779 2.916490 4.877895
v 0.292751 2.910412 4.874848
v 0.293713 2.909419 4.875334
v 0.293018 2.909709 4.875155
v 0.297732 2.922569 4.875283
v 0.296701 2.923561 4.875595
v 0.297416 2.923270 4.875540
v 0.297530 2.916490 4.877595
v 0.296446 2.916490 4.878513
v 0.297176 2.916490 4.878280
v 0.297732 2.910411 4.875283
v 0.296701 2.909419 4.875595
v 0.297416 2.909709 4.875540
v 0.297581 2.912020 4.877012
v 0.296502 2.911532 4.877866
v 0.297231 2.911675 4.877652
v 0.297581 2.920960 4.877012
v 0.296502 2.921448 4.877866
v 0.297231 2.921305 4.877652
v 0.303240 2.907959 4.800859
v 0.304234 2.908954 4.800968
v 0.303943 2.908249 4.800936
v 0.303240 2.925020 4.800859
v 0.304234 2.924025 4.800968
v 0.303943 2.924731 4.800936
v 0.308554 2.907226 4.760092
v 0.308857 2.908297 4.765500
v 0.309052 2.907538 4.761737
v 0.308554 2.925753 4.760092
v 0.308857 2.924663 4.765500
v 0.309052 2.925436 4.761737
v 0.292600 2.920960 4.876576
v 0.293514 2.921448 4.877605
v 0.292834 2.921305 4.877268
v 0.292600 2.912020 4.876576
v 0.293514 2.911532 4.877605
v 0.292834 2.911675 4.877268
vn 0.7102 -0.0000 0.7040
vn -0.0616 -0.7071 0.7044
vn -0.0872 -0.0000 0.9962
vn 0.6935 0.5020 0.5167
vn -0.0616 0.7071 0.7044
vn 0.0626 0.9896 -0.1298
vn 0.1676 0.9478 0.2711
vn -0.0000 1.0000 -0.0000
vn 0.4597 0.8303 0.3151
vn 0.4598 -0.8302 0.3151
vn 0.1676 -0.9478 0.2711
vn -0.0000 -1.0000 -0.0000
vn 0.0626 -0.9896 -0.1298
vn -0.1774 -0.9639 -0.1988
vn -0.6348 -0.5169 -0.5744
vn -0.1383 -0.6929 -0.7076
vn -0.6739 -0.7128 -0.1944
vn -0.9568 -0.1590 -0.2433
vn -0.6161 -0.0000 -0.7877
vn -0.1133 -0.0000 -0.9936
vn -0.9511 -0.0000 -0.3089
vn -0.6348 0.5169 -0.5744
vn -0.1383 0.6929 -0.7076
vn -0.9568 0.1590 -0.2433
vn -0.1774 0.9639 -0.1988
vn -0.6739 0.7128 -0.1944
vn -0.9693 0.2116 -0.1250
vn -0.7038 -0.6778 0.2126
vn -0.9782 -0.2078 -0.0015
vn -0.9693 -0.2116 -0.1250
vn -0.2726 0.4498 0.8505
vn -0.7038 0.6778 0.2126
vn -0.7368 0.3352 0.5871
vn -0.9782 0.2078 -0.0015
vn -0.9883 0.1025 0.1128
vn -0.2783 -0.0000 0.9605
vn -0.7368 -0.3352 0.5871
vn -0.2726 -0.4498 0.8505
vn -0.7539 -0.0000 0.6570
vn -0.9883 -0.1025 0.1128
vn 0.1208 -0.4498 0.8849
vn 0.6562 -0.6777 0.3319
vn 0.6237 -0.3352 0.7062
vn 0.9636 -0.2077 0.1684
vn 0.9537 -0.1025 0.2827
vn 0.1073 -0.0000 0.9942
vn 0.6237 0.3352 0.7062
vn 0.1208 0.4498 0.8849
vn 0.6283 -0.0000 0.7780
vn 0.9537 0.1025 0.2827
vn 0.6970 -0.7115 0.0894
vn 0.9744 -0.1960 0.1098
vn 0.1779 -0.9833 0.0381
vn -0.2294 0.9091 0.3477
vn 0.1671 0.9852 0.0375
vn 0.6562 0.6777 0.3319
vn 0.6970 0.7115 0.0893
vn 0.9636 0.2077 0.1684
vn 0.9744 0.1961 0.1098
vn 0.9560 -0.0000 0.2934
vn 0.1654 0.9091 0.3824
vn 0.6327 -0.7662 0.1128
vn 0.1728 -0.9839 0.0458
vn 0.9676 -0.2072 0.1444
vn 0.1759 0.9833 0.0463
vn 0.6383 0.7614 0.1136
vn 0.9683 0.2036 0.1444
vn -0.9924 -0.0000 0.1229
vn -0.2295 -0.9090 0.3479
vn 0.0616 -0.7071 -0.7044
vn 0.0872 -0.0000 -0.9962
vn 0.0616 0.7071 -0.7044
vn 0.6936 -0.5019 0.5167
vn 0.1655 -0.9090 0.3826
vt 0.968517 0.309333
vt 0.967245 0.306006
vt 0.968518 0.306006
vt 0.959606 0.309333
vt 0.958332 0.306006
vt 0.959605 0.306006
vt 0.960879 0.309500
vt 0.960748 0.309382
vt 0.960879 0.309166
vt 0.960434 0.309333
vt 0.966416 0.309333
vt 0.966102 0.309382
vt 0.965971 0.309166
vt 0.965971 0.309500
vt 0.965969 0.310832
vt 0.964696 0.310956
vt 0.964697 0.310828
vt 0.960117 0.115036
vt 0.959000 0.115548
vt 0.958909 0.115442
vt 0.963425 0.310957
vt 0.963425 0.310828
vt 0.958478 0.116585
vt 0.958332 0.116576
vt 0.962154 0.310956
vt 0.962153 0.310828
vt 0.958865 0.117680
vt 0.958761 0.117773
vt 0.960881 0.310832
vt 0.960892 0.310961
vt 0.959910 0.118327
vt 0.959941 0.118197
vt 0.960121 0.114903
vt 0.986426 0.117289
vt 0.986342 0.117351
vt 0.960131 0.115169
vt 0.986616 0.119132
vt 0.986296 0.119357
vt 0.986538 0.119082
vt 0.986221 0.119285
vt 0.986455 0.119030
vt 0.986829 0.118352
vt 0.986630 0.117592
vt 0.986714 0.117552
vt 0.986716 0.118345
vt 0.986542 0.117633
vt 0.987144 0.117352
vt 0.986782 0.116755
vt 0.987281 0.117279
vt 0.987183 0.116464
vt 0.986743 0.116624
vt 0.987069 0.116386
vt 0.987345 0.118384
vt 0.987148 0.119475
vt 0.987019 0.119385
vt 0.987392 0.115655
vt 0.987252 0.114868
vt 0.987381 0.114819
vt 0.973981 0.115466
vt 0.974005 0.115334
vt 0.973959 0.115598
vt 0.959897 0.118460
vt 0.986360 0.119418
vt 0.973707 0.119474
vt 0.986587 0.119940
vt 0.973706 0.119604
vt 0.974367 0.112666
vt 0.986990 0.114560
vt 0.974350 0.112793
vt 0.987507 0.118394
vt 0.987261 0.115639
vt 0.986527 0.119821
vt 0.987057 0.114438
vt 0.960672 0.113393
vt 0.967348 0.114589
vt 0.960364 0.113469
vt 0.967071 0.114690
vt 0.960233 0.113573
vt 0.967994 0.114541
vt 0.966773 0.119513
vt 0.959966 0.119940
vt 0.959848 0.119807
vt 0.967831 0.111573
vt 0.961180 0.110443
vt 0.960920 0.110254
vt 0.967039 0.119640
vt 0.968428 0.111815
vt 0.986603 0.118338
vt 0.986498 0.117237
vt 0.964698 0.306005
vt 0.963425 0.306005
vt 0.962152 0.306005
vt 0.961882 0.110892
vt 0.967244 0.309333
vt 0.965972 0.306006
vt 0.961484 0.113218
vt 0.986710 0.116863
vt 0.962166 0.112142
vt 0.958333 0.309333
vt 0.965958 0.310961
vt 0.960878 0.306006
s 1
usemtl Chrome
f 2537/3920/1629 2531/3921/1630 2530/3922/1631
f 2536/3923/1632 2530/3924/1631 2529/3925/1633
f 2554/3926/1634 2557/3927/1635 2556/3928/1636
f 2557/3927/1635 2555/3929/1637 2556/3928/1636
f 2558/3930/1638 2561/3931/1639 2560/3932/1640
f 2561/3931/1639 2559/3933/1641 2560/3932/1640
f 2542/3934/1642 2547/3935/1643 2546/3936/1644
f 2544/3937/1645 2545/3938/1646 2547/3939/1643
f 2546/3936/1644 2550/3940/1647 2549/3941/1648
f 2547/3939/1643 2548/3942/1649 2550/3943/1647
f 2549/3941/1648 2553/3944/1650 2552/3945/1651
f 2550/3943/1647 2551/3946/1652 2553/3947/1650
f 2540/3948/1653 2553/3944/1650 2541/3949/1654
f 2541/3950/1654 2551/3946/1652 2539/3951/1655
f 2542/3952/1642 2570/3953/1656 2544/3937/1645
f 2544/3937/1645 2568/3954/1657 2543/3955/1658
f 2599/3956/1659 2564/3957/1660 2600/3958/1661
f 2600/3958/1661 2562/3959/1662 2598/3960/1663
f 2566/3961/1664 2603/3962/1665 2602/3963/1666
f 2567/3964/1667 2601/3965/1668 2603/3962/1665
f 2581/3966/1669 2579/3967/1670 2582/3968/1671
f 2582/3969/1671 2577/3970/1672 2580/3971/1673
f 2575/3972/1674 2585/3973/1675 2584/3974/1676
f 2576/3975/1677 2583/3976/1678 2585/3977/1675
f 2577/3970/1672 2588/3978/1679 2587/3979/1680
f 2579/3967/1670 2586/3980/1681 2588/3978/1679
f 2540/3981/1653 2564/3957/1660 2563/3982/1682
f 2541/3950/1654 2562/3959/1662 2564/3957/1660
f 2589/3983/1683 2573/3984/1684 2591/3985/1685
f 2591/3986/1685 2571/3987/1686 2590/3988/1687
f 2575/3972/1674 2582/3968/1671 2576/3989/1677
f 2576/3975/1677 2580/3971/1673 2574/3990/1688
f 2584/3974/1676 2573/3984/1684 2572/3991/1689
f 2585/3977/1675 2571/3987/1686 2573/3992/1684
f 2558/3993/1638 2594/3994/1690 2561/3995/1639
f 2561/3995/1639 2592/3996/1691 2559/3997/1641
f 2593/3998/1692 2588/3978/1679 2594/3994/1690
f 2594/3994/1690 2586/3980/1681 2592/3996/1691
f 2595/3999/1693 2557/4000/1635 2554/4001/1634
f 2597/4002/1694 2555/4003/1637 2557/4004/1635
f 2589/3983/1683 2597/4005/1694 2595/3999/1693
f 2591/3986/1685 2596/4006/1695 2597/4002/1694
f 2566/3961/1664 2600/3958/1661 2567/3964/1667
f 2567/3964/1667 2598/3960/1663 2565/4007/1696
f 2602/3963/1666 2570/3953/1656 2569/4008/1697
f 2603/3962/1665 2568/3954/1657 2570/3953/1656
f 2540/3981/1653 2572/3991/1689 2589/3983/1683
f 2552/3945/1651 2554/3926/1634 2556/3928/1636
f 2565/4007/1696 2551/3946/1652 2545/3938/1646
f 2542/3952/1642 2586/3980/1681 2569/4008/1697
f 2559/3933/1641 2546/3936/1644 2533/4009/1698
f 2546/3936/1644 2534/4010/1699 2533/4009/1698
f 2549/3941/1648 2535/4011/1700 2534/4010/1699
f 2556/3928/1636 2536/3923/1632 2529/3925/1633
f 2536/4012/1632 2555/4003/1637 2596/4006/1695
f 2538/4013/1701 2560/3932/1640 2532/4014/1640
f 2558/3993/1638 2538/4015/1701 2593/3998/1692
f 2563/3982/1682 2584/3974/1676 2572/3991/1689
f 2566/3961/1664 2581/3966/1669 2575/3972/1674
f 2599/3956/1659 2575/3972/1674 2584/3974/1676
f 2602/3963/1666 2578/4016/1702 2581/3966/1669
f 2590/3988/1687 2583/3976/1678 2580/3971/1673
f 2596/4006/1695 2587/3979/1680 2593/3998/1692
f 2538/4015/1701 2537/4017/1629 2593/3998/1692
f 2593/3998/1692 2537/4017/1629 2596/4006/1695
f 2537/4017/1629 2536/4012/1632 2596/4006/1695
f 2537/3920/1629 2538/4013/1701 2531/3921/1630
f 2536/3923/1632 2537/4018/1629 2530/3924/1631
f 2542/3934/1642 2544/4019/1645 2547/3935/1643
f 2544/3937/1645 2543/3955/1658 2545/3938/1646
f 2546/3936/1644 2547/3935/1643 2550/3940/1647
f 2547/3939/1643 2545/3938/1646 2548/3942/1649
f 2549/3941/1648 2550/3940/1647 2553/3944/1650
f 2550/3943/1647 2548/3942/1649 2551/3946/1652
f 2540/3948/1653 2552/3945/1651 2553/3944/1650
f 2541/3950/1654 2553/3947/1650 2551/3946/1652
f 2542/3952/1642 2569/4008/1697 2570/3953/1656
f 2544/3937/1645 2570/3953/1656 2568/3954/1657
f 2599/3956/1659 2563/3982/1682 2564/3957/1660
f 2600/3958/1661 2564/3957/1660 2562/3959/1662
f 2566/3961/1664 2567/3964/1667 2603/3962/1665
f 2567/3964/1667 2565/4007/1696 2601/3965/1668
f 2581/3966/1669 2578/4016/1702 2579/3967/1670
f 2582/3969/1671 2579/3967/1670 2577/3970/1672
f 2575/3972/1674 2576/3989/1677 2585/3973/1675
f 2576/3975/1677 2574/3990/1688 2583/3976/1678
f 2577/3970/1672 2579/3967/1670 2588/3978/1679
f 2579/3967/1670 2578/4016/1702 2586/3980/1681
f 2540/3981/1653 2541/3950/1654 2564/3957/1660
f 2541/3950/1654 2539/3951/1655 2562/3959/1662
f 2589/3983/1683 2572/3991/1689 2573/3984/1684
f 2591/3986/1685 2573/3992/1684 2571/3987/1686
f 2575/3972/1674 2581/3966/1669 2582/3968/1671
f 2576/3975/1677 2582/3969/1671 2580/3971/1673
f 2584/3974/1676 2585/3973/1675 2573/3984/1684
f 2585/3977/1675 2583/3976/1678 2571/3987/1686
f 2558/3993/1638 2593/3998/1692 2594/3994/1690
f 2561/3995/1639 2594/3994/1690 2592/3996/1691
f 2593/3998/1692 2587/3979/1680 2588/3978/1679
f 2594/3994/1690 2588/3978/1679 2586/3980/1681
f 2595/3999/1693 2597/4005/1694 2557/4000/1635
f 2597/4002/1694 2596/4006/1695 2555/4003/1637
f 2589/3983/1683 2591/3985/1685 2597/4005/1694
f 2591/3986/1685 2590/3988/1687 2596/4006/1695
f 2566/3961/1664 2599/3956/1659 2600/3958/1661
f 2567/3964/1667 2600/3958/1661 2598/3960/1663
f 2602/3963/1666 2603/3962/1665 2570/3953/1656
f 2603/3962/1665 2601/3965/1668 2568/3954/1657
f 2595/3999/1693 2554/4001/1634 2540/3981/1653
f 2540/3981/1653 2563/3982/1682 2572/3991/1689
f 2589/3983/1683 2595/3999/1693 2540/3981/1653
f 2528/4020/1636 2535/4011/1700 2552/3945/1651
f 2552/3945/1651 2540/3948/1653 2554/3926/1634
f 2556/3928/1636 2528/4020/1636 2552/3945/1651
f 2545/3938/1646 2543/3955/1658 2568/3954/1657
f 2568/3954/1657 2601/3965/1668 2565/4007/1696
f 2565/4007/1696 2598/3960/1663 2562/3959/1662
f 2562/3959/1662 2539/3951/1655 2551/3946/1652
f 2551/3946/1652 2548/3942/1649 2545/3938/1646
f 2545/3938/1646 2568/3954/1657 2565/4007/1696
f 2565/4007/1696 2562/3959/1662 2551/3946/1652
f 2542/3952/1642 2559/3997/1641 2592/3996/1691
f 2586/3980/1681 2578/4016/1702 2569/4008/1697
f 2542/3952/1642 2592/3996/1691 2586/3980/1681
f 2533/4009/1698 2532/4014/1640 2560/3932/1640
f 2559/3933/1641 2542/3934/1642 2546/3936/1644
f 2533/4009/1698 2560/3932/1640 2559/3933/1641
f 2546/3936/1644 2549/3941/1648 2534/4010/1699
f 2549/3941/1648 2552/3945/1651 2535/4011/1700
f 2529/3925/1633 2528/4020/1636 2556/3928/1636
f 2556/3928/1636 2555/3929/1637 2536/3923/1632
f 2532/4014/1640 2531/3921/1630 2538/4013/1701
f 2538/4013/1701 2558/3930/1638 2560/3932/1640
f 2563/3982/1682 2599/3956/1659 2584/3974/1676
f 2566/3961/1664 2602/3963/1666 2581/3966/1669
f 2599/3956/1659 2566/3961/1664 2575/3972/1674
f 2602/3963/1666 2569/4008/1697 2578/4016/1702
f 2577/3970/1672 2587/3979/1680 2590/3988/1687
f 2590/3988/1687 2571/3987/1686 2583/3976/1678
f 2583/3976/1678 2574/3990/1688 2580/3971/1673
f 2580/3971/1673 2577/3970/1672 2590/3988/1687
f 2596/4006/1695 2590/3988/1687 2587/3979/1680
o SwivelHandle.025
v 0.386256 2.906490 4.725759
v 0.385640 2.909419 4.732803
v 0.385385 2.916490 4.735721
v 0.385640 2.923561 4.732803
v 0.386256 2.926490 4.725759
v 0.386872 2.923561 4.718715
v 0.387128 2.916490 4.715797
v 0.386872 2.909419 4.718715
v 0.405564 2.909419 4.734547
v 0.405309 2.916490 4.737464
v 0.405564 2.923561 4.734547
v 0.416125 2.907494 4.728563
v 0.415146 2.906490 4.728287
v 0.415845 2.906784 4.728404
v 0.415146 2.926490 4.728287
v 0.416125 2.925486 4.728563
v 0.415845 2.926196 4.728404
v 0.416692 2.922796 4.722092
v 0.415762 2.923561 4.721242
v 0.416447 2.923337 4.721528
v 0.416919 2.916490 4.719490
v 0.416017 2.916490 4.718325
v 0.416694 2.916490 4.718702
v 0.416692 2.910184 4.722092
v 0.415762 2.909419 4.721242
v 0.416447 2.909643 4.721528
v 0.407179 2.906490 4.727590
v 0.405965 2.907515 4.729967
v 0.405184 2.906490 4.727415
v 0.406410 2.906790 4.728250
v 0.405965 2.925465 4.729967
v 0.407179 2.926490 4.727590
v 0.405184 2.926490 4.727415
v 0.406410 2.926190 4.728250
v 0.402487 2.910412 4.884449
v 0.401456 2.909419 4.884760
v 0.402171 2.909709 4.884705
v 0.402285 2.916490 4.886760
v 0.401201 2.916490 4.887678
v 0.401931 2.916490 4.887445
v 0.402487 2.922568 4.884449
v 0.401456 2.923561 4.884760
v 0.402171 2.923270 4.884705
v 0.397506 2.910411 4.884013
v 0.398468 2.909419 4.884499
v 0.397774 2.909709 4.884320
v 0.397304 2.916490 4.886324
v 0.398212 2.916490 4.887416
v 0.397534 2.916490 4.887061
v 0.397506 2.922569 4.884013
v 0.398468 2.923561 4.884499
v 0.397774 2.923270 4.884320
v 0.397355 2.920960 4.885742
v 0.398269 2.921448 4.886770
v 0.397589 2.921305 4.886433
v 0.397355 2.912020 4.885742
v 0.398269 2.911532 4.886770
v 0.397589 2.911675 4.886433
v 0.405006 2.925020 4.809763
v 0.404008 2.924025 4.809697
v 0.404301 2.924731 4.809716
v 0.405006 2.907959 4.809763
v 0.404008 2.908954 4.809697
v 0.404301 2.908249 4.809716
v 0.406852 2.925753 4.768692
v 0.405614 2.924683 4.773965
v 0.406075 2.925442 4.770226
v 0.406852 2.907226 4.768692
v 0.405614 2.908317 4.773965
v 0.406075 2.907544 4.770226
v 0.402336 2.912020 4.886178
v 0.401258 2.911532 4.887032
v 0.401986 2.911675 4.886817
v 0.402336 2.920960 4.886178
v 0.401258 2.921448 4.887032
v 0.401986 2.921305 4.886817
vn -0.8216 -0.0000 0.5700
vn -0.0616 0.7071 0.7044
vn -0.0872 -0.0000 0.9962
vn -0.7727 -0.5020 0.3884
vn -0.0616 -0.7071 0.7044
vn -0.0391 -0.9896 -0.1387
vn -0.2122 -0.9478 0.2379
vn -0.0000 -1.0000 -0.0000
vn -0.5075 -0.8303 0.2305
vn -0.5075 0.8302 0.2305
vn -0.2122 0.9478 0.2379
vn -0.0000 1.0000 -0.0000
vn -0.0391 0.9896 -0.1387
vn 0.2092 0.9639 -0.1650
vn 0.7249 0.5169 -0.4554
vn 0.2591 0.6929 -0.6729
vn 0.6974 0.7128 -0.0744
vn 0.9845 0.1590 -0.0734
vn 0.7435 -0.0000 -0.6687
vn 0.2841 -0.0000 -0.9588
vn 0.9903 -0.0000 -0.1390
vn 0.7249 -0.5169 -0.4554
vn 0.2591 -0.6929 -0.6729
vn 0.9845 -0.1590 -0.0734
vn 0.2092 -0.9639 -0.1650
vn 0.6974 -0.7128 -0.0744
vn 0.9763 -0.2116 0.0452
vn 0.6562 0.6778 0.3316
vn 0.9636 0.2078 0.1683
vn 0.9763 0.2116 0.0452
vn 0.1208 -0.4498 0.8849
vn 0.6562 -0.6778 0.3316
vn 0.6237 -0.3352 0.7062
vn 0.9636 -0.2078 0.1683
vn 0.9537 -0.1025 0.2827
vn 0.1073 -0.0000 0.9942
vn 0.6237 0.3352 0.7062
vn 0.1208 0.4498 0.8849
vn 0.6283 -0.0000 0.7780
vn 0.9537 0.1025 0.2827
vn -0.2726 0.4498 0.8505
vn -0.7038 0.6777 0.2129
vn -0.7368 0.3352 0.5871
vn -0.9782 0.2077 -0.0015
vn -0.9883 0.1025 0.1128
vn -0.2783 -0.0000 0.9605
vn -0.7368 -0.3352 0.5871
vn -0.2726 -0.4498 0.8505
vn -0.7539 -0.0000 0.6570
vn -0.9883 -0.1025 0.1128
vn -0.7019 0.7115 -0.0330
vn -0.9787 0.1960 -0.0610
vn -0.1818 0.9833 0.0066
vn 0.1655 -0.9091 0.3822
vn -0.1710 -0.9852 0.0080
vn -0.7038 -0.6777 0.2129
vn -0.7019 -0.7115 -0.0330
vn -0.9782 -0.2077 -0.0015
vn -0.9787 -0.1961 -0.0611
vn -0.9924 -0.0000 0.1229
vn -0.2292 -0.9091 0.3479
vn -0.6426 0.7662 0.0012
vn -0.1782 0.9839 0.0151
vn -0.9780 0.2072 -0.0258
vn -0.1813 -0.9833 0.0151
vn -0.6483 -0.7614 0.0011
vn -0.9787 -0.2036 -0.0259
vn 0.9560 -0.0000 0.2934
vn 0.1656 0.9090 0.3824
vn 0.0616 0.7071 -0.7044
vn 0.0872 -0.0000 -0.9962
vn 0.0616 -0.7071 -0.7044
vn -0.7728 0.5019 0.3884
vn -0.2294 0.9090 0.3481
vt 0.968517 0.309333
vt 0.967245 0.306006
vt 0.968518 0.306006
vt 0.959606 0.309333
vt 0.958332 0.306006
vt 0.959605 0.306006
vt 0.960879 0.309500
vt 0.960748 0.309382
vt 0.960879 0.309166
vt 0.960434 0.309333
vt 0.966416 0.309333
vt 0.966102 0.309382
vt 0.965971 0.309166
vt 0.965971 0.309500
vt 0.965969 0.310832
vt 0.964696 0.310956
vt 0.964697 0.310828
vt 0.960117 0.115036
vt 0.959000 0.115548
vt 0.958909 0.115442
vt 0.963425 0.310957
vt 0.963425 0.310828
vt 0.958478 0.116585
vt 0.958332 0.116576
vt 0.962154 0.310956
vt 0.962153 0.310828
vt 0.958865 0.117680
vt 0.958761 0.117773
vt 0.960881 0.310832
vt 0.960892 0.310961
vt 0.959910 0.118327
vt 0.959941 0.118197
vt 0.960121 0.114903
vt 0.986426 0.117289
vt 0.986342 0.117351
vt 0.960131 0.115169
vt 0.986616 0.119132
vt 0.986296 0.119357
vt 0.986538 0.119082
vt 0.986221 0.119285
vt 0.986455 0.119030
vt 0.986829 0.118352
vt 0.986630 0.117592
vt 0.986714 0.117552
vt 0.986716 0.118345
vt 0.986542 0.117633
vt 0.987144 0.117352
vt 0.986782 0.116755
vt 0.987281 0.117279
vt 0.987183 0.116464
vt 0.986743 0.116624
vt 0.987069 0.116386
vt 0.987345 0.118384
vt 0.987148 0.119475
vt 0.987019 0.119385
vt 0.987392 0.115655
vt 0.987252 0.114868
vt 0.987381 0.114819
vt 0.973981 0.115466
vt 0.974005 0.115334
vt 0.973959 0.115598
vt 0.959897 0.118460
vt 0.986360 0.119418
vt 0.973707 0.119474
vt 0.986587 0.119940
vt 0.973706 0.119604
vt 0.974367 0.112666
vt 0.986990 0.114560
vt 0.974350 0.112793
vt 0.987507 0.118394
vt 0.987261 0.115639
vt 0.986527 0.119821
vt 0.987057 0.114438
vt 0.960672 0.113393
vt 0.967348 0.114589
vt 0.960364 0.113469
vt 0.967071 0.114690
vt 0.960233 0.113573
vt 0.967994 0.114541
vt 0.966773 0.119513
vt 0.959966 0.119940
vt 0.959848 0.119807
vt 0.967831 0.111573
vt 0.961180 0.110443
vt 0.960920 0.110254
vt 0.967039 0.119640
vt 0.968428 0.111815
vt 0.986603 0.118338
vt 0.986498 0.117237
vt 0.964698 0.306005
vt 0.963425 0.306005
vt 0.962152 0.306005
vt 0.961882 0.110892
vt 0.967244 0.309333
vt 0.965972 0.306006
vt 0.961484 0.113218
vt 0.986710 0.116863
vt 0.962166 0.112142
vt 0.958333 0.309333
vt 0.965958 0.310961
vt 0.960878 0.306006
s 1
usemtl Chrome
f 2613/4021/1703 2607/4022/1704 2606/4023/1705
f 2612/4024/1706 2606/4025/1705 2605/4026/1707
f 2630/4027/1708 2633/4028/1709 2632/4029/1710
f 2633/4028/1709 2631/4030/1711 2632/4029/1710
f 2634/4031/1712 2637/4032/1713 2636/4033/1714
f 2637/4032/1713 2635/4034/1715 2636/4033/1714
f 2618/4035/1716 2623/4036/1717 2622/4037/1718
f 2620/4038/1719 2621/4039/1720 2623/4040/1717
f 2622/4037/1718 2626/4041/1721 2625/4042/1722
f 2623/4040/1717 2624/4043/1723 2626/4044/1721
f 2625/4042/1722 2629/4045/1724 2628/4046/1725
f 2626/4044/1721 2627/4047/1726 2629/4048/1724
f 2616/4049/1727 2629/4045/1724 2617/4050/1728
f 2617/4051/1728 2627/4047/1726 2615/4052/1729
f 2618/4053/1716 2646/4054/1730 2620/4038/1719
f 2620/4038/1719 2644/4055/1731 2619/4056/1732
f 2675/4057/1733 2640/4058/1734 2676/4059/1735
f 2676/4059/1735 2638/4060/1736 2674/4061/1737
f 2642/4062/1738 2679/4063/1739 2678/4064/1740
f 2643/4065/1741 2677/4066/1742 2679/4063/1739
f 2657/4067/1743 2655/4068/1744 2658/4069/1745
f 2658/4070/1745 2653/4071/1746 2656/4072/1747
f 2651/4073/1748 2661/4074/1749 2660/4075/1750
f 2652/4076/1751 2659/4077/1752 2661/4078/1749
f 2653/4071/1746 2664/4079/1753 2663/4080/1754
f 2655/4068/1744 2662/4081/1755 2664/4079/1753
f 2616/4082/1727 2640/4058/1734 2639/4083/1756
f 2617/4051/1728 2638/4060/1736 2640/4058/1734
f 2665/4084/1757 2649/4085/1758 2667/4086/1759
f 2667/4087/1759 2647/4088/1760 2666/4089/1761
f 2651/4073/1748 2658/4069/1745 2652/4090/1751
f 2652/4076/1751 2656/4072/1747 2650/4091/1762
f 2660/4075/1750 2649/4085/1758 2648/4092/1763
f 2661/4078/1749 2647/4088/1760 2649/4093/1758
f 2634/4094/1712 2670/4095/1764 2637/4096/1713
f 2637/4096/1713 2668/4097/1765 2635/4098/1715
f 2669/4099/1766 2664/4079/1753 2670/4095/1764
f 2670/4095/1764 2662/4081/1755 2668/4097/1765
f 2671/4100/1767 2633/4101/1709 2630/4102/1708
f 2673/4103/1768 2631/4104/1711 2633/4105/1709
f 2665/4084/1757 2673/4106/1768 2671/4100/1767
f 2667/4087/1759 2672/4107/1769 2673/4103/1768
f 2642/4062/1738 2676/4059/1735 2643/4065/1741
f 2643/4065/1741 2674/4061/1737 2641/4108/1770
f 2678/4064/1740 2646/4054/1730 2645/4109/1771
f 2679/4063/1739 2644/4055/1731 2646/4054/1730
f 2616/4082/1727 2648/4092/1763 2665/4084/1757
f 2628/4046/1725 2630/4027/1708 2632/4029/1710
f 2641/4108/1770 2627/4047/1726 2621/4039/1720
f 2618/4053/1716 2662/4081/1755 2645/4109/1771
f 2635/4034/1715 2622/4037/1718 2609/4110/1772
f 2622/4037/1718 2610/4111/1773 2609/4110/1772
f 2625/4042/1722 2611/4112/1774 2610/4111/1773
f 2632/4029/1710 2612/4024/1706 2605/4026/1707
f 2612/4113/1706 2631/4104/1711 2672/4107/1769
f 2614/4114/1775 2636/4033/1714 2608/4115/1714
f 2634/4094/1712 2614/4116/1775 2669/4099/1766
f 2639/4083/1756 2660/4075/1750 2648/4092/1763
f 2642/4062/1738 2657/4067/1743 2651/4073/1748
f 2675/4057/1733 2651/4073/1748 2660/4075/1750
f 2678/4064/1740 2654/4117/1776 2657/4067/1743
f 2666/4089/1761 2659/4077/1752 2656/4072/1747
f 2672/4107/1769 2663/4080/1754 2669/4099/1766
f 2614/4116/1775 2613/4118/1703 2669/4099/1766
f 2669/4099/1766 2613/4118/1703 2672/4107/1769
f 2613/4118/1703 2612/4113/1706 2672/4107/1769
f 2613/4021/1703 2614/4114/1775 2607/4022/1704
f 2612/4024/1706 2613/4119/1703 2606/4025/1705
f 2618/4035/1716 2620/4120/1719 2623/4036/1717
f 2620/4038/1719 2619/4056/1732 2621/4039/1720
f 2622/4037/1718 2623/4036/1717 2626/4041/1721
f 2623/4040/1717 2621/4039/1720 2624/4043/1723
f 2625/4042/1722 2626/4041/1721 2629/4045/1724
f 2626/4044/1721 2624/4043/1723 2627/4047/1726
f 2616/4049/1727 2628/4046/1725 2629/4045/1724
f 2617/4051/1728 2629/4048/1724 2627/4047/1726
f 2618/4053/1716 2645/4109/1771 2646/4054/1730
f 2620/4038/1719 2646/4054/1730 2644/4055/1731
f 2675/4057/1733 2639/4083/1756 2640/4058/1734
f 2676/4059/1735 2640/4058/1734 2638/4060/1736
f 2642/4062/1738 2643/4065/1741 2679/4063/1739
f 2643/4065/1741 2641/4108/1770 2677/4066/1742
f 2657/4067/1743 2654/4117/1776 2655/4068/1744
f 2658/4070/1745 2655/4068/1744 2653/4071/1746
f 2651/4073/1748 2652/4090/1751 2661/4074/1749
f 2652/4076/1751 2650/4091/1762 2659/4077/1752
f 2653/4071/1746 2655/4068/1744 2664/4079/1753
f 2655/4068/1744 2654/4117/1776 2662/4081/1755
f 2616/4082/1727 2617/4051/1728 2640/4058/1734
f 2617/4051/1728 2615/4052/1729 2638/4060/1736
f 2665/4084/1757 2648/4092/1763 2649/4085/1758
f 2667/4087/1759 2649/4093/1758 2647/4088/1760
f 2651/4073/1748 2657/4067/1743 2658/4069/1745
f 2652/4076/1751 2658/4070/1745 2656/4072/1747
f 2660/4075/1750 2661/4074/1749 2649/4085/1758
f 2661/4078/1749 2659/4077/1752 2647/4088/1760
f 2634/4094/1712 2669/4099/1766 2670/4095/1764
f 2637/4096/1713 2670/4095/1764 2668/4097/1765
f 2669/4099/1766 2663/4080/1754 2664/4079/1753
f 2670/4095/1764 2664/4079/1753 2662/4081/1755
f 2671/4100/1767 2673/4106/1768 2633/4101/1709
f 2673/4103/1768 2672/4107/1769 2631/4104/1711
f 2665/4084/1757 2667/4086/1759 2673/4106/1768
f 2667/4087/1759 2666/4089/1761 2672/4107/1769
f 2642/4062/1738 2675/4057/1733 2676/4059/1735
f 2643/4065/1741 2676/4059/1735 2674/4061/1737
f 2678/4064/1740 2679/4063/1739 2646/4054/1730
f 2679/4063/1739 2677/4066/1742 2644/4055/1731
f 2671/4100/1767 2630/4102/1708 2616/4082/1727
f 2616/4082/1727 2639/4083/1756 2648/4092/1763
f 2665/4084/1757 2671/4100/1767 2616/4082/1727
f 2604/4121/1710 2611/4112/1774 2628/4046/1725
f 2628/4046/1725 2616/4049/1727 2630/4027/1708
f 2632/4029/1710 2604/4121/1710 2628/4046/1725
f 2621/4039/1720 2619/4056/1732 2644/4055/1731
f 2644/4055/1731 2677/4066/1742 2641/4108/1770
f 2641/4108/1770 2674/4061/1737 2638/4060/1736
f 2638/4060/1736 2615/4052/1729 2627/4047/1726
f 2627/4047/1726 2624/4043/1723 2621/4039/1720
f 2621/4039/1720 2644/4055/1731 2641/4108/1770
f 2641/4108/1770 2638/4060/1736 2627/4047/1726
f 2618/4053/1716 2635/4098/1715 2668/4097/1765
f 2662/4081/1755 2654/4117/1776 2645/4109/1771
f 2618/4053/1716 2668/4097/1765 2662/4081/1755
f 2609/4110/1772 2608/4115/1714 2636/4033/1714
f 2635/4034/1715 2618/4035/1716 2622/4037/1718
f 2609/4110/1772 2636/4033/1714 2635/4034/1715
f 2622/4037/1718 2625/4042/1722 2610/4111/1773
f 2625/4042/1722 2628/4046/1725 2611/4112/1774
f 2605/4026/1707 2604/4121/1710 2632/4029/1710
f 2632/4029/1710 2631/4030/1711 2612/4024/1706
f 2608/4115/1714 2607/4022/1704 2614/4114/1775
f 2614/4114/1775 2634/4031/1712 2636/4033/1714
f 2639/4083/1756 2675/4057/1733 2660/4075/1750
f 2642/4062/1738 2678/4064/1740 2657/4067/1743
f 2675/4057/1733 2642/4062/1738 2651/4073/1748
f 2678/4064/1740 2645/4109/1771 2654/4117/1776
f 2653/4071/1746 2663/4080/1754 2666/4089/1761
f 2666/4089/1761 2647/4088/1760 2659/4077/1752
f 2659/4077/1752 2650/4091/1762 2656/4072/1747
f 2656/4072/1747 2653/4071/1746 2666/4089/1761
f 2672/4107/1769 2666/4089/1761 2663/4080/1754
o DoorWindow.002
v 0.320679 3.167746 5.220597
v 0.320679 3.639325 5.220597
v 0.315698 3.167746 5.220161
v 0.315698 3.639325 5.220161
v 0.363457 3.167746 4.731646
v 0.363457 3.639325 4.731646
v 0.358476 3.167746 4.731210
v 0.358476 3.639325 4.731210
vn -0.9962 -0.0000 -0.0872
vn 0.9962 -0.0000 0.0872
vt 0.292546 0.867881
vt 0.213327 0.950332
vt 0.213327 0.867881
vt 0.867567 0.625872
vt 0.946786 0.543420
vt 0.946786 0.625872
vt 0.292546 0.950332
vt 0.867567 0.543420
s 1
usemtl Glass
f 2683/4122/1777 2686/4123/1777 2682/4124/1777
f 2685/4125/1778 2680/4126/1778 2684/4127/1778
f 2683/4122/1777 2687/4128/1777 2686/4123/1777
f 2685/4125/1778 2681/4129/1778 2680/4126/1778
