# Blender 5.0.1
# www.blender.org
mtllib WE6A_interior_item_collider.mtl
o UnitAInteriorItemCollider
g WE6A_interior_item_collider
v 0.500741 4.107824 0.312914
v 0.500741 1.970078 0.312914
v 1.469829 1.970078 7.104623
v -0.500747 4.107828 0.312914
v -0.500747 1.970078 0.312914
v 1.464626 2.870159 7.104591
v 0.011341 3.051739 7.106556
v 1.469829 1.970078 5.292540
v 1.469829 3.925485 5.292540
v -0.300069 4.129978 0.312914
v 0.299694 4.129978 0.312914
v -1.469701 3.925485 5.292537
v -1.470411 1.970078 5.292537
v -0.500747 1.970079 4.469850
v -1.469696 1.970078 5.262538
v -1.469696 3.938330 5.262536
v -1.469696 3.938330 4.469846
v -1.469696 1.970078 4.469846
v -1.469585 3.178589 5.959944
v -1.464814 3.051707 6.941376
v -0.261121 3.276183 7.044667
v 1.288100 3.797278 6.884650
v 1.338359 3.747264 6.886864
v 1.301050 3.795571 6.883296
v 1.313135 3.790572 6.882624
v 1.323531 3.782623 6.882680
v 1.331531 3.772266 6.883730
v 1.336589 3.760205 6.884963
v 1.340498 3.335009 6.945416
v 1.290758 3.284943 6.959754
v 1.338862 3.322066 6.947851
v 1.333929 3.310001 6.950507
v 1.326037 3.299635 6.953203
v 1.315723 3.291675 6.955755
v 1.303690 3.286664 6.957990
v 0.264739 3.749862 7.010613
v 0.314388 3.799846 6.997544
v 0.266352 3.762803 7.008702
v 0.270937 3.775184 7.006487
v 0.278486 3.785537 7.004150
v 0.289110 3.793480 7.001691
v 0.301459 3.798146 6.999438
v 0.318964 3.283643 7.070086
v 0.268613 3.333575 7.068596
v 0.306011 3.285330 7.071311
v 0.293917 3.290309 7.071964
v 0.283506 3.298241 7.072001
v 0.275487 3.308585 7.071419
v 0.270408 3.320637 7.070257
v -1.289420 3.287139 6.961200
v -1.338581 3.337206 6.946918
v -1.302332 3.288862 6.959481
v -1.314307 3.293874 6.957279
v -1.324529 3.301834 6.954745
v -1.332301 3.312200 6.952052
v -1.337094 3.324265 6.949382
v -1.332989 3.749643 6.888706
v -1.282150 3.799594 6.886684
v -1.331068 3.762580 6.886642
v -1.325870 3.774634 6.885437
v -1.317751 3.784981 6.884611
v -1.307262 3.792917 6.884729
v -1.295119 3.797901 6.885362
v -0.316219 3.798264 6.997042
v -0.266338 3.748222 7.010553
v -0.303282 3.796549 6.998911
v -0.291235 3.791544 7.001146
v -0.280899 3.783590 7.003595
v -0.272977 3.773228 7.006091
v -0.268011 3.761164 7.008465
v -0.270696 3.335635 7.065702
v -0.320815 3.285709 7.067461
v -0.272431 3.322696 7.067390
v -0.277454 3.310644 7.068589
v -0.285425 3.300301 7.069218
v -0.295799 3.292370 7.069234
v -0.307870 3.287393 7.068634
v 1.469829 3.650077 5.650089
v 1.469829 3.700077 5.700089
v 1.469829 3.663018 5.651793
v 1.469829 3.675077 5.656787
v 1.469829 3.685432 5.664733
v 1.469829 3.693378 5.675089
v 1.469829 3.698373 5.687148
v 1.469829 1.992903 5.700089
v 1.469829 2.042903 5.650089
v 1.469829 1.994606 5.687148
v 1.469829 1.999601 5.675089
v 1.469829 2.007547 5.664733
v 1.469829 2.017903 5.656787
v 1.469829 2.029962 5.651793
v 1.469829 3.700077 6.202324
v 1.469829 3.650077 6.252325
v 1.469829 3.698373 6.215265
v 1.469829 3.693378 6.227324
v 1.469829 3.685432 6.237680
v 1.469829 3.675077 6.245625
v 1.469829 3.663018 6.250621
v 1.469829 2.042903 6.252325
v 1.469829 1.992903 6.202324
v 1.469829 2.029962 6.250621
v 1.469829 2.017903 6.245625
v 1.469829 2.007547 6.237680
v 1.469829 1.999601 6.227324
v 1.469829 1.994606 6.215265
v -1.469696 2.042901 4.563533
v -1.469696 1.992901 4.613533
v -1.469696 2.029960 4.565237
v -1.469696 2.017901 4.570231
v -1.469696 2.007546 4.578177
v -1.469696 1.999600 4.588533
v -1.469696 1.994605 4.600592
v -1.469696 1.992901 5.115777
v -1.469696 2.042901 5.165777
v -1.469696 1.994605 5.128717
v -1.469696 1.999600 5.140777
v -1.469696 2.007546 5.151132
v -1.469696 2.017901 5.159078
v -1.469696 2.029960 5.164073
v -1.469696 3.700081 4.613537
v -1.469696 3.650081 4.563537
v -1.469696 3.698377 4.600596
v -1.469696 3.693382 4.588537
v -1.469696 3.685436 4.578182
v -1.469696 3.675081 4.570236
v -1.469696 3.663022 4.565241
v -1.469696 3.650081 5.165777
v -1.469696 3.700081 5.115777
v -1.469696 3.663022 5.164073
v -1.469696 3.675081 5.159078
v -1.469696 3.685436 5.151132
v -1.469696 3.693382 5.140777
v -1.469696 3.698377 5.128717
v -1.468723 3.925485 6.802783
v -0.299852 4.075655 6.923275
v 1.469442 3.924854 6.798664
v 1.466006 3.051739 6.939197
v 0.299394 4.075655 6.922715
v 0.011381 4.075340 6.953761
v 1.336589 3.760205 6.850692
v 1.331531 3.772266 6.849252
v 1.323531 3.782623 6.848490
v 1.313135 3.790572 6.848458
v 1.301050 3.795571 6.849158
v 1.288100 3.797278 6.850543
v 1.290758 3.284943 6.923809
v 1.303690 3.286664 6.922014
v 1.315723 3.291675 6.919751
v 1.326037 3.299635 6.917174
v 1.333929 3.310001 6.914459
v 1.338862 3.322066 6.911792
v 0.315362 3.797573 6.962071
v 0.302433 3.795873 6.963996
v 0.290409 3.790882 6.966278
v 0.280110 3.782939 6.968761
v 0.272236 3.772587 6.971277
v 0.267326 3.760530 6.973654
v 0.270408 3.320637 7.036731
v 0.275487 3.308585 7.037880
v 0.283506 3.298241 7.038444
v 0.293917 3.290309 7.038382
v 0.306011 3.285330 7.037701
v 0.318964 3.283643 7.036445
v -1.337094 3.324265 6.913322
v -1.332301 3.312200 6.916004
v -1.324529 3.301834 6.918716
v -1.314307 3.293874 6.921275
v -1.302332 3.288862 6.923505
v -1.289420 3.287139 6.925256
v -1.282150 3.799594 6.849547
v -1.293814 3.796466 6.848194
v -1.305957 3.791481 6.847532
v -1.316446 3.783545 6.847608
v -1.324565 3.773198 6.848414
v -1.329763 3.761145 6.849691
v -0.271393 3.760262 6.970434
v -0.276360 3.772326 6.968049
v -0.284281 3.782688 6.965534
v -0.294618 3.790642 6.963060
v -0.306665 3.795647 6.960796
v -0.319602 3.797362 6.958897
v -0.320815 3.285709 7.033820
v -0.307870 3.287393 7.035023
v -0.295799 3.292370 7.035651
v -0.285425 3.300301 7.035661
v -0.277454 3.310644 7.035050
v -0.272431 3.322696 7.033863
v 1.338352 3.746501 6.847772
v 1.336581 3.759443 6.845751
v 1.331524 3.771503 6.844311
v 1.323524 3.781861 6.843548
v 1.313128 3.789810 6.843516
v 1.301043 3.794808 6.844217
v 1.288093 3.796516 6.845602
v 1.290751 3.284181 6.918868
v 1.303683 3.285902 6.917072
v 1.315716 3.290913 6.914809
v 1.326030 3.298872 6.912233
v 1.333922 3.309238 6.909518
v 1.338855 3.321304 6.906850
v 1.340491 3.334247 6.904411
v 0.315355 3.796810 6.957129
v 0.302426 3.795111 6.959054
v 0.290402 3.790119 6.961336
v 0.280102 3.782177 6.963820
v 0.272229 3.771824 6.966335
v 0.267319 3.759767 6.968713
v 0.265705 3.746827 6.970789
v 0.268606 3.332813 7.030132
v 0.270401 3.319875 7.031789
v 0.275480 3.307823 7.032939
v 0.283499 3.297478 7.033502
v 0.293910 3.289546 7.033441
v 0.306004 3.284567 7.032759
v 0.318957 3.282881 7.031503
v -1.338588 3.336444 6.905913
v -1.337101 3.323502 6.908381
v -1.332309 3.311437 6.911062
v -1.324537 3.301072 6.913775
v -1.314315 3.293112 6.916333
v -1.302339 3.288100 6.918564
v -1.289427 3.286377 6.920314
v -1.280852 3.797396 6.844605
v -1.293821 3.795703 6.843252
v -1.305964 3.790719 6.842591
v -1.316453 3.782783 6.842667
v -1.324573 3.772436 6.843473
v -1.329770 3.760382 6.844750
v -1.331691 3.747445 6.846462
v -0.269727 3.746558 6.967586
v -0.271401 3.759500 6.965493
v -0.276367 3.771563 6.963108
v -0.284288 3.781925 6.960592
v -0.294625 3.789880 6.958118
v -0.306672 3.794885 6.955854
v -0.319609 3.796599 6.953955
v -0.320822 3.284946 7.028878
v -0.307877 3.286631 7.030082
v -0.295806 3.291608 7.030710
v -0.285432 3.299538 7.030719
v -0.277461 3.309882 7.030109
v -0.272438 3.321934 7.028922
v -0.270703 3.334872 7.027238
v 1.373094 3.748220 6.843272
v 1.370415 3.767944 6.840330
v 1.361808 3.788534 6.838023
v 1.348120 3.806291 6.836828
v 1.330285 3.819942 6.836835
v 1.309565 3.828514 6.838044
v 1.289725 3.831125 6.840132
v 1.293688 3.249575 6.923779
v 1.313402 3.252195 6.921021
v 1.333773 3.260681 6.917212
v 1.351160 3.274103 6.912940
v 1.364440 3.291544 6.908491
v 1.372753 3.311856 6.904155
v 1.375245 3.331462 6.900597
v 0.312414 3.831415 6.952218
v 0.292727 3.828821 6.955103
v 0.272369 3.820366 6.958929
v 0.254971 3.806949 6.963112
v 0.241681 3.789474 6.967373
v 0.233386 3.769101 6.971429
v 0.230940 3.749444 6.974630
v 0.233863 3.330889 7.034540
v 0.236589 3.311152 7.036990
v 0.245257 3.290605 7.038995
v 0.258973 3.272923 7.039999
v 0.276798 3.259349 7.039926
v 0.297488 3.250836 7.038782
v 0.317309 3.248264 7.036914
v -1.373377 3.334058 6.902148
v -1.371104 3.314415 6.905716
v -1.362984 3.294006 6.910046
v -1.349816 3.276445 6.914480
v -1.332464 3.262926 6.918719
v -1.312082 3.254391 6.922476
v -1.292349 3.251762 6.925171
v -1.282464 3.832017 6.839210
v -1.302304 3.829434 6.837176
v -1.323035 3.820920 6.836027
v -1.340917 3.807369 6.836070
v -1.354721 3.789734 6.837298
v -1.363521 3.769245 6.839372
v -1.366419 3.749562 6.841893
v -0.234959 3.749320 6.971292
v -0.237495 3.768960 6.968091
v -0.245867 3.789295 6.964058
v -0.259197 3.806732 6.959838
v -0.276606 3.820132 6.955707
v -0.296963 3.828594 6.951938
v -0.316648 3.831211 6.949103
v -0.319158 3.250331 7.034293
v -0.299336 3.252914 7.036160
v -0.278640 3.261443 7.037214
v -0.260829 3.275050 7.037194
v -0.247161 3.292774 7.036102
v -0.238574 3.313352 7.034019
v -0.235936 3.333097 7.031517
v -0.302535 3.650078 0.312914
v -0.252535 3.700080 0.312914
v -0.300831 3.663018 0.312914
v -0.295836 3.675078 0.312914
v -0.287890 3.685433 0.312914
v -0.277535 3.693379 0.312914
v -0.265476 3.698374 0.312914
v -0.252535 1.992901 0.312914
v -0.302535 2.042901 0.312914
v -0.265476 1.994605 0.312914
v -0.277535 1.999600 0.312914
v -0.287890 2.007546 0.312914
v -0.295836 2.017901 0.312914
v -0.300831 2.029960 0.312914
v 0.249694 3.700078 0.312914
v 0.299694 3.650078 0.312914
v 0.262635 3.698374 0.312914
v 0.274694 3.693379 0.312914
v 0.285049 3.685433 0.312914
v 0.292995 3.675078 0.312914
v 0.297990 3.663018 0.312914
v 0.299694 2.042901 0.312914
v 0.249694 1.992901 0.312914
v 0.297990 2.029960 0.312914
v 0.292995 2.017901 0.312914
v 0.285049 2.007546 0.312914
v 0.274694 1.999600 0.312914
v 0.262635 1.994605 0.312914
v 0.500741 1.970078 5.262540
v 0.500741 4.107826 5.262540
v -0.500747 4.107828 5.262538
v 0.299395 4.129978 5.262540
v -0.299906 4.129978 5.262540
v -0.299906 4.071661 5.292540
v 0.299394 4.075655 5.292540
v 0.299694 3.650080 5.262540
v 0.249694 3.700080 5.262540
v 0.297990 3.663021 5.262540
v 0.292995 3.675080 5.262540
v 0.285049 3.685436 5.262540
v 0.274694 3.693382 5.262540
v 0.262635 3.698376 5.262540
v 0.249694 1.992900 5.262540
v 0.299694 2.042900 5.262540
v 0.262635 1.994604 5.262540
v 0.274694 1.999599 5.262540
v 0.285049 2.007545 5.262540
v 0.292995 2.017900 5.262540
v 0.297990 2.029959 5.262540
v -0.252535 3.700080 5.262540
v -0.302535 3.650080 5.262540
v -0.265476 3.698376 5.262540
v -0.277535 3.693382 5.262540
v -0.287890 3.685436 5.262540
v -0.295836 3.675080 5.262540
v -0.300831 3.663021 5.262540
v -0.302535 2.042900 5.262540
v -0.252535 1.992900 5.262540
v -0.300831 2.029959 5.262540
v -0.295836 2.017900 5.262540
v -0.287890 2.007545 5.262540
v -0.277535 1.999599 5.262540
v -0.265476 1.994604 5.262540
v 0.299694 3.650078 0.297837
v 0.262635 3.698374 0.297837
v 0.274694 3.693379 0.297837
v 0.285049 3.685433 0.297837
v 0.292995 3.675078 0.297837
v 0.297990 3.663018 0.297837
v 0.267272 3.523190 7.002844
v 0.267374 3.510460 7.043242
v 0.249694 3.700078 0.297837
v -0.277535 3.693379 0.297837
v -0.287890 3.685433 0.297837
v -0.295836 3.675078 0.297837
v -0.300831 3.663018 0.297837
v -0.302535 3.650078 0.297837
v -0.500747 1.970078 0.460524
v -0.500747 1.970078 1.760530
v -0.500747 1.970078 1.934000
v -0.500747 1.970080 3.243820
v -0.500747 2.744026 1.984000
v -0.500747 2.744026 1.710530
v 0.500741 1.970080 1.765531
v 0.500741 1.970078 0.465524
v -0.500749 4.037770 4.469846
v -0.495747 1.970078 1.760530
v 0.495741 1.970078 0.515524
v -0.500747 2.694026 1.760530
v -0.495747 1.970078 1.984000
v -0.495747 1.970078 0.510524
v 0.495741 1.970078 0.465524
v 0.495741 1.970080 1.765531
v -0.495747 1.970080 3.243820
v -0.495747 1.970078 0.460524
v 0.495741 1.970080 1.715530
v -0.495747 1.970078 1.934000
v -0.495747 2.694026 1.760530
v -0.500747 2.918174 1.934000
v -0.500747 2.868174 1.984000
v -0.500747 2.905234 1.935704
v -0.500747 2.893174 1.940700
v -0.500747 2.882819 1.948646
v -0.500747 2.874873 1.959001
v -0.500747 2.869878 1.971060
v -0.500747 3.715429 1.984000
v -0.500747 3.665429 1.934000
v -0.500747 3.713726 1.971060
v -0.500747 3.708731 1.959001
v -0.500747 3.700785 1.948646
v -0.500747 3.690429 1.940700
v -0.500747 3.678370 1.935704
v -0.500747 2.694030 3.243820
v -0.500747 2.744030 3.193820
v -0.500747 2.706971 3.242116
v -0.500747 2.719030 3.237122
v -0.500747 2.729386 3.229176
v -0.500747 2.737331 3.218820
v -0.500747 2.742326 3.206761
v -0.500747 2.744030 0.510524
v -0.500747 2.742326 0.497581
v -0.500747 2.737331 0.485523
v -0.500747 2.729386 0.475167
v -0.500747 2.719030 0.467221
v -0.500747 2.706971 0.462226
v -0.500747 2.868174 3.193820
v -0.500747 2.918174 3.243820
v -0.500747 2.869878 3.206761
v -0.500747 2.874873 3.218820
v -0.500747 2.882819 3.229176
v -0.500747 2.893174 3.237122
v -0.500747 2.905234 3.242116
v -0.500747 3.665430 3.243820
v -0.500747 3.715430 3.193820
v -0.500747 3.770130 3.306657
v -0.500747 3.678371 3.242116
v -0.500747 3.690430 3.237122
v -0.500747 3.700785 3.229176
v -0.500747 3.708731 3.218820
v -0.500747 3.713726 3.206761
v -0.500747 2.868170 1.710530
v -0.500747 2.918170 1.760530
v -0.500747 2.869873 1.723471
v -0.500747 2.874868 1.735530
v -0.500747 2.882814 1.745885
v -0.500747 2.893170 1.753831
v -0.500747 2.905229 1.758826
v -0.500747 3.665429 1.760530
v -0.500747 3.715429 1.710530
v -0.500747 3.678370 1.758826
v -0.500747 3.690429 1.753831
v -0.500747 3.700785 1.745885
v -0.500747 3.708731 1.735530
v -0.500747 3.713726 1.723471
v -0.500747 2.918172 0.465524
v -0.500747 2.868172 0.515524
v -0.500747 2.905231 0.467226
v -0.500747 2.893172 0.472221
v -0.500747 2.882817 0.480167
v -0.500747 2.874871 0.490523
v -0.500747 2.869876 0.502582
v -0.500747 3.715429 0.515524
v -0.500747 3.665429 0.465524
v -0.500747 3.713726 0.502582
v -0.500747 3.708731 0.490523
v -0.500747 3.700785 0.480167
v -0.500747 3.690429 0.472221
v -0.500747 3.678370 0.467226
v -0.500747 2.694028 1.934000
v -0.500747 2.742322 1.971060
v -0.500747 2.737327 1.959001
v -0.500747 2.729381 1.948646
v -0.500747 2.719026 1.940700
v -0.500747 2.706967 1.935704
v -0.500747 2.706967 1.758826
v -0.500747 2.719026 1.753831
v -0.500747 2.729381 1.745885
v -0.500747 2.737327 1.735530
v -0.500747 2.742322 1.723471
v -0.495747 2.744030 3.193820
v -0.495747 2.694030 3.243820
v -0.495747 2.742326 3.206761
v -0.495747 2.737331 3.218820
v -0.495747 2.729386 3.229176
v -0.495747 2.719030 3.237122
v -0.495747 2.706971 3.242116
v -0.495747 2.742322 1.723471
v -0.495747 2.737327 1.735530
v -0.495747 2.729381 1.745885
v -0.495747 2.719026 1.753831
v -0.495747 2.706967 1.758826
v -0.495747 2.694030 0.460524
v -0.495747 2.744030 0.510524
v -0.495747 2.706971 0.462226
v -0.495747 2.719030 0.467221
v -0.495747 2.729386 0.475167
v -0.495747 2.737331 0.485523
v -0.495747 2.742326 0.497581
v -0.495747 2.918174 3.243820
v -0.495747 2.868174 3.193820
v -0.495747 2.905234 3.242116
v -0.495747 2.893174 3.237122
v -0.495747 2.882819 3.229176
v -0.495747 2.874873 3.218820
v -0.495747 2.869878 3.206761
v -0.495747 2.868174 1.984000
v -0.495747 2.918174 1.934000
v -0.495747 2.869878 1.971060
v -0.495747 2.874873 1.959001
v -0.495747 2.882819 1.948646
v -0.495747 2.893174 1.940700
v -0.495747 2.905234 1.935704
v -0.495747 3.715430 3.193820
v -0.495747 3.665430 3.243820
v -0.495747 3.713726 3.206761
v -0.495747 3.708731 3.218820
v -0.495747 3.700785 3.229176
v -0.495747 3.690430 3.237122
v -0.495747 3.678371 3.242116
v -0.495747 3.665429 1.934000
v -0.495747 3.715429 1.984000
v -0.495747 3.678370 1.935704
v -0.495747 3.690429 1.940700
v -0.495747 3.700785 1.948646
v -0.495747 3.708731 1.959001
v -0.495747 3.713726 1.971060
v -0.495747 2.918170 1.760530
v -0.495747 2.868170 1.710530
v -0.495747 2.905229 1.758826
v -0.495747 2.893170 1.753831
v -0.495747 2.882814 1.745885
v -0.495747 2.874868 1.735530
v -0.495747 2.869873 1.723471
v -0.495747 3.715429 1.710530
v -0.495747 3.665429 1.760530
v -0.495747 3.713726 1.723471
v -0.495747 3.708731 1.735530
v -0.495747 3.700785 1.745885
v -0.495747 3.690429 1.753831
v -0.495747 3.678370 1.758826
v -0.495747 2.868172 0.515524
v -0.495747 2.918172 0.465524
v -0.495747 2.869876 0.502582
v -0.495747 2.874871 0.490523
v -0.495747 2.882817 0.480167
v -0.495747 2.893172 0.472221
v -0.495747 2.905231 0.467226
v -0.495747 3.665429 0.465524
v -0.495747 3.715429 0.515524
v -0.495747 3.678370 0.467226
v -0.495747 3.690429 0.472221
v -0.495747 3.700785 0.480167
v -0.495747 3.708731 0.490523
v -0.495747 3.713726 0.502582
v -0.495747 2.694028 1.934000
v -0.495747 2.706967 1.935704
v -0.495747 2.719026 1.940700
v -0.495747 2.729381 1.948646
v -0.495747 2.737327 1.959001
v -0.495747 2.742322 1.971060
v 0.500741 2.744025 1.715530
v 0.500741 2.694025 1.765531
v 0.500741 2.742321 1.728471
v 0.500741 2.737326 1.740530
v 0.500741 2.729380 1.750885
v 0.500741 2.719025 1.758831
v 0.500741 2.706966 1.763826
v 0.500741 2.694020 0.465524
v 0.500741 2.744020 0.515524
v 0.500741 2.706961 0.467226
v 0.500741 2.719020 0.472221
v 0.500741 2.729375 0.480167
v 0.500741 2.737321 0.490523
v 0.500741 2.742316 0.502582
v 0.495741 3.715430 0.515524
v 0.495741 3.665430 0.465524
v 0.495741 3.713726 0.502582
v 0.495741 3.708731 0.490523
v 0.495741 3.700785 0.480167
v 0.495741 3.690430 0.472221
v 0.495741 3.678371 0.467226
v 0.495741 3.665430 1.760530
v 0.495741 3.715430 1.710530
v 0.495741 3.678371 1.758826
v 0.495741 3.690430 1.753831
v 0.495741 3.700785 1.745885
v 0.495741 3.708731 1.735530
v 0.495741 3.713726 1.723471
v 0.500741 2.918173 1.760530
v 0.500741 2.868173 1.710530
v 0.500741 2.905231 1.758826
v 0.500741 2.893173 1.753831
v 0.500741 2.882817 1.745885
v 0.500741 2.874871 1.735530
v 0.500741 2.869876 1.723471
v 0.500741 2.868172 0.515524
v 0.500741 2.918172 0.465524
v 0.500741 2.869876 0.502582
v 0.500741 2.874871 0.490523
v 0.500741 2.882817 0.480167
v 0.500741 2.893172 0.472221
v 0.500741 2.905231 0.467226
v 0.500741 3.715430 1.710530
v 0.500741 3.665430 1.760530
v 0.500741 3.713726 1.723471
v 0.500741 3.708731 1.735530
v 0.500741 3.700785 1.745885
v 0.500741 3.690430 1.753831
v 0.500741 3.678371 1.758826
v 0.500741 3.665430 0.465524
v 0.500741 3.715430 0.515524
v 0.500741 3.678371 0.467226
v 0.500741 3.690430 0.472221
v 0.500741 3.700785 0.480167
v 0.500741 3.708731 0.490523
v 0.500741 3.713726 0.502582
v 0.495741 2.918172 0.465524
v 0.495741 2.868172 0.515524
v 0.495741 2.905231 0.467226
v 0.495741 2.893172 0.472221
v 0.495741 2.882817 0.480167
v 0.495741 2.874871 0.490523
v 0.495741 2.869876 0.502582
v 0.495741 2.868173 1.710530
v 0.495741 2.918173 1.760530
v 0.495741 2.869876 1.723471
v 0.495741 2.874871 1.735530
v 0.495741 2.882817 1.745885
v 0.495741 2.893173 1.753831
v 0.495741 2.905231 1.758826
v 0.495741 2.744020 0.515524
v 0.495741 2.694020 0.465524
v 0.495741 2.742316 0.502582
v 0.495741 2.737321 0.490523
v 0.495741 2.729375 0.480167
v 0.495741 2.719020 0.472221
v 0.495741 2.706961 0.467226
v 0.495741 2.694025 1.765531
v 0.495741 2.744025 1.715530
v 0.495741 2.706966 1.763826
v 0.495741 2.719025 1.758831
v 0.495741 2.729380 1.750885
v 0.495741 2.737326 1.740530
v 0.495741 2.742321 1.728471
v 0.500741 1.970080 1.415091
v -0.333998 1.970078 0.510564
v -0.333998 1.970080 0.810290
v 0.334001 1.970080 1.415091
v 0.334001 1.970080 1.715530
v 0.500741 2.404154 1.415091
v 0.334001 2.236091 1.415091
v 0.334001 2.236092 1.715530
v -0.333998 2.236089 0.510564
v -0.495747 2.404152 0.510524
v -0.500747 2.404154 0.810290
v -0.333998 2.236091 0.810290
v -0.500747 1.970080 2.294610
v -0.333998 1.970079 1.994610
v -0.333998 1.970080 2.294610
v -0.495747 2.404150 1.984000
v -0.500748 2.404154 2.294608
v -0.333999 2.236091 2.294608
v -0.333999 2.236090 1.994608
v -0.500747 1.970080 0.810290
v -0.500747 3.770130 1.870561
v -0.500747 3.770130 1.822520
v 0.500741 3.770130 1.822340
v 0.500741 3.700080 1.822340
v -0.500747 3.700080 1.870561
v -0.500747 3.700080 1.822520
v -0.300017 4.129978 1.870561
v 0.299600 4.129980 1.870561
v 0.500741 4.107824 1.870561
v -0.500747 4.107828 1.870561
v -0.300019 4.129980 1.822400
v 0.299603 4.129980 1.822400
v -0.500747 4.107830 1.822520
v 0.500741 4.107820 1.822340
v 0.500746 4.037770 1.822340
v -0.500742 4.037770 1.870561
v -0.500742 4.037770 1.822520
v 0.500690 3.840180 1.822340
v -0.500797 3.840180 1.822520
v -0.300017 4.059927 1.870561
v -0.500797 3.840180 1.870561
v 0.500690 3.840184 1.870561
v 0.500746 4.037774 1.870561
v 0.500741 3.700084 1.870561
v 0.500741 3.770134 1.870561
v 0.495741 2.404154 1.715530
v 0.299600 4.059930 1.870561
v -0.300019 4.059930 1.822400
v 0.299603 4.059927 1.822400
v 0.035024 4.059929 1.870561
v -0.035026 4.059930 1.822400
v 0.035025 3.770130 1.822400
v -0.035025 3.770130 1.822460
v -0.035025 3.770131 1.870560
v 0.035025 3.770133 1.870561
v -0.146439 4.059928 1.870561
v 0.146442 4.059928 1.822400
v 0.146438 4.059930 1.870561
v -0.146440 4.059930 1.822400
v 0.035026 4.059930 1.822400
v -0.035026 4.059928 1.870560
v -0.500747 3.770130 3.354697
v 0.500741 3.770130 3.306477
v 0.500741 3.700080 3.306477
v -0.500747 3.700080 3.354697
v -0.500747 3.700080 3.306657
v -0.300017 4.129978 3.354697
v 0.299600 4.129980 3.354697
v 0.500741 4.107824 3.354697
v -0.500747 4.107828 3.354697
v -0.300019 4.129980 3.306600
v 0.299603 4.129978 3.306600
v -0.500747 4.107830 3.306657
v 0.500741 4.107820 3.306477
v 0.500746 4.037770 3.306477
v -0.500742 4.037770 3.354697
v -0.500742 4.037770 3.306657
v 0.500690 3.840180 3.306477
v -0.500742 3.840180 3.306657
v -0.300017 4.059927 3.354697
v -0.500742 3.840180 3.354697
v 0.500690 3.840184 3.354697
v 0.500746 4.037774 3.354697
v 0.500741 3.700084 3.354697
v 0.500741 3.770134 3.354697
v 0.299600 4.059930 3.354697
v -0.300019 4.059930 3.306600
v 0.299603 4.059927 3.306600
v 0.035024 4.059929 3.354697
v -0.035026 4.059930 3.306600
v 0.035025 3.770130 3.306537
v -0.035025 3.770130 3.306596
v -0.035025 3.770131 3.354696
v 0.035025 3.770133 3.354697
v -0.146439 4.059928 3.354697
v 0.146442 4.059928 3.306600
v 0.146438 4.059930 3.354697
v -0.146440 4.059930 3.306600
v 0.035026 4.059928 3.306600
v -0.035026 4.059928 3.354700
v -0.500747 3.770130 4.469846
v -0.500742 3.770130 4.421805
v 0.500741 3.770130 4.421625
v 0.500741 3.700080 4.421625
v -0.500747 3.700080 4.469846
v -0.500747 3.700080 4.421805
v -0.300017 4.129978 4.469846
v 0.299600 4.129980 4.469846
v 0.500741 4.107824 4.469846
v -0.500747 4.107828 4.469846
v -0.300019 4.129980 4.421740
v 0.299603 4.129980 4.421740
v -0.500747 4.107830 4.421805
v 0.500741 4.107820 4.421625
v 0.500746 4.037770 4.421625
v -0.500742 4.037770 4.421805
v 0.500690 3.840180 4.421625
v -0.500742 3.840180 4.421805
v -0.300017 4.059927 4.469846
v -0.500797 3.840180 4.469846
v 0.500690 3.840184 4.469846
v 0.500746 4.037774 4.469846
v 0.500741 3.700084 4.469846
v 0.500741 3.770134 4.469846
v 0.299600 4.059930 4.469846
v -0.300019 4.059930 4.421740
v 0.299603 4.059927 4.421740
v 0.035024 4.059929 4.469846
v -0.035025 4.059929 4.421740
v 0.035025 3.770130 4.421685
v -0.035025 3.770130 4.421744
v -0.035025 3.770131 4.469845
v 0.035025 3.770133 4.469846
v -0.146439 4.059928 4.469846
v 0.146442 4.059928 4.421740
v 0.146438 4.059930 4.469846
v -0.146440 4.059930 4.421740
v 0.035026 4.059928 4.421740
v -0.035026 4.059928 4.469850
v 0.500718 3.975942 1.942260
v 0.430741 3.770134 1.972313
v 0.500718 3.975938 3.267310
v 0.430741 3.770130 3.267311
v 0.430718 3.975942 1.972313
v 0.430718 3.975938 3.267310
v 0.500741 3.770134 1.942260
v 0.500741 3.770130 3.267311
v 0.465741 3.770134 1.942256
v 0.465718 3.975942 1.942256
v -0.495747 2.744001 1.710530
v -0.495747 2.744001 1.984000
v 0.500256 4.054050 6.901754
v 0.900142 3.999798 6.860999
v 0.500595 3.831360 6.929827
v 0.900469 3.831372 6.883886
v 0.500543 4.053131 6.286779
v 0.900767 3.999197 6.323843
v 0.500543 3.830886 6.441505
v 0.900767 3.830885 6.441560
v -1.469700 3.798201 6.043157
v -1.469700 3.748201 5.993156
v -1.469700 3.796498 6.030216
v -1.469700 3.791503 6.018157
v -1.469700 3.783557 6.007801
v -1.469700 3.773201 5.999855
v -1.469700 3.761142 5.994860
v -1.469700 3.228589 5.993159
v -1.469517 3.178589 6.043159
v -1.469700 3.215648 5.994863
v -1.469700 3.203589 5.999857
v -1.469700 3.193234 6.007803
v -1.469700 3.185288 6.018159
v -1.469527 3.180293 6.030218
v -1.469264 3.178589 6.353393
v -1.469211 3.228589 6.403392
v -1.469253 3.180293 6.366333
v -1.469242 3.185288 6.378392
v -1.469232 3.193234 6.388748
v -1.469223 3.203589 6.396694
v -1.469216 3.215648 6.401689
v -1.469090 3.748201 6.403392
v -1.469700 3.798201 6.353392
v -1.469089 3.761142 6.401688
v -1.469090 3.773201 6.396693
v -1.469700 3.783557 6.388748
v -1.469700 3.791503 6.378392
v -1.469700 3.796498 6.366333
v -1.500042 3.748201 5.993156
v -1.500042 3.798201 6.043157
v -1.500042 3.761142 5.994860
v -1.500042 3.773201 5.999855
v -1.500042 3.783557 6.007801
v -1.500042 3.791503 6.018157
v -1.500042 3.796498 6.030216
v -1.500041 3.178589 6.043159
v -1.500041 3.228589 5.993159
v -1.500041 3.180293 6.030218
v -1.500041 3.185288 6.018159
v -1.500041 3.193234 6.007803
v -1.500041 3.203589 5.999857
v -1.500041 3.215648 5.994863
v -1.500041 3.228589 6.403393
v -1.500041 3.178589 6.353393
v -1.500041 3.215648 6.401689
v -1.500041 3.203589 6.396694
v -1.500041 3.193234 6.388748
v -1.500041 3.185288 6.378393
v -1.500041 3.180293 6.366333
v -1.500042 3.798201 6.353392
v -1.500042 3.748201 6.403392
v -1.500042 3.796498 6.366333
v -1.500042 3.791503 6.378392
v -1.500042 3.783557 6.388748
v -1.500042 3.773201 6.396694
v -1.500042 3.761142 6.401689
v -1.489928 3.748201 5.993156
v -1.479814 3.748201 5.993156
v -1.479814 3.761142 5.994860
v -1.489928 3.761142 5.994860
v -1.479814 3.773201 5.999855
v -1.489928 3.773201 5.999855
v -1.479814 3.783557 6.007801
v -1.489928 3.783557 6.007801
v -1.479814 3.791503 6.018157
v -1.489928 3.791503 6.018157
v -1.479814 3.796498 6.030216
v -1.489928 3.796498 6.030216
v -1.479814 3.798201 6.043157
v -1.489928 3.798201 6.043157
v -1.479814 3.748201 6.403392
v -1.489928 3.748201 6.403392
v -1.489928 3.761142 6.401689
v -1.479814 3.761142 6.401689
v -1.489928 3.773201 6.396694
v -1.479814 3.773201 6.396694
v -1.489928 3.783557 6.388748
v -1.479814 3.783557 6.388748
v -1.489928 3.791503 6.378392
v -1.479814 3.791503 6.378392
v -1.489928 3.796498 6.366333
v -1.479814 3.796498 6.366333
v -1.489928 3.798201 6.353392
v -1.479814 3.798201 6.353392
v -1.489927 3.178589 6.043159
v -1.479813 3.178589 6.043159
v -1.479813 3.180293 6.030218
v -1.489927 3.180293 6.030218
v -1.479813 3.185288 6.018159
v -1.489927 3.185288 6.018159
v -1.479813 3.193234 6.007803
v -1.489927 3.193234 6.007803
v -1.479813 3.203589 5.999857
v -1.489927 3.203589 5.999857
v -1.479813 3.215648 5.994863
v -1.489927 3.215648 5.994863
v -1.479813 3.228589 5.993159
v -1.489927 3.228589 5.993159
v -1.489928 3.228589 6.403393
v -1.479814 3.228589 6.403393
v -1.479814 3.215648 6.401689
v -1.489928 3.215648 6.401689
v -1.479814 3.203589 6.396694
v -1.489928 3.203589 6.396694
v -1.479814 3.193234 6.388748
v -1.489928 3.193234 6.388748
v -1.479814 3.185288 6.378393
v -1.489928 3.185288 6.378393
v -1.479814 3.180293 6.366333
v -1.489928 3.180293 6.366333
v -1.479814 3.178589 6.353393
v -1.489928 3.178589 6.353393
v -1.489928 3.739449 6.000066
v -1.489928 3.751954 6.001712
v -1.489927 3.237341 6.000068
v -1.479814 3.190672 6.360672
v -1.479814 3.189026 6.348167
v -1.489928 3.730307 6.007284
v -1.479814 3.730307 6.007284
v -1.479814 3.742357 6.008870
v -1.489928 3.742357 6.008870
v -1.479814 3.753585 6.013521
v -1.489928 3.753585 6.013521
v -1.479814 3.763227 6.020920
v -1.489928 3.763227 6.020920
v -1.479814 3.770626 6.030562
v -1.489928 3.770626 6.030562
v -1.479814 3.775277 6.041790
v -1.489928 3.775277 6.041790
v -1.479814 3.776863 6.053841
v -1.489928 3.776863 6.053841
v -1.479814 3.730307 6.389265
v -1.489928 3.730307 6.389265
v -1.489928 3.742357 6.387679
v -1.479814 3.742357 6.387679
v -1.489928 3.753585 6.383028
v -1.479814 3.753585 6.383028
v -1.489928 3.763227 6.375628
v -1.479814 3.763227 6.375628
v -1.489928 3.770626 6.365987
v -1.479814 3.770626 6.365987
v -1.489928 3.775277 6.354758
v -1.479814 3.775277 6.354758
v -1.489928 3.776863 6.342708
v -1.479814 3.776863 6.342708
v -1.489927 3.199928 6.053843
v -1.479813 3.199928 6.053843
v -1.479813 3.201514 6.041793
v -1.489927 3.201514 6.041793
v -1.479813 3.206165 6.030564
v -1.489927 3.206165 6.030564
v -1.479813 3.213563 6.020922
v -1.489927 3.213563 6.020922
v -1.479813 3.223205 6.013524
v -1.489927 3.223205 6.013524
v -1.479813 3.234434 6.008873
v -1.489927 3.234434 6.008873
v -1.479813 3.246483 6.007286
v -1.489927 3.246483 6.007286
v -1.489928 3.246483 6.389266
v -1.479814 3.246483 6.389266
v -1.479814 3.234434 6.387679
v -1.489928 3.234434 6.387679
v -1.479814 3.223205 6.383028
v -1.489928 3.223205 6.383028
v -1.479814 3.213563 6.375629
v -1.489928 3.213563 6.375629
v -1.479814 3.206165 6.365987
v -1.489928 3.206165 6.365987
v -1.479814 3.201514 6.354759
v -1.489928 3.201514 6.354759
v -1.479814 3.199928 6.342709
v -1.489928 3.199928 6.342709
v -1.469702 3.798201 5.959944
v -1.469966 3.178589 5.493518
v -1.469702 3.798201 5.493518
v -1.495229 3.178590 5.959944
v -1.495228 3.178590 5.493518
v -1.500044 3.798201 5.909944
v -1.500044 3.748201 5.959944
v -1.500044 3.796498 5.922885
v -1.500044 3.791503 5.934944
v -1.500044 3.783557 5.945299
v -1.500044 3.773201 5.953245
v -1.500044 3.761142 5.958240
v -1.500044 3.748201 5.493518
v -1.500044 3.798201 5.543519
v -1.500044 3.761142 5.495222
v -1.500044 3.773201 5.500217
v -1.500044 3.783557 5.508163
v -1.500044 3.791503 5.518518
v -1.500044 3.796498 5.530578
v -1.495232 3.798201 5.543519
v -1.495232 3.748201 5.493518
v -1.495232 3.796498 5.530578
v -1.495232 3.791503 5.518518
v -1.495232 3.783557 5.508163
v -1.495232 3.773201 5.500217
v -1.495232 3.761142 5.495222
v -1.495232 3.748201 5.959944
v -1.495232 3.798201 5.909944
v -1.495232 3.761142 5.958240
v -1.495232 3.773201 5.953245
v -1.495232 3.783557 5.945299
v -1.495232 3.791503 5.934944
v -1.495232 3.796498 5.922885
v -1.495232 3.798201 5.959944
v -1.495232 3.798201 5.493518
v -1.500044 3.228589 5.959944
v -1.500044 3.178589 5.909944
v -1.500044 3.215648 5.958240
v -1.500044 3.203589 5.953245
v -1.500044 3.193234 5.945299
v -1.500044 3.185288 5.934944
v -1.500044 3.180293 5.922885
v -1.500043 3.178589 5.543519
v -1.500043 3.228589 5.493518
v -1.500043 3.180293 5.530578
v -1.500043 3.185288 5.518518
v -1.500043 3.193234 5.508163
v -1.500043 3.203589 5.500217
v -1.500043 3.215648 5.495222
v -1.495229 3.178589 5.909944
v -1.495229 3.228589 5.959944
v -1.495229 3.180293 5.922885
v -1.495229 3.185288 5.934944
v -1.495229 3.193234 5.945299
v -1.495229 3.203589 5.953245
v -1.495229 3.215648 5.958240
v -1.495228 3.228589 5.493518
v -1.495228 3.178589 5.543519
v -1.495228 3.215648 5.495222
v -1.495228 3.203589 5.500217
v -1.495228 3.193234 5.508163
v -1.495228 3.185288 5.518518
v -1.495228 3.180293 5.530578
v 0.500351 3.832122 6.934801
v -1.468932 1.970078 7.104128
v -1.468723 2.870474 7.104128
v 1.372408 3.748090 6.842394
v 1.369756 3.767849 6.839680
v 1.361169 3.788465 6.837542
v 1.347493 3.806237 6.836446
v 1.329661 3.819892 6.836476
v 1.308934 3.828456 6.837633
v 1.289080 3.831048 6.839602
v 1.293626 3.250247 6.928134
v 1.313341 3.252869 6.925383
v 1.333720 3.261366 6.921650
v 1.351124 3.274809 6.917515
v 1.364426 3.292279 6.913250
v 1.372765 3.312624 6.909136
v 1.375287 3.332268 6.905823
v 0.312268 3.831980 6.955871
v 0.292565 3.829365 6.958620
v 0.272195 3.820895 6.962346
v 0.254790 3.807470 6.966479
v 0.241501 3.789996 6.970743
v 0.233212 3.769631 6.974854
v 0.230779 3.749989 6.978156
v 0.234153 3.332016 7.041856
v 0.236909 3.312316 7.044549
v 0.245589 3.291786 7.046663
v 0.259314 3.274114 7.047738
v 0.277143 3.260545 7.047694
v 0.297831 3.252029 7.046535
v 0.317640 3.249443 7.044570
v -1.373127 3.334510 6.905029
v -1.370813 3.314817 6.908263
v -1.362660 3.294364 6.912302
v -1.349465 3.276768 6.916508
v -1.332094 3.263227 6.920598
v -1.311706 3.254683 6.924294
v -1.291908 3.251959 6.926436
v -1.282082 3.832301 6.840974
v -1.301930 3.829729 6.839013
v -1.322658 3.821212 6.837841
v -1.340526 3.807643 6.837767
v -1.354307 3.789977 6.838792
v -1.363102 3.769483 6.840832
v -1.366011 3.749814 6.843444
v -0.235063 3.750224 6.977173
v -0.237593 3.769856 6.973922
v -0.245963 3.790190 6.969875
v -0.259296 3.807630 6.965676
v -0.276712 3.821038 6.961601
v -0.297078 3.829513 6.957918
v -0.316776 3.832146 6.955192
v -0.319362 3.251375 7.041019
v -0.299549 3.253969 7.042954
v -0.278858 3.262505 7.044053
v -0.247535 3.294023 7.044271
v -0.238948 3.314601 7.042194
v -0.236293 3.334324 7.039543
v 0.299008 4.075025 6.918784
v -0.295291 3.643178 5.292539
v -0.302535 3.334792 5.262540
v -0.500747 2.694030 0.460524
v -0.302535 3.650080 5.277539
v -0.300831 3.663021 5.277539
v -0.295836 3.675080 5.277539
v -0.287890 3.685436 5.277539
v -0.277535 3.693382 5.277539
v -0.265476 3.698376 5.277539
v -0.252535 3.700080 5.277539
v 0.249694 3.700080 5.277540
v 0.262635 3.698376 5.277540
v 0.274694 3.693382 5.277540
v 0.285049 3.685436 5.277540
v 0.292995 3.675080 5.277540
v 0.297990 3.663021 5.277540
v 0.299694 3.650080 5.277540
v 0.249694 1.992900 5.277539
v 0.262635 1.994604 5.277539
v 0.274694 1.999599 5.277539
v 0.285049 2.007545 5.277539
v 0.292995 2.017900 5.277539
v 0.297990 2.029959 5.277539
v 0.299694 2.042900 5.277539
v -0.252535 1.992900 5.277539
v -0.265476 1.994604 5.277539
v -0.277535 1.999599 5.277539
v -0.287890 2.007545 5.277539
v -0.295836 2.017900 5.277539
v -0.300831 2.029959 5.277539
v -0.302535 2.042900 5.277539
v -0.302535 3.332654 5.277539
v -0.246537 2.000534 5.292538
v -0.259155 2.002223 5.292538
v -0.270914 2.007174 5.292538
v -0.281011 2.015050 5.292538
v -0.288759 2.025315 5.292538
v -0.293630 2.037268 5.292538
v -0.295291 2.050096 5.292538
v -0.293630 3.656005 5.292539
v -0.288759 3.667958 5.292539
v -0.281011 3.678223 5.292539
v -0.270914 3.686099 5.292539
v -0.259155 3.691050 5.292539
v -0.246537 3.692739 5.292539
v 0.243178 3.692739 5.292539
v 0.255797 3.691050 5.292539
v 0.267555 3.686099 5.292539
v 0.277653 3.678223 5.292539
v 0.285401 3.667958 5.292539
v 0.290271 3.656005 5.292539
v 0.291932 3.643178 5.292539
v 0.291932 2.050096 5.292538
v 0.290271 2.037268 5.292538
v 0.285401 2.025315 5.292538
v 0.277653 2.015050 5.292538
v 0.267555 2.007174 5.292538
v 0.255797 2.002223 5.292538
v 0.243178 2.000534 5.292538
v -0.293630 3.656005 5.277539
v -0.288759 3.667958 5.277539
v -0.281011 3.678223 5.277539
v -0.270914 3.686099 5.277539
v -0.259155 3.691050 5.277539
v -0.246537 3.692739 5.277539
v 0.255797 3.691050 5.277540
v 0.267555 3.686099 5.277540
v 0.277653 3.678223 5.277540
v 0.285401 3.667958 5.277540
v 0.290271 3.656005 5.277540
v 0.291932 3.643178 5.277540
v 0.243178 2.000534 5.277539
v -0.259155 2.002223 5.277539
v -0.270914 2.007174 5.277539
v -0.281011 2.015050 5.277539
v -0.288759 2.025315 5.277539
v -0.293630 2.037268 5.277539
v -0.295291 2.050096 5.277539
v -0.295291 3.328536 5.277539
v -0.295291 3.643178 5.277539
v 0.243178 3.692739 5.277540
v 0.255797 2.002223 5.277539
v 0.267555 2.007174 5.277539
v 0.277653 2.015050 5.277539
v 0.285401 2.025315 5.277539
v 0.290271 2.037268 5.277539
v 0.291932 2.050096 5.277539
v -0.246537 2.000534 5.277539
v -0.265476 3.698374 0.297837
v -0.252535 3.700079 0.297837
v 0.249694 1.992901 0.297837
v 0.262635 1.994605 0.297837
v 0.274694 1.999600 0.297837
v 0.285049 2.007546 0.297837
v 0.292995 2.017901 0.297837
v 0.297990 2.029960 0.297837
v 0.299694 2.042901 0.297837
v -0.252535 1.992901 0.297837
v -0.265476 1.994605 0.297837
v -0.277535 1.999600 0.297837
v -0.287890 2.007546 0.297837
v -0.295836 2.017901 0.297837
v -0.300831 2.029960 0.297837
v -0.302535 2.042901 0.297837
v 0.290530 3.655856 0.282761
v 0.292191 3.643029 0.282761
v 0.290530 3.655856 0.297837
v 0.285659 3.667809 0.282761
v 0.285659 3.667809 0.297837
v 0.277911 3.678074 0.282761
v 0.277911 3.678074 0.297837
v 0.267814 3.685950 0.282761
v 0.267814 3.685950 0.297837
v 0.256055 3.690901 0.282761
v 0.256055 3.690901 0.297837
v 0.243437 3.692590 0.282761
v 0.243437 3.692590 0.297837
v -0.295032 3.643029 0.297837
v -0.295032 3.643029 0.282761
v -0.293371 3.655856 0.282761
v -0.288500 3.667809 0.282761
v -0.280752 3.678074 0.282761
v -0.270655 3.685950 0.282761
v -0.258896 3.690901 0.282761
v -0.246278 3.692590 0.282761
v 0.256055 2.002078 0.282761
v 0.243437 2.000389 0.282761
v 0.256055 2.002078 0.297837
v 0.267814 2.007029 0.282761
v 0.267814 2.007029 0.297837
v 0.277911 2.014905 0.282761
v 0.277911 2.014905 0.297837
v 0.285659 2.025170 0.282761
v 0.285659 2.025170 0.297837
v 0.290530 2.037123 0.282761
v 0.290530 2.037123 0.297837
v 0.292191 2.049950 0.282761
v 0.292191 2.049950 0.297837
v -0.246278 2.000389 0.297837
v -0.246278 2.000389 0.282761
v -0.258896 2.002078 0.282761
v -0.270655 2.007029 0.282761
v -0.280752 2.014905 0.282761
v -0.288500 2.025170 0.282761
v -0.293371 2.037123 0.282761
v -0.295032 2.049950 0.282761
v -0.258896 3.690901 0.297837
v -0.270655 3.685950 0.297837
v -0.280752 3.678074 0.297837
v -0.288500 3.667809 0.297837
v -0.293371 3.655856 0.297837
v -0.280752 2.014905 0.297837
v -0.270655 2.007029 0.297837
v -0.258896 2.002078 0.297837
v -0.246278 3.692591 0.297837
v 0.292191 3.643029 0.297837
v 0.243437 2.000389 0.297837
v -0.288500 2.025170 0.297837
v -0.293371 2.037123 0.297837
v -0.295032 2.049950 0.297837
v 1.484995 3.650077 6.252325
v 1.484995 3.663018 6.250621
v 1.484995 3.675077 6.245625
v 1.484995 3.685432 6.237680
v 1.484995 3.693378 6.227324
v 1.484995 3.698373 6.215265
v 1.484995 3.700077 6.202324
v 1.484995 3.650077 5.650089
v 1.484995 3.663018 5.651793
v 1.484995 3.675077 5.656787
v 1.484995 3.685432 5.664733
v 1.484995 3.693378 5.675089
v 1.484995 3.698373 5.687148
v 1.484995 3.700077 5.700089
v 1.484995 1.992903 6.202324
v 1.484995 1.994606 6.215265
v 1.484995 1.999601 6.227324
v 1.484995 2.007547 6.237680
v 1.484995 2.017903 6.245625
v 1.484995 2.029962 6.250621
v 1.484995 2.042903 6.252325
v 1.484995 2.042903 5.650089
v 1.484995 2.029962 5.651793
v 1.484995 2.017903 5.656787
v 1.484995 2.007547 5.664733
v 1.484995 1.999601 5.675089
v 1.484995 1.994606 5.687148
v 1.484995 1.992903 5.700089
v -1.484930 3.650081 4.563537
v -1.484930 3.663022 4.565241
v -1.484930 3.675081 4.570236
v -1.484930 3.685436 4.578182
v -1.484930 3.693382 4.588537
v -1.484930 3.698377 4.600596
v -1.484930 3.700081 4.613537
v -1.484929 3.650081 5.165777
v -1.484929 3.663022 5.164073
v -1.484929 3.675081 5.159078
v -1.484929 3.685436 5.151132
v -1.484929 3.693382 5.140777
v -1.484929 3.698377 5.128717
v -1.484929 3.700081 5.115777
v -1.484929 1.992901 5.115777
v -1.484929 1.994605 5.128717
v -1.484929 1.999600 5.140777
v -1.484929 2.007546 5.151132
v -1.484929 2.017901 5.159078
v -1.484929 2.029960 5.164073
v -1.484929 2.042901 5.165777
v -1.484930 1.992901 4.613533
v -1.484930 1.994605 4.600592
v -1.484930 1.999600 4.588533
v -1.484930 2.007546 4.578177
v -1.484930 2.017901 4.570231
v -1.484930 2.029960 4.565237
v -1.484930 2.042901 4.563533
v 1.500162 3.655855 6.243010
v 1.500162 3.643028 6.244671
v 1.484995 3.655855 6.243010
v 1.500162 3.667809 6.238139
v 1.484995 3.667809 6.238139
v 1.500162 3.678073 6.230392
v 1.484995 3.678073 6.230392
v 1.500162 3.685950 6.220294
v 1.484995 3.685950 6.220294
v 1.500162 3.690901 6.208535
v 1.484995 3.690901 6.208535
v 1.500162 3.692590 6.195917
v 1.484995 3.692590 6.195917
v 1.484995 3.643028 5.657743
v 1.500162 3.643028 5.657743
v 1.500162 3.655855 5.659404
v 1.500162 3.667809 5.664274
v 1.500162 3.678073 5.672022
v 1.500162 3.685950 5.682119
v 1.500162 3.690901 5.693878
v 1.500162 3.692590 5.706497
v 1.500162 2.002079 6.208535
v 1.500162 2.000390 6.195917
v 1.484995 2.002079 6.208535
v 1.500162 2.007030 6.220294
v 1.484995 2.007030 6.220294
v 1.500162 2.014906 6.230392
v 1.484995 2.014906 6.230392
v 1.500162 2.025171 6.238139
v 1.484995 2.025171 6.238139
v 1.500162 2.037124 6.243010
v 1.484995 2.037124 6.243010
v 1.500162 2.049952 6.244671
v 1.484995 2.049952 6.244671
v 1.500162 2.037124 5.659404
v 1.500162 2.049952 5.657743
v 1.484995 2.037124 5.659404
v 1.500162 2.025171 5.664274
v 1.484995 2.025171 5.664274
v 1.500162 2.014906 5.672022
v 1.484995 2.014906 5.672022
v 1.500162 2.007030 5.682119
v 1.484995 2.007030 5.682119
v 1.500162 2.002079 5.693878
v 1.484995 2.002079 5.693878
v 1.500162 2.000390 5.706497
v 1.484995 2.000390 5.706497
v -1.500163 3.655859 4.573290
v -1.500163 3.643032 4.571629
v -1.484930 3.655859 4.573290
v -1.500163 3.667813 4.578160
v -1.484930 3.667813 4.578160
v -1.500163 3.678077 4.585908
v -1.484930 3.678077 4.585908
v -1.500163 3.685953 4.596006
v -1.484930 3.685953 4.596006
v -1.500163 3.690904 4.607764
v -1.484930 3.690904 4.607764
v -1.500163 3.692593 4.620383
v -1.484930 3.692593 4.620383
v -1.484929 3.643032 5.157685
v -1.500162 3.643032 5.157685
v -1.500162 3.655859 5.156024
v -1.500162 3.667813 5.151154
v -1.500162 3.678077 5.143405
v -1.500162 3.685953 5.133308
v -1.500162 3.690904 5.121549
v -1.500162 3.692593 5.108931
v -1.484929 2.000389 5.108931
v -1.500162 2.000389 5.108931
v -1.500162 2.002078 5.121549
v -1.500162 2.007029 5.133308
v -1.500162 2.014905 5.143405
v -1.500162 2.025170 5.151154
v -1.500162 2.037123 5.156024
v -1.500162 2.049950 5.157685
v -1.500163 2.002078 4.607760
v -1.500163 2.000389 4.620378
v -1.484930 2.002078 4.607760
v -1.500163 2.007029 4.596002
v -1.484930 2.007029 4.596002
v -1.500163 2.014905 4.585904
v -1.484930 2.014905 4.585904
v -1.500163 2.025170 4.578156
v -1.484930 2.025170 4.578156
v -1.500163 2.037123 4.573286
v -1.484930 2.037123 4.573286
v -1.500163 2.049950 4.571624
v -1.484930 2.049950 4.571624
v 1.484995 3.643028 6.244671
v 1.484995 3.655855 5.659404
v 1.484995 3.667809 5.664274
v 1.484995 3.678073 5.672022
v 1.484995 3.685950 5.682119
v 1.484995 3.690901 5.693878
v 1.484995 3.692590 5.706497
v 1.484995 2.000390 6.195917
v 1.484995 2.049952 5.657743
v -1.484930 3.643032 4.571629
v -1.484929 3.655859 5.156024
v -1.484929 3.667813 5.151154
v -1.484929 3.678077 5.143405
v -1.484929 3.685953 5.133308
v -1.484929 3.690904 5.121549
v -1.484929 3.692593 5.108931
v -1.484929 2.002078 5.121549
v -1.484929 2.007029 5.133308
v -1.484929 2.014905 5.143405
v -1.484929 2.025170 5.151154
v -1.484929 2.037123 5.156024
v -1.484929 2.049950 5.157685
v -1.484930 2.000389 4.620378
vn -0.0848 -0.6706 -0.7369
vn 0.1723 -0.9850 -0.0000
vn -0.0000 -0.0000 1.0000
vn 0.0683 0.9977 -0.0000
vn 0.2512 0.9679 -0.0000
vn 0.2629 0.9648 -0.0000
vn 0.4955 0.8686 -0.0000
vn 0.4995 0.8663 -0.0000
vn 0.7053 0.7089 -0.0000
vn 0.7029 0.7113 -0.0000
vn 0.8604 0.5096 -0.0000
vn 0.8659 0.5001 -0.0000
vn 0.9618 0.2739 -0.0000
vn 0.0790 -0.9947 0.0659
vn 0.2553 -0.9644 0.0688
vn 0.0658 -0.9957 0.0649
vn 0.2698 -0.9601 0.0742
vn 0.4957 -0.8651 0.0763
vn 0.5071 -0.8578 0.0840
vn 0.7067 -0.7028 0.0815
vn 0.7284 -0.6805 0.0803
vn 0.8684 -0.4908 0.0713
vn 0.8880 -0.4556 0.0615
vn 0.9677 -0.2484 0.0429
vn -0.9984 0.0559 -0.0026
vn -0.9693 0.2431 -0.0361
vn -0.9691 0.2462 -0.0184
vn 0.9970 0.0780 -0.0005
vn 0.9656 0.2593 -0.0199
vn -0.9640 -0.2653 0.0203
vn -0.8678 -0.4970 -0.0000
vn -0.8605 -0.5094 -0.0000
vn -0.7078 -0.7064 -0.0000
vn -0.7035 -0.7106 -0.0000
vn -0.4974 -0.8675 -0.0000
vn -0.5009 -0.8655 -0.0000
vn -0.2652 -0.9642 -0.0000
vn -0.2525 -0.9676 -0.0000
vn -0.0702 -0.9975 -0.0000
vn 0.9984 0.0569 -0.0002
vn 0.9657 0.2596 -0.0000
vn 0.9716 0.2357 -0.0190
vn -0.9629 0.2700 -0.0000
vn -0.8678 0.4969 -0.0000
vn -0.8620 0.5070 -0.0000
vn -0.7071 0.7071 -0.0000
vn -0.7043 0.7099 -0.0000
vn -0.4968 0.8679 -0.0000
vn -0.5002 0.8659 -0.0000
vn -0.2629 0.9648 -0.0000
vn -0.2517 0.9678 -0.0000
vn -0.0681 0.9977 -0.0000
vn 0.8808 0.4736 -0.0000
vn 0.8638 0.5039 -0.0000
vn 0.7253 0.6884 -0.0000
vn 0.7015 0.7127 -0.0000
vn 0.5179 0.8554 -0.0000
vn 0.4913 0.8710 -0.0000
vn 0.2736 0.9618 -0.0000
vn 0.2491 0.9685 -0.0000
vn 0.0721 0.9974 -0.0000
vn 0.1221 -0.9923 0.0198
vn 0.2639 -0.9641 0.0286
vn 0.3184 -0.9467 0.0477
vn 0.4927 -0.8687 0.0509
vn 0.4949 -0.8675 0.0508
vn 0.6992 -0.7130 0.0522
vn 0.7023 -0.7099 0.0523
vn 0.8578 -0.5115 0.0501
vn 0.8631 -0.5026 0.0500
vn 0.9605 -0.2751 0.0431
vn -0.9956 -0.0480 0.0810
vn -0.9643 -0.2557 0.0682
vn -0.9951 -0.0662 0.0739
vn -0.9976 0.0693 -0.0005
vn -0.9648 0.2600 -0.0387
vn -0.9668 0.2550 -0.0183
vn -0.9630 0.2696 -0.0000
vn -0.8765 0.4814 -0.0000
vn -0.8595 0.5111 -0.0000
vn -0.7211 0.6928 -0.0000
vn -0.6975 0.7166 -0.0000
vn -0.5152 0.8571 -0.0000
vn -0.4886 0.8725 -0.0000
vn -0.2728 0.9621 -0.0000
vn -0.2479 0.9688 -0.0000
vn -0.0720 0.9974 -0.0000
vn -0.0616 0.9981 -0.0000
vn -0.0794 -0.9964 0.0306
vn -0.2470 -0.9680 0.0448
vn -0.2857 -0.9571 0.0480
vn -0.4923 -0.8681 0.0643
vn -0.5276 -0.8469 0.0669
vn -0.7028 -0.7070 0.0792
vn -0.7300 -0.6786 0.0810
vn -0.8632 -0.4970 0.0885
vn -0.8799 -0.4666 0.0893
vn -0.9696 -0.2268 0.0916
vn -0.9979 -0.0645 0.0005
vn -0.9974 -0.0722 0.0038
vn -0.0611 -0.9981 0.0007
vn 0.0596 0.9982 -0.0000
vn -0.0597 0.9982 -0.0000
vn 0.0620 0.9981 -0.0000
vn -0.0612 -0.9977 0.0287
vn 0.0592 -0.9982 0.0003
vn -0.0000 -0.0654 -0.9979
vn -0.0000 -0.2588 -0.9659
vn -0.0000 -0.5000 -0.8660
vn -0.0000 -0.7071 -0.7071
vn -0.0000 -0.8660 -0.5000
vn -0.0000 -0.9659 -0.2588
vn -0.0000 -0.9979 -0.0654
vn -1.0000 -0.0000 -0.0000
vn 1.0000 -0.0000 -0.0000
vn -0.0000 0.9979 -0.0654
vn -0.0000 0.9659 -0.2588
vn -0.0000 0.8660 -0.5000
vn -0.0000 0.7071 -0.7071
vn -0.0000 0.5000 -0.8660
vn -0.0000 0.2588 -0.9659
vn -0.0000 0.0654 -0.9979
vn -0.0000 0.0654 0.9979
vn -0.0000 0.2588 0.9659
vn -0.0000 0.5000 0.8660
vn -0.0000 0.7071 0.7071
vn -0.0000 0.8660 0.5000
vn -0.0000 0.9659 0.2588
vn -0.0000 0.9979 0.0654
vn -0.0000 -0.0654 0.9979
vn -0.0000 -0.2588 0.9659
vn -0.0000 -0.5000 0.8660
vn -0.0000 -0.7071 0.7071
vn -0.0000 -0.8660 0.5000
vn -0.0000 -0.9659 0.2588
vn -0.0000 -0.9979 0.0654
vn 0.1240 -0.9923 -0.0001
vn -0.9652 0.1133 0.2358
vn -0.9336 0.2818 0.2211
vn -0.9656 0.1100 0.2355
vn 0.4974 0.8573 -0.1330
vn 0.6960 0.7095 -0.1105
vn 0.7065 0.6993 -0.1089
vn -0.9291 0.2990 0.2175
vn -0.8518 0.5005 0.1550
vn 0.8603 0.5037 -0.0790
vn 0.8658 0.4943 -0.0775
vn -0.8369 0.5277 0.1454
vn -0.7138 0.6984 0.0524
vn 0.9636 0.2640 -0.0421
vn -0.6859 0.7266 0.0402
vn -0.5153 0.8565 -0.0303
vn -0.4743 0.8793 -0.0428
vn -0.2731 0.9570 -0.0980
vn -0.2218 0.9688 -0.1104
vn -0.0615 0.9874 -0.1457
vn 0.8752 -0.4783 0.0725
vn 0.9681 -0.2479 0.0368
vn 0.8709 -0.4858 0.0737
vn -0.2622 -0.9428 0.2060
vn -0.1066 -0.9761 0.1892
vn -0.0691 -0.9817 0.1775
vn 0.7243 -0.6816 0.1041
vn 0.7150 -0.6911 0.1056
vn -0.5080 -0.8293 0.2328
vn -0.3105 -0.9264 0.2129
vn 0.5248 -0.8414 0.1291
vn 0.5102 -0.8501 0.1304
vn -0.7140 -0.6614 0.2296
vn -0.5444 -0.8050 0.2355
vn 0.2884 -0.9464 0.1456
vn 0.2694 -0.9518 0.1465
vn -0.8686 -0.4544 0.1977
vn -0.7354 -0.6380 0.2284
vn -0.0902 -0.9842 0.1525
vn 0.0535 -0.9210 0.3858
vn -0.0800 -0.9851 0.1521
vn 0.0892 -0.9844 0.1518
vn 0.0792 -0.9852 0.1519
vn -0.9644 -0.2206 0.1457
vn -0.8780 -0.4374 0.1946
vn -0.9951 -0.0340 0.0931
vn -0.9668 -0.2122 0.1424
vn 0.0801 0.9851 -0.1521
vn -0.0430 0.9874 -0.1523
vn 0.0896 0.9843 -0.1520
vn -0.8760 0.4768 -0.0723
vn -0.8704 0.4868 -0.0738
vn -0.0501 -0.9868 0.1541
vn -0.2370 -0.9586 0.1580
vn -0.0440 -0.9871 0.1539
vn -0.7255 0.6803 -0.1039
vn -0.7151 0.6910 -0.1056
vn -0.2484 -0.9557 0.1581
vn -0.4831 -0.8619 0.1541
vn -0.5258 0.8408 -0.1290
vn -0.5108 0.8497 -0.1304
vn -0.4926 -0.8566 0.1537
vn -0.6958 -0.7046 0.1391
vn -0.2884 0.9464 -0.1456
vn -0.2703 0.9516 -0.1464
vn -0.7023 -0.6983 0.1384
vn -0.8594 -0.4984 0.1140
vn -0.0899 0.9843 -0.1517
vn -0.0804 0.9851 -0.1519
vn -0.8628 -0.4927 0.1131
vn -0.9626 -0.2586 0.0806
vn -0.2349 -0.9606 0.1486
vn -0.0530 -0.9869 0.1523
vn -0.2541 -0.9558 0.1479
vn -0.9637 -0.2548 0.0796
vn -0.9965 -0.0665 0.0501
vn -0.4842 -0.8646 0.1341
vn -0.4990 -0.8564 0.1329
vn -0.9686 0.2335 -0.0849
vn -0.9974 0.0490 -0.0530
vn -0.9974 0.0486 -0.0532
vn -0.6988 -0.7068 0.1101
vn -0.7079 -0.6979 0.1087
vn -0.8767 0.4662 -0.1188
vn -0.9671 0.2395 -0.0862
vn -0.8627 -0.4997 0.0784
vn -0.8666 -0.4930 0.0773
vn -0.7278 0.6707 -0.1428
vn -0.8703 0.4777 -0.1204
vn 0.0424 0.9874 -0.1524
vn 0.0519 0.9870 -0.1524
vn -0.9655 -0.2571 0.0411
vn -0.5296 0.8338 -0.1561
vn -0.7145 0.6846 -0.1441
vn -0.2927 0.9428 -0.1594
vn -0.5091 0.8463 -0.1568
vn -0.0433 -0.9874 0.1524
vn -0.0914 0.9835 -0.1558
vn -0.2672 0.9504 -0.1593
vn 0.9982 -0.0604 0.0023
vn 0.9688 -0.2453 0.0350
vn 0.9982 -0.0600 0.0013
vn 0.9674 -0.2505 0.0367
vn 0.8755 -0.4773 0.0760
vn -0.9997 -0.0046 -0.0246
vn -0.9988 -0.0075 -0.0478
vn -1.0000 -0.0013 -0.0007
vn 0.1171 -0.1488 -0.9819
vn -0.9978 0.0668 -0.0001
vn 1.0000 0.0010 0.0011
vn 1.0000 0.0018 0.0008
vn 1.0000 0.0020 0.0007
vn -0.9970 0.0769 -0.0003
vn 0.9976 0.0698 -0.0038
vn 1.0000 0.0085 0.0001
vn -0.1137 -0.1482 -0.9824
vn -0.1122 -0.1734 -0.9784
vn 0.2528 0.9561 -0.1479
vn 0.4822 0.8657 -0.1343
vn 0.9678 0.2507 -0.0222
vn 0.9979 0.0637 0.0079
vn 0.9669 0.2541 -0.0228
vn 0.2346 0.9607 -0.1486
vn 0.8729 0.4841 -0.0600
vn 0.8692 0.4906 -0.0610
vn 0.7214 0.6862 -0.0933
vn 0.7137 0.6941 -0.0946
vn 0.8804 0.4685 -0.0736
vn 0.9719 0.2322 -0.0372
vn 0.5219 0.8445 -0.1205
vn 0.5100 0.8515 -0.1217
vn 0.8746 0.4790 -0.0752
vn 0.7297 0.6756 -0.1053
vn 0.2859 0.9480 -0.1402
vn 0.2708 0.9523 -0.1410
vn 0.7191 0.6867 -0.1070
vn 0.5285 0.8389 -0.1302
vn 0.0888 0.9848 -0.1494
vn 0.0807 0.9854 -0.1497
vn 0.5133 0.8480 -0.1316
vn 0.2892 0.9460 -0.1464
vn 0.0510 -0.9866 0.1548
vn 0.2371 -0.9588 0.1564
vn 0.2504 -0.9555 0.1563
vn 0.2709 0.9513 -0.1472
vn 0.4845 -0.8620 0.1493
vn 0.4962 -0.8553 0.1488
vn 0.2424 -0.9519 0.1874
vn 0.0754 -0.9036 0.4217
vn 0.6984 -0.7031 0.1337
vn 0.7068 -0.6947 0.1336
vn 0.4814 -0.8663 0.1330
vn 0.2526 -0.9563 0.1472
vn 0.8619 -0.4939 0.1143
vn 0.8658 -0.4872 0.1141
vn 0.6948 -0.7110 0.1087
vn 0.4960 -0.8583 0.1317
vn 0.9638 -0.2535 0.0829
vn 0.9648 -0.2499 0.0822
vn 0.8579 -0.5080 0.0771
vn 0.7036 -0.7024 0.1073
vn 0.9967 -0.0610 0.0538
vn 0.9968 -0.0603 0.0534
vn 0.8623 -0.5006 0.0759
vn -0.7886 0.0376 0.6137
vn -0.7889 0.0350 0.6135
vn -0.0178 0.9882 -0.1522
vn -0.0782 0.9848 -0.1554
vn 0.0798 -0.9850 0.1532
vn 0.0907 -0.9840 0.1532
vn -0.8738 -0.4804 0.0754
vn -0.9671 -0.2514 0.0402
vn -0.9966 -0.0657 0.0494
vn -0.7232 -0.6824 0.1064
vn -0.8694 -0.4881 0.0766
vn -0.6948 -0.0878 0.7139
vn -0.6889 -0.1095 0.7165
vn -0.9952 -0.0335 0.0918
vn -0.5245 -0.8413 0.1306
vn -0.7138 -0.6920 0.1078
vn -0.5697 -0.2371 0.7869
vn -0.5566 -0.2847 0.7805
vn 0.0440 -0.9870 0.1546
vn -0.2889 -0.9461 0.1464
vn -0.5098 -0.8501 0.1319
vn -0.4577 -0.3820 0.8029
vn -0.4312 -0.4649 0.7732
vn -0.0337 0.9879 -0.1517
vn -0.2698 -0.9516 0.1472
vn -0.3695 -0.5807 0.7255
vn -0.3120 -0.7005 0.6418
vn 0.9979 0.0636 0.0078
vn -0.0524 0.9870 -0.1522
vn -0.2355 0.9606 -0.1479
vn -0.2486 -0.8295 0.5001
vn -0.1450 -0.9241 0.3536
vn -0.2536 0.9561 -0.1471
vn -0.4838 0.8650 -0.1328
vn -0.0706 -0.9711 0.2278
vn -0.0156 -0.9865 0.1629
vn -0.4988 0.8567 -0.1315
vn -0.6982 0.7077 -0.1082
vn 0.2696 -0.9511 0.1507
vn 0.2900 -0.9452 0.1500
vn -0.7085 0.6977 -0.1066
vn -0.8623 0.5007 -0.0760
vn 0.5108 -0.8487 0.1372
vn 0.5267 -0.8392 0.1357
vn -0.8677 0.4915 -0.0746
vn 0.7153 -0.6898 0.1124
vn 0.7255 -0.6793 0.1104
vn 0.8704 -0.4861 0.0779
vn -0.9979 -0.0654 -0.0000
vn -0.9659 -0.2588 -0.0000
vn -0.8660 -0.5000 -0.0000
vn -0.7071 -0.7071 -0.0000
vn -0.5000 -0.8660 -0.0000
vn -0.2588 -0.9659 -0.0000
vn -0.0654 -0.9979 -0.0000
vn -0.0000 0.0001 1.0000
vn -0.0000 -0.0001 1.0000
vn -0.0654 0.9979 -0.0000
vn -0.2588 0.9659 -0.0000
vn -0.5000 0.8660 -0.0000
vn -0.8660 0.5000 -0.0000
vn -0.9659 0.2588 -0.0000
vn -0.9979 0.0654 -0.0000
vn -0.0000 -1.0000 -0.0000
vn -0.0009 -0.0002 -1.0000
vn -0.1340 -0.9910 0.0047
vn -0.0000 1.0000 -0.0000
vn 0.9979 -0.0654 -0.0000
vn 0.9659 -0.2588 -0.0000
vn 0.8660 -0.5000 -0.0000
vn 0.7071 -0.7071 -0.0000
vn 0.5000 -0.8660 -0.0000
vn 0.2588 -0.9659 -0.0000
vn 0.0654 -0.9979 -0.0000
vn -0.0000 -0.0000 -1.0000
vn 0.0654 0.9979 -0.0000
vn 0.2588 0.9659 -0.0000
vn 0.5000 0.8660 -0.0000
vn 0.7071 0.7071 -0.0000
vn 0.8660 0.5000 -0.0000
vn 0.9659 0.2588 -0.0000
vn 0.9979 0.0654 -0.0000
vn -0.0001 -0.0000 -1.0000
vn -0.0000 -0.2589 -0.9659
vn -0.0000 0.2589 -0.9659
vn -0.0000 0.2589 0.9659
vn 0.0006 0.9661 0.2581
vn -0.0000 0.9662 -0.2579
vn -0.0000 -0.2589 0.9659
vn -0.0000 -0.0653 -0.9979
vn -0.0000 0.0653 -0.9979
vn 0.0044 0.9979 -0.0652
vn 0.0049 0.9978 -0.0654
vn 0.0049 0.9978 0.0654
vn 0.7099 0.7043 -0.0000
vn 0.0002 -0.0000 -1.0000
vn 0.0655 -0.0000 -0.9979
vn -0.7098 0.7043 -0.0118
vn 0.1097 -0.9940 -0.0000
vn -0.1095 -0.9940 -0.0000
vn 0.0044 0.9979 0.0652
vn 0.0006 0.9661 -0.2581
vn 0.1097 -0.9940 -0.0001
vn -0.1095 -0.9940 0.0001
vn -0.0000 1.0000 -0.0001
vn -0.5270 0.8498 -0.0000
vn -0.0000 -0.0004 -1.0000
vn 0.5283 -0.8491 -0.0000
vn 0.5271 0.8498 -0.0000
vn -0.0002 -0.0000 -1.0000
vn -0.5283 -0.8490 0.0001
vn -0.5271 0.8498 -0.0000
vn -0.0000 -0.0002 -1.0000
vn 0.5283 -0.8490 -0.0000
vn -0.0003 -0.0000 -1.0000
vn -0.0002 0.0003 -1.0000
vn 0.5283 -0.8490 0.0001
vn -1.0000 -0.0001 -0.0011
vn -0.6515 -0.0001 -0.7586
vn -1.0000 -0.0007 -0.0000
vn -1.0000 -0.0001 -0.0000
vn 0.0001 -0.0000 -1.0000
vn 0.9989 0.0461 -0.0019
vn 0.9967 -0.0733 0.0344
vn 0.9978 -0.0599 0.0269
vn -0.0000 -1.0000 0.0011
vn -0.0003 -0.5725 -0.8199
vn -0.0007 -0.5719 -0.8203
vn -0.0010 -0.5714 -0.8207
vn 0.1248 -0.1626 -0.9788
vn -0.0000 0.9661 0.2582
vn -0.0000 0.8663 0.4995
vn -0.0000 0.9659 -0.2589
vn -0.0000 -0.7057 -0.7085
vn -0.0000 -0.4983 -0.8670
vn -0.0001 -0.2588 -0.9659
vn -0.7377 -0.1747 0.6521
vn -0.7221 0.0453 -0.6903
vn -0.7377 0.1747 -0.6521
vn 0.7221 -0.0452 -0.6903
vn -0.7221 -0.0453 -0.6903
vn 0.7221 0.6903 -0.0452
vn -0.7221 0.6903 0.0452
vn -0.7221 0.6903 -0.0452
vn 0.7221 -0.6903 -0.0452
vn -0.7221 -0.6903 0.0452
vn 0.7221 -0.6903 0.0452
vn 0.7221 -0.0452 0.6903
vn -0.7221 0.0452 0.6903
vn 0.7221 0.0453 0.6903
vn 0.7377 0.6521 -0.1747
vn -0.7377 0.6521 -0.1747
vn 0.7377 0.5847 -0.3376
vn -0.7377 0.5847 -0.3376
vn 0.7377 0.4774 -0.4774
vn -0.7377 0.4774 -0.4774
vn 0.7377 0.3376 -0.5847
vn -0.7377 0.3376 -0.5847
vn 0.7377 0.1747 -0.6521
vn 0.7221 0.0452 -0.6903
vn 0.7377 0.1747 0.6521
vn -0.7377 0.1747 0.6521
vn 0.7377 0.3376 0.5847
vn -0.7377 0.3376 0.5847
vn 0.7377 0.4774 0.4774
vn -0.7377 0.4774 0.4774
vn 0.7377 0.5847 0.3376
vn -0.7377 0.5847 0.3376
vn 0.7377 0.6521 0.1747
vn -0.7377 0.6521 0.1747
vn 0.7221 0.6903 0.0452
vn -0.7377 -0.6521 -0.1747
vn 0.7377 -0.6521 -0.1747
vn -0.7377 -0.5847 -0.3376
vn 0.7377 -0.5847 -0.3376
vn -0.7377 -0.4774 -0.4774
vn 0.7377 -0.4774 -0.4774
vn -0.7377 -0.3376 -0.5847
vn 0.7377 -0.3376 -0.5847
vn -0.7377 -0.1748 -0.6521
vn 0.7377 -0.1747 -0.6521
vn 0.7377 -0.6521 0.1747
vn -0.7377 -0.6521 0.1747
vn 0.7377 -0.5847 0.3376
vn -0.7377 -0.5847 0.3376
vn 0.7377 -0.4774 0.4774
vn -0.7377 -0.4774 0.4774
vn 0.7377 -0.3376 0.5847
vn -0.7377 -0.3376 0.5847
vn 0.7377 -0.1748 0.6521
vn -0.7221 -0.0452 0.6903
vn 0.0416 0.9991 -0.0000
vn -0.0000 -0.1305 -0.9914
vn -0.0000 -0.1305 -0.9915
vn -0.0000 -0.9914 -0.1305
vn -0.0000 -0.1305 0.9914
vn -0.0000 -0.9914 0.1305
vn -0.0000 0.1305 -0.9914
vn -0.0000 0.1305 0.9914
vn 0.9959 -0.0837 0.0330
vn 0.9629 -0.2668 0.0397
vn -0.1094 -0.9940 -0.0000
vn 0.0829 -0.6668 -0.7406
vn -0.0014 -0.0000 -1.0000
vn 0.0883 0.9821 -0.1663
vn 0.1101 -0.1402 -0.9840
vn 0.1211 -0.1598 -0.9797
vn 0.0137 -0.9917 0.1278
vn -0.1169 -0.1562 -0.9808
vn -0.0180 0.9875 -0.1567
vn 1.0000 0.0096 0.0018
vn 0.9983 -0.0521 0.0278
vn -0.0013 -1.0000 0.0024
vn 1.0000 -0.0000 -0.0001
vn 1.0000 -0.0039 -0.0008
vn -0.9999 0.0123 0.0051
vn 1.0000 0.0069 -0.0062
vn -1.0000 0.0035 -0.0025
vn -0.1304 -0.9915 0.0010
vn -0.1068 -0.9943 0.0014
vn -0.1293 -0.9916 -0.0004
vn -0.1113 -0.9938 -0.0000
vn -0.1273 -0.9919 0.0007
vn -0.0000 0.0001 -1.0000
vn -0.0665 0.9978 -0.0000
vn -0.2627 0.9649 -0.0000
vn -0.5059 0.8626 -0.0000
vn -0.5060 0.8626 -0.0000
vn -0.7127 0.7015 -0.0000
vn -0.8694 0.4941 -0.0000
vn -0.9669 0.2550 -0.0000
vn -0.9979 0.0644 -0.0000
vn -0.0665 -0.9978 -0.0000
vn 0.0665 -0.9978 -0.0000
vn 0.9979 -0.0644 -0.0000
vn 0.9979 0.0644 -0.0000
vn -0.9979 -0.0644 -0.0000
vn 0.0665 0.9978 -0.0000
vn 0.9669 0.2550 -0.0000
vn 0.8694 0.4941 -0.0000
vn 0.7127 0.7015 -0.0000
vn 0.5060 0.8626 -0.0000
vn 0.2627 0.9649 -0.0000
vn -0.9669 -0.2550 -0.0000
vn -0.8694 -0.4941 -0.0000
vn -0.7127 -0.7015 -0.0000
vn -0.5060 -0.8626 -0.0000
vn -0.5059 -0.8626 -0.0000
vn -0.2627 -0.9649 -0.0000
vn 0.2626 -0.9649 -0.0000
vn 0.2627 -0.9649 -0.0000
vn 0.5059 -0.8626 -0.0000
vn 0.5060 -0.8626 -0.0000
vn 0.7127 -0.7015 -0.0000
vn 0.8694 -0.4941 -0.0000
vn 0.9669 -0.2550 -0.0000
vn -0.0000 -0.0001 -1.0000
vn 0.0655 -0.9979 0.0001
vn 0.2589 -0.9659 -0.0000
vn 0.9979 -0.0643 -0.0000
vn 0.0665 -0.9978 0.0001
vn -0.9979 0.0643 -0.0000
vn -0.8694 0.4940 -0.0000
vn -0.5060 0.8625 -0.0000
vn -0.5060 -0.8625 -0.0000
vn -0.0000 -0.0644 0.9979
vn -0.0000 -0.2550 0.9669
vn -0.0000 -0.4940 0.8694
vn -0.0000 -0.4941 0.8694
vn -0.0000 -0.7015 0.7127
vn -0.0000 -0.8626 0.5060
vn -0.0000 -0.8626 0.5059
vn -0.0000 -0.9649 0.2627
vn -0.0000 -0.9978 0.0665
vn -0.0000 -0.9978 -0.0665
vn -0.0000 0.0644 0.9979
vn -0.0000 0.9978 -0.0665
vn -0.0000 0.9978 0.0665
vn -0.0000 -0.0644 -0.9979
vn -0.0000 0.0644 -0.9979
vn -0.0000 -0.0643 -0.9979
vn -0.0000 -0.2550 -0.9669
vn -0.0000 -0.4941 -0.8694
vn -0.0000 -0.7015 -0.7127
vn -0.0000 -0.8626 -0.5060
vn -0.0000 -0.9649 -0.2627
vn -0.0000 0.9649 -0.2627
vn -0.0000 0.8626 -0.5060
vn -0.0000 0.7015 -0.7127
vn -0.0000 0.4941 -0.8694
vn -0.0000 0.2550 -0.9669
vn -0.0000 0.0643 -0.9979
vn -0.0000 -0.0643 0.9979
vn -0.0000 0.0643 0.9979
vn -0.0000 0.2550 0.9669
vn -0.0000 0.4941 0.8694
vn -0.0000 0.4940 0.8694
vn -0.0000 0.7015 0.7127
vn -0.0000 0.8626 0.5060
vn -0.0000 0.9649 0.2627
vn -0.0000 0.8626 0.5059
vn -0.0000 0.4940 -0.8694
vn -0.0000 0.8626 -0.5059
vn -0.0000 -0.8626 -0.5059
vn 0.7205 0.6934 -0.0000
vn 0.0001 -0.0002 1.0000
vn 0.9739 -0.2233 0.0415
vn -0.9672 -0.2539 -0.0000
vn 0.9644 -0.2606 0.0442
vn 0.1272 -0.9919 0.0024
vn -1.0000 -0.0003 -0.0005
vn -1.0000 -0.0006 -0.0003
vn 0.1215 -0.1490 -0.9813
vn 0.1200 -0.1486 -0.9816
vn 0.1184 -0.1488 -0.9817
vn 0.1170 -0.1482 -0.9820
vn 0.1192 -0.1504 -0.9814
vn 0.1163 -0.1469 -0.9823
vn 0.1158 -0.1453 -0.9826
vn 0.1162 -0.1438 -0.9828
vn 0.1161 -0.1425 -0.9830
vn 0.1127 -0.1397 -0.9838
vn 0.1137 -0.1427 -0.9832
vn 0.1119 -0.1462 -0.9829
vn 0.1122 -0.1471 -0.9827
vn 0.1121 -0.1481 -0.9826
vn 0.1113 -0.1486 -0.9826
vn 0.1119 -0.1488 -0.9825
vn 0.1100 -0.1472 -0.9830
vn 0.1146 -0.1471 -0.9825
vn 0.1189 -0.1483 -0.9818
vn 0.1135 -0.1475 -0.9825
vn 0.1221 -0.1509 -0.9810
vn 0.1242 -0.1555 -0.9800
vn 0.1099 -0.1485 -0.9828
vn 0.1127 -0.1448 -0.9830
vn 0.1217 -0.1507 -0.9811
vn 0.1198 -0.1468 -0.9819
vn 0.1117 -0.1473 -0.9828
vn 0.1125 -0.1515 -0.9820
vn 0.1153 -0.1483 -0.9822
vn 0.1082 -0.1523 -0.9824
vn 0.1171 -0.1497 -0.9818
vn 0.1097 -0.1543 -0.9819
vn 0.1083 -0.1615 -0.9809
vn 0.1163 -0.1444 -0.9827
vn 0.1189 -0.1433 -0.9825
vn 0.1202 -0.1478 -0.9817
vn 0.1204 -0.1441 -0.9822
vn 0.1134 -0.1528 -0.9817
vn 0.1201 -0.1498 -0.9814
vn 0.1107 -0.1484 -0.9827
vn 0.1124 -0.1486 -0.9825
vn 0.1143 -0.1482 -0.9823
vn 0.1129 -0.1465 -0.9828
vn 0.1216 -0.1473 -0.9816
vn 0.1117 -0.1479 -0.9827
vn 0.1117 -0.1434 -0.9833
vn 0.1244 -0.1482 -0.9811
vn 0.1137 -0.1432 -0.9831
vn 0.1158 -0.1466 -0.9824
vn 1.0000 0.0008 0.0012
vn -0.1176 -0.1489 -0.9818
vn -0.1136 -0.1491 -0.9823
vn -0.1117 -0.1473 -0.9828
vn -0.1145 -0.1462 -0.9826
vn -0.1147 -0.1454 -0.9827
vn -0.1146 -0.1447 -0.9828
vn -0.1147 -0.1443 -0.9829
vn -0.1157 -0.1381 -0.9836
vn -0.1168 -0.1421 -0.9829
vn -0.1180 -0.1415 -0.9829
vn -0.1186 -0.1452 -0.9823
vn -0.1192 -0.1417 -0.9827
vn -0.1184 -0.1473 -0.9820
vn -0.1191 -0.1488 -0.9817
vn -0.1204 -0.1499 -0.9814
vn -0.1220 -0.1501 -0.9811
vn -0.1239 -0.1506 -0.9808
vn -0.1263 -0.1499 -0.9806
vn -0.1189 -0.1482 -0.9818
vn -0.1232 -0.1515 -0.9807
vn -0.1156 -0.1463 -0.9825
vn -0.1164 -0.1437 -0.9827
vn -0.1211 -0.1499 -0.9813
vn -0.1164 -0.1493 -0.9819
vn -0.1234 -0.1560 -0.9800
vn -0.1237 -0.1518 -0.9806
vn -0.1286 -0.1585 -0.9789
vn -0.1230 -0.1621 -0.9791
vn -0.1222 -0.1591 -0.9797
vn -0.1209 -0.1691 -0.9782
vn -0.1163 -0.1620 -0.9799
vn -0.1188 -0.1359 -0.9836
vn -0.1206 -0.1357 -0.9834
vn -0.1147 -0.1545 -0.9813
vn -0.1148 -0.1579 -0.9808
vn -0.1136 -0.1599 -0.9806
vn -0.1192 -0.1497 -0.9815
vn -0.1163 -0.1515 -0.9816
vn -0.1188 -0.1497 -0.9816
vn -0.1246 -0.1492 -0.9809
vn -0.1228 -0.1487 -0.9812
vn -0.1183 -0.1690 -0.9785
vn -0.1206 -0.1504 -0.9812
vn -0.1149 -0.1542 -0.9813
vn -0.1186 -0.1453 -0.9822
vn -0.1169 -0.1417 -0.9830
vn -0.1193 -0.1428 -0.9825
vn -0.1154 -0.1654 -0.9795
vn -0.1146 -0.1420 -0.9832
vn -0.1280 -0.1640 -0.9781
vn -0.1164 -0.1451 -0.9826
vn -0.1252 -0.1550 -0.9800
vn -0.1218 -0.1507 -0.9811
vn -0.1145 -0.1481 -0.9823
vn -0.1169 -0.1493 -0.9819
vn -0.1125 -0.1706 -0.9789
vn -0.1105 -0.1501 -0.9825
vn -0.0000 0.0002 1.0000
vn -0.0000 -0.0002 1.0000
vn -0.0006 -0.0000 -1.0000
vn -0.0009 -0.0049 -1.0000
vn -0.0000 0.0007 -1.0000
vn -0.0008 -0.0048 -1.0000
vn -0.0008 0.0002 -1.0000
vn 0.0001 -0.0000 1.0000
vn -0.0000 0.9662 0.2579
vn -1.0000 -0.0004 -0.0000
vn -1.0000 -0.0007 0.0004
vn -1.0000 0.0003 -0.0008
vn -1.0000 -0.0001 0.0002
vn 0.7201 0.6938 0.0116
vn 0.0654 -0.0000 -0.9979
vn 1.0000 -0.0001 -0.0000
vn 1.0000 -0.0002 0.0011
vn 1.0000 -0.0000 0.0001
vn 1.0000 0.0001 -0.0000
vn 1.0000 0.0001 -0.0002
vn 1.0000 0.0001 0.0002
vn 1.0000 -0.0003 -0.0007
vn 1.0000 0.0007 0.0004
vn 1.0000 0.0004 -0.0000
vn -0.7205 0.6934 -0.0000
vn 1.0000 -0.0003 -0.0000
vn 1.0000 0.0007 -0.0004
vn 1.0000 0.0001 -0.0003
vn 1.0000 -0.0003 0.0008
vn -0.0000 -1.0000 0.0001
vn -0.0000 -1.0000 -0.0001
vn -0.5270 0.8499 -0.0000
vn 0.5271 0.8498 -0.0001
vn -0.0000 0.0002 -1.0000
vn -0.5283 -0.8490 -0.0000
vn -0.0000 0.0004 -1.0000
vn -0.5283 -0.8491 -0.0000
vn -0.5270 0.8499 -0.0006
vn -0.0008 -0.0049 -1.0000
vn -1.0000 0.0003 -0.0000
vn -1.0000 -0.0007 0.0003
vn -1.0000 -0.0001 0.0006
vn -1.0000 0.0002 -0.0000
vn -1.0000 0.0003 0.0001
vn -1.0000 -0.0001 0.0008
vn -1.0000 0.0004 -0.0000
vn -1.0000 -0.0001 -0.0004
vn -1.0000 0.0003 -0.0001
vn 1.0000 -0.0000 -0.0053
vn 1.0000 -0.0040 -0.0040
vn 0.9999 -0.0000 0.0161
vn 0.9999 -0.0147 -0.0000
vn -1.0000 -0.0000 0.0056
vn -0.9999 -0.0147 -0.0000
vn -0.9999 -0.0000 -0.0166
vn 0.0001 -1.0000 0.0010
vn 0.0001 -0.5731 -0.8195
vn 0.1235 -0.1548 -0.9802
vn 0.1228 -0.1590 -0.9796
vn 0.1205 -0.1639 -0.9791
vn 0.1218 -0.1690 -0.9781
vn 0.1177 -0.1729 -0.9779
vn -0.7221 -0.6903 -0.0452
vn -0.0000 0.1305 -0.9915
vn 0.1096 -0.9940 -0.0000
vn 0.0002 0.0020 -1.0000
vn 0.0016 -0.0000 -1.0000
vn 0.1101 -0.1406 -0.9839
vn 0.1152 -0.1724 -0.9783
vn 0.1258 -0.1189 -0.9849
vn 0.1138 -0.1347 -0.9843
vn 0.0862 -0.1479 -0.9852
vn 0.1214 -0.1585 -0.9799
vn 0.0964 -0.1413 -0.9853
vn 0.1181 -0.1647 -0.9792
vn 0.1264 -0.1181 -0.9849
vn 0.1034 -0.1425 -0.9844
vn 0.1088 -0.1646 -0.9804
vn 0.1047 -0.1621 -0.9812
vn 0.1003 -0.1469 -0.9841
vn 0.1000 -0.1458 -0.9843
vn 0.0976 -0.1479 -0.9842
vn 0.1000 -0.1598 -0.9821
vn 0.0932 -0.1570 -0.9832
vn 0.1037 -0.1494 -0.9833
vn 0.0796 -0.1524 -0.9851
vn 0.0901 -0.1556 -0.9837
vn 0.1066 -0.1517 -0.9827
vn 0.1086 -0.1535 -0.9822
vn 0.1354 -0.1476 -0.9797
vn 0.1319 -0.1497 -0.9799
vn 0.1248 -0.1366 -0.9827
vn 0.1208 -0.1370 -0.9832
vn 0.1279 -0.1524 -0.9800
vn 0.1253 -0.1546 -0.9800
vn 0.1178 -0.1371 -0.9835
vn 0.1164 -0.1370 -0.9837
vn 0.1232 -0.1569 -0.9799
vn -0.1123 -0.1340 -0.9846
vn -0.1083 -0.1468 -0.9832
vn -0.1059 -0.1418 -0.9842
vn -0.1152 -0.1513 -0.9818
vn -0.1177 -0.1400 -0.9831
vn -0.1100 -0.1464 -0.9831
vn -0.1300 -0.1759 -0.9758
vn -0.1215 -0.1914 -0.9740
vn -0.1186 -0.1400 -0.9830
vn -0.1216 -0.1399 -0.9827
vn -0.1288 -0.1799 -0.9752
vn -0.1341 -0.1729 -0.9758
vn -0.1159 -0.1519 -0.9816
vn -0.1156 -0.1516 -0.9817
vn -0.1394 -0.1675 -0.9760
vn -0.1462 -0.1621 -0.9759
vn -0.1146 -0.1509 -0.9819
vn -0.1571 -0.1550 -0.9753
vn -0.1663 -0.1498 -0.9746
vn -0.0961 -0.1507 -0.9839
vn -0.1257 -0.1572 -0.9795
vn -0.1081 -0.1518 -0.9825
vn -0.0991 -0.1484 -0.9840
vn -0.1031 -0.1449 -0.9841
vn -0.1113 -0.1529 -0.9819
vn -0.1130 -0.1536 -0.9817
vn -0.1060 -0.1421 -0.9842
vn -0.1085 -0.1394 -0.9843
vn -0.1141 -0.1542 -0.9814
vn -0.1151 -0.1548 -0.9812
vn -0.1112 -0.1360 -0.9845
vn -0.1147 -0.1309 -0.9847
vn -0.1162 -0.1556 -0.9810
vn -0.1133 -0.1332 -0.9846
vn 0.0067 -1.0000 0.0010
vn 0.0011 -1.0000 -0.0000
vn 0.9988 0.0452 -0.0178
vn 1.0000 -0.0021 -0.0016
vn 1.0000 -0.0038 -0.0006
vn 1.0000 -0.0032 -0.0013
vn 1.0000 -0.0052 -0.0007
vn 0.9995 0.0307 -0.0016
vn 1.0000 0.0022 0.0017
vn 1.0000 -0.0077 -0.0000
vn 1.0000 0.0015 0.0019
vn 1.0000 0.0009 0.0023
vn 1.0000 0.0002 -0.0000
vn 1.0000 0.0004 0.0029
vn 1.0000 -0.0000 0.0035
vn 1.0000 0.0002 0.0002
vn 0.9997 -0.0002 0.0238
vn -1.0000 -0.0058 -0.0005
vn -1.0000 -0.0000 -0.0061
vn -1.0000 -0.0001 -0.0007
vn -1.0000 -0.0002 -0.0006
vn -1.0000 -0.0004 -0.0005
vn -1.0000 -0.0006 -0.0004
vn -1.0000 -0.0008 -0.0003
vn -1.0000 -0.0013 -0.0002
vn -1.0000 -0.0010 -0.0003
vn 1.0000 -0.0004 -0.0000
vn 1.0000 -0.0004 -0.0003
vn 1.0000 -0.0002 -0.0008
vn 1.0000 0.0034 -0.0071
vn 1.0000 0.0048 -0.0065
vn 1.0000 0.0007 -0.0079
vn 1.0000 0.0025 -0.0074
vn 0.9998 0.0193 -0.0034
vn 0.9999 0.0107 -0.0053
vn 1.0000 0.0044 -0.0069
vn -0.0000 -0.0003 1.0000
vn 0.7098 0.7043 0.0118
vn 0.9999 -0.0000 0.0167
vt 0.500000 0.751292
vt 0.500000 0.859751
vt 0.500000 0.751292
vt 0.875000 0.527778
vt 0.875000 0.555556
vt 0.775153 0.557548
vt 0.787729 0.559008
vt 0.503519 0.869169
vt 0.503652 0.872119
vt 0.503526 0.870679
vt 0.504058 0.873059
vt 0.503533 0.872089
vt 0.504704 0.875000
vt 0.503546 0.875000
vt 0.509500 0.875000
vt 0.509500 0.875000
vt 0.512383 0.875000
vt 0.743531 0.750000
vt 0.745029 0.750000
vt 0.743531 0.750000
vt 0.745029 0.750000
vt 0.746422 0.750000
vt 0.746423 0.750000
vt 0.749325 0.750000
vt 0.626152 0.875000
vt 0.620187 0.875000
vt 0.624425 0.875000
vt 0.620178 0.875000
vt 0.617312 0.875000
vt 0.511909 0.750006
vt 0.508863 0.750072
vt 0.515472 0.875000
vt 0.512383 0.875000
vt 0.616175 0.750000
vt 0.619054 0.750000
vt 0.619054 0.750000
vt 0.625000 0.750000
vt 0.627893 0.750000
vt 0.629294 0.750000
vt 0.629294 0.750000
vt 0.630795 0.750000
vt 0.516057 0.000000
vt 0.513005 0.000000
vt 0.513005 0.000000
vt 0.513937 0.878312
vt 0.509027 0.878707
vt 0.511039 0.878394
vt 0.505012 0.879126
vt 0.505035 0.878563
vt 0.504917 0.881447
vt 0.504917 0.881447
vt 0.504860 0.882839
vt 0.504861 0.882839
vt 0.504799 0.884332
vt 0.510174 0.000000
vt 0.510174 0.000000
vt 0.504242 0.000000
vt 0.500000 1.001851
vt 0.500118 0.998960
vt 0.500034 1.001010
vt 0.500118 0.998955
vt 0.500175 0.997574
vt 0.500175 0.997572
vt 0.500236 0.996082
vt 0.869296 0.750000
vt 0.870776 0.750000
vt 0.870776 0.750000
vt 0.872160 0.750000
vt 0.872160 0.750000
vt 0.875000 0.750000
vt 0.625000 0.000000
vt 0.619118 0.000000
vt 0.619118 0.000000
vt 0.616250 0.000000
vt 0.615941 0.875434
vt 0.618947 0.875357
vt 0.615941 0.875434
vt 0.514043 0.878308
vt 0.510967 0.878460
vt 0.511806 0.750000
vt 0.506952 0.750264
vt 0.508938 0.750000
vt 0.502979 0.750571
vt 0.502976 0.750000
vt 0.502990 0.752919
vt 0.502990 0.752919
vt 0.502996 0.754323
vt 0.502996 0.754323
vt 0.503003 0.755831
vt 0.503003 0.755831
vt 0.759646 0.750000
vt 0.758170 0.750000
vt 0.756795 0.750000
vt 0.756795 0.750000
vt 0.753942 0.750000
vt 0.627952 0.875096
vt 0.621542 0.875306
vt 0.621944 0.875265
vt 0.619049 0.875347
vt 0.613090 0.750000
vt 0.503509 0.870627
vt 0.504799 0.884332
vt 0.500236 0.996082
vt 0.539074 0.666667
vt 0.539745 0.666667
vt 0.540370 0.666667
vt 0.540370 0.666667
vt 0.541540 0.666667
vt 0.541414 0.666667
vt 0.541679 0.663396
vt 0.541692 0.663516
vt 0.541757 0.661818
vt 0.541847 0.661996
vt 0.541667 0.660732
vt 0.538760 0.222275
vt 0.460602 0.222222
vt 0.458333 0.220084
vt 0.457612 0.196556
vt 0.458333 0.661580
vt 0.458333 0.662477
vt 0.458333 0.660732
vt 0.458333 0.663315
vt 0.458333 0.663841
vt 0.458333 0.664406
vt 0.458350 0.666699
vt 0.458366 0.666732
vt 0.459936 0.666624
vt 0.460243 0.666582
vt 0.460592 0.666725
vt 0.460929 0.666784
vt 0.460761 0.666985
vt 0.460278 0.583333
vt 0.459935 0.583372
vt 0.460602 0.583333
vt 0.459614 0.583410
vt 0.459414 0.583485
vt 0.459198 0.583636
vt 0.458333 0.583664
vt 0.458333 0.583996
vt 0.462409 0.585051
vt 0.466485 0.583378
vt 0.459370 0.587935
vt 0.460406 0.587509
vt 0.458333 0.590116
vt 0.460602 0.194444
vt 0.538760 0.194391
vt 0.534942 0.055556
vt 0.536576 0.055559
vt 0.538447 0.222329
vt 0.539436 0.222275
vt 0.539127 0.222327
vt 0.540166 0.222257
vt 0.539962 0.222292
vt 0.541429 0.222242
vt 0.541190 0.222262
vt 0.539247 0.220523
vt 0.536826 0.219893
vt 0.538252 0.219703
vt 0.534838 0.218770
vt 0.541667 0.220351
vt 0.541667 0.196316
vt 0.539074 0.583333
vt 0.539745 0.583333
vt 0.540370 0.583333
vt 0.458333 0.220084
vt 0.458333 0.220637
vt 0.458333 0.221153
vt 0.458333 0.221153
vt 0.458333 0.222222
vt 0.459630 0.222222
vt 0.459630 0.222222
vt 0.460255 0.222222
vt 0.460255 0.222222
vt 0.541667 0.583333
vt 0.541667 0.586725
vt 0.739616 0.653305
vt 0.873047 0.721427
vt 0.865200 0.660123
vt 0.682459 0.249157
vt 0.693575 0.259207
vt 0.701526 0.263693
vt 0.706225 0.263350
vt 0.707972 0.258137
vt 0.706368 0.246516
vt 0.700854 0.226699
vt 0.522769 0.713055
vt 0.519163 0.743032
vt 0.527176 0.691095
vt 0.532218 0.676256
vt 0.537584 0.668318
vt 0.542452 0.669171
vt 0.545047 0.681464
vt 0.490225 0.891103
vt 0.505607 0.868380
vt 0.507271 0.870343
vt 0.509649 0.872274
vt 0.512405 0.874054
vt 0.514685 0.875848
vt 0.522528 0.870611
vt 0.632408 0.848676
vt 0.626760 0.851698
vt 0.637424 0.846525
vt 0.640774 0.845239
vt 0.642394 0.844741
vt 0.643247 0.845103
vt 0.643312 0.846552
vt 0.523532 0.750173
vt 0.520521 0.750645
vt 0.516846 0.751454
vt 0.640759 0.828275
vt 0.640763 0.828300
vt 0.707828 0.683166
vt 0.631045 0.855315
vt 0.626222 0.875144
vt 0.514887 0.750000
vt 0.663719 0.592867
vt 0.667501 0.750231
vt 0.673667 0.624807
vt 0.517046 0.878224
vt 0.557664 0.875000
vt 0.635115 0.787867
vt 0.621490 0.862502
vt 0.614466 0.867410
vt 0.643689 0.844500
vt 0.662631 0.826256
vt 0.692477 0.795513
vt 0.724065 0.760866
vt 0.496496 0.812406
vt 0.505925 0.885453
vt 0.507144 0.883222
vt 0.508992 0.881027
vt 0.511259 0.879073
vt 0.513272 0.877280
vt 0.518547 0.878656
vt 0.607638 0.749411
vt 0.507115 0.758395
vt 0.611296 0.749534
vt 0.615547 0.749714
vt 0.619703 0.749956
vt 0.623612 0.750302
vt 0.627250 0.750847
vt 0.630053 0.751634
vt 0.508540 0.756528
vt 0.510588 0.754478
vt 0.513373 0.752717
vt 0.589095 0.252274
vt 0.437450 0.326372
vt 0.539074 0.333333
vt 0.539722 0.416667
vt 0.540065 0.416627
vt 0.539398 0.416667
vt 0.540386 0.416588
vt 0.540586 0.416512
vt 0.540802 0.416358
vt 0.541667 0.416329
vt 0.541667 0.415991
vt 0.541667 0.413207
vt 0.541667 0.413207
vt 0.541667 0.411539
vt 0.541667 0.409748
vt 0.457033 0.410177
vt 0.457692 0.411752
vt 0.457683 0.409963
vt 0.457050 0.411965
vt 0.457903 0.413354
vt 0.457473 0.413500
vt 0.458087 0.416420
vt 0.457840 0.416173
vt 0.474627 0.419628
vt 0.489624 0.422589
vt 0.482486 0.421170
vt 0.504718 0.425674
vt 0.460602 0.416667
vt 0.539745 0.333333
vt 0.587434 0.473339
vt 0.460278 0.416667
vt 0.541667 0.028770
vt 0.541667 0.036044
vt 0.541667 0.037037
vt 0.540370 0.333333
vt 0.541540 0.333333
vt 0.000000 0.000000
vt 0.646496 0.576702
vt 0.629786 0.581288
vt 0.040861 0.032490
vt 0.456890 0.196529
vt 0.460407 0.195872
vt 0.375000 0.194444
vt 0.383633 0.238776
vt 0.125000 0.506944
vt 0.384500 0.509441
vt 0.547154 0.540777
vt 0.513461 0.452846
vt 0.548965 0.541924
vt 0.550654 0.542992
vt 0.515409 0.454565
vt 0.554153 0.545207
vt 0.519449 0.458128
vt 0.553117 0.544438
vt 0.517835 0.457362
vt 0.552617 0.544067
vt 0.517056 0.456993
vt 0.552081 0.543669
vt 0.483790 0.441216
vt 0.530724 0.527816
vt 0.531260 0.528214
vt 0.482955 0.440820
vt 0.530224 0.527445
vt 0.482176 0.440450
vt 0.529187 0.526675
vt 0.480562 0.439685
vt 0.526206 0.524604
vt 0.476824 0.436265
vt 0.524768 0.523606
vt 0.475021 0.434615
vt 0.523224 0.522534
vt 0.258110 0.228298
vt 0.329674 0.402242
vt 0.329853 0.402043
vt 0.258528 0.228496
vt 0.329507 0.402427
vt 0.258918 0.228681
vt 0.329160 0.402812
vt 0.259725 0.229064
vt 0.332660 0.405027
vt 0.263765 0.232627
vt 0.334348 0.406095
vt 0.265713 0.234346
vt 0.336160 0.407242
vt 0.511369 0.451001
vt 0.463588 0.408861
vt 0.625000 0.180556
vt 0.336817 0.394315
vt 0.594195 0.245055
vt 0.150933 0.192641
vt 0.375000 0.506944
vt 0.137967 0.165765
vt 0.170792 0.471983
vt 0.092578 0.073718
vt 0.395911 0.220563
vt 0.174052 0.478875
vt 0.458333 0.027778
vt 0.462817 0.027778
vt 0.537184 0.027778
vt 0.560689 0.239443
vt 0.560409 0.239605
vt 0.562500 0.239443
vt 0.562500 0.243690
vt 0.561959 0.243690
vt 0.562500 0.243690
vt 0.561959 0.243690
vt 0.561455 0.243690
vt 0.560409 0.243690
vt 0.560409 0.243609
vt 0.560409 0.243570
vt 0.560409 0.243528
vt 0.561959 0.239443
vt 0.561959 0.239443
vt 0.561455 0.239443
vt 0.560409 0.239443
vt 0.560409 0.239524
vt 0.560409 0.239563
vt 0.500558 0.238776
vt 0.502648 0.238776
vt 0.504596 0.238776
vt 0.508633 0.238776
vt 0.508739 0.238845
vt 0.508789 0.238878
vt 0.508789 0.238879
vt 0.508844 0.238914
vt 0.593750 0.239443
vt 0.594291 0.239443
vt 0.594291 0.239443
vt 0.594795 0.239443
vt 0.595841 0.239443
vt 0.595841 0.239524
vt 0.595841 0.239563
vt 0.595841 0.239605
vt 0.593750 0.243690
vt 0.594291 0.243690
vt 0.593750 0.243690
vt 0.594291 0.243690
vt 0.594796 0.243690
vt 0.594796 0.243690
vt 0.595841 0.243690
vt 0.595841 0.243609
vt 0.595841 0.243570
vt 0.595841 0.243528
vt 0.503608 0.243608
vt 0.506971 0.243672
vt 0.503608 0.243598
vt 0.506971 0.243710
vt 0.513942 0.243825
vt 0.512581 0.243876
vt 0.513942 0.244219
vt 0.513319 0.244209
vt 0.513942 0.244409
vt 0.500558 0.247908
vt 0.502648 0.247908
vt 0.500558 0.247908
vt 0.502648 0.247908
vt 0.504596 0.247908
vt 0.504596 0.247908
vt 0.508633 0.247908
vt 0.508740 0.247842
vt 0.508791 0.247810
vt 0.508847 0.247775
vt 0.499999 0.242593
vt 0.503608 0.242698
vt 0.503608 0.242707
vt 0.506970 0.242776
vt 0.506970 0.242815
vt 0.512581 0.242912
vt 0.513942 0.243037
vt 0.513319 0.242619
vt 0.513942 0.242642
vt 0.513783 0.242446
vt 0.549015 0.245458
vt 0.548897 0.245425
vt 0.549015 0.245458
vt 0.548787 0.245393
vt 0.548558 0.245328
vt 0.549996 0.245340
vt 0.549996 0.245340
vt 0.550689 0.245346
vt 0.550689 0.245346
vt 0.551433 0.245352
vt 0.597226 0.245840
vt 0.597241 0.245810
vt 0.597254 0.245782
vt 0.597282 0.245725
vt 0.595844 0.245713
vt 0.595151 0.245708
vt 0.595151 0.245708
vt 0.594406 0.245702
vt 0.562500 0.248692
vt 0.561959 0.248692
vt 0.562500 0.248692
vt 0.561959 0.248692
vt 0.561454 0.248692
vt 0.560409 0.248692
vt 0.560180 0.248627
vt 0.560180 0.248627
vt 0.560070 0.248596
vt 0.560070 0.248596
vt 0.559951 0.248562
vt 0.593750 0.248692
vt 0.594291 0.248692
vt 0.594291 0.248692
vt 0.594795 0.248692
vt 0.595841 0.248692
vt 0.595869 0.248635
vt 0.595869 0.248635
vt 0.595882 0.248607
vt 0.595882 0.248607
vt 0.595897 0.248578
vt 0.595841 0.243528
vt 0.500558 0.238776
vt 0.513942 0.242248
vt 0.513942 0.244613
vt 0.508847 0.247775
vt 0.595897 0.248578
vt 0.621630 0.473384
vt 0.622197 0.473316
vt 0.622241 0.470392
vt 0.514440 0.492149
vt 0.516762 0.491902
vt 0.514440 0.492149
vt 0.518925 0.491672
vt 0.523409 0.491194
vt 0.523446 0.491070
vt 0.523464 0.491010
vt 0.523483 0.490946
vt 0.516237 0.485850
vt 0.518588 0.485571
vt 0.516237 0.485850
vt 0.518588 0.485571
vt 0.520779 0.485311
vt 0.520779 0.485311
vt 0.525320 0.484772
vt 0.525283 0.484896
vt 0.525266 0.484956
vt 0.525247 0.485020
vt 0.617955 0.481112
vt 0.618556 0.481048
vt 0.619116 0.480989
vt 0.619116 0.480989
vt 0.620277 0.480865
vt 0.620336 0.480717
vt 0.620365 0.480645
vt 0.620396 0.480569
vt 0.583252 0.484804
vt 0.582651 0.484868
vt 0.583252 0.484804
vt 0.582091 0.484928
vt 0.582091 0.484928
vt 0.580930 0.485051
vt 0.580980 0.484914
vt 0.581004 0.484847
vt 0.581029 0.484776
vt 0.621021 0.473456
vt 0.621021 0.473456
vt 0.623373 0.473176
vt 0.623313 0.473325
vt 0.623285 0.473396
vt 0.623285 0.473396
vt 0.623254 0.473473
vt 0.585862 0.477635
vt 0.585253 0.477708
vt 0.585862 0.477635
vt 0.585253 0.477708
vt 0.584686 0.477775
vt 0.583510 0.477915
vt 0.583460 0.478053
vt 0.583460 0.478053
vt 0.583436 0.478119
vt 0.583436 0.478119
vt 0.583410 0.478190
vt 0.384585 0.505976
vt 0.384719 0.501455
vt 0.620396 0.480569
vt 0.200869 0.301465
vt 0.209012 0.324376
vt 0.183333 0.203704
vt 0.194402 0.253873
vt 0.214871 0.333202
vt 0.234012 0.450783
vt 0.225358 0.402181
vt 0.240447 0.327760
vt 0.299150 0.325934
vt 0.250178 0.272673
vt 0.175227 0.217828
vt 0.167307 0.195916
vt 0.272485 0.377042
vt 0.595841 0.243643
vt 0.596279 0.244261
vt 0.561021 0.248692
vt 0.508696 0.247869
vt 0.712274 0.550248
vt 0.724849 0.551708
vt 0.712110 0.548167
vt 0.791667 0.500000
vt 0.708333 0.500000
vt 0.550556 0.347720
vt 0.875000 0.500000
vt 0.460879 0.325192
vt 0.500000 0.243519
vt 0.500000 0.243519
vt 0.513942 0.242452
vt 0.513942 0.242248
vt 0.621283 0.244854
vt 0.787860 0.557036
vt 0.651484 0.470973
vt 0.593961 0.244337
vt 0.724735 0.549645
vt 0.775235 0.555558
vt 0.609448 0.245478
vt 0.596936 0.245151
vt 0.635961 0.475938
vt 0.620326 0.480908
vt 0.613258 0.482930
vt 0.643723 0.473456
vt 0.643723 0.473456
vt 0.541667 0.220618
vt 0.625000 0.222222
vt 0.560348 0.248675
vt 0.559951 0.248562
vt 0.444426 0.499539
vt 0.516057 0.000000
vt 0.613186 0.000000
vt 0.623357 0.473216
vt 0.614226 0.875000
vt 0.635329 0.789403
vt 0.690269 0.631611
vt 0.663719 0.592867
vt 0.690950 0.632604
vt 0.690275 0.631620
vt 0.499990 1.002298
vt 0.534942 0.055556
vt 0.536470 0.055563
vt 0.536364 0.055567
vt 0.537515 0.055585
vt 0.537120 0.055600
vt 0.540010 0.055585
vt 0.539182 0.055600
vt 0.540653 0.055064
vt 0.540147 0.055100
vt 0.541392 0.054740
vt 0.541255 0.054750
vt 0.541667 0.054427
vt 0.534942 0.046296
vt 0.536682 0.046296
vt 0.538304 0.046296
vt 0.541667 0.046296
vt 0.541667 0.046861
vt 0.541667 0.047133
vt 0.541667 0.047133
vt 0.541667 0.047425
vt 0.458333 0.054427
vt 0.458333 0.054719
vt 0.458333 0.054719
vt 0.458333 0.054991
vt 0.458333 0.055556
vt 0.461696 0.055556
vt 0.461696 0.055556
vt 0.463317 0.055556
vt 0.463317 0.055556
vt 0.463937 0.055556
vt 0.465058 0.046296
vt 0.463317 0.046296
vt 0.463317 0.046296
vt 0.461696 0.046296
vt 0.461696 0.046296
vt 0.458333 0.046296
vt 0.458333 0.046861
vt 0.458333 0.046861
vt 0.458333 0.047133
vt 0.458333 0.047425
vt 0.458333 0.047425
vt 0.465058 0.055556
vt 0.464498 0.055556
vt 0.465058 0.046296
vt 0.458333 0.054427
vt 0.463377 0.055556
vt 0.465058 0.046296
vt 0.461696 0.055556
vt 0.458333 0.054991
vt 0.541529 0.054730
vt 0.541667 0.054719
vt 0.541160 0.055027
vt 0.541667 0.054991
vt 0.540838 0.055570
vt 0.541667 0.055556
vt 0.537909 0.055570
vt 0.538304 0.055556
vt 0.536682 0.055556
vt 0.473086 0.432845
vt 0.343473 0.397688
vt 0.458333 0.028770
vt 0.458333 0.037037
vt 0.458333 0.036044
vt 0.534942 0.027778
vt 0.538344 0.027789
vt 0.536682 0.027778
vt 0.539425 0.027822
vt 0.538304 0.027778
vt 0.541667 0.027875
vt 0.541667 0.027778
vt 0.541667 0.028274
vt 0.541667 0.028274
vt 0.541667 0.028513
vt 0.537184 0.037037
vt 0.536682 0.037037
vt 0.534942 0.037037
vt 0.538344 0.037026
vt 0.538304 0.037037
vt 0.539425 0.036993
vt 0.541667 0.036940
vt 0.541667 0.036541
vt 0.541667 0.036301
vt 0.541667 0.036301
vt 0.458333 0.028513
vt 0.458333 0.028513
vt 0.458333 0.028274
vt 0.461696 0.027778
vt 0.461696 0.027778
vt 0.463318 0.027778
vt 0.463317 0.027778
vt 0.458333 0.036301
vt 0.458333 0.036044
vt 0.458333 0.036541
vt 0.461696 0.037037
vt 0.461696 0.037037
vt 0.463317 0.037037
vt 0.463318 0.037037
vt 0.465058 0.037037
vt 0.463377 0.037037
vt 0.267805 0.236190
vt 0.505525 0.514512
vt 0.151109 0.138256
vt 0.621468 0.244681
vt 0.651703 0.470910
vt 0.448440 0.316415
vt 0.621468 0.244850
vt 0.720843 0.659527
vt 0.500000 0.998737
vt 0.500000 0.890448
vt 0.498513 0.874969
vt 0.497983 0.751296
vt 0.437512 0.751289
vt 0.500160 0.507359
vt 0.864852 0.728723
vt 0.635128 0.787965
vt 0.501805 0.751207
vt 0.383633 0.249315
vt 0.715219 0.247908
vt 0.383633 0.247908
vt 0.541609 0.336216
vt 0.578081 0.614119
vt 0.577936 0.613873
vt 0.586584 0.617151
vt 0.574579 0.611800
vt 0.541458 0.542550
vt 0.625000 0.541667
vt 0.560882 0.875000
vt 0.614226 0.875000
vt 0.749923 0.747874
vt 0.775018 0.749461
vt 0.779119 0.688014
vt 0.500000 0.000000
vt 0.375000 0.027778
vt 0.511621 0.064815
vt 0.375000 0.583333
vt 0.459917 0.669835
vt 0.486756 0.667092
vt 0.488639 0.727277
vt 0.500000 0.750000
vt 0.541667 0.590116
vt 0.541667 0.661580
vt 0.458333 0.046627
vt 0.506273 0.012547
vt 0.625000 0.666667
vt 0.512915 0.666879
vt 0.502137 0.748575
vt 0.623527 0.093271
vt 0.547320 0.615603
vt 0.771094 0.679244
vt 0.625190 0.542523
vt 0.670691 0.620570
vt 0.706611 0.682377
vt 0.718647 0.705153
vt 0.624130 0.519952
vt 0.516221 0.456596
vt 0.341930 0.396616
vt 0.247756 0.226682
vt 0.245821 0.224912
vt 0.340492 0.395617
vt 0.244018 0.223262
vt 0.337510 0.393546
vt 0.240281 0.219842
vt 0.337164 0.393931
vt 0.241088 0.220225
vt 0.336996 0.394116
vt 0.241477 0.220410
vt 0.241895 0.220608
vt 0.582938 0.630553
vt 0.587124 0.631779
vt 0.588064 0.632055
vt 0.458333 0.340252
vt 0.431739 0.568023
vt 0.432516 0.567823
vt 0.433239 0.567636
vt 0.434740 0.567250
vt 0.436965 0.567972
vt 0.438039 0.568320
vt 0.587940 0.630741
vt 0.547461 0.620162
vt 0.404514 0.578294
vt 0.439191 0.568694
vt 0.573362 0.612222
vt 0.401596 0.575787
vt 0.402982 0.577845
vt 0.401555 0.577427
vt 0.398595 0.576560
vt 0.400096 0.576174
vt 0.400819 0.575987
vt 0.574514 0.612596
vt 0.575587 0.612944
vt 0.577813 0.613666
vt 0.578271 0.614439
vt 0.578493 0.614812
vt 0.578730 0.615212
vt 0.588178 0.631141
vt 0.588399 0.631514
vt 0.588857 0.632287
vt 0.585898 0.631420
vt 0.584470 0.631002
vt 0.541652 0.337607
vt 0.460407 0.337779
vt 0.459370 0.338120
vt 0.466486 0.334109
vt 0.462410 0.335451
vt 0.458333 0.334009
vt 0.458333 0.333671
vt 0.459198 0.333642
vt 0.459414 0.333488
vt 0.459614 0.333412
vt 0.459935 0.333373
vt 0.460278 0.333333
vt 0.541667 0.338522
vt 0.541667 0.409748
vt 0.266103 0.530563
vt 0.541667 0.339387
vt 0.541637 0.336752
vt 0.541551 0.335640
vt 0.541414 0.333333
vt 0.539745 0.333333
vt 0.540370 0.333333
vt 0.541667 0.333333
vt 0.541667 0.336793
vt 0.541667 0.340252
vt 0.458333 0.340252
vt 0.458333 0.338461
vt 0.458333 0.336793
vt 0.458333 0.333333
vt 0.459630 0.333333
vt 0.460255 0.333333
vt 0.460602 0.333333
vt 0.460926 0.416667
vt 0.460255 0.416667
vt 0.459630 0.416667
vt 0.458333 0.416667
vt 0.458333 0.413207
vt 0.458333 0.411539
vt 0.458333 0.409748
vt 0.541667 0.411539
vt 0.541667 0.416667
vt 0.540370 0.416667
vt 0.539745 0.416667
vt 0.539074 0.416667
vt 0.460278 0.194444
vt 0.538447 0.194338
vt 0.460278 0.222222
vt 0.541667 0.588360
vt 0.459924 0.194448
vt 0.459594 0.194451
vt 0.459300 0.194482
vt 0.458970 0.194520
vt 0.458060 0.194535
vt 0.457788 0.194626
vt 0.462410 0.195359
vt 0.466486 0.195204
vt 0.459370 0.195951
vt 0.541665 0.195765
vt 0.541667 0.196048
vt 0.541664 0.195501
vt 0.541571 0.195328
vt 0.541476 0.195141
vt 0.541429 0.194425
vt 0.541190 0.194405
vt 0.539450 0.194661
vt 0.538529 0.194878
vt 0.539130 0.194500
vt 0.538515 0.194555
vt 0.460597 0.667304
vt 0.486543 0.583333
vt 0.539074 0.583333
vt 0.539745 0.583333
vt 0.540370 0.583333
vt 0.541667 0.659884
vt 0.460926 0.666667
vt 0.539074 0.194444
vt 0.539745 0.194444
vt 0.540370 0.194444
vt 0.541667 0.194444
vt 0.541667 0.195514
vt 0.541667 0.196029
vt 0.458333 0.196583
vt 0.458333 0.196029
vt 0.458333 0.195514
vt 0.458333 0.194444
vt 0.459630 0.194444
vt 0.460255 0.194444
vt 0.460926 0.222222
vt 0.541667 0.196583
vt 0.541667 0.220084
vt 0.458333 0.220084
vt 0.541667 0.220637
vt 0.541667 0.221153
vt 0.541667 0.222222
vt 0.540370 0.222222
vt 0.539745 0.222222
vt 0.539074 0.222222
vt 0.458333 0.588360
vt 0.458333 0.586725
vt 0.458333 0.583333
vt 0.459630 0.583333
vt 0.460255 0.583333
vt 0.460926 0.583333
vt 0.460255 0.666667
vt 0.459630 0.666667
vt 0.458333 0.666667
vt 0.458333 0.663275
vt 0.458333 0.661640
vt 0.458333 0.659884
vt 0.541667 0.661640
vt 0.541667 0.663275
vt 0.541667 0.666667
vt 0.539074 0.666667
vt 0.507551 0.247908
vt 0.458333 0.027778
vt 0.625000 0.236111
vt 0.620454 0.240394
vt 0.375000 0.236111
vt 0.593750 0.236111
vt 0.468750 0.236111
vt 0.608854 0.244468
vt 0.617310 0.875000
vt 0.616250 0.000000
vt 0.775613 0.748494
vt 0.627691 0.875103
vt 0.626442 0.875138
vt 0.624737 0.000000
vt 0.621518 0.000000
vt 0.623511 0.000000
vt 0.616241 0.000000
vt 0.619083 0.000000
vt 0.619564 0.875000
vt 0.618349 0.875000
vt 0.621531 0.750000
vt 0.623437 0.750000
vt 0.624643 0.750000
vt 0.550428 0.416667
vt 0.625000 0.416667
vt 0.625000 0.333333
vt 0.550415 0.333333
vt 0.375000 0.333333
vt 0.541667 0.028770
vt 0.402892 0.225302
vt 0.593645 0.227122
vt 0.549614 0.225290
vt 0.536559 0.194019
vt 0.458333 0.221596
vt 0.174687 0.507010
vt 0.125000 0.513889
vt 0.383633 0.237500
vt 0.240336 0.219868
vt 0.375000 0.180556
vt 0.546716 0.482175
vt 0.519339 0.458075
vt 0.779174 0.687191
vt 0.480307 0.439452
vt 0.505824 0.462798
vt 0.479560 0.438768
vt 0.240497 0.219945
vt 0.240754 0.220067
vt 0.478372 0.437682
vt 0.260000 0.229307
vt 0.260807 0.230019
vt 0.262091 0.231151
vt 0.518504 0.457679
vt 0.519017 0.457922
vt 0.465058 0.027778
vt 0.560409 0.243685
vt 0.560409 0.243528
vt 0.595229 0.243690
vt 0.595561 0.243690
vt 0.595770 0.243690
vt 0.595841 0.239605
vt 0.595841 0.239490
vt 0.595841 0.239464
vt 0.595841 0.239448
vt 0.561021 0.239443
vt 0.560480 0.239443
vt 0.560409 0.243643
vt 0.560409 0.243669
vt 0.508844 0.238914
vt 0.513783 0.244407
vt 0.623293 0.473186
vt 0.584572 0.476928
vt 0.583496 0.477952
vt 0.583506 0.477924
vt 0.623058 0.473214
vt 0.622684 0.473258
vt 0.525247 0.485020
vt 0.581029 0.484776
vt 0.473067 0.236238
vt 0.593750 0.236252
vt 0.560409 0.239490
vt 0.560409 0.239464
vt 0.560409 0.239448
vt 0.621276 0.244676
vt 0.596440 0.245718
vt 0.595753 0.239308
vt 0.595770 0.239443
vt 0.595229 0.239443
vt 0.595561 0.239443
vt 0.548573 0.245333
vt 0.560689 0.243690
vt 0.548692 0.245366
vt 0.561022 0.243690
vt 0.548619 0.245346
vt 0.595841 0.243685
vt 0.595841 0.243669
vt 0.383633 0.236862
vt 0.513942 0.242806
vt 0.560480 0.243690
vt 0.513467 0.243815
vt 0.506268 0.238776
vt 0.507551 0.238776
vt 0.508358 0.238776
vt 0.509858 0.243735
vt 0.513942 0.243010
vt 0.513942 0.242931
vt 0.596897 0.245722
vt 0.597184 0.245724
vt 0.621468 0.249810
vt 0.508641 0.247903
vt 0.508662 0.247890
vt 0.512074 0.243784
vt 0.595857 0.248659
vt 0.595848 0.248677
vt 0.595843 0.248688
vt 0.560480 0.248692
vt 0.560689 0.248692
vt 0.875000 0.505088
vt 0.658245 0.464452
vt 0.384517 0.508748
vt 0.384748 0.499664
vt 0.583480 0.477996
vt 0.522660 0.485088
vt 0.524103 0.484917
vt 0.525011 0.484809
vt 0.581009 0.485043
vt 0.581241 0.485018
vt 0.581610 0.484979
vt 0.523431 0.491122
vt 0.523419 0.491161
vt 0.523411 0.491186
vt 0.620312 0.480778
vt 0.620293 0.480826
vt 0.620281 0.480855
vt 0.595770 0.248692
vt 0.597266 0.245759
vt 0.597274 0.245740
vt 0.597280 0.245729
vt 0.548656 0.245329
vt 0.549400 0.245335
vt 0.548943 0.245332
vt 0.560275 0.248654
vt 0.560393 0.248688
vt 0.595228 0.248692
vt 0.595561 0.248692
vt 0.508640 0.238781
vt 0.317368 0.380868
vt 0.158333 0.502083
vt 0.508695 0.238817
vt 0.508662 0.238795
vt 0.525318 0.484781
vt 0.191667 0.212963
vt 0.525299 0.484845
vt 0.525310 0.484806
vt 0.522207 0.491322
vt 0.523103 0.491227
vt 0.520782 0.491474
vt 0.583590 0.477905
vt 0.580959 0.484971
vt 0.580943 0.485014
vt 0.580933 0.485042
vt 0.620198 0.480874
vt 0.619596 0.480938
vt 0.619966 0.480898
vt 0.623338 0.473263
vt 0.623369 0.473186
vt 0.584199 0.477833
vt 0.583825 0.477877
vt 0.664399 0.593860
vt 0.499946 1.003463
vt 0.456633 0.055137
vt 0.437513 0.998728
vt 0.497985 0.998730
vt 0.501409 0.139527
vt 0.510523 0.868729
vt 0.505746 0.030903
vt 0.766676 0.752713
vt 0.629128 0.869364
vt 0.638348 0.784733
vt 0.669143 0.753256
vt 0.511224 0.868486
vt 0.744999 0.752377
vt 0.720111 0.755927
vt 0.697575 0.761497
vt 0.640964 0.829743
vt 0.624336 0.749999
vt 0.577844 0.613719
vt 0.726263 0.713617
vt 0.875000 0.722222
vt 0.625000 0.083333
vt 0.541667 0.555556
vt 0.539305 0.583615
vt 0.538638 0.584440
vt 0.540907 0.583333
vt 0.541319 0.583333
vt 0.541578 0.583333
vt 0.568311 0.074074
vt 0.458333 0.046335
vt 0.458333 0.046447
vt 0.491456 0.599820
vt 0.588656 0.632228
vt 0.398698 0.576534
vt 0.398997 0.576457
vt 0.436043 0.567673
vt 0.435336 0.567443
vt 0.399474 0.576334
vt 0.434891 0.567299
vt 0.541667 0.338461
vt 0.460926 0.333333
vt 0.460926 0.194444
vt 0.437500 0.247222
vt 0.375000 0.247222
vt 0.508358 0.247908
vt 0.506268 0.247908
s 0
usemtl ExteriorSurfaces
f 6/1/1 7/2/1 137/3/1
f 753/4/2 16/5/2 17/4/2
f 777/6/3 750/7/3 762/7/3
s 1
f 43/8/4 162/9/5 45/10/6
f 45/10/6 161/11/7 46/12/8
f 46/12/8 160/13/9 47/14/10
f 160/13/9 48/15/11 47/14/10
f 159/16/12 49/17/13 48/15/11
f 37/18/14 153/19/15 152/20/16
f 42/21/17 154/22/18 153/19/15
f 41/23/19 155/24/20 154/22/18
f 40/25/21 156/26/22 155/27/20
f 39/28/23 157/29/24 156/26/22
f 201/30/25 200/31/26 151/31/27
f 44/32/28 49/17/13 158/33/29
f 140/34/30 27/35/31 141/36/32
f 141/36/32 26/37/33 142/37/34
f 142/37/34 25/38/35 143/38/36
f 25/38/35 144/39/37 143/38/36
f 24/40/38 145/41/39 144/39/37
f 51/42/40 56/43/41 164/44/42
f 73/45/43 186/46/44 74/47/45
f 74/47/45 185/48/46 75/49/47
f 75/49/47 184/50/48 76/51/49
f 184/50/48 77/52/50 76/51/49
f 183/53/51 72/54/52 77/52/50
f 56/43/41 165/55/53 164/44/42
f 55/56/54 166/57/55 165/55/53
f 54/58/56 167/59/57 166/60/55
f 53/61/58 168/62/59 167/59/57
f 52/63/60 169/64/61 168/62/59
f 170/65/62 63/66/63 171/67/64
f 171/67/64 62/68/65 172/69/66
f 62/68/65 173/70/67 172/69/66
f 61/71/68 174/72/69 173/71/67
f 60/73/70 175/74/71 174/72/69
f 65/75/72 176/76/73 230/77/74
f 243/78/75 242/79/76 187/79/77
f 31/80/78 150/81/79 32/82/80
f 32/82/80 149/83/81 33/84/82
f 33/84/82 148/85/83 34/86/84
f 34/86/84 147/87/85 35/88/86
f 35/88/86 146/89/87 30/90/88
f 64/91/89 180/92/90 66/92/91
f 66/92/91 179/93/92 67/94/93
f 67/94/93 178/95/94 68/95/95
f 68/96/95 177/97/96 69/98/97
f 69/98/97 176/76/73 70/99/98
f 23/100/99 140/34/30 188/100/100
f 152/20/16 22/41/101 37/18/14
f 163/101/102 30/90/88 146/89/87
f 182/102/103 50/103/104 72/54/52
f 181/91/105 58/65/106 170/65/62
f 93/104/107 1259/105/108 1258/104/107
f 98/105/108 1260/106/109 1259/105/108
f 97/107/109 1261/108/110 1260/106/109
f 96/109/110 1262/110/111 1261/108/110
f 95/111/111 1263/112/112 1262/110/111
f 94/113/112 1264/114/113 1263/112/112
f 1258/104/114 1316/105/114 1403/104/114
f 1286/115/115 1402/116/115 1313/116/115
f 1259/105/114 1318/106/114 1316/105/114
f 1307/117/115 1382/118/115 1300/118/115
f 100/119/116 1273/120/117 1272/121/116
f 105/122/117 1274/123/118 1273/120/117
f 104/124/118 1275/125/119 1274/123/118
f 103/126/119 1276/127/120 1275/125/119
f 102/128/120 1277/129/121 1276/127/120
f 101/130/121 1278/131/122 1277/129/121
f 86/132/123 1280/133/124 1279/134/123
f 91/135/124 1281/136/125 1280/133/124
f 90/137/125 1282/138/126 1281/136/125
f 89/139/126 1283/140/127 1282/138/126
f 88/141/127 1284/142/128 1283/140/127
f 87/143/128 1285/144/129 1284/142/128
f 1260/106/114 1320/108/114 1318/106/114
f 1306/145/115 1374/146/115 1293/146/115
f 915/147/114 916/148/114 859/147/114
f 121/149/130 1287/150/131 1286/115/130
f 126/151/131 1288/152/132 1287/150/131
f 125/153/132 1289/154/133 1288/152/132
f 124/155/133 1290/156/134 1289/154/133
f 123/157/134 1291/158/135 1290/156/134
f 122/159/135 1292/160/136 1291/158/135
f 1262/110/114 1320/108/114 1261/108/114
f 1299/161/115 1373/160/115 1292/160/115
f 1263/112/114 1322/110/114 1262/110/114
f 1264/114/114 1324/112/114 1263/112/114
f 1265/162/114 1404/163/114 1266/163/114
f 1266/163/114 1405/164/114 1267/164/114
f 107/165/129 1308/166/128 1307/117/129
f 112/166/128 1309/167/127 1308/166/128
f 111/168/127 1310/169/126 1309/167/127
f 110/169/126 1311/170/125 1310/169/126
f 109/171/125 1312/172/124 1311/170/125
f 108/173/124 1313/116/123 1312/172/124
f 1267/164/114 1406/174/114 1268/174/114
f 1269/175/114 1406/174/114 1407/175/114
s 0
f 333/176/137 134/177/137 12/178/137
s 1
f 1083/179/138 284/180/139 285/179/140
f 161/11/141 212/13/142 160/13/143
f 1082/180/144 283/181/145 284/180/139
f 160/13/143 211/16/146 159/16/147
f 1081/181/148 282/182/149 283/181/145
f 159/16/147 210/33/150 158/33/29
f 1080/182/151 281/183/152 282/182/149
f 1079/183/153 280/184/154 281/183/152
f 1078/184/155 279/185/156 280/184/154
f 156/26/157 207/29/158 206/26/159
f 1075/186/160 278/187/161 1076/187/162
f 155/27/163 206/26/159 205/27/164
f 1074/188/165 277/186/166 1075/186/160
f 154/22/167 205/24/164 204/22/168
f 1073/189/169 276/188/170 1074/188/165
f 153/19/171 204/22/168 203/19/172
f 1072/190/173 275/189/174 1073/189/169
f 181/91/175 223/65/176 236/91/177
f 152/20/178 203/19/172 202/20/179
f 1071/191/180 274/190/181 1072/190/173
f 1070/192/182 273/191/183 1071/191/180
f 169/64/184 237/102/185 222/64/186
f 151/31/27 199/81/187 150/81/188
f 1069/193/189 270/194/190 271/193/191
f 150/81/188 198/83/192 149/83/193
f 1068/194/194 269/195/195 270/194/190
f 149/83/193 197/85/196 148/85/197
f 1067/195/198 268/196/199 269/195/195
f 148/85/197 196/87/200 147/87/201
f 1066/196/202 267/197/203 268/196/199
f 147/87/201 195/89/204 146/89/205
f 1065/197/206 266/198/207 267/197/203
f 144/39/208 194/41/209 193/39/210
f 1064/198/211 265/199/212 266/198/207
f 143/38/213 193/39/210 192/38/214
f 1061/200/215 264/201/216 1062/201/217
f 142/37/218 192/38/214 191/37/219
f 1060/202/220 263/200/221 1061/200/215
f 141/36/222 191/37/219 190/36/223
f 1059/203/224 262/202/225 1060/202/220
f 146/89/205 215/101/226 163/101/227
f 140/34/30 190/36/223 189/34/228
f 1058/204/229 261/203/230 1059/203/224
f 1057/205/231 260/204/232 1058/204/229
f 145/41/233 202/20/179 194/41/209
f 1056/206/234 259/205/235 1057/205/231
f 1055/207/236 256/208/237 257/207/238
f 1054/208/239 255/209/240 256/208/237
f 797/210/241 1039/211/242 795/212/243
s 0
f 288/213/244 232/97/244 233/214/244
s 1
f 23/100/99 201/30/25 29/215/245
f 802/216/246 796/217/247 798/218/248
f 65/75/72 243/78/75 71/219/249
f 209/32/250 370/220/251 44/32/28
s 0
f 271/193/252 215/101/252 195/89/252
f 202/25/253 798/221/253 194/41/253
s 1
f 162/9/254 213/11/255 161/11/141
f 1085/222/256 286/223/257 287/222/258
f 163/101/227 214/9/259 162/9/254
f 1086/213/260 287/222/258 288/213/261
f 1087/224/262 288/213/261 289/224/263
f 164/44/42 218/55/264 217/44/265
f 1088/225/266 289/224/263 290/225/267
f 165/55/268 219/57/269 218/55/264
f 1089/226/270 290/225/267 291/226/271
f 166/60/272 220/59/273 219/60/269
f 1090/227/274 291/226/271 292/227/275
f 167/59/276 221/62/277 220/59/273
f 1091/228/278 294/229/279 1092/229/280
f 168/62/281 222/64/186 221/62/277
f 1092/229/280 295/230/282 1093/230/283
f 171/67/284 223/65/176 170/65/285
f 1093/230/283 296/231/286 21/231/287
f 172/69/288 224/67/289 171/67/284
f 21/231/287 297/232/290 1094/232/291
f 173/70/292 225/69/293 172/69/288
f 1094/232/291 298/233/294 1095/233/295
f 174/72/296 226/71/297 173/71/292
f 1095/233/295 299/234/298 1096/234/299
f 175/74/71 227/72/300 174/72/296
f 1055/207/236 244/235/301 1042/235/302
f 1039/211/303 258/206/304 1056/206/234
f 1049/236/305 271/193/191 251/236/306
f 177/97/307 231/76/308 176/76/73
f 1063/199/309 264/201/216 265/199/212
f 178/214/310 232/97/311 177/97/307
f 1042/235/302 245/237/312 1043/237/313
f 1070/192/182 285/179/140 272/192/314
f 179/93/315 233/95/316 178/95/310
f 1043/237/313 246/238/317 1044/238/318
f 1076/187/162 293/228/319 1091/228/278
f 180/92/320 234/93/321 179/93/315
f 1044/238/318 247/239/322 1045/239/323
f 1077/185/324 292/227/275 279/185/156
f 181/91/175 235/92/325 180/92/320
f 1045/239/323 248/240/326 1046/240/327
f 1096/234/299 286/223/257 1084/223/328
f 182/102/329 238/53/330 237/102/185
f 1046/240/327 249/241/331 1047/241/332
f 183/53/333 239/50/334 238/53/330
f 1047/241/332 250/242/335 1048/242/336
f 184/50/337 240/48/338 239/50/334
f 1050/243/339 251/236/306 252/243/340
f 185/48/341 241/46/342 240/48/338
f 1051/244/343 252/243/340 253/244/344
f 186/46/345 242/79/76 241/46/342
f 1052/245/346 253/244/344 254/245/347
f 1053/209/348 254/245/347 255/209/240
s 0
f 4/246/3 5/247/3 300/248/3
s 1
f 315/249/349 368/250/350 363/251/349
f 320/252/350 367/253/351 368/250/350
f 319/254/351 366/255/352 367/253/351
f 318/256/352 365/257/353 366/255/352
f 317/258/353 364/259/354 365/257/353
f 316/259/354 371/260/355 364/259/354
f 368/250/3 1206/253/356 1204/250/3
f 367/253/356 1208/255/357 1206/253/356
f 365/257/357 1208/255/357 366/255/357
f 322/261/358 1189/262/359 1188/263/358
f 327/264/359 1190/265/360 1189/262/359
f 326/266/360 1191/267/46 1190/265/360
f 325/268/46 1192/269/361 1191/267/46
f 324/270/361 1193/271/362 1192/269/361
f 323/272/362 1194/273/363 1193/271/362
f 364/259/3 1210/257/357 365/257/357
f 371/260/3 1212/259/3 364/259/3
f 376/248/3 1248/274/3 375/274/3
s 0
f 2/275/3 315/249/3 321/276/3
f 1003/277/364 995/278/364 978/279/364
s 1
f 375/274/3 1247/280/356 374/280/3
f 374/280/3 1246/281/3 373/281/357
s 0
f 696/282/365 694/282/365 695/282/365
f 800/283/366 799/284/366 334/285/366
f 113/286/115 115/287/115 15/288/115
f 393/289/367 14/290/367 328/291/367
s 1
f 1101/292/368 355/293/369 1102/294/369
f 355/293/369 1103/295/370 1102/294/369
f 354/296/370 1104/297/371 1103/295/370
f 353/298/371 1105/299/372 1104/297/371
f 352/300/372 1106/301/373 1105/299/372
f 351/302/373 1107/303/374 1106/301/373
f 336/304/355 1109/305/354 1108/306/355
f 341/307/354 1110/308/353 1109/305/354
f 340/309/353 1111/310/352 1110/308/353
f 339/311/352 1112/312/351 1111/310/352
f 338/313/351 1113/314/350 1112/312/351
f 337/315/350 1114/316/349 1113/314/350
f 1105/299/375 1159/297/375 1104/297/375
f 1106/301/375 1160/299/375 1105/299/375
f 1107/303/375 1161/301/375 1106/301/375
f 357/317/376 1123/318/377 1122/319/376
f 362/320/377 1124/321/378 1123/318/377
f 361/322/378 1125/323/379 1124/321/378
f 360/324/379 1126/325/380 1125/323/379
f 359/326/380 1127/327/381 1126/325/380
f 358/328/381 1128/329/382 1127/327/381
s 0
f 350/330/375 1099/331/375 16/332/375
s 1
f 1115/333/358 357/317/376 1122/319/376
s 0
f 709/334/383 434/282/383 735/282/383
f 776/282/357 775/282/357 766/282/357
f 651/335/3 395/336/3 689/337/3
s 1
f 378/338/3 397/339/123 388/339/123
f 468/340/122 396/341/375 379/341/375
s 0
f 19/342/375 1026/343/375 1002/344/375
f 503/345/115 499/346/115 498/347/115
s 1
f 506/348/107 400/349/384 398/350/107
f 511/351/384 401/352/109 400/349/384
f 510/352/109 402/353/110 401/352/109
f 509/353/110 403/354/111 402/353/110
f 508/354/111 404/355/112 403/354/111
f 507/355/112 399/356/113 404/355/112
f 426/347/130 500/357/131 498/347/130
f 431/358/131 501/359/132 500/357/131
f 430/359/132 502/360/133 501/359/132
f 429/360/133 503/361/134 502/360/133
f 428/361/134 504/362/135 503/361/134
f 427/362/135 499/346/136 504/362/135
f 412/363/123 485/364/124 414/364/124
f 485/364/124 415/365/125 414/364/124
f 484/365/125 416/366/126 415/365/125
f 483/366/126 417/367/127 416/366/126
f 482/367/127 418/368/128 417/367/127
f 481/369/128 413/370/129 418/368/128
f 513/371/123 435/372/124 432/371/123
f 518/373/124 436/374/125 435/372/124
f 517/374/125 437/375/126 436/374/125
f 516/375/126 438/376/127 437/375/126
f 515/376/127 439/377/128 438/376/127
f 514/377/128 433/378/129 439/377/128
f 406/379/122 521/380/385 519/381/122
f 411/382/385 522/383/120 521/380/385
f 410/384/120 523/385/119 522/383/120
f 409/385/119 524/386/118 523/385/119
f 408/386/118 525/387/117 524/386/118
f 407/387/117 520/388/116 525/387/117
f 490/389/386 475/390/125 474/391/124
f 489/392/125 476/393/126 475/390/125
f 488/394/126 477/395/127 476/393/126
f 487/396/127 478/397/387 477/395/127
f 1100/398/122 493/399/121 491/400/122
f 424/401/121 494/402/120 493/399/121
f 423/403/120 495/404/119 494/402/120
f 422/404/119 496/405/118 495/404/119
f 421/405/118 497/406/117 496/405/118
f 420/406/117 492/407/116 497/406/117
f 468/408/122 555/409/385 554/408/122
f 473/410/385 556/411/120 555/409/385
f 472/412/120 557/413/119 556/411/120
f 471/414/119 558/415/118 557/413/119
f 470/416/118 559/417/388 558/415/118
f 527/418/136 442/419/135 440/420/136
f 532/419/135 443/421/134 442/419/135
f 531/421/134 444/422/133 443/421/134
f 530/422/133 445/423/132 444/422/133
f 529/424/132 446/425/389 445/423/132
f 528/426/131 441/427/130 446/425/389
f 448/428/129 535/429/128 533/428/129
f 453/429/128 536/430/127 535/429/128
f 452/430/127 537/431/126 536/430/127
f 451/431/126 538/432/125 537/431/126
f 450/432/125 539/433/386 538/432/125
f 449/434/124 534/435/123 539/433/386
f 541/436/390 456/437/108 454/438/390
f 546/439/108 457/440/109 456/437/108
f 545/440/109 458/441/110 457/440/109
f 544/441/110 459/442/111 458/441/110
f 543/443/111 460/444/112 459/442/111
f 542/445/112 455/446/113 460/444/112
f 462/447/391 549/448/121 547/447/391
f 467/449/121 550/450/120 549/448/121
f 466/450/120 551/451/119 550/450/120
f 465/451/119 552/452/118 551/451/119
f 464/453/118 553/454/117 552/452/118
f 463/455/117 548/456/116 553/454/117
f 406/379/122 506/348/107 398/350/107
f 399/356/113 499/346/136 425/346/136
f 433/378/129 520/388/116 405/457/116
f 380/289/3 480/458/123 412/363/123
f 413/370/129 794/459/392 381/459/393
f 382/460/394 492/407/116 419/461/116
f 426/347/130 513/371/123 432/371/123
f 455/446/113 527/418/136 440/420/136
f 441/427/130 534/435/123 447/435/123
f 448/428/129 548/456/116 461/462/116
f 462/447/391 541/436/390 454/438/390
s 0
f 611/463/114 612/464/114 1/465/114
s 1
f 561/466/123 639/467/124 637/468/123
f 566/467/124 640/469/125 639/467/124
f 565/469/125 641/470/126 640/469/125
f 564/470/126 642/471/127 641/470/126
f 563/471/127 643/472/128 642/471/127
f 562/472/128 638/473/129 643/472/128
f 631/474/391 569/475/121 567/476/391
f 636/477/121 570/478/120 569/475/121
f 635/479/120 571/480/119 570/478/120
f 634/480/119 572/481/118 571/480/119
f 633/481/118 573/482/117 572/481/118
f 632/482/117 568/483/116 573/482/117
f 603/484/123 583/485/124 581/484/123
f 608/485/386 584/486/125 583/485/124
f 607/487/125 585/488/126 584/486/125
f 606/488/126 586/489/127 585/488/126
f 605/489/127 587/490/128 586/489/127
f 604/490/128 582/491/129 587/490/128
f 624/492/130 590/493/131 588/494/130
f 629/493/389 591/495/132 590/493/131
f 628/496/132 592/497/133 591/495/132
f 627/497/133 593/498/134 592/497/133
f 626/498/134 594/499/135 593/498/134
f 625/499/135 589/500/136 594/499/135
f 575/501/391 611/463/121 609/502/391
f 580/463/121 612/464/120 611/463/121
f 579/464/120 613/503/119 612/464/120
f 578/503/119 614/504/118 613/503/119
f 577/504/118 615/505/117 614/504/118
f 576/506/117 610/507/116 615/505/117
f 596/508/390 618/509/108 616/510/390
f 601/511/108 619/512/109 618/509/108
f 600/512/109 620/513/110 619/512/109
f 599/513/110 621/514/111 620/513/110
f 598/515/111 622/516/112 621/514/111
f 597/517/112 617/518/113 622/516/112
f 561/466/123 392/519/3 383/519/3
f 568/483/116 638/473/129 560/473/129
f 384/520/375 631/474/391 567/476/391
f 596/508/390 575/501/391 609/502/391
f 610/507/116 582/491/129 602/521/129
f 603/484/123 624/492/130 588/494/130
f 589/500/136 617/518/113 595/518/113
s 0
f 648/522/114 650/523/114 647/523/114
f 644/524/375 650/525/375 649/524/375
f 646/526/115 652/282/115 655/526/115
f 663/527/3 655/528/3 654/527/3
f 662/529/395 660/530/395 661/531/395
f 390/282/396 652/282/396 645/282/396
f 657/532/115 661/533/115 658/533/115
f 389/534/397 662/529/397 657/529/397
f 656/530/3 661/531/3 660/530/3
f 408/386/115 409/535/115 664/536/115
f 650/523/398 689/337/398 649/524/398
f 457/440/115 458/537/115 422/538/115
f 711/539/3 732/282/3 740/540/3
f 675/541/364 10/542/364 11/543/364
f 674/544/399 4/545/399 10/542/399
f 11/543/400 677/546/400 675/541/400
s 1
f 397/547/123 474/391/124 388/548/123
f 478/397/387 793/460/401 382/460/394
f 469/549/402 794/550/392 559/417/388
s 0
f 683/7/403 680/551/403 691/552/403
f 686/282/404 692/541/404 678/553/404
f 697/282/367 665/282/367 664/282/367
f 669/334/364 687/282/364 668/554/364
f 688/282/405 695/282/405 698/282/405
f 700/555/364 690/539/364 701/540/364
f 683/7/364 702/556/364 699/6/364
f 682/557/406 699/6/406 702/556/406
f 665/558/407 702/556/407 694/282/407
f 665/558/408 704/282/408 664/536/408
f 685/559/409 700/555/409 701/540/409
f 666/560/410 700/555/410 681/559/410
f 688/282/411 703/282/411 666/560/411
f 696/282/114 704/282/114 694/282/114
f 703/282/115 698/282/115 695/282/115
f 671/539/3 693/282/3 701/540/3
f 723/7/403 720/551/403 730/552/403
f 726/282/404 731/541/404 718/553/404
f 736/282/367 434/282/367 705/282/367
f 727/282/357 737/282/357 736/282/357
f 709/334/364 727/282/364 708/554/364
f 728/282/405 734/282/405 737/282/405
f 739/555/364 729/539/364 740/540/364
f 723/7/364 741/556/364 738/6/364
f 722/557/412 738/6/412 741/556/412
f 434/558/413 741/556/413 733/282/413
f 434/558/414 743/282/414 705/536/414
f 725/559/409 739/555/409 740/540/409
f 706/560/415 739/555/415 721/559/415
f 728/282/411 742/282/411 706/560/411
f 736/282/114 733/282/114 735/282/114
f 762/7/403 759/551/403 769/552/403
f 772/282/375 780/556/375 754/552/375
f 765/282/404 770/541/404 758/553/404
f 775/282/367 745/282/367 744/282/367
f 698/282/3 697/282/3 687/282/3
f 749/334/364 766/282/364 748/554/364
f 767/282/405 773/282/405 776/282/405
f 778/555/364 768/539/364 779/540/364
f 762/7/364 780/556/364 777/6/364
f 761/557/412 777/6/412 780/556/412
f 747/561/416 749/334/416 774/282/416
f 745/558/417 782/282/417 744/536/417
f 764/559/409 778/555/409 779/540/409
f 767/282/411 781/282/411 746/560/411
f 775/282/114 772/282/114 774/282/114
f 727/282/114 747/561/114 746/560/114
f 790/282/418 721/559/418 785/562/418
f 792/563/419 784/282/419 787/563/419
f 785/562/3 786/282/3 790/282/3
f 685/559/420 688/282/420 789/282/420
f 784/282/364 789/282/364 790/282/364
f 784/282/421 788/282/421 787/282/421
f 783/563/422 791/282/422 792/563/422
f 783/563/367 792/563/367 787/563/367
f 742/282/115 737/282/115 734/282/115
f 776/282/115 781/282/115 771/282/115
f 120/564/115 122/159/115 17/565/115
s 1
f 545/566/115 541/436/115 540/567/115
s 0
f 554/408/115 556/411/115 794/459/115
f 689/568/114 637/468/114 638/473/114
s 1
f 216/569/423 57/570/424 51/42/40
s 0
f 579/571/114 575/501/114 574/507/114
s 1
f 208/572/425 207/29/158 157/29/24
s 0
f 798/573/426 801/574/426 802/575/426
s 1
f 800/216/427 801/576/428 799/577/429
s 0
f 218/578/430 219/60/430 274/190/430
s 1
f 804/579/130 861/580/131 860/579/130
f 809/581/131 863/582/132 861/580/131
f 808/583/132 865/584/133 863/582/132
f 807/585/133 867/586/134 865/584/133
f 806/587/134 869/588/135 867/586/134
f 805/589/135 871/590/136 869/588/135
f 853/591/107 875/592/108 874/591/107
f 858/592/108 877/593/109 875/592/108
f 857/593/109 879/594/110 877/593/109
f 856/594/110 881/595/111 879/594/110
f 855/595/111 883/596/112 881/595/111
f 854/597/112 885/598/113 883/596/112
f 888/599/129 816/600/431 889/601/128
f 889/601/128 815/602/432 891/602/127
f 815/602/432 893/603/126 891/602/127
f 814/603/126 895/604/125 893/603/126
f 813/605/125 897/606/124 895/604/125
f 812/607/124 899/608/123 897/606/124
f 902/609/122 823/610/121 903/611/121
f 903/611/121 822/612/120 905/613/120
f 905/613/120 821/614/119 907/614/119
f 907/614/119 820/615/118 909/616/118
f 909/616/118 819/617/433 911/617/117
f 911/617/117 817/618/116 913/619/116
f 859/147/130 839/620/123 900/621/123
f 885/598/113 832/590/136 872/590/136
f 914/618/116 838/599/129 846/618/116
f 874/591/107 845/609/122 853/591/107
f 818/622/122 873/591/107 824/591/107
f 811/623/129 913/619/116 817/618/116
f 825/598/113 871/590/136 803/590/136
f 913/619/115 918/617/115 911/617/115
f 804/579/130 899/608/123 810/624/123
f 912/617/117 846/618/116 851/617/117
f 910/616/118 851/617/117 850/616/118
f 908/614/119 850/616/118 849/614/119
f 906/612/120 849/614/119 848/612/120
f 904/610/121 848/612/120 847/610/121
f 901/625/122 847/610/121 845/609/122
f 898/607/124 839/620/123 844/607/124
f 896/626/125 844/607/124 843/626/125
f 894/603/126 843/626/125 842/603/126
f 892/602/127 842/603/126 841/627/127
f 890/600/128 841/627/127 840/600/128
f 887/599/129 840/600/128 838/599/129
f 884/596/112 825/598/113 830/596/112
f 882/595/111 830/596/112 829/595/111
f 880/594/110 829/595/111 828/594/434
f 878/593/109 828/594/434 827/593/435
f 876/592/108 827/593/435 826/592/436
f 824/591/107 876/592/108 826/592/436
f 870/628/135 832/590/136 837/629/135
f 868/630/134 837/629/135 836/631/134
f 866/632/133 836/631/134 835/633/133
f 864/634/132 835/633/133 834/635/132
f 862/148/131 834/635/132 833/636/131
f 859/147/130 833/636/131 831/147/130
s 0
f 709/334/115 435/372/115 434/282/115
s 1
f 915/147/114 923/148/437 916/148/114
f 962/625/438 965/610/439 901/625/114
f 934/591/440 962/625/438 935/591/441
f 974/619/442 948/599/443 975/618/444
f 947/598/445 933/590/446 932/590/447
f 921/579/448 961/621/449 960/608/450
f 972/617/451 975/618/444 973/617/452
f 970/616/453 973/617/452 971/616/454
f 968/614/455 971/616/454 969/614/456
f 966/613/457 969/614/456 967/612/458
f 964/611/459 967/612/458 965/610/439
f 963/609/460 965/610/439 962/625/438
f 958/606/461 961/621/449 959/607/462
f 956/604/463 959/607/462 957/626/464
f 954/603/465 957/626/464 955/603/466
f 952/602/467 955/603/466 953/602/468
f 950/601/469 953/602/468 951/600/470
f 949/599/471 951/600/470 948/599/443
f 944/596/472 947/598/445 945/596/473
f 942/595/474 945/596/473 943/595/475
f 940/594/476 943/595/475 941/594/477
f 938/593/478 941/594/477 939/593/479
f 936/592/480 939/593/479 937/592/481
f 935/591/441 937/592/481 934/591/440
f 930/588/482 933/590/446 931/628/483
f 928/586/484 931/628/483 929/630/485
f 926/584/486 929/630/485 927/632/487
f 924/582/488 927/632/487 925/634/489
f 922/580/490 925/634/489 923/148/437
f 921/579/448 923/148/437 920/147/491
f 871/590/115 932/590/447 930/588/482
f 917/621/114 920/147/491 915/147/114
f 919/619/115 972/617/451 918/617/115
f 335/637/349 1121/638/363 1114/316/349
f 1025/639/492 977/640/367 1033/641/492
f 982/642/493 1004/643/108 1002/344/494
f 987/644/108 1005/645/109 1004/643/108
f 986/646/109 1006/647/110 1005/645/109
f 985/648/110 1007/649/111 1006/647/110
f 984/650/111 1008/651/112 1007/649/111
f 983/651/112 1003/277/495 1008/651/112
f 996/652/496 990/653/131 988/654/496
f 1001/655/131 991/656/132 990/653/131
f 1000/657/132 992/279/133 991/656/132
f 999/658/133 993/659/134 992/279/133
f 998/659/134 994/660/135 993/659/134
f 997/661/135 989/278/497 994/660/135
s 0
f 1006/647/115 1007/649/115 1009/282/115
f 1010/282/115 999/658/115 1000/657/115
s 1
f 1012/639/116 1027/662/117 1025/639/116
f 1017/663/117 1028/664/118 1027/662/117
f 1016/664/118 1029/342/119 1028/664/118
f 1015/342/119 1030/665/120 1029/342/119
f 1014/666/120 1031/667/121 1030/665/120
f 1013/668/121 1026/343/498 1031/667/121
f 1033/641/129 1020/669/128 1018/670/129
f 1038/669/128 1021/671/127 1020/669/128
f 1037/671/127 1022/640/126 1021/671/127
f 1036/640/126 1023/672/125 1022/640/126
f 1035/673/125 1024/674/124 1023/672/125
f 1034/675/124 1019/676/499 1024/674/124
f 1025/639/116 1018/670/129 1012/639/116
s 0
f 978/279/3 996/652/3 1032/677/3
s 1
f 229/570/500 228/74/501 175/74/71
f 356/678/382 1129/679/115 1128/329/382
s 0
f 328/680/375 335/637/375 329/282/375
f 714/552/399 673/681/399 670/7/399
f 717/682/400 671/539/400 672/683/400
f 671/539/364 714/552/364 670/7/364
f 713/681/399 754/552/399 756/684/399
f 711/539/364 754/552/364 710/7/364
f 711/539/400 757/682/400 755/541/400
f 329/282/502 331/685/502 751/539/502
f 1041/686/503 20/686/503 7/687/503
f 7/688/504 6/689/504 3/690/504
f 138/282/505 795/282/505 1097/282/505
f 7/691/506 1092/229/506 1093/230/506
f 1078/184/507 1079/183/507 134/692/507
s 1
f 798/693/508 1048/242/336 250/242/335
s 0
f 1049/236/509 137/694/509 1069/193/509
f 139/282/510 138/282/510 1097/282/510
s 1
f 1099/331/115 1101/292/368 1129/679/115
s 0
f 1100/398/115 5/695/115 4/696/115
s 1
f 1100/398/122 394/697/375 377/697/375
f 372/698/3 1246/281/3 1245/698/3
s 0
f 1146/699/3 1147/700/3 334/701/3
f 334/702/3 8/703/3 9/704/3
s 1
f 369/705/511 36/706/512 370/220/251
s 0
f 139/707/513 135/708/513 333/709/513
f 809/581/514 804/579/514 976/648/514
f 20/710/515 1040/711/515 13/712/515
f 8/713/114 3/714/114 100/119/114
f 93/715/516 6/716/516 137/717/516
f 79/718/114 92/719/114 9/704/114
f 820/615/517 821/720/517 20/721/517
f 136/722/518 93/723/518 137/724/518
f 12/725/3 1098/726/3 333/727/3
f 8/282/367 13/282/367 1040/282/367
f 1040/282/367 3/282/367 8/282/367
f 136/728/519 796/729/519 800/283/519
f 799/284/520 795/730/520 138/731/520
f 9/732/521 136/728/521 800/283/521
f 799/284/522 138/731/522 334/285/522
f 9/732/523 800/283/523 334/285/523
s 1
f 1108/306/375 1163/305/375 1178/306/524
f 1109/305/375 1164/308/375 1163/305/375
f 336/304/355 1107/303/374 349/733/374
f 1110/308/375 1165/310/375 1164/308/375
f 1112/312/375 1165/310/375 1111/310/375
f 1113/314/375 1166/312/375 1112/312/375
f 1114/316/375 1167/314/375 1113/314/375
f 1120/734/362 343/735/363 348/736/362
f 1119/737/361 348/736/362 347/738/361
f 1118/739/46 347/738/361 346/740/46
f 1117/741/360 346/740/46 345/742/360
f 1116/743/359 345/742/360 344/744/359
f 1115/333/358 344/744/359 342/745/358
s 0
f 333/746/3 1139/747/3 1140/748/3
s 1
f 1115/333/375 1179/743/375 1116/743/375
f 1116/743/375 1180/741/375 1117/741/375
f 1117/741/375 1181/739/375 1118/739/375
f 1119/737/375 1181/739/375 1182/737/375
f 322/261/358 1195/749/376 307/749/376
f 1120/734/375 1182/737/375 1183/734/375
f 1156/750/525 1179/743/526 1169/333/525
f 1155/751/526 1180/741/527 1179/743/526
f 1154/752/528 1181/739/529 1180/741/527
f 1153/753/529 1182/737/530 1181/739/529
f 1152/754/530 1183/734/531 1182/737/530
f 1151/755/531 1184/638/532 1183/734/531
f 1178/306/533 1142/756/534 1162/303/534
f 1098/757/535 1176/679/115 1177/292/535
f 1136/758/536 1176/679/115 1098/757/535
f 1168/316/537 1150/759/532 1149/760/537
f 1156/750/525 1185/319/538 1130/761/538
f 1174/327/539 1136/758/536 1135/762/539
f 1173/325/540 1135/762/539 1134/763/540
f 1172/323/541 1134/763/540 1133/764/541
f 1171/321/542 1133/764/541 1132/765/542
f 1170/318/543 1132/765/542 1131/766/543
f 1185/319/538 1131/766/543 1130/761/538
f 1167/314/544 1149/760/537 1148/767/544
f 1166/312/545 1148/767/544 1147/768/545
f 1165/310/546 1147/768/545 1146/769/546
f 1164/308/547 1146/769/546 1145/770/548
f 1163/305/549 1145/770/548 1144/771/549
f 1178/306/533 1144/771/549 1143/772/533
f 1161/301/550 1142/756/534 1141/773/551
f 1160/299/552 1141/773/551 1140/774/553
f 1159/297/554 1140/774/553 1139/775/554
f 1158/295/555 1139/775/554 1138/776/555
f 1157/294/556 1138/776/555 1137/777/556
f 1177/292/535 1137/777/556 1098/746/535
f 1186/778/3 1245/698/3 1244/778/356
f 1103/295/375 1159/297/375 1158/295/375
f 1129/679/375 1177/292/375 1176/679/375
f 1102/294/375 1158/295/375 1157/294/375
f 1195/749/376 309/779/377 307/749/376
f 1129/679/375 1175/329/375 1128/329/375
f 1101/292/375 1157/294/375 1177/292/375
f 1196/780/377 310/781/378 309/779/377
f 1114/316/375 1184/638/375 1168/316/375
f 1197/782/378 311/783/379 310/781/378
f 1107/303/375 1178/306/524 1162/303/557
f 1198/784/379 312/785/380 311/783/379
f 1122/319/375 1169/333/557 1115/333/375
f 1128/329/375 1174/327/375 1127/327/375
f 1127/327/375 1173/325/375 1126/325/375
f 1098/757/3 13/758/3 1136/758/3
f 1199/786/380 313/787/381 312/785/380
f 1126/325/375 1172/323/375 1125/323/375
f 1200/788/381 308/789/382 313/787/381
f 1124/321/375 1172/323/375 1171/321/375
f 301/790/558 371/260/355 314/791/355
f 1123/318/375 1171/321/375 1170/318/375
f 315/249/349 1194/273/363 321/276/363
f 1122/319/375 1170/318/375 1185/319/524
f 308/789/382 376/248/368 300/248/368
f 1121/638/375 1183/734/375 1184/638/375
s 0
f 1130/761/3 1131/766/3 13/792/3
s 1
f 1187/793/356 1244/778/356 1252/793/356
f 306/794/559 1187/793/558 301/790/558
f 372/698/372 306/794/559 305/795/372
f 373/281/371 305/795/372 304/796/371
f 374/280/370 304/796/371 303/280/370
f 375/274/369 303/280/370 302/274/369
f 376/248/368 302/274/369 300/248/368
f 1188/263/3 1225/262/3 1254/263/3
f 1189/262/3 1227/265/356 1225/262/3
f 1190/265/356 1229/267/356 1227/265/356
f 1216/248/535 1248/274/556 1215/248/560
f 1217/797/556 1247/280/555 1248/274/556
f 1218/798/555 1246/281/554 1247/280/555
f 1219/799/554 1245/698/553 1246/281/554
f 1220/800/552 1244/778/551 1245/698/553
f 1244/778/551 1222/801/534 1252/793/561
f 1237/802/538 1251/780/543 1236/749/538
f 1238/803/543 1250/782/542 1251/780/543
f 1239/804/542 1249/784/541 1250/782/542
f 1240/805/541 1255/786/540 1249/784/541
f 1241/806/540 1256/788/539 1255/786/540
f 1242/807/539 1257/808/536 1256/788/539
f 1252/793/561 1213/260/533 1214/260/533
f 1257/808/536 1216/248/535 1215/248/560
f 1254/263/525 1237/802/538 1236/749/538
f 1253/251/537 1234/809/532 1235/273/562
f 1231/269/563 1232/810/531 1230/811/530
f 1227/265/564 1228/812/529 1226/813/527
f 1233/271/531 1234/809/532 1232/810/531
f 1229/267/529 1230/811/530 1228/812/529
f 1225/262/526 1226/813/527 1223/814/526
f 1254/263/525 1223/814/526 1224/815/525
f 1212/259/549 1213/260/533 1211/816/549
f 1210/257/565 1211/816/549 1209/257/547
f 1208/255/546 1209/257/547 1207/817/546
f 1206/253/545 1207/817/546 1205/818/545
f 1204/250/544 1205/818/545 1202/819/544
f 1253/251/537 1202/819/544 1203/820/537
f 363/251/3 1235/273/3 1194/273/3
f 363/251/3 1204/250/3 1253/251/3
f 1188/263/3 1236/749/357 1195/749/357
f 1201/808/3 1215/248/3 376/248/3
f 371/260/3 1252/793/356 1214/260/3
f 1201/808/3 1256/788/3 1257/808/3
f 1200/788/3 1255/786/357 1256/788/3
f 1199/786/3 1249/784/3 1255/786/357
f 1197/782/3 1249/784/3 1198/784/356
f 1196/780/3 1250/782/3 1197/782/3
f 1195/749/357 1251/780/357 1196/780/3
f 1194/273/3 1233/271/3 1193/271/3
f 1193/271/3 1231/269/357 1192/269/357
f 1192/269/357 1229/267/356 1191/267/356
f 120/564/136 1299/161/113 1292/160/136
f 114/821/122 1293/146/107 127/822/107
f 107/165/129 1300/118/116 113/286/116
f 121/149/130 1313/116/123 106/823/123
f 1270/824/114 1407/175/114 1408/824/114
f 1271/718/114 1408/824/114 1409/718/114
f 1272/121/114 1337/120/114 1410/121/114
f 1305/825/121 114/821/122 119/826/121
f 1304/827/120 119/826/121 118/828/120
f 1303/829/119 118/828/120 117/830/119
f 1302/831/118 117/830/119 116/832/118
f 1301/833/117 116/832/118 115/287/117
f 1300/118/116 115/287/117 113/286/116
f 1298/834/112 128/835/113 133/836/112
f 1297/837/111 133/836/112 132/838/111
f 1296/839/110 132/838/111 131/840/110
f 1295/841/109 131/840/110 130/842/109
f 1294/843/108 130/842/109 129/844/108
f 1293/146/107 129/844/108 127/822/107
f 1273/120/114 1339/123/114 1337/120/114
f 1274/123/114 1341/125/114 1339/123/114
f 1276/127/114 1341/125/114 1275/125/114
f 93/104/107 1278/131/122 99/845/122
f 100/119/116 1285/144/129 85/144/129
f 86/132/123 1265/162/130 78/846/130
f 79/718/136 1264/114/113 92/719/113
f 1277/129/114 1343/127/114 1276/127/114
f 1278/131/114 1345/129/114 1277/129/114
f 1279/134/114 1350/133/114 1411/134/114
f 1280/133/114 1352/136/114 1350/133/114
f 1281/136/114 1354/138/114 1352/136/114
f 1270/824/135 79/718/136 84/824/135
f 1269/175/134 84/824/135 83/175/134
f 1268/174/133 83/175/134 82/174/133
f 1267/164/132 82/174/133 81/164/132
f 1266/163/131 81/164/132 80/163/131
f 1265/162/130 80/163/131 78/162/130
f 1283/140/114 1354/138/114 1282/138/114
f 1284/142/114 1356/140/114 1283/140/114
f 1285/144/114 1358/142/114 1284/142/114
f 1328/847/566 1404/163/567 1327/162/566
f 1329/848/567 1405/164/568 1404/163/567
f 1330/849/569 1406/174/570 1405/164/568
f 1331/174/570 1407/175/571 1406/174/570
f 1332/175/572 1408/824/573 1407/175/571
f 1333/824/573 1409/718/574 1408/824/573
f 1409/718/574 1325/850/575 1326/114/575
f 1411/134/576 1328/847/566 1327/162/566
f 1410/121/577 1359/144/578 1360/144/578
f 1403/104/579 1346/851/580 1347/131/580
f 1375/852/581 1413/843/582 1374/146/581
f 1376/853/582 1414/841/583 1413/843/582
f 1377/854/583 1415/839/584 1414/841/583
f 1378/855/584 1416/837/585 1415/839/584
f 1379/856/585 1417/834/586 1416/837/585
f 1380/857/586 1418/161/575 1417/834/586
f 1383/858/577 1419/833/587 1382/118/577
f 1384/859/587 1420/831/588 1419/833/587
f 1385/860/588 1421/829/589 1420/831/588
f 1386/861/589 1422/827/590 1421/829/589
f 1387/862/590 1423/825/591 1422/827/590
f 1388/863/591 1424/145/592 1423/825/591
f 1412/115/593 1401/864/576 1402/116/594
f 1425/117/578 1383/858/577 1382/118/577
f 1424/145/592 1375/852/581 1374/146/581
f 1373/160/574 1381/865/575 1372/866/574
f 1400/172/595 1401/864/576 1399/172/595
f 1398/170/596 1399/172/595 1397/170/597
f 1396/169/598 1397/170/597 1395/169/598
f 1394/167/599 1395/169/598 1393/167/599
f 1392/166/600 1393/167/599 1390/166/600
f 1425/117/578 1390/166/600 1391/867/578
f 1371/158/573 1372/866/574 1370/868/573
f 1369/156/572 1370/868/573 1368/869/571
f 1367/154/570 1368/869/571 1366/870/570
f 1365/152/569 1366/870/570 1364/871/569
f 1363/150/567 1364/871/569 1361/872/567
f 1412/115/593 1361/872/567 1362/873/593
f 1358/142/600 1359/144/578 1357/874/600
f 1356/140/601 1357/874/600 1355/875/599
f 1354/138/598 1355/875/599 1353/876/598
f 1352/136/597 1353/876/598 1351/877/597
f 1350/133/595 1351/877/597 1348/878/595
f 1411/134/576 1348/878/595 1349/879/576
f 1345/129/591 1346/851/580 1344/880/591
f 1343/127/602 1344/880/591 1342/881/590
f 1341/125/589 1342/881/590 1340/882/589
f 1339/123/603 1340/882/589 1338/883/603
f 1337/120/587 1338/883/603 1335/884/587
f 1410/121/577 1335/884/587 1336/885/577
f 1324/112/586 1325/850/575 1323/886/586
f 1322/110/604 1323/886/586 1321/887/585
f 1320/108/584 1321/887/585 1319/888/584
f 1318/106/583 1319/888/584 1317/106/583
f 1316/105/582 1317/106/583 1314/105/582
f 1403/104/579 1314/105/582 1315/889/579
f 1313/116/115 1400/172/115 1312/172/115
f 1312/172/115 1398/170/115 1311/170/115
f 1311/170/115 1396/169/115 1310/169/115
f 1309/167/115 1396/169/115 1394/167/115
f 1308/166/115 1394/167/115 1392/166/115
f 1307/117/115 1392/166/115 1425/117/115
f 1306/145/115 1423/825/115 1424/145/115
f 1305/825/115 1422/827/115 1423/825/115
f 1304/827/115 1421/829/115 1422/827/115
f 1302/831/115 1421/829/115 1303/829/115
f 1301/833/115 1420/831/115 1302/831/115
f 1300/118/115 1419/833/115 1301/833/115
f 1299/161/115 1417/834/115 1418/161/115
f 1298/834/115 1416/837/115 1417/834/115
f 1297/837/115 1415/839/115 1416/837/115
f 1295/841/115 1415/839/115 1296/839/115
f 1294/843/115 1414/841/115 1295/841/115
f 1293/146/115 1413/843/115 1294/843/115
f 1292/160/115 1371/158/115 1291/158/115
f 1291/158/115 1369/156/115 1290/156/115
f 1290/156/115 1367/154/115 1289/154/115
f 1288/152/115 1367/154/115 1365/152/115
f 1287/150/115 1365/152/115 1363/150/115
f 1286/115/115 1363/150/115 1412/115/115
f 1258/104/114 1347/131/114 1278/131/114
f 1272/121/114 1360/144/114 1285/144/114
f 1279/134/114 1327/162/114 1265/162/114
f 1271/718/114 1326/114/114 1264/114/114
s 0
f 653/282/605 655/528/605 652/282/605
f 491/400/115 494/402/115 496/890/115
s 1
f 980/640/379 1033/641/492 977/640/367
f 979/891/379 19/342/367 1025/639/492
f 979/891/379 1031/667/115 1026/343/115
f 1031/667/115 979/891/379 1030/665/115
f 1030/665/115 979/891/379 1029/342/115
f 1029/342/115 979/891/379 1028/664/115
f 1028/664/115 979/891/379 1027/662/115
f 979/891/379 1025/639/492 1027/662/115
f 1033/641/492 980/640/379 1038/669/115
f 1038/669/115 980/640/379 1037/671/115
f 1037/671/115 980/640/379 1036/640/115
f 1036/640/115 980/640/379 1035/673/115
f 1035/673/115 980/640/379 1034/675/514
f 1032/677/514 1034/675/514 980/640/379
s 0
f 753/4/2 330/5/2 16/5/2
f 751/539/3 750/7/3 782/282/3
f 750/7/3 753/892/3 762/7/3
f 751/539/3 771/282/3 779/540/3
f 753/892/3 17/892/3 385/893/3
f 17/892/3 18/894/3 748/895/3
f 385/893/3 17/892/3 748/895/3
f 18/894/3 14/896/3 748/895/3
f 752/683/3 751/539/3 768/539/3
f 771/282/606 751/539/606 782/282/606
f 768/539/3 765/282/3 752/683/3
f 767/282/3 764/559/3 779/540/3
f 779/540/3 768/539/3 751/539/3
f 753/892/3 385/893/3 762/7/3
f 771/282/3 767/282/3 779/540/3
f 763/897/3 744/536/3 777/6/3
f 744/536/3 782/282/3 777/6/3
f 782/282/357 750/7/357 777/6/357
s 1
f 43/8/4 163/101/102 162/9/5
f 45/10/6 162/9/5 161/11/7
f 46/12/8 161/11/7 160/13/9
f 160/13/9 159/16/12 48/15/11
f 159/16/12 158/33/29 49/17/13
f 37/18/14 42/21/17 153/19/15
f 42/21/17 41/23/19 154/22/18
f 41/23/19 40/24/21 155/24/20
f 40/25/21 39/28/23 156/26/22
f 39/28/23 38/898/607 157/29/24
f 31/80/78 29/215/245 151/31/27
f 29/215/245 201/30/25 151/31/27
f 158/33/29 210/33/150 209/32/250
f 209/32/250 44/32/28 158/33/29
f 140/34/30 28/34/608 27/35/31
f 141/36/32 27/35/31 26/37/33
f 142/37/34 26/37/33 25/38/35
f 25/38/35 24/40/38 144/39/37
f 24/40/38 22/41/101 145/41/39
f 164/44/42 217/44/265 216/569/423
f 216/569/423 51/42/40 164/44/42
f 73/45/43 187/79/77 186/46/44
f 74/47/45 186/46/44 185/48/46
f 75/49/47 185/48/46 184/50/48
f 184/50/48 183/53/51 77/52/50
f 183/53/51 182/102/103 72/54/52
f 56/43/41 55/56/54 165/55/53
f 55/56/54 54/57/56 166/57/55
f 54/58/56 53/61/58 167/59/57
f 53/61/58 52/63/60 168/62/59
f 52/63/60 50/103/104 169/64/61
f 170/65/62 58/65/106 63/66/63
f 171/67/64 63/66/63 62/68/65
f 62/68/65 61/70/68 173/70/67
f 61/71/68 60/73/70 174/72/69
f 60/73/70 59/899/609 175/74/71
f 70/99/98 176/76/73 65/75/72
f 176/76/73 231/76/308 230/77/74
f 73/45/43 71/219/249 187/79/77
f 71/219/249 243/78/75 187/79/77
f 31/80/78 151/31/27 150/81/79
f 32/82/80 150/81/79 149/83/81
f 33/84/82 149/83/81 148/85/83
f 34/86/84 148/85/83 147/87/85
f 35/88/86 147/87/85 146/89/87
f 64/91/89 181/91/105 180/92/90
f 66/92/91 180/92/90 179/93/92
f 67/94/93 179/93/92 178/95/94
f 68/96/95 178/214/94 177/97/96
f 69/98/97 177/97/96 176/76/73
f 28/34/608 140/34/30 23/100/99
f 140/34/30 189/34/228 188/100/100
f 152/20/16 145/41/39 22/41/101
f 163/101/102 43/8/4 30/90/88
f 182/102/103 169/64/61 50/103/104
f 181/91/105 64/91/89 58/65/106
f 93/104/107 98/105/108 1259/105/108
f 98/105/108 97/107/109 1260/106/109
f 97/107/109 96/109/110 1261/108/110
f 96/109/110 95/111/111 1262/110/111
f 95/111/111 94/113/112 1263/112/112
f 94/113/112 92/719/113 1264/114/113
f 1258/104/114 1259/105/114 1316/105/114
f 1286/115/115 1412/115/115 1402/116/115
f 1259/105/114 1260/106/114 1318/106/114
f 1307/117/115 1425/117/115 1382/118/115
f 100/119/116 105/122/117 1273/120/117
f 105/122/117 104/124/118 1274/123/118
f 104/124/118 103/126/119 1275/125/119
f 103/126/119 102/128/120 1276/127/120
f 102/128/120 101/130/121 1277/129/121
f 101/130/121 99/845/122 1278/131/122
f 86/132/123 91/135/124 1280/133/124
f 91/135/124 90/137/125 1281/136/125
f 90/137/125 89/139/126 1282/138/126
f 89/139/126 88/141/127 1283/140/127
f 88/141/127 87/143/128 1284/142/128
f 87/143/128 85/144/129 1285/144/129
f 1260/106/114 1261/108/114 1320/108/114
f 1306/145/115 1424/145/115 1374/146/115
f 916/148/114 862/148/114 859/147/114
f 859/147/114 900/621/114 915/147/114
f 900/621/114 917/621/114 915/147/114
f 121/149/130 126/151/131 1287/150/131
f 126/151/131 125/153/132 1288/152/132
f 125/153/132 124/155/133 1289/154/133
f 124/155/133 123/157/134 1290/156/134
f 123/157/134 122/159/135 1291/158/135
f 122/159/135 120/564/136 1292/160/136
f 1262/110/114 1322/110/114 1320/108/114
f 1299/161/115 1418/161/115 1373/160/115
f 1263/112/114 1324/112/114 1322/110/114
f 1264/114/114 1326/114/114 1324/112/114
f 1265/162/114 1327/162/114 1404/163/114
f 1266/163/114 1404/163/114 1405/164/114
f 107/165/129 112/166/128 1308/166/128
f 112/166/128 111/168/127 1309/167/127
f 111/168/127 110/169/126 1310/169/126
f 110/169/126 109/171/125 1311/170/125
f 109/171/125 108/173/124 1312/172/124
f 108/173/124 106/823/123 1313/116/123
f 1267/164/114 1405/164/114 1406/174/114
f 1269/175/114 1268/174/114 1406/174/114
s 0
f 333/176/610 135/900/610 134/177/610
s 1
f 1083/179/138 1082/180/144 284/180/139
f 161/11/141 213/11/255 212/13/142
f 1082/180/144 1081/181/148 283/181/145
f 160/13/143 212/13/142 211/16/146
f 1081/181/148 1080/182/151 282/182/149
f 159/16/147 211/16/146 210/33/150
f 1080/182/151 1079/183/153 281/183/152
f 1079/183/153 1078/184/155 280/184/154
f 1078/184/155 1077/185/324 279/185/156
f 156/26/157 157/29/24 207/29/158
f 1075/186/160 277/186/166 278/187/161
f 155/27/163 156/26/157 206/26/159
f 1074/188/165 276/188/170 277/186/166
f 154/22/167 155/24/163 205/24/164
f 1073/189/169 275/189/174 276/188/170
f 153/19/171 154/22/167 204/22/168
f 1072/190/173 274/190/181 275/189/174
f 181/91/175 170/65/285 223/65/176
f 152/20/178 153/19/171 203/19/172
f 1071/191/180 273/191/183 274/190/181
f 1070/192/182 272/192/314 273/191/183
f 169/64/184 182/102/329 237/102/185
f 151/31/27 200/31/26 199/81/187
f 1069/193/189 1068/194/194 270/194/190
f 150/81/188 199/81/187 198/83/192
f 1068/194/194 1067/195/198 269/195/195
f 149/83/193 198/83/192 197/85/196
f 1067/195/198 1066/196/202 268/196/199
f 148/85/197 197/85/196 196/87/200
f 1066/196/202 1065/197/206 267/197/203
f 147/87/201 196/87/200 195/89/204
f 1065/197/206 1064/198/211 266/198/207
f 144/39/208 145/41/233 194/41/209
f 1064/198/211 1063/199/309 265/199/212
f 143/38/213 144/39/208 193/39/210
f 1061/200/215 263/200/221 264/201/216
f 142/37/218 143/38/213 192/38/214
f 1060/202/220 262/202/225 263/200/221
f 141/36/222 142/37/218 191/37/219
f 1059/203/224 261/203/230 262/202/225
f 146/89/205 195/89/204 215/101/226
f 140/34/30 141/36/222 190/36/223
f 1058/204/229 260/204/232 261/203/230
f 1057/205/231 259/205/235 260/204/232
f 145/41/233 152/20/178 202/20/179
f 1056/206/234 258/206/304 259/205/235
f 1055/207/236 1054/208/239 256/208/237
f 1054/208/239 1053/209/348 255/209/240
f 795/212/243 799/576/611 801/576/612
f 801/576/612 797/210/241 795/212/243
s 0
f 292/227/613 291/226/613 235/901/613
f 291/226/614 290/225/614 235/901/614
f 290/225/615 289/224/615 234/902/615
f 289/224/616 288/213/616 233/214/616
f 234/902/617 289/224/617 233/214/617
f 288/213/618 287/222/618 231/76/618
f 287/222/619 286/223/619 231/76/619
f 231/76/620 286/223/620 230/77/620
f 286/223/621 299/234/621 230/77/621
f 299/234/622 298/233/622 242/79/622
f 230/77/623 299/234/623 243/78/623
f 298/233/624 297/232/624 241/46/624
f 297/232/625 296/231/625 240/48/625
f 296/231/626 295/230/626 239/50/626
f 295/230/627 294/229/627 239/50/627
f 294/229/628 293/228/628 238/53/628
f 293/228/629 278/187/629 222/64/629
f 278/187/630 277/186/630 221/62/630
f 277/186/631 276/188/631 221/62/631
f 278/187/632 221/62/632 222/64/632
f 276/188/633 275/189/633 220/59/633
f 275/189/634 219/60/634 220/59/634
f 293/228/635 222/64/635 237/102/635
f 297/232/636 240/48/636 241/46/636
f 235/901/637 290/225/637 234/902/637
f 280/184/638 279/185/638 224/903/638
f 279/185/639 292/227/639 236/91/639
f 282/182/640 281/183/640 226/904/640
f 281/183/641 280/184/641 225/905/641
f 226/904/642 281/183/642 225/905/642
f 284/180/643 283/181/643 228/906/643
f 283/181/644 282/182/644 226/904/644
f 227/907/645 283/181/645 226/904/645
f 272/192/646 285/179/646 216/58/646
f 285/179/647 284/180/647 228/906/647
f 229/570/648 285/179/648 228/906/648
f 229/570/649 216/58/649 285/179/649
f 283/181/650 227/907/650 228/906/650
f 276/188/651 220/59/651 221/62/651
f 293/228/652 237/102/652 238/53/652
f 294/229/653 238/53/653 239/50/653
f 224/903/654 225/905/654 280/184/654
f 296/231/655 239/50/655 240/48/655
f 223/71/656 224/903/656 279/185/656
f 236/91/657 223/71/657 279/185/657
f 298/233/658 241/46/658 242/79/658
f 235/901/659 236/91/659 292/227/659
f 242/79/660 243/78/660 299/234/660
f 288/213/661 231/76/661 232/97/661
s 1
f 23/100/99 188/100/100 201/30/25
f 802/216/246 800/216/662 796/217/247
f 65/75/72 230/77/74 243/78/75
f 209/32/250 369/705/511 370/220/251
s 0
f 252/243/663 251/236/663 196/87/663
f 251/236/664 271/193/664 195/89/664
f 271/193/665 270/194/665 214/9/665
f 270/194/666 269/195/666 213/11/666
f 269/195/667 268/196/667 212/13/667
f 268/196/668 267/197/668 211/16/668
f 267/197/669 266/198/669 211/16/669
f 266/198/670 265/199/670 210/33/670
f 210/33/671 265/199/671 209/32/671
f 265/199/672 264/201/672 369/705/672
f 264/201/673 263/200/673 207/29/673
f 369/705/674 264/201/674 208/572/674
f 263/200/675 262/202/675 206/26/675
f 262/202/676 261/203/676 205/27/676
f 261/203/677 260/204/677 204/908/677
f 260/204/678 259/205/678 203/909/678
f 259/205/679 258/206/679 203/909/679
f 258/206/680 202/25/680 203/909/680
f 262/202/681 205/27/681 206/26/681
f 260/204/682 203/909/682 204/908/682
f 270/194/683 213/11/683 214/9/683
f 268/196/684 211/16/684 212/13/684
f 253/244/685 252/243/685 196/87/685
f 251/236/686 195/89/686 196/87/686
f 255/209/687 254/245/687 199/81/687
f 254/245/688 253/244/688 197/85/688
f 199/81/689 254/245/689 198/83/689
f 257/207/690 256/208/690 200/31/690
f 256/208/691 255/209/691 200/31/691
f 257/207/692 200/31/692 201/30/692
f 245/237/693 244/235/693 189/34/693
f 244/235/694 257/207/694 201/30/694
f 188/100/695 244/235/695 201/30/695
f 247/239/696 246/238/696 191/910/696
f 246/238/697 245/237/697 190/36/697
f 191/910/698 246/238/698 190/36/698
f 249/241/699 248/240/699 192/911/699
f 248/240/700 247/239/700 192/911/700
f 249/241/701 192/911/701 193/912/701
f 194/41/702 250/242/702 193/912/702
f 250/242/703 249/241/703 193/912/703
f 244/235/704 188/100/704 189/34/704
f 261/203/705 204/908/705 205/27/705
f 192/911/706 247/239/706 191/910/706
f 263/200/707 206/26/707 207/29/707
f 369/705/708 209/32/708 265/199/708
f 207/29/709 208/572/709 264/201/709
f 189/34/710 190/36/710 245/237/710
f 266/198/711 210/33/711 211/16/711
f 200/31/712 255/209/712 199/81/712
f 269/195/713 212/13/713 213/11/713
f 198/83/714 254/245/714 197/85/714
f 196/87/715 197/85/715 253/244/715
f 271/193/716 214/9/716 215/101/716
f 202/25/717 258/206/717 797/210/717
f 797/210/718 798/221/718 202/25/718
f 798/221/719 250/242/719 194/41/719
s 1
f 162/9/254 214/9/259 213/11/255
f 1085/222/256 1084/223/328 286/223/257
f 163/101/227 215/101/226 214/9/259
f 1086/213/260 1085/222/256 287/222/258
f 1087/224/262 1086/213/260 288/213/261
f 164/44/42 165/55/268 218/55/264
f 1088/225/266 1087/224/262 289/224/263
f 165/55/268 166/57/272 219/57/269
f 1089/226/270 1088/225/266 290/225/267
f 166/60/272 167/59/276 220/59/273
f 1090/227/274 1089/226/270 291/226/271
f 167/59/276 168/62/281 221/62/277
f 1091/228/278 293/228/319 294/229/279
f 168/62/281 169/64/184 222/64/186
f 1092/229/280 294/229/279 295/230/282
f 171/67/284 224/67/289 223/65/176
f 1093/230/283 295/230/282 296/231/286
f 172/69/288 225/69/293 224/67/289
f 21/231/287 296/231/286 297/232/290
f 173/70/292 226/70/297 225/69/293
f 1094/232/291 297/232/290 298/233/294
f 174/72/296 227/72/300 226/71/297
f 1095/233/295 298/233/294 299/234/298
f 175/74/71 228/74/501 227/72/300
f 1055/207/236 257/207/238 244/235/301
f 1039/211/303 797/210/303 258/206/304
f 1049/236/305 1069/193/189 271/193/191
f 177/97/307 232/97/311 231/76/308
f 1063/199/309 1062/201/217 264/201/216
f 178/214/310 233/214/316 232/97/311
f 1042/235/302 244/235/301 245/237/312
f 1070/192/182 1083/179/138 285/179/140
f 179/93/315 234/93/321 233/95/316
f 1043/237/313 245/237/312 246/238/317
f 1076/187/162 278/187/161 293/228/319
f 180/92/320 235/92/325 234/93/321
f 1044/238/318 246/238/317 247/239/322
f 1077/185/324 1090/227/274 292/227/275
f 181/91/175 236/91/177 235/92/325
f 1045/239/323 247/239/322 248/240/326
f 1096/234/299 299/234/298 286/223/257
f 182/102/329 183/53/333 238/53/330
f 1046/240/327 248/240/326 249/241/331
f 183/53/333 184/50/337 239/50/334
f 1047/241/332 249/241/331 250/242/335
f 184/50/337 185/48/341 240/48/338
f 1050/243/339 1049/236/305 251/236/306
f 185/48/341 186/46/345 241/46/342
f 1051/244/343 1050/243/339 252/243/340
f 186/46/345 187/79/77 242/79/76
f 1052/245/346 1051/244/343 253/244/344
f 1053/209/348 1052/245/346 254/245/347
s 0
f 5/247/3 307/749/3 309/779/3
f 5/247/357 309/779/357 310/781/357
f 306/794/3 301/790/3 4/246/3
f 305/795/3 306/794/3 4/246/3
f 5/247/3 310/781/3 311/783/3
f 5/247/3 311/783/3 312/785/3
f 304/796/3 305/795/3 4/246/3
f 303/280/3 304/796/3 4/246/3
f 5/247/3 312/785/3 313/787/3
f 5/247/3 313/787/3 308/789/3
f 302/274/3 303/280/3 4/246/3
f 5/247/3 308/789/3 300/248/3
f 300/248/3 302/274/3 4/246/3
s 1
f 315/249/349 320/252/350 368/250/350
f 320/252/350 319/254/351 367/253/351
f 319/254/351 318/256/352 366/255/352
f 318/256/352 317/258/353 365/257/353
f 317/258/353 316/259/354 364/259/354
f 316/259/354 314/791/355 371/260/355
f 368/250/3 367/253/356 1206/253/356
f 367/253/356 366/255/357 1208/255/357
f 365/257/357 1210/257/357 1208/255/357
f 322/261/358 327/264/359 1189/262/359
f 327/264/359 326/266/360 1190/265/360
f 326/266/360 325/268/46 1191/267/46
f 325/268/46 324/270/361 1192/269/361
f 324/270/361 323/272/362 1193/271/362
f 323/272/362 321/276/363 1194/273/363
f 364/259/3 1212/259/3 1210/257/357
f 371/260/3 1214/260/3 1212/259/3
f 376/248/3 1215/248/3 1248/274/3
s 0
f 2/275/3 1/913/3 315/249/3
f 1/913/3 11/914/3 317/258/3
f 315/249/3 1/913/3 320/252/3
f 11/914/3 10/915/3 314/791/3
f 10/915/3 4/916/3 301/790/3
f 11/914/3 314/791/3 316/259/3
f 301/790/3 314/791/3 10/915/3
f 307/749/3 5/917/3 322/261/3
f 5/917/3 2/275/3 322/261/3
f 11/914/3 316/259/3 317/258/3
f 327/264/3 322/261/3 2/275/3
f 326/266/3 327/264/3 2/275/3
f 317/258/3 318/256/3 1/913/3
f 318/256/3 319/254/3 1/913/3
f 325/268/720 326/266/720 2/275/720
f 324/270/721 325/268/721 2/275/721
f 319/254/356 320/252/356 1/913/356
f 323/272/3 324/270/3 2/275/3
f 321/276/3 323/272/3 2/275/3
f 978/279/364 976/648/364 1003/277/364
f 976/648/364 1009/282/364 1003/277/364
f 1003/277/364 981/918/364 989/278/364
f 995/278/364 1010/282/364 978/279/364
f 1003/277/364 989/278/364 995/278/364
s 1
f 375/274/3 1248/274/3 1247/280/356
f 374/280/3 1247/280/356 1246/281/3
s 0
f 694/282/375 702/556/375 674/552/375
f 702/556/375 691/552/375 674/552/375
f 691/552/722 680/551/722 676/684/722
f 676/684/722 674/552/722 691/552/722
f 674/552/375 675/541/375 694/282/375
f 675/541/415 677/682/415 692/541/415
f 677/682/415 678/553/415 692/541/415
f 692/541/375 700/555/375 675/541/375
f 700/555/375 703/282/375 675/541/375
f 695/282/383 666/282/383 667/561/383
f 694/282/557 675/541/557 703/282/557
f 695/282/723 667/561/723 696/282/723
f 667/561/416 669/334/416 696/282/416
f 694/282/375 703/282/375 695/282/375
f 669/334/383 665/282/383 696/282/383
f 18/919/115 106/823/115 108/920/115
f 18/919/115 108/920/115 109/921/115
f 114/821/115 127/922/115 15/288/115
f 119/826/115 114/821/115 15/288/115
f 18/919/115 109/921/115 110/923/115
f 18/919/115 110/923/115 111/167/115
f 118/828/115 119/826/115 15/288/115
f 117/830/115 118/828/115 15/288/115
f 18/919/115 111/167/115 112/166/115
f 18/919/115 112/166/115 107/165/115
f 116/832/115 117/830/115 15/288/115
f 115/287/115 116/832/115 15/288/115
f 15/288/115 18/919/115 113/286/115
f 18/919/115 107/165/115 113/286/115
f 328/291/367 383/519/367 393/289/367
f 383/519/367 392/282/367 658/531/367
f 393/289/367 383/519/367 658/531/367
f 392/282/367 395/282/367 648/282/367
f 647/282/367 644/282/367 387/282/367
f 392/282/367 648/282/367 658/531/367
f 647/282/367 387/282/367 646/282/367
f 387/282/367 391/282/367 645/282/367
f 646/282/367 387/282/367 645/282/367
f 391/282/367 384/282/367 2/282/367
f 2/282/367 5/282/367 645/282/367
f 5/282/367 377/282/367 394/282/367
f 394/282/367 390/282/367 645/282/367
f 5/282/367 394/282/367 645/282/367
f 391/282/367 2/282/367 645/282/367
f 646/282/367 663/282/367 386/338/367
f 386/338/367 378/338/367 379/341/367
f 647/282/367 646/282/367 386/338/367
f 648/282/367 647/282/367 386/338/367
f 386/338/367 379/341/367 396/341/367
f 396/341/367 389/534/367 657/532/367
f 658/531/367 656/924/367 393/289/367
f 386/338/367 396/341/367 657/532/367
f 648/282/367 386/338/367 657/532/367
f 18/290/367 15/925/367 14/290/367
f 15/925/367 328/291/367 14/290/367
f 393/289/367 380/926/367 14/290/367
f 648/282/367 657/532/367 658/531/367
s 1
f 1101/292/368 350/330/368 355/293/369
f 355/293/369 354/296/370 1103/295/370
f 354/296/370 353/298/371 1104/297/371
f 353/298/371 352/300/372 1105/299/372
f 352/300/372 351/302/373 1106/301/373
f 351/302/373 349/733/374 1107/303/374
f 336/304/355 341/307/354 1109/305/354
f 341/307/354 340/309/353 1110/308/353
f 340/309/353 339/311/352 1111/310/352
f 339/311/352 338/313/351 1112/312/351
f 338/313/351 337/315/350 1113/314/350
f 337/315/350 335/637/349 1114/316/349
f 1105/299/375 1160/299/375 1159/297/375
f 1106/301/375 1161/301/375 1160/299/375
f 1107/303/375 1162/303/557 1161/301/375
f 357/317/376 362/320/377 1123/318/377
f 362/320/377 361/322/378 1124/321/378
f 361/322/378 360/324/379 1125/323/379
f 360/324/379 359/326/380 1126/325/380
f 359/326/380 358/328/381 1127/327/381
f 358/328/381 356/678/382 1128/329/382
s 0
f 348/927/375 343/740/375 328/282/375
f 15/928/375 16/332/375 1099/331/375
f 16/332/375 330/929/375 350/330/375
f 350/330/422 330/929/422 355/930/422
f 330/929/375 332/931/375 352/300/375
f 332/931/375 331/685/375 336/304/375
f 336/304/375 331/685/375 341/932/375
f 331/685/375 329/933/375 340/934/375
f 329/933/375 335/637/375 337/315/375
f 329/933/375 337/315/375 338/313/375
f 347/935/375 348/927/375 328/282/375
f 346/936/375 347/935/375 328/282/375
f 329/933/375 338/313/375 339/937/375
f 329/933/375 339/937/375 340/934/375
f 345/742/557 346/936/557 328/282/557
f 344/744/375 345/742/375 328/282/375
f 331/685/375 340/934/375 341/932/375
f 342/745/724 344/744/724 328/282/724
f 357/317/375 342/745/375 328/282/375
f 332/931/375 336/304/375 349/733/375
f 357/317/375 328/282/375 15/928/375
f 362/938/375 357/317/375 15/928/375
f 332/931/375 349/733/375 351/302/375
f 332/931/375 351/302/375 352/300/375
f 361/939/375 362/938/375 15/928/375
f 360/940/557 361/939/557 15/928/557
f 330/929/375 352/300/375 353/941/375
f 359/326/375 360/940/375 15/928/375
f 358/328/524 359/326/524 15/928/524
f 330/929/375 353/941/375 354/942/375
f 330/929/375 354/942/375 355/930/375
f 356/678/375 358/328/375 15/928/375
f 1099/331/375 356/678/375 15/928/375
s 1
f 1115/333/358 342/745/358 357/317/376
s 0
f 733/282/375 741/556/375 714/552/375
f 741/556/375 730/552/375 714/552/375
f 730/552/415 720/551/415 716/684/415
f 716/684/415 714/552/415 730/552/415
f 714/552/375 715/541/375 733/282/375
f 715/541/722 717/682/722 731/541/722
f 717/682/722 718/553/722 731/541/722
f 731/541/375 739/555/375 715/541/375
f 739/555/375 742/282/375 715/541/375
f 734/282/383 706/282/383 707/561/383
f 733/282/375 715/541/375 742/282/375
f 734/282/725 707/561/725 735/282/725
f 707/561/416 709/334/416 735/282/416
f 733/282/375 742/282/375 735/282/375
f 742/282/726 734/282/726 735/282/726
f 776/282/727 771/282/727 782/282/727
f 775/282/3 744/282/3 748/554/3
f 776/282/3 782/282/3 775/282/3
f 766/282/3 767/282/3 776/282/3
f 775/282/3 748/554/3 766/282/3
f 651/335/3 648/335/3 395/336/3
s 1
f 378/338/3 386/338/3 397/339/123
f 468/340/122 554/340/122 396/341/375
s 0
f 1009/282/375 976/648/375 1002/344/375
f 976/648/375 19/342/375 1002/344/375
f 19/342/375 979/891/375 1026/343/375
f 1026/343/375 1011/943/375 982/642/375
f 1026/343/375 982/642/375 1002/344/375
f 511/944/115 506/348/115 505/945/115
f 506/348/115 519/381/115 505/945/115
f 519/381/115 521/380/115 522/383/115
f 522/383/115 523/946/115 520/388/115
f 523/946/115 524/947/115 520/388/115
f 524/947/115 525/948/115 520/388/115
f 520/388/115 512/949/115 499/346/115
f 512/949/115 514/377/115 513/371/115
f 498/347/115 512/949/115 513/371/115
f 514/377/115 515/376/115 516/950/115
f 516/950/115 517/951/115 518/952/115
f 518/952/115 513/371/115 514/377/115
f 498/347/115 500/357/115 503/345/115
f 500/357/115 501/359/115 503/345/115
f 501/359/115 502/953/115 503/345/115
f 503/345/115 504/954/115 499/346/115
f 499/346/115 505/945/115 520/388/115
f 505/945/115 507/355/115 511/944/115
f 520/388/115 505/945/115 519/381/115
f 507/355/115 508/354/115 509/955/115
f 509/955/115 510/956/115 507/355/115
f 510/956/115 511/944/115 507/355/115
f 519/381/115 522/383/115 520/388/115
f 512/949/115 498/347/115 499/346/115
f 514/377/115 516/950/115 518/952/115
s 1
f 506/348/107 511/351/384 400/349/384
f 511/351/384 510/352/109 401/352/109
f 510/352/109 509/353/110 402/353/110
f 509/353/110 508/354/111 403/354/111
f 508/354/111 507/355/112 404/355/112
f 507/355/112 505/945/113 399/356/113
f 426/347/130 431/358/131 500/357/131
f 431/358/131 430/359/132 501/359/132
f 430/359/132 429/360/133 502/360/133
f 429/360/133 428/361/134 503/361/134
f 428/361/134 427/362/135 504/362/135
f 427/362/135 425/346/136 499/346/136
f 412/363/123 480/458/123 485/364/124
f 485/364/124 484/365/125 415/365/125
f 484/365/125 483/366/126 416/366/126
f 483/366/126 482/367/127 417/367/127
f 482/367/127 481/369/128 418/368/128
f 481/369/128 479/957/129 413/370/129
f 513/371/123 518/373/124 435/372/124
f 518/373/124 517/374/125 436/374/125
f 517/374/125 516/375/126 437/375/126
f 516/375/126 515/376/127 438/376/127
f 515/376/127 514/377/128 439/377/128
f 514/377/128 512/949/129 433/378/129
f 406/379/122 411/382/385 521/380/385
f 411/382/385 410/384/120 522/383/120
f 410/384/120 409/385/119 523/385/119
f 409/385/119 408/386/118 524/386/118
f 408/386/118 407/387/117 525/387/117
f 407/387/117 405/457/116 520/388/116
f 490/389/386 489/392/125 475/390/125
f 489/392/125 488/394/126 476/393/126
f 488/394/126 487/396/127 477/395/127
f 487/396/127 486/958/728 478/397/387
f 1100/398/122 424/401/121 493/399/121
f 424/401/121 423/403/120 494/402/120
f 423/403/120 422/404/119 495/404/119
f 422/404/119 421/405/118 496/405/118
f 421/405/118 420/406/117 497/406/117
f 420/406/117 419/461/116 492/407/116
f 468/408/122 473/410/385 555/409/385
f 473/410/385 472/412/120 556/411/120
f 472/412/120 471/414/119 557/413/119
f 471/414/119 470/416/118 558/415/118
f 470/416/118 469/549/402 559/417/388
f 527/418/136 532/419/135 442/419/135
f 532/419/135 531/421/134 443/421/134
f 531/421/134 530/422/133 444/422/133
f 530/422/133 529/424/132 445/423/132
f 529/424/132 528/426/131 446/425/389
f 528/426/131 526/427/130 441/427/130
f 448/428/129 453/429/128 535/429/128
f 453/429/128 452/430/127 536/430/127
f 452/430/127 451/431/126 537/431/126
f 451/431/126 450/432/125 538/432/125
f 450/432/125 449/434/124 539/433/386
f 449/434/124 447/435/123 534/435/123
f 541/436/390 546/439/108 456/437/108
f 546/439/108 545/440/109 457/440/109
f 545/440/109 544/441/110 458/441/110
f 544/441/110 543/443/111 459/442/111
f 543/443/111 542/445/112 460/444/112
f 542/445/112 540/567/113 455/446/113
f 462/447/391 467/449/121 549/448/121
f 467/449/121 466/450/120 550/450/120
f 466/450/120 465/451/119 551/451/119
f 465/451/119 464/453/118 552/452/118
f 464/453/118 463/455/117 553/454/117
f 463/455/117 461/462/116 548/456/116
f 406/379/122 519/381/122 506/348/107
f 399/356/113 505/945/113 499/346/136
f 433/378/129 512/949/129 520/388/116
f 380/289/3 393/289/3 480/458/123
f 413/370/129 479/957/129 794/459/392
f 382/460/394 793/460/401 492/407/116
f 426/347/130 498/347/130 513/371/123
f 455/446/113 540/567/113 527/418/136
f 441/427/130 526/427/130 534/435/123
f 448/428/129 533/428/129 548/456/116
f 462/447/391 547/447/391 541/436/390
s 0
f 602/521/729 604/490/729 681/559/729
f 604/490/730 666/560/730 681/559/730
f 610/507/114 602/521/114 677/682/114
f 602/521/731 681/559/731 678/553/731
f 678/553/732 677/682/732 602/521/732
f 677/682/114 1/465/114 610/507/114
f 615/959/114 610/507/114 1/465/114
f 2/960/114 600/961/114 601/962/114
f 2/960/114 601/962/114 596/508/114
f 614/963/114 615/959/114 1/465/114
f 1/465/114 2/960/114 596/508/114
f 1/465/114 596/508/114 609/502/114
f 613/964/114 614/963/114 1/465/114
f 612/464/114 613/964/114 1/465/114
f 1/465/114 609/502/114 611/463/114
s 1
f 561/466/123 566/467/124 639/467/124
f 566/467/124 565/469/125 640/469/125
f 565/469/125 564/470/126 641/470/126
f 564/470/126 563/471/127 642/471/127
f 563/471/127 562/472/128 643/472/128
f 562/472/128 560/473/129 638/473/129
f 631/474/391 636/477/121 569/475/121
f 636/477/121 635/479/120 570/478/120
f 635/479/120 634/480/119 571/480/119
f 634/480/119 633/481/118 572/481/118
f 633/481/118 632/482/117 573/482/117
f 632/482/117 630/965/116 568/483/116
f 603/484/123 608/485/386 583/485/124
f 608/485/386 607/487/125 584/486/125
f 607/487/125 606/488/126 585/488/126
f 606/488/126 605/489/127 586/489/127
f 605/489/127 604/490/128 587/490/128
f 604/490/128 602/521/129 582/491/129
f 624/492/130 629/493/389 590/493/131
f 629/493/389 628/496/132 591/495/132
f 628/496/132 627/497/133 592/497/133
f 627/497/133 626/498/134 593/498/134
f 626/498/134 625/499/135 594/499/135
f 625/499/135 623/966/136 589/500/136
f 575/501/391 580/463/121 611/463/121
f 580/463/121 579/464/120 612/464/120
f 579/464/120 578/503/119 613/503/119
f 578/503/119 577/504/118 614/504/118
f 577/504/118 576/506/117 615/505/117
f 576/506/117 574/507/116 610/507/116
f 596/508/390 601/511/108 618/509/108
f 601/511/108 600/512/109 619/512/109
f 600/512/109 599/513/110 620/513/110
f 599/513/110 598/515/111 621/514/111
f 598/515/111 597/517/112 622/516/112
f 597/517/112 595/518/113 617/518/113
f 561/466/123 637/468/123 392/519/3
f 568/483/116 630/965/116 638/473/129
f 384/520/375 391/520/375 631/474/391
f 596/508/390 616/510/390 575/501/391
f 610/507/116 574/507/116 582/491/129
f 603/484/123 581/484/123 624/492/130
f 589/500/136 623/966/136 617/518/113
s 0
f 648/522/114 651/522/114 650/523/114
f 644/524/375 647/525/375 650/525/375
f 646/526/115 645/282/115 652/282/115
f 663/527/3 646/528/3 655/528/3
f 662/529/733 659/534/733 660/530/733
f 390/282/396 653/282/396 652/282/396
f 657/532/115 662/532/115 661/533/115
f 389/534/734 659/534/734 662/529/734
f 656/530/3 658/531/3 661/531/3
f 14/967/115 425/346/115 427/362/115
f 14/967/115 427/362/115 428/361/115
f 745/558/735 748/968/735 708/554/735
f 748/968/115 14/967/115 426/360/115
f 429/969/115 14/967/115 428/361/115
f 385/893/736 763/897/736 761/557/736
f 14/967/115 429/969/115 430/970/115
f 759/551/737 385/893/737 761/557/737
f 14/967/115 430/970/115 431/971/115
f 14/967/115 431/971/115 426/360/115
f 761/557/115 745/558/115 705/282/115
f 748/968/115 426/360/115 708/554/115
f 713/681/738 756/684/738 759/551/738
f 759/551/115 761/557/115 724/897/115
f 426/360/115 432/371/115 708/554/115
f 432/371/115 709/334/115 708/554/115
f 745/558/115 708/554/115 705/282/115
f 719/972/738 713/681/738 759/551/738
f 673/681/115 716/684/115 405/457/115
f 716/684/739 720/551/739 433/378/739
f 405/457/115 716/684/115 433/378/115
f 679/972/740 673/681/740 405/457/740
f 684/897/741 679/972/741 405/457/741
f 720/551/115 719/972/115 722/557/115
f 664/536/742 684/897/742 407/387/742
f 684/897/743 405/457/743 407/387/743
f 719/972/115 759/551/115 724/897/115
f 722/557/115 719/972/115 724/897/115
f 761/557/735 705/282/735 724/897/735
f 451/973/115 665/558/115 669/334/115
f 450/432/115 451/973/115 669/334/115
f 450/432/115 669/334/115 449/434/115
f 669/334/115 668/554/115 447/435/115
f 449/434/115 669/334/115 447/435/115
f 722/557/735 434/974/735 439/975/735
f 434/974/115 435/372/115 436/374/115
f 434/974/115 436/374/115 437/976/115
f 720/551/115 722/557/115 433/378/115
f 434/974/115 437/976/115 438/977/115
f 434/974/115 438/977/115 439/975/115
f 441/427/115 447/435/115 406/379/115
f 447/435/115 668/554/115 406/379/115
f 446/978/115 441/427/115 398/350/115
f 722/557/115 439/975/115 433/378/115
f 403/979/115 443/421/115 444/980/115
f 402/981/115 403/979/115 444/980/115
f 402/981/115 444/980/115 445/982/115
f 401/352/115 402/981/115 445/982/115
f 401/352/115 445/982/115 446/978/115
f 400/349/115 401/352/115 446/978/115
f 398/350/115 400/349/115 446/978/115
f 406/379/115 398/350/115 441/427/115
f 411/983/115 406/379/115 668/554/115
f 411/983/115 668/554/115 410/984/115
f 668/554/115 664/536/115 409/535/115
f 410/984/115 668/554/115 409/535/115
f 664/536/115 407/387/115 408/386/115
f 650/523/744 651/522/744 689/337/744
f 14/985/115 380/289/115 412/363/115
f 14/985/115 412/363/115 414/364/115
f 443/421/115 403/979/115 471/986/115
f 403/979/115 404/987/115 470/416/115
f 442/419/115 443/421/115 478/988/115
f 403/979/115 470/416/115 471/986/115
f 404/987/115 399/356/115 469/549/115
f 470/416/115 404/987/115 469/549/115
f 440/420/115 442/419/115 382/460/115
f 442/419/115 478/988/115 382/460/115
f 425/346/115 14/985/115 414/364/115
f 425/346/115 414/364/115 415/365/115
f 399/356/115 425/346/115 413/370/115
f 425/346/115 415/365/115 416/989/115
f 425/346/115 416/989/115 417/990/115
f 425/346/115 417/990/115 418/991/115
f 425/346/115 418/991/115 413/370/115
f 399/356/115 413/370/115 381/459/115
f 399/356/115 381/459/115 469/549/115
f 455/446/115 440/420/115 382/460/115
f 443/421/115 471/986/115 476/992/115
f 468/340/115 379/341/115 388/548/115
f 379/341/115 378/338/115 388/548/115
f 473/993/115 468/340/115 474/391/115
f 468/340/115 388/548/115 474/391/115
f 472/994/115 473/993/115 474/391/115
f 472/994/115 474/391/115 475/390/115
f 665/558/115 451/973/115 452/995/115
f 679/972/745 684/897/745 682/557/745
f 682/557/746 665/558/746 453/996/746
f 665/558/115 452/995/115 453/996/115
f 680/551/745 679/972/745 682/557/745
f 4/997/115 676/684/115 461/462/115
f 676/684/747 680/551/747 448/428/747
f 461/462/115 676/684/115 448/428/115
f 424/998/115 1100/398/115 454/438/115
f 1100/398/115 4/997/115 454/438/115
f 423/999/115 424/998/115 456/437/115
f 680/551/748 682/557/748 448/428/748
f 682/557/743 453/996/743 448/428/743
f 422/538/115 423/999/115 457/440/115
f 424/998/115 454/438/115 456/437/115
f 421/405/115 422/538/115 458/537/115
f 4/997/115 461/462/115 463/455/115
f 472/994/115 475/390/115 476/992/115
f 4/997/115 463/455/115 464/453/115
f 472/994/115 476/992/115 471/986/115
f 476/992/115 477/1000/115 443/421/115
f 4/997/115 464/453/115 465/1001/115
f 477/1000/115 478/988/115 443/421/115
f 4/997/115 465/1001/115 466/1002/115
f 4/997/115 466/1002/115 467/1003/115
f 455/446/115 382/460/115 419/461/115
f 460/1004/115 455/446/115 419/461/115
f 460/1004/115 419/461/115 420/406/115
f 459/1005/115 460/1004/115 420/406/115
f 4/997/115 467/1003/115 462/447/115
f 4/997/115 462/447/115 454/438/115
f 459/1005/115 420/406/115 421/405/115
f 458/537/115 459/1005/115 421/405/115
f 423/999/115 456/437/115 457/440/115
f 732/282/3 728/282/3 740/540/3
f 728/282/3 725/559/3 740/540/3
f 736/282/3 737/282/3 743/282/3
f 737/282/3 732/282/3 743/282/3
f 724/897/3 705/536/3 738/6/3
f 705/536/3 743/282/3 738/6/3
f 713/681/3 719/972/3 723/7/3
f 723/7/3 738/6/3 710/7/3
f 738/6/357 743/282/357 710/7/357
f 743/282/721 732/282/721 711/539/721
f 710/7/3 743/282/3 711/539/3
f 710/7/3 713/681/3 723/7/3
f 712/683/3 711/539/3 729/539/3
f 729/539/3 726/282/3 712/683/3
f 740/540/3 729/539/3 711/539/3
f 675/541/364 674/552/364 10/542/364
f 674/544/399 676/1006/399 4/545/399
f 11/543/400 1/1007/400 677/546/400
s 1
f 397/547/123 490/389/386 474/391/124
f 478/397/387 486/958/728 793/460/401
f 469/549/402 381/459/393 794/550/392
s 0
f 683/7/399 679/972/399 680/551/399
f 686/282/404 690/539/404 692/541/404
f 697/282/367 696/282/367 665/282/367
f 669/334/749 667/561/749 687/282/749
f 688/282/405 666/282/405 695/282/405
f 700/555/749 692/541/749 690/539/749
f 683/7/750 691/552/750 702/556/750
f 682/557/751 684/897/751 699/6/751
f 665/558/415 682/557/415 702/556/415
f 665/558/414 694/282/414 704/282/414
f 685/559/752 681/559/752 700/555/752
f 666/560/753 703/282/753 700/555/753
f 688/282/754 693/282/754 703/282/754
f 696/282/114 697/282/114 704/282/114
f 703/282/115 693/282/115 698/282/115
f 693/282/3 688/282/3 701/540/3
f 688/282/3 685/559/3 701/540/3
f 684/897/3 664/536/3 699/6/3
f 664/536/3 704/282/3 699/6/3
f 673/681/3 679/972/3 683/7/3
f 683/7/3 699/6/3 670/7/3
f 699/6/3 704/282/3 670/7/3
f 704/282/3 693/282/3 671/539/3
f 670/7/3 704/282/3 671/539/3
f 670/7/3 673/681/3 683/7/3
f 672/683/3 671/539/3 690/539/3
f 690/539/3 686/282/3 672/683/3
f 701/540/3 690/539/3 671/539/3
f 723/7/399 719/972/399 720/551/399
f 726/282/404 729/539/404 731/541/404
f 736/282/367 735/282/367 434/282/367
f 705/282/3 708/554/3 736/282/3
f 708/554/3 727/282/3 736/282/3
f 727/282/3 728/282/3 737/282/3
f 709/334/749 707/561/749 727/282/749
f 728/282/405 706/282/405 734/282/405
f 739/555/749 731/541/749 729/539/749
f 723/7/750 730/552/750 741/556/750
f 722/557/412 724/897/412 738/6/412
f 434/558/410 722/557/410 741/556/410
f 434/558/414 733/282/414 743/282/414
f 725/559/752 721/559/752 739/555/752
f 706/560/755 742/282/755 739/555/755
f 728/282/756 732/282/756 742/282/756
f 736/282/114 743/282/114 733/282/114
f 762/7/399 385/893/399 759/551/399
f 760/559/415 746/560/415 778/555/415
f 746/560/755 781/282/755 778/555/755
f 772/282/413 745/558/413 780/556/413
f 745/558/410 761/557/410 780/556/410
f 778/555/375 781/282/375 755/541/375
f 781/282/375 772/282/375 755/541/375
f 757/682/722 758/553/722 770/541/722
f 770/541/375 778/555/375 755/541/375
f 757/682/722 770/541/722 755/541/722
f 754/552/375 755/541/375 772/282/375
f 759/551/415 756/684/415 769/552/415
f 756/684/415 754/552/415 769/552/415
f 780/556/375 769/552/375 754/552/375
f 765/282/404 768/539/404 770/541/404
f 775/282/367 774/282/367 745/282/367
f 698/282/3 693/282/3 704/282/3
f 697/282/3 664/282/3 668/554/3
f 698/282/3 704/282/3 697/282/3
f 687/282/3 688/282/3 698/282/3
f 697/282/3 668/554/3 687/282/3
f 749/334/749 747/561/749 766/282/749
f 767/282/405 746/282/405 773/282/405
f 778/555/749 770/541/749 768/539/749
f 762/7/750 769/552/750 780/556/750
f 761/557/757 763/897/757 777/6/757
f 774/282/375 772/282/375 781/282/375
f 773/282/383 746/282/383 747/561/383
f 774/282/726 781/282/726 773/282/726
f 749/334/383 745/282/383 774/282/383
f 773/282/758 747/561/758 774/282/758
f 745/558/414 772/282/414 782/282/414
f 764/559/752 760/559/752 778/555/752
f 767/282/754 771/282/754 781/282/754
f 775/282/114 782/282/114 772/282/114
f 758/553/421 757/682/421 726/282/421
f 757/682/421 712/683/421 726/282/421
f 760/559/759 758/553/759 725/559/759
f 758/553/759 726/282/759 725/559/759
f 747/561/114 766/282/114 746/560/114
f 746/560/420 760/559/420 728/282/420
f 760/559/420 725/559/420 728/282/420
f 728/282/114 727/282/114 746/560/114
f 790/282/420 706/282/420 721/559/420
f 792/563/419 791/282/419 784/282/419
f 785/562/3 788/562/3 786/282/3
f 383/1008/114 328/291/114 727/282/114
f 328/291/114 329/282/114 766/282/114
f 329/282/421 752/683/421 765/282/421
f 765/282/759 758/553/759 764/559/759
f 758/553/759 760/559/759 764/559/759
f 2/1009/114 384/520/114 567/476/114
f 599/1010/114 600/961/114 570/478/114
f 600/961/114 2/1009/114 567/476/114
f 569/475/114 600/961/114 567/476/114
f 598/515/114 599/1010/114 571/1011/114
f 600/961/114 569/475/114 570/478/114
f 597/517/114 598/515/114 572/1012/114
f 599/1010/114 570/478/114 571/1011/114
f 595/518/114 597/517/114 573/1013/114
f 598/515/114 571/1011/114 572/1012/114
f 597/517/114 572/1012/114 573/1013/114
f 595/518/114 573/1013/114 568/483/114
f 595/518/114 568/483/114 589/500/114
f 568/483/114 560/473/114 589/500/114
f 589/500/114 560/473/114 594/1014/114
f 560/473/114 562/472/114 594/1014/114
f 594/1014/114 562/472/114 593/1015/114
f 562/472/114 563/471/114 593/1015/114
f 593/1015/114 563/471/114 592/1016/114
f 563/471/114 564/1017/114 592/1016/114
f 592/1016/114 564/1017/114 591/495/114
f 564/1017/114 565/1018/114 591/495/114
f 591/495/114 565/1018/114 590/493/114
f 565/1018/114 566/1019/114 590/493/114
f 590/493/114 566/1019/114 588/494/114
f 566/1019/114 561/466/114 588/494/114
f 329/282/759 765/282/759 764/559/759
f 329/282/760 764/559/760 767/282/760
f 603/484/114 588/494/114 687/282/114
f 588/494/114 561/466/114 707/561/114
f 687/282/114 588/494/114 789/282/114
f 329/282/114 767/282/114 766/282/114
f 766/282/114 727/282/114 328/291/114
f 727/282/114 707/561/114 383/1008/114
f 707/561/114 706/282/114 790/282/114
f 707/561/114 790/282/114 789/282/114
f 561/466/114 383/1008/114 707/561/114
f 707/561/114 789/282/114 588/494/114
f 789/282/761 783/563/761 685/559/761
f 687/282/114 789/282/114 688/282/114
f 785/562/762 721/559/762 725/559/762
f 785/562/763 725/559/763 726/282/763
f 718/553/764 717/682/764 785/562/764
f 717/682/762 672/683/762 783/563/762
f 785/562/765 726/282/765 718/553/765
f 783/563/762 785/562/762 717/682/762
f 672/683/766 686/553/766 783/563/766
f 686/553/759 678/553/759 685/559/759
f 678/553/759 681/559/759 685/559/759
f 666/560/114 604/490/114 605/489/114
f 667/561/114 666/560/114 606/1020/114
f 666/560/114 605/489/114 606/1020/114
f 667/561/114 606/1020/114 607/1021/114
f 667/561/114 607/1021/114 608/1022/114
f 687/282/114 667/561/114 603/484/114
f 667/561/114 608/1022/114 603/484/114
f 783/563/767 686/553/767 685/559/767
f 790/282/364 786/282/364 784/282/364
f 784/282/364 791/282/364 789/282/364
f 784/282/421 786/282/421 788/282/421
f 783/563/422 789/282/422 791/282/422
f 788/562/367 785/562/367 787/563/367
f 785/562/367 783/563/367 787/563/367
f 742/282/115 732/282/115 737/282/115
f 776/282/115 773/282/115 781/282/115
f 16/332/115 15/928/115 127/822/115
f 16/332/115 127/822/115 129/844/115
f 106/823/115 18/894/115 121/149/115
f 18/894/115 17/565/115 121/149/115
f 16/332/115 129/844/115 130/842/115
f 16/332/115 130/842/115 131/840/115
f 126/151/115 121/149/115 17/565/115
f 125/153/115 126/151/115 17/565/115
f 16/332/115 131/840/115 132/838/115
f 16/332/115 132/838/115 133/836/115
f 124/155/115 125/153/115 17/565/115
f 123/157/115 124/155/115 17/565/115
f 17/565/115 16/332/115 128/835/115
f 16/332/115 133/836/115 128/835/115
f 122/159/115 123/157/115 17/565/115
f 17/565/115 128/835/115 120/564/115
s 1
f 553/1023/115 548/456/115 549/448/115
f 548/456/115 533/428/115 540/567/115
f 533/428/115 535/429/115 536/430/115
f 536/430/115 537/1024/115 538/1025/115
f 538/1025/115 539/1026/115 534/435/115
f 534/435/115 526/427/115 527/418/115
f 526/427/115 528/426/115 532/1027/115
f 528/426/115 529/424/115 530/1028/115
f 530/1028/115 531/1029/115 532/1027/115
f 532/1027/115 527/418/115 526/427/115
f 527/418/115 540/567/115 533/428/115
f 534/435/115 527/418/115 533/428/115
f 540/567/115 542/445/115 543/443/115
f 543/443/115 544/1030/115 545/566/115
f 545/566/115 546/1031/115 541/436/115
f 541/436/115 547/447/115 548/456/115
f 547/447/115 549/448/115 548/456/115
f 549/448/115 550/450/115 551/1032/115
f 551/1032/115 552/1033/115 549/448/115
f 552/1033/115 553/1023/115 549/448/115
f 548/456/115 540/567/115 541/436/115
f 533/428/115 536/430/115 534/435/115
f 536/430/115 538/1025/115 534/435/115
f 528/426/115 530/1028/115 532/1027/115
f 540/567/115 543/443/115 545/566/115
s 0
f 485/1034/115 480/458/115 481/369/115
f 480/458/768 393/289/768 660/924/768
f 393/289/768 656/924/768 660/924/768
f 659/1035/115 389/1036/115 396/341/115
f 480/458/769 660/924/769 479/957/769
f 481/369/115 480/458/115 479/957/115
f 659/1035/115 396/341/115 554/408/115
f 660/924/770 659/1035/770 794/459/770
f 794/459/115 659/1035/115 554/408/115
f 483/1037/115 484/1038/115 485/1034/115
f 481/369/115 482/367/115 485/1034/115
f 482/367/115 483/1037/115 485/1034/115
f 794/459/771 479/957/771 660/924/771
f 558/415/115 559/417/115 794/459/115
f 556/411/115 557/413/115 794/459/115
f 557/413/115 558/415/115 794/459/115
f 554/408/115 555/409/115 556/411/115
f 636/1039/114 631/474/114 630/965/114
f 631/474/114 391/520/114 387/1040/114
f 387/1040/772 644/524/772 649/524/772
f 631/474/114 387/1040/114 630/965/114
f 634/1041/114 635/1042/114 636/1039/114
f 632/482/114 633/481/114 636/1039/114
f 633/481/114 634/1041/114 636/1039/114
f 638/473/773 630/965/773 649/524/773
f 630/965/114 632/482/114 636/1039/114
f 649/524/772 630/965/772 387/1040/772
f 642/1043/114 643/1044/114 638/473/114
f 640/469/114 641/1045/114 637/468/114
f 641/1045/114 642/1043/114 637/468/114
f 637/468/114 639/467/114 640/469/114
f 395/336/114 392/519/114 689/568/114
f 392/519/114 637/468/114 689/568/114
f 642/1043/114 638/473/114 637/468/114
f 649/524/774 689/568/774 638/473/774
s 1
f 216/569/423 229/570/500 57/570/424
s 0
f 622/1046/114 617/518/114 618/509/114
f 617/518/114 623/966/114 574/507/114
f 623/966/114 625/499/114 626/498/114
f 626/498/114 627/1047/114 628/1048/114
f 628/1048/114 629/1049/114 624/492/114
f 624/492/114 581/484/114 582/491/114
f 581/484/114 583/485/114 587/1050/114
f 583/485/114 584/486/114 585/1051/114
f 585/1051/114 586/1052/114 587/1050/114
f 587/1050/114 582/491/114 581/484/114
f 582/491/114 574/507/114 623/966/114
f 624/492/114 582/491/114 623/966/114
f 574/507/114 576/506/114 577/504/114
f 577/504/114 578/1053/114 579/571/114
f 579/571/114 580/1054/114 575/501/114
f 575/501/114 616/510/114 617/518/114
f 616/510/114 618/509/114 617/518/114
f 618/509/114 619/512/114 620/1055/114
f 620/1055/114 621/1056/114 618/509/114
f 621/1056/114 622/1046/114 618/509/114
f 617/518/114 574/507/114 575/501/114
f 623/966/114 626/498/114 624/492/114
f 626/498/114 628/1048/114 624/492/114
f 583/485/114 585/1051/114 587/1050/114
f 574/507/114 577/504/114 579/571/114
s 1
f 38/898/607 36/706/512 157/29/24
f 36/706/512 208/572/425 157/29/24
s 0
f 798/573/775 797/210/775 801/574/775
s 1
f 800/216/427 802/1057/776 801/576/428
s 0
f 219/60/777 275/189/777 274/190/777
f 274/190/778 273/191/778 218/578/778
f 273/191/779 272/192/779 217/1058/779
f 218/578/780 273/191/780 217/1058/780
f 272/192/781 216/58/781 217/1058/781
s 1
f 804/579/130 809/581/131 861/580/131
f 809/581/131 808/583/132 863/582/132
f 808/583/132 807/585/133 865/584/133
f 807/585/133 806/587/134 867/586/134
f 806/587/134 805/589/135 869/588/135
f 805/589/135 803/590/136 871/590/136
f 853/591/107 858/592/108 875/592/108
f 858/592/108 857/593/109 877/593/109
f 857/593/109 856/594/110 879/594/110
f 856/594/110 855/595/111 881/595/111
f 855/595/111 854/597/112 883/596/112
f 854/597/112 852/598/113 885/598/113
f 888/599/129 811/623/129 816/600/431
f 889/601/128 816/600/431 815/602/432
f 815/602/432 814/603/126 893/603/126
f 814/603/126 813/605/125 895/604/125
f 813/605/125 812/607/124 897/606/124
f 812/607/124 810/624/123 899/608/123
f 902/609/122 818/622/122 823/610/121
f 903/611/121 823/610/121 822/612/120
f 905/613/120 822/612/120 821/614/119
f 907/614/119 821/614/119 820/615/118
f 909/616/118 820/615/118 819/617/433
f 911/617/117 819/617/433 817/618/116
f 859/147/130 831/147/130 839/620/123
f 885/598/113 852/598/113 832/590/136
f 914/618/116 887/599/129 838/599/129
f 874/591/107 901/625/122 845/609/122
f 818/622/122 902/609/122 873/591/107
f 811/623/129 888/599/129 913/619/116
f 825/598/113 886/598/113 871/590/136
f 913/619/115 919/619/115 918/617/115
f 804/579/130 860/579/130 899/608/123
f 912/617/117 914/618/116 846/618/116
f 910/616/118 912/617/117 851/617/117
f 908/614/119 910/616/118 850/616/118
f 906/612/120 908/614/119 849/614/119
f 904/610/121 906/612/120 848/612/120
f 901/625/122 904/610/121 847/610/121
f 898/607/124 900/621/123 839/620/123
f 896/626/125 898/607/124 844/607/124
f 894/603/126 896/626/125 843/626/125
f 892/602/127 894/603/126 842/603/126
f 890/600/128 892/602/127 841/627/127
f 887/599/129 890/600/128 840/600/128
f 884/596/112 886/598/113 825/598/113
f 882/595/111 884/596/112 830/596/112
f 880/594/110 882/595/111 829/595/111
f 878/593/109 880/594/110 828/594/434
f 876/592/108 878/593/109 827/593/435
f 824/591/107 873/591/107 876/592/108
f 870/628/135 872/590/136 832/590/136
f 868/630/134 870/628/135 837/629/135
f 866/632/133 868/630/134 836/631/134
f 864/634/132 866/632/133 835/633/133
f 862/148/131 864/634/132 834/635/132
f 859/147/130 862/148/131 833/636/131
s 0
f 709/334/115 432/371/115 435/372/115
s 1
f 915/147/114 920/147/491 923/148/437
f 959/607/462 961/621/449 917/621/114
f 917/621/114 900/621/114 959/607/462
f 900/621/114 898/607/114 957/626/464
f 898/607/114 896/626/114 957/626/464
f 896/626/114 894/603/114 955/603/466
f 894/603/114 892/602/114 953/602/468
f 892/602/114 890/600/114 953/602/468
f 890/600/114 887/599/114 951/600/470
f 887/599/114 914/618/114 948/599/443
f 914/618/114 912/617/114 973/617/452
f 912/617/114 910/616/114 971/616/454
f 973/617/452 912/617/114 971/616/454
f 910/616/114 908/614/114 971/616/454
f 908/614/114 906/612/114 969/614/456
f 971/616/454 908/614/114 969/614/456
f 906/612/114 904/610/114 967/612/458
f 904/610/114 901/625/114 967/612/458
f 901/625/114 874/591/114 962/625/438
f 874/591/114 875/592/114 938/593/478
f 962/625/438 874/591/114 935/591/441
f 875/592/114 877/593/114 938/593/478
f 877/593/114 879/594/114 940/594/476
f 879/594/114 881/595/114 942/595/474
f 881/595/114 883/596/114 942/595/474
f 883/596/114 885/598/114 944/596/472
f 885/598/114 872/590/114 933/590/446
f 872/590/114 870/628/114 931/628/483
f 870/628/114 868/630/114 929/630/485
f 931/628/483 870/628/114 929/630/485
f 868/630/114 866/632/114 929/630/485
f 866/632/114 864/634/114 927/632/487
f 864/634/114 862/148/114 925/634/489
f 862/148/114 916/148/114 925/634/489
f 916/148/114 923/148/437 925/634/489
f 925/634/489 927/632/487 864/634/114
f 866/632/114 927/632/487 929/630/485
f 885/598/114 933/590/446 946/598/782
f 933/590/446 872/590/114 931/628/483
f 877/593/114 940/594/476 938/593/478
f 887/599/114 948/599/443 951/600/470
f 900/621/114 957/626/464 959/607/462
f 896/626/114 955/603/466 957/626/464
f 953/602/468 955/603/466 894/603/114
f 951/600/470 953/602/468 890/600/114
f 885/598/114 946/598/782 944/596/472
f 975/618/444 948/599/443 914/618/114
f 883/596/114 944/596/472 942/595/474
f 975/618/444 914/618/114 973/617/452
f 879/594/114 942/595/474 940/594/476
f 938/593/478 936/592/480 874/591/114
f 967/612/458 969/614/456 906/612/114
f 965/610/439 967/612/458 901/625/114
f 936/592/480 935/591/441 874/591/114
f 934/591/440 963/609/460 962/625/438
f 974/619/442 949/599/471 948/599/443
f 947/598/445 946/598/782 933/590/446
f 921/579/448 920/147/491 961/621/449
f 972/617/451 974/619/442 975/618/444
f 970/616/453 972/617/451 973/617/452
f 968/614/455 970/616/453 971/616/454
f 966/613/457 968/614/455 969/614/456
f 964/611/459 966/613/457 967/612/458
f 963/609/460 964/611/459 965/610/439
f 958/606/461 960/608/450 961/621/449
f 956/604/463 958/606/461 959/607/462
f 954/603/465 956/604/463 957/626/464
f 952/602/467 954/603/465 955/603/466
f 950/601/469 952/602/467 953/602/468
f 949/599/471 950/601/469 951/600/470
f 944/596/472 946/598/782 947/598/445
f 942/595/474 944/596/472 945/596/473
f 940/594/476 942/595/474 943/595/475
f 938/593/478 940/594/476 941/594/477
f 936/592/480 938/593/478 939/593/479
f 935/591/441 936/592/480 937/592/481
f 930/588/482 932/590/447 933/590/446
f 928/586/484 930/588/482 931/628/483
f 926/584/486 928/586/484 929/630/485
f 924/582/488 926/584/486 927/632/487
f 922/580/490 924/582/488 925/634/489
f 921/579/448 922/580/490 923/148/437
f 903/611/115 905/613/115 966/613/457
f 905/613/115 907/614/115 968/614/455
f 966/613/457 905/613/115 968/614/455
f 907/614/115 909/616/115 970/616/453
f 909/616/115 911/617/115 918/617/115
f 918/617/115 972/617/451 970/616/453
f 909/616/115 918/617/115 970/616/453
f 902/609/115 903/611/115 966/613/457
f 876/592/115 873/591/115 939/593/479
f 873/591/115 902/609/115 934/591/440
f 880/594/115 878/593/115 941/594/477
f 878/593/115 876/592/115 939/593/479
f 884/596/115 882/595/115 943/595/475
f 882/595/115 880/594/115 943/595/475
f 871/590/115 886/598/115 932/590/447
f 886/598/115 884/596/115 945/596/473
f 945/596/473 884/596/115 943/595/475
f 867/586/115 869/588/115 928/586/484
f 869/588/115 871/590/115 930/588/482
f 928/586/484 869/588/115 930/588/482
f 863/582/115 865/584/115 926/584/486
f 865/584/115 867/586/115 928/586/484
f 926/584/486 865/584/115 928/586/484
f 860/579/115 861/580/115 924/582/488
f 861/580/115 863/582/115 924/582/488
f 897/606/115 899/608/115 956/604/463
f 899/608/115 860/579/115 960/608/450
f 893/603/115 895/604/115 954/603/465
f 895/604/115 897/606/115 956/604/463
f 954/603/465 895/604/115 956/604/463
f 889/601/115 891/602/115 952/602/467
f 891/602/115 893/603/115 952/602/467
f 913/619/115 888/599/115 919/619/115
f 888/599/115 889/601/115 950/601/469
f 919/619/115 888/599/115 949/599/471
f 949/599/471 974/619/442 919/619/115
f 949/599/471 888/599/115 950/601/469
f 952/602/467 893/603/115 954/603/465
f 899/608/115 960/608/450 958/606/461
f 960/608/450 860/579/115 921/579/448
f 932/590/447 886/598/115 947/598/445
f 878/593/115 939/593/479 941/594/477
f 873/591/115 934/591/440 937/592/481
f 970/616/453 968/614/455 907/614/115
f 902/609/115 966/613/457 964/611/459
f 950/601/469 889/601/115 952/602/467
f 902/609/115 964/611/459 963/609/460
f 902/609/115 963/609/460 934/591/440
f 873/591/115 937/592/481 939/593/479
f 958/606/461 956/604/463 899/608/115
f 921/579/448 860/579/115 922/580/490
f 922/580/490 860/579/115 924/582/488
f 880/594/115 941/594/477 943/595/475
f 945/596/473 947/598/445 886/598/115
f 924/582/488 863/582/115 926/584/486
f 917/621/114 961/621/449 920/147/491
f 919/619/115 974/619/442 972/617/451
f 335/637/349 343/735/363 1121/638/363
f 1025/639/492 19/1059/367 977/640/367
f 982/642/493 987/644/108 1004/643/108
f 987/644/108 986/646/109 1005/645/109
f 986/646/109 985/648/110 1006/647/110
f 985/648/110 984/650/111 1007/649/111
f 984/650/111 983/651/112 1008/651/112
f 983/651/112 981/918/495 1003/277/495
f 996/652/496 1001/655/131 990/653/131
f 1001/655/131 1000/657/132 991/656/132
f 1000/657/132 999/658/133 992/279/133
f 999/658/133 998/659/134 993/659/134
f 998/659/134 997/661/135 994/660/135
f 997/661/135 995/278/497 989/278/497
s 0
f 1008/651/115 1003/277/115 1009/282/115
f 1009/282/115 1002/344/115 1004/643/115
f 1009/282/115 1004/643/115 1005/645/115
f 1007/649/115 1008/651/115 1009/282/115
f 1009/282/115 1005/645/115 1006/647/115
f 1001/655/115 996/652/115 1010/282/115
f 1010/282/115 995/278/115 997/661/115
f 1010/282/115 997/661/115 998/659/115
f 1000/657/115 1001/655/115 1010/282/115
f 1010/282/115 998/659/115 999/658/115
s 1
f 1012/639/116 1017/663/117 1027/662/117
f 1017/663/117 1016/664/118 1028/664/118
f 1016/664/118 1015/342/119 1029/342/119
f 1015/342/119 1014/666/120 1030/665/120
f 1014/666/120 1013/668/121 1031/667/121
f 1013/668/121 1011/943/783 1026/343/498
f 1033/641/129 1038/669/128 1020/669/128
f 1038/669/128 1037/671/127 1021/671/127
f 1037/671/127 1036/640/126 1022/640/126
f 1036/640/126 1035/673/125 1023/672/125
f 1035/673/125 1034/675/124 1024/674/124
f 1034/675/124 1032/677/499 1019/676/499
f 1025/639/116 1033/641/129 1018/670/129
s 0
f 980/640/3 977/640/3 1032/677/3
f 977/640/3 978/279/3 1032/677/3
f 978/279/3 1010/282/3 996/652/3
f 996/652/3 988/654/3 1019/676/3
f 996/652/3 1019/676/3 1032/677/3
s 1
f 59/899/609 57/570/424 175/74/71
f 57/570/424 229/570/500 175/74/71
f 356/678/382 1099/331/115 1129/679/115
s 0
f 328/680/375 343/735/375 335/637/375
f 714/552/399 716/684/399 673/681/399
f 717/682/400 715/541/400 671/539/400
f 671/539/364 715/541/364 714/552/364
f 713/681/399 710/7/399 754/552/399
f 711/539/364 755/541/364 754/552/364
f 711/539/400 712/683/400 757/682/400
f 331/685/364 332/931/364 750/7/364
f 332/931/784 330/5/784 750/7/784
f 331/685/364 750/7/364 751/539/364
f 330/5/399 753/892/399 750/7/399
f 751/539/400 752/683/400 329/282/400
f 3/690/785 1040/1060/785 7/688/785
f 1040/1060/786 1041/1061/786 7/688/786
f 7/691/787 20/1062/787 1091/228/787
f 20/1062/788 1076/187/788 1091/228/788
f 1093/230/789 21/1063/789 7/691/789
f 7/691/790 1091/228/790 1092/229/790
f 1075/186/791 1076/187/791 20/1064/791
f 134/692/792 135/1065/792 1077/185/792
f 135/1065/793 139/1066/793 1087/224/793
f 134/692/794 1077/185/794 1078/184/794
f 7/691/795 21/231/795 1094/232/795
f 7/691/796 1094/232/796 1095/233/796
f 1074/188/797 1075/186/797 20/1064/797
f 1073/189/798 1074/188/798 20/1064/798
f 139/1066/799 7/691/799 1084/223/799
f 7/691/800 1095/233/800 1096/234/800
f 7/691/801 1096/234/801 1084/223/801
f 1072/190/802 1073/189/802 20/1064/802
f 1071/191/803 1072/190/803 20/1064/803
f 139/1066/804 1084/223/804 1085/222/804
f 1071/191/805 20/1064/805 1070/192/805
f 20/1064/806 134/692/806 1070/192/806
f 139/1066/807 1085/222/807 1086/213/807
f 139/1066/808 1086/213/808 1087/224/808
f 1083/179/809 1070/192/809 134/692/809
f 1082/180/810 1083/179/810 134/692/810
f 1087/224/811 1088/225/811 135/1065/811
f 1088/225/812 1089/226/812 135/1065/812
f 1081/181/813 1082/180/813 134/692/813
f 1080/182/814 1081/181/814 134/692/814
f 1089/226/815 1090/227/815 135/1065/815
f 1090/227/816 1077/185/816 135/1065/816
f 1079/183/817 1080/182/817 134/692/817
f 1048/242/818 798/1067/818 796/1068/818
f 7/1069/819 139/1070/819 1062/201/819
f 139/1070/820 138/1071/820 1058/204/820
f 1061/200/821 139/1070/821 1060/202/821
f 138/1071/822 795/1072/822 1056/206/822
f 795/1072/823 1039/1073/823 1056/206/823
f 1048/242/824 796/1068/824 136/1074/824
f 1047/241/825 1048/242/825 136/1074/825
f 138/1071/826 1056/206/826 1057/205/826
f 138/1071/827 1057/205/827 1058/204/827
f 1046/240/828 1047/241/828 136/1074/828
f 1045/239/829 1046/240/829 136/1074/829
f 1058/204/830 1059/203/830 139/1070/830
f 1059/203/831 1060/202/831 139/1070/831
f 1044/238/832 1045/239/832 136/1074/832
f 1043/237/833 1044/238/833 136/1074/833
f 139/1070/834 1061/200/834 1062/201/834
f 1042/235/835 1043/237/835 136/1074/835
f 1055/207/836 1042/235/836 136/1074/836
f 7/1069/837 1062/201/837 1063/199/837
f 1055/207/838 136/1074/838 137/694/838
f 1054/208/839 1055/207/839 137/694/839
f 7/1069/840 1063/199/840 1064/198/840
f 7/1069/841 1064/198/841 1065/197/841
f 1053/209/842 1054/208/842 137/694/842
f 1052/245/843 1053/209/843 137/694/843
f 7/1069/844 1065/197/844 1066/196/844
f 7/1069/845 1066/196/845 1067/195/845
f 1051/244/846 1052/245/846 137/694/846
f 1050/243/847 1051/244/847 137/694/847
f 7/1069/848 1067/195/848 1068/194/848
f 7/1069/849 1068/194/849 1069/193/849
f 1050/243/850 137/694/850 1049/236/850
f 137/694/851 7/1069/851 1069/193/851
s 1
f 1099/331/115 350/330/368 1101/292/368
s 0
f 1100/398/115 377/697/115 5/695/115
s 1
f 1100/398/122 491/400/122 394/697/375
f 372/698/3 373/281/357 1246/281/3
s 0
f 1149/760/3 1150/759/3 8/759/3
f 334/701/3 333/282/3 1143/772/3
f 333/282/3 1142/282/3 1143/772/3
f 1149/760/3 8/759/3 334/701/3
f 1148/1075/3 1149/760/3 334/701/3
f 334/701/3 1143/772/3 1144/771/3
f 334/701/3 1144/771/3 1145/770/3
f 1147/700/3 1148/1075/3 334/701/3
f 334/701/3 1145/770/3 1146/699/3
s 1
f 369/705/511 208/572/425 36/706/512
s 0
f 333/709/852 334/285/852 139/707/852
f 334/285/853 138/1076/853 139/707/853
f 134/1077/854 827/593/854 828/594/854
f 134/1077/855 828/594/855 829/595/855
f 978/279/115 12/1078/115 976/648/115
f 12/1078/856 134/1077/856 803/590/856
f 976/648/735 12/1078/735 803/590/735
f 134/1077/857 829/595/857 830/596/857
f 134/1077/858 830/596/858 825/598/858
f 815/602/859 816/600/859 19/282/859
f 814/603/860 815/602/860 19/282/860
f 134/1077/861 825/598/861 803/590/861
f 813/605/862 814/603/862 19/282/862
f 812/607/863 813/605/863 19/282/863
f 976/648/864 803/590/864 805/589/864
f 976/648/738 805/589/738 806/587/738
f 810/624/865 812/607/865 19/282/865
f 804/579/866 810/624/866 19/282/866
f 976/648/115 806/587/115 807/585/115
f 976/648/115 807/585/115 808/583/115
f 804/579/867 19/282/867 976/648/867
f 976/648/115 808/583/115 809/581/115
f 20/710/868 1041/710/868 1040/711/868
f 86/132/114 78/846/114 8/713/114
f 3/714/869 6/716/869 99/845/869
f 3/714/114 99/845/114 101/130/114
f 91/135/114 86/132/114 8/713/114
f 90/137/114 91/135/114 8/713/114
f 3/714/114 101/130/114 102/128/114
f 3/714/114 102/128/114 103/126/114
f 89/139/114 90/137/114 8/713/114
f 88/141/114 89/139/114 8/713/114
f 3/714/114 103/126/114 104/124/114
f 3/714/114 104/124/114 105/122/114
f 87/143/114 88/141/114 8/713/114
f 85/144/114 87/143/114 8/713/114
f 3/714/114 105/122/114 100/119/114
f 100/119/114 85/144/114 8/713/114
f 93/715/870 99/845/870 6/716/870
f 98/105/871 93/104/871 136/722/871
f 9/704/114 8/1079/114 78/162/114
f 9/704/114 78/162/114 80/1080/114
f 97/107/872 98/105/872 136/722/872
f 96/109/873 97/107/873 136/722/873
f 9/704/114 80/1080/114 81/1081/114
f 9/704/114 81/1081/114 82/1082/114
f 95/111/874 96/109/874 136/722/874
f 94/113/875 95/111/875 136/722/875
f 9/704/114 82/1082/114 83/1083/114
f 9/704/114 83/1083/114 84/1084/114
f 94/113/876 136/722/876 92/719/876
f 136/722/877 9/704/877 92/719/877
f 9/704/114 84/1084/114 79/718/114
f 13/1085/878 12/1078/878 977/640/878
f 12/1078/879 978/279/879 977/640/879
f 827/593/880 134/70/880 826/592/880
f 134/70/881 20/721/881 818/622/881
f 826/592/880 134/70/880 824/591/880
f 824/591/880 134/70/880 818/622/880
f 20/721/882 13/1085/882 817/618/882
f 13/1085/880 977/640/880 19/1059/880
f 19/1059/880 816/600/880 811/623/880
f 13/1085/880 19/1059/880 811/623/880
f 13/1085/880 811/623/880 817/618/880
f 823/1086/883 818/622/883 20/721/883
f 822/1087/884 823/1086/884 20/721/884
f 20/721/885 817/618/885 819/617/885
f 20/721/886 819/617/886 820/615/886
f 821/720/887 822/1087/887 20/721/887
f 12/725/3 13/1088/3 1098/726/3
s 1
f 1108/306/375 1109/305/375 1163/305/375
f 1109/305/375 1110/308/375 1164/308/375
f 336/304/355 1108/306/355 1107/303/374
f 1110/308/375 1111/310/375 1165/310/375
f 1112/312/375 1166/312/375 1165/310/375
f 1113/314/375 1167/314/375 1166/312/375
f 1114/316/375 1168/316/375 1167/314/375
f 1120/734/362 1121/638/363 343/735/363
f 1119/737/361 1120/734/362 348/736/362
f 1118/739/46 1119/737/361 347/738/361
f 1117/741/360 1118/739/46 346/740/46
f 1116/743/359 1117/741/360 345/742/360
f 1115/333/358 1116/743/359 344/744/359
s 0
f 333/746/3 1098/746/3 1137/777/3
f 333/746/3 1137/777/3 1138/776/3
f 1141/1089/3 1142/756/3 333/746/3
f 1140/748/3 1141/1089/3 333/746/3
f 333/746/3 1138/776/3 1139/747/3
s 1
f 1115/333/375 1169/333/557 1179/743/375
f 1116/743/375 1179/743/375 1180/741/375
f 1117/741/375 1180/741/375 1181/739/375
f 1119/737/375 1118/739/375 1181/739/375
f 322/261/358 1188/263/358 1195/749/376
f 1120/734/375 1119/737/375 1182/737/375
f 1156/750/525 1155/751/526 1179/743/526
f 1155/751/526 1154/752/528 1180/741/527
f 1154/752/528 1153/753/529 1181/739/529
f 1153/753/529 1152/754/530 1182/737/530
f 1152/754/530 1151/755/531 1183/734/531
f 1151/755/531 1150/759/532 1184/638/532
f 1178/306/533 1143/772/533 1142/756/534
f 1136/758/536 1175/329/536 1176/679/115
f 1168/316/537 1184/638/532 1150/759/532
f 1156/750/525 1169/333/525 1185/319/538
f 1174/327/539 1175/329/536 1136/758/536
f 1173/325/540 1174/327/539 1135/762/539
f 1172/323/541 1173/325/540 1134/763/540
f 1171/321/542 1172/323/541 1133/764/541
f 1170/318/543 1171/321/542 1132/765/542
f 1185/319/538 1170/318/543 1131/766/543
f 1167/314/544 1168/316/537 1149/760/537
f 1166/312/545 1167/314/544 1148/767/544
f 1165/310/546 1166/312/545 1147/768/545
f 1164/308/547 1165/310/546 1146/769/546
f 1163/305/549 1164/308/547 1145/770/548
f 1178/306/533 1163/305/549 1144/771/549
f 1161/301/550 1162/303/534 1142/756/534
f 1160/299/552 1161/301/550 1141/773/551
f 1159/297/554 1160/299/552 1140/774/553
f 1158/295/555 1159/297/554 1139/775/554
f 1157/294/556 1158/295/555 1138/776/555
f 1177/292/535 1157/294/556 1137/777/556
f 1186/778/3 372/698/3 1245/698/3
f 1103/295/375 1104/297/375 1159/297/375
f 1129/679/375 1101/292/375 1177/292/375
f 1102/294/375 1103/295/375 1158/295/375
f 1195/749/376 1196/780/377 309/779/377
f 1129/679/375 1176/679/375 1175/329/375
f 1101/292/375 1102/294/375 1157/294/375
f 1196/780/377 1197/782/378 310/781/378
f 1114/316/375 1121/638/375 1184/638/375
f 1197/782/378 1198/784/379 311/783/379
f 1107/303/375 1108/306/375 1178/306/524
f 1198/784/379 1199/786/380 312/785/380
f 1122/319/375 1185/319/524 1169/333/557
f 1128/329/375 1175/329/375 1174/327/375
f 1127/327/375 1174/327/375 1173/325/375
f 1199/786/380 1200/788/381 313/787/381
f 1126/325/375 1173/325/375 1172/323/375
f 1200/788/381 1201/808/382 308/789/382
f 1124/321/375 1125/323/375 1172/323/375
f 301/790/558 1187/793/558 371/260/355
f 1123/318/375 1124/321/375 1171/321/375
f 315/249/349 363/251/349 1194/273/363
f 1122/319/375 1123/318/375 1170/318/375
f 308/789/382 1201/808/382 376/248/368
f 1121/638/375 1120/734/375 1183/734/375
s 0
f 8/759/357 1150/759/357 1151/755/357
f 8/759/3 1151/755/3 1152/754/3
f 1135/1090/356 1136/758/356 13/792/356
f 1134/1091/357 1135/1090/357 13/792/357
f 8/759/3 1152/754/3 1153/1092/3
f 8/759/3 1153/1092/3 1154/1093/3
f 1133/1094/356 1134/1091/356 13/792/356
f 1132/765/356 1133/1094/356 13/792/356
f 8/759/356 1154/1093/356 1155/1095/356
f 8/759/888 1155/1095/888 1156/750/888
f 1131/766/357 1132/765/357 13/792/357
f 8/759/3 1156/750/3 13/792/3
f 1156/750/3 1130/761/3 13/792/3
s 1
f 1187/793/356 1186/778/3 1244/778/356
f 306/794/559 1186/778/559 1187/793/558
f 372/698/372 1186/778/559 306/794/559
f 373/281/371 372/698/372 305/795/372
f 374/280/370 373/281/371 304/796/371
f 375/274/369 374/280/370 303/280/370
f 376/248/368 375/274/369 302/274/369
f 1188/263/3 1189/262/3 1225/262/3
f 1189/262/3 1190/265/356 1227/265/356
f 1190/265/356 1191/267/356 1229/267/356
f 1216/248/535 1217/797/556 1248/274/556
f 1217/797/556 1218/798/555 1247/280/555
f 1218/798/555 1219/799/554 1246/281/554
f 1219/799/554 1220/800/552 1245/698/553
f 1220/800/552 1221/1096/551 1244/778/551
f 1244/778/551 1221/1096/551 1222/801/534
f 1237/802/538 1238/803/543 1251/780/543
f 1238/803/543 1239/804/542 1250/782/542
f 1239/804/542 1240/805/541 1249/784/541
f 1240/805/541 1241/806/540 1255/786/540
f 1241/806/540 1242/807/539 1256/788/539
f 1242/807/539 1243/1097/536 1257/808/536
f 1252/793/561 1222/801/534 1213/260/533
f 1257/808/536 1243/1097/536 1216/248/535
f 1254/263/525 1224/815/525 1237/802/538
f 1253/251/537 1203/820/537 1234/809/532
f 1231/269/563 1233/271/531 1232/810/531
f 1227/265/564 1229/267/529 1228/812/529
f 1233/271/531 1235/273/562 1234/809/532
f 1229/267/529 1231/269/563 1230/811/530
f 1225/262/526 1227/265/564 1226/813/527
f 1254/263/525 1225/262/526 1223/814/526
f 1212/259/549 1214/260/533 1213/260/533
f 1210/257/565 1212/259/549 1211/816/549
f 1208/255/546 1210/257/565 1209/257/547
f 1206/253/545 1208/255/546 1207/817/546
f 1204/250/544 1206/253/545 1205/818/545
f 1253/251/537 1204/250/544 1202/819/544
f 363/251/3 1253/251/3 1235/273/3
f 363/251/3 368/250/3 1204/250/3
f 1188/263/3 1254/263/3 1236/749/357
f 1201/808/3 1257/808/3 1215/248/3
f 371/260/3 1187/793/356 1252/793/356
f 1201/808/3 1200/788/3 1256/788/3
f 1200/788/3 1199/786/3 1255/786/357
f 1199/786/3 1198/784/356 1249/784/3
f 1197/782/3 1250/782/3 1249/784/3
f 1196/780/3 1251/780/357 1250/782/3
f 1195/749/357 1236/749/357 1251/780/357
f 1194/273/3 1235/273/3 1233/271/3
f 1193/271/3 1233/271/3 1231/269/357
f 1192/269/357 1231/269/357 1229/267/356
f 120/564/136 128/835/113 1299/161/113
f 114/821/122 1306/145/122 1293/146/107
f 107/165/129 1307/117/129 1300/118/116
f 121/149/130 1286/115/130 1313/116/123
f 1270/824/114 1269/175/114 1407/175/114
f 1271/718/114 1270/824/114 1408/824/114
f 1272/121/114 1273/120/114 1337/120/114
f 1305/825/121 1306/145/122 114/821/122
f 1304/827/120 1305/825/121 119/826/121
f 1303/829/119 1304/827/120 118/828/120
f 1302/831/118 1303/829/119 117/830/119
f 1301/833/117 1302/831/118 116/832/118
f 1300/118/116 1301/833/117 115/287/117
f 1298/834/112 1299/161/113 128/835/113
f 1297/837/111 1298/834/112 133/836/112
f 1296/839/110 1297/837/111 132/838/111
f 1295/841/109 1296/839/110 131/840/110
f 1294/843/108 1295/841/109 130/842/109
f 1293/146/107 1294/843/108 129/844/108
f 1273/120/114 1274/123/114 1339/123/114
f 1274/123/114 1275/125/114 1341/125/114
f 1276/127/114 1343/127/114 1341/125/114
f 93/104/107 1258/104/107 1278/131/122
f 100/119/116 1272/121/116 1285/144/129
f 86/132/123 1279/134/123 1265/162/130
f 79/718/136 1271/718/136 1264/114/113
f 1277/129/114 1345/129/114 1343/127/114
f 1278/131/114 1347/131/114 1345/129/114
f 1279/134/114 1280/133/114 1350/133/114
f 1280/133/114 1281/136/114 1352/136/114
f 1281/136/114 1282/138/114 1354/138/114
f 1270/824/135 1271/718/136 79/718/136
f 1269/175/134 1270/824/135 84/824/135
f 1268/174/133 1269/175/134 83/175/134
f 1267/164/132 1268/174/133 82/174/133
f 1266/163/131 1267/164/132 81/164/132
f 1265/162/130 1266/163/131 80/163/131
f 1283/140/114 1356/140/114 1354/138/114
f 1284/142/114 1358/142/114 1356/140/114
f 1285/144/114 1360/144/114 1358/142/114
f 1328/847/566 1329/848/567 1404/163/567
f 1329/848/567 1330/849/569 1405/164/568
f 1330/849/569 1331/174/570 1406/174/570
f 1331/174/570 1332/175/572 1407/175/571
f 1332/175/572 1333/824/573 1408/824/573
f 1333/824/573 1334/718/574 1409/718/574
f 1409/718/574 1334/718/574 1325/850/575
f 1411/134/576 1349/879/576 1328/847/566
f 1410/121/577 1336/885/577 1359/144/578
f 1403/104/579 1315/889/579 1346/851/580
f 1375/852/581 1376/853/582 1413/843/582
f 1376/853/582 1377/854/583 1414/841/583
f 1377/854/583 1378/855/584 1415/839/584
f 1378/855/584 1379/856/585 1416/837/585
f 1379/856/585 1380/857/586 1417/834/586
f 1380/857/586 1381/865/575 1418/161/575
f 1383/858/577 1384/859/587 1419/833/587
f 1384/859/587 1385/860/588 1420/831/588
f 1385/860/588 1386/861/589 1421/829/589
f 1386/861/589 1387/862/590 1422/827/590
f 1387/862/590 1388/863/591 1423/825/591
f 1388/863/591 1389/1098/592 1424/145/592
f 1412/115/593 1362/873/593 1401/864/576
f 1425/117/578 1391/867/578 1383/858/577
f 1424/145/592 1389/1098/592 1375/852/581
f 1373/160/574 1418/161/575 1381/865/575
f 1400/172/595 1402/116/594 1401/864/576
f 1398/170/596 1400/172/595 1399/172/595
f 1396/169/598 1398/170/596 1397/170/597
f 1394/167/599 1396/169/598 1395/169/598
f 1392/166/600 1394/167/599 1393/167/599
f 1425/117/578 1392/166/600 1390/166/600
f 1371/158/573 1373/160/574 1372/866/574
f 1369/156/572 1371/158/573 1370/868/573
f 1367/154/570 1369/156/572 1368/869/571
f 1365/152/569 1367/154/570 1366/870/570
f 1363/150/567 1365/152/569 1364/871/569
f 1412/115/593 1363/150/567 1361/872/567
f 1358/142/600 1360/144/578 1359/144/578
f 1356/140/601 1358/142/600 1357/874/600
f 1354/138/598 1356/140/601 1355/875/599
f 1352/136/597 1354/138/598 1353/876/598
f 1350/133/595 1352/136/597 1351/877/597
f 1411/134/576 1350/133/595 1348/878/595
f 1345/129/591 1347/131/580 1346/851/580
f 1343/127/602 1345/129/591 1344/880/591
f 1341/125/589 1343/127/602 1342/881/590
f 1339/123/603 1341/125/589 1340/882/589
f 1337/120/587 1339/123/603 1338/883/603
f 1410/121/577 1337/120/587 1335/884/587
f 1324/112/586 1326/114/575 1325/850/575
f 1322/110/604 1324/112/586 1323/886/586
f 1320/108/584 1322/110/604 1321/887/585
f 1318/106/583 1320/108/584 1319/888/584
f 1316/105/582 1318/106/583 1317/106/583
f 1403/104/579 1316/105/582 1314/105/582
f 1313/116/115 1402/116/115 1400/172/115
f 1312/172/115 1400/172/115 1398/170/115
f 1311/170/115 1398/170/115 1396/169/115
f 1309/167/115 1310/169/115 1396/169/115
f 1308/166/115 1309/167/115 1394/167/115
f 1307/117/115 1308/166/115 1392/166/115
f 1306/145/115 1305/825/115 1423/825/115
f 1305/825/115 1304/827/115 1422/827/115
f 1304/827/115 1303/829/115 1421/829/115
f 1302/831/115 1420/831/115 1421/829/115
f 1301/833/115 1419/833/115 1420/831/115
f 1300/118/115 1382/118/115 1419/833/115
f 1299/161/115 1298/834/115 1417/834/115
f 1298/834/115 1297/837/115 1416/837/115
f 1297/837/115 1296/839/115 1415/839/115
f 1295/841/115 1414/841/115 1415/839/115
f 1294/843/115 1413/843/115 1414/841/115
f 1293/146/115 1374/146/115 1413/843/115
f 1292/160/115 1373/160/115 1371/158/115
f 1291/158/115 1371/158/115 1369/156/115
f 1290/156/115 1369/156/115 1367/154/115
f 1288/152/115 1289/154/115 1367/154/115
f 1287/150/115 1288/152/115 1365/152/115
f 1286/115/115 1287/150/115 1363/150/115
f 1258/104/114 1403/104/114 1347/131/114
f 1272/121/114 1410/121/114 1360/144/114
f 1279/134/114 1411/134/114 1327/162/114
f 1271/718/114 1409/718/114 1326/114/114
s 0
f 653/282/889 654/527/889 655/528/889
f 490/389/115 397/339/115 793/460/115
f 397/339/768 386/282/768 654/527/768
f 386/282/768 663/527/768 654/527/768
f 653/1099/115 390/1100/115 394/697/115
f 397/339/769 654/527/769 793/460/769
f 490/389/115 793/460/115 488/394/115
f 653/1099/115 394/697/115 491/400/115
f 654/527/890 653/1099/890 492/407/890
f 492/407/115 653/1099/115 491/400/115
f 488/394/115 489/392/115 490/389/115
f 486/958/115 487/396/115 793/460/115
f 487/396/115 488/394/115 793/460/115
f 492/407/771 793/460/771 654/527/771
f 496/890/115 497/1101/115 492/407/115
f 494/402/115 495/1102/115 496/890/115
f 491/400/115 493/399/115 494/402/115
f 496/890/115 492/407/115 491/400/115
o ControlStand.003
v -0.066123 3.008190 6.566730
v -0.372231 3.059348 6.692691
v -0.371920 3.350497 6.815714
v -0.064581 3.350497 6.690938
v 0.058755 3.350497 6.567588
v -0.372564 1.976920 7.012849
v -0.371147 3.108654 6.692486
v -0.066123 3.108667 6.568380
v -0.910369 3.350497 6.815721
v -0.910938 3.108552 6.692971
v 0.058766 3.350497 6.161891
v -0.061959 3.108523 6.161335
v 0.255598 1.976920 6.615962
v 0.255466 1.977224 6.161323
v -0.064229 3.007759 6.161323
v -0.911078 3.059347 6.953227
v -0.910369 3.350497 6.952566
v -0.910938 3.059347 6.692971
v -0.372564 3.059350 7.012770
v -0.372745 3.349837 7.012493
v 0.038588 3.349843 6.845515
v 0.255315 3.349915 6.161464
v 0.255397 3.349899 6.615932
v -0.372864 1.977730 6.566345
v -0.469675 1.976920 6.465894
v -0.469680 3.007618 6.465757
v -0.372514 3.007617 6.566108
v -0.469674 1.976920 6.261018
v -0.369852 1.976920 6.161196
v -0.369786 3.007617 6.161355
v -0.469673 3.007618 6.261262
v 0.038696 1.977221 6.845688
v -0.372241 3.007906 6.692359
v -0.360498 3.010918 6.421754
v -0.343721 3.010918 6.430346
v -0.329207 3.010918 6.448477
v -0.325738 3.010918 6.476527
v -0.335834 3.010918 6.498207
v -0.353965 3.010918 6.512721
v -0.377599 3.010919 6.516371
v -0.395730 3.010918 6.511217
v -0.410507 3.010918 6.499516
v -0.421205 3.010918 6.478903
v -0.420175 3.010919 6.455010
v -0.411118 3.010917 6.437519
v -0.396446 3.010919 6.425681
v -0.379285 3.010919 6.420236
v -0.356020 3.010812 6.409912
v -0.331320 3.010818 6.423669
v -0.315631 3.010811 6.449484
v -0.312881 3.010810 6.473136
v -0.319791 3.010811 6.497039
v -0.339635 3.010817 6.519214
v -0.367716 3.010811 6.529061
v -0.391396 3.010811 6.526529
v -0.412492 3.010811 6.515479
v -0.430369 3.010817 6.491690
v -0.434549 3.010811 6.462228
v -0.423973 3.010818 6.432795
v -0.402431 3.010811 6.414483
v -0.379700 3.010810 6.407379
v -0.373708 3.007689 6.404692
v -0.361314 3.007689 6.405912
v -0.349397 3.007689 6.409527
v -0.338413 3.007689 6.415398
v -0.328786 3.007689 6.423299
v -0.320886 3.007689 6.432926
v -0.315015 3.007689 6.443909
v -0.311400 3.007689 6.455826
v -0.310179 3.007689 6.468220
v -0.311400 3.007689 6.480614
v -0.315015 3.007689 6.492532
v -0.320886 3.007689 6.503515
v -0.328786 3.007689 6.513142
v -0.338413 3.007689 6.521042
v -0.349397 3.007689 6.526913
v -0.361314 3.007689 6.530529
v -0.373708 3.007689 6.531749
v -0.386102 3.007689 6.530529
v -0.398019 3.007689 6.526913
v -0.409003 3.007689 6.521042
v -0.418630 3.007689 6.513142
v -0.426530 3.007689 6.503515
v -0.432401 3.007689 6.492532
v -0.436016 3.007689 6.480614
v -0.437237 3.007689 6.468220
v -0.436016 3.007689 6.455826
v -0.432401 3.007689 6.443909
v -0.426530 3.007689 6.432926
v -0.418630 3.007689 6.423299
v -0.409003 3.007689 6.415398
v -0.398019 3.007689 6.409527
v -0.386102 3.007689 6.405912
v -0.368404 3.031349 6.420567
v -0.355095 3.031081 6.424172
v -0.346305 3.031645 6.429312
v -0.336321 3.031108 6.438052
v -0.329283 3.031573 6.451080
v -0.325842 3.031049 6.463973
v -0.327902 3.031286 6.482486
v -0.334424 3.031595 6.495122
v -0.343762 3.031349 6.505667
v -0.360372 3.031349 6.514277
v -0.379014 3.031279 6.515903
v -0.396757 3.031531 6.510174
v -0.411057 3.031250 6.498353
v -0.418130 3.031622 6.485328
v -0.421555 3.031108 6.472534
v -0.419378 3.031469 6.453825
v -0.410705 3.031288 6.437757
v -0.400111 3.031637 6.428569
v -0.387053 3.031279 6.422136
v -0.469978 2.546000 6.276610
v -0.469978 2.550000 6.280611
v -0.469978 2.450000 6.280611
v -0.469978 2.454000 6.276610
v -0.469978 2.550000 6.372610
v -0.469978 2.546000 6.376610
v -0.469978 2.454000 6.376610
v -0.469978 2.450000 6.372610
v -0.473978 2.549000 6.280809
v -0.473978 2.545801 6.277610
v -0.473978 2.454199 6.277610
v -0.473978 2.451000 6.280809
v -0.473978 2.545801 6.375610
v -0.473978 2.549000 6.372411
v -0.473978 2.451000 6.372411
v -0.473978 2.454199 6.375610
vn -0.3573 0.6599 -0.6609
vn -0.2353 0.7128 -0.6607
vn -0.4183 0.7285 -0.5425
vn -1.0000 -0.0000 -0.0000
vn -0.7072 0.0002 -0.7070
vn -0.7611 0.6443 -0.0753
vn -0.5892 0.7775 -0.2200
vn -0.6949 0.6961 -0.1801
vn -0.6338 0.7670 0.1002
vn -0.7147 0.6336 0.2961
vn 0.5435 0.6056 -0.5813
vn 0.3044 0.7285 -0.6137
vn 0.2215 0.6599 -0.7179
vn 0.6721 0.7207 0.1701
vn 0.6786 0.6378 0.3644
vn 0.6779 0.6961 0.2363
vn 0.7270 0.0001 0.6866
vn 1.0000 0.0001 -0.0003
vn 0.7892 -0.0112 0.6140
vn 0.6014 0.6903 0.4022
vn 0.4565 0.6679 0.5878
vn 0.4298 0.6336 0.6432
vn 0.4544 0.5753 0.6801
vn 0.4713 0.7670 0.4354
vn 0.3118 0.5790 -0.7534
vn 0.6251 -0.0101 -0.7805
vn 0.2764 -0.0072 -0.9610
vn 0.5731 0.6961 0.4324
vn 0.2219 0.7670 0.6021
vn -0.6461 0.6065 -0.4634
vn -0.4260 0.7604 -0.4902
vn -0.7020 0.5553 -0.4460
vn 0.0773 0.6369 0.7670
vn -0.1019 0.7128 0.6939
vn -0.0411 0.6961 0.7167
vn 0.6890 0.7174 -0.1026
vn 0.7600 0.6467 0.0646
vn 0.7256 0.6871 -0.0374
vn -0.0761 0.6308 -0.7722
vn -0.1801 0.6961 -0.6949
vn 0.5389 0.7725 -0.3357
vn 0.7214 0.6525 -0.2321
vn 0.6561 0.6871 -0.3123
vn -0.4904 0.6369 0.5949
vn -0.3008 0.7128 0.6336
vn -0.2191 0.6559 0.7223
vn -0.5190 0.7670 0.3773
vn -0.5359 0.6961 0.4777
vn -0.7557 0.5753 0.3130
vn 0.1019 0.7128 -0.6939
vn 0.0411 0.6961 -0.7167
vn 0.6254 0.5991 -0.5000
vn 0.4101 0.6961 -0.5892
vn 0.6659 0.7013 -0.2546
vn 0.0689 0.6682 -0.7408
vn 0.0003 0.0001 -1.0000
vn -0.7163 0.0004 0.6978
vn -0.7163 0.0005 0.6978
vn 0.9189 -0.0168 -0.3941
vn 0.7857 0.6156 -0.0603
vn -0.4560 0.0133 0.8899
vn -0.0821 0.6574 0.7491
vn -0.3529 0.6797 0.6430
vn 0.1801 0.6961 0.6949
vn 0.3760 0.0008 0.9266
vn 0.3760 0.0006 0.9266
vn 0.3761 0.0006 0.9266
vn 0.6015 0.5553 -0.5743
vn 0.3222 0.7604 -0.5639
vn 0.7212 0.6544 0.2272
vn -0.4022 0.6886 -0.6033
vn -0.9999 0.0112 -0.0064
vn 0.4005 -0.0044 0.9163
vn 0.1946 0.6733 0.7133
vn -0.0685 0.0011 0.9977
vn -0.7167 0.6961 0.0411
vn -0.0000 1.0000 -0.0000
vn -0.6682 0.6858 0.2883
vn -0.7050 0.6728 -0.2245
vn -0.7855 0.6173 0.0427
vn -0.0000 -0.0000 -1.0000
vn -0.3748 0.0110 -0.9270
vn -0.3779 0.0114 -0.9258
vn -0.3789 0.0110 -0.9254
vn -0.1802 0.6876 0.7034
vn -0.9307 -0.3222 -0.1733
vn 0.0952 0.9751 -0.2005
vn -0.1122 -0.0027 -0.9937
vn -1.0000 -0.0006 -0.0000
vn -1.0000 -0.0003 -0.0000
vn -1.0000 -0.0001 -0.0001
vn -0.7071 0.0002 -0.7071
vn -0.7071 0.0005 -0.7071
vn 0.9860 -0.0148 0.1658
vn -0.0009 1.0000 0.0053
vn -0.0013 1.0000 0.0057
vn -0.0008 1.0000 0.0057
vn -0.0011 1.0000 0.0061
vn -0.0012 1.0000 0.0057
vn -0.0008 1.0000 0.0065
vn -0.0017 1.0000 0.0049
vn -0.0012 1.0000 0.0055
vn -0.0009 1.0000 0.0020
vn 0.0002 1.0000 -0.0030
vn -0.0003 1.0000 0.0036
vn 0.0006 1.0000 -0.0008
vn -0.3886 -0.1209 -0.9134
vn -0.3389 0.9276 0.1572
vn 0.7271 0.0001 0.6865
vn 0.7269 0.0003 0.6867
vn 1.0000 0.0001 -0.0002
vn -0.9068 0.2727 -0.3215
vn 0.0017 -0.1931 -0.9812
vn -0.9997 0.0096 0.0234
vn -0.3640 0.6961 0.6188
vn 0.0001 0.0004 -1.0000
vn 0.0002 0.0001 -1.0000
vn 0.0011 0.0001 -1.0000
vn 0.0013 -0.0000 -1.0000
vn -0.7165 -0.0000 0.6976
vn -0.7164 -0.0000 0.6976
vn -0.4788 -0.0004 -0.8779
vn -0.2005 0.6508 -0.7323
vn 0.3765 0.0001 0.9264
vn 0.3762 -0.0000 0.9265
vn 0.3763 0.0001 0.9265
vn -0.6010 0.6426 -0.4752
vn -0.6022 0.6313 0.4887
vn -0.9999 0.0113 -0.0064
vn -0.1945 0.9248 -0.3269
vn -0.8915 0.4513 -0.0393
vn 0.0009 1.0000 -0.0045
vn 0.0008 1.0000 -0.0045
vn 0.0014 1.0000 -0.0039
vn 0.0011 1.0000 -0.0043
vn 0.0010 1.0000 -0.0045
vn -0.6903 0.6802 -0.2468
vn 0.0004 1.0000 -0.0039
vn 0.0004 1.0000 -0.0042
vn 0.0009 1.0000 -0.0041
vn 0.0005 1.0000 -0.0048
vn 0.0010 1.0000 -0.0052
vn 0.0003 1.0000 -0.0007
vn -0.2332 0.9663 -0.1090
vn -0.0000 0.9816 -0.1908
vn -1.0000 0.0001 -0.0000
vn -1.0000 -0.0000 -0.0001
vn -1.0000 0.0010 -0.0005
vn -0.6838 0.0061 -0.7297
vn -1.0000 0.0005 0.0007
vn -0.3749 0.0078 -0.9270
vn -0.0005 -0.0000 -1.0000
vn -0.3788 0.0110 -0.9254
vn -0.3776 0.0111 -0.9259
vn -0.6159 0.0057 -0.7878
vn -0.7694 0.0103 0.6387
vn -0.9744 -0.0019 0.2250
vn -0.9640 0.0033 -0.2660
vn -0.1083 0.0010 0.9941
vn -0.2721 0.3217 0.9069
vn -0.7465 0.0002 0.6654
vn -0.3402 0.7450 -0.5738
vn 0.1150 -0.5124 0.8510
vn -0.9999 0.0125 -0.0046
vn 0.0175 -0.9556 0.2940
vn -0.9979 0.0637 0.0140
vn 0.1152 -0.8508 -0.5128
vn -0.9995 -0.0287 -0.0121
vn 0.1192 0.5139 0.8495
vn -0.0026 0.9806 0.1960
vn -0.0567 0.4506 -0.8909
vn -1.0000 0.0021 0.0021
vn -0.7417 -0.0416 0.6694
vn -1.0000 0.0002 -0.0000
vn 0.0009 0.9811 -0.1936
vn -1.0000 -0.0017 0.0001
vn -0.9996 0.0113 -0.0248
vn -0.0025 0.1961 -0.9806
vn -0.1106 -0.0013 0.9939
vn -0.1100 -0.0007 0.9939
vn -0.4472 0.1075 0.8880
vn -1.0000 -0.0005 -0.0016
vn -0.8217 0.4582 -0.3389
vn -1.0000 0.0008 -0.0016
vn -1.0000 0.0001 0.0001
vn -1.0000 0.0039 0.0016
vn -1.0000 -0.0023 -0.0005
vn -1.0000 -0.0023 -0.0004
vn -0.7418 0.5328 0.4073
vt 0.078125 0.500000
vt 0.062500 0.500000
vt 0.093750 0.500000
vt 0.504291 0.130415
vt 0.496893 0.129270
vt 0.541318 0.062295
vt 0.624758 0.310787
vt 0.375000 0.189002
vt 0.624758 0.189187
vt 0.234375 0.500000
vt 0.187500 0.500000
vt 0.218750 0.500000
vt 0.281250 0.500000
vt 0.312580 0.500000
vt 0.878906 0.500000
vt 0.937500 0.500000
vt 0.953125 0.500000
vt 0.718750 0.500000
vt 0.671875 0.500000
vt 0.687500 0.500000
vt 0.374407 0.748616
vt 0.000906 0.001812
vt 0.279937 0.559875
vt 0.375000 0.500549
vt 0.624818 0.749451
vt 0.375000 0.749451
vt 0.643432 0.500000
vt 0.656250 0.986347
vt 0.608702 0.989368
vt 0.593670 0.500000
vt 0.593750 0.500000
vt 0.625000 0.500000
vt 0.937500 0.989375
vt 0.893432 0.500000
vt 0.955932 0.500000
vt 0.656250 0.500000
vt 0.562500 0.500000
vt 0.152344 0.500000
vt 0.125000 0.500000
vt 0.156250 0.500000
vt 0.515625 0.500000
vt 0.468750 0.500000
vt 0.500000 0.500000
vt 0.781250 0.500000
vt 0.737182 0.500000
vt 0.750000 0.500000
vt 0.015625 0.500000
vt 0.031250 0.500000
vt 0.843750 0.500000
vt 0.799682 0.500000
vt 0.812500 0.500000
vt 0.390625 0.500000
vt 0.437500 0.500000
vt 0.453125 0.500000
vt 0.343750 0.500000
vt 0.375000 0.500000
vt 0.312500 0.500000
vt 1.000000 0.500000
vt 0.968750 0.500000
vt 0.434914 0.401131
vt 0.385942 0.444673
vt 0.471241 0.336923
vt 0.983634 0.990356
vt 0.000000 0.500000
vt 0.000000 0.000000
vt 0.541320 0.000439
vt 0.458439 0.061236
vt 0.458443 0.000439
vt 0.816403 0.500000
vt 0.812500 0.988405
vt 0.765160 0.987906
vt 0.424683 0.500000
vt 0.483635 0.990241
vt 0.421410 0.987816
vt 0.859055 0.988989
vt 0.531250 0.500000
vt 0.624783 0.750000
vt 0.624782 0.750000
vt 0.375000 0.750000
vt 0.875000 0.500000
vt 0.906250 0.500000
vt 0.703236 0.989640
vt 0.137522 0.040786
vt 0.118196 0.447259
vt 0.477792 0.180992
vt 0.487736 0.272712
vt 0.274168 0.486320
vt 0.341834 0.471706
vt 0.566403 0.500000
vt 0.546202 0.989367
vt 0.487182 0.500000
vt 0.458439 0.186472
vt 0.496907 0.179019
vt 0.504578 0.186472
vt 0.250000 0.500000
vt 0.624350 -0.002760
vt 0.625000 0.750000
vt 0.813063 0.500617
vt 0.028821 0.163734
vt 0.022967 0.320429
vt 0.012286 0.227072
vt 0.492143 0.257802
vt 0.492143 0.493229
vt 0.382857 0.500000
vt 0.492143 0.500000
vt 0.382857 0.500000
vt 0.022068 0.017655
vt 0.011298 0.009000
vt 0.584578 0.467661
vt 0.428596 0.500000
vt 0.541318 0.186472
vt 0.504612 0.132427
vt 0.504584 0.177568
vt 0.504489 0.179524
vt 0.504263 0.179509
vt 0.496586 0.177006
vt 0.496572 0.131212
vt 0.458439 0.062295
vt 0.496666 0.129235
vt 0.504613 0.131040
vt 0.375000 0.283762
vt 0.722653 0.500000
vt 0.362183 0.500000
vt 0.285153 0.500000
vt 0.502937 0.500000
vt 0.517444 0.500000
vt 0.619584 0.500000
vt 0.621874 0.500000
vt 0.622356 0.500000
vt 0.520195 0.500000
vt 0.001186 0.002373
vt 0.624818 0.500549
vt 0.503917 0.193229
vt 0.906250 0.986347
vt 0.406250 0.500000
vt 0.375708 0.500000
vt 0.375000 0.284786
vt 0.624758 0.312233
vt 0.541318 0.061236
vt 0.377670 0.535809
vt 0.539979 0.170043
vt 0.457767 0.334465
vt 0.078125 0.500000
vt 0.046135 0.990937
vt 0.375563 0.750000
vt 0.065915 0.400818
vt 0.066150 0.098915
vt 0.225669 0.013373
vt 0.318136 0.022274
vt 0.400097 0.065684
vt 0.447657 0.117930
vt 0.181904 0.478036
vt 0.205932 0.500000
vt 0.140625 0.500000
vt 0.496587 0.178414
vt 0.093750 0.984401
vt 0.000143 0.989375
vt 0.018432 0.500000
vt 0.874454 0.742390
vt 0.625000 0.744284
vt 0.631069 0.504486
vt 0.625000 0.504452
vt 0.869179 0.505740
vt 0.625000 0.504452
vt 0.874726 0.562276
vt 0.874739 0.687526
vt 0.373782 0.498376
vt 0.625004 0.500617
vt 0.375214 0.749489
vt 0.375040 0.541679
vt 0.375107 0.624745
vt 0.375000 0.500766
vt 0.375020 0.583480
vt 0.382857 0.250464
vt 0.492143 0.500000
vt 0.359535 0.990690
vt 0.312500 0.986347
vt 0.265305 0.988988
vt 0.203943 0.987407
vt 0.624141 0.999539
vt 0.375000 1.000000
vt 0.140702 0.990508
vt 0.496572 0.129221
vt 0.504137 0.132076
vt 0.504151 0.191154
vt 0.503903 0.130058
vt 0.497021 0.133257
vt 0.496587 0.178997
vt 0.504613 0.130465
vt 0.516921 0.258272
vt 0.600516 0.496607
vt 0.503367 0.494043
vt 0.490379 0.249295
vt 0.378001 0.003401
vt 0.624040 0.007448
vt 0.496993 0.191697
vt 0.497227 0.193715
vt 0.624141 0.750461
vt 0.502789 0.130345
vt 0.498374 0.131540
vt 0.502804 0.190568
vt 0.621834 0.257202
vt 0.601143 0.243730
vt 0.382838 0.249055
vt 0.497256 0.131183
s 1
f 1485/1103/891 1517/1104/892 1516/1105/893
s 0
f 1543/1106/894 1544/1107/894 1451/1108/894
f 1455/1109/895 1453/1110/895 1456/1111/895
s 1
f 1483/1112/896 1513/1113/897 1512/1114/898
f 1483/1112/896 1510/1115/899 1482/1116/900
f 1474/1117/901 1489/1118/902 1473/1119/903
f 1496/1120/904 1477/1121/905 1497/1122/906
s 0
f 1457/1123/907 1448/1124/907 1446/1125/907
f 1439/1126/908 1448/1127/908 1438/1128/908
s 1
f 1463/1129/909 1526/1130/910 1527/1131/911
f 1478/1132/912 1500/1133/913 1499/1134/914
f 1520/1135/915 1460/1136/916 1459/1137/917
f 1497/1122/906 1477/1121/905 1498/1138/918
f 1500/1133/913 1478/1132/912 1501/1139/919
f 1484/1140/920 1516/1105/893 1515/1141/921
f 1513/1113/897 1484/1140/920 1514/1142/922
f 1479/1143/923 1504/1144/924 1503/1145/925
f 1494/1146/926 1476/1147/927 1495/1148/928
f 1517/1104/892 1486/1149/929 1518/1150/930
f 1492/1151/931 1475/1152/932 1493/1153/933
f 1481/1154/934 1505/1155/935 1480/1156/936
f 1481/1154/934 1508/1157/937 1507/1158/938
f 1482/1116/900 1509/1159/939 1508/1157/937
f 1480/1156/936 1505/1155/935 1504/1144/924
f 1486/1160/929 1488/1161/940 1487/1160/941
f 1522/1162/942 1521/1163/943 1523/1164/944
f 1459/1137/917 1519/1165/945 1520/1135/915
f 1486/1149/929 1487/1166/941 1518/1150/930
s 0
f 1440/1167/946 1437/1167/946 1447/1134/946
f 1452/1168/947 1450/1169/947 1449/1170/948
s 1
f 1461/1171/949 1523/1172/944 1524/1173/950
f 1466/1174/951 1529/1175/952 1530/1176/953
f 1461/1171/949 1522/1177/942 1523/1172/944
f 1501/1139/919 1479/1143/923 1502/1178/954
f 1477/1121/905 1499/1134/914 1498/1138/918
s 0
f 1446/1179/955 1445/1180/956 1444/1181/957
s 1
f 1474/1117/901 1491/1182/958 1490/1183/959
f 1463/1129/909 1525/1184/960 1526/1130/910
f 1530/1185/953 1521/1163/943 1536/1186/961
f 1523/1164/944 1525/1187/960 1524/1188/950
f 1519/1189/945 1521/1163/943 1520/1190/915
s 0
f 1426/1167/962 1433/1167/962 1437/1167/962
s 1
f 1464/1191/963 1527/1131/911 1528/1192/964
f 1465/1193/965 1528/1192/964 1529/1175/952
s 0
f 1453/1194/894 1541/1195/894 1456/1196/894
s 1
f 1509/1159/939 1482/1116/900 1510/1115/899
f 1483/1112/896 1512/1114/898 1511/1197/966
f 1522/1177/942 1461/1171/949 1460/1136/916
s 0
f 1452/1198/967 1426/1199/967 1455/1200/967
s 1
f 1532/1201/968 1534/1202/969 1533/1203/970
s 0
f 1435/1204/971 1432/1205/971 1427/1206/972
f 1433/1207/973 1426/1167/974 1427/1208/974
s 1
f 1430/1209/975 1433/1210/976 1429/1211/977
f 1459/1137/917 1472/1212/978 1519/1165/945
s 0
f 1451/1108/894 1456/1213/894 1542/1214/894
f 1539/1215/894 1456/1196/894 1538/1216/894
f 1456/1196/894 1541/1195/894 1538/1217/894
f 1540/1218/894 1453/1194/894 1545/1219/894
f 1453/1194/979 1450/1220/979 1545/1219/979
f 1456/1213/980 1539/1215/980 1542/1214/980
f 1544/1221/894 1545/1219/894 1450/1220/894
f 1451/1108/981 1542/1214/981 1543/1222/981
f 1544/1107/894 1450/1220/894 1451/1108/894
f 1455/1109/982 1454/1223/983 1453/1110/982
s 1
f 1476/1147/927 1496/1120/904 1495/1148/928
f 1483/1112/896 1484/1140/920 1513/1113/897
f 1483/1112/896 1511/1197/966 1510/1115/899
f 1473/1119/903 1489/1118/902 1488/1161/940
f 1462/1224/984 1461/1171/949 1524/1173/950
f 1482/1116/985 1481/1154/986 1467/1225/987
f 1481/1154/986 1480/1156/988 1466/1174/986
f 1480/1156/988 1479/1143/989 1465/1193/990
f 1479/1143/989 1478/1132/991 1464/1191/992
f 1478/1132/991 1477/1121/993 1463/1129/992
f 1464/1191/992 1478/1132/991 1463/1129/992
f 1477/1121/993 1462/1224/994 1463/1129/992
f 1480/1156/988 1465/1193/990 1466/1174/986
f 1468/1226/995 1482/1116/985 1467/1225/987
f 1483/1112/996 1482/1116/985 1468/1226/995
f 1466/1174/986 1467/1225/987 1481/1154/986
f 1479/1143/989 1464/1191/992 1465/1193/990
f 1433/1227/976 1432/1228/997 1429/1229/977
f 1428/1230/998 1429/1231/977 1432/1232/997
f 1474/1117/901 1490/1183/959 1489/1118/902
f 1496/1120/904 1476/1147/927 1477/1121/905
f 1479/1143/923 1503/1145/925 1502/1178/954
s 0
f 1457/1123/999 1438/1233/999 1448/1124/1000
f 1439/1126/1001 1447/1234/1001 1448/1127/1001
s 1
f 1547/1217/1002 1541/1195/1003 1548/1235/1004
f 1520/1135/915 1521/1236/943 1460/1136/916
f 1484/1140/920 1485/1103/891 1516/1105/893
f 1479/1143/923 1480/1156/936 1504/1144/924
f 1494/1146/926 1475/1152/932 1476/1147/927
f 1517/1104/892 1485/1103/891 1486/1149/929
f 1492/1151/931 1474/1117/901 1475/1152/932
f 1481/1154/934 1507/1158/938 1506/1237/1005
f 1481/1154/934 1506/1237/1005 1505/1155/935
f 1481/1154/934 1482/1116/900 1508/1157/937
f 1486/1160/929 1473/1119/903 1488/1161/940
f 1475/1152/932 1494/1146/926 1493/1153/933
s 0
f 1436/1167/971 1447/1134/971 1437/1167/971
f 1447/1134/946 1439/1238/946 1440/1167/946
f 1439/1238/1006 1454/1239/1007 1440/1167/1007
f 1454/1239/1008 1455/1240/1008 1440/1167/1009
f 1452/1168/1010 1451/1241/1011 1450/1169/1010
f 1458/1242/894 1452/1243/894 1449/1244/894
s 1
f 1464/1191/963 1463/1129/909 1527/1131/911
f 1472/1212/978 1471/1245/1012 1537/1246/1013
f 1466/1174/951 1465/1193/965 1529/1175/952
f 1484/1140/920 1515/1141/921 1514/1142/922
f 1501/1139/919 1478/1132/912 1479/1143/923
f 1477/1121/905 1478/1132/912 1499/1134/914
s 0
f 1431/1181/1014 1457/1247/1014 1444/1181/1014
f 1457/1247/1015 1446/1179/1016 1444/1181/1015
s 1
f 1463/1129/909 1462/1224/984 1525/1184/960
f 1535/1248/1017 1534/1202/969 1536/1186/961
f 1532/1201/968 1531/1249/1018 1530/1185/953
f 1530/1185/953 1529/1250/952 1528/1251/964
f 1528/1251/964 1527/1252/911 1530/1185/953
f 1527/1252/911 1526/1253/910 1530/1185/953
f 1526/1253/910 1525/1187/960 1523/1164/944
f 1523/1164/944 1521/1163/943 1526/1253/910
f 1521/1163/943 1519/1189/945 1536/1186/961
f 1519/1189/945 1537/1254/1013 1536/1186/961
f 1534/1202/969 1532/1201/968 1536/1186/961
f 1532/1201/968 1530/1185/953 1536/1186/961
f 1530/1185/953 1526/1253/910 1521/1163/943
s 0
f 1440/1167/1019 1426/1167/1019 1437/1167/962
s 1
f 1430/1167/975 1436/1167/1020 1437/1167/1021
f 1437/1167/1021 1433/1167/976 1430/1167/975
f 1486/1149/1022 1485/1103/1023 1472/1212/1023
f 1485/1103/1023 1484/1140/1024 1471/1245/1025
f 1484/1140/1024 1483/1112/996 1469/1255/1026
f 1483/1112/996 1468/1226/995 1469/1255/1026
f 1484/1140/1024 1469/1255/1026 1470/1256/1027
f 1472/1212/1023 1485/1103/1023 1471/1245/1025
f 1473/1119/1023 1486/1149/1022 1472/1212/1023
f 1474/1117/1028 1473/1119/1023 1460/1136/1029
f 1475/1152/1028 1474/1117/1028 1461/1171/1030
f 1476/1147/1031 1475/1152/1028 1462/1224/994
f 1462/1224/994 1475/1152/1028 1461/1171/1030
f 1477/1121/993 1476/1147/1031 1462/1224/994
f 1461/1171/1030 1474/1117/1028 1460/1136/1029
f 1473/1119/1023 1472/1212/1023 1459/1137/1032
f 1484/1140/1024 1470/1256/1027 1471/1245/1025
f 1459/1137/1032 1460/1136/1029 1473/1119/1023
f 1492/1151/931 1491/1182/958 1474/1117/901
f 1465/1193/965 1464/1191/963 1528/1192/964
s 0
f 1453/1194/894 1540/1257/894 1541/1195/894
s 1
f 1524/1173/950 1525/1184/960 1462/1224/984
f 1536/1258/961 1537/1246/1013 1471/1245/1012
f 1537/1246/1013 1519/1259/945 1472/1260/978
f 1521/1236/943 1522/1177/942 1460/1136/916
s 0
f 1436/1167/967 1430/1167/967 1447/1167/967
f 1447/1167/1033 1430/1167/1033 1448/1167/1033
f 1446/1167/967 1448/1167/967 1430/1167/967
f 1442/1261/967 1445/1262/967 1428/1263/967
f 1445/1262/967 1446/1167/967 1428/1264/967
f 1428/1263/967 1434/1265/967 1442/1261/967
f 1446/1167/967 1430/1167/967 1429/1167/967
f 1429/1266/967 1428/1264/967 1446/1167/967
f 1456/1267/967 1451/1268/967 1455/1200/967
f 1451/1268/967 1452/1198/967 1455/1200/967
f 1452/1198/967 1458/1269/1034 1426/1199/967
f 1426/1199/967 1440/1270/1035 1455/1200/967
s 1
f 1431/1181/1036 1444/1271/1037 1458/1272/1038
f 1444/1271/1037 1427/1273/1039 1458/1274/1038
f 1458/1272/1038 1449/1275/1040 1431/1181/1036
s 0
f 1427/1206/1041 1443/1276/1042 1435/1204/1042
f 1432/1277/1043 1433/1207/1044 1427/1208/1043
f 1426/1167/974 1458/1269/1045 1427/1208/974
s 1
f 1467/1225/1046 1466/1174/951 1530/1176/953
f 1467/1225/1046 1530/1176/953 1531/1278/1018
f 1468/1226/1047 1467/1225/1046 1531/1278/1018
f 1468/1226/1047 1531/1278/1018 1532/1279/968
f 1468/1226/1047 1532/1279/968 1533/1280/970
f 1469/1255/1048 1468/1226/1047 1533/1280/970
f 1469/1255/1048 1533/1280/970 1534/1281/969
s 0
f 1444/1181/1049 1442/1282/1050 1441/1283/1051
s 1
f 1470/1256/1052 1469/1255/1048 1534/1281/969
f 1470/1256/1052 1534/1281/969 1535/1284/1017
f 1536/1258/961 1471/1245/1012 1470/1256/1052
f 1535/1284/1017 1536/1258/961 1470/1256/1052
f 1544/1285/1053 1552/1286/1054 1545/1219/1055
f 1549/1287/1056 1553/1288/894 1551/1289/894
f 1540/1290/1057 1548/1235/1004 1541/1195/1003
f 1551/1289/1058 1543/1291/1059 1542/1214/1060
f 1545/1219/1055 1549/1218/1056 1540/1218/1057
f 1435/1292/1061 1428/1293/998 1432/1294/997
s 0
f 1435/1295/1062 1441/1296/1063 1442/1297/1064
s 1
f 1551/1289/1058 1539/1215/1065 1546/1298/1066
f 1543/1106/1059 1553/1288/1067 1544/1107/1053
f 1539/1215/1065 1547/1299/1002 1546/1298/1066
f 1547/1217/1002 1538/1217/1068 1541/1195/1003
s 0
f 1444/1181/1069 1445/1300/1070 1442/1282/1071
s 1
f 1544/1285/1053 1553/1301/1067 1552/1286/1054
f 1551/1289/894 1546/1298/894 1547/1299/894
f 1547/1299/894 1548/1235/1004 1549/1287/1056
f 1549/1287/1056 1552/1286/894 1553/1288/894
f 1553/1288/894 1550/1302/894 1551/1289/894
f 1551/1289/894 1547/1299/894 1549/1287/1056
f 1540/1290/1057 1549/1303/1056 1548/1235/1004
f 1551/1289/1058 1550/1302/1072 1543/1291/1059
f 1545/1219/1055 1552/1286/1054 1549/1218/1056
f 1435/1292/1061 1434/1304/1073 1428/1293/998
s 0
f 1442/1297/1074 1434/1305/1075 1435/1295/1076
f 1435/1295/1077 1443/1306/1078 1441/1296/1079
s 1
f 1551/1289/1058 1542/1214/1060 1539/1215/1065
f 1543/1106/1059 1550/1307/1072 1553/1288/1067
f 1539/1215/1065 1538/1217/1068 1547/1299/1002
o NotchDisplay.003
v -0.200719 3.350342 6.940251
v -0.274003 3.350342 6.852584
v -0.028511 3.350342 6.796298
v -0.101795 3.350342 6.708631
v -0.274002 3.393278 6.852584
v -0.272468 3.393278 6.851301
v -0.103329 3.393278 6.709913
v -0.101794 3.393278 6.708631
v -0.200252 3.604565 6.939860
v -0.272000 3.602565 6.850910
v -0.028979 3.604565 6.796689
v -0.103797 3.602565 6.710304
v -0.291226 3.604321 6.830649
v -0.120205 3.604468 6.687710
v -0.120451 3.604175 6.687872
v -0.289860 3.602565 6.829545
v -0.121657 3.602565 6.688939
v -0.281050 3.394745 6.844152
v -0.279516 3.394744 6.842869
v -0.110377 3.394744 6.701481
v -0.108842 3.394745 6.700199
vn -0.6122 -0.0430 -0.7896
vn -0.6119 -0.0432 -0.7898
vn -0.4642 -0.6893 -0.5563
vn -0.6648 -0.0484 -0.7454
vn 0.7670 -0.0029 -0.6416
vn 0.5417 -0.7081 -0.4529
vn 0.7670 -0.0029 -0.6417
vn -0.0848 -0.9912 -0.1015
vn -0.5285 0.7266 0.4390
vn 0.5410 0.7081 -0.4538
vn 0.5268 0.7265 -0.4411
vn -0.4650 -0.6892 -0.5557
vn -0.0849 -0.9912 -0.1015
vn -0.0000 -1.0000 -0.0000
vn 0.6414 -0.0000 0.7672
vn -0.7670 0.0019 0.6417
vn -0.7668 0.0019 0.6419
vn -0.5427 0.7083 0.4513
vn -0.5417 -0.7081 0.4528
vn 0.5272 -0.7265 -0.4407
vn -0.5272 -0.7265 0.4407
vn -0.6414 -0.0000 -0.7672
vn -0.6650 -0.0483 -0.7453
vn -0.4661 -0.6878 -0.5566
vn -0.7675 -0.0029 0.6411
vn 0.7675 0.0024 -0.6411
vn 0.7677 0.0026 -0.6408
vn -0.4652 -0.6879 -0.5571
vn -0.7675 0.0031 0.6411
vn -0.7672 -0.0000 0.6414
vn 0.7675 0.0034 -0.6410
vn 0.7672 -0.0000 -0.6414
vt 0.623170 0.517341
vt 0.623648 0.517341
vt 0.425620 0.517341
vt 0.871307 0.517341
vt 0.266070 0.517341
vt 0.863494 0.517341
vt 0.256157 0.517341
vt 0.421419 0.517341
vt 0.422366 0.517341
vt 0.873425 0.517341
vt 0.626050 0.645356
vt 0.626575 0.517341
vt 0.254701 0.517341
vt 0.375000 0.644610
vt 0.125000 0.517341
vt 0.375000 0.517341
vt 0.623613 1.000000
vt 0.418234 0.232659
vt 0.375000 0.105390
vt 0.623613 0.105390
vt 0.005566 0.003319
vt 0.864441 0.515681
vt 0.005566 0.003319
vt 0.264664 0.517341
vt 0.870860 0.517341
vt 0.421419 0.517341
vt 0.424712 0.517341
vt 0.873425 0.644610
vt 0.125000 0.644610
vt 0.375000 1.000000
vt 0.623620 0.232659
vt 0.418234 0.232659
vt 0.375000 0.232659
vt 0.863439 0.514852
vt 0.375462 0.517341
vt 0.623613 0.644610
s 1
f 1570/1308/1080 1567/1309/1081 1574/1310/1082
f 1570/1308/1080 1566/1311/1083 1567/1309/1081
f 1572/1312/1084 1563/1313/1085 1559/1314/1086
f 1560/1315/1087 1574/1316/1082 1561/1316/1087
f 1566/1317/1088 1564/1318/1089 1567/1319/1090
f 1571/1320/1091 1559/1314/1092 1558/1320/1087
f 1556/1321/1093 1555/1322/1093 1557/1323/1093
f 1562/1324/1094 1556/1321/1094 1564/1318/1094
f 1558/1325/1095 1554/1326/1096 1562/1327/1097
f 1565/1328/1098 1569/1329/1099 1570/1330/1100
f 1560/1315/1101 1555/1322/1101 1559/1314/1101
f 1566/1311/1083 1569/1313/1102 1572/1312/1103
f 1572/1312/1103 1571/1331/1091 1566/1332/1083
f 1573/1333/1104 1565/1308/1098 1570/1308/1100
f 1567/1309/1090 1556/1321/1105 1561/1316/1106
f 1574/1310/1082 1573/1334/1107 1570/1308/1080
f 1570/1308/1080 1569/1329/1102 1566/1311/1083
f 1572/1312/1084 1569/1313/1099 1563/1313/1085
f 1560/1315/1087 1573/1333/1107 1574/1316/1082
f 1566/1317/1088 1562/1335/1097 1564/1318/1089
f 1571/1320/1091 1572/1314/1103 1559/1314/1092
f 1556/1321/1093 1554/1336/1093 1555/1322/1093
f 1562/1324/1094 1554/1337/1094 1556/1321/1094
f 1562/1327/1097 1566/1338/1088 1571/1339/1108
f 1558/1325/1095 1555/1340/1109 1554/1326/1096
f 1562/1327/1097 1571/1339/1108 1558/1325/1095
f 1565/1328/1098 1563/1341/1085 1569/1329/1099
f 1559/1314/1101 1563/1341/1101 1565/1308/1101
f 1560/1315/1101 1561/1316/1101 1557/1342/1101
f 1559/1314/1101 1565/1308/1101 1560/1315/1101
f 1555/1322/1101 1558/1320/1101 1559/1314/1101
f 1560/1315/1101 1557/1342/1101 1555/1322/1101
f 1573/1333/1104 1560/1315/1104 1565/1308/1098
f 1561/1316/1106 1574/1310/1110 1567/1309/1090
f 1567/1309/1090 1564/1343/1089 1556/1321/1105
f 1556/1321/1105 1557/1323/1111 1561/1316/1106
l 1567 1568
o Temperatures.002
v 0.110149 3.349979 6.414656
v 0.183840 3.349979 6.173210
v 0.182240 3.349979 6.436658
v 0.255930 3.349979 6.195212
v 0.110150 3.376727 6.414656
v 0.110733 3.376727 6.412743
v 0.183256 3.376727 6.175122
v 0.183840 3.376727 6.173210
v 0.110911 3.487797 6.412160
v 0.183078 3.487797 6.175705
v 0.182418 3.489797 6.436076
v 0.255752 3.489797 6.195795
v 0.089776 3.489666 6.407665
v 0.163035 3.489666 6.167633
v 0.090333 3.487797 6.405880
v 0.162500 3.487797 6.169425
v 0.102594 3.378165 6.412350
v 0.103176 3.378165 6.410436
v 0.175698 3.378165 6.172816
v 0.176285 3.378165 6.170904
vn 0.2933 0.0051 -0.9560
vn 0.1964 0.7366 -0.6472
vn 0.2924 0.0045 -0.9563
vn -0.0000 -1.0000 -0.0000
vn -0.9564 -0.0000 -0.2919
vn 0.2911 -0.0055 -0.9567
vn 0.2058 -0.7091 -0.6744
vn 0.2910 -0.0055 -0.9567
vn -0.9365 -0.0630 -0.3449
vn -0.9361 -0.0636 -0.3459
vn -0.6934 -0.6882 -0.2135
vn -0.1991 0.7369 0.6460
vn 0.2042 0.7086 -0.6754
vn 0.9564 -0.0000 0.2919
vn -0.2911 0.0034 0.9567
vn -0.2908 0.0034 0.9568
vn -0.2069 0.7091 0.6741
vn -0.9696 -0.0646 -0.2360
vn -0.9698 -0.0639 -0.2354
vn 0.1973 -0.7372 -0.6463
vn -0.2059 -0.7091 0.6744
vn -0.6974 -0.6850 -0.2109
vn -0.6949 -0.6875 -0.2110
vn -0.1713 -0.9838 -0.0522
vn -0.1713 -0.9838 -0.0523
vn -0.2928 -0.0055 0.9562
vn -0.2929 -0.0055 0.9561
vn -0.6959 -0.6857 -0.2135
vn 0.2931 0.0068 -0.9561
vn 0.2919 -0.0000 -0.9564
vn -0.2919 0.0055 0.9564
vn -0.2919 -0.0000 0.9564
vn -0.1973 -0.7372 0.6463
vt 0.424032 0.345878
vt 0.622500 0.345878
vt 0.375000 0.500000
vt 0.375000 0.750000
vt 0.220878 0.364883
vt 0.423001 -0.108467
vt 0.424032 0.342249
vt 0.378561 0.342249
vt 0.422741 -0.107386
vt 0.005357 -0.001374
vt 0.618940 0.342249
vt 0.622500 0.345878
vt 0.429932 0.345878
vt 0.779122 0.838346
vt 0.625000 0.501400
vt 0.779122 0.367550
vt 0.423561 0.500000
vt 0.422582 0.904122
vt 0.622482 0.750000
vt 0.625000 -0.109529
vt 0.621439 0.339684
vt 0.621440 -0.105901
vt 0.000000 0.000000
vt 0.623220 -0.110281
vt 0.618927 -0.108467
vt 0.428543 -0.112076
vt 0.623112 -0.111453
vt 0.422582 -0.112095
vt 0.004027 0.003250
vt 0.424032 0.342249
vt 0.423741 0.338841
vt 0.622971 0.500000
vt 0.375000 0.345878
vt 0.220878 0.841014
vt 0.375000 -0.112095
vt 0.005357 -0.001374
vt 0.625000 0.748599
vt 0.622482 0.904122
vt 0.422582 0.904122
vt 0.375000 0.904122
vt 0.623220 0.344063
vt 0.423001 -0.108467
vt 0.005370 0.004334
s 1
f 1582/1344/1112 1588/1345/1113 1578/1346/1114
f 1577/1347/1115 1576/1348/1115 1578/1346/1115
f 1580/1349/1116 1581/1350/1116 1576/1351/1116
f 1592/1352/1117 1583/1353/1118 1580/1349/1119
f 1590/1354/1120 1588/1355/1121 1594/1356/1122
f 1587/1357/1123 1586/1358/1124 1588/1359/1113
f 1586/1358/1125 1577/1347/1125 1578/1360/1125
f 1579/1361/1126 1577/1347/1127 1585/1362/1128
f 1587/1363/1129 1590/1364/1120 1589/1365/1130
f 1589/1366/1131 1584/1366/1132 1583/1366/1118
f 1587/1367/1129 1589/1368/1130 1592/1352/1133
f 1592/1352/1133 1591/1369/1134 1587/1370/1129
f 1591/1371/1134 1580/1349/1135 1579/1371/1136
f 1584/1372/1132 1593/1373/1137 1581/1350/1138
f 1594/1356/1122 1593/1374/1139 1590/1354/1120
f 1581/1350/1136 1594/1344/1122 1582/1344/1136
f 1582/1344/1112 1594/1356/1140 1588/1345/1113
f 1588/1345/1113 1586/1375/1124 1578/1346/1114
f 1578/1346/1114 1576/1376/1141 1582/1344/1112
f 1577/1347/1115 1575/1377/1115 1576/1348/1115
f 1576/1351/1116 1575/1378/1116 1579/1371/1116
f 1580/1349/1116 1583/1366/1116 1584/1372/1116
f 1576/1351/1116 1579/1371/1116 1580/1349/1116
f 1581/1350/1116 1582/1344/1116 1576/1351/1116
f 1580/1349/1116 1584/1372/1116 1581/1350/1116
f 1592/1352/1117 1589/1379/1131 1583/1353/1118
f 1587/1357/1123 1585/1380/1128 1586/1358/1124
f 1586/1358/1125 1585/1362/1125 1577/1347/1125
f 1585/1362/1128 1587/1381/1123 1591/1382/1142
f 1579/1361/1126 1575/1383/1143 1577/1347/1127
f 1585/1362/1128 1591/1382/1142 1579/1361/1126
f 1587/1363/1129 1588/1384/1121 1590/1364/1120
f 1589/1366/1131 1590/1366/1144 1584/1366/1132
f 1591/1371/1134 1592/1385/1133 1580/1349/1135
f 1584/1372/1132 1590/1386/1144 1593/1373/1137
f 1581/1350/1136 1593/1373/1139 1594/1344/1122
o Desktop.003
v 0.509718 3.035436 7.036589
v 0.509718 3.065984 7.036589
v -1.461852 3.035436 6.929260
v -1.461852 3.065984 6.929260
v 0.015306 3.035436 7.093076
v 0.015306 3.065984 7.093076
v -0.652443 3.035436 6.472260
v 0.162346 3.035436 6.472260
v 0.162346 3.065984 6.472260
v -0.652443 3.065984 6.472260
v -0.521445 3.035436 6.630949
v 0.162346 3.035436 6.630949
v 0.162346 3.065984 6.630949
v -0.521445 3.065984 6.630949
v -1.276891 3.035436 6.472260
v -1.280350 3.065984 6.472260
v -1.280350 3.065984 6.591661
v -1.461852 3.065984 6.591661
v -1.461852 3.035436 6.591661
v -1.276891 3.035436 6.591661
v 0.409718 3.035436 6.472260
v 0.509718 3.035436 6.572259
v 0.459718 3.035436 6.485657
v 0.496320 3.035436 6.522260
v 0.509718 3.065984 6.572259
v 0.409718 3.065984 6.472260
v 0.496320 3.065984 6.522260
v 0.459718 3.065984 6.485657
vn -0.0000 -0.0000 -1.0000
vn -1.0000 -0.0000 -0.0000
vn 0.1135 -0.0000 0.9935
vn -0.1102 -0.0000 0.9939
vn 0.7712 -0.0000 -0.6366
vn -0.9937 -0.1125 -0.0000
vn 0.5000 -0.0000 -0.8660
vn 0.8660 -0.0000 -0.5000
vn 0.1305 -0.0000 -0.9914
vn -0.0000 -1.0000 -0.0000
vn 0.9914 -0.0000 -0.1305
vn 1.0000 -0.0000 -0.0000
vn -0.0000 1.0000 -0.0000
vt 0.375000 0.477062
vt 0.625000 0.416667
vt 0.375000 0.416667
vt 0.375000 0.750000
vt 0.625000 0.500000
vt 0.375000 0.500000
vt 0.375000 1.000000
vt 0.625000 0.875000
vt 0.375000 0.875000
vt 0.625000 0.750000
vt 0.375000 0.333333
vt 0.625000 0.333333
vt 0.625000 0.477435
vt 0.375000 0.261995
vt 0.625000 0.227850
vt 0.375000 0.227850
vt 0.375000 0.273990
vt 0.625000 0.261995
vt 0.250000 0.750000
vt 0.291667 0.500000
vt 0.208333 0.500000
vt 0.375000 0.205700
vt 0.625000 0.000000
vt 0.375000 0.000000
vt 0.625000 0.273990
vt 0.875000 0.750000
vt 0.708333 0.500000
vt 0.625000 0.205700
vt 0.625000 1.000000
vt 0.148990 0.500000
vt 0.136796 0.505806
vt 0.127999 0.521967
vt 0.125000 0.544300
vt 0.125000 0.750000
vt 0.352062 0.500000
vt 0.647565 0.500000
vt 0.750000 0.750000
vt 0.875000 0.544300
vt 0.872001 0.521967
vt 0.863204 0.505806
vt 0.851010 0.500000
vt 0.791667 0.500000
s 0
f 1609/1387/1145 1604/1388/1145 1601/1389/1145
f 1597/1390/1146 1612/1391/1146 1613/1392/1146
f 1595/1393/1147 1600/1394/1147 1599/1395/1147
f 1599/1395/1148 1598/1396/1148 1597/1390/1148
f 1602/1397/1146 1607/1398/1146 1603/1398/1146
f 1605/1389/1145 1607/1398/1145 1606/1397/1145
f 1601/1389/1149 1608/1388/1149 1605/1389/1149
f 1609/1387/1150 1611/1399/1150 1610/1399/1150
f 1611/1399/1145 1613/1392/1145 1612/1391/1145
s 1
f 1617/1400/1151 1621/1401/1152 1618/1402/1152
f 1615/1403/1153 1622/1404/1151 1617/1400/1151
s 0
f 1599/1405/1154 1605/1406/1154 1606/1407/1154
s 1
f 1616/1408/1155 1596/1409/1156 1595/1410/1156
f 1602/1397/1145 1620/1411/1153 1615/1403/1153
s 0
f 1598/1396/1157 1596/1412/1157 1608/1413/1157
s 1
f 1618/1402/1152 1619/1414/1155 1616/1408/1155
s 0
f 1609/1387/1145 1610/1399/1145 1604/1388/1145
f 1597/1390/1146 1598/1396/1146 1612/1391/1146
f 1595/1393/1147 1596/1415/1147 1600/1394/1147
f 1599/1395/1148 1600/1394/1148 1598/1396/1148
f 1602/1397/1146 1606/1397/1146 1607/1398/1146
f 1605/1389/1145 1608/1388/1145 1607/1398/1145
f 1601/1389/1149 1604/1388/1149 1608/1388/1149
f 1609/1387/1150 1614/1387/1150 1611/1399/1150
f 1611/1399/1145 1614/1387/1145 1613/1392/1145
s 1
f 1617/1400/1151 1622/1404/1151 1621/1401/1152
f 1615/1403/1153 1620/1411/1153 1622/1404/1151
s 0
f 1602/1407/1154 1615/1416/1154 1617/1417/1154
f 1617/1417/1154 1618/1418/1154 1616/1419/1154
f 1616/1419/1154 1595/1420/1154 1599/1405/1154
f 1599/1405/1154 1597/1390/1154 1613/1392/1154
f 1614/1421/1154 1609/1421/1154 1601/1406/1154
f 1599/1405/1154 1613/1392/1154 1614/1421/1154
f 1617/1417/1154 1616/1419/1154 1599/1405/1154
f 1606/1407/1154 1602/1407/1154 1617/1417/1154
f 1614/1421/1154 1601/1406/1154 1605/1406/1154
f 1606/1407/1154 1617/1417/1154 1599/1405/1154
f 1599/1405/1154 1614/1421/1154 1605/1406/1154
s 1
f 1616/1408/1155 1619/1414/1155 1596/1409/1156
f 1602/1397/1145 1603/1398/1145 1620/1411/1153
s 0
f 1611/1422/1157 1612/1391/1157 1598/1396/1157
f 1598/1396/1157 1600/1423/1157 1596/1412/1157
f 1596/1412/1157 1619/1424/1157 1621/1425/1157
f 1621/1425/1157 1622/1426/1157 1620/1427/1157
f 1620/1427/1157 1603/1428/1157 1607/1428/1157
f 1608/1413/1157 1604/1413/1157 1610/1422/1157
f 1621/1425/1157 1620/1427/1157 1607/1428/1157
f 1608/1413/1157 1610/1422/1157 1611/1422/1157
f 1596/1412/1157 1621/1425/1157 1607/1428/1157
f 1608/1413/1157 1611/1422/1157 1598/1396/1157
f 1596/1412/1157 1607/1428/1157 1608/1413/1157
s 1
f 1618/1402/1152 1621/1401/1152 1619/1414/1155
o BrakeGauges.003
v -1.295923 3.155581 6.803097
v -1.294586 3.179142 6.803437
v -1.287534 3.201152 6.805403
v -1.268728 3.225453 6.810818
v -1.242376 3.240324 6.818212
v -1.212573 3.243739 6.826910
v -1.183815 3.234889 6.834970
v -1.160449 3.215338 6.841753
v -1.146120 3.187972 6.845689
v -1.142880 3.156922 6.846822
v -1.151349 3.127057 6.844246
v -1.170176 3.102727 6.838974
v -1.189594 3.090929 6.833160
v -1.211283 3.084573 6.827279
v -1.233927 3.085952 6.820767
v -1.255077 3.093272 6.814676
v -1.278454 3.112842 6.808039
v -1.289710 3.133104 6.804535
v -1.308558 3.172893 6.849072
v -1.287864 3.217131 6.856618
v -1.302649 3.195053 6.850332
v -1.291097 3.215563 6.851055
v -1.267684 3.234842 6.860316
v -1.245950 3.241678 6.867753
v -1.224098 3.243127 6.873202
v -1.182007 3.221153 6.886870
v -1.188991 3.230693 6.882798
v -1.164418 3.200736 6.889820
v -1.158169 3.177796 6.892832
v -1.156566 3.155287 6.892497
v -1.178124 3.111048 6.887972
v -1.168407 3.118895 6.888680
v -1.197212 3.093338 6.880450
v -1.219594 3.086502 6.875283
v -1.241026 3.085053 6.868366
v -1.283985 3.107027 6.857734
v -1.262221 3.091081 6.861883
v -1.281261 3.102387 6.853865
v -1.300477 3.127444 6.850947
v -1.307374 3.150384 6.850203
v -0.969932 3.172599 6.896235
v -0.971247 3.149038 6.895817
v -0.978273 3.127028 6.893761
v -0.997101 3.102727 6.888423
v -1.023381 3.087856 6.880780
v -1.053282 3.084441 6.872421
v -1.081957 3.093291 6.864071
v -1.105379 3.112842 6.857487
v -1.119625 3.140208 6.853259
v -1.122975 3.171257 6.852509
v -1.114423 3.201123 6.854795
v -1.095653 3.225453 6.860266
v -1.076094 3.237251 6.865588
v -1.054572 3.243607 6.872053
v -1.031906 3.242228 6.878486
v -1.010730 3.234907 6.884488
v -0.987375 3.215338 6.891202
v -0.975967 3.195076 6.894174
v -0.983492 3.155287 6.941946
v -1.005049 3.111048 6.937420
v -0.989175 3.133127 6.939894
v -0.999365 3.112617 6.934404
v -1.024137 3.093338 6.929899
v -1.046519 3.086502 6.924731
v -1.067952 3.085053 6.917815
v -1.110911 3.107027 6.907183
v -1.102829 3.097487 6.907415
v -1.127403 3.127444 6.900395
v -1.134300 3.150384 6.899652
v -1.135484 3.172893 6.898520
v -1.114789 3.217131 6.906067
v -1.123414 3.209285 6.901534
v -1.094609 3.234842 6.909765
v -1.072875 3.241678 6.917201
v -1.051024 3.243127 6.922651
v -1.008932 3.221153 6.936319
v -1.029603 3.237099 6.928344
v -1.009201 3.225793 6.931594
v -0.991344 3.200736 6.939269
v -0.985094 3.177796 6.942281
vn -0.5456 -0.0831 -0.8339
vn -0.5050 0.1409 -0.8515
vn -0.4384 0.3442 -0.8303
vn -0.2675 0.5701 -0.7768
vn -0.0198 0.7027 -0.7112
vn 0.2480 0.7444 -0.6200
vn 0.5051 0.6566 -0.5602
vn 0.7334 0.4745 -0.4868
vn 0.8612 0.2141 -0.4611
vn 0.8986 -0.0682 -0.4335
vn 0.8174 -0.3318 -0.4709
vn 0.6462 -0.5651 -0.5129
vn 0.4531 -0.6464 -0.6139
vn 0.2652 -0.7396 -0.6187
vn 0.0529 -0.7201 -0.6918
vn -0.1467 -0.6523 -0.7436
vn -0.3677 -0.4867 -0.7924
vn -0.4569 -0.2779 -0.8450
vn -0.8947 0.0835 0.4388
vn -0.5909 0.3866 0.7081
vn -0.8825 0.2995 0.3626
vn -0.7886 0.6139 0.0367
vn -0.5178 0.7345 0.4386
vn -0.3078 0.7139 0.6290
vn -0.0686 0.7743 0.6290
vn 0.2609 0.4280 0.8653
vn 0.2820 0.7170 0.6374
vn 0.5486 0.3887 0.7402
vn 0.4839 0.1064 0.8686
vn 0.5279 -0.0982 0.8436
vn 0.1921 -0.4760 0.8582
vn 0.5421 -0.4462 0.7121
vn 0.2172 -0.7336 0.6440
vn -0.0605 -0.7116 0.6999
vn -0.2600 -0.7704 0.5822
vn -0.6183 -0.3917 0.6813
vn -0.4503 -0.7491 0.4859
vn -0.6595 -0.7480 0.0738
vn -0.8636 -0.3743 0.3379
vn -0.8676 -0.1144 0.4839
vn 0.9038 0.0831 -0.4198
vn 0.8787 -0.1409 -0.4562
vn 0.8108 -0.3442 -0.4734
vn 0.6375 -0.5701 -0.5182
vn 0.3926 -0.7027 -0.5933
vn 0.1169 -0.7444 -0.6574
vn -0.1329 -0.6566 -0.7425
vn -0.3655 -0.4745 -0.8007
vn -0.4876 -0.2141 -0.8464
vn -0.5339 0.0682 -0.8428
vn -0.4452 0.3318 -0.8317
vn -0.2777 0.5651 -0.7769
vn -0.0604 0.6464 -0.7606
vn 0.1017 0.7396 -0.6654
vn 0.3205 0.7201 -0.6154
vn 0.5174 0.6523 -0.5539
vn 0.7308 0.4867 -0.4786
vn 0.8343 0.2779 -0.4761
vn 0.5279 -0.0835 0.8452
vn 0.1277 -0.3866 0.9134
vn 0.5577 -0.2995 0.7741
vn 0.6502 -0.6139 0.4477
vn 0.2079 -0.7345 0.6460
vn -0.0710 -0.7139 0.6967
vn -0.2741 -0.7743 0.5703
vn -0.6787 -0.4280 0.5968
vn -0.5762 -0.7170 0.3922
vn -0.8568 -0.3887 0.3387
vn -0.8698 -0.1064 0.4819
vn -0.8939 0.0982 0.4374
vn -0.6165 0.4760 0.6272
vn -0.8364 0.4462 0.3182
vn -0.5246 0.7336 0.4321
vn -0.3184 0.7116 0.6263
vn -0.0868 0.7704 0.6317
vn 0.1651 0.3917 0.9052
vn 0.1257 0.7491 0.6504
vn 0.5210 0.7480 0.4111
vn 0.5547 0.3743 0.7431
vn 0.4810 0.1144 0.8692
vt 0.341828 0.471692
vt 0.273413 0.486780
vt 0.406299 0.420314
vt 0.889339 0.950000
vt 0.937500 0.987637
vt 0.890625 1.000000
vt 0.471692 0.158172
vt 0.486780 0.226587
vt 0.420327 0.093709
vt 0.158172 0.028308
vt 0.226587 0.013220
vt 0.093701 0.079686
vt 0.028308 0.341828
vt 0.013220 0.273413
vt 0.079673 0.406291
vt 0.139339 0.950000
vt 0.187500 0.987637
vt 0.140625 1.000000
vt 0.984146 0.989766
vt 0.968750 0.505343
vt 0.999916 0.505343
vt 0.859796 0.504653
vt 0.922287 0.505406
vt 0.828067 0.987444
vt 0.797235 0.504283
vt 0.655863 0.962913
vt 0.609796 0.504653
vt 0.672279 0.505406
vt 0.578067 0.987444
vt 0.547232 0.504283
vt 0.405863 0.962913
vt 0.359796 0.504653
vt 0.422279 0.505406
vt 0.328067 0.987444
vt 0.312500 0.505023
vt 0.234257 0.989766
vt 0.218750 0.505343
vt 0.266065 0.504519
vt 0.109796 0.504653
vt 0.172287 0.505406
vt 0.078067 0.987444
vt 0.062500 0.505023
vt 0.566532 0.098616
vt 0.796569 0.484118
vt 0.986694 0.227324
vt 0.460646 0.362493
vt 0.482740 0.292606
vt 0.640625 1.000000
vt 0.362493 0.039354
vt 0.292606 0.017260
vt 0.390625 1.000000
vt 0.039354 0.137507
vt 0.017260 0.207394
vt 0.137507 0.460646
vt 0.207394 0.482740
vt 0.031250 0.985215
vt 0.000223 0.988866
vt 0.016106 0.504519
vt 0.734812 0.505113
vt 0.781250 0.985215
vt 0.734257 0.989766
vt 0.484812 0.505113
vt 0.531250 0.985215
vt 0.484257 0.989766
vt 0.281250 0.985215
vt 0.901384 0.066532
vt 0.819473 0.022777
vt 0.727324 0.013306
vt 0.638457 0.040098
vt 0.529586 0.158701
vt 0.513358 0.226001
vt 0.515882 0.296569
vt 0.540003 0.361569
vt 0.598616 0.433468
vt 0.658719 0.470372
vt 0.726001 0.486642
vt 0.861569 0.459997
vt 0.933468 0.401384
vt 0.977252 0.319491
vt 0.959902 0.138457
s 1
usemtl 
f 1643/1429/1178 1641/1430/1176 1642/1431/1177
f 1644/1432/1179 1643/1433/1178 1642/1434/1177
f 1649/1435/1184 1647/1436/1182 1648/1437/1183
f 1654/1438/1189 1652/1439/1187 1653/1440/1188
f 1659/1441/1194 1657/1442/1192 1658/1443/1193
f 1660/1444/1195 1659/1445/1194 1658/1446/1193
f 1641/1447/1176 1624/1448/1159 1623/1449/1158
f 1644/1432/1179 1626/1450/1161 1625/1451/1160
f 1645/1452/1180 1627/1453/1162 1626/1450/1161
f 1649/1454/1184 1630/1455/1165 1629/1456/1164
f 1650/1457/1185 1631/1458/1166 1630/1455/1165
f 1654/1459/1189 1634/1460/1169 1633/1461/1168
f 1655/1462/1190 1635/1463/1170 1634/1460/1169
f 1657/1464/1192 1637/1465/1172 1636/1466/1171
f 1660/1444/1195 1639/1467/1174 1638/1468/1173
f 1661/1469/1196 1640/1470/1175 1639/1467/1174
f 1634/1471/1169 1624/1472/1159 1628/1473/1163
f 1644/1432/1179 1642/1434/1177 1645/1452/1180
f 1645/1474/1180 1642/1431/1177 1646/1475/1181
f 1649/1454/1184 1648/1476/1183 1650/1457/1185
f 1650/1477/1185 1648/1437/1183 1651/1478/1186
f 1654/1459/1189 1653/1479/1188 1655/1462/1190
f 1655/1480/1190 1653/1440/1188 1656/1481/1191
f 1660/1444/1195 1658/1446/1193 1661/1469/1196
f 1661/1482/1196 1658/1443/1193 1662/1483/1197
f 1646/1475/1181 1658/1443/1193 1652/1439/1187
f 1624/1448/1159 1643/1433/1178 1625/1451/1160
f 1662/1484/1197 1641/1485/1176 1623/1486/1158
f 1628/1487/1163 1646/1488/1181 1647/1489/1182
f 1643/1433/1178 1644/1432/1179 1625/1451/1160
f 1644/1432/1179 1645/1452/1180 1626/1450/1161
f 1645/1452/1180 1646/1488/1181 1627/1453/1162
f 1629/1456/1164 1647/1489/1182 1649/1454/1184
f 1632/1490/1167 1651/1491/1186 1652/1492/1187
f 1649/1454/1184 1650/1457/1185 1630/1455/1165
f 1650/1457/1185 1651/1491/1186 1631/1458/1166
f 1633/1461/1168 1652/1492/1187 1654/1459/1189
f 1635/1463/1170 1656/1493/1191 1636/1466/1171
f 1654/1459/1189 1655/1462/1190 1634/1460/1169
f 1637/1465/1172 1659/1445/1194 1638/1468/1173
f 1656/1493/1191 1657/1464/1192 1636/1466/1171
f 1640/1470/1175 1662/1484/1197 1623/1486/1158
f 1659/1445/1194 1660/1444/1195 1638/1468/1173
f 1660/1444/1195 1661/1469/1196 1639/1467/1174
f 1683/1429/1218 1681/1430/1216 1682/1431/1217
f 1684/1432/1219 1683/1433/1218 1682/1434/1217
f 1689/1435/1224 1687/1436/1222 1688/1437/1223
f 1694/1438/1229 1692/1439/1227 1693/1440/1228
f 1699/1441/1234 1697/1442/1232 1698/1443/1233
f 1700/1444/1235 1699/1445/1234 1698/1446/1233
f 1681/1447/1216 1664/1448/1199 1663/1449/1198
f 1684/1432/1219 1666/1450/1201 1665/1451/1200
f 1685/1452/1220 1667/1453/1202 1666/1450/1201
f 1689/1454/1224 1670/1455/1205 1669/1456/1204
f 1690/1457/1225 1671/1458/1206 1670/1455/1205
f 1694/1459/1229 1674/1460/1209 1673/1461/1208
f 1695/1462/1230 1675/1463/1210 1674/1460/1209
f 1697/1464/1232 1677/1465/1212 1676/1466/1211
f 1700/1444/1235 1679/1467/1214 1678/1468/1213
f 1701/1469/1236 1680/1470/1215 1679/1467/1214
f 1674/1471/1209 1664/1472/1199 1668/1473/1203
f 1684/1432/1219 1682/1434/1217 1685/1452/1220
f 1685/1474/1220 1682/1431/1217 1686/1475/1221
f 1689/1454/1224 1688/1476/1223 1690/1457/1225
f 1690/1477/1225 1688/1437/1223 1691/1478/1226
f 1694/1459/1229 1693/1479/1228 1695/1462/1230
f 1695/1480/1230 1693/1440/1228 1696/1481/1231
f 1700/1444/1235 1698/1446/1233 1701/1469/1236
f 1701/1482/1236 1698/1443/1233 1702/1483/1237
f 1686/1475/1221 1698/1443/1233 1692/1439/1227
f 1664/1448/1199 1683/1433/1218 1665/1451/1200
f 1702/1484/1237 1681/1485/1216 1663/1486/1198
f 1668/1487/1203 1686/1488/1221 1687/1489/1222
f 1683/1433/1218 1684/1432/1219 1665/1451/1200
f 1684/1432/1219 1685/1452/1220 1666/1450/1201
f 1685/1452/1220 1686/1488/1221 1667/1453/1202
f 1669/1456/1204 1687/1489/1222 1689/1454/1224
f 1672/1490/1207 1691/1491/1226 1692/1492/1227
f 1689/1454/1224 1690/1457/1225 1670/1455/1205
f 1690/1457/1225 1691/1491/1226 1671/1458/1206
f 1673/1461/1208 1692/1492/1227 1694/1459/1229
f 1675/1463/1210 1696/1493/1231 1676/1466/1211
f 1694/1459/1229 1695/1462/1230 1674/1460/1209
f 1677/1465/1212 1699/1445/1234 1678/1468/1213
f 1696/1493/1231 1697/1464/1232 1676/1466/1211
f 1680/1470/1215 1702/1484/1237 1663/1486/1198
f 1699/1445/1234 1700/1444/1235 1678/1468/1213
f 1700/1444/1235 1701/1469/1236 1679/1467/1214
f 1630/1494/1165 1631/1495/1166 1632/1496/1167
f 1632/1496/1167 1633/1497/1168 1634/1471/1169
f 1634/1471/1169 1635/1498/1170 1636/1499/1171
f 1636/1499/1171 1637/1500/1172 1638/1501/1173
f 1638/1501/1173 1639/1502/1174 1640/1503/1175
f 1640/1503/1175 1623/1504/1158 1624/1472/1159
f 1624/1472/1159 1625/1505/1160 1626/1506/1161
f 1626/1506/1161 1627/1507/1162 1628/1473/1163
f 1628/1473/1163 1629/1508/1164 1630/1494/1165
f 1630/1494/1165 1632/1496/1167 1634/1471/1169
f 1634/1471/1169 1636/1499/1171 1638/1501/1173
f 1638/1501/1173 1640/1503/1175 1624/1472/1159
f 1624/1472/1159 1626/1506/1161 1628/1473/1163
f 1628/1473/1163 1630/1494/1165 1634/1471/1169
f 1634/1471/1169 1638/1501/1173 1624/1472/1159
f 1652/1439/1187 1651/1478/1186 1648/1437/1183
f 1648/1437/1183 1647/1436/1182 1646/1475/1181
f 1646/1475/1181 1642/1431/1177 1641/1430/1176
f 1641/1430/1176 1662/1483/1197 1658/1443/1193
f 1658/1443/1193 1657/1442/1192 1656/1481/1191
f 1656/1481/1191 1653/1440/1188 1652/1439/1187
f 1652/1439/1187 1648/1437/1183 1646/1475/1181
f 1646/1475/1181 1641/1430/1176 1658/1443/1193
f 1658/1443/1193 1656/1481/1191 1652/1439/1187
f 1624/1448/1159 1641/1447/1176 1643/1433/1178
f 1628/1487/1163 1627/1453/1162 1646/1488/1181
f 1629/1456/1164 1628/1487/1163 1647/1489/1182
f 1632/1490/1167 1631/1458/1166 1651/1491/1186
f 1633/1461/1168 1632/1490/1167 1652/1492/1187
f 1635/1463/1170 1655/1462/1190 1656/1493/1191
f 1637/1465/1172 1657/1464/1192 1659/1445/1194
f 1640/1470/1175 1661/1469/1196 1662/1484/1197
f 1670/1494/1205 1671/1495/1206 1672/1496/1207
f 1672/1496/1207 1673/1497/1208 1674/1471/1209
f 1674/1471/1209 1675/1498/1210 1676/1499/1211
f 1676/1499/1211 1677/1500/1212 1678/1501/1213
f 1678/1501/1213 1679/1502/1214 1680/1503/1215
f 1680/1503/1215 1663/1504/1198 1664/1472/1199
f 1664/1472/1199 1665/1505/1200 1666/1506/1201
f 1666/1506/1201 1667/1507/1202 1668/1473/1203
f 1668/1473/1203 1669/1508/1204 1670/1494/1205
f 1670/1494/1205 1672/1496/1207 1674/1471/1209
f 1674/1471/1209 1676/1499/1211 1678/1501/1213
f 1678/1501/1213 1680/1503/1215 1664/1472/1199
f 1664/1472/1199 1666/1506/1201 1668/1473/1203
f 1668/1473/1203 1670/1494/1205 1674/1471/1209
f 1674/1471/1209 1678/1501/1213 1664/1472/1199
f 1692/1439/1227 1691/1478/1226 1688/1437/1223
f 1688/1437/1223 1687/1436/1222 1686/1475/1221
f 1686/1475/1221 1682/1431/1217 1681/1430/1216
f 1681/1430/1216 1702/1483/1237 1698/1443/1233
f 1698/1443/1233 1697/1442/1232 1696/1481/1231
f 1696/1481/1231 1693/1440/1228 1692/1439/1227
f 1692/1439/1227 1688/1437/1223 1686/1475/1221
f 1686/1475/1221 1681/1430/1216 1698/1443/1233
f 1698/1443/1233 1696/1481/1231 1692/1439/1227
f 1664/1448/1199 1681/1447/1216 1683/1433/1218
f 1668/1487/1203 1667/1453/1202 1686/1488/1221
f 1669/1456/1204 1668/1487/1203 1687/1489/1222
f 1672/1490/1207 1671/1458/1206 1691/1491/1226
f 1673/1461/1208 1672/1490/1207 1692/1492/1227
f 1675/1463/1210 1695/1462/1230 1696/1493/1231
f 1677/1465/1212 1697/1464/1232 1699/1445/1234
f 1680/1470/1215 1701/1469/1236 1702/1484/1237
o BrakeGaugeCover.002
v -1.314091 3.113009 6.851385
v -1.298680 3.113126 6.798553
v -0.965190 3.113126 6.893833
v -0.980016 3.113009 6.946833
v -1.220215 3.065067 6.739449
v -1.000588 3.065067 6.802197
v -1.299704 3.065295 6.797704
v -0.963872 3.065295 6.893654
v -1.315221 3.065295 6.852013
v -0.979388 3.065295 6.947963
v -1.219938 3.068982 6.740425
v -1.219820 3.068460 6.738890
v -1.000411 3.067855 6.801577
v -1.001338 3.068982 6.802880
v -1.314992 3.068792 6.852425
v -0.979800 3.068792 6.948192
v -1.207314 3.067897 6.712495
v -1.213457 3.067897 6.715940
v -0.993868 3.067792 6.778678
v -0.997302 3.067897 6.772497
v -1.321948 3.068126 6.875559
v -1.318514 3.068126 6.881741
v -0.992297 3.068126 6.974943
v -0.986116 3.068126 6.971509
v -1.213495 3.065067 6.715930
v -1.207314 3.065067 6.712495
v -0.997302 3.065067 6.772497
v -0.993868 3.065067 6.778678
v -1.318514 3.065295 6.881741
v -1.321948 3.065295 6.875559
v -0.986116 3.065295 6.971509
v -0.992297 3.065295 6.974943
vn -0.7104 0.5872 0.3879
vn 0.5563 0.8309 -0.0127
vn -0.4673 0.8305 -0.3030
vn 0.2990 0.9103 -0.2862
vn 0.2786 0.8159 -0.5067
vn 0.0902 0.9445 -0.3158
vn 0.1660 0.8023 -0.5734
vn 0.1663 0.8016 -0.5743
vn -0.5913 -0.0410 -0.8054
vn -0.5933 0.0250 -0.8046
vn -0.5934 0.0270 -0.8045
vn 0.1359 0.8690 -0.4758
vn 0.9295 0.0240 -0.3682
vn 0.9240 -0.0988 -0.3694
vn 0.9294 0.0270 -0.3681
vn -0.9946 -0.0000 0.1036
vn -0.6218 -0.0000 0.7832
vn 0.9933 -0.0000 -0.1157
vn 0.6218 -0.0000 -0.7832
vn 0.6202 -0.0000 -0.7844
vn 0.7871 0.0047 0.6168
vn 0.1141 -0.0000 0.9935
vn 0.1142 -0.0000 0.9935
vn 0.0029 1.0000 0.0001
vn 0.0058 1.0000 0.0020
vn 0.0056 0.9999 -0.0136
vn -0.1156 0.0013 -0.9933
vn -0.1161 -0.0000 -0.9932
vn -0.9598 0.0629 -0.2737
vn -0.7860 0.0154 -0.6180
vn -0.9594 0.0664 -0.2741
vn 0.9615 -0.0000 0.2747
vn 0.9935 -0.0000 -0.1142
vn -0.0090 0.9997 0.0219
vn -0.0133 0.9997 0.0210
vn -0.0050 0.9998 0.0176
vn -0.9651 0.0747 -0.2509
vn -0.9941 0.0047 0.1079
vn 0.7888 0.0503 0.6126
vn 0.9532 0.0552 0.2974
vn -0.9631 0.0777 -0.2577
vn -0.2746 0.0282 0.9611
vn 0.3950 0.5893 0.7047
vn -0.7869 0.0115 -0.6170
vn 0.9621 0.0226 0.2718
vn 0.0898 0.9451 -0.3142
vn -0.5900 -0.0639 -0.8048
vn 0.9189 -0.1405 -0.3686
vn 0.7897 -0.0000 0.6134
vn 0.0090 0.9997 -0.0220
vn 0.0235 0.9997 0.0039
vn -0.0000 1.0000 -0.0000
vn -0.0076 0.9996 0.0265
vn -0.0336 0.9993 0.0187
vn -0.9612 0.0255 -0.2746
vt 0.005726 0.000000
vt 0.994274 0.000000
vt 0.000396 1.002632
vt 0.003602 0.011083
vt 0.004376 0.988917
vt 1.000000 0.000000
vt 1.000000 1.002070
vt 0.995624 0.988917
vt 0.000000 0.000000
vt 0.996398 0.011083
vt 0.014316 0.000000
vt 0.014316 0.000000
vt 1.000000 1.000359
vt 0.978110 1.000000
vt 0.985685 0.000000
vt 0.985684 0.000000
vt 0.000069 1.000457
vt 0.021890 1.000000
vt 0.021890 1.000000
vt 0.000000 1.000000
vt 1.000000 1.000000
vt 0.002147 0.000000
vt 0.997137 0.000000
vt 0.002863 0.000000
s 1
f 1703/1509/1238 1705/1510/1239 1704/1509/1240
f 1714/1511/1241 1704/1512/1241 1713/1513/1241
f 1705/1514/1242 1715/1515/1242 1716/1516/1242
f 1714/1511/1243 1716/1516/1244 1715/1515/1245
f 1714/1511/1246 1709/1517/1247 1704/1517/1248
f 1705/1518/1239 1713/1513/1249 1704/1512/1240
f 1710/1514/1250 1715/1515/1251 1705/1514/1252
f 1723/1517/1253 1731/1519/1254 1724/1520/1254
f 1721/1521/1255 1729/1522/1256 1722/1522/1257
f 1733/1514/1258 1725/1523/1259 1734/1524/1260
f 1715/1515/1261 1722/1522/1262 1720/1525/1263
f 1722/1522/1257 1728/1526/1264 1719/1527/1265
f 1714/1511/1266 1727/1528/1267 1707/1528/1268
f 1715/1515/1269 1730/1529/1270 1721/1521/1255
f 1717/1517/1271 1724/1520/1272 1726/1514/1273
f 1724/1520/1254 1734/1524/1260 1725/1523/1259
f 1717/1517/1274 1732/1517/1275 1723/1517/1253
f 1718/1514/1276 1733/1514/1258 1712/1514/1277
f 1704/1517/1240 1711/1517/1278 1717/1517/1274
f 1703/1530/1238 1718/1531/1279 1706/1531/1280
f 1720/1525/1281 1728/1526/1264 1727/1528/1267
f 1706/1514/1280 1712/1514/1277 1710/1514/1282
f 1703/1509/1238 1706/1510/1280 1705/1510/1239
f 1714/1511/1243 1713/1513/1283 1716/1516/1244
f 1714/1511/1246 1707/1528/1284 1709/1517/1247
f 1705/1518/1239 1716/1516/1249 1713/1513/1249
f 1710/1514/1250 1708/1529/1285 1715/1515/1251
f 1723/1517/1253 1732/1517/1275 1731/1519/1254
f 1721/1521/1255 1730/1529/1270 1729/1522/1256
f 1733/1514/1258 1726/1514/1286 1725/1523/1259
f 1720/1525/1263 1714/1511/1287 1715/1515/1261
f 1715/1515/1261 1721/1521/1288 1722/1522/1262
f 1722/1522/1262 1719/1527/1289 1720/1525/1263
f 1722/1522/1257 1729/1522/1256 1728/1526/1264
f 1714/1511/1266 1720/1525/1281 1727/1528/1267
f 1715/1515/1269 1708/1529/1269 1730/1529/1270
f 1726/1514/1273 1718/1514/1290 1717/1517/1271
f 1717/1517/1271 1723/1517/1291 1724/1520/1272
f 1724/1520/1272 1725/1523/1289 1726/1514/1273
f 1724/1520/1254 1731/1519/1254 1734/1524/1260
f 1717/1517/1274 1711/1517/1278 1732/1517/1275
f 1718/1514/1276 1726/1514/1286 1733/1514/1258
f 1717/1517/1274 1703/1517/1238 1704/1517/1240
f 1704/1517/1240 1709/1517/1292 1711/1517/1278
f 1703/1530/1238 1717/1532/1279 1718/1531/1279
f 1720/1525/1281 1719/1527/1265 1728/1526/1264
f 1710/1514/1282 1705/1514/1239 1706/1514/1280
f 1706/1514/1280 1718/1514/1276 1712/1514/1277
o HandBrakeColumn.002
v 1.267390 1.969121 6.816810
v 1.267390 1.969121 6.416810
v 1.469729 1.969121 6.816810
v 1.469729 1.969121 6.416810
v 1.267390 2.886394 6.816810
v 1.267390 3.036394 6.666810
v 1.267390 2.961394 6.796714
v 1.267390 3.016298 6.741810
v 1.267390 3.036394 6.566810
v 1.267390 2.886394 6.416810
v 1.267390 3.016298 6.491810
v 1.267390 2.961394 6.436906
v 1.469729 3.036394 6.666810
v 1.469729 2.886394 6.816810
v 1.469729 3.016298 6.741810
v 1.469729 2.961394 6.796714
v 1.469729 2.886394 6.416810
v 1.469729 3.036394 6.566810
v 1.469729 2.961394 6.436906
v 1.469729 3.016298 6.491810
vn -0.0000 0.5000 -0.8660
vn -0.0000 0.8660 -0.5000
vn -0.0000 0.2588 -0.9659
vn -0.0000 0.8660 0.5000
vn -0.0000 0.9914 0.1305
vn -0.0000 0.5000 0.8660
vn -0.0000 0.1305 0.9914
vn -0.0000 -0.0000 1.0000
vn -0.0000 0.9914 -0.1305
vn -1.0000 -0.0000 -0.0000
vn -0.0000 -0.0000 -1.0000
vt 0.607432 0.500000
vt 0.875000 0.546875
vt 0.625000 0.546875
vt 0.589864 0.250000
vt 0.589864 0.478648
vt 0.875000 0.703125
vt 0.625000 0.656250
vt 0.875000 0.656250
vt 0.607432 1.000000
vt 0.625000 0.703125
vt 0.589864 1.000000
vt 0.607432 0.750000
vt 0.589864 0.750000
vt 0.375000 1.000000
vt 0.375000 0.750000
vt 0.875000 0.593750
vt 0.625000 0.593750
vt 0.589864 0.000000
vt 0.625000 0.156250
vt 0.607432 0.245813
vt 0.446621 0.250000
vt 0.000000 0.000000
vt 0.518242 0.250000
vt 0.375000 0.250000
vt 0.375000 0.000000
vt 0.607432 0.012560
vt 0.620293 0.046875
vt 0.625000 0.093750
vt 0.620293 0.203125
s 1
f 1753/1533/1293 1745/1534/1294 1754/1535/1294
f 1744/1536/1295 1753/1533/1293 1751/1537/1295
f 1742/1538/1296 1747/1539/1297 1740/1540/1297
f 1741/1541/1298 1749/1542/1296 1742/1538/1296
f 1739/1543/1299 1750/1544/1298 1741/1541/1298
f 1748/1545/1299 1735/1546/1300 1737/1547/1300
f 1743/1548/1301 1747/1539/1297 1752/1549/1301
f 1739/1550/1302 1743/1551/1302 1746/1552/1302
f 1754/1535/1294 1743/1548/1301 1752/1549/1301
f 1736/1553/1303 1751/1554/1303 1738/1554/1303
f 1753/1533/1293 1746/1552/1293 1745/1534/1294
f 1744/1536/1295 1746/1552/1293 1753/1533/1293
f 1742/1538/1296 1749/1542/1296 1747/1539/1297
f 1741/1541/1298 1750/1544/1298 1749/1542/1296
f 1739/1543/1299 1748/1545/1299 1750/1544/1298
f 1748/1545/1299 1739/1543/1299 1735/1546/1300
f 1743/1548/1301 1740/1540/1297 1747/1539/1297
f 1746/1552/1302 1744/1555/1302 1736/1556/1302
f 1736/1556/1302 1735/1557/1302 1739/1550/1302
f 1739/1550/1302 1741/1558/1302 1742/1559/1302
f 1742/1559/1302 1740/1560/1302 1743/1551/1302
f 1743/1551/1302 1745/1561/1302 1746/1552/1302
f 1746/1552/1302 1736/1556/1302 1739/1550/1302
f 1739/1550/1302 1742/1559/1302 1743/1551/1302
f 1754/1535/1294 1745/1534/1294 1743/1548/1301
f 1736/1553/1303 1744/1554/1303 1751/1554/1303
o LightSwitchBox.002
v -0.973402 3.934611 6.831981
v -0.652329 3.934611 6.831981
v -0.651736 3.871265 6.830875
v -0.973993 3.871188 6.830799
v -0.651575 4.031183 6.831981
v -0.651329 4.031216 6.763070
v -0.974241 3.989056 6.762885
v -0.597578 4.038172 6.763087
v -0.974483 3.989135 6.831981
v -0.973119 3.845481 6.860300
v -0.972760 3.820141 6.779731
v -0.972482 3.908437 6.751896
v -0.652653 3.845574 6.860271
v -0.653344 3.820303 6.779366
v -0.652821 3.820136 6.780589
v -0.653079 3.907687 6.751738
v -0.974387 3.871665 6.764893
v -0.651273 3.871924 6.764419
v -0.973287 3.912332 6.763300
v -0.652491 3.912511 6.763620
v -0.647329 3.871637 6.830155
v -0.647329 3.871701 6.764814
v -0.978402 3.871726 6.764814
v -0.978402 3.871172 6.830861
v -0.647329 4.027731 6.831982
v -0.647329 4.027734 6.763081
v -0.978402 3.984935 6.763080
v -0.978402 3.984932 6.831981
v -0.597077 4.034213 6.831981
v -0.597537 4.038187 6.831981
v -0.597122 4.034228 6.763080
v -1.029046 3.982430 6.831985
v -1.029051 3.982433 6.763081
v -1.028719 3.978448 6.763076
v -1.028714 3.978440 6.831970
vn -0.9993 0.0086 0.0371
vn 0.9992 0.0087 0.0387
vn -0.1284 0.9917 -0.0000
vn -0.5993 -0.2390 -0.7640
vn 0.0003 -0.9907 -0.1358
vn -0.9966 0.0239 -0.0785
vn 0.9977 0.0287 -0.0610
vn -0.0000 0.3028 0.9530
vn -0.0151 -0.9999 -0.0084
vn -0.6496 -0.0122 -0.7602
vn 1.0000 -0.0000 -0.0000
vn -0.0002 0.0018 -1.0000
vn 0.5646 -0.2504 -0.7865
vn -0.9996 -0.0287 0.0046
vn 0.0003 -0.9526 0.3041
vn -0.0012 -0.3015 -0.9535
vn -0.0002 0.9463 -0.3232
vn 0.9996 -0.0279 0.0068
vn -0.0002 0.9512 -0.3086
vn 0.9998 0.0198 0.0035
vn -1.0000 0.0098 -0.0008
vn -0.0059 -0.0069 1.0000
vn 0.7126 -0.0056 0.7015
vn -0.0564 -0.9984 -0.0010
vn 0.3539 -0.0078 -0.9353
vn -0.0070 -0.0111 -0.9999
vn -0.0298 -0.0171 -0.9994
vn 0.0143 -0.0098 0.9999
vn -0.5390 -0.0107 0.8422
vn -0.0001 0.0013 -1.0000
vn -1.0000 -0.0000 -0.0000
vn 0.9934 0.1149 -0.0006
vn 0.1283 -0.9917 -0.0000
vn -0.1285 0.9917 -0.0001
vn -0.0000 -0.0000 1.0000
vn -0.9966 -0.0829 0.0001
vn 0.0001 -0.0001 1.0000
vn 0.1280 -0.9918 -0.0000
vn -0.1200 0.9928 -0.0015
vn 0.0035 -1.0000 -0.0073
vn 0.9006 -0.1539 -0.4066
vn -0.9995 -0.0299 0.0058
vn -0.0008 -0.9539 0.3000
vn -0.0009 -0.3007 -0.9537
vn 0.0020 0.9265 -0.3762
vn 0.9996 -0.0278 0.0067
vn -0.0000 0.9515 -0.3076
vn 0.9999 0.0124 -0.0023
vn -1.0000 0.0078 -0.0036
vn 0.1623 -0.0115 0.9867
vn 0.0826 -0.9965 -0.0093
vn 0.0992 -0.0084 -0.9950
vn 0.0006 -0.0023 -1.0000
vn 0.0192 -0.0153 -0.9997
vn 0.0107 -0.0100 0.9999
vn 0.0024 -0.0496 -0.9988
vn 0.1279 -0.9918 -0.0003
vn -0.0000 0.0003 1.0000
vn 0.0003 -0.0036 1.0000
vn 0.1279 -0.9918 -0.0001
vn -0.1220 0.9925 0.0001
vt 0.377301 0.000000
vt 0.791667 0.583333
vt 0.505622 0.083333
vt 0.625000 0.750000
vt 0.377853 0.750168
vt 0.505622 0.666667
vt 0.625000 0.666667
vt 0.625000 0.583333
vt 0.624206 0.253349
vt 0.377039 0.249424
vt 0.517173 0.247735
vt 0.375640 0.506334
vt 0.125419 0.502693
vt 0.376645 0.500372
vt 0.523600 0.186616
vt 0.704916 0.412028
vt 0.636797 0.275021
vt 0.624668 0.583154
vt 0.517336 0.508282
vt 0.624104 0.504911
vt 0.625000 1.000000
vt 0.378870 0.999439
vt 0.516343 0.242252
vt 0.512888 0.098800
vt 0.516350 0.242346
vt 0.517123 0.174124
vt 0.708333 0.416667
vt 0.569934 0.668818
vt 0.516420 0.583661
vt 0.574789 0.583333
vt 0.577271 0.546551
vt 0.511665 0.586839
vt 0.511244 0.583333
vt 0.125401 0.750000
vt 0.619216 0.498451
vt 0.874706 0.512923
vt 0.874856 0.583963
vt 0.875000 0.666667
vt 0.875000 0.583333
vt 0.512095 0.671185
vt 0.569934 0.710485
vt 0.625000 0.750000
vt 0.506194 0.662632
vt 0.511401 0.587107
vt 0.519303 0.501878
vt 0.621340 0.306319
vt 0.520365 0.109105
vt 0.659721 0.352696
vt 0.708333 0.416667
vt 0.513234 0.165966
vt 0.875000 0.583333
vt 0.506189 0.091744
vt 0.511177 0.669013
vt 0.505888 0.662723
vt 0.521401 0.503495
vt 0.521259 0.179230
s 0
f 1764/1562/1304 1755/1563/1304 1758/1564/1304
f 1756/1565/1305 1767/1566/1305 1757/1567/1305
f 1759/1568/1306 1762/1569/1306 1760/1569/1306
f 1766/1570/1307 1765/1571/1307 1771/1572/1307
f 1769/1573/1308 1765/1574/1308 1768/1575/1308
f 1771/1576/1309 1773/1577/1309 1766/1578/1309
f 1774/1579/1310 1772/1580/1310 1770/1581/1310
f 1767/1566/1311 1755/1582/1311 1764/1583/1311
f 1771/1584/1312 1778/1585/1312 1777/1586/1312
f 1771/1587/1313 1761/1588/1313 1773/1577/1313
f 1779/1589/1314 1776/1590/1314 1780/1591/1314
f 1762/1569/1315 1785/1592/1315 1780/1592/1315
f 1772/1593/1316 1768/1575/1316 1770/1594/1316
f 1758/1564/1317 1765/1571/1317 1764/1562/1317
f 1764/1595/1318 1769/1573/1318 1767/1566/1318
f 1768/1575/1319 1766/1570/1319 1770/1596/1319
f 1774/1579/1320 1766/1597/1320 1773/1598/1320
f 1769/1573/1321 1757/1567/1321 1767/1566/1321
f 1755/1599/1322 1774/1579/1322 1773/1598/1322
f 1755/1599/1323 1761/1600/1323 1763/1599/1323
f 1756/1568/1324 1760/1569/1324 1774/1579/1324
f 1757/1601/1325 1779/1602/1325 1759/1603/1325
f 1756/1565/1326 1757/1601/1326 1759/1603/1326
f 1775/1604/1327 1772/1593/1327 1776/1605/1327
f 1772/1580/1328 1774/1579/1328 1760/1569/1328
f 1760/1569/1329 1780/1592/1329 1776/1606/1329
f 1771/1587/1330 1781/1607/1330 1761/1588/1330
f 1758/1608/1331 1782/1609/1331 1778/1585/1331
f 1755/1563/1332 1763/1563/1332 1758/1564/1332
f 1787/1610/1333 1781/1607/1333 1788/1607/1333
f 1777/1611/1334 1782/1609/1334 1781/1607/1334
f 1762/1569/1335 1783/1589/1335 1785/1592/1335
f 1785/1591/1336 1779/1589/1336 1780/1591/1336
f 1759/1568/1337 1784/1568/1337 1762/1569/1337
f 1784/1565/1338 1779/1602/1338 1783/1602/1338
f 1787/1610/1339 1789/1609/1339 1786/1563/1339
f 1786/1563/1340 1782/1609/1340 1763/1563/1340
f 1789/1609/1341 1781/1607/1341 1782/1609/1341
f 1787/1612/1342 1763/1599/1342 1761/1600/1342
f 1767/1566/1311 1756/1565/1311 1755/1582/1311
f 1771/1584/1343 1758/1613/1343 1778/1585/1343
f 1779/1589/1314 1775/1604/1314 1776/1590/1314
f 1772/1593/1344 1769/1573/1344 1768/1575/1344
f 1758/1564/1345 1771/1572/1345 1765/1571/1345
f 1764/1595/1346 1765/1574/1346 1769/1573/1346
f 1768/1575/1347 1765/1571/1347 1766/1570/1347
f 1774/1579/1348 1770/1581/1348 1766/1597/1348
f 1769/1573/1349 1772/1593/1349 1757/1567/1349
f 1755/1599/1350 1756/1568/1350 1774/1579/1350
f 1755/1599/1351 1773/1598/1351 1761/1600/1351
f 1756/1568/1352 1759/1568/1352 1760/1569/1352
f 1757/1601/1353 1775/1614/1353 1779/1602/1353
f 1775/1604/1354 1757/1615/1354 1772/1593/1354
f 1776/1606/1355 1772/1616/1355 1760/1569/1355
f 1760/1569/1356 1762/1569/1356 1780/1592/1356
f 1771/1587/1357 1777/1617/1357 1781/1607/1357
f 1758/1608/1358 1763/1563/1358 1782/1609/1358
f 1787/1610/1359 1761/1588/1359 1781/1607/1359
f 1777/1611/1334 1778/1585/1334 1782/1609/1334
f 1762/1569/1335 1784/1565/1335 1783/1589/1335
f 1785/1591/1360 1783/1589/1360 1779/1589/1360
f 1784/1565/1361 1759/1603/1361 1779/1602/1361
f 1787/1610/1339 1788/1607/1339 1789/1609/1339
f 1786/1563/1362 1789/1609/1362 1782/1609/1362
f 1789/1609/1363 1788/1607/1363 1781/1607/1363
f 1787/1612/1364 1786/1599/1364 1763/1599/1364
o SelectorLeverCasing.002
v -1.315826 3.068017 6.420460
v -1.315826 3.068017 6.570460
v -1.315826 3.080649 6.569019
v -1.315826 3.094719 6.564751
v -1.315826 3.107685 6.557820
v -1.315826 3.119051 6.548493
v -1.315826 3.128378 6.537128
v -1.315826 3.135308 6.524161
v -1.315826 3.139576 6.510092
v -1.315826 3.141017 6.495460
v -1.315826 3.139576 6.480828
v -1.315826 3.135308 6.466759
v -1.315826 3.128378 6.453793
v -1.315826 3.119051 6.442427
v -1.315826 3.107685 6.433100
v -1.315826 3.094719 6.426169
v -1.315826 3.080649 6.421901
v -1.369827 3.107167 6.433863
v -1.369828 3.088019 6.566392
v -1.469018 1.968152 6.587429
v -1.469018 1.968152 6.403492
v -1.369827 3.068013 6.421380
v -1.369827 3.068013 6.569541
v -1.369828 3.136818 6.472617
v -1.369827 3.140091 6.495460
v -1.369827 3.138668 6.509913
v -1.369827 3.107167 6.557057
v -1.369827 3.134452 6.523810
v -1.369827 3.118393 6.547844
v -1.369827 3.127606 6.536618
v -1.369827 3.127606 6.454302
v -1.369828 3.088019 6.424528
v -1.369827 3.118393 6.443076
v -1.300897 3.068041 6.429935
v -1.300893 3.086647 6.432993
v -1.300896 3.068041 6.560948
v -1.300896 3.120506 6.459047
v -1.300892 3.086596 6.557911
v -1.300892 3.108660 6.545557
v -1.300894 3.128650 6.475243
v -1.300892 3.124594 6.525432
v -1.300892 3.131613 6.500740
v -1.300894 3.107712 6.444662
v -1.380937 3.068015 6.404928
v -1.384472 3.068015 6.408464
v -1.311613 3.068016 6.405209
v -1.384472 3.068015 6.582459
v -1.380937 3.068015 6.585994
v -1.311190 3.068017 6.585534
v -1.287602 3.068050 6.419306
v -1.287263 3.068050 6.571187
v -1.384472 3.066015 6.408464
v -1.380937 3.066015 6.404928
v -1.311641 3.066016 6.405317
v -1.380937 3.066015 6.585994
v -1.384472 3.066015 6.582459
v -1.312070 3.066016 6.585764
v -1.289285 3.066047 6.417395
v -1.286757 3.066051 6.421709
v -1.287769 3.066050 6.572052
v -1.285617 2.959372 6.403830
v -1.469018 2.999496 6.587076
v -1.469018 2.999496 6.403845
v -1.405502 1.968152 6.587076
v -1.285845 3.065597 6.586958
v -1.405502 1.968152 6.403845
v -1.285845 3.065597 6.403963
v -1.403274 3.065705 6.403963
v -1.403274 3.065705 6.586958
v -1.405301 2.692900 6.403931
v -1.285693 2.959389 6.586990
v -1.405301 2.692900 6.586990
vn -0.5002 0.2447 0.8306
vn -0.1765 0.2191 0.9596
vn -0.7736 -0.2683 0.5741
vn 0.6406 -0.2205 -0.7356
vn 0.5069 0.1646 -0.8461
vn 0.9654 0.2284 -0.1259
vn 0.5034 0.6628 -0.5543
vn 0.8587 -0.0367 -0.5111
vn 0.1396 0.6992 -0.7011
vn 0.0003 0.3895 -0.9210
vn 0.0001 1.0000 -0.0000
vn -0.1215 0.0107 0.9925
vn 0.0336 0.3535 0.9348
vn -0.5884 0.7662 -0.2583
vn -0.9065 -0.0788 -0.4148
vn -0.9246 0.1567 -0.3472
vn -0.3458 0.8120 0.4701
vn -0.4104 0.8333 -0.3703
vn -0.9302 0.2653 0.2538
vn -0.1796 0.3992 0.8991
vn -0.9815 -0.0000 0.1913
vn 0.0002 -0.0000 1.0000
vn -0.1908 0.0012 0.9816
vn -0.1796 0.5669 0.8040
vn -0.9281 0.3536 0.1169
vn -0.1796 0.7129 0.6779
vn -0.6333 0.4232 0.6480
vn -0.1796 0.8315 0.5257
vn -0.9245 0.3787 -0.0429
vn -0.1796 0.9180 0.3535
vn -0.1806 0.9690 0.1686
vn -0.1760 0.9842 -0.0207
vn -0.9242 0.2497 -0.2890
vn -0.1750 0.9597 -0.2200
vn -0.1806 0.8994 -0.3982
vn -0.9190 0.3939 0.0191
vn -0.1796 0.8039 -0.5670
vn -0.5252 0.8259 -0.2051
vn 0.0008 0.2020 -0.9794
vn 0.9529 -0.1726 0.2495
vn 0.6435 0.7075 -0.2921
vn 0.6363 0.7267 0.2589
vn 0.9635 0.2392 0.1203
vn 0.5145 0.4643 0.7209
vn 0.5083 0.3420 0.7904
vn 0.9642 0.2624 0.0394
vn 0.5146 0.7045 0.4887
vn 0.5085 0.6191 0.5985
vn 0.9649 0.2538 -0.0675
vn 0.5142 0.8382 0.1819
vn 0.5079 0.8013 0.3161
vn 0.5138 0.8442 -0.1527
vn 0.5075 0.8615 -0.0146
vn 0.5003 0.7965 -0.3396
vn 0.9818 0.1873 0.0307
vn 0.5060 0.7172 -0.4792
vn 0.0015 -0.0001 -1.0000
vn -0.9809 0.0001 -0.1947
vn -0.1910 -0.0006 -0.9816
vn -0.0000 1.0000 0.0001
vn 0.2427 -0.1859 -0.9521
vn -1.0000 -0.0000 -0.0002
vn -1.0000 -0.0003 0.0071
vn 0.3610 0.2380 -0.9017
vn 0.2469 -0.1012 -0.9638
vn 0.9433 0.0516 -0.3280
vn -0.0011 1.0000 -0.0006
vn -0.0033 1.0000 -0.0005
vn -0.0001 1.0000 0.0001
vn 0.1881 0.1602 0.9690
vn 0.7598 0.2608 0.5955
vn 0.3192 -0.1570 0.9346
vn -0.0011 1.0000 0.0006
vn 0.9649 0.2625 -0.0023
vn 0.9117 -0.2013 0.3582
vn -0.0007 1.0000 -0.0000
vn 0.9123 -0.4095 -0.0000
vn 0.9121 -0.4100 -0.0002
vn 0.9123 -0.4096 -0.0003
vn -0.7096 0.7046 -0.0000
vn 0.0004 0.0028 1.0000
vn -0.0028 -0.0001 1.0000
vn -0.0021 -0.0017 1.0000
vn -0.0017 -0.0004 -1.0000
vn -0.0014 -0.0011 -1.0000
vn 0.0007 0.0022 -1.0000
vn 1.0000 0.0001 -0.0000
vn 1.0000 -0.0001 -0.0003
vn 1.0000 0.0001 -0.0001
vn 0.0004 1.0000 0.0007
vn 0.0001 1.0000 -0.0004
vn -0.0000 1.0000 -0.0000
vn 1.0000 -0.0001 -0.0008
vn 1.0000 0.0003 0.0014
vn 1.0000 -0.0003 -0.0002
vn -0.0000 0.1133 -0.9936
vn 0.5045 0.0979 -0.8578
vn 0.0002 1.0000 -0.0000
vn 0.0001 1.0000 0.0001
vn -0.0001 1.0000 -0.0001
vn -0.0013 1.0000 -0.0005
vn -0.0029 1.0000 0.0011
vn -0.0000 1.0000 -0.0001
vn -0.0013 1.0000 0.0005
vn -0.0006 1.0000 -0.0000
vn 0.9122 -0.4097 0.0004
vn 0.9121 -0.4100 0.0001
vn 0.9121 -0.4099 -0.0001
vn -0.0013 0.0009 1.0000
vn -0.0013 0.0001 1.0000
vn -0.0008 -0.0013 1.0000
vn 0.0028 -0.0000 1.0000
vn 0.0028 -0.0001 1.0000
vn 0.0055 -0.0027 1.0000
vn 0.0003 0.0029 1.0000
vn -0.0034 -0.0000 1.0000
vn -0.0015 -0.0024 1.0000
vn 0.0037 -0.0010 1.0000
vn 0.0039 -0.0014 1.0000
vn 0.0036 -0.0005 1.0000
vn 0.0032 -0.0000 -1.0000
vn 0.0037 0.0018 -1.0000
vn -0.0004 -0.0006 -1.0000
vn -0.0023 0.0014 -1.0000
vn -0.0023 0.0017 -1.0000
vn -0.0043 -0.0010 -1.0000
vn -0.0060 0.0009 -1.0000
vn -0.0028 0.0035 -1.0000
vn -0.0003 -0.0008 -1.0000
vn 0.0013 0.0024 -1.0000
vn -0.0001 0.0014 -1.0000
vn 1.0000 -0.0000 -0.0001
vn -0.0000 1.0000 0.0003
vn 1.0000 0.0004 0.0008
vn 1.0000 0.0004 0.0002
vt 0.461199 0.666667
vt 0.437500 0.666667
vt 0.452102 0.533716
vt 0.000000 1.000000
vt 0.031250 1.000000
vt 0.050760 1.000000
vt 0.125000 1.000000
vt 0.109376 1.000000
vt 0.093750 1.000000
vt 0.062500 1.000000
vt 0.000000 0.500000
vt 0.009763 0.500000
vt 0.500000 0.500000
vt 0.500000 0.519285
vt 0.500000 1.000000
vt 0.468750 0.816016
vt 0.468750 0.610475
vt 0.468750 0.683984
vt 0.093750 0.683984
vt 0.152517 0.623536
vt 0.047898 0.519285
vt 0.007117 0.500000
vt 0.373132 0.499929
vt 0.250804 0.499858
vt 0.406250 0.533716
vt 0.406250 0.666667
vt 0.490237 0.500000
vt 0.500000 0.524238
vt 0.375000 0.533716
vt 0.375000 0.666667
vt 0.343750 0.533716
vt 0.343750 0.666667
vt 0.312500 0.533716
vt 0.312500 0.666667
vt 0.281250 0.533716
vt 0.281250 0.666667
vt 0.250000 0.533716
vt 0.250000 0.666667
vt 0.218750 0.666667
vt 0.156250 0.533716
vt 0.187500 0.666667
vt 0.156250 0.666667
vt 0.200317 0.533716
vt 0.125000 0.666667
vt 0.101301 0.666667
vt 0.488191 0.469664
vt 0.493392 1.000000
vt 0.173285 1.000000
vt 0.262816 1.000000
vt 0.468750 1.000000
vt 0.449371 1.000000
vt 0.406250 1.000000
vt 0.437500 1.000000
vt 0.387815 1.000000
vt 0.343750 1.000000
vt 0.375000 1.000000
vt 0.325315 1.000000
vt 0.281250 1.000000
vt 0.312500 1.000000
vt 0.218750 1.000000
vt 0.250000 1.000000
vt 0.171851 1.000000
vt 0.187500 1.000000
vt 0.200317 1.000000
vt 0.156250 1.000000
vt 0.140678 1.000000
vt 0.156251 1.000000
vt 0.000000 0.524238
vt 0.000000 0.519285
vt 0.000000 0.991143
vt 0.000000 0.991143
vt 0.009763 0.500000
vt 0.490237 0.500000
vt 0.004727 1.000000
vt 0.500000 0.992754
vt 0.500000 0.989530
vt 0.496222 1.000000
vt 0.494328 1.000000
vt 0.009454 1.000000
vt 0.006612 1.000000
vt 0.500130 0.500828
vt 0.562370 0.749172
vt 0.500130 0.749172
vt 0.750545 0.500961
vt 0.875000 0.749039
vt 0.750727 0.749039
vt 0.500749 0.753529
vt 0.625204 0.750399
vt 0.624852 0.874939
vt 0.624749 0.250000
vt 0.625204 0.499601
vt 0.500749 0.496471
vt 0.375000 0.500961
vt 0.499908 0.749039
vt 0.375000 0.749039
vt 0.625749 0.500961
vt 0.749570 0.749039
vt 0.625749 0.749039
vt 0.562800 0.749039
vt 0.624689 0.500961
vt 0.624689 0.749039
vt 0.492883 0.500000
vt 0.187653 0.494760
vt 0.501048 0.434082
vt 0.126123 0.494796
vt 0.053128 0.499714
vt 0.448815 0.499943
vt 0.403750 0.499936
vt 0.342513 0.499920
vt 0.311903 0.499907
vt 0.281322 0.499889
vt 0.202937 0.499695
vt 0.125000 0.533716
vt 0.475011 0.502650
vt 0.446102 1.000000
vt 0.054031 1.000000
vt 0.119507 1.000000
vt 0.562370 0.500828
vt 0.875000 0.500961
vt 0.624749 1.000000
vt 0.374077 0.751845
vt 0.562873 0.750745
vt 0.374077 0.498155
vt 0.375000 0.250000
vt 0.624852 0.375061
vt 0.562873 0.499255
vt 0.499908 0.500961
vt 0.749426 0.500961
vt 0.562800 0.500961
s 1
f 1792/1618/1365 1793/1619/1366 1808/1620/1367
f 1823/1621/1368 1806/1622/1369 1824/1623/1370
f 1803/1624/1371 1832/1625/1372 1804/1626/1373
f 1805/1627/1374 1824/1623/1370 1806/1622/1369
s 0
f 1811/1628/1375 1834/1629/1375 1837/1630/1375
s 1
f 1812/1631/1376 1791/1632/1377 1792/1633/1365
f 1808/1634/1367 1812/1631/1376 1792/1635/1365
f 1804/1636/1373 1805/1627/1374 1807/1637/1378
f 1805/1627/1374 1821/1638/1379 1807/1637/1378
f 1811/1639/1380 1818/1640/1381 1814/1641/1382
f 1816/1642/1383 1793/1619/1366 1794/1643/1384
f 1836/1644/1385 1844/1645/1386 1837/1645/1387
f 1818/1646/1381 1794/1643/1384 1795/1647/1388
f 1819/1648/1389 1795/1647/1388 1796/1649/1390
f 1817/1650/1391 1796/1649/1390 1797/1651/1392
f 1815/1652/1393 1797/1651/1392 1798/1653/1394
f 1814/1654/1382 1798/1653/1394 1799/1655/1395
f 1800/1656/1396 1814/1654/1382 1799/1655/1395
f 1820/1657/1397 1801/1658/1398 1802/1659/1399
f 1813/1660/1400 1800/1656/1396 1801/1658/1398
f 1803/1661/1401 1820/1657/1397 1802/1659/1399
f 1804/1662/1373 1822/1663/1402 1803/1661/1401
f 1821/1638/1379 1805/1627/1374 1806/1622/1403
f 1825/1664/1404 1826/1665/1405 1831/1666/1406
f 1825/1632/1404 1792/1667/1365 1791/1632/1377
f 1827/1668/1407 1794/1669/1408 1793/1670/1409
f 1793/1670/1409 1792/1667/1365 1827/1668/1407
f 1828/1671/1410 1796/1672/1411 1795/1673/1412
f 1795/1673/1412 1794/1669/1408 1828/1671/1410
f 1830/1674/1413 1798/1675/1414 1797/1676/1415
f 1797/1676/1415 1796/1672/1411 1830/1674/1413
f 1831/1666/1406 1800/1677/1416 1799/1678/1417
f 1799/1678/1417 1798/1675/1414 1831/1666/1406
f 1826/1679/1405 1801/1680/1418 1829/1681/1419
f 1801/1680/1418 1800/1677/1416 1829/1681/1419
f 1826/1682/1405 1803/1683/1371 1802/1684/1420
f 1824/1623/1370 1804/1626/1373 1832/1625/1372
f 1842/1685/1421 1834/1629/1422 1833/1685/1423
s 0
f 1811/1686/1424 1835/1687/1424 1833/1628/1424
s 1
f 1833/1685/1423 1843/1688/1425 1842/1685/1421
f 1836/1644/1385 1841/1689/1426 1845/1690/1427
f 1847/1621/1428 1835/1687/1429 1839/1691/1430
s 0
f 1835/1687/1431 1823/1621/1432 1839/1691/1431
f 1812/1630/1433 1838/1692/1433 1791/1632/1433
s 1
f 1846/1693/1434 1837/1645/1387 1844/1645/1386
f 1849/1694/1435 1838/1692/1436 1846/1693/1434
s 0
f 1825/1632/1437 1838/1692/1437 1840/1695/1437
s 1
f 1848/1696/1438 1840/1695/1439 1849/1694/1435
s 0
f 1840/1695/1440 1823/1697/1440 1825/1632/1440
f 1859/1698/1441 1860/1699/1442 1861/1700/1443
f 1857/1701/1444 1851/1702/1444 1858/1703/1444
f 1861/1704/1445 1854/1705/1446 1858/1706/1447
f 1852/1707/1448 1856/1708/1449 1859/1709/1450
f 1855/1710/1451 1861/1711/1452 1853/1712/1453
f 1856/1713/1454 1858/1714/1455 1854/1715/1456
f 1860/1716/1457 1856/1717/1458 1854/1718/1459
s 1
f 1811/1686/1380 1806/1622/1403 1790/1621/1460
f 1848/1696/1438 1847/1621/1428 1839/1691/1430
f 1823/1621/1368 1790/1621/1461 1806/1622/1369
s 0
f 1837/1630/1462 1812/1719/1462 1811/1628/1462
f 1811/1628/1463 1833/1628/1463 1834/1629/1463
f 1834/1629/1456 1836/1644/1456 1837/1630/1456
s 1
f 1820/1720/1397 1822/1721/1402 1807/1722/1378
f 1807/1722/1378 1821/1723/1379 1811/1639/1380
f 1811/1639/1380 1812/1719/1376 1808/1724/1367
f 1808/1724/1367 1816/1725/1383 1818/1640/1381
f 1818/1640/1381 1819/1726/1389 1817/1727/1391
f 1817/1727/1391 1815/1728/1393 1814/1641/1382
f 1814/1641/1382 1813/1729/1400 1820/1720/1397
f 1820/1720/1397 1807/1722/1378 1811/1639/1380
f 1811/1639/1380 1808/1724/1367 1818/1640/1381
f 1818/1640/1381 1817/1727/1391 1814/1641/1382
f 1814/1641/1382 1820/1720/1397 1811/1639/1380
f 1816/1642/1383 1808/1620/1367 1793/1619/1366
f 1836/1644/1385 1845/1690/1427 1844/1645/1386
f 1818/1646/1381 1816/1642/1383 1794/1643/1384
f 1819/1648/1389 1818/1646/1381 1795/1647/1388
f 1817/1650/1391 1819/1648/1389 1796/1649/1390
f 1815/1652/1393 1817/1650/1391 1797/1651/1392
f 1814/1654/1382 1815/1652/1393 1798/1653/1394
f 1800/1656/1396 1813/1660/1400 1814/1654/1382
f 1820/1657/1397 1813/1660/1400 1801/1658/1398
f 1803/1661/1401 1822/1730/1402 1820/1657/1397
f 1804/1662/1373 1807/1731/1378 1822/1663/1402
f 1831/1666/1406 1830/1674/1413 1828/1671/1410
f 1828/1671/1410 1827/1732/1407 1825/1664/1404
f 1825/1664/1404 1823/1697/1368 1824/1733/1370
f 1824/1733/1370 1832/1625/1372 1826/1665/1405
f 1826/1665/1405 1829/1681/1419 1831/1666/1406
f 1831/1666/1406 1828/1671/1410 1825/1664/1404
f 1825/1664/1404 1824/1733/1370 1826/1665/1405
f 1825/1632/1404 1827/1668/1407 1792/1667/1365
f 1827/1668/1407 1828/1671/1410 1794/1669/1408
f 1828/1671/1410 1830/1674/1413 1796/1672/1411
f 1830/1674/1413 1831/1666/1406 1798/1675/1414
f 1831/1666/1406 1829/1681/1419 1800/1677/1416
f 1826/1679/1405 1802/1684/1420 1801/1680/1418
f 1826/1682/1405 1832/1734/1372 1803/1683/1371
f 1824/1623/1370 1805/1627/1374 1804/1626/1373
f 1842/1685/1421 1841/1689/1426 1834/1629/1422
s 0
f 1811/1686/1464 1790/1621/1464 1835/1687/1464
s 1
f 1833/1685/1423 1835/1687/1429 1843/1688/1425
f 1836/1644/1385 1834/1629/1422 1841/1689/1426
f 1847/1621/1428 1843/1688/1425 1835/1687/1429
s 0
f 1835/1687/1465 1790/1621/1465 1823/1621/1466
f 1812/1630/1467 1837/1645/1467 1838/1692/1467
s 1
f 1846/1693/1434 1838/1692/1436 1837/1645/1387
f 1849/1694/1435 1840/1695/1439 1838/1692/1436
s 0
f 1825/1632/1468 1791/1632/1468 1838/1692/1468
s 1
f 1848/1696/1438 1839/1691/1430 1840/1695/1439
s 0
f 1840/1695/1469 1839/1691/1469 1823/1697/1469
f 1859/1698/1470 1850/1735/1471 1860/1699/1472
f 1857/1701/1444 1852/1736/1444 1851/1702/1444
f 1858/1706/1473 1851/1737/1474 1809/1673/1475
f 1809/1673/1476 1853/1738/1477 1861/1704/1478
f 1861/1704/1479 1860/1739/1480 1854/1705/1481
f 1858/1706/1482 1809/1673/1483 1861/1704/1484
f 1855/1740/1485 1810/1741/1485 1852/1707/1486
f 1852/1707/1487 1857/1742/1488 1856/1708/1489
f 1856/1708/1490 1850/1743/1491 1859/1709/1492
f 1859/1709/1493 1855/1740/1494 1852/1707/1495
f 1855/1710/1496 1859/1744/1453 1861/1711/1451
f 1856/1713/1456 1857/1745/1456 1858/1714/1497
f 1860/1716/1498 1850/1746/1499 1856/1717/1499
s 1
f 1811/1686/1380 1821/1638/1379 1806/1622/1403
o Speedometer.002
v -1.367079 1.902625 6.759520
v -1.369234 3.402625 6.758701
v -1.351435 1.902625 6.770593
v -1.353016 3.402625 6.768916
v -1.353016 1.902625 6.790257
v -1.351435 3.402625 6.788579
v -1.369234 1.902625 6.800472
v -1.367079 3.402625 6.799653
v -1.386796 1.902625 6.791486
v -1.382217 3.402625 6.796065
v -1.390384 1.902625 6.776349
v -1.390384 3.402625 6.782824
v -1.382217 1.902625 6.763108
v -1.386796 3.402625 6.767686
v -1.461545 3.382628 6.769893
v -1.453156 3.372628 6.775336
v -1.453156 3.625992 6.775336
v -1.461545 3.615992 6.769893
v -1.407408 3.372628 6.704832
v -1.415797 3.382628 6.699389
v -1.415797 3.615992 6.699389
v -1.407408 3.625992 6.704832
v -1.331045 3.372628 6.854568
v -1.322656 3.382628 6.860012
v -1.322656 3.615992 6.860012
v -1.331045 3.625992 6.854568
v -1.276909 3.382628 6.789507
v -1.285297 3.372628 6.784064
v -1.285297 3.625992 6.784064
v -1.276909 3.615992 6.789507
vn 0.1488 -0.6253 -0.7660
vn 0.8553 0.0007 -0.5181
vn 0.7170 -0.6111 -0.3353
vn 0.9058 0.0007 0.4237
vn 0.6717 -0.6191 0.4069
vn -0.5854 0.0010 0.8107
vn -0.6146 -0.6243 0.4822
vn 0.0355 -0.6112 0.7907
vn -0.9872 0.0011 0.1593
vn -0.7661 -0.6307 -0.1236
vn -0.7868 0.0013 -0.6172
vn -0.4543 -0.6306 -0.6292
vn -0.0000 1.0000 -0.0000
vn 0.0449 0.0009 -0.9990
vn 0.3210 -0.9239 0.2083
vn 0.9448 -0.2971 -0.1383
vn 0.7750 -0.3827 0.5029
vn 0.1906 0.0006 0.9817
vn -0.2587 -0.2971 -0.9191
vn -0.3210 -0.9239 -0.2083
vn -0.7750 -0.3827 -0.5029
vn -0.3210 0.9239 -0.2083
vn -0.2586 0.2971 -0.9191
vn -0.7750 0.3827 -0.5029
vn 0.0938 -0.7173 -0.6904
vn 0.5923 0.7173 -0.3670
vn 0.7750 0.3827 0.5029
vn 0.3210 0.9239 0.2083
vn -0.5443 -0.0000 0.8389
vn 0.5923 -0.7173 -0.3670
vn 0.0938 0.7173 -0.6904
vn 0.9448 0.2971 -0.1383
vt 0.974673 0.500000
vt 0.837827 1.000000
vt 0.821808 0.500000
vt 0.678192 1.000000
vt 0.662173 0.500000
vt 0.400327 1.000000
vt 0.349673 0.500000
vt 0.507843 0.500000
vt 0.275327 1.000000
vt 0.224673 0.500000
vt 0.150327 1.000000
vt 0.099673 0.500000
vt 0.287218 0.017403
vt 0.450649 0.373396
vt 0.059212 0.388153
vt 0.025327 1.000000
vt 0.000000 0.500000
vt 0.328503 0.657211
vt 0.335554 0.456800
vt 0.338395 0.656125
vt 0.525327 1.000000
vt 0.559212 0.111846
vt 0.611847 0.440788
vt 0.954546 0.349531
vt 0.379934 0.250000
vt 0.375000 0.167070
vt 0.379934 0.167070
vt 0.625000 0.167070
vt 0.620066 0.250000
vt 0.620066 0.167070
vt 0.049840 0.000000
vt 0.078717 0.039359
vt 0.049831 0.099663
vt 0.661605 0.656125
vt 0.671885 0.457555
vt 0.671497 0.657211
vt 0.228755 0.622451
vt 0.344970 0.655195
vt 0.767529 0.623882
vt 0.384867 0.167070
vt 0.615133 0.250000
vt 0.384867 0.250000
vt 0.340541 0.456683
vt 0.655030 0.655195
vt 0.767973 0.477569
vt 0.771245 0.622451
vt 0.229911 0.478013
vt 0.232471 0.623882
vt 0.976395 1.000000
vt 0.017403 0.212782
vt 0.111846 0.059212
vt 0.454546 0.150469
vt 0.261525 0.478493
vt 0.325441 0.457991
vt 0.950649 0.126604
vt 0.761525 0.021507
vt 0.517403 0.287218
vt 0.787218 0.482597
vt 0.375661 0.250000
vt 0.625000 0.250000
vt 0.000000 0.000000
vt 0.000000 0.039181
vt 0.771672 0.478344
vt 0.661674 0.456683
vt 0.875000 0.582930
vt 0.615133 0.167070
vt 0.655030 0.456683
vt 0.226295 0.478770
s 1
f 1862/1747/1500 1865/1748/1501 1864/1749/1502
f 1867/1750/1503 1866/1751/1504 1864/1749/1502
f 1871/1752/1505 1870/1753/1506 1868/1754/1507
f 1873/1755/1508 1872/1756/1509 1870/1753/1506
f 1875/1757/1510 1874/1758/1511 1872/1756/1509
s 0
f 1869/1759/1512 1865/1760/1512 1875/1761/1512
s 1
f 1863/1762/1513 1862/1763/1500 1874/1758/1511
f 1884/1764/1514 1888/1765/1515 1885/1766/1516
f 1866/1751/1504 1869/1767/1517 1868/1754/1507
f 1865/1748/1501 1867/1750/1503 1864/1749/1502
f 1869/1767/1517 1871/1752/1505 1868/1754/1507
f 1871/1752/1505 1873/1755/1508 1870/1753/1506
f 1873/1755/1508 1875/1757/1510 1872/1756/1509
f 1875/1757/1510 1863/1762/1513 1874/1758/1511
f 1870/1768/1506 1874/1769/1511 1864/1770/1502
f 1881/1771/1518 1877/1772/1519 1876/1773/1520
f 1878/1774/1521 1882/1775/1522 1879/1776/1523
f 1880/1777/1524 1882/1778/1522 1890/1779/1525
f 1886/1780/1526 1890/1781/1525 1887/1782/1527
f 1877/1783/1528 1885/1784/1528 1887/1785/1528
f 1876/1786/1520 1882/1787/1522 1881/1788/1518
f 1888/1789/1515 1886/1790/1526 1885/1784/1516
f 1890/1791/1525 1878/1792/1521 1887/1785/1527
f 1877/1783/1519 1889/1793/1529 1884/1794/1514
f 1862/1747/1500 1863/1795/1513 1865/1748/1501
s 0
f 1873/1796/1512 1871/1797/1512 1869/1759/1512
f 1869/1759/1512 1867/1798/1512 1865/1760/1512
f 1865/1760/1512 1863/1799/1512 1875/1761/1512
f 1875/1761/1512 1873/1796/1512 1869/1759/1512
s 1
f 1884/1764/1514 1889/1800/1529 1888/1765/1515
f 1866/1751/1504 1867/1750/1503 1869/1767/1517
f 1866/1801/1504 1868/1802/1507 1870/1768/1506
f 1870/1768/1506 1872/1803/1509 1874/1769/1511
f 1874/1769/1511 1862/1804/1500 1864/1770/1502
f 1864/1770/1502 1866/1801/1504 1870/1768/1506
f 1881/1771/1518 1880/1805/1524 1877/1772/1519
f 1878/1774/1521 1883/1806/1530 1882/1775/1522
f 1890/1779/1525 1891/1807/1531 1888/1808/1515
f 1888/1808/1515 1889/1793/1529 1880/1777/1524
f 1880/1777/1524 1881/1807/1518 1882/1778/1522
f 1882/1778/1522 1883/1809/1530 1890/1779/1525
f 1890/1779/1525 1888/1808/1515 1880/1777/1524
f 1886/1780/1526 1891/1810/1531 1890/1781/1525
f 1887/1785/1528 1878/1811/1528 1879/1812/1528
f 1879/1812/1528 1876/1773/1528 1877/1783/1528
f 1877/1783/1528 1884/1764/1528 1885/1784/1528
f 1885/1784/1528 1886/1780/1528 1887/1785/1528
f 1887/1785/1528 1879/1812/1528 1877/1783/1528
f 1876/1786/1520 1879/1812/1523 1882/1787/1522
f 1888/1789/1515 1891/1813/1531 1886/1790/1526
f 1890/1791/1525 1883/1809/1530 1878/1792/1521
f 1877/1783/1519 1880/1814/1524 1889/1793/1529
o HVCabinetDoor.002
v 0.450001 3.952479 3.246610
v 0.450001 3.952479 2.546610
v 0.491001 1.899997 3.246610
v 0.491001 3.952479 3.246610
v 0.491001 1.899997 2.546610
v 0.491001 3.952479 2.546610
v 0.451509 1.899997 3.245101
v 0.451509 1.899997 2.548118
vn 1.0000 -0.0000 -0.0000
vn -0.0000 1.0000 -0.0000
vn -1.0000 -0.0007 -0.0000
vn -0.0000 -1.0000 -0.0000
vn -0.0382 -0.0000 0.9993
vn -0.0382 -0.0000 -0.9993
vn -0.0000 -0.0007 1.0000
vn -0.0000 -0.0007 -1.0000
vt 0.625000 0.500000
vt 0.375000 0.750000
vt 0.375000 0.500000
vt 0.875000 0.500000
vt 0.625000 0.750000
vt 0.625000 0.000000
vt 0.375000 0.248750
vt 0.375000 0.001250
vt 0.146342 0.500000
vt 0.125000 0.748750
vt 0.375000 0.978658
vt 0.375000 0.271342
vt 0.875000 0.750000
vt 0.458333 0.249522
vt 0.473533 0.978658
vt 0.625000 0.250000
s 0
usemtl ExteriorSurfaces
f 1897/1815/1532 1894/1816/1532 1896/1817/1532
f 1893/1818/1533 1895/1819/1533 1897/1815/1533
f 1892/1820/1534 1899/1821/1534 1898/1822/1534
f 1899/1823/1535 1894/1816/1535 1898/1824/1535
f 1895/1819/1536 1898/1825/1536 1894/1816/1536
f 1899/1826/1537 1897/1815/1537 1896/1817/1537
f 1897/1815/1532 1895/1819/1532 1894/1816/1532
f 1893/1818/1533 1892/1827/1533 1895/1819/1533
f 1892/1820/1534 1893/1828/1534 1899/1821/1534
f 1899/1823/1535 1896/1817/1535 1894/1816/1535
f 1895/1819/1538 1892/1829/1538 1898/1825/1538
f 1899/1826/1539 1893/1830/1539 1897/1815/1539
o HVDoorAirCylinder.002
v 0.031896 3.882640 3.086530
v 0.291896 3.882640 3.086530
v 0.031896 3.844372 3.094142
v 0.291896 3.844372 3.094142
v 0.031896 3.811929 3.115819
v 0.291896 3.811929 3.115819
v 0.031896 3.790252 3.148262
v 0.291896 3.790252 3.148262
v 0.031896 3.782640 3.186530
v 0.291896 3.782640 3.186530
v 0.031896 3.790252 3.224798
v 0.291896 3.790252 3.224798
v 0.031896 3.811929 3.257241
v 0.291896 3.811929 3.257241
v 0.031896 3.844372 3.278918
v 0.291896 3.844372 3.278918
v 0.031896 3.882640 3.286530
v 0.291896 3.882640 3.286530
v 0.031896 3.920908 3.278918
v 0.291896 3.920908 3.278918
v 0.031896 3.953351 3.257241
v 0.291896 3.953351 3.257241
v 0.031896 3.975028 3.224798
v 0.291896 3.975028 3.224798
v 0.031896 3.982640 3.186530
v 0.291896 3.982640 3.186530
v 0.031896 3.975028 3.148262
v 0.291896 3.975028 3.148262
v 0.031896 3.953351 3.115819
v 0.291896 3.953351 3.115819
v 0.031896 3.920908 3.094142
v 0.291896 3.920908 3.094142
v 0.011896 3.882640 3.076558
v 0.011896 3.840555 3.084929
v 0.011896 3.804878 3.108768
v 0.011896 3.781039 3.144446
v 0.011896 3.772668 3.186530
v 0.011896 3.781039 3.228614
v 0.011896 3.804878 3.264292
v 0.011896 3.785874 3.296530
v 0.011896 3.960402 3.264292
v 0.011896 3.984240 3.228614
v 0.011896 3.992611 3.186530
v 0.011896 3.984240 3.144446
v 0.011896 3.960402 3.108768
v 0.011896 3.924724 3.084929
v 0.311896 3.844372 3.094142
v 0.311896 3.882640 3.086530
v 0.311896 3.811929 3.115819
v 0.311896 3.790252 3.148262
v 0.311896 3.782640 3.186530
v 0.311896 3.790252 3.224798
v 0.311896 3.811929 3.257241
v 0.311896 3.844372 3.278918
v 0.311896 3.882640 3.286530
v 0.311896 3.920908 3.278918
v 0.311896 3.953351 3.257241
v 0.311896 3.975028 3.224798
v 0.311896 3.982640 3.186530
v 0.311896 3.975028 3.148262
v 0.311896 3.953351 3.115819
v 0.311896 3.920908 3.094142
v 0.031896 3.882640 3.076558
v 0.031896 3.840555 3.084929
v 0.291896 3.840555 3.084929
v 0.291896 3.882640 3.076558
v 0.031896 3.804878 3.108768
v 0.291896 3.804878 3.108768
v 0.031896 3.781039 3.144446
v 0.291896 3.781039 3.144446
v 0.031896 3.772668 3.186530
v 0.291896 3.772668 3.186530
v 0.031896 3.781039 3.228614
v 0.291896 3.781039 3.228614
v 0.031896 3.804878 3.264292
v 0.291896 3.804878 3.264292
v 0.031896 3.882642 3.296516
v 0.291896 3.882642 3.296516
v 0.031896 3.960402 3.264292
v 0.291896 3.960402 3.264292
v 0.031896 3.984240 3.228614
v 0.291896 3.984240 3.228614
v 0.031896 3.992611 3.186530
v 0.291896 3.992611 3.186530
v 0.031896 3.984240 3.144446
v 0.291896 3.984240 3.144446
v 0.031896 3.960402 3.108768
v 0.291896 3.960402 3.108768
v 0.031896 3.924724 3.084929
v 0.291896 3.924724 3.084929
v 0.311896 3.840555 3.084929
v 0.311896 3.882640 3.076558
v 0.311896 3.804878 3.108768
v 0.311896 3.781039 3.144446
v 0.311896 3.772668 3.186530
v 0.311896 3.781039 3.228614
v 0.311896 3.804878 3.264292
v 0.311896 3.960402 3.264292
v 0.311896 3.984240 3.228614
v 0.311896 3.992611 3.186530
v 0.311896 3.984240 3.144446
v 0.311896 3.960402 3.108768
v 0.311896 3.924724 3.084929
v 0.400096 3.875051 3.139489
v 0.400055 3.843990 3.158619
v 0.400037 3.835721 3.186530
v 0.400066 3.843996 3.214437
v 0.400072 3.875048 3.233585
v 0.400072 3.910545 3.225171
v 0.400067 3.929104 3.195772
v 0.400081 3.923203 3.161512
v 0.400037 3.900595 3.143182
v 0.011896 3.732644 3.306526
v 0.011896 4.032644 3.306526
v 0.011896 3.732644 3.296530
v 0.011896 4.032644 3.296530
v 0.311896 3.732644 3.306526
v 0.311896 4.032644 3.306526
v 0.311896 3.732644 3.296530
v 0.311896 4.032644 3.296530
v 0.011896 3.979414 3.296530
v 0.311896 3.979414 3.296530
v 0.311896 3.785874 3.296530
v 0.031896 3.979414 3.296530
v 0.031896 3.785874 3.296530
v 0.291896 3.979414 3.296530
v 0.291896 3.785874 3.296530
v 0.256627 3.800252 3.224798
v 0.190395 3.800252 3.148262
v 0.290985 3.852493 3.224798
v 0.503623 4.051799 3.177038
v 0.503615 4.042264 3.180168
v 0.503613 4.040442 3.191047
v 0.503619 4.047601 3.196964
v 0.503626 4.057023 3.194899
v 0.503629 4.059856 3.183591
v 0.162452 4.007220 3.176612
v 0.202875 4.045147 3.177634
v 0.182051 4.033071 3.178938
v 0.171964 4.011981 3.181644
v 0.204482 4.039785 3.185108
v 0.190433 4.033885 3.185103
v 0.181064 4.025531 3.185103
v 0.173284 4.011460 3.188558
v 0.204148 4.040466 3.190868
v 0.184664 4.030977 3.190799
v 0.199269 4.042975 3.195348
v 0.174386 4.017708 3.192384
v 0.181966 4.032474 3.195386
v 0.169587 4.013999 3.195440
v 0.190987 4.047701 3.197152
v 0.157755 3.994849 3.197080
v 0.159091 4.012902 3.196789
v 0.204342 4.056037 3.195167
v 0.185351 4.052706 3.192591
v 0.174584 4.041427 3.195602
v 0.159067 4.025035 3.193104
v 0.204058 4.059824 3.189080
v 0.168498 4.041620 3.189288
v 0.159859 4.029965 3.187088
v 0.152973 4.011704 3.188487
v 0.205997 4.058427 3.181218
v 0.195148 4.054763 3.179250
v 0.183337 4.053028 3.184887
v 0.169310 4.040308 3.181307
v 0.155343 4.017030 3.181706
v 0.153567 3.994889 3.180321
v 0.169959 4.033793 3.177282
v 0.170184 3.977998 3.174684
v 0.176515 3.977998 3.184729
v 0.174133 3.977998 3.195264
v 0.165311 3.977998 3.201496
v 0.154122 3.977998 3.199691
v 0.147487 3.977998 3.190503
v 0.149493 3.977998 3.178800
v 0.159025 3.977998 3.172652
v 0.158987 3.991541 3.172465
v 0.170153 3.994947 3.179899
v 0.169887 3.991838 3.174742
v 0.172212 3.994923 3.189622
v 0.177275 3.991665 3.186877
v 0.166451 3.994930 3.197005
v 0.167252 3.992013 3.201301
v 0.153233 3.991737 3.199084
v 0.151551 3.994911 3.189458
v 0.147287 3.991737 3.189444
v 0.149789 3.991838 3.178740
v 0.161450 3.994929 3.176208
v 0.502526 4.000055 3.022369
v 0.502519 4.007862 3.029165
v 0.502526 4.018869 3.025207
v 0.502541 4.016142 3.009950
v 0.502534 4.002930 3.011822
v 0.068731 3.873471 3.061950
v 0.086473 3.882115 3.036099
v 0.076058 3.881352 3.057189
v 0.105558 3.895307 3.029407
v 0.092361 3.890694 3.035285
v 0.083514 3.887612 3.043639
v 0.075030 3.888315 3.057710
v 0.103689 3.900910 3.028540
v 0.091357 3.898052 3.032701
v 0.081702 3.894689 3.040733
v 0.074812 3.892290 3.051462
v 0.083211 3.899433 3.031236
v 0.069275 3.893598 3.055171
v 0.088960 3.902291 3.021515
v 0.056321 3.890414 3.074270
v 0.104087 3.904297 3.011380
v 0.058919 3.891419 3.056268
v 0.085098 3.896093 3.016464
v 0.073940 3.895395 3.027743
v 0.060109 3.887931 3.044135
v 0.054671 3.879263 3.074311
v 0.105610 3.895133 3.009305
v 0.070271 3.887430 3.027550
v 0.062835 3.882510 3.039205
v 0.055872 3.881566 3.057466
v 0.100449 3.887271 3.013801
v 0.085731 3.888155 3.016143
v 0.073662 3.880160 3.028862
v 0.060341 3.875943 3.052140
v 0.075599 3.876573 3.035377
v 0.075472 3.872345 3.091172
v 0.079341 3.885762 3.091172
v 0.073245 3.895316 3.091172
v 0.062723 3.897756 3.091172
v 0.052853 3.892167 3.091172
v 0.050650 3.877430 3.091172
v 0.061565 3.868721 3.091172
v 0.070141 3.873990 3.074213
v 0.066823 3.868414 3.077629
v 0.076367 3.874151 3.077332
v 0.075115 3.880895 3.074244
v 0.079479 3.884694 3.077433
v 0.073668 3.888968 3.074247
v 0.065799 3.894044 3.074240
v 0.072072 3.896501 3.077351
v 0.055026 3.894841 3.077157
v 0.050015 3.880981 3.077523
v 0.056072 3.871315 3.077332
v 0.061637 3.873032 3.074258
v 0.447720 3.999619 3.017476
v 0.445974 4.001048 3.024537
v 0.417206 3.996452 3.024416
v 0.106763 3.888028 3.024123
v 0.427261 4.004219 3.028462
v 0.428431 4.009528 3.029248
v 0.443988 4.018087 3.024765
v 0.412476 4.012993 3.024480
v 0.104074 3.905886 3.024829
v 0.437155 4.018947 3.016921
v 0.408985 4.013465 3.017751
v 0.429095 4.015352 3.011849
v 0.428404 4.009943 3.009197
v 0.430688 4.002307 3.010955
v 0.420003 3.995845 3.017337
vn 1.0000 -0.0000 -0.0000
vn 0.8968 -0.1728 0.4074
vn -1.0000 -0.0000 -0.0000
vn 0.8968 0.1659 0.4102
vn 0.5152 0.7945 -0.3213
vn 0.8328 0.4777 -0.2798
vn 0.5115 0.6048 -0.6104
vn 0.5108 0.0040 -0.8597
vn 0.8337 -0.1096 -0.5413
vn 0.5162 -0.3344 -0.7885
vn 0.5152 -0.6009 -0.6111
vn 0.8324 -0.4404 -0.3362
vn 0.5115 -0.7954 -0.3251
vn -0.9361 -0.3031 -0.1786
vn -0.0000 0.0001 -1.0000
vn -0.0000 -0.0000 -1.0000
vn -0.0000 -0.0001 -1.0000
vn 0.8965 0.0037 0.4430
vn -0.0511 0.0335 -0.9981
vn -0.8038 0.2537 -0.5381
vn -0.2810 0.2174 -0.9347
vn -0.3900 0.4093 0.8248
vn -0.7379 0.3563 0.5732
vn -0.4298 0.0936 0.8981
vn 0.6091 -0.6016 -0.5168
vn 0.1840 -0.9463 -0.2659
vn 0.0799 -0.3112 -0.9470
vn 0.6058 0.7548 -0.2516
vn -0.1463 0.9757 0.1634
vn 0.6068 0.5528 0.5712
vn -0.8628 0.5021 -0.0586
vn -0.9699 0.1636 0.1801
vn -0.7071 0.6733 0.2161
vn -0.6043 0.5951 -0.5298
vn -0.3797 0.7675 0.5165
vn -0.4727 0.8478 -0.2404
vn -0.0789 0.8228 -0.5628
vn -0.1919 0.6370 -0.7466
vn 0.6152 0.1435 -0.7752
vn 0.6092 -0.6996 0.3736
vn 0.6385 -0.5275 0.5605
vn 0.7626 -0.4570 0.4578
vn 0.1271 -0.5112 0.8500
vn 0.7996 -0.5761 -0.1696
vn 0.9401 -0.2833 0.1895
vn 0.7846 -0.2923 -0.5468
vn -0.6622 0.5394 -0.5202
vn -0.0740 0.6041 0.7935
vn 0.6217 -0.1832 0.7615
vn 0.3628 0.0586 0.9300
vn 0.1495 -0.6362 0.7569
vn 0.8283 0.0067 0.5603
vn 0.6886 0.4565 -0.5635
vn 0.6074 0.7944 0.0038
vn 0.3422 0.7676 -0.5420
vn -0.6943 0.7119 -0.1050
vn 0.0441 0.9087 -0.4151
vn 0.1686 0.9681 0.1853
vn -0.5805 -0.7721 -0.2586
vn -0.7847 -0.2974 -0.5438
vn -0.9730 -0.1397 -0.1839
vn 0.3102 -0.9503 -0.0256
vn 0.0433 -0.9748 -0.2190
vn -0.6397 0.6504 -0.4095
vn -0.8854 0.2986 -0.3563
vn -0.7955 -0.3392 -0.5021
vn -0.7388 -0.0286 -0.6733
vn -0.3928 -0.7004 -0.5960
vn -0.0513 -0.2037 -0.9777
vn 0.0939 -0.7903 -0.6054
vn -0.3615 -0.3908 -0.8465
vn -0.5187 0.3627 -0.7742
vn 0.3860 -0.8621 0.3284
vn 0.0580 0.4050 0.9125
vn -0.2078 0.7793 0.5912
vn 0.1997 0.5898 0.7825
vn 0.8040 0.1244 0.5815
vn 0.8248 0.4925 0.2778
vn 0.9176 -0.2656 0.2956
vn -0.2627 -0.8155 -0.5157
vn -0.0204 0.9376 0.3471
vn 0.1433 -0.9895 -0.0204
vn -0.1643 -0.7493 0.6415
vn -0.5926 -0.8048 -0.0329
vn -0.6237 0.7782 -0.0735
vn -0.6425 0.4323 0.6328
vn -0.1044 0.7708 0.6284
vn 0.6020 0.7984 0.0151
vn 0.4677 0.8823 -0.0531
vn 0.4457 -0.7418 -0.5010
vn 0.0829 -0.6214 -0.7791
vn -0.3629 -0.4859 -0.7951
vn -0.6128 -0.0569 -0.7882
vn -0.6894 0.4894 -0.5340
vn -0.3857 0.4813 -0.7871
vn 0.2971 0.5393 -0.7880
vn 0.7443 0.4946 -0.4488
vn 0.6211 0.0800 -0.7796
vn 0.8460 -0.2156 -0.4876
vn 0.4861 -0.3780 -0.7880
vn 0.0419 -0.9911 -0.1266
vn 0.6115 -0.5201 -0.5963
vn 0.6144 -0.7540 0.2324
vn 0.5928 0.6951 0.4067
vn -0.0446 0.8299 0.5562
vn -0.0488 0.2562 0.9654
vn 0.5875 0.4724 -0.6570
vn -0.0924 0.9815 -0.1675
vn 0.2531 -0.1765 0.9512
vn 0.0664 -0.3610 0.9302
vn -0.0000 -0.3827 -0.9239
vn -0.0000 -0.7071 -0.7071
vn -0.0000 -0.9239 -0.3827
vn -0.0000 -0.9239 0.3827
vn -0.0000 -0.7071 0.7071
vn -0.0000 -0.3827 0.9239
vn -0.0000 -0.0000 1.0000
vn -0.0000 0.3827 0.9239
vn -0.0000 0.7071 0.7071
vn -0.0000 0.9239 0.3827
vn -0.0000 1.0000 -0.0000
vn -0.0000 0.9239 -0.3827
vn -0.0000 0.7071 -0.7071
vn -0.0000 0.3827 -0.9239
vn -0.9383 -0.2978 -0.1756
vn 0.8309 0.3241 0.4524
vn 0.5168 0.7884 0.3337
vn 0.5152 0.6111 0.6009
vn -0.0000 -0.8315 0.5556
vn -0.0000 0.8315 0.5556
vn -0.0000 -1.0000 -0.0000
vn -0.0000 0.9996 0.0281
vn 0.8384 -0.5450 -0.0001
vn 0.8326 -0.4403 0.3361
vn 0.5115 -0.7954 0.3251
vn 0.5159 -0.8567 -0.0000
vn 0.5168 0.8561 -0.0065
vn 0.8323 0.5437 0.1082
vn 0.5152 -0.6009 0.6111
vn 0.5316 0.3370 -0.7771
vn 0.8308 -0.0885 0.5495
vn 0.7071 -0.7071 -0.0000
vn -0.0000 0.8614 -0.5080
vn -0.0000 -0.8615 -0.5078
vn -0.7525 -0.6345 0.1766
vn -0.1502 -0.6383 -0.7550
vn 0.7521 -0.6401 -0.1569
vn 0.4023 0.5179 0.7549
vn 0.4792 -0.1908 0.8567
vn -0.8090 0.5539 0.1967
vn -0.3473 0.5092 0.7874
vn -0.0805 0.1899 0.9785
vn -0.0401 0.5037 -0.8630
vn 0.6121 -0.7409 0.2763
vn 0.8507 0.4459 0.2783
vn 0.3504 -0.4207 -0.8368
vn 0.1558 -0.9192 0.3616
vn 0.4832 -0.8386 -0.2515
vn -0.6479 -0.6280 -0.4312
vn -0.9878 0.0136 0.1549
vn -0.8239 0.0152 -0.5665
vn 0.5724 0.0198 -0.8197
vn 0.4441 -0.6230 -0.6440
vn 0.9986 0.0537 -0.0012
vn -0.5560 0.0205 0.8309
vn -0.1951 -0.0010 -0.9808
vn -0.3957 -0.6283 0.6698
vn -0.1448 0.7670 -0.6251
vn -0.5047 0.7965 -0.3329
vn -0.5951 0.7990 0.0864
vn -0.3702 0.7919 0.4856
vn 0.2286 0.7948 0.5621
vn 0.7715 0.1266 0.6236
vn -0.7266 -0.2852 0.6250
vn -0.2947 0.5960 -0.7470
vn -0.3998 0.8905 -0.2174
vn 0.5105 0.6325 0.5825
vn 0.6067 -0.6772 0.4163
vn 0.6141 -0.1434 0.7761
vn 0.5749 0.6786 0.4572
vn 0.5496 -0.0027 0.8354
vn -0.9948 -0.0920 -0.0429
vn 0.9931 0.1169 0.0028
vn 0.8125 -0.5826 -0.0215
vn 0.5599 -0.5494 0.6202
vn -0.2095 0.7977 0.5655
vn 0.0554 -0.8652 0.4983
vn -0.2841 0.9357 -0.2093
vn -0.1317 0.7232 -0.6780
vn -0.0328 0.1524 -0.9878
vn 0.2559 -0.9572 -0.1355
vn 0.2420 -0.8358 0.4928
vn 0.0933 -0.5296 -0.8431
vn 1.0000 0.0032 -0.0064
vn 0.5159 0.3278 -0.7914
vt 0.419706 0.080294
vt 0.341844 0.028269
vt 0.375000 1.000000
vt 0.437500 1.000000
vt 0.437500 0.500000
vt 0.375000 0.500000
vt 0.500000 1.000000
vt 0.500000 0.500000
vt 0.562500 1.000000
vt 0.158156 0.028269
vt 0.080294 0.080294
vt 0.625000 0.500000
vt 0.562500 0.500000
vt 0.625000 1.000000
vt 0.028269 0.341844
vt 0.049354 0.373400
vt 0.080294 0.419706
vt 0.250000 0.490000
vt 0.287225 0.482596
vt 0.341844 0.471731
vt 0.419706 0.419706
vt 0.440789 0.388152
vt 0.471731 0.341844
vt 0.375000 0.000000
vt 0.625000 0.250000
vt 0.458333 0.250000
vt 0.541667 0.416667
vt 0.541667 0.500000
vt 0.541667 0.250000
vt 0.625000 0.333333
vt 0.541667 0.333333
vt 0.375000 0.250000
vt 0.458333 0.333333
vt 0.375000 0.416667
vt 0.458333 0.416667
vt 0.458333 0.500000
vt 0.458333 0.250000
vt 0.580294 0.080294
vt 0.500000 0.500000
vt 0.250000 0.010000
vt 0.056228 0.535150
vt 0.159185 0.539248
vt 0.071608 0.551431
vt 0.389938 0.556153
vt 0.351035 0.544056
vt 0.422371 0.537759
vt 0.865232 1.000000
vt 0.782500 0.574206
vt 0.926693 0.573209
vt 0.195343 1.000000
vt 0.279667 0.575971
vt 0.383036 1.000000
vt 0.250000 0.546591
vt 0.269463 0.536151
vt 0.281969 0.554224
vt 0.162355 0.554162
vt 0.327475 0.564970
vt 0.218034 0.564126
vt 0.153472 0.576215
vt 0.107337 0.570077
vt 0.000000 0.574257
vt 0.028097 1.000000
vt 0.687500 0.556801
vt 0.602568 0.555727
vt 0.661124 0.543917
vt 0.598615 0.570474
vt 0.782557 0.552152
vt 0.736094 0.539022
vt 0.843941 0.539200
vt 0.139429 0.524752
vt 0.396097 0.575622
vt 0.538091 1.000000
vt 0.557828 0.521752
vt 0.537173 0.500000
vt 0.656250 0.500000
vt 0.856391 0.524752
vt 0.753156 0.521752
vt 0.908602 0.521752
vt 0.422371 0.537759
vt 0.573536 0.524752
vt 0.583226 0.539927
vt 0.159185 0.539248
vt 0.239211 0.524752
vt 0.269463 0.536151
vt 0.056228 0.535150
vt 0.071608 0.551431
vt 0.389938 0.556153
vt 0.351035 0.544055
vt 0.281969 0.554224
vt 0.162355 0.554162
vt 0.219481 0.576043
vt 0.119314 0.571433
vt 0.218034 0.564126
vt 0.327475 0.564970
vt 0.687500 0.573860
vt 0.599747 0.575252
vt 0.661138 0.563718
vt 0.782557 0.552152
vt 0.736094 0.539022
vt 0.843941 0.539200
vt 0.095950 0.524752
vt 0.562500 0.559970
vt 0.031250 0.521752
vt 0.087827 0.500000
vt 0.153897 0.521752
vt 0.442124 0.521752
vt 0.406250 0.500000
vt 0.531250 0.500000
vt 0.650327 0.500000
vt 0.632833 0.521752
vt 0.827811 0.524752
vt 0.279746 0.521752
vt 0.418792 0.524752
vt 0.716564 0.524752
vt 0.787169 0.521752
vt 0.837829 0.524752
vt 0.908603 0.521752
vt 0.968749 0.524752
vt 1.000000 0.521753
vt 0.030450 0.959749
vt 0.127896 1.000000
vt 0.000000 1.000000
vt 0.594896 1.000000
vt 0.592430 0.957339
vt 0.696285 0.939474
vt 0.343658 1.000000
vt 0.462533 0.951657
vt 0.783192 0.574040
vt 0.812500 0.938021
vt 0.937500 0.500000
vt 0.875000 1.000000
vt 0.875000 0.500000
vt 0.812500 0.666667
vt 0.812500 0.500000
vt 0.687500 0.500000
vt 0.312500 1.000000
vt 0.312500 0.500000
vt 0.250000 1.000000
vt 0.250000 0.500000
vt 0.187500 1.000000
vt 0.187500 0.500000
vt 0.125000 1.000000
vt 0.125000 0.500000
vt 0.062500 1.000000
vt 0.062500 0.500000
vt 0.000000 0.500000
vt 0.919706 0.080294
vt 0.510000 0.250000
vt 0.750000 0.490000
vt 0.471731 0.158156
vt 0.490000 0.250000
vt 0.937500 1.000000
vt 0.111850 0.059210
vt 0.028269 0.158156
vt 1.000000 1.000000
vt 1.000000 0.500000
vt 0.750000 0.500000
vt 0.812500 1.000000
vt 0.500000 0.416667
vt 0.687500 1.000000
vt 0.750000 1.000000
vt 0.010000 0.250000
vt 0.158156 0.471731
vt 0.440790 0.111849
vt 0.019134 0.204078
vt 0.287222 0.017404
vt 0.625000 0.750000
vt 0.375000 0.750000
vt 0.208333 0.500000
vt 0.125000 0.750000
vt 0.708333 0.500000
vt 0.875000 0.750000
vt 0.625000 0.416667
vt 0.375000 0.333333
vt 0.500000 0.333333
vt 0.687500 0.666667
vt 0.750000 0.666667
vt 0.520866 0.195374
vt 0.704078 0.480866
vt 0.982597 0.287218
vt 0.573536 0.524752
vt 0.583226 0.539927
vt 0.420733 0.400432
vt 0.035817 0.326242
vt 0.305975 0.021134
vt 0.282968 0.524752
vt 0.437712 0.524752
vt 0.474049 0.566732
vt 0.988323 0.539310
vt 0.434343 0.524752
vt 0.688113 1.000000
vt 0.000000 0.524753
vt 0.716564 0.524752
vt 0.893718 0.555961
vt 0.687500 0.573575
vt 0.782559 0.562053
vt 1.000000 0.556015
vt 0.156250 0.500000
vt 0.275332 0.521752
vt 0.153898 0.521752
vt 0.775327 0.500000
vt 0.906250 0.500000
vt 0.287173 0.500000
vt 0.400332 0.521752
vt 0.031250 0.521752
vt 0.031250 0.500000
vt 0.412173 0.500000
vt 1.000000 0.524753
vt 0.982597 0.287219
vt 0.795922 0.019134
vt 0.522945 0.261541
vt 0.373081 0.068449
vt 0.318815 0.465477
vt 0.086654 0.407327
vt 0.242147 0.500000
vt 0.361958 0.575959
vt 0.988323 0.539310
vt 0.473470 0.566764
vt 0.661131 0.553818
vt 0.893718 0.555961
vt 0.783285 1.000000
vt 0.661124 0.543917
vt 0.782559 0.562053
vt 0.914322 0.573520
vt 0.775327 0.500000
vt 0.929646 0.500000
vt 0.586665 0.925270
vt 0.912684 0.957669
vt 0.950350 1.000000
vt 0.472858 0.922608
vt 0.375000 0.941988
vt 0.295629 0.939282
vt 1.000000 0.928268
vt 0.913466 0.925825
vt 0.029066 0.928802
vt 0.151884 0.941238
vt 1.000000 0.958261
vt 0.625000 0.000000
vt 0.919706 0.419706
vt 0.971731 0.341844
vt 0.990000 0.250000
vt 0.971731 0.158156
vt 0.658156 0.028269
vt 0.528269 0.158156
vt 0.528269 0.341844
vt 0.580294 0.419706
vt 0.658156 0.471731
vt 0.841844 0.471731
vt 0.945718 0.119225
vt 0.804626 0.020866
vt 0.626604 0.049351
vt 0.554282 0.380775
vt 0.880775 0.445718
vt 0.460876 0.163628
vt 0.208711 0.481787
vt 0.097810 0.081109
vt 0.626604 0.450649
vt 0.847553 0.455355
vt 0.940788 0.111847
vt 0.619226 0.054281
vt 0.071009 0.130647
vt 0.480271 0.298913
s 1
f 1952/1831/1540 1953/1832/1541 1996/1831/1540
f 1921/1833/1542 1919/1834/1542 1979/1833/1542
f 1918/1835/1540 1920/1836/1540 1978/1836/1540
f 1919/1834/1542 1917/1837/1542 1977/1837/1542
f 1916/1838/1540 1918/1835/1540 1976/1838/1540
f 1917/1837/1542 1915/1839/1542 1977/1837/1542
f 1955/1840/1543 1956/1841/1540 1997/1841/1540
f 1912/1842/1540 1914/1843/1540 1974/1842/1540
f 1915/1839/1542 1913/1844/1542 1975/1844/1542
f 1914/1843/1540 1916/1838/1540 1976/1838/1540
f 1959/1845/1544 2010/1846/1545 1960/1847/1546
f 1947/1848/1547 2003/1849/1548 1946/1850/1549
f 1948/1851/1550 2004/1852/1551 1949/1853/1552
f 2012/1854/1542 2015/1855/1542 1939/1856/1553
f 2025/1857/1554 2019/1842/1555 2021/1858/1555
f 2020/1859/1555 2015/1860/1555 2023/1861/1554
f 2014/1862/1555 1939/1856/1555 2024/1863/1556
f 2018/1864/1555 2026/1865/1556 2022/1866/1555
f 1939/1867/1553 2020/1859/1542 1940/1868/1542
f 1955/1840/1543 2021/1858/1540 1954/1869/1557
f 2022/1866/1540 1953/1832/1541 1954/1870/1557
f 2036/1871/1558 2065/1872/1559 2067/1873/1560
f 2055/1874/1561 2056/1875/1562 2052/1876/1563
f 2031/1877/1564 2040/1878/1565 2037/1879/1566
f 2035/1880/1567 2057/1881/1568 2034/1882/1569
f 2059/1883/1570 2065/1872/1559 2060/1884/1571
f 2058/1885/1572 2064/1886/1573 2059/1883/1570
f 2056/1875/1562 2059/1883/1570 2060/1884/1571
f 2054/1887/1574 2063/1888/1575 2058/1885/1572
f 2054/1887/1574 2057/1881/1568 2063/1888/1575
f 2035/1880/1567 2061/1889/1576 2057/1881/1568
f 2052/1876/1563 2056/1875/1562 2060/1884/1571
f 2055/1874/1561 2054/1887/1574 2058/1885/1572
f 2062/1890/1577 2037/1891/1566 2067/1873/1560
f 2030/1892/1578 2037/1891/1566 2062/1890/1577
f 2045/1893/1579 2048/1894/1580 2047/1895/1581
f 2045/1893/1579 2046/1896/1582 2048/1894/1580
f 2042/1897/1583 2043/1898/1584 2039/1899/1585
f 2036/1871/1558 2066/1900/1586 2065/1872/1559
f 2053/1901/1587 2033/1902/1588 2034/1882/1569
f 2082/1903/1589 2071/1904/1590 2070/1905/1591
f 2077/1906/1592 2080/1907/1593 2078/1908/1594
f 2109/1909/1595 2136/1910/1596 2105/1911/1597
f 2121/1912/1598 2113/1913/1599 2117/1914/1600
f 2093/1915/1601 2121/1912/1598 2122/1916/1602
f 2111/1917/1603 2112/1918/1604 2109/1909/1595
f 2116/1883/1605 2121/1912/1598 2117/1914/1600
f 2115/1919/1606 2120/1920/1607 2116/1883/1605
f 2114/1921/1608 2118/1922/1609 2119/1923/1610
f 2112/1918/1604 2116/1883/1605 2117/1914/1600
f 2110/1924/1611 2119/1923/1610 2115/1919/1606
f 2109/1909/1595 2112/1918/1604 2117/1914/1600
f 2111/1917/1603 2110/1924/1611 2115/1919/1606
f 2118/1922/1609 2145/1891/1612 2122/1916/1602
f 2100/1925/1613 2150/1926/1614 2101/1927/1615
f 2098/1928/1616 2099/1929/1617 2095/1930/1618
f 2093/1915/1601 2141/1931/1619 2121/1912/1598
f 2104/1932/1620 2109/1909/1595 2105/1911/1597
f 2131/1933/1621 2129/1934/1622 2140/1935/1623
f 2138/1936/1624 2127/1937/1625 2126/1938/1626
f 2125/1939/1627 2137/1940/1628 2126/1938/1626
f 2130/1941/1629 2131/1933/1630 2141/1931/1619
f 2141/1931/1619 2140/1935/1631 2113/1913/1599
f 2113/1913/1599 2139/1942/1632 2107/1943/1633
f 2107/1943/1633 2138/1936/1634 2136/1910/1596
f 2136/1910/1596 2138/1936/1634 2137/1940/1635
f 2135/1944/1636 2137/1940/1635 2134/1945/1637
f 2133/1946/1638 2134/1945/1637 2132/1947/1639
f 2130/1948/1629 2132/1947/1639 2131/1949/1630
f 2142/1950/1640 2092/1951/1641 2088/1952/1642
f 2090/1953/1643 2148/1954/1644 2147/1955/1645
f 2091/1956/1646 2151/1957/1647 2090/1953/1643
f 2096/1958/1648 2146/1959/1649 2147/1955/1645
f 1902/1960/1650 1905/1961/1651 1904/1962/1651
f 1904/1962/1651 1907/1963/1652 1906/1964/1652
f 1910/1965/1653 1913/1844/1654 1912/1842/1654
f 1912/1842/1654 1915/1839/1655 1914/1843/1655
f 1914/1843/1655 1917/1837/1656 1916/1838/1656
f 1916/1838/1656 1919/1834/1657 1918/1835/1657
f 1918/1835/1657 1921/1833/1658 1920/1836/1658
f 1920/1836/1658 1923/1966/1659 1922/1967/1659
f 1922/1967/1659 1925/1968/1660 1924/1969/1660
f 1924/1969/1660 1927/1970/1661 1926/1971/1661
f 1926/1971/1661 1929/1972/1662 1928/1973/1662
f 1980/1967/1540 1924/1969/1540 1982/1969/1540
f 1928/1973/1662 1931/1974/1663 1930/1975/1663
f 1930/1975/1663 1901/1952/1555 1900/1976/1555
f 1938/1977/1664 1942/1978/1542 1932/1979/1542
f 1968/1964/1540 1904/1962/1540 1906/1964/1540
f 1996/1831/1540 1951/1980/1540 1952/1831/1540
f 1923/1966/1542 1979/1833/1542 1981/1966/1542
f 1995/1980/1540 1950/1981/1540 1951/1980/1540
f 1964/1982/1542 1905/1961/1542 1903/1982/1542
f 1920/1836/1540 1980/1967/1540 1978/1836/1540
f 1994/1981/1540 1949/1853/1540 1950/1981/1540
f 1963/1960/1540 1904/1962/1540 1966/1962/1540
f 1993/1853/1540 1948/1851/1540 1949/1853/1540
f 2008/1983/1665 1957/1984/1666 1956/1841/1667
f 1990/1850/1540 1948/1851/1540 1992/1851/1540
f 1991/1848/1540 1946/1850/1540 1990/1850/1540
f 1965/1985/1542 1903/1982/1542 1901/1985/1542
f 1962/1986/1540 1902/1960/1540 1963/1960/1540
f 1966/1962/1651 1935/1964/1652 1934/1962/1651
f 1982/1969/1660 1943/1971/1661 1942/1969/1660
f 1962/1986/1555 1933/1960/1650 1932/1986/1555
f 1972/1965/1653 1938/1842/1668 1937/1965/1653
f 1978/1836/1669 1941/1967/1659 1940/1836/1669
f 1988/1975/1663 1932/1976/1555 1945/1975/1663
f 1968/1964/1652 1936/1987/1670 1935/1964/1652
f 1984/1971/1661 1944/1973/1662 1943/1971/1661
f 1963/1960/1650 1934/1962/1651 1933/1960/1650
f 1980/1967/1659 1942/1969/1660 1941/1967/1659
f 1970/1987/1670 1937/1965/1653 1936/1987/1670
f 1986/1973/1662 1945/1975/1663 1944/1973/1662
f 1989/1974/1663 2001/1972/1662 2002/1974/1663
f 1969/1988/1652 1992/1961/1651 1993/1988/1652
f 2024/1863/1556 1977/1989/1555 2026/1865/1556
f 1964/1982/1650 1991/1985/1555 1990/1982/1650
f 1985/1970/1661 1999/1968/1660 2000/1970/1661
f 1975/1844/1668 1995/1990/1653 1996/1844/1668
f 1981/1966/1659 1997/1833/1671 1998/1966/1659
f 1965/1952/1555 2002/1974/1663 1991/1952/1555
f 1971/1991/1670 1993/1988/1652 1994/1991/1670
f 1987/1972/1662 2000/1970/1661 2001/1972/1662
f 1967/1961/1651 1990/1982/1650 1992/1961/1651
f 1983/1968/1660 1998/1966/1659 1999/1968/1660
f 1973/1990/1653 1994/1991/1670 1995/1990/1653
f 1969/1988/1542 1905/1961/1542 1967/1961/1542
f 1981/1966/1542 1925/1968/1542 1923/1966/1542
f 1970/1987/1540 1906/1964/1540 1908/1987/1540
f 1982/1969/1540 1926/1971/1540 1984/1971/1540
f 1971/1991/1542 1907/1988/1542 1969/1988/1542
f 1956/1841/1540 1998/1984/1540 1997/1841/1540
f 1983/1968/1542 1927/1970/1542 1925/1968/1542
f 1998/1984/1540 1958/1992/1540 1999/1992/1540
f 1972/1965/1540 1908/1987/1540 1910/1965/1540
f 1999/1992/1540 1959/1845/1540 2000/1845/1540
f 1984/1971/1540 1928/1973/1540 1986/1973/1540
f 1973/1990/1542 1909/1991/1542 1971/1991/1542
f 2000/1845/1540 1960/1847/1540 2001/1847/1540
f 1985/1970/1542 1929/1972/1542 1927/1970/1542
f 2001/1847/1540 1961/1993/1540 2002/1993/1540
f 1974/1842/1540 1910/1965/1540 1912/1842/1540
f 2002/1993/1540 1947/1848/1540 1991/1848/1540
f 1986/1973/1540 1930/1975/1540 1988/1975/1540
f 1975/1844/1542 1911/1990/1542 1973/1990/1542
f 1987/1972/1542 1931/1974/1542 1929/1972/1542
f 1988/1975/1540 1900/1976/1540 1962/1976/1540
f 1989/1974/1542 1901/1952/1542 1931/1974/1542
f 2005/1981/1672 1949/1853/1552 2004/1852/1551
f 2010/1846/1545 2006/1994/1673 2004/1852/1551
f 2005/1981/1672 1951/1980/1674 1950/1981/1675
f 1958/1992/1676 1957/1984/1666 2009/1995/1677
f 2010/1846/1545 1958/1992/1676 2009/1995/1677
f 2006/1994/1673 1953/1832/1541 1952/1831/1678
f 1952/1831/1678 1951/1980/1674 2006/1994/1673
f 2011/1993/1679 1960/1847/1546 2010/1846/1545
f 1947/1848/1547 2011/1993/1679 2003/1849/1548
f 1954/1870/1557 1953/1832/1541 2007/1996/1680
f 2007/1996/1680 1955/1840/1543 1954/1870/1557
f 2004/1852/1551 1946/1850/1549 2003/1849/1548
f 1956/1841/1667 1955/1840/1543 2008/1983/1665
f 2021/1858/1540 2017/1997/1540 2018/1836/1681
f 2016/1998/1656 2013/1844/1656 2012/1833/1656
f 2014/1999/1670 2016/1998/1681 2012/2000/1670
f 2019/2001/1660 2013/2002/1660 2017/1997/1660
f 2025/1857/1554 2015/1860/1555 2019/2003/1555
f 2026/1865/1556 2014/2004/1555 2024/1863/1556
f 1976/2005/1555 2025/1857/1554 1977/1989/1555
f 2023/1861/1540 1918/1835/1540 1978/1836/1540
f 2023/1861/1682 1940/1868/1682 2020/1859/1682
f 2024/1863/1540 1914/1843/1540 1976/2005/1540
f 1938/1977/1664 2024/1863/1683 1939/1856/1553
f 1919/1834/1542 2025/1857/1542 1979/1833/1542
f 1955/1840/1543 1997/1841/1540 2021/1858/1540
f 2021/1858/1682 1979/1833/1671 2025/1857/1682
f 1915/1839/1542 2026/1865/1542 1977/1989/1542
f 1975/1844/1683 2022/1866/1683 2026/1865/1683
f 2022/1866/1540 1996/1831/1540 1953/1832/1541
f 1908/1987/1670 1911/2006/1653 1910/1965/1653
f 1906/1964/1652 1909/2007/1670 1908/1987/1670
f 2073/2008/1684 2075/2009/1685 2069/2010/1686
f 2052/1876/1563 2081/2011/1687 2049/2012/1688
f 2031/2013/1564 2035/2014/1567 2033/2015/1588
f 2060/1884/1571 2066/1900/1586 2084/2016/1689
f 2051/2017/1690 2060/1884/1571 2084/2016/1689
f 2064/1886/1573 2062/1890/1577 2067/1873/1560
f 2062/1890/1577 2057/1881/1568 2061/1889/1576
f 2064/1886/1573 2067/1873/1560 2065/1872/1559
f 2063/1888/1575 2062/1890/1577 2064/1886/1573
f 2059/1883/1570 2064/1886/1573 2065/1872/1559
f 2058/1885/1572 2063/1888/1575 2064/1886/1573
f 2030/1892/1578 2061/1889/1576 2035/1880/1567
f 2056/1875/1562 2058/1885/1572 2059/1883/1570
f 2056/1875/1562 2055/1874/1561 2058/1885/1572
f 2054/1887/1574 2053/1901/1587 2057/1881/1568
f 2050/2018/1691 2054/1887/1574 2055/1874/1561
f 2036/2019/1558 2077/1906/1592 2087/2020/1692
f 2046/1896/1582 2032/2021/1693 2033/1902/1588
f 2087/2022/1692 2066/1900/1586 2036/1871/1558
f 2077/1906/1592 2043/1898/1584 2079/2023/1694
f 2036/2019/1558 2038/2024/1695 2039/1899/1585
f 1900/1986/1555 1903/1982/1650 1902/1960/1650
f 2046/1896/1582 2033/1902/1588 2050/2018/1691
f 2043/1898/1584 2047/1895/1581 2049/2012/1688
f 2045/1893/1579 2044/2025/1696 2046/1896/1582
f 2031/1877/1564 2032/2021/1693 2040/1878/1565
f 2047/1895/1581 2042/1897/1583 2045/1893/1579
f 2044/2025/1696 2041/2026/1697 2040/1878/1565
f 2042/1897/1583 2041/2026/1697 2045/1893/1579
f 2081/2011/1687 2043/1898/1584 2049/2012/1688
f 2034/1882/1569 2057/1881/1568 2053/1901/1587
f 2038/2024/1695 2067/2027/1560 2037/1879/1566
f 2030/1985/1578 2031/1877/1564 2037/1879/1566
f 2032/2021/1693 2044/2025/1696 2040/1878/1565
f 2041/2026/1697 2037/1879/1566 2040/1878/1565
f 2038/2024/1695 2042/1897/1583 2039/1899/1585
f 2038/2024/1695 2041/2026/1697 2042/1897/1583
f 2074/2028/1698 2085/2029/1699 2086/2030/1700
f 2032/2021/1693 2046/1896/1582 2044/2025/1696
f 2078/1908/1701 2069/2031/1686 2068/2032/1702
f 2052/1876/1563 2050/2018/1691 2055/1874/1561
f 2050/2018/1691 2053/1901/1587 2054/1887/1574
f 2048/1894/1580 2049/2012/1688 2047/1895/1581
f 2080/1907/1703 2070/1905/1591 2069/2031/1686
f 2036/2019/1558 2067/2027/1560 2038/2024/1695
f 2050/2018/1691 2049/2012/1688 2048/1894/1580
f 2073/2033/1684 2083/2034/1704 2085/2029/1699
f 2074/2028/1698 2076/2035/1705 2075/2036/1685
f 2071/1904/1590 2083/2034/1704 2072/2037/1706
f 2066/1900/1586 2076/2035/1707 2086/2030/1708
f 2080/1907/1703 2082/1903/1589 2070/1905/1591
f 2084/2016/1689 2086/2030/1708 2085/2029/1709
f 2083/2034/1710 2084/2016/1689 2085/2029/1709
f 2082/1903/1711 2051/2017/1690 2083/2034/1710
f 2082/1903/1711 2079/2023/1694 2081/2011/1687
f 2078/1908/1594 2087/2038/1692 2077/1906/1592
f 2077/1906/1592 2079/2023/1694 2080/1907/1593
f 2068/2032/1702 2076/1949/1705 2078/1908/1701
f 2124/2039/1712 2126/2040/1626 2128/2041/1713
f 2090/2042/1643 2088/2043/1642 2092/2044/1641
f 2107/1943/1633 2117/1914/1600 2113/1913/1599
f 2140/1935/1623 2129/1934/1622 2128/2045/1713
f 2120/1920/1607 2118/1922/1609 2122/1916/1602
f 2114/1921/1608 2110/1924/1611 2108/2046/1714
f 2120/1920/1607 2122/1916/1602 2121/1912/1598
f 2119/1923/1610 2118/1922/1609 2120/1920/1607
f 2126/1938/1626 2137/1940/1628 2138/1936/1624
f 2116/1883/1605 2120/1920/1607 2121/1912/1598
f 2115/1919/1606 2119/1923/1610 2120/1920/1607
f 2112/1918/1604 2115/1919/1606 2116/1883/1605
f 2093/2047/1601 2133/1946/1638 2130/1941/1629
f 2121/1912/1598 2141/1931/1619 2113/1913/1599
f 2112/1918/1604 2111/1917/1603 2115/1919/1606
f 2106/2048/1715 2110/1924/1611 2111/1917/1603
f 2150/1926/1614 2104/1932/1620 2101/1927/1615
f 2102/2049/1716 2101/1927/1615 2104/1932/1620
f 2130/2022/1629 2141/1931/1619 2093/1915/1601
f 2133/1946/1638 2099/1929/1617 2135/1944/1636
f 2093/2047/1601 2094/2050/1717 2095/1930/1618
f 2089/2051/1718 2147/1955/1645 2146/1959/1649
f 2099/1929/1617 2103/2052/1719 2105/1911/1597
f 2103/2052/1719 2098/1928/1616 2102/2049/1716
f 2102/2049/1716 2097/2053/1720 2101/1927/1615
f 2101/1927/1615 2096/1958/1648 2100/1925/1613
f 2136/1910/1596 2099/1929/1617 2105/1911/1597
f 2097/2053/1720 2145/2054/1612 2096/1958/1648
f 2094/2050/1717 2098/1928/1616 2095/1930/1618
f 2094/2050/1717 2097/2053/1720 2098/1928/1616
f 2105/1911/1597 2102/2049/1716 2104/1932/1620
f 2139/1942/1721 2140/1935/1623 2128/2045/1713
f 2109/1909/1595 2106/2048/1715 2111/1917/1603
f 2106/2048/1715 2108/2046/1714 2110/1924/1611
f 2134/1945/1722 2125/1939/1627 2124/2055/1712
f 2089/2051/1718 2090/1953/1643 2147/1955/1645
f 2132/1947/1723 2124/2055/1712 2123/2056/1724
f 2127/1937/1625 2139/1942/1721 2128/2045/1713
f 2093/2047/1601 2122/2027/1602 2094/2050/1717
f 2106/2048/1715 2109/1909/1595 2104/1932/1620
f 2100/1925/1613 2149/2057/1725 2150/1926/1614
f 2131/1933/1621 2123/1976/1724 2129/1934/1622
f 2141/1931/1619 2131/1933/1630 2140/1935/1631
f 2113/1913/1599 2140/1935/1631 2139/1942/1632
f 2107/1943/1633 2139/1942/1632 2138/1936/1634
f 2135/1944/1636 2136/1910/1596 2137/1940/1635
f 2133/1946/1638 2135/1944/1636 2134/1945/1637
f 2130/1941/1629 2133/1946/1638 2132/1947/1639
f 2131/1949/1621 2132/1947/1723 2123/2056/1724
f 2089/2051/1718 2143/2058/1726 2088/2059/1642
f 2106/2048/1715 2152/2060/1727 2108/2046/1714
f 2153/2061/1728 2151/1957/1647 2091/1956/1646
f 2154/2062/1729 2108/2046/1714 2153/2061/1728
f 2156/2063/1730 2143/2058/1726 2144/2064/1731
f 2156/2065/1730 2145/1891/1612 2118/1922/1609
f 2146/1959/1649 2144/2064/1731 2143/2058/1726
f 2094/2050/1717 2122/2027/1602 2145/2054/1612
f 2090/1953/1643 2151/1957/1647 2148/1954/1644
f 2155/2066/1732 2118/1922/1609 2114/1921/1608
f 2114/1921/1608 2154/2062/1729 2155/2066/1732
f 2151/1957/1647 2149/2057/1725 2148/1954/1644
f 2142/2067/1640 2088/2059/1642 2143/2058/1726
f 2100/1925/1613 2096/1958/1648 2147/1955/1645
f 2091/1956/1646 2155/2066/1732 2154/2062/1729
f 2106/2048/1715 2150/1926/1614 2149/2057/1725
f 2091/1956/1646 2154/2062/1729 2153/2061/1728
f 2154/2062/1729 2114/1921/1608 2108/2046/1714
f 2142/1950/1640 2156/2065/1730 2155/2066/1732
f 2152/2060/1727 2151/1957/1647 2153/2061/1728
f 2092/1951/1641 2142/1950/1640 2155/2066/1732
f 2144/2064/1731 2096/1958/1648 2145/2054/1612
f 2155/2066/1732 2156/2065/1730 2118/1922/1609
f 2145/2054/1612 2156/2063/1730 2144/2064/1731
f 2152/2060/1727 2153/2061/1728 2108/2046/1714
f 2148/1954/1644 2149/2057/1725 2147/1955/1645
f 1939/1856/1553 2014/1862/1542 2012/1854/1542
f 2012/1854/1542 2013/2068/1542 2015/1855/1542
f 2015/1855/1542 2020/1859/1542 1939/1856/1553
f 2053/1901/1587 2050/2018/1691 2033/1902/1588
f 2109/1909/1595 2107/1943/1633 2136/1910/1596
f 1902/1960/1650 1903/1982/1650 1905/1961/1651
f 1904/1962/1651 1905/1961/1651 1907/1963/1652
f 1910/1965/1653 1911/1990/1653 1913/1844/1654
f 1912/1842/1654 1913/1844/1654 1915/1839/1655
f 1914/1843/1655 1915/1839/1655 1917/1837/1656
f 1916/1838/1656 1917/1837/1656 1919/1834/1657
f 1918/1835/1657 1919/1834/1657 1921/1833/1658
f 1920/1836/1658 1921/1833/1658 1923/1966/1659
f 1922/1967/1659 1923/1966/1659 1925/1968/1660
f 1924/1969/1660 1925/1968/1660 1927/1970/1661
f 1926/1971/1661 1927/1970/1661 1929/1972/1662
f 1980/1967/1540 1922/1967/1540 1924/1969/1540
f 1928/1973/1662 1929/1972/1662 1931/1974/1663
f 1930/1975/1663 1931/1974/1663 1901/1952/1555
f 1934/2069/1542 1935/2070/1542 1936/2071/1542
f 1936/2071/1542 1937/2072/1542 1938/1977/1664
f 1938/1977/1664 1939/2073/1553 1940/1868/1542
f 1940/1868/1542 1941/2074/1542 1942/1978/1542
f 1942/1978/1542 1943/2075/1542 1944/2076/1542
f 1944/2076/1542 1945/2077/1542 1932/1979/1542
f 1932/1979/1542 1933/2078/1542 1934/2069/1542
f 1934/2069/1542 1936/2071/1542 1938/1977/1664
f 1938/1977/1664 1940/1868/1542 1942/1978/1542
f 1942/1978/1542 1944/2076/1542 1932/1979/1542
f 1932/1979/1542 1934/2069/1542 1938/1977/1664
f 1968/1964/1540 1966/1962/1540 1904/1962/1540
f 1996/1831/1540 1995/1980/1540 1951/1980/1540
f 1923/1966/1542 1921/1833/1542 1979/1833/1542
f 1995/1980/1540 1994/1981/1540 1950/1981/1540
f 1964/1982/1542 1967/1961/1542 1905/1961/1542
f 1920/1836/1540 1922/1967/1540 1980/1967/1540
f 1994/1981/1540 1993/1853/1540 1949/1853/1540
f 1963/1960/1540 1902/1960/1540 1904/1962/1540
f 1993/1853/1540 1992/1851/1540 1948/1851/1540
f 2008/1983/1665 2009/1995/1677 1957/1984/1666
f 1990/1850/1540 1946/1850/1540 1948/1851/1540
f 1991/1848/1540 1947/1848/1540 1946/1850/1540
f 1965/1985/1542 1964/1982/1542 1903/1982/1542
f 1962/1986/1540 1900/1986/1540 1902/1960/1540
f 1966/1962/1651 1968/1964/1652 1935/1964/1652
f 1982/1969/1660 1984/1971/1661 1943/1971/1661
f 1962/1986/1555 1963/1960/1650 1933/1960/1650
f 1972/1965/1653 1974/1842/1668 1938/1842/1668
f 1978/1836/1669 1980/1967/1659 1941/1967/1659
f 1988/1975/1663 1962/1976/1555 1932/1976/1555
f 1968/1964/1652 1970/1987/1670 1936/1987/1670
f 1984/1971/1661 1986/1973/1662 1944/1973/1662
f 1963/1960/1650 1966/1962/1651 1934/1962/1651
f 1980/1967/1659 1982/1969/1660 1942/1969/1660
f 1970/1987/1670 1972/1965/1653 1937/1965/1653
f 1986/1973/1662 1988/1975/1663 1945/1975/1663
f 1989/1974/1663 1987/1972/1662 2001/1972/1662
f 1969/1988/1652 1967/1961/1651 1992/1961/1651
f 2024/1863/1556 1976/2005/1555 1977/1989/1555
f 1964/1982/1650 1965/1985/1555 1991/1985/1555
f 1985/1970/1661 1983/1968/1660 1999/1968/1660
f 1975/1844/1668 1973/1990/1653 1995/1990/1653
f 1981/1966/1659 1979/1833/1671 1997/1833/1671
f 1965/1952/1555 1989/1974/1663 2002/1974/1663
f 1971/1991/1670 1969/1988/1652 1993/1988/1652
f 1987/1972/1662 1985/1970/1661 2000/1970/1661
f 1967/1961/1651 1964/1982/1650 1990/1982/1650
f 1983/1968/1660 1981/1966/1659 1998/1966/1659
f 1973/1990/1653 1971/1991/1670 1994/1991/1670
f 1969/1988/1542 1907/1988/1542 1905/1961/1542
f 1981/1966/1542 1983/1968/1542 1925/1968/1542
f 1970/1987/1540 1968/1964/1540 1906/1964/1540
f 1982/1969/1540 1924/1969/1540 1926/1971/1540
f 1971/1991/1542 1909/1991/1542 1907/1988/1542
f 1956/1841/1540 1957/1984/1540 1998/1984/1540
f 1983/1968/1542 1985/1970/1542 1927/1970/1542
f 1998/1984/1540 1957/1984/1540 1958/1992/1540
f 1972/1965/1540 1970/1987/1540 1908/1987/1540
f 1999/1992/1540 1958/1992/1540 1959/1845/1540
f 1984/1971/1540 1926/1971/1540 1928/1973/1540
f 1973/1990/1542 1911/1990/1542 1909/1991/1542
f 2000/1845/1540 1959/1845/1540 1960/1847/1540
f 1985/1970/1542 1987/1972/1542 1929/1972/1542
f 2001/1847/1540 1960/1847/1540 1961/1993/1540
f 1974/1842/1540 1972/1965/1540 1910/1965/1540
f 2002/1993/1540 1961/1993/1540 1947/1848/1540
f 1986/1973/1540 1928/1973/1540 1930/1975/1540
f 1975/1844/1542 1913/1844/1542 1911/1990/1542
f 1987/1972/1542 1989/1974/1542 1931/1974/1542
f 1988/1975/1540 1930/1975/1540 1900/1976/1540
f 1989/1974/1542 1965/1952/1542 1901/1952/1542
f 2005/1981/1672 1950/1981/1675 1949/1853/1552
f 2003/1849/1548 2011/1993/1733 2010/1846/1545
f 2010/1846/1545 2009/1995/1677 2008/1983/1665
f 2008/1983/1665 2007/1996/1680 2006/1994/1673
f 2006/1994/1673 2005/1981/1672 2004/1852/1551
f 2004/1852/1551 2003/1849/1548 2010/1846/1545
f 2010/1846/1545 2008/1983/1665 2006/1994/1673
f 2005/1981/1672 2006/1994/1673 1951/1980/1674
f 2010/1846/1545 1959/1845/1544 1958/1992/1676
f 2006/1994/1673 2007/1996/1680 1953/1832/1541
f 2011/1993/1679 1961/1993/1734 1960/1847/1546
f 1947/1848/1547 1961/1993/1734 2011/1993/1679
f 2007/1996/1680 2008/1983/1665 1955/1840/1543
f 2004/1852/1551 1948/1851/1550 1946/1850/1549
f 2022/1866/1540 1954/1869/1557 2021/1858/1540
f 2021/1858/1540 2019/1842/1540 2017/1997/1540
f 2017/1997/1540 2016/1998/1681 2018/1836/1681
f 2018/1836/1681 2022/1866/1540 2021/1858/1540
f 2016/1998/1656 2017/1997/1656 2013/1844/1656
f 2014/1999/1670 2018/1836/1681 2016/1998/1681
f 2019/2001/1660 2015/1962/1660 2013/2002/1660
f 2025/1857/1554 2023/1861/1554 2015/1860/1555
f 2026/1865/1556 2018/1864/1555 2014/2004/1555
f 1976/2005/1555 2023/1861/1554 2025/1857/1554
f 2023/1861/1540 1976/2005/1540 1918/1835/1540
f 2023/1861/1682 1978/1836/1682 1940/1868/1682
f 2024/1863/1540 1974/1842/1540 1914/1843/1540
f 1938/1977/1664 1974/1842/1683 2024/1863/1683
f 1919/1834/1542 1977/1989/1542 2025/1857/1542
f 2021/1858/1682 1997/1841/1671 1979/1833/1671
f 1915/1839/1542 1975/1844/1542 2026/1865/1542
f 1975/1844/1683 1996/1831/1683 2022/1866/1683
f 1908/1987/1670 1909/2007/1670 1911/2006/1653
f 1906/1964/1652 1907/1963/1652 1909/2007/1670
f 2069/2010/1686 2070/2079/1670 2071/2080/1590
f 2071/2080/1590 2072/2081/1706 2073/2008/1684
f 2073/2008/1684 2074/2082/1698 2075/2009/1685
f 2075/2009/1685 2068/2083/1702 2069/2010/1686
f 2069/2010/1686 2071/2080/1590 2073/2008/1684
f 2052/1876/1563 2051/2017/1690 2081/2011/1687
f 2033/2015/1588 2032/2084/1693 2031/2013/1564
f 2031/2013/1564 2030/2085/1578 2035/2014/1567
f 2035/2014/1567 2034/2086/1569 2033/2015/1588
f 2060/1884/1571 2065/1872/1559 2066/1900/1586
f 2051/2017/1690 2052/1876/1563 2060/1884/1571
f 2062/1890/1577 2063/1888/1575 2057/1881/1568
f 2030/1892/1578 2062/1890/1577 2061/1889/1576
f 2036/2019/1558 2039/1899/1585 2077/1906/1592
f 2077/1906/1592 2039/1899/1585 2043/1898/1584
f 1900/1986/1555 1901/1985/1555 1903/1982/1650
f 2047/1895/1581 2043/1898/1584 2042/1897/1583
f 2044/2025/1696 2045/1893/1579 2041/2026/1697
f 2081/2011/1687 2079/2023/1694 2043/1898/1584
f 2041/2026/1697 2038/2024/1695 2037/1879/1566
f 2074/2028/1698 2073/2033/1684 2085/2029/1699
f 2078/1908/1701 2080/1907/1703 2069/2031/1686
f 2050/2018/1691 2052/1876/1563 2049/2012/1688
f 2048/1894/1580 2046/1896/1582 2050/2018/1691
f 2073/2033/1684 2072/2037/1706 2083/2034/1704
f 2074/2028/1698 2086/2030/1700 2076/2035/1705
f 2071/1904/1590 2082/1903/1589 2083/2034/1704
f 2066/1900/1586 2087/2020/1692 2076/2035/1707
f 2084/2016/1689 2066/1900/1586 2086/2030/1708
f 2083/2034/1710 2051/2017/1690 2084/2016/1689
f 2082/1903/1711 2081/2011/1687 2051/2017/1690
f 2082/1903/1711 2080/1907/1593 2079/2023/1694
f 2078/1908/1594 2076/1949/1707 2087/2038/1692
f 2068/2032/1702 2075/1986/1685 2076/1949/1705
f 2129/2087/1622 2123/2088/1724 2124/2039/1712
f 2124/2039/1712 2125/2089/1656 2126/2040/1626
f 2126/2040/1626 2127/2090/1625 2128/2041/1713
f 2128/2041/1713 2129/2087/1622 2124/2039/1712
f 2092/2044/1641 2091/2091/1646 2090/2042/1643
f 2090/2042/1643 2089/2092/1718 2088/2043/1642
f 2107/1943/1633 2109/1909/1595 2117/1914/1600
f 2114/1921/1608 2119/1923/1610 2110/1924/1611
f 2093/2047/1601 2095/1930/1618 2133/1946/1638
f 2133/1946/1638 2095/1930/1618 2099/1929/1617
f 2103/2052/1719 2099/1929/1617 2098/1928/1616
f 2102/2049/1716 2098/1928/1616 2097/2053/1720
f 2101/1927/1615 2097/2053/1720 2096/1958/1648
f 2136/1910/1596 2135/1944/1636 2099/1929/1617
f 2097/2053/1720 2094/2050/1717 2145/2054/1612
f 2105/1911/1597 2103/2052/1719 2102/2049/1716
f 2134/1945/1722 2137/1940/1628 2125/1939/1627
f 2132/1947/1723 2134/1945/1722 2124/2055/1712
f 2127/1937/1625 2138/1936/1624 2139/1942/1721
f 2100/1925/1613 2147/1955/1645 2149/2057/1725
f 2089/2051/1718 2146/1959/1649 2143/2058/1726
f 2156/2063/1730 2142/2067/1640 2143/2058/1726
f 2151/1957/1647 2152/2060/1727 2149/2057/1725
f 2091/1956/1646 2092/1951/1641 2155/2066/1732
f 2149/2057/1725 2152/2060/1727 2106/2048/1715
f 2106/2048/1715 2104/1932/1620 2150/1926/1614
f 2144/2064/1731 2146/1959/1649 2096/1958/1648
l 1911 2027
o FieldHandlePivot.002
v -0.036676 3.146738 6.352999
v -0.038294 3.197036 6.352999
v -0.032072 3.146738 6.354457
v -0.033380 3.197036 6.353758
v -0.028233 3.146738 6.358905
v -0.028932 3.197036 6.357598
v -0.027474 3.146738 6.363819
v -0.027474 3.197036 6.362201
v -0.028932 3.146738 6.368422
v -0.028233 3.197036 6.367115
v -0.033380 3.146738 6.372262
v -0.032072 3.197036 6.371563
v -0.038294 3.146738 6.373021
v -0.036676 3.197036 6.373021
v -0.042897 3.146738 6.371563
v -0.040568 3.197036 6.372568
v -0.043040 3.197036 6.371325
v -0.046736 3.146738 6.367115
v -0.046037 3.197036 6.368422
v -0.047495 3.146738 6.362201
v -0.047495 3.197036 6.363819
v -0.046037 3.146738 6.357598
v -0.046736 3.197036 6.358905
v -0.041589 3.146738 6.353758
v -0.042897 3.197036 6.354457
vn 0.3176 0.6520 -0.6885
vn 0.5500 -0.0057 -0.8352
vn 0.0765 -0.0050 -0.9971
vn 0.6328 0.6527 -0.4167
vn 0.9080 -0.0056 -0.4188
vn 0.7481 0.6610 -0.0574
vn 0.9971 -0.0050 0.0765
vn 0.6885 0.6520 0.3176
vn 0.8352 -0.0057 0.5500
vn 0.4167 0.6527 0.6328
vn 0.4188 -0.0056 0.9080
vn 0.0709 0.6644 0.7440
vn -0.0766 -0.0049 0.9970
vn -0.2870 0.0031 0.9579
vn -0.5499 -0.0056 0.8352
vn -0.8497 0.0032 0.5272
vn -0.9080 -0.0056 0.4188
vn -0.7481 0.6610 0.0574
vn -0.9971 -0.0050 -0.0765
vn -0.6885 0.6520 -0.3176
vn -0.8352 -0.0057 -0.5500
vn -0.4167 0.6527 -0.6328
vn -0.4188 -0.0056 -0.9080
vn -0.0574 0.6610 -0.7482
vn -0.5796 0.0022 0.8149
vn -0.0000 1.0000 -0.0000
vt 0.933597 1.000000
vt 0.910153 0.500000
vt 0.987183 0.500000
vt 0.839847 1.000000
vt 0.816403 0.500000
vt 0.762817 1.000000
vt 0.737183 0.500000
vt 0.683597 1.000000
vt 0.660153 0.500000
vt 0.589847 1.000000
vt 0.566403 0.500000
vt 0.512817 1.000000
vt 0.487183 0.500000
vt 0.450317 1.000000
vt 0.410153 0.500000
vt 0.339847 1.000000
vt 0.316403 0.500000
vt 0.262817 1.000000
vt 0.237183 0.500000
vt 0.183597 1.000000
vt 0.160153 0.500000
vt 0.089847 1.000000
vt 0.066403 0.500000
vt 0.012817 1.000000
vt 0.000000 0.500000
vt 1.000000 1.000000
vt 0.406250 1.000000
vt 0.269204 0.011891
vt 0.450371 0.376850
vt 0.033208 0.346128
vt 0.116663 0.050447
vt 0.176622 0.022667
vt 0.376850 0.049629
vt 0.466792 0.153872
vt 0.488109 0.269204
vt 0.346128 0.466792
vt 0.230796 0.488109
vt 0.123150 0.450371
vt 0.011891 0.230796
vt 0.049629 0.123150
s 1
f 2160/2093/1735 2159/2094/1736 2157/2095/1737
f 2162/2096/1738 2161/2097/1739 2159/2094/1736
f 2164/2098/1740 2163/2099/1741 2161/2097/1739
f 2166/2100/1742 2165/2101/1743 2163/2099/1741
f 2168/2102/1744 2167/2103/1745 2165/2101/1743
f 2170/2104/1746 2169/2105/1747 2167/2103/1745
f 2172/2106/1748 2171/2107/1749 2169/2105/1747
f 2175/2108/1750 2174/2109/1751 2171/2107/1749
f 2177/2110/1752 2176/2111/1753 2174/2109/1751
f 2179/2112/1754 2178/2113/1755 2176/2111/1753
f 2181/2114/1756 2180/2115/1757 2178/2113/1755
f 2158/2116/1758 2157/2117/1737 2180/2115/1757
f 2158/2118/1758 2160/2093/1735 2157/2095/1737
f 2160/2093/1735 2162/2096/1738 2159/2094/1736
f 2162/2096/1738 2164/2098/1740 2161/2097/1739
f 2164/2098/1740 2166/2100/1742 2163/2099/1741
f 2166/2100/1742 2168/2102/1744 2165/2101/1743
f 2168/2102/1744 2170/2104/1746 2167/2103/1745
f 2170/2104/1746 2172/2106/1748 2169/2105/1747
f 2172/2106/1748 2173/2119/1759 2171/2107/1749
f 2173/2119/1759 2175/2108/1750 2171/2107/1749
f 2175/2108/1750 2177/2110/1752 2174/2109/1751
f 2177/2110/1752 2179/2112/1754 2176/2111/1753
f 2179/2112/1754 2181/2114/1756 2178/2113/1755
f 2170/2120/1746 2162/2121/1738 2179/2122/1754
f 2181/2114/1756 2158/2116/1758 2180/2115/1757
f 2173/2123/1760 2172/2124/1760 2170/2120/1746
f 2170/2120/1746 2168/2125/1744 2166/2126/1742
f 2166/2126/1742 2164/2127/1740 2162/2121/1738
f 2162/2121/1738 2160/2128/1735 2158/2129/1758
f 2158/2129/1758 2181/2130/1756 2179/2122/1754
f 2179/2122/1754 2177/2131/1752 2175/2132/1760
f 2175/2132/1760 2173/2123/1760 2170/2120/1746
f 2170/2120/1746 2166/2126/1742 2162/2121/1738
f 2162/2121/1738 2158/2129/1758 2179/2122/1754
f 2179/2122/1754 2175/2132/1760 2170/2120/1746
o FieldHandleSector.002
v -0.084244 3.186915 6.475897
v -0.084244 3.201915 6.475897
v -0.105368 3.186915 6.464605
v -0.105368 3.201915 6.464605
v -0.123884 3.186915 6.449409
v -0.123884 3.201915 6.449409
v -0.139080 3.186915 6.430894
v -0.139080 3.201915 6.430894
v -0.150371 3.186915 6.409769
v -0.150371 3.201915 6.409769
v -0.157324 3.186915 6.386847
v -0.157324 3.201915 6.386847
v -0.159672 3.186915 6.363010
v -0.159672 3.201915 6.363010
v -0.157324 3.186915 6.339172
v -0.157324 3.201915 6.339172
v -0.150371 3.186915 6.316251
v -0.150371 3.201915 6.316251
v -0.139080 3.186915 6.295126
v -0.139080 3.201915 6.295126
v -0.123884 3.186915 6.276610
v -0.123884 3.201915 6.276610
v -0.105368 3.186915 6.261415
v -0.105368 3.201915 6.261415
v -0.084244 3.186915 6.250123
v -0.084244 3.201915 6.250123
v -0.081485 3.201915 6.284053
v -0.123508 3.201915 6.390761
v -0.112317 3.201915 6.413011
v -0.127485 3.201915 6.363010
v -0.124429 3.201915 6.338292
v -0.108351 3.201915 6.306902
v -0.094740 3.201915 6.432776
v -0.071926 3.201915 6.446159
v -0.107483 3.186915 6.420456
v -0.078689 3.186915 6.443461
v -0.123508 3.186915 6.335258
v -0.093593 3.186915 6.292143
v -0.112317 3.186915 6.313009
v -0.127485 3.186915 6.363010
v -0.124429 3.186915 6.387728
v -0.062350 3.186915 6.481135
v -0.060646 3.201915 6.478533
v -0.064547 3.201915 6.481475
v -0.061296 3.186915 6.246284
v -0.065592 3.186915 6.244637
v -0.064082 3.201915 6.244615
v -0.060603 3.201915 6.247627
v -0.056104 3.201915 6.270673
v -0.058451 3.201915 6.275403
v -0.059270 3.201915 6.450175
v -0.056151 3.201915 6.454386
v -0.059426 3.186915 6.275632
v -0.056064 3.186915 6.271421
v -0.056060 3.186915 6.455531
v -0.058303 3.186915 6.450794
vn 0.5046 -0.0728 -0.8603
vn 0.7422 0.0749 0.6660
vn 0.4312 0.1332 0.8924
vn -0.4714 -0.0000 0.8819
vn 0.3579 -0.0374 -0.9330
vn 0.8032 0.0272 -0.5950
vn 0.8955 0.0245 0.4443
vn -0.6344 -0.0000 0.7730
vn -0.7730 -0.0000 0.6344
vn -0.8819 -0.0000 0.4714
vn -0.9569 -0.0000 0.2903
vn -0.9952 -0.0000 0.0980
vn -0.9952 -0.0000 -0.0980
vn -0.9569 -0.0000 -0.2903
vn -0.8819 -0.0000 -0.4714
vn -0.7730 -0.0000 -0.6344
vn -0.6344 -0.0000 -0.7730
vn -0.4714 -0.0000 -0.8819
vn 0.8865 0.0579 -0.4590
vn 0.6204 0.1107 -0.7765
vn 0.7443 -0.0886 -0.6619
vn 0.9894 -0.0320 -0.1418
vn 0.9924 -0.0000 0.1227
vn 0.8928 -0.0360 0.4491
vn 0.9829 0.0199 0.1830
vn 0.6438 -0.1114 0.7570
vn 0.6007 0.0699 0.7964
vn 0.6541 0.0374 -0.7555
vn 0.9034 -0.0272 -0.4279
vn 0.7808 -0.0412 0.6234
vn -0.2725 -0.0000 0.9622
vn -0.0000 -1.0000 -0.0000
vn -0.0000 1.0000 -0.0000
vn -0.2635 0.0251 -0.9643
vn 0.9814 -0.0070 -0.1916
vn 0.3384 0.0166 -0.9408
vn 0.3516 -0.0085 0.9361
vn 0.8928 0.0360 -0.4491
vn 0.9924 -0.0000 -0.1227
vn 0.9894 0.0320 0.1418
vn 0.8890 -0.0496 0.4553
vn 0.9688 -0.0688 0.2380
vn -0.2323 -0.0560 0.9710
vn -0.2822 -0.0000 -0.9594
vn 0.9787 -0.0270 -0.2037
vn 0.3024 -0.0199 -0.9530
vt 0.437500 0.730922
vt 0.424683 0.655922
vt 0.390625 0.730922
vt 0.143433 0.730922
vt 0.156250 0.655922
vt 0.106567 0.655922
vt 0.080933 0.730922
vt 0.039174 0.655922
vt 0.437500 0.500000
vt 0.406250 1.000000
vt 0.406250 0.500000
vt 0.034465 1.000000
vt 0.031250 0.500000
vt 0.037177 0.500000
vt 0.463636 0.655922
vt 0.460959 0.730922
vt 0.444928 0.666670
vt 0.713546 0.429784
vt 0.053783 0.698742
vt 0.036815 0.730922
vt 0.375000 1.000000
vt 0.375000 0.500000
vt 0.343750 1.000000
vt 0.343750 0.500000
vt 0.312500 1.000000
vt 0.312500 0.500000
vt 0.281250 1.000000
vt 0.281250 0.500000
vt 0.250000 1.000000
vt 0.250000 0.500000
vt 0.218750 1.000000
vt 0.218750 0.500000
vt 0.187500 1.000000
vt 0.187500 0.500000
vt 0.156250 1.000000
vt 0.156250 0.500000
vt 0.125000 1.000000
vt 0.125000 0.500000
vt 0.093750 1.000000
vt 0.093750 0.500000
vt 0.062500 1.000000
vt 0.062500 0.500000
vt 0.294067 0.655922
vt 0.343750 0.730922
vt 0.359375 0.655922
vt 0.250000 0.730922
vt 0.299683 0.730922
vt 0.250000 0.655922
vt 0.205933 0.730922
vt 0.200317 0.655922
vt 0.227719 0.082756
vt 0.713614 0.068189
vt 0.197107 0.017486
vt 0.700453 0.019651
vt 0.198112 0.482636
vt 0.187379 0.505533
vt 0.703421 0.479679
vt 0.709275 0.077432
vt 0.031250 0.655922
vt 0.464754 1.000000
vt 0.437500 1.000000
vt 0.669815 0.093379
vt 0.658156 0.028269
vt 0.528269 0.158156
vt 0.073223 0.250000
vt 0.014612 0.296822
vt 0.050447 0.116663
vt 0.603015 0.348212
vt 0.514612 0.203178
vt 0.550447 0.383337
vt 0.466603 0.500000
vt 0.616663 0.050447
vt 0.580294 0.080294
vt 0.550447 0.116663
vt 0.580746 0.201911
vt 0.614007 0.138394
vt 0.164323 0.403685
vt 0.208230 0.422733
vt 0.213189 0.431367
vt 0.158156 0.471731
vt 0.116663 0.449553
vt 0.080294 0.419706
vt 0.050447 0.383337
vt 0.028269 0.341844
vt 0.010000 0.250000
vt 0.014612 0.203178
vt 0.028269 0.158156
vt 0.080294 0.080294
vt 0.116663 0.050447
vt 0.158156 0.028269
vt 0.212607 0.070327
vt 0.207056 0.078503
vt 0.182350 0.086679
vt 0.138394 0.114007
vt 0.112032 0.359199
vt 0.103015 0.151788
vt 0.082553 0.195952
vt 0.080746 0.298089
vt 0.694820 0.482204
vt 0.706898 0.421507
vt 0.640801 0.387968
vt 0.616663 0.449553
vt 0.658156 0.471731
vt 0.580294 0.419706
vt 0.514612 0.296822
vt 0.528269 0.341844
vt 0.510000 0.250000
vt 0.573223 0.250000
vt 0.582553 0.304048
s 0
f 2215/2133/1761 2217/2134/1761 2214/2135/1761
f 2213/2136/1762 2220/2137/1762 2219/2138/1762
f 2208/2139/1763 2219/2138/1763 2234/2140/1763
f 2182/2141/1764 2185/2142/1764 2184/2143/1764
f 2228/2144/1765 2226/2145/1765 2227/2146/1765
f 2237/2147/1766 2232/2148/1766 2233/2149/1766
f 2235/2150/1767 2230/2151/1767 2231/2152/1767
f 2184/2143/1768 2187/2153/1768 2186/2154/1768
f 2186/2154/1769 2189/2155/1769 2188/2156/1769
f 2188/2156/1770 2191/2157/1770 2190/2158/1770
f 2190/2158/1771 2193/2159/1771 2192/2160/1771
f 2192/2160/1772 2195/2161/1772 2194/2162/1772
f 2194/2162/1773 2197/2163/1773 2196/2164/1773
f 2196/2164/1774 2199/2165/1774 2198/2166/1774
f 2198/2166/1775 2201/2167/1775 2200/2168/1775
f 2200/2168/1776 2203/2169/1776 2202/2170/1776
f 2202/2170/1777 2205/2171/1777 2204/2172/1777
f 2204/2172/1778 2207/2173/1778 2206/2174/1778
f 2222/2175/1779 2210/2176/1779 2216/2177/1779
f 2214/2135/1780 2217/2134/1780 2216/2177/1780
f 2210/2176/1781 2214/2135/1781 2216/2177/1781
f 2222/2175/1782 2211/2178/1782 2209/2179/1782
f 2221/2180/1783 2212/2181/1783 2211/2178/1783
f 2220/2137/1784 2212/2181/1784 2218/2182/1784
f 2224/2183/1785 2236/2184/1785 2233/2149/1785
f 2208/2139/1786 2213/2136/1786 2219/2138/1786
f 2224/2183/1787 2225/2185/1787 2223/2186/1787
f 2228/2187/1788 2229/2188/1788 2226/2189/1788
f 2236/2184/1789 2237/2190/1789 2233/2149/1789
f 2234/2140/1790 2235/2191/1790 2231/2152/1790
f 2182/2141/1791 2225/2192/1791 2183/2193/1791
f 2217/2194/1792 2182/2195/1792 2190/2196/1792
f 2211/2197/1793 2197/2198/1793 2189/2199/1793
f 2227/2146/1794 2207/2173/1794 2228/2144/1794
f 2220/2200/1792 2192/2201/1792 2200/2202/1792
f 2235/2150/1795 2229/2188/1795 2230/2151/1795
f 2215/2133/1796 2237/2147/1796 2217/2134/1796
f 2231/2152/1797 2208/2139/1797 2234/2140/1797
f 2182/2141/1764 2183/2193/1764 2185/2142/1764
f 2184/2143/1768 2185/2142/1768 2187/2153/1768
f 2186/2154/1769 2187/2153/1769 2189/2155/1769
f 2188/2156/1770 2189/2155/1770 2191/2157/1770
f 2190/2158/1771 2191/2157/1771 2193/2159/1771
f 2192/2160/1772 2193/2159/1772 2195/2161/1772
f 2194/2162/1773 2195/2161/1773 2197/2163/1773
f 2196/2164/1774 2197/2163/1774 2199/2165/1774
f 2198/2166/1775 2199/2165/1775 2201/2167/1775
f 2200/2168/1776 2201/2167/1776 2203/2169/1776
f 2202/2170/1777 2203/2169/1777 2205/2171/1777
f 2204/2172/1778 2205/2171/1778 2207/2173/1778
f 2222/2175/1798 2209/2179/1798 2210/2176/1798
f 2222/2175/1799 2221/2180/1799 2211/2178/1799
f 2221/2180/1800 2218/2182/1800 2212/2181/1800
f 2220/2137/1801 2213/2136/1801 2212/2181/1801
f 2224/2183/1802 2223/2186/1802 2236/2184/1802
f 2182/2141/1803 2223/2203/1803 2225/2192/1803
f 2217/2194/1792 2237/2190/1792 2236/2184/1792
f 2236/2184/1792 2223/2186/1792 2182/2195/1792
f 2182/2195/1792 2184/2204/1792 2186/2205/1792
f 2186/2205/1792 2188/2206/1792 2190/2196/1792
f 2190/2196/1792 2192/2201/1792 2222/2207/1792
f 2190/2196/1792 2222/2207/1792 2216/2208/1792
f 2182/2195/1792 2186/2205/1792 2190/2196/1792
f 2217/2194/1792 2236/2184/1792 2182/2195/1792
f 2190/2196/1792 2216/2208/1792 2217/2194/1792
f 2208/2209/1793 2231/2210/1793 2230/2211/1793
f 2230/2211/1793 2229/2188/1793 2228/2187/1793
f 2228/2187/1793 2207/2212/1793 2205/2213/1793
f 2205/2213/1793 2203/2214/1793 2201/2215/1793
f 2201/2215/1793 2199/2216/1793 2197/2198/1793
f 2197/2198/1793 2195/2217/1793 2193/2218/1793
f 2193/2218/1793 2191/2219/1793 2189/2199/1793
f 2189/2199/1793 2187/2220/1793 2185/2221/1793
f 2185/2221/1793 2183/2222/1793 2225/2185/1793
f 2225/2185/1793 2224/2183/1793 2233/2223/1793
f 2233/2223/1793 2232/2224/1793 2215/2225/1793
f 2225/2185/1793 2233/2223/1793 2215/2225/1793
f 2189/2199/1793 2185/2221/1793 2225/2185/1793
f 2197/2198/1793 2193/2218/1793 2189/2199/1793
f 2205/2213/1793 2201/2215/1793 2197/2198/1793
f 2230/2211/1793 2228/2187/1793 2205/2213/1793
f 2208/2209/1793 2230/2211/1793 2205/2213/1793
f 2189/2199/1793 2225/2185/1793 2215/2225/1793
f 2189/2199/1793 2215/2225/1793 2214/2226/1793
f 2208/2209/1793 2205/2213/1793 2197/2198/1793
f 2213/2227/1793 2208/2209/1793 2197/2198/1793
f 2189/2199/1793 2214/2226/1793 2210/2228/1793
f 2189/2199/1793 2210/2228/1793 2209/2229/1793
f 2212/2230/1793 2213/2227/1793 2197/2198/1793
f 2189/2199/1793 2209/2229/1793 2211/2197/1793
f 2211/2197/1793 2212/2230/1793 2197/2198/1793
f 2227/2146/1804 2206/2174/1804 2207/2173/1804
f 2227/2231/1792 2226/2189/1792 2235/2150/1792
f 2235/2150/1792 2234/2232/1792 2219/2233/1792
f 2227/2231/1792 2235/2150/1792 2219/2233/1792
f 2204/2234/1792 2206/2235/1792 2227/2231/1792
f 2200/2202/1792 2202/2236/1792 2204/2234/1792
f 2196/2237/1792 2198/2238/1792 2200/2202/1792
f 2192/2201/1792 2194/2239/1792 2196/2237/1792
f 2221/2240/1792 2222/2207/1792 2192/2201/1792
f 2218/2241/1792 2221/2240/1792 2192/2201/1792
f 2192/2201/1792 2196/2237/1792 2200/2202/1792
f 2200/2202/1792 2204/2234/1792 2227/2231/1792
f 2227/2231/1792 2219/2233/1792 2220/2200/1792
f 2220/2200/1792 2218/2241/1792 2192/2201/1792
f 2200/2202/1792 2227/2231/1792 2220/2200/1792
f 2235/2150/1805 2226/2189/1805 2229/2188/1805
f 2215/2133/1806 2232/2148/1806 2237/2147/1806
o SectorHolder.002
v -0.069659 3.089905 6.281975
v -0.069659 3.089905 6.248069
v -0.063210 3.089905 6.281975
v -0.063210 3.089905 6.248069
v -0.076335 3.113048 6.281975
v -0.076335 3.113048 6.248069
v -0.069885 3.113048 6.248069
v -0.069885 3.113048 6.281975
v -0.076335 3.186901 6.281975
v -0.076335 3.186901 6.248069
v -0.069885 3.186901 6.248069
v -0.069885 3.186901 6.281975
v -0.076335 3.181900 6.281975
v -0.076335 3.181900 6.248069
v -0.069659 3.010000 6.281980
v -0.069659 3.010000 6.248070
v -0.063210 3.010000 6.281980
v -0.063210 3.010000 6.248070
v -0.097987 3.186901 6.287780
v -0.090961 3.186901 6.289711
v -0.106447 3.186901 6.264347
v -0.108239 3.186901 6.270991
v -0.108239 3.181900 6.270991
v -0.106447 3.181900 6.264347
v -0.090961 3.181900 6.289711
v -0.097987 3.181900 6.287780
v -0.069659 3.089905 6.444045
v -0.069659 3.089905 6.477951
v -0.063210 3.089905 6.444045
v -0.063210 3.089905 6.477951
v -0.076335 3.113048 6.444045
v -0.076335 3.113048 6.477951
v -0.069885 3.113048 6.477951
v -0.069885 3.113048 6.444045
v -0.076335 3.186901 6.444045
v -0.076335 3.186901 6.477951
v -0.069885 3.186901 6.477951
v -0.069885 3.186901 6.444045
v -0.076335 3.181900 6.444045
v -0.076335 3.181900 6.477951
v -0.069659 3.010000 6.444040
v -0.069659 3.010000 6.477950
v -0.063210 3.010000 6.444040
v -0.063210 3.010000 6.477950
v -0.097987 3.186901 6.438240
v -0.090961 3.186901 6.436309
v -0.106447 3.186901 6.461673
v -0.108239 3.186901 6.455029
v -0.108239 3.181900 6.455029
v -0.106447 3.181900 6.461673
v -0.090961 3.181900 6.436309
v -0.097987 3.181900 6.438240
vn 0.9608 0.2771 -0.0000
vn -0.0000 -0.0000 1.0000
vn -0.9608 -0.2771 -0.0000
vn -0.0000 -0.0000 -1.0000
vn -0.0000 1.0000 -0.0000
vn 1.0000 -0.0000 -0.0000
vn -1.0000 -0.0000 -0.0000
vn -0.0000 0.0001 1.0000
vn -0.9655 -0.0000 -0.2605
vn -0.2649 -0.0000 0.9643
vn -0.0000 -1.0000 -0.0000
vn -0.8535 -0.0000 0.5212
vn 0.4675 -0.0000 0.8840
vn -0.4755 -0.0000 -0.8797
vn -0.0000 0.0001 -1.0000
vn -0.9655 -0.0000 0.2605
vn -0.2649 -0.0000 -0.9643
vn -0.8535 -0.0000 -0.5212
vn 0.4675 -0.0000 -0.8840
vn -0.4755 -0.0000 0.8797
vt 0.625000 0.500000
vt 0.625000 0.750000
vt 0.625000 1.000000
vt 0.625000 0.000000
vt 0.625000 0.250000
vt 0.875000 0.500000
vt 0.375699 0.518433
vt 0.125000 0.518433
vt 0.125000 0.731567
vt 0.375699 0.731567
vt 0.625000 0.207872
vt 0.625000 0.207872
vt 0.625000 0.042128
vt 0.625000 0.042128
vt 0.377096 0.231567
vt 0.377096 0.018433
vt 0.875000 0.542128
vt 0.875000 0.750000
vt 0.875000 0.707872
s 0
f 2241/2242/1807 2245/2243/1807 2240/2243/1807
f 2245/2243/1808 2246/2244/1808 2250/2244/1808
f 2238/2245/1809 2243/2246/1809 2239/2246/1809
f 2238/2244/1808 2245/2243/1808 2242/2244/1808
f 2239/2246/1810 2244/2242/1810 2241/2242/1810
f 2247/2247/1811 2249/2243/1811 2248/2242/1811
f 2243/2246/1810 2251/2246/1810 2248/2242/1810
f 2244/2242/1812 2249/2243/1812 2245/2243/1812
f 2242/2245/1813 2251/2246/1813 2243/2246/1813
f 2239/2246/1810 2255/2248/1810 2253/2249/1810
f 2240/2243/1814 2252/2250/1814 2254/2251/1814
f 2258/2246/1815 2260/2252/1815 2259/2253/1815
f 2262/2244/1816 2256/2254/1816 2263/2255/1816
f 2238/2245/1813 2253/2256/1813 2252/2257/1813
f 2254/2251/1817 2253/2249/1817 2255/2248/1817
f 2255/2248/1812 2240/2243/1812 2254/2251/1812
f 2247/2247/1811 2259/2258/1811 2257/2259/1811
f 2263/2255/1818 2259/2253/1818 2260/2252/1818
f 2246/2244/1819 2262/2244/1819 2250/2244/1819
f 2251/2246/1820 2258/2246/1820 2247/2246/1820
f 2250/2245/1817 2263/2255/1817 2261/2246/1817
f 2271/2243/1807 2267/2242/1807 2266/2243/1807
f 2276/2244/1810 2275/2243/1810 2271/2243/1810
f 2269/2246/1809 2264/2245/1809 2265/2246/1809
f 2264/2244/1810 2271/2243/1810 2266/2243/1810
f 2270/2242/1808 2265/2246/1808 2267/2242/1808
f 2275/2243/1811 2273/2247/1811 2274/2242/1811
f 2274/2242/1808 2277/2246/1808 2269/2246/1808
f 2275/2243/1812 2270/2242/1812 2271/2243/1812
f 2277/2246/1813 2268/2245/1813 2269/2246/1813
f 2281/2248/1808 2265/2246/1808 2279/2249/1808
f 2278/2250/1821 2266/2243/1821 2280/2251/1821
f 2286/2252/1822 2284/2246/1822 2285/2253/1822
f 2282/2254/1823 2288/2244/1823 2289/2255/1823
f 2279/2256/1813 2264/2245/1813 2278/2257/1813
f 2279/2249/1817 2280/2251/1817 2281/2248/1817
f 2281/2248/1812 2266/2243/1812 2267/2242/1812
f 2283/2259/1811 2285/2258/1811 2273/2247/1811
f 2285/2253/1824 2289/2255/1824 2286/2252/1824
f 2288/2244/1825 2272/2244/1825 2276/2244/1825
f 2284/2246/1826 2277/2246/1826 2273/2246/1826
f 2287/2246/1817 2289/2255/1817 2276/2245/1817
f 2241/2242/1807 2244/2242/1807 2245/2243/1807
f 2250/2244/1808 2242/2244/1808 2245/2243/1808
f 2245/2243/1808 2249/2243/1808 2246/2244/1808
f 2238/2245/1809 2242/2245/1809 2243/2246/1809
f 2238/2244/1808 2240/2243/1808 2245/2243/1808
f 2239/2246/1810 2243/2246/1810 2244/2242/1810
f 2247/2247/1811 2246/2259/1811 2249/2243/1811
f 2248/2242/1810 2244/2242/1810 2243/2246/1810
f 2251/2246/1810 2247/2246/1810 2248/2242/1810
f 2244/2242/1812 2248/2242/1812 2249/2243/1812
f 2242/2245/1813 2250/2245/1813 2251/2246/1813
f 2239/2246/1810 2241/2242/1810 2255/2248/1810
f 2240/2243/1814 2238/2244/1814 2252/2250/1814
f 2258/2246/1815 2261/2246/1815 2260/2252/1815
f 2262/2244/1816 2257/2244/1816 2256/2254/1816
f 2238/2245/1813 2239/2246/1813 2253/2256/1813
f 2254/2251/1817 2252/2250/1817 2253/2249/1817
f 2255/2248/1812 2241/2242/1812 2240/2243/1812
f 2257/2259/1811 2246/2259/1811 2247/2247/1811
f 2247/2247/1811 2258/2247/1811 2259/2258/1811
f 2259/2258/1811 2256/2260/1811 2257/2259/1811
f 2263/2255/1818 2256/2254/1818 2259/2253/1818
f 2246/2244/1819 2257/2244/1819 2262/2244/1819
f 2251/2246/1820 2261/2246/1820 2258/2246/1820
f 2261/2246/1817 2251/2246/1817 2250/2245/1817
f 2250/2245/1817 2262/2245/1817 2263/2255/1817
f 2263/2255/1817 2260/2252/1817 2261/2246/1817
f 2271/2243/1807 2270/2242/1807 2267/2242/1807
f 2271/2243/1810 2268/2244/1810 2276/2244/1810
f 2276/2244/1810 2272/2244/1810 2275/2243/1810
f 2269/2246/1809 2268/2245/1809 2264/2245/1809
f 2264/2244/1810 2268/2244/1810 2271/2243/1810
f 2270/2242/1808 2269/2246/1808 2265/2246/1808
f 2275/2243/1811 2272/2259/1811 2273/2247/1811
f 2269/2246/1808 2270/2242/1808 2274/2242/1808
f 2274/2242/1808 2273/2246/1808 2277/2246/1808
f 2275/2243/1812 2274/2242/1812 2270/2242/1812
f 2277/2246/1813 2276/2245/1813 2268/2245/1813
f 2281/2248/1808 2267/2242/1808 2265/2246/1808
f 2278/2250/1821 2264/2244/1821 2266/2243/1821
f 2286/2252/1822 2287/2246/1822 2284/2246/1822
f 2282/2254/1823 2283/2244/1823 2288/2244/1823
f 2279/2256/1813 2265/2246/1813 2264/2245/1813
f 2279/2249/1817 2278/2250/1817 2280/2251/1817
f 2281/2248/1812 2280/2251/1812 2266/2243/1812
f 2273/2247/1811 2272/2259/1811 2283/2259/1811
f 2283/2259/1811 2282/2260/1811 2285/2258/1811
f 2285/2258/1811 2284/2247/1811 2273/2247/1811
f 2285/2253/1824 2282/2254/1824 2289/2255/1824
f 2288/2244/1825 2283/2244/1825 2272/2244/1825
f 2284/2246/1826 2287/2246/1826 2277/2246/1826
f 2276/2245/1817 2277/2246/1817 2287/2246/1817
f 2287/2246/1817 2286/2252/1817 2289/2255/1817
f 2289/2255/1817 2288/2245/1817 2276/2245/1817
