# Blender 5.1.2
# www.blender.org
mtllib WE6_buffer_stems.mtl
o BufferStems
g WE6_buffer_stems
v -1.022366 0.886253 10.317985
v -1.007739 0.884084 10.331285
v -1.011261 0.879431 10.332997
v -1.017771 0.890255 10.317711
v -1.015626 0.894401 10.344586
v -1.019073 0.889748 10.346273
v -0.997171 0.889242 10.355927
v -1.017771 0.900644 10.322452
v -1.021599 0.908526 10.305106
v -1.026424 0.911539 10.306992
v -0.713061 0.877624 10.336918
v -0.729526 0.873767 10.353867
v -0.731440 0.872465 10.348234
v -1.006437 0.889821 10.332451
v -0.992193 0.885819 10.341211
v -0.992883 0.879914 10.340442
v -0.992883 0.890279 10.345181
v -1.011261 0.896209 10.340664
v -0.994796 0.891580 10.350790
v -1.026271 0.928678 10.269321
v -1.032244 0.934897 10.259694
v -1.032244 0.928702 10.269321
v -0.712985 0.894401 10.344586
v -0.706246 0.903054 10.325652
v -0.717350 0.896209 10.340664
v -0.700579 0.902066 10.327786
v -0.994796 0.874803 10.343122
v -0.973891 0.878323 10.343941
v -0.974350 0.873092 10.346894
v -0.733814 0.891580 10.350790
v -0.735729 0.890279 10.345181
v -0.754797 0.888688 10.348681
v -0.974963 0.887386 10.360021
v -0.974350 0.889869 10.354562
v -0.753648 0.887386 10.360021
v -0.754261 0.889869 10.354563
v -0.731440 0.889242 10.355927
v -1.021446 0.925568 10.267634
v -0.973661 0.884277 10.344635
v -0.754797 0.878323 10.343941
v -0.754950 0.884277 10.344635
v -1.032474 0.911298 10.307512
v -1.022366 0.903054 10.325652
v -1.037146 0.925616 10.267610
v -1.037299 0.907875 10.306495
v -0.722174 0.889821 10.332451
v -0.735729 0.879914 10.340442
v -0.736418 0.885819 10.341211
v -1.020451 0.884011 10.345132
v -0.999086 0.884132 10.358606
v -1.021599 0.898161 10.300391
v -1.028032 0.902066 10.327786
v -0.763418 1.237779 10.253983
v -0.763510 1.237779 10.272080
v -0.754141 1.253754 10.253983
v -0.720872 0.894449 10.336024
v -0.739589 1.226213 10.278884
v -0.753232 1.228160 10.278884
v -0.746683 1.225182 10.278884
v -0.734132 1.230908 10.278884
v -0.757143 1.234200 10.278884
v -0.732131 1.237808 10.278884
v -0.757143 1.241386 10.278884
v -0.734132 1.244678 10.278884
v -0.753232 1.247427 10.278884
v -0.739589 1.249374 10.278884
v -0.746683 1.250404 10.278884
v -0.754261 0.873092 10.346894
v -0.747522 1.082491 10.611213
v -0.769118 1.045105 10.611213
v -0.772104 1.047587 10.607342
v -0.754141 1.253754 10.253983
v -0.763510 1.237779 10.272080
v -0.754232 1.253840 10.272080
v -0.999851 0.878226 10.357813
v -1.019073 0.879383 10.341534
v -0.720872 0.884084 10.331285
v -0.717350 0.879431 10.332997
v -0.733814 0.874803 10.343122
v -0.726491 1.237779 10.253983
v -0.726400 1.237779 10.272080
v -0.735678 1.221747 10.272080
v -0.734132 1.244678 10.278884
v -0.739589 1.249374 10.267389
v -0.739589 1.249374 10.278884
v -0.734132 1.244678 10.267389
v -0.739589 1.249374 10.278884
v -0.746683 1.250404 10.267389
v -0.746683 1.250404 10.278884
v -0.739589 1.249374 10.267389
v -1.007816 0.894449 10.336024
v -0.973891 0.888688 10.348681
v -0.988594 1.124988 10.611213
v -0.977413 1.083817 10.607342
v -0.981089 1.082491 10.611213
v -0.984689 1.124988 10.607342
v -0.926488 1.232616 10.611213
v -0.924498 1.229266 10.607342
v -0.959494 1.204872 10.611213
v -0.956508 1.202389 10.607342
v -0.802200 1.017360 10.611213
v -0.804114 1.020710 10.607342
v -0.802200 1.232616 10.611213
v -0.772104 1.202389 10.607342
v -0.804114 1.229266 10.607342
v -0.884523 1.239631 10.607342
v -0.922506 1.225794 10.250002
v -0.922506 1.225794 10.607342
v -0.884523 1.239630 10.250002
v -0.977413 1.166160 10.607342
v -0.981089 1.167485 10.611213
v -0.720671 1.237808 10.258284
v -0.723035 1.248314 10.250002
v -0.723035 1.248314 10.258284
v -0.720671 1.237808 10.250002
v -0.743923 1.124988 10.607342
v -0.747522 1.167485 10.611213
v -0.740017 1.124988 10.611213
v -0.751198 1.166160 10.607342
v -0.757143 1.234200 10.267389
v -0.753232 1.228160 10.278884
v -0.757143 1.234200 10.278884
v -0.753232 1.228160 10.267389
v -0.754141 1.221833 10.253983
v -0.735678 1.221747 10.272080
v -0.754232 1.221747 10.272080
v -0.735678 1.221833 10.253983
v -0.734132 1.230908 10.278884
v -0.732131 1.237808 10.267389
v -0.732131 1.237808 10.278884
v -0.734132 1.230908 10.267389
v -0.729766 1.218826 10.250002
v -0.739498 1.214160 10.258284
v -0.739498 1.214160 10.250002
v -0.729766 1.218826 10.258284
v -0.732131 1.237808 10.278884
v -0.734132 1.244678 10.267389
v -0.734132 1.244678 10.278884
v -0.732131 1.237808 10.267389
v -0.754141 1.221833 10.253983
v -0.754232 1.221747 10.272080
v -0.763510 1.237779 10.272080
v -0.753232 1.247427 10.267389
v -0.757143 1.241386 10.278884
v -0.753232 1.247427 10.278884
v -0.757143 1.241386 10.267389
v -0.735678 1.253754 10.253983
v -0.735678 1.253840 10.272080
v -0.726400 1.237779 10.272080
v -0.746683 1.225182 10.267389
v -0.753232 1.228160 10.278884
v -0.753232 1.228160 10.267389
v -0.746683 1.225182 10.278884
v -0.734132 1.230908 10.267389
v -0.739589 1.226213 10.278884
v -0.739589 1.226213 10.267389
v -0.734132 1.230908 10.278884
v -0.769149 1.237808 10.250002
v -0.766693 1.227272 10.258284
v -0.769149 1.237808 10.258284
v -0.766693 1.227272 10.250002
v -0.723035 1.248314 10.258284
v -0.729766 1.256760 10.250002
v -0.729766 1.256760 10.258284
v -0.723035 1.248314 10.250002
v -0.729766 1.256760 10.258284
v -0.739498 1.261456 10.250002
v -0.739498 1.261456 10.258284
v -0.729766 1.256760 10.250002
v -0.746683 1.250404 10.278884
v -0.753232 1.247427 10.267389
v -0.753232 1.247427 10.278884
v -0.746683 1.250404 10.267389
v -0.735678 1.221833 10.253983
v -0.726491 1.237779 10.253983
v -0.735678 1.221747 10.272080
v -0.757143 1.241386 10.267389
v -0.757143 1.234200 10.278884
v -0.757143 1.241386 10.278884
v -0.757143 1.234200 10.267389
v -0.754141 1.221833 10.253983
v -0.763510 1.237779 10.272080
v -0.763418 1.237779 10.253983
v -0.729766 1.218826 10.258284
v -0.750322 1.214160 10.258284
v -0.739498 1.214160 10.258284
v -0.759962 1.218826 10.258284
v -0.723035 1.227272 10.258284
v -0.766693 1.227272 10.258284
v -0.720671 1.237808 10.258284
v -0.769149 1.237808 10.258284
v -0.723035 1.248314 10.258284
v -0.766693 1.248314 10.258284
v -0.729766 1.256760 10.258284
v -0.759962 1.256760 10.258284
v -0.739498 1.261456 10.258284
v -0.750322 1.261456 10.258284
v -0.735678 1.253840 10.272080
v -0.754141 1.253754 10.253983
v -0.754232 1.253840 10.272080
v -0.735678 1.253754 10.253983
v -0.726491 1.237779 10.253983
v -0.735678 1.253754 10.253983
v -0.726400 1.237779 10.272080
v -0.726400 1.237779 10.272080
v -0.754232 1.221747 10.272080
v -0.735678 1.221747 10.272080
v -0.763510 1.237779 10.272080
v -0.735678 1.253840 10.272080
v -0.754232 1.253840 10.272080
v -0.739589 1.226213 10.267389
v -0.746683 1.225182 10.278884
v -0.746683 1.225182 10.267389
v -0.739589 1.226213 10.278884
v -1.026424 0.894762 10.299348
v -1.032321 0.912479 10.260464
v -1.032397 0.894497 10.299870
v -1.037299 0.897510 10.301756
v -1.032551 0.898065 10.328033
v -1.019750 0.954748 10.193910
v -1.028940 0.957689 10.250002
v -1.028940 0.957689 10.193910
v -1.019750 0.954748 10.250002
v -1.032168 0.947142 10.230537
v -1.032244 0.932776 10.237137
v -1.037069 0.934704 10.240140
v -0.684922 0.975382 10.250002
v -0.681629 0.983457 10.220101
v -0.681629 0.983457 10.250002
v -0.684922 0.975382 10.220101
v -0.751198 1.083817 10.607342
v -0.740017 1.124988 10.622843
v -0.747522 1.167485 10.622843
v -1.037211 0.962268 10.193910
v -1.044103 0.968150 10.250002
v -1.044103 0.968150 10.193910
v -1.037211 0.962269 10.250002
v -0.772104 1.047587 10.626713
v -0.804114 1.020710 10.626713
v -0.802200 1.017360 10.622843
v -0.682357 1.249827 10.250002
v -0.685650 1.257902 10.220101
v -0.685650 1.257902 10.250002
v -0.682357 1.249827 10.220101
v -0.690857 1.265133 10.220101
v -0.690857 1.265133 10.250002
v -0.697022 0.962268 10.220101
v -0.705139 0.957689 10.250002
v -0.705139 0.957689 10.220101
v -0.697022 0.962269 10.250002
v -1.026194 0.932776 10.237137
v -1.032244 0.920820 10.247485
v -0.690129 0.968150 10.250002
v -0.690129 0.968150 10.220101
v -0.842710 1.247392 10.611213
v -0.843400 1.243560 10.607342
v -1.053254 1.249827 10.193910
v -1.054403 1.241004 10.250002
v -1.053254 1.249827 10.250002
v -1.054403 1.241004 10.193910
v -1.044831 1.265133 10.193910
v -1.049961 1.257902 10.250002
v -1.044831 1.265133 10.250002
v -1.049961 1.257902 10.193910
v -1.037939 1.271111 10.250002
v -1.037939 1.271111 10.193910
v -1.026271 0.920796 10.247485
v -1.020478 1.278536 10.250002
v -1.029668 1.275692 10.193910
v -1.029668 1.275692 10.250002
v -1.020478 1.278536 10.193910
v -1.037069 0.948154 10.233961
v -0.769118 1.045105 10.622843
v -0.681132 1.241004 10.250002
v -0.681132 1.241004 10.220101
v -0.999086 0.873767 10.353867
v -1.015626 0.877624 10.336918
v -1.037069 0.963485 10.243266
v -1.038906 0.949794 10.239495
v -1.037069 0.951433 10.245004
v -1.038906 0.963075 10.237559
v -0.696214 0.911298 10.307512
v -0.975423 0.882155 10.362974
v -0.753189 0.882155 10.362974
v -1.037146 0.915589 10.262126
v -1.032551 0.887699 10.323295
v -1.027956 0.885289 10.320119
v -0.997171 0.872465 10.348234
v -0.700656 0.885289 10.320119
v -0.709539 0.879383 10.341534
v -0.753189 0.871790 10.358210
v -0.709079 0.937789 10.244979
v -0.707241 0.923471 10.249843
v -0.709079 0.927810 10.253614
v -0.707241 0.934680 10.240140
v -0.708926 0.903416 10.302574
v -0.712602 0.895751 10.319423
v -0.707012 0.908526 10.305106
v -0.729526 0.884132 10.358606
v -0.696367 0.932776 10.237137
v -0.696367 0.920820 10.247485
v -0.702417 0.932776 10.237137
v -0.709539 0.889748 10.346273
v -0.707241 0.940923 10.249843
v -0.707241 0.932173 10.257386
v -0.691543 0.923519 10.249818
v -0.689705 0.927882 10.253590
v -0.707241 0.948154 10.233961
v -0.709156 0.949769 10.239495
v -0.707165 0.915541 10.262176
v -0.753036 0.876201 10.362279
v -0.728760 0.878226 10.357813
v -0.709157 0.969508 10.236627
v -0.707242 0.969098 10.230919
v -0.710841 0.900644 10.322452
v -0.707242 0.969917 10.242334
v -0.691543 0.948154 10.233961
v -0.691543 0.934704 10.240140
v -0.696444 0.947142 10.230537
v -0.691620 0.969098 10.230919
v -0.696445 0.968833 10.227395
v -0.975652 0.876201 10.362279
v -0.707241 0.951409 10.245004
v -0.708160 0.884011 10.345132
v -0.975423 0.871790 10.358210
v -0.702417 0.947142 10.230537
v -0.689705 0.949794 10.239495
v -0.689705 0.937838 10.244979
v -0.707165 0.925568 10.267634
v -1.026271 0.934873 10.259719
v -0.710841 0.890255 10.317711
v -0.694299 0.892569 10.326323
v -0.696061 0.898065 10.328034
v -0.702418 0.968833 10.227395
v -0.691466 0.915589 10.262152
v -0.689706 0.969508 10.236627
v -0.707088 0.898161 10.300391
v -0.702340 0.920796 10.247485
v -0.691543 0.951433 10.245004
v -0.696444 0.942851 10.252821
v -0.691543 0.940947 10.249818
v -0.696444 0.952421 10.248429
v -0.702340 0.912455 10.260464
v -0.691543 0.932221 10.257362
v -0.696367 0.934897 10.259694
v -0.696367 0.928702 10.269321
v -0.696061 0.887699 10.323295
v -0.702417 0.942851 10.252821
v -0.702417 0.934873 10.259719
v -0.691466 0.925616 10.267610
v -0.696290 0.912479 10.260464
v -0.689475 0.902620 10.304286
v -0.691313 0.907875 10.306495
v -0.702417 0.952421 10.248429
v -0.691313 0.897510 10.301756
v -0.696214 0.894497 10.299870
v -0.702187 0.894762 10.299348
v -0.702340 0.928678 10.269321
v -0.696445 0.970183 10.245858
v -0.702418 0.970183 10.245858
v -0.706322 0.886253 10.317985
v -0.702187 0.911539 10.306992
v -0.691620 0.969917 10.242334
v -0.753648 0.870585 10.352354
v -0.974963 0.870585 10.352354
v -0.987322 0.988160 10.250002
v -0.996962 0.992826 10.258284
v -0.996962 0.992826 10.250002
v -0.987322 0.988160 10.258284
v -1.026194 0.947142 10.230537
v -0.987322 1.035456 10.258284
v -0.996962 1.030760 10.250002
v -0.996962 1.030760 10.258284
v -0.987322 1.035456 10.250002
v -1.034312 0.892569 10.326323
v -1.038983 0.927882 10.253590
v -1.037146 0.923519 10.249818
v -0.976498 0.988160 10.250002
v -0.987322 0.988160 10.258284
v -0.987322 0.988160 10.250002
v -0.976498 0.988160 10.258284
v -1.019762 0.903416 10.302574
v -1.016009 0.895751 10.319423
v -1.021446 0.923471 10.249843
v -1.019532 0.927810 10.253614
v -1.021446 0.915541 10.262176
v -0.976498 1.035456 10.258284
v -0.987322 1.035456 10.250002
v -0.987322 1.035456 10.258284
v -0.976498 1.035456 10.250002
v -0.960035 1.001272 10.258284
v -0.957671 1.011808 10.250002
v -0.957671 1.011808 10.258284
v -0.960035 1.001272 10.250002
v -1.003693 1.001272 10.250002
v -0.996962 0.992826 10.258284
v -1.003693 1.001272 10.258284
v -0.996962 0.992826 10.250002
v -1.032168 0.962400 10.228328
v -1.037069 0.962666 10.231852
v -1.021370 0.948154 10.233961
v -1.019532 0.963075 10.237559
v -1.019532 0.949769 10.239495
v -1.021370 0.962666 10.231852
v -1.021370 0.963485 10.243266
v -1.021370 0.951409 10.245004
v -1.026194 0.962400 10.228328
v -1.039136 0.902620 10.304286
v -1.021370 0.934680 10.240140
v -1.019532 0.937789 10.244979
v -1.021370 0.932173 10.257386
v -1.038906 0.937838 10.244979
v -1.026348 0.912455 10.260464
v -1.026194 0.942851 10.252821
v -1.032244 0.942851 10.252821
v -1.037069 0.932221 10.257362
v -1.021370 0.940923 10.249818
v -1.026194 0.952421 10.248429
v -1.032168 0.952421 10.248429
v -1.037069 0.940947 10.249818
v -1.026194 0.963750 10.246791
v -1.032168 0.963750 10.246791
v -0.852436 1.247441 10.368544
v -0.881153 1.234352 10.376806
v -0.847535 1.234352 10.376806
v -0.876098 1.247441 10.368544
v -0.926488 1.232616 10.622843
v -0.959494 1.204872 10.622843
v -0.852436 1.247441 10.368544
v -0.876098 1.247441 10.331247
v -0.876098 1.247441 10.368544
v -0.852436 1.247441 10.331247
v -0.847535 1.234352 10.323008
v -0.852436 1.247441 10.368544
v -0.847535 1.234352 10.376806
v -0.852436 1.247441 10.331247
v -0.876098 1.247441 10.368544
v -0.881153 1.234352 10.323008
v -0.881153 1.234352 10.376806
v -0.876098 1.247441 10.331247
v -0.864306 1.239631 10.607342
v -0.864306 1.239630 10.250002
v -0.885901 1.247392 10.622843
v -0.885901 1.247392 10.611213
v -0.751198 1.166160 10.626713
v -0.743923 1.124988 10.626713
v -0.988594 1.124988 10.622843
v -0.981089 1.167485 10.622843
v -0.876098 1.247441 10.331247
v -0.847535 1.234352 10.323008
v -0.881153 1.234352 10.323008
v -0.852436 1.247441 10.331247
v -0.775167 1.199810 10.607342
v -0.806105 1.225794 10.250002
v -0.806105 1.225794 10.607342
v -0.775167 1.199810 10.250002
v -0.751198 1.083817 10.626713
v -0.747522 1.082491 10.622843
v -0.769118 1.204872 10.622843
v -0.772104 1.202389 10.626713
v -0.804114 1.229266 10.626713
v -0.885212 1.243560 10.626713
v -0.842710 1.247392 10.622843
v -0.843400 1.243560 10.626713
v -0.844089 1.239630 10.250002
v -0.844089 1.239631 10.607342
v -0.802200 1.232616 10.622843
v -0.769118 1.204872 10.611213
v -0.959494 1.045105 10.611213
v -0.842710 1.002608 10.622843
v -0.842710 1.002608 10.611213
v -0.956508 1.047587 10.607342
v -0.981089 1.082491 10.622843
v -0.959494 1.045105 10.622843
v -0.973661 1.164810 10.250002
v -0.980706 1.124988 10.607342
v -0.973661 1.164809 10.607342
v -0.980706 1.124988 10.250002
v -0.953444 1.199810 10.250002
v -0.953444 1.199810 10.607342
v -0.885212 1.006416 10.626713
v -0.885901 1.002608 10.622843
v -0.843400 1.006416 10.626713
v -0.747905 1.124988 10.607342
v -0.754950 1.164810 10.250002
v -0.754950 1.164809 10.607342
v -0.747905 1.124988 10.250002
v -0.843400 1.006416 10.607342
v -0.973661 1.085191 10.607342
v -0.973661 1.085191 10.250002
v -0.885901 1.002608 10.611213
v -0.953444 1.050166 10.607342
v -0.953444 1.050166 10.250002
v -0.864306 1.239630 10.250002
v -0.864306 1.239631 10.607342
v -0.977413 1.166160 10.626713
v -0.956508 1.202389 10.626713
v -0.956508 1.047587 10.626713
v -0.754950 1.085191 10.607342
v -0.754950 1.085191 10.250002
v -0.977413 1.083817 10.626713
v -0.924498 1.229266 10.626713
v -0.984689 1.124988 10.626713
v -0.885212 1.243560 10.607342
v -0.885212 1.006416 10.607342
v -0.759962 1.030760 10.250002
v -0.766693 1.022314 10.258284
v -0.759962 1.030760 10.258284
v -0.766693 1.022314 10.250002
v -0.844089 1.010369 10.250002
v -0.884523 1.010369 10.607342
v -0.884523 1.010369 10.250002
v -0.844089 1.010369 10.607342
v -0.806105 1.024181 10.250002
v -0.775167 1.050166 10.607342
v -0.806105 1.024181 10.607342
v -0.775167 1.050166 10.250002
v -0.972678 1.221833 10.253983
v -0.963491 1.237779 10.253983
v -0.972678 1.221747 10.272080
v -0.723035 1.001272 10.258284
v -0.720671 1.011808 10.250002
v -0.720671 1.011808 10.258284
v -0.723035 1.001272 10.250002
v -0.739498 1.035456 10.258284
v -0.750322 1.035456 10.250002
v -0.750322 1.035456 10.258284
v -0.739498 1.035456 10.250002
v -0.991141 1.253754 10.253983
v -1.000510 1.237779 10.272080
v -0.991232 1.253840 10.272080
v -0.971132 1.244678 10.278884
v -0.976589 1.249374 10.267389
v -0.976589 1.249374 10.278884
v -0.971132 1.244678 10.267389
v -0.766693 1.001272 10.250002
v -0.759962 0.992826 10.258284
v -0.766693 1.001272 10.258284
v -0.759962 0.992826 10.250002
v -0.966767 1.218826 10.258284
v -0.987322 1.214160 10.258284
v -0.976498 1.214160 10.258284
v -0.996962 1.218826 10.258284
v -0.960035 1.227272 10.258284
v -1.003693 1.227272 10.258284
v -0.957671 1.237808 10.258284
v -1.006149 1.237808 10.258284
v -0.960035 1.248314 10.258284
v -1.003693 1.248314 10.258284
v -0.966767 1.256760 10.258284
v -0.996962 1.256760 10.258284
v -0.976498 1.261456 10.258284
v -0.987322 1.261456 10.258284
v -0.729766 0.992826 10.258284
v -0.723035 1.001272 10.250002
v -0.723035 1.001272 10.258284
v -0.729766 0.992826 10.250002
v -1.000419 1.237779 10.253983
v -1.000510 1.237779 10.272080
v -0.991141 1.253754 10.253983
v -0.750322 1.035456 10.258284
v -0.759962 1.030760 10.250002
v -0.759962 1.030760 10.258284
v -0.750322 1.035456 10.250002
v -0.991141 0.995833 10.253983
v -0.972678 0.995746 10.272080
v -0.991232 0.995746 10.272080
v -0.972678 0.995833 10.253983
v -0.994143 1.008200 10.267389
v -0.990232 1.002160 10.278884
v -0.994143 1.008200 10.278884
v -0.990232 1.002160 10.267389
v -0.972678 1.027754 10.253983
v -0.972678 1.027840 10.272080
v -0.963400 1.011779 10.272080
v -0.766693 1.022314 10.250002
v -0.769149 1.011808 10.258284
v -0.766693 1.022314 10.258284
v -0.769149 1.011808 10.250002
v -0.957671 1.011808 10.258284
v -0.960035 1.022314 10.250002
v -0.960035 1.022314 10.258284
v -0.957671 1.011808 10.250002
v -0.750322 0.988160 10.250002
v -0.759962 0.992826 10.258284
v -0.759962 0.992826 10.250002
v -0.750322 0.988160 10.258284
v -0.972678 1.253840 10.272080
v -0.991141 1.253754 10.253983
v -0.991232 1.253840 10.272080
v -0.972678 1.253754 10.253983
v -0.991141 1.221833 10.253983
v -1.000510 1.237779 10.272080
v -1.000419 1.237779 10.253983
v -0.971132 1.004908 10.267389
v -0.976589 1.000213 10.278884
v -0.976589 1.000213 10.267389
v -0.971132 1.004908 10.278884
v -0.969131 1.011807 10.278884
v -0.971132 1.018678 10.267389
v -0.971132 1.018678 10.278884
v -0.969131 1.011807 10.267389
v -0.739498 0.988160 10.250002
v -0.750322 0.988160 10.258284
v -0.750322 0.988160 10.250002
v -0.739498 0.988160 10.258284
v -0.966767 0.992826 10.258284
v -0.960035 1.001272 10.250002
v -0.960035 1.001272 10.258284
v -0.966767 0.992826 10.250002
v -0.976589 1.000213 10.267389
v -0.983684 0.999182 10.278884
v -0.983684 0.999182 10.267389
v -0.976589 1.000213 10.278884
v -0.976589 1.023374 10.278884
v -0.983684 1.024404 10.267389
v -0.983684 1.024404 10.278884
v -0.976589 1.023374 10.267389
v -0.963491 1.011779 10.253983
v -0.963400 1.011779 10.272080
v -0.972678 0.995746 10.272080
v -0.966767 1.030760 10.258284
v -0.976498 1.035456 10.250002
v -0.976498 1.035456 10.258284
v -0.966767 1.030760 10.250002
v -0.983684 0.999182 10.267389
v -0.990232 1.002160 10.278884
v -0.990232 1.002160 10.267389
v -0.983684 0.999182 10.278884
v -0.971132 1.018678 10.278884
v -0.976589 1.023374 10.267389
v -0.976589 1.023374 10.278884
v -0.971132 1.018678 10.267389
v -1.006149 1.011808 10.250002
v -1.003693 1.001272 10.258284
v -1.006149 1.011808 10.258284
v -1.003693 1.001272 10.250002
v -0.972678 0.995833 10.253983
v -0.963491 1.011779 10.253983
v -0.972678 0.995746 10.272080
v -0.963491 1.011779 10.253983
v -0.972678 1.027754 10.253983
v -0.963400 1.011779 10.272080
v -0.972678 1.027840 10.272080
v -0.991141 1.027754 10.253983
v -0.991232 1.027840 10.272080
v -0.972678 1.027754 10.253983
v -0.991141 0.995833 10.253983
v -0.991232 0.995746 10.272080
v -1.000510 1.011779 10.272080
v -0.971132 1.004908 10.278884
v -0.969131 1.011807 10.267389
v -0.969131 1.011807 10.278884
v -0.971132 1.004908 10.267389
v -0.991141 0.995833 10.253983
v -1.000510 1.011779 10.272080
v -1.000419 1.011779 10.253983
v -0.960035 1.022314 10.258284
v -0.966767 1.030760 10.250002
v -0.966767 1.030760 10.258284
v -0.960035 1.022314 10.250002
v -0.966767 0.992826 10.250002
v -0.976498 0.988160 10.258284
v -0.976498 0.988160 10.250002
v -0.966767 0.992826 10.258284
v -0.957671 1.237808 10.258284
v -0.960035 1.248314 10.250002
v -0.960035 1.248314 10.258284
v -0.957671 1.237808 10.250002
v -0.963491 1.237779 10.253983
v -0.972678 1.253754 10.253983
v -0.963400 1.237779 10.272080
v -0.969131 1.237808 10.278884
v -0.971132 1.244678 10.267389
v -0.971132 1.244678 10.278884
v -0.969131 1.237808 10.267389
v -0.963400 1.237779 10.272080
v -0.991232 1.221747 10.272080
v -0.972678 1.221747 10.272080
v -1.000510 1.237779 10.272080
v -0.972678 1.253840 10.272080
v -0.991232 1.253840 10.272080
v -0.971132 1.230908 10.267389
v -0.976589 1.226213 10.278884
v -0.976589 1.226213 10.267389
v -0.971132 1.230908 10.278884
v -0.976498 1.214160 10.250002
v -0.987322 1.214160 10.258284
v -0.987322 1.214160 10.250002
v -0.976498 1.214160 10.258284
v -0.966767 1.218826 10.258284
v -0.960035 1.227272 10.250002
v -0.960035 1.227272 10.258284
v -0.966767 1.218826 10.250002
v -0.987322 1.261456 10.258284
v -0.996962 1.256760 10.250002
v -0.996962 1.256760 10.258284
v -0.987322 1.261456 10.250002
v -0.972678 1.253754 10.253983
v -0.972678 1.253840 10.272080
v -0.963400 1.237779 10.272080
v -0.960035 1.227272 10.258284
v -0.957671 1.237808 10.250002
v -0.957671 1.237808 10.258284
v -0.960035 1.227272 10.250002
v -0.991141 1.221833 10.253983
v -0.991232 1.221747 10.272080
v -1.000510 1.237779 10.272080
v -0.987322 1.214160 10.250002
v -0.996962 1.218826 10.258284
v -0.996962 1.218826 10.250002
v -0.987322 1.214160 10.258284
v -0.960035 1.248314 10.258284
v -0.966767 1.256760 10.250002
v -0.966767 1.256760 10.258284
v -0.960035 1.248314 10.250002
v -0.991141 1.221833 10.253983
v -0.972678 1.221747 10.272080
v -0.991232 1.221747 10.272080
v -0.972678 1.221833 10.253983
v -0.971132 1.230908 10.278884
v -0.969131 1.237808 10.267389
v -0.969131 1.237808 10.278884
v -0.971132 1.230908 10.267389
v -1.006149 1.237808 10.250002
v -1.003693 1.227272 10.258284
v -1.006149 1.237808 10.258284
v -1.003693 1.227272 10.250002
v -0.976498 1.261456 10.258284
v -0.987322 1.261456 10.250002
v -0.987322 1.261456 10.258284
v -0.976498 1.261456 10.250002
v -1.003693 1.248314 10.250002
v -1.006149 1.237808 10.258284
v -1.003693 1.248314 10.258284
v -1.006149 1.237808 10.250002
v -1.003693 1.227272 10.250002
v -0.996962 1.218826 10.258284
v -1.003693 1.227272 10.258284
v -0.996962 1.218826 10.250002
v -0.983684 1.225182 10.267389
v -0.990232 1.228160 10.278884
v -0.990232 1.228160 10.267389
v -0.983684 1.225182 10.278884
v -0.990232 1.247427 10.267389
v -0.994143 1.241386 10.278884
v -0.990232 1.247427 10.278884
v -0.994143 1.241386 10.267389
v -0.966767 1.256760 10.258284
v -0.976498 1.261456 10.250002
v -0.976498 1.261456 10.258284
v -0.966767 1.256760 10.250002
v -0.754141 0.995833 10.253983
v -0.763510 1.011779 10.272080
v -0.763418 1.011779 10.253983
v -0.766693 1.227272 10.250002
v -0.759962 1.218826 10.258284
v -0.766693 1.227272 10.258284
v -0.759962 1.218826 10.250002
v -0.769149 1.011808 10.250002
v -0.766693 1.001272 10.258284
v -0.769149 1.011808 10.258284
v -0.766693 1.001272 10.250002
v -0.729766 0.992826 10.250002
v -0.739498 0.988160 10.258284
v -0.739498 0.988160 10.250002
v -0.729766 0.992826 10.258284
v -0.723035 1.022314 10.258284
v -0.729766 1.030760 10.250002
v -0.729766 1.030760 10.258284
v -0.723035 1.022314 10.250002
v -0.976589 1.226213 10.267389
v -0.983684 1.225182 10.278884
v -0.983684 1.225182 10.267389
v -0.976589 1.226213 10.278884
v -0.963491 1.237779 10.253983
v -0.963400 1.237779 10.272080
v -0.972678 1.221747 10.272080
v -0.750322 1.214160 10.250002
v -0.759962 1.218826 10.258284
v -0.759962 1.218826 10.250002
v -0.750322 1.214160 10.258284
v -0.966767 1.218826 10.250002
v -0.976498 1.214160 10.258284
v -0.976498 1.214160 10.250002
v -0.966767 1.218826 10.258284
v -0.766693 1.248314 10.250002
v -0.769149 1.237808 10.258284
v -0.766693 1.248314 10.258284
v -0.769149 1.237808 10.250002
v -0.976589 1.226213 10.278884
v -0.990232 1.228160 10.278884
v -0.983684 1.225182 10.278884
v -0.971132 1.230908 10.278884
v -0.994143 1.234200 10.278884
v -0.969131 1.237808 10.278884
v -0.994143 1.241386 10.278884
v -0.971132 1.244678 10.278884
v -0.990232 1.247427 10.278884
v -0.976589 1.249374 10.278884
v -0.983684 1.250404 10.278884
v -0.723035 1.227272 10.258284
v -0.720671 1.237808 10.250002
v -0.720671 1.237808 10.258284
v -0.723035 1.227272 10.250002
v -0.750322 1.261456 10.258284
v -0.759962 1.256760 10.250002
v -0.759962 1.256760 10.258284
v -0.750322 1.261456 10.250002
v -0.759962 1.256760 10.250002
v -0.766693 1.248314 10.258284
v -0.759962 1.256760 10.258284
v -0.766693 1.248314 10.250002
v -0.994143 1.241386 10.267389
v -0.994143 1.234200 10.278884
v -0.994143 1.241386 10.278884
v -0.994143 1.234200 10.267389
v -0.976589 1.249374 10.278884
v -0.983684 1.250404 10.267389
v -0.983684 1.250404 10.278884
v -0.976589 1.249374 10.267389
v -0.983684 1.250404 10.278884
v -0.990232 1.247427 10.267389
v -0.990232 1.247427 10.278884
v -0.983684 1.250404 10.267389
v -0.729766 1.218826 10.258284
v -0.723035 1.227272 10.250002
v -0.723035 1.227272 10.258284
v -0.729766 1.218826 10.250002
v -0.720671 1.011808 10.258284
v -0.723035 1.022314 10.250002
v -0.723035 1.022314 10.258284
v -0.720671 1.011808 10.250002
v -0.739498 1.214160 10.250002
v -0.750322 1.214160 10.258284
v -0.750322 1.214160 10.250002
v -0.739498 1.214160 10.258284
v -0.739498 1.261456 10.258284
v -0.750322 1.261456 10.250002
v -0.750322 1.261456 10.258284
v -0.739498 1.261456 10.250002
v -0.734132 1.004908 10.267389
v -0.739589 1.000213 10.278884
v -0.739589 1.000213 10.267389
v -0.734132 1.004908 10.278884
v -0.994143 1.234200 10.267389
v -0.990232 1.228160 10.278884
v -0.994143 1.234200 10.278884
v -0.990232 1.228160 10.267389
v -0.729766 1.030760 10.258284
v -0.739498 1.035456 10.250002
v -0.739498 1.035456 10.258284
v -0.729766 1.030760 10.250002
v -0.996962 1.256760 10.250002
v -1.003693 1.248314 10.258284
v -0.996962 1.256760 10.258284
v -1.003693 1.248314 10.250002
v -0.735678 0.995833 10.253983
v -0.726491 1.011779 10.253983
v -0.735678 0.995746 10.272080
v -0.735678 1.027840 10.272080
v -0.754141 1.027754 10.253983
v -0.754232 1.027840 10.272080
v -0.735678 1.027754 10.253983
v -0.753232 1.021427 10.267389
v -0.757143 1.015386 10.278884
v -0.753232 1.021427 10.278884
v -0.757143 1.015386 10.267389
v -0.739589 1.000213 10.278884
v -0.753232 1.002160 10.278884
v -0.746683 0.999182 10.278884
v -0.734132 1.004908 10.278884
v -0.757143 1.008200 10.278884
v -0.732131 1.011807 10.278884
v -0.757143 1.015386 10.278884
v -0.734132 1.018678 10.278884
v -0.753232 1.021427 10.278884
v -0.739589 1.023374 10.278884
v -0.746683 1.024404 10.278884
v -0.726400 1.011779 10.272080
v -0.754232 0.995746 10.272080
v -0.735678 0.995746 10.272080
v -0.763510 1.011779 10.272080
v -0.735678 1.027840 10.272080
v -0.754232 1.027840 10.272080
v -0.734132 1.004908 10.278884
v -0.732131 1.011807 10.267389
v -0.732131 1.011807 10.278884
v -0.734132 1.004908 10.267389
v -0.732131 1.011807 10.278884
v -0.734132 1.018678 10.267389
v -0.734132 1.018678 10.278884
v -0.732131 1.011807 10.267389
v -0.726491 1.011779 10.253983
v -0.735678 1.027754 10.253983
v -0.726400 1.011779 10.272080
v -0.754141 0.995833 10.253983
v -0.735678 0.995746 10.272080
v -0.754232 0.995746 10.272080
v -0.735678 0.995833 10.253983
v -0.726491 1.011779 10.253983
v -0.726400 1.011779 10.272080
v -0.735678 0.995746 10.272080
v -0.757143 1.008200 10.267389
v -0.753232 1.002160 10.278884
v -0.757143 1.008200 10.278884
v -0.753232 1.002160 10.267389
v -0.746683 1.024404 10.278884
v -0.753232 1.021427 10.267389
v -0.753232 1.021427 10.278884
v -0.746683 1.024404 10.267389
v -0.729766 0.992826 10.258284
v -0.750322 0.988160 10.258284
v -0.739498 0.988160 10.258284
v -0.759962 0.992826 10.258284
v -0.723035 1.001272 10.258284
v -0.766693 1.001272 10.258284
v -0.720671 1.011808 10.258284
v -0.769149 1.011808 10.258284
v -0.723035 1.022314 10.258284
v -0.766693 1.022314 10.258284
v -0.729766 1.030760 10.258284
v -0.759962 1.030760 10.258284
v -0.739498 1.035456 10.258284
v -0.750322 1.035456 10.258284
v -0.739589 1.023374 10.278884
v -0.746683 1.024404 10.267389
v -0.746683 1.024404 10.278884
v -0.739589 1.023374 10.267389
v -0.739589 1.000213 10.267389
v -0.746683 0.999182 10.278884
v -0.746683 0.999182 10.267389
v -0.739589 1.000213 10.278884
v -0.754141 1.027754 10.253983
v -0.763510 1.011779 10.272080
v -0.754232 1.027840 10.272080
v -0.746683 0.999182 10.267389
v -0.753232 1.002160 10.278884
v -0.753232 1.002160 10.267389
v -0.746683 0.999182 10.278884
v -0.763418 1.011779 10.253983
v -0.763510 1.011779 10.272080
v -0.754141 1.027754 10.253983
v -0.735678 1.027754 10.253983
v -0.735678 1.027840 10.272080
v -0.726400 1.011779 10.272080
v -0.754141 0.995833 10.253983
v -0.754232 0.995746 10.272080
v -0.763510 1.011779 10.272080
v -0.757143 1.015386 10.267389
v -0.757143 1.008200 10.278884
v -0.757143 1.015386 10.278884
v -0.757143 1.008200 10.267389
v -0.734132 1.018678 10.278884
v -0.739589 1.023374 10.267389
v -0.739589 1.023374 10.278884
v -0.734132 1.018678 10.267389
v -0.724513 0.953711 10.220101
v -1.009642 0.953711 10.250002
v -1.009642 0.953711 10.193910
v -0.724514 0.953711 10.250002
v -1.049233 0.975382 10.193910
v -1.049233 0.975382 10.250002
v -0.705867 1.275692 10.250002
v -0.715209 1.278536 10.220101
v -0.715209 1.278536 10.250002
v -0.705867 1.275692 10.220101
v -0.697749 1.271111 10.250002
v -0.697749 1.271111 10.220101
v -0.680404 0.992303 10.250002
v -0.680404 0.992303 10.220101
v -0.725241 1.279573 10.250002
v -1.010370 1.279573 10.193910
v -1.010370 1.279573 10.250002
v -0.725241 1.279573 10.220101
v -0.714482 0.954748 10.250002
v -0.714482 0.954748 10.220101
v -1.053675 0.992303 10.193910
v -1.052526 0.983457 10.250002
v -1.053675 0.992303 10.250002
v -1.052526 0.983457 10.193910
v -0.924498 1.020710 10.607342
v -0.926488 1.017360 10.611213
v -0.926488 1.017360 10.622843
v -0.996962 1.030760 10.250002
v -1.003693 1.022314 10.258284
v -0.996962 1.030760 10.258284
v -1.003693 1.022314 10.250002
v -1.003693 1.022314 10.250002
v -1.006149 1.011808 10.258284
v -1.003693 1.022314 10.258284
v -1.006149 1.011808 10.250002
v -0.966767 0.992826 10.258284
v -0.987322 0.988160 10.258284
v -0.976498 0.988160 10.258284
v -0.996962 0.992826 10.258284
v -0.960035 1.001272 10.258284
v -1.003693 1.001272 10.258284
v -0.957671 1.011808 10.258284
v -1.006149 1.011808 10.258284
v -0.960035 1.022314 10.258284
v -1.003693 1.022314 10.258284
v -0.966767 1.030760 10.258284
v -0.996962 1.030760 10.258284
v -0.976498 1.035456 10.258284
v -0.987322 1.035456 10.258284
v -0.922506 1.024181 10.250002
v -0.922506 1.024181 10.607342
v -0.884523 1.010369 10.607342
v -0.922506 1.024181 10.607342
v -0.953444 1.050166 10.607342
v -0.973661 1.085191 10.607342
v -0.980706 1.124988 10.607342
v -0.973661 1.164809 10.607342
v -0.953444 1.199810 10.607342
v -0.922506 1.225794 10.607342
v -0.884523 1.239631 10.607342
v -0.844089 1.239631 10.607342
v -0.844089 1.010369 10.607342
v -0.806105 1.024181 10.607342
v -0.775167 1.050166 10.607342
v -0.754950 1.085191 10.607342
v -0.747905 1.124988 10.607342
v -0.754950 1.164809 10.607342
v -0.775167 1.199810 10.607342
v -0.806105 1.225794 10.607342
v -0.924498 1.020710 10.626713
v -0.845105 1.016088 10.626713
v -0.873944 1.014829 10.626713
v -0.817574 1.024768 10.626713
v -0.793227 1.040278 10.626713
v -0.773724 1.061561 10.626713
v -0.760395 1.087166 10.626713
v -0.754146 1.115349 10.626713
v -0.755405 1.144189 10.626713
v -0.764085 1.171720 10.626713
v -0.779595 1.196067 10.626713
v -0.800878 1.215569 10.626713
v -0.826484 1.228899 10.626713
v -0.854667 1.235147 10.626713
v -0.902127 1.021077 10.626713
v -0.927733 1.034407 10.626713
v -0.949016 1.053910 10.626713
v -0.964526 1.078256 10.626713
v -0.973206 1.105787 10.626713
v -0.974465 1.134627 10.626713
v -0.968216 1.162810 10.626713
v -0.954887 1.188415 10.626713
v -0.935384 1.209698 10.626713
v -0.911038 1.225208 10.626713
v -0.883506 1.233888 10.626713
v -0.976589 1.000213 10.278884
v -0.990232 1.002160 10.278884
v -0.983684 0.999182 10.278884
v -0.971132 1.004908 10.278884
v -0.994143 1.008200 10.278884
v -0.969131 1.011807 10.278884
v -0.994143 1.015386 10.278884
v -0.971132 1.018678 10.278884
v -0.990232 1.021427 10.278884
v -0.976589 1.023374 10.278884
v -0.983684 1.024404 10.278884
v -0.983684 1.024404 10.278884
v -0.990232 1.021427 10.267389
v -0.990232 1.021427 10.278884
v -0.983684 1.024404 10.267389
v -0.990232 1.021427 10.267389
v -0.994143 1.015386 10.278884
v -0.990232 1.021427 10.278884
v -0.994143 1.015386 10.267389
v -0.994143 1.015386 10.267389
v -0.994143 1.008200 10.278884
v -0.994143 1.015386 10.278884
v -0.994143 1.008200 10.267389
v -1.000419 1.011779 10.253983
v -1.000510 1.011779 10.272080
v -0.991141 1.027754 10.253983
v -0.991141 1.027754 10.253983
v -1.000510 1.011779 10.272080
v -0.991232 1.027840 10.272080
v -0.963400 1.011779 10.272080
v -0.991232 0.995746 10.272080
v -0.972678 0.995746 10.272080
v -1.000510 1.011779 10.272080
v -0.972678 1.027840 10.272080
v -0.991232 1.027840 10.272080
v -0.714482 0.954748 10.250002
v -1.009642 0.953711 10.250002
v -0.724514 0.953711 10.250002
v -1.019750 0.954748 10.250002
v -0.705139 0.957689 10.250002
v -1.028940 0.957689 10.250002
v -0.697022 0.962269 10.250002
v -1.037211 0.962269 10.250002
v -0.690129 0.968150 10.250002
v -1.044103 0.968150 10.250002
v -0.684922 0.975382 10.250002
v -1.049233 0.975382 10.250002
v -0.681629 0.983457 10.250002
v -1.052526 0.983457 10.250002
v -0.680404 0.992303 10.250002
v -1.053675 0.992303 10.250002
v -0.681132 1.241004 10.250002
v -1.054403 1.241004 10.250002
v -0.682357 1.249827 10.250002
v -1.053254 1.249827 10.250002
v -0.685650 1.257902 10.250002
v -1.049961 1.257902 10.250002
v -0.690857 1.265133 10.250002
v -1.044831 1.265133 10.250002
v -0.697749 1.271111 10.250002
v -1.037939 1.271111 10.250002
v -0.705867 1.275692 10.250002
v -1.029668 1.275692 10.250002
v -0.715209 1.278536 10.250002
v -1.020478 1.278536 10.250002
v -0.725241 1.279573 10.250002
v -1.010370 1.279573 10.250002
v 1.011263 0.879431 10.332971
v 1.007741 0.884084 10.331259
v 1.022368 0.886253 10.317958
v 1.017773 0.890255 10.317684
v 0.997173 0.889242 10.355901
v 1.019075 0.889748 10.346247
v 1.015628 0.894401 10.344560
v 1.026426 0.911539 10.306965
v 1.021601 0.908526 10.305079
v 1.017773 0.900644 10.322425
v 0.731443 0.872465 10.348207
v 0.729528 0.873767 10.353840
v 0.713063 0.877624 10.336891
v 0.992885 0.879914 10.340416
v 0.992195 0.885819 10.341185
v 1.006439 0.889821 10.332424
v 0.994799 0.891580 10.350763
v 1.011263 0.896209 10.340637
v 0.992885 0.890279 10.345155
v 1.032246 0.928702 10.269295
v 1.032246 0.934897 10.259667
v 1.026273 0.928678 10.269295
v 0.717352 0.896209 10.340637
v 0.706248 0.903054 10.325625
v 0.712987 0.894401 10.344560
v 0.700581 0.902066 10.327760
v 0.974352 0.873092 10.346868
v 0.973893 0.878323 10.343914
v 0.994799 0.874803 10.343095
v 0.754799 0.888688 10.348655
v 0.735731 0.890279 10.345155
v 0.733816 0.891580 10.350763
v 0.974965 0.887386 10.359994
v 0.974352 0.889869 10.354535
v 0.753651 0.887386 10.359994
v 0.754263 0.889869 10.354536
v 0.731443 0.889242 10.355901
v 1.021448 0.925568 10.267609
v 0.754799 0.878323 10.343914
v 0.973663 0.884277 10.344609
v 0.754953 0.884277 10.344609
v 1.032476 0.911298 10.307486
v 1.022368 0.903054 10.325625
v 1.037301 0.907875 10.306468
v 1.037148 0.925616 10.267583
v 0.736420 0.885819 10.341185
v 0.735731 0.879914 10.340416
v 0.722177 0.889821 10.332424
v 0.999088 0.884132 10.358580
v 1.020453 0.884011 10.345105
v 1.021601 0.898161 10.300364
v 1.028035 0.902066 10.327760
v 0.754143 1.253754 10.253957
v 0.763512 1.237779 10.272054
v 0.763421 1.237779 10.253957
v 0.720875 0.894449 10.335999
v 0.746686 1.225182 10.278857
v 0.753234 1.228160 10.278857
v 0.739591 1.226213 10.278857
v 0.734134 1.230908 10.278857
v 0.757145 1.234200 10.278857
v 0.732133 1.237808 10.278857
v 0.757145 1.241386 10.278857
v 0.734134 1.244678 10.278857
v 0.753234 1.247427 10.278857
v 0.739591 1.249374 10.278857
v 0.746686 1.250404 10.278857
v 0.754263 0.873092 10.346868
v 0.772106 1.047587 10.607315
v 0.769120 1.045105 10.611186
v 0.747524 1.082491 10.611186
v 0.754234 1.253840 10.272054
v 0.763512 1.237779 10.272054
v 0.754143 1.253754 10.253957
v 1.019075 0.879383 10.341507
v 0.999853 0.878226 10.357786
v 0.733816 0.874803 10.343095
v 0.717352 0.879431 10.332971
v 0.720875 0.884084 10.331259
v 0.735680 1.221747 10.272054
v 0.726402 1.237779 10.272054
v 0.726493 1.237779 10.253957
v 0.739591 1.249374 10.278857
v 0.739591 1.249374 10.267363
v 0.734134 1.244678 10.278857
v 0.734134 1.244678 10.267363
v 0.746686 1.250404 10.278857
v 0.746686 1.250404 10.267363
v 0.739591 1.249374 10.278857
v 0.739591 1.249374 10.267363
v 1.007818 0.894449 10.335999
v 0.973893 0.888688 10.348655
v 0.981091 1.082491 10.611186
v 0.977415 1.083817 10.607315
v 0.988596 1.124988 10.611186
v 0.984691 1.124988 10.607315
v 0.959496 1.204872 10.611186
v 0.924500 1.229266 10.607315
v 0.926490 1.232616 10.611186
v 0.956510 1.202389 10.607315
v 0.804116 1.020710 10.607315
v 0.802202 1.017360 10.611186
v 0.804116 1.229266 10.607315
v 0.772106 1.202389 10.607315
v 0.802202 1.232616 10.611186
v 0.922508 1.225794 10.607315
v 0.922508 1.225794 10.249975
v 0.884525 1.239631 10.607315
v 0.884525 1.239630 10.249975
v 0.981091 1.167485 10.611186
v 0.977415 1.166160 10.607315
v 0.723037 1.248314 10.258258
v 0.723037 1.248314 10.249975
v 0.720673 1.237808 10.258258
v 0.720673 1.237808 10.249975
v 0.740020 1.124988 10.611186
v 0.747524 1.167485 10.611186
v 0.743925 1.124988 10.607315
v 0.751200 1.166160 10.607315
v 0.757145 1.234200 10.278857
v 0.753234 1.228160 10.278857
v 0.757145 1.234200 10.267363
v 0.753234 1.228160 10.267363
v 0.754234 1.221747 10.272054
v 0.735680 1.221747 10.272054
v 0.754143 1.221833 10.253957
v 0.735680 1.221833 10.253957
v 0.732133 1.237808 10.278857
v 0.732133 1.237808 10.267363
v 0.734134 1.230908 10.278857
v 0.734134 1.230908 10.267363
v 0.739500 1.214160 10.249975
v 0.739500 1.214160 10.258257
v 0.729769 1.218826 10.249975
v 0.729769 1.218826 10.258257
v 0.734134 1.244678 10.278857
v 0.734134 1.244678 10.267363
v 0.732133 1.237808 10.278857
v 0.732133 1.237808 10.267363
v 0.763512 1.237779 10.272054
v 0.754234 1.221747 10.272054
v 0.754143 1.221833 10.253957
v 0.753234 1.247427 10.278857
v 0.757145 1.241386 10.278857
v 0.753234 1.247427 10.267363
v 0.757145 1.241386 10.267363
v 0.726402 1.237779 10.272054
v 0.735680 1.253840 10.272054
v 0.735680 1.253754 10.253957
v 0.753234 1.228160 10.267363
v 0.753234 1.228160 10.278857
v 0.746686 1.225182 10.267363
v 0.746686 1.225182 10.278857
v 0.739591 1.226213 10.267363
v 0.739591 1.226213 10.278857
v 0.734134 1.230908 10.267363
v 0.734134 1.230908 10.278857
v 0.769151 1.237808 10.258258
v 0.766695 1.227272 10.258257
v 0.769151 1.237808 10.249975
v 0.766695 1.227272 10.249975
v 0.729769 1.256760 10.258258
v 0.729769 1.256760 10.249975
v 0.723037 1.248314 10.258258
v 0.723037 1.248314 10.249975
v 0.739500 1.261456 10.258258
v 0.739500 1.261456 10.249975
v 0.729769 1.256760 10.258258
v 0.729769 1.256760 10.249975
v 0.753234 1.247427 10.278857
v 0.753234 1.247427 10.267363
v 0.746686 1.250404 10.278857
v 0.746686 1.250404 10.267363
v 0.735680 1.221747 10.272054
v 0.726493 1.237779 10.253957
v 0.735680 1.221833 10.253957
v 0.757145 1.241386 10.278857
v 0.757145 1.234200 10.278857
v 0.757145 1.241386 10.267363
v 0.757145 1.234200 10.267363
v 0.763421 1.237779 10.253957
v 0.763512 1.237779 10.272054
v 0.754143 1.221833 10.253957
v 0.739500 1.214160 10.258257
v 0.750324 1.214160 10.258257
v 0.729769 1.218826 10.258257
v 0.759964 1.218826 10.258257
v 0.723037 1.227272 10.258257
v 0.766695 1.227272 10.258257
v 0.720673 1.237808 10.258258
v 0.769151 1.237808 10.258258
v 0.723037 1.248314 10.258258
v 0.766695 1.248314 10.258258
v 0.729769 1.256760 10.258258
v 0.759964 1.256760 10.258258
v 0.739500 1.261456 10.258258
v 0.750324 1.261456 10.258258
v 0.754234 1.253840 10.272054
v 0.754143 1.253754 10.253957
v 0.735680 1.253840 10.272054
v 0.735680 1.253754 10.253957
v 0.726402 1.237779 10.272054
v 0.735680 1.253754 10.253957
v 0.726493 1.237779 10.253957
v 0.735680 1.221747 10.272054
v 0.754234 1.221747 10.272054
v 0.726402 1.237779 10.272054
v 0.763512 1.237779 10.272054
v 0.735680 1.253840 10.272054
v 0.754234 1.253840 10.272054
v 0.746686 1.225182 10.267363
v 0.746686 1.225182 10.278857
v 0.739591 1.226213 10.267363
v 0.739591 1.226213 10.278857
v 1.026426 0.894762 10.299321
v 1.037301 0.897510 10.301729
v 1.032400 0.894497 10.299843
v 1.032323 0.912479 10.260437
v 1.032553 0.898065 10.328008
v 1.028942 0.957689 10.193883
v 1.028942 0.957689 10.249975
v 1.019752 0.954748 10.193883
v 1.019752 0.954748 10.249975
v 1.037071 0.934704 10.240113
v 1.032246 0.932776 10.237110
v 1.032170 0.947142 10.230511
v 0.681631 0.983457 10.249975
v 0.681631 0.983457 10.220075
v 0.684924 0.975382 10.249975
v 0.684924 0.975382 10.220075
v 0.751200 1.083817 10.607315
v 0.747524 1.167485 10.622816
v 0.740020 1.124988 10.622816
v 1.044105 0.968150 10.193883
v 1.044105 0.968150 10.249975
v 1.037213 0.962268 10.193883
v 1.037213 0.962269 10.249975
v 0.802202 1.017360 10.622816
v 0.804116 1.020710 10.626686
v 0.772106 1.047587 10.626686
v 0.685652 1.257902 10.249975
v 0.685652 1.257902 10.220075
v 0.682359 1.249827 10.249975
v 0.682359 1.249827 10.220075
v 0.690859 1.265133 10.249975
v 0.690859 1.265133 10.220075
v 0.705141 0.957689 10.220075
v 0.705141 0.957689 10.249975
v 0.697024 0.962268 10.220075
v 0.697024 0.962269 10.249975
v 1.032246 0.920820 10.247458
v 1.026196 0.932776 10.237110
v 0.690132 0.968150 10.249975
v 0.690132 0.968150 10.220075
v 0.843402 1.243560 10.607315
v 0.842712 1.247392 10.611186
v 1.053256 1.249827 10.249975
v 1.054405 1.241004 10.249975
v 1.053256 1.249827 10.193883
v 1.054405 1.241004 10.193883
v 1.044833 1.265133 10.249975
v 1.049963 1.257902 10.249975
v 1.044833 1.265133 10.193883
v 1.049963 1.257902 10.193883
v 1.037941 1.271111 10.249975
v 1.037941 1.271111 10.193883
v 1.026273 0.920796 10.247458
v 1.029670 1.275692 10.249975
v 1.029670 1.275692 10.193883
v 1.020480 1.278536 10.249975
v 1.020480 1.278536 10.193883
v 1.037071 0.948154 10.233934
v 0.769120 1.045105 10.622816
v 0.681134 1.241004 10.249975
v 0.681134 1.241004 10.220075
v 1.015628 0.877624 10.336891
v 0.999088 0.873767 10.353840
v 1.037071 0.951433 10.244977
v 1.038908 0.949794 10.239469
v 1.037071 0.963485 10.243240
v 1.038908 0.963075 10.237533
v 0.696216 0.911298 10.307486
v 0.753191 0.882155 10.362947
v 0.975425 0.882155 10.362947
v 1.037148 0.915589 10.262099
v 1.032553 0.887699 10.323268
v 1.027958 0.885289 10.320092
v 0.997173 0.872465 10.348207
v 0.709541 0.879383 10.341507
v 0.700658 0.885289 10.320092
v 0.753191 0.871790 10.358183
v 0.709081 0.927810 10.253588
v 0.707243 0.923471 10.249817
v 0.709081 0.937789 10.244952
v 0.707243 0.934680 10.240113
v 0.707014 0.908526 10.305079
v 0.712604 0.895751 10.319397
v 0.708928 0.903416 10.302547
v 0.729528 0.884132 10.358580
v 0.702419 0.932776 10.237110
v 0.696369 0.920820 10.247458
v 0.696369 0.932776 10.237110
v 0.709541 0.889748 10.346247
v 0.707243 0.932173 10.257360
v 0.707243 0.940923 10.249817
v 0.689707 0.927882 10.253563
v 0.691545 0.923519 10.249791
v 0.707243 0.948154 10.233934
v 0.709158 0.949769 10.239469
v 0.707167 0.915541 10.262149
v 0.728762 0.878226 10.357786
v 0.753038 0.876201 10.362252
v 0.709159 0.969508 10.236600
v 0.707244 0.969098 10.230892
v 0.710843 0.900644 10.322425
v 0.707244 0.969917 10.242308
v 0.696446 0.947142 10.230511
v 0.691545 0.934704 10.240113
v 0.691545 0.948154 10.233934
v 0.696447 0.968833 10.227368
v 0.691622 0.969098 10.230892
v 0.975655 0.876201 10.362252
v 0.707243 0.951409 10.244977
v 0.708162 0.884011 10.345105
v 0.975425 0.871790 10.358183
v 0.702419 0.947142 10.230511
v 0.689707 0.937838 10.244952
v 0.689707 0.949794 10.239469
v 0.707167 0.925568 10.267609
v 1.026273 0.934873 10.259692
v 0.710843 0.890255 10.317684
v 0.696063 0.898065 10.328009
v 0.694301 0.892569 10.326296
v 0.702420 0.968833 10.227368
v 0.691468 0.915589 10.262125
v 0.689708 0.969508 10.236600
v 0.707090 0.898161 10.300364
v 0.702342 0.920796 10.247458
v 0.691545 0.940947 10.249791
v 0.696446 0.942851 10.252794
v 0.691545 0.951433 10.244977
v 0.696446 0.952421 10.248403
v 0.702342 0.912455 10.260437
v 0.696369 0.928702 10.269295
v 0.696369 0.934897 10.259667
v 0.691545 0.932221 10.257336
v 0.696063 0.887699 10.323268
v 0.702419 0.942851 10.252794
v 0.702419 0.934873 10.259692
v 0.691468 0.925616 10.267583
v 0.696293 0.912479 10.260437
v 0.691315 0.907875 10.306468
v 0.689477 0.902620 10.304259
v 0.702419 0.952421 10.248403
v 0.691315 0.897510 10.301729
v 0.702189 0.894762 10.299321
v 0.696216 0.894497 10.299843
v 0.702342 0.928678 10.269295
v 0.696447 0.970183 10.245831
v 0.702420 0.970183 10.245831
v 0.706324 0.886253 10.317958
v 0.702189 0.911539 10.306965
v 0.691622 0.969917 10.242308
v 0.974965 0.870585 10.352327
v 0.753651 0.870585 10.352327
v 0.996964 0.992826 10.249975
v 0.996964 0.992826 10.258258
v 0.987324 0.988160 10.249975
v 0.987324 0.988160 10.258258
v 1.026196 0.947142 10.230511
v 0.996964 1.030760 10.258258
v 0.996964 1.030760 10.249975
v 0.987324 1.035456 10.258258
v 0.987324 1.035456 10.249975
v 1.034314 0.892569 10.326296
v 1.038985 0.927882 10.253563
v 1.037148 0.923519 10.249791
v 0.987324 0.988160 10.249975
v 0.987324 0.988160 10.258258
v 0.976500 0.988160 10.249975
v 0.976500 0.988160 10.258258
v 1.016011 0.895751 10.319397
v 1.019764 0.903416 10.302547
v 1.021448 0.915541 10.262149
v 1.019534 0.927810 10.253588
v 1.021448 0.923471 10.249817
v 0.987324 1.035456 10.258258
v 0.987324 1.035456 10.249975
v 0.976500 1.035456 10.258258
v 0.976500 1.035456 10.249975
v 0.957673 1.011808 10.258258
v 0.957673 1.011808 10.249975
v 0.960037 1.001272 10.258258
v 0.960037 1.001272 10.249975
v 1.003695 1.001272 10.258258
v 0.996964 0.992826 10.258258
v 1.003695 1.001272 10.249975
v 0.996964 0.992826 10.249975
v 1.032170 0.962400 10.228301
v 1.037071 0.962666 10.231825
v 1.019534 0.949769 10.239469
v 1.019534 0.963075 10.237533
v 1.021372 0.948154 10.233934
v 1.021372 0.962666 10.231825
v 1.021372 0.951409 10.244977
v 1.021372 0.963485 10.243240
v 1.026196 0.962400 10.228301
v 1.039138 0.902620 10.304259
v 1.019534 0.937789 10.244952
v 1.021372 0.934680 10.240113
v 1.021372 0.932173 10.257360
v 1.038908 0.937838 10.244952
v 1.026350 0.912455 10.260437
v 1.026196 0.942851 10.252794
v 1.032246 0.942851 10.252794
v 1.037071 0.932221 10.257336
v 1.021372 0.940923 10.249791
v 1.026196 0.952421 10.248403
v 1.032170 0.952421 10.248403
v 1.037071 0.940947 10.249791
v 1.026196 0.963750 10.246764
v 1.032170 0.963750 10.246764
v 0.847537 1.234352 10.376780
v 0.881155 1.234352 10.376780
v 0.852438 1.247441 10.368517
v 0.876100 1.247441 10.368517
v 0.959496 1.204872 10.622816
v 0.926490 1.232616 10.622816
v 0.876100 1.247441 10.368517
v 0.876100 1.247441 10.331221
v 0.852438 1.247441 10.368517
v 0.852438 1.247441 10.331221
v 0.847537 1.234352 10.376780
v 0.852438 1.247441 10.368517
v 0.847537 1.234352 10.322981
v 0.852438 1.247441 10.331221
v 0.881155 1.234352 10.376780
v 0.881155 1.234352 10.322981
v 0.876100 1.247441 10.368517
v 0.876100 1.247441 10.331221
v 0.864308 1.239631 10.607315
v 0.864308 1.239630 10.249975
v 0.885903 1.247392 10.622816
v 0.885903 1.247392 10.611186
v 0.743925 1.124988 10.626686
v 0.751200 1.166160 10.626686
v 0.981091 1.167485 10.622816
v 0.988596 1.124988 10.622816
v 0.881155 1.234352 10.322981
v 0.847537 1.234352 10.322981
v 0.876100 1.247441 10.331221
v 0.852438 1.247441 10.331221
v 0.806108 1.225794 10.607315
v 0.806107 1.225794 10.249975
v 0.775169 1.199810 10.607315
v 0.775169 1.199810 10.249975
v 0.747524 1.082491 10.622816
v 0.751200 1.083817 10.626686
v 0.772106 1.202389 10.626686
v 0.769120 1.204872 10.622816
v 0.804116 1.229266 10.626686
v 0.842712 1.247392 10.622816
v 0.885214 1.243560 10.626686
v 0.843402 1.243560 10.626686
v 0.844091 1.239631 10.607315
v 0.844091 1.239630 10.249975
v 0.802202 1.232616 10.622816
v 0.769120 1.204872 10.611186
v 0.959496 1.045105 10.611186
v 0.842712 1.002608 10.611186
v 0.842712 1.002608 10.622816
v 0.956510 1.047587 10.607315
v 0.981091 1.082491 10.622816
v 0.959496 1.045105 10.622816
v 0.973663 1.164809 10.607315
v 0.980708 1.124988 10.607315
v 0.973663 1.164810 10.249975
v 0.980708 1.124988 10.249975
v 0.953446 1.199810 10.607315
v 0.953446 1.199810 10.249975
v 0.885903 1.002608 10.622816
v 0.885214 1.006416 10.626686
v 0.843402 1.006416 10.626686
v 0.754953 1.164809 10.607315
v 0.754953 1.164810 10.249975
v 0.747907 1.124988 10.607315
v 0.747907 1.124988 10.249975
v 0.843402 1.006416 10.607315
v 0.973663 1.085191 10.607315
v 0.973663 1.085191 10.249975
v 0.885903 1.002608 10.611186
v 0.953446 1.050166 10.607315
v 0.953446 1.050166 10.249975
v 0.864308 1.239631 10.607315
v 0.864308 1.239630 10.249975
v 0.956510 1.202389 10.626686
v 0.977415 1.166160 10.626686
v 0.956510 1.047587 10.626686
v 0.754953 1.085191 10.607315
v 0.754953 1.085191 10.249975
v 0.977415 1.083817 10.626686
v 0.924500 1.229266 10.626686
v 0.984691 1.124988 10.626686
v 0.885214 1.243560 10.607315
v 0.885214 1.006416 10.607315
v 0.759964 1.030760 10.258258
v 0.766695 1.022314 10.258258
v 0.759964 1.030760 10.249975
v 0.766695 1.022314 10.249975
v 0.884525 1.010369 10.249975
v 0.884525 1.010369 10.607315
v 0.844091 1.010369 10.249975
v 0.844091 1.010369 10.607315
v 0.806108 1.024181 10.607315
v 0.775169 1.050166 10.607315
v 0.806107 1.024181 10.249975
v 0.775169 1.050166 10.249975
v 0.972680 1.221747 10.272054
v 0.963493 1.237779 10.253957
v 0.972680 1.221833 10.253957
v 0.720673 1.011808 10.258258
v 0.720673 1.011808 10.249975
v 0.723037 1.001272 10.258258
v 0.723037 1.001272 10.249975
v 0.750324 1.035456 10.258258
v 0.750324 1.035456 10.249975
v 0.739500 1.035456 10.258258
v 0.739500 1.035456 10.249975
v 0.991234 1.253840 10.272054
v 1.000512 1.237779 10.272054
v 0.991143 1.253754 10.253957
v 0.976591 1.249374 10.278857
v 0.976591 1.249374 10.267363
v 0.971134 1.244678 10.278857
v 0.971134 1.244678 10.267363
v 0.766695 1.001272 10.258258
v 0.759964 0.992826 10.258258
v 0.766695 1.001272 10.249975
v 0.759964 0.992826 10.249975
v 0.976500 1.214160 10.258257
v 0.987324 1.214160 10.258257
v 0.966769 1.218826 10.258257
v 0.996964 1.218826 10.258257
v 0.960037 1.227272 10.258257
v 1.003695 1.227272 10.258257
v 0.957673 1.237808 10.258258
v 1.006151 1.237808 10.258258
v 0.960037 1.248314 10.258258
v 1.003695 1.248314 10.258258
v 0.966769 1.256760 10.258258
v 0.996964 1.256760 10.258258
v 0.976500 1.261456 10.258258
v 0.987324 1.261456 10.258258
v 0.723037 1.001272 10.258258
v 0.723037 1.001272 10.249975
v 0.729769 0.992826 10.258258
v 0.729769 0.992826 10.249975
v 0.991143 1.253754 10.253957
v 1.000512 1.237779 10.272054
v 1.000421 1.237779 10.253957
v 0.759964 1.030760 10.258258
v 0.759964 1.030760 10.249975
v 0.750324 1.035456 10.258258
v 0.750324 1.035456 10.249975
v 0.991234 0.995746 10.272054
v 0.972680 0.995746 10.272054
v 0.991143 0.995833 10.253957
v 0.972680 0.995833 10.253957
v 0.994145 1.008200 10.278857
v 0.990234 1.002160 10.278857
v 0.994145 1.008200 10.267363
v 0.990234 1.002160 10.267363
v 0.963402 1.011779 10.272054
v 0.972680 1.027840 10.272054
v 0.972680 1.027754 10.253957
v 0.766695 1.022314 10.258258
v 0.769151 1.011808 10.258258
v 0.766695 1.022314 10.249975
v 0.769151 1.011808 10.249975
v 0.960037 1.022314 10.258258
v 0.960037 1.022314 10.249975
v 0.957673 1.011808 10.258258
v 0.957673 1.011808 10.249975
v 0.759964 0.992826 10.249975
v 0.759964 0.992826 10.258258
v 0.750324 0.988160 10.249975
v 0.750324 0.988160 10.258258
v 0.991234 1.253840 10.272054
v 0.991143 1.253754 10.253957
v 0.972680 1.253840 10.272054
v 0.972680 1.253754 10.253957
v 1.000421 1.237779 10.253957
v 1.000512 1.237779 10.272054
v 0.991143 1.221833 10.253957
v 0.976591 1.000213 10.267363
v 0.976591 1.000213 10.278857
v 0.971134 1.004908 10.267363
v 0.971134 1.004908 10.278857
v 0.971134 1.018678 10.278857
v 0.971134 1.018678 10.267363
v 0.969133 1.011807 10.278857
v 0.969133 1.011807 10.267363
v 0.750324 0.988160 10.249975
v 0.750324 0.988160 10.258258
v 0.739500 0.988160 10.249975
v 0.739500 0.988160 10.258258
v 0.960037 1.001272 10.258258
v 0.960037 1.001272 10.249975
v 0.966769 0.992826 10.258258
v 0.966769 0.992826 10.249975
v 0.983686 0.999182 10.267363
v 0.983686 0.999182 10.278857
v 0.976591 1.000213 10.267363
v 0.976591 1.000213 10.278857
v 0.983686 1.024404 10.278857
v 0.983686 1.024404 10.267363
v 0.976591 1.023374 10.278857
v 0.976591 1.023374 10.267363
v 0.972680 0.995746 10.272054
v 0.963402 1.011779 10.272054
v 0.963493 1.011779 10.253957
v 0.976500 1.035456 10.258258
v 0.976500 1.035456 10.249975
v 0.966769 1.030760 10.258258
v 0.966769 1.030760 10.249975
v 0.990234 1.002160 10.267363
v 0.990234 1.002160 10.278857
v 0.983686 0.999182 10.267363
v 0.983686 0.999182 10.278857
v 0.976591 1.023374 10.278857
v 0.976591 1.023374 10.267363
v 0.971134 1.018678 10.278857
v 0.971134 1.018678 10.267363
v 1.006151 1.011808 10.258258
v 1.003695 1.001272 10.258258
v 1.006151 1.011808 10.249975
v 1.003695 1.001272 10.249975
v 0.972680 0.995746 10.272054
v 0.963493 1.011779 10.253957
v 0.972680 0.995833 10.253957
v 0.963402 1.011779 10.272054
v 0.972680 1.027754 10.253957
v 0.963493 1.011779 10.253957
v 0.991234 1.027840 10.272054
v 0.991143 1.027754 10.253957
v 0.972680 1.027840 10.272054
v 0.972680 1.027754 10.253957
v 1.000512 1.011779 10.272054
v 0.991234 0.995746 10.272054
v 0.991143 0.995833 10.253957
v 0.969133 1.011807 10.278857
v 0.969133 1.011807 10.267363
v 0.971134 1.004908 10.278857
v 0.971134 1.004908 10.267363
v 1.000421 1.011779 10.253957
v 1.000512 1.011779 10.272054
v 0.991143 0.995833 10.253957
v 0.966769 1.030760 10.258258
v 0.966769 1.030760 10.249975
v 0.960037 1.022314 10.258258
v 0.960037 1.022314 10.249975
v 0.976500 0.988160 10.249975
v 0.976500 0.988160 10.258258
v 0.966769 0.992826 10.249975
v 0.966769 0.992826 10.258258
v 0.960037 1.248314 10.258258
v 0.960037 1.248314 10.249975
v 0.957673 1.237808 10.258258
v 0.957673 1.237808 10.249975
v 0.963402 1.237779 10.272054
v 0.972680 1.253754 10.253957
v 0.963493 1.237779 10.253957
v 0.971134 1.244678 10.278857
v 0.971134 1.244678 10.267363
v 0.969133 1.237808 10.278857
v 0.969133 1.237808 10.267363
v 0.972680 1.221747 10.272054
v 0.991234 1.221747 10.272054
v 0.963402 1.237779 10.272054
v 1.000512 1.237779 10.272054
v 0.972680 1.253840 10.272054
v 0.991234 1.253840 10.272054
v 0.976591 1.226213 10.267363
v 0.976591 1.226213 10.278857
v 0.971134 1.230908 10.267363
v 0.971134 1.230908 10.278857
v 0.987324 1.214160 10.249975
v 0.987324 1.214160 10.258257
v 0.976500 1.214160 10.249975
v 0.976500 1.214160 10.258257
v 0.960037 1.227272 10.258257
v 0.960037 1.227272 10.249975
v 0.966769 1.218826 10.258257
v 0.966769 1.218826 10.249975
v 0.996964 1.256760 10.258258
v 0.996964 1.256760 10.249975
v 0.987324 1.261456 10.258258
v 0.987324 1.261456 10.249975
v 0.963402 1.237779 10.272054
v 0.972680 1.253840 10.272054
v 0.972680 1.253754 10.253957
v 0.957673 1.237808 10.258258
v 0.957673 1.237808 10.249975
v 0.960037 1.227272 10.258257
v 0.960037 1.227272 10.249975
v 1.000512 1.237779 10.272054
v 0.991234 1.221747 10.272054
v 0.991143 1.221833 10.253957
v 0.996964 1.218826 10.249975
v 0.996964 1.218826 10.258257
v 0.987324 1.214160 10.249975
v 0.987324 1.214160 10.258257
v 0.966769 1.256760 10.258258
v 0.966769 1.256760 10.249975
v 0.960037 1.248314 10.258258
v 0.960037 1.248314 10.249975
v 0.991234 1.221747 10.272054
v 0.972680 1.221747 10.272054
v 0.991143 1.221833 10.253957
v 0.972680 1.221833 10.253957
v 0.969133 1.237808 10.278857
v 0.969133 1.237808 10.267363
v 0.971134 1.230908 10.278857
v 0.971134 1.230908 10.267363
v 1.006151 1.237808 10.258258
v 1.003695 1.227272 10.258257
v 1.006151 1.237808 10.249975
v 1.003695 1.227272 10.249975
v 0.987324 1.261456 10.258258
v 0.987324 1.261456 10.249975
v 0.976500 1.261456 10.258258
v 0.976500 1.261456 10.249975
v 1.003695 1.248314 10.258258
v 1.006151 1.237808 10.258258
v 1.003695 1.248314 10.249975
v 1.006151 1.237808 10.249975
v 1.003695 1.227272 10.258257
v 0.996964 1.218826 10.258257
v 1.003695 1.227272 10.249975
v 0.996964 1.218826 10.249975
v 0.990234 1.228160 10.267363
v 0.990234 1.228160 10.278857
v 0.983686 1.225182 10.267363
v 0.983686 1.225182 10.278857
v 0.990234 1.247427 10.278857
v 0.994145 1.241386 10.278857
v 0.990234 1.247427 10.267363
v 0.994145 1.241386 10.267363
v 0.976500 1.261456 10.258258
v 0.976500 1.261456 10.249975
v 0.966769 1.256760 10.258258
v 0.966769 1.256760 10.249975
v 0.763421 1.011779 10.253957
v 0.763512 1.011779 10.272054
v 0.754143 0.995833 10.253957
v 0.766695 1.227272 10.258257
v 0.759964 1.218826 10.258257
v 0.766695 1.227272 10.249975
v 0.759964 1.218826 10.249975
v 0.769151 1.011808 10.258258
v 0.766695 1.001272 10.258258
v 0.769151 1.011808 10.249975
v 0.766695 1.001272 10.249975
v 0.739500 0.988160 10.249975
v 0.739500 0.988160 10.258258
v 0.729769 0.992826 10.249975
v 0.729769 0.992826 10.258258
v 0.729769 1.030760 10.258258
v 0.729769 1.030760 10.249975
v 0.723037 1.022314 10.258258
v 0.723037 1.022314 10.249975
v 0.983686 1.225182 10.267363
v 0.983686 1.225182 10.278857
v 0.976591 1.226213 10.267363
v 0.976591 1.226213 10.278857
v 0.972680 1.221747 10.272054
v 0.963402 1.237779 10.272054
v 0.963493 1.237779 10.253957
v 0.759964 1.218826 10.249975
v 0.759964 1.218826 10.258257
v 0.750324 1.214160 10.249975
v 0.750324 1.214160 10.258257
v 0.976500 1.214160 10.249975
v 0.976500 1.214160 10.258257
v 0.966769 1.218826 10.249975
v 0.966769 1.218826 10.258257
v 0.766695 1.248314 10.258258
v 0.769151 1.237808 10.258258
v 0.766695 1.248314 10.249975
v 0.769151 1.237808 10.249975
v 0.983686 1.225182 10.278857
v 0.990234 1.228160 10.278857
v 0.976591 1.226213 10.278857
v 0.971134 1.230908 10.278857
v 0.994145 1.234200 10.278857
v 0.969133 1.237808 10.278857
v 0.994145 1.241386 10.278857
v 0.971134 1.244678 10.278857
v 0.990234 1.247427 10.278857
v 0.976591 1.249374 10.278857
v 0.983686 1.250404 10.278857
v 0.720673 1.237808 10.258258
v 0.720673 1.237808 10.249975
v 0.723037 1.227272 10.258257
v 0.723037 1.227272 10.249975
v 0.759964 1.256760 10.258258
v 0.759964 1.256760 10.249975
v 0.750324 1.261456 10.258258
v 0.750324 1.261456 10.249975
v 0.759964 1.256760 10.258258
v 0.766695 1.248314 10.258258
v 0.759964 1.256760 10.249975
v 0.766695 1.248314 10.249975
v 0.994145 1.241386 10.278857
v 0.994145 1.234200 10.278857
v 0.994145 1.241386 10.267363
v 0.994145 1.234200 10.267363
v 0.983686 1.250404 10.278857
v 0.983686 1.250404 10.267363
v 0.976591 1.249374 10.278857
v 0.976591 1.249374 10.267363
v 0.990234 1.247427 10.278857
v 0.990234 1.247427 10.267363
v 0.983686 1.250404 10.278857
v 0.983686 1.250404 10.267363
v 0.723037 1.227272 10.258257
v 0.723037 1.227272 10.249975
v 0.729769 1.218826 10.258257
v 0.729769 1.218826 10.249975
v 0.723037 1.022314 10.258258
v 0.723037 1.022314 10.249975
v 0.720673 1.011808 10.258258
v 0.720673 1.011808 10.249975
v 0.750324 1.214160 10.249975
v 0.750324 1.214160 10.258257
v 0.739500 1.214160 10.249975
v 0.739500 1.214160 10.258257
v 0.750324 1.261456 10.258258
v 0.750324 1.261456 10.249975
v 0.739500 1.261456 10.258258
v 0.739500 1.261456 10.249975
v 0.739591 1.000213 10.267363
v 0.739591 1.000213 10.278857
v 0.734134 1.004908 10.267363
v 0.734134 1.004908 10.278857
v 0.994145 1.234200 10.278857
v 0.990234 1.228160 10.278857
v 0.994145 1.234200 10.267363
v 0.990234 1.228160 10.267363
v 0.739500 1.035456 10.258258
v 0.739500 1.035456 10.249975
v 0.729769 1.030760 10.258258
v 0.729769 1.030760 10.249975
v 0.996964 1.256760 10.258258
v 1.003695 1.248314 10.258258
v 0.996964 1.256760 10.249975
v 1.003695 1.248314 10.249975
v 0.735680 0.995746 10.272054
v 0.726493 1.011779 10.253957
v 0.735680 0.995833 10.253957
v 0.754234 1.027840 10.272054
v 0.754143 1.027754 10.253957
v 0.735680 1.027840 10.272054
v 0.735680 1.027754 10.253957
v 0.753234 1.021427 10.278857
v 0.757145 1.015386 10.278857
v 0.753234 1.021427 10.267363
v 0.757145 1.015386 10.267363
v 0.746686 0.999182 10.278857
v 0.753234 1.002160 10.278857
v 0.739591 1.000213 10.278857
v 0.734134 1.004908 10.278857
v 0.757145 1.008200 10.278857
v 0.732133 1.011807 10.278857
v 0.757145 1.015386 10.278857
v 0.734134 1.018678 10.278857
v 0.753234 1.021427 10.278857
v 0.739591 1.023374 10.278857
v 0.746686 1.024404 10.278857
v 0.735680 0.995746 10.272054
v 0.754234 0.995746 10.272054
v 0.726402 1.011779 10.272054
v 0.763512 1.011779 10.272054
v 0.735680 1.027840 10.272054
v 0.754234 1.027840 10.272054
v 0.732133 1.011807 10.278857
v 0.732133 1.011807 10.267363
v 0.734134 1.004908 10.278857
v 0.734134 1.004908 10.267363
v 0.734134 1.018678 10.278857
v 0.734134 1.018678 10.267363
v 0.732133 1.011807 10.278857
v 0.732133 1.011807 10.267363
v 0.726402 1.011779 10.272054
v 0.735680 1.027754 10.253957
v 0.726493 1.011779 10.253957
v 0.754234 0.995746 10.272054
v 0.735680 0.995746 10.272054
v 0.754143 0.995833 10.253957
v 0.735680 0.995833 10.253957
v 0.735680 0.995746 10.272054
v 0.726402 1.011779 10.272054
v 0.726493 1.011779 10.253957
v 0.757145 1.008200 10.278857
v 0.753234 1.002160 10.278857
v 0.757145 1.008200 10.267363
v 0.753234 1.002160 10.267363
v 0.753234 1.021427 10.278857
v 0.753234 1.021427 10.267363
v 0.746686 1.024404 10.278857
v 0.746686 1.024404 10.267363
v 0.739500 0.988160 10.258258
v 0.750324 0.988160 10.258258
v 0.729769 0.992826 10.258258
v 0.759964 0.992826 10.258258
v 0.723037 1.001272 10.258258
v 0.766695 1.001272 10.258258
v 0.720673 1.011808 10.258258
v 0.769151 1.011808 10.258258
v 0.723037 1.022314 10.258258
v 0.766695 1.022314 10.258258
v 0.729769 1.030760 10.258258
v 0.759964 1.030760 10.258258
v 0.739500 1.035456 10.258258
v 0.750324 1.035456 10.258258
v 0.746686 1.024404 10.278857
v 0.746686 1.024404 10.267363
v 0.739591 1.023374 10.278857
v 0.739591 1.023374 10.267363
v 0.746686 0.999182 10.267363
v 0.746686 0.999182 10.278857
v 0.739591 1.000213 10.267363
v 0.739591 1.000213 10.278857
v 0.754234 1.027840 10.272054
v 0.763512 1.011779 10.272054
v 0.754143 1.027754 10.253957
v 0.753234 1.002160 10.267363
v 0.753234 1.002160 10.278857
v 0.746686 0.999182 10.267363
v 0.746686 0.999182 10.278857
v 0.754143 1.027754 10.253957
v 0.763512 1.011779 10.272054
v 0.763421 1.011779 10.253957
v 0.726402 1.011779 10.272054
v 0.735680 1.027840 10.272054
v 0.735680 1.027754 10.253957
v 0.763512 1.011779 10.272054
v 0.754234 0.995746 10.272054
v 0.754143 0.995833 10.253957
v 0.757145 1.015386 10.278857
v 0.757145 1.008200 10.278857
v 0.757145 1.015386 10.267363
v 0.757145 1.008200 10.267363
v 0.739591 1.023374 10.278857
v 0.739591 1.023374 10.267363
v 0.734134 1.018678 10.278857
v 0.734134 1.018678 10.267363
v 1.009644 0.953711 10.193883
v 1.009644 0.953711 10.249975
v 0.724516 0.953711 10.220075
v 0.724516 0.953711 10.249975
v 1.049235 0.975382 10.249975
v 1.049235 0.975382 10.193883
v 0.715212 1.278536 10.249975
v 0.715211 1.278536 10.220075
v 0.705869 1.275692 10.249975
v 0.705869 1.275692 10.220075
v 0.697752 1.271111 10.249975
v 0.697751 1.271111 10.220075
v 0.680406 0.992303 10.249975
v 0.680406 0.992303 10.220075
v 1.010372 1.279573 10.249975
v 1.010372 1.279573 10.193883
v 0.725244 1.279573 10.249975
v 0.725243 1.279573 10.220075
v 0.714484 0.954748 10.249975
v 0.714484 0.954748 10.220075
v 1.053677 0.992303 10.249975
v 1.052529 0.983457 10.249975
v 1.053677 0.992303 10.193883
v 1.052529 0.983457 10.193883
v 0.926490 1.017360 10.611186
v 0.924500 1.020710 10.607315
v 0.926490 1.017360 10.622816
v 0.996964 1.030760 10.258258
v 1.003695 1.022314 10.258258
v 0.996964 1.030760 10.249975
v 1.003695 1.022314 10.249975
v 1.003695 1.022314 10.258258
v 1.006151 1.011808 10.258258
v 1.003695 1.022314 10.249975
v 1.006151 1.011808 10.249975
v 0.976500 0.988160 10.258258
v 0.987324 0.988160 10.258258
v 0.966769 0.992826 10.258258
v 0.996964 0.992826 10.258258
v 0.960037 1.001272 10.258258
v 1.003695 1.001272 10.258258
v 0.957673 1.011808 10.258258
v 1.006151 1.011808 10.258258
v 0.960037 1.022314 10.258258
v 1.003695 1.022314 10.258258
v 0.966769 1.030760 10.258258
v 0.996964 1.030760 10.258258
v 0.976500 1.035456 10.258258
v 0.987324 1.035456 10.258258
v 0.922508 1.024181 10.249975
v 0.922508 1.024181 10.607315
v 0.884525 1.010369 10.607315
v 0.922508 1.024181 10.607315
v 0.953446 1.050166 10.607315
v 0.973663 1.085191 10.607315
v 0.980708 1.124988 10.607315
v 0.973663 1.164809 10.607315
v 0.953446 1.199810 10.607315
v 0.922508 1.225794 10.607315
v 0.884525 1.239631 10.607315
v 0.844091 1.239631 10.607315
v 0.844091 1.010369 10.607315
v 0.806108 1.024181 10.607315
v 0.775169 1.050166 10.607315
v 0.754953 1.085191 10.607315
v 0.747907 1.124988 10.607315
v 0.754953 1.164809 10.607315
v 0.775169 1.199810 10.607315
v 0.806108 1.225794 10.607315
v 0.924500 1.020710 10.626686
v 0.845107 1.016088 10.626686
v 0.873947 1.014829 10.626686
v 0.817576 1.024768 10.626686
v 0.793229 1.040278 10.626686
v 0.773727 1.061561 10.626686
v 0.760397 1.087166 10.626686
v 0.754149 1.115349 10.626686
v 0.755407 1.144189 10.626686
v 0.764088 1.171720 10.626686
v 0.779598 1.196067 10.626686
v 0.800880 1.215569 10.626686
v 0.826486 1.228899 10.626686
v 0.854669 1.235147 10.626686
v 0.902129 1.021077 10.626686
v 0.927735 1.034407 10.626686
v 0.949018 1.053910 10.626686
v 0.964528 1.078256 10.626686
v 0.973208 1.105787 10.626686
v 0.974467 1.134627 10.626686
v 0.968218 1.162810 10.626686
v 0.954889 1.188415 10.626686
v 0.935386 1.209698 10.626686
v 0.911040 1.225208 10.626686
v 0.883508 1.233888 10.626686
v 0.983686 0.999182 10.278857
v 0.990234 1.002160 10.278857
v 0.976591 1.000213 10.278857
v 0.971134 1.004908 10.278857
v 0.994145 1.008200 10.278857
v 0.969133 1.011807 10.278857
v 0.994145 1.015386 10.278857
v 0.971134 1.018678 10.278857
v 0.990234 1.021427 10.278857
v 0.976591 1.023374 10.278857
v 0.983686 1.024404 10.278857
v 0.990234 1.021427 10.278857
v 0.990234 1.021427 10.267363
v 0.983686 1.024404 10.278857
v 0.983686 1.024404 10.267363
v 0.990234 1.021427 10.278857
v 0.994145 1.015386 10.278857
v 0.990234 1.021427 10.267363
v 0.994145 1.015386 10.267363
v 0.994145 1.015386 10.278857
v 0.994145 1.008200 10.278857
v 0.994145 1.015386 10.267363
v 0.994145 1.008200 10.267363
v 0.991143 1.027754 10.253957
v 1.000512 1.011779 10.272054
v 1.000421 1.011779 10.253957
v 0.991234 1.027840 10.272054
v 1.000512 1.011779 10.272054
v 0.991143 1.027754 10.253957
v 0.972680 0.995746 10.272054
v 0.991234 0.995746 10.272054
v 0.963402 1.011779 10.272054
v 1.000512 1.011779 10.272054
v 0.972680 1.027840 10.272054
v 0.991234 1.027840 10.272054
v 0.724516 0.953711 10.249975
v 1.009644 0.953711 10.249975
v 0.714484 0.954748 10.249975
v 1.019752 0.954748 10.249975
v 0.705141 0.957689 10.249975
v 1.028942 0.957689 10.249975
v 0.697024 0.962269 10.249975
v 1.037213 0.962269 10.249975
v 0.690132 0.968150 10.249975
v 1.044105 0.968150 10.249975
v 0.684924 0.975382 10.249975
v 1.049235 0.975382 10.249975
v 0.681631 0.983457 10.249975
v 1.052529 0.983457 10.249975
v 0.680406 0.992303 10.249975
v 1.053677 0.992303 10.249975
v 0.681134 1.241004 10.249975
v 1.054405 1.241004 10.249975
v 0.682359 1.249827 10.249975
v 1.053256 1.249827 10.249975
v 0.685652 1.257902 10.249975
v 1.049963 1.257902 10.249975
v 0.690859 1.265133 10.249975
v 1.044833 1.265133 10.249975
v 0.697752 1.271111 10.249975
v 1.037941 1.271111 10.249975
v 0.705869 1.275692 10.249975
v 1.029670 1.275692 10.249975
v 0.715212 1.278536 10.249975
v 1.020480 1.278536 10.249975
v 0.725244 1.279573 10.249975
v 1.010372 1.279573 10.249975
vn -0.1841 0.9563 0.2271
vn -0.2886 0.8221 -0.4908
vn -0.1034 0.9887 0.1088
vn 0.2378 0.7558 0.6101
vn 0.5776 0.3098 0.7552
vn 0.1749 0.8091 0.5610
vn -0.3266 0.8510 0.4113
vn -0.7353 0.6765 -0.0405
vn -0.2329 0.9276 0.2920
vn -0.5240 -0.2050 -0.8267
vn -0.6976 -0.5502 -0.4589
vn -0.8666 -0.3156 -0.3865
vn 0.5764 -0.3337 -0.7459
vn 0.3874 0.3829 -0.8386
vn 0.3224 -0.2355 -0.9169
vn -0.5788 0.7733 -0.2587
vn -0.3865 0.3832 -0.8389
vn -0.3167 0.8755 -0.3649
vn -0.7551 0.5128 -0.4084
vn -0.4716 0.1717 -0.8650
vn -0.8245 0.3287 -0.4605
vn -0.1775 0.9109 -0.3726
vn -0.3092 0.4688 -0.8274
vn -0.4617 0.7987 -0.3859
vn -0.7981 -0.2186 -0.5615
vn -0.3135 -0.5182 -0.7957
vn -0.8867 -0.2616 -0.3811
vn 0.7661 0.6427 -0.0000
vn 0.5003 0.8658 -0.0000
vn -0.3095 0.5192 0.7966
vn 0.3743 0.7144 0.5913
vn 0.3732 0.5215 0.7673
vn 0.7875 -0.3984 -0.4702
vn 0.1452 -0.8310 -0.5369
vn 0.3114 -0.8172 -0.4850
vn 0.1808 0.8548 0.4864
vn 0.3700 0.8354 0.4064
vn 0.7747 0.5353 0.3367
vn 0.5441 -0.3151 -0.7776
vn 0.3867 0.3832 -0.8388
vn 0.3606 -0.1780 -0.9156
vn 0.1109 0.5516 0.8267
vn 0.4216 0.7832 0.4571
vn 0.1605 0.9084 0.3860
vn 0.0955 -0.9882 -0.1199
vn 0.0885 -0.8993 0.4282
vn 0.0250 -0.9838 -0.1777
vn -0.5514 -0.7532 0.3586
vn -0.4075 -0.3845 0.8283
vn -0.6971 -0.5503 0.4596
vn 0.1039 -0.1398 -0.9847
vn -0.8647 0.5022 -0.0043
vn -0.3068 0.1362 0.9420
vn 0.3139 0.2686 0.9107
vn 0.3103 0.1361 0.9408
vn 0.1222 -0.1510 -0.9810
vn 0.1195 0.4717 -0.8736
vn -0.0000 -1.0000 -0.0000
vn -0.0000 -0.0000 1.0000
vn 0.4894 -0.7464 -0.4510
vn 0.6634 -0.5910 0.4589
vn 0.4206 -0.7820 0.4599
vn 0.4896 0.7464 0.4508
vn 0.6635 0.5910 -0.4588
vn 0.4615 0.7988 -0.3859
vn 0.1021 -0.6429 -0.7592
vn -0.5140 -0.2224 0.8284
vn -0.8666 -0.3156 0.3865
vn -0.8659 0.5002 -0.0067
vn 0.4551 -0.3495 0.8189
vn 0.5601 -0.7811 0.2760
vn 0.7080 -0.2934 0.6424
vn -0.1636 -0.8331 -0.5284
vn -0.3606 -0.1780 -0.9156
vn -0.5787 -0.3087 -0.7549
vn 0.8655 -0.5009 -0.0044
vn -0.6522 0.7580 -0.0000
vn -0.8678 -0.2443 -0.4327
vn -0.3111 -0.7141 -0.6271
vn -0.7685 -0.4707 -0.4334
vn 0.9757 -0.2189 -0.0000
vn -0.8659 0.3176 0.3864
vn -0.5005 -0.0000 0.8657
vn -0.5143 0.2226 0.8282
vn -0.4560 -0.7605 -0.4623
vn -0.1717 -0.3508 -0.9206
vn -0.2512 -0.5023 -0.8274
vn 0.4507 0.3348 0.8275
vn 0.6632 0.5916 0.4585
vn 0.2263 -0.4072 -0.8849
vn 0.4215 -0.7833 -0.4568
vn 0.3116 -0.4723 -0.8245
vn -0.9756 0.2195 -0.0000
vn -0.3053 0.8372 0.4537
vn 0.2529 0.8412 0.4780
vn 0.9658 -0.2594 -0.0000
vn 0.9977 -0.0673 -0.0000
vn -0.7924 0.3591 0.4931
vn -0.1736 0.8096 0.5607
vn -0.3479 0.7971 0.4935
vn 0.8666 0.3157 0.3865
vn 0.8246 0.3287 -0.4605
vn -0.7914 0.5398 0.2869
vn -0.9989 0.0388 0.0246
vn -0.7699 0.5397 0.3406
vn 0.8113 0.4507 0.3723
vn 0.9917 -0.0080 0.1285
vn -0.8069 -0.0850 -0.5845
vn -1.0000 -0.0079 0.0003
vn -1.0000 -0.0002 -0.0004
vn -0.0000 -1.0000 -0.0048
vn 0.3132 0.2623 0.9127
vn -0.3734 0.5212 0.7674
vn 0.3732 0.4830 0.7921
vn 0.8321 -0.3043 -0.4637
vn 0.9224 -0.0000 0.3862
vn 0.8666 -0.3157 0.3865
vn -0.0526 0.9986 -0.0000
vn -0.1998 0.9798 -0.0000
vn -0.0511 0.9987 -0.0000
vn -0.5001 -0.8660 -0.0000
vn -0.7662 -0.6426 -0.0000
vn -0.8655 -0.5009 -0.0067
vn 0.0804 0.8708 -0.4851
vn 0.0993 0.4142 -0.9048
vn 0.8659 0.5002 -0.0024
vn 0.4451 -0.7681 0.4603
vn 0.1604 -0.9092 -0.3841
vn 0.6521 -0.7581 -0.0000
vn 0.5729 -0.8196 -0.0000
vn 0.3980 -0.9174 -0.0000
vn 0.8665 -0.4992 -0.0024
vn 0.3592 -0.3104 -0.8801
vn -0.3127 -0.5183 -0.7960
vn -0.3139 -0.2690 -0.9105
vn -0.8643 -0.5029 -0.0043
vn -0.9739 -0.2270 -0.0000
vn 0.4346 0.9006 -0.0000
vn -0.6508 0.6120 0.4493
vn -0.4678 0.7567 -0.4567
vn -0.6971 0.5503 -0.4596
vn 0.4379 0.8990 -0.0000
vn 0.8773 -0.3014 -0.3735
vn 0.6385 -0.6658 -0.3860
vn -0.4140 -0.9103 -0.0000
vn 0.8669 0.4985 -0.0044
vn 1.0000 -0.0000 -0.0000
vn 0.6522 0.7580 -0.0000
vn -0.1738 0.9848 -0.0000
vn -0.5003 0.8658 -0.0000
vn -0.3625 0.6747 0.6429
vn -0.7941 0.5315 0.2946
vn -0.2523 0.8413 0.4781
vn 0.8050 -0.5050 -0.3114
vn 0.3005 -0.8801 -0.3677
vn 0.3728 -0.8199 -0.4344
vn 0.5730 0.8196 -0.0000
vn 0.7407 0.6718 -0.0000
vn -0.9396 -0.3423 -0.0000
vn -1.0000 -0.0001 -0.0000
vn 0.6797 -0.5691 0.4629
vn 0.6558 -0.6757 -0.3365
vn 0.3133 -0.5163 -0.7970
vn 0.7708 -0.1459 -0.6201
vn 0.7736 -0.3219 -0.5459
vn 0.4356 -0.9001 -0.0000
vn 0.3121 0.5090 0.8022
vn 0.3116 0.7210 0.6189
vn 0.4602 -0.3171 0.8293
vn 0.8749 -0.4844 -0.0000
vn -0.0000 1.0000 -0.0000
vn -0.5744 -0.3048 -0.7597
vn -0.3874 0.3829 -0.8386
vn -0.7089 0.2939 -0.6412
vn -0.9891 -0.0811 0.1227
vn -0.9235 -0.1586 0.3492
vn -0.7661 0.6427 -0.0000
vn 0.1449 0.9166 -0.3725
vn 0.9276 -0.0168 -0.3733
vn 0.8246 0.3287 0.4604
vn 0.3327 -0.8419 0.4248
vn 0.7820 0.6233 -0.0000
vn 1.0000 -0.0002 -0.0000
vn 0.7721 0.2032 0.6022
vn 0.9999 0.0099 -0.0057
vn -0.3866 -0.3831 0.8389
vn -0.5790 0.2598 0.7728
vn -0.7084 -0.2932 0.6420
vn 0.9979 -0.0647 0.0093
vn 0.7994 0.3279 0.5034
vn 0.9961 -0.0701 -0.0545
vn 0.5620 -0.7822 0.2688
vn 0.1172 -0.9904 -0.0737
vn 0.2001 -0.9616 -0.1879
vn 0.1307 0.8760 -0.4643
vn 0.2886 0.8221 -0.4908
vn 0.1582 0.9091 0.3853
vn 0.2510 0.4338 0.8653
vn -0.0000 1.0000 -0.0047
vn 0.1992 -0.8069 -0.5561
vn 0.7469 -0.4186 -0.5166
vn 0.4140 -0.9103 -0.0000
vn 0.9236 0.1610 -0.3479
vn 0.8401 0.5277 0.1257
vn 0.7361 0.6754 -0.0435
vn -0.8467 0.1464 0.5115
vn 0.1799 0.8542 0.4878
vn 0.3657 0.8374 0.4062
vn 0.7708 0.5401 0.3380
vn -0.0394 0.6617 0.7488
vn 0.1241 0.8075 0.5767
vn -0.0770 0.9879 0.1349
vn 0.7702 -0.1887 -0.6092
vn 0.3127 -0.5183 -0.7960
vn 0.3139 -0.2690 -0.9106
vn -0.3104 -0.1364 -0.9408
vn -0.8549 -0.1703 -0.4900
vn -0.8095 -0.0692 -0.5831
vn 0.5609 0.7797 -0.2782
vn -0.7698 -0.3399 -0.5402
vn -0.9859 -0.0904 -0.1406
vn 0.2966 0.2789 0.9134
vn 0.7196 0.6373 0.2756
vn 0.4083 0.3852 0.8276
vn -0.3195 -0.2730 -0.9074
vn -0.0583 -0.6372 -0.7685
vn -0.1029 -0.1419 -0.9845
vn 0.9997 0.0225 -0.0067
vn -0.8241 -0.1900 -0.5336
vn -0.4072 -0.1300 -0.9040
vn -0.3710 -0.2857 -0.8836
vn -0.1582 0.9091 0.3853
vn -0.2514 0.4348 0.8647
vn -0.0872 0.4942 0.8650
vn -0.3085 -0.5074 -0.8046
vn 0.2445 0.7289 0.6395
vn -0.4075 -0.4461 0.7969
vn -0.5600 -0.7811 0.2760
vn -0.2988 -0.8522 0.4296
vn 0.7084 -0.2932 0.6420
vn 0.7925 0.3705 0.4845
vn -0.5776 0.3099 0.7552
vn -0.7087 -0.2931 0.6417
vn 0.9228 0.1596 -0.3506
vn 0.9986 -0.0511 -0.0103
vn 0.8462 0.1585 0.5087
vn 0.8143 0.3046 0.4940
vn 0.7821 0.6232 -0.0000
vn -0.0289 -0.7494 -0.6615
vn -0.1040 -0.1398 -0.9847
vn -0.9988 0.0349 -0.0342
vn -0.8657 -0.0701 -0.4956
vn 0.7835 -0.4943 -0.3766
vn 0.8657 -0.0701 -0.4956
vn 0.9978 -0.0073 -0.0666
vn 0.4139 0.9103 -0.0000
vn -0.8135 -0.3915 -0.4300
vn 0.3103 -0.1364 -0.9408
vn -0.6976 0.5502 0.4589
vn -0.4574 0.8453 0.2763
vn -0.9737 0.2276 -0.0000
vn -0.9235 0.1602 -0.3486
vn -0.8390 0.5286 0.1292
vn -0.9955 0.0290 -0.0903
vn 0.3532 0.3110 0.8823
vn 0.7387 0.0993 0.6667
vn 0.3120 0.1355 0.9404
vn 0.3735 0.2856 0.8826
vn -0.5021 0.0117 -0.8647
vn -0.9224 -0.0000 -0.3862
vn 0.9601 0.2796 -0.0000
vn -0.9935 0.0032 0.1134
vn -0.7921 0.3713 0.4846
vn -0.7747 0.5352 0.3368
vn -0.4356 -0.9001 -0.0000
vn -0.9970 -0.0625 -0.0451
vn -0.7442 0.6299 0.2225
vn -0.7487 0.5858 0.3102
vn -0.7820 -0.6233 -0.0000
vn -0.8401 0.1249 0.5278
vn -0.9946 0.0157 0.1025
vn -0.3622 -0.6721 -0.6458
vn 0.3238 -0.4469 -0.8339
vn 0.3111 -0.7141 -0.6271
vn -0.4323 -0.9017 -0.0000
vn -0.3120 0.1355 0.9404
vn 0.3104 0.1362 0.9408
vn -0.3274 0.7181 0.6142
vn -0.7557 0.3751 0.5369
vn -0.8677 0.3609 0.3418
vn 0.3027 -0.8396 -0.4511
vn 0.3499 -0.8438 -0.4068
vn 0.2630 -0.7947 -0.5471
vn 0.3413 0.8799 0.3306
vn 0.7353 0.6765 -0.0405
vn 0.8436 0.5229 0.1219
vn 0.2788 -0.9248 -0.2589
vn 0.2363 -0.9627 -0.1316
vn 0.0808 0.2015 0.9761
vn 0.3621 0.1777 0.9150
vn 0.9901 -0.0216 -0.1387
vn -0.2822 0.2260 0.9324
vn -0.7386 0.0993 0.6667
vn -0.1190 -0.4724 0.8733
vn 0.1854 0.9565 0.2251
vn 0.3734 -0.7031 -0.6052
vn 0.8869 -0.2611 -0.3812
vn 0.7684 -0.5050 -0.3932
vn -0.3095 -0.8364 -0.4525
vn -0.7581 -0.5540 -0.3441
vn -0.8155 -0.5119 -0.2702
vn 0.7577 -0.6449 0.0998
vn 0.9229 -0.1606 0.3499
vn -0.0459 0.7915 0.6095
vn -0.3490 0.2511 0.9029
vn -0.1040 0.1386 0.9849
vn 0.8394 0.5435 -0.0000
vn -0.9995 -0.0009 -0.0326
vn -0.8290 0.4381 0.3476
vn -0.8143 0.3046 0.4940
vn 0.7378 -0.6750 -0.0060
vn 0.8223 -0.5432 -0.1696
vn 0.8640 0.0720 0.4983
vn -0.9235 0.1592 -0.3491
vn -0.7083 0.2968 -0.6405
vn 0.0511 0.9987 -0.0000
vn 0.1998 0.9798 -0.0000
vn 0.0519 0.9987 -0.0000
vn 0.8067 -0.4953 -0.3224
vn 0.9924 -0.0044 0.1228
vn 0.7982 -0.5774 -0.1715
vn -0.8394 0.5435 -0.0000
vn -0.9984 -0.0558 -0.0130
vn -0.7639 -0.5548 -0.3297
vn -0.9941 0.1019 -0.0382
vn 0.1273 0.9646 0.2308
vn -0.7825 -0.3756 -0.4967
vn -0.9974 -0.0561 -0.0460
vn 0.7546 0.4377 0.4889
vn -0.1632 -0.9823 -0.0916
vn -0.2012 -0.9616 -0.1865
vn 0.5012 0.0116 0.8652
vn 0.3080 -0.8798 -0.3620
vn 0.7846 -0.1381 -0.6044
vn 0.3104 -0.1364 -0.9408
vn 0.8069 -0.0850 -0.5845
vn -1.0000 -0.0000 -0.0000
vn -0.0000 -0.0000 -1.0000
vn -0.4692 -0.1707 -0.8664
vn -0.4354 0.0952 -0.8952
vn -0.3633 0.2249 0.9041
vn -0.2683 0.4966 0.8255
vn 0.2518 -0.7106 -0.6570
vn 0.8855 -0.2464 -0.3939
vn 0.7806 -0.5015 -0.3730
vn -0.1965 0.9667 0.1639
vn -0.1080 0.9795 0.1700
vn -0.3058 -0.8372 -0.4533
vn -0.8158 -0.5120 -0.2690
vn -0.8685 0.0708 0.4906
vn -0.3300 0.2678 0.9052
vn -0.3105 0.1360 0.9408
vn -0.0226 -0.9996 -0.0150
vn 0.7877 0.3548 0.5036
vn -0.4072 0.3837 0.8288
vn 0.4102 -0.0973 -0.9068
vn 0.5147 -0.2229 -0.8279
vn 0.9997 -0.0020 -0.0243
vn 0.8141 0.3135 0.4888
vn -0.9601 0.2796 -0.0000
vn 0.8766 -0.4813 -0.0000
vn 0.7380 -0.6748 -0.0000
vn 0.3068 -0.1366 -0.9419
vn -0.3441 -0.2032 -0.9167
vn -0.2356 -0.5004 -0.8331
vn 0.8331 0.4193 0.3608
vn 0.3734 0.5212 0.7674
vn 0.3702 0.7150 0.5930
vn -0.8365 0.4081 0.3658
vn -0.8306 0.3016 0.4681
vn 0.3127 0.8506 0.4228
vn -0.0000 0.5338 0.8456
vn -0.0729 -0.4585 0.8857
vn -0.1603 -0.9094 0.3838
vn -0.1302 -0.5477 0.8265
vn -0.1438 -0.9896 -0.0000
vn 0.0887 -0.8990 0.4289
vn -0.0717 -0.8248 0.5608
vn 0.1738 0.9848 -0.0000
vn -0.8246 -0.3287 -0.4604
vn -0.2614 0.7333 0.6277
vn 0.3139 0.8327 0.4562
vn 0.5194 0.2028 -0.8301
vn 0.6971 0.5503 -0.4596
vn 0.8787 0.3198 -0.3545
vn -0.4601 -0.3172 -0.8293
vn -0.4215 -0.7833 -0.4568
vn -0.6633 -0.5916 -0.4584
vn -0.8766 -0.4813 -0.0000
vn -0.9669 -0.2553 -0.0000
vn 0.8394 -0.5435 -0.0000
vn -0.3043 0.8377 0.4535
vn 0.2539 0.8416 0.4766
vn -0.1437 0.9896 -0.0000
vn -0.4731 0.1602 0.8663
vn -0.8246 0.3287 0.4604
vn 0.9396 -0.3423 -0.0000
vn 1.0000 -0.0001 -0.0000
vn -0.0500 -0.9987 -0.0000
vn -0.2025 -0.9793 -0.0000
vn -0.7356 -0.6774 -0.0000
vn -0.8749 -0.4844 -0.0000
vn 0.0676 0.9099 -0.4092
vn 0.0264 0.4113 -0.9111
vn 0.9226 -0.0042 -0.3857
vn 0.8465 -0.4115 0.3379
vn 0.9396 0.3424 -0.0000
vn 0.9756 0.2195 -0.0000
vn 0.1687 -0.3888 0.9057
vn 0.2525 -0.5028 0.8267
vn -0.1980 0.8408 0.5039
vn -0.8201 0.4492 0.3545
vn -0.3980 -0.9174 -0.0000
vn 0.2960 -0.5129 -0.8058
vn -0.2238 0.3417 0.9128
vn -0.5032 0.8192 0.2751
vn -0.3104 0.4712 0.8256
vn -0.0729 0.9004 -0.4289
vn -0.1195 0.4717 -0.8736
vn 0.3200 0.7784 0.5401
vn 0.1040 0.1386 0.9849
vn 0.3490 0.2511 0.9029
vn 0.3092 0.4688 -0.8274
vn 0.0876 0.4961 -0.8639
vn 0.2614 -0.8959 0.3593
vn -0.1804 -0.8703 -0.4583
vn -0.9757 -0.2189 -0.0000
vn 0.3921 0.9199 -0.0000
vn 0.8600 0.3663 0.3552
vn 0.8749 0.4844 -0.0000
vn 0.7383 0.6744 -0.0000
vn -0.7821 0.6232 -0.0000
vn 0.5021 -0.0118 -0.8647
vn 0.1735 -0.9848 -0.0000
vn -0.1735 -0.9848 -0.0000
vn 0.8766 0.4813 -0.0000
vn 0.9668 0.2555 -0.0000
vn -0.4379 0.8990 -0.0000
vn 0.7662 -0.6426 -0.0000
vn -0.8766 0.4813 -0.0000
vn -0.7407 0.6718 -0.0000
vn 0.0385 0.9988 0.0307
vn -0.0395 0.9987 0.0336
vn -0.0887 -0.8990 0.4289
vn -0.0311 -0.9928 -0.1153
vn 0.8425 -0.4714 -0.2607
vn 0.7980 -0.4703 -0.3767
vn 0.4072 -0.1300 -0.9040
vn -0.2962 -0.2698 -0.9162
vn -0.3103 -0.1364 -0.9408
vn -0.9978 -0.0660 -0.0000
vn -0.9980 0.0632 -0.0000
vn 0.9739 -0.2270 -0.0000
vn 0.9980 0.0632 -0.0000
vn -0.9365 0.3507 -0.0000
vn -0.2702 0.2421 0.9319
vn -0.0808 0.2016 0.9761
vn 0.9964 0.0363 -0.0764
vn 0.8322 0.4381 0.3399
vn 0.2677 0.8382 0.4751
vn 0.2045 -0.9789 -0.0000
vn 0.3965 -0.9180 -0.0000
vn 0.9737 0.2276 -0.0000
vn -0.1923 -0.8698 0.4544
vn 0.1299 -0.5469 0.8270
vn -0.0876 -0.4958 0.8640
vn -0.0993 0.4142 -0.9048
vn 0.9365 0.3507 -0.0000
vn 0.1190 -0.4724 0.8733
vn -0.7983 -0.5775 -0.1709
vn -0.2045 -0.9789 -0.0000
vn -0.3965 -0.9180 -0.0000
vn 0.4323 -0.9017 -0.0000
vn 0.8370 0.1883 0.5138
vn -0.4346 0.9006 -0.0000
vn 0.2044 -0.8697 -0.4493
vn 0.1624 -0.9214 0.3532
vn 0.8083 -0.0848 -0.5826
vn 0.8104 -0.1592 -0.5638
vn -0.9658 -0.2594 -0.0000
vn 0.1437 0.9896 -0.0000
vn -0.9668 0.2555 -0.0000
vn 0.2995 -0.1046 0.9483
vn 0.5762 0.8173 -0.0000
vn 0.3937 0.9193 -0.0000
vn -0.7821 -0.6232 -0.0000
vn -0.6521 -0.7581 -0.0000
vn -0.0511 -0.9987 -0.0000
vn -0.0519 -0.9987 -0.0000
vn 0.9996 -0.0146 -0.0228
vn -0.7820 0.6233 -0.0000
vn 0.5001 -0.8660 -0.0000
vn -0.7380 -0.6748 -0.0000
vn -0.3921 0.9199 -0.0000
vn -0.5730 0.8196 -0.0000
vn 0.0505 0.9987 -0.0000
vn 0.0515 0.9987 -0.0000
vn -0.9604 -0.2786 -0.0000
vn 0.0992 -0.4152 0.9043
vn 0.0751 -0.4570 0.8863
vn 0.4091 -0.3862 -0.8267
vn -0.9604 -0.2785 -0.0000
vn -0.0000 0.5327 -0.8463
vn -0.3069 -0.1366 -0.9419
vn -0.3318 0.7936 0.5100
vn -0.0992 -0.4152 0.9043
vn 0.8179 0.1854 0.5447
vn 0.7820 -0.6233 -0.0000
vn 0.9604 -0.2786 -0.0000
vn 0.4607 0.3173 -0.8289
vn 0.0732 0.9904 0.1173
vn -0.0913 0.8752 -0.4751
vn -0.9276 -0.0168 0.3733
vn -0.8666 0.3157 -0.3864
vn 0.5697 -0.8219 -0.0000
vn 0.9657 0.2596 -0.0000
vn -0.7967 -0.4928 -0.3499
vn -0.3697 -0.6857 -0.6270
vn -0.2033 0.6433 0.7382
vn -0.1739 0.8098 0.5604
vn 0.2539 0.9220 0.2924
vn 0.8217 -0.3416 -0.4562
vn 0.2895 0.8448 -0.4500
vn 0.2154 0.9625 0.1649
vn 0.1017 0.9786 0.1788
vn -0.3741 -0.8194 -0.4344
vn -0.8879 -0.4050 -0.2183
vn -0.2934 0.2832 -0.9131
vn -0.4094 0.3871 -0.8262
vn -0.9396 0.3424 -0.0000
vn -0.4139 0.9103 -0.0000
vn 0.3499 0.7963 0.4935
vn -0.7974 -0.4489 -0.4033
vn 0.3873 -0.3845 0.8380
vn -0.1176 -0.9903 -0.0735
vn -0.1969 0.1653 -0.9664
vn 0.8647 0.5022 -0.0043
vn -0.1770 -0.7910 -0.5856
vn -0.0662 -0.7392 -0.6703
vn 0.3133 0.8327 0.4565
vn 0.8659 0.5002 -0.0067
vn 0.0467 -0.7910 -0.6100
vn -0.8655 -0.5009 -0.0044
vn 0.2498 0.9238 0.2902
vn 0.5804 0.7765 -0.2453
vn -0.2136 0.3943 0.8938
vn 0.8655 -0.5009 -0.0068
vn -0.3175 -0.9184 -0.2361
vn -0.7988 -0.5769 -0.1704
vn -0.3378 -0.8706 -0.3576
vn -0.8659 0.5002 -0.0024
vn 0.0386 0.7835 0.6202
vn -0.8665 -0.4992 -0.0024
vn 0.8643 -0.5029 -0.0043
vn 0.7820 -0.6232 -0.0000
vn -0.8669 0.4985 -0.0044
vn -0.6634 -0.5910 0.4589
vn -0.8245 -0.3287 0.4605
vn -0.7187 0.6953 0.0014
vn -0.2320 0.9279 0.2918
vn -0.7960 -0.1525 -0.5857
vn 0.9985 -0.0137 -0.0525
vn -0.2534 0.5058 -0.8246
vn -0.0757 -0.3191 -0.9447
vn 0.5494 0.7698 -0.3250
vn 0.1645 0.3772 -0.9114
vn -0.9657 0.2596 -0.0000
vn -0.8749 0.4844 -0.0000
vn -0.5729 -0.8196 -0.0000
vn -0.8394 -0.5435 -0.0000
vn 0.1936 0.8145 0.5469
vn 0.0294 -0.7487 -0.6623
vn -0.3493 -0.6779 -0.6469
vn -0.2784 0.8562 0.4352
vn 0.7083 0.2968 -0.6405
vn 0.3396 -0.8950 -0.2894
vn -0.9975 0.0704 -0.0000
vn -0.2276 -0.3415 -0.9119
vn -0.0615 -0.4481 -0.8919
vn 0.4736 -0.1603 0.8660
vn 0.7089 0.2939 -0.6412
vn 0.9239 -0.1597 0.3476
vn 0.5741 0.2615 0.7759
vn -0.7333 -0.4485 -0.5110
vn -0.9993 -0.0373 -0.0079
vn 0.4737 0.1603 0.8660
vn -1.0000 -0.0002 -0.0000
vn -0.7721 0.2032 0.6022
vn -0.8086 0.0841 0.5823
vn -0.5586 -0.7827 0.2743
vn -0.3117 -0.7918 0.5253
vn -0.1807 0.8696 -0.4595
vn 1.0000 -0.0002 -0.0004
vn 0.2990 -0.8400 -0.4528
vn -0.2944 -0.8697 -0.3961
vn -0.7458 -0.6661 -0.0100
vn -0.9235 -0.1614 0.3481
vn -0.3567 0.4667 0.8093
vn 1.0000 -0.0017 -0.0090
vn 0.3622 -0.6721 -0.6458
vn -0.4942 -0.8252 0.2736
vn 0.9978 -0.0660 -0.0000
vn 0.9669 -0.2553 -0.0000
vn -0.3703 0.8355 0.4060
vn 0.0546 0.7137 0.6983
vn 0.8882 -0.4042 -0.2184
vn 0.3368 -0.8681 -0.3646
vn 0.3211 -0.7961 -0.5129
vn 0.2266 -0.8563 0.4641
vn -0.8441 -0.4572 -0.2802
vn 0.4756 -0.1607 -0.8649
vn -0.1882 -0.8577 -0.4785
vn -0.5394 0.8000 -0.2627
vn -0.3117 -0.8782 -0.3627
vn -0.6624 -0.4688 -0.5843
vn -0.7577 -0.6449 0.0998
vn 0.9946 0.0158 0.1025
vn -0.9997 0.0227 -0.0067
vn -0.8179 0.1852 0.5447
vn -0.3399 0.8798 0.3323
vn -0.8640 0.0720 0.4983
vn -0.3015 -0.8798 -0.3675
vn -0.9989 0.0139 -0.0450
vn -0.1650 0.9207 0.3536
vn 0.7627 -0.5574 -0.3281
vn 0.5011 0.0116 0.8653
vn 0.9283 0.0170 0.3714
vn -0.0345 -0.2881 -0.9570
vn 0.0505 -0.9987 -0.0000
vn -0.2445 0.7288 0.6395
vn 0.8685 0.0708 0.4906
vn 0.4716 0.1716 -0.8650
vn -0.2993 -0.1417 0.9436
vn 0.3068 0.1362 0.9420
vn 0.2372 0.8508 0.4690
vn -0.8320 0.2874 0.4746
vn -0.3259 0.2676 0.9067
vn 0.0753 0.3186 0.9449
vn 0.8085 0.0841 0.5824
vn -0.3027 -0.8804 -0.3651
vn 0.0411 -0.3895 -0.9201
vn -0.9351 -0.0000 0.3545
vn 0.9329 0.3602 -0.0000
vn -0.1624 -0.2427 0.9564
vn 0.2942 -0.2822 0.9131
vn -0.0876 0.4955 -0.8642
vn -0.9329 0.3602 -0.0000
vn 0.1979 0.9802 -0.0000
vn -0.2984 0.8227 0.4839
vn -0.3103 -0.8998 -0.3067
vn -0.2566 -0.9434 -0.2102
vn 0.7820 0.6232 -0.0000
vn 0.2025 -0.9793 -0.0000
vn 0.0515 -0.9987 -0.0000
vn 0.0755 -0.3191 -0.9447
vn -0.1449 -0.9180 -0.3693
vn -0.0561 0.7257 0.6858
vn 0.8643 -0.5029 -0.0044
vn -0.3937 0.9193 -0.0000
vn -0.1979 0.9802 -0.0000
vn 0.1438 -0.9896 -0.0000
vn -0.6522 -0.7581 -0.0000
vn 0.8655 -0.5009 -0.0067
vn 0.7821 -0.6232 -0.0000
vn -0.7383 0.6744 -0.0000
vn 0.2566 -0.3332 -0.9073
vn 0.9975 0.0704 -0.0000
vn -0.0500 0.9987 -0.0000
vn -0.5762 0.8173 -0.0000
vn 0.7356 -0.6774 -0.0000
vn 0.8647 0.5022 -0.0044
vn -0.9977 -0.0673 -0.0000
vn 0.0511 -0.9987 -0.0000
vn -0.0515 -0.9987 -0.0000
vn 0.0519 -0.9987 -0.0000
vn -0.9870 -0.0333 -0.1569
vn -0.8083 -0.0847 -0.5826
vn -0.9991 0.0149 -0.0404
vn -0.5697 -0.8219 -0.0000
vn 0.1709 0.3513 -0.9205
vn 0.0404 0.3896 -0.9201
vn 0.3047 -0.2609 -0.9160
vn 0.3094 0.4702 0.8266
vn -0.2529 -0.5043 0.8257
vn 0.1497 -0.7370 -0.6591
vn -0.1510 -0.7366 -0.6593
vn 0.9999 -0.0076 -0.0119
vn 0.9783 -0.1293 -0.1618
vn 0.8089 -0.0628 -0.5846
vn 0.8770 -0.4245 -0.2252
vn 0.9990 0.0377 0.0249
vn 0.0313 -0.9929 -0.1143
vn -0.3118 -0.8176 -0.4841
vn -0.3103 0.1362 0.9408
vn -0.0515 0.9987 -0.0000
vt 0.171652 0.871209
vt 0.173270 0.868601
vt 0.173987 0.869207
vt 0.156269 0.859531
vt 0.162166 0.860908
vt 0.161262 0.862137
vt 0.070330 0.867630
vt 0.075264 0.869454
vt 0.075606 0.867950
vt 0.600734 0.875586
vt 0.599812 0.882783
vt 0.599810 0.875469
vt 0.169954 0.868999
vt 0.172618 0.867938
vt 0.172064 0.867193
vt 0.086491 0.865114
vt 0.091028 0.863882
vt 0.090266 0.862566
vt 0.599805 0.855051
vt 0.600731 0.862248
vt 0.599807 0.862365
vt 0.599804 0.841439
vt 0.600728 0.848633
vt 0.599806 0.848756
vt 0.160635 0.887014
vt 0.159437 0.884772
vt 0.160364 0.884736
vt 0.583295 0.854722
vt 0.643831 0.847863
vt 0.643833 0.854707
vt 0.164081 0.884619
vt 0.162967 0.883110
vt 0.163164 0.884731
vt 0.075006 0.856590
vt 0.080000 0.856131
vt 0.075369 0.858090
vt 0.059481 0.866077
vt 0.070268 0.866094
vt 0.070187 0.864578
vt 0.088199 0.867618
vt 0.091960 0.865078
vt 0.647381 0.840894
vt 0.646459 0.848086
vt 0.646457 0.840781
vt 0.087812 0.853799
vt 0.093857 0.854122
vt 0.093431 0.852666
vt 0.646469 0.891967
vt 0.647389 0.884769
vt 0.646468 0.884652
vt 0.090543 0.864082
vt 0.095565 0.864610
vt 0.090762 0.865582
vt 8.428832 -1.434729
vt 8.417249 -1.434624
vt 8.428755 -1.446555
vt 0.051974 0.873944
vt 0.054656 0.872080
vt 0.053313 0.874645
vt 0.174511 0.866354
vt 0.171981 0.868146
vt 0.174766 0.867247
vt 8.004478 -1.091753
vt 8.008356 -1.086684
vt 8.008356 -1.091753
vt 8.324553 -1.101964
vt 8.337033 -1.093930
vt 8.322795 -1.089738
vt 0.599813 0.889844
vt 0.597841 0.882540
vt 0.597843 0.889845
vt 0.597833 0.847984
vt 0.599805 0.855288
vt 0.599803 0.847983
vt 0.174289 0.865448
vt 0.171647 0.867280
vt 0.647390 0.877454
vt 0.646466 0.877337
vt 8.417171 -1.446496
vt 0.087796 0.856950
vt 0.081667 0.858716
vt 0.082340 0.860083
vt 0.082879 0.851283
vt 0.087864 0.850718
vt 0.083411 0.849840
vt 8.428802 -1.470169
vt 8.417219 -1.470246
vt 8.417327 -1.482102
vt 8.333368 -1.101964
vt 8.341951 -1.103270
vt 8.338945 -1.106763
vt 0.052095 0.866053
vt 0.054606 0.862741
vt 0.055293 0.864112
vt 8.014496 -1.099462
vt 8.018579 -1.104353
vt 8.019429 -1.100569
vt 0.597836 0.861712
vt 0.596914 0.868908
vt 0.596911 0.861825
vt 0.600733 0.882656
vt 0.600737 0.889737
vt 0.647382 0.855283
vt 0.646461 0.855401
vt 0.643576 0.884770
vt 0.644499 0.891967
vt 0.643580 0.891851
vt 8.025200 -1.103245
vt 8.020280 -1.104352
vt 0.163683 0.881243
vt 0.162765 0.881353
vt 0.108759 0.383215
vt 0.101280 0.386579
vt 0.100970 0.384252
vt 0.165422 0.866927
vt 0.160898 0.862898
vt 0.164036 0.867568
vt 0.597836 0.862366
vt 0.164606 0.881095
vt 0.165757 0.882988
vt 0.163846 0.874604
vt 0.056515 0.866922
vt 0.070021 0.863073
vt 0.160947 0.889605
vt 0.161495 0.886365
vt 0.161865 0.889430
vt 8.428970 -1.422921
vt 8.417603 -1.410893
vt 8.417387 -1.422768
vt 0.053317 0.871379
vt 0.056134 0.870179
vt 0.054918 0.869251
vt 0.644496 0.877338
vt 0.646464 0.870027
vt 0.016699 0.472665
vt 0.015267 0.461850
vt 0.017824 0.462123
vt 0.583303 0.888963
vt 0.643839 0.882104
vt 0.583301 0.882119
vt 0.094965 0.861638
vt 0.095230 0.863130
vt 8.428755 -1.458373
vt 8.417171 -1.458373
vt 0.646435 0.885432
vt 0.644466 0.892195
vt 0.644464 0.885432
vt 8.315970 -1.103269
vt 8.318976 -1.106763
vt 0.097077 0.378680
vt 0.098888 0.370889
vt 0.100941 0.372094
vt 8.428910 -1.481949
vt 0.060122 0.877421
vt 0.061347 0.873326
vt 0.058921 0.876505
vt 8.018548 -1.074092
vt 8.014496 -1.079019
vt 8.019429 -1.077868
vt 8.031796 -1.097995
vt 8.030502 -1.091753
vt 8.028304 -1.096310
vt 0.644489 0.848087
vt 0.644490 0.855402
vt 8.024349 -1.079019
vt 8.024349 -1.099462
vt 8.028304 -1.082170
vt 8.030502 -1.086684
vt 8.031791 -1.080472
vt 8.033989 -1.084986
vt 0.597841 0.882784
vt 8.320889 -1.093930
vt 8.316097 -1.086692
vt 8.314191 -1.090884
vt 8.331261 -1.079877
vt 8.326661 -1.087234
vt 8.326661 -1.079877
vt 8.336374 -1.098471
vt 0.600457 0.841587
vt 0.660997 0.848421
vt 0.600459 0.848435
vt 0.161842 0.881422
vt 0.058854 0.863106
vt 0.069432 0.860085
vt 0.058585 0.861619
vt 0.010865 0.453732
vt 0.000775 0.451505
vt 0.000769 0.453703
vt 0.643838 0.875253
vt 0.583298 0.868420
vt 0.583299 0.875267
vt 0.644497 0.884652
vt 0.167719 0.883769
vt 0.167087 0.886232
vt 0.166810 0.883957
vt 8.004865 -1.084995
vt 8.010541 -1.082170
vt 0.163897 0.883002
vt 0.596920 0.882657
vt 0.107418 0.379273
vt 0.100137 0.382129
vt 8.034381 -1.091753
vt 0.170597 0.869669
vt 0.168543 0.872444
vt 0.166861 0.866429
vt 0.600461 0.855280
vt 0.597835 0.848757
vt 0.644494 0.870027
vt 0.646462 0.862716
vt 0.085993 0.854484
vt 0.086966 0.855678
vt 8.026766 -1.102495
vt 0.049201 0.872679
vt 0.052021 0.870561
vt 0.050780 0.869673
vt 0.157386 0.856689
vt 0.162957 0.859611
vt 0.056721 0.874396
vt 0.056393 0.872324
vt 0.059860 0.871985
vt 0.163577 0.858219
vt 0.159093 0.854156
vt 0.164063 0.856764
vt 0.174820 0.866020
vt 0.172500 0.868079
vt 0.597833 0.841439
vt 0.596913 0.848634
vt 0.169237 0.868390
vt 0.168717 0.871414
vt 0.169997 0.868945
vt 0.159665 0.872439
vt 0.161110 0.875174
vt 0.160569 0.872215
vt 0.162432 0.886375
vt 0.161866 0.889439
vt 0.161495 0.886359
vt 0.164615 0.881175
vt 0.162926 0.874792
vt 0.150613 0.858610
vt 0.089020 0.859747
vt 0.150458 0.860126
vt 0.057796 0.875485
vt 0.058525 0.877745
vt 0.058931 0.873703
vt 0.057214 0.876991
vt 0.171160 0.870406
vt 0.166889 0.884613
vt 0.165709 0.882580
vt 0.165904 0.884197
vt 0.596912 0.862249
vt 0.597835 0.855052
vt 0.596912 0.855163
vt 0.055919 0.876196
vt 0.167094 0.886195
vt 0.167502 0.889648
vt 0.168023 0.886296
vt 0.596910 0.841552
vt 0.168025 0.886197
vt 0.057045 0.868341
vt 0.163224 0.860938
vt 0.162013 0.861857
vt 0.083181 0.861349
vt 0.074787 0.870899
vt 0.078354 0.873959
vt 0.074132 0.872274
vt 0.161298 0.884751
vt 0.162451 0.886538
vt 0.162237 0.884764
vt 8.030721 -1.079137
vt 8.026766 -1.075986
vt 0.087750 0.850719
vt 0.092982 0.851206
vt 0.092553 0.849744
vt 0.166147 0.886229
vt 0.166599 0.889343
vt 0.167089 0.886104
vt 1.921745 1.285693
vt 1.924569 1.284439
vt 1.923996 1.283704
vt 0.166737 0.866160
vt 0.166594 0.889481
vt 0.166152 0.886091
vt 8.341825 -1.086693
vt 8.343732 -1.090885
vt 0.167817 0.884580
vt 0.166615 0.882340
vt 0.060332 0.874290
vt 0.597835 0.855288
vt 8.020311 -1.074092
vt 8.025231 -1.075242
vt 0.160189 0.875312
vt 0.164276 0.886168
vt 0.165068 0.889101
vt 0.164146 0.889020
vt 0.163361 0.886348
vt 0.600733 0.869085
vt 0.599810 0.876281
vt 0.599808 0.868970
vt 8.328970 -1.103245
vt 8.335425 -1.109028
vt 0.076274 0.864112
vt 8.007050 -1.080481
vt 0.059289 0.872335
vt 0.070059 0.863936
vt 0.061297 0.869318
vt 8.010541 -1.096310
vt 8.012078 -1.102495
vt 8.008123 -1.099342
vt 0.165256 0.886027
vt 0.165685 0.889263
vt 0.166149 0.886215
vt 0.053821 0.861451
vt 0.051196 0.864830
vt 8.004859 -1.093429
vt 8.034381 -1.086684
vt 0.164614 0.888995
vt 0.163361 0.886350
vt 0.163696 0.889107
vt 0.165018 0.884588
vt 0.164805 0.882815
vt 1.916457 1.289651
vt 1.921137 1.284979
vt 1.921069 1.285043
vt 1.923501 1.282910
vt 0.070359 0.869146
vt 0.075680 0.859591
vt 0.080861 0.857424
vt 0.094463 0.857096
vt 0.088478 0.858308
vt 0.075075 0.870964
vt 0.070308 0.870660
vt 0.164277 0.886246
vt 0.165067 0.889024
vt 0.165213 0.886137
vt 0.087874 0.855338
vt 0.094196 0.855603
vt 0.088075 0.856843
vt 0.169436 0.872301
vt 0.172101 0.870775
vt 0.171318 0.870252
vt 0.159231 0.883150
vt 0.160442 0.885390
vt 0.160168 0.883112
vt 1.917139 1.290276
vt 0.169294 0.860373
vt 0.168849 0.861823
vt 0.167072 0.872806
vt 0.156756 0.858072
vt 0.150729 0.857091
vt 8.339127 -1.083562
vt 8.331261 -1.087234
vt 8.335259 -1.081058
vt 0.161346 0.885154
vt 0.162039 0.883142
vt 0.162256 0.884917
vt 0.076037 0.861087
vt 0.069950 0.861559
vt 0.163360 0.886339
vt 0.162781 0.889245
vt 0.163695 0.889097
vt 0.078830 0.872519
vt 0.014143 0.472393
vt 0.166694 0.883006
vt 0.164763 0.874469
vt 0.165687 0.874390
vt 8.335128 -1.089738
vt 0.161149 0.883529
vt 0.070166 0.872166
vt 0.175652 0.866441
vt 0.057624 0.875123
vt 0.057012 0.873724
vt 0.081117 0.857296
vt 0.647389 0.870141
vt 0.069942 0.873665
vt 0.075068 0.872487
vt 0.075212 0.874023
vt 0.164823 0.882970
vt 0.160555 0.886354
vt 0.160034 0.889754
vt 1.605336 0.447241
vt 1.606169 0.436414
vt 1.604329 0.447241
vt 0.167524 0.882150
vt 0.169460 0.882688
vt 0.168275 0.880502
vt 0.168541 0.882875
vt 0.058516 0.861633
vt 0.054756 0.862676
vt 0.085456 0.863990
vt 0.089621 0.861174
vt 8.004478 -1.086684
vt 0.063336 0.873408
vt 0.071642 0.866515
vt 0.062595 0.872072
vt 0.054623 0.875400
vt 0.171111 0.865567
vt 0.078895 0.866463
vt 0.083890 0.866002
vt 0.083533 0.864516
vt 0.596913 0.855172
vt 0.596909 0.848091
vt 0.600735 0.876168
vt 0.053060 0.867251
vt 0.054022 0.868437
vt 8.331028 -1.110309
vt 0.000973 0.380944
vt 0.011076 0.378836
vt 0.000979 0.378808
vt 0.059864 0.878445
vt 0.062563 0.874255
vt 0.058891 0.870800
vt 0.055715 0.870966
vt 0.057984 0.869564
vt 0.162019 0.874991
vt -0.089209 -1.721638
vt -0.098224 -1.738273
vt -0.089209 -1.735418
vt 0.596918 0.889738
vt 0.598071 0.892845
vt 0.597203 0.892741
vt -0.098224 -1.718694
vt 8.314267 -1.099529
vt 8.321548 -1.098471
vt 0.094637 0.852484
vt 0.150729 0.853996
vt 0.094521 0.853996
vt 0.660995 0.841572
vt 0.643569 0.870142
vt 0.059665 0.866773
vt 0.057191 0.868277
vt 0.643568 0.862599
vt 0.644492 0.862716
vt 0.011064 0.383074
vt 0.000968 0.383045
vt 8.322662 -1.081059
vt 8.318796 -1.083562
vt 0.060453 0.868062
vt 8.344315 -1.094987
vt 8.343656 -1.099528
vt 0.647387 0.862598
vt 0.661004 0.875811
vt 0.600464 0.868979
vt 0.600466 0.875826
vt 0.090932 0.368907
vt 0.092661 0.376702
vt 0.093469 0.369180
vt 0.098820 0.380227
vt 0.106518 0.377709
vt 0.105201 0.375808
vt 0.644485 0.841247
vt 0.643560 0.834047
vt 0.644483 0.833930
vt 0.597840 0.876281
vt 0.660999 0.855265
vt 0.600462 0.862127
vt 0.661000 0.862113
vt 0.597783 0.893082
vt 0.647286 0.885534
vt 0.643836 0.868406
vt 0.583296 0.861569
vt 0.643834 0.861555
vt 0.095022 0.369489
vt 0.095024 0.377476
vt 0.097385 0.370262
vt 0.158807 0.887311
vt 0.158507 0.884882
vt 0.647378 0.847976
vt 0.174009 0.865572
vt 0.076148 0.865635
vt 0.600727 0.841551
vt 0.598698 0.892758
vt 0.600667 0.885441
vt 0.600668 0.892758
vt 8.013646 -1.103246
vt 0.000762 0.455981
vt 0.644487 0.840782
vt 0.106334 0.460844
vt 0.098636 0.458326
vt 0.099953 0.456424
vt 8.172073 -1.385270
vt 8.182336 -1.403085
vt 8.192617 -1.385270
vt 8.172073 -1.397146
vt 8.182336 -1.379331
vt 8.192617 -1.397146
vt 0.583291 0.841029
vt 0.643829 0.837589
vt 0.583290 0.837604
vt 0.643569 0.869912
vt 0.600126 0.892200
vt 0.654944 0.885985
vt 0.654945 0.892188
vt 0.000781 0.449368
vt 0.010883 0.447295
vt 0.000787 0.447267
vt 0.599808 0.869023
vt 0.599807 0.861712
vt 0.010871 0.451533
vt 0.150322 0.861644
vt 0.094792 0.860127
vt 0.150613 0.852484
vt 0.070809 0.865253
vt 0.063064 0.871783
vt 0.059911 0.873736
vt 0.167502 0.889649
vt 0.168936 0.886439
vt 0.168416 0.889791
vt 0.000961 0.385195
vt 0.010889 0.445152
vt 0.000793 0.445123
vt 0.094966 0.863158
vt 0.094908 0.861644
vt 8.013615 -1.075242
vt -0.056692 -1.753720
vt -0.087976 -1.744117
vt -0.062353 -1.744117
vt 0.661868 0.892951
vt 0.601328 0.886114
vt 0.601329 0.892964
vt 0.162057 0.883297
vt 0.161851 0.881501
vt 0.015451 0.376702
vt 0.009769 0.367382
vt 0.013127 0.377476
vt 0.598703 0.893198
vt 0.597782 0.885998
vt 0.094966 0.847929
vt 0.150322 0.849445
vt 0.150284 0.847929
vt -0.093653 -1.753720
vt 0.012093 0.366609
vt 8.007044 -1.097986
vt 0.164278 0.886237
vt 0.165000 0.884433
vt 0.165216 0.886205
vt 0.057413 0.870996
vt 8.033996 -1.093438
vt 0.617390 0.892766
vt 0.615977 0.887826
vt 0.615979 0.892766
vt 0.061246 0.879098
vt 0.064213 0.876701
vt 0.062965 0.875812
vt 0.108251 0.381397
vt 0.094792 0.850965
vt 0.150458 0.850965
vt 0.010877 0.449397
vt 0.066586 0.395116
vt 0.060054 0.390290
vt 0.078087 0.401117
vt 0.096893 0.459898
vt 0.098704 0.467689
vt 0.094840 0.461102
vt 8.012078 -1.075986
vt 0.661002 0.868964
vt 0.018008 0.376430
vt 0.014327 0.366160
vt 0.016884 0.365887
vt 0.166149 0.886218
vt 0.165953 0.884602
vt 8.030721 -1.099342
vt 0.643841 0.888949
vt 0.011058 0.385224
vt 0.011070 0.380973
vt 0.010859 0.456010
vt 0.583271 0.885808
vt 0.643811 0.892135
vt 0.583272 0.892148
vt 0.598702 0.885881
vt 0.089939 0.469686
vt 0.089939 0.462123
vt 0.103788 0.464039
vt 8.326921 -1.110312
vt 8.322504 -1.109031
vt 0.094521 0.857091
vt 0.150768 0.855514
vt 0.598070 0.885949
vt 0.599811 0.882540
vt -0.054358 -1.721932
vt -0.046408 -1.736615
vt -0.046408 -1.719334
vt 0.061670 0.874990
vt 0.061187 0.869385
vt 0.647388 0.869911
vt 0.647387 0.862828
vt 0.094463 0.855514
vt 0.054518 0.872296
vt 0.055643 0.873316
vt -0.054120 -1.741374
vt -0.089814 -1.718728
vt -0.089814 -1.741374
vt 1.664217 0.447241
vt 1.663384 0.436414
vt 1.665225 0.447241
vt 0.657696 0.892109
vt 0.612202 0.886974
vt 0.657695 0.886963
vt 0.150284 0.863158
vt 0.600726 0.855171
vt 0.647376 0.834047
vt 0.646455 0.841247
vt 0.646453 0.833930
vt 0.039543 0.448894
vt 0.042947 0.447827
vt 0.049910 0.450109
vt 0.000986 0.376624
vt 0.011082 0.376653
vt 0.643829 0.841014
vt 0.661005 0.882662
vt 0.108067 0.457156
vt 0.100786 0.454301
vt 1.915767 1.292084
vt 1.922377 1.286369
vt 0.094840 0.461103
vt 0.159626 0.886386
vt 0.167622 0.882980
vt 0.084131 0.862542
vt 0.160279 0.872283
vt 0.161015 0.871917
vt 0.060827 0.873174
vt 0.058301 0.876479
vt 0.167345 0.880608
vt 0.166430 0.880752
vt 0.643568 0.855513
vt 0.600733 0.868907
vt 0.061722 0.874399
vt 0.153152 0.851902
vt 0.158832 0.853998
vt 0.154120 0.850734
vt 0.600728 0.848090
vt 0.171574 0.866390
vt 0.158605 0.885693
vt 0.158313 0.883263
vt 0.087811 0.852255
vt 0.643567 0.862829
vt 0.079713 0.867771
vt 0.647378 0.848202
vt 0.069960 0.860028
vt 0.094637 0.858610
vt 8.008123 -1.079137
vt 0.083210 0.862997
vt 0.077216 0.863883
vt 0.082848 0.861515
vt 0.597840 0.875469
vt 0.170019 0.873043
vt 0.049533 0.868783
vt 0.051086 0.864929
vt 0.052101 0.866059
vt 0.643569 0.855284
vt 0.643570 0.848203
vt 0.601592 0.885997
vt 0.600674 0.893198
vt 0.600672 0.885881
vt 0.660995 0.838147
vt 0.600457 0.838162
vt 0.159535 0.885581
vt 0.643564 0.840895
vt 0.107234 0.459280
vt 0.078023 0.865180
vt 0.157067 0.857470
vt 0.079475 0.871143
vt 0.010852 0.458328
vt 0.000756 0.458299
vt 0.048332 0.867829
vt 0.646436 0.892195
vt 0.053056 0.867244
vt 0.169594 0.858864
vt 0.101096 0.451981
vt 0.108574 0.455341
vt 0.108884 0.453021
vt 0.601594 0.893081
vt 0.642179 0.880363
vt 0.596915 0.875587
vt 0.168791 0.871629
vt 0.056056 0.872667
vt 0.057493 0.873181
vt 0.610230 0.892290
vt 0.611709 0.886792
vt 0.611711 0.892289
vt 0.167087 0.886231
vt 0.167510 0.889612
vt 0.166602 0.889433
vt 0.076538 0.862519
vt 0.168067 0.871042
vt 0.012000 0.367528
vt 0.013081 0.378379
vt 0.015359 0.377621
vt 0.069764 0.861579
vt 0.055902 0.865517
vt 0.647383 0.855512
vt 0.050593 0.873290
vt 0.158166 0.855387
vt 0.162782 0.889248
vt 0.058108 0.860178
vt 8.429186 -1.411105
vt 0.643571 0.877455
vt 0.054919 0.869659
vt 0.161102 0.883126
vt 0.094908 0.849445
vt 0.050397 0.863525
vt 0.063917 0.873051
vt 0.060591 0.875092
vt 0.076249 0.862590
vt 0.059757 0.867579
vt 0.166469 0.881083
vt 0.166623 0.874356
vt 0.167393 0.881016
vt 0.152241 0.853117
vt 0.643575 0.884542
vt 0.069373 0.862585
vt 0.167830 0.871118
vt 0.168345 0.866113
vt 0.169990 0.871992
vt 0.054348 0.861221
vt 0.165725 0.889087
vt 0.165216 0.886202
vt 0.583293 0.847877
vt 1.916581 1.292543
vt 0.160177 0.872351
vt 0.162431 0.886372
vt 0.596914 0.869086
vt 0.597838 0.868970
vt -0.054120 -1.718728
vt 0.647391 0.877224
vt 0.090124 0.368867
vt 0.018008 0.365832
vt 0.059835 0.867563
vt 0.600731 0.861824
vt 0.596915 0.876169
vt 0.053788 0.868239
vt 0.058670 0.870935
vt 0.058857 0.863105
vt 0.600042 0.892844
vt 0.600040 0.885948
vt 0.174447 0.864482
vt 0.087423 0.866315
vt 0.600467 0.882677
vt 0.647378 0.841130
vt 0.072536 0.867740
vt 0.161544 0.886775
vt -0.085750 -1.712981
vt -0.056090 -1.703841
vt -0.061457 -1.712981
vt -0.054358 -1.734095
vt 0.643571 0.877225
vt 0.596919 0.882673
vt 0.647388 0.891850
vt 0.157269 0.855903
vt 0.643562 0.841131
vt 0.600727 0.855162
vt 0.090162 0.862610
vt 0.169873 0.865935
vt 0.171425 0.871458
vt -0.091132 -1.703841
vt 0.661225 0.892605
vt 0.617859 0.887992
vt 0.617860 0.892615
vt 0.094767 0.469085
vt 0.092477 0.461850
vt 0.643569 0.847977
vt 0.070420 0.866079
vt 0.164328 0.856881
vt 0.597838 0.869023
vt 0.643810 0.885794
vt 0.090124 0.376430
vt 0.090748 0.469645
vt 0.600469 0.889521
vt 0.661007 0.889507
vt 0.164278 0.886238
vt 0.097130 0.468337
vt 8.313607 -1.094988
vt 0.105017 0.462745
vt 0.159725 0.887202
vt 0.109143 0.386601
vt 0.017824 0.472721
vt 0.100757 0.466484
vt 0.102181 0.372928
vt 0.097077 0.378680
vt 0.108959 0.452003
vt 0.109069 0.385541
vt 0.103924 0.374474
vt 0.093285 0.469373
vt 0.060072 0.872505
vt 0.062638 0.879708
vt 1.663385 0.458068
vt 0.028485 0.431417
vt 0.026905 0.424006
vt 0.024319 0.421471
vt 0.083374 0.410644
vt 0.082310 0.426521
vt 0.083374 0.432298
vt 0.168023 0.886297
vt 0.006977 0.454301
vt 0.009723 0.368286
vt 0.079194 0.854822
vt 0.102045 0.465611
vt 0.600734 0.882672
vt 0.171217 0.866443
vt 0.647390 0.884541
vt 0.058745 0.871749
vt 0.162783 0.889264
vt 0.165140 0.873203
vt 0.156230 0.859747
vt 0.159794 0.863990
vt 0.155629 0.861174
vt 0.165683 0.889277
vt 0.164814 0.888883
vt 0.165567 0.873102
vt 1.607118 0.457713
vt 1.607118 0.436775
vt 0.169198 0.880434
vt 0.069943 0.859616
vt 0.059194 0.857501
vt 0.059485 0.856018
vt 0.070087 0.858105
vt 0.174089 0.864534
vt 0.166917 0.870858
vt 0.168502 0.867801
vt 0.167552 0.874341
vt 0.168323 0.880908
vt 0.208133 0.861588
vt 0.598696 0.885441
vt 0.600124 0.885997
vt 0.661867 0.886100
vt 0.617389 0.887826
vt 0.059623 0.392833
vt 0.049479 0.390290
vt 0.069991 0.394049
vt 0.077677 0.404792
vt 0.072744 0.399195
vt 1.611457 0.467595
vt 1.606169 0.458068
vt 1.612232 0.466917
vt 1.612232 0.427564
vt 1.611457 0.426886
vt 1.620057 0.420731
vt 1.619553 0.474663
vt 1.620057 0.473750
vt 1.619553 0.419818
vt 1.629663 0.417099
vt 1.629489 0.478422
vt 1.629664 0.477389
vt 1.629489 0.416059
vt 1.639890 0.417099
vt 1.640065 0.478422
vt 1.639890 0.477389
vt 1.640064 0.416059
vt 1.649497 0.420731
vt 1.650001 0.474663
vt 1.649497 0.473750
vt 1.650001 0.419818
vt 1.657322 0.427564
vt 1.658097 0.467595
vt 1.657322 0.466917
vt 1.658097 0.426886
vt 1.662436 0.436775
vt 1.662436 0.457713
vt 0.612203 0.892119
vt 0.085214 0.421471
vt 0.078087 0.441826
vt 0.069991 0.448894
vt 0.060054 0.452653
vt 0.049479 0.452653
vt 0.031447 0.441826
vt 0.026159 0.432298
vt 0.026159 0.410644
vt 0.031447 0.401117
vt 0.039543 0.394049
vt 0.052329 0.392502
vt 0.045201 0.394145
vt 0.081048 0.411525
vt 0.082629 0.418937
vt 0.038725 0.397651
vt 0.033342 0.402779
vt 0.080115 0.433761
vt 0.029419 0.409182
vt 0.027223 0.416422
vt 0.076192 0.440163
vt 0.070809 0.445292
vt 0.064333 0.448797
vt 0.031857 0.438151
vt 0.057205 0.450440
vt 0.036789 0.443748
vt 0.012943 0.461103
vt 0.010851 0.459898
vt 0.009108 0.458326
vt 0.007810 0.456424
vt 0.006687 0.451981
vt 0.006871 0.386579
vt 0.007161 0.384252
vt 0.007994 0.382129
vt 0.009292 0.380227
vt 0.011035 0.378680
vt 0.095024 0.377476
vt 0.096893 0.459898
vt 0.610229 0.886792
vt 0.161496 0.886374
vt 0.084352 0.862898
vt 0.162602 0.868163
vt 0.600449 0.892833
vt 0.208122 0.860653
vt 0.661224 0.887982
s 1
usemtl _.001
f 25/1/1 31/2/2 30/3/3
f 37/4/4 303/5/5 23/6/6
f 1126/7/7 1128/8/8 1161/9/9
f 94/10/10 469/11/11 95/12/12
f 1197/13/13 1164/14/14 1165/15/15
f 1209/16/16 1133/17/17 1137/18/18
f 99/19/19 110/20/20 111/21/21
f 444/22/22 98/23/23 97/24/24
f 308/25/25 302/26/26 295/27/27
f 456/28/28 455/29/29 453/30/28
f 1458/31/30 1467/32/31 1466/33/32
f 4/34/33 3/35/34 1/36/35
f 1163/37/36 1160/38/37 1162/39/38
f 2/40/39 15/17/40 16/41/41
f 464/42/42 467/43/43 463/44/44
f 1406/45/45 1443/46/46 1482/47/47
f 1356/48/48 1358/49/49 1391/50/50
f 15/51/40 28/52/51 16/53/41
f 53/54/52 54/55/52 55/56/52
f 422/57/53 418/58/54 421/59/55
f 1157/60/56 1164/61/14 1159/62/57
f 1954/63/58 1953/64/58 1955/65/58
f 60/66/59 67/67/59 58/68/59
f 2100/69/60 1592/70/61 2102/71/62
f 1546/72/63 1215/73/64 1217/74/65
f 1186/75/66 1165/76/15 1157/60/56
f 1391/50/50 1576/77/67 1575/78/68
f 72/56/69 73/55/69 74/79/69
f 1194/80/70 1193/81/71 1168/82/72
f 1119/83/73 1132/84/74 1120/85/75
f 80/86/76 81/87/76 82/88/76
f 1652/89/77 1651/90/77 1653/91/77
f 226/92/78 252/93/79 377/94/80
f 702/95/81 703/96/81 704/97/81
f 448/98/82 503/99/83 496/100/84
f 983/69/85 472/101/86 982/102/87
f 467/43/43 460/103/88 459/104/89
f 71/105/90 101/106/91 102/107/92
f 1232/97/93 1231/108/93 1233/109/93
f 1467/32/31 1462/110/94 1476/111/95
f 228/112/96 970/113/97 229/114/96
f 1450/115/98 1143/116/99 1144/117/100
f 1215/19/64 1565/118/101 1228/21/102
f 1468/119/103 1424/120/104 1470/121/105
f 1534/122/106 1163/37/36 1526/123/107
f 314/124/108 309/125/109 313/126/110
f 897/127/111 898/128/111 899/129/111
f 1537/130/112 1532/131/113 1533/132/114
f 69/133/115 232/134/116 458/78/117
f 973/135/118 268/136/119 974/137/120
f 1634/138/121 1633/139/122 1635/140/122
f 140/127/123 141/129/123 142/55/123
f 15/51/40 92/141/124 39/142/125
f 147/143/126 148/144/126 149/87/126
f 240/145/127 471/146/128 101/147/91
f 521/95/81 522/96/81 523/97/81
f 157/66/129 156/148/129 154/149/129
f 250/150/130 249/151/131 247/152/130
f 174/153/132 175/86/132 176/88/132
f 1344/154/133 1370/155/134 1488/156/135
f 181/127/136 182/55/136 183/54/136
f 634/157/137 635/158/137 636/159/137
f 625/160/138 624/161/138 622/162/138
f 1578/104/139 1223/163/140 1586/164/141
f 1303/64/59 1311/165/59 1312/162/59
f 186/65/59 192/166/59 195/167/59
f 1815/168/142 1814/169/142 1816/170/142
f 1211/12/143 1592/171/61 1587/11/144
f 744/172/145 743/173/145 741/174/145
f 202/86/146 203/143/146 204/87/146
f 1297/175/147 1296/176/147 1298/177/147
f 633/91/148 632/178/148 630/89/148
f 106/179/149 107/180/150 108/181/150
f 349/32/151 329/182/152 358/111/153
f 1403/183/154 1335/184/155 1336/185/156
f 1383/186/157 1381/187/158 1384/188/157
f 1617/189/159 1605/190/160 1618/191/159
f 273/50/161 101/106/91 70/192/162
f 300/193/163 317/194/164 318/195/165
f 1704/196/166 1703/197/166 1705/64/166
f 340/31/167 349/32/151 345/198/168
f 1786/97/93 1785/108/93 1787/109/93
f 1616/199/169 2102/71/62 1592/70/61
f 230/200/170 229/114/96 227/201/170
f 528/202/171 527/168/171 525/161/171
f 77/13/172 48/14/173 46/203/174
f 1450/115/98 1471/204/175 1451/205/176
f 107/180/150 480/206/177 108/181/150
f 1562/22/178 1546/207/63 1217/24/65
f 2191/175/147 2190/176/147 2192/177/147
f 118/208/179 233/209/180 232/134/116
f 1406/210/45 1193/81/71 1395/211/181
f 165/212/182 164/162/182 162/166/182
f 1399/213/183 1396/214/184 1397/215/185
f 1429/216/186 1421/5/187 1442/217/188
f 403/218/189 417/219/190 385/220/191
f 290/221/192 13/222/193 11/223/194
f 158/157/137 159/158/137 160/159/137
f 1148/224/195 1164/225/14 1149/2/196
f 1561/226/197 1620/227/198 1546/207/63
f 588/144/199 589/56/199 590/79/199
f 1196/228/200 1449/229/201 1197/230/13
f 1746/174/202 1745/68/202 1747/172/202
f 1415/231/203 1414/232/204 1433/233/205
f 323/234/206 313/235/110 309/236/109
f 350/237/207 282/238/208 353/121/209
f 1153/239/210 1123/240/211 1154/241/212
f 401/242/213 251/155/214 370/156/215
f 1525/243/216 1521/244/217 1522/245/218
f 1164/14/14 1174/246/219 1149/2/196
f 1436/247/220 1424/248/104 1445/249/221
f 1615/250/222 1545/251/223 1614/252/224
f 47/76/225 68/75/226 40/60/227
f 401/244/213 402/253/228 403/218/189
f 1437/254/229 1438/255/230 1435/256/231
f 443/226/232 502/227/233 462/257/234
f 1420/193/235 1437/194/229 1435/258/231
f 198/144/199 199/56/199 200/79/199
f 1139/259/236 1163/37/36 1534/122/106
f 75/80/237 76/81/238 276/211/239
f 324/260/240 333/115/241 303/261/5
f 75/80/237 6/262/242 49/82/243
f 383/263/244 2/264/39 4/265/33
f 1412/266/245 1441/267/246 1423/268/247
f 1930/269/248 1929/165/248 1931/270/248
f 1132/271/74 1145/272/249 1146/273/250
f 1446/274/251 1439/275/252 1437/276/229
f 1934/175/147 1933/176/147 1935/177/147
f 1455/277/253 1415/278/203 1449/279/201
f 1442/260/188 1450/115/98 1451/280/176
f 320/281/254 327/282/255 317/276/164
f 1942/67/256 1941/283/256 1943/284/256
f 1420/285/235 1425/286/257 1436/247/220
f 407/243/258 401/244/213 370/287/215
f 97/74/24 428/288/259 427/72/260
f 736/289/261 735/165/261 733/290/261
f 297/231/262 298/232/263 296/291/264
f 342/292/265 363/293/266 359/294/267
f 1423/268/247 1472/295/268 1466/33/32
f 96/296/269 95/297/12 93/298/270
f 673/299/271 674/300/271 675/89/271
f 408/123/272 219/301/273 45/39/274
f 369/64/275 368/302/275 366/196/275
f 1503/303/276 1127/304/277 1156/305/278
f 1946/306/279 1945/307/279 1947/308/279
f 1459/309/280 1454/310/281 1446/311/251
f 1385/312/282 1343/313/283 1369/93/284
f 1783/306/285 1780/314/285 1781/65/285
f 1645/161/171 1644/315/171 1646/202/171
f 1477/316/286 1472/317/268 1478/318/287
f 1463/198/288 1457/319/289 1464/320/290
f 1461/321/291 1455/277/253 1474/322/292
f 1474/323/292 1449/279/201 1479/324/293
f 10/7/294 8/8/295 9/325/296
f 1405/326/297 1193/81/71 1394/327/298
f 565/127/111 566/128/111 567/129/111
f 1123/240/211 1402/328/299 1167/329/300
f 9/325/296 383/330/244 382/331/301
f 1460/332/302 1481/333/303 1459/334/280
f 1165/15/15 1196/228/200 1197/13/13
f 276/335/239 322/336/304 75/337/237
f 1433/338/205 1141/339/305 1174/340/219
f 1456/341/306 1413/342/307 1411/343/308
f 343/321/309 337/277/310 310/344/311
f 1950/97/93 1949/108/93 1951/109/93
f 845/66/129 844/148/129 842/149/129
f 324/217/240 347/345/312 332/346/313
f 1144/117/100 1470/347/105 1450/115/98
f 1926/168/142 1925/169/142 1927/170/142
f 1155/4/314 1421/5/187 1417/348/315
f 1155/4/314 1401/349/316 1153/239/210
f 1865/350/317 1864/351/317 1866/352/317
f 292/353/318 305/354/319 304/355/320
f 1526/123/107 1404/356/321 1334/357/322
f 1472/358/268 1434/359/323 1478/360/287
f 1500/263/324 1120/264/75 1134/361/325
f 2090/137/326 1389/362/327 2091/135/328
f 306/363/329 352/364/330 355/365/331
f 745/350/332 746/351/332 747/366/332
f 298/232/263 329/182/152 294/367/333
f 1169/368/334 1500/330/324 1501/331/335
f 1154/369/212 1149/2/196 1150/3/336
f 1528/370/337 1503/220/276 1527/371/338
f 1337/301/339 1526/123/107 1162/39/38
f 124/127/111 125/128/111 126/129/111
f 288/210/340 76/81/238 277/372/341
f 446/373/342 458/78/117 232/134/116
f 215/374/343 4/375/33 1/376/35
f 1468/119/103 1463/198/288 1464/377/290
f 1127/325/277 1500/330/324 1128/8/8
f 1426/378/344 1452/379/345 1432/124/346
f 817/177/347 816/351/347 814/175/347
f 2141/380/348 1349/381/349 1236/382/350
f 354/295/351 304/268/320 348/33/352
f 300/285/163 306/286/329 301/383/353
f 1342/92/354 1369/93/284 1343/313/283
f 1411/384/308 1461/385/291 1456/386/306
f 1495/94/355 1336/387/156 1369/388/284
f 1136/389/356 1137/18/18 1135/390/357
f 837/65/58 836/391/58 834/63/58
f 1531/392/358 1169/393/334 1502/394/359
f 1524/395/360 1536/58/361 1539/59/362
f 68/75/226 13/396/193 365/47/363
f 345/198/168 341/319/364 340/31/167
f 1161/397/9 1209/398/16 1136/399/356
f 427/72/260 497/400/365 502/401/233
f 1214/296/366 1211/297/143 1212/402/367
f 1534/122/106 1530/403/368 1538/404/369
f 712/64/275 711/302/275 709/196/275
f 1793/299/370 1792/300/370 1794/405/370
f 2081/406/371 1353/407/372 1352/408/372
f 1517/409/373 1488/287/135 1525/243/216
f 224/154/374 251/155/214 225/410/375
f 411/411/376 414/412/377 330/413/378
f 1529/411/379 1532/412/113 1535/219/380
f 1414/232/204 1476/111/95 1480/414/381
f 426/415/382 425/416/382 423/417/382
f 1027/418/383 482/419/384 481/420/385
f 1544/415/382 1541/416/382 1542/421/382
f 760/157/137 761/158/137 762/159/137
f 584/196/275 585/197/275 586/302/275
f 1731/422/386 1730/172/386 1732/423/386
f 365/424/363 291/425/387 325/426/388
f 1226/179/389 1225/180/29 1227/427/389
f 1236/428/350 1189/133/390 1234/208/270
f 1448/413/391 1138/429/392 1139/430/236
f 119/431/393 468/164/394 117/432/395
f 1187/105/396 1220/106/397 1188/192/398
f 962/406/399 979/433/400 981/434/400
f 1689/435/401 1688/68/401 1690/436/401
f 330/413/378 22/429/402 20/437/403
f 1861/174/202 1860/68/202 1862/172/202
f 1207/178/404 1206/438/404 1208/439/404
f 1564/440/405 1578/104/139 1350/209/406
f 1608/441/407 1594/442/408 1607/443/407
f 957/91/148 956/178/148 954/89/148
f 2078/444/409 2094/445/410 2095/446/410
f 1371/447/411 1348/448/412 1372/449/411
f 255/450/413 504/451/414 444/452/22
f 1213/298/415 1591/453/416 1211/297/143
f 1598/454/28 1593/455/417 1595/456/417
f 833/109/418 832/166/418 830/97/418
f 483/457/419 240/145/127 239/458/420
f 408/123/272 44/37/421 416/122/422
f 484/459/408 485/460/417 486/461/417
f 2095/462/410 1366/463/423 1365/464/423
f 1435/465/231 1418/26/424 1420/466/235
f 1582/42/425 1585/43/426 1579/467/427
f 841/202/171 840/168/171 838/161/171
f 752/160/138 751/161/138 749/162/138
f 1467/32/31 1423/355/247 1466/33/32
f 468/164/394 467/43/43 459/104/89
f 32/224/428 48/225/173 41/468/429
f 1162/39/38 1170/469/430 1337/301/339
f 37/4/4 284/349/431 299/348/432
f 1562/22/178 1216/23/433 1622/470/434
f 470/471/435 491/472/436 471/473/128
f 1511/95/437 1510/96/437 1512/474/437
f 1387/475/438 1383/186/157 1384/188/157
f 467/43/43 255/476/413 463/44/44
f 344/377/439 350/237/207 352/364/330
f 518/153/132 519/86/132 520/88/132
f 1885/306/285 1882/314/285 1883/65/285
f 242/477/440 246/478/441 243/479/440
f 529/56/69 530/55/69 531/79/69
f 678/480/59 677/481/59 682/482/59
f 857/270/442 856/167/442 854/269/442
f 1323/483/59 1326/484/59 1327/485/59
f 725/157/137 726/158/137 727/159/137
f 1584/486/149 1612/487/171 1613/488/171
f 116/489/443 117/432/395 118/208/179
f 1396/214/184 1530/403/368 1397/215/185
f 513/490/444 512/491/445 510/492/444
f 558/54/52 559/55/52 560/56/52
f 1382/493/446 1375/494/447 1377/495/447
f 564/170/448 563/167/448 561/168/448
f 573/143/126 574/144/126 575/87/126
f 515/139/449 500/191/407 499/189/407
f 853/160/138 852/161/138 850/162/138
f 890/299/271 891/300/271 892/89/271
f 592/127/136 593/55/136 594/54/136
f 716/212/182 715/162/182 713/166/182
f 598/66/129 597/148/129 595/149/129
f 606/65/58 605/391/58 603/63/58
f 93/496/270 448/98/82 111/497/21
f 264/493/450 263/498/451 261/187/451
f 619/86/76 620/87/76 621/88/76
f 32/499/428 34/500/452 36/241/453
f 1482/424/47 1409/425/454 1483/501/455
f 382/502/301 386/503/456 384/504/457
f 638/153/132 639/86/132 640/88/132
f 641/86/146 642/143/146 643/87/146
f 1067/350/332 1068/351/332 1069/366/332
f 648/127/123 649/129/123 650/55/123
f 321/505/458 326/506/459 334/507/460
f 655/127/136 656/55/136 657/54/136
f 978/508/461 258/509/462 260/510/462
f 32/499/428 39/511/125 92/512/124
f 1754/157/463 1753/158/463 1755/513/463
f 670/86/146 671/143/146 672/87/146
f 1377/495/447 1376/509/464 1378/510/464
f 1498/63/58 1497/64/58 1499/65/58
f 583/109/418 582/166/418 580/97/418
f 1188/192/398 1356/48/48 1391/50/50
f 1553/514/465 1552/515/465 1554/516/465
f 390/202/171 389/168/171 387/161/171
f 699/143/126 700/144/126 701/87/126
f 1630/517/445 1629/518/444 1631/519/445
f 706/127/123 707/129/123 708/55/123
f 50/329/466 322/336/304 283/328/467
f 1491/168/142 1490/169/142 1492/170/142
f 1416/291/468 1422/520/469 1447/521/470
f 1341/522/471 1338/523/472 1339/524/472
f 180/177/347 179/351/347 177/175/347
f 1853/290/473 1852/159/473 1854/289/473
f 732/202/171 731/168/171 729/161/171
f 1849/161/171 1848/315/171 1850/202/171
f 1589/525/474 1600/526/475 1601/457/476
f 1899/196/166 1898/197/166 1900/64/166
f 1158/527/477 1157/528/56 1159/529/57
f 753/127/136 754/55/136 755/54/136
f 433/514/478 434/515/478 435/530/478
f 953/177/347 952/351/347 950/175/347
f 1167/329/300 1440/336/479 1194/337/70
f 1425/363/257 1473/365/480 1471/364/175
f 223/522/481 222/523/482 220/531/481
f 776/86/76 777/87/76 778/88/76
f 786/306/483 785/314/483 783/532/483
f 1681/168/142 1680/169/142 1682/170/142
f 342/533/265 341/534/364 339/535/484
f 790/289/261 789/165/261 787/290/261
f 1575/78/68 1234/208/270 1189/133/390
f 1527/371/338 1529/411/379 1535/536/380
f 1286/162/485 1285/537/485 1287/160/485
f 1641/95/437 1640/96/437 1642/474/437
f 813/270/442 812/167/442 810/269/442
f 1609/538/486 2102/539/62 1599/540/487
f 1518/541/488 1397/542/185 1390/543/489
f 992/289/261 991/165/261 989/290/261
f 1347/201/412 1346/544/490 1348/200/412
f 988/270/442 987/167/442 985/269/442
f 1184/178/59 1177/423/59 1181/351/59
f 929/439/491 928/67/491 926/178/491
f 802/95/81 803/96/81 804/97/81
f 1157/528/56 1145/545/249 1186/546/66
f 1263/350/317 1262/351/317 1264/352/317
f 858/153/132 859/86/132 860/88/132
f 86/91/148 85/178/148 83/89/148
f 257/495/492 262/547/450 264/493/450
f 1030/548/59 483/549/419 238/550/493
f 1869/162/485 1868/537/485 1870/160/485
f 968/551/494 967/552/495 964/553/495
f 737/554/496 738/197/496 739/158/496
f 644/144/199 645/56/199 646/79/199
f 894/86/146 895/143/146 896/87/146
f 136/299/271 137/300/271 138/89/271
f 901/86/76 902/87/76 903/88/76
f 1595/456/417 1594/442/408 1596/555/408
f 1962/149/497 1961/423/497 1963/66/497
f 1708/144/199 1707/56/199 1709/143/199
f 959/556/498 220/557/481 960/558/499
f 318/195/165 327/559/255 328/560/500
f 1778/166/501 1777/561/501 1779/212/501
f 934/56/69 935/55/69 936/79/69
f 941/54/52 942/55/52 943/56/52
f 944/143/126 945/144/126 946/87/126
f 947/127/123 948/129/123 949/55/123
f 756/554/496 757/197/496 758/158/496
f 517/140/449 516/562/502 514/138/502
f 1282/166/501 1281/561/501 1283/212/501
f 981/434/400 980/563/461 978/508/461
f 236/408/503 963/564/399 962/406/399
f 381/65/58 380/391/58 378/63/58
f 269/475/504 265/186/505 270/565/504
f 514/566/502 513/567/444 510/568/444
f 470/525/435 481/526/385 482/569/384
f 975/570/506 974/137/120 972/571/507
f 1727/306/279 1726/307/279 1728/308/279
f 1274/149/497 1273/423/497 1275/66/497
f 1426/25/344 1412/353/245 1411/343/308
f 245/572/441 968/551/494 246/478/441
f 1771/66/508 1770/573/508 1772/574/508
f 283/575/467 311/576/509 284/349/431
f 1811/306/279 1810/307/279 1812/308/279
f 2145/418/510 1599/419/487 2102/577/62
f 2100/69/60 1590/101/511 1587/578/144
f 2006/66/512 2005/573/512 2007/574/512
f 449/579/513 450/580/513 451/581/513
f 1735/178/404 1734/438/404 1736/439/404
f 407/243/258 224/582/374 399/409/514
f 1127/304/277 1140/437/515 1156/583/278
f 1350/209/406 1563/584/83 1564/585/405
f 1402/575/299 1430/576/516 1440/586/479
f 1723/63/58 1722/64/58 1724/65/58
f 1994/89/59 1987/172/59 1995/366/59
f 418/587/54 417/536/190 406/588/517
f 1700/97/93 1699/108/93 1701/109/93
f 826/306/518 827/307/518 828/95/518
f 485/460/417 453/30/28 486/461/417
f 654/574/519 653/299/519 651/66/519
f 432/589/171 431/590/171 429/591/171
f 724/574/519 723/299/519 721/66/519
f 618/439/491 617/67/491 615/178/491
f 1013/592/348 94/593/10 96/594/269
f 512/595/445 1008/596/121 1007/597/121
f 1148/499/195 1158/511/477 1159/598/57
f 36/369/453 31/2/2 32/224/428
f 1218/599/520 1217/74/65 1215/73/64
f 462/600/234 463/601/44 443/602/232
f 1903/532/285 1902/65/285 1904/306/285
f 1148/499/195 1152/500/521 1210/512/522
f 1674/306/279 1673/307/279 1675/308/279
f 1351/134/523 1235/432/524 1234/208/270
f 502/603/233 1050/604/59 1051/605/59
f 1907/290/473 1906/159/473 1908/289/473
f 879/67/59 870/68/59 874/299/59
f 1354/606/525 1353/407/372 1355/607/525
f 1938/178/404 1937/438/404 1939/439/404
f 1075/54/52 1076/55/52 1077/56/52
f 1078/56/69 1079/55/69 1080/79/69
f 920/166/59 923/167/59 915/197/59
f 465/486/389 495/487/171 466/608/389
f 1405/326/297 1334/357/322 1404/356/321
f 493/609/122 489/443/159 490/441/159
f 2057/174/202 2056/68/202 2058/172/202
f 244/610/526 243/479/440 241/611/526
f 1074/177/347 1073/351/347 1071/175/347
f 1411/612/308 1416/613/468 1455/277/253
f 1092/524/59 1097/201/59 1113/614/59
f 311/576/509 325/426/388 291/425/387
f 292/266/318 308/25/25 293/343/527
f 308/378/25 334/379/460 326/615/459
f 301/616/353 343/385/309 338/386/528
f 6/262/242 7/240/529 5/617/530
f 1433/618/205 1480/414/381 1142/619/531
f 1370/155/134 1521/242/217 1488/156/135
f 384/620/457 251/621/214 409/370/532
f 17/18/533 18/389/534 19/390/535
f 1141/1/305 1149/2/196 1174/246/219
f 1425/363/257 1469/622/536 1453/623/537
f 1146/52/250 1133/51/17 1132/53/74
f 1237/431/538 1586/164/141 1222/624/539
f 478/555/160 477/455/540 475/456/540
f 1066/284/541 1065/366/541 1063/67/541
f 111/497/21 96/625/269 93/496/270
f 353/347/209 26/117/542 333/115/241
f 1504/620/543 1370/621/134 1385/626/282
f 312/216/544 303/5/5 299/348/432
f 1409/627/454 1129/628/545 1483/629/455
f 100/599/546 97/74/24 98/630/23
f 1447/182/470 1467/32/31 1476/111/95
f 1171/56/547 1172/55/547 1173/54/547
f 47/15/225 78/228/548 79/631/549
f 1633/139/122 1618/191/159 1635/140/122
f 338/341/528 300/632/163 301/633/353
f 349/32/151 346/110/550 345/198/168
f 1190/79/551 1191/55/551 1192/56/551
f 1395/335/181 1440/336/479 1443/46/46
f 3/83/34 16/84/41 27/634/552
f 1198/88/553 1199/87/553 1200/86/553
f 1236/489/350 1235/432/524 1237/635/538
f 1203/89/77 1202/90/77 1204/91/77
f 43/397/554 91/398/555 8/636/295
f 1614/400/224 1546/72/63 1620/401/198
f 337/277/310 297/278/262 296/613/264
f 1585/43/426 1577/103/556 1579/637/427
f 1981/144/199 1980/56/199 1982/143/199
f 349/32/151 304/355/320 305/354/319
f 444/22/22 427/207/260 443/226/232
f 1290/67/256 1289/283/256 1291/284/256
f 1256/299/370 1255/300/370 1257/405/370
f 455/29/29 465/486/389 466/608/389
f 535/91/148 534/178/148 532/89/148
f 1911/423/59 1915/351/59 1916/89/59
f 99/19/19 448/118/82 428/251/259
f 509/270/442 508/167/442 506/269/442
f 536/554/496 537/197/496 538/158/496
f 861/144/199 862/56/199 863/79/199
f 2046/178/404 2045/438/404 2047/439/404
f 1248/66/512 1247/573/512 1249/574/512
f 1258/55/557 1259/129/557 1260/127/557
f 287/326/558 218/357/559 217/638/560
f 1265/87/561 1266/144/561 1267/143/561
f 131/574/519 130/299/519 128/66/519
f 1151/639/562 1401/349/316 1402/575/299
f 1318/144/199 1317/56/199 1319/143/199
f 1278/157/463 1277/158/463 1279/513/463
f 1292/88/563 1293/86/563 1294/153/563
f 1381/187/158 1380/547/446 1382/493/446
f 1299/54/564 1300/55/564 1301/127/564
f 115/109/418 114/166/418 112/97/418
f 1515/554/565 1514/197/565 1516/640/565
f 5/641/530 219/642/273 6/643/242
f 1082/480/59 1081/481/59 1086/482/59
f 1320/87/566 1321/143/566 1322/86/566
f 95/12/12 474/171/567 473/644/568
f 117/432/395 459/104/89 233/209/180
f 661/212/182 660/162/182 658/166/182
f 315/338/569 25/339/1 24/645/570
f 1448/413/391 1156/305/278 1140/437/515
f 579/289/261 578/165/261 576/290/261
f 1604/459/160 1603/460/540 1605/190/160
f 272/646/571 225/647/375 226/648/78
f 1432/124/346 1427/125/572 1426/378/344
f 554/306/518 555/307/518 556/95/518
f 1222/649/539 1223/163/140 1221/650/573
f 505/651/574 471/652/128 491/653/436
f 442/654/171 106/179/149 441/655/171
f 1456/341/306 1420/632/235 1418/656/424
f 500/191/407 484/459/408 499/189/407
f 103/163/575 256/657/576 255/476/413
f 1361/611/577 1360/658/578 1362/610/577
f 1368/150/579 1365/151/423 1366/463/423
f 1460/533/302 1466/33/32 1472/295/268
f 1252/532/285 1251/65/285 1253/306/285
f 1390/543/489 1517/409/373 1518/541/488
f 48/61/173 40/60/227 41/62/429
f 123/436/580 122/176/580 120/435/580
f 1418/26/424 1426/25/344 1413/27/307
f 1125/641/581 1337/642/339 1170/659/430
f 1417/660/315 1430/576/516 1401/349/316
f 16/271/41 29/272/582 27/634/552
f 1500/263/324 1209/661/16 1128/8/8
f 1388/662/327 1387/475/438 1389/663/327
f 325/46/388 288/45/340 365/47/363
f 1419/616/583 1461/385/291 1469/622/536
f 1390/646/489 1343/647/283 1344/664/133
f 1400/238/584 1468/237/103 1470/121/105
f 383/263/244 91/661/555 14/361/585
f 1601/457/476 1356/145/48 1589/665/474
f 1495/94/355 1390/646/489 1530/666/368
f 290/221/192 289/667/586 347/345/312
f 1392/668/587 1362/669/577 1393/670/587
f 1606/671/588 1220/147/397 1219/672/589
f 1619/673/590 1592/171/61 1591/644/416
f 46/203/174 315/338/569 297/674/262
f 402/253/228 406/675/517 403/676/189
f 1197/13/13 1415/674/203 1166/203/591
f 482/677/384 983/678/85 491/679/436
f 317/680/164 321/681/458 320/682/254
f 1168/82/72 1404/356/321 1493/683/592
f 15/17/40 91/16/555 17/18/533
f 1194/80/70 1124/262/593 1167/329/300
f 77/13/172 297/674/262 331/684/594
f 1338/685/472 1355/686/525 1339/687/472
f 218/688/559 376/689/595 377/94/80
f 889/574/519 888/299/519 886/66/519
f 445/440/596 459/104/89 460/690/88
f 281/213/597 280/214/598 278/691/599
f 409/370/532 385/220/191 384/620/457
f 1430/576/516 1443/426/46 1440/586/479
f 1429/216/186 1407/221/600 1130/692/601
f 295/342/27 338/341/528 293/343/527
f 1585/43/426 1374/476/602 1223/163/140
f 1331/422/386 1330/172/386 1332/423/386
f 1441/234/246 1431/235/603 1434/693/323
f 252/388/79 413/694/604 216/387/605
f 1837/127/111 1836/128/111 1838/695/111
f 343/385/309 293/384/527 338/386/528
f 350/119/207 345/198/168 346/110/550
f 286/356/606 49/82/243 375/683/607
f 1503/303/276 1502/394/359 1169/393/334
f 1349/696/349 1188/192/398 1189/133/390
f 415/697/608 330/413/378 414/412/377
f 1412/353/245 1422/354/469 1410/698/609
f 39/527/125 40/528/227 28/699/51
f 333/115/241 352/204/330 353/347/209
f 599/299/271 600/300/271 601/89/271
f 267/312/610 225/313/375 251/700/214
f 1507/161/171 1506/315/171 1508/202/171
f 984/71/611 469/578/11 983/69/85
f 2098/508/612 2097/433/613 2099/434/613
f 1531/701/358 1504/504/543 1385/702/282
f 408/123/272 286/356/606 375/703/607
f 44/37/421 42/38/614 22/704/402
f 34/500/452 19/390/535 33/639/615
f 1166/203/591 1433/338/205 1174/340/219
f 335/705/616 356/706/617 351/707/618
f 12/692/619 311/708/509 291/627/387
f 285/183/620 217/184/560 218/688/559
f 231/696/621 70/192/162 71/709/90
f 9/304/296 20/437/403 10/710/294
f 78/228/548 331/229/594 361/711/622
f 312/216/544 290/221/192 324/217/240
f 48/14/173 56/246/623 46/203/174
f 7/240/529 283/328/467 33/639/615
f 1333/374/624 1122/375/625 1169/368/334
f 352/204/330 347/712/312 355/713/331
f 1369/388/284 1531/694/358 1385/714/282
f 607/306/518 608/307/518 609/95/518
f 717/127/111 718/128/111 719/129/111
f 1442/217/188 1465/345/626 1407/221/600
f 90/439/491 89/67/491 87/178/491
f 336/715/627 339/716/484 327/311/255
f 1573/30/177 1572/717/150 1574/28/177
f 1123/240/211 1124/262/593 1125/617/581
f 310/344/311 296/613/264 294/718/333
f 328/249/500 339/535/484 341/319/364
f 1520/253/628 1523/675/629 1524/395/360
f 362/414/630 315/719/569 24/619/570
f 1486/196/166 1485/197/166 1487/64/166
f 354/358/351 316/359/631 323/720/206
f 1453/705/537 1475/706/632 1473/365/480
f 377/94/80 412/403/633 272/646/571
f 1580/601/634 1562/452/178 1374/450/602
f 51/368/635 383/330/244 4/375/33
f 1621/721/636 1591/453/416 1566/722/637
f 101/147/91 488/671/638 102/672/92
f 416/122/422 412/403/633 376/689/595
f 1549/591/171 1548/723/171 1550/589/171
f 1471/204/175 1465/712/626 1451/205/176
f 1563/373/83 1575/78/68 1576/724/67
f 291/627/387 13/628/193 12/692/619
f 958/725/639 959/556/498 960/726/499
f 21/259/640 44/37/421 22/727/402
f 1337/642/339 1168/82/72 1493/683/592
f 405/395/641 418/58/54 406/675/517
f 1228/497/102 1214/625/366 1229/728/642
f 940/172/145 939/173/145 937/174/145
f 503/721/83 473/453/568 501/729/643
f 1539/59/362 1537/130/112 1540/57/644
f 1533/697/114 1534/122/106 1538/404/369
f 1538/730/369 1537/130/112 1533/132/114
f 330/413/378 38/305/645 411/731/376
f 219/642/273 49/82/243 6/643/242
f 377/94/80 216/387/605 285/732/620
f 982/102/87 491/733/436 983/734/85
f 420/730/646 419/130/647 280/214/598
f 1406/45/45 1483/735/455 1145/272/249
f 76/81/238 287/326/558 277/327/341
f 413/701/604 384/504/457 386/503/456
f 1120/40/75 1133/17/17 1134/736/325
f 907/436/580 906/176/580 904/435/580
f 881/480/59 880/481/59 885/482/59
f 1608/441/407 1610/737/449 1611/609/449
f 1581/600/648 1580/601/634 1582/738/425
f 1537/130/112 1398/691/649 1540/57/644
f 413/392/604 51/393/635 215/739/343
f 357/323/650 331/279/594 337/277/310
f 419/130/647 278/691/599 280/214/598
f 292/266/318 323/267/206 309/740/109
f 271/663/119 270/565/504 268/662/119
f 1609/733/486 2101/102/651 2100/734/60
f 306/363/329 351/622/618 301/616/353
f 690/65/58 689/391/58 687/63/58
f 209/485/59 208/484/59 207/483/59
f 629/172/145 628/173/145 626/174/145
f 143/350/332 144/351/332 145/366/332
f 95/297/12 447/722/652 93/298/270
f 1557/741/653 1556/742/653 1558/743/653
f 1569/579/513 1568/580/513 1570/744/513
f 116/428/443 69/133/115 231/745/621
f 501/673/643 474/171/567 498/746/654
f 457/77/655 273/50/161 458/78/117
f 240/48/127 238/49/493 239/747/420
f 686/66/129 685/148/129 683/149/129
f 153/172/145 152/173/145 150/174/145
f 549/165/59 541/64/59 546/97/59
f 1559/655/171 1227/427/389 1560/654/171
f 299/660/432 311/576/509 312/748/544
f 1374/450/602 1622/451/434 1373/749/656
f 911/284/541 910/366/541 908/67/541
f 1215/19/64 1229/20/642 1218/750/520
f 1152/500/521 1137/751/18 1210/141/522
f 355/713/331 289/752/586 356/753/617
f 437/741/657 438/742/657 439/754/657
f 794/66/59 801/67/59 792/68/59
f 1270/174/202 1269/68/202 1271/172/202
f 1536/587/361 1535/536/380 1532/131/113
f 1628/755/444 2126/756/502 1629/757/444
f 1572/717/150 1583/608/149 1584/486/149
f 1407/221/600 1129/222/545 1130/692/601
f 665/306/483 664/314/483 662/532/483
f 964/553/495 965/758/658 966/759/658
f 1220/147/397 1589/665/474 1356/145/48
f 691/306/518 692/307/518 693/95/518
f 1223/163/140 1373/657/656 1221/760/573
f 782/64/275 781/302/275 779/196/275
f 1685/127/111 1684/128/111 1686/695/111
f 169/160/138 168/161/138 166/162/138
f 428/251/259 496/250/84 497/252/365
f 2050/422/386 2049/172/386 2051/423/386
f 1587/11/144 1212/10/367 1211/12/143
f 1391/50/50 1189/133/390 1188/192/398
f 45/39/274 52/469/659 42/761/614
f 1533/697/114 1448/413/391 1139/430/236
f 1407/221/600 1408/667/660 1131/762/661
f 1565/98/101 1621/99/636 1566/763/637
f 1130/692/601 1430/708/516 1429/216/186
f 1224/181/29 1598/454/28 1225/180/29
f 2105/269/662 2104/165/662 2106/270/248
f 298/232/263 358/111/153 329/521/152
f 1133/51/17 1210/141/522 1137/751/18
f 1626/269/662 1625/165/662 1627/270/248
f 1630/568/445 1632/764/121 1634/566/121
f 958/444/639 976/445/663 961/765/664
f 1636/88/563 1637/86/563 1638/153/563
f 1623/651/665 1588/652/666 1606/671/588
f 1588/652/666 1599/569/487 1589/525/474
f 1647/79/551 1648/55/551 1649/56/551
f 1473/713/480 1408/752/660 1465/712/626
f 1460/533/302 1457/534/289 1458/31/30
f 1659/64/59 1667/165/59 1668/162/59
f 669/109/418 668/166/418 666/97/418
f 966/759/658 975/766/506 972/571/507
f 1676/56/547 1677/55/547 1678/54/547
f 1829/196/166 1828/197/166 1830/64/166
f 698/170/448 697/167/448 695/168/448
f 1228/497/102 1566/763/637 1213/496/415
f 1691/87/561 1692/144/561 1693/143/561
f 33/639/615 284/349/431 35/239/667
f 1240/435/401 1239/68/401 1241/436/401
f 1696/290/473 1695/159/473 1697/289/473
f 1710/54/668 1711/55/668 1712/127/668
f 1888/166/501 1887/561/501 1889/212/501
f 1008/767/121 493/609/122 1007/768/121
f 1719/299/370 1718/300/370 1720/405/370
f 1737/88/553 1738/87/553 1739/86/553
f 1795/483/59 1798/484/59 1799/485/59
f 1742/162/485 1741/537/485 1743/160/485
f 359/316/267 354/317/351 342/769/265
f 40/528/227 29/545/582 28/699/51
f 1756/88/563 1757/86/563 1758/153/563
f 1759/87/566 1760/143/566 1761/86/566
f 2084/553/669 2083/758/670 2085/770/669
f 1766/55/557 1767/129/557 1768/127/557
f 1773/54/564 1774/55/564 1775/127/564
f 1750/89/77 1749/90/77 1751/91/77
f 1822/95/437 1821/96/437 1823/474/437
f 933/423/671 932/771/671 930/422/671
f 1788/87/566 1789/143/566 1790/86/566
f 2024/435/401 2023/68/401 2025/436/401
f 1715/149/672 1714/423/672 1716/66/672
f 977/462/663 248/463/131 976/445/663
f 1807/63/58 1806/64/58 1808/65/58
f 2028/67/256 2027/283/256 2029/284/256
f 1817/87/561 1818/144/561 1819/143/561
f 1824/55/673 1825/129/673 1826/127/673
f 395/554/496 396/197/496 397/158/496
f 1833/166/501 1832/561/501 1834/212/501
f 1841/66/508 1840/573/508 1842/574/508
f 1845/157/463 1844/158/463 1846/513/463
f 1602/461/540 1574/28/177 1603/460/540
f 1350/209/406 1586/164/141 1235/432/524
f 1892/422/386 1891/172/386 1893/423/386
f 391/95/81 392/96/81 393/97/81
f 1871/54/668 1872/55/668 1873/127/668
f 1876/554/565 1875/197/565 1877/640/674
f 1880/157/463 1879/158/463 1881/513/463
f 214/423/671 213/771/671 211/422/671
f 614/423/671 613/771/671 611/422/671
f 1894/88/553 1895/87/553 1896/86/553
f 1359/479/578 1364/772/675 1360/477/578
f 415/697/608 416/122/422 21/430/640
f 1857/554/565 1856/197/565 1858/640/674
f 1764/144/199 1763/56/199 1765/143/199
f 809/170/448 808/167/448 806/168/448
f 1958/161/171 1957/315/171 1959/202/171
f 1424/248/104 1457/534/289 1446/559/251
f 319/465/676 302/26/26 326/773/459
f 1922/95/437 1921/96/437 1923/474/437
f 275/670/677 241/611/526 274/668/677
f 1974/269/248 1973/165/248 1975/270/248
f 1998/483/59 2001/484/59 2002/485/59
f 771/212/182 770/162/182 768/166/182
f 1970/162/485 1969/537/485 1971/160/485
f 1976/88/563 1977/86/563 1978/153/563
f 971/774/97 274/668/677 970/113/97
f 2093/570/678 2090/137/326 2091/775/328
f 173/284/541 172/366/541 170/67/541
f 2086/551/679 2085/552/669 2087/776/679
f 233/209/180 446/584/342 232/134/116
f 2012/87/566 2013/143/566 2014/86/566
f 2019/88/553 2020/87/553 2021/86/553
f 475/456/540 480/206/177 479/454/177
f 2031/64/59 2039/165/59 2040/162/59
f 2010/299/370 2009/300/370 2011/405/370
f 247/777/130 253/447/680 250/778/130
f 2017/127/111 2016/128/111 2018/695/111
f 354/295/351 340/31/167 342/533/265
f 2074/89/77 2073/90/77 2075/91/77
f 1966/435/401 1965/68/401 1967/436/401
f 2052/79/551 2053/55/551 2054/56/551
f 2059/56/681 2060/55/681 2061/54/681
f 2062/87/561 2063/144/561 2064/143/561
f 2065/55/673 2066/129/673 2067/127/673
f 2088/113/682 1393/779/587 2089/774/682
f 2070/175/147 2069/176/147 2071/177/147
f 2078/725/409 2077/556/683 2079/765/684
f 767/306/483 766/314/483 764/532/483
f 254/449/680 227/201/170 253/447/680
f 1345/114/490 2089/780/682 1346/112/490
f 1367/777/579 1371/447/411 1372/781/411
f 70/192/162 458/78/117 273/50/161
f 2076/558/685 1341/522/471 2077/556/683
f 490/441/159 476/442/160 478/555/160
f 34/500/452 17/751/533 19/390/535
f 2187/350/317 2186/351/317 2188/352/317
f 865/350/332 866/351/332 867/366/332
f 1803/149/672 1802/423/672 1804/66/672
f 2082/759/670 2093/766/678 2083/782/670
f 498/199/654 984/71/611 1027/418/383
f 1528/783/337 1519/676/686 1522/245/218
f 572/436/580 571/176/580 569/435/580
f 2099/434/613 2080/564/371 2081/406/371
f 255/450/413 443/602/232 463/601/44
f 1526/123/107 1403/732/154 1495/94/355
f 1656/554/565 1655/197/565 1657/640/565
f 775/423/671 774/771/671 772/422/671
f 2114/197/59 2122/167/59 2119/166/59
f 1378/510/464 2096/563/612 2098/508/612
f 849/436/580 848/176/580 846/435/580
f 1985/350/317 1984/351/317 1986/352/317
f 2109/290/473 2108/159/473 2110/289/473
f 135/306/483 134/314/483 132/532/483
f 411/731/376 38/583/645 382/502/301
f 400/541/687 279/542/688 281/784/597
f 2125/768/502 1610/737/449 2126/767/502
f 419/130/647 414/131/377 418/587/54
f 1229/785/642 1214/594/366 2131/592/348
f 234/606/689 235/407/503 236/408/503
f 374/170/448 373/167/448 371/168/448
f 280/214/598 412/403/633 420/404/646
f 1056/176/59 1055/66/59 1062/67/59
f 103/163/575 104/649/690 105/650/691
f 2165/786/59 2164/787/59 1621/788/636
f 265/186/505 261/187/451 263/498/451
f 996/197/59 997/95/59 1005/161/59
f 2201/481/59 2200/480/59 2204/482/59
f 333/115/241 23/116/6 303/261/5
f 1576/789/67 2153/790/59 1564/791/405
f 116/382/443 231/381/621 1023/380/348
f 260/510/462 259/494/492 257/495/492
f 2175/299/59 2171/68/59 2180/67/59
f 1438/505/230 1444/506/692 1435/792/231
f 2224/793/59 2233/759/59 2217/114/59
f 2183/67/256 2182/283/256 2184/284/256
f 2193/56/681 2194/55/681 2195/54/681
f 2196/79/551 2197/55/551 2198/56/551
f 825/284/541 824/366/541 822/67/541
f 221/687/482 234/794/689 222/685/482
f 821/439/491 820/67/491 818/178/491
f 1122/34/625 1119/35/73 1120/795/75
f 272/543/571 399/409/514 224/582/374
f 1244/127/111 1243/128/111 1245/695/111
f 1363/478/675 2087/796/679 1364/572/675
f 25/1/1 56/246/623 31/2/2
f 37/4/4 299/348/432 303/5/5
f 1126/7/7 1127/325/277 1128/8/8
f 94/10/10 472/797/86 469/11/11
f 1197/13/13 1166/203/591 1164/14/14
f 1209/16/16 1134/736/325 1133/17/17
f 99/19/19 100/750/546 110/20/20
f 444/22/22 504/470/414 98/23/23
f 308/25/25 326/773/459 302/26/26
f 456/28/28 454/717/29 455/29/29
f 1458/31/30 1463/198/288 1467/32/31
f 4/34/33 2/795/39 3/35/34
f 1163/37/36 1138/704/392 1160/38/37
f 2/40/39 14/736/585 15/17/40
f 464/42/42 461/467/693 467/43/43
f 1406/45/45 1395/335/181 1443/46/46
f 1356/48/48 1357/747/694 1358/49/49
f 15/51/40 39/142/125 28/52/51
f 422/57/53 419/130/647 418/58/54
f 1157/60/56 1165/76/15 1164/61/14
f 1954/63/58 1952/391/58 1953/64/58
f 59/172/59 57/423/59 60/66/59
f 60/66/59 62/299/59 64/89/59
f 64/89/59 66/178/59 67/67/59
f 67/67/59 65/366/59 63/351/59
f 63/351/59 61/176/59 58/68/59
f 58/68/59 59/172/59 60/66/59
f 60/66/59 64/89/59 67/67/59
f 67/67/59 63/351/59 58/68/59
f 2100/69/60 1587/578/144 1592/70/61
f 1546/72/63 1545/288/223 1215/73/64
f 1186/75/66 1195/798/695 1165/76/15
f 1391/50/50 1358/799/49 1576/77/67
f 1194/80/70 1395/211/181 1193/81/71
f 1119/83/73 1147/634/696 1132/84/74
f 1652/89/77 1650/178/77 1651/90/77
f 226/92/78 225/313/375 252/93/79
f 702/95/81 705/474/81 703/96/81
f 448/98/82 447/763/652 503/99/83
f 983/69/85 469/578/11 472/101/86
f 467/43/43 461/637/693 460/103/88
f 71/105/90 70/192/162 101/106/91
f 1232/97/93 1230/166/93 1231/108/93
f 1467/32/31 1463/198/288 1462/110/94
f 228/112/96 971/780/97 970/113/97
f 1450/115/98 1421/261/187 1143/116/99
f 1215/19/64 1545/251/223 1565/118/101
f 1468/119/103 1464/377/290 1424/120/104
f 1424/120/104 1471/364/175 1470/121/105
f 1526/123/107 1494/689/697 1534/122/106
f 1163/37/36 1162/39/38 1526/123/107
f 314/124/108 308/378/25 309/125/109
f 897/127/111 900/695/111 898/128/111
f 1537/130/112 1536/587/361 1532/131/113
f 69/133/115 118/208/179 232/134/116
f 973/135/118 271/362/119 268/136/119
f 1634/138/121 1632/562/121 1633/139/122
f 15/51/40 17/751/533 92/141/124
f 240/145/127 470/665/435 471/146/128
f 521/95/81 524/474/81 522/96/81
f 157/66/129 155/423/129 156/148/129
f 250/150/130 248/463/131 249/151/131
f 1344/154/133 1343/410/283 1370/155/134
f 634/157/137 637/513/137 635/158/137
f 625/160/138 623/537/138 624/161/138
f 1578/104/139 1585/43/426 1223/163/140
f 1308/97/59 1306/95/59 1304/306/59
f 1304/306/59 1302/65/59 1303/64/59
f 1303/64/59 1305/197/59 1307/158/59
f 1307/158/59 1309/159/59 1311/165/59
f 1311/165/59 1313/167/59 1315/168/59
f 1315/168/59 1314/161/59 1312/162/59
f 1312/162/59 1310/166/59 1308/97/59
f 1308/97/59 1304/306/59 1303/64/59
f 1303/64/59 1307/158/59 1311/165/59
f 1311/165/59 1315/168/59 1312/162/59
f 1312/162/59 1308/97/59 1303/64/59
f 191/159/59 189/158/59 187/197/59
f 187/197/59 185/64/59 186/65/59
f 186/65/59 184/306/59 188/95/59
f 188/95/59 190/97/59 192/166/59
f 192/166/59 194/162/59 196/161/59
f 196/161/59 197/168/59 195/167/59
f 195/167/59 193/165/59 191/159/59
f 191/159/59 187/197/59 186/65/59
f 186/65/59 188/95/59 192/166/59
f 192/166/59 196/161/59 195/167/59
f 195/167/59 191/159/59 186/65/59
f 1815/168/142 1813/167/142 1814/169/142
f 1211/12/143 1591/644/416 1592/171/61
f 744/172/145 742/68/145 743/173/145
f 1297/175/147 1295/351/147 1296/176/147
f 633/91/148 631/90/148 632/178/148
f 106/179/149 109/427/149 107/180/150
f 349/32/151 305/520/319 329/182/152
f 1403/183/154 1334/688/322 1335/184/155
f 1383/186/157 1379/498/158 1381/187/158
f 1617/189/159 1604/459/160 1605/190/160
f 273/50/161 240/48/127 101/106/91
f 300/193/163 319/258/676 317/194/164
f 1704/196/166 1702/302/166 1703/197/166
f 340/31/167 348/33/352 349/32/151
f 1786/97/93 1784/166/93 1785/108/93
f 1616/199/169 2145/418/510 2102/71/62
f 230/200/170 228/544/96 229/114/96
f 528/202/171 526/315/171 527/168/171
f 77/13/172 47/15/225 48/14/173
f 1450/115/98 1470/347/105 1471/204/175
f 107/180/150 479/454/177 480/206/177
f 1562/22/178 1561/226/197 1546/207/63
f 2191/175/147 2189/351/147 2190/176/147
f 118/208/179 117/432/395 233/209/180
f 1406/210/45 1394/372/298 1193/81/71
f 165/212/182 163/561/182 164/162/182
f 1399/213/183 1398/691/649 1396/214/184
f 1429/216/186 1417/348/315 1421/5/187
f 385/220/191 410/800/698 403/218/189
f 403/218/189 406/588/517 417/219/190
f 417/219/190 411/411/376 385/220/191
f 290/221/192 12/692/619 13/222/193
f 158/157/137 161/513/137 159/158/137
f 1148/224/195 1159/468/57 1164/225/14
f 1561/226/197 1581/257/648 1620/227/198
f 588/144/199 591/143/199 589/56/199
f 1196/228/200 1479/711/293 1449/229/201
f 1746/174/202 1744/173/202 1745/68/202
f 1415/231/203 1416/291/468 1414/232/204
f 323/234/206 316/801/631 313/235/110
f 350/237/207 346/110/550 282/238/208
f 1476/111/95 1462/110/94 1400/802/584
f 1400/802/584 1144/117/100 1143/116/99
f 1143/116/99 1155/803/314 1153/239/210
f 1153/239/210 1151/639/562 1123/240/211
f 1123/240/211 1125/641/581 1170/469/430
f 1170/469/430 1160/38/37 1138/429/392
f 1138/429/392 1140/437/515 1126/7/7
f 1170/469/430 1138/429/392 1126/7/7
f 1480/414/381 1476/111/95 1400/802/584
f 1142/619/531 1480/414/381 1400/802/584
f 1170/469/430 1126/7/7 1161/397/9
f 1170/469/430 1161/397/9 1136/389/356
f 1142/619/531 1400/802/584 1143/116/99
f 1141/804/305 1142/619/531 1143/116/99
f 1123/240/211 1170/469/430 1136/389/356
f 1123/240/211 1136/389/356 1135/390/357
f 1150/805/336 1141/804/305 1143/116/99
f 1150/805/336 1143/116/99 1153/239/210
f 1123/240/211 1135/390/357 1152/500/521
f 1154/241/212 1150/805/336 1153/239/210
f 1123/240/211 1152/500/521 1154/241/212
f 401/242/213 409/783/532 251/155/214
f 1525/243/216 1488/287/135 1521/244/217
f 1164/14/14 1166/203/591 1174/246/219
f 1446/559/251 1437/194/229 1436/247/220
f 1436/247/220 1425/286/257 1424/248/104
f 1445/249/221 1446/559/251 1436/247/220
f 1615/250/222 1565/118/101 1545/251/223
f 47/76/225 79/798/549 68/75/226
f 410/800/698 409/783/532 401/244/213
f 401/244/213 404/245/699 402/253/228
f 403/218/189 410/800/698 401/244/213
f 1437/254/229 1439/682/252 1438/255/230
f 443/226/232 427/207/260 502/227/233
f 1420/193/235 1436/195/220 1437/194/229
f 198/144/199 201/143/199 199/56/199
f 1139/259/236 1138/727/392 1163/37/36
f 75/80/237 49/82/243 76/81/238
f 324/260/240 332/280/313 333/115/241
f 75/80/237 50/329/466 6/262/242
f 383/263/244 14/361/585 2/264/39
f 1412/266/245 1427/740/572 1441/267/246
f 1930/269/248 1928/167/248 1929/165/248
f 1132/271/74 1147/634/696 1145/272/249
f 1446/274/251 1454/806/281 1439/275/252
f 1934/175/147 1932/351/147 1933/176/147
f 1455/277/253 1416/613/468 1415/278/203
f 1442/260/188 1421/261/187 1450/115/98
f 320/281/254 336/806/627 327/282/255
f 1942/67/256 1940/366/256 1941/283/256
f 1420/285/235 1419/383/583 1425/286/257
f 407/243/258 404/245/699 401/244/213
f 97/74/24 99/73/19 428/288/259
f 736/289/261 734/159/261 735/165/261
f 297/231/262 315/233/569 298/232/263
f 342/292/265 339/334/484 363/293/266
f 1423/268/247 1441/267/246 1472/295/268
f 96/296/269 94/402/10 95/297/12
f 673/299/271 676/405/271 674/300/271
f 408/123/272 375/703/607 219/301/273
f 369/64/275 367/197/275 368/302/275
f 1156/305/278 1529/731/379 1503/303/276
f 1503/303/276 1501/502/335 1127/304/277
f 1946/306/279 1944/95/279 1945/307/279
f 1459/309/280 1481/807/303 1454/310/281
f 1385/312/282 1370/700/134 1343/313/283
f 1783/306/285 1782/532/285 1780/314/285
f 1645/161/171 1643/168/171 1644/315/171
f 1477/316/286 1460/769/302 1472/317/268
f 1463/198/288 1458/31/30 1457/319/289
f 1461/321/291 1428/344/700 1455/277/253
f 1474/323/292 1455/277/253 1449/279/201
f 10/7/294 43/9/554 8/8/295
f 1405/326/297 1404/356/321 1193/81/71
f 565/127/111 568/695/111 566/128/111
f 1123/240/211 1151/639/562 1402/328/299
f 9/325/296 8/8/295 383/330/244
f 1460/332/302 1477/294/286 1481/333/303
f 1165/15/15 1195/631/695 1196/228/200
f 276/335/239 325/46/388 322/336/304
f 1433/338/205 1142/645/531 1141/339/305
f 1456/341/306 1418/656/424 1413/342/307
f 343/321/309 357/322/650 337/277/310
f 1950/97/93 1948/166/93 1949/108/93
f 845/66/129 843/423/129 844/148/129
f 324/217/240 290/221/192 347/345/312
f 1144/117/100 1400/808/584 1470/347/105
f 1926/168/142 1924/167/142 1925/169/142
f 1155/4/314 1143/6/99 1421/5/187
f 1155/4/314 1417/348/315 1401/349/316
f 1865/350/317 1863/366/317 1864/351/317
f 292/353/318 294/698/333 305/354/319
f 1526/123/107 1493/703/592 1404/356/321
f 1472/358/268 1441/720/246 1434/359/323
f 1500/263/324 1122/265/625 1120/264/75
f 2090/137/326 1388/136/327 1389/362/327
f 355/365/331 335/623/616 306/363/329
f 306/363/329 307/120/701 352/364/330
f 745/350/332 748/352/332 746/351/332
f 294/367/333 296/291/264 298/232/263
f 329/182/152 305/520/319 294/367/333
f 1169/368/334 1122/375/625 1500/330/324
f 1154/369/212 1148/224/195 1149/2/196
f 1528/370/337 1504/620/543 1503/220/276
f 1337/301/339 1493/703/592 1526/123/107
f 124/127/111 127/695/111 125/128/111
f 288/210/340 276/211/239 76/81/238
f 446/373/342 457/724/655 458/78/117
f 215/374/343 51/368/635 4/375/33
f 1468/119/103 1462/110/94 1463/198/288
f 1127/325/277 1501/331/335 1500/330/324
f 1426/378/344 1444/615/692 1452/379/345
f 817/177/347 815/176/347 816/351/347
f 1236/382/350 2142/809/348 2141/380/348
f 2141/380/348 2140/810/348 1349/381/349
f 354/295/351 323/267/206 304/268/320
f 300/285/163 318/247/165 306/286/329
f 1342/92/354 1495/94/355 1369/93/284
f 1411/384/308 1428/811/700 1461/385/291
f 1495/94/355 1403/732/154 1336/387/156
f 1136/389/356 1209/16/16 1137/18/18
f 837/65/58 835/64/58 836/391/58
f 1531/392/358 1333/739/624 1169/393/334
f 1524/395/360 1523/675/629 1536/58/361
f 277/327/341 287/326/558 217/812/560
f 217/812/560 216/813/605 413/814/604
f 217/812/560 413/814/604 215/815/343
f 365/47/363 288/210/340 277/327/341
f 13/396/193 364/816/702 365/47/363
f 289/817/586 11/818/194 13/396/193
f 351/707/618 356/706/617 289/817/586
f 357/819/650 343/820/309 351/707/618
f 357/819/650 351/707/618 289/817/586
f 217/812/560 215/815/343 1/36/35
f 277/327/341 217/812/560 1/36/35
f 361/711/622 357/819/650 289/817/586
f 78/228/548 361/711/622 289/817/586
f 277/327/341 1/36/35 3/83/34
f 277/327/341 3/83/34 27/634/552
f 78/228/548 289/817/586 13/396/193
f 79/631/549 78/228/548 13/396/193
f 365/47/363 277/327/341 27/634/552
f 365/47/363 27/634/552 29/821/582
f 68/75/226 79/631/549 13/396/193
f 365/47/363 29/821/582 68/75/226
f 345/198/168 344/320/439 341/319/364
f 1161/397/9 1128/636/8 1209/398/16
f 427/72/260 428/288/259 497/400/365
f 1214/296/366 1213/298/415 1211/297/143
f 1534/122/106 1494/689/697 1530/403/368
f 712/64/275 710/197/275 711/302/275
f 1793/299/370 1791/89/370 1792/300/370
f 2081/406/371 2080/564/371 1353/407/372
f 1517/409/373 1344/582/133 1488/287/135
f 224/154/374 370/156/215 251/155/214
f 411/411/376 417/219/190 414/412/377
f 1529/411/379 1448/413/391 1532/412/113
f 1414/232/204 1447/521/470 1476/111/95
f 426/415/382 424/421/382 425/416/382
f 1027/418/383 984/577/611 482/419/384
f 1544/415/382 1543/417/382 1541/416/382
f 760/157/137 763/513/137 761/158/137
f 584/196/275 587/64/275 585/197/275
f 1731/422/386 1729/771/386 1730/172/386
f 365/424/363 364/501/702 291/425/387
f 1226/179/389 1224/181/29 1225/180/29
f 1236/428/350 1349/745/349 1189/133/390
f 1448/413/391 1140/437/515 1138/429/392
f 119/431/393 104/624/690 468/164/394
f 1187/105/396 1219/107/589 1220/106/397
f 962/406/399 963/564/399 979/433/400
f 1689/435/401 1687/176/401 1688/68/401
f 330/413/378 21/430/640 22/429/402
f 1861/174/202 1859/173/202 1860/68/202
f 1207/178/404 1205/67/404 1206/438/404
f 1564/440/405 1577/690/556 1578/104/139
f 1608/441/407 1596/555/408 1594/442/408
f 957/91/148 955/90/148 956/178/148
f 2078/444/409 2079/765/684 2094/445/410
f 1371/447/411 1347/201/412 1348/448/412
f 255/450/413 256/749/576 504/451/414
f 1213/298/415 1566/722/637 1591/453/416
f 1598/454/28 1597/206/28 1593/455/417
f 833/109/418 831/108/418 832/166/418
f 483/457/419 470/665/435 240/145/127
f 416/122/422 376/689/595 408/123/272
f 408/123/272 45/39/274 44/37/421
f 484/459/408 487/190/408 485/460/417
f 2095/462/410 2094/445/410 1366/463/423
f 1435/465/231 1444/773/692 1418/26/424
f 1582/42/425 1580/44/634 1585/43/426
f 841/202/171 839/315/171 840/168/171
f 752/160/138 750/537/138 751/161/138
f 1467/32/31 1422/354/469 1423/355/247
f 468/164/394 103/163/575 467/43/43
f 32/224/428 31/2/2 48/225/173
f 1162/39/38 1160/761/37 1170/469/430
f 37/4/4 35/239/667 284/349/431
f 1562/22/178 1217/24/65 1216/23/433
f 470/471/435 482/822/384 491/472/436
f 1511/95/437 1509/97/437 1510/96/437
f 1387/475/438 1386/565/438 1383/186/157
f 467/43/43 103/163/575 255/476/413
f 352/364/330 307/120/701 344/377/439
f 350/237/207 353/121/209 352/364/330
f 1885/306/285 1884/532/285 1882/314/285
f 242/477/440 245/772/441 246/478/441
f 682/482/59 680/484/59 678/480/59
f 678/480/59 679/483/59 677/481/59
f 677/481/59 681/485/59 682/482/59
f 857/270/442 855/165/442 856/167/442
f 1327/485/59 1325/481/59 1323/483/59
f 1323/483/59 1324/480/59 1326/484/59
f 1326/484/59 1328/482/59 1327/485/59
f 725/157/137 728/513/137 726/158/137
f 1584/486/149 1583/608/149 1612/487/171
f 116/489/443 119/635/393 117/432/395
f 1396/214/184 1538/404/369 1530/403/368
f 513/490/444 511/823/445 512/491/445
f 1382/493/446 1380/547/446 1375/494/447
f 564/170/448 562/169/448 563/167/448
f 515/139/449 517/140/449 500/191/407
f 853/160/138 851/537/138 852/161/138
f 890/299/271 893/405/271 891/300/271
f 716/212/182 714/561/182 715/162/182
f 598/66/129 596/423/129 597/148/129
f 606/65/58 604/64/58 605/391/58
f 93/496/270 447/763/652 448/98/82
f 264/493/450 262/547/450 263/498/451
f 32/499/428 92/512/124 34/500/452
f 1482/424/47 1443/426/46 1409/425/454
f 384/504/457 385/303/191 382/502/301
f 382/502/301 51/393/635 386/503/456
f 1067/350/332 1070/352/332 1068/351/332
f 321/505/458 319/792/676 326/506/459
f 978/508/461 980/563/461 258/509/462
f 32/499/428 41/598/429 39/511/125
f 1754/157/463 1752/159/463 1753/158/463
f 1377/495/447 1375/494/447 1376/509/464
f 1498/63/58 1496/391/58 1497/64/58
f 583/109/418 581/108/418 582/166/418
f 1188/192/398 1220/106/397 1356/48/48
f 1553/514/465 1551/530/465 1552/515/465
f 390/202/171 388/315/171 389/168/171
f 1630/517/445 1628/824/444 1629/518/444
f 50/329/466 75/337/237 322/336/304
f 1491/168/142 1489/167/142 1490/169/142
f 1447/521/470 1414/232/204 1416/291/468
f 1416/291/468 1410/367/609 1422/520/469
f 1341/522/471 1340/531/471 1338/523/472
f 180/177/347 178/176/347 179/351/347
f 1853/290/473 1851/165/473 1852/159/473
f 732/202/171 730/315/171 731/168/171
f 1849/161/171 1847/168/171 1848/315/171
f 1589/525/474 1599/569/487 1600/526/475
f 1899/196/166 1897/302/166 1898/197/166
f 1158/527/477 1146/699/250 1157/528/56
f 433/514/478 436/516/478 434/515/478
f 953/177/347 951/176/347 952/351/347
f 1167/329/300 1402/328/299 1440/336/479
f 1471/364/175 1424/120/104 1425/363/257
f 1425/363/257 1453/705/537 1473/365/480
f 223/522/481 221/524/482 222/523/482
f 786/306/483 784/65/483 785/314/483
f 1681/168/142 1679/167/142 1680/169/142
f 342/533/265 340/31/167 341/534/364
f 790/289/261 788/159/261 789/165/261
f 1575/78/68 1351/134/523 1234/208/270
f 1523/588/629 1519/218/686 1527/371/338
f 1527/371/338 1503/220/276 1529/411/379
f 1535/536/380 1523/588/629 1527/371/338
f 1286/162/485 1284/161/485 1285/537/485
f 1641/95/437 1639/97/437 1640/96/437
f 813/270/442 811/165/442 812/167/442
f 1609/538/486 2100/825/60 2102/539/62
f 1518/541/488 1399/784/183 1397/542/185
f 992/289/261 990/159/261 991/165/261
f 1347/201/412 1345/114/490 1346/544/490
f 988/270/442 986/165/442 987/167/442
f 1183/366/59 1185/67/59 1184/178/59
f 1184/178/59 1182/89/59 1180/299/59
f 1180/299/59 1178/66/59 1177/423/59
f 1177/423/59 1175/172/59 1176/68/59
f 1176/68/59 1179/176/59 1181/351/59
f 1181/351/59 1183/366/59 1184/178/59
f 1184/178/59 1180/299/59 1177/423/59
f 1177/423/59 1176/68/59 1181/351/59
f 929/439/491 927/438/491 928/67/491
f 802/95/81 805/474/81 803/96/81
f 1157/528/56 1146/699/250 1145/545/249
f 1263/350/317 1261/366/317 1262/351/317
f 86/91/148 84/90/148 85/178/148
f 257/495/492 259/494/492 262/547/450
f 1028/826/59 481/827/385 483/549/419
f 483/549/419 239/828/420 238/550/493
f 238/550/493 457/789/655 1032/829/59
f 238/550/493 1032/829/59 1031/830/59
f 1030/548/59 1028/826/59 483/549/419
f 238/550/493 1031/830/59 1030/548/59
f 1869/162/485 1867/161/485 1868/537/485
f 968/551/494 969/776/494 967/552/495
f 737/554/496 740/640/496 738/197/496
f 644/144/199 647/143/199 645/56/199
f 136/299/271 139/405/271 137/300/271
f 1595/456/417 1593/455/417 1594/442/408
f 1962/149/497 1960/148/497 1961/423/497
f 1708/144/199 1706/79/199 1707/56/199
f 959/556/498 223/522/481 220/557/481
f 307/248/701 306/286/329 318/195/165
f 318/195/165 317/194/164 327/559/255
f 328/560/500 307/248/701 318/195/165
f 1778/166/501 1776/162/501 1777/561/501
f 756/554/496 759/640/496 757/197/496
f 517/140/449 515/139/449 516/562/502
f 1282/166/501 1280/162/501 1281/561/501
f 981/434/400 979/433/400 980/563/461
f 236/408/503 235/407/503 963/564/399
f 381/65/58 379/64/58 380/391/58
f 269/475/504 266/188/505 265/186/505
f 514/566/502 516/764/502 513/567/444
f 470/525/435 483/457/419 481/526/385
f 975/570/506 973/775/118 974/137/120
f 1727/306/279 1725/95/279 1726/307/279
f 1274/149/497 1272/148/497 1273/423/497
f 1411/343/308 1413/27/307 1426/25/344
f 1426/25/344 1427/740/572 1412/353/245
f 1412/353/245 1410/698/609 1411/343/308
f 245/572/441 969/796/494 968/551/494
f 1771/66/508 1769/299/508 1770/573/508
f 283/575/467 322/586/304 311/576/509
f 1811/306/279 1809/95/279 1810/307/279
f 2145/418/510 1600/420/475 1599/419/487
f 2100/69/60 2101/102/651 1590/101/511
f 2006/66/512 2004/299/512 2005/573/512
f 449/579/513 452/744/513 450/580/513
f 1735/178/404 1733/67/404 1734/438/404
f 407/243/258 370/287/215 224/582/374
f 1127/304/277 1126/710/7 1140/437/515
f 1350/209/406 1351/134/523 1563/584/83
f 1402/575/299 1401/349/316 1430/576/516
f 1723/63/58 1721/391/58 1722/64/58
f 1997/67/59 1996/178/59 1994/89/59
f 1994/89/59 1992/299/59 1990/66/59
f 1990/66/59 1989/423/59 1987/172/59
f 1987/172/59 1988/68/59 1991/176/59
f 1991/176/59 1993/351/59 1995/366/59
f 1995/366/59 1997/67/59 1994/89/59
f 1994/89/59 1990/66/59 1987/172/59
f 1987/172/59 1991/176/59 1995/366/59
f 418/587/54 414/131/377 417/536/190
f 1700/97/93 1698/166/93 1699/108/93
f 826/306/518 829/308/518 827/307/518
f 485/460/417 456/28/28 453/30/28
f 654/574/519 652/573/519 653/299/519
f 432/589/171 430/723/171 431/590/171
f 724/574/519 722/573/519 723/299/519
f 618/439/491 616/438/491 617/67/491
f 104/831/690 119/832/393 1024/809/348
f 104/831/690 1024/809/348 1025/833/348
f 1021/834/348 231/381/621 71/835/90
f 1020/836/348 1021/834/348 71/835/90
f 105/837/691 104/831/690 1025/833/348
f 105/837/691 1025/833/348 1026/838/348
f 1020/836/348 71/835/90 102/839/92
f 1019/840/348 1020/836/348 102/839/92
f 256/841/576 105/837/691 1026/838/348
f 256/841/576 1026/838/348 1018/842/348
f 1019/840/348 102/839/92 488/843/638
f 1009/844/348 1019/840/348 488/843/638
f 504/845/414 256/841/576 1018/842/348
f 504/845/414 1018/842/348 1017/846/348
f 1009/844/348 488/843/638 505/847/574
f 1010/848/348 1009/844/348 505/847/574
f 98/849/23 504/845/414 1017/846/348
f 98/849/23 1017/846/348 1016/850/348
f 1010/848/348 505/847/574 982/851/87
f 1011/852/348 1010/848/348 982/851/87
f 100/853/546 98/849/23 1016/850/348
f 100/853/546 1016/850/348 1015/854/348
f 1011/852/348 982/851/87 472/855/86
f 1012/856/348 1011/852/348 472/855/86
f 110/785/20 100/853/546 1015/854/348
f 110/785/20 1015/854/348 1014/857/348
f 1012/856/348 472/855/86 94/593/10
f 110/785/20 1014/857/348 1013/592/348
f 1013/592/348 1012/856/348 94/593/10
f 96/594/269 110/785/20 1013/592/348
f 512/595/445 511/858/445 1008/596/121
f 1148/499/195 1210/512/522 1158/511/477
f 36/369/453 30/3/3 31/2/2
f 1218/599/520 1216/630/433 1217/74/65
f 462/600/234 464/738/42 463/601/44
f 1903/532/285 1901/314/285 1902/65/285
f 1148/499/195 1154/241/212 1152/500/521
f 1674/306/279 1672/95/279 1673/307/279
f 1351/134/523 1350/209/406 1235/432/524
f 446/859/342 445/791/596 460/860/88
f 460/860/88 461/861/693 464/862/42
f 464/862/42 462/863/234 502/603/233
f 502/603/233 497/864/365 496/865/84
f 496/865/84 503/788/83 501/866/643
f 501/866/643 498/867/654 1027/868/383
f 481/827/385 1028/826/59 1029/869/59
f 481/827/385 1029/869/59 1041/870/59
f 1033/871/59 1032/829/59 457/789/655
f 1034/872/59 1033/871/59 457/789/655
f 1027/868/383 481/827/385 1041/870/59
f 1027/868/383 1041/870/59 1042/873/59
f 1034/872/59 457/789/655 446/859/342
f 1035/790/59 1034/872/59 446/859/342
f 1027/868/383 1042/873/59 1043/874/59
f 501/866/643 1027/868/383 1043/874/59
f 1035/790/59 446/859/342 460/860/88
f 1036/875/59 1035/790/59 460/860/88
f 501/866/643 1043/874/59 1044/876/59
f 501/866/643 1044/876/59 1045/877/59
f 1037/878/59 1036/875/59 460/860/88
f 1038/879/59 1037/878/59 460/860/88
f 496/865/84 501/866/643 1045/877/59
f 496/865/84 1045/877/59 1046/787/59
f 1038/879/59 460/860/88 464/862/42
f 1039/880/59 1038/879/59 464/862/42
f 496/865/84 1046/787/59 1047/786/59
f 496/865/84 1047/786/59 1048/881/59
f 1040/882/59 1039/880/59 464/862/42
f 1051/605/59 1040/882/59 464/862/42
f 502/603/233 496/865/84 1048/881/59
f 502/603/233 1048/881/59 1049/883/59
f 1051/605/59 464/862/42 502/603/233
f 502/603/233 1049/883/59 1050/604/59
f 1907/290/473 1905/165/473 1906/159/473
f 876/89/59 878/178/59 879/67/59
f 879/67/59 877/366/59 875/351/59
f 875/351/59 873/176/59 870/68/59
f 870/68/59 871/172/59 869/423/59
f 869/423/59 872/66/59 874/299/59
f 874/299/59 876/89/59 879/67/59
f 879/67/59 875/351/59 870/68/59
f 870/68/59 869/423/59 874/299/59
f 1354/606/525 1352/408/372 1353/407/372
f 1938/178/404 1936/67/404 1937/438/404
f 914/65/59 912/306/59 916/95/59
f 916/95/59 918/97/59 920/166/59
f 920/166/59 922/162/59 924/161/59
f 924/161/59 925/168/59 923/167/59
f 923/167/59 921/165/59 919/159/59
f 919/159/59 917/158/59 915/197/59
f 915/197/59 913/64/59 914/65/59
f 914/65/59 916/95/59 920/166/59
f 920/166/59 924/161/59 923/167/59
f 923/167/59 919/159/59 915/197/59
f 915/197/59 914/65/59 920/166/59
f 465/486/389 494/488/171 495/487/171
f 1405/326/297 1335/638/155 1334/357/322
f 493/609/122 492/737/122 489/443/159
f 2057/174/202 2055/173/202 2056/68/202
f 244/610/526 242/658/440 243/479/440
f 1074/177/347 1072/176/347 1073/351/347
f 1455/277/253 1428/344/700 1411/612/308
f 1411/612/308 1410/718/609 1416/613/468
f 1113/614/59 1115/759/59 1117/571/59
f 1117/571/59 1118/137/59 1116/136/59
f 1116/136/59 1114/884/59 1112/885/59
f 1112/885/59 1110/886/59 1108/887/59
f 1108/887/59 1106/793/59 1104/888/59
f 1104/888/59 1102/889/59 1100/890/59
f 1100/890/59 1098/891/59 1096/892/59
f 1096/892/59 1094/893/59 1092/524/59
f 1092/524/59 1090/522/59 1088/556/59
f 1088/556/59 1089/765/59 1087/445/59
f 1087/445/59 1091/894/59 1093/150/59
f 1093/150/59 1095/447/59 1097/201/59
f 1097/201/59 1099/114/59 1101/113/59
f 1101/113/59 1103/668/59 1105/611/59
f 1105/611/59 1107/479/59 1109/478/59
f 1109/478/59 1111/895/59 1113/614/59
f 1113/614/59 1117/571/59 1116/136/59
f 1116/136/59 1112/885/59 1108/887/59
f 1108/887/59 1104/888/59 1100/890/59
f 1100/890/59 1096/892/59 1092/524/59
f 1092/524/59 1088/556/59 1087/445/59
f 1087/445/59 1093/150/59 1097/201/59
f 1097/201/59 1101/113/59 1105/611/59
f 1105/611/59 1109/478/59 1113/614/59
f 1113/614/59 1116/136/59 1108/887/59
f 1108/887/59 1100/890/59 1092/524/59
f 1092/524/59 1087/445/59 1097/201/59
f 1097/201/59 1105/611/59 1113/614/59
f 1113/614/59 1108/887/59 1092/524/59
f 311/576/509 322/586/304 325/426/388
f 292/266/318 309/740/109 308/25/25
f 308/25/25 295/342/27 293/343/527
f 293/343/527 294/698/333 292/266/318
f 308/378/25 314/124/108 334/379/460
f 301/616/353 351/622/618 343/385/309
f 6/262/242 50/329/466 7/240/529
f 1433/618/205 1414/232/204 1480/414/381
f 1370/155/134 1528/783/337 1521/242/217
f 384/620/457 267/626/610 251/621/214
f 17/18/533 91/16/555 18/389/534
f 1141/1/305 1150/3/336 1149/2/196
f 1425/363/257 1419/616/583 1469/622/536
f 1146/52/250 1158/142/477 1133/51/17
f 1237/431/538 1235/432/524 1586/164/141
f 478/555/160 476/442/160 477/455/540
f 1066/284/541 1064/283/541 1065/366/541
f 111/497/21 110/728/20 96/625/269
f 353/347/209 282/808/208 26/117/542
f 1504/620/543 1528/370/337 1370/621/134
f 312/216/544 324/217/240 303/5/5
f 1409/627/454 1130/692/601 1129/628/545
f 100/599/546 99/73/19 97/74/24
f 1447/182/470 1422/520/469 1467/32/31
f 47/15/225 77/13/172 78/228/548
f 1633/139/122 1617/189/159 1618/191/159
f 338/341/528 302/656/26 300/632/163
f 349/32/151 358/111/153 346/110/550
f 1395/335/181 1194/337/70 1440/336/479
f 3/83/34 2/85/39 16/84/41
f 1236/489/350 1234/208/270 1235/432/524
f 1203/89/77 1201/178/77 1202/90/77
f 43/397/554 18/399/534 91/398/555
f 1614/400/224 1545/288/223 1546/72/63
f 337/277/310 331/279/594 297/278/262
f 1585/43/426 1578/104/139 1577/103/556
f 1981/144/199 1979/79/199 1980/56/199
f 349/32/151 348/33/352 304/355/320
f 444/22/22 97/24/24 427/207/260
f 1290/67/256 1288/366/256 1289/283/256
f 1256/299/370 1254/89/370 1255/300/370
f 455/29/29 454/717/29 465/486/389
f 535/91/148 533/90/148 534/178/148
f 1914/299/59 1912/66/59 1911/423/59
f 1911/423/59 1909/172/59 1910/68/59
f 1910/68/59 1913/176/59 1915/351/59
f 1915/351/59 1917/366/59 1919/67/59
f 1919/67/59 1918/178/59 1916/89/59
f 1916/89/59 1914/299/59 1911/423/59
f 1911/423/59 1910/68/59 1915/351/59
f 1915/351/59 1919/67/59 1916/89/59
f 99/19/19 111/21/21 448/118/82
f 509/270/442 507/165/442 508/167/442
f 536/554/496 539/640/496 537/197/496
f 861/144/199 864/143/199 862/56/199
f 2046/178/404 2044/67/404 2045/438/404
f 1248/66/512 1246/299/512 1247/573/512
f 287/326/558 286/356/606 218/357/559
f 131/574/519 129/573/519 130/299/519
f 1151/639/562 1153/239/210 1401/349/316
f 1318/144/199 1316/79/199 1317/56/199
f 1278/157/463 1276/159/463 1277/158/463
f 1381/187/158 1379/498/158 1380/547/446
f 115/109/418 113/108/418 114/166/418
f 1515/554/565 1513/158/565 1514/197/565
f 5/641/530 52/659/659 219/642/273
f 1086/482/59 1084/484/59 1082/480/59
f 1082/480/59 1083/483/59 1081/481/59
f 1081/481/59 1085/485/59 1086/482/59
f 95/12/12 469/11/11 474/171/567
f 117/432/395 468/164/394 459/104/89
f 661/212/182 659/561/182 660/162/182
f 315/338/569 56/340/623 25/339/1
f 1448/413/391 1529/731/379 1156/305/278
f 579/289/261 577/159/261 578/165/261
f 1604/459/160 1602/461/540 1603/460/540
f 272/646/571 224/664/374 225/647/375
f 1432/124/346 1431/126/603 1427/125/572
f 554/306/518 557/308/518 555/307/518
f 1222/649/539 1586/164/141 1223/163/140
f 505/651/574 488/671/638 471/652/128
f 442/654/171 109/427/149 106/179/149
f 1456/341/306 1419/633/583 1420/632/235
f 500/191/407 487/190/408 484/459/408
f 103/163/575 105/760/691 256/657/576
f 1361/611/577 1359/479/578 1360/658/578
f 1368/150/579 1367/152/579 1365/151/423
f 1460/533/302 1458/31/30 1466/33/32
f 1252/532/285 1250/314/285 1251/65/285
f 1390/543/489 1344/582/133 1517/409/373
f 48/61/173 47/76/225 40/60/227
f 123/436/580 121/68/580 122/176/580
f 1418/26/424 1444/773/692 1426/25/344
f 1125/641/581 1124/643/593 1337/642/339
f 1417/660/315 1429/748/186 1430/576/516
f 16/271/41 28/273/51 29/272/582
f 1500/263/324 1134/361/325 1209/661/16
f 1388/662/327 1386/565/438 1387/475/438
f 325/46/388 276/335/239 288/45/340
f 1419/616/583 1456/386/306 1461/385/291
f 1390/646/489 1342/648/354 1343/647/283
f 1400/238/584 1462/110/94 1468/237/103
f 383/263/244 8/8/295 91/661/555
f 1601/457/476 1357/458/694 1356/145/48
f 1530/666/368 1494/689/697 1495/94/355
f 1495/94/355 1342/648/354 1390/646/489
f 1390/646/489 1397/215/185 1530/666/368
f 290/221/192 11/762/194 289/667/586
f 1392/668/587 1361/611/577 1362/669/577
f 1606/671/588 1588/146/666 1220/147/397
f 1619/673/590 1616/746/169 1592/171/61
f 46/203/174 56/340/623 315/338/569
f 402/253/228 405/395/641 406/675/517
f 1197/13/13 1449/684/201 1415/674/203
f 482/677/384 984/896/611 983/678/85
f 317/680/164 319/256/676 321/681/458
f 1168/82/72 1193/81/71 1404/356/321
f 15/17/40 14/736/585 91/16/555
f 1194/80/70 1168/82/72 1124/262/593
f 77/13/172 46/203/174 297/674/262
f 1338/685/472 1354/794/525 1355/686/525
f 377/94/80 285/183/620 218/688/559
f 218/688/559 408/123/272 376/689/595
f 889/574/519 887/573/519 888/299/519
f 445/440/596 233/209/180 459/104/89
f 281/213/597 279/215/688 280/214/598
f 409/370/532 410/371/698 385/220/191
f 1430/576/516 1409/425/454 1443/426/46
f 1429/216/186 1442/217/188 1407/221/600
f 295/342/27 302/656/26 338/341/528
f 1585/43/426 1580/44/634 1374/476/602
f 1331/422/386 1329/771/386 1330/172/386
f 1441/234/246 1427/897/572 1431/235/603
f 252/388/79 267/714/610 413/694/604
f 1837/127/111 1835/129/111 1836/128/111
f 343/385/309 310/811/311 293/384/527
f 350/119/207 344/377/439 345/198/168
f 286/356/606 76/81/238 49/82/243
f 1169/393/334 1501/502/335 1503/303/276
f 1503/303/276 1504/504/543 1502/394/359
f 1349/696/349 1187/709/396 1188/192/398
f 415/697/608 21/430/640 330/413/378
f 1412/353/245 1423/355/247 1422/354/469
f 39/527/125 41/529/429 40/528/227
f 333/115/241 332/205/313 352/204/330
f 599/299/271 602/405/271 600/300/271
f 267/312/610 252/93/79 225/313/375
f 1507/161/171 1505/168/171 1506/315/171
f 984/71/611 474/70/567 469/578/11
f 2098/508/612 2096/563/612 2097/433/613
f 1531/701/358 1502/503/359 1504/504/543
f 408/123/272 218/357/559 286/356/606
f 44/37/421 45/39/274 42/38/614
f 26/117/542 282/238/208 346/110/550
f 346/110/550 358/111/153 362/414/630
f 26/117/542 346/110/550 362/414/630
f 37/803/4 23/116/6 26/117/542
f 33/639/615 35/239/667 37/803/4
f 5/898/530 7/240/529 33/639/615
f 42/761/614 52/659/659 5/898/530
f 20/437/403 22/704/402 42/761/614
f 10/710/294 20/437/403 42/761/614
f 26/117/542 362/414/630 24/899/570
f 26/117/542 24/899/570 25/804/1
f 43/9/554 10/710/294 42/761/614
f 43/9/554 42/761/614 5/898/530
f 37/803/4 26/117/542 25/804/1
f 37/803/4 25/804/1 30/805/3
f 18/399/534 43/9/554 5/898/530
f 19/390/535 18/399/534 5/898/530
f 37/803/4 30/805/3 36/241/453
f 37/803/4 36/241/453 34/500/452
f 19/390/535 5/898/530 33/639/615
f 33/639/615 37/803/4 34/500/452
f 1166/203/591 1415/674/203 1433/338/205
f 335/705/616 355/365/331 356/706/617
f 12/692/619 312/216/544 311/708/509
f 285/183/620 216/185/605 217/184/560
f 231/696/621 69/133/115 70/192/162
f 9/304/296 38/583/645 20/437/403
f 78/228/548 77/230/172 331/229/594
f 312/216/544 12/692/619 290/221/192
f 48/14/173 31/2/2 56/246/623
f 7/240/529 50/329/466 283/328/467
f 1333/374/624 1121/376/703 1122/375/625
f 352/204/330 332/205/313 347/712/312
f 1369/388/284 1336/387/156 1531/694/358
f 607/306/518 610/308/518 608/307/518
f 717/127/111 720/695/111 718/128/111
f 1442/217/188 1451/346/176 1465/345/626
f 90/439/491 88/438/491 89/67/491
f 336/715/627 363/807/266 339/716/484
f 1573/30/177 1571/29/150 1572/717/150
f 1123/240/211 1167/329/300 1124/262/593
f 294/718/333 293/612/527 310/344/311
f 310/344/311 337/277/310 296/613/264
f 344/320/439 307/248/701 328/249/500
f 328/249/500 327/559/255 339/535/484
f 341/319/364 344/320/439 328/249/500
f 1520/253/628 1519/676/686 1523/675/629
f 362/414/630 298/232/263 315/719/569
f 1486/196/166 1484/302/166 1485/197/166
f 354/358/351 360/360/704 316/359/631
f 1453/705/537 1469/707/536 1475/706/632
f 272/646/571 226/92/78 377/94/80
f 377/94/80 376/689/595 412/403/633
f 412/403/633 279/215/688 272/646/571
f 1580/601/634 1561/602/197 1562/452/178
f 51/368/635 382/331/301 383/330/244
f 1621/721/636 1619/729/590 1591/453/416
f 101/147/91 471/146/128 488/671/638
f 416/122/422 420/404/646 412/403/633
f 1549/591/171 1547/590/171 1548/723/171
f 1471/204/175 1473/713/480 1465/712/626
f 1563/373/83 1351/134/523 1575/78/68
f 291/627/387 364/629/702 13/628/193
f 958/725/639 961/765/664 959/556/498
f 21/259/640 416/122/422 44/37/421
f 1337/642/339 1124/643/593 1168/82/72
f 405/395/641 421/59/55 418/58/54
f 1228/497/102 1213/496/415 1214/625/366
f 940/172/145 938/68/145 939/173/145
f 503/721/83 447/722/652 473/453/568
f 1539/59/362 1536/58/361 1537/130/112
f 1533/697/114 1139/430/236 1534/122/106
f 1538/730/369 1396/214/184 1537/130/112
f 330/413/378 20/437/403 38/305/645
f 219/642/273 375/683/607 49/82/243
f 377/94/80 252/388/79 216/387/605
f 982/102/87 505/900/574 491/733/436
f 420/730/646 415/132/608 419/130/647
f 1336/813/156 1335/812/155 1405/326/297
f 1405/326/297 1394/372/298 1406/45/45
f 1406/45/45 1482/901/47 1483/735/455
f 1483/735/455 1129/396/545 1131/818/661
f 1131/818/661 1408/817/660 1475/706/632
f 1475/706/632 1469/707/536 1461/820/291
f 1475/706/632 1461/820/291 1474/819/292
f 1531/814/358 1336/813/156 1405/326/297
f 1333/815/624 1531/814/358 1405/326/297
f 1475/706/632 1474/819/292 1479/711/293
f 1131/818/661 1475/706/632 1479/711/293
f 1121/36/703 1333/815/624 1405/326/297
f 1119/35/73 1121/36/703 1405/326/297
f 1131/818/661 1479/711/293 1196/228/200
f 1131/818/661 1196/228/200 1195/798/695
f 1119/35/73 1405/326/297 1406/45/45
f 1147/634/696 1119/35/73 1406/45/45
f 1483/735/455 1131/818/661 1195/798/695
f 1483/735/455 1195/798/695 1186/75/66
f 1145/272/249 1147/634/696 1406/45/45
f 1483/735/455 1186/75/66 1145/272/249
f 76/81/238 286/356/606 287/326/558
f 413/701/604 267/702/610 384/504/457
f 1120/40/75 1132/41/74 1133/17/17
f 907/436/580 905/68/580 906/176/580
f 885/482/59 883/484/59 881/480/59
f 881/480/59 882/483/59 880/481/59
f 880/481/59 884/485/59 885/482/59
f 1608/441/407 1607/443/407 1610/737/449
f 1581/600/648 1561/602/197 1580/601/634
f 1537/130/112 1396/214/184 1398/691/649
f 413/392/604 386/394/456 51/393/635
f 357/323/650 361/324/622 331/279/594
f 419/130/647 422/57/53 278/691/599
f 292/266/318 304/268/320 323/267/206
f 271/663/119 269/475/504 270/565/504
f 1609/733/486 1623/900/665 2101/102/651
f 306/363/329 335/623/616 351/622/618
f 690/65/58 688/64/58 689/391/58
f 207/483/59 205/481/59 209/485/59
f 209/485/59 210/482/59 208/484/59
f 208/484/59 206/480/59 207/483/59
f 629/172/145 627/68/145 628/173/145
f 143/350/332 146/352/332 144/351/332
f 95/297/12 473/453/568 447/722/652
f 1557/741/653 1555/754/653 1556/742/653
f 1569/579/513 1567/581/513 1568/580/513
f 116/428/443 118/208/179 69/133/115
f 501/673/643 473/644/568 474/171/567
f 457/77/655 238/799/493 273/50/161
f 240/48/127 273/50/161 238/49/493
f 686/66/129 684/423/129 685/148/129
f 153/172/145 151/68/145 152/173/145
f 550/162/59 552/161/59 553/168/59
f 553/168/59 551/167/59 549/165/59
f 549/165/59 547/159/59 545/158/59
f 545/158/59 543/197/59 541/64/59
f 541/64/59 542/65/59 540/306/59
f 540/306/59 544/95/59 546/97/59
f 546/97/59 548/166/59 550/162/59
f 550/162/59 553/168/59 549/165/59
f 549/165/59 545/158/59 541/64/59
f 541/64/59 540/306/59 546/97/59
f 546/97/59 550/162/59 549/165/59
f 1559/655/171 1226/179/389 1227/427/389
f 299/660/432 284/349/431 311/576/509
f 1374/450/602 1562/452/178 1622/451/434
f 911/284/541 909/283/541 910/366/541
f 1215/19/64 1228/21/102 1229/20/642
f 1152/500/521 1135/390/357 1137/751/18
f 355/713/331 347/712/312 289/752/586
f 437/741/657 440/743/657 438/742/657
f 793/172/59 791/423/59 794/66/59
f 794/66/59 796/299/59 798/89/59
f 798/89/59 800/178/59 801/67/59
f 801/67/59 799/366/59 797/351/59
f 797/351/59 795/176/59 792/68/59
f 792/68/59 793/172/59 794/66/59
f 794/66/59 798/89/59 801/67/59
f 801/67/59 797/351/59 792/68/59
f 1270/174/202 1268/173/202 1269/68/202
f 1536/587/361 1523/588/629 1535/536/380
f 1628/755/444 2125/902/502 2126/756/502
f 1572/717/150 1571/29/150 1583/608/149
f 1407/221/600 1131/223/661 1129/222/545
f 665/306/483 663/65/483 664/314/483
f 964/553/495 967/770/495 965/758/658
f 1220/147/397 1588/146/666 1589/665/474
f 691/306/518 694/308/518 692/307/518
f 1223/163/140 1374/476/602 1373/657/656
f 782/64/275 780/197/275 781/302/275
f 1685/127/111 1683/129/111 1684/128/111
f 169/160/138 167/537/138 168/161/138
f 428/251/259 448/118/82 496/250/84
f 2050/422/386 2048/771/386 2049/172/386
f 1587/11/144 1590/797/511 1212/10/367
f 1391/50/50 1575/78/68 1189/133/390
f 45/39/274 219/301/273 52/469/659
f 1533/697/114 1532/412/113 1448/413/391
f 1407/221/600 1465/345/626 1408/667/660
f 1565/98/101 1615/100/222 1621/99/636
f 1130/692/601 1409/627/454 1430/708/516
f 1224/181/29 1597/206/28 1598/454/28
f 2105/269/662 2103/167/662 2104/165/662
f 298/232/263 362/414/630 358/111/153
f 1133/51/17 1158/142/477 1210/141/522
f 1626/269/662 1624/167/662 1625/165/662
f 1630/568/445 1631/567/445 1632/764/121
f 958/444/639 977/446/663 976/445/663
f 1623/651/665 1609/653/486 1588/652/666
f 1588/652/666 1609/653/486 1599/569/487
f 1473/713/480 1475/753/632 1408/752/660
f 1460/533/302 1459/535/280 1457/534/289
f 1664/97/59 1662/95/59 1660/306/59
f 1660/306/59 1658/65/59 1659/64/59
f 1659/64/59 1661/197/59 1663/158/59
f 1663/158/59 1665/159/59 1667/165/59
f 1667/165/59 1669/167/59 1671/168/59
f 1671/168/59 1670/161/59 1668/162/59
f 1668/162/59 1666/166/59 1664/97/59
f 1664/97/59 1660/306/59 1659/64/59
f 1659/64/59 1663/158/59 1667/165/59
f 1667/165/59 1671/168/59 1668/162/59
f 1668/162/59 1664/97/59 1659/64/59
f 669/109/418 667/108/418 668/166/418
f 966/759/658 965/782/658 975/766/506
f 1829/196/166 1827/302/166 1828/197/166
f 698/170/448 696/169/448 697/167/448
f 1228/497/102 1565/98/101 1566/763/637
f 33/639/615 283/575/467 284/349/431
f 1240/435/401 1238/176/401 1239/68/401
f 1696/290/473 1694/165/473 1695/159/473
f 1888/166/501 1886/162/501 1887/561/501
f 1008/767/121 492/737/122 493/609/122
f 1719/299/370 1717/89/370 1718/300/370
f 1799/485/59 1797/481/59 1795/483/59
f 1795/483/59 1796/480/59 1798/484/59
f 1798/484/59 1800/482/59 1799/485/59
f 1742/162/485 1740/161/485 1741/537/485
f 359/316/267 360/318/704 354/317/351
f 40/528/227 68/546/226 29/545/582
f 2084/553/669 2082/759/670 2083/758/670
f 1750/89/77 1748/178/77 1749/90/77
f 1822/95/437 1820/97/437 1821/96/437
f 933/423/671 931/172/671 932/771/671
f 2024/435/401 2022/176/401 2023/68/401
f 1715/149/672 1713/148/672 1714/423/672
f 977/462/663 249/464/131 248/463/131
f 1807/63/58 1805/391/58 1806/64/58
f 2028/67/256 2026/366/256 2027/283/256
f 395/554/496 398/640/496 396/197/496
f 1833/166/501 1831/162/501 1832/561/501
f 1841/66/508 1839/299/508 1840/573/508
f 1845/157/463 1843/159/463 1844/158/463
f 1602/461/540 1573/30/177 1574/28/177
f 1350/209/406 1578/104/139 1586/164/141
f 1892/422/386 1890/771/386 1891/172/386
f 391/95/81 394/474/81 392/96/81
f 1876/554/565 1874/158/565 1875/197/565
f 1880/157/463 1878/159/463 1879/158/463
f 214/423/671 212/172/671 213/771/671
f 614/423/671 612/172/671 613/771/671
f 1359/479/578 1363/478/675 1364/772/675
f 415/697/608 420/404/646 416/122/422
f 1857/554/565 1855/158/565 1856/197/565
f 1764/144/199 1762/79/199 1763/56/199
f 809/170/448 807/169/448 808/167/448
f 1958/161/171 1956/168/171 1957/315/171
f 1446/559/251 1445/560/221 1424/248/104
f 1424/248/104 1464/320/290 1457/534/289
f 1457/534/289 1459/535/280 1446/559/251
f 319/465/676 300/466/163 302/26/26
f 1922/95/437 1920/97/437 1921/96/437
f 275/670/677 244/669/526 241/611/526
f 1974/269/248 1972/167/248 1973/165/248
f 2002/485/59 2000/481/59 1998/483/59
f 1998/483/59 1999/480/59 2001/484/59
f 2001/484/59 2003/482/59 2002/485/59
f 771/212/182 769/561/182 770/162/182
f 1970/162/485 1968/161/485 1969/537/485
f 971/774/97 275/779/677 274/668/677
f 2093/570/678 2092/571/705 2090/137/326
f 173/284/541 171/283/541 172/366/541
f 2086/551/679 2084/553/669 2085/552/669
f 233/209/180 445/585/596 446/584/342
f 475/456/540 477/455/540 480/206/177
f 2036/97/59 2034/95/59 2032/306/59
f 2032/306/59 2030/65/59 2031/64/59
f 2031/64/59 2033/197/59 2035/158/59
f 2035/158/59 2037/159/59 2039/165/59
f 2039/165/59 2041/167/59 2043/168/59
f 2043/168/59 2042/161/59 2040/162/59
f 2040/162/59 2038/166/59 2036/97/59
f 2036/97/59 2032/306/59 2031/64/59
f 2031/64/59 2035/158/59 2039/165/59
f 2039/165/59 2043/168/59 2040/162/59
f 2040/162/59 2036/97/59 2031/64/59
f 2010/299/370 2008/89/370 2009/300/370
f 247/777/130 254/781/680 253/447/680
f 2017/127/111 2015/129/111 2016/128/111
f 354/295/351 348/33/352 340/31/167
f 2074/89/77 2072/178/77 2073/90/77
f 1966/435/401 1964/176/401 1965/68/401
f 2088/113/682 1392/668/587 1393/779/587
f 2070/175/147 2068/351/147 2069/176/147
f 2078/725/409 2076/726/685 2077/556/683
f 767/306/483 765/65/483 766/314/483
f 254/449/680 230/448/170 227/201/170
f 1345/114/490 2088/113/682 2089/780/682
f 1367/777/579 1368/778/579 1371/447/411
f 70/192/162 69/133/115 458/78/117
f 2076/558/685 1340/557/471 1341/522/471
f 490/441/159 489/443/159 476/442/160
f 34/500/452 92/141/124 17/751/533
f 2187/350/317 2185/366/317 2186/351/317
f 865/350/332 868/352/332 866/351/332
f 1803/149/672 1801/148/672 1802/423/672
f 2082/759/670 2092/571/705 2093/766/678
f 498/199/654 474/70/567 984/71/611
f 1522/245/218 1521/242/217 1528/783/337
f 1528/783/337 1527/800/338 1519/676/686
f 1519/676/686 1520/253/628 1522/245/218
f 572/436/580 570/68/580 571/176/580
f 2099/434/613 2097/433/613 2080/564/371
f 255/450/413 444/452/22 443/602/232
f 1495/94/355 1494/689/697 1526/123/107
f 1526/123/107 1334/688/322 1403/732/154
f 1656/554/565 1654/158/565 1655/197/565
f 775/423/671 773/172/671 774/771/671
f 2115/95/59 2113/306/59 2111/65/59
f 2111/65/59 2112/64/59 2114/197/59
f 2114/197/59 2116/158/59 2118/159/59
f 2118/159/59 2120/165/59 2122/167/59
f 2122/167/59 2124/168/59 2123/161/59
f 2123/161/59 2121/162/59 2119/166/59
f 2119/166/59 2117/97/59 2115/95/59
f 2115/95/59 2111/65/59 2114/197/59
f 2114/197/59 2118/159/59 2122/167/59
f 2122/167/59 2123/161/59 2119/166/59
f 2119/166/59 2115/95/59 2114/197/59
f 1378/510/464 1376/509/464 2096/563/612
f 849/436/580 847/68/580 848/176/580
f 1985/350/317 1983/366/317 1984/351/317
f 2109/290/473 2107/165/473 2108/159/473
f 135/306/483 133/65/483 134/314/483
f 382/502/301 385/303/191 411/731/376
f 38/583/645 9/304/296 382/502/301
f 400/541/687 272/543/571 279/542/688
f 2125/768/502 1611/609/449 1610/737/449
f 419/130/647 415/132/608 414/131/377
f 2142/809/348 1236/382/350 1237/832/538
f 1187/835/396 1349/381/349 2140/810/348
f 1187/835/396 2140/810/348 2139/834/348
f 2142/809/348 1237/832/538 1222/831/539
f 2143/833/348 2142/809/348 1222/831/539
f 1219/839/589 1187/835/396 2139/834/348
f 1219/839/589 2139/834/348 2138/836/348
f 2143/833/348 1222/831/539 1221/837/573
f 2144/838/348 2143/833/348 1221/837/573
f 1606/843/588 1219/839/589 2138/836/348
f 1606/843/588 2138/836/348 2137/840/348
f 2144/838/348 1221/837/573 1373/841/656
f 2136/842/348 2144/838/348 1373/841/656
f 1623/847/665 1606/843/588 2137/840/348
f 1623/847/665 2137/840/348 2127/844/348
f 2136/842/348 1373/841/656 1622/845/434
f 2135/846/348 2136/842/348 1622/845/434
f 2101/851/651 1623/847/665 2127/844/348
f 2101/851/651 2127/844/348 2128/848/348
f 2135/846/348 1622/845/434 1216/849/433
f 2134/850/348 2135/846/348 1216/849/433
f 1590/855/511 2101/851/651 2128/848/348
f 1590/855/511 2128/848/348 2129/852/348
f 2134/850/348 1216/849/433 1218/853/520
f 2133/854/348 2134/850/348 1218/853/520
f 1212/593/367 1590/855/511 2129/852/348
f 1212/593/367 2129/852/348 2130/856/348
f 2133/854/348 1218/853/520 1229/785/642
f 2132/857/348 2133/854/348 1229/785/642
f 1214/594/366 1212/593/367 2130/856/348
f 2131/592/348 2132/857/348 1229/785/642
f 1214/594/366 2130/856/348 2131/592/348
f 234/606/689 237/607/689 235/407/503
f 374/170/448 372/169/448 373/167/448
f 280/214/598 279/215/688 412/403/633
f 1060/366/59 1058/351/59 1056/176/59
f 1056/176/59 1053/68/59 1054/172/59
f 1054/172/59 1052/423/59 1055/66/59
f 1055/66/59 1057/299/59 1059/89/59
f 1059/89/59 1061/178/59 1062/67/59
f 1062/67/59 1060/366/59 1056/176/59
f 1056/176/59 1054/172/59 1055/66/59
f 1055/66/59 1059/89/59 1062/67/59
f 103/163/575 468/164/394 104/649/690
f 2149/830/59 2150/829/59 1576/789/67
f 1576/789/67 1358/550/49 1357/828/694
f 1357/828/694 1601/549/476 1600/827/475
f 1600/827/475 2145/868/510 1616/867/169
f 1616/867/169 1619/866/590 1621/788/636
f 1621/788/636 1615/865/222 1614/864/224
f 1614/864/224 1620/603/198 1581/863/648
f 1581/863/648 1582/862/425 1579/861/427
f 1579/861/427 1577/860/556 1564/791/405
f 1564/791/405 2154/875/59 2155/878/59
f 1579/861/427 1564/791/405 2155/878/59
f 2149/830/59 1576/789/67 1357/828/694
f 2148/548/59 2149/830/59 1357/828/694
f 1579/861/427 2155/878/59 2156/879/59
f 1579/861/427 2156/879/59 2157/880/59
f 2146/826/59 2148/548/59 1357/828/694
f 2146/826/59 1357/828/694 1600/827/475
f 1581/863/648 1579/861/427 2157/880/59
f 1581/863/648 2157/880/59 2158/882/59
f 2147/869/59 2146/826/59 1600/827/475
f 2159/870/59 2147/869/59 1600/827/475
f 1581/863/648 2158/882/59 2169/605/59
f 1581/863/648 2169/605/59 2168/604/59
f 2159/870/59 1600/827/475 1616/867/169
f 2160/873/59 2159/870/59 1616/867/169
f 1614/864/224 1581/863/648 2168/604/59
f 1614/864/224 2168/604/59 2167/883/59
f 2161/874/59 2160/873/59 1616/867/169
f 2162/876/59 2161/874/59 1616/867/169
f 1614/864/224 2167/883/59 2166/881/59
f 1614/864/224 2166/881/59 2165/786/59
f 2162/876/59 1616/867/169 1621/788/636
f 2163/877/59 2162/876/59 1621/788/636
f 1621/788/636 1614/864/224 2165/786/59
f 2164/787/59 2163/877/59 1621/788/636
f 265/186/505 266/188/505 261/187/451
f 1004/167/59 1002/165/59 1000/159/59
f 1000/159/59 998/158/59 996/197/59
f 996/197/59 994/64/59 995/65/59
f 995/65/59 993/306/59 997/95/59
f 997/95/59 999/97/59 1001/166/59
f 1001/166/59 1003/162/59 1005/161/59
f 1005/161/59 1006/168/59 1004/167/59
f 1004/167/59 1000/159/59 996/197/59
f 996/197/59 995/65/59 997/95/59
f 997/95/59 1001/166/59 1005/161/59
f 1005/161/59 1004/167/59 996/197/59
f 2204/482/59 2203/485/59 2201/481/59
f 2201/481/59 2199/483/59 2200/480/59
f 2200/480/59 2202/484/59 2204/482/59
f 333/115/241 26/117/542 23/116/6
f 1564/791/405 1563/859/83 1576/789/67
f 1576/789/67 2150/829/59 2151/871/59
f 1576/789/67 2151/871/59 2152/872/59
f 2153/790/59 2154/875/59 1564/791/405
f 1576/789/67 2152/872/59 2153/790/59
f 1023/380/348 1024/809/348 119/832/393
f 231/381/621 1021/834/348 1022/810/348
f 1023/380/348 119/832/393 116/382/443
f 231/381/621 1022/810/348 1023/380/348
f 260/510/462 258/509/462 259/494/492
f 2179/178/59 2177/89/59 2175/299/59
f 2175/299/59 2173/66/59 2172/423/59
f 2172/423/59 2170/172/59 2171/68/59
f 2171/68/59 2174/176/59 2176/351/59
f 2176/351/59 2178/366/59 2180/67/59
f 2180/67/59 2179/178/59 2175/299/59
f 2175/299/59 2172/423/59 2171/68/59
f 2171/68/59 2176/351/59 2180/67/59
f 1438/505/230 1452/507/345 1444/506/692
f 2217/114/59 2215/201/59 2213/447/59
f 2213/447/59 2211/150/59 2209/894/59
f 2209/894/59 2207/445/59 2205/765/59
f 2205/765/59 2206/556/59 2208/522/59
f 2208/522/59 2210/524/59 2212/893/59
f 2212/893/59 2214/892/59 2216/891/59
f 2216/891/59 2218/890/59 2220/889/59
f 2220/889/59 2222/888/59 2224/793/59
f 2224/793/59 2226/887/59 2228/886/59
f 2228/886/59 2230/885/59 2232/884/59
f 2232/884/59 2234/136/59 2236/137/59
f 2236/137/59 2235/571/59 2233/759/59
f 2233/759/59 2231/614/59 2229/895/59
f 2229/895/59 2227/478/59 2225/479/59
f 2225/479/59 2223/611/59 2221/668/59
f 2221/668/59 2219/113/59 2217/114/59
f 2217/114/59 2213/447/59 2209/894/59
f 2209/894/59 2205/765/59 2208/522/59
f 2208/522/59 2212/893/59 2216/891/59
f 2216/891/59 2220/889/59 2224/793/59
f 2224/793/59 2228/886/59 2232/884/59
f 2232/884/59 2236/137/59 2233/759/59
f 2233/759/59 2229/895/59 2225/479/59
f 2225/479/59 2221/668/59 2217/114/59
f 2217/114/59 2209/894/59 2208/522/59
f 2208/522/59 2216/891/59 2224/793/59
f 2224/793/59 2232/884/59 2233/759/59
f 2233/759/59 2225/479/59 2217/114/59
f 2217/114/59 2208/522/59 2224/793/59
f 2183/67/256 2181/366/256 2182/283/256
f 825/284/541 823/283/541 824/366/541
f 221/687/482 237/686/689 234/794/689
f 821/439/491 819/438/491 820/67/491
f 1122/34/625 1121/36/703 1119/35/73
f 272/543/571 400/541/687 399/409/514
f 1244/127/111 1242/129/111 1243/128/111
f 1363/478/675 2086/551/679 2087/796/679
